coin,entry_date,exit_date,pnl_net,pnl_gross,hold,side,reason,risk0,notional,funding,n_units,entry_fill,exit_fill
BTC,2020-01-09 00:00:00+00:00,2020-01-16 00:00:00+00:00,-0.02611240930466952,-0.026510394304090946,7,-1.0,rebalance,,0.279023380952381,0.0007886177327547622,1,8054.72,8820.01
BTC,2020-01-16 00:00:00+00:00,2020-01-23 00:00:00+00:00,0.009523493749606197,0.007643832171985958,7,-1.0,rebalance,,0.49124654761904774,0.002567406744286905,1,8820.01,8682.77
BTC,2020-01-23 00:00:00+00:00,2020-01-30 00:00:00+00:00,-0.06024727558764346,-0.06473821851014512,7,-1.0,rebalance,,0.9083824523809524,0.005762678355835001,1,8682.77,9301.57
BTC,2020-01-30 00:00:00+00:00,2020-02-27 00:00:00+00:00,0.09932692716181243,0.05542827716181242,28,-1.0,rebalance,,1.0,0.04529865,1,9301.57,8786.0
BTC,2020-02-27 00:00:00+00:00,2020-03-05 00:00:00+00:00,0.006899145539510075,0.0036828049076453127,7,-1.0,rebalance,,0.9242251904761906,0.004510255898531429,1,8786.0,8750.99
BTC,2020-03-05 00:00:00+00:00,2020-03-12 00:00:00+00:00,0.08206065375174669,0.0791312597386124,7,-1.0,rebalance,,0.8481974285714288,0.004116870413134287,1,8750.99,7934.58
BTC,2020-03-12 00:00:00+00:00,2020-03-19 00:00:00+00:00,0.26112045821297386,0.27019619337165385,7,-1.0,rebalance,,0.8436140714285717,-0.007894675458680002,1,7934.58,5393.26
BTC,2020-04-09 00:00:00+00:00,2020-04-16 00:00:00+00:00,0.0023996334879330438,0.0024288884015225675,7,-1.0,rebalance,,0.024190809523809552,4.6122197438095295e-06,1,7360.26,6621.25
BTC,2020-04-16 00:00:00+00:00,2020-04-23 00:00:00+00:00,-0.0026217653767798246,-0.002521806002175539,7,-1.0,rebalance,,0.03313852380952384,-5.356544127095243e-05,1,6621.25,7125.12
BTC,2020-04-30 00:00:00+00:00,2020-05-07 00:00:00+00:00,-0.010221853121042004,-0.01081034320476391,7,-1.0,rebalance,,0.2601268095238096,0.0009526676170552385,1,8778.58,9143.4
BTC,2020-05-07 00:00:00+00:00,2020-05-14 00:00:00+00:00,-0.009506646363724879,-0.011553122963532498,7,-1.0,rebalance,,0.6365460952380954,0.002937641133140953,1,9143.4,9309.35
BTC,2020-05-14 00:00:00+00:00,2020-05-21 00:00:00+00:00,-0.01718197315107562,-0.017411910515158002,7,-1.0,rebalance,,0.8021257380952382,0.0013529133974157146,1,9309.35,9511.43
BTC,2020-05-21 00:00:00+00:00,2020-05-28 00:00:00+00:00,0.009199253633548541,0.009473329578652826,7,-1.0,rebalance,,0.29315757142857146,0.0001363446548957143,1,9511.43,9204.07
BTC,2020-05-28 00:00:00+00:00,2020-06-04 00:00:00+00:00,-0.004008141059902967,-0.004059827475003681,7,-1.0,rebalance,,0.08083707142857144,0.0001648583151007143,1,9204.07,9666.32
BTC,2020-06-04 00:00:00+00:00,2020-06-11 00:00:00+00:00,-0.007778970061039796,-0.00802709584437313,7,-1.0,rebalance,,0.35446540476190475,0.0007443773500000001,1,9666.32,9885.22
BTC,2020-06-11 00:00:00+00:00,2020-06-18 00:00:00+00:00,0.015320253776603478,0.015511323976603477,7,-1.0,rebalance,,0.3650000000000001,0.0003199298000000001,1,9885.22,9465.13
BTC,2020-06-18 00:00:00+00:00,2020-06-25 00:00:00+00:00,0.00264657339505905,0.0026847562549514306,7,-1.0,rebalance,,0.15234752380952382,0.00017510367344095238,1,9465.13,9298.33
BTC,2020-06-25 00:00:00+00:00,2020-07-02 00:00:00+00:00,0.0015536814169186833,0.0014252922999024927,7,-1.0,rebalance,,0.1997714523809524,0.00040806915034952385,1,9298.33,9231.99
BTC,2020-07-02 00:00:00+00:00,2020-07-09 00:00:00+00:00,-0.007599451365944845,-0.007847977432611512,7,-1.0,rebalance,,0.35503723809523813,0.0007455782000000001,1,9231.99,9436.06
BTC,2020-07-09 00:00:00+00:00,2020-07-30 00:00:00+00:00,-0.05995161760357537,-0.06438364105357537,21,-1.0,rebalance,,0.3650000000000001,0.004943023450000001,1,9436.06,11100.52
BTC,2020-07-30 00:00:00+00:00,2020-08-13 00:00:00+00:00,-0.028523168154356654,-0.041783628154356656,14,-1.0,rebalance,,1.0,0.014660459999999998,1,11100.52,11564.34
BTC,2020-08-13 00:00:00+00:00,2020-08-20 00:00:00+00:00,-0.008759951913968084,-0.01611456198492618,7,-1.0,rebalance,,0.9806055238095239,0.00872745780429143,1,11564.34,11754.38
BTC,2020-08-20 00:00:00+00:00,2020-08-27 00:00:00+00:00,0.02635341533430084,0.024923475334300838,7,-1.0,rebalance,,1.0,0.0028299400000000004,1,11754.38,11461.42
BTC,2020-08-27 00:00:00+00:00,2020-09-03 00:00:00+00:00,0.0041521808241146325,0.0031276686287770128,7,-1.0,rebalance,,0.4918705238095239,0.0017131309286709528,1,11461.42,11388.54
BTC,2020-09-03 00:00:00+00:00,2020-09-10 00:00:00+00:00,0.06277475144959305,0.062151648911662805,7,-1.0,rebalance,,0.6053594523809525,0.0014706057712635717,1,11388.54,10219.29
BTC,2020-09-10 00:00:00+00:00,2020-09-17 00:00:00+00:00,-0.030547855692063412,-0.03035691580139127,7,-1.0,rebalance,,0.4222372142857143,0.00040019220932785725,1,10219.29,10954.01
BTC,2020-09-17 00:00:00+00:00,2020-09-24 00:00:00+00:00,0.010463044706532011,0.010715881522252725,7,-1.0,rebalance,,0.1647349285714286,-2.220791572071429e-05,1,10954.01,10241.46
BTC,2020-10-01 00:00:00+00:00,2020-10-08 00:00:00+00:00,0.002446253506889649,0.0026891227967951255,7,-1.0,rebalance,,0.2629964047619048,0.00012532567676119046,1,10776.59,10666.4
BTC,2020-10-08 00:00:00+00:00,2020-10-15 00:00:00+00:00,-0.005793201323794818,-0.005835380185419818,7,-1.0,rebalance,,0.0828254523809524,0.0001581344949583334,1,10666.4,11417.89
BTC,2020-10-15 00:00:00+00:00,2020-10-22 00:00:00+00:00,-0.039432114929910396,-0.0396097188199104,7,-1.0,rebalance,,0.33184583333333334,0.0006421880566666667,1,11417.89,12780.75
BTC,2020-10-22 00:00:00+00:00,2020-10-29 00:00:00+00:00,-0.01258217440489788,-0.012781048366078832,7,-1.0,rebalance,,0.33635619047619053,0.0006697726278476192,1,12780.75,13266.4
BTC,2020-10-29 00:00:00+00:00,2020-11-05 00:00:00+00:00,-0.02394009615692893,-0.022895493819653216,7,-1.0,rebalance,,0.34609995238095237,-0.0005600624039423809,1,13266.4,14144.01
BTC,2020-11-12 00:00:00+00:00,2020-11-19 00:00:00+00:00,-0.07265453283924553,-0.07339394418802005,7,-1.0,rebalance,,0.5498585952380953,0.0015092133821078574,1,15684.25,17777.75
BTC,2020-11-19 00:00:00+00:00,2020-11-26 00:00:00+00:00,-0.02023892786041403,-0.025253579697093312,7,-1.0,rebalance,,0.4770602142857144,0.005682536136679286,1,17777.75,18718.83
BTC,2020-11-26 00:00:00+00:00,2020-12-03 00:00:00+00:00,-0.02383953455238384,-0.02592309455238384,7,-1.0,rebalance,,1.0,0.00348356,1,18718.83,19204.08
BTC,2020-12-03 00:00:00+00:00,2020-12-10 00:00:00+00:00,0.021430552326634527,0.020896776878514527,7,-1.0,rebalance,,0.6054759047619048,0.001381441714786667,1,19204.08,18541.29
BTC,2020-12-10 00:00:00+00:00,2020-12-17 00:00:00+00:00,-0.059412977036645075,-0.05976287411555508,7,-1.0,rebalance,,0.39656033333333335,0.0009050815455766668,1,18541.29,21335.52
BTC,2020-12-17 00:00:00+00:00,2020-12-24 00:00:00+00:00,-0.033231298138165194,-0.035268447642409,7,-1.0,rebalance,,0.3966906904761905,0.0025925164709104764,1,21335.52,23232.39
BTC,2020-12-24 00:00:00+00:00,2021-01-28 00:00:00+00:00,-0.24592259932771013,-0.3068905093277101,35,-1.0,rebalance,,1.0,0.062367910000000006,1,23232.39,30362.19
BTC,2021-01-28 00:00:00+00:00,2021-02-04 00:00:00+00:00,-0.1646960786285553,-0.17165387727133027,7,-1.0,rebalance,,0.7180679761904761,0.007963093809441666,1,30362.19,37620.26
BTC,2021-02-04 00:00:00+00:00,2021-03-04 00:00:00+00:00,-0.2715504522902978,-0.33835784229029775,28,-1.0,rebalance,,1.0,0.06820738999999999,1,37620.26,50349.37
BTC,2021-03-04 00:00:00+00:00,2021-03-11 00:00:00+00:00,-0.06895784611495968,-0.07112947240782135,7,-1.0,rebalance,,0.6508871190476192,0.0030828682595283345,1,50349.37,55851.59
BTC,2021-03-11 00:00:00+00:00,2021-03-18 00:00:00+00:00,-0.03533290705187951,-0.04512368496169951,7,-1.0,rebalance,,0.8232331666666668,0.010943304343153333,1,55851.59,58912.97
BTC,2021-03-18 00:00:00+00:00,2021-04-01 00:00:00+00:00,0.014059681865220908,0.0029451918652209086,14,-1.0,rebalance,,1.0,0.01251449,1,58912.97,58739.46
BTC,2021-04-01 00:00:00+00:00,2021-04-08 00:00:00+00:00,0.05466731879736725,0.04277225403334367,7,-1.0,rebalance,,0.9017950714285716,0.013157577864023575,1,58739.46,55953.44
BTC,2021-04-08 00:00:00+00:00,2021-04-29 00:00:00+00:00,0.04829668950089937,0.019788059500899347,21,-1.0,rebalance,,1.0,0.029908630000000016,1,55953.44,54846.23
BTC,2021-04-29 00:00:00+00:00,2021-05-06 00:00:00+00:00,-0.023176888839637148,-0.025632415843488576,7,-1.0,rebalance,,0.5428210476190477,0.0032154764705180964,1,54846.23,57436.11
BTC,2021-05-06 00:00:00+00:00,2021-05-20 00:00:00+00:00,0.375439014873145,0.36153005487314505,14,-1.0,rebalance,,1.0,0.01530896,1,57436.11,36671.23
BTC,2021-05-20 00:00:00+00:00,2021-05-27 00:00:00+00:00,-0.05511732445353446,-0.05468339723242613,7,-1.0,rebalance,,0.7800658333333335,0.0006581649455583336,1,36671.23,39241.92
BTC,2021-05-27 00:00:00+00:00,2021-06-03 00:00:00+00:00,0.0063561551178831525,0.006252951370055772,7,-1.0,rebalance,,0.14664830952380958,0.00030851138116071446,1,39241.92,37568.68
BTC,2021-06-03 00:00:00+00:00,2021-06-10 00:00:00+00:00,0.0018726542910050329,0.0017580517083264616,7,-1.0,rebalance,,0.36565178571428575,0.0006265150826785715,1,37568.68,37388.05
BTC,2021-06-10 00:00:00+00:00,2021-06-17 00:00:00+00:00,-0.0077769388113466545,-0.007654298204716654,7,-1.0,rebalance,,0.29780871428571437,0.0002942915933700001,1,37388.05,38349.0
BTC,2021-06-17 00:00:00+00:00,2021-06-24 00:00:00+00:00,0.020659096957460547,0.02093351628521388,7,-1.0,rebalance,,0.1717568333333334,-3.3959761086666676e-05,1,38349.0,33675.07
BTC,2021-07-08 00:00:00+00:00,2021-07-15 00:00:00+00:00,0.0004970036588449745,0.0005235456735735459,7,-1.0,rebalance,,0.01701247619047622,-2.7245480619047647e-06,1,33862.11,32820.03
BTC,2021-08-05 00:00:00+00:00,2021-08-12 00:00:00+00:00,-0.04502628522733628,-0.045243659760669616,7,-1.0,rebalance,,0.31053504761904765,0.0006521236000000001,1,39723.17,45510.67
BTC,2021-08-12 00:00:00+00:00,2021-08-19 00:00:00+00:00,0.006776527511177945,0.006506704911177945,7,-1.0,rebalance,,0.3650000000000001,0.0007808226000000002,1,45510.67,44699.37
BTC,2021-08-19 00:00:00+00:00,2021-08-26 00:00:00+00:00,-0.03480566621419077,-0.035551760799505054,7,-1.0,rebalance,,0.37182028571428577,0.001266642985314286,1,44699.37,48973.32
BTC,2021-08-26 00:00:00+00:00,2021-09-02 00:00:00+00:00,0.003525303248055058,0.001968413076169343,7,-1.0,rebalance,,0.5920995238095238,0.002385829505219048,1,48973.32,48810.51
BTC,2021-09-02 00:00:00+00:00,2021-09-09 00:00:00+00:00,0.04199296735658669,0.039633282105295264,7,-1.0,rebalance,,0.7003550476190478,0.0033401823179580966,1,48810.51,46048.31
BTC,2021-09-09 00:00:00+00:00,2021-09-16 00:00:00+00:00,-0.0367294911191667,-0.037318995034205986,7,-1.0,rebalance,,0.8289445476190477,0.0017500262817059528,1,46048.31,48121.4
BTC,2021-09-16 00:00:00+00:00,2021-09-23 00:00:00+00:00,0.03514262984036064,0.034885773257027304,7,-1.0,rebalance,,0.36693797619047624,0.0007705697500000003,1,48121.4,43546.37
BTC,2021-09-23 00:00:00+00:00,2021-09-30 00:00:00+00:00,0.016824908217895708,0.016948811117895708,7,-1.0,rebalance,,0.3650000000000001,0.0003870971000000001,1,43546.37,41524.29
BTC,2021-09-30 00:00:00+00:00,2021-10-07 00:00:00+00:00,-0.06119816387283331,-0.06121883117133427,7,-1.0,rebalance,,0.1843319523809524,0.00027873203183428576,1,41524.29,55315.0
BTC,2021-10-07 00:00:00+00:00,2021-10-14 00:00:00+00:00,-0.009324788925298921,-0.009767965339238922,7,-1.0,rebalance,,0.2628208571428572,0.0008111256139400003,1,55315.0,57370.83
BTC,2021-10-14 00:00:00+00:00,2021-10-21 00:00:00+00:00,-0.07860073452376524,-0.08069566494938858,7,-1.0,rebalance,,0.5364161666666667,0.002845913058956667,1,57370.83,66001.4
BTC,2021-10-21 00:00:00+00:00,2021-10-28 00:00:00+00:00,0.11181568020312922,0.10601448916789208,7,-1.0,rebalance,,0.922132523809524,0.0070921765685704775,1,66001.4,58413.44
BTC,2021-10-28 00:00:00+00:00,2021-11-18 00:00:00+00:00,-0.014762340874867094,-0.033064650874867096,21,-1.0,rebalance,,1.0,0.01970231,1,58413.44,60344.86
BTC,2021-11-18 00:00:00+00:00,2021-11-25 00:00:00+00:00,0.03920478603533716,0.038650946476835736,7,-1.0,rebalance,,0.7273772142857146,0.0015721676585014291,1,60344.86,57138.29
BTC,2021-11-25 00:00:00+00:00,2021-12-02 00:00:00+00:00,0.0003078193770312547,-0.0003009963885863645,7,-1.0,rebalance,,0.375675380952381,0.0011347612989509527,1,57138.29,57184.07
BTC,2021-12-02 00:00:00+00:00,2021-12-09 00:00:00+00:00,0.06202613012704221,0.061630993875675305,7,-1.0,rebalance,,0.5250073095238096,0.0011301464847002383,1,57184.07,50471.19
BTC,2021-12-09 00:00:00+00:00,2021-12-16 00:00:00+00:00,0.012125279565569698,0.011906983151128031,7,-1.0,rebalance,,0.37414759523809527,0.0007421030477750001,1,50471.19,48864.98
BTC,2021-12-16 00:00:00+00:00,2021-12-23 00:00:00+00:00,0.0021517561881428467,0.0019528949244428466,7,-1.0,rebalance,,0.3447425,0.0006815007637000001,1,48864.98,48588.17
BTC,2021-12-23 00:00:00+00:00,2021-12-30 00:00:00+00:00,0.015235504458832328,0.015016504757923757,7,-1.0,rebalance,,0.3435936190476191,0.0007000307675752383,1,48588.17,46464.66
BTC,2021-12-30 00:00:00+00:00,2022-01-06 00:00:00+00:00,0.023168096386821053,0.022966611438046767,7,-1.0,rebalance,,0.3541160476190477,0.0006972474154409527,1,46464.66,43451.14
BTC,2022-01-06 00:00:00+00:00,2022-01-13 00:00:00+00:00,-0.0034486063702386617,-0.003556158199181043,7,-1.0,rebalance,,0.3422274761904762,0.0005866702956090476,1,43451.14,43902.65
BTC,2022-01-13 00:00:00+00:00,2022-01-20 00:00:00+00:00,0.015041097319420601,0.015220312166398697,7,-1.0,rebalance,,0.2979564523809524,0.00023792418635523813,1,43902.65,41660.0
BTC,2022-01-20 00:00:00+00:00,2022-01-27 00:00:00+00:00,0.016097368831106493,0.01616698053457697,7,-1.0,rebalance,,0.13879038095238097,0.00012469482986285715,1,41660.0,36807.24
BTC,2022-01-27 00:00:00+00:00,2022-02-03 00:00:00+00:00,-0.0005738823694516601,-0.00037814059431166006,7,-1.0,rebalance,,0.15615742857142859,2.2878624860000006e-05,1,36807.24,36896.37
BTC,2022-02-03 00:00:00+00:00,2022-02-10 00:00:00+00:00,-0.005170513290069764,-0.005159958880598097,7,-1.0,rebalance,,0.025464833333333343,2.509635719500001e-05,1,36896.37,44372.71
BTC,2022-02-10 00:00:00+00:00,2022-02-17 00:00:00+00:00,0.0018904868189850688,0.0019268971779050686,7,-1.0,rebalance,,0.17129450000000002,0.00020340194108000003,1,44372.71,43873.56
BTC,2022-02-17 00:00:00+00:00,2022-02-24 00:00:00+00:00,0.030911510075149896,0.031158212298553707,7,-1.0,rebalance,,0.206388380952381,4.224150992952382e-05,1,43873.56,37250.02
BTC,2022-02-24 00:00:00+00:00,2022-03-03 00:00:00+00:00,-0.006379416724038517,-0.006344005344394707,7,-1.0,rebalance,,0.035573595238095244,1.4391653689523813e-05,1,37250.02,43892.99
BTC,2022-03-03 00:00:00+00:00,2022-03-10 00:00:00+00:00,0.0031154669726222686,0.0031259581766603637,7,-1.0,rebalance,,0.07031638095238095,8.79517292952381e-05,1,43892.99,41941.7
BTC,2022-03-10 00:00:00+00:00,2022-03-17 00:00:00+00:00,0.004024017244134006,0.004290255146457815,7,-1.0,rebalance,,0.2174009523809524,3.812343100952382e-05,1,41941.7,41114.01
BTC,2022-03-17 00:00:00+00:00,2022-03-24 00:00:00+00:00,-0.0012997665385580132,-0.0013112355710608703,7,-1.0,rebalance,,0.030479238095238097,5.413996583619048e-05,1,41114.01,42882.76
BTC,2022-03-24 00:00:00+00:00,2022-03-31 00:00:00+00:00,-0.03018649487067824,-0.030131728170520383,7,-1.0,rebalance,,0.3087361190476191,0.00037746386650880956,1,42882.76,47067.99
BTC,2022-03-31 00:00:00+00:00,2022-04-07 00:00:00+00:00,0.01773819016893619,0.017596415702031187,7,-1.0,rebalance,,0.21250126190476196,0.00043927623357166684,1,47067.99,43170.47
BTC,2022-04-07 00:00:00+00:00,2022-04-14 00:00:00+00:00,0.016650842224047745,0.01683419346013608,7,-1.0,rebalance,,0.35929383333333337,0.00031966013057833345,1,43170.47,41147.78
BTC,2022-04-14 00:00:00+00:00,2022-04-21 00:00:00+00:00,-0.0009409606043783624,-0.0007907373375683624,7,-1.0,rebalance,,0.15463659523809525,6.626796652333335e-05,1,41147.78,41358.19
BTC,2022-04-21 00:00:00+00:00,2022-04-28 00:00:00+00:00,0.003657876357749546,0.003822477796296213,7,-1.0,rebalance,,0.07448433333333335,-6.0323371880000005e-05,1,41358.19,39235.72
BTC,2022-05-05 00:00:00+00:00,2022-05-12 00:00:00+00:00,0.05391798105913001,0.05398925527431644,7,-1.0,rebalance,,0.20242030952380954,0.0002121142181469048,1,39690.0,29103.94
BTC,2022-05-12 00:00:00+00:00,2022-05-19 00:00:00+00:00,0.0021919023506910286,0.0024319321338900765,7,-1.0,rebalance,,0.18213326190476192,1.495678346761907e-05,1,29103.94,28715.33
BTC,2022-05-19 00:00:00+00:00,2022-05-26 00:00:00+00:00,-0.0004172801275130465,-0.00041097406819018943,7,-1.0,rebalance,,0.014273238095238103,1.36764740104762e-05,1,28715.33,29542.14
BTC,2022-05-26 00:00:00+00:00,2022-06-02 00:00:00+00:00,-0.0013917531283145015,-0.0014865974437580731,7,-1.0,rebalance,,0.16654254761904766,0.00032800388211023826,1,29542.14,29805.84
BTC,2022-06-02 00:00:00+00:00,2022-06-09 00:00:00+00:00,-0.0047894919457046724,-0.004581658137186101,7,-1.0,rebalance,,0.34231611904761905,0.00027140875814809525,1,29805.84,30204.77
BTC,2022-06-09 00:00:00+00:00,2022-06-16 00:00:00+00:00,0.03464963146502969,0.03477037349044065,7,-1.0,rebalance,,0.13780661904761907,7.21872412557143e-05,1,30204.77,22583.72
BTC,2022-06-16 00:00:00+00:00,2022-06-23 00:00:00+00:00,0.010365914588016443,0.010464688359452872,7,-1.0,rebalance,,0.09104664285714288,2.8691528563571435e-05,1,22583.72,19988.0
BTC,2022-06-23 00:00:00+00:00,2022-06-30 00:00:00+00:00,-0.0003952835462175512,-0.00036993698004517025,7,-1.0,rebalance,,0.05477259523809525,5.13350671609524e-05,1,19988.0,20123.0
BTC,2022-06-30 00:00:00+00:00,2022-07-07 00:00:00+00:00,-0.003730491380324177,-0.0035741452880498916,7,-1.0,rebalance,,0.16290123809523813,7.171564105904763e-05,1,20123.0,20564.51
BTC,2022-07-07 00:00:00+00:00,2022-07-14 00:00:00+00:00,0.0012243811838254473,0.0012265481708883046,7,-1.0,rebalance,,0.07651790476190479,0.00010495807960380957,1,20564.51,20234.87
BTC,2022-07-14 00:00:00+00:00,2022-07-21 00:00:00+00:00,-0.03517333165901038,-0.03521024484151324,7,-1.0,rebalance,,0.23841104761904763,0.0003706886491695239,1,20234.87,23223.3
BTC,2022-07-21 00:00:00+00:00,2022-07-28 00:00:00+00:00,0.003145838828165396,0.003130175470745396,7,-1.0,rebalance,,0.270244261904762,0.00039400532408666674,1,23223.3,22954.31
BTC,2022-07-28 00:00:00+00:00,2022-08-04 00:00:00+00:00,0.0015886293180173217,0.0015168466227039883,7,-1.0,rebalance,,0.2534073333333333,0.00042655296197999996,1,22954.31,22816.91
BTC,2022-08-04 00:00:00+00:00,2022-08-11 00:00:00+00:00,-0.014668200868743677,-0.014580904322339392,7,-1.0,rebalance,,0.29256835714285717,0.00032229915359571434,1,22816.91,23954.05
BTC,2022-08-11 00:00:00+00:00,2022-08-18 00:00:00+00:00,0.004718252302911172,0.004887027254005458,7,-1.0,rebalance,,0.19147204761904768,9.928591557238097e-05,1,23954.05,23342.66
BTC,2022-08-18 00:00:00+00:00,2022-08-25 00:00:00+00:00,0.00749133603000757,0.00762406904723757,7,-1.0,rebalance,,0.09012719047619049,-6.554950563333327e-06,1,23342.66,21368.05
BTC,2022-09-08 00:00:00+00:00,2022-09-15 00:00:00+00:00,-0.004388826862053773,-0.0043892854737080595,7,-1.0,rebalance,,0.09063471428571429,0.00012734721165428572,1,19292.85,20227.17
BTC,2022-09-15 00:00:00+00:00,2022-09-22 00:00:00+00:00,0.021155341305483983,0.021319513366686367,7,-1.0,rebalance,,0.24421280952380955,0.00017772587213095241,1,20227.17,18461.36
BTC,2022-09-22 00:00:00+00:00,2022-09-29 00:00:00+00:00,-0.0066389434476357345,-0.00651902471599883,7,-1.0,rebalance,,0.12648988095238098,5.716710169642858e-05,1,18461.36,19412.82
BTC,2022-09-29 00:00:00+00:00,2022-10-06 00:00:00+00:00,-0.00299441137417595,-0.0030163937056616645,7,-1.0,rebalance,,0.07855321428571431,0.00013195683148571431,1,19412.82,20158.26
BTC,2022-10-06 00:00:00+00:00,2022-10-13 00:00:00+00:00,0.014594409725948589,0.01452976708297716,7,-1.0,rebalance,,0.2919721904761905,0.0004734037096380953,1,20158.26,19155.1
BTC,2022-10-13 00:00:00+00:00,2022-10-20 00:00:00+00:00,0.0004431627361374301,0.00046711417275171574,7,-1.0,rebalance,,0.28181476190476196,0.00037058923005238106,1,19155.1,19123.35
BTC,2022-10-20 00:00:00+00:00,2022-10-27 00:00:00+00:00,-0.019795422447240765,-0.019699915838341242,7,-1.0,rebalance,,0.22856126190476195,0.0002244791577671429,1,19123.35,20771.61
BTC,2022-10-27 00:00:00+00:00,2022-11-03 00:00:00+00:00,0.004912374013665907,0.005093395019795906,7,-1.0,rebalance,,0.17070528571428573,5.7966393870000004e-05,1,20771.61,20151.84
BTC,2022-11-03 00:00:00+00:00,2022-11-10 00:00:00+00:00,0.012343828729185128,0.012386319947955129,7,-1.0,rebalance,,0.05902050000000002,4.013748123e-05,1,20151.84,15922.68
BTC,2022-11-10 00:00:00+00:00,2022-11-17 00:00:00+00:00,-0.006052634382575394,-0.0054853953326772995,7,-1.0,rebalance,,0.11820090476190474,-0.0004017577832314285,1,15922.68,16661.61
BTC,2022-11-24 00:00:00+00:00,2022-12-01 00:00:00+00:00,-0.0019713746587652304,-0.0019218006504002304,7,-1.0,rebalance,,0.056733166666666675,2.9852424968333335e-05,1,16603.11,17165.53
BTC,2022-12-01 00:00:00+00:00,2022-12-08 00:00:00+00:00,0.001683749515094514,0.0017523046427928473,7,-1.0,rebalance,,0.09145683333333335,5.948443896833335e-05,1,17165.53,16836.64
BTC,2022-12-08 00:00:00+00:00,2022-12-15 00:00:00+00:00,-0.006583365677078125,-0.0064952813631319346,7,-1.0,rebalance,,0.11304745238095239,7.018211938714287e-05,1,16836.64,17804.01
BTC,2022-12-15 00:00:00+00:00,2022-12-22 00:00:00+00:00,0.005901185023463738,0.0059354069129851665,7,-1.0,rebalance,,0.1079044285714286,0.00011684431047857146,1,17804.01,16824.68
BTC,2022-12-22 00:00:00+00:00,2022-12-29 00:00:00+00:00,0.0030322147103617994,0.0031026935753225137,7,-1.0,rebalance,,0.18820964285714292,0.0001930146350392858,1,16824.68,16547.32
BTC,2022-12-29 00:00:00+00:00,2023-01-05 00:00:00+00:00,-0.0032638446979017244,-0.003264331311886724,7,-1.0,rebalance,,0.17824688095238098,0.00025003224731833337,1,16547.32,16850.36
BTC,2023-01-05 00:00:00+00:00,2023-01-12 00:00:00+00:00,-0.01590938964516263,-0.015813168445659297,7,-1.0,rebalance,,0.24380783333333336,0.0002451097671633334,1,16850.36,17943.26
BTC,2023-01-12 00:00:00+00:00,2023-01-19 00:00:00+00:00,-0.02642513943668244,-0.026626681861415775,7,-1.0,rebalance,,0.17473766666666668,0.0004461751580666668,1,17943.26,20677.47
BTC,2023-01-19 00:00:00+00:00,2023-01-26 00:00:00+00:00,-0.05083513376982075,-0.05114579743648742,7,-1.0,rebalance,,0.44380523809523814,0.0009319910000000003,1,20677.47,23060.42
BTC,2023-01-26 00:00:00+00:00,2023-02-02 00:00:00+00:00,-0.01036659553315365,-0.01062042018315365,7,-1.0,rebalance,,0.3650000000000001,0.0007648246500000002,1,23060.42,23731.41
BTC,2023-02-02 00:00:00+00:00,2023-02-09 00:00:00+00:00,0.012065257752270096,0.011810316202270096,7,-1.0,rebalance,,0.36420221428571437,0.0007648246500000003,1,23731.41,22961.85
BTC,2023-02-09 00:00:00+00:00,2023-02-16 00:00:00+00:00,-0.02157090820349062,-0.02163468100349062,7,-1.0,rebalance,,0.3650000000000001,0.0005747728000000003,1,22961.85,24322.87
BTC,2023-02-16 00:00:00+00:00,2023-02-23 00:00:00+00:00,0.0018104644303932695,0.001582824294446603,7,-1.0,rebalance,,0.2737013333333334,0.0006108220026133335,1,24322.87,24182.21
BTC,2023-02-23 00:00:00+00:00,2023-03-02 00:00:00+00:00,0.008701174992984846,0.008861521974950085,7,-1.0,rebalance,,0.38789245238095243,0.0003827024513680952,1,24182.21,23629.76
BTC,2023-03-02 00:00:00+00:00,2023-03-09 00:00:00+00:00,0.01387622118091784,0.013972782079664032,7,-1.0,rebalance,,0.17148395238095243,0.0001435166345871429,1,23629.76,21704.37
BTC,2023-03-09 00:00:00+00:00,2023-03-16 00:00:00+00:00,-0.01727041579928853,-0.017299834221962816,7,-1.0,rebalance,,0.14546292857142856,0.0002330665226742857,1,21704.37,24285.66
BTC,2023-03-16 00:00:00+00:00,2023-03-23 00:00:00+00:00,-0.03395412914872555,-0.034003320663422695,7,-1.0,rebalance,,0.27848457142857147,0.000439069914697143,1,24285.66,27250.97
BTC,2023-03-23 00:00:00+00:00,2023-03-30 00:00:00+00:00,-0.01121517376808172,-0.011037738815098863,7,-1.0,rebalance,,0.2740350476190477,0.00020621411368380957,1,27250.97,28348.6
BTC,2023-03-30 00:00:00+00:00,2023-04-06 00:00:00+00:00,0.000753701180305444,0.0008239699370137774,7,-1.0,rebalance,,0.13079340476190476,0.00011284200995833334,1,28348.6,28170.01
BTC,2023-04-06 00:00:00+00:00,2023-04-13 00:00:00+00:00,-0.00923333240188721,-0.00914555073226221,7,-1.0,rebalance,,0.1499541666666667,0.00012215416370833334,1,28170.01,29888.07
BTC,2023-04-13 00:00:00+00:00,2023-04-20 00:00:00+00:00,0.005153312159534308,0.00516818728725288,7,-1.0,rebalance,,0.1415869761904762,0.00018334663894809525,1,29888.07,28797.1
BTC,2023-04-20 00:00:00+00:00,2023-04-27 00:00:00+00:00,0.0029349814538259873,0.002984157632787416,7,-1.0,rebalance,,0.2250729047619048,0.0002659258877052382,1,28797.1,28415.29
BTC,2023-04-27 00:00:00+00:00,2023-05-04 00:00:00+00:00,-0.0045215621335198426,-0.0044147658665877,7,-1.0,rebalance,,0.20535769047619049,0.0001807044997345238,1,28415.29,29026.16
BTC,2023-05-04 00:00:00+00:00,2023-05-11 00:00:00+00:00,0.007491635934383201,0.0075213146575201055,7,-1.0,rebalance,,0.1529436904761905,0.00018444244352976196,1,29026.16,27598.74
BTC,2023-05-11 00:00:00+00:00,2023-05-18 00:00:00+00:00,0.0013459573651140586,0.001466698572195011,7,-1.0,rebalance,,0.20960559523809524,0.00017270662625238096,1,27598.74,27405.62
BTC,2023-05-18 00:00:00+00:00,2023-05-25 00:00:00+00:00,0.005594247256937563,0.0056260360457175635,7,-1.0,rebalance,,0.14321209523809525,0.00016870814455333333,1,27405.62,26329.0
BTC,2023-05-25 00:00:00+00:00,2023-06-01 00:00:00+00:00,-0.0067978402614535145,-0.006854075627128515,7,-1.0,rebalance,,0.20475283333333333,0.0003428893323416667,1,26329.0,27210.36
BTC,2023-06-01 00:00:00+00:00,2023-06-08 00:00:00+00:00,0.009314529595060402,0.009317329689605641,7,-1.0,rebalance,,0.29107011904761915,0.0004046980721214286,1,27210.36,26339.34
BTC,2023-06-08 00:00:00+00:00,2023-06-15 00:00:00+00:00,0.011028462464626158,0.011108440267133302,7,-1.0,rebalance,,0.24166128571428572,0.00025834799749285716,1,26339.34,25128.6
BTC,2023-06-15 00:00:00+00:00,2023-06-22 00:00:00+00:00,-0.03605408929500419,-0.035975929725918475,7,-1.0,rebalance,,0.18581107142857148,0.00018197593091428578,1,25128.6,29993.89
BTC,2023-06-22 00:00:00+00:00,2023-06-29 00:00:00+00:00,-0.0003664666757875138,-0.00047393809783703765,7,-1.0,rebalance,,0.17022209523809528,0.00034578235538285725,1,29993.89,30077.4
BTC,2023-06-29 00:00:00+00:00,2023-07-06 00:00:00+00:00,-0.004784541210262285,-0.0050171223538508555,7,-1.0,rebalance,,0.3530697142857144,0.0007268787435885716,1,30077.4,30504.8
BTC,2023-07-06 00:00:00+00:00,2023-07-13 00:00:00+00:00,0.0013003704652593479,0.0014639339270260145,7,-1.0,rebalance,,0.35782861904761915,0.0003373966049000001,1,30504.8,30380.0
BTC,2023-07-13 00:00:00+00:00,2023-07-20 00:00:00+00:00,0.0024823772983037537,0.0025396780497037538,7,-1.0,rebalance,,0.163885,0.0001721382486,1,30380.0,29909.21
BTC,2023-07-20 00:00:00+00:00,2023-07-27 00:00:00+00:00,0.003373084330174077,0.003401454553774077,7,-1.0,rebalance,,0.18256257142857144,0.00022721737640000003,1,29909.21,29351.95
BTC,2023-07-27 00:00:00+00:00,2023-08-03 00:00:00+00:00,0.0012275761046809772,0.0012230484573143104,7,-1.0,rebalance,,0.21632333333333337,0.0003073803140333334,1,29351.95,29186.0
BTC,2023-08-03 00:00:00+00:00,2023-08-10 00:00:00+00:00,-0.003223518662572117,-0.00335085699610545,7,-1.0,rebalance,,0.2469711666666667,0.00047309796686666677,1,29186.0,29581.99
BTC,2023-08-10 00:00:00+00:00,2023-08-17 00:00:00+00:00,0.009781107956808633,0.009583529050389585,7,-1.0,rebalance,,0.33294952380952386,0.0006637082397523811,1,29581.99,28730.51
BTC,2023-08-17 00:00:00+00:00,2023-08-24 00:00:00+00:00,0.027335381743420623,0.02771030275314919,7,-1.0,rebalance,,0.346475380952381,0.00011014452360476193,1,28730.51,26432.71
BTC,2023-08-24 00:00:00+00:00,2023-08-31 00:00:00+00:00,-0.0018652822735049984,-0.0018129329311692842,7,-1.0,rebalance,,0.05525404761904762,2.5006324330952378e-05,1,26432.71,27299.99
BTC,2023-08-31 00:00:00+00:00,2023-09-07 00:00:00+00:00,0.0043706683170051715,0.0044374027159856475,7,-1.0,rebalance,,0.0786609761904762,4.3390967686190486e-05,1,27299.99,25759.95
BTC,2023-09-07 00:00:00+00:00,2023-09-14 00:00:00+00:00,-0.0018266534522470364,-0.0017197191702808458,7,-1.0,rebalance,,0.09587680952380954,2.7293251367142864e-05,1,25759.95,26222.0
BTC,2023-09-14 00:00:00+00:00,2023-09-21 00:00:00+00:00,-0.0017821759811072699,-0.0017038918192194127,7,-1.0,rebalance,,0.049478357142857136,-9.014461887857143e-06,1,26222.0,27125.01
BTC,2023-09-28 00:00:00+00:00,2023-10-05 00:00:00+00:00,-0.005450111107163385,-0.005322887065071956,7,-1.0,rebalance,,0.09987442857142856,1.260015790857143e-05,1,26373.0,27778.57
BTC,2023-10-05 00:00:00+00:00,2023-10-12 00:00:00+00:00,0.0006928971348482501,0.0007128483716215835,7,-1.0,rebalance,,0.021927809523809526,1.0747696560000002e-05,1,27778.57,26875.52
BTC,2023-10-12 00:00:00+00:00,2023-10-19 00:00:00+00:00,-0.004661351910091731,-0.004578765198961731,7,-1.0,rebalance,,0.085191,3.668068887e-05,1,26875.52,28320.0
BTC,2023-10-19 00:00:00+00:00,2023-10-26 00:00:00+00:00,-0.016366907926049817,-0.016320553785016484,7,-1.0,rebalance,,0.07483716666666666,5.8417892299999995e-05,1,28320.0,34496.05
BTC,2023-10-26 00:00:00+00:00,2023-11-02 00:00:00+00:00,-0.003544620300847878,-0.0036395933008478783,7,-1.0,rebalance,,0.1356757142857143,0.000284919,1,34496.05,35421.43
BTC,2023-11-02 00:00:00+00:00,2023-11-16 00:00:00+00:00,-0.02368187353586656,-0.02510968783586656,14,-1.0,rebalance,,0.3650000000000001,0.0019388143000000006,1,35421.43,37858.2
BTC,2023-11-16 00:00:00+00:00,2023-11-23 00:00:00+00:00,0.0070643818122878,0.006633344173973991,7,-1.0,rebalance,,0.5582449047619048,0.0012125805049804765,1,37858.2,37408.35
BTC,2023-11-23 00:00:00+00:00,2023-11-30 00:00:00+00:00,-0.0042399247152746745,-0.0045042005319413415,7,-1.0,rebalance,,0.37753688095238097,0.00079282745,1,37408.35,37854.65
BTC,2023-11-30 00:00:00+00:00,2023-12-07 00:00:00+00:00,-0.056727230965079915,-0.056966174565079915,7,-1.0,rebalance,,0.3650000000000001,0.0007499436000000002,1,37854.65,43762.69
BTC,2023-12-07 00:00:00+00:00,2023-12-14 00:00:00+00:00,0.007888250025911578,0.007292519828191578,7,-1.0,rebalance,,0.35711600000000004,0.0010956925977200001,1,43762.69,42869.03
BTC,2023-12-14 00:00:00+00:00,2023-12-21 00:00:00+00:00,-0.009453849425965295,-0.009950378463076961,7,-1.0,rebalance,,0.5332771666666667,0.001243117070445,1,42869.03,43668.92
BTC,2023-12-21 00:00:00+00:00,2023-12-28 00:00:00+00:00,0.0037186643904702937,0.0022273063823031506,7,-1.0,rebalance,,0.40516564285714285,0.002058589908167143,1,43668.92,43428.86
BTC,2023-12-28 00:00:00+00:00,2024-01-04 00:00:00+00:00,0.017386791414849966,0.01186779337252425,7,-1.0,rebalance,,0.8831018571428572,0.006755340642325715,1,43428.86,42845.23
BTC,2024-01-04 00:00:00+00:00,2024-01-11 00:00:00+00:00,-0.08819601012761505,-0.08889601012761505,7,-1.0,rebalance,,1.0,0.0021,1,42845.23,46654.0
BTC,2024-01-11 00:00:00+00:00,2024-02-01 00:00:00+00:00,0.03358108848391992,0.03187315128391992,21,-1.0,rebalance,,0.3650000000000001,0.0022189372000000003,1,46654.0,42580.0
BTC,2024-02-01 00:00:00+00:00,2024-02-08 00:00:00+00:00,-0.013412237067002208,-0.01357483358071078,7,-1.0,rebalance,,0.32663676190476193,0.0006198879803752382,1,42580.0,44349.6
BTC,2024-02-08 00:00:00+00:00,2024-02-15 00:00:00+00:00,-0.05520419276066627,-0.055377069229587704,7,-1.0,rebalance,,0.3298539761904762,0.0006346720355880954,1,44349.6,51795.17
BTC,2024-02-15 00:00:00+00:00,2024-02-22 00:00:00+00:00,9.991917199333534e-05,-0.0003500187856733316,7,-1.0,rebalance,,0.33442690476190484,0.0009181356243333337,1,51795.17,51849.38
BTC,2024-02-22 00:00:00+00:00,2024-02-29 00:00:00+00:00,-0.0959207733308898,-0.09739425670342314,7,-1.0,rebalance,,0.4771766666666667,0.002141530705866667,1,51849.38,62432.11
BTC,2024-02-29 00:00:00+00:00,2024-03-07 00:00:00+00:00,-0.03760470273548227,-0.04550323335405751,7,-1.0,rebalance,,0.7800432380952381,0.008990591151908573,1,62432.11,66074.04
BTC,2024-03-07 00:00:00+00:00,2024-03-21 00:00:00+00:00,-0.01378432549099166,-0.02673470549099166,14,-1.0,rebalance,,1.0,0.01435038,1,66074.04,67840.51
BTC,2024-03-21 00:00:00+00:00,2024-03-28 00:00:00+00:00,-0.017934267646712576,-0.020100350650455432,7,-1.0,rebalance,,0.8368424523809525,0.0033376624370761907,1,67840.51,69469.99
BTC,2024-03-28 00:00:00+00:00,2024-04-04 00:00:00+00:00,0.03786735003977189,0.03499259346181951,7,-1.0,rebalance,,0.6932219047619047,0.003845267244619047,1,69469.99,65963.27
BTC,2024-04-04 00:00:00+00:00,2024-04-11 00:00:00+00:00,-0.06696942563057387,-0.06822425692371434,7,-1.0,rebalance,,0.9641127380952382,0.0026045891264738098,1,65963.27,70631.08
BTC,2024-04-11 00:00:00+00:00,2024-04-18 00:00:00+00:00,0.06255985026689803,0.06218312758935994,7,-1.0,rebalance,,0.469553380952381,0.0010340974108714288,1,70631.08,61277.38
BTC,2024-04-18 00:00:00+00:00,2024-04-25 00:00:00+00:00,-0.019098480639919733,-0.01881627555831259,7,-1.0,rebalance,,0.3827807142857144,0.0002536879183928572,1,61277.38,64289.58
BTC,2024-04-25 00:00:00+00:00,2024-05-02 00:00:00+00:00,0.0105865004395088,0.010615549624115943,7,-1.0,rebalance,,0.11519226190476191,0.0001322199820595238,1,64289.58,58364.97
BTC,2024-05-02 00:00:00+00:00,2024-05-09 00:00:00+00:00,-0.009772452088109009,-0.009666821738956152,7,-1.0,rebalance,,0.1995020476190476,0.00017367251751380952,1,58364.97,61193.03
BTC,2024-05-09 00:00:00+00:00,2024-05-16 00:00:00+00:00,-0.012414759905721351,-0.012396373151414685,7,-1.0,rebalance,,0.15130640476190477,0.00019344221236,1,61193.03,66206.51
BTC,2024-05-16 00:00:00+00:00,2024-05-23 00:00:00+00:00,-0.009992823827704448,-0.009935155369464448,7,-1.0,rebalance,,0.22221200000000002,0.00025342834176,1,66206.51,69166.62
BTC,2024-05-23 00:00:00+00:00,2024-05-30 00:00:00+00:00,0.004483440015472037,0.004339610987083465,7,-1.0,rebalance,,0.19822628571428572,0.00042134582838857144,1,69166.62,67652.41
BTC,2024-05-30 00:00:00+00:00,2024-06-06 00:00:00+00:00,-0.01852766913347529,-0.018870784761280526,7,-1.0,rebalance,,0.3694460476190476,0.0008603400944719047,1,67652.41,71108.0
BTC,2024-06-06 00:00:00+00:00,2024-06-13 00:00:00+00:00,0.016481448169570475,0.016188510458464284,7,-1.0,rebalance,,0.40475545238095245,0.0008595953444395242,1,71108.0,68263.98
BTC,2024-06-13 00:00:00+00:00,2024-06-20 00:00:00+00:00,0.01799226227302983,0.017788024725491736,7,-1.0,rebalance,,0.36912623809523815,0.0007210142808714287,1,68263.98,64974.37
BTC,2024-06-20 00:00:00+00:00,2024-06-27 00:00:00+00:00,0.021529084703137004,0.021472262229487005,7,-1.0,rebalance,,0.3395021428571429,0.0005321254736500001,1,64974.37,60864.98
BTC,2024-06-27 00:00:00+00:00,2024-07-04 00:00:00+00:00,0.0031287035378223097,0.0029380068544889765,7,-1.0,rebalance,,0.27242383333333337,0.0005720900500000002,1,60864.98,60208.57
BTC,2024-07-04 00:00:00+00:00,2024-07-11 00:00:00+00:00,0.015153513667593465,0.015050893917593466,7,-1.0,rebalance,,0.3650000000000001,0.0006136197500000003,1,60208.57,57725.85
BTC,2024-07-11 00:00:00+00:00,2024-07-18 00:00:00+00:00,-0.03231041544118808,-0.03220423000444999,7,-1.0,rebalance,,0.292199880952381,0.0003028943965952381,1,57725.85,64087.99
BTC,2024-07-18 00:00:00+00:00,2024-07-25 00:00:00+00:00,-0.0037320271144837013,-0.0036210183855932255,7,-1.0,rebalance,,0.18017095238095243,0.00014123060444285718,1,64087.99,65376.01
BTC,2024-07-25 00:00:00+00:00,2024-08-01 00:00:00+00:00,0.0015722968902922906,0.001558837338475862,7,-1.0,rebalance,,0.13624407142857145,0.0002042012518164286,1,65376.01,64628.01
BTC,2024-08-01 00:00:00+00:00,2024-08-08 00:00:00+00:00,0.03824055536735685,0.038269627611099706,7,-1.0,rebalance,,0.2605039761904762,0.0003356333229238096,1,64628.01,55133.76
BTC,2024-08-08 00:00:00+00:00,2024-08-15 00:00:00+00:00,-0.014691933899251107,-0.01441749337973682,7,-1.0,rebalance,,0.2239361904761905,3.907014715238097e-05,1,55133.76,58683.39
BTC,2024-08-15 00:00:00+00:00,2024-08-22 00:00:00+00:00,-0.0013326929625030472,-0.0012777327523982853,7,-1.0,rebalance,,0.030324547619047626,-1.2505843438095241e-05,1,58683.39,61156.03
BTC,2024-08-29 00:00:00+00:00,2024-09-05 00:00:00+00:00,0.00020571147280964912,0.000219658631306792,7,-1.0,rebalance,,0.012187523809523811,3.115374836190477e-06,1,59034.9,57970.9
BTC,2024-09-05 00:00:00+00:00,2024-09-12 00:00:00+00:00,0.00040030818632549756,0.0004850577557426404,7,-1.0,rebalance,,0.04442919047619048,-2.2548702750476197e-05,1,57970.9,57338.0
BTC,2024-09-19 00:00:00+00:00,2024-09-26 00:00:00+00:00,-0.0008705440735977991,-0.0008514804137727991,7,-1.0,rebalance,,0.037777500000000006,3.382484017500001e-05,1,61759.98,63152.01
BTC,2024-09-26 00:00:00+00:00,2024-10-03 00:00:00+00:00,0.0061634148810952635,0.006167436200948597,7,-1.0,rebalance,,0.15562383333333335,0.00021385204681333337,1,63152.01,60649.27
BTC,2024-10-03 00:00:00+00:00,2024-10-10 00:00:00+00:00,-0.00010694534006964063,5.221903219702601e-05,7,-1.0,rebalance,,0.23884209523809524,0.00017521456106666668,1,60649.27,60636.01
BTC,2024-10-10 00:00:00+00:00,2024-10-17 00:00:00+00:00,-0.014720054006081916,-0.014686079854748582,7,-1.0,rebalance,,0.12750666666666668,0.00014453518200000003,1,60636.01,67620.0
BTC,2024-10-17 00:00:00+00:00,2024-10-24 00:00:00+00:00,0.0029098270488655186,0.0027719117988655186,7,-1.0,rebalance,,0.1970217857142857,0.00041374574999999996,1,67620.0,66668.65
BTC,2024-10-24 00:00:00+00:00,2024-10-31 00:00:00+00:00,-0.03085519364724085,-0.03107572299724085,7,-1.0,rebalance,,0.3650000000000001,0.0007315293500000002,1,66668.65,72344.75
BTC,2024-10-31 00:00:00+00:00,2024-11-07 00:00:00+00:00,-0.015295644837713188,-0.015539487954379852,7,-1.0,rebalance,,0.34834730952380955,0.0007315293500000001,1,72344.75,75571.99
BTC,2024-11-07 00:00:00+00:00,2024-11-14 00:00:00+00:00,-0.07064597385216255,-0.07149706260216256,7,-1.0,rebalance,,0.3650000000000001,0.0013620887500000005,1,75571.99,90375.21
BTC,2024-11-14 00:00:00+00:00,2024-11-21 00:00:00+00:00,-0.02704590938404679,-0.028071361142552743,7,-1.0,rebalance,,0.6486136904761906,0.0019335109251726191,1,90375.21,94286.56
BTC,2024-11-21 00:00:00+00:00,2024-11-28 00:00:00+00:00,-0.00771488598049669,-0.008663473409160263,7,-1.0,rebalance,,0.5181244523809524,0.0016739616619969048,1,94286.56,95863.11
BTC,2024-11-28 00:00:00+00:00,2024-12-05 00:00:00+00:00,-0.014703491422909283,-0.015957838174447854,7,-1.0,rebalance,,0.5615455476190477,0.002040510518205239,1,95863.11,98587.32
BTC,2024-12-05 00:00:00+00:00,2024-12-12 00:00:00+00:00,-0.014527230282995563,-0.01625710517320842,7,-1.0,rebalance,,0.631578619047619,0.0026140849568795236,1,98587.32,101125.0
BTC,2024-12-12 00:00:00+00:00,2024-12-19 00:00:00+00:00,0.006991732543142764,0.006551824087630859,7,-1.0,rebalance,,0.7193924047619048,0.0014470578221785716,1,101125.0,100204.01
BTC,2024-12-19 00:00:00+00:00,2024-12-26 00:00:00+00:00,0.0029110558988478807,0.0027019284814193095,7,-1.0,rebalance,,0.34961785714285715,0.0006985924174285715,1,100204.01,99429.61
BTC,2024-12-26 00:00:00+00:00,2025-01-02 00:00:00+00:00,0.017055941286172323,0.01689813198537423,7,-1.0,rebalance,,0.34729923809523805,0.0006440282341314285,1,99429.61,94591.78
BTC,2025-01-02 00:00:00+00:00,2025-01-09 00:00:00+00:00,-0.0014387754773759172,-0.001597484461025203,7,-1.0,rebalance,,0.32231064285714284,0.0006099438836492856,1,94591.78,95060.61
BTC,2025-01-09 00:00:00+00:00,2025-01-16 00:00:00+00:00,-0.01887827397174857,-0.018811644874034045,7,-1.0,rebalance,,0.328918880952381,0.00039385733561880955,1,95060.61,100497.35
BTC,2025-01-16 00:00:00+00:00,2025-01-23 00:00:00+00:00,-0.006569273143412436,-0.00664631259646577,7,-1.0,rebalance,,0.20812473809523807,0.00036841408638666666,1,100497.35,103706.66
BTC,2025-01-23 00:00:00+00:00,2025-01-30 00:00:00+00:00,-1.7748370780478525e-05,-7.888560895381195e-05,7,-1.0,rebalance,,0.3076706666666667,0.0004918761715066668,1,103706.66,103733.25
BTC,2025-01-30 00:00:00+00:00,2025-02-06 00:00:00+00:00,0.019020131466824155,0.01907456640038844,7,-1.0,rebalance,,0.27787102380952383,0.00033458449976904767,1,103733.25,96612.44
BTC,2025-02-06 00:00:00+00:00,2025-02-13 00:00:00+00:00,-0.002849480415485034,-0.00272415484924932,7,-1.0,rebalance,,0.2092840476190476,0.00016767210043095235,1,96612.44,97870.0
BTC,2025-02-13 00:00:00+00:00,2025-02-20 00:00:00+00:00,0.0017075874826876615,0.0017438456518681375,7,-1.0,rebalance,,0.13925097619047613,0.0001586931974861904,1,97870.0,96644.37
BTC,2025-02-20 00:00:00+00:00,2025-02-27 00:00:00+00:00,0.025293626236328883,0.025402612058465075,7,-1.0,rebalance,,0.19807680952380946,0.00016832171119714277,1,96644.37,84250.09
BTC,2025-02-27 00:00:00+00:00,2025-03-06 00:00:00+00:00,-0.011297848264885385,-0.0111426231000211,7,-1.0,rebalance,,0.1476998571428571,5.1554635135714274e-05,1,84250.09,90606.0
BTC,2025-03-06 00:00:00+00:00,2025-03-13 00:00:00+00:00,0.004595250152498853,0.004637449748991711,7,-1.0,rebalance,,0.06066821428571424,4.273590350714283e-05,1,90606.0,83680.12
BTC,2025-03-13 00:00:00+00:00,2025-03-20 00:00:00+00:00,-0.004752232864639095,-0.004631991993370523,7,-1.0,rebalance,,0.12243490476190472,5.116799539809522e-05,1,83680.12,86845.93
BTC,2025-03-20 00:00:00+00:00,2025-03-27 00:00:00+00:00,-0.00013627385713174228,-5.289432946698043e-05,7,-1.0,rebalance,,0.07263847619047616,1.8314339001904755e-05,1,86845.93,86909.17
BTC,2025-03-27 00:00:00+00:00,2025-04-03 00:00:00+00:00,0.0021791929006723825,0.00221504635696643,7,-1.0,rebalance,,0.0438225952380952,2.5498177039285693e-05,1,86909.17,82516.28
BTC,2025-04-03 00:00:00+00:00,2025-04-10 00:00:00+00:00,-0.0001641575851207728,-0.00012125980724220139,7,-1.0,rebalance,,0.10113107142857139,9.868572212142853e-05,1,82516.28,82615.22
BTC,2025-04-10 00:00:00+00:00,2025-04-17 00:00:00+00:00,-0.0029920017284788486,-0.002905285158905515,7,-1.0,rebalance,,0.16960680952380952,0.00015073296376,1,82615.22,84030.38
BTC,2025-04-17 00:00:00+00:00,2025-04-24 00:00:00+00:00,-0.01790935120538323,-0.01775866612670323,7,-1.0,rebalance,,0.15446799999999997,6.557012131999998e-05,1,84030.38,93691.07
BTC,2025-04-24 00:00:00+00:00,2025-05-01 00:00:00+00:00,-0.0004997114814138375,-0.0003787256358812185,7,-1.0,rebalance,,0.07378040476190474,-1.7693278865952372e-05,1,93691.07,94172.0
BTC,2025-05-15 00:00:00+00:00,2025-05-22 00:00:00+00:00,-0.015186354296842298,-0.015104533308888012,7,-1.0,rebalance,,0.25479085714285715,0.0002748862120457143,1,103507.83,109643.99
BTC,2025-05-22 00:00:00+00:00,2025-05-29 00:00:00+00:00,0.003194211508772209,0.003184831864366971,7,-1.0,rebalance,,0.18751788095238095,0.00027190467773857143,1,109643.99,107781.78
BTC,2025-05-29 00:00:00+00:00,2025-06-05 00:00:00+00:00,0.007070758123951408,0.007213501338034265,7,-1.0,rebalance,,0.25202728571428573,0.00021009498591714285,1,107781.78,104696.86
BTC,2025-06-05 00:00:00+00:00,2025-06-12 00:00:00+00:00,-0.005592550855226341,-0.0054640527385034846,7,-1.0,rebalance,,0.1448910952380952,7.434941661047618e-05,1,104696.86,108645.13
BTC,2025-06-12 00:00:00+00:00,2025-06-19 00:00:00+00:00,0.003006328665378559,0.0030852846741628447,7,-1.0,rebalance,,0.08918861904761903,4.5908057882380944e-05,1,108645.13,104886.79
BTC,2025-06-19 00:00:00+00:00,2025-06-26 00:00:00+00:00,-0.0021712691485219113,-0.002093010555249054,7,-1.0,rebalance,,0.08946497619047616,4.699237339380952e-05,1,104886.79,107340.59
BTC,2025-06-26 00:00:00+00:00,2025-07-03 00:00:00+00:00,-0.0013549179258275162,-0.0012834328787327542,7,-1.0,rebalance,,0.09129519047619043,5.632821957190473e-05,1,107340.59,108849.59
BTC,2025-07-03 00:00:00+00:00,2025-07-10 00:00:00+00:00,-0.002426008218351008,-0.0023491234050736273,7,-1.0,rebalance,,0.10723873809523807,7.324942005595236e-05,1,108849.59,111234.0
BTC,2025-07-10 00:00:00+00:00,2025-07-17 00:00:00+00:00,-0.007824826608472174,-0.007894256786979316,7,-1.0,rebalance,,0.11872059523809521,0.00023563901184047613,1,111234.0,118630.44
BTC,2025-07-17 00:00:00+00:00,2025-07-24 00:00:00+00:00,-0.0001236455389296145,-0.0003651319722629478,7,-1.0,rebalance,,0.344980619047619,0.0007244593,1,118630.44,118756.0
BTC,2025-07-24 00:00:00+00:00,2025-08-07 00:00:00+00:00,0.012248128738648967,0.011567932988648966,14,-1.0,rebalance,,0.3650000000000001,0.0011911957500000004,1,118756.0,114992.27
BTC,2025-08-07 00:00:00+00:00,2025-08-14 00:00:00+00:00,-0.014566712412291257,-0.0146220704921234,7,-1.0,rebalance,,0.20223607142857142,0.0003384885798321428,1,114992.27,123306.44
BTC,2025-08-14 00:00:00+00:00,2025-08-21 00:00:00+00:00,0.021256380919129198,0.02131628224135277,7,-1.0,rebalance,,0.2909102142857143,0.0003473729777764286,1,123306.44,114271.23
BTC,2025-08-21 00:00:00+00:00,2025-08-28 00:00:00+00:00,0.005500245967840409,0.005465471934736838,7,-1.0,rebalance,,0.20754421428571423,0.00032533593310357135,1,114271.23,111262.01
BTC,2025-08-28 00:00:00+00:00,2025-09-04 00:00:00+00:00,-0.0011402393782785226,-0.0010865439234166178,7,-1.0,rebalance,,0.27245511904761904,0.0003277417118047619,1,111262.01,111705.72
BTC,2025-09-04 00:00:00+00:00,2025-09-11 00:00:00+00:00,-0.004235668677424903,-0.004219322884927761,7,-1.0,rebalance,,0.2090789523809524,0.0002763647408361905,1,111705.72,113960.0
BTC,2025-09-11 00:00:00+00:00,2025-09-18 00:00:00+00:00,-0.005086279215129154,-0.005015035320162487,7,-1.0,rebalance,,0.22974490476190476,0.0002503989717,1,113960.0,116447.6
BTC,2025-09-18 00:00:00+00:00,2025-09-25 00:00:00+00:00,0.004996803675040169,0.005109059067340169,7,-1.0,rebalance,,0.189435,0.00015295360769999997,1,116447.6,113307.01
BTC,2025-09-25 00:00:00+00:00,2025-10-02 00:00:00+00:00,-0.006630351085097479,-0.006549469093848908,7,-1.0,rebalance,,0.14033728571428566,0.00011559020875142853,1,113307.01,118594.99
BTC,2025-10-02 00:00:00+00:00,2025-10-09 00:00:00+00:00,-0.005629951301996233,-0.005686828751077185,7,-1.0,rebalance,,0.14315995238095233,0.0002573013824142856,1,118594.99,123306.01
BTC,2025-10-09 00:00:00+00:00,2025-10-16 00:00:00+00:00,0.031371364992449545,0.03177620091203526,7,-1.0,rebalance,,0.3123878571428571,3.250708041428571e-05,1,123306.01,110763.28
BTC,2025-10-16 00:00:00+00:00,2025-10-23 00:00:00+00:00,0.0004918312963425294,0.0005218494771096722,7,-1.0,rebalance,,0.01808661904761901,-4.696914100476181e-06,1,110763.28,107567.45
BTC,2025-10-30 00:00:00+00:00,2025-11-06 00:00:00+00:00,0.009493395613439027,0.009504824111162359,7,-1.0,rebalance,,0.17042197619047617,0.0002271622689433333,1,110021.3,103885.16
BTC,2025-11-06 00:00:00+00:00,2025-11-13 00:00:00+00:00,0.004873067653065213,0.004974957174088547,7,-1.0,rebalance,,0.2316776666666667,0.00022245921231000003,1,103885.16,101654.37
BTC,2025-11-13 00:00:00+00:00,2025-11-20 00:00:00+00:00,0.01661580016111032,0.01658096278210032,7,-1.0,rebalance,,0.1668936428571428,0.00026848847900999995,1,101654.37,91554.96
BTC,2025-11-20 00:00:00+00:00,2025-11-27 00:00:00+00:00,0.003042946464487491,0.0032707454657108243,7,-1.0,rebalance,,0.27961433333333335,0.00016366106544333335,1,91554.96,90484.01
BTC,2025-11-27 00:00:00+00:00,2025-12-04 00:00:00+00:00,-0.0034119452722700325,-0.003312162013676699,7,-1.0,rebalance,,0.10173245238095234,4.264217473999998e-05,1,90484.01,93429.95
BTC,2025-12-04 00:00:00+00:00,2025-12-11 00:00:00+00:00,0.001049167837807399,0.0011030411851873988,7,-1.0,rebalance,,0.07285399999999996,4.8122252619999976e-05,1,93429.95,92015.38
BTC,2025-12-11 00:00:00+00:00,2025-12-18 00:00:00+00:00,0.007141414617324467,0.007201837228150657,7,-1.0,rebalance,,0.11480640476190475,0.00010030635584047618,1,92015.38,86243.23
BTC,2025-12-18 00:00:00+00:00,2025-12-25 00:00:00+00:00,-0.002526834862308659,-0.0025112755550562777,7,-1.0,rebalance,,0.1518573809523809,0.00019704102608095233,1,86243.23,87669.44
BTC,2025-12-25 00:00:00+00:00,2026-01-01 00:00:00+00:00,2.2525336710657368e-05,5.4613006609704944e-05,7,-1.0,rebalance,,0.22552480952380952,0.00028364706343428575,1,87669.44,87648.21
BTC,2026-01-01 00:00:00+00:00,2026-01-08 00:00:00+00:00,-0.00932778510214627,-0.009267964195731985,7,-1.0,rebalance,,0.2186037142857143,0.0002462242935857143,1,87648.21,91364.16
BTC,2026-01-08 00:00:00+00:00,2026-01-15 00:00:00+00:00,-0.012058993809491323,-0.01197286072545918,7,-1.0,rebalance,,0.19577035714285715,0.00018794541596785713,1,91364.16,96951.78
BTC,2026-01-15 00:00:00+00:00,2026-01-22 00:00:00+00:00,0.012826389994311124,0.012903068253288982,7,-1.0,rebalance,,0.1668623571428571,0.00015692904102214284,1,96951.78,89454.73
BTC,2026-01-22 00:00:00+00:00,2026-01-29 00:00:00+00:00,0.00023621360721585313,0.00028274161387871027,7,-1.0,rebalance,,0.16346264285714282,0.0001823196933371428,1,89454.73,89300.0
BTC,2026-01-29 00:00:00+00:00,2026-02-05 00:00:00+00:00,0.03484024019512581,0.035025434835087715,7,-1.0,rebalance,,0.19386019047619044,8.620962670476188e-05,1,89300.0,73165.84
BTC,2026-02-05 00:00:00+00:00,2026-02-12 00:00:00+00:00,0.0062420446846057475,0.006426477603808128,7,-1.0,rebalance,,0.07729309523809522,-7.622258586904759e-05,1,73165.84,67082.52
BTC,2026-02-19 00:00:00+00:00,2026-02-26 00:00:00+00:00,-0.0010005446916556042,-0.0009521377738322711,7,-1.0,rebalance,,0.04143966666666663,9.608615509999992e-06,1,66461.0,67988.04
BTC,2026-02-26 00:00:00+00:00,2026-03-05 00:00:00+00:00,-0.0028317832245062504,-0.0027734069156133932,7,-1.0,rebalance,,0.040301214285714246,-1.954608892857141e-06,1,67988.04,72666.77
BTC,2026-03-26 00:00:00+00:00,2026-04-02 00:00:00+00:00,8.031042228249262e-05,8.346465534892113e-05,7,-1.0,rebalance,,0.0018475952380952,-5.675997330952265e-07,1,71336.53,68113.92
BTC,2026-04-09 00:00:00+00:00,2026-04-16 00:00:00+00:00,-0.004653479755053161,-0.004479706528512209,7,-1.0,rebalance,,0.08512495238095236,-5.459829320761903e-05,1,71069.93,74809.99
BTC,2026-05-14 00:00:00+00:00,2026-05-21 00:00:00+00:00,0.0010179699912374657,0.00105317467037318,7,-1.0,rebalance,,0.04742392857142854,3.11888208642857e-05,1,79313.61,77552.24
BTC,2026-05-21 00:00:00+00:00,2026-05-28 00:00:00+00:00,0.004536495617908998,0.004573541558733283,7,-1.0,rebalance,,0.11430757142857141,0.00012298465917571428,1,77552.24,74449.31
BTC,2026-05-28 00:00:00+00:00,2026-06-04 00:00:00+00:00,0.025896596212679954,0.025888242770589237,7,-1.0,rebalance,,0.18700340476190475,0.00027015820875738095,1,74449.31,64142.75
BTC,2026-06-04 00:00:00+00:00,2026-06-11 00:00:00+00:00,0.00998138661132139,0.010302459840842342,7,-1.0,rebalance,,0.2510974047619048,3.0463137145714286e-05,1,64142.75,61510.99
BTC,2026-06-11 00:00:00+00:00,2026-06-18 00:00:00+00:00,-0.0010597031861181484,-0.0010278843932952915,7,-1.0,rebalance,,0.02108657142857139,-2.2975928228571383e-06,1,61510.99,64509.4
BTC,2026-06-25 00:00:00+00:00,2026-07-02 00:00:00+00:00,0.0016823223178092522,0.001730753793354014,7,-1.0,rebalance,,0.10029504761904759,9.198159112190473e-05,1,61078.0,60024.0
BTC,2026-07-02 00:00:00+00:00,2026-07-09 00:00:00+00:00,-0.005989166597219755,-0.0060177187644902316,7,-1.0,rebalance,,0.15940245238095235,0.0002517156006038095,1,60024.0,62290.01
BTC,2026-07-09 00:00:00+00:00,2026-07-16 00:00:00+00:00,-0.010879901149345119,-0.010867031434139404,7,-1.0,rebalance,,0.27446609523809523,0.00037138281812761905,1,62290.01,64756.28
BTC,2026-07-16 00:00:00+00:00,2026-07-23 00:00:00+00:00,-0.005024673778744816,-0.004932815844512911,7,-1.0,rebalance,,0.23518340476190475,0.00023739883243476187,1,64756.28,66114.5
BTC,2026-07-23 00:00:00+00:00,2026-07-30 00:00:00+00:00,0.0055952588120061104,0.005652898352338968,7,-1.0,rebalance,,0.1754468095238095,0.00018798599300047617,1,66114.5,63984.29
BTC,2026-07-30 00:00:00+00:00,2026-08-06 00:00:00+00:00,-0.002013500934628611,-0.0019819625978464684,7,-1.0,rebalance,,0.18623169047619045,0.0002291860298845238,1,63984.29,64665.24
BTC,2026-08-06 00:00:00+00:00,2026-08-13 00:00:00+00:00,0.0038776479976869874,0.003920551797022702,7,-1.0,rebalance,,0.21389869047619045,0.0002565543673309523,1,64665.24,63479.99
BTC,2026-08-13 00:00:00+00:00,2026-08-20 00:00:00+00:00,-0.019284330874833,-0.019227345431116333,7,-1.0,rebalance,,0.20847061904761904,0.00023487342295,1,63479.99,69334.78
BTC,2026-08-20 00:00:00+00:00,2026-08-27 00:00:00+00:00,-0.0272736866213129,-0.0273645972169379,7,-1.0,rebalance,,0.19582249999999998,0.000365062095625,1,69334.78,79023.75
ETH,2020-01-02 00:00:00+00:00,2020-01-09 00:00:00+00:00,-0.00016267596569094787,-0.00016406544704785262,7,-1.0,rebalance,,0.002136119047619054,4.380048023571441e-06,1,130.72,140.76
ETH,2020-01-09 00:00:00+00:00,2020-01-16 00:00:00+00:00,-0.064548760962168,-0.06491809274144442,7,-1.0,rebalance,,0.3563912142857143,0.0008682794792764287,1,140.76,166.4
ETH,2020-01-16 00:00:00+00:00,2020-01-23 00:00:00+00:00,-0.0027301501676181925,-0.004249807579269621,7,-1.0,rebalance,,0.423453880952381,0.0021124928449847624,1,166.4,168.07
ETH,2020-01-23 00:00:00+00:00,2020-01-30 00:00:00+00:00,-0.024225136839892306,-0.028942454555499927,7,-1.0,rebalance,,0.8670870476190475,0.005931239582274286,1,168.07,173.68
ETH,2020-01-30 00:00:00+00:00,2020-03-05 00:00:00+00:00,-0.22403303182404422,-0.2912252418240442,35,-1.0,rebalance,,1.0,0.06859221,1,173.68,224.26
ETH,2020-03-05 00:00:00+00:00,2020-03-12 00:00:00+00:00,0.12045375902173701,0.11748795973423701,7,-1.0,rebalance,,0.8886290000000001,0.0042098798875,1,224.26,194.61
ETH,2020-03-12 00:00:00+00:00,2020-03-19 00:00:00+00:00,0.32185617263561306,0.3236823922570416,7,-1.0,rebalance,,0.8234226190476192,-0.0006734279547619048,1,194.61,118.11
ETH,2020-03-26 00:00:00+00:00,2020-04-02 00:00:00+00:00,0.001306586640294623,0.001233561090294623,7,-1.0,rebalance,,0.3650000000000001,0.0005840255500000002,1,136.11,135.65
ETH,2020-04-02 00:00:00+00:00,2020-04-09 00:00:00+00:00,-0.07690508734096677,-0.07688188484018749,7,-1.0,rebalance,,0.2781074047619048,0.00036614786588738105,1,135.65,173.15
ETH,2020-04-09 00:00:00+00:00,2020-04-16 00:00:00+00:00,0.02708924761266133,0.026973545372165616,7,-1.0,rebalance,,0.22883240476190475,0.000436067607162381,1,173.15,152.74
ETH,2020-04-16 00:00:00+00:00,2020-04-23 00:00:00+00:00,-0.06477935580399202,-0.06496790982497488,7,-1.0,rebalance,,0.33121490476190485,0.000652254887649524,1,152.74,182.7
ETH,2020-04-23 00:00:00+00:00,2020-04-30 00:00:00+00:00,-0.06102227368569871,-0.06126186941903204,7,-1.0,rebalance,,0.34227961904761917,0.0007187872000000003,1,182.7,215.4
ETH,2020-04-30 00:00:00+00:00,2020-05-07 00:00:00+00:00,0.029340003341457803,0.027925719591457804,7,-1.0,rebalance,,0.3650000000000001,0.0019252837500000003,1,215.4,198.92
ETH,2020-05-07 00:00:00+00:00,2020-05-14 00:00:00+00:00,-0.0012311283306186559,-0.0031801389108329415,7,-1.0,rebalance,,0.9168017857142857,0.0032325330802142854,1,198.92,199.61
ETH,2020-05-14 00:00:00+00:00,2020-05-21 00:00:00+00:00,-0.03173939200189696,-0.031868098878527436,7,-1.0,rebalance,,0.6128315238095238,0.0009866710099638095,1,199.61,209.99
ETH,2020-05-21 00:00:00+00:00,2020-05-28 00:00:00+00:00,0.0024432002243175064,0.002265453479644173,7,-1.0,rebalance,,0.27983680952380957,0.0005695182780066668,1,209.99,208.29
ETH,2020-05-28 00:00:00+00:00,2020-06-04 00:00:00+00:00,-0.06119816683834906,-0.0615624629923024,7,-1.0,rebalance,,0.3537336666666667,0.000859523287286667,1,208.29,244.54
ETH,2020-06-04 00:00:00+00:00,2020-06-11 00:00:00+00:00,-0.005136764765906995,-0.0055956420334389,7,-1.0,rebalance,,0.42233280952380964,0.0010501432008652386,1,244.54,247.78
ETH,2020-06-11 00:00:00+00:00,2020-06-18 00:00:00+00:00,0.024709984511806785,0.02434929788329893,7,-1.0,rebalance,,0.4321825952380953,0.0009657422618411906,1,247.78,233.82
ETH,2020-06-18 00:00:00+00:00,2020-06-25 00:00:00+00:00,-0.000973923915393384,-0.0012457965987267175,7,-1.0,rebalance,,0.38838954761904765,0.0008156180500000001,1,233.82,234.57
ETH,2020-06-25 00:00:00+00:00,2020-07-16 00:00:00+00:00,-0.00444536471069195,-0.006255275610691951,21,-1.0,rebalance,,0.3650000000000001,0.002320910900000001,1,234.57,238.59
ETH,2020-07-16 00:00:00+00:00,2020-07-23 00:00:00+00:00,-0.039302822496568704,-0.03956545946323537,7,-1.0,rebalance,,0.3751956666666667,0.0007879109000000002,1,238.59,263.75
ETH,2020-07-23 00:00:00+00:00,2020-07-30 00:00:00+00:00,-0.06972205588246444,-0.07474369668246444,7,-1.0,rebalance,,0.3650000000000001,0.005532640800000002,1,263.75,317.76
ETH,2020-07-30 00:00:00+00:00,2020-08-27 00:00:00+00:00,-0.1725230773615308,-0.2141553373615308,28,-1.0,rebalance,,1.0,0.04303226000000002,1,317.76,385.81
ETH,2020-08-27 00:00:00+00:00,2020-09-03 00:00:00+00:00,-0.09096904424134751,-0.09244104763571014,7,-1.0,rebalance,,0.6642704523809526,0.0024019820276959527,1,385.81,439.5
ETH,2020-09-03 00:00:00+00:00,2020-09-10 00:00:00+00:00,0.12729894774697764,0.1267705133349586,7,-1.0,rebalance,,0.628490023809524,0.0014083204453523815,1,439.5,350.85
ETH,2020-09-10 00:00:00+00:00,2020-09-17 00:00:00+00:00,-0.015556393260647635,-0.01575206807956192,7,-1.0,rebalance,,0.38947238095238107,0.0007409361522476194,1,350.85,365.04
ETH,2020-09-17 00:00:00+00:00,2020-09-24 00:00:00+00:00,0.04009093895987808,0.04014551058722855,7,-1.0,rebalance,,0.3306569761904763,0.0004083481393161906,1,365.04,320.72
ETH,2020-09-24 00:00:00+00:00,2020-10-01 00:00:00+00:00,-0.02613640059681864,-0.026175093010963404,7,-1.0,rebalance,,0.2146478095238096,0.00033919934747809544,1,320.72,359.83
ETH,2020-10-01 00:00:00+00:00,2020-10-08 00:00:00+00:00,0.01368637198331071,0.01393052926448071,7,-1.0,rebalance,,0.2746642380952382,0.00014037265216333342,1,359.83,341.58
ETH,2020-10-08 00:00:00+00:00,2020-10-15 00:00:00+00:00,-0.009550823055087062,-0.009650559180865395,7,-1.0,rebalance,,0.08882883333333343,0.00022409649244500024,1,341.58,378.69
ETH,2020-10-15 00:00:00+00:00,2020-10-22 00:00:00+00:00,-0.01274453328753955,-0.013454791174839551,7,-1.0,rebalance,,0.43848492857142873,0.0013241367873000006,1,378.69,390.31
ETH,2020-10-22 00:00:00+00:00,2020-10-29 00:00:00+00:00,0.005354313315085563,0.002810530860085562,7,-1.0,rebalance,,0.5248700000000002,0.003278600455000001,1,390.31,388.22
ETH,2020-10-29 00:00:00+00:00,2020-11-05 00:00:00+00:00,-0.03588231721961777,-0.03678326721961778,7,-1.0,rebalance,,1.0,0.00230095,1,388.22,402.5
ETH,2020-11-05 00:00:00+00:00,2020-11-12 00:00:00+00:00,-0.05667333120005262,-0.06020267918663119,7,-1.0,rebalance,,0.39992702380952394,0.004089245819911906,1,402.5,463.09
ETH,2020-11-12 00:00:00+00:00,2020-11-19 00:00:00+00:00,-0.02971971041482214,-0.03312531041482214,7,-1.0,rebalance,,1.0,0.0048056,1,463.09,478.43
ETH,2020-11-19 00:00:00+00:00,2020-11-26 00:00:00+00:00,-0.14783532636342012,-0.1587835427982201,7,-1.0,rebalance,,0.8352590476190479,0.012117579101466672,1,478.43,569.38
ETH,2020-11-26 00:00:00+00:00,2020-12-03 00:00:00+00:00,-0.044504248863676224,-0.04829814886367623,7,-1.0,rebalance,,1.0,0.0051938999999999996,1,569.38,596.88
ETH,2020-12-03 00:00:00+00:00,2020-12-10 00:00:00+00:00,0.037840475087389636,0.0358147418002182,7,-1.0,rebalance,,0.9027492857142859,0.00328958228717143,1,596.88,573.2
ETH,2020-12-10 00:00:00+00:00,2020-12-17 00:00:00+00:00,-0.0696035312593144,-0.0706944344963944,7,-1.0,rebalance,,0.6333549523809525,0.001977600170413334,1,573.2,637.18
ETH,2020-12-17 00:00:00+00:00,2020-12-24 00:00:00+00:00,0.0483771994886603,0.04403452310702363,7,-1.0,rebalance,,0.5427063333333335,0.005102465248303336,1,637.18,585.48
ETH,2020-12-24 00:00:00+00:00,2021-04-29 00:00:00+00:00,-3.419824411036415,-3.6939775910364148,126,-1.0,rebalance,,1.0,0.2755531799999999,1,585.48,2748.23
ETH,2021-04-29 00:00:00+00:00,2021-05-06 00:00:00+00:00,-0.17759467626370543,-0.1811771405543621,7,-1.0,rebalance,,0.6415622380952384,0.004480651423990002,1,2748.23,3524.33
ETH,2021-05-06 00:00:00+00:00,2021-05-20 00:00:00+00:00,0.31966822782962995,0.30797626782962995,14,-1.0,rebalance,,1.0,0.01309196,1,3524.33,2438.92
ETH,2021-05-20 00:00:00+00:00,2021-05-27 00:00:00+00:00,-0.06687888186001437,-0.06714266829170293,7,-1.0,rebalance,,0.3672473571428573,0.0007779327316885719,1,2438.92,2884.82
ETH,2021-05-27 00:00:00+00:00,2021-06-03 00:00:00+00:00,0.023052954443671336,0.022795230377004667,7,-1.0,rebalance,,0.3681772380952383,0.0007731722000000004,1,2884.82,2706.21
ETH,2021-06-03 00:00:00+00:00,2021-06-17 00:00:00+00:00,0.0466078752336005,0.0456133670336005,14,-1.0,rebalance,,0.3650000000000001,0.0015055082000000003,1,2706.21,2368.02
ETH,2021-06-17 00:00:00+00:00,2021-06-24 00:00:00+00:00,0.05900783507105284,0.05945393209235284,7,-1.0,rebalance,,0.35190866666666687,4.6575112033333355e-05,1,2368.02,1967.95
ETH,2021-06-24 00:00:00+00:00,2021-07-01 00:00:00+00:00,-0.003625808400884617,-0.0035971064662405692,7,-1.0,rebalance,,0.02300369047619061,3.5032320226190702e-06,1,1967.95,2275.68
ETH,2021-07-01 00:00:00+00:00,2021-07-08 00:00:00+00:00,-0.00048375672634871794,-0.0004718878239010988,7,-1.0,rebalance,,0.02646945238095252,2.518833088571442e-05,1,2275.68,2316.25
ETH,2021-07-08 00:00:00+00:00,2021-07-15 00:00:00+00:00,0.023026461514247684,0.022981723241076255,7,-1.0,rebalance,,0.16539714285714302,0.00027629427317142884,1,2316.25,1994.41
ETH,2021-07-15 00:00:00+00:00,2021-07-22 00:00:00+00:00,-0.0005481048746089037,-0.0001586826719967608,7,-1.0,rebalance,,0.2903470714285716,1.7063697387857148e-05,1,1994.41,1995.5
ETH,2021-07-22 00:00:00+00:00,2021-07-29 00:00:00+00:00,-0.001559730358810199,-0.0015633152378566279,7,-1.0,rebalance,,0.010214785714285853,1.788557904642882e-05,1,1995.5,2300.9
ETH,2021-07-29 00:00:00+00:00,2021-08-05 00:00:00+00:00,-0.05589423123627878,-0.05603466513879663,7,-1.0,rebalance,,0.3043317857142859,0.0005664984025178573,1,2300.9,2724.55
ETH,2021-08-05 00:00:00+00:00,2021-08-12 00:00:00+00:00,-0.051168525824289636,-0.05175677566893964,7,-1.0,rebalance,,0.3235377380952383,0.001041202677983334,1,2724.55,3160.4
ETH,2021-08-12 00:00:00+00:00,2021-08-19 00:00:00+00:00,0.027107568894346,0.025879067757245997,7,-1.0,rebalance,,0.5593503333333336,0.002011591603766668,1,3160.4,3014.18
ETH,2021-08-19 00:00:00+00:00,2021-08-26 00:00:00+00:00,-0.041630463796241586,-0.04410905858783683,7,-1.0,rebalance,,0.6250711904761906,0.003353694458261906,1,3014.18,3226.88
ETH,2021-08-26 00:00:00+00:00,2021-09-02 00:00:00+00:00,-0.17251031648518517,-0.173377439025578,7,-1.0,rebalance,,0.9325402380952384,0.0021726788737261916,1,3226.88,3826.82
ETH,2021-09-02 00:00:00+00:00,2021-09-09 00:00:00+00:00,0.03831002324751494,0.034688513837860174,7,-1.0,rebalance,,0.4049501190476192,0.00418843957632143,1,3826.82,3499.01
ETH,2021-09-09 00:00:00+00:00,2021-09-16 00:00:00+00:00,-0.032034973606820095,-0.032734973606820095,7,-1.0,rebalance,,1.0,0.0021,1,3499.01,3613.55
ETH,2021-09-16 00:00:00+00:00,2021-09-30 00:00:00+00:00,0.07758627027841394,0.07707974152841394,14,-1.0,rebalance,,0.3650000000000001,0.0010175287500000004,1,3613.55,2850.45
ETH,2021-09-30 00:00:00+00:00,2021-10-07 00:00:00+00:00,-0.03033448229411175,-0.030379957945236753,7,-1.0,rebalance,,0.11953750000000013,0.00021282815112500027,1,2850.45,3574.88
ETH,2021-10-07 00:00:00+00:00,2021-10-14 00:00:00+00:00,-0.002306514416431316,-0.0028159249013086974,7,-1.0,rebalance,,0.3094556904761906,0.0009426484515440481,1,3574.88,3607.41
ETH,2021-10-14 00:00:00+00:00,2021-10-21 00:00:00+00:00,-0.07825583554693388,-0.08130322199372436,7,-1.0,rebalance,,0.5294498809523811,0.0037886162801238103,1,3607.41,4161.37
ETH,2021-10-21 00:00:00+00:00,2021-11-04 00:00:00+00:00,-0.09434415442457668,-0.10621021442457668,14,-1.0,rebalance,,1.0,0.013266060000000001,1,4161.37,4603.35
ETH,2021-11-04 00:00:00+00:00,2021-11-11 00:00:00+00:00,-0.001611902805365194,-0.005120394189738528,7,-1.0,rebalance,,0.9305553333333335,0.004811268851040001,1,4603.35,4628.68
ETH,2021-11-11 00:00:00+00:00,2021-11-18 00:00:00+00:00,0.06717366102984608,0.06612888954333179,7,-1.0,rebalance,,0.8986508571428574,0.002302882686514287,1,4628.68,4288.07
ETH,2021-11-18 00:00:00+00:00,2021-11-25 00:00:00+00:00,0.0021783371873816057,0.0018665541873816055,7,-1.0,rebalance,,0.44540428571428586,0.0009353490000000005,1,4288.07,4270.1
ETH,2021-11-25 00:00:00+00:00,2021-12-02 00:00:00+00:00,-0.02621682693463615,-0.026741821034636147,7,-1.0,rebalance,,0.3650000000000001,0.0010359941000000002,1,4270.1,4582.95
ETH,2021-12-02 00:00:00+00:00,2021-12-09 00:00:00+00:00,0.016047049298541005,0.01572043982525291,7,-1.0,rebalance,,0.49333052380952397,0.0010172722066214292,1,4582.95,4436.91
ETH,2021-12-09 00:00:00+00:00,2021-12-16 00:00:00+00:00,0.03378808533571519,0.033714239790272334,7,-1.0,rebalance,,0.3584039285714287,0.0005756110454428574,1,4436.91,4019.54
ETH,2021-12-16 00:00:00+00:00,2021-12-23 00:00:00+00:00,0.002927935938492098,0.002779963940199717,7,-1.0,rebalance,,0.27914504761904774,0.0005387750649590479,1,4019.54,3979.51
ETH,2021-12-23 00:00:00+00:00,2021-12-30 00:00:00+00:00,0.02959835183749862,0.02944810912835529,7,-1.0,rebalance,,0.335468023809524,0.0006198979424766671,1,3979.51,3630.18
ETH,2021-12-30 00:00:00+00:00,2022-01-06 00:00:00+00:00,0.00805420496085526,0.007994488769151927,7,-1.0,rebalance,,0.3211756666666668,0.0005093621250366669,1,3630.18,3539.82
ETH,2022-01-06 00:00:00+00:00,2022-01-13 00:00:00+00:00,0.012881126152245303,0.013099479335780066,7,-1.0,rebalance,,0.27564973809523824,0.0001675564497985715,1,3539.82,3371.6
ETH,2022-01-13 00:00:00+00:00,2022-01-20 00:00:00+00:00,0.00898579457179164,0.009011555664118782,7,-1.0,rebalance,,0.10565185714285726,0.0001221515076728573,1,3371.6,3084.02
ETH,2022-01-20 00:00:00+00:00,2022-01-27 00:00:00+00:00,0.04023526034730061,0.04046538409376632,7,-1.0,rebalance,,0.20095335714285728,5.1210953534285784e-05,1,3084.02,2463.0
ETH,2022-01-27 00:00:00+00:00,2022-02-03 00:00:00+00:00,-0.003996927311444742,-0.003906938180306647,7,-1.0,rebalance,,0.04429361904761917,-2.7978064471428652e-05,1,2463.0,2680.25
ETH,2022-02-10 00:00:00+00:00,2022-02-17 00:00:00+00:00,0.004743868050595422,0.004811873712629708,7,-1.0,rebalance,,0.12868161904761918,0.0001121486046323811,1,3243.6,3122.31
ETH,2022-02-17 00:00:00+00:00,2022-02-24 00:00:00+00:00,0.026171541328984423,0.026324655772717757,7,-1.0,rebalance,,0.15147847619047633,5.895542293333339e-05,1,3122.31,2579.7
ETH,2022-02-24 00:00:00+00:00,2022-03-03 00:00:00+00:00,-0.009659215852323684,-0.00963972211239035,7,-1.0,rebalance,,0.06764666666666677,7.521159340000013e-05,1,2579.7,2947.31
ETH,2022-03-03 00:00:00+00:00,2022-03-10 00:00:00+00:00,0.014411326496222643,0.014446404626834072,7,-1.0,rebalance,,0.19324664285714302,0.0002354671693885716,1,2947.31,2726.98
ETH,2022-03-10 00:00:00+00:00,2022-03-17 00:00:00+00:00,-0.003750366031236273,-0.0036361469925391297,7,-1.0,rebalance,,0.2117834285714287,0.00018227776130285727,1,2726.98,2773.8
ETH,2022-03-17 00:00:00+00:00,2022-03-24 00:00:00+00:00,-0.014072085817880765,-0.014140223066516956,7,-1.0,rebalance,,0.1495943809523811,0.00027756938196952407,1,2773.8,3035.99
ETH,2022-03-24 00:00:00+00:00,2022-03-31 00:00:00+00:00,-0.03706840753927361,-0.03715880431596885,7,-1.0,rebalance,,0.3225000952380954,0.0005418969100285719,1,3035.99,3385.8
ETH,2022-03-31 00:00:00+00:00,2022-04-07 00:00:00+00:00,0.018835281691606663,0.018742125819599522,7,-1.0,rebalance,,0.292052142857143,0.0005020288720071431,1,3385.8,3168.52
ETH,2022-04-07 00:00:00+00:00,2022-04-14 00:00:00+00:00,0.004443504732927785,0.004737345341944215,7,-1.0,rebalance,,0.29877335714285735,0.00012444209098357156,1,3168.52,3118.28
ETH,2022-04-14 00:00:00+00:00,2022-04-21 00:00:00+00:00,0.000859892196360534,0.0009808680911241056,7,-1.0,rebalance,,0.0723934047619049,-1.9625128096904804e-05,1,3118.28,3076.03
ETH,2022-05-05 00:00:00+00:00,2022-05-12 00:00:00+00:00,0.01499162909640419,0.014984713941767046,7,-1.0,rebalance,,0.05149802380952394,7.901238797047639e-05,1,2940.65,2084.99
ETH,2022-05-12 00:00:00+00:00,2022-05-19 00:00:00+00:00,0.021090776535706915,0.021727835747527867,7,-1.0,rebalance,,0.26667247619047635,-0.00026371774515428583,1,2084.99,1915.11
ETH,2022-05-26 00:00:00+00:00,2022-06-02 00:00:00+00:00,0.009230915823986042,0.00925526072914033,7,-1.0,rebalance,,0.14420628571428587,0.00017754389484571449,1,1942.64,1817.96
ETH,2022-06-02 00:00:00+00:00,2022-06-09 00:00:00+00:00,0.003026979216157865,0.003069858694570246,7,-1.0,rebalance,,0.21399080952380964,0.0002567076549209525,1,1817.96,1791.88
ETH,2022-06-09 00:00:00+00:00,2022-06-16 00:00:00+00:00,0.06407065622070528,0.06450485408116194,7,-1.0,rebalance,,0.20850538095238108,-0.0001422903271233334,1,1791.88,1237.53
ETH,2022-07-14 00:00:00+00:00,2022-07-21 00:00:00+00:00,-0.02491301578997379,-0.02485562498991046,7,-1.0,rebalance,,0.0681576666666668,3.802993327000007e-05,1,1115.01,1521.63
ETH,2022-07-21 00:00:00+00:00,2022-07-28 00:00:00+00:00,-0.007249741338724145,-0.007272756750984145,7,-1.0,rebalance,,0.09698050000000014,0.00015878811226000022,1,1521.63,1635.74
ETH,2022-07-28 00:00:00+00:00,2022-08-04 00:00:00+00:00,0.0030828119348124466,0.003058522877369589,7,-1.0,rebalance,,0.2845818095238097,0.00042270359077619085,1,1635.74,1618.16
ETH,2022-08-04 00:00:00+00:00,2022-08-11 00:00:00+00:00,-0.037706109651888156,-0.037559885891853634,7,-1.0,rebalance,,0.2581679761904764,0.000215211406632143,1,1618.16,1853.58
ETH,2022-08-11 00:00:00+00:00,2022-08-18 00:00:00+00:00,0.0014068587230351144,0.0015117557198194,7,-1.0,rebalance,,0.14488935714285728,9.794810321571437e-05,1,1853.58,1834.24
ETH,2022-08-18 00:00:00+00:00,2022-08-25 00:00:00+00:00,0.011243197912033324,0.011381919244093324,7,-1.0,rebalance,,0.11749871428571443,2.577686794000004e-05,1,1834.24,1656.56
ETH,2022-08-25 00:00:00+00:00,2022-09-01 00:00:00+00:00,0.0022388072028554362,0.0023581715422321035,7,-1.0,rebalance,,0.038130333333333453,-6.598187271000022e-05,1,1656.56,1554.11
ETH,2022-10-06 00:00:00+00:00,2022-10-13 00:00:00+00:00,0.005816186389470049,0.00591648338862243,7,-1.0,rebalance,,0.13850880952380962,9.361533418095243e-05,1,1352.2,1294.44
ETH,2022-10-13 00:00:00+00:00,2022-10-20 00:00:00+00:00,0.000749175333393703,0.0008485410385222744,7,-1.0,rebalance,,0.11747438095238101,6.509842820476194e-05,1,1294.44,1285.09
ETH,2022-10-20 00:00:00+00:00,2022-10-27 00:00:00+00:00,-0.021137451459334888,-0.02106224171996108,7,-1.0,rebalance,,0.09631654761904772,5.963342729285721e-05,1,1285.09,1566.11
ETH,2022-10-27 00:00:00+00:00,2022-11-03 00:00:00+00:00,0.003238347740498876,0.003283116663033162,7,-1.0,rebalance,,0.10761242857142866,0.00010588847746571437,1,1566.11,1518.33
ETH,2022-11-03 00:00:00+00:00,2022-11-10 00:00:00+00:00,0.04647200204472495,0.046813294594029234,7,-1.0,rebalance,,0.17102509523809534,-0.00010185741597095242,1,1518.33,1102.73
ETH,2022-12-01 00:00:00+00:00,2022-12-08 00:00:00+00:00,0.001088387448276118,0.001109671883771356,7,-1.0,rebalance,,0.022699523809523888,1.0494897838095274e-05,1,1294.46,1231.18
ETH,2022-12-08 00:00:00+00:00,2022-12-15 00:00:00+00:00,-0.005015265747578478,-0.004978141452760382,7,-1.0,rebalance,,0.08035909523809533,7.537843851523818e-05,1,1231.18,1307.45
ETH,2022-12-15 00:00:00+00:00,2022-12-22 00:00:00+00:00,0.011629334932738336,0.01168049099246262,7,-1.0,rebalance,,0.16303680952380964,0.00017709547360904776,1,1307.45,1213.78
ETH,2022-12-22 00:00:00+00:00,2022-12-29 00:00:00+00:00,0.003611159857906306,0.0036755226837608297,7,-1.0,rebalance,,0.18879711904761914,0.00019995314081214298,1,1213.78,1190.15
ETH,2022-12-29 00:00:00+00:00,2023-01-05 00:00:00+00:00,-0.01025421838452186,-0.010325737118370431,7,-1.0,rebalance,,0.18407992857142866,0.0003292306338485716,1,1190.15,1256.91
ETH,2023-01-05 00:00:00+00:00,2023-01-12 00:00:00+00:00,-0.032670879043486534,-0.03276772493162558,7,-1.0,rebalance,,0.31086180952380965,0.0005320524214723812,1,1256.91,1389.4
ETH,2023-01-12 00:00:00+00:00,2023-01-19 00:00:00+00:00,-0.025554159669207172,-0.026129766423327646,7,-1.0,rebalance,,0.2974819523809525,0.0009920814874538099,1,1389.4,1511.44
ETH,2023-01-19 00:00:00+00:00,2023-01-26 00:00:00+00:00,-0.0381381277763348,-0.03854594112064052,7,-1.0,rebalance,,0.5796425952380954,0.001219312977639048,1,1511.44,1611.95
ETH,2023-01-26 00:00:00+00:00,2023-02-02 00:00:00+00:00,-0.006485088364733907,-0.006741021498067241,7,-1.0,rebalance,,0.36561876190476206,0.0007677994000000004,1,1611.95,1641.67
ETH,2023-02-02 00:00:00+00:00,2023-02-16 00:00:00+00:00,-0.0066988654335033955,-0.007392624583503395,14,-1.0,rebalance,,0.3650000000000001,0.0012047591500000006,1,1641.67,1674.92
ETH,2023-02-16 00:00:00+00:00,2023-02-23 00:00:00+00:00,0.004113183190125072,0.003958538231676739,7,-1.0,rebalance,,0.2086948333333334,0.0004468177251150001,1,1674.92,1643.15
ETH,2023-02-23 00:00:00+00:00,2023-03-02 00:00:00+00:00,-0.005035015387918326,-0.005000507965101898,7,-1.0,rebalance,,0.37212792857142873,0.0004864716771835716,1,1643.15,1665.23
ETH,2023-03-02 00:00:00+00:00,2023-03-09 00:00:00+00:00,0.018059809548459857,0.01812701094557795,7,-1.0,rebalance,,0.2272159761904763,0.0002509009695485715,1,1665.23,1532.38
ETH,2023-03-09 00:00:00+00:00,2023-03-16 00:00:00+00:00,-0.014732059441373374,-0.014725399559601947,7,-1.0,rebalance,,0.19192742857142867,0.0002620385182285716,1,1532.38,1649.95
ETH,2023-03-16 00:00:00+00:00,2023-03-23 00:00:00+00:00,-0.012059555948840936,-0.012137293757819509,7,-1.0,rebalance,,0.23730214285714296,0.00040996080897857164,1,1649.95,1734.34
ETH,2023-03-23 00:00:00+00:00,2023-03-30 00:00:00+00:00,-0.010304243120150306,-0.010166373417196735,7,-1.0,rebalance,,0.3002715952380954,0.00028251053037976206,1,1734.34,1793.06
ETH,2023-03-30 00:00:00+00:00,2023-04-06 00:00:00+00:00,-0.010585288512653194,-0.01054464836249605,7,-1.0,rebalance,,0.16352869047619056,0.00018830001650952394,1,1793.06,1908.68
ETH,2023-04-06 00:00:00+00:00,2023-04-13 00:00:00+00:00,-0.0010791095754817668,-0.0009143518143179571,7,-1.0,rebalance,,0.20013819047619058,0.0001154357055028572,1,1908.68,1917.4
ETH,2023-04-13 00:00:00+00:00,2023-04-20 00:00:00+00:00,-0.000795192575198238,-0.0008543249534339524,7,-1.0,rebalance,,0.10024985714285721,0.00019948217823571445,1,1917.4,1933.74
ETH,2023-04-20 00:00:00+00:00,2023-04-27 00:00:00+00:00,0.011947744042901744,0.012113702507526745,7,-1.0,rebalance,,0.3458548809523811,0.0003182383687083334,1,1933.74,1866.01
ETH,2023-04-27 00:00:00+00:00,2023-05-04 00:00:00+00:00,-0.003399352068408668,-0.0033520157403586683,7,-1.0,rebalance,,0.15993083333333344,0.00017656683861666677,1,1866.01,1905.12
ETH,2023-05-04 00:00:00+00:00,2023-05-11 00:00:00+00:00,0.006450362001678851,0.00647547454003647,7,-1.0,rebalance,,0.19188919047619057,0.00024353232830904778,1,1905.12,1840.83
ETH,2023-05-11 00:00:00+00:00,2023-05-18 00:00:00+00:00,0.0020131979618296047,0.002242021556916748,7,-1.0,rebalance,,0.22058688095238108,7.999803824619052e-05,1,1840.83,1822.12
ETH,2023-05-18 00:00:00+00:00,2023-05-25 00:00:00+00:00,0.0007465576706063584,0.0007690165999730251,7,-1.0,rebalance,,0.06303376190476198,6.578833730000008e-05,1,1822.12,1799.89
ETH,2023-05-25 00:00:00+00:00,2023-06-01 00:00:00+00:00,-0.007494869177698883,-0.007432012345198883,7,-1.0,rebalance,,0.1814050000000001,0.0001911101675000001,1,1799.89,1873.63
ETH,2023-06-01 00:00:00+00:00,2023-06-08 00:00:00+00:00,0.004020005116387662,0.004056738479137662,7,-1.0,rebalance,,0.18310833333333343,0.00021961830391666683,1,1873.63,1832.12
ETH,2023-06-08 00:00:00+00:00,2023-06-15 00:00:00+00:00,0.02054946355422886,0.02061419414706148,7,-1.0,rebalance,,0.20846540476190487,0.0002271209738340477,1,1832.12,1650.95
ETH,2023-06-15 00:00:00+00:00,2023-06-22 00:00:00+00:00,-0.027544097596132855,-0.02731577226892452,7,-1.0,rebalance,,0.18936373809523818,3.678390612500002e-05,1,1650.95,1889.1
ETH,2023-06-22 00:00:00+00:00,2023-06-29 00:00:00+00:00,0.0010981666172039997,0.0010914593589539997,7,-1.0,rebalance,,0.03376250000000008,5.397475825000012e-05,1,1889.1,1828.03
ETH,2023-06-29 00:00:00+00:00,2023-07-06 00:00:00+00:00,-0.012383097078395125,-0.012512719856895125,7,-1.0,rebalance,,0.27786233333333343,0.0005186300451666668,1,1828.03,1910.35
ETH,2023-07-06 00:00:00+00:00,2023-07-13 00:00:00+00:00,0.006445655041096207,0.006543161356620017,7,-1.0,rebalance,,0.3244154761904763,0.00035667535114285723,1,1910.35,1871.82
ETH,2023-07-13 00:00:00+00:00,2023-07-20 00:00:00+00:00,-0.0017581843284171094,-0.0017171451650571095,7,-1.0,rebalance,,0.191093142857143,0.00022649123664000015,1,1871.82,1888.64
ETH,2023-07-20 00:00:00+00:00,2023-07-27 00:00:00+00:00,0.0017639670617085848,0.001816121600728585,7,-1.0,rebalance,,0.20600600000000008,0.0002362538609800001,1,1888.64,1871.99
ETH,2023-07-27 00:00:00+00:00,2023-08-03 00:00:00+00:00,0.003405844778954661,0.0034169514452279948,7,-1.0,rebalance,,0.19932997619047632,0.00026795530039333353,1,1871.99,1839.9
ETH,2023-08-03 00:00:00+00:00,2023-08-10 00:00:00+00:00,-0.001888407071156882,-0.0019632634309835486,7,-1.0,rebalance,,0.23364866666666675,0.0004019644931600002,1,1839.9,1855.36
ETH,2023-08-10 00:00:00+00:00,2023-08-17 00:00:00+00:00,0.007708084931101807,0.007663378685846093,7,-1.0,rebalance,,0.2990184285714287,0.00046333204525571443,1,1855.36,1807.81
ETH,2023-08-17 00:00:00+00:00,2023-08-24 00:00:00+00:00,0.018612128339428925,0.01909867304059821,7,-1.0,rebalance,,0.26931959523809534,-0.00010949726783595242,1,1807.81,1679.61
ETH,2023-08-31 00:00:00+00:00,2023-09-07 00:00:00+00:00,0.00068210382282247,0.0007025126072924701,7,-1.0,rebalance,,0.016619666666666744,2.8587488633333466e-06,1,1705.23,1633.15
ETH,2023-09-07 00:00:00+00:00,2023-09-14 00:00:00+00:00,0.00044092060589145477,0.00046754356421931196,7,-1.0,rebalance,,0.02989697619047627,1.5232808338809565e-05,1,1633.15,1607.61
ETH,2023-09-14 00:00:00+00:00,2023-09-21 00:00:00+00:00,-0.0009038762136640742,-0.0008075688396943123,7,-1.0,rebalance,,0.08855769047619057,2.767339269690479e-05,1,1607.61,1622.27
ETH,2023-09-21 00:00:00+00:00,2023-09-28 00:00:00+00:00,0.0007568702807352127,0.0007914692181766413,7,-1.0,rebalance,,0.054313738095238186,4.144029589190483e-05,1,1622.27,1598.63
ETH,2023-09-28 00:00:00+00:00,2023-10-05 00:00:00+00:00,-0.004092073429729307,-0.0039776574212502585,7,-1.0,rebalance,,0.13261319047619055,7.124245818761909e-05,1,1598.63,1646.58
ETH,2023-10-05 00:00:00+00:00,2023-10-12 00:00:00+00:00,0.00451012191027254,0.004520746932313969,7,-1.0,rebalance,,0.09337395238095247,0.00012009851129190489,1,1646.58,1566.86
ETH,2023-10-12 00:00:00+00:00,2023-10-19 00:00:00+00:00,0.00037917640425120895,0.0004865300137733518,7,-1.0,rebalance,,0.22355554761904772,0.00020562415714452394,1,1566.86,1563.45
ETH,2023-10-19 00:00:00+00:00,2023-10-26 00:00:00+00:00,-0.022899874630775825,-0.02287411186036987,7,-1.0,rebalance,,0.15986826190476197,0.0001980527962607144,1,1563.45,1787.15
ETH,2023-10-26 00:00:00+00:00,2023-11-02 00:00:00+00:00,-0.007059067551381662,-0.007209794301381662,7,-1.0,rebalance,,0.21532392857142868,0.0004521802500000002,1,1787.15,1846.99
ETH,2023-11-02 00:00:00+00:00,2023-11-09 00:00:00+00:00,-0.007770787926779739,-0.00812608622677974,7,-1.0,rebalance,,0.3650000000000001,0.0008662983000000001,1,1846.99,1888.11
ETH,2023-11-09 00:00:00+00:00,2023-11-16 00:00:00+00:00,-0.036033824867256946,-0.037225409928446945,7,-1.0,rebalance,,0.41252300000000014,0.001769117261190001,1,1888.11,2058.49
ETH,2023-11-16 00:00:00+00:00,2023-11-23 00:00:00+00:00,-0.0011909805268532792,-0.0017127516768532794,7,-1.0,rebalance,,0.7453873571428573,0.0015653134500000004,1,2058.49,2063.22
ETH,2023-11-23 00:00:00+00:00,2023-12-14 00:00:00+00:00,-0.03261074575676906,-0.034840249706769064,21,-1.0,rebalance,,0.3650000000000001,0.002740503950000001,1,2063.22,2260.16
ETH,2023-12-14 00:00:00+00:00,2023-12-21 00:00:00+00:00,0.015270931911184239,0.014753096717236142,7,-1.0,rebalance,,0.5750018809523811,0.001322837827281429,1,2260.16,2202.17
ETH,2023-12-21 00:00:00+00:00,2023-12-28 00:00:00+00:00,-0.02993240973197009,-0.03199017923360009,7,-1.0,rebalance,,0.3998627142857144,0.0026175773016300008,1,2202.17,2378.35
ETH,2023-12-28 00:00:00+00:00,2024-01-11 00:00:00+00:00,-0.07817114902537481,-0.0866230790253748,14,-1.0,rebalance,,1.0,0.009851929999999998,1,2378.35,2584.37
ETH,2024-01-11 00:00:00+00:00,2024-02-01 00:00:00+00:00,0.04427260861467785,0.042542399114677845,21,-1.0,rebalance,,0.3650000000000001,0.0022412095000000007,1,2584.37,2283.15
ETH,2024-02-01 00:00:00+00:00,2024-02-08 00:00:00+00:00,-0.020883181025355482,-0.020965866170693577,7,-1.0,rebalance,,0.33724261904761915,0.0005548248120047621,1,2283.15,2425.09
ETH,2024-02-08 00:00:00+00:00,2024-02-15 00:00:00+00:00,-0.041076565573390136,-0.04123511227506728,7,-1.0,rebalance,,0.2859479523809525,0.0005588738350104764,1,2425.09,2774.8
ETH,2024-02-15 00:00:00+00:00,2024-02-22 00:00:00+00:00,-0.023203259931966338,-0.023641413241108716,7,-1.0,rebalance,,0.3397037619047621,0.0009137385758090481,1,2774.8,2967.91
ETH,2024-02-22 00:00:00+00:00,2024-02-29 00:00:00+00:00,-0.06381866208000136,-0.06540362071048565,7,-1.0,rebalance,,0.4675145952380954,0.0022394790638176195,1,2967.91,3383.11
ETH,2024-02-29 00:00:00+00:00,2024-03-07 00:00:00+00:00,-0.09937505410562349,-0.10716859211100635,7,-1.0,rebalance,,0.832578904761905,0.008959148472049526,1,3383.11,3818.58
ETH,2024-03-07 00:00:00+00:00,2024-03-21 00:00:00+00:00,0.0925290343245394,0.07910008432453941,14,-1.0,rebalance,,1.0,0.014828949999999999,1,3818.58,3516.53
ETH,2024-03-21 00:00:00+00:00,2024-03-28 00:00:00+00:00,0.0065529276710321474,0.004006460017403575,7,-1.0,rebalance,,0.9190369761904764,0.0038331194202952394,1,3516.53,3501.2
ETH,2024-03-28 00:00:00+00:00,2024-04-04 00:00:00+00:00,0.043050872302656314,0.03941617928818965,7,-1.0,rebalance,,0.7249247619047621,0.004649587681133335,1,3501.2,3310.83
ETH,2024-04-04 00:00:00+00:00,2024-04-11 00:00:00+00:00,-0.06955973302470991,-0.07092179302470991,7,-1.0,rebalance,,1.0,0.00276206,1,3310.83,3545.64
ETH,2024-04-11 00:00:00+00:00,2024-04-18 00:00:00+00:00,0.07605947994195793,0.07585398497967459,7,-1.0,rebalance,,0.48007233333333343,0.0008775962289500003,1,3545.64,2985.41
ETH,2024-04-18 00:00:00+00:00,2024-04-25 00:00:00+00:00,-0.01671658123798425,-0.016536849494709252,7,-1.0,rebalance,,0.3177325000000001,0.0002650937567250001,1,2985.41,3140.79
ETH,2024-04-25 00:00:00+00:00,2024-05-02 00:00:00+00:00,0.0077505604295303645,0.007772022575530365,7,-1.0,rebalance,,0.1450145000000001,0.00018155815400000013,1,3140.79,2972.46
ETH,2024-05-02 00:00:00+00:00,2024-05-09 00:00:00+00:00,-0.0001308080727254639,-0.00012738289882070197,7,-1.0,rebalance,,0.21760952380952386,0.0003012281594285715,1,2972.46,2974.2
ETH,2024-05-09 00:00:00+00:00,2024-05-16 00:00:00+00:00,-0.004626549586747506,-0.004720216627280363,7,-1.0,rebalance,,0.24059757142857155,0.0004305036405328574,1,2974.2,3032.55
ETH,2024-05-16 00:00:00+00:00,2024-05-23 00:00:00+00:00,-0.07221905424130844,-0.07231776847168535,7,-1.0,rebalance,,0.3109991190476192,0.0005341129970435717,1,3032.55,3737.72
ETH,2024-05-23 00:00:00+00:00,2024-05-30 00:00:00+00:00,-0.0021126856670268517,-0.0023735019767589945,7,-1.0,rebalance,,0.2985022142857144,0.0006787194097321431,1,3737.72,3767.44
ETH,2024-05-30 00:00:00+00:00,2024-06-06 00:00:00+00:00,-0.009791393495063284,-0.010338811854557333,7,-1.0,rebalance,,0.3951994047619049,0.0011006975261607147,1,3767.44,3866.0
ETH,2024-06-06 00:00:00+00:00,2024-06-13 00:00:00+00:00,0.03883815220646818,0.03830013561248246,7,-1.0,rebalance,,0.48408907142857155,0.0012157412939857145,1,3866.0,3560.13
ETH,2024-06-13 00:00:00+00:00,2024-06-20 00:00:00+00:00,0.00019765495160141314,-4.659155437477753e-05,7,-1.0,rebalance,,0.4365052380952383,0.0008553538393095242,1,3560.13,3560.51
ETH,2024-06-20 00:00:00+00:00,2024-06-27 00:00:00+00:00,0.018077154408941018,0.018054341794400543,7,-1.0,rebalance,,0.3405884523809525,0.0004996364478738097,1,3560.51,3371.77
ETH,2024-06-27 00:00:00+00:00,2024-07-04 00:00:00+00:00,0.005946817970553041,0.005768335403886374,7,-1.0,rebalance,,0.2549750952380953,0.0005354477000000001,1,3371.77,3295.49
ETH,2024-07-04 00:00:00+00:00,2024-07-11 00:00:00+00:00,0.021559912538452245,0.021534566938452245,7,-1.0,rebalance,,0.3650000000000001,0.0005363456000000001,1,3295.49,3101.06
ETH,2024-07-11 00:00:00+00:00,2024-07-18 00:00:00+00:00,-0.023541872150910026,-0.023554077844350027,7,-1.0,rebalance,,0.2554026666666668,0.0003697694267733335,1,3101.06,3387.05
ETH,2024-07-18 00:00:00+00:00,2024-07-25 00:00:00+00:00,0.0038244065510293205,0.0038061148619286064,7,-1.0,rebalance,,0.25163969047619056,0.00037058725576738115,1,3387.05,3335.82
ETH,2024-07-25 00:00:00+00:00,2024-08-01 00:00:00+00:00,0.007950364288068619,0.007909639851242429,7,-1.0,rebalance,,0.2559675476190477,0.00039907900349285736,1,3335.82,3232.74
ETH,2024-08-01 00:00:00+00:00,2024-08-08 00:00:00+00:00,0.07433697423788531,0.0746006088046496,7,-1.0,rebalance,,0.2709864285714287,0.00011574643323571432,1,3232.74,2342.79
ETH,2024-08-08 00:00:00+00:00,2024-08-15 00:00:00+00:00,-0.010196691552726142,-0.010097824900469713,7,-1.0,rebalance,,0.07423926190476199,5.068314410238102e-06,1,2342.79,2661.45
ETH,2024-08-15 00:00:00+00:00,2024-08-22 00:00:00+00:00,0.00012208505241594,0.00013705315076189246,7,-1.0,rebalance,,0.011865976190476265,1.644268320714296e-06,1,2661.45,2630.71
ETH,2024-08-22 00:00:00+00:00,2024-08-29 00:00:00+00:00,0.0009157278899576591,0.0009373136383062305,7,-1.0,rebalance,,0.02408478571428579,1.213295165142861e-05,1,2630.71,2528.33
ETH,2024-08-29 00:00:00+00:00,2024-09-05 00:00:00+00:00,0.002639939787048817,0.0026880486871345317,7,-1.0,rebalance,,0.0875582857142858,7.447269991428578e-05,1,2528.33,2450.71
ETH,2024-09-05 00:00:00+00:00,2024-09-12 00:00:00+00:00,0.006495467812487113,0.006645762933909731,7,-1.0,rebalance,,0.14783369047619055,5.6672045244047646e-05,1,2450.71,2340.54
ETH,2024-09-12 00:00:00+00:00,2024-09-19 00:00:00+00:00,-0.001036495268462882,-0.0009735966608438343,7,-1.0,rebalance,,0.06662988095238102,3.0383225714285746e-05,1,2340.54,2374.74
ETH,2024-09-19 00:00:00+00:00,2024-09-26 00:00:00+00:00,-0.006863867853330572,-0.006853573143044858,7,-1.0,rebalance,,0.07925714285714294,0.00010066528971428582,1,2374.74,2580.09
ETH,2024-09-26 00:00:00+00:00,2024-10-03 00:00:00+00:00,0.01855109404869561,0.01848135463713061,7,-1.0,rebalance,,0.2207572142857144,0.00037879951156500024,1,2580.09,2364.09
ETH,2024-10-03 00:00:00+00:00,2024-10-10 00:00:00+00:00,-0.0008384352415125809,-0.0008048681606875809,7,-1.0,rebalance,,0.2982415000000001,0.0003839710191750001,1,2364.09,2370.47
ETH,2024-10-10 00:00:00+00:00,2024-10-17 00:00:00+00:00,-0.022638996406631254,-0.02271534038307054,7,-1.0,rebalance,,0.22377107142857156,0.000389623476439286,1,2370.47,2611.1
ETH,2024-10-17 00:00:00+00:00,2024-10-24 00:00:00+00:00,0.010237372517909543,0.010025530167909542,7,-1.0,rebalance,,0.3026319285714287,0.0006355270500000002,1,2611.1,2524.6
ETH,2024-10-24 00:00:00+00:00,2024-11-07 00:00:00+00:00,-0.027502006191994832,-0.028522221341994832,14,-1.0,rebalance,,0.3650000000000001,0.0015312151500000003,1,2524.6,2721.88
ETH,2024-11-07 00:00:00+00:00,2024-11-14 00:00:00+00:00,-0.061344813293234664,-0.06224805841340752,7,-1.0,rebalance,,0.36415007142857153,0.0014130552201728577,1,2721.88,3187.16
ETH,2024-11-14 00:00:00+00:00,2024-11-21 00:00:00+00:00,0.02618115064396844,0.024799275430014155,7,-1.0,rebalance,,0.6744539523809525,0.0023261107472876195,1,3187.16,3069.97
ETH,2024-11-21 00:00:00+00:00,2024-11-28 00:00:00+00:00,-0.11189463374706993,-0.11389626918333469,7,-1.0,rebalance,,0.5994481904761906,0.0028408629029314293,1,3069.97,3653.27
ETH,2024-11-28 00:00:00+00:00,2024-12-05 00:00:00+00:00,-0.03949378512016452,-0.04160613778868952,7,-1.0,rebalance,,0.8237059285714287,0.003265540968525,1,3653.27,3837.8
ETH,2024-12-05 00:00:00+00:00,2024-12-12 00:00:00+00:00,0.002972418214668816,0.0010736812279604818,7,-1.0,rebalance,,0.6890591666666668,0.0028634198200416672,1,3837.8,3831.82
ETH,2024-12-12 00:00:00+00:00,2024-12-19 00:00:00+00:00,0.03912250095875536,0.038644991061688685,7,-1.0,rebalance,,0.7222741666666668,0.0014886937304000004,1,3831.82,3626.8
ETH,2024-12-19 00:00:00+00:00,2024-12-26 00:00:00+00:00,0.012876816696334378,0.012821178086940093,7,-1.0,rebalance,,0.3582422857142858,0.0005571778093942858,1,3626.8,3497.0
ETH,2024-12-26 00:00:00+00:00,2025-01-02 00:00:00+00:00,0.010691447394104494,0.010560327651115923,7,-1.0,rebalance,,0.2703276904761906,0.0005095785096552384,1,3497.0,3360.39
ETH,2025-01-02 00:00:00+00:00,2025-01-09 00:00:00+00:00,0.0034554748273481145,0.0032272488156490672,7,-1.0,rebalance,,0.32763790476190485,0.0006869190783657144,1,3360.39,3327.29
ETH,2025-01-09 00:00:00+00:00,2025-01-16 00:00:00+00:00,-0.013532290528810827,-0.013604603170405112,7,-1.0,rebalance,,0.3644055714285715,0.0005824804415942859,1,3327.29,3451.51
ETH,2025-01-16 00:00:00+00:00,2025-01-23 00:00:00+00:00,0.0169917478693058,0.016815090640107704,7,-1.0,rebalance,,0.27782409523809537,0.0005656109625314288,1,3451.51,3242.61
ETH,2025-01-23 00:00:00+00:00,2025-01-30 00:00:00+00:00,0.014107604144472173,0.014045559759840745,7,-1.0,rebalance,,0.3538518571428572,0.0005574369846314287,1,3242.61,3113.9
ETH,2025-01-30 00:00:00+00:00,2025-02-06 00:00:00+00:00,0.02832650547321921,0.0286348090382754,7,-1.0,rebalance,,0.2738090952380953,7.50291682771429e-05,1,3113.9,2788.25
ETH,2025-02-06 00:00:00+00:00,2025-02-13 00:00:00+00:00,0.0008152696798008368,0.0008537296655608368,7,-1.0,rebalance,,0.0476272857142858,2.821821424000005e-05,1,2788.25,2738.27
ETH,2025-02-13 00:00:00+00:00,2025-02-20 00:00:00+00:00,0.0008176122347610936,0.0008559398647077604,7,-1.0,rebalance,,0.10297866666666676,0.00010584250338666675,1,2738.27,2715.51
ETH,2025-02-20 00:00:00+00:00,2025-02-27 00:00:00+00:00,0.02481210479225439,0.024941533552936056,7,-1.0,rebalance,,0.17864316666666677,0.00012067167265166673,1,2715.51,2336.38
ETH,2025-02-27 00:00:00+00:00,2025-03-06 00:00:00+00:00,0.004668943432611566,0.004763339509248948,7,-1.0,rebalance,,0.11740659523809534,6.997315669595244e-05,1,2336.38,2241.59
ETH,2025-03-06 00:00:00+00:00,2025-03-13 00:00:00+00:00,0.015302903257949039,0.015406675348110705,7,-1.0,rebalance,,0.10358873809523819,4.1252143171666706e-05,1,2241.59,1908.2
ETH,2025-03-13 00:00:00+00:00,2025-03-20 00:00:00+00:00,-0.005412585602366195,-0.005362965224644529,7,-1.0,rebalance,,0.06921616666666676,4.7282255611666726e-05,1,1908.2,2056.05
ETH,2025-03-20 00:00:00+00:00,2025-03-27 00:00:00+00:00,0.002568474114530931,0.0026869748001542644,7,-1.0,rebalance,,0.1187310238095239,4.7722747710000037e-05,1,2056.05,2009.52
ETH,2025-03-27 00:00:00+00:00,2025-04-03 00:00:00+00:00,0.0073819316277117485,0.007450491117281749,7,-1.0,rebalance,,0.06986100000000008,2.924591043000003e-05,1,2009.52,1795.21
ETH,2025-04-03 00:00:00+00:00,2025-04-10 00:00:00+00:00,0.004998390759296175,0.005094762415379985,7,-1.0,rebalance,,0.07276188095238104,5.494977249523815e-06,1,1795.21,1669.51
ETH,2025-04-10 00:00:00+00:00,2025-04-17 00:00:00+00:00,0.0007144016642424796,0.0007261568700939082,7,-1.0,rebalance,,0.013126095238095306,6.621327481904796e-06,1,1669.51,1577.15
ETH,2025-04-17 00:00:00+00:00,2025-04-24 00:00:00+00:00,-0.012170781793866986,-0.012115102847662224,7,-1.0,rebalance,,0.08767647619047628,6.706812046190483e-05,1,1577.15,1795.08
ETH,2025-04-24 00:00:00+00:00,2025-05-01 00:00:00+00:00,-6.32065282841959e-05,0.00010813733596699471,7,-1.0,rebalance,,0.13295559523809533,1.4793969082142863e-05,1,1795.08,1793.62
ETH,2025-05-01 00:00:00+00:00,2025-05-08 00:00:00+00:00,-0.00020878090366989742,-0.00018858668622275448,7,-1.0,rebalance,,0.019339785714285785,6.881482552857168e-06,1,1793.62,1811.11
ETH,2025-05-08 00:00:00+00:00,2025-05-15 00:00:00+00:00,-0.027252306193586186,-0.02727157088141952,7,-1.0,rebalance,,0.06184490476190485,0.00010584755450000015,1,1811.11,2609.75
ETH,2025-05-15 00:00:00+00:00,2025-05-22 00:00:00+00:00,0.00658820108817832,0.0066966783216783204,7,-1.0,rebalance,,0.2974750000000001,0.00030798776650000015,1,2609.75,2551.0
ETH,2025-05-22 00:00:00+00:00,2025-05-29 00:00:00+00:00,-0.009209840077105846,-0.00921345531182918,7,-1.0,rebalance,,0.17995195238095243,0.00025554796805666674,1,2551.0,2681.61
ETH,2025-05-29 00:00:00+00:00,2025-06-05 00:00:00+00:00,0.0067818420223477545,0.006804786889841088,7,-1.0,rebalance,,0.2468251666666668,0.00032261036584000014,1,2681.61,2607.68
ETH,2025-06-05 00:00:00+00:00,2025-06-12 00:00:00+00:00,-0.014281828992296956,-0.014280390968216955,7,-1.0,rebalance,,0.2271760000000001,0.00031660837592000017,1,2607.68,2771.6
ETH,2025-06-12 00:00:00+00:00,2025-06-19 00:00:00+00:00,0.02143751667853904,0.02155241995855928,7,-1.0,rebalance,,0.24223311904761916,0.00022422308664642868,1,2771.6,2525.0
ETH,2025-06-19 00:00:00+00:00,2025-06-26 00:00:00+00:00,0.006626165358628546,0.006785917892503546,7,-1.0,rebalance,,0.1608867857142858,6.548896612500004e-05,1,2525.0,2418.5
ETH,2025-06-26 00:00:00+00:00,2025-07-03 00:00:00+00:00,-0.00448545826310846,-0.00444387261043346,7,-1.0,rebalance,,0.07074916666666674,5.74631806583334e-05,1,2418.5,2570.41
ETH,2025-07-03 00:00:00+00:00,2025-07-10 00:00:00+00:00,-0.010926105614266005,-0.010892508605631004,7,-1.0,rebalance,,0.1411698333333334,0.00016404075803166674,1,2570.41,2768.74
ETH,2025-07-10 00:00:00+00:00,2025-07-17 00:00:00+00:00,-0.04391613488576187,-0.04395796658175615,7,-1.0,rebalance,,0.20196840476190486,0.00032458746266095256,1,2768.74,3371.35
ETH,2025-07-17 00:00:00+00:00,2025-07-24 00:00:00+00:00,-0.021093197054300548,-0.02128872998763388,7,-1.0,rebalance,,0.279332761904762,0.0005865988000000003,1,3371.35,3628.29
ETH,2025-07-24 00:00:00+00:00,2025-07-31 00:00:00+00:00,-0.018127134913457597,-0.018279726813457596,7,-1.0,rebalance,,0.3650000000000001,0.0006635919000000002,1,3628.29,3810.0
ETH,2025-07-31 00:00:00+00:00,2025-08-07 00:00:00+00:00,0.010301492744161287,0.010507493789651287,7,-1.0,rebalance,,0.315996142857143,0.00023639355451000006,1,3810.0,3683.31
ETH,2025-08-07 00:00:00+00:00,2025-08-14 00:00:00+00:00,-0.03757049340680368,-0.03763105132792701,7,-1.0,rebalance,,0.13002516666666675,0.00024259315445666684,1,3683.31,4749.31
ETH,2025-08-14 00:00:00+00:00,2025-08-21 00:00:00+00:00,0.028244522781012218,0.028209924987098407,7,-1.0,rebalance,,0.3242833809523811,0.000488594527247143,1,4749.31,4336.16
ETH,2025-08-21 00:00:00+00:00,2025-08-28 00:00:00+00:00,-0.010374342864010736,-0.01030015832721645,7,-1.0,rebalance,,0.2618770714285716,0.0002924433632057145,1,4336.16,4506.71
ETH,2025-08-28 00:00:00+00:00,2025-09-04 00:00:00+00:00,0.002227772292250001,0.0024225947848557153,7,-1.0,rebalance,,0.1940965714285715,7.691270739428574e-05,1,4506.71,4450.46
ETH,2025-09-04 00:00:00+00:00,2025-09-11 00:00:00+00:00,0.0015208362318597907,0.001565052498265029,7,-1.0,rebalance,,0.06887376190476198,5.2207000261428625e-05,1,4450.46,4349.33
ETH,2025-09-11 00:00:00+00:00,2025-09-18 00:00:00+00:00,-0.0073204470647577615,-0.007306702971820619,7,-1.0,rebalance,,0.13174935714285724,0.00017070500706285724,1,4349.33,4590.54
ETH,2025-09-18 00:00:00+00:00,2025-09-25 00:00:00+00:00,0.02119452046979929,0.02147404510518215,7,-1.0,rebalance,,0.22520152380952393,3.575749795047621e-05,1,4590.54,4152.81
ETH,2025-09-25 00:00:00+00:00,2025-10-02 00:00:00+00:00,-0.0013228274411156127,-0.0012973334445603745,7,-1.0,rebalance,,0.02759747619047627,1.3142470111428608e-05,1,4152.81,4348.03
ETH,2025-10-02 00:00:00+00:00,2025-10-09 00:00:00+00:00,-0.0033941114699305836,-0.0033826078769334405,7,-1.0,rebalance,,0.0827715714285715,0.00010437660700285723,1,4348.03,4525.72
ETH,2025-10-09 00:00:00+00:00,2025-10-16 00:00:00+00:00,0.02589368490417862,0.026157129426288624,7,-1.0,rebalance,,0.2191772857142858,4.3403677890000025e-05,1,4525.72,3985.61
ETH,2025-10-16 00:00:00+00:00,2025-10-23 00:00:00+00:00,0.0015279660774322266,0.0015551605801872267,7,-1.0,rebalance,,0.034419500000000075,2.0992797245000047e-05,1,3985.61,3805.53
ETH,2025-10-23 00:00:00+00:00,2025-10-30 00:00:00+00:00,-0.0027676227070609675,-0.0027151582052959674,7,-1.0,rebalance,,0.10600816666666675,9.594693156833341e-05,1,3805.53,3903.0
ETH,2025-10-30 00:00:00+00:00,2025-11-06 00:00:00+00:00,0.019201047364160003,0.019294755728011433,7,-1.0,rebalance,,0.15731326190476197,0.00012653020281523815,1,3903.0,3424.29
ETH,2025-11-06 00:00:00+00:00,2025-11-13 00:00:00+00:00,0.00032180965820841154,0.00038294353184650684,7,-1.0,rebalance,,0.13979847619047625,0.00013458399302857148,1,3424.29,3414.91
ETH,2025-11-13 00:00:00+00:00,2025-11-20 00:00:00+00:00,0.019086919765364436,0.019081595438407293,7,-1.0,rebalance,,0.16732642857142865,0.00023958132695714297,1,3414.91,3025.48
ETH,2025-11-20 00:00:00+00:00,2025-11-27 00:00:00+00:00,-0.0002479426954853112,-8.883650480959682e-05,7,-1.0,rebalance,,0.24886395238095244,0.00018930334265761904,1,3025.48,3026.56
ETH,2025-11-27 00:00:00+00:00,2025-12-04 00:00:00+00:00,-0.007170719985768127,-0.007069351960563127,7,-1.0,rebalance,,0.13221169047619052,8.372834146166669e-05,1,3026.56,3188.39
ETH,2025-12-04 00:00:00+00:00,2025-12-11 00:00:00+00:00,-0.004724151805101063,-0.00468645660505773,7,-1.0,rebalance,,0.1100718333333334,0.0001164053666233334,1,3188.39,3324.14
ETH,2025-12-11 00:00:00+00:00,2025-12-18 00:00:00+00:00,0.026967398573754138,0.027130263888375566,7,-1.0,rebalance,,0.1838105238095239,9.44694187119048e-05,1,3324.14,2833.5
ETH,2025-12-18 00:00:00+00:00,2025-12-25 00:00:00+00:00,-0.003665146089056146,-0.0035933529397430505,7,-1.0,rebalance,,0.08932940476190482,5.326801735357145e-05,1,2833.5,2947.48
ETH,2025-12-25 00:00:00+00:00,2026-01-01 00:00:00+00:00,-0.0008867329538169799,-0.0008499070772805512,7,-1.0,rebalance,,0.1036443571428572,0.00010827622346357148,1,2947.48,2971.65
ETH,2026-01-01 00:00:00+00:00,2026-01-08 00:00:00+00:00,-0.012086571127863755,-0.01204159085572947,7,-1.0,rebalance,,0.1815770714285715,0.00020922762786571437,1,2971.65,3168.72
ETH,2026-01-08 00:00:00+00:00,2026-01-15 00:00:00+00:00,-0.011764162305626838,-0.011768670546256361,7,-1.0,rebalance,,0.2002772380952382,0.0002848963739628573,1,3168.72,3354.92
ETH,2026-01-15 00:00:00+00:00,2026-01-22 00:00:00+00:00,0.027311561477241234,0.027462255311176235,7,-1.0,rebalance,,0.2472457857142858,0.0001954502660650001,1,3354.92,2982.28
ETH,2026-01-22 00:00:00+00:00,2026-01-29 00:00:00+00:00,-0.0013956049429664997,-0.0013130382626714997,7,-1.0,rebalance,,0.13739816666666674,0.0001097907530383334,1,2982.28,3010.78
ETH,2026-01-29 00:00:00+00:00,2026-02-05 00:00:00+00:00,0.039471548566672,0.039788134982818905,7,-1.0,rebalance,,0.13888597619047627,-0.00012214604948023816,1,3010.78,2148.25
ETH,2026-03-19 00:00:00+00:00,2026-03-26 00:00:00+00:00,0.0006212377467756786,0.0006889161927756786,7,-1.0,rebalance,,0.044165000000000065,-5.847446000000007e-06,1,2203.39,2169.02
ETH,2026-04-16 00:00:00+00:00,2026-04-23 00:00:00+00:00,-0.0002635118830779167,-0.0001955977496602975,7,-1.0,rebalance,,0.03264490476190482,-2.2211266750952417e-05,1,2359.94,2374.08
ETH,2026-05-14 00:00:00+00:00,2026-05-21 00:00:00+00:00,0.004193226967451217,0.004228104392279788,7,-1.0,rebalance,,0.0739038095238096,6.858790850476197e-05,1,2258.66,2129.44
ETH,2026-05-21 00:00:00+00:00,2026-05-28 00:00:00+00:00,0.007866723670285822,0.007924321705304155,7,-1.0,rebalance,,0.16130740476190483,0.00016823233164833343,1,2129.44,2024.83
ETH,2026-05-28 00:00:00+00:00,2026-06-04 00:00:00+00:00,0.018944623628624844,0.018959422606671508,7,-1.0,rebalance,,0.18127116666666676,0.0002389806552866668,1,2024.83,1813.05
ETH,2026-06-04 00:00:00+00:00,2026-06-11 00:00:00+00:00,0.023734957369518837,0.02419653491813979,7,-1.0,rebalance,,0.2291435238095239,-0.00014077661528761912,1,1813.05,1621.6
ETH,2026-06-18 00:00:00+00:00,2026-06-25 00:00:00+00:00,0.0004848757233555903,0.000491813319357257,7,-1.0,rebalance,,0.006703833333333399,2.447770665000024e-06,1,1750.61,1622.18
ETH,2026-06-25 00:00:00+00:00,2026-07-02 00:00:00+00:00,0.00041511771944713853,0.0004925471090049958,7,-1.0,rebalance,,0.06346307142857151,1.141891044214287e-05,1,1622.18,1609.59
ETH,2026-07-02 00:00:00+00:00,2026-07-09 00:00:00+00:00,-0.0026082011488619623,-0.0026027773774983907,7,-1.0,rebalance,,0.03127354761904769,3.835919530309532e-05,1,1609.59,1743.55
ETH,2026-07-09 00:00:00+00:00,2026-07-16 00:00:00+00:00,-0.02144755082241979,-0.021313452465071932,7,-1.0,rebalance,,0.21318954761904774,0.00016436700931880962,1,1743.55,1917.86
ETH,2026-07-16 00:00:00+00:00,2026-07-23 00:00:00+00:00,-0.001233303692457381,-0.0011459067075257144,7,-1.0,rebalance,,0.13400540476190484,0.00010021058173500006,1,1917.86,1934.26
ETH,2026-07-23 00:00:00+00:00,2026-07-30 00:00:00+00:00,0.0014581789087334885,0.0015818177545934885,7,-1.0,rebalance,,0.1299765000000001,5.832825414000005e-05,1,1934.26,1910.72
ETH,2026-07-30 00:00:00+00:00,2026-08-06 00:00:00+00:00,2.5542011721058145e-05,7.38872043248677e-05,7,-1.0,rebalance,,0.07799876190476197,6.08530740628572e-05,1,1910.72,1908.91
ETH,2026-08-06 00:00:00+00:00,2026-08-13 00:00:00+00:00,0.001988334505931165,0.002067879058131165,7,-1.0,rebalance,,0.13560271428571435,0.00011029924780000007,1,1908.91,1879.8
ETH,2026-08-13 00:00:00+00:00,2026-08-20 00:00:00+00:00,-0.028128746104545178,-0.028053468684611844,7,-1.0,rebalance,,0.14137666666666673,0.00012264991340000004,1,1879.8,2252.81
ETH,2026-08-20 00:00:00+00:00,2026-08-27 00:00:00+00:00,-0.016918893956230925,-0.016998904402565213,7,-1.0,rebalance,,0.15078671428571438,0.0002911118463342859,1,2252.81,2506.78
SOL,2020-09-14 00:00:00+00:00,2020-09-21 00:00:00+00:00,0.0021396059938475535,0.0021438778843237438,7,-1.0,rebalance,,0.017380952380952382,2.006144285714286e-05,1,3.2656,2.8628
SOL,2020-09-21 00:00:00+00:00,2020-09-28 00:00:00+00:00,-0.020660728590879873,-0.020525347956047015,7,-1.0,rebalance,,0.2006144285714286,0.0001454795651671429,1,2.8628,3.1557
SOL,2020-09-28 00:00:00+00:00,2020-10-05 00:00:00+00:00,0.025554537613204763,0.025466308596538097,7,-1.0,rebalance,,0.12604145238095243,0.0002646870500000002,1,3.1557,2.5181
SOL,2020-10-05 00:00:00+00:00,2020-10-12 00:00:00+00:00,0.014394167373622974,0.013813788173622974,7,-1.0,rebalance,,0.3650000000000001,0.0010913792000000005,1,2.5181,2.4228
SOL,2020-10-12 00:00:00+00:00,2020-10-19 00:00:00+00:00,0.04541685751146981,0.04485313936649457,7,-1.0,rebalance,,0.519704380952381,0.0012913042783085716,1,2.4228,2.2137
SOL,2020-10-19 00:00:00+00:00,2020-10-26 00:00:00+00:00,0.08360339433075797,0.08217039587245654,7,-1.0,rebalance,,0.43186278571428577,0.0020376063583014293,1,2.2137,1.7925
SOL,2020-10-26 00:00:00+00:00,2020-11-02 00:00:00+00:00,0.0827608330457931,0.08459132388390786,7,-1.0,rebalance,,0.8200646190476192,-0.0006824003714480955,1,1.7925,1.6076
SOL,2020-11-09 00:00:00+00:00,2020-11-16 00:00:00+00:00,0.0038707824813438625,0.0037603021978021957,7,-1.0,rebalance,,0.07191369047619049,0.00021115945020833338,1,2.1515,2.039
SOL,2020-11-16 00:00:00+00:00,2020-11-23 00:00:00+00:00,-0.029424869885592942,-0.03053620908942294,7,-1.0,rebalance,,0.5103551666666668,0.001825836437163334,1,2.039,2.161
SOL,2020-11-23 00:00:00+00:00,2020-11-30 00:00:00+00:00,0.05737099532692925,0.0698069966329521,7,-1.0,rebalance,,0.6218174761904763,-0.011565456839356192,1,2.161,1.9184
SOL,2021-01-18 00:00:00+00:00,2021-01-25 00:00:00+00:00,0.05542862506680962,0.05114661506680962,7,-1.0,rebalance,,1.0,0.005682010000000001,1,3.8243,3.6287
SOL,2021-01-25 00:00:00+00:00,2021-02-01 00:00:00+00:00,-0.1626545986690781,-0.1709437756883943,7,-1.0,rebalance,,0.9875874523809525,0.009671799452649526,1,3.6287,4.2568
SOL,2021-02-01 00:00:00+00:00,2021-03-01 00:00:00+00:00,-1.9870391197199775,-2.0727306897199775,28,-1.0,rebalance,,1.0,0.08709156999999997,1,4.2568,13.08
SOL,2021-03-01 00:00:00+00:00,2021-03-08 00:00:00+00:00,-0.02314526690749741,-0.026552547684578365,7,-1.0,rebalance,,0.47098904761904753,0.004066665443747618,1,13.08,13.8174
SOL,2021-03-08 00:00:00+00:00,2021-03-29 00:00:00+00:00,-0.27101115191106867,-0.30737331191106865,21,-1.0,rebalance,,1.0,0.03776216,1,13.8174,18.0645
SOL,2021-03-29 00:00:00+00:00,2021-04-05 00:00:00+00:00,-0.18734538119983912,-0.19801860832545817,7,-1.0,rebalance,,0.6263539047619048,0.011550122592285713,1,18.0645,23.7755
SOL,2021-04-05 00:00:00+00:00,2021-04-26 00:00:00+00:00,-0.9620777937934007,-0.9934386237934008,21,-1.0,rebalance,,1.0,0.032760830000000005,1,23.7755,47.395
SOL,2021-04-26 00:00:00+00:00,2021-05-03 00:00:00+00:00,0.010603880613903096,0.00638886337518024,7,-1.0,rebalance,,0.6456293809523809,0.00511889837205619,1,47.395,46.926
SOL,2021-05-03 00:00:00+00:00,2021-05-24 00:00:00+00:00,0.496172202198781,0.47726207219878103,21,-1.0,rebalance,,1.0,0.020310130000000006,1,46.926,24.53
SOL,2021-05-31 00:00:00+00:00,2021-06-14 00:00:00+00:00,-0.1286432030243324,-0.1295313757743324,14,-1.0,rebalance,,0.3650000000000001,0.0013991727500000004,1,28.573,38.713
SOL,2021-06-14 00:00:00+00:00,2021-06-21 00:00:00+00:00,0.02704418041563341,0.026965361441892932,7,-1.0,rebalance,,0.3012727380952381,0.0005006008070738095,1,38.713,35.248
SOL,2021-06-21 00:00:00+00:00,2021-06-28 00:00:00+00:00,0.026575619733308076,0.027571212746957598,7,-1.0,rebalance,,0.28880538095238095,-0.0005912654803161905,1,35.248,31.883
SOL,2021-07-05 00:00:00+00:00,2021-07-12 00:00:00+00:00,0.020918817727030588,0.020707816654580588,7,-1.0,rebalance,,0.3372078571428571,0.00068309207245,1,34.278,32.173
SOL,2021-07-12 00:00:00+00:00,2021-07-19 00:00:00+00:00,0.06037106735586624,0.06012460353919957,7,-1.0,rebalance,,0.3520911666666666,0.0007393914499999999,1,32.173,26.679
SOL,2021-07-19 00:00:00+00:00,2021-07-26 00:00:00+00:00,-0.0214245829637337,-0.0214520784137337,7,-1.0,rebalance,,0.3650000000000001,0.0005384954500000002,1,26.679,28.247
SOL,2021-07-26 00:00:00+00:00,2021-08-02 00:00:00+00:00,-0.05366214865239278,-0.05384164713572612,7,-1.0,rebalance,,0.2564264047619047,0.0005384954499999999,1,28.247,34.178
SOL,2021-08-02 00:00:00+00:00,2021-08-09 00:00:00+00:00,-0.036459642387641204,-0.037110860787641205,7,-1.0,rebalance,,0.3650000000000001,0.0011622184000000002,1,34.178,37.653
SOL,2021-08-09 00:00:00+00:00,2021-08-16 00:00:00+00:00,-0.23166189091443495,-0.23314537968643495,7,-1.0,rebalance,,0.5534373333333332,0.002258301038666666,1,37.653,53.515
SOL,2021-08-16 00:00:00+00:00,2021-08-23 00:00:00+00:00,-0.2503184822225645,-0.2549330785761002,7,-1.0,rebalance,,0.7092297619047618,0.00560751802020238,1,53.515,72.751
SOL,2021-08-23 00:00:00+00:00,2021-08-30 00:00:00+00:00,-0.2928398079734985,-0.2952399279734985,7,-1.0,rebalance,,1.0,0.0038001199999999997,1,72.751,94.23
SOL,2021-08-30 00:00:00+00:00,2021-09-06 00:00:00+00:00,-0.3279754565891574,-0.33469950147309263,7,-1.0,rebalance,,0.6604970476190476,0.007648740750601905,1,94.23,141.98
SOL,2021-09-06 00:00:00+00:00,2021-09-13 00:00:00+00:00,-0.2237903779053388,-0.2277081279053388,7,-1.0,rebalance,,1.0,0.0053177499999999996,1,141.98,174.31
SOL,2021-09-13 00:00:00+00:00,2021-09-20 00:00:00+00:00,0.11740318279843731,0.11416243224987778,7,-1.0,rebalance,,0.9242755952380953,0.004534736381892857,1,174.31,152.78
SOL,2021-09-20 00:00:00+00:00,2021-09-27 00:00:00+00:00,0.09601839646584442,0.09533348946197157,7,-1.0,rebalance,,0.8527547142857141,0.001878763603872857,1,152.78,135.7
SOL,2021-09-27 00:00:00+00:00,2021-10-04 00:00:00+00:00,-0.1049606257371671,-0.1052286780871671,7,-1.0,rebalance,,0.38293192857142855,0.0008041570499999999,1,135.7,172.99
SOL,2021-10-04 00:00:00+00:00,2021-10-11 00:00:00+00:00,0.05497421472581943,0.05365599167581943,7,-1.0,rebalance,,0.3650000000000001,0.0018292230500000005,1,172.99,147.56
SOL,2021-10-11 00:00:00+00:00,2021-10-18 00:00:00+00:00,-0.07206176218150986,-0.07408366339277653,7,-1.0,rebalance,,0.8710585952380953,0.0032413832446,1,147.56,160.11
SOL,2021-10-18 00:00:00+00:00,2021-10-25 00:00:00+00:00,-0.16611576295426383,-0.16982469052526383,7,-1.0,rebalance,,0.64678,0.004614419571,1,160.11,202.15
SOL,2021-10-25 00:00:00+00:00,2021-11-01 00:00:00+00:00,0.0015205977665101152,-0.0018797922334898853,7,-1.0,rebalance,,1.0,0.004800390000000001,1,202.15,202.53
SOL,2021-11-01 00:00:00+00:00,2021-11-08 00:00:00+00:00,-0.1915086950660143,-0.19399450113563432,7,-1.0,rebalance,,0.8343535000000001,0.0036539009696200005,1,202.53,249.62
SOL,2021-11-08 00:00:00+00:00,2021-11-15 00:00:00+00:00,0.03643261439984234,0.03351186237748044,7,-1.0,rebalance,,0.7611675238095238,0.003986386555695238,1,249.62,238.63
SOL,2021-11-15 00:00:00+00:00,2021-11-22 00:00:00+00:00,0.03147673030693171,0.030783728665417426,7,-1.0,rebalance,,0.9102752380952382,0.00196738697484762,1,238.63,230.56
SOL,2021-11-22 00:00:00+00:00,2021-11-29 00:00:00+00:00,0.04918721146390555,0.04863523342235055,7,-1.0,rebalance,,0.375656261904762,0.001077896808221667,1,230.56,200.71
SOL,2021-11-29 00:00:00+00:00,2021-12-06 00:00:00+00:00,0.010732526904941815,0.010485848122498483,7,-1.0,rebalance,,0.49872383333333326,0.0009448921491099999,1,200.71,196.49
SOL,2021-12-06 00:00:00+00:00,2021-12-13 00:00:00+00:00,0.03984056294706322,0.039652445315283225,7,-1.0,rebalance,,0.329303,0.0006491418317800001,1,196.49,172.83
SOL,2021-12-13 00:00:00+00:00,2021-12-20 00:00:00+00:00,-0.013862050288806467,-0.014015795849485991,7,-1.0,rebalance,,0.34262376190476185,0.0006334188273461904,1,172.83,179.9
SOL,2021-12-20 00:00:00+00:00,2021-12-27 00:00:00+00:00,-0.031836313612989976,-0.03206124242965664,7,-1.0,rebalance,,0.32132688095238093,0.00067478645,1,179.9,197.85
SOL,2021-12-27 00:00:00+00:00,2022-01-24 00:00:00+00:00,0.183187994966136,0.180996461966136,28,-1.0,rebalance,,0.3650000000000001,0.002702533000000002,1,197.85,99.74
SOL,2022-01-24 00:00:00+00:00,2022-01-31 00:00:00+00:00,0.011810526856643052,0.012468865908504956,7,-1.0,rebalance,,0.19192047619047614,-0.000389650385195238,1,99.74,93.26
SOL,2022-02-21 00:00:00+00:00,2022-02-28 00:00:00+00:00,0.004518666234582508,0.004704270890428936,7,-1.0,rebalance,,0.08382659523809517,-6.824742251309519e-05,1,90.7,85.61
SOL,2022-03-07 00:00:00+00:00,2022-03-14 00:00:00+00:00,0.015978910401285937,0.016084559791237366,7,-1.0,rebalance,,0.2321556428571428,0.00021936851004857136,1,84.58,78.72
SOL,2022-03-14 00:00:00+00:00,2022-03-21 00:00:00+00:00,-0.020539726588734014,-0.02065469185540068,7,-1.0,rebalance,,0.16423609523809515,0.00034489579999999985,1,78.72,88.62
SOL,2022-03-21 00:00:00+00:00,2022-03-28 00:00:00+00:00,-0.07565083353012862,-0.07586662153012863,7,-1.0,rebalance,,0.3650000000000001,0.0007267880000000002,1,88.62,107.04
SOL,2022-03-28 00:00:00+00:00,2022-04-04 00:00:00+00:00,-0.0963244274355953,-0.09654552672788101,7,-1.0,rebalance,,0.3460895238095238,0.0007056246256190476,1,107.04,136.9
SOL,2022-04-04 00:00:00+00:00,2022-04-11 00:00:00+00:00,0.06676604582488375,0.06688795318098019,7,-1.0,rebalance,,0.35437154761904754,0.00037421281057023806,1,136.9,111.06
SOL,2022-04-11 00:00:00+00:00,2022-04-18 00:00:00+00:00,0.01791540057670738,0.018030196369615715,7,-1.0,rebalance,,0.18354111904761897,0.00014216177375833325,1,111.06,100.15
SOL,2022-04-18 00:00:00+00:00,2022-04-25 00:00:00+00:00,0.0012148701401748486,0.0012501295556665152,7,-1.0,rebalance,,0.1346241666666666,0.0001532144178416666,1,100.15,99.22
SOL,2022-04-25 00:00:00+00:00,2022-05-02 00:00:00+00:00,0.018673053589982842,0.01903944681611808,7,-1.0,rebalance,,0.1978108809523809,-8.945799280190474e-05,1,99.22,89.67
SOL,2022-06-06 00:00:00+00:00,2022-06-13 00:00:00+00:00,0.016055481387740454,0.016262120672821404,7,-1.0,rebalance,,0.07901380952380943,-9.601995174761892e-05,1,38.53,30.6
SOL,2022-06-27 00:00:00+00:00,2022-07-04 00:00:00+00:00,0.0004550329942838733,0.0004622790592245873,7,-1.0,rebalance,,0.003039928571428463,-2.9901649407141793e-06,1,39.39,33.4
SOL,2022-07-11 00:00:00+00:00,2022-07-18 00:00:00+00:00,-0.0026825050692284094,-0.0026513504170396,7,-1.0,rebalance,,0.05122688095238084,4.056298114452372e-05,1,36.71,38.61
SOL,2022-07-18 00:00:00+00:00,2022-07-25 00:00:00+00:00,-0.00821118301632115,-0.008269775212441863,7,-1.0,rebalance,,0.13762759523809517,0.0002512708294540475,1,38.61,40.93
SOL,2022-07-25 00:00:00+00:00,2022-08-01 00:00:00+00:00,-0.01090360459682232,-0.010931694583086128,7,-1.0,rebalance,,0.31732926190476185,0.0004723509529304762,1,40.93,42.34
SOL,2022-08-01 00:00:00+00:00,2022-08-08 00:00:00+00:00,0.010462832562044772,0.010632285714285724,7,-1.0,rebalance,,0.25871895238095227,0.0001927533810923809,1,42.34,40.6
SOL,2022-08-08 00:00:00+00:00,2022-08-15 00:00:00+00:00,-0.013506899149222908,-0.013587229028852909,7,-1.0,rebalance,,0.12949330952380944,0.00026162051296333317,1,40.6,44.86
SOL,2022-08-15 00:00:00+00:00,2022-08-22 00:00:00+00:00,0.06477034245070852,0.06559681928964187,7,-1.0,rebalance,,0.3511543333333333,-0.0003348607722666667,1,44.86,36.48
SOL,2022-09-12 00:00:00+00:00,2022-09-19 00:00:00+00:00,0.026479956330702013,0.026729986846582014,7,-1.0,rebalance,,0.24043245238095234,8.65749174533333e-05,1,34.99,31.1
SOL,2022-09-19 00:00:00+00:00,2022-09-26 00:00:00+00:00,-0.0025315779367426315,-0.0024752398713826316,7,-1.0,rebalance,,0.06258533333333323,3.1281401306666616e-05,1,31.1,32.33
SOL,2022-09-26 00:00:00+00:00,2022-10-03 00:00:00+00:00,0.0006397924363365046,0.0007255131014979331,7,-1.0,rebalance,,0.0868734761904761,3.5902201505238056e-05,1,32.33,32.06
SOL,2022-10-03 00:00:00+00:00,2022-10-10 00:00:00+00:00,-0.001989712166890044,-0.0019268254908950443,7,-1.0,rebalance,,0.07183026190476181,3.767569067166662e-05,1,32.06,32.92
SOL,2022-10-10 00:00:00+00:00,2022-10-17 00:00:00+00:00,0.007534457240476549,0.007643224179829882,7,-1.0,rebalance,,0.09116483333333324,1.8863827313333314e-05,1,32.92,30.16
SOL,2022-10-17 00:00:00+00:00,2022-10-24 00:00:00+00:00,0.0010239168951986526,0.0010493669319186524,7,-1.0,rebalance,,0.035964666666666575,2.490049661333327e-05,1,30.16,29.28
SOL,2022-10-24 00:00:00+00:00,2022-10-31 00:00:00+00:00,-0.015005857315522201,-0.015001245934166012,7,-1.0,rebalance,,0.12033876190476182,0.00016386288531047608,1,29.28,32.93
SOL,2022-10-31 00:00:00+00:00,2022-11-07 00:00:00+00:00,0.002121226954731317,0.002299888999754174,7,-1.0,rebalance,,0.2366729523809523,0.00015268008831047616,1,32.93,32.61
SOL,2022-11-07 00:00:00+00:00,2022-11-14 00:00:00+00:00,0.03460554729032316,0.06680813458477528,7,-1.0,rebalance,,0.1121262619047618,-0.03204561052778545,1,32.61,13.18
SOL,2023-01-16 00:00:00+00:00,2023-01-23 00:00:00+00:00,-0.0018534704583953734,-0.0018979840611353734,7,-1.0,rebalance,,0.03317850000000001,9.096350274000001e-05,1,22.9,24.21
SOL,2023-01-23 00:00:00+00:00,2023-01-30 00:00:00+00:00,-0.03628919923398971,-0.036610204283944,7,-1.0,rebalance,,0.47652314285714287,0.000988137449954286,1,24.21,26.07
SOL,2023-01-30 00:00:00+00:00,2023-02-06 00:00:00+00:00,0.03634327934184194,0.0360833131678448,7,-1.0,rebalance,,0.36041838095238105,0.0007645519073304764,1,26.07,23.46
SOL,2023-02-06 00:00:00+00:00,2023-02-13 00:00:00+00:00,0.0298753106243063,0.03096077567693749,7,-1.0,rebalance,,0.3687004047619048,-0.0005692844859645238,1,23.46,21.49
SOL,2023-02-20 00:00:00+00:00,2023-02-27 00:00:00+00:00,0.00676270069459381,0.00672258138196881,7,-1.0,rebalance,,0.10564664285714286,0.00018802461262500003,1,24.83,23.25
SOL,2023-02-27 00:00:00+00:00,2023-03-06 00:00:00+00:00,0.03023619659846775,0.03020198387096775,7,-1.0,rebalance,,0.30933750000000004,0.0004672852275,1,23.25,20.98
SOL,2023-03-06 00:00:00+00:00,2023-03-13 00:00:00+00:00,0.008963114704360847,0.009886547505560847,7,-1.0,rebalance,,0.2625566666666667,-0.0005558534678666668,1,20.98,20.19
SOL,2023-03-20 00:00:00+00:00,2023-03-27 00:00:00+00:00,0.010750716796949911,0.010892469524680863,7,-1.0,rebalance,,0.25881454761904765,0.0002205876389357143,1,21.86,20.94
SOL,2023-03-27 00:00:00+00:00,2023-04-03 00:00:00+00:00,0.002831922763695263,0.00297124641833812,7,-1.0,rebalance,,0.14813785714285718,6.80693453571429e-05,1,20.94,20.52
SOL,2023-04-03 00:00:00+00:00,2023-04-10 00:00:00+00:00,0.000854438959962173,0.0008951783393669349,7,-1.0,rebalance,,0.07986547619047621,7.107228726190479e-05,1,20.52,20.29
SOL,2023-04-10 00:00:00+00:00,2023-04-17 00:00:00+00:00,-0.03838619638511293,-0.038496753620127215,7,-1.0,rebalance,,0.15467309523809528,0.00032709956834761915,1,20.29,25.34
SOL,2023-04-17 00:00:00+00:00,2023-04-24 00:00:00+00:00,0.056277713273034595,0.05613621394745746,7,-1.0,rebalance,,0.36756890476190485,0.0006560957922438097,1,25.34,21.47
SOL,2023-04-24 00:00:00+00:00,2023-05-01 00:00:00+00:00,-0.018306334472909008,-0.01820709082440615,7,-1.0,rebalance,,0.31024304761904764,0.00033509661816380953,1,21.47,22.73
SOL,2023-05-01 00:00:00+00:00,2023-05-08 00:00:00+00:00,0.008851798672476237,0.008920020991766713,7,-1.0,rebalance,,0.18773340476190478,0.00019460444737619053,1,22.73,21.65
SOL,2023-05-08 00:00:00+00:00,2023-05-15 00:00:00+00:00,0.0058024309326065405,0.005991828439458922,7,-1.0,rebalance,,0.18017095238095243,6.284182648095239e-05,1,21.65,20.93
SOL,2023-05-15 00:00:00+00:00,2023-05-22 00:00:00+00:00,0.0038202857845478794,0.0038233345164152602,7,-1.0,rebalance,,0.06062302380952381,8.182350146595239e-05,1,20.93,19.61
SOL,2023-05-22 00:00:00+00:00,2023-05-29 00:00:00+00:00,-0.01424148112671617,-0.014355478983026172,7,-1.0,rebalance,,0.23459245238095242,0.00044242728964333336,1,19.61,20.81
SOL,2023-05-29 00:00:00+00:00,2023-06-05 00:00:00+00:00,-0.015837349348694574,-0.016066805382027906,7,-1.0,rebalance,,0.3277943333333334,0.0006883681000000001,1,20.81,21.83
SOL,2023-06-05 00:00:00+00:00,2023-06-12 00:00:00+00:00,0.10416681637601923,0.10500229042601922,7,-1.0,rebalance,,0.3650000000000001,-0.00032447405000000007,1,21.83,15.55
SOL,2023-07-03 00:00:00+00:00,2023-07-10 00:00:00+00:00,-0.021881855936892878,-0.02179387615621788,7,-1.0,rebalance,,0.2280155,0.000231241919325,1,19.46,21.32
SOL,2023-07-10 00:00:00+00:00,2023-07-17 00:00:00+00:00,-0.05040575697355793,-0.05035073991557222,7,-1.0,rebalance,,0.1762689285714286,0.00019175944201428575,1,21.32,27.41
SOL,2023-07-17 00:00:00+00:00,2023-07-24 00:00:00+00:00,0.018341793706884792,0.018280640190406698,7,-1.0,rebalance,,0.1890839047619048,0.00032587098314476197,1,27.41,24.76
SOL,2023-07-24 00:00:00+00:00,2023-07-31 00:00:00+00:00,0.006184080464833295,0.0061699867874452,7,-1.0,rebalance,,0.2995468095238096,0.00043345921072142867,1,24.76,24.25
SOL,2023-07-31 00:00:00+00:00,2023-08-07 00:00:00+00:00,0.010760916048374944,0.010890170103092801,7,-1.0,rebalance,,0.25151107142857143,0.00022286144528214284,1,24.25,23.2
SOL,2023-08-07 00:00:00+00:00,2023-08-14 00:00:00+00:00,-0.006711947777928113,-0.006771168041871923,7,-1.0,rebalance,,0.15401088095238097,0.00027483549727714293,1,23.2,24.22
SOL,2023-08-14 00:00:00+00:00,2023-08-21 00:00:00+00:00,0.030897893571232935,0.031247169045652935,7,-1.0,rebalance,,0.31016657142857146,8.495772558000003e-05,1,24.22,21.78
SOL,2023-08-21 00:00:00+00:00,2023-08-28 00:00:00+00:00,0.0020171482836325787,0.0021640075757575787,7,-1.0,rebalance,,0.04760816666666666,-8.020785879166666e-05,1,21.78,20.79
SOL,2023-10-30 00:00:00+00:00,2023-11-06 00:00:00+00:00,-0.07788917932929693,-0.07787252949538026,7,-1.0,rebalance,,0.30690938095238096,0.0004130232994166667,1,32.83,41.16
SOL,2023-11-06 00:00:00+00:00,2023-11-13 00:00:00+00:00,-0.08541475283617286,-0.0858671515630062,7,-1.0,rebalance,,0.2339041666666667,0.0007798645601666668,1,41.16,56.27
SOL,2023-11-13 00:00:00+00:00,2023-11-20 00:00:00+00:00,-0.048265776859418685,-0.04974220259463297,7,-1.0,rebalance,,0.5795018095238096,0.0022877282685476196,1,56.27,61.1
SOL,2023-11-20 00:00:00+00:00,2023-11-27 00:00:00+00:00,0.04012241454397551,0.03964210496064218,7,-1.0,rebalance,,0.6861565476190477,0.0014409287500000004,1,61.1,57.57
SOL,2023-11-27 00:00:00+00:00,2023-12-04 00:00:00+00:00,-0.033966194356791775,-0.034363383706791775,7,-1.0,rebalance,,0.3650000000000001,0.0009081893500000003,1,57.57,62.99
SOL,2023-12-04 00:00:00+00:00,2023-12-11 00:00:00+00:00,-0.08001293512082722,-0.08163330061083009,7,-1.0,rebalance,,0.4324711190476192,0.002225825056669525,1,62.99,74.88
SOL,2023-12-11 00:00:00+00:00,2023-12-18 00:00:00+00:00,0.04939719318001639,0.048144501818783055,7,-1.0,rebalance,,0.8945559047619049,0.0025050696279000006,1,74.88,70.85
SOL,2023-12-18 00:00:00+00:00,2023-12-25 00:00:00+00:00,-0.28481184957224054,-0.28578495412844057,7,-1.0,rebalance,,0.4867275000000001,0.0016545230562000004,1,70.85,112.45
SOL,2023-12-25 00:00:00+00:00,2024-01-01 00:00:00+00:00,0.06067260844549068,0.056376845395837344,7,-1.0,rebalance,,0.5908272380952382,0.005122921182986667,1,112.45,101.72
SOL,2024-01-01 00:00:00+00:00,2024-01-08 00:00:00+00:00,0.1241610048564688,0.1207235548564688,7,-1.0,rebalance,,1.0,0.00483745,1,101.72,89.44
SOL,2024-01-08 00:00:00+00:00,2024-01-15 00:00:00+00:00,-0.040492320481386956,-0.04108087689805362,7,-1.0,rebalance,,0.840794880952381,0.0017656692500000004,1,89.44,93.81
SOL,2024-01-15 00:00:00+00:00,2024-01-29 00:00:00+00:00,-0.007498476312242818,-0.008482038162242817,14,-1.0,rebalance,,0.3650000000000001,0.0014945618500000004,1,93.81,95.99
SOL,2024-01-29 00:00:00+00:00,2024-02-05 00:00:00+00:00,0.0020025041094722086,0.0018420150090038751,7,-1.0,rebalance,,0.3466961190476191,0.0006458636671350001,1,95.99,95.48
SOL,2024-02-05 00:00:00+00:00,2024-02-12 00:00:00+00:00,-0.04044599522952034,-0.04062654136992034,7,-1.0,rebalance,,0.32379149999999995,0.0006338542403999999,1,95.48,107.46
SOL,2024-02-12 00:00:00+00:00,2024-02-19 00:00:00+00:00,-0.014354635912025852,-0.015166529118254423,7,-1.0,rebalance,,0.34024952380952384,0.001288242539561905,1,107.46,112.25
SOL,2024-02-19 00:00:00+00:00,2024-02-26 00:00:00+00:00,0.05443426392497654,0.05147328030119845,7,-1.0,rebalance,,0.6580724047619048,0.003882284990444762,1,112.25,103.47
SOL,2024-02-26 00:00:00+00:00,2024-03-25 00:00:00+00:00,-0.7395113022673238,-0.7770368222673238,28,-1.0,rebalance,,1.0,0.03892552000000001,1,103.47,183.87
SOL,2024-03-25 00:00:00+00:00,2024-04-01 00:00:00+00:00,-0.06470483485461426,-0.06905100394688783,7,-1.0,rebalance,,0.6833373571428573,0.005302841392273572,1,183.87,202.45
SOL,2024-04-01 00:00:00+00:00,2024-04-08 00:00:00+00:00,0.11556046887132625,0.11331192887132624,7,-1.0,rebalance,,1.0,0.0036485399999999996,1,202.45,179.51
SOL,2024-04-08 00:00:00+00:00,2024-04-15 00:00:00+00:00,0.10145355592311232,0.09979814912818231,7,-1.0,rebalance,,0.634151,0.00254321819493,1,179.51,151.26
SOL,2024-04-15 00:00:00+00:00,2024-04-22 00:00:00+00:00,0.010865209004381971,0.011290326424699114,7,-1.0,rebalance,,0.6970509285714286,0.0005507538796828571,1,151.26,148.81
SOL,2024-04-22 00:00:00+00:00,2024-04-29 00:00:00+00:00,0.009907337414583491,0.009985314978192062,7,-1.0,rebalance,,0.13733038095238095,0.00011428496972476192,1,148.81,137.99
SOL,2024-04-29 00:00:00+00:00,2024-05-06 00:00:00+00:00,-0.008186571496991667,-0.008123630292395238,7,-1.0,rebalance,,0.14464254761904763,0.0001395583620702381,1,137.99,145.74
SOL,2024-05-06 00:00:00+00:00,2024-05-13 00:00:00+00:00,0.002654365774475654,0.002669577852274463,7,-1.0,rebalance,,0.16770011904761908,0.0002195680888678572,1,145.74,143.42
SOL,2024-05-13 00:00:00+00:00,2024-05-20 00:00:00+00:00,-0.04209129789758804,-0.042063889719505185,7,-1.0,rebalance,,0.22756707142857144,0.0002911857219171429,1,143.42,169.93
SOL,2024-05-20 00:00:00+00:00,2024-05-27 00:00:00+00:00,0.008668587601000043,0.008520109103748615,7,-1.0,rebalance,,0.2223997142857143,0.00045983809725142876,1,169.93,163.42
SOL,2024-05-27 00:00:00+00:00,2024-06-03 00:00:00+00:00,0.0009819289837122588,0.0006157396483498777,7,-1.0,rebalance,,0.3593720476190477,0.0008693102020290478,1,163.42,163.14
SOL,2024-06-03 00:00:00+00:00,2024-06-10 00:00:00+00:00,0.003330090432050628,0.002628716588731818,7,-1.0,rebalance,,0.4204400238095238,0.0012899898766521429,1,163.14,162.12
SOL,2024-06-10 00:00:00+00:00,2024-06-17 00:00:00+00:00,0.03591876888699795,0.03559151588770224,7,-1.0,rebalance,,0.5332806428571429,0.0010738458992957144,1,162.12,151.3
SOL,2024-06-17 00:00:00+00:00,2024-06-24 00:00:00+00:00,0.052195872807372416,0.05232549982060241,7,-1.0,rebalance,,0.34999328571428573,0.00036036358677000004,1,151.3,128.68
SOL,2024-06-24 00:00:00+00:00,2024-07-01 00:00:00+00:00,-0.0248814501920177,-0.024935839563257702,7,-1.0,rebalance,,0.17895950000000005,0.00030493267124000016,1,128.68,146.61
SOL,2024-07-01 00:00:00+00:00,2024-07-08 00:00:00+00:00,0.030152814058081637,0.030239943601586397,7,-1.0,rebalance,,0.29615752380952387,0.0003274909898285715,1,146.61,131.64
SOL,2024-07-08 00:00:00+00:00,2024-07-15 00:00:00+00:00,-0.02344381538605309,-0.023389707644224517,7,-1.0,rebalance,,0.19219857142857147,0.00021497025817142864,1,131.64,147.66
SOL,2024-07-15 00:00:00+00:00,2024-07-22 00:00:00+00:00,-0.04850856427369833,-0.04848871189282976,7,-1.0,rebalance,,0.19440247619047624,0.0002523110857980953,1,147.66,184.49
SOL,2024-07-22 00:00:00+00:00,2024-07-29 00:00:00+00:00,-0.0004521414644560328,-0.0005135521708493661,7,-1.0,rebalance,,0.2255839047619048,0.00037722817306000005,1,184.49,184.91
SOL,2024-07-29 00:00:00+00:00,2024-08-05 00:00:00+00:00,0.0733004329568747,0.0732321681088097,7,-1.0,rebalance,,0.2906495,0.000475174148065,1,184.91,138.32
SOL,2024-08-05 00:00:00+00:00,2024-08-12 00:00:00+00:00,-0.00700092255103631,-0.006656053808972977,7,-1.0,rebalance,,0.2841559761904763,5.294962460333334e-05,1,138.32,141.56
SOL,2024-08-12 00:00:00+00:00,2024-08-19 00:00:00+00:00,-0.00023908615937839086,-0.00019676033719505753,7,-1.0,rebalance,,0.03238766666666666,3.0169111499999973e-06,1,141.56,142.42
SOL,2024-08-19 00:00:00+00:00,2024-08-26 00:00:00+00:00,-0.0018896456310262784,-0.0018757259714727071,7,-1.0,rebalance,,0.01619035714285715,8.746840446428574e-06,1,142.42,158.92
SOL,2024-08-26 00:00:00+00:00,2024-09-02 00:00:00+00:00,0.01784610815524597,0.017974176360073348,7,-1.0,rebalance,,0.09390059523809526,3.39262850595238e-06,1,158.92,128.5
SOL,2024-09-02 00:00:00+00:00,2024-09-09 00:00:00+00:00,-8.686395551985807e-05,-8.063476931628663e-05,7,-1.0,rebalance,,0.006279738095238102,2.5624471297619074e-06,1,128.5,130.15
SOL,2024-09-09 00:00:00+00:00,2024-09-16 00:00:00+00:00,-0.0007669556661491305,-0.0006702670819384162,7,-1.0,rebalance,,0.0709229761904762,2.603582455952383e-06,1,130.15,131.38
SOL,2024-09-16 00:00:00+00:00,2024-09-23 00:00:00+00:00,-0.0006460913426897532,-0.0006439797642607055,7,-1.0,rebalance,,0.00638054761904763,6.8211882376190595e-06,1,131.38,144.64
SOL,2024-09-23 00:00:00+00:00,2024-09-30 00:00:00+00:00,-0.017772332536966882,-0.017766808322139737,7,-1.0,rebalance,,0.18581280952380955,0.00025461371850619047,1,144.64,158.47
SOL,2024-09-30 00:00:00+00:00,2024-10-07 00:00:00+00:00,0.017991460775216968,0.018034907012593634,7,-1.0,rebalance,,0.23816597619047625,0.00028998612929000004,1,158.47,146.47
SOL,2024-10-07 00:00:00+00:00,2024-10-14 00:00:00+00:00,-0.0020392838121062297,-0.00183495794360623,7,-1.0,rebalance,,0.21162700000000007,9.195193150000005e-05,1,146.47,147.74
SOL,2024-10-14 00:00:00+00:00,2024-10-21 00:00:00+00:00,-0.01004288533962974,-0.010049599843998789,7,-1.0,rebalance,,0.07552023809523813,0.00011244283770238099,1,147.74,167.4
SOL,2024-10-21 00:00:00+00:00,2024-10-28 00:00:00+00:00,-0.014172056005311072,-0.014268826718154406,7,-1.0,rebalance,,0.25878673809523817,0.00045907214617666684,1,167.4,176.63
SOL,2024-10-28 00:00:00+00:00,2024-11-04 00:00:00+00:00,0.02475184651159078,0.024630602823227446,7,-1.0,rebalance,,0.3083276666666667,0.0005529024216966668,1,176.63,162.52
SOL,2024-11-04 00:00:00+00:00,2024-11-11 00:00:00+00:00,-0.09097930426733612,-0.09119127190939136,7,-1.0,rebalance,,0.31168045238095243,0.0006483202753885715,1,162.52,210.07
SOL,2024-11-11 00:00:00+00:00,2024-11-18 00:00:00+00:00,-0.04592165744378164,-0.047156344891838786,7,-1.0,rebalance,,0.36153771428571435,0.0017408402480571432,1,210.07,237.47
SOL,2024-11-18 00:00:00+00:00,2024-11-25 00:00:00+00:00,-0.05163174544409212,-0.05381572129411831,7,-1.0,rebalance,,0.8369102380952381,0.0033556501833595237,1,237.47,252.74
SOL,2024-11-25 00:00:00+00:00,2024-12-02 00:00:00+00:00,0.04466324515209596,0.04398028869777715,7,-1.0,rebalance,,0.6969014523809524,0.001658618487652143,1,252.74,236.79
SOL,2024-12-02 00:00:00+00:00,2024-12-09 00:00:00+00:00,0.0018450180544618549,-0.00040180300507386006,7,-1.0,rebalance,,0.4136649285714286,0.002825951959535715,1,236.79,237.02
SOL,2024-12-09 00:00:00+00:00,2024-12-16 00:00:00+00:00,0.054747039399206936,0.05383511939920693,7,-1.0,rebalance,,1.0,0.00231192,1,237.02,224.26
SOL,2024-12-16 00:00:00+00:00,2024-12-23 00:00:00+00:00,0.0778055667224115,0.0783563200112115,7,-1.0,rebalance,,0.4018337142857144,1.1813911200000033e-05,1,224.26,180.53
SOL,2024-12-23 00:00:00+00:00,2024-12-30 00:00:00+00:00,-0.00027305188252497255,-0.0002663551764249725,7,-1.0,rebalance,,0.005110000000000026,4.572939000000024e-07,1,180.53,189.94
SOL,2024-12-30 00:00:00+00:00,2025-01-06 00:00:00+00:00,-0.0019315295848281733,-0.001921961720994602,7,-1.0,rebalance,,0.015554214285714312,1.2208036166428592e-05,1,189.94,213.41
SOL,2025-01-06 00:00:00+00:00,2025-01-13 00:00:00+00:00,0.01574341433480536,0.015923196731754886,7,-1.0,rebalance,,0.136417880952381,1.1202636383809528e-05,1,213.41,188.5
SOL,2025-01-13 00:00:00+00:00,2025-01-20 00:00:00+00:00,-0.004843544594176014,-0.0048385141341417285,7,-1.0,rebalance,,0.014273238095238118,1.4952073299047643e-05,1,188.5,252.4
SOL,2025-01-20 00:00:00+00:00,2025-01-27 00:00:00+00:00,0.008279401925963579,0.008591616583654055,7,-1.0,rebalance,,0.1820759047619048,-5.730839102380951e-05,1,252.4,240.49
SOL,2025-02-03 00:00:00+00:00,2025-02-10 00:00:00+00:00,8.958029032740138e-05,0.00010840976199835385,7,-1.0,rebalance,,0.007233952380952413,-8.701938337619085e-06,1,203.52,200.47
SOL,2025-03-03 00:00:00+00:00,2025-03-10 00:00:00+00:00,0.03824292489503045,0.038525629796009736,7,-1.0,rebalance,,0.1319023095238096,-9.804166764595244e-05,1,178.72,126.52
SOL,2025-03-17 00:00:00+00:00,2025-03-24 00:00:00+00:00,-0.0017181630725469693,-0.0016678702925553026,7,-1.0,rebalance,,0.03130483333333338,-6.466013325000009e-06,1,126.13,132.85
SOL,2025-04-14 00:00:00+00:00,2025-04-21 00:00:00+00:00,-0.0008470487612253453,-0.0008223169830636785,7,-1.0,rebalance,,0.011135976190476238,-9.141411495000037e-06,1,128.38,137.86
SOL,2025-05-12 00:00:00+00:00,2025-05-19 00:00:00+00:00,-0.00020308942880361219,-0.00010738257450789786,7,-1.0,rebalance,,0.18598661904761912,0.00016467441237095245,1,173.2,173.3
SOL,2025-05-19 00:00:00+00:00,2025-05-26 00:00:00+00:00,-0.002265511868172866,-0.0021756323812271517,7,-1.0,rebalance,,0.15389269047619053,0.00012557027972095246,1,173.3,175.75
SOL,2025-05-26 00:00:00+00:00,2025-06-02 00:00:00+00:00,0.014341033419720288,0.014581602595678382,7,-1.0,rebalance,,0.1418216190476191,-4.201890929142859e-05,1,175.75,157.68
SOL,2025-06-09 00:00:00+00:00,2025-06-16 00:00:00+00:00,-9.693226952555995e-05,-8.423896047103611e-05,7,-1.0,rebalance,,0.024696595238095285,2.1881924278809565e-05,1,152.45,152.97
SOL,2025-06-16 00:00:00+00:00,2025-06-23 00:00:00+00:00,0.021260583218231176,0.021403213817212843,7,-1.0,rebalance,,0.15400045238095245,7.29700343516667e-05,1,152.97,131.71
SOL,2025-06-23 00:00:00+00:00,2025-06-30 00:00:00+00:00,-0.013565465951467029,-0.013512389049173696,7,-1.0,rebalance,,0.08235616666666673,6.222173104000005e-05,1,131.71,153.32
SOL,2025-06-30 00:00:00+00:00,2025-07-07 00:00:00+00:00,0.0010522879036436203,0.0012504708732436205,7,-1.0,rebalance,,0.1313165714285715,-1.433976960000001e-05,1,153.32,151.86
SOL,2025-07-14 00:00:00+00:00,2025-07-21 00:00:00+00:00,-0.025754872344048867,-0.025843607697649342,7,-1.0,rebalance,,0.2052586190476191,0.00037609742026714296,1,161.15,181.44
SOL,2025-07-21 00:00:00+00:00,2025-07-28 00:00:00+00:00,-0.012418061935677441,-0.0126378146258503,7,-1.0,rebalance,,0.31847292857142867,0.0006656147901728573,1,181.44,188.64
SOL,2025-07-28 00:00:00+00:00,2025-08-04 00:00:00+00:00,0.05095269797651102,0.05133935038268912,7,-1.0,rebalance,,0.3632653809523811,0.00012191912715523813,1,188.64,161.98
SOL,2025-08-04 00:00:00+00:00,2025-08-11 00:00:00+00:00,-0.007513246741579804,-0.007451101832089803,7,-1.0,rebalance,,0.058333952380952445,1.9522623843333356e-05,1,161.98,182.67
SOL,2025-08-11 00:00:00+00:00,2025-08-18 00:00:00+00:00,-0.002648039439926763,-0.0026525777723034297,7,-1.0,rebalance,,0.0581688333333334,8.597469904333342e-05,1,182.67,191.0
SOL,2025-08-18 00:00:00+00:00,2025-08-25 00:00:00+00:00,-0.02018193452228819,-0.020161467781101998,7,-1.0,rebalance,,0.2568939523809524,0.000339184792147143,1,191.0,205.99
SOL,2025-08-25 00:00:00+00:00,2025-09-01 00:00:00+00:00,0.005986672087998585,0.005982520687550728,7,-1.0,rebalance,,0.22948592857142866,0.00032543170044785726,1,205.99,200.62
SOL,2025-09-01 00:00:00+00:00,2025-09-08 00:00:00+00:00,-0.007126242529881583,-0.007039758487973011,7,-1.0,rebalance,,0.2464775476190477,0.00025858452475809534,1,200.62,206.35
SOL,2025-09-08 00:00:00+00:00,2025-09-15 00:00:00+00:00,-0.029554206988780845,-0.029514860142845607,7,-1.0,rebalance,,0.18234704761904771,0.00021593902073142868,1,206.35,239.75
SOL,2025-09-15 00:00:00+00:00,2025-09-22 00:00:00+00:00,0.002926435853075914,0.0030820650022344853,7,-1.0,rebalance,,0.20582871428571436,0.0001325310508414286,1,239.75,236.16
SOL,2025-09-22 00:00:00+00:00,2025-09-29 00:00:00+00:00,0.01182666344460166,0.012003671442484517,7,-1.0,rebalance,,0.11191421428571434,-2.0328097882857153e-05,1,236.16,210.83
SOL,2025-10-06 00:00:00+00:00,2025-10-13 00:00:00+00:00,0.0028336798448661544,0.0030806493991366313,7,-1.0,rebalance,,0.02230323809523815,-0.0002157450209371434,1,228.56,196.99
SOL,2025-10-27 00:00:00+00:00,2025-11-03 00:00:00+00:00,0.005565807761165541,0.0057162884234031605,7,-1.0,rebalance,,0.09281080952380961,-2.0545528904285735e-05,1,200.03,187.71
SOL,2025-11-24 00:00:00+00:00,2025-12-01 00:00:00+00:00,-0.00177649089462039,-0.001673763884938247,7,-1.0,rebalance,,0.07536554761904772,2.7847569845238135e-06,1,130.58,133.48
SOL,2025-12-01 00:00:00+00:00,2025-12-08 00:00:00+00:00,5.420905172687408e-05,5.9180267776874146e-05,7,-1.0,rebalance,,0.006422261904761989,4.019950616666719e-06,1,133.48,132.25
SOL,2025-12-08 00:00:00+00:00,2025-12-15 00:00:00+00:00,0.0022050543060937295,0.0023527545809703962,7,-1.0,rebalance,,0.10879433333333344,4.611791790000006e-06,1,132.25,129.39
SOL,2025-12-15 00:00:00+00:00,2025-12-22 00:00:00+00:00,0.0001834866259823855,0.00019132668676095704,7,-1.0,rebalance,,0.007367785714285802,2.4748392214286015e-06,1,129.39,126.03
SOL,2025-12-22 00:00:00+00:00,2025-12-29 00:00:00+00:00,0.000333209471216824,0.00035206530569063354,7,-1.0,rebalance,,0.058382619047619135,6.287983219285725e-05,1,126.03,125.27
SOL,2025-12-29 00:00:00+00:00,2026-01-05 00:00:00+00:00,-0.013264046947620066,-0.013225057333302924,7,-1.0,rebalance,,0.18719807142857153,0.0002230876856828573,1,125.27,134.12
SOL,2026-01-05 00:00:00+00:00,2026-01-12 00:00:00+00:00,-0.008719853546876632,-0.008602198265945203,7,-1.0,rebalance,,0.20713228571428582,0.00017232991906857153,1,134.12,139.69
SOL,2026-01-12 00:00:00+00:00,2026-01-19 00:00:00+00:00,0.0017968038322625744,0.0018840504450330505,7,-1.0,rebalance,,0.14460604761904772,0.00011520185389619057,1,139.69,137.87
SOL,2026-01-19 00:00:00+00:00,2026-01-26 00:00:00+00:00,0.01889739728744162,0.019102372897864477,7,-1.0,rebalance,,0.13846709523809533,-1.1121677089523816e-05,1,137.87,118.85
SOL,2026-04-13 00:00:00+00:00,2026-04-20 00:00:00+00:00,-0.0005713302560188722,-0.0005468276977703007,7,-1.0,rebalance,,0.023102761904762004,7.84130841809527e-06,1,81.54,83.47
SOL,2026-04-20 00:00:00+00:00,2026-04-27 00:00:00+00:00,-0.0025106940236605015,-0.0024453661081540725,7,-1.0,rebalance,,0.058992690476190594,1.7261851160238133e-05,1,83.47,86.93
SOL,2026-04-27 00:00:00+00:00,2026-05-04 00:00:00+00:00,0.0016931116859592182,0.0017668512870235042,7,-1.0,rebalance,,0.05085840476190486,-2.5378343976190534e-06,1,86.93,83.91
SOL,2026-05-11 00:00:00+00:00,2026-05-18 00:00:00+00:00,0.02212643582067388,0.022437322791090307,7,-1.0,rebalance,,0.1927252142857144,-4.107167041642859e-05,1,96.46,85.23
SOL,2026-07-06 00:00:00+00:00,2026-07-13 00:00:00+00:00,0.00969661758038062,0.009840366682424904,7,-1.0,rebalance,,0.17192195238095248,9.69416312890477e-05,1,81.59,76.92
SOL,2026-07-13 00:00:00+00:00,2026-07-20 00:00:00+00:00,0.0005786499043087305,0.0006880294740361116,7,-1.0,rebalance,,0.09800597619047631,2.7828796939285748e-05,1,76.92,76.38
SOL,2026-07-20 00:00:00+00:00,2026-07-27 00:00:00+00:00,-0.0003182348905986511,-0.0002519999158343653,7,-1.0,rebalance,,0.04935321428571439,2.859525235714292e-06,1,76.38,76.77
SOL,2026-07-27 00:00:00+00:00,2026-08-03 00:00:00+00:00,0.00040312714220389637,0.000410586681305325,7,-1.0,rebalance,,0.010070523809523906,6.639194231904827e-06,1,76.77,73.64
SOL,2026-08-03 00:00:00+00:00,2026-08-10 00:00:00+00:00,-0.0040991971021444255,-0.004076846828845616,7,-1.0,rebalance,,0.11458740476190488,0.0001380720933678573,1,73.64,76.26
SOL,2026-08-10 00:00:00+00:00,2026-08-17 00:00:00+00:00,0.004253558802192547,0.00450390937019969,7,-1.0,rebalance,,0.20943178571428578,4.285393199285719e-05,1,76.26,74.62
SOL,2026-08-17 00:00:00+00:00,2026-08-24 00:00:00+00:00,-0.009919316870231343,-0.009923094574415153,7,-1.0,rebalance,,0.03556490476190486,5.3568570850476345e-05,1,74.62,95.44
SOL,2026-08-24 00:00:00+00:00,2026-08-31 00:00:00+00:00,-0.01743580708316669,-0.017308558820300975,7,-1.0,rebalance,,0.2617953809523811,0.00023926527046761923,1,95.44,101.75
XRP,2020-01-07 00:00:00+00:00,2020-01-14 00:00:00+00:00,0.050077081304180274,0.04561564840878527,7,-1.0,rebalance,,0.8653785000000002,0.005672962795395002,1,0.2231,0.21134
XRP,2020-01-14 00:00:00+00:00,2020-01-28 00:00:00+00:00,-0.07594871998485858,-0.09198447998485859,14,-1.0,rebalance,,1.0,0.017435760000000005,1,0.21134,0.23078
XRP,2020-01-28 00:00:00+00:00,2020-02-04 00:00:00+00:00,-0.04579856351639873,-0.053012488896867306,7,-1.0,rebalance,,0.5164298095238096,0.007936927113801905,1,0.23078,0.25447
XRP,2020-02-04 00:00:00+00:00,2020-03-03 00:00:00+00:00,0.11418387009431352,0.05812080009431353,28,-1.0,rebalance,,1.0,0.05746306999999999,1,0.25447,0.23968
XRP,2020-03-03 00:00:00+00:00,2020-03-10 00:00:00+00:00,0.07799928993005432,0.07562906716495005,7,-1.0,rebalance,,0.5998270952380952,0.003209980698437619,1,0.23968,0.20946
XRP,2020-03-10 00:00:00+00:00,2020-03-17 00:00:00+00:00,0.29708676985032356,0.30356441874116213,7,-1.0,rebalance,,0.9301434047619049,-0.005175448124171905,1,0.20946,0.1411
XRP,2020-03-24 00:00:00+00:00,2020-03-31 00:00:00+00:00,-0.024651769554873044,-0.024733862048042565,7,-1.0,rebalance,,0.31218623809523804,0.0005191532265028572,1,0.15853,0.17109
XRP,2020-03-31 00:00:00+00:00,2020-04-07 00:00:00+00:00,-0.045385626694148445,-0.04546157150371988,7,-1.0,rebalance,,0.28903828571428564,0.00048059840957142847,1,0.17109,0.198
XRP,2020-04-07 00:00:00+00:00,2020-04-14 00:00:00+00:00,0.014997384198811147,0.015121507575757576,7,-1.0,rebalance,,0.2890017857142857,0.0002804791230535715,1,0.198,0.18764
XRP,2020-04-14 00:00:00+00:00,2020-04-21 00:00:00+00:00,0.005554636164429403,0.0055466827194424985,7,-1.0,rebalance,,0.1686838809523809,0.00024411087832023804,1,0.18764,0.18147
XRP,2020-04-21 00:00:00+00:00,2020-04-28 00:00:00+00:00,-0.02213640534355572,-0.022218554536103337,7,-1.0,rebalance,,0.2515284523809524,0.00043428902588095247,1,0.18147,0.1975
XRP,2020-04-28 00:00:00+00:00,2020-05-05 00:00:00+00:00,-0.030579013519841013,-0.030800087836045775,7,-1.0,rebalance,,0.3000995238095238,0.0006412136495380954,1,0.1975,0.21777
XRP,2020-05-05 00:00:00+00:00,2020-05-12 00:00:00+00:00,0.043876928147316197,0.0430259255538281,7,-1.0,rebalance,,0.37137359523809527,0.0013709256268214288,1,0.21777,0.19254
XRP,2020-05-12 00:00:00+00:00,2020-05-19 00:00:00+00:00,-0.04230539698552442,-0.04275452948552442,7,-1.0,rebalance,,0.6416178571428571,0.0013473975000000003,1,0.19254,0.20537
XRP,2020-05-19 00:00:00+00:00,2020-05-26 00:00:00+00:00,0.01637814213514386,0.016262112285143862,7,-1.0,rebalance,,0.3650000000000001,0.0006270298500000002,1,0.20537,0.19622
XRP,2020-05-26 00:00:00+00:00,2020-06-02 00:00:00+00:00,-0.02217502229150736,-0.022384032241507357,7,-1.0,rebalance,,0.29858564285714284,0.0006270298499999999,1,0.19622,0.21093
XRP,2020-06-02 00:00:00+00:00,2020-06-09 00:00:00+00:00,0.012196028581275808,0.011888067131275808,7,-1.0,rebalance,,0.3650000000000001,0.0008189614500000003,1,0.21093,0.20406
XRP,2020-06-09 00:00:00+00:00,2020-06-16 00:00:00+00:00,0.022360384177883108,0.022321795494322394,7,-1.0,rebalance,,0.3899816428571428,0.0005845629835607144,1,0.20406,0.19238
XRP,2020-06-16 00:00:00+00:00,2020-06-23 00:00:00+00:00,0.004229407584903375,0.004130481060549803,7,-1.0,rebalance,,0.2605317857142857,0.0004636710243535714,1,0.19238,0.18933
XRP,2020-06-23 00:00:00+00:00,2020-06-30 00:00:00+00:00,0.019551916624718627,0.019540449741318387,7,-1.0,rebalance,,0.3093305476190476,0.00044452965006690475,1,0.18933,0.17737
XRP,2020-06-30 00:00:00+00:00,2020-07-07 00:00:00+00:00,-0.015880970566572165,-0.016039656044534306,7,-1.0,rebalance,,0.24977645238095236,0.0005083725112954762,1,0.17737,0.18876
XRP,2020-07-07 00:00:00+00:00,2020-07-14 00:00:00+00:00,-0.017886766482770353,-0.018553650099900117,7,-1.0,rebalance,,0.3537562619047619,0.0011621423837964286,1,0.18876,0.19866
XRP,2020-07-14 00:00:00+00:00,2020-07-21 00:00:00+00:00,0.012074785108556873,0.011525578033539017,7,-1.0,rebalance,,0.5709903571428572,0.001348593575017857,1,0.19866,0.19465
XRP,2020-07-21 00:00:00+00:00,2020-07-28 00:00:00+00:00,-0.05928584239387248,-0.06284746113292486,7,-1.0,rebalance,,0.41051202380952384,0.004136335572385714,1,0.19465,0.22445
XRP,2020-07-28 00:00:00+00:00,2020-08-25 00:00:00+00:00,-0.23850858013143222,-0.28491869013143223,28,-1.0,rebalance,,1.0,0.04781011,1,0.22445,0.2884
XRP,2020-08-25 00:00:00+00:00,2020-09-01 00:00:00+00:00,0.027092924813128305,0.02486567924014259,7,-1.0,rebalance,,0.9891395714285713,0.003612040972985714,1,0.2884,0.28115
XRP,2020-09-01 00:00:00+00:00,2020-09-08 00:00:00+00:00,0.09135045961651903,0.0883365474539095,7,-1.0,rebalance,,0.6347002380952381,0.0039024924959428584,1,0.28115,0.24202
XRP,2020-09-08 00:00:00+00:00,2020-09-15 00:00:00+00:00,-0.014174803735228425,-0.014874803735228426,7,-1.0,rebalance,,1.0,0.0021,1,0.24202,0.24562
XRP,2020-09-15 00:00:00+00:00,2020-09-29 00:00:00+00:00,0.0076614121329207545,0.006716879732920755,14,-1.0,rebalance,,0.3650000000000001,0.0014555324000000002,1,0.24562,0.2411
XRP,2020-09-29 00:00:00+00:00,2020-10-06 00:00:00+00:00,-0.012344949493101096,-0.012574626959767762,7,-1.0,rebalance,,0.3281106666666666,0.0006890323999999998,1,0.2411,0.25034
XRP,2020-10-06 00:00:00+00:00,2020-10-13 00:00:00+00:00,-0.008012820459531033,-0.008281537109531034,7,-1.0,rebalance,,0.3650000000000001,0.0007797166500000002,1,0.25034,0.25602
XRP,2020-10-13 00:00:00+00:00,2020-10-20 00:00:00+00:00,0.015514870094312457,0.015155138535493886,7,-1.0,rebalance,,0.3712936428571429,0.0008795426588185716,1,0.25602,0.24557
XRP,2020-10-20 00:00:00+00:00,2020-10-27 00:00:00+00:00,-0.003411373104018869,-0.004258644331846011,7,-1.0,rebalance,,0.4117304285714285,0.0014236938278271425,1,0.24557,0.24811
XRP,2020-10-27 00:00:00+00:00,2020-11-03 00:00:00+00:00,0.031342121491566025,0.031126914055977454,7,-1.0,rebalance,,0.6010037857142857,0.0010566127355885716,1,0.24811,0.23526
XRP,2020-11-03 00:00:00+00:00,2020-11-10 00:00:00+00:00,-0.019392990853041876,-0.019898616209826636,7,-1.0,rebalance,,0.3055710476190476,0.0009334248234514285,1,0.23526,0.25058
XRP,2020-11-10 00:00:00+00:00,2020-11-17 00:00:00+00:00,-0.07800858721978939,-0.07958292397067367,7,-1.0,rebalance,,0.5309342142857143,0.0023176446508842855,1,0.25058,0.28814
XRP,2020-11-17 00:00:00+00:00,2020-11-24 00:00:00+00:00,-0.8526534262232387,-0.8623050627571911,7,-1.0,rebalance,,0.7587168095238095,0.010713840067285714,1,0.28814,0.61562
XRP,2020-11-24 00:00:00+00:00,2020-12-15 00:00:00+00:00,0.1902905883372859,0.19208277833728593,21,-1.0,rebalance,,1.0,-0.00039219000000000124,1,0.61562,0.49737
XRP,2020-12-22 00:00:00+00:00,2020-12-29 00:00:00+00:00,0.5141956267889408,0.5175348267889408,7,-1.0,rebalance,,1.0,-0.0019391999999999996,1,0.51469,0.24832
XRP,2021-01-05 00:00:00+00:00,2021-01-12 00:00:00+00:00,-0.16343654626844642,-0.18278475764151547,7,-1.0,rebalance,,0.8325997619047618,0.02051385103973571,1,0.23568,0.28742
XRP,2021-01-12 00:00:00+00:00,2021-03-02 00:00:00+00:00,-0.4007480310006263,-0.5495442210006263,49,-1.0,rebalance,,1.0,0.15019618999999995,1,0.28742,0.44537
XRP,2021-03-02 00:00:00+00:00,2021-03-09 00:00:00+00:00,-0.04841942703199783,-0.05361336852718498,7,-1.0,rebalance,,0.8302429047619047,0.00635628156185381,1,0.44537,0.47413
XRP,2021-03-09 00:00:00+00:00,2021-04-27 00:00:00+00:00,-1.738624723015207,-1.874528083015207,49,-1.0,rebalance,,1.0,0.13730335999999999,1,0.47413,1.3629
XRP,2021-04-27 00:00:00+00:00,2021-05-04 00:00:00+00:00,-0.08909374485717092,-0.09679534866828092,7,-1.0,rebalance,,0.688171,0.008665043211109998,1,1.3629,1.5546
XRP,2021-05-04 00:00:00+00:00,2021-05-25 00:00:00+00:00,0.3885826615257944,0.3609931815257944,21,-1.0,rebalance,,1.0,0.028989480000000005,1,1.5546,0.9934
XRP,2021-05-25 00:00:00+00:00,2021-06-01 00:00:00+00:00,-0.00889171159335,-0.008950652461004523,7,-1.0,rebalance,,0.18719111904761893,0.0003210084343211903,1,0.9934,1.0409
XRP,2021-06-01 00:00:00+00:00,2021-06-08 00:00:00+00:00,0.05146512452170805,0.05125648200504138,7,-1.0,rebalance,,0.298060738095238,0.0006259275499999998,1,1.0409,0.8619
XRP,2021-06-08 00:00:00+00:00,2021-06-15 00:00:00+00:00,-0.01199746012631972,-0.012111613876319718,7,-1.0,rebalance,,0.3650000000000001,0.0006251537500000002,1,0.8619,0.8905
XRP,2021-06-15 00:00:00+00:00,2021-06-22 00:00:00+00:00,0.09478280028990184,0.0948403084810566,7,-1.0,rebalance,,0.2976922619047618,0.0003592609755119046,1,0.8905,0.6068
XRP,2021-06-22 00:00:00+00:00,2021-06-29 00:00:00+00:00,-0.013083244004592435,-0.012997455567065292,7,-1.0,rebalance,,0.2097568095238094,0.00020787109580619036,1,0.6068,0.6444
XRP,2021-06-29 00:00:00+00:00,2021-07-06 00:00:00+00:00,-0.0021217770975615357,-0.0021918454450060598,7,-1.0,rebalance,,0.17224697619047602,0.00031121411411119015,1,0.6444,0.6526
XRP,2021-07-06 00:00:00+00:00,2021-07-13 00:00:00+00:00,0.01149537860917002,0.011452785728879306,7,-1.0,rebalance,,0.31403730952380937,0.0004822451136240474,1,0.6526,0.6288
XRP,2021-07-13 00:00:00+00:00,2021-07-20 00:00:00+00:00,0.03044835861191963,0.03047698973857987,7,-1.0,rebalance,,0.2669071190476189,0.0003450388400064284,1,0.6288,0.557
XRP,2021-07-20 00:00:00+00:00,2021-07-27 00:00:00+00:00,-0.02686539411833272,-0.02678516224672986,7,-1.0,rebalance,,0.22468878571428555,0.0002343324283971427,1,0.557,0.6234
XRP,2021-07-27 00:00:00+00:00,2021-08-03 00:00:00+00:00,-0.033195980367413724,-0.033322868967413724,7,-1.0,rebalance,,0.18126942857142847,0.00038066579999999987,1,0.6234,0.738
XRP,2021-08-03 00:00:00+00:00,2021-08-10 00:00:00+00:00,-0.03858923412357725,-0.039022357723577254,7,-1.0,rebalance,,0.3650000000000001,0.0009441236000000003,1,0.738,0.8169
XRP,2021-08-10 00:00:00+00:00,2021-08-17 00:00:00+00:00,-0.20009583358629726,-0.20285980038356394,7,-1.0,rebalance,,0.44958266666666663,0.0033933825306,1,0.8169,1.1855
XRP,2021-08-17 00:00:00+00:00,2021-09-14 00:00:00+00:00,0.12903563114297767,0.10215099114297765,28,-1.0,rebalance,,1.0,0.028284640000000007,1,1.1855,1.0644
XRP,2021-09-14 00:00:00+00:00,2021-09-21 00:00:00+00:00,0.06403221052099854,0.06362398534385569,7,-1.0,rebalance,,0.4742392857142856,0.001072160177142857,1,1.0644,0.9216
XRP,2021-09-21 00:00:00+00:00,2021-09-28 00:00:00+00:00,0.00022917666650477172,-4.263764880951411e-05,7,-1.0,rebalance,,0.39294857142857137,0.0008219423153142857,1,0.9216,0.9217
XRP,2021-09-28 00:00:00+00:00,2021-10-05 00:00:00+00:00,-0.04761969718668453,-0.047807080983896195,7,-1.0,rebalance,,0.36356259523809514,0.0006963714305449999,1,0.9217,1.0429
XRP,2021-10-05 00:00:00+00:00,2021-10-12 00:00:00+00:00,-0.028444230411629145,-0.029815323712724145,7,-1.0,rebalance,,0.33291649999999995,0.001837176401095,1,1.0429,1.1363
XRP,2021-10-12 00:00:00+00:00,2021-10-19 00:00:00+00:00,0.04964392417070167,0.04524398927178024,7,-1.0,rebalance,,0.9591556904761904,0.0057427528655880945,1,1.1363,1.0827
XRP,2021-10-19 00:00:00+00:00,2021-11-23 00:00:00+00:00,0.07661802859979672,0.0436870785997967,35,-1.0,rebalance,,1.0,0.034330950000000006,1,1.0827,1.0354
XRP,2021-11-23 00:00:00+00:00,2021-11-30 00:00:00+00:00,0.01902202465209638,0.018118973907024712,7,-1.0,rebalance,,0.41231616666666654,0.0014802933784049998,1,1.0354,0.9899
XRP,2021-11-30 00:00:00+00:00,2021-12-07 00:00:00+00:00,0.10255247685623113,0.10357077877274756,7,-1.0,rebalance,,0.6240092142857142,-0.00014468901651642867,1,0.9899,0.8256
XRP,2021-12-14 00:00:00+00:00,2021-12-21 00:00:00+00:00,-0.03568821569404051,-0.035874284158445985,7,-1.0,rebalance,,0.28655454761904753,0.0005872448310721427,1,0.782,0.8799
XRP,2021-12-21 00:00:00+00:00,2021-12-28 00:00:00+00:00,-0.021564961794037406,-0.01902611019109312,7,-1.0,rebalance,,0.3561930714285714,-0.002040181302944285,1,0.8799,0.9269
XRP,2022-01-04 00:00:00+00:00,2022-01-11 00:00:00+00:00,0.040735839379000494,0.04056042767900049,7,-1.0,rebalance,,0.3650000000000001,0.0006864117000000003,1,0.8324,0.7399
XRP,2022-01-11 00:00:00+00:00,2022-01-18 00:00:00+00:00,-0.009401394574529447,-0.009586323692390876,7,-1.0,rebalance,,0.3268627142857141,0.0006425369178614283,1,0.7399,0.7616
XRP,2022-01-18 00:00:00+00:00,2022-01-25 00:00:00+00:00,0.06707179467579416,0.06720338528536415,7,-1.0,rebalance,,0.3416695476190475,0.00034674675709666655,1,0.7616,0.6118
XRP,2022-01-25 00:00:00+00:00,2022-02-01 00:00:00+00:00,-0.0017439871327592153,-0.001614575133485882,7,-1.0,rebalance,,0.17639233333333318,0.00011753726739333326,1,0.6118,0.6174
XRP,2022-02-01 00:00:00+00:00,2022-02-08 00:00:00+00:00,-0.04016465864992803,-0.04014362642108993,7,-1.0,rebalance,,0.11581623809523793,0.0001411105044952379,1,0.6174,0.8314
XRP,2022-02-08 00:00:00+00:00,2022-02-15 00:00:00+00:00,0.007729357279827668,0.007692373850189573,7,-1.0,rebalance,,0.21176952380952366,0.00033346076297142833,1,0.8314,0.8012
XRP,2022-02-15 00:00:00+00:00,2022-02-22 00:00:00+00:00,0.03378657187378166,0.033954730903644516,7,-1.0,rebalance,,0.2736874285714284,0.00021500337013714274,1,0.8012,0.7018
XRP,2022-02-22 00:00:00+00:00,2022-03-01 00:00:00+00:00,-0.01563944348609396,-0.015389592049016817,7,-1.0,rebalance,,0.13654128571428556,-5.869363707714279e-05,1,0.7018,0.7809
XRP,2022-03-08 00:00:00+00:00,2022-03-15 00:00:00+00:00,-0.013820375273254523,-0.013726675014558333,7,-1.0,rebalance,,0.1792688809523808,0.00015727617463714272,1,0.7196,0.7747
XRP,2022-03-15 00:00:00+00:00,2022-03-22 00:00:00+00:00,-0.012219037299479065,-0.012302066237621923,7,-1.0,rebalance,,0.15248657142857125,0.0002965101381428568,1,0.7747,0.8372
XRP,2022-03-22 00:00:00+00:00,2022-03-29 00:00:00+00:00,-0.010582418438616218,-0.01081899927194955,7,-1.0,rebalance,,0.33797261904761894,0.0007097424999999998,1,0.8372,0.864
XRP,2022-03-29 00:00:00+00:00,2022-04-12 00:00:00+00:00,0.0723288316462963,0.07143692129629631,14,-1.0,rebalance,,0.3650000000000001,0.0014029103500000004,1,0.864,0.6949
XRP,2022-04-12 00:00:00+00:00,2022-04-19 00:00:00+00:00,-0.032761108616157095,-0.03266460759341876,7,-1.0,rebalance,,0.3030525476190475,0.0003277725439283332,1,0.6949,0.7698
XRP,2022-04-19 00:00:00+00:00,2022-04-26 00:00:00+00:00,0.01876030697101844,0.018730339936780107,7,-1.0,rebalance,,0.1879871666666665,0.00029314906757166645,1,0.7698,0.6931
XRP,2022-04-26 00:00:00+00:00,2022-05-03 00:00:00+00:00,0.03070104157180125,0.030815144121304587,7,-1.0,rebalance,,0.27104030952380936,0.0002653538838299999,1,0.6931,0.6143
XRP,2022-05-03 00:00:00+00:00,2022-05-10 00:00:00+00:00,0.03516823979632358,0.03520709311411358,7,-1.0,rebalance,,0.17016299999999984,0.0001993748822099998,1,0.6143,0.4872
XRP,2022-05-10 00:00:00+00:00,2022-05-17 00:00:00+00:00,0.02614001683708636,0.026793511176597073,7,-1.0,rebalance,,0.20364740476190457,-0.0003683879728440472,1,0.4872,0.4231
XRP,2022-06-07 00:00:00+00:00,2022-06-14 00:00:00+00:00,0.013907939131616974,0.014058255525204831,7,-1.0,rebalance,,0.06221164285714269,-6.322009358785698e-05,1,0.4027,0.3117
XRP,2022-06-28 00:00:00+00:00,2022-07-05 00:00:00+00:00,0.004952752682569833,0.005115267848728403,7,-1.0,rebalance,,0.07237080952380937,-6.119603282523796e-05,1,0.3537,0.3287
XRP,2022-07-12 00:00:00+00:00,2022-07-19 00:00:00+00:00,-0.008268007540364745,-0.008149251420111175,7,-1.0,rebalance,,0.05137288095238079,-4.683408692023794e-05,1,0.3152,0.3652
XRP,2022-08-02 00:00:00+00:00,2022-08-09 00:00:00+00:00,-1.2442268255057384e-05,3.582741078494235e-05,7,-1.0,rebalance,,0.03395542857142839,-7.320790399999961e-07,1,0.3791,0.3787
XRP,2022-08-16 00:00:00+00:00,2022-08-23 00:00:00+00:00,0.001374472574836099,0.0014251871111110983,7,-1.0,rebalance,,0.017240166666666487,-2.6578302941666394e-05,1,0.375,0.344
XRP,2022-09-13 00:00:00+00:00,2022-09-20 00:00:00+00:00,-0.004305887358235295,-0.00412253051298339,7,-1.0,rebalance,,0.05956973809523792,-9.995921191857113e-05,1,0.3598,0.3847
XRP,2022-10-11 00:00:00+00:00,2022-10-18 00:00:00+00:00,0.003999788343483675,0.004195636623955104,7,-1.0,rebalance,,0.1534981428571427,1.9049119528571404e-05,1,0.4939,0.4804
XRP,2022-10-18 00:00:00+00:00,2022-10-25 00:00:00+00:00,0.001200417073671772,0.0012302487014789146,7,-1.0,rebalance,,0.021569761904761724,3.6603885952380814e-07,1,0.4804,0.453
XRP,2022-10-25 00:00:00+00:00,2022-11-01 00:00:00+00:00,-7.419849753808562e-05,-7.162256911594292e-05,7,-1.0,rebalance,,0.0029495476190474525,1.5534382445237218e-06,1,0.453,0.464
XRP,2022-11-01 00:00:00+00:00,2022-11-08 00:00:00+00:00,-0.00018008264336334844,-0.00013809953304596753,7,-1.0,rebalance,,0.09154026190476175,8.617325634928557e-05,1,0.464,0.4647
XRP,2022-11-08 00:00:00+00:00,2022-11-15 00:00:00+00:00,0.029730247103103336,0.030702782501767622,7,-1.0,rebalance,,0.1636190714285713,-0.0007434686986642851,1,0.4647,0.3775
XRP,2022-12-06 00:00:00+00:00,2022-12-13 00:00:00+00:00,8.78869311683227e-05,0.00033678954900736983,7,-1.0,rebalance,,0.07284009523809509,-0.000146926484505714,1,0.3893,0.3875
XRP,2023-01-10 00:00:00+00:00,2023-01-17 00:00:00+00:00,-0.00380696302898905,-0.0038325373623223835,7,-1.0,rebalance,,0.03653476190476175,7.672299999999968e-05,1,0.3489,0.3855
XRP,2023-01-17 00:00:00+00:00,2023-01-24 00:00:00+00:00,-0.03560364201848253,-0.035789883268482536,7,-1.0,rebalance,,0.3650000000000001,0.0006972412500000002,1,0.3855,0.4233
XRP,2023-01-24 00:00:00+00:00,2023-01-31 00:00:00+00:00,0.0237632176378202,0.0235308038878202,7,-1.0,rebalance,,0.33201964285714275,0.0006972412499999999,1,0.4233,0.3933
XRP,2023-01-31 00:00:00+00:00,2023-02-07 00:00:00+00:00,0.0013531630494660533,0.0011136536994660533,7,-1.0,rebalance,,0.3650000000000001,0.0007505093500000002,1,0.3933,0.3921
XRP,2023-02-07 00:00:00+00:00,2023-02-14 00:00:00+00:00,0.019673795533562587,0.019869935791404017,7,-1.0,rebalance,,0.3573854047619046,0.00030419930882523796,1,0.3921,0.3703
XRP,2023-02-14 00:00:00+00:00,2023-02-21 00:00:00+00:00,-0.01119554462458838,-0.011266535164538379,7,-1.0,rebalance,,0.1479431904761903,0.00027811100661666636,1,0.3703,0.3985
XRP,2023-02-21 00:00:00+00:00,2023-02-28 00:00:00+00:00,0.016558558964627823,0.01639828523630282,7,-1.0,rebalance,,0.3267358333333332,0.0006177038949916665,1,0.3985,0.3785
XRP,2023-02-28 00:00:00+00:00,2023-03-07 00:00:00+00:00,0.007820837633027664,0.007726472548279569,7,-1.0,rebalance,,0.3285921190476189,0.0005543940514147618,1,0.3785,0.3696
XRP,2023-03-07 00:00:00+00:00,2023-03-14 00:00:00+00:00,-0.002376137595086822,-0.0022215753968253937,7,-1.0,rebalance,,0.29324795238095225,0.00025598493507190473,1,0.3696,0.3724
XRP,2023-03-14 00:00:00+00:00,2023-03-21 00:00:00+00:00,-0.00037294173577739334,-0.0004074209119738219,7,-1.0,rebalance,,0.15172354761904747,0.000246892142863095,1,0.3724,0.3734
XRP,2023-03-21 00:00:00+00:00,2023-03-28 00:00:00+00:00,-0.0799753016164392,-0.0799108952164154,7,-1.0,rebalance,,0.2828315476190475,0.00033155776664285696,1,0.3734,0.4789
XRP,2023-03-28 00:00:00+00:00,2023-04-04 00:00:00+00:00,-0.00729875638108375,-0.007190296393520893,7,-1.0,rebalance,,0.2037534285714284,0.00017679481243714274,1,0.4789,0.4958
XRP,2023-04-04 00:00:00+00:00,2023-04-11 00:00:00+00:00,-0.006821268703902436,-0.006631139024952435,7,-1.0,rebalance,,0.15081278571428555,2.1008221049999983e-05,1,0.4958,0.5176
XRP,2023-04-11 00:00:00+00:00,2023-04-18 00:00:00+00:00,0.00031069740362418325,0.00030872681607418327,7,-1.0,rebalance,,0.0242116666666665,3.586692088333309e-05,1,0.5176,0.511
XRP,2023-04-18 00:00:00+00:00,2023-04-25 00:00:00+00:00,0.024753978518004136,0.025193707482993183,7,-1.0,rebalance,,0.25747969047619035,-7.925739832238091e-05,1,0.511,0.461
XRP,2023-05-02 00:00:00+00:00,2023-05-09 00:00:00+00:00,0.003971002426819261,0.004012801204819261,7,-1.0,rebalance,,0.05109999999999985,2.974122199999991e-05,1,0.4648,0.4283
XRP,2023-05-09 00:00:00+00:00,2023-05-16 00:00:00+00:00,5.341604881525252e-05,0.0002361910320981094,7,-1.0,rebalance,,0.1011606190476189,-4.1150116616190416e-05,1,0.4283,0.4273
XRP,2023-05-23 00:00:00+00:00,2023-05-30 00:00:00+00:00,-0.012756630461672072,-0.012758998082039215,7,-1.0,rebalance,,0.179637357142857,0.0002538599203671427,1,0.4618,0.4946
XRP,2023-05-30 00:00:00+00:00,2023-06-06 00:00:00+00:00,-0.006962688498743465,-0.007101547195424893,7,-1.0,rebalance,,0.24562414285714268,0.00048273249668142834,1,0.4946,0.5089
XRP,2023-06-06 00:00:00+00:00,2023-06-13 00:00:00+00:00,-0.0111424128113589,-0.010874057294444614,7,-1.0,rebalance,,0.3415930714285713,0.0002098747830857142,1,0.5089,0.5251
XRP,2023-06-13 00:00:00+00:00,2023-06-20 00:00:00+00:00,0.006082748952941837,0.006426430883913266,7,-1.0,rebalance,,0.10678857142857127,-0.0001941779309714283,1,0.5251,0.4935
XRP,2023-06-27 00:00:00+00:00,2023-07-04 00:00:00+00:00,-0.0039228762918144325,-0.003839993041057766,7,-1.0,rebalance,,0.1839356666666665,0.00017462668257666654,1,0.479,0.489
XRP,2023-07-04 00:00:00+00:00,2023-07-11 00:00:00+00:00,0.0036576898283591356,0.003711949410848183,7,-1.0,rebalance,,0.16501302380952365,0.00017675865084428556,1,0.489,0.478
XRP,2023-07-11 00:00:00+00:00,2023-07-18 00:00:00+00:00,-0.10091561315251256,-0.10099750499103399,7,-1.0,rebalance,,0.18618128571428555,0.0003425456385214283,1,0.478,0.7373
XRP,2023-07-18 00:00:00+00:00,2023-07-25 00:00:00+00:00,0.015361524196659924,0.015310397218293258,7,-1.0,rebalance,,0.31978345238095224,0.0004988238116999998,1,0.7373,0.702
XRP,2023-07-25 00:00:00+00:00,2023-08-01 00:00:00+00:00,0.001777084404440154,0.001699340170940154,7,-1.0,rebalance,,0.27112199999999986,0.0004573150334999999,1,0.702,0.6976
XRP,2023-08-01 00:00:00+00:00,2023-08-08 00:00:00+00:00,0.03124295940572555,0.03114124882249341,7,-1.0,rebalance,,0.29317321428571413,0.0005121530832321426,1,0.6976,0.6235
XRP,2023-08-08 00:00:00+00:00,2023-08-15 00:00:00+00:00,-0.005095517630173094,-0.005210703872150237,7,-1.0,rebalance,,0.30363307142857127,0.0005402725419771426,1,0.6235,0.6342
XRP,2023-08-15 00:00:00+00:00,2023-08-22 00:00:00+00:00,0.05322397414187871,0.053495565526873,7,-1.0,rebalance,,0.3092697142857142,0.00016138621500571429,1,0.6342,0.5245
XRP,2023-08-22 00:00:00+00:00,2023-08-29 00:00:00+00:00,0.0001303436579021425,0.00022480215624857088,7,-1.0,rebalance,,0.09069902380952363,3.25201349869047e-05,1,0.5245,0.5232
XRP,2023-08-29 00:00:00+00:00,2023-09-05 00:00:00+00:00,0.0016446082988571052,0.001727124176314248,7,-1.0,rebalance,,0.06231940476190458,4.731289209523799e-06,1,0.5232,0.5087
XRP,2023-09-05 00:00:00+00:00,2023-09-12 00:00:00+00:00,0.0008823884610901617,0.000889738025031114,7,-1.0,rebalance,,0.013195619047618859,1.1124302725714128e-05,1,0.5087,0.4744
XRP,2023-09-12 00:00:00+00:00,2023-09-19 00:00:00+00:00,-0.008961494442158652,-0.00883360452300651,7,-1.0,rebalance,,0.14652664285714267,7.724738084785705e-05,1,0.4744,0.503
XRP,2023-09-19 00:00:00+00:00,2023-09-26 00:00:00+00:00,-0.0004810623487413646,-0.0004736375177506503,7,-1.0,rebalance,,0.09163064285714269,0.0001208580690092855,1,0.503,0.5056
XRP,2023-09-26 00:00:00+00:00,2023-10-03 00:00:00+00:00,-0.0029810459120856343,-0.0029925771643308724,7,-1.0,rebalance,,0.22924954761904745,0.0003324806189119045,1,0.5056,0.5122
XRP,2023-10-03 00:00:00+00:00,2023-10-10 00:00:00+00:00,0.004580886141597089,0.004675364208549471,7,-1.0,rebalance,,0.25207595238095226,0.00025842826638095224,1,0.5122,0.5027
XRP,2023-10-10 00:00:00+00:00,2023-10-17 00:00:00+00:00,0.0016822391891402133,0.0017723246847973562,7,-1.0,rebalance,,0.17818952380952363,0.00015937983767619031,1,0.5027,0.4977
XRP,2023-10-17 00:00:00+00:00,2023-10-24 00:00:00+00:00,-0.015591904297972409,-0.015555589884899077,7,-1.0,rebalance,,0.1554621904761903,0.0001813326535933332,1,0.4977,0.5475
XRP,2023-10-24 00:00:00+00:00,2023-10-31 00:00:00+00:00,-0.011148520359887774,-0.011293811111111107,7,-1.0,rebalance,,0.2027331666666665,0.0004291171845566663,1,0.5475,0.578
XRP,2023-10-31 00:00:00+00:00,2023-11-07 00:00:00+00:00,-0.08652849067628626,-0.08700923465974626,7,-1.0,rebalance,,0.3678956666666665,0.000995797916793333,1,0.578,0.7147
XRP,2023-11-07 00:00:00+00:00,2023-11-14 00:00:00+00:00,0.03072661565929592,0.029358319148227348,7,-1.0,rebalance,,0.4704571904761903,0.0020269365777352373,1,0.7147,0.6701
XRP,2023-11-14 00:00:00+00:00,2023-11-21 00:00:00+00:00,0.06552698160061528,0.06481596549200194,7,-1.0,rebalance,,0.7488479047619045,0.0017594031752799996,1,0.6701,0.6121
XRP,2023-11-21 00:00:00+00:00,2023-11-28 00:00:00+00:00,0.0057564765008005225,0.005470623100800523,7,-1.0,rebalance,,0.4083619999999999,0.0008575601999999999,1,0.6121,0.6039
XRP,2023-11-28 00:00:00+00:00,2023-12-05 00:00:00+00:00,-0.012060989997242966,-0.012511177347242967,7,-1.0,rebalance,,0.3650000000000001,0.0009611873500000003,1,0.6039,0.6246
XRP,2023-12-05 00:00:00+00:00,2023-12-12 00:00:00+00:00,0.006152224026488543,0.00432353305353521,7,-1.0,rebalance,,0.45770826190476177,0.002469482539619999,1,0.6246,0.6187
XRP,2023-12-12 00:00:00+00:00,2023-12-19 00:00:00+00:00,0.010486743094204023,0.009397283982544021,7,-1.0,rebalance,,0.9377580000000001,0.0024023203116600006,1,0.6187,0.6125
XRP,2023-12-19 00:00:00+00:00,2023-12-26 00:00:00+00:00,-0.022320160491904044,-0.024425692734693805,7,-1.0,rebalance,,0.4452600238095236,0.002728896276123094,1,0.6125,0.6461
XRP,2023-12-26 00:00:00+00:00,2024-01-09 00:00:00+00:00,0.11738829982355675,0.10602073982355675,14,-1.0,rebalance,,1.0,0.012767559999999999,1,0.6461,0.5776
XRP,2024-01-09 00:00:00+00:00,2024-01-16 00:00:00+00:00,0.0029061583218044987,0.0023962387218044987,7,-1.0,rebalance,,0.7284565714285715,0.0015297587999999998,1,0.5776,0.5757
XRP,2024-01-16 00:00:00+00:00,2024-02-06 00:00:00+00:00,0.04537833209146259,0.043619940941462584,21,-1.0,rebalance,,0.3650000000000001,0.002269391150000001,1,0.5757,0.5069
XRP,2024-02-06 00:00:00+00:00,2024-02-13 00:00:00+00:00,-0.016772284021686908,-0.017017747738353576,7,-1.0,rebalance,,0.3506624523809523,0.0007363911499999997,1,0.5069,0.5315
XRP,2024-02-13 00:00:00+00:00,2024-02-20 00:00:00+00:00,-0.020438883333490178,-0.02135747883349018,7,-1.0,rebalance,,0.3650000000000001,0.0014295955000000003,1,0.5315,0.5626
XRP,2024-02-20 00:00:00+00:00,2024-02-27 00:00:00+00:00,0.017407000844693803,0.014520293535117614,7,-1.0,rebalance,,0.6807597619047617,0.0038397709762428562,1,0.5626,0.5506
XRP,2024-02-27 00:00:00+00:00,2024-03-05 00:00:00+00:00,-0.160727928259616,-0.17271121555705457,7,-1.0,rebalance,,0.9803587142857142,0.013355789497438571,1,0.5506,0.6476
XRP,2024-03-05 00:00:00+00:00,2024-03-26 00:00:00+00:00,0.03265676775169855,0.01096355775169855,21,-1.0,rebalance,,1.0,0.02309321,1,0.6476,0.6405
XRP,2024-03-26 00:00:00+00:00,2024-04-02 00:00:00+00:00,0.03547477020526737,0.030348171331920703,7,-1.0,rebalance,,0.6589153809523809,0.00604908040668,1,0.6405,0.611
XRP,2024-04-02 00:00:00+00:00,2024-04-09 00:00:00+00:00,-0.004335020360065441,-0.005891980360065441,7,-1.0,rebalance,,1.0,0.00295696,1,0.611,0.6146
XRP,2024-04-09 00:00:00+00:00,2024-04-16 00:00:00+00:00,0.09833695521318163,0.09775544896409592,7,-1.0,rebalance,,0.5139478095238095,0.0013010331824190476,1,0.6146,0.4977
XRP,2024-04-16 00:00:00+00:00,2024-04-23 00:00:00+00:00,-0.05183374376795324,-0.05153993156615681,7,-1.0,rebalance,,0.43999011904761903,0.0003221739648702381,1,0.4977,0.556
XRP,2024-04-23 00:00:00+00:00,2024-04-30 00:00:00+00:00,0.009296993772882019,0.009384910885577255,7,-1.0,rebalance,,0.1272685476190475,9.025885397142847e-05,1,0.556,0.515
XRP,2024-04-30 00:00:00+00:00,2024-05-07 00:00:00+00:00,-0.005993009424522598,-0.006007707628294026,7,-1.0,rebalance,,0.12326571428571412,0.00018727020377142832,1,0.515,0.5401
XRP,2024-05-07 00:00:00+00:00,2024-05-14 00:00:00+00:00,0.017084414428077326,0.017062835577185895,7,-1.0,rebalance,,0.2640583809523808,0.0003912605842247617,1,0.5401,0.5052
XRP,2024-05-14 00:00:00+00:00,2024-05-21 00:00:00+00:00,-0.0165641024993571,-0.01656760500320472,7,-1.0,rebalance,,0.25753704761904744,0.0003640543705142855,1,0.5052,0.5377
XRP,2024-05-21 00:00:00+00:00,2024-05-28 00:00:00+00:00,0.001912928620809245,0.0017363755678949596,7,-1.0,rebalance,,0.24569714285714275,0.0005205290529142855,1,0.5377,0.5339
XRP,2024-05-28 00:00:00+00:00,2024-06-04 00:00:00+00:00,0.010253755470657194,0.009655762002871956,7,-1.0,rebalance,,0.3682293809523809,0.0011135146011185713,1,0.5339,0.5199
XRP,2024-06-04 00:00:00+00:00,2024-06-11 00:00:00+00:00,0.023970915332609855,0.023251933201439857,7,-1.0,rebalance,,0.5255947857142855,0.0014548148311699994,1,0.5199,0.4969
XRP,2024-06-11 00:00:00+00:00,2024-06-18 00:00:00+00:00,-0.007327735966754534,-0.007648712484067868,7,-1.0,rebalance,,0.48109433333333324,0.0009945085839799998,1,0.4969,0.5048
XRP,2024-06-18 00:00:00+00:00,2024-06-25 00:00:00+00:00,0.021800249748557536,0.021850978690287536,7,-1.0,rebalance,,0.3592955714285713,0.0004522848582699999,1,0.5048,0.4741
XRP,2024-06-25 00:00:00+00:00,2024-07-02 00:00:00+00:00,-0.0012560366417188739,-0.0013844747943472073,7,-1.0,rebalance,,0.2187931666666666,0.00043474858596166655,1,0.4741,0.4771
XRP,2024-07-02 00:00:00+00:00,2024-07-09 00:00:00+00:00,0.03277323396706696,0.03293669164396005,7,-1.0,rebalance,,0.34536473809523793,0.00032005295644023797,1,0.4771,0.4316
XRP,2024-07-09 00:00:00+00:00,2024-07-16 00:00:00+00:00,-0.039405208001406754,-0.03940940712299747,7,-1.0,rebalance,,0.16107102380952368,0.00022969855492404746,1,0.4316,0.5372
XRP,2024-07-16 00:00:00+00:00,2024-07-23 00:00:00+00:00,-0.03257323848742073,-0.03266718162961383,7,-1.0,rebalance,,0.24786454761904747,0.0004409535088597617,1,0.5372,0.608
XRP,2024-07-23 00:00:00+00:00,2024-07-30 00:00:00+00:00,0.0031261836454112638,0.003102260154291978,7,-1.0,rebalance,,0.30920888095238086,0.00045681592445261896,1,0.608,0.6019
XRP,2024-07-30 00:00:00+00:00,2024-08-06 00:00:00+00:00,0.04806090880568524,0.04820775927815881,7,-1.0,rebalance,,0.2567809761904761,0.00021264289419309514,1,0.6019,0.4889
XRP,2024-08-06 00:00:00+00:00,2024-08-13 00:00:00+00:00,-0.023494268352964177,-0.023375562156054894,7,-1.0,rebalance,,0.14393340476190464,8.280056975738089e-05,1,0.4889,0.5683
XRP,2024-08-13 00:00:00+00:00,2024-08-20 00:00:00+00:00,-0.005346367855761346,-0.005295831221772537,7,-1.0,rebalance,,0.09998740476190462,8.944573267785702e-05,1,0.5683,0.5984
XRP,2024-08-20 00:00:00+00:00,2024-08-27 00:00:00+00:00,0.002775856700566481,0.002884159628055766,7,-1.0,rebalance,,0.1554847857142856,0.0001093757725107142,1,0.5984,0.5873
XRP,2024-08-27 00:00:00+00:00,2024-09-03 00:00:00+00:00,0.003958922356864317,0.004080401271354794,7,-1.0,rebalance,,0.12226630952380939,4.969391884285709e-05,1,0.5873,0.5677
XRP,2024-09-03 00:00:00+00:00,2024-09-10 00:00:00+00:00,0.003443667681152153,0.0035091362137950103,7,-1.0,rebalance,,0.07064314285714272,3.343186735714279e-05,1,0.5677,0.5395
XRP,2024-09-10 00:00:00+00:00,2024-09-17 00:00:00+00:00,-0.007233732827042436,-0.007165897656560293,7,-1.0,rebalance,,0.08225535714285699,4.732232951785705e-05,1,0.5395,0.5865
XRP,2024-09-17 00:00:00+00:00,2024-09-24 00:00:00+00:00,0.0002974672858625415,0.00028983871635611294,7,-1.0,rebalance,,0.099994357142857,0.00014762066950642838,1,0.5865,0.5848
XRP,2024-09-24 00:00:00+00:00,2024-10-01 00:00:00+00:00,-0.011540694072430718,-0.011671307740538098,7,-1.0,rebalance,,0.2565932619047618,0.0004898442347740474,1,0.5848,0.6114
XRP,2024-10-01 00:00:00+00:00,2024-10-08 00:00:00+00:00,0.04484183553416342,0.04488140027181961,7,-1.0,rebalance,,0.33180759523809517,0.00042496589567714277,1,0.6114,0.5287
XRP,2024-10-08 00:00:00+00:00,2024-10-15 00:00:00+00:00,-0.008198125949738027,-0.008294653354589456,7,-1.0,rebalance,,0.2226082857142856,0.0004081790048514284,1,0.5287,0.5484
XRP,2024-10-15 00:00:00+00:00,2024-10-22 00:00:00+00:00,0.0022571024075613714,0.0020340119742280377,7,-1.0,rebalance,,0.3187006190476189,0.0006692712999999999,1,0.5484,0.5449
XRP,2024-10-22 00:00:00+00:00,2024-10-29 00:00:00+00:00,0.017235364833217165,0.017014131033217167,7,-1.0,rebalance,,0.3650000000000001,0.0007322338000000003,1,0.5449,0.5195
XRP,2024-10-29 00:00:00+00:00,2024-11-05 00:00:00+00:00,0.010965380741724134,0.01073902635317842,7,-1.0,rebalance,,0.34868276190476183,0.0007145102552123809,1,0.5195,0.5035
XRP,2024-11-05 00:00:00+00:00,2024-11-12 00:00:00+00:00,-0.08254176441717166,-0.08297554165129808,7,-1.0,rebalance,,0.3561652619047618,0.0009324086007930949,1,0.5035,0.6208
XRP,2024-11-12 00:00:00+00:00,2024-11-19 00:00:00+00:00,-0.3599332797839666,-0.3613462007164333,7,-1.0,rebalance,,0.4550176904761904,0.002049945699133333,1,0.6208,1.1138
XRP,2024-11-19 00:00:00+00:00,2024-11-26 00:00:00+00:00,-0.20938814164362293,-0.21119340875082293,7,-1.0,rebalance,,0.7830466666666666,0.002901532440533333,1,1.1138,1.4142
XRP,2024-11-26 00:00:00+00:00,2024-12-03 00:00:00+00:00,-0.5952885632974916,-0.5966781263241544,7,-1.0,rebalance,,0.6440407619047618,0.0022912200933295234,1,1.4142,2.7244
XRP,2024-12-03 00:00:00+00:00,2024-12-10 00:00:00+00:00,0.11856404067701369,0.11620534737224797,7,-1.0,rebalance,,0.6183395476190476,0.003224368671432381,1,2.7244,2.2124
XRP,2024-12-10 00:00:00+00:00,2024-12-17 00:00:00+00:00,-0.1111760475370584,-0.11134662076090603,7,-1.0,rebalance,,0.9063401904761903,0.0014394494905142852,1,2.2124,2.4842
XRP,2024-12-17 00:00:00+00:00,2024-12-24 00:00:00+00:00,0.024763091458398865,0.02473531036148458,7,-1.0,rebalance,,0.27604428571428563,0.0004142430969142857,1,2.4842,2.2616
XRP,2024-12-24 00:00:00+00:00,2024-12-31 00:00:00+00:00,0.023397357745761776,0.02340002599087035,7,-1.0,rebalance,,0.26082552380952373,0.00036248748822476177,1,2.2616,2.0587
XRP,2024-12-31 00:00:00+00:00,2025-01-07 00:00:00+00:00,-0.04226179636688937,-0.04239273139660485,7,-1.0,rebalance,,0.2415552619047618,0.00046911239638214265,1,2.0587,2.42
XRP,2025-01-07 00:00:00+00:00,2025-01-14 00:00:00+00:00,-0.014281019906014325,-0.014394557142857183,7,-1.0,rebalance,,0.3375467857142856,0.0005861027368428569,1,2.42,2.5232
XRP,2025-01-14 00:00:00+00:00,2025-01-21 00:00:00+00:00,-0.06954268312984058,-0.0696240473057644,7,-1.0,rebalance,,0.30179590476190465,0.000503878442590476,1,2.5232,3.1053
XRP,2025-01-21 00:00:00+00:00,2025-01-28 00:00:00+00:00,0.004673013438243267,0.0046818788154813626,7,-1.0,rebalance,,0.29019238095238087,0.000397403956095238,1,3.1053,3.0552
XRP,2025-01-28 00:00:00+00:00,2025-02-04 00:00:00+00:00,0.027567160103335604,0.027672797291736793,7,-1.0,rebalance,,0.23802345238095224,0.00022759564493214277,1,3.0552,2.7
XRP,2025-02-04 00:00:00+00:00,2025-02-11 00:00:00+00:00,0.01676605622521465,0.01700112565608465,7,-1.0,rebalance,,0.16619492857142845,-2.3965308699999985e-06,1,2.7,2.4238
XRP,2025-02-18 00:00:00+00:00,2025-02-25 00:00:00+00:00,0.02090529867546388,0.02116262653984483,7,-1.0,rebalance,,0.1475503809523808,-5.0757331047618994e-05,1,2.6599,2.2784
XRP,2025-03-04 00:00:00+00:00,2025-03-11 00:00:00+00:00,0.00042675768364785414,0.00043398941422166334,7,-1.0,rebalance,,0.0028330952380950943,-3.2653972404760243e-06,1,2.3873,2.0216
XRP,2025-04-29 00:00:00+00:00,2025-05-06 00:00:00+00:00,0.013194004984646358,0.013377247955182072,7,-1.0,rebalance,,0.18674442857142842,7.819922946428567e-05,1,2.295,2.1306
XRP,2025-05-06 00:00:00+00:00,2025-05-13 00:00:00+00:00,-0.014105703008333314,-0.014122023809523791,7,-1.0,rebalance,,0.07278273809523796,0.00011821663452380929,1,2.1306,2.544
XRP,2025-05-13 00:00:00+00:00,2025-05-20 00:00:00+00:00,0.018101778332884202,0.0181658341045223,7,-1.0,rebalance,,0.28230838095238087,0.00033117596169523805,1,2.544,2.3803
XRP,2025-05-20 00:00:00+00:00,2025-05-27 00:00:00+00:00,0.005931047353455916,0.005996183954403535,7,-1.0,rebalance,,0.20389595238095226,0.00022031773238571418,1,2.3803,2.3103
XRP,2025-05-27 00:00:00+00:00,2025-06-03 00:00:00+00:00,0.009097943318769893,0.009250991930547035,7,-1.0,rebalance,,0.18780814285714276,0.00010988278822285708,1,2.3103,2.1965
XRP,2025-06-03 00:00:00+00:00,2025-06-10 00:00:00+00:00,-0.005768154216131768,-0.005764039738545102,7,-1.0,rebalance,,0.10169247619047604,0.00013825498907999982,1,2.1965,2.321
XRP,2025-06-10 00:00:00+00:00,2025-06-17 00:00:00+00:00,0.008315725902674702,0.008460410641964702,7,-1.0,rebalance,,0.23630099999999987,0.0001861366607099999,1,2.321,2.2379
XRP,2025-06-17 00:00:00+00:00,2025-06-24 00:00:00+00:00,0.004774611334757032,0.004863695540462031,7,-1.0,rebalance,,0.13691149999999985,0.0001025918942949999,1,2.2379,2.1584
XRP,2025-06-24 00:00:00+00:00,2025-07-01 00:00:00+00:00,-0.004712533896634387,-0.004694554169314149,7,-1.0,rebalance,,0.13024069047619036,0.0001643572393464284,1,2.1584,2.2362
XRP,2025-07-01 00:00:00+00:00,2025-07-08 00:00:00+00:00,-0.003412878227091616,-0.003383951809191616,7,-1.0,rebalance,,0.21933892857142845,0.00027814808209999985,1,2.2362,2.2707
XRP,2025-07-08 00:00:00+00:00,2025-07-15 00:00:00+00:00,-0.06662901057307222,-0.06673395502121222,7,-1.0,rebalance,,0.2204113333333332,0.00041352031480666653,1,2.2707,2.9582
XRP,2025-07-15 00:00:00+00:00,2025-07-22 00:00:00+00:00,-0.06479653882688596,-0.06516935015823644,7,-1.0,rebalance,,0.32608926190476184,0.0008293362980171427,1,2.9582,3.5494
XRP,2025-07-22 00:00:00+00:00,2025-07-29 00:00:00+00:00,0.053341553492654424,0.05304206713408299,7,-1.0,rebalance,,0.4420462857142856,0.0009183511585714285,1,3.5494,3.1235
XRP,2025-07-29 00:00:00+00:00,2025-08-05 00:00:00+00:00,0.005804608135943423,0.006011411191657709,7,-1.0,rebalance,,0.36108928571428556,0.0002987219442857142,1,3.1235,3.0715
XRP,2025-08-05 00:00:00+00:00,2025-08-12 00:00:00+00:00,-0.0026972315076492013,-0.0027152109020720586,7,-1.0,rebalance,,0.14378914285714273,0.00021928419442285692,1,3.0715,3.1295
XRP,2025-08-12 00:00:00+00:00,2025-08-19 00:00:00+00:00,0.005650577579606593,0.0057510828353837355,7,-1.0,rebalance,,0.2650664761904761,0.00027058781088952374,1,3.1295,3.0616
XRP,2025-08-19 00:00:00+00:00,2025-08-26 00:00:00+00:00,0.011794616009466696,0.011776120708748599,7,-1.0,rebalance,,0.17742997619047604,0.00026689726738476173,1,3.0616,2.8584
XRP,2025-08-26 00:00:00+00:00,2025-09-02 00:00:00+00:00,0.009025747412783768,0.009101034911305672,7,-1.0,rebalance,,0.26145123809523796,0.00029074423481142845,1,2.8584,2.7589
XRP,2025-09-02 00:00:00+00:00,2025-09-09 00:00:00+00:00,-0.014770114080336592,-0.014775241882116593,7,-1.0,rebalance,,0.19328314285714274,0.00027572420177999986,1,2.7589,2.9698
XRP,2025-09-09 00:00:00+00:00,2025-09-16 00:00:00+00:00,-0.0021845729409857915,-0.0022625415684557914,7,-1.0,rebalance,,0.24794449999999982,0.0004250909274699997,1,2.9698,2.9969
XRP,2025-09-16 00:00:00+00:00,2025-09-23 00:00:00+00:00,0.014195832022241943,0.014358063452869562,7,-1.0,rebalance,,0.29798947619047605,0.0002549538360390475,1,2.9969,2.8525
XRP,2025-09-23 00:00:00+00:00,2025-09-30 00:00:00+00:00,-0.0014311553777103638,-0.0014388569625641732,7,-1.0,rebalance,,0.14870795238095225,0.00021589271818714265,1,2.8525,2.8801
XRP,2025-09-30 00:00:00+00:00,2025-10-07 00:00:00+00:00,-0.009368143659978418,-0.009479753922234846,7,-1.0,rebalance,,0.2523349285714285,0.00046487916225642836,1,2.8801,2.9883
XRP,2025-10-07 00:00:00+00:00,2025-10-14 00:00:00+00:00,0.040766587360085024,0.04105104682308622,7,-1.0,rebalance,,0.3202110238095237,0.0001638359703321428,1,2.9883,2.6052
XRP,2025-10-14 00:00:00+00:00,2025-10-21 00:00:00+00:00,0.0036471998445112945,0.0037685523458577228,7,-1.0,rebalance,,0.0889296428571427,3.148998653571422e-06,1,2.6052,2.4948
XRP,2025-10-21 00:00:00+00:00,2025-10-28 00:00:00+00:00,-0.0003460219043159391,-0.0003434021393068915,7,-1.0,rebalance,,0.006154595238095071,5.996668324285552e-06,1,2.4948,2.634
XRP,2025-10-28 00:00:00+00:00,2025-11-04 00:00:00+00:00,0.020706246623011966,0.020863301415554824,7,-1.0,rebalance,,0.1693495714285713,8.003460745714279e-05,1,2.634,2.3095
XRP,2025-11-04 00:00:00+00:00,2025-11-11 00:00:00+00:00,-0.0077977182695943975,-0.007700292477242018,7,-1.0,rebalance,,0.08214238095238079,1.7573540980952346e-05,1,2.3095,2.526
XRP,2025-11-11 00:00:00+00:00,2025-11-18 00:00:00+00:00,0.005282232905264633,0.005333355696942252,7,-1.0,rebalance,,0.03718480952380936,9.359416557142841e-07,1,2.526,2.1637
XRP,2025-11-18 00:00:00+00:00,2025-11-25 00:00:00+00:00,-0.00013435913997597256,-0.0001291994302088299,7,-1.0,rebalance,,0.004374785714285546,9.649902328571059e-07,1,2.1637,2.2276
XRP,2025-11-25 00:00:00+00:00,2025-12-02 00:00:00+00:00,0.0033454105487132155,0.0034060285744213106,7,-1.0,rebalance,,0.038338904761904595,-6.94355904142854e-06,1,2.2276,2.0297
XRP,2025-12-30 00:00:00+00:00,2026-01-06 00:00:00+00:00,-0.012936907541281026,-0.012877011578004836,7,-1.0,rebalance,,0.04794361904761889,7.2251033904761675e-06,1,1.8508,2.3479
XRP,2026-01-06 00:00:00+00:00,2026-01-13 00:00:00+00:00,0.0032497450474370543,0.003277623144491816,7,-1.0,rebalance,,0.026193095238095078,8.792236278571373e-06,1,2.3479,2.0541
XRP,2026-01-13 00:00:00+00:00,2026-01-20 00:00:00+00:00,0.0018620744464119968,0.0019314053426248536,7,-1.0,rebalance,,0.058342642857142704,1.234880378714283e-05,1,2.0541,1.9861
XRP,2026-01-20 00:00:00+00:00,2026-01-27 00:00:00+00:00,0.0014790875415862897,0.001517033432354861,7,-1.0,rebalance,,0.03678852380952366,1.3558042564761851e-05,1,1.9861,1.9042
XRP,2026-01-27 00:00:00+00:00,2026-02-03 00:00:00+00:00,0.009434113009417567,0.009563624151624709,7,-1.0,rebalance,,0.06405576190476175,-3.983307554047609e-05,1,1.9042,1.6199
XRP,2026-04-14 00:00:00+00:00,2026-04-21 00:00:00+00:00,-0.00014689051340735108,-0.00014391597870520834,7,-1.0,rebalance,,0.004065404761904596,2.7170319645236983e-06,1,1.3757,1.4244
XRP,2026-04-21 00:00:00+00:00,2026-04-28 00:00:00+00:00,0.001761219808356688,0.0019246180914938306,7,-1.0,rebalance,,0.11616211904761888,-7.713164704761887e-07,1,1.4244,1.4008
XRP,2026-05-05 00:00:00+00:00,2026-05-12 00:00:00+00:00,-0.0008937083005039952,-0.0008812288957539954,7,-1.0,rebalance,,0.014295833333333166,7.534761916666579e-06,1,1.3919,1.4777
XRP,2026-05-12 00:00:00+00:00,2026-05-19 00:00:00+00:00,0.005303567810976878,0.005430645578553544,7,-1.0,rebalance,,0.09160804761904748,1.1734990899999989e-06,1,1.4777,1.3901
XRP,2026-05-19 00:00:00+00:00,2026-05-26 00:00:00+00:00,6.024640425894365e-05,6.374699661894339e-05,7,-1.0,rebalance,,0.0022264999999998345,-3.834923599999716e-07,1,1.3901,1.3503
XRP,2026-07-07 00:00:00+00:00,2026-07-14 00:00:00+00:00,0.00284665774823783,0.0028931012684549726,7,-1.0,rebalance,,0.04274323809523792,1.3397013116190418e-05,1,1.145,1.0675
XRP,2026-07-14 00:00:00+00:00,2026-07-21 00:00:00+00:00,-0.0023517745016023313,-0.002291356107951379,7,-1.0,rebalance,,0.05447711904761888,1.5849573015714238e-05,1,1.0675,1.1124
XRP,2026-07-21 00:00:00+00:00,2026-07-28 00:00:00+00:00,0.002049773542168119,0.002104733022550976,7,-1.0,rebalance,,0.05056814285714268,1.5835919617142802e-05,1,1.1124,1.0661
XRP,2026-07-28 00:00:00+00:00,2026-08-04 00:00:00+00:00,-0.0005292026227979597,-0.0004952376396389122,7,-1.0,rebalance,,0.054430190476190306,4.2237283507618913e-05,1,1.0661,1.0758
XRP,2026-08-04 00:00:00+00:00,2026-08-11 00:00:00+00:00,0.007885963732798821,0.00796107801281882,7,-1.0,rebalance,,0.13487445238095222,0.0001137099533133332,1,1.0758,1.0123
XRP,2026-08-11 00:00:00+00:00,2026-08-18 00:00:00+00:00,0.0011570613024750628,0.001331744607988396,7,-1.0,rebalance,,0.14653533333333316,3.04661611533333e-05,1,1.0123,1.0031
XRP,2026-08-18 00:00:00+00:00,2026-08-25 00:00:00+00:00,-0.017237182372889386,-0.017245196417296767,7,-1.0,rebalance,,0.03613673809523792,5.8605477740714e-05,1,1.0031,1.4818
XRP,2026-08-25 00:00:00+00:00,2026-09-01 00:00:00+00:00,0.01923862728349201,0.01940320237934558,7,-1.0,rebalance,,0.28187907142857127,0.00023005560414642842,1,1.4818,1.3798
ADA,2020-01-20 00:00:00+00:00,2020-01-27 00:00:00+00:00,-0.0011424251700680285,-0.0011545918367346954,7,-1.0,rebalance,,0.017380952380952382,3.6500000000000006e-05,1,0.042,0.04479
ADA,2020-01-27 00:00:00+00:00,2020-02-03 00:00:00+00:00,-0.08770381868413703,-0.08907010493413703,7,-1.0,rebalance,,0.3650000000000001,0.0018772862500000004,1,0.04479,0.05572
ADA,2020-02-03 00:00:00+00:00,2020-02-10 00:00:00+00:00,-0.07695787822218955,-0.09882818257956455,7,-1.0,rebalance,,0.8939458333333336,0.023121828524041675,1,0.05572,0.06188
ADA,2020-02-10 00:00:00+00:00,2020-02-24 00:00:00+00:00,0.03440212962508079,0.007272139625080776,14,-1.0,rebalance,,1.0,0.028529990000000012,1,0.06188,0.06143
ADA,2020-02-24 00:00:00+00:00,2020-03-02 00:00:00+00:00,0.09746879850046883,0.0969179786516593,7,-1.0,rebalance,,0.3758630952380953,0.0010770281821428575,1,0.06143,0.04559
ADA,2020-03-02 00:00:00+00:00,2020-03-09 00:00:00+00:00,0.03008806410986236,0.029277645849653786,7,-1.0,rebalance,,0.49804771428571437,0.0015076850602085716,1,0.04559,0.04291
ADA,2020-03-09 00:00:00+00:00,2020-03-16 00:00:00+00:00,0.19427963777678509,0.19606641094317007,7,-1.0,rebalance,,0.5261544523809524,-0.0010501569330516668,1,0.04291,0.02692
ADA,2020-03-30 00:00:00+00:00,2020-04-06 00:00:00+00:00,-0.049527836009544184,-0.04978454415954418,7,-1.0,rebalance,,0.3650000000000001,0.0007677081500000002,1,0.02808,0.03191
ADA,2020-04-06 00:00:00+00:00,2020-04-13 00:00:00+00:00,-0.01731082562860481,-0.017642932518541713,7,-1.0,rebalance,,0.36557530952380957,0.0008439123232702381,1,0.03191,0.03345
ADA,2020-04-13 00:00:00+00:00,2020-04-20 00:00:00+00:00,-0.024188807171844972,-0.02446966858851164,7,-1.0,rebalance,,0.4012305952380953,0.0008425842500000003,1,0.03345,0.03549
ADA,2020-04-20 00:00:00+00:00,2020-04-27 00:00:00+00:00,-0.1065614691700902,-0.1074739363200902,7,-1.0,rebalance,,0.3650000000000001,0.0014234671500000004,1,0.03549,0.04594
ADA,2020-04-27 00:00:00+00:00,2020-05-04 00:00:00+00:00,-0.042312740155653304,-0.044707438942098304,7,-1.0,rebalance,,0.6778415000000001,0.003343676886445,1,0.04594,0.04897
ADA,2020-05-04 00:00:00+00:00,2020-05-11 00:00:00+00:00,0.027454994644876933,0.0243362923898986,7,-1.0,rebalance,,0.8573728333333335,0.004319024221645,1,0.04897,0.04758
ADA,2020-05-11 00:00:00+00:00,2020-05-18 00:00:00+00:00,-0.06715705276657814,-0.06808740422146171,7,-1.0,rebalance,,0.8755672142857145,0.002156145554883572,1,0.04758,0.05128
ADA,2020-05-18 00:00:00+00:00,2020-05-25 00:00:00+00:00,0.0010276596047960312,-8.346687188920695e-05,7,-1.0,rebalance,,0.4280181190476191,0.001710351843351905,1,0.05128,0.05129
ADA,2020-05-25 00:00:00+00:00,2020-06-01 00:00:00+00:00,-0.3060925075589873,-0.3063068979750997,7,-1.0,rebalance,,0.6945393809523811,0.0011867455494457147,1,0.05129,0.07391
ADA,2020-06-01 00:00:00+00:00,2020-06-08 00:00:00+00:00,-0.05024001851629809,-0.05078999586369523,7,-1.0,rebalance,,0.2969848571428573,0.0009657561473971433,1,0.07391,0.08655
ADA,2020-06-08 00:00:00+00:00,2020-06-15 00:00:00+00:00,0.06641797138478592,0.06602232720145258,7,-1.0,rebalance,,0.5652059761904764,0.0011869325500000005,1,0.08655,0.07644
ADA,2020-06-15 00:00:00+00:00,2020-06-22 00:00:00+00:00,-0.009464371189795992,-0.009311224489795992,7,-1.0,rebalance,,0.3650000000000001,0.0003578533000000002,1,0.07644,0.07839
ADA,2020-06-22 00:00:00+00:00,2020-06-29 00:00:00+00:00,-0.004207845899126422,-0.004065057320236421,7,-1.0,rebalance,,0.1704063333333334,9.578028777666671e-05,1,0.07839,0.08026
ADA,2020-06-29 00:00:00+00:00,2020-07-06 00:00:00+00:00,-0.023649775259714432,-0.021775852227285144,7,-1.0,rebalance,,0.09769311904761913,-0.0017371526657626204,1,0.08026,0.09815
ADA,2020-07-13 00:00:00+00:00,2020-07-20 00:00:00+00:00,0.017842483484841607,0.016187956903054464,7,-1.0,rebalance,,0.7132256428571428,0.002653042481787143,1,0.12689,0.12401
ADA,2020-07-20 00:00:00+00:00,2020-07-27 00:00:00+00:00,-0.12650607477151346,-0.1275236016373487,7,-1.0,rebalance,,0.6465331904761905,0.001922673332501905,1,0.12401,0.14847
ADA,2020-07-27 00:00:00+00:00,2020-08-03 00:00:00+00:00,0.0605920626262658,0.05103680858406532,7,-1.0,rebalance,,0.516878238095238,0.010278883575533809,1,0.14847,0.13381
ADA,2020-08-03 00:00:00+00:00,2020-09-07 00:00:00+00:00,0.3615249459943203,0.3075255959943203,35,-1.0,rebalance,,1.0,0.05539935,1,0.13381,0.09266
ADA,2020-09-07 00:00:00+00:00,2020-09-14 00:00:00+00:00,-0.02082293695910584,-0.021393989192439174,7,-1.0,rebalance,,0.8157889047619048,0.0017131566999999998,1,0.09266,0.09509
ADA,2020-09-14 00:00:00+00:00,2020-09-28 00:00:00+00:00,-0.022924817342454485,-0.023913660742454483,14,-1.0,rebalance,,0.3650000000000001,0.0014998434000000004,1,0.09509,0.10132
ADA,2020-09-28 00:00:00+00:00,2020-10-05 00:00:00+00:00,0.015685287910540847,0.015440840110540848,7,-1.0,rebalance,,0.34921114285714283,0.0007333434,1,0.10132,0.09684
ADA,2020-10-05 00:00:00+00:00,2020-10-26 00:00:00+00:00,-0.032639634944155345,-0.03603263114415535,21,-1.0,rebalance,,0.3650000000000001,0.0039039962000000012,1,0.09684,0.1064
ADA,2020-10-26 00:00:00+00:00,2020-11-02 00:00:00+00:00,0.07726675443609021,0.0764097744360902,7,-1.0,rebalance,,1.0,0.0022569799999999996,1,0.1064,0.09827
ADA,2020-11-02 00:00:00+00:00,2020-11-09 00:00:00+00:00,-0.031005052828210033,-0.032933225879137655,7,-1.0,rebalance,,0.3922846190476191,0.0024773715175942855,1,0.09827,0.10652
ADA,2020-11-09 00:00:00+00:00,2020-12-14 00:00:00+00:00,-0.40691069593315815,-0.4461134059331582,35,-1.0,rebalance,,1.0,0.04060271000000002,1,0.10652,0.15404
ADA,2020-12-14 00:00:00+00:00,2020-12-21 00:00:00+00:00,-0.019268372523683203,-0.02221012746225463,7,-1.0,rebalance,,0.431975761904762,0.003546521005238096,1,0.15404,0.16196
ADA,2020-12-21 00:00:00+00:00,2020-12-28 00:00:00+00:00,0.0475956138552729,0.0450111138552729,7,-1.0,rebalance,,1.0,0.0039845,1,0.16196,0.15467
ADA,2020-12-28 00:00:00+00:00,2021-01-04 00:00:00+00:00,-0.22722895299737436,-0.2309524922492434,7,-1.0,rebalance,,0.6925440476190478,0.004693100918535715,1,0.15467,0.20625
ADA,2021-01-04 00:00:00+00:00,2021-03-01 00:00:00+00:00,-5.252266794242424,-5.365042424242424,56,-1.0,rebalance,,1.0,0.11417563,1,0.20625,1.31279
ADA,2021-03-01 00:00:00+00:00,2021-03-08 00:00:00+00:00,0.060886211903368084,0.05985267431232427,7,-1.0,rebalance,,0.4315829523809525,0.0016377537243771438,1,1.31279,1.13073
ADA,2021-03-08 00:00:00+00:00,2021-03-15 00:00:00+00:00,0.056647494509317234,0.04568479156448866,7,-1.0,rebalance,,0.6595654285714286,0.011886094544828573,1,1.13073,1.05241
ADA,2021-03-15 00:00:00+00:00,2021-04-26 00:00:00+00:00,0.09093965133997221,-0.036668218660027785,42,-1.0,rebalance,,1.0,0.12900787,1,1.05241,1.091
ADA,2021-04-26 00:00:00+00:00,2021-05-03 00:00:00+00:00,-0.11093166782074772,-0.11363077864999342,7,-1.0,rebalance,,0.5259702142857143,0.0034354691292457144,1,1.091,1.3267
ADA,2021-05-03 00:00:00+00:00,2021-05-17 00:00:00+00:00,-0.7173511832780581,-0.7337755332780582,14,-1.0,rebalance,,1.0,0.017824349999999996,1,1.3267,2.3002
ADA,2021-05-17 00:00:00+00:00,2021-05-24 00:00:00+00:00,0.2678772768316382,0.2709751138751911,7,-1.0,rebalance,,0.6316985476190478,-0.002213459076886191,1,2.3002,1.3135
ADA,2021-06-07 00:00:00+00:00,2021-06-14 00:00:00+00:00,0.02111052939776561,0.021099099477272277,7,-1.0,rebalance,,0.2929246666666667,0.0004215244538266668,1,1.6771,1.5563
ADA,2021-06-14 00:00:00+00:00,2021-06-21 00:00:00+00:00,0.020906806479894055,0.02090857229448358,7,-1.0,rebalance,,0.250115380952381,0.0003483957187438097,1,1.5563,1.4262
ADA,2021-06-21 00:00:00+00:00,2021-06-28 00:00:00+00:00,0.014587911688860184,0.014989469095364947,7,-1.0,rebalance,,0.24210623809523815,-6.260867317142859e-05,1,1.4262,1.3379
ADA,2021-07-05 00:00:00+00:00,2021-07-12 00:00:00+00:00,0.009164091556436162,0.009292505286479971,7,-1.0,rebalance,,0.12018580952380958,3.984640328952382e-05,1,1.4615,1.3485
ADA,2021-07-12 00:00:00+00:00,2021-07-19 00:00:00+00:00,0.007098862037368517,0.00714060487313947,7,-1.0,rebalance,,0.05762480952380956,3.8931897562380984e-05,1,1.3485,1.1814
ADA,2021-07-19 00:00:00+00:00,2021-07-26 00:00:00+00:00,-0.004855425835028088,-0.004661712812482374,7,-1.0,rebalance,,0.11742745238095242,-2.9314589212380937e-05,1,1.1814,1.2283
ADA,2021-08-02 00:00:00+00:00,2021-08-09 00:00:00+00:00,-0.027117898121195118,-0.027453884797768453,7,-1.0,rebalance,,0.32482566666666673,0.0007907426099066668,1,1.3145,1.4256
ADA,2021-08-09 00:00:00+00:00,2021-08-16 00:00:00+00:00,-0.21794784084205374,-0.21995685410320134,7,-1.0,rebalance,,0.4231149523809524,0.0026013741944809527,1,1.4256,2.1667
ADA,2021-08-16 00:00:00+00:00,2021-09-13 00:00:00+00:00,-0.16406912152443814,-0.19075091152443813,28,-1.0,rebalance,,1.0,0.02808179000000001,1,2.1667,2.58
ADA,2021-09-13 00:00:00+00:00,2021-09-20 00:00:00+00:00,0.08794697901551761,0.0873278506644519,7,-1.0,rebalance,,0.7586055714285715,0.0016811761510657148,1,2.58,2.283
ADA,2021-09-20 00:00:00+00:00,2021-09-27 00:00:00+00:00,0.012891979805551198,0.012991388669878817,7,-1.0,rebalance,,0.38518623809523816,0.0004398518690057144,1,2.283,2.206
ADA,2021-09-27 00:00:00+00:00,2021-10-04 00:00:00+00:00,-0.003917902126515157,-0.0040487061261494425,7,-1.0,rebalance,,0.19847657142857147,0.00040867119963428587,1,2.206,2.251
ADA,2021-10-04 00:00:00+00:00,2021-10-11 00:00:00+00:00,0.011460202371113745,0.009857222229273745,7,-1.0,rebalance,,0.357880761904762,0.0021040132085066673,1,2.251,2.189
ADA,2021-10-11 00:00:00+00:00,2021-11-15 00:00:00+00:00,0.10814318078117863,0.06806761078117862,35,-1.0,rebalance,,1.0,0.041475569999999996,1,2.189,2.04
ADA,2021-11-15 00:00:00+00:00,2021-11-22 00:00:00+00:00,0.09304146651003646,0.09127095512371622,7,-1.0,rebalance,,0.9082573095238095,0.003042071619653571,1,2.04,1.835
ADA,2021-11-22 00:00:00+00:00,2021-11-29 00:00:00+00:00,0.07758951984997685,0.07613936940443757,7,-1.0,rebalance,,0.5821489285714286,0.0022651589455392855,1,1.835,1.595
ADA,2021-11-29 00:00:00+00:00,2021-12-06 00:00:00+00:00,0.09204160890985967,0.09201045862068967,7,-1.0,rebalance,,0.6762980714285716,0.00097796758917,1,1.595,1.378
ADA,2021-12-06 00:00:00+00:00,2021-12-13 00:00:00+00:00,0.005767498744707023,0.006019003628447023,7,-1.0,rebalance,,0.2513390000000001,0.00010036971626000004,1,1.378,1.345
ADA,2021-12-13 00:00:00+00:00,2021-12-20 00:00:00+00:00,0.005242847715090647,0.005212132802265886,7,-1.0,rebalance,,0.06940909523809528,0.00012788764615809532,1,1.345,1.244
ADA,2021-12-20 00:00:00+00:00,2021-12-27 00:00:00+00:00,-0.05409433760456291,-0.05431851087122958,7,-1.0,rebalance,,0.3202475238095239,0.0006725198000000003,1,1.244,1.455
ADA,2021-12-27 00:00:00+00:00,2022-01-03 00:00:00+00:00,0.0193767704027492,0.0193161512027492,7,-1.0,rebalance,,0.3650000000000001,0.0005716192000000002,1,1.455,1.378
ADA,2022-01-03 00:00:00+00:00,2022-01-10 00:00:00+00:00,0.04125233031082782,0.041086734950584014,7,-1.0,rebalance,,0.27219961904761913,0.0005466748269104764,1,1.378,1.17
ADA,2022-01-10 00:00:00+00:00,2022-01-17 00:00:00+00:00,-0.07186156142005036,-0.07190288457468465,7,-1.0,rebalance,,0.34907209523809535,0.0005300240879676193,1,1.17,1.411
ADA,2022-01-17 00:00:00+00:00,2022-01-24 00:00:00+00:00,0.05338848183679641,0.05367955752421451,7,-1.0,rebalance,,0.26390890476190487,7.839677924857146e-05,1,1.411,1.124
ADA,2022-01-24 00:00:00+00:00,2022-01-31 00:00:00+00:00,0.003862778256210827,0.004088287620742256,7,-1.0,rebalance,,0.05163185714285719,-0.00015322476453142873,1,1.124,1.035
ADA,2022-02-14 00:00:00+00:00,2022-02-21 00:00:00+00:00,0.016927733134913883,0.017073554490252454,7,-1.0,rebalance,,0.15899747619047622,7.677511132809527e-05,1,1.043,0.931
ADA,2022-02-21 00:00:00+00:00,2022-02-28 00:00:00+00:00,0.006311577123037619,0.006670921538540237,7,-1.0,rebalance,,0.08392740476190481,-0.00024184604883595255,1,0.931,0.857
ADA,2022-03-21 00:00:00+00:00,2022-03-28 00:00:00+00:00,-0.06966072932981748,-0.06956078606641748,7,-1.0,rebalance,,0.20047190476190485,0.00018071740326666675,1,0.879,1.184
ADA,2022-03-28 00:00:00+00:00,2022-04-04 00:00:00+00:00,-0.00015498847027028067,-0.00026466610360361407,7,-1.0,rebalance,,0.1566823333333334,0.0003290329000000002,1,1.184,1.186
ADA,2022-04-04 00:00:00+00:00,2022-04-11 00:00:00+00:00,0.04923666086163575,0.04924114671163575,7,-1.0,rebalance,,0.3650000000000001,0.0005065141500000003,1,1.186,1.026
ADA,2022-04-11 00:00:00+00:00,2022-04-18 00:00:00+00:00,0.025878599863756978,0.026329520467836265,7,-1.0,rebalance,,0.24119721428571436,-0.00011324450407928572,1,1.026,0.914
ADA,2022-04-25 00:00:00+00:00,2022-05-02 00:00:00+00:00,0.011466220846761042,0.01154346466505247,7,-1.0,rebalance,,0.1068615714285715,7.236238170857149e-05,1,0.885,0.7894
ADA,2022-05-02 00:00:00+00:00,2022-05-09 00:00:00+00:00,0.007184656357577073,0.0073057334684570735,7,-1.0,rebalance,,0.11769685714285721,4.369848912000002e-05,1,0.7894,0.7404
ADA,2022-05-09 00:00:00+00:00,2022-05-16 00:00:00+00:00,0.012112094767649604,0.012393909238249604,7,-1.0,rebalance,,0.06453200000000006,-0.00019146967060000014,1,0.7404,0.5982
ADA,2022-06-27 00:00:00+00:00,2022-07-04 00:00:00+00:00,0.0016996081570342845,0.0017991542151459513,7,-1.0,rebalance,,0.026000166666666717,-6.314582477833346e-05,1,0.4899,0.456
ADA,2022-07-11 00:00:00+00:00,2022-07-18 00:00:00+00:00,0.0015172707358744465,0.0017063532972973036,7,-1.0,rebalance,,0.05368628571428575,-0.00011392176142285722,1,0.4625,0.4478
ADA,2022-07-25 00:00:00+00:00,2022-08-01 00:00:00+00:00,-0.0027384619849662663,-0.0028013862025669804,7,-1.0,rebalance,,0.3498316428571429,0.0005526885176007144,1,0.512,0.5161
ADA,2022-08-01 00:00:00+00:00,2022-08-08 00:00:00+00:00,-0.0059996395974257,-0.00611869638128451,7,-1.0,rebalance,,0.2745964523809524,0.0005034918171921428,1,0.5161,0.5276
ADA,2022-08-08 00:00:00+00:00,2022-08-15 00:00:00+00:00,-0.02520416368986629,-0.025309309717859864,7,-1.0,rebalance,,0.3186919285714287,0.0005513147279935717,1,0.5276,0.5695
ADA,2022-08-15 00:00:00+00:00,2022-08-22 00:00:00+00:00,0.05563934360602365,0.05638708245327984,7,-1.0,rebalance,,0.30067830952380964,-0.00032678921392285715,1,0.5695,0.4627
ADA,2022-09-12 00:00:00+00:00,2022-09-19 00:00:00+00:00,0.022692100171590682,0.023046116978647113,7,-1.0,rebalance,,0.1891934047619048,-8.914604038976193e-05,1,0.5098,0.4477
ADA,2022-10-03 00:00:00+00:00,2022-10-10 00:00:00+00:00,-0.000707298136659604,-0.0006940220500596039,7,-1.0,rebalance,,0.08318350000000005,0.00010318081340000006,1,0.4195,0.423
ADA,2022-10-10 00:00:00+00:00,2022-10-17 00:00:00+00:00,0.02612660230084979,0.02685997320724979,7,-1.0,rebalance,,0.2155933333333334,-0.00043154023973333345,1,0.423,0.3703
ADA,2022-11-07 00:00:00+00:00,2022-11-14 00:00:00+00:00,0.010947885656377727,0.011031052900842013,7,-1.0,rebalance,,0.06143471428571434,2.8413555357142882e-06,1,0.4021,0.3299
ADA,2022-11-14 00:00:00+00:00,2022-11-21 00:00:00+00:00,0.00043449657660348206,0.00043617023196062496,7,-1.0,rebalance,,0.008038690476190507,9.580511309523846e-06,1,0.3299,0.312
ADA,2022-11-21 00:00:00+00:00,2022-11-28 00:00:00+00:00,-0.0003601810157032953,-0.0003983580586080573,7,-1.0,rebalance,,0.20714619047619054,0.0003281817095714287,1,0.312,0.3126
ADA,2022-11-28 00:00:00+00:00,2022-12-05 00:00:00+00:00,-0.008390977581889917,-0.008456550589525632,7,-1.0,rebalance,,0.2753664285714287,0.0004510860076357145,1,0.3126,0.3222
ADA,2022-12-05 00:00:00+00:00,2022-12-12 00:00:00+00:00,0.0131154071285625,0.013166873584877739,7,-1.0,rebalance,,0.2847225952380953,0.00034714517701809537,1,0.3222,0.3073
ADA,2022-12-12 00:00:00+00:00,2022-12-19 00:00:00+00:00,0.02810534833936354,0.028480674042737828,7,-1.0,rebalance,,0.2119155238095239,-7.864397004095242e-05,1,0.3073,0.266
ADA,2023-01-09 00:00:00+00:00,2023-01-16 00:00:00+00:00,-0.005552950521209469,-0.005573687002801136,7,-1.0,rebalance,,0.031110166666666723,6.429071492500012e-05,1,0.2975,0.3508
ADA,2023-01-16 00:00:00+00:00,2023-01-23 00:00:00+00:00,-0.025960552157558246,-0.026211982407558246,7,-1.0,rebalance,,0.35918607142857156,0.0007542907500000004,1,0.3508,0.3764
ADA,2023-01-23 00:00:00+00:00,2023-01-30 00:00:00+00:00,-0.02033640590945803,-0.02055791710945803,7,-1.0,rebalance,,0.3650000000000001,0.0007325112000000002,1,0.3764,0.3976
ADA,2023-01-30 00:00:00+00:00,2023-02-06 00:00:00+00:00,0.004931467668906734,0.004649695027306734,7,-1.0,rebalance,,0.34881485714285726,0.0007701134416000003,1,0.3976,0.3923
ADA,2023-02-06 00:00:00+00:00,2023-02-13 00:00:00+00:00,0.027693305310785905,0.027584435381085903,7,-1.0,rebalance,,0.3837366666666667,0.0006461012630333334,1,0.3923,0.3641
ADA,2023-02-13 00:00:00+00:00,2023-02-20 00:00:00+00:00,-0.028305508742767084,-0.028372322484665417,7,-1.0,rebalance,,0.2926448333333334,0.0004765165085650002,1,0.3641,0.3994
ADA,2023-02-20 00:00:00+00:00,2023-02-27 00:00:00+00:00,0.0216763124009948,0.021541511982259086,7,-1.0,rebalance,,0.2830157857142858,0.0005310225187357145,1,0.3994,0.369
ADA,2023-02-27 00:00:00+00:00,2023-03-06 00:00:00+00:00,0.028194819266678776,0.028281305974964487,7,-1.0,rebalance,,0.32611880952380956,0.0003700796250476191,1,0.369,0.337
ADA,2023-03-06 00:00:00+00:00,2023-03-13 00:00:00+00:00,0.003956350040909416,0.004214009325985607,7,-1.0,rebalance,,0.19723904761904767,1.8475381590476213e-05,1,0.337,0.3298
ADA,2023-03-13 00:00:00+00:00,2023-03-20 00:00:00+00:00,-0.0007379741164404508,-0.0007404823269514032,7,-1.0,rebalance,,0.016280738095238164,2.530124384428582e-05,1,0.3298,0.3448
ADA,2023-03-20 00:00:00+00:00,2023-03-27 00:00:00+00:00,-0.008619729477586711,-0.008617212048392426,7,-1.0,rebalance,,0.2701104285714287,0.00037563717080571447,1,0.3448,0.3558
ADA,2023-03-27 00:00:00+00:00,2023-04-03 00:00:00+00:00,-0.017464408575358102,-0.017527280655263815,7,-1.0,rebalance,,0.2417134285714287,0.0004012708799057145,1,0.3558,0.3816
ADA,2023-04-03 00:00:00+00:00,2023-04-10 00:00:00+00:00,-0.005826627301786323,-0.005822276074423467,7,-1.0,rebalance,,0.28854292857142866,0.00039960887263714297,1,0.3816,0.3893
ADA,2023-04-10 00:00:00+00:00,2023-04-17 00:00:00+00:00,-0.038155768821282826,-0.03827405724560568,7,-1.0,rebalance,,0.24071228571428582,0.0004552856243228574,1,0.3893,0.4512
ADA,2023-04-17 00:00:00+00:00,2023-04-24 00:00:00+00:00,0.04571343010151555,0.045537604087512694,7,-1.0,rebalance,,0.32874507142857157,0.0006360691140028576,1,0.4512,0.3887
ADA,2023-04-24 00:00:00+00:00,2023-05-01 00:00:00+00:00,-0.0059334526642597545,-0.006056226738701659,7,-1.0,rebalance,,0.3362936190476192,0.0005935851411085716,1,0.3887,0.3957
ADA,2023-05-01 00:00:00+00:00,2023-05-08 00:00:00+00:00,0.015187391054891324,0.015273484891151323,7,-1.0,rebalance,,0.30678771428571444,0.0003434089637400002,1,0.3957,0.376
ADA,2023-05-08 00:00:00+00:00,2023-05-15 00:00:00+00:00,0.002576022947166568,0.002587196365248235,7,-1.0,rebalance,,0.19455716666666678,0.0002612066152516668,1,0.376,0.371
ADA,2023-05-15 00:00:00+00:00,2023-05-22 00:00:00+00:00,0.00669965137156439,0.006792980284944152,7,-1.0,rebalance,,0.23335145238095245,0.00023336311995357143,1,0.371,0.3602
ADA,2023-05-22 00:00:00+00:00,2023-05-29 00:00:00+00:00,-0.010840100034511588,-0.010905862417704444,7,-1.0,rebalance,,0.17381821428571437,0.0003091078831928573,1,0.3602,0.3828
ADA,2023-05-29 00:00:00+00:00,2023-06-05 00:00:00+00:00,0.004589743173152548,0.004440983169129691,7,-1.0,rebalance,,0.30909242857142866,0.0005814894040228574,1,0.3828,0.3773
ADA,2023-06-05 00:00:00+00:00,2023-06-12 00:00:00+00:00,0.09058869126622317,0.09134416578950698,7,-1.0,rebalance,,0.3269843809523811,-0.0002976963899504762,1,0.3773,0.2719
ADA,2023-07-10 00:00:00+00:00,2023-07-17 00:00:00+00:00,-0.00952963133551663,-0.009483734787196631,7,-1.0,rebalance,,0.08927900000000008,7.909405168000008e-05,1,0.2843,0.3145
ADA,2023-07-17 00:00:00+00:00,2023-07-24 00:00:00+00:00,-0.0012849473790787001,-0.0013219383147853668,7,-1.0,rebalance,,0.15398133333333341,0.0002525648023733335,1,0.3145,0.3172
ADA,2023-07-24 00:00:00+00:00,2023-07-31 00:00:00+00:00,0.0015477056825466795,0.0013481443658800126,7,-1.0,rebalance,,0.28508759523809535,0.0005986839500000004,1,0.3172,0.3157
ADA,2023-07-31 00:00:00+00:00,2023-08-07 00:00:00+00:00,0.027234302488074107,0.02716978143807411,7,-1.0,rebalance,,0.3650000000000001,0.0005755210500000003,1,0.3157,0.2922
ADA,2023-08-07 00:00:00+00:00,2023-08-14 00:00:00+00:00,0.0026876028419768774,0.00253236014960402,7,-1.0,rebalance,,0.27405764285714296,0.0005389233923728574,1,0.2922,0.2895
ADA,2023-08-14 00:00:00+00:00,2023-08-21 00:00:00+00:00,0.02177134485545568,0.022667903084135205,7,-1.0,rebalance,,0.3417894761904763,-0.00041805296201285726,1,0.2895,0.2703
ADA,2023-09-18 00:00:00+00:00,2023-09-25 00:00:00+00:00,4.206702981632871e-05,4.4794463394424e-05,7,-1.0,rebalance,,0.0025741190476191037,8.76333088571448e-07,1,0.2471,0.2428
ADA,2023-09-25 00:00:00+00:00,2023-10-02 00:00:00+00:00,-0.005598621270924641,-0.005629598846787498,7,-1.0,rebalance,,0.059171714285714355,0.00011381797586285729,1,0.2428,0.2659
ADA,2023-10-02 00:00:00+00:00,2023-10-09 00:00:00+00:00,0.0119229435500714,0.0119447081788714,7,-1.0,rebalance,,0.33432609523809537,0.00044629190453333357,1,0.2659,0.2564
ADA,2023-10-09 00:00:00+00:00,2023-10-16 00:00:00+00:00,0.008074238941104008,0.008144169266770675,7,-1.0,rebalance,,0.23201833333333344,0.00025489534100000015,1,0.2564,0.2474
ADA,2023-10-16 00:00:00+00:00,2023-10-23 00:00:00+00:00,-0.013121182546613017,-0.01281213650537016,7,-1.0,rebalance,,0.19094714285714295,-4.1720041242857166e-05,1,0.2474,0.264
ADA,2023-10-30 00:00:00+00:00,2023-11-06 00:00:00+00:00,-0.05603666610156981,-0.05631796541777456,7,-1.0,rebalance,,0.3586629047619049,0.0007834273828714287,1,0.2955,0.3419
ADA,2023-11-06 00:00:00+00:00,2023-11-13 00:00:00+00:00,-0.04572929946980148,-0.04619341662140149,7,-1.0,rebalance,,0.379652142857143,0.0009956301516000003,1,0.3419,0.3835
ADA,2023-11-13 00:00:00+00:00,2023-11-20 00:00:00+00:00,-0.00010887113596650387,-0.0005942790091265042,7,-1.0,rebalance,,0.4558120000000001,0.0011235446731600004,1,0.3835,0.384
ADA,2023-11-20 00:00:00+00:00,2023-11-27 00:00:00+00:00,-0.003493475840575373,-0.0037933756572420397,7,-1.0,rebalance,,0.4284283095238097,0.0008996994500000006,1,0.384,0.3874
ADA,2023-11-27 00:00:00+00:00,2023-12-04 00:00:00+00:00,-0.0065095244878936075,-0.006972121837893607,7,-1.0,rebalance,,0.3650000000000001,0.0009735973500000003,1,0.3874,0.3948
ADA,2023-12-04 00:00:00+00:00,2023-12-11 00:00:00+00:00,-0.2336127462853117,-0.23474466910913314,7,-1.0,rebalance,,0.46361778571428586,0.0017809877238214292,1,0.3948,0.5947
ADA,2023-12-11 00:00:00+00:00,2023-12-18 00:00:00+00:00,0.01681690664984011,0.01594280789834011,7,-1.0,rebalance,,0.6676892857142858,0.0018088637515,1,0.5947,0.5805
ADA,2023-12-18 00:00:00+00:00,2023-12-25 00:00:00+00:00,-0.008417308566713683,-0.009247144530577017,7,-1.0,rebalance,,0.47087433333333345,0.0014890600305300004,1,0.5805,0.5919
ADA,2023-12-25 00:00:00+00:00,2024-01-01 00:00:00+00:00,0.0013421244171920883,-0.0018572159872564833,7,-1.0,rebalance,,0.5496430714285715,0.003968840704448572,1,0.5919,0.5939
ADA,2024-01-01 00:00:00+00:00,2024-01-08 00:00:00+00:00,0.16986808381208957,0.1673682438120896,7,-1.0,rebalance,,1.0,0.00389984,1,0.5939,0.4945
ADA,2024-01-08 00:00:00+00:00,2024-01-15 00:00:00+00:00,-0.041470064663835564,-0.0419445451971689,7,-1.0,rebalance,,0.6778293333333334,0.0014234416,1,0.4945,0.5251
ADA,2024-01-15 00:00:00+00:00,2024-02-12 00:00:00+00:00,-0.00884841258411727,-0.011399733384117271,28,-1.0,rebalance,,0.3650000000000001,0.0030623208000000028,1,0.5251,0.5415
ADA,2024-02-12 00:00:00+00:00,2024-02-19 00:00:00+00:00,-0.050967344723761424,-0.05225672982456142,7,-1.0,rebalance,,0.3632480000000001,0.0017979323008000007,1,0.5415,0.6194
ADA,2024-02-19 00:00:00+00:00,2024-02-26 00:00:00+00:00,0.042039093262233054,0.03902822424158543,7,-1.0,rebalance,,0.8602876190476191,0.004215271687314287,1,0.6194,0.5913
ADA,2024-02-26 00:00:00+00:00,2024-03-04 00:00:00+00:00,-0.1876164434139654,-0.19688657495590828,7,-1.0,rebalance,,0.8516388571428574,0.010462425941942861,1,0.5913,0.728
ADA,2024-03-04 00:00:00+00:00,2024-03-25 00:00:00+00:00,0.13359022890109884,0.11140109890109884,21,-1.0,rebalance,,1.0,0.02358913,1,0.728,0.6469
ADA,2024-03-25 00:00:00+00:00,2024-04-01 00:00:00+00:00,0.0007386692592141527,-0.0026856803657001344,7,-1.0,rebalance,,0.5429270714285716,0.004184447524914287,1,0.6469,0.6501
ADA,2024-04-01 00:00:00+00:00,2024-04-08 00:00:00+00:00,0.09530861321950462,0.09352407321950462,7,-1.0,rebalance,,1.0,0.0031845400000000005,1,0.6501,0.5893
ADA,2024-04-08 00:00:00+00:00,2024-04-15 00:00:00+00:00,0.11547996989809753,0.11458919476699563,7,-1.0,rebalance,,0.553503380952381,0.0016656798644352384,1,0.5893,0.4673
ADA,2024-04-15 00:00:00+00:00,2024-04-22 00:00:00+00:00,-0.03610326284777154,-0.03592974036256916,7,-1.0,rebalance,,0.5230519523809525,0.0005587502481309525,1,0.4673,0.4994
ADA,2024-04-22 00:00:00+00:00,2024-04-29 00:00:00+00:00,0.014502678951271311,0.014574175677479645,7,-1.0,rebalance,,0.18567202380952386,0.00018844410712500007,1,0.4994,0.4602
ADA,2024-04-29 00:00:00+00:00,2024-05-06 00:00:00+00:00,0.0008509765484279958,0.0008816391786179958,7,-1.0,rebalance,,0.17640450000000008,0.0002163036698100001,1,0.4602,0.4579
ADA,2024-05-06 00:00:00+00:00,2024-05-13 00:00:00+00:00,0.009258307104873789,0.009355202913923789,7,-1.0,rebalance,,0.21312176190476198,0.00020147465761666679,1,0.4579,0.4378
ADA,2024-05-13 00:00:00+00:00,2024-05-20 00:00:00+00:00,-0.01104384073088076,-0.011034121745089094,7,-1.0,rebalance,,0.16431083333333338,0.0002203161808750001,1,0.4378,0.4672
ADA,2024-05-20 00:00:00+00:00,2024-05-27 00:00:00+00:00,0.0047024726875000014,0.0045393359375000015,7,-1.0,rebalance,,0.23305250000000005,0.0004894102500000001,1,0.4672,0.4581
ADA,2024-05-27 00:00:00+00:00,2024-06-03 00:00:00+00:00,0.00967242776649203,0.00924252346649203,7,-1.0,rebalance,,0.3650000000000001,0.0009409043000000003,1,0.4581,0.4465
ADA,2024-06-03 00:00:00+00:00,2024-06-10 00:00:00+00:00,0.0028183066952865024,0.0023079826054498353,7,-1.0,rebalance,,0.4480496666666668,0.0011375936231700005,1,0.4465,0.4442
ADA,2024-06-10 00:00:00+00:00,2024-06-17 00:00:00+00:00,0.027584238056930985,0.02732050355374027,7,-1.0,rebalance,,0.44130064285714304,0.0008815554031907148,1,0.4442,0.4167
ADA,2024-06-17 00:00:00+00:00,2024-06-24 00:00:00+00:00,0.030328650650372265,0.03049623363845179,7,-1.0,rebalance,,0.34720711904761914,0.000318506978587143,1,0.4167,0.3801
ADA,2024-06-24 00:00:00+00:00,2024-07-01 00:00:00+00:00,-0.005124156615787624,-0.005201489382493338,7,-1.0,rebalance,,0.15944242857142865,0.0003005521667057145,1,0.3801,0.3925
ADA,2024-07-01 00:00:00+00:00,2024-07-08 00:00:00+00:00,0.03812869517207983,0.038230972811646974,7,-1.0,rebalance,,0.32763442857142866,0.0003564105604328573,1,0.3925,0.3467
ADA,2024-07-08 00:00:00+00:00,2024-07-15 00:00:00+00:00,-0.046304407247314945,-0.046355330874778514,7,-1.0,rebalance,,0.18907521428571436,0.0003156289274635716,1,0.3467,0.4317
ADA,2024-07-15 00:00:00+00:00,2024-07-22 00:00:00+00:00,-0.010208633887986273,-0.010283125831430559,7,-1.0,rebalance,,0.29014545238095246,0.0004806955767776192,1,0.4317,0.447
ADA,2024-07-22 00:00:00+00:00,2024-07-29 00:00:00+00:00,0.025640494743207724,0.02563914134441249,7,-1.0,rebalance,,0.28795719047619056,0.0004044934654619049,1,0.447,0.4072
ADA,2024-07-29 00:00:00+00:00,2024-08-05 00:00:00+00:00,0.037628519586611675,0.037773735265225955,7,-1.0,rebalance,,0.24415023809523817,0.00019659465471904766,1,0.4072,0.3442
ADA,2024-08-05 00:00:00+00:00,2024-08-12 00:00:00+00:00,0.006600842162234854,0.00674971359397914,7,-1.0,rebalance,,0.13995490476190484,4.706543492238098e-05,1,0.3442,0.3276
ADA,2024-08-12 00:00:00+00:00,2024-08-19 00:00:00+00:00,-0.0012541563154432065,-0.0011775722571079684,7,-1.0,rebalance,,0.058450404761904814,5.246508331428576e-06,1,0.3276,0.3342
ADA,2024-08-19 00:00:00+00:00,2024-08-26 00:00:00+00:00,-0.002368549525662732,-0.0023667802000513034,7,-1.0,rebalance,,0.015601142857142898,2.0072274388571485e-05,1,0.3342,0.3849
ADA,2024-08-26 00:00:00+00:00,2024-09-02 00:00:00+00:00,0.03124341262398256,0.0313151571403828,7,-1.0,rebalance,,0.2236215952380953,0.00024132571693309527,1,0.3849,0.331
ADA,2024-09-02 00:00:00+00:00,2024-09-09 00:00:00+00:00,-0.00472939888781536,-0.004533414472737741,7,-1.0,rebalance,,0.18757002380952387,6.661361825571432e-05,1,0.331,0.339
ADA,2024-09-09 00:00:00+00:00,2024-09-16 00:00:00+00:00,6.885744622880417e-05,7.28338811630899e-05,7,-1.0,rebalance,,0.06172671428571433,8.244096506571434e-05,1,0.339,0.3386
ADA,2024-09-16 00:00:00+00:00,2024-09-23 00:00:00+00:00,-0.009075318093141818,-0.00891250682080277,7,-1.0,rebalance,,0.23213652380952388,0.00016217986099428578,1,0.3386,0.3516
ADA,2024-09-23 00:00:00+00:00,2024-09-30 00:00:00+00:00,-0.015814242444373513,-0.01588678368275637,7,-1.0,rebalance,,0.12143028571428577,0.00024254363838285725,1,0.3516,0.3976
ADA,2024-09-30 00:00:00+00:00,2024-10-07 00:00:00+00:00,0.03500642700493897,0.035100727543834455,7,-1.0,rebalance,,0.3471654047619049,0.0003917310277711907,1,0.3976,0.3574
ADA,2024-10-07 00:00:00+00:00,2024-10-14 00:00:00+00:00,0.004881749386953983,0.004883830235563745,7,-1.0,rebalance,,0.19612145238095247,0.00027248918472357156,1,0.3574,0.3485
ADA,2024-10-14 00:00:00+00:00,2024-10-21 00:00:00+00:00,-0.011239290438130607,-0.011364198319327749,7,-1.0,rebalance,,0.24148921428571438,0.0004629927811971432,1,0.3485,0.3649
ADA,2024-10-21 00:00:00+00:00,2024-10-28 00:00:00+00:00,0.022993661540319194,0.022921862819559193,7,-1.0,rebalance,,0.33323457142857155,0.0005383271207600002,1,0.3649,0.3398
ADA,2024-10-28 00:00:00+00:00,2024-11-04 00:00:00+00:00,0.004970241528972835,0.004792635471846169,7,-1.0,rebalance,,0.28078233333333336,0.0005707013237933334,1,0.3398,0.334
ADA,2024-11-04 00:00:00+00:00,2024-11-11 00:00:00+00:00,-0.2708009574228349,-0.27109081940404917,7,-1.0,rebalance,,0.35327480952380963,0.0007844467145476194,1,0.334,0.5903
ADA,2024-11-11 00:00:00+00:00,2024-11-18 00:00:00+00:00,-0.07265929673716659,-0.07342286387873802,7,-1.0,rebalance,,0.3859440476190477,0.0013038888082380956,1,0.5903,0.7026
ADA,2024-11-18 00:00:00+00:00,2024-11-25 00:00:00+00:00,-0.26608470848464283,-0.26761038463936665,7,-1.0,rebalance,,0.5872050476190477,0.0023477632213904764,1,0.7026,1.0228
ADA,2024-11-25 00:00:00+00:00,2024-12-02 00:00:00+00:00,-0.08480652676508042,-0.08622019232918042,7,-1.0,rebalance,,0.6949252380952382,0.0023865608974333336,1,1.0228,1.1497
ADA,2024-12-02 00:00:00+00:00,2024-12-09 00:00:00+00:00,-0.019321225064328804,-0.02279229171378047,7,-1.0,rebalance,,0.5969088333333334,0.0043067390161183345,1,1.1497,1.1936
ADA,2024-12-09 00:00:00+00:00,2024-12-16 00:00:00+00:00,0.07977536136729231,0.07883713136729231,7,-1.0,rebalance,,1.0,0.0023382299999999997,1,1.1936,1.0995
ADA,2024-12-16 00:00:00+00:00,2024-12-23 00:00:00+00:00,0.07994174853227166,0.07983977704151238,7,-1.0,rebalance,,0.40640664285714295,0.000670940790759286,1,1.0995,0.8835
ADA,2024-12-23 00:00:00+00:00,2024-12-30 00:00:00+00:00,0.008042436370741075,0.007957130824372742,7,-1.0,rebalance,,0.28694388095238105,0.0004870269797016669,1,0.8835,0.859
ADA,2024-12-30 00:00:00+00:00,2025-01-06 00:00:00+00:00,-0.07953770724824155,-0.07970977786185489,7,-1.0,rebalance,,0.2950051666666667,0.0005850778469466668,1,0.859,1.0911
ADA,2025-01-06 00:00:00+00:00,2025-01-13 00:00:00+00:00,0.039177052876275945,0.03901755074607975,7,-1.0,rebalance,,0.34471295238095245,0.000642100263529524,1,1.0911,0.9676
ADA,2025-01-13 00:00:00+00:00,2025-01-20 00:00:00+00:00,-0.008321327368134481,-0.008498781673851862,7,-1.0,rebalance,,0.3237567380952382,0.0006307137390507145,1,0.9676,0.993
ADA,2025-01-20 00:00:00+00:00,2025-01-27 00:00:00+00:00,0.013870834482429243,0.013639479211624242,7,-1.0,rebalance,,0.3386000714285715,0.0007053953708050002,1,0.993,0.953
ADA,2025-01-27 00:00:00+00:00,2025-02-03 00:00:00+00:00,0.05622397118983396,0.05619457654774396,7,-1.0,rebalance,,0.36209216666666677,0.0005363236754233335,1,0.953,0.8051
ADA,2025-02-03 00:00:00+00:00,2025-02-10 00:00:00+00:00,0.038893083696650635,0.03952301371613111,7,-1.0,rebalance,,0.2574431904761905,-0.00026950955281380956,1,0.8051,0.6815
ADA,2025-02-17 00:00:00+00:00,2025-02-24 00:00:00+00:00,7.725332423749162e-07,1.211304122374952e-06,7,-1.0,rebalance,,0.0005840000000000475,3.788291200000308e-07,1,0.7714,0.7698
ADA,2025-02-24 00:00:00+00:00,2025-03-03 00:00:00+00:00,-0.053527646313426346,-0.05347342526815872,7,-1.0,rebalance,,0.11274676190476195,0.00010362442139904765,1,0.7698,1.1349
ADA,2025-03-03 00:00:00+00:00,2025-03-10 00:00:00+00:00,0.05773598584496571,0.058175405596885,7,-1.0,rebalance,,0.15974659523809528,-0.00021577451858595243,1,1.1349,0.7216
ADA,2025-03-31 00:00:00+00:00,2025-04-07 00:00:00+00:00,0.004766299176693124,0.004841008144131696,7,-1.0,rebalance,,0.03654519047619052,-2.3545700771904788e-05,1,0.6613,0.5737
ADA,2025-04-14 00:00:00+00:00,2025-04-21 00:00:00+00:00,0.001340306429572084,0.0014342022336116078,7,-1.0,rebalance,,0.05085840476190481,-2.269403737285717e-05,1,0.6383,0.6203
ADA,2025-04-28 00:00:00+00:00,2025-05-05 00:00:00+00:00,0.006199997043191429,0.006415112557805715,7,-1.0,rebalance,,0.16648519047619054,1.796375205238098e-05,1,0.7033,0.6762
ADA,2025-05-05 00:00:00+00:00,2025-05-12 00:00:00+00:00,-0.003594392166818142,-0.003583293333896713,7,-1.0,rebalance,,0.01875404761904767,1.5156833745238138e-05,1,0.6762,0.8054
ADA,2025-05-12 00:00:00+00:00,2025-05-19 00:00:00+00:00,0.007973327762443352,0.007970611051000972,7,-1.0,rebalance,,0.1404711190476191,0.00019937627810904772,1,0.8054,0.7597
ADA,2025-05-19 00:00:00+00:00,2025-05-26 00:00:00+00:00,-0.00022399170993998862,-3.247266151427425e-05,7,-1.0,rebalance,,0.2466948095238096,0.00015385368490761908,1,0.7597,0.7598
ADA,2025-05-26 00:00:00+00:00,2025-06-02 00:00:00+00:00,0.010480776921377168,0.010614391606813834,7,-1.0,rebalance,,0.10839804761904769,1.8142581230000012e-05,1,0.7598,0.6854
ADA,2025-06-02 00:00:00+00:00,2025-06-09 00:00:00+00:00,0.0006176588294921131,0.0006408907936971131,7,-1.0,rebalance,,0.02909050000000005,1.7494735795000035e-05,1,0.6854,0.6703
ADA,2025-06-09 00:00:00+00:00,2025-06-16 00:00:00+00:00,0.005677157744086724,0.0057698201587064865,7,-1.0,rebalance,,0.10452730952380959,5.367581871357147e-05,1,0.6703,0.6333
ADA,2025-06-16 00:00:00+00:00,2025-06-23 00:00:00+00:00,0.012887246907611158,0.012881284811982587,7,-1.0,rebalance,,0.08925292857142864,0.00013091619562857152,1,0.6333,0.5419
ADA,2025-06-23 00:00:00+00:00,2025-06-30 00:00:00+00:00,-0.01694337076558624,-0.016654384309176717,7,-1.0,rebalance,,0.2549438095238096,6.793487692380955e-05,1,0.5419,0.5773
ADA,2025-06-30 00:00:00+00:00,2025-07-07 00:00:00+00:00,-0.0007293154473879282,-0.00068192915707769,7,-1.0,rebalance,,0.04631502380952386,1.7454743023095256e-05,1,0.5773,0.5858
ADA,2025-07-07 00:00:00+00:00,2025-07-14 00:00:00+00:00,-0.016844323274224103,-0.016884675453998625,7,-1.0,rebalance,,0.06550359523809529,0.00013205721310785725,1,0.5858,0.7368
ADA,2025-07-14 00:00:00+00:00,2025-07-21 00:00:00+00:00,-0.05739466202240581,-0.05763994567240581,7,-1.0,rebalance,,0.35040521428571436,0.0007358509500000002,1,0.7368,0.858
ADA,2025-07-21 00:00:00+00:00,2025-08-04 00:00:00+00:00,0.056491313735897455,0.055685897435897455,14,-1.0,rebalance,,0.3650000000000001,0.0013164163000000003,1,0.858,0.7271
ADA,2025-08-04 00:00:00+00:00,2025-08-11 00:00:00+00:00,-0.026705824103383513,-0.026795143603748753,7,-1.0,rebalance,,0.2618649047619048,0.0004559303670319048,1,0.7271,0.8015
ADA,2025-08-11 00:00:00+00:00,2025-08-18 00:00:00+00:00,-0.06019226268646495,-0.06022155308498947,7,-1.0,rebalance,,0.30261802380952385,0.0004529556318578572,1,0.8015,0.961
ADA,2025-08-18 00:00:00+00:00,2025-08-25 00:00:00+00:00,0.014040839375609147,0.014077138992121289,7,-1.0,rebalance,,0.26015635714285723,0.00032791928348785724,1,0.961,0.909
ADA,2025-08-25 00:00:00+00:00,2025-09-01 00:00:00+00:00,0.02347851134943018,0.023571165377966368,7,-1.0,rebalance,,0.21908169047619058,0.0002140603381304763,1,0.909,0.8112
ADA,2025-09-01 00:00:00+00:00,2025-09-08 00:00:00+00:00,-0.004956732166953531,-0.005003497100122102,7,-1.0,rebalance,,0.1698258095238096,0.0002845210665019049,1,0.8112,0.8351
ADA,2025-09-08 00:00:00+00:00,2025-09-15 00:00:00+00:00,-0.01820830135807156,-0.01837623075365942,7,-1.0,rebalance,,0.29119526190476197,0.000575602762254524,1,0.8351,0.8878
ADA,2025-09-15 00:00:00+00:00,2025-09-22 00:00:00+00:00,0.0013854929331626673,0.0014318539380383816,7,-1.0,rebalance,,0.34356754761904773,0.00043463356179095254,1,0.8878,0.8841
ADA,2025-09-22 00:00:00+00:00,2025-09-29 00:00:00+00:00,0.01876777299305174,0.018777175039453645,7,-1.0,rebalance,,0.21987947619047624,0.000298429220264762,1,0.8841,0.8086
ADA,2025-09-29 00:00:00+00:00,2025-10-06 00:00:00+00:00,-0.008232841137472616,-0.008343773694686902,7,-1.0,rebalance,,0.2359012380952382,0.00044119429054761917,1,0.8086,0.8372
ADA,2025-10-06 00:00:00+00:00,2025-10-13 00:00:00+00:00,0.05284059129991522,0.05323306450924856,7,-1.0,rebalance,,0.325067261904762,6.262095733333337e-05,1,0.8372,0.7001
ADA,2025-10-13 00:00:00+00:00,2025-10-20 00:00:00+00:00,0.002233035167082404,0.002266931009855737,7,-1.0,rebalance,,0.03348266666666672,1.297989056000002e-05,1,0.7001,0.6527
ADA,2025-10-20 00:00:00+00:00,2025-10-27 00:00:00+00:00,-0.002978044470631357,-0.002942089014861357,7,-1.0,rebalance,,0.06737900000000006,5.837514423000006e-05,1,0.6527,0.6812
ADA,2025-10-27 00:00:00+00:00,2025-11-03 00:00:00+00:00,0.015456091704657922,0.015628660231943637,7,-1.0,rebalance,,0.1505833571428572,3.8248172714285735e-05,1,0.6812,0.6105
ADA,2025-11-03 00:00:00+00:00,2025-11-10 00:00:00+00:00,0.0022725636652136108,0.002285118365118373,7,-1.0,rebalance,,0.0441476190476191,4.9251966761904824e-05,1,0.6105,0.5789
ADA,2025-11-10 00:00:00+00:00,2025-11-17 00:00:00+00:00,0.031430560915266026,0.031619740822084595,7,-1.0,rebalance,,0.19390538095238102,8.228762651476192e-05,1,0.5789,0.4845
ADA,2025-11-17 00:00:00+00:00,2025-11-24 00:00:00+00:00,0.011581000224414315,0.011570125116713362,7,-1.0,rebalance,,0.07375954761904768,0.00011413847436761916,1,0.4845,0.4085
ADA,2025-11-24 00:00:00+00:00,2025-12-01 00:00:00+00:00,-0.003965693611270851,-0.0037529275747508503,7,-1.0,rebalance,,0.2689598095238096,0.0001637776968133334,1,0.4085,0.4142
ADA,2025-12-01 00:00:00+00:00,2025-12-08 00:00:00+00:00,-0.0009122508266555565,-0.0008176751971672231,7,-1.0,rebalance,,0.1058378333333334,5.359733717833335e-05,1,0.4142,0.4174
ADA,2025-12-08 00:00:00+00:00,2025-12-15 00:00:00+00:00,0.004341974054395571,0.004449445108038428,7,-1.0,rebalance,,0.088018880952381,1.5755379690476197e-05,1,0.4174,0.3963
ADA,2025-12-15 00:00:00+00:00,2025-12-22 00:00:00+00:00,0.002341069134459566,0.0023630288501976615,7,-1.0,rebalance,,0.03111190476190481,2.1596950928571463e-05,1,0.3963,0.3662
ADA,2025-12-22 00:00:00+00:00,2025-12-29 00:00:00+00:00,-0.0009867526476307299,-0.0008895796403214441,7,-1.0,rebalance,,0.1206533571428572,7.174169269071433e-05,1,0.3662,0.3689
ADA,2025-12-29 00:00:00+00:00,2026-01-05 00:00:00+00:00,-0.008937184047893149,-0.008880887845460768,7,-1.0,rebalance,,0.10334888095238103,8.839223090095246e-05,1,0.3689,0.4006
ADA,2026-01-05 00:00:00+00:00,2026-01-12 00:00:00+00:00,0.0035690704806668125,0.0035623958348191933,7,-1.0,rebalance,,0.14865580952380958,0.00021479277918095248,1,0.4006,0.391
ADA,2026-01-12 00:00:00+00:00,2026-01-19 00:00:00+00:00,0.00967389599071328,0.009827114906832328,7,-1.0,rebalance,,0.25113738095238103,0.00019837341721428583,1,0.391,0.3757
ADA,2026-01-19 00:00:00+00:00,2026-01-26 00:00:00+00:00,0.0132827227458242,0.013411289973002772,7,-1.0,rebalance,,0.13729214285714292,6.36417728214286e-05,1,0.3757,0.339
ADA,2026-01-26 00:00:00+00:00,2026-02-02 00:00:00+00:00,0.012528662339158546,0.012620163400758546,7,-1.0,rebalance,,0.0805694047619048,2.1296105066666688e-05,1,0.339,0.2859
ADA,2026-02-02 00:00:00+00:00,2026-02-09 00:00:00+00:00,0.0024236882561008816,0.002538905444794215,7,-1.0,rebalance,,0.04594133333333339,-5.089932202666672e-05,1,0.2859,0.2701
ADA,2026-03-02 00:00:00+00:00,2026-03-09 00:00:00+00:00,0.005637092966091109,0.005812540001741109,7,-1.0,rebalance,,0.06569130952380958,-8.347920231666675e-05,1,0.2735,0.2493
ADA,2026-04-06 00:00:00+00:00,2026-04-13 00:00:00+00:00,0.006697585983453498,0.006860516141889213,7,-1.0,rebalance,,0.11709547619047626,1.0035082309523897e-06,1,0.2509,0.2362
ADA,2026-04-13 00:00:00+00:00,2026-04-20 00:00:00+00:00,-4.0897677175468076e-05,-3.909904842546802e-05,7,-1.0,rebalance,,0.0014895476190476676,2.867379166666761e-07,1,0.2362,0.2424
ADA,2026-04-20 00:00:00+00:00,2026-04-27 00:00:00+00:00,-0.0013667977730060514,-0.0013526883938393848,7,-1.0,rebalance,,0.03345833333333339,3.2732287500000055e-05,1,0.2424,0.2522
ADA,2026-04-27 00:00:00+00:00,2026-05-04 00:00:00+00:00,0.0016419976130931798,0.0018203894301574656,7,-1.0,rebalance,,0.1700378571428572,5.966118293571431e-05,1,0.2522,0.2495
ADA,2026-05-04 00:00:00+00:00,2026-05-11 00:00:00+00:00,-0.008030472518311446,-0.008041649766199066,7,-1.0,rebalance,,0.06098454761904768,9.655561455428582e-05,1,0.2495,0.2824
ADA,2026-05-11 00:00:00+00:00,2026-05-18 00:00:00+00:00,0.029184091374384675,0.029526313840550388,7,-1.0,rebalance,,0.2751891428571429,4.304233383428572e-05,1,0.2824,0.2521
ADA,2026-05-18 00:00:00+00:00,2026-05-25 00:00:00+00:00,0.0010162671299596903,0.0010460127405980237,7,-1.0,rebalance,,0.027185547619047665,8.314156028333346e-06,1,0.2521,0.2424
ADA,2026-05-25 00:00:00+00:00,2026-06-01 00:00:00+00:00,0.0013940461998214698,0.0014692504812981366,7,-1.0,rebalance,,0.05315616666666672,-7.856481433333362e-07,1,0.2424,0.2357
ADA,2026-07-06 00:00:00+00:00,2026-07-13 00:00:00+00:00,0.03287671733200697,0.03329670790300292,7,-1.0,rebalance,,0.2302819761904763,-9.759580432928575e-05,1,0.1895,0.1621
ADA,2026-08-03 00:00:00+00:00,2026-08-10 00:00:00+00:00,-0.003370085034881039,-0.0033710719437115154,7,-1.0,rebalance,,0.13037104761904766,0.00018350637549714293,1,0.1895,0.1944
ADA,2026-08-10 00:00:00+00:00,2026-08-17 00:00:00+00:00,0.024412594315171003,0.02454041611552029,7,-1.0,rebalance,,0.2446490714285715,0.00021468689965071432,1,0.1944,0.1749
ADA,2026-08-17 00:00:00+00:00,2026-08-24 00:00:00+00:00,-0.045456091851864375,-0.04543425969942009,7,-1.0,rebalance,,0.1525230714285715,0.0001917001475557144,1,0.1749,0.227
ADA,2026-08-24 00:00:00+00:00,2026-08-31 00:00:00+00:00,0.03298091892847769,0.033104959429410545,7,-1.0,rebalance,,0.21845423809523817,0.00018179543240047627,1,0.227,0.1926
AVAX,2020-09-23 00:00:00+00:00,2020-09-30 00:00:00+00:00,0.0034713268398655676,0.0038657686089131867,7,-1.0,rebalance,,0.017380952380952382,-0.0003701084357142858,1,5.3279,4.1429
AVAX,2020-11-04 00:00:00+00:00,2020-11-11 00:00:00+00:00,-0.022396578126668933,-0.02255592381009584,7,-1.0,rebalance,,0.3033480238095239,0.0005840329167602384,1,3.3299,3.5775
AVAX,2020-11-11 00:00:00+00:00,2020-11-18 00:00:00+00:00,-0.025056942829818456,-0.025264730303151316,7,-1.0,rebalance,,0.33463373809523816,0.0006762747066661907,1,3.5775,3.8476
AVAX,2020-11-18 00:00:00+00:00,2020-11-25 00:00:00+00:00,-0.03600646688658745,-0.03764919807028745,7,-1.0,rebalance,,0.35125861904761907,0.002134493250366667,1,3.8476,4.26
AVAX,2020-11-25 00:00:00+00:00,2020-12-02 00:00:00+00:00,0.1694797266666666,0.16666666666666663,7,-1.0,rebalance,,1.0,0.00421306,1,4.26,3.55
AVAX,2020-12-02 00:00:00+00:00,2020-12-09 00:00:00+00:00,0.08530270947472061,0.08900689702883965,7,-1.0,rebalance,,0.7322699523809525,-0.002679009620785715,1,3.55,3.1185
AVAX,2020-12-16 00:00:00+00:00,2020-12-23 00:00:00+00:00,0.00761888892907161,0.007123042034498277,7,-1.0,rebalance,,0.10192711904761906,0.0006385448612400001,1,3.3012,3.0705
AVAX,2020-12-23 00:00:00+00:00,2020-12-30 00:00:00+00:00,0.04834919914997566,0.047386419149975656,7,-1.0,rebalance,,1.0,0.00236278,1,3.0705,2.925
AVAX,2020-12-30 00:00:00+00:00,2021-01-06 00:00:00+00:00,-0.18356822925781002,-0.18605974121937335,7,-1.0,rebalance,,0.4106736666666667,0.003066455094896667,1,2.925,4.2502
AVAX,2021-01-06 00:00:00+00:00,2021-01-13 00:00:00+00:00,-0.8149848197346004,-0.8176556397346004,7,-1.0,rebalance,,1.0,0.004070819999999999,1,4.2502,7.7254
AVAX,2021-01-13 00:00:00+00:00,2021-01-20 00:00:00+00:00,-0.3820490927978011,-0.3671911587601568,7,-1.0,rebalance,,0.7075472857142858,-0.01386736783764429,1,7.7254,11.7346
AVAX,2021-02-17 00:00:00+00:00,2021-03-03 00:00:00+00:00,0.25973834983585203,0.257956989835852,14,-1.0,rebalance,,1.0,0.0031813599999999977,1,36.5402,27.1144
AVAX,2021-03-10 00:00:00+00:00,2021-04-28 00:00:00+00:00,0.3525792618078057,0.18482713180780574,49,-1.0,rebalance,,1.0,0.16915212999999996,1,34.3007,27.961
AVAX,2021-04-28 00:00:00+00:00,2021-05-05 00:00:00+00:00,-0.031723431696008796,-0.035546518037879275,7,-1.0,rebalance,,0.42366419047619075,0.004416216208537146,1,27.961,30.307
AVAX,2021-05-05 00:00:00+00:00,2021-05-19 00:00:00+00:00,-0.20306331193717617,-0.21777147193717616,14,-1.0,rebalance,,1.0,0.01610816,1,30.307,36.907
AVAX,2021-05-19 00:00:00+00:00,2021-05-26 00:00:00+00:00,0.29019708216091944,0.3002903988506504,7,-1.0,rebalance,,0.6341735952380955,-0.009205473656397622,1,36.907,19.431
AVAX,2021-06-02 00:00:00+00:00,2021-06-09 00:00:00+00:00,0.04739785218559856,0.047672635917393805,7,-1.0,rebalance,,0.28729845238095264,0.00012743410153809542,1,17.748,14.803
AVAX,2021-06-09 00:00:00+00:00,2021-06-16 00:00:00+00:00,0.0003627780796909216,0.0004583095189842551,7,-1.0,rebalance,,0.07709495238095254,1.240149404000003e-05,1,14.803,14.715
AVAX,2021-06-16 00:00:00+00:00,2021-06-23 00:00:00+00:00,0.00784882877700359,0.00784714033299359,7,-1.0,rebalance,,0.027959000000000168,4.083104401000025e-05,1,14.715,10.585
AVAX,2021-06-23 00:00:00+00:00,2021-06-30 00:00:00+00:00,-0.03202446703555934,-0.03203745550082101,7,-1.0,rebalance,,0.25382969047619064,0.0003683500319283336,1,10.585,11.921
AVAX,2021-06-30 00:00:00+00:00,2021-07-07 00:00:00+00:00,-0.030671121079489452,-0.030637105723792787,7,-1.0,rebalance,,0.2522271666666669,0.000319102677636667,1,11.921,13.369
AVAX,2021-07-07 00:00:00+00:00,2021-07-14 00:00:00+00:00,0.02405287686070584,0.023898951494039172,7,-1.0,rebalance,,0.21989338095238117,0.00046177610000000047,1,13.369,11.916
AVAX,2021-07-14 00:00:00+00:00,2021-07-21 00:00:00+00:00,0.06961097392791207,0.06950193017791206,7,-1.0,rebalance,,0.3650000000000001,0.0006200437500000003,1,11.916,9.647
AVAX,2021-07-21 00:00:00+00:00,2021-07-28 00:00:00+00:00,-0.0695397399781272,-0.06959871499652005,7,-1.0,rebalance,,0.29525892857142877,0.00047233751839285753,1,9.647,11.921
AVAX,2021-07-28 00:00:00+00:00,2021-08-04 00:00:00+00:00,-0.014896244994309001,-0.015090880027642334,7,-1.0,rebalance,,0.2780500476190478,0.0005839051000000003,1,11.921,12.568
AVAX,2021-08-04 00:00:00+00:00,2021-08-11 00:00:00+00:00,-0.11131795599952266,-0.11216024824952266,7,-1.0,rebalance,,0.3650000000000001,0.0013532922500000004,1,12.568,16.43
AVAX,2021-08-11 00:00:00+00:00,2021-08-18 00:00:00+00:00,-0.27111284216928544,-0.2754200556328438,7,-1.0,rebalance,,0.6444248809523812,0.005209408296891668,1,16.43,23.452
AVAX,2021-08-18 00:00:00+00:00,2021-09-15 00:00:00+00:00,-1.164109869815794,-1.1964011598157938,28,-1.0,rebalance,,1.0,0.03369129000000001,1,23.452,51.51
AVAX,2021-09-15 00:00:00+00:00,2021-09-22 00:00:00+00:00,-0.09345259308067816,-0.09413839642787815,7,-1.0,rebalance,,0.6474057142857145,0.0015921713472000006,1,51.51,59.0
AVAX,2021-09-22 00:00:00+00:00,2021-09-29 00:00:00+00:00,-0.017885585051694894,-0.018184801101694893,7,-1.0,rebalance,,0.4274515000000001,0.0008976481500000003,1,59.0,61.51
AVAX,2021-09-29 00:00:00+00:00,2021-10-06 00:00:00+00:00,-0.017853352319850423,-0.018336042919850422,7,-1.0,rebalance,,0.3650000000000001,0.0009936906000000004,1,61.51,64.6
AVAX,2021-10-06 00:00:00+00:00,2021-10-13 00:00:00+00:00,0.07707260106170644,0.07522631919504644,7,-1.0,rebalance,,0.47318600000000016,0.0025087422666600005,1,64.6,54.33
AVAX,2021-10-13 00:00:00+00:00,2021-10-20 00:00:00+00:00,-0.03732609020975977,-0.04206391638400263,7,-1.0,rebalance,,0.9215050714285716,0.0060279332742428585,1,54.33,56.81
AVAX,2021-10-20 00:00:00+00:00,2021-11-03 00:00:00+00:00,-0.18090340032916744,-0.1925717303291674,14,-1.0,rebalance,,1.0,0.01306833,1,56.81,67.75
AVAX,2021-11-03 00:00:00+00:00,2021-11-10 00:00:00+00:00,-0.2522856712274355,-0.256085169847127,7,-1.0,rebalance,,0.8422218571428574,0.00497860921969143,1,67.75,88.35
AVAX,2021-11-10 00:00:00+00:00,2021-11-17 00:00:00+00:00,-0.1044768807640068,-0.1069609507640068,7,-1.0,rebalance,,1.0,0.00388407,1,88.35,97.8
AVAX,2021-11-17 00:00:00+00:00,2021-11-24 00:00:00+00:00,-0.1791620698761308,-0.17967842470785864,7,-1.0,rebalance,,0.6750883571428573,0.001461478531727858,1,97.8,123.83
AVAX,2021-11-24 00:00:00+00:00,2021-12-01 00:00:00+00:00,0.01100247110233535,0.010361768805543684,7,-1.0,rebalance,,0.37627502380952405,0.0011674873301250007,1,123.83,120.42
AVAX,2021-12-01 00:00:00+00:00,2021-12-08 00:00:00+00:00,0.1383538025836662,0.1382926258096662,7,-1.0,rebalance,,0.5392875000000001,0.0008161792740000002,1,120.42,89.54
AVAX,2021-12-08 00:00:00+00:00,2021-12-15 00:00:00+00:00,0.0071250272057652225,0.00699195532722808,7,-1.0,rebalance,,0.26305028571428596,0.0005013422785371433,1,89.54,87.16
AVAX,2021-12-15 00:00:00+00:00,2021-12-22 00:00:00+00:00,-0.13695192447137633,-0.13708755891737157,7,-1.0,rebalance,,0.3312600952380954,0.0005993985793285719,1,87.16,123.23
AVAX,2021-12-22 00:00:00+00:00,2021-12-29 00:00:00+00:00,0.04151370019574031,0.04129355044574031,7,-1.0,rebalance,,0.31449964285714305,0.0006604492500000004,1,123.23,107.05
AVAX,2021-12-29 00:00:00+00:00,2022-01-12 00:00:00+00:00,0.0604578127285848,0.0596001868285848,14,-1.0,rebalance,,0.3650000000000001,0.0013686259000000006,1,107.05,89.57
AVAX,2022-01-12 00:00:00+00:00,2022-01-19 00:00:00+00:00,0.011466461696511353,0.01133205572656659,7,-1.0,rebalance,,0.2867266190476192,0.000535823236611429,1,89.57,86.03
AVAX,2022-01-19 00:00:00+00:00,2022-01-26 00:00:00+00:00,0.06773423224773467,0.06803493326248324,7,-1.0,rebalance,,0.32480828571428594,0.0001540305852514287,1,86.03,68.01
AVAX,2022-01-26 00:00:00+00:00,2022-02-02 00:00:00+00:00,-0.006620436378930505,-0.006435394605835267,7,-1.0,rebalance,,0.08242395238095254,-6.964823976190489e-05,1,68.01,73.32
AVAX,2022-02-16 00:00:00+00:00,2022-02-23 00:00:00+00:00,0.031418412543987,0.03153237871895748,7,-1.0,rebalance,,0.1581040952380954,0.00010737955836285726,1,92.96,74.42
AVAX,2022-02-23 00:00:00+00:00,2022-03-02 00:00:00+00:00,-0.020011885194221837,-0.019780116798479692,7,-1.0,rebalance,,0.11804621428571443,-6.650369574214294e-05,1,74.42,86.89
AVAX,2022-03-09 00:00:00+00:00,2022-03-16 00:00:00+00:00,0.008456283416855658,0.0086879054662128,7,-1.0,rebalance,,0.19824714285714304,4.592395064285717e-05,1,73.02,69.82
AVAX,2022-03-16 00:00:00+00:00,2022-03-23 00:00:00+00:00,-0.008144522180643337,-0.008159855529865956,7,-1.0,rebalance,,0.040262976190476356,7.1701515889286e-05,1,69.82,83.97
AVAX,2022-03-23 00:00:00+00:00,2022-03-30 00:00:00+00:00,-0.032410020718876276,-0.032290590414944136,7,-1.0,rebalance,,0.30952521428571445,0.00031390499606785737,1,83.97,92.73
AVAX,2022-03-30 00:00:00+00:00,2022-04-06 00:00:00+00:00,0.0032621569333328364,0.0031554666389364077,7,-1.0,rebalance,,0.17626892857142876,0.000353466794396429,1,92.73,91.07
AVAX,2022-04-06 00:00:00+00:00,2022-04-13 00:00:00+00:00,0.0560448029887117,0.056449891305484556,7,-1.0,rebalance,,0.348535023809524,8.286071656047625e-05,1,91.07,76.32
AVAX,2022-04-13 00:00:00+00:00,2022-04-20 00:00:00+00:00,-0.0021432513850860786,-0.002138624619397031,7,-1.0,rebalance,,0.04132147619047635,5.3223300977619254e-05,1,76.32,80.27
AVAX,2022-04-20 00:00:00+00:00,2022-04-27 00:00:00+00:00,0.0321507047875163,0.03226856437796249,7,-1.0,rebalance,,0.22387188095238117,0.00019556104288714308,1,80.27,68.7
AVAX,2022-04-27 00:00:00+00:00,2022-05-04 00:00:00+00:00,0.019610916231464867,0.020045039488459156,7,-1.0,rebalance,,0.1518295714285716,-0.00022156185699428595,1,68.7,59.63
AVAX,2022-06-29 00:00:00+00:00,2022-07-06 00:00:00+00:00,-6.137337106830286e-05,0.000297505087954555,7,-1.0,rebalance,,0.06734771428571441,-0.00026459165902285766,1,18.11,18.03
AVAX,2022-07-20 00:00:00+00:00,2022-07-27 00:00:00+00:00,0.015246958585828654,0.01530190489680294,7,-1.0,rebalance,,0.0947644285714287,7.77238890257144e-05,1,24.71,20.72
AVAX,2022-07-27 00:00:00+00:00,2022-08-03 00:00:00+00:00,-0.014780930226801135,-0.01465455370932161,7,-1.0,rebalance,,0.14255509523809537,7.32006158538096e-05,1,20.72,22.85
AVAX,2022-08-03 00:00:00+00:00,2022-08-10 00:00:00+00:00,-0.017800645594885683,-0.01781083163488592,7,-1.0,rebalance,,0.08924945238095251,0.00013513527333357164,1,22.85,27.41
AVAX,2022-08-10 00:00:00+00:00,2022-08-17 00:00:00+00:00,0.002801999750782534,0.0028803744722989627,7,-1.0,rebalance,,0.26317021428571447,0.00029006357848357166,1,27.41,27.11
AVAX,2022-08-17 00:00:00+00:00,2022-08-24 00:00:00+00:00,0.024656406083816355,0.025368510416117783,7,-1.0,rebalance,,0.1915711190476192,-0.00044390476563476225,1,27.11,23.52
AVAX,2022-09-14 00:00:00+00:00,2022-09-21 00:00:00+00:00,0.0076033289041403,0.008046971988795538,7,-1.0,rebalance,,0.068399261904762,-0.00034788411798857195,1,18.87,16.65
AVAX,2022-10-26 00:00:00+00:00,2022-11-02 00:00:00+00:00,-0.006962643091522117,-0.006930014603556403,7,-1.0,rebalance,,0.05762307142857151,4.804381203428578e-05,1,16.63,18.63
AVAX,2022-11-02 00:00:00+00:00,2022-11-09 00:00:00+00:00,0.019858885482843237,0.020302161490683236,7,-1.0,rebalance,,0.14491542857142867,-0.00024039440784000016,1,18.63,16.02
AVAX,2022-12-28 00:00:00+00:00,2023-01-04 00:00:00+00:00,0.002415838082182589,0.002607498240877113,7,-1.0,rebalance,,0.11673569047619059,-2.8230192027857177e-05,1,11.64,11.38
AVAX,2023-01-11 00:00:00+00:00,2023-01-18 00:00:00+00:00,-0.08763976054484804,-0.0879151782441178,7,-1.0,rebalance,,0.2543545952380954,0.0006315141326030956,1,12.73,17.13
AVAX,2023-01-18 00:00:00+00:00,2023-01-25 00:00:00+00:00,0.004237988532109406,0.003526856003113453,7,-1.0,rebalance,,0.43153602380952394,0.0013152829623292862,1,17.13,16.99
AVAX,2023-01-25 00:00:00+00:00,2023-02-01 00:00:00+00:00,-0.08702592132090956,-0.0876170546119567,7,-1.0,rebalance,,0.5297557857142858,0.001332791391047143,1,16.99,19.8
AVAX,2023-02-01 00:00:00+00:00,2023-02-08 00:00:00+00:00,-0.022149063559330454,-0.02274741623376617,7,-1.0,rebalance,,0.43728042857142874,0.0012105452744357148,1,19.8,20.83
AVAX,2023-02-08 00:00:00+00:00,2023-02-15 00:00:00+00:00,0.061906493958561896,0.06190704729899642,7,-1.0,rebalance,,0.4811655952380954,0.0006730784928988097,1,20.83,18.15
AVAX,2023-02-15 00:00:00+00:00,2023-02-22 00:00:00+00:00,-0.03770828559246269,-0.03791006447592817,7,-1.0,rebalance,,0.2431334523809525,0.0005421657167988098,1,18.15,20.98
AVAX,2023-02-22 00:00:00+00:00,2023-03-01 00:00:00+00:00,0.07190367977793825,0.07167820922420445,7,-1.0,rebalance,,0.38757959523809543,0.0007680819870671433,1,20.98,17.1
AVAX,2023-03-01 00:00:00+00:00,2023-03-08 00:00:00+00:00,0.01870626371333907,0.01873298922305764,7,-1.0,rebalance,,0.34444528571428595,0.0004554978902814289,1,17.1,16.17
AVAX,2023-03-08 00:00:00+00:00,2023-03-15 00:00:00+00:00,-0.014261882860220957,-0.013930148629148575,7,-1.0,rebalance,,0.22984745238095253,-9.947797739047595e-06,1,16.17,17.15
AVAX,2023-03-22 00:00:00+00:00,2023-03-29 00:00:00+00:00,0.012891856696229761,0.012811439171652618,7,-1.0,rebalance,,0.3145118095238097,0.0005207340579104765,1,17.43,16.72
AVAX,2023-03-29 00:00:00+00:00,2023-04-05 00:00:00+00:00,-0.015828258223068856,-0.016006606587491475,7,-1.0,rebalance,,0.2877746904761907,0.0005812329310892863,1,16.72,17.65
AVAX,2023-04-05 00:00:00+00:00,2023-04-12 00:00:00+00:00,-0.00938192125755807,-0.009547017401861643,7,-1.0,rebalance,,0.35105178571428586,0.0006565686443035717,1,17.65,18.13
AVAX,2023-04-12 00:00:00+00:00,2023-04-19 00:00:00+00:00,-0.05435813250413811,-0.055045661216610246,7,-1.0,rebalance,,0.3250742142857144,0.0011426326124721435,1,18.13,21.2
AVAX,2023-04-19 00:00:00+00:00,2023-04-26 00:00:00+00:00,0.1026876550083543,0.10316795671608264,7,-1.0,rebalance,,0.6109387380952384,0.0003750125256050002,1,21.2,17.62
AVAX,2023-04-26 00:00:00+00:00,2023-05-03 00:00:00+00:00,0.00467854981168098,0.004722917707150979,7,-1.0,rebalance,,0.10668950000000013,0.00010499740453000015,1,17.62,16.84
AVAX,2023-05-03 00:00:00+00:00,2023-05-10 00:00:00+00:00,0.015218091601474758,0.015439454586585235,7,-1.0,rebalance,,0.1710529047619049,1.811108155619048e-05,1,16.84,15.32
AVAX,2023-05-10 00:00:00+00:00,2023-05-17 00:00:00+00:00,0.00048101143897578226,0.0004925072112395919,7,-1.0,rebalance,,0.01840295238095252,1.4268361069523918e-05,1,15.32,14.91
AVAX,2023-05-17 00:00:00+00:00,2023-05-24 00:00:00+00:00,0.0017247112192853471,0.0018076423621091568,7,-1.0,rebalance,,0.13475973809523825,0.00010573249050952393,1,14.91,14.71
AVAX,2023-05-24 00:00:00+00:00,2023-05-31 00:00:00+00:00,0.002575931462310591,0.002503069826162972,7,-1.0,rebalance,,0.1363709523809525,0.0002637809694809527,1,14.71,14.44
AVAX,2023-05-31 00:00:00+00:00,2023-06-07 00:00:00+00:00,-0.0042645121494893894,-0.004423658208020104,7,-1.0,rebalance,,0.336198023809524,0.0006298232918640482,1,14.44,14.63
AVAX,2023-06-07 00:00:00+00:00,2023-06-14 00:00:00+00:00,0.06169257375043261,0.06298530552029427,7,-1.0,rebalance,,0.3256095476190478,-0.0008368784031950005,1,14.63,11.8
AVAX,2023-06-28 00:00:00+00:00,2023-07-05 00:00:00+00:00,0.0040220019395315635,0.004006509668109659,7,-1.0,rebalance,,0.33053704761904773,0.00047824413808857157,1,13.2,13.04
AVAX,2023-07-05 00:00:00+00:00,2023-07-12 00:00:00+00:00,-0.004396816152472973,-0.004242757120946544,7,-1.0,rebalance,,0.25147978571428586,0.00019801266847357154,1,13.04,13.26
AVAX,2023-07-12 00:00:00+00:00,2023-07-19 00:00:00+00:00,-0.005532841292083593,-0.005573316418875259,7,-1.0,rebalance,,0.1368558809523811,0.0002320733601250003,1,13.26,13.8
AVAX,2023-07-19 00:00:00+00:00,2023-07-26 00:00:00+00:00,0.00987987314095837,0.00982458333333337,7,-1.0,rebalance,,0.29473750000000015,0.0004679223076250003,1,13.8,13.34
AVAX,2023-07-26 00:00:00+00:00,2023-08-02 00:00:00+00:00,0.009230800819299714,0.009308262208181619,7,-1.0,rebalance,,0.27593826190476206,0.0003088521777847621,1,13.34,12.89
AVAX,2023-08-02 00:00:00+00:00,2023-08-09 00:00:00+00:00,0.0028588526306132906,0.0030184875688056717,7,-1.0,rebalance,,0.19454152380952394,0.00011272319514095247,1,12.89,12.69
AVAX,2023-08-09 00:00:00+00:00,2023-08-16 00:00:00+00:00,0.006766619232433579,0.006825137040789532,7,-1.0,rebalance,,0.10071045238095253,8.247682497738107e-05,1,12.69,11.83
AVAX,2023-08-16 00:00:00+00:00,2023-08-23 00:00:00+00:00,0.019604008711885182,0.020214150464919707,7,-1.0,rebalance,,0.14234130952380966,-0.0004108639197011909,1,11.83,10.15
AVAX,2023-09-27 00:00:00+00:00,2023-10-04 00:00:00+00:00,-0.0021597943371618497,-0.002184392002104707,7,-1.0,rebalance,,0.05342904761904778,9.939833160952411e-05,1,9.05,9.42
AVAX,2023-10-04 00:00:00+00:00,2023-10-11 00:00:00+00:00,-0.0035705863677402364,-0.0034326089374178553,7,-1.0,rebalance,,0.32335176190476206,0.0003147150363442859,1,9.42,9.52
AVAX,2023-10-11 00:00:00+00:00,2023-10-18 00:00:00+00:00,0.007193841028213369,0.007285556647659083,7,-1.0,rebalance,,0.1691670714285716,0.00014511828055428585,1,9.52,9.11
AVAX,2023-10-18 00:00:00+00:00,2023-10-25 00:00:00+00:00,-0.020008499298156953,-0.01996739072709219,7,-1.0,rebalance,,0.14910076190476207,0.00016763249560190497,1,9.11,10.33
AVAX,2023-10-25 00:00:00+00:00,2023-11-01 00:00:00+00:00,-0.018575074758521694,-0.018727801203153125,7,-1.0,rebalance,,0.1954123095238097,0.0004263036779647623,1,10.33,11.32
AVAX,2023-11-01 00:00:00+00:00,2023-11-08 00:00:00+00:00,-0.04903895227344723,-0.04957423489819961,7,-1.0,rebalance,,0.379175904761905,0.0010661288914190481,1,11.32,12.8
AVAX,2023-11-08 00:00:00+00:00,2023-11-15 00:00:00+00:00,-0.16092634942347625,-0.16226375093005957,7,-1.0,rebalance,,0.4887002380952382,0.002021581839916667,1,12.8,17.05
AVAX,2023-11-15 00:00:00+00:00,2023-11-22 00:00:00+00:00,-0.08218691251658636,-0.08307382160312803,7,-1.0,rebalance,,0.7189891666666668,0.0018934939198750004,1,17.05,19.02
AVAX,2023-11-22 00:00:00+00:00,2023-11-29 00:00:00+00:00,-0.03985500345956697,-0.040190285977166965,7,-1.0,rebalance,,0.45773607142857164,0.0009761130176000005,1,19.02,20.69
AVAX,2023-11-29 00:00:00+00:00,2023-12-06 00:00:00+00:00,-0.06847688174423083,-0.06896976961495084,7,-1.0,rebalance,,0.3706453333333336,0.0010117913373866674,1,20.69,24.54
AVAX,2023-12-06 00:00:00+00:00,2023-12-13 00:00:00+00:00,-0.2489334411194715,-0.25038090226840554,7,-1.0,rebalance,,0.4744669761904764,0.0021117149156007152,1,24.54,37.49
AVAX,2023-12-13 00:00:00+00:00,2023-12-20 00:00:00+00:00,-0.04528978842779872,-0.046220585756201575,7,-1.0,rebalance,,0.773575785714286,0.002013803428402858,1,37.49,39.73
AVAX,2023-12-20 00:00:00+00:00,2023-12-27 00:00:00+00:00,-0.051387393960864176,-0.05329850979828132,7,-1.0,rebalance,,0.45246790476190496,0.0025445709040838108,1,39.73,44.41
AVAX,2023-12-27 00:00:00+00:00,2024-01-03 00:00:00+00:00,0.09163580584617435,0.08363790995164103,7,-1.0,rebalance,,0.9774630476190479,0.009366344161200002,1,44.41,40.61
AVAX,2024-01-03 00:00:00+00:00,2024-01-10 00:00:00+00:00,0.14822160607732082,0.14700812607732083,7,-1.0,rebalance,,1.0,0.0026134799999999996,1,40.61,34.64
AVAX,2024-01-10 00:00:00+00:00,2024-01-17 00:00:00+00:00,-0.012008610070801663,-0.012326583470801662,7,-1.0,rebalance,,0.45424771428571453,0.0009539202000000005,1,34.64,35.58
AVAX,2024-01-17 00:00:00+00:00,2024-01-31 00:00:00+00:00,0.0045491253310567924,0.0035905002810567924,14,-1.0,rebalance,,0.3650000000000001,0.0014696250500000002,1,35.58,35.23
AVAX,2024-01-31 00:00:00+00:00,2024-02-07 00:00:00+00:00,0.010391917763521035,0.010169144310179368,7,-1.0,rebalance,,0.33482145238095257,0.0006915234866750004,1,35.23,34.16
AVAX,2024-02-07 00:00:00+00:00,2024-02-14 00:00:00+00:00,-0.05825926477041155,-0.05853350922131155,7,-1.0,rebalance,,0.3589775000000002,0.0007768129509000004,1,34.16,39.73
AVAX,2024-02-14 00:00:00+00:00,2024-02-21 00:00:00+00:00,0.012711607530188513,0.011644191650785654,7,-1.0,rebalance,,0.3761168571428574,0.0015939794794028583,1,39.73,38.5
AVAX,2024-02-21 00:00:00+00:00,2024-02-28 00:00:00+00:00,-0.010843083403004525,-0.014349409554730954,7,-1.0,rebalance,,0.7366030238095241,0.004537570385059764,1,38.5,39.25
AVAX,2024-02-28 00:00:00+00:00,2024-03-27 00:00:00+00:00,-0.3837033538853503,-0.4214012738853503,28,-1.0,rebalance,,1.0,0.039097919999999994,1,39.25,55.79
AVAX,2024-03-27 00:00:00+00:00,2024-04-03 00:00:00+00:00,0.10938625348988558,0.10428208543944557,7,-1.0,rebalance,,0.652230666666667,0.006017290983773336,1,55.79,46.87
AVAX,2024-04-03 00:00:00+00:00,2024-04-10 00:00:00+00:00,0.009673253652656203,0.008534243652656204,7,-1.0,rebalance,,1.0,0.0025390100000000004,1,46.87,46.47
AVAX,2024-04-10 00:00:00+00:00,2024-04-17 00:00:00+00:00,0.1114731442693703,0.1112994249029072,7,-1.0,rebalance,,0.44130411904761924,0.0007915451331297623,1,46.47,34.75
AVAX,2024-04-17 00:00:00+00:00,2024-04-24 00:00:00+00:00,-0.03227356641399705,-0.031848194415895856,7,-1.0,rebalance,,0.31175345238095253,1.1082835232142868e-05,1,34.75,38.3
AVAX,2024-04-24 00:00:00+00:00,2024-05-01 00:00:00+00:00,0.000895345550075851,0.0009018331779187083,7,-1.0,rebalance,,0.00617892857142872,2.1628721571429095e-06,1,38.3,32.71
AVAX,2024-05-01 00:00:00+00:00,2024-05-08 00:00:00+00:00,-0.004850263968064253,-0.0048359750185613965,7,-1.0,rebalance,,0.06084028571428587,7.088745049714304e-05,1,32.71,35.31
AVAX,2024-05-08 00:00:00+00:00,2024-05-15 00:00:00+00:00,0.02137942890903631,0.021392561840029165,7,-1.0,rebalance,,0.2025124285714287,0.00027038446900714305,1,35.31,31.58
AVAX,2024-05-15 00:00:00+00:00,2024-05-22 00:00:00+00:00,-0.07050313507894833,-0.07061791515878048,7,-1.0,rebalance,,0.23206178571428593,0.00043966657983214325,1,31.58,41.19
AVAX,2024-05-22 00:00:00+00:00,2024-05-29 00:00:00+00:00,0.03358789051186098,0.033337855356709314,7,-1.0,rebalance,,0.3293012619047621,0.0007110569218183337,1,41.19,37.02
AVAX,2024-05-29 00:00:00+00:00,2024-06-05 00:00:00+00:00,0.010152115259447763,0.009631007788582764,7,-1.0,rebalance,,0.3753051666666668,0.0010465347041983338,1,37.02,36.07
AVAX,2024-06-05 00:00:00+00:00,2024-06-12 00:00:00+00:00,0.06131720682307381,0.06060006090670262,7,-1.0,rebalance,,0.48466611904761925,0.0013956784830378578,1,36.07,31.56
AVAX,2024-06-12 00:00:00+00:00,2024-06-19 00:00:00+00:00,0.07891645067223396,0.07866127358319754,7,-1.0,rebalance,,0.5005140714285716,0.000955896789036429,1,31.56,26.6
AVAX,2024-06-19 00:00:00+00:00,2024-06-26 00:00:00+00:00,0.014748755132368297,0.014975036519871154,7,-1.0,rebalance,,0.3319466428571431,0.00023844391249714303,1,26.6,25.4
AVAX,2024-06-26 00:00:00+00:00,2024-07-03 00:00:00+00:00,-0.01629701727942258,-0.016319088413948295,7,-1.0,rebalance,,0.1248508571428573,0.00019686233452571457,1,25.4,28.72
AVAX,2024-07-03 00:00:00+00:00,2024-07-10 00:00:00+00:00,0.021772402522889697,0.021852227798779697,7,-1.0,rebalance,,0.27405938095238114,0.00030385785744333355,1,28.72,26.43
AVAX,2024-07-10 00:00:00+00:00,2024-07-17 00:00:00+00:00,-0.011791085546912975,-0.011520180728969641,7,-1.0,rebalance,,0.19270783333333352,-1.1138512766666585e-06,1,26.43,28.01
AVAX,2024-07-24 00:00:00+00:00,2024-07-31 00:00:00+00:00,0.02144026344462953,0.022118893919070005,7,-1.0,rebalance,,0.1884529761904764,-0.00041479630777380995,1,29.82,26.32
AVAX,2024-09-25 00:00:00+00:00,2024-10-02 00:00:00+00:00,0.013565764733082604,0.01360255074791689,7,-1.0,rebalance,,0.1466396190476192,0.00016850945183238117,1,28.46,25.82
AVAX,2024-10-02 00:00:00+00:00,2024-10-09 00:00:00+00:00,-0.004690904794743005,-0.004022477444579671,7,-1.0,rebalance,,0.19973147619047638,-0.000388803283496667,1,25.82,26.34
AVAX,2024-10-16 00:00:00+00:00,2024-10-23 00:00:00+00:00,0.0023304691333199705,0.002397277561148542,7,-1.0,rebalance,,0.12076285714285734,0.00010225957217142875,1,28.21,27.65
AVAX,2024-10-23 00:00:00+00:00,2024-10-30 00:00:00+00:00,0.003766187261407533,0.004098639783001819,7,-1.0,rebalance,,0.14717842857142877,-0.00012640272159428586,1,27.65,26.88
AVAX,2024-11-13 00:00:00+00:00,2024-11-20 00:00:00+00:00,-0.0033577421275074,-0.0039123725391216856,7,-1.0,rebalance,,0.5536007142857146,0.0013296714116142864,1,33.96,34.2
AVAX,2024-11-20 00:00:00+00:00,2024-11-27 00:00:00+00:00,-0.10306275333124795,-0.10412240346700082,7,-1.0,rebalance,,0.417466142857143,0.0016441027357528579,1,34.2,42.73
AVAX,2024-11-27 00:00:00+00:00,2024-12-04 00:00:00+00:00,-0.12923814984368812,-0.13087913804843262,7,-1.0,rebalance,,0.6845123095238097,0.002599305438077858,1,42.73,50.9
AVAX,2024-12-04 00:00:00+00:00,2024-12-11 00:00:00+00:00,0.08451401574299194,0.08169065717092337,7,-1.0,rebalance,,0.6600086428571431,0.0037473706720685725,1,50.9,44.6
AVAX,2024-12-11 00:00:00+00:00,2024-12-18 00:00:00+00:00,-0.07279913436173231,-0.07346049079649802,7,-1.0,rebalance,,0.9868487619047621,0.0020429447014323815,1,44.6,47.92
AVAX,2024-12-18 00:00:00+00:00,2024-12-25 00:00:00+00:00,0.050005227863928955,0.050082800436243004,7,-1.0,rebalance,,0.3598152619047622,0.0004261687943526195,1,47.92,41.25
AVAX,2024-12-25 00:00:00+00:00,2025-01-01 00:00:00+00:00,0.02765495423572163,0.02769776112554115,7,-1.0,rebalance,,0.20586173809523833,0.0002453995435138098,1,41.25,35.7
AVAX,2025-01-01 00:00:00+00:00,2025-01-08 00:00:00+00:00,-0.020174511865586154,-0.020312880485527585,7,-1.0,rebalance,,0.20719138095238115,0.00042843655327476246,1,35.7,39.2
AVAX,2025-01-08 00:00:00+00:00,2025-01-15 00:00:00+00:00,0.023997060615559222,0.024113379597910652,7,-1.0,rebalance,,0.3594085476190479,0.0003868529843152384,1,39.2,36.57
AVAX,2025-01-15 00:00:00+00:00,2025-01-22 00:00:00+00:00,-0.001909414698230132,-0.0019951280128129895,7,-1.0,rebalance,,0.18708161904761925,0.00034762758124952424,1,36.57,36.96
AVAX,2025-01-22 00:00:00+00:00,2025-01-29 00:00:00+00:00,0.04267802009461014,0.04264268439497014,7,-1.0,rebalance,,0.32296590476190495,0.000487487966306667,1,36.96,32.08
AVAX,2025-01-29 00:00:00+00:00,2025-02-05 00:00:00+00:00,0.04543774279955161,0.045878508884039944,7,-1.0,rebalance,,0.26234983333333356,-7.347631782166669e-05,1,32.08,26.47
AVAX,2025-02-12 00:00:00+00:00,2025-02-19 00:00:00+00:00,0.004312283982523102,0.004438525685027865,7,-1.0,rebalance,,0.0605882619047621,-4.141813583809537e-05,1,25.39,23.53
AVAX,2025-03-26 00:00:00+00:00,2025-04-02 00:00:00+00:00,0.014485511578449071,0.014843758184199073,7,-1.0,rebalance,,0.11041250000000022,-0.0002036691057500004,1,22.91,19.83
AVAX,2025-04-23 00:00:00+00:00,2025-04-30 00:00:00+00:00,0.0007119371238134332,0.0007299135276001,7,-1.0,rebalance,,0.029342523809524023,2.3103129546666836e-05,1,22.11,21.56
AVAX,2025-04-30 00:00:00+00:00,2025-05-07 00:00:00+00:00,0.009472635274822908,0.009838521954236241,7,-1.0,rebalance,,0.1368506666666669,-0.00017429574608000028,1,21.56,20.01
AVAX,2025-05-14 00:00:00+00:00,2025-05-21 00:00:00+00:00,0.03402876564510453,0.03421296535954976,7,-1.0,rebalance,,0.282944523809524,0.0002119226188880954,1,25.72,22.61
AVAX,2025-05-21 00:00:00+00:00,2025-05-28 00:00:00+00:00,-0.004532920224157767,-0.004433428939997053,7,-1.0,rebalance,,0.13018159523809547,8.276294917261921e-05,1,22.61,23.38
AVAX,2025-05-28 00:00:00+00:00,2025-06-04 00:00:00+00:00,0.010362047784035627,0.010586769318505867,7,-1.0,rebalance,,0.110499404761905,-7.002236780357159e-05,1,23.38,21.14
AVAX,2025-06-18 00:00:00+00:00,2025-06-25 00:00:00+00:00,0.000848657465222988,0.0009374027254796551,7,-1.0,rebalance,,0.04978947619047642,-1.903999359000009e-05,1,18.59,18.24
AVAX,2025-07-02 00:00:00+00:00,2025-07-09 00:00:00+00:00,-0.009654645497674166,-0.009516708357685593,7,-1.0,rebalance,,0.1292308571428574,4.298606001142866e-05,1,17.11,18.37
AVAX,2025-07-09 00:00:00+00:00,2025-07-16 00:00:00+00:00,-0.013030143817842838,-0.013060924709023551,7,-1.0,rebalance,,0.05781426190476213,0.0001117208578473814,1,18.37,22.52
AVAX,2025-07-16 00:00:00+00:00,2025-07-23 00:00:00+00:00,-0.049877121022528136,-0.05011223090586147,7,-1.0,rebalance,,0.3358712619047622,0.0007053296500000006,1,22.52,25.88
AVAX,2025-07-23 00:00:00+00:00,2025-07-30 00:00:00+00:00,0.021331433852936652,0.021155332302936654,7,-1.0,rebalance,,0.3650000000000001,0.0006871015500000003,1,25.88,24.38
AVAX,2025-07-30 00:00:00+00:00,2025-08-06 00:00:00+00:00,0.03283380162171893,0.03301437190905893,7,-1.0,rebalance,,0.32719121428571457,0.0002774974126600003,1,24.38,21.92
AVAX,2025-08-06 00:00:00+00:00,2025-08-13 00:00:00+00:00,-0.018444690421143762,-0.018493666362530428,7,-1.0,rebalance,,0.14741133333333356,0.00025535180805333373,1,21.92,24.67
AVAX,2025-08-13 00:00:00+00:00,2025-08-20 00:00:00+00:00,0.028043836529733,0.02819190758005681,7,-1.0,rebalance,,0.3010798095238098,0.0002734406830095241,1,24.67,22.36
AVAX,2025-08-20 00:00:00+00:00,2025-08-27 00:00:00+00:00,-0.012772877011690446,-0.012777969375585684,7,-1.0,rebalance,,0.15785380952380978,0.00022608769722857184,1,22.36,24.17
AVAX,2025-08-27 00:00:00+00:00,2025-09-03 00:00:00+00:00,-0.0030873345730084213,-0.0030898687865712786,7,-1.0,rebalance,,0.24894042857142887,0.0003510508135628576,1,24.17,24.47
AVAX,2025-09-03 00:00:00+00:00,2025-09-10 00:00:00+00:00,-0.014592457124741394,-0.014724192480588537,7,-1.0,rebalance,,0.24510271428571453,0.0004748791558471434,1,24.47,25.94
AVAX,2025-09-10 00:00:00+00:00,2025-09-17 00:00:00+00:00,-0.05365042034148826,-0.053615287136982784,7,-1.0,rebalance,,0.3367507380952383,0.00043631782882785745,1,25.94,30.07
AVAX,2025-09-17 00:00:00+00:00,2025-09-24 00:00:00+00:00,-0.026489091070843927,-0.026436822200579642,7,-1.0,rebalance,,0.22519978571428595,0.0002630108297357146,1,30.07,33.6
AVAX,2025-09-24 00:00:00+00:00,2025-10-01 00:00:00+00:00,0.021538064990638477,0.02162832950680276,7,-1.0,rebalance,,0.20299214285714312,0.00019392448383571454,1,33.6,30.02
AVAX,2025-10-01 00:00:00+00:00,2025-10-08 00:00:00+00:00,0.011433468830041517,0.011615438041305803,7,-1.0,rebalance,,0.1660454523809526,5.049442206904771e-05,1,30.02,27.92
AVAX,2025-10-08 00:00:00+00:00,2025-10-15 00:00:00+00:00,0.009618986402652982,0.009825212085550601,7,-1.0,rebalance,,0.05285547619047644,-0.000132228016230953,1,27.92,22.73
AVAX,2025-10-29 00:00:00+00:00,2025-11-05 00:00:00+00:00,0.011846414046536247,0.012102618705211962,7,-1.0,rebalance,,0.06751804761904784,-0.00016167939200904813,1,19.47,15.98
AVAX,2025-12-31 00:00:00+00:00,2026-01-07 00:00:00+00:00,-0.019615629771761744,-0.01947713392383984,7,-1.0,rebalance,,0.12129819047619068,3.132161874476196e-05,1,12.58,14.6
AVAX,2026-01-07 00:00:00+00:00,2026-01-14 00:00:00+00:00,-0.0005499084967133339,-0.0004918476190476193,7,-1.0,rebalance,,0.04488109523809544,4.7726556676190645e-06,1,14.6,14.76
AVAX,2026-01-14 00:00:00+00:00,2026-01-21 00:00:00+00:00,0.003313557109858591,0.0033434522841657337,7,-1.0,rebalance,,0.018482904761904954,-4.019107640476231e-06,1,14.76,12.09
AVAX,2026-03-04 00:00:00+00:00,2026-03-11 00:00:00+00:00,-0.0026175302986848033,-0.0025269689542483744,7,-1.0,rebalance,,0.06627878571428591,2.2289555635714423e-06,1,9.18,9.53
AVAX,2026-03-11 00:00:00+00:00,2026-03-18 00:00:00+00:00,-0.00041637648755319604,-0.0004109437115874816,7,-1.0,rebalance,,0.0058452142857144795,2.7505240342858058e-06,1,9.53,10.2
AVAX,2026-03-18 00:00:00+00:00,2026-03-25 00:00:00+00:00,0.004465795391611433,0.004570495238095242,7,-1.0,rebalance,,0.08178780952380972,9.80308684952383e-06,1,10.2,9.63
AVAX,2026-03-25 00:00:00+00:00,2026-04-01 00:00:00+00:00,0.0015305455821640738,0.0015575932354250264,7,-1.0,rebalance,,0.020832809523809726,2.1182800723809736e-06,1,9.63,8.91
AVAX,2026-04-01 00:00:00+00:00,2026-04-08 00:00:00+00:00,-0.0010604821501450916,-0.001031418096306996,7,-1.0,rebalance,,0.01767295238095258,-4.321920504761954e-06,1,8.91,9.43
AVAX,2026-04-15 00:00:00+00:00,2026-04-22 00:00:00+00:00,-0.0020675659657898213,-0.0019155304659498214,7,-1.0,rebalance,,0.17814433333333354,9.736656682666678e-05,1,9.3,9.4
AVAX,2026-04-22 00:00:00+00:00,2026-04-29 00:00:00+00:00,0.002231428946746105,0.0023244028368794383,7,-1.0,rebalance,,0.09499733333333353,4.0022376533333414e-05,1,9.4,9.17
AVAX,2026-04-29 00:00:00+00:00,2026-05-06 00:00:00+00:00,-0.001926773135282862,-0.0018366378459781,7,-1.0,rebalance,,0.07322595238095259,1.2381044028571467e-05,1,9.17,9.4
AVAX,2026-05-06 00:00:00+00:00,2026-05-13 00:00:00+00:00,-0.001354669327196542,-0.001344331610942256,7,-1.0,rebalance,,0.02938771428571448,3.0805083745714486e-05,1,9.4,9.83
AVAX,2026-05-13 00:00:00+00:00,2026-05-20 00:00:00+00:00,0.013296885015203918,0.013530052971951775,7,-1.0,rebalance,,0.18219235714285736,2.1901343252142885e-05,1,9.83,9.1
AVAX,2026-05-20 00:00:00+00:00,2026-05-27 00:00:00+00:00,-0.00010246293428447938,-9.184018838305071e-05,7,-1.0,rebalance,,0.020893642857143055,1.8628354098571603e-05,1,9.1,9.14
AVAX,2026-05-27 00:00:00+00:00,2026-06-03 00:00:00+00:00,0.016118874693421135,0.016259466776075898,7,-1.0,rebalance,,0.15496509523809546,7.635905067857155e-05,1,9.14,8.181
AVAX,2026-06-03 00:00:00+00:00,2026-06-10 00:00:00+00:00,0.01598126082842777,0.016142774634606345,7,-1.0,rebalance,,0.08564464285714306,-4.161130617857152e-05,1,8.181,6.639
AVAX,2026-07-01 00:00:00+00:00,2026-07-08 00:00:00+00:00,-0.0022179231810916067,-0.0021613090686649398,7,-1.0,rebalance,,0.09421866666666687,7.529202090666683e-05,1,6.539,6.689
AVAX,2026-07-08 00:00:00+00:00,2026-07-15 00:00:00+00:00,-0.0006555120273477211,-0.0004983513230677209,7,-1.0,rebalance,,0.1388946666666669,3.7291829053333396e-05,1,6.689,6.713
AVAX,2026-07-15 00:00:00+00:00,2026-07-22 00:00:00+00:00,0.0009527155155600442,0.0009801761933136157,7,-1.0,rebalance,,0.046666119047619255,3.787188891309541e-05,1,6.713,6.572
AVAX,2026-07-22 00:00:00+00:00,2026-07-29 00:00:00+00:00,-0.0003438351245658844,-0.00012877825841231265,7,-1.0,rebalance,,0.14105511904761928,-1.757969948690478e-05,1,6.572,6.578
AVAX,2026-08-05 00:00:00+00:00,2026-08-12 00:00:00+00:00,0.006497623709816996,0.0065538893540669965,7,-1.0,rebalance,,0.1204187142857145,0.00011232055575000023,1,6.688,6.324
AVAX,2026-08-12 00:00:00+00:00,2026-08-19 00:00:00+00:00,-0.0004846919160800351,-0.00028199385937170154,7,-1.0,rebalance,,0.16212083333333355,2.4271109958333368e-05,1,6.324,6.335
AVAX,2026-08-19 00:00:00+00:00,2026-08-26 00:00:00+00:00,-0.004066632583010904,-0.004078749272747808,7,-1.0,rebalance,,0.02602102380952401,4.854612307023847e-05,1,6.335,7.328
LINK,2020-01-18 00:00:00+00:00,2020-01-25 00:00:00+00:00,0.06151470889830654,0.053491694348345824,7,-1.0,rebalance,,0.7288580714285716,0.009043415849960717,1,2.7006,2.5024
LINK,2020-01-25 00:00:00+00:00,2020-02-29 00:00:00+00:00,-0.6017346649872123,-0.6629635549872124,35,-1.0,rebalance,,1.0,0.06262889,1,2.5024,4.1614
LINK,2020-04-25 00:00:00+00:00,2020-05-02 00:00:00+00:00,0.0011787147443619082,0.0005335644235804799,7,-1.0,rebalance,,0.12276861904761904,0.0008170263874480951,1,3.7735,3.7571
LINK,2020-05-02 00:00:00+00:00,2020-05-16 00:00:00+00:00,0.03252574816400951,0.025152378164009503,14,-1.0,rebalance,,1.0,0.00877337,1,3.7571,3.6626
LINK,2020-05-16 00:00:00+00:00,2020-05-23 00:00:00+00:00,-0.03036905974301872,-0.030112561691798483,7,-1.0,rebalance,,0.27613988095238096,0.00013009778211309523,1,3.6626,4.062
LINK,2020-05-23 00:00:00+00:00,2020-05-30 00:00:00+00:00,0.001522127399785977,0.0016127401467726438,7,-1.0,rebalance,,0.08188688095238096,2.402888634666667e-05,1,4.062,3.982
LINK,2020-05-30 00:00:00+00:00,2020-06-06 00:00:00+00:00,-0.00467424389166862,-0.004801833182655286,7,-1.0,rebalance,,0.051002666666666675,0.00019899302432000004,1,3.982,4.3569
LINK,2020-06-06 00:00:00+00:00,2020-06-13 00:00:00+00:00,0.046571635543286444,0.042989720417203586,7,-1.0,rebalance,,0.6781387142857144,0.004531309326082858,1,4.3569,4.0807
LINK,2020-06-13 00:00:00+00:00,2020-06-20 00:00:00+00:00,-0.005579287519543279,-0.004190457519543278,7,-1.0,rebalance,,1.0,1.117e-05,1,4.0807,4.0978
LINK,2020-06-20 00:00:00+00:00,2020-06-27 00:00:00+00:00,-0.00028002731820345547,-0.000277255584297265,7,-1.0,rebalance,,0.0019414523809523812,-5.370057285714286e-08,1,4.0978,4.683
LINK,2020-07-11 00:00:00+00:00,2020-07-18 00:00:00+00:00,-0.2018682356046589,-0.19813678036624083,7,-1.0,rebalance,,0.5778089047619048,-0.0029225227717514287,1,6.15,8.2589
LINK,2020-08-15 00:00:00+00:00,2020-08-22 00:00:00+00:00,0.04358124439637561,0.04111989990619347,7,-1.0,rebalance,,0.2240039761904762,0.00277495005684881,1,16.9447,13.8342
LINK,2020-08-22 00:00:00+00:00,2020-09-12 00:00:00+00:00,0.11658629751254133,0.10073585751254133,21,-1.0,rebalance,,1.0,0.017250440000000006,1,13.8342,12.4406
LINK,2020-09-12 00:00:00+00:00,2020-09-19 00:00:00+00:00,0.05518677110837754,0.05552301069692706,7,-1.0,rebalance,,0.2943325238095239,7.582594478380956e-05,1,12.4406,10.0938
LINK,2020-09-19 00:00:00+00:00,2020-09-26 00:00:00+00:00,-0.0030118682146372815,-0.0027858523431168055,7,-1.0,rebalance,,0.04477680952380953,-0.00016332833818714286,1,10.0938,10.7218
LINK,2020-10-24 00:00:00+00:00,2020-10-31 00:00:00+00:00,0.022878643994412775,0.022968669698272777,7,-1.0,rebalance,,0.2623585238095238,0.0002772762294733334,1,12.1592,11.0947
LINK,2020-10-31 00:00:00+00:00,2020-11-07 00:00:00+00:00,-0.017844781560879708,-0.017780309225726376,7,-1.0,rebalance,,0.1836923333333333,0.0001926969315133333,1,11.0947,12.1686
LINK,2020-11-07 00:00:00+00:00,2020-11-14 00:00:00+00:00,-0.009988015583488193,-0.010478044795621526,7,-1.0,rebalance,,0.18232966666666664,0.0007452907454666667,1,12.1686,12.8679
LINK,2020-11-14 00:00:00+00:00,2020-11-21 00:00:00+00:00,-0.06408910602702073,-0.0675464857957731,7,-1.0,rebalance,,0.7104638095238095,0.004452029102085715,1,12.8679,14.0913
LINK,2020-11-21 00:00:00+00:00,2020-12-12 00:00:00+00:00,0.194974805904991,0.174008075904991,21,-1.0,rebalance,,1.0,0.02236673,1,14.0913,11.6393
LINK,2020-12-12 00:00:00+00:00,2020-12-19 00:00:00+00:00,-0.07940242196373536,-0.08218181304451702,7,-1.0,rebalance,,0.5140746904761905,0.0034990956474483335,1,11.6393,13.5
LINK,2020-12-19 00:00:00+00:00,2020-12-26 00:00:00+00:00,0.1458442874074074,0.14340740740740743,7,-1.0,rebalance,,1.0,0.00383688,1,13.5,11.564
LINK,2020-12-26 00:00:00+00:00,2021-01-02 00:00:00+00:00,-0.014292442060905141,-0.016222337614270856,7,-1.0,rebalance,,0.6668862857142858,0.002863536353365715,1,11.564,11.8453
LINK,2021-01-02 00:00:00+00:00,2021-01-09 00:00:00+00:00,-0.19495938375031754,-0.21385324719388396,7,-1.0,rebalance,,0.7463189761904763,0.019938710010233097,1,11.8453,15.2395
LINK,2021-01-09 00:00:00+00:00,2021-05-01 00:00:00+00:00,-1.2228696926391944,-1.5001476426391944,112,-1.0,rebalance,,1.0,0.27867795000000006,1,15.2395,38.101
LINK,2021-05-01 00:00:00+00:00,2021-05-08 00:00:00+00:00,-0.25117391914324394,-0.2616946847895506,7,-1.0,rebalance,,0.9037278333333332,0.011785984612973331,1,38.101,49.134
LINK,2021-05-08 00:00:00+00:00,2021-05-22 00:00:00+00:00,0.48612320220906097,0.48003419220906096,14,-1.0,rebalance,,1.0,0.007489010000000001,1,49.134,25.548
LINK,2021-05-29 00:00:00+00:00,2021-06-05 00:00:00+00:00,-0.012283298962227353,-0.012532469862227355,7,-1.0,rebalance,,0.3650000000000001,0.0007601709000000002,1,27.872,28.829
LINK,2021-06-05 00:00:00+00:00,2021-06-12 00:00:00+00:00,0.09259256594159102,0.09233917564159103,7,-1.0,rebalance,,0.36198614285714276,0.0007601708999999999,1,28.829,21.475
LINK,2021-06-12 00:00:00+00:00,2021-06-26 00:00:00+00:00,0.07919532328061703,0.07823492433061703,14,-1.0,rebalance,,0.3650000000000001,0.0014713989500000004,1,21.475,16.872
LINK,2021-06-26 00:00:00+00:00,2021-07-03 00:00:00+00:00,-0.027777393547477255,-0.02795228569029559,7,-1.0,rebalance,,0.33566616666666654,0.0006448247761516664,1,16.872,18.277
LINK,2021-07-03 00:00:00+00:00,2021-07-10 00:00:00+00:00,-0.006761147433020495,-0.00692376015262478,7,-1.0,rebalance,,0.3338933095238094,0.000630063352937619,1,18.277,18.656
LINK,2021-07-10 00:00:00+00:00,2021-07-17 00:00:00+00:00,0.059775988799793185,0.06016051495242176,7,-1.0,rebalance,,0.32798204761904753,7.464871403809527e-05,1,18.656,15.234
LINK,2021-07-17 00:00:00+00:00,2021-07-24 00:00:00+00:00,-0.0032946710314578852,-0.003305675962915028,7,-1.0,rebalance,,0.03955904761904752,6.638759812380936e-05,1,15.234,16.507
LINK,2021-07-24 00:00:00+00:00,2021-07-31 00:00:00+00:00,-0.10161270409854066,-0.10181688388187399,7,-1.0,rebalance,,0.29168540476190463,0.0006125393499999997,1,16.507,22.269
LINK,2021-07-31 00:00:00+00:00,2021-08-14 00:00:00+00:00,-0.08839877765134949,-0.08980353855134948,14,-1.0,rebalance,,0.3650000000000001,0.0019157609000000006,1,22.269,27.748
LINK,2021-08-14 00:00:00+00:00,2021-08-21 00:00:00+00:00,-0.01637924170676364,-0.018401333424287927,7,-1.0,rebalance,,0.5472670952380952,0.002788265650857619,1,27.748,28.681
LINK,2021-08-21 00:00:00+00:00,2021-08-28 00:00:00+00:00,0.08545363349155437,0.0812334578616008,7,-1.0,rebalance,,0.8855404047619048,0.005459932196620238,1,28.681,26.05
LINK,2021-08-28 00:00:00+00:00,2021-09-18 00:00:00+00:00,-0.04955878276391543,-0.06449136276391543,21,-1.0,rebalance,,1.0,0.016332580000000003,1,26.05,27.73
LINK,2021-09-18 00:00:00+00:00,2021-09-25 00:00:00+00:00,0.06057505819947026,0.060302040930400265,7,-1.0,rebalance,,0.37408849999999993,0.0007967411690699999,1,27.73,23.26
LINK,2021-09-25 00:00:00+00:00,2021-10-02 00:00:00+00:00,-0.04844078505563198,-0.048699913155631984,7,-1.0,rebalance,,0.37018299999999993,0.0007773842999999999,1,23.26,26.32
LINK,2021-10-02 00:00:00+00:00,2021-10-09 00:00:00+00:00,-0.0003599278424011652,-0.0011094224924011655,7,-1.0,rebalance,,0.3650000000000001,0.0012604946500000005,1,26.32,26.4
LINK,2021-10-09 00:00:00+00:00,2021-10-16 00:00:00+00:00,-0.012649952525139644,-0.01386907894119774,7,-1.0,rebalance,,0.6002355476190476,0.002059456182724762,1,26.4,27.01
LINK,2021-10-16 00:00:00+00:00,2021-10-23 00:00:00+00:00,-0.033679097109435105,-0.03687196653796653,7,-1.0,rebalance,,0.5963543809523809,0.004027765561864761,1,27.01,28.68
LINK,2021-10-23 00:00:00+00:00,2021-10-30 00:00:00+00:00,-0.07517263794979083,-0.07949790794979084,7,-1.0,rebalance,,1.0,0.00572527,1,28.68,30.96
LINK,2021-10-30 00:00:00+00:00,2021-11-06 00:00:00+00:00,-0.056155965782142464,-0.06106919442906365,7,-1.0,rebalance,,0.9951064523809524,0.006306377680254525,1,30.96,32.86
LINK,2021-11-06 00:00:00+00:00,2021-11-20 00:00:00+00:00,0.14710579578210586,0.13968350578210587,14,-1.0,rebalance,,1.0,0.00882229,1,32.86,28.27
LINK,2021-11-20 00:00:00+00:00,2021-11-27 00:00:00+00:00,0.0739174749833688,0.07292397016861214,7,-1.0,rebalance,,0.4783203333333333,0.001663153281423333,1,28.27,23.96
LINK,2021-11-27 00:00:00+00:00,2021-12-04 00:00:00+00:00,0.01682534571670921,0.01639508024286516,7,-1.0,rebalance,,0.604347880952381,0.0012763525071773814,1,23.96,23.31
LINK,2021-12-04 00:00:00+00:00,2021-12-11 00:00:00+00:00,0.07517162759326436,0.0749586715286715,7,-1.0,rebalance,,0.3670770238095238,0.0007268638979261904,1,23.31,18.55
LINK,2021-12-11 00:00:00+00:00,2021-12-18 00:00:00+00:00,0.005615529341278582,0.005380511333590011,7,-1.0,rebalance,,0.34416719047619043,0.000716852074355238,1,18.55,18.26
LINK,2021-12-18 00:00:00+00:00,2021-12-25 00:00:00+00:00,-0.06358653934317267,-0.06383939284410363,7,-1.0,rebalance,,0.3620209047619047,0.0007596827675976188,1,18.26,21.48
LINK,2021-12-25 00:00:00+00:00,2022-01-01 00:00:00+00:00,0.03353612923168841,0.03328081781502174,7,-1.0,rebalance,,0.36473059523809515,0.0007659342499999998,1,21.48,19.52
LINK,2022-01-01 00:00:00+00:00,2022-01-15 00:00:00+00:00,-0.11497377389918037,-0.11593237704918037,14,-1.0,rebalance,,0.3650000000000001,0.0014696031500000004,1,19.52,25.72
LINK,2022-01-15 00:00:00+00:00,2022-01-22 00:00:00+00:00,0.10839737172398807,0.10817572347811594,7,-1.0,rebalance,,0.33481102380952377,0.0006903836792054762,1,25.72,17.41
LINK,2022-01-22 00:00:00+00:00,2022-01-29 00:00:00+00:00,0.026060826240497572,0.02614383456415305,7,-1.0,rebalance,,0.35839697619047617,0.00041874744301119047,1,17.41,16.14
LINK,2022-01-29 00:00:00+00:00,2022-02-05 00:00:00+00:00,-0.01713844175202253,-0.0171118426860211,7,-1.0,rebalance,,0.20307730952380945,0.0002577091673319047,1,16.14,17.5
LINK,2022-02-05 00:00:00+00:00,2022-02-12 00:00:00+00:00,0.016462159670801828,0.01638503374149659,7,-1.0,rebalance,,0.22056776190476177,0.00038592079597190454,1,17.5,16.2
LINK,2022-02-12 00:00:00+00:00,2022-02-19 00:00:00+00:00,0.019137079722478644,0.019147623192239834,7,-1.0,rebalance,,0.3041093095238095,0.00041520956357214277,1,16.2,15.18
LINK,2022-02-19 00:00:00+00:00,2022-02-26 00:00:00+00:00,0.012637223164755839,0.012818974496517982,7,-1.0,rebalance,,0.23730735714285703,0.00015047896823785708,1,15.18,14.36
LINK,2022-02-26 00:00:00+00:00,2022-03-05 00:00:00+00:00,0.004823915709090115,0.004758558595304402,7,-1.0,rebalance,,0.11021435714285703,0.00021965721378571412,1,14.36,13.74
LINK,2022-03-05 00:00:00+00:00,2022-03-12 00:00:00+00:00,0.017774877011022344,0.017647865114022346,7,-1.0,rebalance,,0.3464023809523809,0.0006119752303333333,1,13.74,13.04
LINK,2022-03-12 00:00:00+00:00,2022-03-19 00:00:00+00:00,-0.04597375283300549,-0.046153540899795495,7,-1.0,rebalance,,0.30706233333333327,0.0006096753334566666,1,13.04,15.0
LINK,2022-03-19 00:00:00+00:00,2022-03-26 00:00:00+00:00,-0.013562451521428579,-0.013804021904761913,7,-1.0,rebalance,,0.3451005476190475,0.0007247111499999999,1,15.0,15.6
LINK,2022-03-26 00:00:00+00:00,2022-04-09 00:00:00+00:00,0.012235493780769234,0.011230769230769235,14,-1.0,rebalance,,0.3650000000000001,0.0015157245500000004,1,15.6,15.12
LINK,2022-04-09 00:00:00+00:00,2022-04-16 00:00:00+00:00,0.02398795516878848,0.02383209862370872,7,-1.0,rebalance,,0.35677359523809515,0.0006553395784130951,1,15.12,14.11
LINK,2022-04-16 00:00:00+00:00,2022-04-23 00:00:00+00:00,0.012205065595770698,0.01199212421113022,7,-1.0,rebalance,,0.31926202380952373,0.0006599082179738094,1,14.11,13.58
LINK,2022-04-23 00:00:00+00:00,2022-04-30 00:00:00+00:00,0.04244411533265013,0.04232822498071394,7,-1.0,rebalance,,0.35926080952380945,0.0006188554852695236,1,13.58,11.98
LINK,2022-04-30 00:00:00+00:00,2022-05-07 00:00:00+00:00,0.029896765112772214,0.02999006439303602,7,-1.0,rebalance,,0.2994008095238095,0.0003258618530695238,1,11.98,10.78
LINK,2022-05-07 00:00:00+00:00,2022-05-14 00:00:00+00:00,0.06323597803953153,0.06387585776128629,7,-1.0,rebalance,,0.1891708095238094,-0.0003750405884214283,1,10.78,7.14
LINK,2022-05-21 00:00:00+00:00,2022-05-28 00:00:00+00:00,0.003480612108163235,0.0035313331945022826,7,-1.0,rebalance,,0.04249990476190465,8.778780327619025e-06,1,6.86,6.29
LINK,2022-05-28 00:00:00+00:00,2022-06-04 00:00:00+00:00,-0.0032639266795115264,-0.003253449012037241,7,-1.0,rebalance,,0.035902095238095136,3.978526585904751e-05,1,6.29,6.86
LINK,2022-06-04 00:00:00+00:00,2022-06-11 00:00:00+00:00,-0.03318396492347763,-0.03313095321393859,7,-1.0,rebalance,,0.19260876190476184,0.000216640557127619,1,6.86,8.04
LINK,2022-06-11 00:00:00+00:00,2022-06-18 00:00:00+00:00,0.04001011159823441,0.04084985572139298,7,-1.0,rebalance,,0.195495738095238,-0.0005660500898252379,1,8.04,6.36
LINK,2022-06-25 00:00:00+00:00,2022-07-02 00:00:00+00:00,0.03410393286266465,0.034485722145804656,7,-1.0,rebalance,,0.20892599999999995,-8.929288314e-05,1,7.27,6.07
LINK,2022-07-09 00:00:00+00:00,2022-07-16 00:00:00+00:00,0.0011353649508930642,0.001093432977127826,7,-1.0,rebalance,,0.2777319761904761,0.0004307567404319047,1,6.35,6.325
LINK,2022-07-16 00:00:00+00:00,2022-07-23 00:00:00+00:00,-0.019331517768360645,-0.01952022033502731,7,-1.0,rebalance,,0.2695750952380952,0.0005661077,1,6.325,6.783
LINK,2022-07-23 00:00:00+00:00,2022-07-30 00:00:00+00:00,-0.059095263391788326,-0.05919209789178833,7,-1.0,rebalance,,0.3650000000000001,0.0006078345000000001,1,6.783,7.883
LINK,2022-07-30 00:00:00+00:00,2022-08-06 00:00:00+00:00,0.00030280166368606683,0.00011015286058606684,7,-1.0,rebalance,,0.2894449999999999,0.0005978718030999998,1,7.883,7.88
LINK,2022-08-06 00:00:00+00:00,2022-08-13 00:00:00+00:00,-0.06564802144052136,-0.06588061809282088,7,-1.0,rebalance,,0.35901747619047614,0.0007352211189661905,1,7.88,9.326
LINK,2022-08-13 00:00:00+00:00,2022-08-20 00:00:00+00:00,0.09254608767213142,0.09266787942567119,7,-1.0,rebalance,,0.3559393095238094,0.00037652327979357137,1,9.326,6.898
LINK,2022-08-20 00:00:00+00:00,2022-08-27 00:00:00+00:00,0.0102412199111309,0.01058173218945447,7,-1.0,rebalance,,0.18386092857142847,-8.310697832357138e-05,1,6.898,6.501
LINK,2022-09-10 00:00:00+00:00,2022-09-17 00:00:00+00:00,0.0021646647612433593,0.0023429436298919304,7,-1.0,rebalance,,0.20391507142857135,0.00010720223135142853,1,7.746,7.657
LINK,2022-09-17 00:00:00+00:00,2022-09-24 00:00:00+00:00,0.0024332840942229645,0.0024702435120058214,7,-1.0,rebalance,,0.09137514285714277,9.096578221714276e-05,1,7.657,7.45
LINK,2022-09-24 00:00:00+00:00,2022-10-01 00:00:00+00:00,-0.003072807785930573,-0.003112232866730573,7,-1.0,rebalance,,0.17303085714285704,0.00028166828079999984,1,7.45,7.584
LINK,2022-10-01 00:00:00+00:00,2022-10-08 00:00:00+00:00,-0.0009740388275079755,-0.0008207526810829755,7,-1.0,rebalance,,0.2829358333333333,0.00024282402024166665,1,7.584,7.606
LINK,2022-10-08 00:00:00+00:00,2022-10-15 00:00:00+00:00,0.014046314406587811,0.014120609293414953,7,-1.0,rebalance,,0.14916854761904752,0.00013454107983952373,1,7.606,6.886
LINK,2022-10-15 00:00:00+00:00,2022-10-22 00:00:00+00:00,0.0016756075316784898,0.0017302059112346802,7,-1.0,rebalance,,0.1567657619047618,0.00016487368711047605,1,6.886,6.81
LINK,2022-10-22 00:00:00+00:00,2022-10-29 00:00:00+00:00,-0.008073622410029704,-0.007999131836934466,7,-1.0,rebalance,,0.1827989523809523,0.00018142796023809516,1,6.81,7.108
LINK,2022-10-29 00:00:00+00:00,2022-11-05 00:00:00+00:00,-0.03890359179318072,-0.03900071264437119,7,-1.0,rebalance,,0.1725059523809523,0.0003386291845238094,1,7.108,8.715
LINK,2022-11-05 00:00:00+00:00,2022-11-12 00:00:00+00:00,0.0651435846281017,0.06537970384941123,7,-1.0,rebalance,,0.3411880952380952,0.00024154411202380956,1,8.715,7.045
LINK,2022-11-12 00:00:00+00:00,2022-11-19 00:00:00+00:00,0.015069608167906071,0.015038284953867975,7,-1.0,rebalance,,0.12304845238095229,0.00020359104737142843,1,7.045,6.184
LINK,2022-11-19 00:00:00+00:00,2022-11-26 00:00:00+00:00,-0.030909212668224995,-0.030878392903344994,7,-1.0,rebalance,,0.2875782857142856,0.00037178983511999993,1,6.184,6.848
LINK,2022-11-26 00:00:00+00:00,2022-12-03 00:00:00+00:00,-0.025083707269355535,-0.025036624586253865,7,-1.0,rebalance,,0.22470616666666657,0.00026750595023166654,1,6.848,7.611
LINK,2022-12-03 00:00:00+00:00,2022-12-10 00:00:00+00:00,0.020079792665775135,0.02033536168828323,7,-1.0,rebalance,,0.20691502380952373,3.4112010825238094e-05,1,7.611,6.863
LINK,2022-12-10 00:00:00+00:00,2022-12-17 00:00:00+00:00,0.0040510475352615845,0.004054096632737298,7,-1.0,rebalance,,0.028654238095237983,3.7066835857618905e-05,1,6.863,5.892
LINK,2022-12-17 00:00:00+00:00,2022-12-24 00:00:00+00:00,-0.0017738298800403548,-0.0018316762680632118,7,-1.0,rebalance,,0.2248382619047618,0.0003726199546895237,1,5.892,5.94
LINK,2022-12-24 00:00:00+00:00,2022-12-31 00:00:00+00:00,0.02248583750409453,0.022549450697450724,7,-1.0,rebalance,,0.28805104761904754,0.0003396582733104761,1,5.94,5.475
LINK,2022-12-31 00:00:00+00:00,2023-01-07 00:00:00+00:00,-0.00886752631284509,-0.0089092088888889,7,-1.0,rebalance,,0.20494923809523802,0.0003286115093771427,1,5.475,5.713
LINK,2023-01-07 00:00:00+00:00,2023-01-14 00:00:00+00:00,-0.043308673563825756,-0.043463381485834326,7,-1.0,rebalance,,0.27868271428571423,0.0005448637220085715,1,5.713,6.604
LINK,2023-01-14 00:00:00+00:00,2023-01-21 00:00:00+00:00,-0.016998808981876126,-0.017392462129733745,7,-1.0,rebalance,,0.33982195238095225,0.000869403881190952,1,6.604,6.942
LINK,2023-01-21 00:00:00+00:00,2023-01-28 00:00:00+00:00,-0.027912817381120912,-0.02831270563581234,7,-1.0,rebalance,,0.4446760238095237,0.0010224346880247617,1,6.942,7.384
LINK,2023-01-28 00:00:00+00:00,2023-02-04 00:00:00+00:00,0.00546658077677477,0.004925100938967151,7,-1.0,rebalance,,0.3996367619047619,0.0011009713044742857,1,7.384,7.293
LINK,2023-02-04 00:00:00+00:00,2023-02-11 00:00:00+00:00,0.026877165959392928,0.02652523801688507,7,-1.0,rebalance,,0.4788330714285713,0.0010222942425078569,1,7.293,6.889
LINK,2023-02-11 00:00:00+00:00,2023-02-18 00:00:00+00:00,-0.04073359812608491,-0.040937635429843244,7,-1.0,rebalance,,0.371078119047619,0.000723546670425,1,6.889,7.649
LINK,2023-02-18 00:00:00+00:00,2023-02-25 00:00:00+00:00,0.008360530158079792,0.008108139299254793,7,-1.0,rebalance,,0.3389024999999999,0.0007268543588249997,1,7.649,7.466
LINK,2023-02-25 00:00:00+00:00,2023-03-04 00:00:00+00:00,0.0255386279507464,0.025364244039646402,7,-1.0,rebalance,,0.37277449999999995,0.0006962682110999999,1,7.466,6.958
LINK,2023-03-04 00:00:00+00:00,2023-03-11 00:00:00+00:00,0.03463081531910015,0.034713024268057294,7,-1.0,rebalance,,0.3246414285714285,0.00037228905104285705,1,6.958,6.214
LINK,2023-03-11 00:00:00+00:00,2023-03-18 00:00:00+00:00,-0.03180634977142741,-0.03181927763728598,7,-1.0,rebalance,,0.19931954761904755,0.000291975232525238,1,6.214,7.206
LINK,2023-03-18 00:00:00+00:00,2023-03-25 00:00:00+00:00,0.0006597312399509918,0.0005299887990167061,7,-1.0,rebalance,,0.25460661904761894,0.00048619170760095225,1,7.206,7.191
LINK,2023-03-25 00:00:00+00:00,2023-04-01 00:00:00+00:00,-0.018292299611080177,-0.018323677738707796,7,-1.0,rebalance,,0.3319031904761904,0.0004960425942942856,1,7.191,7.588
LINK,2023-04-01 00:00:00+00:00,2023-04-08 00:00:00+00:00,0.011080913600852699,0.010989016435725555,7,-1.0,rebalance,,0.25976528571428564,0.0004555685651271427,1,7.588,7.267
LINK,2023-04-08 00:00:00+00:00,2023-04-15 00:00:00+00:00,-0.019819065323722716,-0.019966318700977002,7,-1.0,rebalance,,0.3048219285714285,0.0005740040772542856,1,7.267,7.743
LINK,2023-04-15 00:00:00+00:00,2023-04-22 00:00:00+00:00,0.026935103759873652,0.026630151104223176,7,-1.0,rebalance,,0.32729723809523803,0.0007631687889838095,1,7.743,7.113
LINK,2023-04-22 00:00:00+00:00,2023-04-29 00:00:00+00:00,0.004180045575264596,0.0041593156628038815,7,-1.0,rebalance,,0.4052768809523809,0.0005881175457940476,1,7.113,7.04
LINK,2023-04-29 00:00:00+00:00,2023-05-06 00:00:00+00:00,-0.00654248946518202,-0.006663864549512972,7,-1.0,rebalance,,0.25222369047619037,0.00047448825099761886,1,7.04,7.226
LINK,2023-05-06 00:00:00+00:00,2023-05-13 00:00:00+00:00,0.027339164402540306,0.027285537404610306,7,-1.0,rebalance,,0.3269739523809523,0.0005113905312633332,1,7.226,6.623
LINK,2023-05-13 00:00:00+00:00,2023-05-20 00:00:00+00:00,0.004687566531108368,0.004638064497458368,7,-1.0,rebalance,,0.2718398333333332,0.0004300778003166665,1,6.623,6.51
LINK,2023-05-20 00:00:00+00:00,2023-05-27 00:00:00+00:00,0.007075098095727389,0.007011882013020246,7,-1.0,rebalance,,0.27498404761904754,0.00044819374937380937,1,6.51,6.344
LINK,2023-05-27 00:00:00+00:00,2023-06-03 00:00:00+00:00,-0.004582208243247583,-0.004778069563291868,7,-1.0,rebalance,,0.2832904047619047,0.0005924678867109523,1,6.344,6.451
LINK,2023-06-03 00:00:00+00:00,2023-06-10 00:00:00+00:00,0.026006609753008166,0.025863789910755785,7,-1.0,rebalance,,0.36350176190476186,0.0006517223089190475,1,6.451,5.992
LINK,2023-06-10 00:00:00+00:00,2023-06-17 00:00:00+00:00,0.03444026562747132,0.03468835188982133,7,-1.0,rebalance,,0.31162309523809517,0.00018818607098333327,1,5.992,5.325
LINK,2023-06-17 00:00:00+00:00,2023-06-24 00:00:00+00:00,-0.01480746300247832,-0.014704512237871652,7,-1.0,rebalance,,0.10496183333333324,4.3995802059999974e-05,1,5.325,6.071
LINK,2023-06-24 00:00:00+00:00,2023-07-01 00:00:00+00:00,-0.002854934600494582,-0.0029040797232745817,7,-1.0,rebalance,,0.07285399999999989,0.00015114072277999977,1,6.071,6.313
LINK,2023-07-01 00:00:00+00:00,2023-07-08 00:00:00+00:00,0.00907286190972814,0.008910261953791472,7,-1.0,rebalance,,0.3605800238095238,0.0006674119892700001,1,6.313,6.157
LINK,2023-07-08 00:00:00+00:00,2023-07-15 00:00:00+00:00,-0.04173267878463071,-0.04180100698392071,7,-1.0,rebalance,,0.32171099999999997,0.00051872359929,1,6.157,6.957
LINK,2023-07-15 00:00:00+00:00,2023-07-22 00:00:00+00:00,-0.047098439825723745,-0.04717137736230041,7,-1.0,rebalance,,0.28024873809523804,0.00046528576990999997,1,6.957,8.128
LINK,2023-07-22 00:00:00+00:00,2023-07-29 00:00:00+00:00,0.012772498406759786,0.012710101131889785,7,-1.0,rebalance,,0.2885689999999999,0.00046639387486999986,1,8.128,7.77
LINK,2023-07-29 00:00:00+00:00,2023-08-05 00:00:00+00:00,0.02276051064484965,0.022668524646074648,7,-1.0,rebalance,,0.28091616666666663,0.00048526863210833325,1,7.77,7.143
LINK,2023-08-05 00:00:00+00:00,2023-08-12 00:00:00+00:00,-0.014514938298055472,-0.014669787820910234,7,-1.0,rebalance,,0.3002472619047618,0.0005751956895214285,1,7.143,7.492
LINK,2023-08-12 00:00:00+00:00,2023-08-19 00:00:00+00:00,0.05857410936912606,0.05853264413469606,7,-1.0,rebalance,,0.3329738571428571,0.00050762863443,1,7.492,6.175
LINK,2023-08-19 00:00:00+00:00,2023-08-26 00:00:00+00:00,0.006855123476932713,0.006908733792172713,7,-1.0,rebalance,,0.26497783333333325,0.0003173586514266666,1,6.175,6.014
LINK,2023-08-26 00:00:00+00:00,2023-09-02 00:00:00+00:00,0.0022627744631306644,0.0025268170776125694,7,-1.0,rebalance,,0.2081681904761904,2.739285218476192e-05,1,6.014,5.941
LINK,2023-09-02 00:00:00+00:00,2023-09-09 00:00:00+00:00,-0.001330281527561102,-0.0013050784019044356,7,-1.0,rebalance,,0.02287159523809513,6.817107676666634e-06,1,5.941,6.28
LINK,2023-09-09 00:00:00+00:00,2023-09-16 00:00:00+00:00,-0.0007656806655261965,-0.0007176899681528632,7,-1.0,rebalance,,0.05180566666666656,2.453723595999995e-05,1,6.28,6.367
LINK,2023-09-16 00:00:00+00:00,2023-09-23 00:00:00+00:00,-0.007649389475400036,-0.007654358500302893,7,-1.0,rebalance,,0.08232314285714276,0.00012022142490285699,1,6.367,6.959
LINK,2023-09-23 00:00:00+00:00,2023-09-30 00:00:00+00:00,-0.03613490210904041,-0.03603658319818803,7,-1.0,rebalance,,0.25382447619047616,0.00025703535581428566,1,6.959,7.947
LINK,2023-09-30 00:00:00+00:00,2023-10-07 00:00:00+00:00,0.006587323894021533,0.006799360989771533,7,-1.0,rebalance,,0.17600821428571417,3.4374404249999984e-05,1,7.947,7.64
LINK,2023-10-07 00:00:00+00:00,2023-10-14 00:00:00+00:00,0.001709707477327221,0.0017016930628272209,7,-1.0,rebalance,,0.0339449999999999,5.5537414499999835e-05,1,7.64,7.257
LINK,2023-10-14 00:00:00+00:00,2023-10-21 00:00:00+00:00,-0.012340780421574426,-0.012265086878350616,7,-1.0,rebalance,,0.2843697619047618,0.00032242412344285704,1,7.257,7.57
LINK,2023-10-21 00:00:00+00:00,2023-10-28 00:00:00+00:00,-0.09396485435993232,-0.0940827388941309,7,-1.0,rebalance,,0.19706871428571418,0.0003937807341985713,1,7.57,11.184
LINK,2023-10-28 00:00:00+00:00,2023-11-04 00:00:00+00:00,-0.008093836922803306,-0.008477656965307593,7,-1.0,rebalance,,0.3473044523809523,0.000870046275837619,1,11.184,11.457
LINK,2023-11-04 00:00:00+00:00,2023-11-11 00:00:00+00:00,-0.1527093537963771,-0.1537280732719028,7,-1.0,rebalance,,0.4354171904761905,0.0016283035421923808,1,11.457,15.502
LINK,2023-11-11 00:00:00+00:00,2023-11-18 00:00:00+00:00,0.07624713349860976,0.07526275064354214,7,-1.0,rebalance,,0.6499850476190476,0.0018943619217342861,1,15.502,13.707
LINK,2023-11-18 00:00:00+00:00,2023-11-25 00:00:00+00:00,-0.02824973135401463,-0.02860432520401463,7,-1.0,rebalance,,0.5065626428571428,0.00106378155,1,13.707,14.481
LINK,2023-11-25 00:00:00+00:00,2023-12-09 00:00:00+00:00,-0.06007895649414749,-0.061627304744147494,14,-1.0,rebalance,,0.3650000000000001,0.0020593482500000006,1,14.481,16.926
LINK,2023-12-09 00:00:00+00:00,2023-12-16 00:00:00+00:00,0.0976041097604833,0.09620543264659044,7,-1.0,rebalance,,0.6156420238095238,0.0022605759472261906,1,16.926,14.281
LINK,2023-12-16 00:00:00+00:00,2023-12-23 00:00:00+00:00,-0.052061867143466126,-0.05349336846159231,7,-1.0,rebalance,,0.6382111904761905,0.0023249969847928573,1,14.281,15.478
LINK,2023-12-23 00:00:00+00:00,2023-12-30 00:00:00+00:00,0.0025282766154248243,-0.0024954366058737468,7,-1.0,rebalance,,0.6331863571428571,0.005910174121298571,1,15.478,15.539
LINK,2023-12-30 00:00:00+00:00,2024-01-06 00:00:00+00:00,0.09474193542699005,0.09312053542699006,7,-1.0,rebalance,,1.0,0.0030214,1,15.539,14.092
LINK,2024-01-06 00:00:00+00:00,2024-01-13 00:00:00+00:00,-0.001981206068601134,-0.002347738433153515,7,-1.0,rebalance,,0.5251480952380952,0.0011017396978857145,1,14.092,14.155
LINK,2024-01-13 00:00:00+00:00,2024-01-20 00:00:00+00:00,-0.050313379516546373,-0.050568631316546375,7,-1.0,rebalance,,0.3646454285714285,0.0007657553999999999,1,14.155,16.118
LINK,2024-01-20 00:00:00+00:00,2024-01-27 00:00:00+00:00,0.043949633013618296,0.04370579476361829,7,-1.0,rebalance,,0.3650000000000001,0.0007548382500000003,1,16.118,14.188
LINK,2024-01-27 00:00:00+00:00,2024-02-03 00:00:00+00:00,-0.09194757797859357,-0.09219247626263644,7,-1.0,rebalance,,0.3594467857142856,0.0007481237840428571,1,14.188,17.827
LINK,2024-02-03 00:00:00+00:00,2024-02-10 00:00:00+00:00,-0.012828954303040872,-0.013048035681563729,7,-1.0,rebalance,,0.361753238095238,0.0007255359118561903,1,17.827,18.47
LINK,2024-02-10 00:00:00+00:00,2024-02-17 00:00:00+00:00,-0.02007459029182827,-0.020477781221801127,7,-1.0,rebalance,,0.34859411904761906,0.000891222696639524,1,18.47,19.555
LINK,2024-02-17 00:00:00+00:00,2024-02-24 00:00:00+00:00,0.03792056559221816,0.03678991464124387,7,-1.0,rebalance,,0.4443649047619047,0.001752761817640952,1,19.555,17.936
LINK,2024-02-24 00:00:00+00:00,2024-03-02 00:00:00+00:00,-0.07622568394836715,-0.08088105175013811,7,-1.0,rebalance,,0.6855777619047619,0.005615176668437619,1,17.936,20.052
LINK,2024-03-02 00:00:00+00:00,2024-03-23 00:00:00+00:00,0.10985131805306197,0.08403151805306197,21,-1.0,rebalance,,1.0,0.027219800000000002,1,20.052,18.367
LINK,2024-03-23 00:00:00+00:00,2024-03-30 00:00:00+00:00,-0.014443684556253,-0.016647956350286573,7,-1.0,rebalance,,0.5096216904761904,0.002917742160700238,1,18.367,18.967
LINK,2024-03-30 00:00:00+00:00,2024-04-06 00:00:00+00:00,0.08947436830146807,0.08609590853663117,7,-1.0,rebalance,,0.9951134047619048,0.004771618531503571,1,18.967,17.326
LINK,2024-04-06 00:00:00+00:00,2024-04-13 00:00:00+00:00,0.10558275207602354,0.10443070820484496,7,-1.0,rebalance,,0.8334253571428573,0.002318839371178572,1,17.326,15.155
LINK,2024-04-13 00:00:00+00:00,2024-04-20 00:00:00+00:00,0.03843524262455828,0.03861063596801304,7,-1.0,rebalance,,0.48359023809523805,0.0005016329898785715,1,15.155,13.945
LINK,2024-04-20 00:00:00+00:00,2024-04-27 00:00:00+00:00,-0.007168205897024387,-0.007059212549300815,7,-1.0,rebalance,,0.18029435714285708,0.00014341875227642852,1,13.945,14.491
LINK,2024-04-27 00:00:00+00:00,2024-05-04 00:00:00+00:00,0.0037068175304077484,0.0037973627933265575,7,-1.0,rebalance,,0.13826026190476182,0.00010301910374785708,1,14.491,14.093
LINK,2024-05-04 00:00:00+00:00,2024-05-11 00:00:00+00:00,0.004892553115392532,0.004852040668619675,7,-1.0,rebalance,,0.12950721428571418,0.000221822546772857,1,14.093,13.565
LINK,2024-05-11 00:00:00+00:00,2024-05-18 00:00:00+00:00,-0.05866443223175247,-0.05850939967352961,7,-1.0,rebalance,,0.29770442857142854,0.00026175364177714286,1,13.565,16.231
LINK,2024-05-18 00:00:00+00:00,2024-05-25 00:00:00+00:00,-0.009494302246377095,-0.009594225318394238,7,-1.0,rebalance,,0.15282028571428563,0.0003138714720171428,1,16.231,17.25
LINK,2024-05-25 00:00:00+00:00,2024-06-01 00:00:00+00:00,-0.023660026604507056,-0.024026334931677055,7,-1.0,rebalance,,0.3569804285714285,0.0008660809271699998,1,17.25,18.411
LINK,2024-06-01 00:00:00+00:00,2024-06-08 00:00:00+00:00,0.04837805895365769,0.04791504937265769,7,-1.0,rebalance,,0.42168449999999996,0.0010533678809999999,1,18.411,16.319
LINK,2024-06-08 00:00:00+00:00,2024-06-15 00:00:00+00:00,0.04218108025529692,0.04187715692196359,7,-1.0,rebalance,,0.4341761904761904,0.0009117699999999998,1,16.319,14.745
LINK,2024-06-15 00:00:00+00:00,2024-06-22 00:00:00+00:00,0.022068440739640555,0.022179721939640556,7,-1.0,rebalance,,0.3650000000000001,0.00039971880000000013,1,14.745,13.849
LINK,2024-06-22 00:00:00+00:00,2024-06-29 00:00:00+00:00,0.000993969572726961,0.0009895764727726752,7,-1.0,rebalance,,0.19034228571428566,0.00027087229995428566,1,13.849,13.777
LINK,2024-06-29 00:00:00+00:00,2024-07-06 00:00:00+00:00,0.026329810088244542,0.026301823017658828,7,-1.0,rebalance,,0.24734485714285712,0.00037426987058571435,1,13.777,12.312
LINK,2024-07-06 00:00:00+00:00,2024-07-13 00:00:00+00:00,-0.00919936440776676,-0.00920670473444414,7,-1.0,rebalance,,0.26299988095238086,0.00037554016001071415,1,12.312,12.743
LINK,2024-07-13 00:00:00+00:00,2024-07-20 00:00:00+00:00,-0.025858028016634574,-0.02596168469523886,7,-1.0,rebalance,,0.24818435714285705,0.0004511147786042856,1,12.743,14.076
LINK,2024-07-20 00:00:00+00:00,2024-07-27 00:00:00+00:00,0.012102137436161661,0.012254613100312613,7,-1.0,rebalance,,0.31592661904761893,0.0002898216025157142,1,14.076,13.53
LINK,2024-07-27 00:00:00+00:00,2024-08-03 00:00:00+00:00,0.018881778117748903,0.018973444567627472,7,-1.0,rebalance,,0.15944764285714277,0.0001315602501214285,1,13.53,11.92
LINK,2024-08-03 00:00:00+00:00,2024-08-10 00:00:00+00:00,0.01640870806982776,0.016723173737615855,7,-1.0,rebalance,,0.143410238095238,-0.00011369133445476184,1,11.92,10.53
LINK,2024-08-24 00:00:00+00:00,2024-08-31 00:00:00+00:00,0.006930644696366661,0.006977152412540471,7,-1.0,rebalance,,0.08951538095238083,7.881381715952369e-05,1,12.06,11.12
LINK,2024-08-31 00:00:00+00:00,2024-09-07 00:00:00+00:00,0.02101470591783575,0.021193086031175035,7,-1.0,rebalance,,0.15303059523809515,3.58627199940476e-05,1,11.12,9.58
LINK,2024-09-07 00:00:00+00:00,2024-09-14 00:00:00+00:00,-0.00797013544753793,-0.007950869494979597,7,-1.0,rebalance,,0.040732261904761785,3.7759214108333224e-05,1,9.58,11.45
LINK,2024-09-14 00:00:00+00:00,2024-09-21 00:00:00+00:00,0.0001471493484346437,0.00014071892285297705,7,-1.0,rebalance,,0.16112316666666654,0.0002320028589149998,1,11.45,11.44
LINK,2024-09-21 00:00:00+00:00,2024-09-28 00:00:00+00:00,-0.026617985660364767,-0.02668964048451548,7,-1.0,rebalance,,0.25027007142857133,0.0004220329241507142,1,11.44,12.66
LINK,2024-09-28 00:00:00+00:00,2024-10-05 00:00:00+00:00,0.036484139039217996,0.03657921375912133,7,-1.0,rebalance,,0.293096738095238,0.0003152607134299999,1,12.66,11.08
LINK,2024-10-05 00:00:00+00:00,2024-10-12 00:00:00+00:00,0.0030756268743279786,0.0030371425992779784,7,-1.0,rebalance,,0.1869529999999999,0.00030021847504999987,1,11.08,10.9
LINK,2024-10-12 00:00:00+00:00,2024-10-19 00:00:00+00:00,-0.014656454042922654,-0.01485183245958932,7,-1.0,rebalance,,0.2791120238095237,0.00058613525,1,10.9,11.48
LINK,2024-10-19 00:00:00+00:00,2024-11-02 00:00:00+00:00,0.008641679170905943,0.0076306620209059435,14,-1.0,rebalance,,0.3650000000000001,0.0015220171500000003,1,11.48,11.24
LINK,2024-11-02 00:00:00+00:00,2024-11-09 00:00:00+00:00,-0.07834930875125527,-0.07841963300711742,7,-1.0,rebalance,,0.35977007142857137,0.0005740023558621428,1,11.24,13.69
LINK,2024-11-09 00:00:00+00:00,2024-11-16 00:00:00+00:00,-0.002268465221626821,-0.0030384355108003924,7,-1.0,rebalance,,0.2773078809523809,0.0011582013225069046,1,13.69,13.84
LINK,2024-11-16 00:00:00+00:00,2024-11-23 00:00:00+00:00,-0.14209299157387642,-0.14319306033237,7,-1.0,rebalance,,0.725931119047619,0.002116372325160238,1,13.84,16.57
LINK,2024-11-23 00:00:00+00:00,2024-11-30 00:00:00+00:00,-0.049615439635494175,-0.05137561134580561,7,-1.0,rebalance,,0.5067225476190476,0.002469583276978095,1,16.57,18.25
LINK,2024-11-30 00:00:00+00:00,2024-12-07 00:00:00+00:00,-0.34887056373838293,-0.3541511733333334,7,-1.0,rebalance,,0.8470850476190477,0.006466528661617143,1,18.25,25.88
LINK,2024-12-07 00:00:00+00:00,2024-12-14 00:00:00+00:00,-0.11744686545595062,-0.12017001545595063,7,-1.0,rebalance,,1.0,0.00412315,1,25.88,28.99
LINK,2024-12-14 00:00:00+00:00,2024-12-21 00:00:00+00:00,0.13849727344488202,0.13818671631432844,7,-1.0,rebalance,,0.7166427380952382,0.001313856963886905,1,28.99,23.4
LINK,2024-12-21 00:00:00+00:00,2024-12-28 00:00:00+00:00,0.02518681744195452,0.02505652950752952,7,-1.0,rebalance,,0.3186536904761904,0.0005764031010916666,1,23.4,21.56
LINK,2024-12-28 00:00:00+00:00,2025-01-04 00:00:00+00:00,-0.027863647957920432,-0.027998411873840435,7,-1.0,rebalance,,0.31439883333333324,0.0005749222825866666,1,21.56,23.48
LINK,2025-01-04 00:00:00+00:00,2025-01-11 00:00:00+00:00,0.043781410442022765,0.04372262367161515,7,-1.0,rebalance,,0.3178350476190475,0.0005037558370742856,1,23.48,20.25
LINK,2025-01-11 00:00:00+00:00,2025-01-18 00:00:00+00:00,-0.06590950883667612,-0.06597943421516755,7,-1.0,rebalance,,0.27548114285714276,0.0004555989784914284,1,20.25,25.1
LINK,2025-01-18 00:00:00+00:00,2025-01-25 00:00:00+00:00,-0.0006154779037666013,-0.0008016573041168396,7,-1.0,rebalance,,0.2874514047619047,0.0005886113670169048,1,25.1,25.17
LINK,2025-01-25 00:00:00+00:00,2025-02-01 00:00:00+00:00,0.00015619677466241857,0.0001414016781126566,7,-1.0,rebalance,,0.3559080238095238,0.0005130663298830953,1,25.17,25.16
LINK,2025-02-01 00:00:00+00:00,2025-02-08 00:00:00+00:00,0.06703777935782654,0.06741978099212653,7,-1.0,rebalance,,0.25055859523809515,-3.121960096666665e-05,1,25.16,18.39
LINK,2025-02-15 00:00:00+00:00,2025-02-22 00:00:00+00:00,0.007094453643703353,0.007170339350180496,7,-1.0,rebalance,,0.07093514285714277,2.342349352285712e-05,1,19.39,17.43
LINK,2025-02-22 00:00:00+00:00,2025-03-01 00:00:00+00:00,0.008535592202446061,0.00862715687238749,7,-1.0,rebalance,,0.057393642857142754,-1.1213569941428551e-05,1,17.43,14.81
LINK,2025-03-08 00:00:00+00:00,2025-03-15 00:00:00+00:00,0.02408558246631759,0.024381017077175684,7,-1.0,rebalance,,0.16981538095238086,-5.769307752476187e-05,1,15.95,13.66
LINK,2025-03-22 00:00:00+00:00,2025-03-29 00:00:00+00:00,-0.0018559948879317834,-0.0018289779471960693,7,-1.0,rebalance,,0.08804321428571417,9.624355926428559e-05,1,13.96,14.25
LINK,2025-03-29 00:00:00+00:00,2025-04-05 00:00:00+00:00,0.017290033264689617,0.017466495939849617,7,-1.0,rebalance,,0.18999814285714273,8.953472483999994e-05,1,14.25,12.94
LINK,2025-04-05 00:00:00+00:00,2025-04-12 00:00:00+00:00,0.0018804623106715853,0.0018989026275115853,7,-1.0,rebalance,,0.08190599999999988,9.622808315999986e-05,1,12.94,12.64
LINK,2025-04-12 00:00:00+00:00,2025-04-19 00:00:00+00:00,0.0010099200392413076,0.001130864715189879,7,-1.0,rebalance,,0.20420185714285705,0.00016493792405142848,1,12.64,12.57
LINK,2025-04-19 00:00:00+00:00,2025-04-26 00:00:00+00:00,-0.02618362278556194,-0.026246233662916226,7,-1.0,rebalance,,0.1403894285714285,0.0002591560773542856,1,12.57,14.92
LINK,2025-04-26 00:00:00+00:00,2025-05-03 00:00:00+00:00,0.005719832700520292,0.005806246936039816,7,-1.0,rebalance,,0.3208489047619047,0.00036277423114714283,1,14.92,14.65
LINK,2025-05-03 00:00:00+00:00,2025-05-10 00:00:00+00:00,-0.018375300402162967,-0.018243607606045823,7,-1.0,rebalance,,0.19652121428571417,0.00014343690388285706,1,14.65,16.01
LINK,2025-05-10 00:00:00+00:00,2025-05-17 00:00:00+00:00,0.0020085429645009195,0.0019809508937866337,7,-1.0,rebalance,,0.12686009523809513,0.00020519620404761888,1,16.01,15.76
LINK,2025-05-17 00:00:00+00:00,2025-05-24 00:00:00+00:00,0.0039538837409354675,0.004102886300459277,7,-1.0,rebalance,,0.28113690476190467,0.0002445891071428571,1,15.76,15.53
LINK,2025-05-24 00:00:00+00:00,2025-05-31 00:00:00+00:00,0.01584449756198554,0.015968540152699825,7,-1.0,rebalance,,0.1512142857142856,8.765740928571424e-05,1,15.53,13.89
LINK,2025-05-31 00:00:00+00:00,2025-06-07 00:00:00+00:00,0.0021730601179927827,0.0023212243134834967,7,-1.0,rebalance,,0.10075564285714275,-7.10629549071427e-06,1,13.89,13.57
LINK,2025-06-14 00:00:00+00:00,2025-06-21 00:00:00+00:00,0.006128485962594972,0.006259980669144972,7,-1.0,rebalance,,0.08957099999999989,-6.0953065499999925e-06,1,13.45,12.51
LINK,2025-06-28 00:00:00+00:00,2025-07-05 00:00:00+00:00,-0.0009761372508679812,-0.0009311195949644098,7,-1.0,rebalance,,0.11046464285714273,0.00010963284409642845,1,13.05,13.16
LINK,2025-07-05 00:00:00+00:00,2025-07-12 00:00:00+00:00,-0.0279009841093297,-0.02791995229049065,7,-1.0,rebalance,,0.172500738095238,0.00026046921449428555,1,13.16,15.29
LINK,2025-07-12 00:00:00+00:00,2025-07-19 00:00:00+00:00,-0.043414155340054154,-0.043597867140054154,7,-1.0,rebalance,,0.26244542857142844,0.0005511353999999997,1,15.29,17.83
LINK,2025-07-19 00:00:00+00:00,2025-08-02 00:00:00+00:00,0.03679228442978123,0.03602916432978123,14,-1.0,rebalance,,0.3650000000000001,0.0012741201000000006,1,17.83,16.07
LINK,2025-08-02 00:00:00+00:00,2025-08-09 00:00:00+00:00,-0.05745416850444262,-0.057460182594008334,7,-1.0,rebalance,,0.24172385714285705,0.00034442748956571415,1,16.07,19.89
LINK,2025-08-09 00:00:00+00:00,2025-08-16 00:00:00+00:00,-0.023018063026645393,-0.023159544925662537,7,-1.0,rebalance,,0.24765771428571418,0.0004882026990171427,1,19.89,21.75
LINK,2025-08-16 00:00:00+00:00,2025-08-23 00:00:00+00:00,-0.07958772924012136,-0.07955253114395185,7,-1.0,rebalance,,0.342627238095238,0.0004444800371638094,1,21.75,26.8
LINK,2025-08-23 00:00:00+00:00,2025-08-30 00:00:00+00:00,0.02827407591693664,0.02835300219438521,7,-1.0,rebalance,,0.22547788095238086,0.0002367427558847618,1,26.8,23.43
LINK,2025-08-30 00:00:00+00:00,2025-09-06 00:00:00+00:00,0.008965462422814137,0.008957191837896042,7,-1.0,rebalance,,0.18249304761904753,0.0002637608515847618,1,23.43,22.28
LINK,2025-09-06 00:00:00+00:00,2025-09-13 00:00:00+00:00,-0.03191371195385237,-0.032021430965204746,7,-1.0,rebalance,,0.2512103809523809,0.00045941354468571427,1,22.28,25.12
LINK,2025-09-13 00:00:00+00:00,2025-09-20 00:00:00+00:00,0.02070376013909591,0.02075219290263877,7,-1.0,rebalance,,0.31786285714285706,0.0003965752364571428,1,25.12,23.48
LINK,2025-09-20 00:00:00+00:00,2025-09-27 00:00:00+00:00,0.022082152960591832,0.022257599770828262,7,-1.0,rebalance,,0.21684997619047608,0.00012814315643023806,1,23.48,21.07
LINK,2025-09-27 00:00:00+00:00,2025-10-04 00:00:00+00:00,-0.006983905049857171,-0.006970775724907886,7,-1.0,rebalance,,0.10270926190476182,0.00013066364171738083,1,21.07,22.5
LINK,2025-10-04 00:00:00+00:00,2025-10-11 00:00:00+00:00,0.050956774216555055,0.05100392041269839,7,-1.0,rebalance,,0.2211152619047618,0.00026241517052333325,1,22.5,17.31
LINK,2025-10-11 00:00:00+00:00,2025-10-18 00:00:00+00:00,0.008175871833228467,0.008341511650298465,7,-1.0,rebalance,,0.20627366666666658,0.0001231433162633333,1,17.31,16.61
LINK,2025-10-18 00:00:00+00:00,2025-10-25 00:00:00+00:00,-0.008088175497310106,-0.007996150569077725,7,-1.0,rebalance,,0.1037625476190475,5.324263843428566e-05,1,16.61,17.89
LINK,2025-10-25 00:00:00+00:00,2025-11-01 00:00:00+00:00,0.003181982934206347,0.003240376906492061,7,-1.0,rebalance,,0.08918514285714275,6.646522771428564e-05,1,17.89,17.24
LINK,2025-11-01 00:00:00+00:00,2025-11-08 00:00:00+00:00,0.010888701491661532,0.010894474712738913,7,-1.0,rebalance,,0.1295315476190475,0.00017557094558928556,1,17.24,15.79
LINK,2025-11-08 00:00:00+00:00,2025-11-15 00:00:00+00:00,0.029383961051538947,0.02954158029494252,7,-1.0,rebalance,,0.2355866428571428,0.00017220205659642854,1,15.79,13.81
LINK,2025-11-15 00:00:00+00:00,2025-11-22 00:00:00+00:00,0.01552404792775624,0.015547274490534812,7,-1.0,rebalance,,0.12704607142857133,0.00015463793722142845,1,13.81,12.12
LINK,2025-11-22 00:00:00+00:00,2025-11-29 00:00:00+00:00,-0.017584649133205697,-0.01745523730944522,7,-1.0,rebalance,,0.21155747619047607,0.0001667686429061904,1,12.12,13.12
LINK,2025-11-29 00:00:00+00:00,2025-12-06 00:00:00+00:00,-0.004975603490733152,-0.004908215356416962,7,-1.0,rebalance,,0.13701230952380944,0.00012442909901714278,1,13.12,13.59
LINK,2025-12-06 00:00:00+00:00,2025-12-13 00:00:00+00:00,-0.0007964346065782627,-0.0005807463471039772,7,-1.0,rebalance,,0.15784685714285704,5.297340525714279e-06,1,13.59,13.64
LINK,2025-12-13 00:00:00+00:00,2025-12-20 00:00:00+00:00,0.00046736886486936147,0.00047040706605221854,7,-1.0,rebalance,,0.005833047619047499,5.128065483809418e-06,1,13.64,12.54
LINK,2025-12-20 00:00:00+00:00,2025-12-27 00:00:00+00:00,0.004299247854915394,0.004386686261107299,7,-1.0,rebalance,,0.15280290476190464,0.00012648566047476182,1,12.54,12.18
LINK,2025-12-27 00:00:00+00:00,2026-01-03 00:00:00+00:00,-0.01289613471564292,-0.012875451344905777,7,-1.0,rebalance,,0.14387430952380942,0.00018074066259619035,1,12.18,13.27
LINK,2026-01-03 00:00:00+00:00,2026-01-10 00:00:00+00:00,0.0021914810327449954,0.0021390385760935667,7,-1.0,rebalance,,0.2183464761904761,0.0003581275233180951,1,13.27,13.14
LINK,2026-01-10 00:00:00+00:00,2026-01-17 00:00:00+00:00,-0.012822930511681818,-0.01280034656084658,7,-1.0,rebalance,,0.2850789047619047,0.0003765265158314284,1,13.14,13.73
LINK,2026-01-17 00:00:00+00:00,2026-01-24 00:00:00+00:00,0.02504539978560421,0.02524703974612421,7,-1.0,rebalance,,0.2295641428571428,0.00011974983947999997,1,13.73,12.22
LINK,2026-01-24 00:00:00+00:00,2026-01-31 00:00:00+00:00,0.010537141465129784,0.010609851063829783,7,-1.0,rebalance,,0.09066599999999989,5.422280129999993e-05,1,12.22,10.79
LINK,2026-01-31 00:00:00+00:00,2026-02-07 00:00:00+00:00,0.018341683233797534,0.01840021878723682,7,-1.0,rebalance,,0.1039467857142856,8.698994656071419e-05,1,10.79,8.88
LINK,2026-02-07 00:00:00+00:00,2026-02-14 00:00:00+00:00,0.0018444390169875008,0.0019656212998713104,7,-1.0,rebalance,,0.14545597619047607,8.245608378285707e-05,1,8.88,8.76
LINK,2026-02-14 00:00:00+00:00,2026-02-21 00:00:00+00:00,-0.0022425427723047494,-0.0021370476190476066,7,-1.0,rebalance,,0.09852914285714273,3.2445646742857096e-05,1,8.76,8.95
LINK,2026-02-21 00:00:00+00:00,2026-02-28 00:00:00+00:00,0.0014897468644572117,0.001534806065442926,7,-1.0,rebalance,,0.05723547619047607,3.507046568095231e-05,1,8.95,8.71
LINK,2026-02-28 00:00:00+00:00,2026-03-07 00:00:00+00:00,-0.0012152774356336395,-0.0011004597342955445,7,-1.0,rebalance,,0.10650004761904751,3.428236532857139e-05,1,8.71,8.8
LINK,2026-03-07 00:00:00+00:00,2026-03-14 00:00:00+00:00,-0.0018303904952473948,-0.0017802045454545377,7,-1.0,rebalance,,0.0559492857142856,2.81430502071428e-05,1,8.8,9.08
LINK,2026-03-14 00:00:00+00:00,2026-03-21 00:00:00+00:00,-0.0003875692975930803,-0.000288858794839509,7,-1.0,rebalance,,0.08742792857142845,2.3688597246428536e-05,1,9.08,9.11
LINK,2026-03-21 00:00:00+00:00,2026-03-28 00:00:00+00:00,0.0027515577186653793,0.002791503057864189,7,-1.0,rebalance,,0.04709369047619036,2.5985827467857078e-05,1,9.11,8.57
LINK,2026-03-28 00:00:00+00:00,2026-04-04 00:00:00+00:00,-0.0009560453166754318,-0.0008952752125354319,7,-1.0,rebalance,,0.09590635714285704,7.349879585999993e-05,1,8.57,8.65
LINK,2026-04-04 00:00:00+00:00,2026-04-11 00:00:00+00:00,-0.0068754736930877755,-0.006775525240847775,7,-1.0,rebalance,,0.13320066666666655,8.653248109333327e-05,1,8.65,9.09
LINK,2026-04-11 00:00:00+00:00,2026-04-18 00:00:00+00:00,-0.006543554307733982,-0.006459304940017793,7,-1.0,rebalance,,0.11291361904761896,7.382969895047614e-05,1,9.09,9.61
LINK,2026-04-18 00:00:00+00:00,2026-04-25 00:00:00+00:00,0.0026561852197396233,0.0027199616966453372,7,-1.0,rebalance,,0.11364709523809513,9.532945642761896e-05,1,9.61,9.38
LINK,2026-04-25 00:00:00+00:00,2026-05-02 00:00:00+00:00,0.00442338888565645,0.00450751837750026,7,-1.0,rebalance,,0.14579490476190468,0.00011998337482285707,1,9.38,9.09
LINK,2026-05-02 00:00:00+00:00,2026-05-09 00:00:00+00:00,-0.019696962887674432,-0.019669731258840147,7,-1.0,rebalance,,0.14303828571428562,0.00017302197116571418,1,9.09,10.34
LINK,2026-05-09 00:00:00+00:00,2026-05-16 00:00:00+00:00,0.00543627516917804,0.005489916689693277,7,-1.0,rebalance,,0.2102434761904761,0.0002406993461514285,1,10.34,10.07
LINK,2026-05-16 00:00:00+00:00,2026-05-23 00:00:00+00:00,0.012692068614794797,0.01284428216768337,7,-1.0,rebalance,,0.19898757142857135,0.0001263690471114285,1,10.07,9.42
LINK,2026-05-23 00:00:00+00:00,2026-05-30 00:00:00+00:00,0.004565514877105701,0.004663591456879987,7,-1.0,rebalance,,0.1103794761904761,5.645468689238091e-05,1,9.42,9.022
LINK,2026-05-30 00:00:00+00:00,2026-06-06 00:00:00+00:00,0.01623600016978135,0.01630723836442135,7,-1.0,rebalance,,0.08889661904761896,5.3217072026666616e-05,1,9.022,7.367
LINK,2026-06-06 00:00:00+00:00,2026-06-13 00:00:00+00:00,-0.007128476233495226,-0.007061852404868559,7,-1.0,rebalance,,0.10404933333333323,7.904523803999992e-05,1,7.367,7.867
LINK,2026-06-13 00:00:00+00:00,2026-06-20 00:00:00+00:00,-0.0014742176085859524,-0.0013763049810238098,7,-1.0,rebalance,,0.13204135714285703,8.694527243785708e-05,1,7.867,7.949
LINK,2026-06-20 00:00:00+00:00,2026-06-27 00:00:00+00:00,0.008447698838363167,0.008552311503693167,7,-1.0,rebalance,,0.11444835714285703,5.5615034669999946e-05,1,7.949,7.355
LINK,2026-06-27 00:00:00+00:00,2026-07-04 00:00:00+00:00,-0.007150878487823416,-0.007119757987763416,7,-1.0,rebalance,,0.0844609999999999,8.71248999399999e-05,1,7.355,7.975
LINK,2026-07-04 00:00:00+00:00,2026-07-11 00:00:00+00:00,0.00010360165171176242,0.00011240844902223866,7,-1.0,rebalance,,0.17929147619047608,0.00024220126935619031,1,7.975,7.97
LINK,2026-07-11 00:00:00+00:00,2026-07-18 00:00:00+00:00,-0.008449337847310015,-0.008425545987930967,7,-1.0,rebalance,,0.23479580952380943,0.00030492227395428564,1,7.97,8.256
LINK,2026-07-18 00:00:00+00:00,2026-07-25 00:00:00+00:00,-0.002444654801220254,-0.0023512626488095397,7,-1.0,rebalance,,0.2257212142857142,0.00022261754758928564,1,8.256,8.342
LINK,2026-07-25 00:00:00+00:00,2026-08-01 00:00:00+00:00,0.0033880527946502747,0.003472778667328846,7,-1.0,rebalance,,0.17141964285714278,0.0001552616273214285,1,8.342,8.173
LINK,2026-08-01 00:00:00+00:00,2026-08-08 00:00:00+00:00,-0.0003483835539537665,-0.0003081879125809094,7,-1.0,rebalance,,0.157426238095238,0.0001802010919604761,1,8.173,8.189
LINK,2026-08-08 00:00:00+00:00,2026-08-15 00:00:00+00:00,-0.01891548529778495,-0.018998956678238522,7,-1.0,rebalance,,0.19895454761904752,0.00036200774712023793,1,8.189,8.971
LINK,2026-08-15 00:00:00+00:00,2026-08-22 00:00:00+00:00,-0.1064511868829315,-0.10642896047316483,7,-1.0,rebalance,,0.31625511904761894,0.0004205307568999999,1,8.971,11.99
LINK,2026-08-22 00:00:00+00:00,2026-08-29 00:00:00+00:00,0.010814606729548962,0.010717398498748964,7,-1.0,rebalance,,0.23111799999999993,0.00042077343079999994,1,11.99,11.434
DOT,2020-08-21 00:00:00+00:00,2020-08-28 00:00:00+00:00,-0.032534162136811505,-0.03309806454157341,7,-1.0,rebalance,,0.034761904761904765,0.0006125690714285715,1,2.8978,5.6569
DOT,2020-08-28 00:00:00+00:00,2020-09-11 00:00:00+00:00,0.2106152565344977,0.1907051565344977,14,-1.0,rebalance,,1.0,0.021310100000000012,1,5.6569,4.5781
DOT,2020-09-11 00:00:00+00:00,2020-09-18 00:00:00+00:00,-0.0593599171946473,-0.060050676044647304,7,-1.0,rebalance,,0.3650000000000001,0.0012017588500000003,1,4.5781,5.3313
DOT,2020-09-18 00:00:00+00:00,2020-09-25 00:00:00+00:00,0.10372923911792241,0.10228506833989383,7,-1.0,rebalance,,0.572266119047619,0.002245343344695238,1,5.3313,4.3784
DOT,2020-09-25 00:00:00+00:00,2020-10-02 00:00:00+00:00,0.006037835886594867,0.005560464553261533,7,-1.0,rebalance,,0.6819590476190478,0.0014321140000000006,1,4.3784,4.3427
DOT,2020-10-02 00:00:00+00:00,2020-10-09 00:00:00+00:00,0.01818810112380089,0.019180003223800892,7,-1.0,rebalance,,0.3650000000000001,-0.00048090210000000015,1,4.3427,4.1145
DOT,2020-10-16 00:00:00+00:00,2020-10-23 00:00:00+00:00,-0.015042165715712232,-0.015299485849045566,7,-1.0,rebalance,,0.36760019047619047,0.0007719604,1,4.099,4.2696
DOT,2020-10-23 00:00:00+00:00,2020-10-30 00:00:00+00:00,0.01819894116354688,0.01787556211354688,7,-1.0,rebalance,,0.3650000000000001,0.0008343790500000002,1,4.2696,4.0605
DOT,2020-10-30 00:00:00+00:00,2020-11-06 00:00:00+00:00,-0.016074120557753868,-0.016076893874786728,7,-1.0,rebalance,,0.39732335714285716,0.0005590260170328573,1,4.0605,4.2248
DOT,2020-11-06 00:00:00+00:00,2020-11-13 00:00:00+00:00,-0.010131960742645617,-0.010384313191495142,7,-1.0,rebalance,,0.24454652380952385,0.0005947175821828573,1,4.2248,4.4042
DOT,2020-11-13 00:00:00+00:00,2020-11-20 00:00:00+00:00,-0.03308737851108448,-0.033735033896215905,7,-1.0,rebalance,,0.4226908571428572,0.0012394225851314288,1,4.4042,4.7557
DOT,2020-11-20 00:00:00+00:00,2020-11-27 00:00:00+00:00,-0.0005274043517063337,-0.005722646610533478,7,-1.0,rebalance,,0.509647761904762,0.00590874912549381,1,4.7557,4.8091
DOT,2020-11-27 00:00:00+00:00,2020-12-04 00:00:00+00:00,-0.12194901289804741,-0.12249693289804742,7,-1.0,rebalance,,1.0,0.0019479200000000001,1,4.8091,5.3982
DOT,2020-12-04 00:00:00+00:00,2020-12-11 00:00:00+00:00,0.037592140048057644,0.037355143114724314,7,-1.0,rebalance,,0.3385670476190477,0.0007109908000000002,1,5.3982,4.8026
DOT,2020-12-11 00:00:00+00:00,2020-12-18 00:00:00+00:00,-0.04029221405380209,-0.04104786990380209,7,-1.0,rebalance,,0.3650000000000001,0.0012666558500000003,1,4.8026,5.3427
DOT,2020-12-18 00:00:00+00:00,2020-12-25 00:00:00+00:00,0.027868873166048774,0.0262483197032533,7,-1.0,rebalance,,0.6031694523809524,0.0024649906961288093,1,5.3427,5.1102
DOT,2020-12-25 00:00:00+00:00,2021-01-01 00:00:00+00:00,-0.573764235938631,-0.5770959713728473,7,-1.0,rebalance,,0.7103125952380953,0.004326173067549524,1,5.1102,9.262
DOT,2021-01-01 00:00:00+00:00,2021-03-05 00:00:00+00:00,-2.637510347223061,-2.8031850572230614,63,-1.0,rebalance,,1.0,0.16707470999999993,1,9.262,35.2251
DOT,2021-03-05 00:00:00+00:00,2021-03-12 00:00:00+00:00,-0.015805896523346283,-0.02257399874521295,7,-1.0,rebalance,,0.47509790476190483,0.007433239288533334,1,35.2251,36.8988
DOT,2021-03-12 00:00:00+00:00,2021-04-30 00:00:00+00:00,0.15091642992324966,0.024927639923249645,49,-1.0,rebalance,,1.0,0.12738879,1,36.8988,35.979
DOT,2021-04-30 00:00:00+00:00,2021-05-07 00:00:00+00:00,-0.1055962658178988,-0.11448681934170594,7,-1.0,rebalance,,0.7375329047619049,0.009923099590473812,1,35.979,41.564
DOT,2021-05-07 00:00:00+00:00,2021-05-28 00:00:00+00:00,0.4397682909623713,0.4228900009623713,21,-1.0,rebalance,,1.0,0.018278290000000013,1,41.564,23.987
DOT,2021-05-28 00:00:00+00:00,2021-06-04 00:00:00+00:00,-0.04596431549703589,-0.04592362529703589,7,-1.0,rebalance,,0.3650000000000001,0.00047030980000000025,1,23.987,27.005
DOT,2021-06-04 00:00:00+00:00,2021-06-11 00:00:00+00:00,0.03567525956928464,0.035867958931767495,7,-1.0,rebalance,,0.22395704761904764,0.00012084050418380954,1,27.005,22.68
DOT,2021-06-11 00:00:00+00:00,2021-06-18 00:00:00+00:00,0.0006610915230914568,0.0005954438397581235,7,-1.0,rebalance,,0.09378240476190478,0.00019694305,1,22.68,22.536
DOT,2021-06-18 00:00:00+00:00,2021-06-25 00:00:00+00:00,0.10212420301160814,0.10223109691160814,7,-1.0,rebalance,,0.3650000000000001,0.0004041061000000001,1,22.536,16.224
DOT,2021-06-25 00:00:00+00:00,2021-07-02 00:00:00+00:00,0.01244236562427239,0.012465821096905246,7,-1.0,rebalance,,0.19243147619047624,0.0002459485940338096,1,16.224,15.173
DOT,2021-07-02 00:00:00+00:00,2021-07-09 00:00:00+00:00,-0.001975284646643611,-0.0020204561580250396,7,-1.0,rebalance,,0.22214769047619048,0.00035617827804809525,1,15.173,15.311
DOT,2021-07-09 00:00:00+00:00,2021-07-16 00:00:00+00:00,0.04041602394233716,0.04033345231408478,7,-1.0,rebalance,,0.2786757619047619,0.0004727176949190476,1,15.311,13.095
DOT,2021-07-16 00:00:00+00:00,2021-07-23 00:00:00+00:00,-0.0019030433957369572,-0.0013283812614774335,7,-1.0,rebalance,,0.2948330952380953,-0.0001618958009261905,1,13.095,13.154
DOT,2021-07-30 00:00:00+00:00,2021-08-06 00:00:00+00:00,-0.04023595364074628,-0.040290433720952,7,-1.0,rebalance,,0.15901485714285715,0.0002771008802057143,1,15.258,19.124
DOT,2021-08-06 00:00:00+00:00,2021-08-13 00:00:00+00:00,-0.025377548590771504,-0.02589481386515079,7,-1.0,rebalance,,0.30288221428571427,0.0009413003743792856,1,19.124,20.759
DOT,2021-08-13 00:00:00+00:00,2021-08-20 00:00:00+00:00,-0.14980869144686335,-0.15144138934575715,7,-1.0,rebalance,,0.5401669761904764,0.002388931665560477,1,20.759,26.579
DOT,2021-08-20 00:00:00+00:00,2021-08-27 00:00:00+00:00,0.08174774869606771,0.07690046528498153,7,-1.0,rebalance,,0.7686865238095241,0.005923444544419526,1,26.579,23.92
DOT,2021-08-27 00:00:00+00:00,2021-09-03 00:00:00+00:00,-0.3244780777257526,-0.32859531772575257,7,-1.0,rebalance,,1.0,0.00551724,1,23.92,31.78
DOT,2021-09-03 00:00:00+00:00,2021-09-10 00:00:00+00:00,0.06436425298179722,0.05914222026431722,7,-1.0,rebalance,,0.9589488571428573,0.00656456111748,1,31.78,29.82
DOT,2021-09-10 00:00:00+00:00,2021-09-17 00:00:00+00:00,-0.18997717588195845,-0.19081153588195843,7,-1.0,rebalance,,1.0,0.00223436,1,29.82,35.51
DOT,2021-09-17 00:00:00+00:00,2021-09-24 00:00:00+00:00,0.023037654283273375,0.022857163320861944,7,-1.0,rebalance,,0.3883530476190477,0.0007241852290780955,1,35.51,33.42
DOT,2021-09-24 00:00:00+00:00,2021-10-01 00:00:00+00:00,0.046776313615528524,0.04664822738023995,7,-1.0,rebalance,,0.32411304761904763,0.0005818445019552382,1,33.42,28.61
DOT,2021-10-01 00:00:00+00:00,2021-10-08 00:00:00+00:00,-0.05823211128949553,-0.05856530616168172,7,-1.0,rebalance,,0.3120211190476191,0.0007700244388528573,1,28.61,33.98
DOT,2021-10-08 00:00:00+00:00,2021-10-15 00:00:00+00:00,-0.08325339378025318,-0.08470191595896746,7,-1.0,rebalance,,0.4289375714285716,0.0020490347787142866,1,33.98,40.69
DOT,2021-10-15 00:00:00+00:00,2021-10-22 00:00:00+00:00,-0.03951237644272544,-0.04366715467705878,7,-1.0,rebalance,,0.8302880952380953,0.005317181567666667,1,40.69,42.83
DOT,2021-10-22 00:00:00+00:00,2021-10-29 00:00:00+00:00,0.026656981681064604,0.0235816016810646,7,-1.0,rebalance,,1.0,0.00447538,1,42.83,41.82
DOT,2021-10-29 00:00:00+00:00,2021-11-05 00:00:00+00:00,-0.2188821983624127,-0.22338935047026937,7,-1.0,rebalance,,0.7778636666666667,0.00559616124119,1,41.82,53.83
DOT,2021-11-05 00:00:00+00:00,2021-11-12 00:00:00+00:00,0.12196947068363369,0.11870704068363369,7,-1.0,rebalance,,1.0,0.00466243,1,53.83,47.44
DOT,2021-11-12 00:00:00+00:00,2021-11-19 00:00:00+00:00,0.14439173603850386,0.14366044577109932,7,-1.0,rebalance,,0.8103747380952381,0.0018658149007378573,1,47.44,39.03
DOT,2021-11-19 00:00:00+00:00,2021-11-26 00:00:00+00:00,-0.004289306786113793,-0.00461392143406165,7,-1.0,rebalance,,0.4001807857142858,0.0008848677479478574,1,39.03,39.48
DOT,2021-11-26 00:00:00+00:00,2021-12-03 00:00:00+00:00,0.035365091732141495,0.036212749384860306,7,-1.0,rebalance,,0.3843224047619048,-0.00030960628605214294,1,39.48,35.76
DOT,2021-12-24 00:00:00+00:00,2021-12-31 00:00:00+00:00,0.014963365240556942,0.01506078835978837,7,-1.0,rebalance,,0.27109419047619054,0.00028210874743523815,1,29.16,27.54
DOT,2021-12-31 00:00:00+00:00,2022-01-07 00:00:00+00:00,0.005223063873739211,0.005385423090223735,7,-1.0,rebalance,,0.18087140476190475,9.086075018214287e-05,1,27.54,26.72
DOT,2022-01-07 00:00:00+00:00,2022-01-14 00:00:00+00:00,0.0029264716964530544,0.003038970407399483,7,-1.0,rebalance,,0.08731321428571427,9.739789053571437e-06,1,26.72,25.79
DOT,2022-01-14 00:00:00+00:00,2022-01-21 00:00:00+00:00,0.0020367111367022932,0.002089953378016579,7,-1.0,rebalance,,0.01938845238095237,-2.6098407980952366e-05,1,25.79,23.01
DOT,2022-12-16 00:00:00+00:00,2022-12-23 00:00:00+00:00,0.017734766027446825,0.018210847327688254,7,-1.0,rebalance,,0.1364509047619048,-0.0002850500335747619,1,5.23,4.532
DOT,2022-12-30 00:00:00+00:00,2023-01-06 00:00:00+00:00,-0.001301930941782777,-0.0012845427554494435,7,-1.0,rebalance,,0.01767990476190476,7.363680333333334e-06,1,4.308,4.621
DOT,2023-01-06 00:00:00+00:00,2023-01-13 00:00:00+00:00,-0.009554942496952462,-0.009587470244535797,7,-1.0,rebalance,,0.07239166666666667,0.0001338760809166667,1,4.621,5.233
DOT,2023-01-13 00:00:00+00:00,2023-01-20 00:00:00+00:00,-0.03475740966339713,-0.03495018800560546,7,-1.0,rebalance,,0.32143116666666666,0.0006427819755416666,1,5.233,5.802
DOT,2023-01-20 00:00:00+00:00,2023-01-27 00:00:00+00:00,-0.04054437396371679,-0.040137133541800124,7,-1.0,rebalance,,0.34757559523809534,7.936541141666671e-05,1,5.802,6.472
DOT,2023-01-27 00:00:00+00:00,2023-02-03 00:00:00+00:00,-0.0004775221539781155,-0.00043538694890811545,7,-1.0,rebalance,,0.03968766666666669,1.342752826333334e-05,1,6.472,6.543
DOT,2023-02-03 00:00:00+00:00,2023-02-10 00:00:00+00:00,0.002750626166193345,0.0027681388761526308,7,-1.0,rebalance,,0.058804976190476206,6.481425670738097e-05,1,6.543,6.235
DOT,2023-02-10 00:00:00+00:00,2023-02-17 00:00:00+00:00,-0.0031633474119651104,-0.0028267109787298724,7,-1.0,rebalance,,0.19157111904761906,-6.843686656857142e-05,1,6.235,6.327
DOT,2023-02-24 00:00:00+00:00,2023-03-03 00:00:00+00:00,0.03752358162631942,0.037772163226953946,7,-1.0,rebalance,,0.35262302380952393,0.0002450906326988097,1,7.095,6.335
DOT,2023-03-03 00:00:00+00:00,2023-03-10 00:00:00+00:00,0.017894362537775068,0.018097109350922687,7,-1.0,rebalance,,0.12080630952380957,-3.361797981428573e-05,1,6.335,5.386
DOT,2023-03-24 00:00:00+00:00,2023-03-31 00:00:00+00:00,0.005402255010441656,0.005554833868209513,7,-1.0,rebalance,,0.17644273809523817,9.444097556547625e-05,1,6.321,6.122
DOT,2023-03-31 00:00:00+00:00,2023-04-07 00:00:00+00:00,-0.0023840170704830755,-0.0024010102129711705,7,-1.0,rebalance,,0.09303154761904762,0.00014723730915476192,1,6.122,6.28
DOT,2023-04-07 00:00:00+00:00,2023-04-14 00:00:00+00:00,-0.015579252372358314,-0.015506179754322126,7,-1.0,rebalance,,0.275081380952381,0.0003120413152971429,1,6.28,6.634
DOT,2023-04-14 00:00:00+00:00,2023-04-21 00:00:00+00:00,0.01568158100789012,0.01554356720789012,7,-1.0,rebalance,,0.19716257142857146,0.0004140414000000001,1,6.634,6.111
DOT,2023-04-21 00:00:00+00:00,2023-04-28 00:00:00+00:00,0.007726906717640293,0.008361970217640293,7,-1.0,rebalance,,0.3650000000000001,-0.00012406350000000006,1,6.111,5.971
DOT,2023-05-05 00:00:00+00:00,2023-05-12 00:00:00+00:00,0.011504051000502993,0.011656539851877992,7,-1.0,rebalance,,0.16820416666666668,8.299698195833335e-05,1,5.671,5.278
DOT,2023-05-12 00:00:00+00:00,2023-05-19 00:00:00+00:00,-0.0009751390583488037,-0.000974946949602137,7,-1.0,rebalance,,0.08576283333333334,0.00011987585792000002,1,5.278,5.338
DOT,2023-05-19 00:00:00+00:00,2023-05-26 00:00:00+00:00,0.004217812862609224,0.004232632446609224,7,-1.0,rebalance,,0.24294400000000005,0.00032530201600000007,1,5.338,5.245
DOT,2023-05-26 00:00:00+00:00,2023-06-02 00:00:00+00:00,0.0018612152897155537,0.0017305066049298394,7,-1.0,rebalance,,0.23273095238095243,0.00045653201811904766,1,5.245,5.206
DOT,2023-06-02 00:00:00+00:00,2023-06-09 00:00:00+00:00,0.011945491992648508,0.011984987637890413,7,-1.0,rebalance,,0.3409499761904763,0.0004378343214247621,1,5.206,5.023
DOT,2023-06-09 00:00:00+00:00,2023-06-16 00:00:00+00:00,0.027637558560116654,0.028794168083956653,7,-1.0,rebalance,,0.22319923809523814,-0.0008441305905066667,1,5.023,4.375
DOT,2023-06-30 00:00:00+00:00,2023-07-07 00:00:00+00:00,-0.0002086744391564246,-0.00020252888086642464,7,-1.0,rebalance,,0.03482100000000001,4.2603841710000024e-05,1,4.986,5.015
DOT,2023-07-07 00:00:00+00:00,2023-07-14 00:00:00+00:00,-0.02276376370674975,-0.0224318879884157,7,-1.0,rebalance,,0.2126576904761905,-3.4154951667380946e-05,1,5.015,5.544
DOT,2023-07-21 00:00:00+00:00,2023-07-28 00:00:00+00:00,0.005919819951858238,0.006639347241118714,7,-1.0,rebalance,,0.3064974523809524,-0.00029043085592714285,1,5.355,5.239
DOT,2023-11-03 00:00:00+00:00,2023-11-10 00:00:00+00:00,-0.03725002598571432,-0.03751261428571432,7,-1.0,rebalance,,0.37512614285714285,0.0007877648999999999,1,4.63,5.093
DOT,2023-11-10 00:00:00+00:00,2023-11-17 00:00:00+00:00,-0.018271503423522503,-0.018561751423522503,7,-1.0,rebalance,,0.3650000000000001,0.0008012480000000002,1,5.093,5.352
DOT,2023-11-17 00:00:00+00:00,2023-11-24 00:00:00+00:00,0.015451955611360233,0.015184872944693565,7,-1.0,rebalance,,0.3815466666666667,0.0008012480000000001,1,5.352,5.139
DOT,2023-11-24 00:00:00+00:00,2023-12-08 00:00:00+00:00,-0.0772899607488227,-0.0783411169488227,14,-1.0,rebalance,,0.3650000000000001,0.0015621562000000004,1,5.139,6.242
DOT,2023-12-08 00:00:00+00:00,2023-12-15 00:00:00+00:00,-0.07612982463370903,-0.0768450854579576,7,-1.0,rebalance,,0.3788839047619048,0.0012456982909152382,1,6.242,7.508
DOT,2023-12-15 00:00:00+00:00,2023-12-22 00:00:00+00:00,-0.06887708081551092,-0.06956682992744258,7,-1.0,rebalance,,0.5714526904761906,0.001489782878598334,1,7.508,8.422
DOT,2023-12-22 00:00:00+00:00,2023-12-29 00:00:00+00:00,0.0010888535146851821,-0.0002690116164014848,7,-1.0,rebalance,,0.4531231666666667,0.0019922375644200003,1,8.422,8.427
DOT,2023-12-29 00:00:00+00:00,2024-01-05 00:00:00+00:00,0.05476082448044503,0.049694233026496455,7,-1.0,rebalance,,0.7641848571428573,0.006136450253948572,1,8.427,7.879
DOT,2024-01-05 00:00:00+00:00,2024-01-12 00:00:00+00:00,-0.03331446884122361,-0.03401446884122361,7,-1.0,rebalance,,1.0,0.0021,1,7.879,8.147
DOT,2024-01-12 00:00:00+00:00,2024-01-26 00:00:00+00:00,0.07756887569473432,0.07656622069473432,14,-1.0,rebalance,,0.3650000000000001,0.0015136550000000003,1,8.147,6.438
DOT,2024-01-26 00:00:00+00:00,2024-02-02 00:00:00+00:00,-0.0193343088116373,-0.01950810773828016,7,-1.0,rebalance,,0.35578809523809535,0.0006719022599761908,1,6.438,6.791
DOT,2024-02-02 00:00:00+00:00,2024-02-09 00:00:00+00:00,-0.010548760166239289,-0.010778526449572622,7,-1.0,rebalance,,0.32823754761904766,0.0006892988500000003,1,6.791,7.014
DOT,2024-02-09 00:00:00+00:00,2024-02-16 00:00:00+00:00,-0.03966223704069,-0.03991374394069001,7,-1.0,rebalance,,0.3650000000000001,0.0007625069000000002,1,7.014,7.781
DOT,2024-02-16 00:00:00+00:00,2024-02-23 00:00:00+00:00,0.01514363234226139,0.013999429012062341,7,-1.0,rebalance,,0.3630985238095239,0.0016525412635323815,1,7.781,7.481
DOT,2024-02-23 00:00:00+00:00,2024-03-01 00:00:00+00:00,-0.07678406955505247,-0.0826891442193239,7,-1.0,rebalance,,0.7910453809523812,0.007012538197604765,1,7.481,8.263
DOT,2024-03-01 00:00:00+00:00,2024-03-22 00:00:00+00:00,-0.08803135144499583,-0.11085562144499583,21,-1.0,rebalance,,1.0,0.024224270000000006,1,8.263,9.179
DOT,2024-03-22 00:00:00+00:00,2024-03-29 00:00:00+00:00,-0.0155942408222914,-0.01708044690520283,7,-1.0,rebalance,,0.45443890476190485,0.0021224205495780956,1,9.179,9.524
DOT,2024-03-29 00:00:00+00:00,2024-04-05 00:00:00+00:00,0.0928144546575063,0.08847233182336345,7,-1.0,rebalance,,0.8117634761904764,0.0054785917008095255,1,9.524,8.486
DOT,2024-04-05 00:00:00+00:00,2024-04-12 00:00:00+00:00,0.013948589613481168,0.012255479613481168,7,-1.0,rebalance,,1.0,0.00309311,1,8.486,8.382
DOT,2024-04-12 00:00:00+00:00,2024-04-19 00:00:00+00:00,0.10143568522651293,0.10255804699696626,7,-1.0,rebalance,,0.5376119761904762,-0.0003697050037866665,1,8.382,6.783
DOT,2024-04-26 00:00:00+00:00,2024-05-03 00:00:00+00:00,-0.0025187810107327015,-0.0024303365562748443,7,-1.0,rebalance,,0.040780928571428586,-3.1351154457857154e-05,1,6.863,7.272
DOT,2024-05-10 00:00:00+00:00,2024-05-17 00:00:00+00:00,0.0006867103267221685,0.0007559109093488352,7,-1.0,rebalance,,0.2220173333333334,0.0002416236840400001,1,7.049,7.025
DOT,2024-05-17 00:00:00+00:00,2024-05-24 00:00:00+00:00,-0.0045735917814951335,-0.004685210513472276,7,-1.0,rebalance,,0.18915864285714287,0.00037644083197714296,1,7.025,7.199
DOT,2024-05-24 00:00:00+00:00,2024-05-31 00:00:00+00:00,0.009973886058137748,0.009705620383783461,7,-1.0,rebalance,,0.34589485714285717,0.0007525184743542859,1,7.199,6.997
DOT,2024-05-31 00:00:00+00:00,2024-06-07 00:00:00+00:00,-0.007404311029649924,-0.00799827758835421,7,-1.0,rebalance,,0.37813478571428577,0.001123355258704286,1,6.997,7.145
DOT,2024-06-07 00:00:00+00:00,2024-06-14 00:00:00+00:00,0.05671217634927897,0.05672983035089468,7,-1.0,rebalance,,0.5163498571428572,0.0007052357983842858,1,7.145,6.36
DOT,2024-06-14 00:00:00+00:00,2024-06-21 00:00:00+00:00,0.026450757684071444,0.026762451785714302,7,-1.0,rebalance,,0.23739078571428573,2.0652998357142872e-05,1,6.36,5.643
DOT,2024-06-21 00:00:00+00:00,2024-06-28 00:00:00+00:00,-0.0017355539857290816,-0.0017230335940862243,7,-1.0,rebalance,,0.015121428571428572,8.64960835714286e-06,1,5.643,6.286
DOT,2024-06-28 00:00:00+00:00,2024-07-05 00:00:00+00:00,0.011568915299182329,0.01154584371164947,7,-1.0,rebalance,,0.09942078571428574,0.0001622606875328572,1,6.286,5.556
DOT,2024-07-05 00:00:00+00:00,2024-07-12 00:00:00+00:00,-0.01795921747678068,-0.017665403116322108,7,-1.0,rebalance,,0.28366757142857146,0.00010332023954142854,1,5.556,5.902
DOT,2024-07-12 00:00:00+00:00,2024-07-19 00:00:00+00:00,-0.002026078910476887,-0.0020379976521276016,7,-1.0,rebalance,,0.06330664285714287,0.00010054804165071432,1,5.902,6.092
DOT,2024-07-19 00:00:00+00:00,2024-07-26 00:00:00+00:00,0.015036670853604814,0.015271015176031005,7,-1.0,rebalance,,0.27605645238095244,0.0001521347109071429,1,6.092,5.755
DOT,2024-07-26 00:00:00+00:00,2024-08-02 00:00:00+00:00,0.006855152668817241,0.006890631004095813,7,-1.0,rebalance,,0.0957864285714286,9.862266472142861e-05,1,5.755,5.341
DOT,2024-08-02 00:00:00+00:00,2024-08-09 00:00:00+00:00,0.0147301593888579,0.015479813330836947,7,-1.0,rebalance,,0.17895602380952383,-0.0004991155086457144,1,5.341,4.879
DOT,2024-09-06 00:00:00+00:00,2024-09-13 00:00:00+00:00,-0.0035676008147561764,-0.003545831829698557,7,-1.0,rebalance,,0.05243138095238096,5.1634948275714294e-05,1,4.022,4.294
DOT,2024-09-13 00:00:00+00:00,2024-09-20 00:00:00+00:00,0.0013510740750368616,0.001554635521325433,7,-1.0,rebalance,,0.17116935714285716,3.6075653711428585e-05,1,4.294,4.255
DOT,2024-09-20 00:00:00+00:00,2024-09-27 00:00:00+00:00,-0.004792225099636506,-0.00481253613116222,7,-1.0,rebalance,,0.03663209523809525,7.159596485904765e-05,1,4.255,4.814
DOT,2024-09-27 00:00:00+00:00,2024-10-04 00:00:00+00:00,0.048353080577013895,0.04833757310028294,7,-1.0,rebalance,,0.339703761904762,0.0004910927433976192,1,4.814,4.129
DOT,2024-10-04 00:00:00+00:00,2024-10-11 00:00:00+00:00,0.0033856282283058143,0.0034078453217081953,7,-1.0,rebalance,,0.25126773809523817,0.0003295577399309525,1,4.129,4.073
DOT,2024-10-11 00:00:00+00:00,2024-10-18 00:00:00+00:00,-0.006556803374794463,-0.00671637894146113,7,-1.0,rebalance,,0.22796509523809527,0.00047872670000000003,1,4.073,4.193
DOT,2024-10-18 00:00:00+00:00,2024-10-25 00:00:00+00:00,-0.000881750734736496,-0.001131647984736496,7,-1.0,rebalance,,0.3650000000000001,0.0007608972500000003,1,4.193,4.206
DOT,2024-10-25 00:00:00+00:00,2024-11-01 00:00:00+00:00,0.021474487876841555,0.021278176386341555,7,-1.0,rebalance,,0.36233202380952384,0.0007035763238333334,1,4.206,3.959
DOT,2024-11-01 00:00:00+00:00,2024-11-08 00:00:00+00:00,-0.017369225212633607,-0.017476176643933604,7,-1.0,rebalance,,0.3375033333333334,0.0005794560979666668,1,3.959,4.164
DOT,2024-11-08 00:00:00+00:00,2024-11-15 00:00:00+00:00,-0.04345018847618707,-0.04393046441722707,7,-1.0,rebalance,,0.2984118333333334,0.0008980525077066668,1,4.164,4.777
DOT,2024-11-15 00:00:00+00:00,2024-11-22 00:00:00+00:00,-0.1261034097668551,-0.12646955830018844,7,-1.0,rebalance,,0.5230693333333334,0.0010984456000000002,1,4.777,5.932
DOT,2024-11-22 00:00:00+00:00,2024-11-29 00:00:00+00:00,-0.16446309431230619,-0.16508681726230617,7,-1.0,rebalance,,0.3650000000000001,0.0011347229500000002,1,5.932,8.615
DOT,2024-11-29 00:00:00+00:00,2024-12-06 00:00:00+00:00,-0.10817882947963543,-0.1100759349556421,7,-1.0,rebalance,,0.540344261904762,0.0026535874426733335,1,8.615,10.37
DOT,2024-12-06 00:00:00+00:00,2024-12-13 00:00:00+00:00,0.11025478255653265,0.10766273712632597,7,-1.0,rebalance,,0.8535646666666667,0.0037870359635400006,1,10.37,9.062
DOT,2024-12-13 00:00:00+00:00,2024-12-20 00:00:00+00:00,0.1809422989344623,0.180404918182678,7,-1.0,rebalance,,0.7711459285714286,0.0016169850517842859,1,9.062,6.942
DOT,2024-12-20 00:00:00+00:00,2024-12-27 00:00:00+00:00,0.0006370027216728049,0.00047249901222375736,7,-1.0,rebalance,,0.3644542380952381,0.0006747396427823809,1,6.942,6.933
DOT,2024-12-27 00:00:00+00:00,2025-01-03 00:00:00+00:00,-0.011407466955565198,-0.011417754445612103,7,-1.0,rebalance,,0.3217857380952382,0.0004607875233802383,1,6.933,7.179
DOT,2025-01-03 00:00:00+00:00,2025-01-10 00:00:00+00:00,0.021518296827371823,0.021529559100949204,7,-1.0,rebalance,,0.2488900238095238,0.0003371837597559524,1,7.179,6.558
DOT,2025-01-10 00:00:00+00:00,2025-01-17 00:00:00+00:00,-0.021372641695417468,-0.021399694665911514,7,-1.0,rebalance,,0.2354684523809524,0.00035670880382738103,1,6.558,7.154
DOT,2025-01-17 00:00:00+00:00,2025-01-24 00:00:00+00:00,0.02972745423436002,0.029554340864917403,7,-1.0,rebalance,,0.26330230952380956,0.0005417366027759525,1,7.154,6.351
DOT,2025-01-24 00:00:00+00:00,2025-01-31 00:00:00+00:00,0.012835311145683224,0.012725457580733462,7,-1.0,rebalance,,0.357607880952381,0.0006105045982830954,1,6.351,6.125
DOT,2025-01-31 00:00:00+00:00,2025-02-07 00:00:00+00:00,0.07877302595852542,0.07920764332361517,7,-1.0,rebalance,,0.296725880952381,-1.9201131756428563e-05,1,6.125,4.49
DOT,2025-02-14 00:00:00+00:00,2025-02-21 00:00:00+00:00,0.0021859426474710726,0.0022751148489403585,7,-1.0,rebalance,,0.13736340476190478,0.00010313656519738099,1,5.132,5.047
DOT,2025-02-21 00:00:00+00:00,2025-02-28 00:00:00+00:00,0.0028086901670235954,0.00292186620528931,7,-1.0,rebalance,,0.13050140476190475,6.952592840095238e-05,1,5.047,4.934
DOT,2025-02-28 00:00:00+00:00,2025-03-07 00:00:00+00:00,0.009260689486865861,0.009440044028799196,7,-1.0,rebalance,,0.09259876190476192,-4.971627526666666e-05,1,4.934,4.431
DOT,2025-03-21 00:00:00+00:00,2025-03-28 00:00:00+00:00,-0.010082607660722637,-0.010035104983766207,7,-1.0,rebalance,,0.19800207142857143,0.00022970022304357146,1,4.4,4.623
DOT,2025-03-28 00:00:00+00:00,2025-04-04 00:00:00+00:00,0.02407273266244741,0.024555554994180266,7,-1.0,rebalance,,0.2016346904761905,-0.0002005337650661905,1,4.623,4.06
DOT,2025-04-18 00:00:00+00:00,2025-04-25 00:00:00+00:00,-0.0015965708017879555,-0.001593938498611765,7,-1.0,rebalance,,0.009170190476190481,1.0205963490476196e-05,1,3.636,4.268
DOT,2025-04-25 00:00:00+00:00,2025-05-02 00:00:00+00:00,0.00409411994124837,0.004124451538581704,7,-1.0,rebalance,,0.19344130952380953,0.00024048623600000002,1,4.268,4.177
DOT,2025-05-02 00:00:00+00:00,2025-05-09 00:00:00+00:00,-0.014590789843236796,-0.014381192243236796,7,-1.0,rebalance,,0.21608,9.291440000000001e-05,1,4.177,4.455
DOT,2025-05-09 00:00:00+00:00,2025-05-16 00:00:00+00:00,-0.005385063306420007,-0.005418721607610484,7,-1.0,rebalance,,0.07473809523809524,0.00013829163452380955,1,4.455,4.778
DOT,2025-05-16 00:00:00+00:00,2025-05-23 00:00:00+00:00,-0.011458401170446065,-0.011442745270984161,7,-1.0,rebalance,,0.3216084523809524,0.0004345959338714286,1,4.778,4.948
DOT,2025-05-23 00:00:00+00:00,2025-05-30 00:00:00+00:00,0.028976899325677798,0.029192897274512082,7,-1.0,rebalance,,0.23487228571428576,0.00011282325116571431,1,4.948,4.333
DOT,2025-05-30 00:00:00+00:00,2025-06-06 00:00:00+00:00,0.009915405161422247,0.010000439220599391,7,-1.0,rebalance,,0.08349114285714285,3.185354082285714e-05,1,4.333,3.814
DOT,2025-06-06 00:00:00+00:00,2025-06-13 00:00:00+00:00,-0.001847995549350825,-0.0018255742003146344,7,-1.0,rebalance,,0.06631180952380954,7.041518429714286e-05,1,3.814,3.919
DOT,2025-06-13 00:00:00+00:00,2025-06-20 00:00:00+00:00,0.01733167808289778,0.01751929748842635,7,-1.0,rebalance,,0.18456485714285714,7.077139447142856e-05,1,3.919,3.547
DOT,2025-06-20 00:00:00+00:00,2025-06-27 00:00:00+00:00,0.004585135060733139,0.004659859304308139,7,-1.0,rebalance,,0.06664726190476192,1.8581923091666673e-05,1,3.547,3.299
DOT,2025-06-27 00:00:00+00:00,2025-07-04 00:00:00+00:00,-0.003559893180425814,-0.003525419824189147,7,-1.0,rebalance,,0.04845983333333334,3.3370410430000005e-05,1,3.299,3.539
DOT,2025-07-04 00:00:00+00:00,2025-07-11 00:00:00+00:00,-0.011620893715935268,-0.011600234246962412,7,-1.0,rebalance,,0.1196887142857143,0.0001469047310271429,1,3.539,3.882
DOT,2025-07-11 00:00:00+00:00,2025-07-18 00:00:00+00:00,-0.020626264851619645,-0.020772674652241075,7,-1.0,rebalance,,0.2133320714285714,0.0004450747006214286,1,3.882,4.26
DOT,2025-07-18 00:00:00+00:00,2025-07-25 00:00:00+00:00,0.022300375811424047,0.022046542644757382,7,-1.0,rebalance,,0.3626188095238096,0.0007614995000000002,1,4.26,4.001
DOT,2025-07-25 00:00:00+00:00,2025-08-01 00:00:00+00:00,0.02906915388134219,0.029101474631342193,7,-1.0,rebalance,,0.3650000000000001,0.00047867925000000017,1,4.001,3.682
DOT,2025-08-01 00:00:00+00:00,2025-08-08 00:00:00+00:00,-0.01152068633204437,-0.011452841526344371,7,-1.0,rebalance,,0.22794250000000002,0.00025127469430000004,1,3.682,3.867
DOT,2025-08-08 00:00:00+00:00,2025-08-15 00:00:00+00:00,-0.0057793564441174,-0.0058466197741574,7,-1.0,rebalance,,0.19160066666666667,0.0003355042633733333,1,3.867,3.985
DOT,2025-08-15 00:00:00+00:00,2025-08-22 00:00:00+00:00,0.01411678514580448,0.014358336284877812,7,-1.0,rebalance,,0.3043509047619048,0.00018454012759333338,1,3.985,3.797
DOT,2025-08-22 00:00:00+00:00,2025-08-29 00:00:00+00:00,-0.005078521438708818,-0.005079258098498819,7,-1.0,rebalance,,0.10538766666666667,0.00014827939312333336,1,3.797,3.98
DOT,2025-08-29 00:00:00+00:00,2025-09-05 00:00:00+00:00,0.013282408183504107,0.013271965972720774,7,-1.0,rebalance,,0.24454826190476195,0.00035280977745000015,1,3.98,3.764
DOT,2025-09-05 00:00:00+00:00,2025-09-12 00:00:00+00:00,-0.03171524442968623,-0.031844019659936225,7,-1.0,rebalance,,0.250755,0.0004798322302500001,1,3.764,4.242
DOT,2025-09-12 00:00:00+00:00,2025-09-19 00:00:00+00:00,-0.022738080031910843,-0.022815800414225127,7,-1.0,rebalance,,0.3325932142857143,0.0005433508823142858,1,4.242,4.533
DOT,2025-09-19 00:00:00+00:00,2025-09-26 00:00:00+00:00,0.04560319168692915,0.045664885317197715,7,-1.0,rebalance,,0.2839491428571429,0.00033583516973142866,1,4.533,3.804
DOT,2025-09-26 00:00:00+00:00,2025-10-03 00:00:00+00:00,-0.02714801085824436,-0.02718232867032198,7,-1.0,rebalance,,0.2055697380952381,0.00032211544541095236,1,3.804,4.307
DOT,2025-10-03 00:00:00+00:00,2025-10-10 00:00:00+00:00,0.014785984904822322,0.01473353591606137,7,-1.0,rebalance,,0.2723490952380953,0.00043373772209428585,1,4.307,4.074
DOT,2025-10-10 00:00:00+00:00,2025-10-17 00:00:00+00:00,0.06962449621333046,0.0718172530682376,7,-1.0,rebalance,,0.27680557142857143,-0.0018052290549071428,1,4.074,3.017
DOT,2025-11-21 00:00:00+00:00,2025-11-28 00:00:00+00:00,0.006418672342645761,0.00675655783382957,7,-1.0,rebalance,,0.0830044761904762,-0.00022167922451714288,1,2.543,2.336
DOT,2026-01-02 00:00:00+00:00,2026-01-09 00:00:00+00:00,-0.008289727724478241,-0.008297363935363955,7,-1.0,rebalance,,0.1467091428571429,0.00021302901088571436,1,1.998,2.111
DOT,2026-01-09 00:00:00+00:00,2026-01-16 00:00:00+00:00,-0.0009123982604137686,-0.0007173286187994828,7,-1.0,rebalance,,0.2523801190476191,0.000158262525052381,1,2.111,2.117
DOT,2026-01-16 00:00:00+00:00,2026-01-23 00:00:00+00:00,0.009637638532638547,0.009782036124794738,7,-1.0,rebalance,,0.1089924761904762,8.191874510476194e-06,1,2.117,1.927
DOT,2026-01-23 00:00:00+00:00,2026-01-30 00:00:00+00:00,0.001267954108175335,0.0012948277361800968,7,-1.0,rebalance,,0.013063523809523801,-8.584694671428565e-06,1,1.927,1.736
DOT,2026-04-24 00:00:00+00:00,2026-05-01 00:00:00+00:00,4.1221565202473275e-05,4.582123655913996e-05,7,-1.0,rebalance,,0.00162338095238096,-2.326938023333344e-06,1,1.24,1.205
DOT,2026-05-08 00:00:00+00:00,2026-05-15 00:00:00+00:00,-0.00530482577159559,-0.005207150375939876,7,-1.0,rebalance,,0.12880328571428573,8.264920434428572e-05,1,1.311,1.364
DOT,2026-05-15 00:00:00+00:00,2026-05-22 00:00:00+00:00,0.00578433278501946,0.00588712735651446,7,-1.0,rebalance,,0.11152835714285714,5.3345128505e-05,1,1.364,1.292
DOT,2026-05-22 00:00:00+00:00,2026-05-29 00:00:00+00:00,0.005031753631890082,0.005147667698658416,7,-1.0,rebalance,,0.08313483333333335,4.746998983333364e-07,1,1.292,1.212
DOT,2026-05-29 00:00:00+00:00,2026-06-05 00:00:00+00:00,0.00014133095437424543,0.00014329964246424543,7,-1.0,rebalance,,0.0009924523809523736,-5.792547566666624e-07,1,1.212,1.037
DOT,2026-07-03 00:00:00+00:00,2026-07-10 00:00:00+00:00,0.0006983554039528677,0.0007209586019681057,7,-1.0,rebalance,,0.04046980952380953,3.405453531809524e-05,1,0.842,0.827
DOT,2026-07-10 00:00:00+00:00,2026-07-17 00:00:00+00:00,-0.005790431550839179,-0.005659288535728704,7,-1.0,rebalance,,0.14625723809523813,7.361711822285717e-05,1,0.827,0.859
DOT,2026-07-17 00:00:00+00:00,2026-07-24 00:00:00+00:00,0.004299505622004291,0.004481202062198577,7,-1.0,rebalance,,0.08748528571428575,-5.921704019428574e-05,1,0.859,0.815
DOT,2026-07-31 00:00:00+00:00,2026-08-07 00:00:00+00:00,-0.0012693333651804424,-0.0012735604681404424,7,-1.0,rebalance,,0.018834000000000014,3.059470296000003e-05,1,0.769,0.821
DOT,2026-08-07 00:00:00+00:00,2026-08-14 00:00:00+00:00,0.01627331466553287,0.01650727266399858,7,-1.0,rebalance,,0.2823431428571429,0.00016132240153428579,1,0.821,0.773
DOT,2026-08-14 00:00:00+00:00,2026-08-21 00:00:00+00:00,-0.009756777688845877,-0.009635467104047307,7,-1.0,rebalance,,0.09930954761904762,1.772278186809524e-05,1,0.773,0.848
DOT,2026-08-21 00:00:00+00:00,2026-08-28 00:00:00+00:00,-0.0012355266802612716,-0.0012436481356693668,7,-1.0,rebalance,,0.031018047619047636,5.154672207476193e-05,1,0.848,0.882
BNB,2020-02-11 00:00:00+00:00,2020-02-18 00:00:00+00:00,0.048258027478653834,0.035569912854018115,7,-1.0,rebalance,,0.529484642857143,0.013429393124635718,1,25.145,23.4558
BNB,2020-02-18 00:00:00+00:00,2020-03-03 00:00:00+00:00,0.15937713601599607,0.15032955601599607,14,-1.0,rebalance,,1.0,0.01044758,1,23.4558,19.9297
BNB,2020-03-03 00:00:00+00:00,2020-03-10 00:00:00+00:00,0.06722105479548106,0.06586473330327534,7,-1.0,rebalance,,0.3934491428571429,0.0019071502922057145,1,19.9297,16.5934
BNB,2020-03-10 00:00:00+00:00,2020-03-17 00:00:00+00:00,0.3582416591686343,0.3637594862317605,7,-1.0,rebalance,,0.8424999523809525,-0.004338327129792858,1,16.5934,9.429
BNB,2020-03-24 00:00:00+00:00,2020-03-31 00:00:00+00:00,-0.0001236083305654405,6.913164828313046e-05,7,-1.0,rebalance,,0.016235547619047584,-0.00017001021218190438,1,12.1887,12.1368
BNB,2020-05-26 00:00:00+00:00,2020-06-02 00:00:00+00:00,-0.007998569040801762,-0.007915992700468905,7,-1.0,rebalance,,0.08279242857142843,3.33330596671428e-05,1,16.3807,17.9469
BNB,2020-06-02 00:00:00+00:00,2020-06-09 00:00:00+00:00,0.0019683100226897516,0.0019417710738742755,7,-1.0,rebalance,,0.06997745238095222,0.00012450738214880925,1,17.9469,17.4489
BNB,2020-06-09 00:00:00+00:00,2020-06-16 00:00:00+00:00,0.018771826186183824,0.019018781341517157,7,-1.0,rebalance,,0.30925059523809506,0.0001859956779999999,1,17.4489,16.3758
BNB,2020-06-16 00:00:00+00:00,2020-06-23 00:00:00+00:00,-0.0007837228519482991,-0.000825395082988299,7,-1.0,rebalance,,0.10453599999999982,0.0001880226310399997,1,16.3758,16.5051
BNB,2020-06-23 00:00:00+00:00,2020-06-30 00:00:00+00:00,0.01999303436350068,0.019654928757085445,7,-1.0,rebalance,,0.31262076190476173,0.0007757746730819044,1,16.5051,15.4674
BNB,2020-06-30 00:00:00+00:00,2020-07-07 00:00:00+00:00,-0.023258549532142042,-0.02355185450197252,7,-1.0,rebalance,,0.4313118095238094,0.0008971415031638092,1,15.4674,16.312
BNB,2020-07-07 00:00:00+00:00,2020-07-14 00:00:00+00:00,-0.04411826047711826,-0.04629264786849874,7,-1.0,rebalance,,0.3615290238095237,0.0026805280247138084,1,16.312,18.4007
BNB,2020-07-14 00:00:00+00:00,2020-07-21 00:00:00+00:00,0.05398386918753085,0.050878499187530846,7,-1.0,rebalance,,1.0,0.00450537,1,18.4007,17.4645
BNB,2020-07-21 00:00:00+00:00,2020-07-28 00:00:00+00:00,-0.10057206396221943,-0.10242831480513515,7,-1.0,rebalance,,0.7830762142857141,0.0029525575429157134,1,17.4645,19.7489
BNB,2020-07-28 00:00:00+00:00,2020-08-04 00:00:00+00:00,-0.07253669559981434,-0.07676388650145434,7,-1.0,rebalance,,0.655341857142857,0.00514466950164,1,19.7489,22.0622
BNB,2020-08-04 00:00:00+00:00,2020-08-11 00:00:00+00:00,-0.03049665942091006,-0.02604907942091006,7,-1.0,rebalance,,1.0,-0.00304758,1,22.0622,22.6369
BNB,2020-08-18 00:00:00+00:00,2020-09-08 00:00:00+00:00,0.058960559855237855,0.04445049985523786,21,-1.0,rebalance,,1.0,0.015910059999999997,1,23.4868,22.4428
BNB,2020-09-08 00:00:00+00:00,2020-09-15 00:00:00+00:00,-0.05669570938149399,-0.05365165871969114,7,-1.0,rebalance,,0.1366455714285712,-0.0028527468618028524,1,22.4428,31.2546
BNB,2020-10-27 00:00:00+00:00,2020-11-03 00:00:00+00:00,0.009492712536848245,0.009666536986689674,7,-1.0,rebalance,,0.09247014285714272,-4.4366249841428506e-05,1,31.0436,27.7984
BNB,2020-11-10 00:00:00+00:00,2020-11-17 00:00:00+00:00,0.0074494062903712665,0.0038022408930072195,7,-1.0,rebalance,,0.855613880952381,0.0048450248306973805,1,28.0836,27.9588
BNB,2020-11-17 00:00:00+00:00,2020-11-24 00:00:00+00:00,-0.09414574555246503,-0.10703665263871266,7,-1.0,rebalance,,0.9842190238095238,0.014268813719580952,1,27.9588,30.9994
BNB,2020-11-24 00:00:00+00:00,2020-12-15 00:00:00+00:00,0.04684342998045135,0.031148989980451347,21,-1.0,rebalance,,1.0,0.01709444,1,30.9994,30.0338
BNB,2020-12-15 00:00:00+00:00,2020-12-22 00:00:00+00:00,-0.01733905254544687,-0.021350479805292342,7,-1.0,rebalance,,0.31804188095238084,0.004456685893178808,1,30.0338,32.05
BNB,2020-12-22 00:00:00+00:00,2020-12-29 00:00:00+00:00,-0.11936141826833074,-0.12170670826833074,7,-1.0,rebalance,,1.0,0.0037452899999999996,1,32.05,35.9507
BNB,2020-12-29 00:00:00+00:00,2021-01-05 00:00:00+00:00,-0.08128970562378827,-0.09378270111708542,7,-1.0,rebalance,,0.6509670714285714,0.013404349393297143,1,35.9507,41.13
BNB,2021-01-05 00:00:00+00:00,2021-02-02 00:00:00+00:00,-0.2132112578725991,-0.25154874787259907,28,-1.0,rebalance,,1.0,0.03973748999999999,1,41.13,51.4762
BNB,2021-02-16 00:00:00+00:00,2021-03-02 00:00:00+00:00,-0.9332948311293174,-0.9619082211293175,14,-1.0,rebalance,,1.0,0.030013390000000004,1,129.9493,254.9486
BNB,2021-03-09 00:00:00+00:00,2021-03-16 00:00:00+00:00,-0.0265308406699504,-0.03937062812858373,7,-1.0,rebalance,,0.6968336666666667,0.013815354591966667,1,240.7852,254.3894
BNB,2021-03-16 00:00:00+00:00,2021-03-30 00:00:00+00:00,-0.06859034630884,-0.08219367630884,14,-1.0,rebalance,,1.0,0.015003329999999995,1,254.3894,275.2986
BNB,2021-03-30 00:00:00+00:00,2021-04-06 00:00:00+00:00,-0.0382235647174626,-0.03975511368867593,7,-1.0,rebalance,,0.11787066666666654,0.0016965679045466647,1,275.2986,368.1506
BNB,2021-04-06 00:00:00+00:00,2021-04-27 00:00:00+00:00,-0.4031528498774796,-0.4541060098774796,21,-1.0,rebalance,,1.0,0.05235316000000001,1,368.1506,535.33
BNB,2021-04-27 00:00:00+00:00,2021-05-04 00:00:00+00:00,-0.20655993623114938,-0.2122216335077694,7,-1.0,rebalance,,0.8067647142857143,0.00679116787662,1,535.33,676.15
BNB,2021-05-04 00:00:00+00:00,2021-05-18 00:00:00+00:00,0.2590044566486727,0.24268283664867274,14,-1.0,rebalance,,1.0,0.01772162,1,676.15,512.06
BNB,2021-05-18 00:00:00+00:00,2021-05-25 00:00:00+00:00,0.23379760070621106,0.23917413822877892,7,-1.0,rebalance,,0.7359182142857141,-0.004346252022567856,1,512.06,345.64
BNB,2021-08-10 00:00:00+00:00,2021-08-17 00:00:00+00:00,-0.00903648720039936,-0.009201776992011503,7,-1.0,rebalance,,0.05310054761904747,0.00023963055827880885,1,354.32,415.72
BNB,2021-08-17 00:00:00+00:00,2021-08-24 00:00:00+00:00,-0.154009825785747,-0.15724228522288344,7,-1.0,rebalance,,0.7843624047619047,0.0043305668038030945,1,415.72,499.06
BNB,2021-08-24 00:00:00+00:00,2021-08-31 00:00:00+00:00,0.07943161278817197,0.07472253150876029,7,-1.0,rebalance,,0.9596249761904762,0.006052556246078333,1,499.06,460.2
BNB,2021-08-31 00:00:00+00:00,2021-09-14 00:00:00+00:00,0.14105945158192085,0.13276836158192085,14,-1.0,rebalance,,1.0,0.00969109,1,460.2,399.1
BNB,2021-09-21 00:00:00+00:00,2021-09-28 00:00:00+00:00,0.004790311391442383,0.004994298518198811,7,-1.0,rebalance,,0.06358126190476178,-0.00011497336008976168,1,364.1,335.5
BNB,2021-10-12 00:00:00+00:00,2021-10-19 00:00:00+00:00,-0.001641723875665501,-0.0015810819734476441,7,-1.0,rebalance,,0.009098928571428506,-4.790340221785679e-05,1,413.2,485.0
BNB,2021-10-26 00:00:00+00:00,2021-11-02 00:00:00+00:00,-0.029660057662876868,-0.029883599915579487,7,-1.0,rebalance,,0.2189808809523809,0.0005301154860359524,1,485.1,551.3
BNB,2021-11-02 00:00:00+00:00,2021-11-09 00:00:00+00:00,-0.07908718933434562,-0.07807742892125111,7,-1.0,rebalance,,0.4207633095238094,-0.00042069177976119035,1,551.3,653.6
BNB,2021-11-23 00:00:00+00:00,2021-11-30 00:00:00+00:00,-0.0009482610478733799,-0.0009571784309719512,7,-1.0,rebalance,,0.008353285714285641,2.061198309857125e-05,1,559.4,623.5
BNB,2021-11-30 00:00:00+00:00,2021-12-07 00:00:00+00:00,0.024053018825864022,0.024762931378164734,7,-1.0,rebalance,,0.4288802142857142,-0.00010948025230071424,1,623.5,587.5
BNB,2022-04-05 00:00:00+00:00,2022-04-12 00:00:00+00:00,0.001774448682522143,0.0017964860738754762,7,-1.0,rebalance,,0.015171833333333261,-7.968246866666629e-07,1,447.6,394.6
BNB,2023-01-24 00:00:00+00:00,2023-01-31 00:00:00+00:00,-0.0005720720836957691,-0.0005079087873681501,7,-1.0,rebalance,,0.07750688095238092,4.434633700571427e-05,1,305.2,307.2
BNB,2023-01-31 00:00:00+00:00,2023-02-07 00:00:00+00:00,-0.005594669687009514,-0.005567988095238086,7,-1.0,rebalance,,0.0994468571428571,0.00011254400822857137,1,307.2,324.4
BNB,2023-02-07 00:00:00+00:00,2023-02-14 00:00:00+00:00,0.01759822802092552,0.018251162659268374,7,-1.0,rebalance,,0.19670023809523804,-0.0003775543050095237,1,324.4,294.3
BNB,2023-04-18 00:00:00+00:00,2023-04-25 00:00:00+00:00,0.007040504012747758,0.00897893456582633,7,-1.0,rebalance,,0.34691338095238095,-0.001452751819745238,1,340.0,331.2
BNB,2023-05-30 00:00:00+00:00,2023-06-06 00:00:00+00:00,0.004699149826719401,0.0047164025619872586,7,-1.0,rebalance,,0.04236607142857143,4.205976473214286e-05,1,311.7,277.0
BNB,2023-06-06 00:00:00+00:00,2023-06-13 00:00:00+00:00,0.027951352767382913,0.028468110684201485,7,-1.0,rebalance,,0.17255288095238097,-0.0002751838834852381,1,277.0,231.3
BNB,2023-06-27 00:00:00+00:00,2023-07-04 00:00:00+00:00,-9.71556666207386e-05,-9.662072164740528e-05,7,-1.0,rebalance,,0.0021934761904761906,2.5359216933333333e-06,1,236.1,246.5
BNB,2023-07-04 00:00:00+00:00,2023-07-11 00:00:00+00:00,-0.0002841440899222094,0.000244557403651124,7,-1.0,rebalance,,0.2009446666666667,-0.00024737896024,1,246.5,246.2
BNB,2023-07-25 00:00:00+00:00,2023-08-01 00:00:00+00:00,-0.0010444984031972662,-0.0009763940979489328,7,-1.0,rebalance,,0.1110764523809524,8.740272808500002e-05,1,238.9,241.0
BNB,2023-08-01 00:00:00+00:00,2023-08-08 00:00:00+00:00,-0.0007382092366198113,-0.0005674917012448113,7,-1.0,rebalance,,0.1367655,2.0754164625000004e-05,1,241.0,242.0
BNB,2023-08-08 00:00:00+00:00,2023-08-15 00:00:00+00:00,8.206257692719494e-05,0.0001634850944510045,7,-1.0,rebalance,,0.026375595238095243,-4.44966841904762e-05,1,242.0,240.5
BNB,2023-09-26 00:00:00+00:00,2023-10-03 00:00:00+00:00,-0.00010074265990646245,-9.708503401360531e-05,7,-1.0,rebalance,,0.004432142857142858,2.5473741071428573e-06,1,210.0,214.6
BNB,2023-10-03 00:00:00+00:00,2023-10-10 00:00:00+00:00,0.003941118456897192,0.004049879343629335,7,-1.0,rebalance,,0.09989702380952381,3.1094946601190476e-05,1,214.6,205.9
BNB,2023-10-10 00:00:00+00:00,2023-10-17 00:00:00+00:00,-0.002387008446798978,-0.0023122626332708826,7,-1.0,rebalance,,0.054101690476190484,9.965531385714287e-07,1,205.9,214.7
BNB,2023-10-17 00:00:00+00:00,2023-10-24 00:00:00+00:00,-0.00020784214249583676,-0.00020727453589726533,7,-1.0,rebalance,,0.0032015714285714265,3.914593401428569e-06,1,214.7,228.6
BNB,2023-10-24 00:00:00+00:00,2023-10-31 00:00:00+00:00,0.0007962100033979422,0.0005577917135357993,7,-1.0,rebalance,,0.21251864285714292,0.000535944389862143,1,228.6,228.0
BNB,2023-10-31 00:00:00+00:00,2023-11-07 00:00:00+00:00,-0.051411356437385015,-0.052099158531745966,7,-1.0,rebalance,,0.43832502380952376,0.0013014571276942855,1,228.0,255.1
BNB,2023-11-07 00:00:00+00:00,2023-11-14 00:00:00+00:00,0.029582349617658495,0.02832205409643278,7,-1.0,rebalance,,0.5160682857142858,0.0019827911212257146,1,255.1,241.1
BNB,2023-11-14 00:00:00+00:00,2023-11-21 00:00:00+00:00,-0.0325583528955777,-0.03323742726787937,7,-1.0,rebalance,,0.6677953095238096,0.0016139878056350004,1,241.1,253.1
BNB,2023-11-21 00:00:00+00:00,2023-11-28 00:00:00+00:00,0.04324376870084668,0.04282111932042668,7,-1.0,rebalance,,0.4200785000000001,0.0010107592804200001,1,253.1,227.3
BNB,2023-11-28 00:00:00+00:00,2023-12-05 00:00:00+00:00,-0.010468248628055865,-0.011407306391804437,7,-1.0,rebalance,,0.4182065714285715,0.0015245469637485715,1,227.3,233.5
BNB,2023-12-05 00:00:00+00:00,2023-12-12 00:00:00+00:00,-0.03230784927161362,-0.03500469917405933,7,-1.0,rebalance,,0.6336121904761906,0.003583906969112381,1,233.5,246.4
BNB,2023-12-12 00:00:00+00:00,2023-12-19 00:00:00+00:00,0.01313034698227736,0.018752705250850456,7,-1.0,rebalance,,0.9831205476190479,-0.00424598950190643,1,246.4,241.7
BNB,2024-01-16 00:00:00+00:00,2024-01-23 00:00:00+00:00,0.002042231346633734,0.002746089780496591,7,-1.0,rebalance,,0.07454342857142858,-0.0005994976338628572,1,317.6,305.9
BNB,2024-03-05 00:00:00+00:00,2024-03-12 00:00:00+00:00,-0.23745163038218706,-0.23842002881606658,7,-1.0,rebalance,,0.954820880952381,0.0023051476672128575,1,418.5,523.0
BNB,2024-03-12 00:00:00+00:00,2024-03-19 00:00:00+00:00,-0.02450911514964502,-0.025995234198306447,7,-1.0,rebalance,,0.41961442857142855,0.002073579248661428,1,523.0,555.4
BNB,2024-03-19 00:00:00+00:00,2024-03-26 00:00:00+00:00,-0.04759210708707322,-0.049022694853130364,7,-1.0,rebalance,,0.8589023571428572,0.0026330510660571432,1,555.4,587.1
BNB,2024-03-26 00:00:00+00:00,2024-04-02 00:00:00+00:00,0.011326173354950677,0.0102554664979602,7,-1.0,rebalance,,0.5328304761904762,0.001816669523657143,1,587.1,575.8
BNB,2024-04-02 00:00:00+00:00,2024-04-09 00:00:00+00:00,-0.013315530083170586,-0.010806326415422014,7,-1.0,rebalance,,0.5925983571428571,-0.0016795659677485714,1,575.8,586.3
BNB,2024-05-28 00:00:00+00:00,2024-06-04 00:00:00+00:00,-0.009406420956499177,-0.009664042651337749,7,-1.0,rebalance,,0.25938290476190473,0.000620757761505238,1,603.9,626.4
BNB,2024-06-04 00:00:00+00:00,2024-06-11 00:00:00+00:00,0.0008893245772913071,0.0008632686743598786,7,-1.0,rebalance,,0.4159626904761904,0.000608403669598095,1,626.4,625.1
BNB,2024-06-11 00:00:00+00:00,2024-06-18 00:00:00+00:00,0.008100918986714615,0.008459113498030805,7,-1.0,rebalance,,0.2542207619047619,-2.2854446495238097e-06,1,625.1,604.3
BNB,2024-07-02 00:00:00+00:00,2024-07-09 00:00:00+00:00,0.00030697687573737474,0.00031027937498451756,7,-1.0,rebalance,,0.002695785714285667,4.716007528571346e-07,1,576.9,510.5
BNB,2024-07-09 00:00:00+00:00,2024-07-16 00:00:00+00:00,-0.00449778246403618,-0.004455213730702847,7,-1.0,rebalance,,0.03040623809523805,0.0,1,510.5,585.3
BNB,2024-07-30 00:00:00+00:00,2024-08-06 00:00:00+00:00,0.00209862435835301,0.0021133155891644383,7,-1.0,rebalance,,0.011033428571428524,7.555691885714254e-07,1,574.3,464.3
BNB,2024-08-06 00:00:00+00:00,2024-08-13 00:00:00+00:00,-0.0014021924382988467,-0.0013843069444017038,7,-1.0,rebalance,,0.011902476190476146,-1.2220272304761858e-06,1,464.3,518.3
BNB,2024-10-01 00:00:00+00:00,2024-10-08 00:00:00+00:00,7.718998368657192e-05,0.00010968011984490517,7,-1.0,rebalance,,0.020744166666666612,-3.4483028249999907e-06,1,567.4,564.4
BNB,2024-10-22 00:00:00+00:00,2024-10-29 00:00:00+00:00,-0.0003124518659541365,-0.00022898853262080324,7,-1.0,rebalance,,0.059616666666666616,0.0,1,598.8,601.1
BNB,2024-11-05 00:00:00+00:00,2024-11-12 00:00:00+00:00,-0.017528254374552608,-0.017660779328277608,7,-1.0,rebalance,,0.09109183333333327,0.0002600535203916665,1,552.51,659.63
BNB,2024-11-12 00:00:00+00:00,2024-11-19 00:00:00+00:00,0.031019283928972533,0.030616170952258246,7,-1.0,rebalance,,0.49620011904761907,0.0010977931433809526,1,659.63,618.93
BNB,2024-11-19 00:00:00+00:00,2024-11-26 00:00:00+00:00,-0.009596106867686824,-0.010704859292496347,7,-1.0,rebalance,,0.3845361904761905,0.0016471030914761906,1,618.93,636.16
BNB,2024-11-26 00:00:00+00:00,2024-12-03 00:00:00+00:00,-0.011180379777609686,-0.013657198767381114,7,-1.0,rebalance,,0.7444870238095237,0.0035191008231047613,1,636.16,647.83
BNB,2024-12-03 00:00:00+00:00,2024-12-10 00:00:00+00:00,-0.04878512609524238,-0.05246535455289191,7,-1.0,rebalance,,0.8215767619047619,0.0048304359243161905,1,647.83,689.2
BNB,2024-12-10 00:00:00+00:00,2024-12-17 00:00:00+00:00,-0.046006670493325505,-0.04553105049332551,7,-1.0,rebalance,,1.0,0.00092438,1,689.2,720.58
BNB,2024-12-17 00:00:00+00:00,2024-12-24 00:00:00+00:00,0.005696644281749445,0.005890805986976112,7,-1.0,rebalance,,0.16066604761904757,3.077076143999999e-05,1,720.58,694.16
BNB,2024-12-24 00:00:00+00:00,2024-12-31 00:00:00+00:00,-0.0006212603630941857,-0.0005366093119741858,7,-1.0,rebalance,,0.03328799999999995,-3.804785111999995e-05,1,694.16,705.35
BNB,2025-01-21 00:00:00+00:00,2025-01-28 00:00:00+00:00,0.00027827185558175265,0.00036095774630199077,7,-1.0,rebalance,,0.08925988095238094,4.227794261309523e-05,1,682.51,679.75
BNB,2025-01-28 00:00:00+00:00,2025-02-04 00:00:00+00:00,0.007463990549897463,0.007574252379201034,7,-1.0,rebalance,,0.08232488095238094,4.993004029761904e-06,1,679.75,617.21
BNB,2025-02-04 00:00:00+00:00,2025-02-11 00:00:00+00:00,-4.592118991362504e-05,-2.459426867910128e-05,7,-1.0,rebalance,,0.010541547619047591,-6.568754567857125e-06,1,617.21,618.65
BNB,2025-05-20 00:00:00+00:00,2025-05-27 00:00:00+00:00,-0.00034315197433986924,-0.00033095610767320264,7,-1.0,rebalance,,0.008711333333333297,0.0,1,649.62,674.3
BNB,2025-07-15 00:00:00+00:00,2025-07-22 00:00:00+00:00,-0.002271594955712097,-0.002252508803370431,7,-1.0,rebalance,,0.0201358333333333,9.104014324999985e-06,1,689.13,766.22
BNB,2025-07-22 00:00:00+00:00,2025-07-29 00:00:00+00:00,-0.005933168963052176,-0.005933169748897176,7,-1.0,rebalance,,0.07858449999999996,0.00011001908584499995,1,766.22,824.07
BNB,2025-07-29 00:00:00+00:00,2025-08-05 00:00:00+00:00,0.0161518114258005,0.01637352374278193,7,-1.0,rebalance,,0.24333507142857144,0.00011895678301857144,1,824.07,768.62
BNB,2025-08-05 00:00:00+00:00,2025-08-12 00:00:00+00:00,-0.004124668197068399,-0.004031643807516494,7,-1.0,rebalance,,0.08496852380952379,2.5931543781428563e-05,1,768.62,805.09
BNB,2025-08-12 00:00:00+00:00,2025-08-19 00:00:00+00:00,-0.0027938441282203655,-0.0027613222825132225,7,-1.0,rebalance,,0.05304492857142854,4.1741054292857115e-05,1,805.09,847.0
BNB,2025-08-19 00:00:00+00:00,2025-08-26 00:00:00+00:00,0.0011991654587724088,0.001240140597065266,7,-1.0,rebalance,,0.13677071428571427,0.00015050386170714283,1,847.0,839.32
BNB,2025-08-26 00:00:00+00:00,2025-09-02 00:00:00+00:00,-0.0016396453365226035,-0.0014492978295354607,7,-1.0,rebalance,,0.19126173809523808,7.741892634619047e-05,1,839.32,845.68
BNB,2025-09-02 00:00:00+00:00,2025-09-09 00:00:00+00:00,-0.002780634333630072,-0.002695451775071977,7,-1.0,rebalance,,0.07035461904761903,1.3313908108571424e-05,1,845.68,878.08
BNB,2025-09-09 00:00:00+00:00,2025-09-16 00:00:00+00:00,-0.0015696963229747368,-0.0015582809246147368,7,-1.0,rebalance,,0.03289171428571426,3.463300163999997e-05,1,878.08,919.68
BNB,2025-09-16 00:00:00+00:00,2025-09-23 00:00:00+00:00,-0.014670935635449587,-0.014570356450069585,7,-1.0,rebalance,,0.18301099999999998,0.00015563621462,1,919.68,992.9
BNB,2025-09-23 00:00:00+00:00,2025-09-30 00:00:00+00:00,-0.005631777429852926,-0.005491742676335307,7,-1.0,rebalance,,0.1478110952380952,6.690077981571428e-05,1,992.9,1029.79
BNB,2025-09-30 00:00:00+00:00,2025-10-07 00:00:00+00:00,-0.014821969899034547,-0.014772724562428119,7,-1.0,rebalance,,0.07866792857142854,6.08897633935714e-05,1,1029.79,1223.17
BNB,2025-10-07 00:00:00+00:00,2025-10-14 00:00:00+00:00,-0.008077484966475642,-0.00784962694532588,7,-1.0,rebalance,,0.13453030952380954,-3.951558781642858e-05,1,1223.17,1294.54
BNB,2025-11-25 00:00:00+00:00,2025-12-02 00:00:00+00:00,0.006147866942903968,0.006317786686046825,7,-1.0,rebalance,,0.1426698095238095,2.981799019047619e-05,1,864.9,826.6
BNB,2025-12-02 00:00:00+00:00,2025-12-09 00:00:00+00:00,-0.0031406338146085636,-0.003099547803394278,7,-1.0,rebalance,,0.03632619047619046,9.770655452380949e-06,1,826.6,897.13
BNB,2025-12-09 00:00:00+00:00,2025-12-16 00:00:00+00:00,0.0019494940528944076,0.0020072816362017884,7,-1.0,rebalance,,0.0467495476190476,7.661783359285711e-06,1,897.13,858.61
BNB,2025-12-16 00:00:00+00:00,2025-12-23 00:00:00+00:00,-3.3726442484394566e-05,-1.9905877772517374e-06,7,-1.0,rebalance,,0.028485642857142834,8.144045292857137e-06,1,858.61,858.67
BNB,2025-12-23 00:00:00+00:00,2025-12-30 00:00:00+00:00,0.00030758565733592753,0.0003593792809144989,7,-1.0,rebalance,,0.049692142857142844,1.7775376421428565e-05,1,858.67,852.46
BNB,2025-12-30 00:00:00+00:00,2026-01-06 00:00:00+00:00,-0.00425429366484439,-0.004219237812303437,7,-1.0,rebalance,,0.062173404761904756,5.1986914125714286e-05,1,852.46,910.31
BNB,2026-01-06 00:00:00+00:00,2026-01-13 00:00:00+00:00,0.0006220861133877134,0.0007216258448848562,7,-1.0,rebalance,,0.14533257142857142,0.00010392586850285715,1,910.31,905.79
BNB,2026-01-13 00:00:00+00:00,2026-01-20 00:00:00+00:00,-0.0025191811680909605,-0.0024438282017959605,7,-1.0,rebalance,,0.12428945238095238,9.865226703833334e-05,1,905.79,923.6
BNB,2026-01-20 00:00:00+00:00,2026-01-27 00:00:00+00:00,0.006432116720977572,0.006600646010177571,7,-1.0,rebalance,,0.13795783333333334,2.4611677466666667e-05,1,923.6,879.41
BNB,2026-01-27 00:00:00+00:00,2026-02-03 00:00:00+00:00,0.0036847656697588716,0.0037188269191303002,7,-1.0,rebalance,,0.03100761904761903,9.34941729523809e-06,1,879.41,773.94
BNB,2026-02-03 00:00:00+00:00,2026-02-10 00:00:00+00:00,0.00924235894554966,0.009314822170292518,7,-1.0,rebalance,,0.0524070476190476,9.066419238095235e-07,1,773.94,636.38
BNB,2026-02-10 00:00:00+00:00,2026-02-17 00:00:00+00:00,3.9213217085029415e-05,4.3422883751696056e-05,7,-1.0,rebalance,,0.003006904761904743,0.0,1,636.38,627.19
BNB,2026-04-07 00:00:00+00:00,2026-04-14 00:00:00+00:00,-0.0005458695404776387,-0.0005258978598804959,7,-1.0,rebalance,,0.021601047619047603,1.0269786069523803e-05,1,600.1,614.71
BNB,2026-04-14 00:00:00+00:00,2026-04-21 00:00:00+00:00,-0.00202050751801944,-0.001955928015998249,7,-1.0,rebalance,,0.08263426190476189,5.110846464547618e-05,1,614.71,629.26
BNB,2026-04-21 00:00:00+00:00,2026-04-28 00:00:00+00:00,0.0003075257041275127,0.0004151283559827508,7,-1.0,rebalance,,0.10749945238095238,4.289658147809523e-05,1,629.26,626.83
BNB,2026-04-28 00:00:00+00:00,2026-05-05 00:00:00+00:00,0.0003965142512590361,0.000463611554131417,7,-1.0,rebalance,,0.06935695238095237,3.0002430460952373e-05,1,626.83,622.64
BNB,2026-05-05 00:00:00+00:00,2026-05-12 00:00:00+00:00,-0.0058186823256744305,-0.005791381347013954,7,-1.0,rebalance,,0.0751865238095238,7.796015467285712e-05,1,622.64,670.6
BNB,2026-05-12 00:00:00+00:00,2026-05-19 00:00:00+00:00,0.007134209423573225,0.007274965907928939,7,-1.0,rebalance,,0.18022135714285717,0.00011155341564428575,1,670.6,643.53
BNB,2026-05-19 00:00:00+00:00,2026-05-26 00:00:00+00:00,-0.003356555029201,-0.003280049454903857,7,-1.0,rebalance,,0.10758461904761904,7.411289236952381e-05,1,643.53,663.15
BNB,2026-05-26 00:00:00+00:00,2026-06-02 00:00:00+00:00,-0.005485264739838169,-0.005407570606377217,7,-1.0,rebalance,,0.11973390476190475,8.993333320571428e-05,1,663.15,693.1
BNB,2026-06-02 00:00:00+00:00,2026-06-09 00:00:00+00:00,0.017062808945871647,0.01718567092359379,7,-1.0,rebalance,,0.13055007142857142,5.990812227785714e-05,1,693.1,601.86
BNB,2026-06-09 00:00:00+00:00,2026-06-16 00:00:00+00:00,-0.0022128909627472226,-0.002121670874653651,7,-1.0,rebalance,,0.07975945238095236,2.04431452397619e-05,1,601.86,617.87
BNB,2026-06-16 00:00:00+00:00,2026-06-23 00:00:00+00:00,0.0019512220535920597,0.0019993640590908694,7,-1.0,rebalance,,0.04454911904761903,1.4226761167857137e-05,1,617.87,590.14
BNB,2026-06-23 00:00:00+00:00,2026-06-30 00:00:00+00:00,0.002813927931146041,0.002880928199846041,7,-1.0,rebalance,,0.05550607142857142,1.0708231299999996e-05,1,590.14,559.51
BNB,2026-06-30 00:00:00+00:00,2026-07-07 00:00:00+00:00,-0.0015947728089308912,-0.0015887395161242246,7,-1.0,rebalance,,0.033531333333333316,4.091057385999998e-05,1,559.51,586.02
BNB,2026-07-07 00:00:00+00:00,2026-07-14 00:00:00+00:00,0.006652412381095154,0.006701729004860868,7,-1.0,rebalance,,0.2120597857142857,0.00024756707623428567,1,586.02,567.5
BNB,2026-07-14 00:00:00+00:00,2026-07-21 00:00:00+00:00,-0.001374651553625731,-0.0013515560881057311,7,-1.0,rebalance,,0.20291219047619047,0.00026098160114666665,1,567.5,571.28
BNB,2026-07-21 00:00:00+00:00,2026-07-28 00:00:00+00:00,0.0019009928065627404,0.0019565741259394073,7,-1.0,rebalance,,0.22355033333333335,0.00025738914729,1,571.28,566.28
BNB,2026-07-28 00:00:00+00:00,2026-08-04 00:00:00+00:00,-0.008183455873373649,-0.008152763611388648,7,-1.0,rebalance,,0.20011907142857144,0.00024947443801500005,1,566.28,589.35
BNB,2026-08-04 00:00:00+00:00,2026-08-11 00:00:00+00:00,-0.0037513685616580397,-0.00363608600718304,7,-1.0,rebalance,,0.21667616666666667,0.00018806407885833335,1,589.35,599.24
BNB,2026-08-11 00:00:00+00:00,2026-08-18 00:00:00+00:00,-0.0018078997261991533,-0.0016539898931503439,7,-1.0,rebalance,,0.1508579761904762,5.729133361785715e-05,1,599.24,605.81
BNB,2026-08-18 00:00:00+00:00,2026-08-25 00:00:00+00:00,-0.010689572202987737,-0.01073232997380131,7,-1.0,rebalance,,0.06600764285714286,0.00013516847081357144,1,605.81,704.31
BNB,2026-08-25 00:00:00+00:00,2026-09-01 00:00:00+00:00,0.006110760793109455,0.006503833852585169,7,-1.0,rebalance,,0.3559219285714286,0.00010521764052428574,1,704.31,691.44
LTC,2020-01-10 00:00:00+00:00,2020-01-17 00:00:00+00:00,-0.009903735607874437,-0.009950837988826818,7,-1.0,rebalance,,0.034761904761904765,9.576904761904763e-05,1,44.75,57.56
LTC,2020-01-17 00:00:00+00:00,2020-01-24 00:00:00+00:00,0.027302105606437196,0.025289950031437195,7,-1.0,rebalance,,0.47884523809523816,0.002682538908333334,1,57.56,54.52
LTC,2020-01-24 00:00:00+00:00,2020-01-31 00:00:00+00:00,-0.23806326990014612,-0.24074566275372947,7,-1.0,rebalance,,0.9736983333333334,0.004045570520250001,1,54.52,68.0
LTC,2020-01-31 00:00:00+00:00,2020-02-07 00:00:00+00:00,-0.05440000227755741,-0.05936518345588242,7,-1.0,rebalance,,0.7221525000000002,0.005976194678325002,1,68.0,73.59
LTC,2020-02-07 00:00:00+00:00,2020-02-28 00:00:00+00:00,0.20698752743715185,0.16075553743715187,21,-1.0,rebalance,,1.0,0.04763198999999999,1,73.59,61.76
LTC,2020-02-28 00:00:00+00:00,2020-03-06 00:00:00+00:00,-0.0011328098119886584,-0.0026892999398593726,7,-1.0,rebalance,,0.5536372142857142,0.002331582227870714,1,61.76,62.06
LTC,2020-03-06 00:00:00+00:00,2020-03-13 00:00:00+00:00,0.3821440340967237,0.3801434970036678,7,-1.0,rebalance,,0.7319796904761905,0.0030253086597226194,1,62.06,29.83
LTC,2020-03-13 00:00:00+00:00,2020-03-20 00:00:00+00:00,-0.2218982673977828,-0.21842294713695065,7,-1.0,rebalance,,0.7183634523809524,-0.0024696114274988103,1,29.83,38.9
LTC,2020-03-27 00:00:00+00:00,2020-04-03 00:00:00+00:00,0.0013220416850746903,0.001443517558124452,7,-1.0,rebalance,,0.11006140476190479,3.261009361690477e-05,1,40.41,39.88
LTC,2020-04-03 00:00:00+00:00,2020-04-10 00:00:00+00:00,-0.008096335147536556,-0.008148258030042507,7,-1.0,rebalance,,0.05149802380952384,0.00012402011583928578,1,39.88,46.19
LTC,2020-04-10 00:00:00+00:00,2020-04-17 00:00:00+00:00,0.032671771317307356,0.033257778817307355,7,-1.0,rebalance,,0.4185767857142858,0.0,1,46.19,42.52
LTC,2020-05-01 00:00:00+00:00,2020-05-08 00:00:00+00:00,-0.01976026810489957,-0.02244765810489957,7,-1.0,rebalance,,1.0,0.00408739,1,46.33,47.37
LTC,2020-05-08 00:00:00+00:00,2020-05-15 00:00:00+00:00,0.05269640541303352,0.05069124564472185,7,-1.0,rebalance,,0.7104273095238095,0.0029997580016449996,1,47.37,43.99
LTC,2020-05-15 00:00:00+00:00,2020-05-22 00:00:00+00:00,0.020173585409965736,0.021187996931120737,7,-1.0,rebalance,,0.7339055,1.3056178845e-05,1,43.99,42.72
LTC,2020-05-22 00:00:00+00:00,2020-05-29 00:00:00+00:00,-0.00015270779579989538,-0.00014837889579989532,7,-1.0,rebalance,,0.0030920714285714666,0.0,1,42.72,44.77
LTC,2020-06-05 00:00:00+00:00,2020-06-12 00:00:00+00:00,0.02129294598025586,0.02137051675150348,7,-1.0,rebalance,,0.24076095238095244,0.0002594945620857144,1,47.43,43.22
LTC,2020-06-12 00:00:00+00:00,2020-06-19 00:00:00+00:00,-0.0011724953508097983,-0.0009102282508097982,7,-1.0,rebalance,,0.1873336428571429,0.0,1,43.22,43.43
LTC,2020-06-26 00:00:00+00:00,2020-07-03 00:00:00+00:00,0.0028017135528120786,0.002923031609195412,7,-1.0,rebalance,,0.0944741666666667,1.0945776950000006e-05,1,42.34,41.03
LTC,2020-07-03 00:00:00+00:00,2020-07-10 00:00:00+00:00,-0.0016343282143670415,-0.0016245518261898987,7,-1.0,rebalance,,0.02013757142857147,1.8416211822857182e-05,1,41.03,44.34
LTC,2020-07-10 00:00:00+00:00,2020-07-17 00:00:00+00:00,0.00808505380776171,0.008065914363038853,7,-1.0,rebalance,,0.1589522857142858,0.00024167264472285728,1,44.34,42.09
LTC,2020-07-17 00:00:00+00:00,2020-07-24 00:00:00+00:00,-0.017595917906441886,-0.017830917942277837,7,-1.0,rebalance,,0.2642617380952382,0.0006049664691692859,1,42.09,44.93
LTC,2020-07-24 00:00:00+00:00,2020-07-31 00:00:00+00:00,-0.09789727866314676,-0.10449997233792248,7,-1.0,rebalance,,0.39789692857142867,0.007159749374775716,1,44.93,56.73
LTC,2020-07-31 00:00:00+00:00,2020-09-11 00:00:00+00:00,0.2009638898854222,0.14242904988542215,42,-1.0,rebalance,,1.0,0.05993484000000003,1,56.73,48.65
LTC,2020-09-11 00:00:00+00:00,2020-09-18 00:00:00+00:00,-0.0012170037746145966,-0.0015005138746145967,7,-1.0,rebalance,,0.3650000000000001,0.0007945101000000003,1,48.65,48.85
LTC,2020-09-18 00:00:00+00:00,2020-09-25 00:00:00+00:00,0.030702275828527588,0.030437439128527588,7,-1.0,rebalance,,0.37833814285714296,0.0007945101000000003,1,48.85,44.92
LTC,2020-09-25 00:00:00+00:00,2020-10-16 00:00:00+00:00,-0.03528902645685662,-0.037377560106856625,21,-1.0,rebalance,,0.3650000000000001,0.002599533650000001,1,44.92,49.52
LTC,2020-10-16 00:00:00+00:00,2020-10-23 00:00:00+00:00,-0.04884369568198884,-0.04953609440630051,7,-1.0,rebalance,,0.5078731666666668,0.0014034211576450005,1,49.52,54.35
LTC,2020-10-23 00:00:00+00:00,2020-10-30 00:00:00+00:00,-0.003494833291597488,-0.004683630687343916,7,-1.0,rebalance,,0.4802930714285716,0.001861207695746429,1,54.35,54.88
LTC,2020-10-30 00:00:00+00:00,2020-11-06 00:00:00+00:00,-0.04930370851526761,-0.04982806456511165,7,-1.0,rebalance,,0.6735379761904763,0.0014673092165107147,1,54.88,58.94
LTC,2020-11-06 00:00:00+00:00,2020-11-13 00:00:00+00:00,-0.009713632676800652,-0.011435179819671367,7,-1.0,rebalance,,0.37864578571428587,0.002251651242870715,1,58.94,60.72
LTC,2020-11-13 00:00:00+00:00,2020-11-20 00:00:00+00:00,-0.3400909654940713,-0.3428853754940713,7,-1.0,rebalance,,1.0,0.00419441,1,60.72,81.54
LTC,2020-11-20 00:00:00+00:00,2020-11-27 00:00:00+00:00,0.1051197292893778,0.09432486718467137,7,-1.0,rebalance,,0.7290284047619049,0.011815501871373098,1,81.54,70.99
LTC,2020-11-27 00:00:00+00:00,2020-12-04 00:00:00+00:00,-0.25025147881250887,-0.2538385688125089,7,-1.0,rebalance,,1.0,0.00498709,1,70.99,89.01
LTC,2020-12-04 00:00:00+00:00,2020-12-11 00:00:00+00:00,0.13975469257412068,0.13867301685738903,7,-1.0,rebalance,,0.8668037380952381,0.0022952009500650005,1,89.01,74.77
LTC,2020-12-11 00:00:00+00:00,2020-12-18 00:00:00+00:00,-0.16017461099761263,-0.16139081543399764,7,-1.0,rebalance,,0.46022850000000015,0.0018605243363850007,1,74.77,100.99
LTC,2020-12-18 00:00:00+00:00,2020-12-25 00:00:00+00:00,-0.06652227041075143,-0.0705496719194262,7,-1.0,rebalance,,0.7026441190476191,0.005011103275341429,1,100.99,111.13
LTC,2020-12-25 00:00:00+00:00,2021-01-29 00:00:00+00:00,-0.13487060215243424,-0.1990461621524342,35,-1.0,rebalance,,1.0,0.06557555999999999,1,111.13,133.25
LTC,2021-01-29 00:00:00+00:00,2021-02-05 00:00:00+00:00,-0.06561738081053849,-0.0816423730188511,7,-1.0,rebalance,,0.9219361190476193,0.01731570277497929,1,133.25,145.05
LTC,2021-02-05 00:00:00+00:00,2021-03-05 00:00:00+00:00,-0.15852370118924486,-0.24550155118924488,28,-1.0,rebalance,,1.0,0.08837785000000002,1,145.05,180.66
LTC,2021-03-05 00:00:00+00:00,2021-03-12 00:00:00+00:00,-0.06541914030368916,-0.0706127174355406,7,-1.0,rebalance,,0.6159774761904765,0.006055945598518098,1,180.66,201.37
LTC,2021-03-12 00:00:00+00:00,2021-04-30 00:00:00+00:00,-0.15717630390127613,-0.26786512390127615,49,-1.0,rebalance,,1.0,0.11208882000000002,1,201.37,255.31
LTC,2021-04-30 00:00:00+00:00,2021-05-07 00:00:00+00:00,-0.2295924443949396,-0.23794619690348434,7,-1.0,rebalance,,0.612337904761905,0.009211025575211432,1,255.31,354.52
LTC,2021-05-07 00:00:00+00:00,2021-05-21 00:00:00+00:00,0.4157686078641543,0.4057881078641543,14,-1.0,rebalance,,1.0,0.011380499999999997,1,354.52,210.66
LTC,2021-05-28 00:00:00+00:00,2021-06-04 00:00:00+00:00,0.0015719497758878115,0.0013410556425544778,7,-1.0,rebalance,,0.3298487619047621,0.0006926824000000006,1,194.31,193.52
LTC,2021-06-04 00:00:00+00:00,2021-06-11 00:00:00+00:00,0.04782570845721376,0.047794026457213756,7,-1.0,rebalance,,0.3650000000000001,0.0005426820000000003,1,193.52,168.18
LTC,2021-06-11 00:00:00+00:00,2021-06-18 00:00:00+00:00,0.001777327672241747,0.0016133963610417469,7,-1.0,rebalance,,0.25842000000000015,0.0005257193112000005,1,168.18,167.13
LTC,2021-06-18 00:00:00+00:00,2021-06-25 00:00:00+00:00,0.06832734338840868,0.06884374910890582,7,-1.0,rebalance,,0.35359114285714305,-2.1378120497142833e-05,1,167.13,134.59
LTC,2021-07-09 00:00:00+00:00,2021-07-16 00:00:00+00:00,0.011612116083677534,0.01169830479650801,7,-1.0,rebalance,,0.24806790476190496,0.0002611063538361907,1,132.11,125.88
LTC,2021-07-16 00:00:00+00:00,2021-07-23 00:00:00+00:00,0.007296361083572403,0.007542773298833356,7,-1.0,rebalance,,0.18294495238095254,9.710718072380962e-06,1,125.88,120.69
LTC,2021-07-23 00:00:00+00:00,2021-07-30 00:00:00+00:00,-0.0015817639376557932,-0.001586175719770079,7,-1.0,rebalance,,0.009225809523809674,1.732791544761933e-05,1,120.69,141.44
LTC,2021-07-30 00:00:00+00:00,2021-08-06 00:00:00+00:00,-0.00454912656437187,-0.004777640897705203,7,-1.0,rebalance,,0.3264490476190478,0.0006855430000000005,1,141.44,143.51
LTC,2021-08-06 00:00:00+00:00,2021-08-13 00:00:00+00:00,-0.05534625162291132,-0.05569995122291132,7,-1.0,rebalance,,0.3650000000000001,0.0008646996000000003,1,143.51,165.41
LTC,2021-08-13 00:00:00+00:00,2021-08-20 00:00:00+00:00,-0.02459872321219327,-0.02529169347163327,7,-1.0,rebalance,,0.4117617142857145,0.0012694366594400007,1,165.41,175.57
LTC,2021-08-20 00:00:00+00:00,2021-08-27 00:00:00+00:00,0.026391161701318243,0.02401945038066491,7,-1.0,rebalance,,0.5358443333333336,0.0031218933873200013,1,175.57,167.7
LTC,2021-08-27 00:00:00+00:00,2021-09-03 00:00:00+00:00,-0.09059599873583793,-0.09361955873583794,7,-1.0,rebalance,,1.0,0.00442356,1,167.7,183.4
LTC,2021-09-03 00:00:00+00:00,2021-09-10 00:00:00+00:00,0.017318486746982928,0.012157496650568641,7,-1.0,rebalance,,0.7688568571428573,0.006237389696414288,1,183.4,180.5
LTC,2021-09-10 00:00:00+00:00,2021-09-17 00:00:00+00:00,-0.026065951163434832,-0.026038781163434832,7,-1.0,rebalance,,1.0,0.0013728300000000002,1,180.5,185.2
LTC,2021-09-17 00:00:00+00:00,2021-09-24 00:00:00+00:00,0.027609861227599508,0.02744283357759951,7,-1.0,rebalance,,0.23861092857142877,0.0005010829500000005,1,185.2,163.9
LTC,2021-09-24 00:00:00+00:00,2021-10-01 00:00:00+00:00,0.023434930696339257,0.023828553996339256,7,-1.0,rebalance,,0.3650000000000001,0.00011737670000000002,1,163.9,153.2
LTC,2021-10-01 00:00:00+00:00,2021-10-08 00:00:00+00:00,-0.009220346950660274,-0.009266965622280274,7,-1.0,rebalance,,0.05589366666666682,0.0001248698049533337,1,153.2,178.6
LTC,2021-10-08 00:00:00+00:00,2021-10-15 00:00:00+00:00,-0.005281502398099488,-0.005870170452727583,7,-1.0,rebalance,,0.38830090476190493,0.0011322893212947624,1,178.6,181.3
LTC,2021-10-15 00:00:00+00:00,2021-10-22 00:00:00+00:00,-0.04003827006536519,-0.043330776600215434,7,-1.0,rebalance,,0.5068303095238097,0.0040020689681835725,1,181.3,196.8
LTC,2021-10-22 00:00:00+00:00,2021-10-29 00:00:00+00:00,0.039657335691056866,0.03556910569105687,7,-1.0,rebalance,,1.0,0.00548823,1,196.8,189.8
LTC,2021-10-29 00:00:00+00:00,2021-11-05 00:00:00+00:00,-0.059941280283265966,-0.06433090109890097,7,-1.0,rebalance,,0.9539066428571432,0.005725090115635002,1,189.8,202.6
LTC,2021-11-05 00:00:00+00:00,2021-11-19 00:00:00+00:00,0.0010473287660413555,-0.007403751233958644,14,-1.0,rebalance,,1.0,0.00985108,1,202.6,204.1
LTC,2021-11-19 00:00:00+00:00,2021-11-26 00:00:00+00:00,-0.050597515478192995,-0.051195944390004904,7,-1.0,rebalance,,0.5528620238095241,0.0013724357451452389,1,204.1,223.0
LTC,2021-11-26 00:00:00+00:00,2021-12-03 00:00:00+00:00,0.03819589672006635,0.037729285393978254,7,-1.0,rebalance,,0.4314682380952383,0.0010706668594214293,1,223.0,203.5
LTC,2021-12-03 00:00:00+00:00,2021-12-10 00:00:00+00:00,0.11033953255730054,0.11042118620568626,7,-1.0,rebalance,,0.43129964285714306,0.0005221658516142859,1,203.5,151.4
LTC,2021-12-10 00:00:00+00:00,2021-12-17 00:00:00+00:00,0.0032763004943770213,0.0034746980562370216,7,-1.0,rebalance,,0.21042771428571444,9.620123814000008e-05,1,151.4,148.9
LTC,2021-12-17 00:00:00+00:00,2021-12-24 00:00:00+00:00,-0.007811882203029641,-0.00784465648085964,7,-1.0,rebalance,,0.07946050000000016,0.00014401897783000028,1,148.9,163.6
LTC,2021-12-24 00:00:00+00:00,2021-12-31 00:00:00+00:00,0.030441756718034924,0.030231406537431588,7,-1.0,rebalance,,0.31502280952380973,0.0006513821139366672,1,163.6,147.9
LTC,2021-12-31 00:00:00+00:00,2022-01-07 00:00:00+00:00,0.029399851580384634,0.029159526707234634,7,-1.0,rebalance,,0.3593911666666669,0.0007434725064833338,1,147.9,135.9
LTC,2022-01-07 00:00:00+00:00,2022-01-14 00:00:00+00:00,-0.0019717039813708587,-0.0021166137566137155,7,-1.0,rebalance,,0.35955976190476213,0.0006482934419095241,1,135.9,136.7
LTC,2022-01-14 00:00:00+00:00,2022-01-21 00:00:00+00:00,0.016308004255777993,0.01627660964224752,7,-1.0,rebalance,,0.3133820476190478,0.00047012948019714313,1,136.7,129.6
LTC,2022-01-21 00:00:00+00:00,2022-01-28 00:00:00+00:00,0.04570170441290612,0.04587190608465612,7,-1.0,rebalance,,0.26074557142857163,0.00019484212825000017,1,129.6,106.8
LTC,2022-01-28 00:00:00+00:00,2022-02-04 00:00:00+00:00,-0.005345989252702571,-0.004985997971285904,7,-1.0,rebalance,,0.12987916666666682,-0.00017816044808333353,1,106.8,110.9
LTC,2022-02-11 00:00:00+00:00,2022-02-18 00:00:00+00:00,0.015604659367938967,0.015811727633209444,7,-1.0,rebalance,,0.11685040476190493,-4.3477698603809585e-05,1,134.5,116.3
LTC,2022-03-25 00:00:00+00:00,2022-04-01 00:00:00+00:00,0.0053126181257017735,0.005175164820675107,7,-1.0,rebalance,,0.2616563333333335,0.0005037721716933336,1,126.4,123.9
LTC,2022-04-01 00:00:00+00:00,2022-04-08 00:00:00+00:00,0.026770606769517993,0.026738705638187515,7,-1.0,rebalance,,0.3346389523809526,0.0005003956646638099,1,123.9,114.0
LTC,2022-04-08 00:00:00+00:00,2022-04-15 00:00:00+00:00,0.014953698495451175,0.015274977088554747,7,-1.0,rebalance,,0.2599025952380954,4.258504022976195e-05,1,114.0,107.3
LTC,2022-04-15 00:00:00+00:00,2022-04-22 00:00:00+00:00,0.00013396496311187398,0.00013270592020592158,7,-1.0,rebalance,,0.02847869047619064,4.112920957261929e-05,1,107.3,106.8
LTC,2022-04-22 00:00:00+00:00,2022-04-29 00:00:00+00:00,0.00794077032518735,0.00822622737203497,7,-1.0,rebalance,,0.2510174523809526,6.596738648571434e-05,1,106.8,103.3
LTC,2022-04-29 00:00:00+00:00,2022-05-06 00:00:00+00:00,0.0028649221849683664,0.0028741667819112237,7,-1.0,rebalance,,0.04567714285714302,5.470340305714305e-05,1,103.3,96.8
LTC,2022-05-06 00:00:00+00:00,2022-05-13 00:00:00+00:00,0.06911484261438437,0.06967205755608032,7,-1.0,rebalance,,0.20815602380952397,-0.00026579650836261925,1,96.8,64.4
LTC,2022-06-03 00:00:00+00:00,2022-06-10 00:00:00+00:00,0.0008202805976335512,0.0008388198757764085,7,-1.0,rebalance,,0.012861904761904918,-5.326114761904828e-07,1,64.4,60.2
LTC,2022-06-24 00:00:00+00:00,2022-07-01 00:00:00+00:00,0.00610283294897433,0.006353560352784331,7,-1.0,rebalance,,0.18830871428571447,1.2904796190000022e-05,1,55.72,53.84
LTC,2022-07-01 00:00:00+00:00,2022-07-08 00:00:00+00:00,0.0003695003582197699,0.0003694585500247699,7,-1.0,rebalance,,0.011911166666666832,1.6717441528333568e-05,1,53.84,52.17
LTC,2022-07-08 00:00:00+00:00,2022-07-15 00:00:00+00:00,0.003804977665967215,0.003974542726617215,7,-1.0,rebalance,,0.2439434047619049,0.0001719557060166668,1,52.17,51.32
LTC,2022-07-15 00:00:00+00:00,2022-07-22 00:00:00+00:00,-0.015936851096538588,-0.01601905722265525,7,-1.0,rebalance,,0.1225183333333335,0.00025373179278333376,1,51.32,58.03
LTC,2022-07-22 00:00:00+00:00,2022-07-29 00:00:00+00:00,-0.03334757546077242,-0.03330957508431599,7,-1.0,rebalance,,0.3599543095238097,0.000465935656876905,1,58.03,63.4
LTC,2022-07-29 00:00:00+00:00,2022-08-05 00:00:00+00:00,0.013388962745948783,0.013342915217064735,7,-1.0,rebalance,,0.22498426190476206,0.00036102549555071457,1,63.4,59.64
LTC,2022-08-05 00:00:00+00:00,2022-08-12 00:00:00+00:00,-0.010213480977586079,-0.010288317284660365,7,-1.0,rebalance,,0.27890692857142874,0.00046530600707428606,1,59.64,61.84
LTC,2022-08-12 00:00:00+00:00,2022-08-19 00:00:00+00:00,0.00848145486658244,0.008487152775211013,7,-1.0,rebalance,,0.289969904761905,0.00040025995803809556,1,61.84,60.03
LTC,2022-08-19 00:00:00+00:00,2022-08-26 00:00:00+00:00,0.01328938079868301,0.013628524051466345,7,-1.0,rebalance,,0.2399179761904764,-3.2580861166666423e-06,1,60.03,56.62
LTC,2022-09-02 00:00:00+00:00,2022-09-09 00:00:00+00:00,-0.0006760340081304852,-0.0005491735089590563,7,-1.0,rebalance,,0.08322869047619064,-1.034033250476192e-05,1,57.59,57.97
LTC,2022-09-16 00:00:00+00:00,2022-09-23 00:00:00+00:00,0.008307040314314881,0.008646491739552977,7,-1.0,rebalance,,0.1758952380952383,-9.319809190476202e-05,1,56.35,53.58
LTC,2022-09-30 00:00:00+00:00,2022-10-07 00:00:00+00:00,0.001388266365151355,0.0014553006696842122,7,-1.0,rebalance,,0.1785058571428573,0.00018287389546714305,1,53.97,53.53
LTC,2022-10-07 00:00:00+00:00,2022-10-14 00:00:00+00:00,0.008058051590966293,0.00811643655093272,7,-1.0,rebalance,,0.17806264285714302,0.00019090274003357162,1,53.53,51.09
LTC,2022-10-14 00:00:00+00:00,2022-10-21 00:00:00+00:00,-0.0006248468340100345,-0.0004741550345328915,7,-1.0,rebalance,,0.18634292857142876,0.00011018830052285726,1,51.09,51.22
LTC,2022-10-21 00:00:00+00:00,2022-10-28 00:00:00+00:00,-0.007079796026290087,-0.007083228779680563,7,-1.0,rebalance,,0.10277704761904778,0.0001473206200571431,1,51.22,54.75
LTC,2022-10-28 00:00:00+00:00,2022-11-04 00:00:00+00:00,-0.0322359841730762,-0.0322628761904762,7,-1.0,rebalance,,0.2491385714285716,0.0003756860174000003,1,54.75,61.84
LTC,2022-11-04 00:00:00+00:00,2022-11-11 00:00:00+00:00,0.005203667277576732,0.005424979732643399,7,-1.0,rebalance,,0.26209433333333354,0.00014561961160000013,1,61.84,60.56
LTC,2022-11-11 00:00:00+00:00,2022-11-18 00:00:00+00:00,-0.0032231127701733207,-0.0032370244385733207,7,-1.0,rebalance,,0.0965685714285716,0.00014910766840000027,1,60.56,62.59
LTC,2022-11-18 00:00:00+00:00,2022-11-25 00:00:00+00:00,-0.06901482500687632,-0.06899042727805299,7,-1.0,rebalance,,0.26837233333333355,0.00035132353784333363,1,62.59,78.68
LTC,2022-11-25 00:00:00+00:00,2022-12-02 00:00:00+00:00,0.003165683949182139,0.0032099753885540434,7,-1.0,rebalance,,0.2275323095238097,0.00027425379396142885,1,78.68,77.57
LTC,2022-12-02 00:00:00+00:00,2022-12-09 00:00:00+00:00,-0.00202427734063152,-0.0018635387944529484,7,-1.0,rebalance,,0.20949957142857162,0.0001325608538214287,1,77.57,78.26
LTC,2022-12-09 00:00:00+00:00,2022-12-16 00:00:00+00:00,0.00818224069141583,0.008192839268981306,7,-1.0,rebalance,,0.10997797619047636,0.0001433705891011907,1,78.26,72.43
LTC,2022-12-16 00:00:00+00:00,2022-12-23 00:00:00+00:00,0.019259236500593042,0.019458072418032563,7,-1.0,rebalance,,0.2265833095238097,0.0001183807158938096,1,72.43,66.21
LTC,2022-12-23 00:00:00+00:00,2022-12-30 00:00:00+00:00,-0.0006871396010257183,-0.0006171852547090514,7,-1.0,rebalance,,0.09080852380952399,5.717758701666678e-05,1,66.21,66.66
LTC,2022-12-30 00:00:00+00:00,2023-01-06 00:00:00+00:00,-0.012511683742988148,-0.012460895214521482,7,-1.0,rebalance,,0.10943916666666684,0.00010242630486666685,1,66.66,74.25
LTC,2023-01-06 00:00:00+00:00,2023-01-13 00:00:00+00:00,-0.025859277024818727,-0.025939854878948253,7,-1.0,rebalance,,0.16267180952380972,0.00030831838746285756,1,74.25,86.09
LTC,2023-01-13 00:00:00+00:00,2023-01-20 00:00:00+00:00,0.007470096689520178,0.00719392390023732,7,-1.0,rebalance,,0.32942814285714306,0.0007373721892828575,1,86.09,84.21
LTC,2023-01-20 00:00:00+00:00,2023-01-27 00:00:00+00:00,-0.01495889544550696,-0.015245788759394101,7,-1.0,rebalance,,0.3890448095238097,0.0008315560472204768,1,84.21,87.51
LTC,2023-01-27 00:00:00+00:00,2023-02-03 00:00:00+00:00,-0.04697642442707672,-0.04725012381442124,7,-1.0,rebalance,,0.37150569047619064,0.0007938073540111909,1,87.51,98.64
LTC,2023-02-03 00:00:00+00:00,2023-02-10 00:00:00+00:00,0.0250339639166937,0.024773995100027032,7,-1.0,rebalance,,0.37138402380952396,0.0007799064500000005,1,98.64,92.06
LTC,2023-02-10 00:00:00+00:00,2023-02-17 00:00:00+00:00,-0.02567231020033676,-0.02577123615033676,7,-1.0,rebalance,,0.3650000000000001,0.0006099259500000002,1,92.06,98.56
LTC,2023-02-17 00:00:00+00:00,2023-02-24 00:00:00+00:00,0.011872810244387785,0.011669501594387786,7,-1.0,rebalance,,0.2904409285714288,0.0006099259500000004,1,98.56,94.6
LTC,2023-02-24 00:00:00+00:00,2023-03-03 00:00:00+00:00,-0.002795112101585655,-0.003048097251585655,7,-1.0,rebalance,,0.3650000000000001,0.0007639851500000003,1,94.6,95.39
LTC,2023-03-03 00:00:00+00:00,2023-03-10 00:00:00+00:00,0.07133390481600575,0.07131885794657528,7,-1.0,rebalance,,0.3638024523809526,0.0005243703027638098,1,95.39,76.69
LTC,2023-03-10 00:00:00+00:00,2023-03-17 00:00:00+00:00,-0.007183781452563312,-0.007056040236201407,7,-1.0,rebalance,,0.25052209523809543,0.00022298971697142878,1,76.69,78.85
LTC,2023-03-17 00:00:00+00:00,2023-03-24 00:00:00+00:00,-0.0288909263223115,-0.02895989817918293,7,-1.0,rebalance,,0.15470785714285734,0.00028556285687142896,1,78.85,93.61
LTC,2023-03-24 00:00:00+00:00,2023-03-31 00:00:00+00:00,0.015534897941420293,0.01559380390271696,7,-1.0,rebalance,,0.32082109523809543,0.0003902435720366669,1,93.61,89.06
LTC,2023-03-31 00:00:00+00:00,2023-04-07 00:00:00+00:00,-0.004510601904932664,-0.004534162568305997,7,-1.0,rebalance,,0.2114201666666668,0.0003195488967066669,1,89.06,90.97
LTC,2023-04-07 00:00:00+00:00,2023-04-14 00:00:00+00:00,-0.009198105179371852,-0.009269820380345186,7,-1.0,rebalance,,0.2627026666666668,0.00043949893430666694,1,90.97,94.18
LTC,2023-04-14 00:00:00+00:00,2023-04-21 00:00:00+00:00,0.012462091894518215,0.012226535539847738,7,-1.0,rebalance,,0.29078159523809544,0.00064265058800381,1,94.18,90.22
LTC,2023-04-21 00:00:00+00:00,2023-04-28 00:00:00+00:00,0.00197202650879994,0.0020862906968151782,7,-1.0,rebalance,,0.3841329523809527,0.0004235219453180956,1,90.22,89.73
LTC,2023-04-28 00:00:00+00:00,2023-05-05 00:00:00+00:00,0.002891965693467146,0.002861772163050003,7,-1.0,rebalance,,0.19163195238095254,0.0002984782637504764,1,89.73,88.39
LTC,2023-05-05 00:00:00+00:00,2023-05-12 00:00:00+00:00,0.022903510453031975,0.022970819258804353,7,-1.0,rebalance,,0.2707187619047621,0.00031169746089428595,1,88.39,80.89
LTC,2023-05-12 00:00:00+00:00,2023-05-19 00:00:00+00:00,-0.023640853394092085,-0.023626370776892797,7,-1.0,rebalance,,0.20011907142857163,0.00026568408280071455,1,80.89,90.44
LTC,2023-05-19 00:00:00+00:00,2023-05-26 00:00:00+00:00,0.009938442856368336,0.009874179969356193,7,-1.0,rebalance,,0.23075473809523833,0.0003873195203454765,1,90.44,86.57
LTC,2023-05-26 00:00:00+00:00,2023-06-02 00:00:00+00:00,-0.02545328928798074,-0.02561170569371336,7,-1.0,rebalance,,0.2917375476190478,0.000566848972399286,1,86.57,94.17
LTC,2023-06-02 00:00:00+00:00,2023-06-09 00:00:00+00:00,0.02051902805764908,0.020369687707641224,7,-1.0,rebalance,,0.33771364285714306,0.0006221394500078575,1,94.17,88.49
LTC,2023-06-09 00:00:00+00:00,2023-06-16 00:00:00+00:00,0.050026158792404504,0.05022361580808165,7,-1.0,rebalance,,0.320193642857143,0.00025081408432285726,1,88.49,74.61
LTC,2023-06-16 00:00:00+00:00,2023-06-23 00:00:00+00:00,-0.020704976867724146,-0.020675006503660335,7,-1.0,rebalance,,0.13614847619047635,0.00016063750260285732,1,74.61,85.94
LTC,2023-06-23 00:00:00+00:00,2023-06-30 00:00:00+00:00,0.0029990131745118278,0.0028873388161175417,7,-1.0,rebalance,,0.20507264285714308,0.0003987760583942862,1,85.94,84.73
LTC,2023-06-30 00:00:00+00:00,2023-07-07 00:00:00+00:00,-0.04173659155126929,-0.041963668841642626,7,-1.0,rebalance,,0.33798304761904785,0.0007002535570400006,1,84.73,95.25
LTC,2023-07-07 00:00:00+00:00,2023-07-14 00:00:00+00:00,-0.025125899150969244,-0.024952434645669243,7,-1.0,rebalance,,0.3601090000000002,0.00033068809470000016,1,95.25,101.85
LTC,2023-07-14 00:00:00+00:00,2023-07-21 00:00:00+00:00,0.014894464966899864,0.01485612202819272,7,-1.0,rebalance,,0.1596092857142859,0.0002617959387071432,1,101.85,92.37
LTC,2023-07-21 00:00:00+00:00,2023-07-28 00:00:00+00:00,0.005441941847293247,0.0054937308598442,7,-1.0,rebalance,,0.2850875952380954,0.0003473336207823811,1,92.37,90.59
LTC,2023-07-28 00:00:00+00:00,2023-08-04 00:00:00+00:00,0.018878869218911135,0.018793941116174943,7,-1.0,rebalance,,0.2117590952380954,0.00038139083606952417,1,90.59,82.55
LTC,2023-08-04 00:00:00+00:00,2023-08-11 00:00:00+00:00,-0.0021321200941118476,-0.002199442773499467,7,-1.0,rebalance,,0.31304138095238115,0.0005055806127209527,1,82.55,83.13
LTC,2023-08-11 00:00:00+00:00,2023-08-18 00:00:00+00:00,0.06189971374541113,0.061997921121823035,7,-1.0,rebalance,,0.2807128095238098,0.0002947905569214288,1,83.13,64.77
LTC,2023-08-18 00:00:00+00:00,2023-08-25 00:00:00+00:00,-0.0008622252572305557,-0.0003099871523412695,7,-1.0,rebalance,,0.1825260714285716,-0.00029670160488928603,1,64.77,64.88
LTC,2023-09-01 00:00:00+00:00,2023-09-08 00:00:00+00:00,0.0003687528863864126,0.0006746552166264128,7,-1.0,rebalance,,0.2535116190476192,4.901393642666669e-05,1,63.88,63.71
LTC,2023-09-08 00:00:00+00:00,2023-09-15 00:00:00+00:00,0.00042200887329651987,0.00046416282111652005,7,-1.0,rebalance,,0.03360433333333349,4.892118846666691e-06,1,63.71,62.83
LTC,2023-09-15 00:00:00+00:00,2023-09-22 00:00:00+00:00,-0.0007564045302952631,-0.0007490678702166917,7,-1.0,rebalance,,0.025303190476190635,2.8087806588095414e-05,1,62.83,64.69
LTC,2023-09-22 00:00:00+00:00,2023-09-29 00:00:00+00:00,-0.001611873146993481,-0.0015807195673137192,7,-1.0,rebalance,,0.19293726190476207,0.000238958586986905,1,64.69,65.22
LTC,2023-09-29 00:00:00+00:00,2023-10-06 00:00:00+00:00,0.0013459102570975736,0.0013532659752340023,7,-1.0,rebalance,,0.21526830952380974,0.00029401991519690504,1,65.22,64.81
LTC,2023-10-06 00:00:00+00:00,2023-10-13 00:00:00+00:00,0.013451876550096779,0.013516198525359874,7,-1.0,rebalance,,0.2373942619047621,0.00026802999140357163,1,64.81,61.12
LTC,2023-10-13 00:00:00+00:00,2023-10-20 00:00:00+00:00,-0.0022057270615167455,-0.0020869726416417457,7,-1.0,rebalance,,0.19623964285714302,0.00015598108012500014,1,61.12,61.77
LTC,2023-10-20 00:00:00+00:00,2023-10-27 00:00:00+00:00,-0.015583466349319449,-0.015611210134369448,7,-1.0,rebalance,,0.13815250000000018,0.00022115728505000035,1,61.77,68.75
LTC,2023-10-27 00:00:00+00:00,2023-11-03 00:00:00+00:00,-0.0023826792092780415,-0.0027115534614718514,7,-1.0,rebalance,,0.2782377619047621,0.0007184071188604769,1,68.75,69.42
LTC,2023-11-03 00:00:00+00:00,2023-11-10 00:00:00+00:00,-0.0282660870172738,-0.02863830054807856,7,-1.0,rebalance,,0.44877445238095254,0.0010004977641380956,1,69.42,73.85
LTC,2023-11-10 00:00:00+00:00,2023-11-17 00:00:00+00:00,0.015910346912574744,0.015163830093174744,7,-1.0,rebalance,,0.38749095238095266,0.0012890041527333343,1,73.85,70.96
LTC,2023-11-17 00:00:00+00:00,2023-11-24 00:00:00+00:00,0.012219375078053289,0.011814646044719957,7,-1.0,rebalance,,0.5781843333333335,0.0012141871000000003,1,70.96,69.51
LTC,2023-11-24 00:00:00+00:00,2023-12-08 00:00:00+00:00,-0.02237263144942447,-0.02368220399942447,14,-1.0,rebalance,,0.3650000000000001,0.0018205725500000003,1,69.51,74.02
LTC,2023-12-08 00:00:00+00:00,2023-12-15 00:00:00+00:00,0.00827106626726442,0.0073914326855032296,7,-1.0,rebalance,,0.5019393095238097,0.0015823486150945247,1,74.02,72.93
LTC,2023-12-15 00:00:00+00:00,2023-12-22 00:00:00+00:00,0.01609671484641228,0.015026170561464658,7,-1.0,rebalance,,0.5479293095238097,0.0018376453182809532,1,72.93,70.93
LTC,2023-12-22 00:00:00+00:00,2023-12-29 00:00:00+00:00,-0.042063253703832036,-0.04585798513625109,7,-1.0,rebalance,,0.5829223809523812,0.004610822765752383,1,70.93,76.51
LTC,2023-12-29 00:00:00+00:00,2024-01-12 00:00:00+00:00,0.0679059653640048,0.0605149653640048,14,-1.0,rebalance,,1.0,0.008790999999999998,1,76.51,71.88
LTC,2024-01-12 00:00:00+00:00,2024-02-16 00:00:00+00:00,0.014138614612493022,0.010765164162493018,35,-1.0,rebalance,,0.3650000000000001,0.003884450450000004,1,71.88,69.76
LTC,2024-02-16 00:00:00+00:00,2024-02-23 00:00:00+00:00,0.006510510846361887,0.005419239682312125,7,-1.0,rebalance,,0.3897383095238098,0.0016369047973830964,1,69.76,68.79
LTC,2024-02-23 00:00:00+00:00,2024-03-01 00:00:00+00:00,-0.11214832942911052,-0.11821804568078147,7,-1.0,rebalance,,0.7300017380952384,0.007091718685004288,1,68.79,79.93
LTC,2024-03-01 00:00:00+00:00,2024-03-22 00:00:00+00:00,-0.0466322325272111,-0.0726886025272111,21,-1.0,rebalance,,1.0,0.02745637,1,79.93,85.74
LTC,2024-03-22 00:00:00+00:00,2024-03-29 00:00:00+00:00,-0.06357348432413089,-0.06594858897330803,7,-1.0,rebalance,,0.6755593809523812,0.0033208877825104777,1,85.74,94.11
LTC,2024-03-29 00:00:00+00:00,2024-04-05 00:00:00+00:00,-0.03358183660657209,-0.0390388416796959,7,-1.0,rebalance,,0.854405904761905,0.006653173339790478,1,94.11,98.41
LTC,2024-04-05 00:00:00+00:00,2024-04-12 00:00:00+00:00,-0.002706894820648402,-0.003658164820648402,7,-1.0,rebalance,,1.0,0.00235127,1,98.41,98.77
LTC,2024-04-12 00:00:00+00:00,2024-04-19 00:00:00+00:00,0.07473066400887259,0.07451860761412997,7,-1.0,rebalance,,0.4086731190476192,0.000784198761409286,1,98.77,80.76
LTC,2024-04-19 00:00:00+00:00,2024-04-26 00:00:00+00:00,-0.012425283529922226,-0.012430649888558656,7,-1.0,rebalance,,0.33352135714285736,0.0004722962586364289,1,80.76,83.77
LTC,2024-04-26 00:00:00+00:00,2024-05-03 00:00:00+00:00,0.010974156894716602,0.010988730247787315,7,-1.0,rebalance,,0.24612992857142876,0.000330008546929286,1,83.77,80.03
LTC,2024-05-03 00:00:00+00:00,2024-05-10 00:00:00+00:00,-0.008850205035183852,-0.008852279109619566,7,-1.0,rebalance,,0.2330420714285716,0.0003283329744357146,1,80.03,83.07
LTC,2024-05-10 00:00:00+00:00,2024-05-17 00:00:00+00:00,0.0019880297823247676,0.0018866420173461959,7,-1.0,rebalance,,0.24488023809523826,0.0004442200983119051,1,83.07,82.43
LTC,2024-05-17 00:00:00+00:00,2024-05-24 00:00:00+00:00,-0.011334604715402664,-0.011551534456364093,7,-1.0,rebalance,,0.3152956904761907,0.0006583437076280958,1,82.43,85.45
LTC,2024-05-24 00:00:00+00:00,2024-05-31 00:00:00+00:00,0.004607551336218353,0.004332078609044544,7,-1.0,rebalance,,0.3629177619047621,0.0007835575938404766,1,85.45,84.43
LTC,2024-05-31 00:00:00+00:00,2024-06-07 00:00:00+00:00,0.0015724670058737298,0.0010667206984653964,7,-1.0,rebalance,,0.37526345238095254,0.001031115140741667,1,84.43,84.19
LTC,2024-06-07 00:00:00+00:00,2024-06-14 00:00:00+00:00,0.029006957383948432,0.0285900220928851,7,-1.0,rebalance,,0.47757816666666686,0.0010855447243966674,1,84.19,79.15
LTC,2024-06-14 00:00:00+00:00,2024-06-21 00:00:00+00:00,0.02229432281643108,0.022211910687964413,7,-1.0,rebalance,,0.395072523809524,0.0006355136618000003,1,79.15,74.7
LTC,2024-06-21 00:00:00+00:00,2024-06-28 00:00:00+00:00,0.005408995898613115,0.005314829986613115,7,-1.0,rebalance,,0.2795900000000002,0.0004855919120000004,1,74.7,73.28
LTC,2024-06-28 00:00:00+00:00,2024-07-05 00:00:00+00:00,0.032497058488456985,0.03237877885215222,7,-1.0,rebalance,,0.3018723809523811,0.0005409009696380956,1,73.28,65.42
LTC,2024-07-05 00:00:00+00:00,2024-07-12 00:00:00+00:00,-0.009510822292857263,-0.009235472929495834,7,-1.0,rebalance,,0.31143538095238116,0.00016066016997190485,1,65.42,67.36
LTC,2024-07-12 00:00:00+00:00,2024-07-19 00:00:00+00:00,-0.005756520402109872,-0.005697122172265585,7,-1.0,rebalance,,0.08966311904761921,6.613013682238107e-05,1,67.36,71.64
LTC,2024-07-19 00:00:00+00:00,2024-07-26 00:00:00+00:00,0.005019319012835465,0.00508185081492118,7,-1.0,rebalance,,0.12819147619047636,0.00011693626458095254,1,71.64,68.8
LTC,2024-07-26 00:00:00+00:00,2024-08-02 00:00:00+00:00,-0.0017333928446462987,-0.0017975037375415367,7,-1.0,rebalance,,0.15854904761904778,0.0002860795595619051,1,68.8,69.58
LTC,2024-08-02 00:00:00+00:00,2024-08-09 00:00:00+00:00,0.03776720434755735,0.0379961777604402,7,-1.0,rebalance,,0.31361495238095255,0.00021008752045047633,1,69.58,61.15
LTC,2024-08-09 00:00:00+00:00,2024-08-16 00:00:00+00:00,-0.007975865945629358,-0.007958970314994358,7,-1.0,rebalance,,0.11643326190476207,0.00014611093603166688,1,61.15,65.33
LTC,2024-08-16 00:00:00+00:00,2024-08-23 00:00:00+00:00,0.00508283657551865,0.005208242155211984,7,-1.0,rebalance,,0.2181118333333335,0.00017995098697333347,1,65.33,63.77
LTC,2024-08-23 00:00:00+00:00,2024-08-30 00:00:00+00:00,0.002842856035442084,0.002945801324701132,7,-1.0,rebalance,,0.14339980952380968,9.78144440742858e-05,1,63.77,62.46
LTC,2024-08-30 00:00:00+00:00,2024-09-06 00:00:00+00:00,-0.006895983522436397,-0.006852250137230682,7,-1.0,rebalance,,0.11855721428571447,0.00012224671479428592,1,62.46,66.07
LTC,2024-09-06 00:00:00+00:00,2024-09-13 00:00:00+00:00,0.008557434582953887,0.008788676598412934,7,-1.0,rebalance,,0.17921847619047634,1.9663851207619067e-05,1,66.07,62.83
LTC,2024-09-13 00:00:00+00:00,2024-09-20 00:00:00+00:00,-0.0007953158795617118,-0.0007770201374836163,7,-1.0,rebalance,,0.019070380952381102,8.40279125523816e-06,1,62.83,65.39
LTC,2024-09-20 00:00:00+00:00,2024-09-27 00:00:00+00:00,-0.00367815288496293,-0.0036892407095886442,7,-1.0,rebalance,,0.07658395238095253,0.00011830535795904786,1,65.39,68.54
LTC,2024-09-27 00:00:00+00:00,2024-10-04 00:00:00+00:00,0.020031864765989817,0.01993948283935696,7,-1.0,rebalance,,0.26849747619047637,0.00046827839329952417,1,68.54,63.45
LTC,2024-10-04 00:00:00+00:00,2024-10-11 00:00:00+00:00,-0.004061450343568988,-0.004156474378025417,7,-1.0,rebalance,,0.3031359761904764,0.0005194144011230956,1,63.45,64.32
LTC,2024-10-11 00:00:00+00:00,2024-10-18 00:00:00+00:00,-0.03910266979657156,-0.03921818125518251,7,-1.0,rebalance,,0.29781740476190494,0.0005324558252776194,1,64.32,72.79
LTC,2024-10-18 00:00:00+00:00,2024-10-25 00:00:00+00:00,0.007089664791972252,0.006873235655080824,7,-1.0,rebalance,,0.31074709523809546,0.0006514750702247624,1,72.79,71.18
LTC,2024-10-25 00:00:00+00:00,2024-11-01 00:00:00+00:00,0.00963975357287053,0.00947061186261529,7,-1.0,rebalance,,0.36438819047619064,0.0006792851769219051,1,71.18,69.33
LTC,2024-11-01 00:00:00+00:00,2024-11-08 00:00:00+00:00,-0.009727699830028198,-0.009954508396694865,7,-1.0,rebalance,,0.32401223809523827,0.0006804257000000005,1,69.33,71.46
LTC,2024-11-08 00:00:00+00:00,2024-11-15 00:00:00+00:00,-0.054836834944472494,-0.055725580744472494,7,-1.0,rebalance,,0.3650000000000001,0.0013997458000000005,1,71.46,82.37
LTC,2024-11-15 00:00:00+00:00,2024-11-22 00:00:00+00:00,-0.057103079451796844,-0.05777753696734256,7,-1.0,rebalance,,0.6665456190476192,0.0016076213822123814,1,82.37,89.51
LTC,2024-11-22 00:00:00+00:00,2024-11-29 00:00:00+00:00,-0.026961938579089285,-0.028240554535008094,7,-1.0,rebalance,,0.41920597619047634,0.0018655043225854766,1,89.51,95.54
LTC,2024-11-29 00:00:00+00:00,2024-12-06 00:00:00+00:00,-0.3213957896156555,-0.3258539664887307,7,-1.0,rebalance,,0.773468023809524,0.0055410321064085725,1,95.54,135.79
LTC,2024-12-06 00:00:00+00:00,2024-12-13 00:00:00+00:00,0.1248001456859856,0.1219530156859856,7,-1.0,rebalance,,1.0,0.004247129999999999,1,135.79,119.23
LTC,2024-12-13 00:00:00+00:00,2024-12-20 00:00:00+00:00,0.12353835575170624,0.12302162160170625,7,-1.0,rebalance,,0.7381916428571431,0.0015502024500000005,1,119.23,99.36
LTC,2024-12-20 00:00:00+00:00,2024-12-27 00:00:00+00:00,-0.010352829794927503,-0.010579710144927505,7,-1.0,rebalance,,0.3650000000000001,0.0007378803500000002,1,99.36,102.24
LTC,2024-12-27 00:00:00+00:00,2025-01-03 00:00:00+00:00,-0.009859371796079068,-0.009966526077762878,7,-1.0,rebalance,,0.35137159523809547,0.0005990745150171432,1,102.24,105.14
LTC,2025-01-03 00:00:00+00:00,2025-01-10 00:00:00+00:00,0.008366039504527398,0.008201868094241683,7,-1.0,rebalance,,0.29633828571428594,0.0005790450102857148,1,105.14,102.23
LTC,2025-01-10 00:00:00+00:00,2025-01-17 00:00:00+00:00,-0.07391076360789399,-0.07378504166608446,7,-1.0,rebalance,,0.3396238095238097,0.00034975139152380977,1,102.23,124.44
LTC,2025-01-17 00:00:00+00:00,2025-01-24 00:00:00+00:00,0.01165659820101597,0.011535840894827874,7,-1.0,rebalance,,0.178992523809524,0.000371346839521429,1,124.44,116.42
LTC,2025-01-24 00:00:00+00:00,2025-01-31 00:00:00+00:00,-0.04246239170898629,-0.04252666757675415,7,-1.0,rebalance,,0.36059392857142875,0.0005691073677678574,1,116.42,130.15
LTC,2025-01-31 00:00:00+00:00,2025-02-07 00:00:00+00:00,0.05996633510973021,0.0600478752080933,7,-1.0,rebalance,,0.27431488095238116,0.00030250073497023835,1,130.15,101.66
LTC,2025-02-07 00:00:00+00:00,2025-02-14 00:00:00+00:00,-0.047018873589370166,-0.04705926196565588,7,-1.0,rebalance,,0.1916684523809526,0.000308724209619048,1,101.66,126.62
LTC,2025-02-14 00:00:00+00:00,2025-02-21 00:00:00+00:00,-0.009254972375899494,-0.009286254936029017,7,-1.0,rebalance,,0.27995847619047637,0.00042322442679619077,1,126.62,130.82
LTC,2025-02-21 00:00:00+00:00,2025-02-28 00:00:00+00:00,0.007707066483814615,0.007953745954091759,7,-1.0,rebalance,,0.2627548095238097,0.00012117726305619058,1,130.82,126.86
LTC,2025-02-28 00:00:00+00:00,2025-03-07 00:00:00+00:00,0.01470573823029892,0.014829701767227492,7,-1.0,rebalance,,0.08015747619047635,-1.1743070261904784e-05,1,126.86,103.39
LTC,2025-03-14 00:00:00+00:00,2025-03-21 00:00:00+00:00,-0.008019559026351587,-0.007958428122753252,7,-1.0,rebalance,,0.1348188333333335,0.00012761546306833352,1,88.09,93.29
LTC,2025-03-21 00:00:00+00:00,2025-03-28 00:00:00+00:00,0.0008123928050343853,0.0008817819753048615,7,-1.0,rebalance,,0.16452288095238113,0.00016094286306285734,1,93.29,92.79
LTC,2025-03-28 00:00:00+00:00,2025-04-04 00:00:00+00:00,0.016923678135054004,0.01711451862115686,7,-1.0,rebalance,,0.17002742857142875,4.71979138971429e-05,1,92.79,83.45
LTC,2025-04-04 00:00:00+00:00,2025-04-11 00:00:00+00:00,0.00556353151013631,0.0055735009500984525,7,-1.0,rebalance,,0.048247785714285875,5.757746003785733e-05,1,83.45,73.81
LTC,2025-04-11 00:00:00+00:00,2025-04-18 00:00:00+00:00,-0.0032995808240158797,-0.0031754985871058797,7,-1.0,rebalance,,0.2074190714285716,0.00016630446309000014,1,73.81,74.94
LTC,2025-04-18 00:00:00+00:00,2025-04-25 00:00:00+00:00,-0.017390743252824047,-0.017405678142514047,7,-1.0,rebalance,,0.13935700000000018,0.00021003468969000026,1,74.94,84.3
LTC,2025-04-25 00:00:00+00:00,2025-05-02 00:00:00+00:00,-0.014258424282755207,-0.014139030545670206,7,-1.0,rebalance,,0.2619605000000002,0.00024735096291500025,1,84.3,88.85
LTC,2025-05-02 00:00:00+00:00,2025-05-09 00:00:00+00:00,-0.011496879763947955,-0.011322814875257955,7,-1.0,rebalance,,0.1641161666666668,5.5697744643333396e-05,1,88.85,94.98
LTC,2025-05-09 00:00:00+00:00,2025-05-16 00:00:00+00:00,-0.0026335689211165743,-0.0026581006327146693,7,-1.0,rebalance,,0.058987476190476354,0.00010711417826476222,1,94.98,99.26
LTC,2025-05-16 00:00:00+00:00,2025-05-23 00:00:00+00:00,-0.003290436485048346,-0.0031797021770626314,7,-1.0,rebalance,,0.3156172380952383,0.00033112982534761924,1,99.26,100.26
LTC,2025-05-23 00:00:00+00:00,2025-05-30 00:00:00+00:00,0.012779318729128028,0.012840683912304219,7,-1.0,rebalance,,0.1823522619047621,0.00019392798349047638,1,100.26,93.2
LTC,2025-05-30 00:00:00+00:00,2025-06-06 00:00:00+00:00,0.018971079914775212,0.019079283282239973,7,-1.0,rebalance,,0.18484295238095258,0.00015057676586857158,1,93.2,83.58
LTC,2025-06-06 00:00:00+00:00,2025-06-13 00:00:00+00:00,-0.004319352228282411,-0.00431982796636241,7,-1.0,rebalance,,0.14158871428571443,0.00019869993808000022,1,83.58,86.13
LTC,2025-06-13 00:00:00+00:00,2025-06-20 00:00:00+00:00,0.002749100445393638,0.002888606525020305,7,-1.0,rebalance,,0.2439173333333335,0.00020197818704000017,1,86.13,85.11
LTC,2025-06-20 00:00:00+00:00,2025-06-27 00:00:00+00:00,0.0013387086118190708,0.0014204765597462137,7,-1.0,rebalance,,0.14392471428571446,0.00011972665207285731,1,85.11,84.27
LTC,2025-06-27 00:00:00+00:00,2025-07-04 00:00:00+00:00,-0.008319401503617083,-0.008252796089101368,7,-1.0,rebalance,,0.14458692857142874,0.00013581628548428587,1,84.27,89.08
LTC,2025-07-04 00:00:00+00:00,2025-07-11 00:00:00+00:00,-0.010612335873622154,-0.010593610868775012,7,-1.0,rebalance,,0.1632662380952383,0.00020984772848619074,1,89.08,94.86
LTC,2025-07-11 00:00:00+00:00,2025-07-18 00:00:00+00:00,-0.015745437262182613,-0.015872971351264517,7,-1.0,rebalance,,0.22339911904761928,0.00044029285574857194,1,94.86,101.6
LTC,2025-07-18 00:00:00+00:00,2025-07-25 00:00:00+00:00,-0.03573551286209226,-0.035975303262092265,7,-1.0,rebalance,,0.34255771428571447,0.0007193712000000004,1,101.6,112.27
LTC,2025-07-25 00:00:00+00:00,2025-08-01 00:00:00+00:00,0.020254682769266022,0.020091743119266023,7,-1.0,rebalance,,0.3650000000000001,0.0006739396500000002,1,112.27,106.09
LTC,2025-08-01 00:00:00+00:00,2025-08-08 00:00:00+00:00,-0.0508105959361079,-0.0508504706987329,7,-1.0,rebalance,,0.3209236428571431,0.0004891678626250004,1,106.09,122.9
LTC,2025-08-08 00:00:00+00:00,2025-08-15 00:00:00+00:00,0.0036023182667171143,0.0034921501220504477,7,-1.0,rebalance,,0.2649291666666669,0.00048106897800000034,1,122.9,121.28
LTC,2025-08-15 00:00:00+00:00,2025-08-22 00:00:00+00:00,0.01685587252684732,0.01696717565020732,7,-1.0,rebalance,,0.3156102857142859,0.0003305512766400002,1,121.28,114.76
LTC,2025-08-22 00:00:00+00:00,2025-08-29 00:00:00+00:00,0.001776750990875736,0.0017765962588590692,7,-1.0,rebalance,,0.18203766666666682,0.00025500746535000025,1,114.76,113.64
LTC,2025-08-29 00:00:00+00:00,2025-09-05 00:00:00+00:00,0.005592645940016732,0.005549243004223874,7,-1.0,rebalance,,0.24348107142857162,0.00038427643579285744,1,113.64,111.05
LTC,2025-09-05 00:00:00+00:00,2025-09-12 00:00:00+00:00,-0.011854286560477491,-0.011807595128749395,7,-1.0,rebalance,,0.2743166190476192,0.0003373518349385717,1,111.05,115.83
LTC,2025-09-12 00:00:00+00:00,2025-09-19 00:00:00+00:00,-0.004368556646843825,-0.004355073346406682,7,-1.0,rebalance,,0.21374921428571447,0.0002857655995628575,1,115.83,118.19
LTC,2025-09-19 00:00:00+00:00,2025-09-26 00:00:00+00:00,0.03102403918148426,0.031280121910241404,7,-1.0,rebalance,,0.23236942857142873,6.92344712428572e-05,1,118.19,102.28
LTC,2025-09-26 00:00:00+00:00,2025-10-03 00:00:00+00:00,-0.008725913350180239,-0.008739106491051666,7,-1.0,rebalance,,0.05178654761904777,8.569430753809549e-05,1,102.28,119.54
LTC,2025-10-03 00:00:00+00:00,2025-10-10 00:00:00+00:00,-0.015189661425519415,-0.0153021497645737,7,-1.0,rebalance,,0.28761304761904777,0.0005151466057209527,1,119.54,125.9
LTC,2025-10-10 00:00:00+00:00,2025-10-17 00:00:00+00:00,0.08408403514793202,0.08434353858504487,7,-1.0,rebalance,,0.3113119761904764,0.00017633332955380962,1,125.9,91.79
LTC,2025-10-17 00:00:00+00:00,2025-10-24 00:00:00+00:00,-0.0025280387732277716,-0.0024132332342458665,7,-1.0,rebalance,,0.09844919047619063,2.3023327684761944e-05,1,91.79,94.04
LTC,2025-10-24 00:00:00+00:00,2025-10-31 00:00:00+00:00,0.00025111003506360927,0.00028527310566932366,7,-1.0,rebalance,,0.0406470952380954,2.2742862727619138e-05,1,94.04,93.38
LTC,2025-10-31 00:00:00+00:00,2025-11-07 00:00:00+00:00,0.006499706337002017,0.006633989005497254,7,-1.0,rebalance,,0.09724990476190491,1.8671981714285698e-06,1,93.38,87.01
LTC,2025-11-07 00:00:00+00:00,2025-11-14 00:00:00+00:00,-0.0003658728981293742,-0.0003655093831579456,7,-1.0,rebalance,,0.0033371428571430045,4.308485028571619e-06,1,87.01,96.54
LTC,2025-11-14 00:00:00+00:00,2025-11-21 00:00:00+00:00,0.021497998417590754,0.021640423019819086,7,-1.0,rebalance,,0.22440026190476206,0.00017173576443833347,1,96.54,87.23
LTC,2025-11-21 00:00:00+00:00,2025-11-28 00:00:00+00:00,0.000791748785539288,0.0009759443616492883,7,-1.0,rebalance,,0.13301816666666683,2.0298572233333348e-06,1,87.23,86.59
LTC,2025-11-28 00:00:00+00:00,2025-12-05 00:00:00+00:00,8.968593809902085e-05,9.342437540902107e-05,7,-1.0,rebalance,,0.0026523333333334865,-2.517064333333479e-08,1,86.59,83.54
LTC,2025-12-12 00:00:00+00:00,2025-12-19 00:00:00+00:00,0.010088961244523586,0.01018478853364573,7,-1.0,rebalance,,0.09764445238095254,4.087494421119054e-05,1,82.93,74.28
LTC,2025-12-19 00:00:00+00:00,2025-12-26 00:00:00+00:00,-0.0014318530386070293,-0.0013909118842475054,7,-1.0,rebalance,,0.07275840476190494,6.0920612307143004e-05,1,74.28,75.7
LTC,2025-12-26 00:00:00+00:00,2026-01-02 00:00:00+00:00,-0.008214230741603058,-0.008208931968295915,7,-1.0,rebalance,,0.14553071428571446,0.0001984442266928574,1,75.7,79.97
LTC,2026-01-02 00:00:00+00:00,2026-01-09 00:00:00+00:00,-0.00403540556188258,-0.003971321799246152,7,-1.0,rebalance,,0.23700492857142874,0.0002677231373635716,1,79.97,81.31
LTC,2026-01-09 00:00:00+00:00,2026-01-16 00:00:00+00:00,0.02195138167050872,0.02197351473783467,7,-1.0,rebalance,,0.19633697619047635,0.00025273869934071453,1,81.31,72.21
LTC,2026-01-16 00:00:00+00:00,2026-01-23 00:00:00+00:00,0.012205829730630035,0.012424823995489323,7,-1.0,rebalance,,0.22373978571428588,9.424143514071435e-05,1,72.21,68.2
LTC,2026-01-23 00:00:00+00:00,2026-01-30 00:00:00+00:00,0.0020370507214815706,0.0021039913000977612,7,-1.0,rebalance,,0.07321030952380969,3.555385471714294e-05,1,68.2,66.24
LTC,2026-01-30 00:00:00+00:00,2026-02-06 00:00:00+00:00,0.019555187627777804,0.019687754270186375,7,-1.0,rebalance,,0.08440885714285733,-1.4394242408571458e-05,1,66.24,50.79
LTC,2026-02-20 00:00:00+00:00,2026-02-27 00:00:00+00:00,-0.005269728109485269,-0.005111048594736697,7,-1.0,rebalance,,0.09289771428571444,-2.8622714748571477e-05,1,52.71,55.61
LTC,2026-03-06 00:00:00+00:00,2026-03-13 00:00:00+00:00,0.00047340629554690124,0.0005259688634783301,7,-1.0,rebalance,,0.032417214285714445,-7.178467931428605e-06,1,55.47,54.57
LTC,2026-03-20 00:00:00+00:00,2026-03-27 00:00:00+00:00,0.0028318617493153938,0.003051631370430394,7,-1.0,rebalance,,0.1802735000000002,3.261327888500003e-05,1,55.53,54.59
LTC,2026-03-27 00:00:00+00:00,2026-04-03 00:00:00+00:00,0.0012776176665367915,0.0013248017254163156,7,-1.0,rebalance,,0.03144388095238111,-3.1626255461904928e-06,1,54.59,52.29
LTC,2026-04-10 00:00:00+00:00,2026-04-17 00:00:00+00:00,-0.0027689270432956076,-0.0026799131290646547,7,-1.0,rebalance,,0.08076754761904778,2.4060652435714334e-05,1,54.55,56.36
LTC,2026-04-17 00:00:00+00:00,2026-04-24 00:00:00+00:00,0.00010359931278484011,0.00013780480077055452,7,-1.0,rebalance,,0.051777857142857306,3.8283512014285834e-05,1,56.36,56.21
LTC,2026-04-24 00:00:00+00:00,2026-05-01 00:00:00+00:00,0.0022208854317962933,0.002331996289424865,7,-1.0,rebalance,,0.12851128571428588,6.880494237142867e-05,1,56.21,55.19
LTC,2026-05-01 00:00:00+00:00,2026-05-08 00:00:00+00:00,-0.0021770902911511644,-0.00209080354446545,7,-1.0,rebalance,,0.09305761904761921,4.399391998095246e-05,1,55.19,56.43
LTC,2026-05-08 00:00:00+00:00,2026-05-15 00:00:00+00:00,-0.002626752928147785,-0.0025773743955849276,7,-1.0,rebalance,,0.08217019047619065,6.565973410380966e-05,1,56.43,58.2
LTC,2026-05-15 00:00:00+00:00,2026-05-22 00:00:00+00:00,0.00938983570933107,0.009593155056455594,7,-1.0,rebalance,,0.13888597619047635,-8.878980457857149e-06,1,58.2,54.18
LTC,2026-05-29 00:00:00+00:00,2026-06-05 00:00:00+00:00,0.0015526882691938718,0.001567543255273872,7,-1.0,rebalance,,0.013432000000000157,3.949813920000047e-06,1,51.67,45.64
LTC,2026-06-05 00:00:00+00:00,2026-06-12 00:00:00+00:00,0.003485065617594538,0.0035499574621259667,7,-1.0,rebalance,,0.05111042857142874,6.6627554685714506e-06,1,45.64,42.47
LTC,2026-06-12 00:00:00+00:00,2026-06-19 00:00:00+00:00,-0.0007615864120412508,-0.0007362320966060125,7,-1.0,rebalance,,0.022657809523809684,6.366617898095284e-06,1,42.47,43.85
LTC,2026-06-19 00:00:00+00:00,2026-06-26 00:00:00+00:00,0.003183058900277426,0.0032633409947331405,7,-1.0,rebalance,,0.04883873809523826,-1.1907861122380994e-05,1,43.85,40.92
LTC,2026-07-03 00:00:00+00:00,2026-07-10 00:00:00+00:00,-0.0006182565941998013,-0.0006013773596255155,7,-1.0,rebalance,,0.10473588095238111,0.0001297509987590478,1,43.54,43.79
LTC,2026-07-10 00:00:00+00:00,2026-07-17 00:00:00+00:00,-0.005830182828531339,-0.005654727541621815,7,-1.0,rebalance,,0.21532219047619064,0.00012599577975714294,1,43.79,44.94
LTC,2026-07-17 00:00:00+00:00,2026-07-24 00:00:00+00:00,-0.004620583250096409,-0.004594134957721409,7,-1.0,rebalance,,0.10170464285714302,0.00011593820762500019,1,44.94,46.97
LTC,2026-07-24 00:00:00+00:00,2026-07-31 00:00:00+00:00,0.00575933967774375,0.005863455219643749,7,-1.0,rebalance,,0.19813416666666683,0.0001732722914333335,1,46.97,45.58
LTC,2026-07-31 00:00:00+00:00,2026-08-07 00:00:00+00:00,0.0002200143377233203,0.00040017526484046337,7,-1.0,rebalance,,0.15199990476190495,3.2638939549523856e-05,1,45.58,45.46
LTC,2026-08-07 00:00:00+00:00,2026-08-14 00:00:00+00:00,0.000504178930391505,0.0005254323843043623,7,-1.0,rebalance,,0.0373221190476192,3.099751275380965e-05,1,45.46,44.82
LTC,2026-08-14 00:00:00+00:00,2026-08-21 00:00:00+00:00,-0.009748285358236158,-0.009630159038269493,7,-1.0,rebalance,,0.14435576190476207,8.39717467000001e-05,1,44.82,47.81
LTC,2026-08-21 00:00:00+00:00,2026-08-28 00:00:00+00:00,-0.0043998637884007045,-0.004462069650700704,7,-1.0,rebalance,,0.10110500000000018,0.0002037528623000004,1,47.81,49.92
