coin,entry_date,exit_date,pnl_net,pnl_gross,hold,side,reason,risk0,notional,funding,n_units,entry_fill,exit_fill
BTC,2017-09-08 00:00:00+00:00,2017-09-15 00:00:00+00:00,-0.05364903978549169,-0.05341570645215835,7,1.0,rebalance,,0.16666666666666666,0.0,1,4691.66,3188.01
BTC,2017-09-15 00:00:00+00:00,2017-10-06 00:00:00+00:00,-0.05936008220384084,-0.059126748870507506,21,-1.0,rebalance,,0.16666666666666666,0.0,1,3188.01,4318.99
BTC,2017-10-06 00:00:00+00:00,2017-12-29 00:00:00+00:00,0.38103443220135574,0.38126776553468905,84,1.0,rebalance,,0.16666666666666666,0.0,1,4318.99,14199.14
BTC,2017-12-29 00:00:00+00:00,2018-02-23 00:00:00+00:00,0.05122036973131236,0.051453703064645695,56,-1.0,rebalance,,0.16666666666666666,0.0,1,14199.14,9815.55
BTC,2018-02-23 00:00:00+00:00,2018-03-09 00:00:00+00:00,-0.009546447049154997,-0.009313113715821664,14,1.0,rebalance,,0.16666666666666666,0.0,1,9815.55,9267.07
BTC,2018-03-16 00:00:00+00:00,2018-04-20 00:00:00+00:00,-0.0008978983082109165,-0.0006645649748775831,35,-1.0,rebalance,,0.16666666666666666,0.0,1,8240.98,8273.84
BTC,2018-04-27 00:00:00+00:00,2018-05-18 00:00:00+00:00,-0.022322575158024386,-0.022089241824691054,21,1.0,rebalance,,0.16666666666666666,0.0,1,9267.03,8038.82
BTC,2018-07-20 00:00:00+00:00,2018-08-10 00:00:00+00:00,-0.021188561663582742,-0.02095522833024941,21,1.0,rebalance,,0.16666666666666666,0.0,1,7468.86,6529.79
BTC,2018-08-31 00:00:00+00:00,2018-09-07 00:00:00+00:00,-0.011400375098069541,-0.011167041764736207,7,1.0,rebalance,,0.16666666666666666,0.0,1,6984.84,6516.84
BTC,2018-09-21 00:00:00+00:00,2018-09-28 00:00:00+00:00,-0.005293920722941055,-0.005060587389607721,7,-1.0,rebalance,,0.16666666666666666,0.0,1,6492.0,6689.12
BTC,2018-09-28 00:00:00+00:00,2018-10-05 00:00:00+00:00,-0.0026609072643337373,-0.002427573931000404,7,1.0,rebalance,,0.16666666666666666,0.0,1,6689.12,6591.69
BTC,2018-11-09 00:00:00+00:00,2018-11-16 00:00:00+00:00,0.018356374642995308,0.01858970797632864,7,-1.0,rebalance,,0.16666666666666666,0.0,1,6479.84,5757.09
BTC,2018-12-21 00:00:00+00:00,2018-12-28 00:00:00+00:00,0.019673984951767025,0.019907318285100357,7,-1.0,rebalance,,0.16666666666666666,0.0,1,4051.86,3567.89
BTC,2019-01-11 00:00:00+00:00,2019-01-18 00:00:00+00:00,-0.00150870599871347,-0.0012753726653801367,7,-1.0,rebalance,,0.16666666666666666,0.0,1,3585.88,3613.32
BTC,2019-01-25 00:00:00+00:00,2019-02-01 00:00:00+00:00,0.006069429010918829,0.006302762344252162,7,-1.0,rebalance,,0.16666666666666666,0.0,1,3569.07,3434.1
BTC,2019-03-15 00:00:00+00:00,2019-03-22 00:00:00+00:00,-0.0046923991691427205,-0.004459065835809387,7,-1.0,rebalance,,0.16666666666666666,0.0,1,3877.12,3980.85
BTC,2019-04-12 00:00:00+00:00,2019-05-31 00:00:00+00:00,0.1077159840713362,0.10794931740466954,49,1.0,rebalance,,0.16666666666666666,0.0,1,5017.37,8267.1
BTC,2019-06-07 00:00:00+00:00,2019-06-14 00:00:00+00:00,-0.009411849010667002,-0.009178515677333668,7,-1.0,rebalance,,0.16666666666666666,0.0,1,7787.57,8216.44
BTC,2019-06-28 00:00:00+00:00,2019-07-19 00:00:00+00:00,-0.010550347440730308,-0.010317014107396974,21,1.0,rebalance,,0.16666666666666666,0.0,1,11329.99,10628.64
BTC,2019-08-09 00:00:00+00:00,2019-08-23 00:00:00+00:00,-0.026555427039414423,-0.02632209370608109,14,1.0,rebalance,,0.16666666666666666,0.0,1,11994.17,10099.9
BTC,2019-09-06 00:00:00+00:00,2019-09-20 00:00:00+00:00,-0.0052733483036435545,-0.005040014970310221,14,1.0,rebalance,,0.16666666666666666,0.0,1,10563.13,10243.7
BTC,2019-09-27 00:00:00+00:00,2019-10-11 00:00:00+00:00,-0.01045078673543756,-0.010217453402104226,14,-1.0,rebalance,,0.16666666666666666,0.0,1,8063.49,8557.82
BTC,2019-10-25 00:00:00+00:00,2019-11-01 00:00:00+00:00,-0.03909721161313709,-0.038863878279803754,7,-1.0,rebalance,,0.16666666666666666,0.0,1,7412.41,9140.86
BTC,2019-11-01 00:00:00+00:00,2019-11-22 00:00:00+00:00,-0.02782136480229068,-0.027588031468957348,21,1.0,rebalance,,0.16666666666666666,0.0,1,9140.86,7627.79
BTC,2019-11-22 00:00:00+00:00,2019-11-29 00:00:00+00:00,0.00433920121905121,0.004572534552384544,7,-1.0,rebalance,,0.16666666666666666,0.0,1,7627.79,7418.52
BTC,2020-04-03 00:00:00+00:00,2020-04-10 00:00:00+00:00,0.01175998764297959,0.01201280764297959,7,1.0,rebalance,,0.16666666666666666,-1.9486666666666664e-05,1,6793.86,7283.54
BTC,2020-05-01 00:00:00+00:00,2020-05-29 00:00:00+00:00,0.016743691863882446,0.018481631863882443,28,1.0,rebalance,,0.16666666666666666,-0.0015046066666666662,1,8620.0,9575.87
BTC,2020-05-29 00:00:00+00:00,2020-06-12 00:00:00+00:00,0.0057079923926807935,0.00516906905934746,14,-1.0,rebalance,,0.16666666666666666,0.0007722566666666668,1,9575.87,9278.88
BTC,2020-07-10 00:00:00+00:00,2020-07-24 00:00:00+00:00,-0.006228038874603496,-0.006694705541270163,14,-1.0,rebalance,,0.16666666666666666,0.0007000000000000002,1,9232.42,9603.27
BTC,2020-09-25 00:00:00+00:00,2020-10-09 00:00:00+00:00,0.0023660493990823608,0.0029356710657490273,14,1.0,rebalance,,0.16666666666666666,-0.0003362883333333334,1,10736.33,10925.44
BTC,2020-10-23 00:00:00+00:00,2020-11-27 00:00:00+00:00,0.05038221237123237,0.05372659903789904,35,1.0,rebalance,,0.16666666666666666,-0.0031110533333333335,1,12968.84,17149.47
BTC,2020-12-18 00:00:00+00:00,2021-01-08 00:00:00+00:00,0.115458958451824,0.12161849178515734,21,1.0,rebalance,,0.16666666666666666,-0.0059261999999999995,1,22797.15,39432.48
BTC,2021-01-29 00:00:00+00:00,2021-02-12 00:00:00+00:00,-0.0671804129892111,-0.07292616298921109,14,-1.0,rebalance,,0.16666666666666666,0.005979083333333333,1,33368.18,47968.66
BTC,2021-03-19 00:00:00+00:00,2021-04-02 00:00:00+00:00,0.0005281302199823083,0.0031211868866489745,14,1.0,rebalance,,0.16666666666666666,-0.002359723333333333,1,57641.0,58720.45
BTC,2021-04-23 00:00:00+00:00,2021-05-28 00:00:00+00:00,0.04640133367104395,0.04243476533771062,35,-1.0,rebalance,,0.16666666666666666,0.004199901666666664,1,51690.95,38529.99
BTC,2021-07-30 00:00:00+00:00,2021-08-06 00:00:00+00:00,0.0029667585629980253,0.0035149168963313584,7,1.0,rebalance,,0.16666666666666666,-0.000314825,1,40018.49,40862.46
BTC,2021-09-10 00:00:00+00:00,2021-09-17 00:00:00+00:00,-0.004704789108618545,-0.004823314108618544,7,-1.0,rebalance,,0.16666666666666666,0.0003518583333333334,1,46395.14,47737.81
BTC,2021-10-08 00:00:00+00:00,2021-10-29 00:00:00+00:00,0.01818295381763613,0.02104258381763613,21,1.0,rebalance,,0.16666666666666666,-0.0026262966666666665,1,53785.22,60575.9
BTC,2022-02-11 00:00:00+00:00,2022-02-18 00:00:00+00:00,-0.011868691937358657,-0.011417786937358657,7,1.0,rebalance,,0.16666666666666666,-0.00021757166666666668,1,43495.44,40515.71
BTC,2022-02-25 00:00:00+00:00,2022-03-04 00:00:00+00:00,0.017556291472926623,0.017938351472926623,7,1.0,rebalance,,0.16666666666666666,-0.00014872666666666665,1,38328.68,42454.0
BTC,2022-06-24 00:00:00+00:00,2022-07-08 00:00:00+00:00,-0.004018075663454338,-0.004064953996787671,14,-1.0,rebalance,,0.16666666666666666,0.0002802116666666667,1,21110.12,21624.99
BTC,2022-08-19 00:00:00+00:00,2022-08-26 00:00:00+00:00,0.01145360842792278,0.011731406761256113,7,-1.0,rebalance,,0.16666666666666666,-4.446499999999999e-05,1,23191.45,21559.04
BTC,2022-09-09 00:00:00+00:00,2022-09-16 00:00:00+00:00,-0.003286208927937134,-0.003289590594603801,7,-1.0,rebalance,,0.16666666666666666,0.00023671499999999997,1,19320.54,19701.88
BTC,2022-09-30 00:00:00+00:00,2022-10-14 00:00:00+00:00,-0.0026146388197449627,-0.0018287738197449628,14,1.0,rebalance,,0.16666666666666666,-0.0005525316666666667,1,19590.54,19375.58
BTC,2022-10-28 00:00:00+00:00,2022-11-04 00:00:00+00:00,-0.0010307611882402715,-0.0007225878549069382,7,1.0,rebalance,,0.16666666666666666,-7.484e-05,1,20295.11,20207.12
BTC,2022-11-11 00:00:00+00:00,2022-11-18 00:00:00+00:00,0.00821965496974853,0.008615183303081864,7,-1.0,rebalance,,0.16666666666666666,-0.000162195,1,17602.45,16692.56
BTC,2022-12-16 00:00:00+00:00,2022-12-23 00:00:00+00:00,-0.005540117802933216,-0.005137804469599883,7,1.0,rebalance,,0.16666666666666666,-0.00016897999999999997,1,17356.96,16821.9
BTC,2023-02-24 00:00:00+00:00,2023-03-10 00:00:00+00:00,-0.025467911579908842,-0.02490921824657551,14,1.0,rebalance,,0.16666666666666666,-0.00032535999999999996,1,23940.2,20362.21
BTC,2023-03-17 00:00:00+00:00,2023-04-07 00:00:00+00:00,0.019515895784454316,0.02023465411778765,21,1.0,rebalance,,0.16666666666666666,-0.0004854249999999999,1,24998.78,28033.83
BTC,2023-06-23 00:00:00+00:00,2023-07-14 00:00:00+00:00,0.007719331412868675,0.008751961412868676,21,1.0,rebalance,,0.16666666666666666,-0.0007992966666666668,1,29884.92,31454.23
BTC,2023-07-21 00:00:00+00:00,2023-08-04 00:00:00+00:00,0.0036223809060402625,0.0033912192393735956,14,-1.0,rebalance,,0.16666666666666666,0.00046449500000000004,1,29800.0,29193.65
BTC,2023-09-15 00:00:00+00:00,2023-10-06 00:00:00+00:00,0.005274081193066617,0.005577982859733284,21,1.0,rebalance,,0.16666666666666666,-7.056833333333331e-05,1,26522.73,27410.39
BTC,2023-10-20 00:00:00+00:00,2023-11-03 00:00:00+00:00,0.03536469395376055,0.03614922395376056,14,1.0,rebalance,,0.16666666666666666,-0.0005511966666666667,1,28713.71,34941.58
BTC,2023-12-29 00:00:00+00:00,2024-01-05 00:00:00+00:00,-0.005292364642321698,-0.006215537975655031,7,-1.0,rebalance,,0.16666666666666666,0.0011565066666666666,1,42563.76,44151.1
BTC,2024-02-09 00:00:00+00:00,2024-02-16 00:00:00+00:00,0.023684666402579203,0.024256808069245867,7,1.0,rebalance,,0.16666666666666666,-0.00033880833333333333,1,45288.66,51880.01
BTC,2024-02-23 00:00:00+00:00,2024-03-08 00:00:00+00:00,0.04743029567759283,0.05048170067759283,14,1.0,rebalance,,0.16666666666666666,-0.002818071666666667,1,51288.42,66823.18
BTC,2024-04-12 00:00:00+00:00,2024-04-19 00:00:00+00:00,-0.016087364928011636,-0.015560831594678304,7,1.0,rebalance,,0.16666666666666666,-0.0002932,1,70006.22,63470.09
BTC,2024-05-10 00:00:00+00:00,2024-05-17 00:00:00+00:00,-0.005740068873492509,-0.005710778873492509,7,-1.0,rebalance,,0.16666666666666666,0.00020404333333333335,1,63074.0,65235.21
BTC,2024-07-12 00:00:00+00:00,2024-07-19 00:00:00+00:00,-0.019425088764919142,-0.019323458764919144,7,-1.0,rebalance,,0.16666666666666666,0.00013170333333333334,1,57339.89,63987.92
BTC,2024-07-26 00:00:00+00:00,2024-08-09 00:00:00+00:00,-0.011079662330557745,-0.010420347330557744,14,1.0,rebalance,,0.16666666666666666,-0.0004259816666666666,1,65799.95,61686.0
BTC,2024-09-20 00:00:00+00:00,2024-09-27 00:00:00+00:00,0.005498893764165135,0.005893727097498469,7,1.0,rebalance,,0.16666666666666666,-0.00016149999999999997,1,62948.0,65173.99
BTC,2024-10-04 00:00:00+00:00,2024-10-11 00:00:00+00:00,-0.0015259914964246245,-0.0011695498297579579,7,1.0,rebalance,,0.16666666666666666,-0.00012310833333333332,1,60752.72,60326.4
BTC,2024-10-18 00:00:00+00:00,2024-11-08 00:00:00+00:00,0.019586702236630858,0.020854067236630858,21,1.0,rebalance,,0.16666666666666666,-0.001034031666666667,1,67421.78,75857.89
BTC,2024-11-15 00:00:00+00:00,2024-11-22 00:00:00+00:00,0.02024789729155356,0.020978062291553558,7,1.0,rebalance,,0.16666666666666666,-0.0004968316666666666,1,87325.59,98317.12
BTC,2025-04-04 00:00:00+00:00,2025-04-11 00:00:00+00:00,-0.00761332076935009,-0.00722200076935009,7,1.0,rebalance,,0.16666666666666666,-0.00015798666666666666,1,83213.09,79607.3
BTC,2025-05-02 00:00:00+00:00,2025-05-09 00:00:00+00:00,0.011473200989827253,0.011696750989827254,7,1.0,rebalance,,0.16666666666666666,9.783333333333338e-06,1,96489.9,103261.61
BTC,2025-05-30 00:00:00+00:00,2025-06-06 00:00:00+00:00,-0.006803502178139132,-0.006441692178139132,7,1.0,rebalance,,0.16666666666666666,-0.00012847666666666665,1,105589.75,101508.69
BTC,2025-06-27 00:00:00+00:00,2025-07-11 00:00:00+00:00,0.013647387495934572,0.014123732495934571,14,1.0,rebalance,,0.16666666666666666,-0.00024301166666666665,1,106947.06,116010.01
BTC,2025-08-01 00:00:00+00:00,2025-08-08 00:00:00+00:00,-0.0025100306950923035,-0.0024589523617589704,7,-1.0,rebalance,,0.16666666666666666,0.00018225499999999998,1,115764.07,117472.02
BTC,2025-08-15 00:00:00+00:00,2025-09-05 00:00:00+00:00,0.011058258570482506,0.010657275237149173,21,-1.0,rebalance,,0.16666666666666666,0.0006343166666666665,1,118295.09,110730.87
BTC,2025-10-03 00:00:00+00:00,2025-10-17 00:00:00+00:00,-0.01754820368618239,-0.017056813686182393,14,1.0,rebalance,,0.16666666666666666,-0.0002580566666666667,1,120529.35,108194.27
BTC,2025-11-28 00:00:00+00:00,2025-12-05 00:00:00+00:00,-0.001510455858889182,-0.0013578741922225153,7,-1.0,rebalance,,0.16666666666666666,8.075166666666667e-05,1,91333.94,92078.06
BTC,2025-12-12 00:00:00+00:00,2025-12-19 00:00:00+00:00,-0.01299528814256381,-0.012605329809230476,7,1.0,rebalance,,0.16666666666666666,-0.000156625,1,92513.38,85516.41
BTC,2026-03-20 00:00:00+00:00,2026-03-27 00:00:00+00:00,-0.0028874005999160153,-0.002644787266582682,7,1.0,rebalance,,0.16666666666666666,-9.28e-06,1,69930.01,68820.31
BTC,2026-04-10 00:00:00+00:00,2026-05-15 00:00:00+00:00,0.021753768066356878,0.021596048066356878,35,1.0,rebalance,,0.16666666666666666,0.00039105333333333325,1,71787.98,81090.0
ETH,2017-09-08 00:00:00+00:00,2017-09-15 00:00:00+00:00,-0.05877519308001236,-0.058541859746679026,7,1.0,rebalance,,0.16666666666666666,0.0,1,334.49,217.0
ETH,2017-09-15 00:00:00+00:00,2017-10-06 00:00:00+00:00,-0.05997219662058368,-0.059738863287250345,21,-1.0,rebalance,,0.16666666666666666,0.0,1,217.0,294.78
ETH,2017-10-06 00:00:00+00:00,2017-10-27 00:00:00+00:00,-0.0002672569373769915,-3.39236040436582e-05,21,1.0,rebalance,,0.16666666666666666,0.0,1,294.78,294.72
ETH,2017-10-27 00:00:00+00:00,2017-11-10 00:00:00+00:00,-0.013681125588128827,-0.013447792254795494,14,-1.0,rebalance,,0.16666666666666666,0.0,1,294.72,318.5
ETH,2017-11-10 00:00:00+00:00,2018-02-02 00:00:00+00:00,0.378306698063841,0.3785400313971743,84,1.0,rebalance,,0.16666666666666666,0.0,1,318.5,1041.89
ETH,2018-02-16 00:00:00+00:00,2018-03-02 00:00:00+00:00,0.009486710652028914,0.009720043985362248,14,-1.0,rebalance,,0.16666666666666666,0.0,1,924.55,870.63
ETH,2018-03-09 00:00:00+00:00,2018-04-20 00:00:00+00:00,0.030282761066697354,0.030516094400030686,42,-1.0,rebalance,,0.16666666666666666,0.0,1,695.48,568.14
ETH,2018-04-20 00:00:00+00:00,2018-05-25 00:00:00+00:00,0.009723132795907133,0.009956466129240466,35,1.0,rebalance,,0.16666666666666666,0.0,1,568.14,602.08
ETH,2018-05-25 00:00:00+00:00,2018-06-22 00:00:00+00:00,0.020738409070776852,0.020971742404110184,28,-1.0,rebalance,,0.16666666666666666,0.0,1,602.08,526.32
ETH,2018-07-27 00:00:00+00:00,2018-08-10 00:00:00+00:00,0.035453390887912814,0.03568672422124615,14,-1.0,rebalance,,0.16666666666666666,0.0,1,462.17,363.21
ETH,2018-08-17 00:00:00+00:00,2018-10-05 00:00:00+00:00,0.03705807186352436,0.037291405196857697,49,-1.0,rebalance,,0.16666666666666666,0.0,1,286.84,222.66
ETH,2018-10-12 00:00:00+00:00,2018-10-19 00:00:00+00:00,-0.013023727486295976,-0.012790394152962643,7,-1.0,rebalance,,0.16666666666666666,0.0,1,191.55,206.25
ETH,2018-10-26 00:00:00+00:00,2018-11-02 00:00:00+00:00,0.002963618524332812,0.003196951857666145,7,-1.0,rebalance,,0.16666666666666666,0.0,1,203.84,199.93
ETH,2018-11-02 00:00:00+00:00,2018-11-16 00:00:00+00:00,-0.013221212424348526,-0.012987879091015193,14,1.0,rebalance,,0.16666666666666666,0.0,1,199.93,184.35
ETH,2018-11-23 00:00:00+00:00,2018-12-21 00:00:00+00:00,0.016712471691157114,0.016945805024490446,28,-1.0,rebalance,,0.16666666666666666,0.0,1,126.58,113.71
ETH,2018-12-28 00:00:00+00:00,2019-01-18 00:00:00+00:00,0.011209890109890127,0.01144322344322346,21,1.0,rebalance,,0.16666666666666666,0.0,1,113.75,121.56
ETH,2019-01-25 00:00:00+00:00,2019-02-15 00:00:00+00:00,-0.006060939289805249,-0.005827605956471915,21,-1.0,rebalance,,0.16666666666666666,0.0,1,116.4,120.47
ETH,2019-02-15 00:00:00+00:00,2019-03-15 00:00:00+00:00,0.016050112061094055,0.016283445394427387,28,1.0,rebalance,,0.16666666666666666,0.0,1,120.47,132.24
ETH,2019-03-15 00:00:00+00:00,2019-03-29 00:00:00+00:00,-0.007303811252268595,-0.007070477918935262,14,-1.0,rebalance,,0.16666666666666666,0.0,1,132.24,137.85
ETH,2019-05-17 00:00:00+00:00,2019-06-07 00:00:00+00:00,-0.010056169220099616,-0.009822835886766282,21,1.0,rebalance,,0.16666666666666666,0.0,1,264.35,248.77
ETH,2019-06-07 00:00:00+00:00,2019-06-14 00:00:00+00:00,-0.004186114349265031,-0.003952781015931698,7,-1.0,rebalance,,0.16666666666666666,0.0,1,248.77,254.67
ETH,2019-06-28 00:00:00+00:00,2019-07-12 00:00:00+00:00,-0.016813412658510704,-0.016580079325177372,14,1.0,rebalance,,0.16666666666666666,0.0,1,298.35,268.67
ETH,2019-07-19 00:00:00+00:00,2019-08-09 00:00:00+00:00,0.0029929494278331547,0.003226282761166488,21,-1.0,rebalance,,0.16666666666666666,0.0,1,225.75,221.38
ETH,2019-08-30 00:00:00+00:00,2019-09-06 00:00:00+00:00,-0.0048774793429174415,-0.004644146009584108,7,-1.0,rebalance,,0.16666666666666666,0.0,1,169.03,173.74
ETH,2019-09-20 00:00:00+00:00,2019-09-27 00:00:00+00:00,-0.04135140591422258,-0.041118072580889245,7,1.0,rebalance,,0.16666666666666666,0.0,1,220.26,165.92
ETH,2019-10-25 00:00:00+00:00,2019-11-08 00:00:00+00:00,-0.027541769021343813,-0.02730843568801048,14,-1.0,rebalance,,0.16666666666666666,0.0,1,160.39,186.67
ETH,2019-12-27 00:00:00+00:00,2020-01-10 00:00:00+00:00,-0.01596471916865741,-0.01612517916865741,14,-1.0,rebalance,,0.16666666666666666,0.0003937933333333334,1,125.58,137.73
ETH,2020-01-17 00:00:00+00:00,2020-01-24 00:00:00+00:00,-0.002382295758239988,-0.001410537424906655,7,1.0,rebalance,,0.16666666666666666,-0.000738425,1,164.24,162.85
ETH,2020-01-31 00:00:00+00:00,2020-03-06 00:00:00+00:00,0.027828672615361004,0.03940411094869434,35,1.0,rebalance,,0.16666666666666666,-0.011342104999999996,1,184.71,228.38
ETH,2020-03-13 00:00:00+00:00,2020-04-03 00:00:00+00:00,-0.051907213660258196,-0.05201077366025819,21,-1.0,rebalance,,0.16666666666666666,0.0003368933333333335,1,107.67,141.27
ETH,2020-04-10 00:00:00+00:00,2020-05-22 00:00:00+00:00,0.025698162048832265,0.0286624203821656,42,1.0,rebalance,,0.16666666666666666,-0.002730925000000001,1,169.56,198.72
ETH,2020-05-29 00:00:00+00:00,2020-06-26 00:00:00+00:00,0.0074950300956532195,0.009270190095653219,28,1.0,rebalance,,0.16666666666666666,-0.0015418266666666657,1,220.24,232.49
ETH,2020-07-31 00:00:00+00:00,2020-08-28 00:00:00+00:00,0.01699951576379348,0.024137347430460143,28,1.0,rebalance,,0.16666666666666666,-0.0069044983333333325,1,334.82,383.31
ETH,2020-09-18 00:00:00+00:00,2020-09-25 00:00:00+00:00,-0.017686183954668037,-0.017285218954668037,7,1.0,rebalance,,0.16666666666666666,-0.00016763166666666665,1,389.35,348.97
ETH,2020-11-06 00:00:00+00:00,2020-11-20 00:00:00+00:00,0.019330225079867848,0.021808685079867846,14,1.0,rebalance,,0.16666666666666666,-0.0022451266666666664,1,416.73,471.26
ETH,2020-12-11 00:00:00+00:00,2020-12-25 00:00:00+00:00,0.0135770019598144,0.015897720293147732,14,1.0,rebalance,,0.16666666666666666,-0.002087385,1,558.99,612.31
ETH,2021-01-08 00:00:00+00:00,2021-01-15 00:00:00+00:00,-0.0026339164257955672,0.0009565719075377658,7,1.0,rebalance,,0.16666666666666666,-0.0033571549999999997,1,1224.86,1231.89
ETH,2021-02-26 00:00:00+00:00,2021-03-12 00:00:00+00:00,-0.03612850514340206,-0.03865063514340206,14,-1.0,rebalance,,0.16666666666666666,0.002755463333333333,1,1482.08,1825.78
ETH,2021-03-19 00:00:00+00:00,2021-04-02 00:00:00+00:00,0.014775423259606294,0.018031029926272958,14,1.0,rebalance,,0.16666666666666666,-0.003022273333333333,1,1775.92,1968.05
ETH,2021-04-30 00:00:00+00:00,2021-05-28 00:00:00+00:00,-0.004827652164301801,-0.0008952838309684666,28,1.0,rebalance,,0.16666666666666666,-0.003699035000000001,1,2757.04,2742.23
ETH,2021-07-30 00:00:00+00:00,2021-08-13 00:00:00+00:00,0.04527669505531007,0.0463840733886434,14,1.0,rebalance,,0.16666666666666666,-0.0008740449999999999,1,2382.93,3046.11
ETH,2021-10-22 00:00:00+00:00,2021-11-05 00:00:00+00:00,0.017390931290402208,0.019710091290402205,14,1.0,rebalance,,0.16666666666666666,-0.0020858266666666666,1,4053.0,4532.31
ETH,2021-11-19 00:00:00+00:00,2021-11-26 00:00:00+00:00,-0.021840987984312832,-0.0219995496509795,7,-1.0,rebalance,,0.16666666666666666,0.000391895,1,3996.9,4524.48
ETH,2021-12-10 00:00:00+00:00,2021-12-17 00:00:00+00:00,-0.00643805149595842,-0.00594832149595842,7,1.0,rebalance,,0.16666666666666666,-0.00025639666666666663,1,4105.64,3959.11
ETH,2021-12-31 00:00:00+00:00,2022-01-14 00:00:00+00:00,0.02116997185386881,0.02105805185386881,14,-1.0,rebalance,,0.16666666666666666,0.0003452533333333334,1,3709.27,3240.61
ETH,2022-01-21 00:00:00+00:00,2022-01-28 00:00:00+00:00,0.03179081056694252,0.03206529223360919,7,-1.0,rebalance,,0.16666666666666666,-4.114833333333332e-05,1,3001.48,2424.02
ETH,2022-02-18 00:00:00+00:00,2022-02-25 00:00:00+00:00,-0.017290234779797218,-0.01703735977979722,7,1.0,rebalance,,0.16666666666666666,-1.954166666666667e-05,1,2891.88,2596.26
ETH,2022-04-08 00:00:00+00:00,2022-04-15 00:00:00+00:00,-0.010895953134192692,-0.010598454800859358,7,1.0,rebalance,,0.16666666666666666,-6.4165e-05,1,3227.2,3021.98
ETH,2022-06-03 00:00:00+00:00,2022-06-10 00:00:00+00:00,0.004125009117591466,0.0041155741175914655,7,-1.0,rebalance,,0.16666666666666666,0.00024276833333333332,1,1834.09,1788.8
ETH,2022-06-17 00:00:00+00:00,2022-07-08 00:00:00+00:00,-0.0267300039783185,-0.026359382311651837,21,-1.0,rebalance,,0.16666666666666666,-0.0001372883333333333,1,1068.5,1237.49
ETH,2022-07-15 00:00:00+00:00,2022-08-12 00:00:00+00:00,0.09487017552205704,0.09591063218872371,28,1.0,rebalance,,0.16666666666666666,-0.0008071233333333335,1,1193.42,1880.19
ETH,2022-08-19 00:00:00+00:00,2022-09-02 00:00:00+00:00,-0.023431272022017734,-0.0234890786886844,14,1.0,rebalance,,0.16666666666666666,0.00029113999999999995,1,1846.39,1586.17
ETH,2022-09-16 00:00:00+00:00,2022-10-14 00:00:00+00:00,0.020845288442018176,0.021012701775351507,28,-1.0,rebalance,,0.16666666666666666,6.592000000000003e-05,1,1472.76,1287.08
ETH,2022-10-28 00:00:00+00:00,2022-11-11 00:00:00+00:00,-0.023705932995781692,-0.023640942995781695,14,1.0,rebalance,,0.16666666666666666,0.00016834333333333332,1,1514.04,1299.28
ETH,2022-11-18 00:00:00+00:00,2022-12-02 00:00:00+00:00,-0.010788223931151864,-0.01054908559781853,14,-1.0,rebalance,,0.16666666666666666,-5.805000000000003e-06,1,1200.42,1276.4
ETH,2022-12-16 00:00:00+00:00,2022-12-23 00:00:00+00:00,-0.006831804768909268,-0.006423061435575935,7,1.0,rebalance,,0.16666666666666666,-0.00017541,1,1266.53,1217.72
ETH,2023-02-10 00:00:00+00:00,2023-02-17 00:00:00+00:00,-0.010000388045642301,-0.009974008045642302,7,-1.0,rebalance,,0.16666666666666666,0.00020695333333333333,1,1545.35,1637.83
ETH,2023-02-17 00:00:00+00:00,2023-02-24 00:00:00+00:00,0.0007225511466900401,0.0012913428133567069,7,1.0,rebalance,,0.16666666666666666,-0.00033545833333333333,1,1637.83,1650.52
ETH,2023-03-03 00:00:00+00:00,2023-03-10 00:00:00+00:00,-0.021699291375319094,-0.02129428470865243,7,1.0,rebalance,,0.16666666666666666,-0.00017167333333333333,1,1647.86,1437.32
ETH,2023-03-17 00:00:00+00:00,2023-04-07 00:00:00+00:00,0.018945036418827,0.019784154752160332,21,1.0,rebalance,,0.16666666666666666,-0.000605785,1,1673.73,1872.41
ETH,2023-04-14 00:00:00+00:00,2023-04-28 00:00:00+00:00,-0.009238739777998668,-0.008558648111332001,14,1.0,rebalance,,0.16666666666666666,-0.0004467583333333333,1,2012.0,1908.68
ETH,2023-06-02 00:00:00+00:00,2023-06-16 00:00:00+00:00,-0.017990895735299904,-0.017440299068633237,14,1.0,rebalance,,0.16666666666666666,-0.0003172633333333333,1,1861.78,1666.96
ETH,2023-06-23 00:00:00+00:00,2023-07-07 00:00:00+00:00,-0.003098502820512814,-0.0022996794871794806,14,1.0,rebalance,,0.16666666666666666,-0.0005654900000000001,1,1872.0,1846.17
ETH,2023-10-06 00:00:00+00:00,2023-10-13 00:00:00+00:00,0.00745646314793904,0.007463751481272374,7,-1.0,rebalance,,0.16666666666666666,0.000226045,1,1611.79,1539.61
ETH,2023-12-08 00:00:00+00:00,2023-12-15 00:00:00+00:00,-0.003644386741901321,-0.002859681741901321,7,1.0,rebalance,,0.16666666666666666,-0.0005513716666666667,1,2355.74,2315.32
ETH,2023-12-29 00:00:00+00:00,2024-01-05 00:00:00+00:00,0.006362353512609404,0.005477465179276071,7,-1.0,rebalance,,0.16666666666666666,0.0011182216666666665,1,2344.15,2267.11
ETH,2024-01-12 00:00:00+00:00,2024-01-26 00:00:00+00:00,-0.02635786061423246,-0.02542452728089913,14,1.0,rebalance,,0.16666666666666666,-0.0007000000000000002,1,2618.01,2218.64
ETH,2024-02-09 00:00:00+00:00,2024-02-16 00:00:00+00:00,-0.0276517975130189,-0.027761245846352235,7,-1.0,rebalance,,0.16666666666666666,0.00034278166666666665,1,2419.56,2822.58
ETH,2024-02-23 00:00:00+00:00,2024-03-15 00:00:00+00:00,0.04648208863868884,0.051058423638688843,21,1.0,rebalance,,0.16666666666666666,-0.004343001666666667,1,2971.4,3881.69
ETH,2024-03-29 00:00:00+00:00,2024-04-05 00:00:00+00:00,0.011611229495631217,0.010911419495631217,7,-1.0,rebalance,,0.16666666666666666,0.0009331433333333334,1,3560.49,3327.39
ETH,2024-05-10 00:00:00+00:00,2024-05-24 00:00:00+00:00,-0.04067330494664453,-0.041024424946644523,14,-1.0,rebalance,,0.16666666666666666,0.0005844533333333332,1,3036.24,3783.6
ETH,2024-05-24 00:00:00+00:00,2024-06-14 00:00:00+00:00,-0.015335487487754155,-0.013840434154420822,21,1.0,rebalance,,0.16666666666666666,-0.0012617199999999996,1,3783.6,3469.4
ETH,2024-07-12 00:00:00+00:00,2024-07-19 00:00:00+00:00,-0.017568445766595567,-0.017578782433262236,7,-1.0,rebalance,,0.16666666666666666,0.00024366999999999998,1,3099.57,3426.49
ETH,2024-08-09 00:00:00+00:00,2024-08-16 00:00:00+00:00,0.006811303145386761,0.006995961478720095,7,-1.0,rebalance,,0.16666666666666666,4.8675000000000004e-05,1,2682.5,2569.9
ETH,2024-08-23 00:00:00+00:00,2024-08-30 00:00:00+00:00,0.0058995774842444774,0.006055025817577811,7,-1.0,rebalance,,0.16666666666666666,7.788499999999998e-05,1,2622.89,2527.6
ETH,2024-09-06 00:00:00+00:00,2024-09-27 00:00:00+00:00,-0.018391254791203182,-0.01853532645786985,21,-1.0,rebalance,,0.16666666666666666,0.00037740499999999993,1,2368.81,2632.25
ETH,2025-01-10 00:00:00+00:00,2025-01-31 00:00:00+00:00,-0.0008361262723658176,-0.0014589546056991511,21,-1.0,rebalance,,0.16666666666666666,0.0008561616666666668,1,3219.2,3247.38
ETH,2025-02-28 00:00:00+00:00,2025-03-28 00:00:00+00:00,0.022058038159828736,0.021958903159828735,28,-1.0,rebalance,,0.16666666666666666,0.00033246833333333326,1,2307.72,2003.67
ETH,2025-04-11 00:00:00+00:00,2025-05-02 00:00:00+00:00,-0.03458988279202579,-0.034582807792025785,21,-1.0,rebalance,,0.16666666666666666,0.00022625833333333328,1,1522.24,1838.1
ETH,2025-05-09 00:00:00+00:00,2025-06-06 00:00:00+00:00,0.014465749753623067,0.015601381420289735,28,1.0,rebalance,,0.16666666666666666,-0.0009022983333333334,1,2207.39,2414.02
ETH,2025-07-11 00:00:00+00:00,2025-09-05 00:00:00+00:00,0.07396446451548874,0.07602720618215542,56,1.0,rebalance,,0.16666666666666666,-0.0018294083333333334,1,2951.29,4297.56
ETH,2025-09-26 00:00:00+00:00,2025-10-03 00:00:00+00:00,-0.02636998251601346,-0.026240960849346795,7,-1.0,rebalance,,0.16666666666666666,0.00010431166666666667,1,3874.35,4484.35
ETH,2025-10-17 00:00:00+00:00,2025-10-24 00:00:00+00:00,-0.001963376399623384,-0.0016133863996233844,7,1.0,rebalance,,0.16666666666666666,-0.00011665666666666667,1,3894.5,3856.8
ETH,2025-11-21 00:00:00+00:00,2025-11-28 00:00:00+00:00,-0.010779199957277915,-0.010644941623944582,7,-1.0,rebalance,,0.16666666666666666,9.907499999999998e-05,1,2834.21,3015.23
ETH,2025-12-12 00:00:00+00:00,2025-12-19 00:00:00+00:00,-0.021351174761154605,-0.021046854761154605,7,1.0,rebalance,,0.16666666666666666,-7.098666666666666e-05,1,3237.38,2828.56
ETH,2026-02-06 00:00:00+00:00,2026-02-27 00:00:00+00:00,-0.018870923125642064,-0.0183240914589754,21,-1.0,rebalance,,0.16666666666666666,-0.0003134983333333333,1,1826.83,2027.68
ETH,2026-03-20 00:00:00+00:00,2026-03-27 00:00:00+00:00,-0.006241573078977678,-0.006033404745644344,7,1.0,rebalance,,0.16666666666666666,2.5165e-05,1,2137.82,2060.43
ETH,2026-04-10 00:00:00+00:00,2026-05-08 00:00:00+00:00,0.007754659555863986,0.007677486222530653,28,1.0,rebalance,,0.16666666666666666,0.0003105066666666667,1,2190.17,2291.06
ETH,2026-05-08 00:00:00+00:00,2026-06-05 00:00:00+00:00,0.03830073993254941,0.03785001993254942,28,-1.0,rebalance,,0.16666666666666666,0.0006840533333333333,1,2291.06,1770.76
ETH,2026-07-10 00:00:00+00:00,2026-08-14 00:00:00+00:00,0.012630616845512659,0.013464781845512658,35,1.0,rebalance,,0.16666666666666666,-0.0006008316666666667,1,1745.17,1886.16
ETH,2026-08-21 00:00:00+00:00,2026-08-28 00:00:00+00:00,0.012653519647546246,0.013187469647546246,7,1.0,rebalance,,0.16666666666666666,-0.00030061666666666666,1,2326.83,2510.94
SOL,2020-09-11 00:00:00+00:00,2020-09-18 00:00:00+00:00,-0.028671972512749583,-0.028221972512749584,7,1.0,rebalance,,0.16666666666666666,-0.00021666666666666666,1,3.4707,2.883
SOL,2020-09-18 00:00:00+00:00,2020-09-25 00:00:00+00:00,-0.015005528062203715,-0.014909238062203714,7,-1.0,rebalance,,0.16666666666666666,0.00013704333333333332,1,2.883,3.1409
SOL,2020-10-02 00:00:00+00:00,2020-11-13 00:00:00+00:00,0.05754682900698828,0.05568539900698828,42,-1.0,rebalance,,0.16666666666666666,0.002094763333333332,1,2.8667,1.9089
SOL,2020-11-20 00:00:00+00:00,2020-12-04 00:00:00+00:00,0.004909110859123857,0.0010076291924571896,14,1.0,rebalance,,0.16666666666666666,0.004134815,1,2.0841,2.0967
SOL,2020-12-11 00:00:00+00:00,2021-01-08 00:00:00+00:00,-0.10007741572897472,-0.08382574072897471,28,-1.0,rebalance,,0.16666666666666666,-0.016018341666666668,1,1.5739,2.3655
SOL,2021-01-15 00:00:00+00:00,2021-02-19 00:00:00+00:00,0.2721714500818626,0.2883620384151959,35,1.0,rebalance,,0.16666666666666666,-0.015957255,1,3.2921,8.988
SOL,2021-02-26 00:00:00+00:00,2021-03-19 00:00:00+00:00,-0.0029242958712517872,0.004315664128748212,21,1.0,rebalance,,0.16666666666666666,-0.007006626666666666,1,13.8565,14.2153
SOL,2021-04-02 00:00:00+00:00,2021-05-14 00:00:00+00:00,0.1810038941880948,0.1925921841880948,42,1.0,rebalance,,0.16666666666666666,-0.011354956666666666,1,19.0443,41.051
SOL,2021-05-21 00:00:00+00:00,2021-05-28 00:00:00+00:00,-0.04042525788686786,-0.039841924553534525,7,1.0,rebalance,,0.16666666666666666,-0.00035000000000000005,1,44.367,33.761
SOL,2021-06-18 00:00:00+00:00,2021-06-25 00:00:00+00:00,-0.034432547536063916,-0.034450699202730584,7,1.0,rebalance,,0.16666666666666666,0.00025148499999999997,1,39.259,31.144
SOL,2021-07-23 00:00:00+00:00,2021-08-06 00:00:00+00:00,-0.05761965259927798,-0.05808664259927798,14,-1.0,rebalance,,0.16666666666666666,0.0007003233333333335,1,27.7,37.354
SOL,2021-08-20 00:00:00+00:00,2021-10-01 00:00:00+00:00,0.15140844283882784,0.1570054945054945,42,1.0,rebalance,,0.16666666666666666,-0.005363718333333329,1,72.8,141.38
SOL,2021-10-01 00:00:00+00:00,2021-10-08 00:00:00+00:00,-0.01482144577073608,-0.01518366577073608,7,-1.0,rebalance,,0.16666666666666666,0.0005955533333333333,1,141.38,154.26
SOL,2021-10-08 00:00:00+00:00,2021-10-15 00:00:00+00:00,-0.00548744135183025,-0.004591814685163583,7,1.0,rebalance,,0.16666666666666666,-0.0006622933333333334,1,154.26,150.01
SOL,2021-10-29 00:00:00+00:00,2021-11-12 00:00:00+00:00,0.030545665600058017,0.03239153060005802,14,1.0,rebalance,,0.16666666666666666,-0.0016125316666666667,1,195.37,233.34
SOL,2021-11-26 00:00:00+00:00,2021-12-03 00:00:00+00:00,-0.018581413947635825,-0.018775205614302494,7,-1.0,rebalance,,0.16666666666666666,0.00042712500000000004,1,209.94,233.59
SOL,2021-12-03 00:00:00+00:00,2021-12-10 00:00:00+00:00,-0.037993577000442355,-0.03746593033377569,7,1.0,rebalance,,0.16666666666666666,-0.00029431333333333336,1,233.59,181.08
SOL,2021-12-24 00:00:00+00:00,2022-02-18 00:00:00+00:00,0.08515890411896744,0.08463980078563411,56,-1.0,rebalance,,0.16666666666666666,0.0007524366666666661,1,190.08,93.55
SOL,2022-03-18 00:00:00+00:00,2022-03-25 00:00:00+00:00,-0.027461724035687172,-0.027562642369020507,7,-1.0,rebalance,,0.16666666666666666,0.0003342516666666667,1,87.8,102.32
SOL,2022-04-01 00:00:00+00:00,2022-04-15 00:00:00+00:00,-0.030506670729701115,-0.029888427396367784,14,1.0,rebalance,,0.16666666666666666,-0.00038491,1,122.79,100.77
SOL,2022-05-13 00:00:00+00:00,2022-06-24 00:00:00+00:00,0.022649422443249714,0.02423088410991638,42,-1.0,rebalance,,0.16666666666666666,-0.0013481283333333332,1,44.64,38.15
SOL,2022-07-08 00:00:00+00:00,2022-07-15 00:00:00+00:00,-0.006042333809152369,-0.005720228809152368,7,1.0,rebalance,,0.16666666666666666,-8.877166666666668e-05,1,38.46,37.14
SOL,2022-07-22 00:00:00+00:00,2022-07-29 00:00:00+00:00,-0.0011401706844547622,-0.0006960556844547623,7,1.0,rebalance,,0.16666666666666666,-0.00021078166666666664,1,43.1,42.92
SOL,2022-08-12 00:00:00+00:00,2022-09-16 00:00:00+00:00,0.037086852995948265,0.037790244662614936,35,-1.0,rebalance,,0.16666666666666666,-0.0004700583333333331,1,42.78,33.08
SOL,2022-09-23 00:00:00+00:00,2022-09-30 00:00:00+00:00,0.007336915911707261,0.007760304245040595,7,1.0,rebalance,,0.16666666666666666,-0.00019005499999999995,1,32.43,33.94
SOL,2022-10-14 00:00:00+00:00,2022-11-04 00:00:00+00:00,-0.0020148436001749866,-0.0020778652668416533,21,-1.0,rebalance,,0.16666666666666666,0.000296355,1,30.48,30.86
SOL,2022-11-11 00:00:00+00:00,2022-12-09 00:00:00+00:00,0.014491681038715749,0.03739376770538242,28,-1.0,rebalance,,0.16666666666666666,-0.022668753333333336,1,17.65,13.69
SOL,2022-12-30 00:00:00+00:00,2023-01-06 00:00:00+00:00,-0.07358102116182572,-0.06552558782849238,7,-1.0,rebalance,,0.16666666666666666,-0.0078221,1,9.64,13.43
SOL,2023-01-13 00:00:00+00:00,2023-02-10 00:00:00+00:00,0.037529766927868184,0.03907976692786819,28,1.0,rebalance,,0.16666666666666666,-0.0013166666666666667,1,16.59,20.48
SOL,2023-02-10 00:00:00+00:00,2023-02-24 00:00:00+00:00,-0.028123933124999997,-0.027913411458333332,14,-1.0,rebalance,,0.16666666666666666,2.2811666666666718e-05,1,20.48,23.91
SOL,2023-03-03 00:00:00+00:00,2023-03-10 00:00:00+00:00,-0.0355368853030303,-0.035303030303030294,7,1.0,rebalance,,0.16666666666666666,-5.216666666666857e-07,1,22.0,17.34
SOL,2023-03-10 00:00:00+00:00,2023-03-24 00:00:00+00:00,-0.046410091922337554,-0.046328335255670886,14,-1.0,rebalance,,0.16666666666666666,0.00015157666666666667,1,17.34,22.16
SOL,2023-04-21 00:00:00+00:00,2023-05-05 00:00:00+00:00,-0.003919205856241569,-0.003379900856241569,14,1.0,rebalance,,0.16666666666666666,-0.0003059716666666667,1,22.19,21.74
SOL,2023-05-05 00:00:00+00:00,2023-05-12 00:00:00+00:00,0.011867831885924532,0.012036185219257867,7,-1.0,rebalance,,0.16666666666666666,6.497999999999999e-05,1,21.74,20.17
SOL,2023-05-26 00:00:00+00:00,2023-06-02 00:00:00+00:00,-0.010619264069264044,-0.01073593073593071,7,-1.0,rebalance,,0.16666666666666666,0.00035000000000000005,1,19.25,20.49
SOL,2023-06-16 00:00:00+00:00,2023-06-30 00:00:00+00:00,-0.036443812607126744,-0.03631032927379341,14,-1.0,rebalance,,0.16666666666666666,9.984999999999999e-05,1,14.78,18.0
SOL,2023-07-07 00:00:00+00:00,2023-08-04 00:00:00+00:00,0.024813629579296267,0.0258371579126296,28,1.0,rebalance,,0.16666666666666666,-0.0007901949999999999,1,19.61,22.65
SOL,2023-09-08 00:00:00+00:00,2023-09-22 00:00:00+00:00,0.002773629585006705,0.003932396251673372,14,-1.0,rebalance,,0.16666666666666666,-0.0009254333333333333,1,19.92,19.45
SOL,2023-10-06 00:00:00+00:00,2023-12-08 00:00:00+00:00,0.32812944152716594,0.3306901615271659,63,1.0,rebalance,,0.16666666666666666,-0.0023273866666666653,1,22.7,67.74
SOL,2023-12-22 00:00:00+00:00,2024-01-19 00:00:00+00:00,-0.0024139536895375962,0.0009411179771290726,28,1.0,rebalance,,0.16666666666666666,-0.0031217383333333355,1,93.86,94.39
SOL,2024-02-09 00:00:00+00:00,2024-02-23 00:00:00+00:00,-0.003178647568518701,-0.0016541792351853675,14,1.0,rebalance,,0.16666666666666666,-0.0012911350000000001,1,102.77,101.75
SOL,2024-03-15 00:00:00+00:00,2024-04-12 00:00:00+00:00,-0.007644708470138695,-0.004038116803472028,28,1.0,rebalance,,0.16666666666666666,-0.003373258333333334,1,176.65,172.37
SOL,2024-04-26 00:00:00+00:00,2024-05-03 00:00:00+00:00,0.008312899916338693,0.008343114916338693,7,-1.0,rebalance,,0.16666666666666666,0.00020311833333333334,1,144.83,137.58
SOL,2024-05-10 00:00:00+00:00,2024-06-07 00:00:00+00:00,0.017599711465652864,0.01921648313231953,28,1.0,rebalance,,0.16666666666666666,-0.0013834383333333332,1,152.56,170.15
SOL,2024-06-14 00:00:00+00:00,2024-06-28 00:00:00+00:00,-0.002527148628329623,-0.0027383619616629567,14,-1.0,rebalance,,0.16666666666666666,0.00044454666666666673,1,147.29,149.71
SOL,2024-07-12 00:00:00+00:00,2024-08-16 00:00:00+00:00,0.0072622317609715705,0.00841130676097157,35,1.0,rebalance,,0.16666666666666666,-0.0009157416666666666,1,135.73,142.58
SOL,2024-08-23 00:00:00+00:00,2024-09-13 00:00:00+00:00,0.008231942518210779,0.008343224184877446,21,-1.0,rebalance,,0.16666666666666666,0.00012205166666666664,1,143.23,136.06
SOL,2024-10-25 00:00:00+00:00,2024-11-15 00:00:00+00:00,0.028939666618601496,0.03045694828526816,21,1.0,rebalance,,0.16666666666666666,-0.0012839483333333334,1,177.19,209.57
SOL,2024-11-22 00:00:00+00:00,2024-11-29 00:00:00+00:00,-0.013053953796838012,-0.012221442130171345,7,1.0,rebalance,,0.16666666666666666,-0.0005991783333333333,1,256.38,237.58
SOL,2024-12-13 00:00:00+00:00,2024-12-27 00:00:00+00:00,0.02818588458250715,0.028266137915840484,14,-1.0,rebalance,,0.16666666666666666,0.00015307999999999996,1,226.95,188.46
SOL,2025-01-24 00:00:00+00:00,2025-02-07 00:00:00+00:00,-0.042010354258322787,-0.041870785924989454,14,1.0,rebalance,,0.16666666666666666,9.376500000000001e-05,1,253.12,189.53
SOL,2025-02-14 00:00:00+00:00,2025-03-21 00:00:00+00:00,0.05690307914607359,0.057180120812740265,35,-1.0,rebalance,,0.16666666666666666,-4.370833333333328e-05,1,194.24,127.6
SOL,2025-04-25 00:00:00+00:00,2025-05-09 00:00:00+00:00,0.012875010504752529,0.013012127171419197,14,1.0,rebalance,,0.16666666666666666,9.621666666666668e-05,1,152.55,164.46
SOL,2025-05-23 00:00:00+00:00,2025-05-30 00:00:00+00:00,-0.012323007076283763,-0.012030647076283763,7,1.0,rebalance,,0.16666666666666666,-5.9026666666666675e-05,1,179.68,166.71
SOL,2025-08-29 00:00:00+00:00,2025-09-26 00:00:00+00:00,-0.017639729387601256,-0.016866421054267923,28,1.0,rebalance,,0.16666666666666666,-0.000539975,1,214.43,192.73
SOL,2025-10-10 00:00:00+00:00,2025-10-17 00:00:00+00:00,0.025198279799106812,0.027225818132440145,7,-1.0,rebalance,,0.16666666666666666,-0.001794205,1,220.93,184.84
SOL,2025-11-14 00:00:00+00:00,2025-11-28 00:00:00+00:00,0.004346691209294843,0.004479296209294843,14,-1.0,rebalance,,0.16666666666666666,0.00010072833333333334,1,144.74,140.85
SOL,2026-01-16 00:00:00+00:00,2026-01-30 00:00:00+00:00,-0.029011164755869203,-0.028778409755869205,14,1.0,rebalance,,0.16666666666666666,5.783333333333309e-07,1,142.41,117.82
SOL,2026-02-06 00:00:00+00:00,2026-02-27 00:00:00+00:00,-0.017492625672708702,-0.01610501233937537,21,-1.0,rebalance,,0.16666666666666666,-0.00115428,1,78.34,85.91
SOL,2026-03-06 00:00:00+00:00,2026-03-13 00:00:00+00:00,-0.0036868793996395607,-0.0036607343996395607,7,1.0,rebalance,,0.16666666666666666,0.00020718833333333334,1,88.78,86.83
SOL,2026-03-20 00:00:00+00:00,2026-03-27 00:00:00+00:00,-0.0045544039238845395,-0.004461942257217873,7,1.0,rebalance,,0.16666666666666666,0.00014087166666666665,1,88.9,86.52
SOL,2026-04-10 00:00:00+00:00,2026-04-17 00:00:00+00:00,-0.011576526751670056,-0.011460458418336723,7,-1.0,rebalance,,0.16666666666666666,0.00011726500000000001,1,83.33,89.06
SOL,2026-06-05 00:00:00+00:00,2026-06-12 00:00:00+00:00,0.004059180680751166,0.004694835680751167,7,-1.0,rebalance,,0.16666666666666666,-0.00040232166666666667,1,68.87,66.93
SOL,2026-07-03 00:00:00+00:00,2026-07-17 00:00:00+00:00,-0.011532675616121568,-0.011129005616121568,14,1.0,rebalance,,0.16666666666666666,-0.00017033666666666666,1,80.72,75.33
SOL,2026-07-24 00:00:00+00:00,2026-08-14 00:00:00+00:00,-0.0007327918810402588,-0.0008785802143735921,21,-1.0,rebalance,,0.16666666666666666,0.00037912166666666665,1,75.88,76.28
XRP,2018-06-08 00:00:00+00:00,2018-06-15 00:00:00+00:00,-0.029757213122817375,-0.029523879789484044,7,1.0,rebalance,,0.16666666666666666,0.0,1,0.6777,0.55765
XRP,2018-06-22 00:00:00+00:00,2018-07-13 00:00:00+00:00,0.030073667789841507,0.03030700112317484,21,-1.0,rebalance,,0.16666666666666666,0.0,1,0.5342,0.43706
XRP,2018-07-27 00:00:00+00:00,2018-08-24 00:00:00+00:00,0.045252947992334785,0.04548628132566812,28,-1.0,rebalance,,0.16666666666666666,0.0,1,0.44878,0.3263
XRP,2018-09-07 00:00:00+00:00,2018-09-14 00:00:00+00:00,-0.012878839484902692,-0.012645506151569359,7,1.0,rebalance,,0.16666666666666666,0.0,1,0.30182,0.27892
XRP,2018-09-14 00:00:00+00:00,2018-09-21 00:00:00+00:00,-0.10172599550647737,-0.10149266217314404,7,-1.0,rebalance,,0.16666666666666666,0.0,1,0.27892,0.44877
XRP,2018-09-21 00:00:00+00:00,2018-10-12 00:00:00+00:00,-0.024588793814203282,-0.02435546048086995,21,1.0,rebalance,,0.16666666666666666,0.0,1,0.44877,0.38319
XRP,2018-10-12 00:00:00+00:00,2018-11-02 00:00:00+00:00,-0.034237352227354606,-0.03400401889402127,21,-1.0,rebalance,,0.16666666666666666,0.0,1,0.38319,0.46137
XRP,2018-11-02 00:00:00+00:00,2018-11-23 00:00:00+00:00,-0.012410833676514159,-0.012177500343180825,21,1.0,rebalance,,0.16666666666666666,0.0,1,0.46137,0.42766
XRP,2018-12-14 00:00:00+00:00,2018-12-21 00:00:00+00:00,-0.04096961715024293,-0.040736283816909594,7,-1.0,rebalance,,0.16666666666666666,0.0,1,0.29916,0.37228
XRP,2018-12-28 00:00:00+00:00,2019-01-04 00:00:00+00:00,0.009181310558385754,0.009414643891719088,7,1.0,rebalance,,0.16666666666666666,0.0,1,0.3337,0.35255
XRP,2019-01-11 00:00:00+00:00,2019-02-08 00:00:00+00:00,0.016800919993428618,0.01703425332676195,28,-1.0,rebalance,,0.16666666666666666,0.0,1,0.32464,0.29146
XRP,2019-02-15 00:00:00+00:00,2019-02-22 00:00:00+00:00,-0.011214429448396594,-0.01098109611506326,7,-1.0,rebalance,,0.16666666666666666,0.0,1,0.30082,0.32064
XRP,2019-03-15 00:00:00+00:00,2019-04-05 00:00:00+00:00,-0.01021802169327467,-0.009984688359941336,21,-1.0,rebalance,,0.16666666666666666,0.0,1,0.31131,0.32996
XRP,2019-05-03 00:00:00+00:00,2019-05-17 00:00:00+00:00,-0.06470727890706043,-0.0644739455737271,14,-1.0,rebalance,,0.16666666666666666,0.0,1,0.30206,0.41891
XRP,2019-06-28 00:00:00+00:00,2019-07-05 00:00:00+00:00,0.009260671521232621,0.009494004854565955,7,-1.0,rebalance,,0.16666666666666666,0.0,1,0.41061,0.38722
XRP,2019-07-12 00:00:00+00:00,2019-07-26 00:00:00+00:00,0.00765201491932215,0.007885348252655484,14,-1.0,rebalance,,0.16666666666666666,0.0,1,0.32888,0.31332
XRP,2019-08-16 00:00:00+00:00,2019-08-30 00:00:00+00:00,0.004060897241588342,0.004294230574921676,14,-1.0,rebalance,,0.16666666666666666,0.0,1,0.26392,0.25712
XRP,2019-10-18 00:00:00+00:00,2019-11-08 00:00:00+00:00,-0.006299765740679353,-0.006066432407346019,21,1.0,rebalance,,0.16666666666666666,0.0,1,0.30166,0.29068
XRP,2019-11-08 00:00:00+00:00,2019-12-06 00:00:00+00:00,0.0396157561579744,0.039849089491307735,28,-1.0,rebalance,,0.16666666666666666,0.0,1,0.29068,0.22118
XRP,2019-12-20 00:00:00+00:00,2020-01-10 00:00:00+00:00,-0.012687197903798348,-0.014155129570465014,21,-1.0,rebalance,,0.16666666666666666,0.0017012649999999998,1,0.1878,0.20375
XRP,2020-02-28 00:00:00+00:00,2020-03-13 00:00:00+00:00,0.07314453505589558,0.0720913333892289,14,-1.0,rebalance,,0.16666666666666666,0.0012865349999999997,1,0.23854,0.13536
XRP,2020-05-22 00:00:00+00:00,2020-06-05 00:00:00+00:00,-0.008125814723851663,-0.008558883057184996,14,-1.0,rebalance,,0.16666666666666666,0.0006664016666666668,1,0.19434,0.20432
XRP,2020-06-12 00:00:00+00:00,2020-07-10 00:00:00+00:00,-0.011722251937169071,-0.012750358603835738,28,-1.0,rebalance,,0.16666666666666666,0.00126144,1,0.18823,0.20263
XRP,2020-07-10 00:00:00+00:00,2020-07-17 00:00:00+00:00,-0.007356332277632467,-0.0067117406109657995,7,1.0,rebalance,,0.16666666666666666,-0.0004112583333333334,1,0.20263,0.19447
XRP,2020-08-07 00:00:00+00:00,2020-08-28 00:00:00+00:00,-0.02607397492906397,-0.021066349929063977,21,1.0,rebalance,,0.16666666666666666,-0.0047742916666666645,1,0.30309,0.26478
XRP,2020-08-28 00:00:00+00:00,2020-09-04 00:00:00+00:00,0.014080674823501275,0.01305486315683461,7,-1.0,rebalance,,0.16666666666666666,0.001259145,1,0.26478,0.24404
XRP,2020-10-30 00:00:00+00:00,2020-11-06 00:00:00+00:00,-0.0022862850181577794,-0.0023178716848244463,7,-1.0,rebalance,,0.16666666666666666,0.00026492000000000003,1,0.24232,0.24569
XRP,2020-11-27 00:00:00+00:00,2020-12-18 00:00:00+00:00,0.012689332335302922,0.012538289001969589,21,1.0,rebalance,,0.16666666666666666,0.0003843766666666666,1,0.53649,0.57685
XRP,2020-12-25 00:00:00+00:00,2021-01-22 00:00:00+00:00,0.04405114295831488,0.03483931295831488,28,-1.0,rebalance,,0.16666666666666666,0.009445163333333334,1,0.33865,0.26786
XRP,2021-01-29 00:00:00+00:00,2021-02-05 00:00:00+00:00,-0.11004492015131442,-0.11435025681798108,7,-1.0,rebalance,,0.16666666666666666,0.00453867,1,0.26413,0.44535
XRP,2021-02-05 00:00:00+00:00,2021-02-12 00:00:00+00:00,0.02457335063826207,0.031020545638262065,7,1.0,rebalance,,0.16666666666666666,-0.006213861666666666,1,0.44535,0.52824
XRP,2021-02-26 00:00:00+00:00,2021-03-19 00:00:00+00:00,-0.007315611566549691,-0.012614968233216357,21,-1.0,rebalance,,0.16666666666666666,0.005532689999999999,1,0.43599,0.46899
XRP,2021-03-26 00:00:00+00:00,2021-04-30 00:00:00+00:00,0.2721121185829708,0.28982639024963747,35,1.0,rebalance,,0.16666666666666666,-0.017480938333333338,1,0.51034,1.3978
XRP,2021-05-07 00:00:00+00:00,2021-05-14 00:00:00+00:00,0.02694939258589135,0.02478995091922468,7,-1.0,rebalance,,0.16666666666666666,0.002392775,1,1.6028,1.3644
XRP,2021-06-11 00:00:00+00:00,2021-06-18 00:00:00+00:00,0.005239853403945054,0.005123186737278388,7,-1.0,rebalance,,0.16666666666666666,0.00035000000000000005,1,0.8686,0.8419
XRP,2021-07-02 00:00:00+00:00,2021-07-23 00:00:00+00:00,0.0173705429288026,0.016990291262135932,21,-1.0,rebalance,,0.16666666666666666,0.000613585,1,0.6592,0.592
XRP,2021-07-30 00:00:00+00:00,2021-08-06 00:00:00+00:00,-0.0041668447293447255,-0.0035835113960113922,7,1.0,rebalance,,0.16666666666666666,-0.00035000000000000005,1,0.7488,0.7327
XRP,2021-08-13 00:00:00+00:00,2021-08-20 00:00:00+00:00,0.04518243652779214,0.04633750819445881,7,1.0,rebalance,,0.16666666666666666,-0.0009217383333333333,1,0.9661,1.2347
XRP,2021-09-10 00:00:00+00:00,2021-09-17 00:00:00+00:00,-0.0003994372911299408,-0.0005367439577966074,7,-1.0,rebalance,,0.16666666666666666,0.00037064,1,1.0868,1.0903
XRP,2021-09-24 00:00:00+00:00,2021-10-01 00:00:00+00:00,0.0080883838232162,0.008003860489882867,7,-1.0,rebalance,,0.16666666666666666,0.0003178566666666667,1,1.0016,0.9535
XRP,2021-10-29 00:00:00+00:00,2021-11-05 00:00:00+00:00,-0.021307503796471314,-0.022432262129804648,7,-1.0,rebalance,,0.16666666666666666,0.0013580916666666666,1,1.058,1.2004
XRP,2021-12-24 00:00:00+00:00,2021-12-31 00:00:00+00:00,-0.02581466976377292,-0.026087248097106254,7,1.0,rebalance,,0.16666666666666666,0.0005059116666666666,1,0.9941,0.8385
XRP,2022-01-14 00:00:00+00:00,2022-01-21 00:00:00+00:00,0.010478814195215163,0.010377317528548497,7,-1.0,rebalance,,0.16666666666666666,0.00033483000000000005,1,0.7677,0.7199
XRP,2022-02-11 00:00:00+00:00,2022-03-04 00:00:00+00:00,-0.015507087735570926,-0.01492386606890426,21,1.0,rebalance,,0.16666666666666666,-0.0003498883333333334,1,0.8253,0.7514
XRP,2022-03-18 00:00:00+00:00,2022-03-25 00:00:00+00:00,0.009749327956989249,0.010332661290322582,7,1.0,rebalance,,0.16666666666666666,-0.00035000000000000005,1,0.7936,0.8428
XRP,2022-04-08 00:00:00+00:00,2022-04-15 00:00:00+00:00,0.012903705042354947,0.012875900042354949,7,-1.0,rebalance,,0.16666666666666666,0.0002611383333333333,1,0.787,0.7262
XRP,2022-09-23 00:00:00+00:00,2022-10-14 00:00:00+00:00,-0.0023957048583967454,-0.0024000548583967456,21,1.0,rebalance,,0.16666666666666666,0.00023768333333333325,1,0.4861,0.4791
XRP,2022-11-04 00:00:00+00:00,2022-11-18 00:00:00+00:00,0.02577525624450307,0.026715039577836403,14,-1.0,rebalance,,0.16666666666666666,-0.00070645,1,0.4548,0.3819
XRP,2022-12-02 00:00:00+00:00,2022-12-09 00:00:00+00:00,-0.001201456559139772,-0.0010920698924731056,7,1.0,rebalance,,0.16666666666666666,0.0001239466666666667,1,0.3968,0.3942
XRP,2022-12-16 00:00:00+00:00,2022-12-23 00:00:00+00:00,0.012186077910822964,0.01265766957748963,7,-1.0,rebalance,,0.16666666666666666,-0.00023825833333333333,1,0.3779,0.3492
XRP,2023-02-10 00:00:00+00:00,2023-03-03 00:00:00+00:00,0.0025449587951807107,0.002008032128514044,21,-1.0,rebalance,,0.16666666666666666,0.0007702600000000002,1,0.3818,0.3772
XRP,2023-03-24 00:00:00+00:00,2023-04-21 00:00:00+00:00,0.011053694134550368,0.011832319134550368,28,1.0,rebalance,,0.16666666666666666,-0.0005452916666666667,1,0.4437,0.4752
XRP,2023-04-21 00:00:00+00:00,2023-05-05 00:00:00+00:00,0.004815415050505064,0.005050505050505064,14,-1.0,rebalance,,0.16666666666666666,-1.7566666666666764e-06,1,0.4752,0.4608
XRP,2023-06-02 00:00:00+00:00,2023-06-23 00:00:00+00:00,-0.004463195146429714,-0.004211911813096381,21,1.0,rebalance,,0.16666666666666666,-1.7950000000000006e-05,1,0.5065,0.4937
XRP,2023-06-30 00:00:00+00:00,2023-07-14 00:00:00+00:00,-0.11935120240081458,-0.11951407906748124,14,-1.0,rebalance,,0.16666666666666666,0.00039621000000000003,1,0.4747,0.8151
XRP,2023-07-14 00:00:00+00:00,2023-08-04 00:00:00+00:00,-0.03226432585776797,-0.03112092585776797,21,1.0,rebalance,,0.16666666666666666,-0.0009100666666666668,1,0.8151,0.6629
XRP,2023-08-04 00:00:00+00:00,2023-09-01 00:00:00+00:00,0.038616492895107365,0.038190777895107365,28,-1.0,rebalance,,0.16666666666666666,0.0006590483333333332,1,0.6629,0.511
XRP,2023-10-13 00:00:00+00:00,2023-10-20 00:00:00+00:00,-0.01265929701131582,-0.012626785344649153,7,-1.0,rebalance,,0.16666666666666666,0.0002008216666666667,1,0.4831,0.5197
XRP,2023-10-20 00:00:00+00:00,2023-10-27 00:00:00+00:00,0.01029285549066767,0.010807517157334337,7,1.0,rebalance,,0.16666666666666666,-0.00028132833333333333,1,0.5197,0.5534
XRP,2023-12-01 00:00:00+00:00,2023-12-08 00:00:00+00:00,-0.009751745845016237,-0.010116004178349569,7,-1.0,rebalance,,0.16666666666666666,0.0005975916666666667,1,0.6063,0.6431
XRP,2023-12-29 00:00:00+00:00,2024-01-19 00:00:00+00:00,0.023356663528206735,0.021693455194873403,21,-1.0,rebalance,,0.16666666666666666,0.0018965416666666653,1,0.6346,0.552
XRP,2024-02-02 00:00:00+00:00,2024-02-16 00:00:00+00:00,-0.018092014992090184,-0.01862105332542352,14,-1.0,rebalance,,0.16666666666666666,0.0007623716666666668,1,0.5057,0.5622
XRP,2024-05-31 00:00:00+00:00,2024-06-07 00:00:00+00:00,-0.0006518628158148672,-0.0009321761491482006,7,-1.0,rebalance,,0.16666666666666666,0.0005136466666666666,1,0.5185,0.5214
XRP,2024-07-19 00:00:00+00:00,2024-08-16 00:00:00+00:00,-0.003563219554736414,-0.0026037095547364144,28,1.0,rebalance,,0.16666666666666666,-0.0007261766666666668,1,0.5697,0.5608
XRP,2024-08-23 00:00:00+00:00,2024-08-30 00:00:00+00:00,-0.010271109507556747,-0.010010596174223414,7,1.0,rebalance,,0.16666666666666666,-2.7179999999999994e-05,1,0.5977,0.5618
XRP,2024-08-30 00:00:00+00:00,2024-09-06 00:00:00+00:00,0.00503285113741544,0.0051323128040821064,7,-1.0,rebalance,,0.16666666666666666,0.00013387166666666667,1,0.5618,0.5445
XRP,2024-10-04 00:00:00+00:00,2024-10-18 00:00:00+00:00,-0.006785765120097113,-0.007122780120097112,14,-1.0,rebalance,,0.16666666666666666,0.0005703483333333334,1,0.5218,0.5441
XRP,2024-11-01 00:00:00+00:00,2024-11-08 00:00:00+00:00,-0.014936284330193594,-0.015044479330193594,7,-1.0,rebalance,,0.16666666666666666,0.0003415283333333334,1,0.5096,0.5556
XRP,2024-11-15 00:00:00+00:00,2024-12-27 00:00:00+00:00,0.2945611307618063,0.2978067907618063,42,1.0,rebalance,,0.16666666666666666,-0.0030123266666666677,1,0.7736,2.1559
XRP,2025-01-03 00:00:00+00:00,2025-01-10 00:00:00+00:00,-0.009577955699300695,-0.009032634032634027,7,1.0,rebalance,,0.16666666666666666,-0.0003119883333333333,1,2.4024,2.2722
XRP,2025-01-17 00:00:00+00:00,2025-02-07 00:00:00+00:00,-0.04798293840523883,-0.04724704673857216,21,1.0,rebalance,,0.16666666666666666,-0.0005025583333333333,1,3.245,2.3251
XRP,2025-03-07 00:00:00+00:00,2025-03-14 00:00:00+00:00,-0.022299250769230762,-0.022269230769230763,7,1.0,rebalance,,0.16666666666666666,0.00020331333333333332,1,2.6,2.2526
XRP,2025-03-21 00:00:00+00:00,2025-03-28 00:00:00+00:00,-0.006685137843459215,-0.006492884510125881,7,1.0,rebalance,,0.16666666666666666,4.108e-05,1,2.436,2.3411
XRP,2025-03-28 00:00:00+00:00,2025-04-11 00:00:00+00:00,0.026014008549257468,0.026725328549257465,14,-1.0,rebalance,,0.16666666666666666,-0.0004779866666666666,1,2.3411,1.9657
XRP,2025-05-30 00:00:00+00:00,2025-06-06 00:00:00+00:00,0.011115031260044856,0.011177457926711524,7,-1.0,rebalance,,0.16666666666666666,0.00017090666666666666,1,2.2441,2.0936
XRP,2025-07-04 00:00:00+00:00,2025-08-08 00:00:00+00:00,0.07679892143567134,0.07847785310233801,35,1.0,rebalance,,0.16666666666666666,-0.0014455983333333334,1,2.2569,3.3196
XRP,2025-08-08 00:00:00+00:00,2025-09-12 00:00:00+00:00,0.014960575587620983,0.01404787725428765,35,-1.0,rebalance,,0.16666666666666666,0.0011460316666666666,1,3.3196,3.0398
XRP,2025-10-03 00:00:00+00:00,2025-10-10 00:00:00+00:00,0.013002739863323261,0.012982098196656595,7,-1.0,rebalance,,0.16666666666666666,0.000253975,1,3.0388,2.8021
XRP,2026-01-02 00:00:00+00:00,2026-01-09 00:00:00+00:00,-0.021582636292355996,-0.021570296292355996,7,-1.0,rebalance,,0.16666666666666666,0.00022099333333333335,1,1.8799,2.1232
XRP,2026-01-09 00:00:00+00:00,2026-01-16 00:00:00+00:00,-0.003729180413212778,-0.003477455413212778,7,1.0,rebalance,,0.16666666666666666,-1.8391666666666662e-05,1,2.1232,2.0789
XRP,2026-01-23 00:00:00+00:00,2026-01-30 00:00:00+00:00,-0.01032563044168356,-0.010050077108350226,7,1.0,rebalance,,0.16666666666666666,-4.222e-05,1,1.9237,1.8077
XRP,2026-02-27 00:00:00+00:00,2026-03-06 00:00:00+00:00,8.704698272377518e-05,0.00013070031605710852,7,1.0,rebalance,,0.16666666666666666,0.00018967999999999999,1,1.4027,1.4038
XRP,2026-03-13 00:00:00+00:00,2026-03-20 00:00:00+00:00,-0.007740675422745448,-0.007571380422745447,7,-1.0,rebalance,,0.16666666666666666,6.403833333333333e-05,1,1.3846,1.4475
XRP,2026-04-10 00:00:00+00:00,2026-04-17 00:00:00+00:00,-0.013718642095549939,-0.013543682095549939,7,-1.0,rebalance,,0.16666666666666666,5.837333333333333e-05,1,1.3438,1.453
XRP,2026-05-08 00:00:00+00:00,2026-05-15 00:00:00+00:00,-0.011929980553873147,-0.011800898887206479,7,-1.0,rebalance,,0.16666666666666666,0.00010425166666666666,1,1.3869,1.4851
XRP,2026-07-10 00:00:00+00:00,2026-07-17 00:00:00+00:00,0.0008204651339979821,0.0009603951339979822,7,-1.0,rebalance,,0.16666666666666666,9.340333333333333e-05,1,1.0933,1.087
XRP,2026-08-07 00:00:00+00:00,2026-08-21 00:00:00+00:00,-0.03755631688405801,-0.037536231884058004,14,-1.0,rebalance,,0.16666666666666666,0.0002132483333333333,1,1.035,1.2681
XRP,2026-08-28 00:00:00+00:00,2026-09-11 00:00:00+00:00,-0.013888289958946835,-0.013623228292280168,14,1.0,rebalance,,0.16666666666666666,-3.172833333333333e-05,1,1.4534,1.3346
ADA,2018-05-18 00:00:00+00:00,2018-07-20 00:00:00+00:00,0.03984611471182661,0.04007944804515995,63,-1.0,rebalance,,0.16666666666666666,0.0,1,0.23915,0.18164
ADA,2018-07-20 00:00:00+00:00,2018-08-10 00:00:00+00:00,-0.05483767892534684,-0.054604345592013506,21,1.0,rebalance,,0.16666666666666666,0.0,1,0.18164,0.12213
ADA,2018-08-10 00:00:00+00:00,2018-10-05 00:00:00+00:00,0.05506293566964163,0.05529626900297496,56,-1.0,rebalance,,0.16666666666666666,0.0,1,0.12213,0.08161
ADA,2018-10-05 00:00:00+00:00,2018-10-12 00:00:00+00:00,-0.022330298574521092,-0.02209696524118776,7,1.0,rebalance,,0.16666666666666666,0.0,1,0.08161,0.07079
ADA,2018-10-12 00:00:00+00:00,2018-10-26 00:00:00+00:00,-0.009792122239487654,-0.00955878890615432,14,-1.0,rebalance,,0.16666666666666666,0.0,1,0.07079,0.07485
ADA,2018-11-09 00:00:00+00:00,2018-11-16 00:00:00+00:00,-0.027374702768376266,-0.027141369435042934,7,1.0,rebalance,,0.16666666666666666,0.0,1,0.07682,0.06431
ADA,2018-11-16 00:00:00+00:00,2018-12-28 00:00:00+00:00,0.07269467164256466,0.07292800497589799,42,-1.0,rebalance,,0.16666666666666666,0.0,1,0.06431,0.03617
ADA,2018-12-28 00:00:00+00:00,2019-02-01 00:00:00+00:00,0.009351036770804521,0.009584370104137855,35,1.0,rebalance,,0.16666666666666666,0.0,1,0.03617,0.03825
ADA,2019-02-01 00:00:00+00:00,2019-02-22 00:00:00+00:00,-0.029993681917211325,-0.029760348583877994,21,-1.0,rebalance,,0.16666666666666666,0.0,1,0.03825,0.04508
ADA,2019-03-22 00:00:00+00:00,2019-04-19 00:00:00+00:00,0.09181407633976928,0.09204740967310261,28,1.0,rebalance,,0.16666666666666666,0.0,1,0.05231,0.0812
ADA,2019-04-26 00:00:00+00:00,2019-05-17 00:00:00+00:00,-0.0444876940770558,-0.044254360743722465,21,-1.0,rebalance,,0.16666666666666666,0.0,1,0.06956,0.08803
ADA,2019-06-07 00:00:00+00:00,2019-06-14 00:00:00+00:00,-0.013232851869683841,-0.012999518536350507,7,-1.0,rebalance,,0.16666666666666666,0.0,1,0.08308,0.08956
ADA,2019-07-05 00:00:00+00:00,2019-08-30 00:00:00+00:00,0.07072205876027014,0.07095539209360348,56,-1.0,rebalance,,0.16666666666666666,0.0,1,0.07749,0.0445
ADA,2019-09-13 00:00:00+00:00,2019-09-20 00:00:00+00:00,-0.025631556925787283,-0.02539822359245395,7,-1.0,rebalance,,0.16666666666666666,0.0,1,0.04541,0.05233
ADA,2019-09-20 00:00:00+00:00,2019-09-27 00:00:00+00:00,-0.04529989808268043,-0.045066564749347095,7,1.0,rebalance,,0.16666666666666666,0.0,1,0.05233,0.03818
ADA,2019-10-11 00:00:00+00:00,2019-10-18 00:00:00+00:00,0.008972558437399943,0.009205891770733277,7,-1.0,rebalance,,0.16666666666666666,0.0,1,0.04164,0.03934
ADA,2019-11-01 00:00:00+00:00,2019-11-08 00:00:00+00:00,-0.009001010101010091,-0.008767676767676758,7,-1.0,rebalance,,0.16666666666666666,0.0,1,0.04125,0.04342
ADA,2019-12-20 00:00:00+00:00,2019-12-27 00:00:00+00:00,-0.005884761328085601,-0.005651427994752267,7,-1.0,rebalance,,0.16666666666666666,0.0,1,0.03303,0.03415
ADA,2020-01-10 00:00:00+00:00,2020-01-17 00:00:00+00:00,0.025255235988200574,0.025488569321533906,7,1.0,rebalance,,0.16666666666666666,0.0,1,0.03616,0.04169
ADA,2020-01-24 00:00:00+00:00,2020-02-21 00:00:00+00:00,0.047660649365207974,0.057806591031874646,28,1.0,rebalance,,0.16666666666666666,-0.009912608333333333,1,0.04319,0.05817
ADA,2020-02-28 00:00:00+00:00,2020-04-03 00:00:00+00:00,0.05980479768973586,0.060113674356402524,35,-1.0,rebalance,,0.16666666666666666,-7.55433333333329e-05,1,0.04985,0.03187
ADA,2020-04-03 00:00:00+00:00,2020-04-10 00:00:00+00:00,0.021450194586340315,0.022068821253006982,7,1.0,rebalance,,0.16666666666666666,-0.00038529333333333336,1,0.03187,0.03609
ADA,2020-04-24 00:00:00+00:00,2020-06-26 00:00:00+00:00,0.16158792353646598,0.16642192853646598,63,1.0,rebalance,,0.16666666666666666,-0.004600671666666665,1,0.04086,0.08166
ADA,2020-07-03 00:00:00+00:00,2020-07-31 00:00:00+00:00,0.08333272489577723,0.08547698489577722,28,1.0,rebalance,,0.16666666666666666,-0.0019109266666666664,1,0.09291,0.14056
ADA,2020-08-21 00:00:00+00:00,2020-09-18 00:00:00+00:00,0.0525012529781421,0.049863387978142104,28,-1.0,rebalance,,0.16666666666666666,0.002871198333333334,1,0.1342,0.09405
ADA,2020-09-25 00:00:00+00:00,2020-10-02 00:00:00+00:00,-0.03117623764962444,-0.031277764316291104,7,-1.0,rebalance,,0.16666666666666666,0.00033486000000000003,1,0.08254,0.09803
ADA,2020-10-02 00:00:00+00:00,2020-10-23 00:00:00+00:00,0.02014450951375427,0.0216260328470876,21,1.0,rebalance,,0.16666666666666666,-0.0012481900000000004,1,0.09803,0.11075
ADA,2020-11-13 00:00:00+00:00,2020-11-20 00:00:00+00:00,-0.0010960840581788066,-0.0020391257248454733,7,-1.0,rebalance,,0.16666666666666666,0.001176375,1,0.10462,0.1059
ADA,2020-11-27 00:00:00+00:00,2020-12-18 00:00:00+00:00,0.027508748689916887,0.03016504035658355,21,1.0,rebalance,,0.16666666666666666,-0.002422958333333333,1,0.13835,0.16339
ADA,2021-01-08 00:00:00+00:00,2021-01-15 00:00:00+00:00,0.004675397245880272,0.007164265579213605,7,1.0,rebalance,,0.16666666666666666,-0.002255535,1,0.29917,0.31203
ADA,2021-02-19 00:00:00+00:00,2021-03-05 00:00:00+00:00,0.031858020988118824,0.036143040988118824,14,1.0,rebalance,,0.16666666666666666,-0.004051686666666667,1,0.91433,1.11261
ADA,2021-03-12 00:00:00+00:00,2021-03-19 00:00:00+00:00,0.012001568428158856,0.01563968676149219,7,1.0,rebalance,,0.16666666666666666,-0.0034047849999999996,1,1.12417,1.22966
ADA,2021-04-09 00:00:00+00:00,2021-04-16 00:00:00+00:00,-0.029768396874165954,-0.03547969854083262,7,-1.0,rebalance,,0.16666666666666666,0.005944634999999999,1,1.21896,1.47845
ADA,2021-05-14 00:00:00+00:00,2021-06-04 00:00:00+00:00,-0.007060885191127939,-0.007214820191127938,21,1.0,rebalance,,0.16666666666666666,0.000387268333333333,1,1.9289,1.8454
ADA,2021-07-30 00:00:00+00:00,2021-08-06 00:00:00+00:00,-0.01291710934142293,-0.013003007674756262,7,-1.0,rebalance,,0.16666666666666666,0.0003192316666666667,1,1.2856,1.3859
ADA,2021-08-20 00:00:00+00:00,2021-09-10 00:00:00+00:00,0.0009424136058197533,0.00525036527248642,21,1.0,rebalance,,0.16666666666666666,-0.004074618333333333,1,2.4411,2.518
ADA,2021-09-17 00:00:00+00:00,2021-10-22 00:00:00+00:00,0.02287899437181077,0.0193766377051441,35,-1.0,rebalance,,0.16666666666666666,0.0037356899999999994,1,2.417,2.136
ADA,2021-10-29 00:00:00+00:00,2021-12-03 00:00:00+00:00,0.026803801212883747,0.02239557121288375,35,-1.0,rebalance,,0.16666666666666666,0.004641563333333333,1,1.987,1.72
ADA,2021-12-10 00:00:00+00:00,2021-12-17 00:00:00+00:00,0.006167265124223614,0.006211180124223614,7,-1.0,rebalance,,0.16666666666666666,0.00018941833333333333,1,1.288,1.24
ADA,2021-12-31 00:00:00+00:00,2022-01-14 00:00:00+00:00,-0.016375087826833445,-0.015575177826833448,14,1.0,rebalance,,0.16666666666666666,-0.0005665766666666668,1,1.359,1.232
ADA,2022-02-18 00:00:00+00:00,2022-03-25 00:00:00+00:00,-0.019073658974484802,-0.018155053974484803,35,-1.0,rebalance,,0.16666666666666666,-0.0006852716666666666,1,1.019,1.13
ADA,2022-03-25 00:00:00+00:00,2022-04-15 00:00:00+00:00,-0.029910100530973434,-0.0290560471976401,21,1.0,rebalance,,0.16666666666666666,-0.0006207200000000001,1,1.13,0.933
ADA,2022-04-15 00:00:00+00:00,2022-05-06 00:00:00+00:00,0.025889973804930345,0.025830653804930343,21,-1.0,rebalance,,0.16666666666666666,0.0002926533333333333,1,0.933,0.7884
ADA,2022-06-03 00:00:00+00:00,2022-06-17 00:00:00+00:00,-0.031121219591280655,-0.031505449591280654,14,1.0,rebalance,,0.16666666666666666,0.0006175633333333333,1,0.5872,0.4762
ADA,2022-07-15 00:00:00+00:00,2022-07-22 00:00:00+00:00,-0.021805111740246026,-0.021771941740246027,7,-1.0,rebalance,,0.16666666666666666,0.00020016333333333332,1,0.4417,0.4994
ADA,2022-08-26 00:00:00+00:00,2022-09-02 00:00:00+00:00,0.001975212951202005,0.002511661284535338,7,-1.0,rebalance,,0.16666666666666666,-0.0003031149999999999,1,0.4645,0.4575
ADA,2022-09-16 00:00:00+00:00,2022-09-23 00:00:00+00:00,-0.0029167778242528224,-0.0028242528242528224,7,1.0,rebalance,,0.16666666666666666,0.00014080833333333332,1,0.4662,0.4583
ADA,2022-10-07 00:00:00+00:00,2022-11-04 00:00:00+00:00,0.014231904726368153,0.015314054726368154,28,-1.0,rebalance,,0.16666666666666666,-0.0008488166666666665,1,0.4288,0.3894
ADA,2022-11-11 00:00:00+00:00,2022-11-18 00:00:00+00:00,-0.020268239634851772,-0.019748734634851772,7,1.0,rebalance,,0.16666666666666666,-0.0002861716666666667,1,0.3688,0.3251
ADA,2022-12-02 00:00:00+00:00,2022-12-16 00:00:00+00:00,0.0076607097073791396,0.00747455470737914,14,-1.0,rebalance,,0.16666666666666666,0.00041948833333333335,1,0.3144,0.3003
ADA,2022-12-23 00:00:00+00:00,2023-01-06 00:00:00+00:00,-0.008588554113102194,-0.008115829113102194,14,-1.0,rebalance,,0.16666666666666666,-0.00023939166666666668,1,0.2567,0.2692
ADA,2023-01-20 00:00:00+00:00,2023-02-03 00:00:00+00:00,0.028709976814595643,0.029635108481262308,14,1.0,rebalance,,0.16666666666666666,-0.0006917983333333335,1,0.338,0.3981
ADA,2023-03-03 00:00:00+00:00,2023-03-10 00:00:00+00:00,0.01911659533285782,0.01916310033285782,7,-1.0,rebalance,,0.16666666666666666,0.0001868283333333333,1,0.3505,0.3102
ADA,2023-04-07 00:00:00+00:00,2023-05-05 00:00:00+00:00,0.0005666351632279787,0.001915208496561312,28,1.0,rebalance,,0.16666666666666666,-0.00111524,1,0.3829,0.3873
ADA,2023-05-19 00:00:00+00:00,2023-05-26 00:00:00+00:00,0.005788907262770443,0.005880240596103777,7,-1.0,rebalance,,0.16666666666666666,0.00014199999999999998,1,0.3713,0.3582
ADA,2023-06-09 00:00:00+00:00,2023-07-07 00:00:00+00:00,0.022194364662434202,0.023020542995767536,28,-1.0,rebalance,,0.16666666666666666,-0.0005928449999999999,1,0.3229,0.2783
ADA,2023-08-04 00:00:00+00:00,2023-08-11 00:00:00+00:00,-0.0023567031964876065,-0.0023947998631542733,7,-1.0,rebalance,,0.16666666666666666,0.00027143,1,0.2923,0.2965
ADA,2023-09-08 00:00:00+00:00,2023-09-15 00:00:00+00:00,-0.004431377558139531,-0.004263565891472865,7,1.0,rebalance,,0.16666666666666666,6.552166666666664e-05,1,0.258,0.2514
ADA,2023-09-22 00:00:00+00:00,2023-10-06 00:00:00+00:00,-0.010086734931972765,-0.010408163265306098,14,-1.0,rebalance,,0.16666666666666666,0.0005547616666666666,1,0.245,0.2603
ADA,2023-11-03 00:00:00+00:00,2023-11-24 00:00:00+00:00,0.031633863524708546,0.03306509852470855,21,1.0,rebalance,,0.16666666666666666,-0.0011979016666666664,1,0.3231,0.3872
ADA,2023-12-08 00:00:00+00:00,2023-12-29 00:00:00+00:00,0.05629101099524332,0.05865349432857665,21,1.0,rebalance,,0.16666666666666666,-0.00212915,1,0.4555,0.6158
ADA,2024-01-05 00:00:00+00:00,2024-02-02 00:00:00+00:00,0.01938304093567248,0.018216374269005815,28,-1.0,rebalance,,0.16666666666666666,0.0013999999999999996,1,0.57,0.5077
ADA,2024-03-22 00:00:00+00:00,2024-05-10 00:00:00+00:00,0.047396335597668406,0.04441631059766841,49,-1.0,rebalance,,0.16666666666666666,0.0032133583333333335,1,0.6319,0.4635
ADA,2024-05-31 00:00:00+00:00,2024-06-14 00:00:00+00:00,0.010165412737961923,0.00955580440462859,14,-1.0,rebalance,,0.16666666666666666,0.0008429416666666669,1,0.4465,0.4209
ADA,2024-07-12 00:00:00+00:00,2024-07-26 00:00:00+00:00,-0.0012570738383838602,-0.0005050505050505267,14,1.0,rebalance,,0.16666666666666666,-0.00051869,1,0.396,0.3948
ADA,2024-08-02 00:00:00+00:00,2024-08-09 00:00:00+00:00,0.017269136454352456,0.017409766454352455,7,-1.0,rebalance,,0.16666666666666666,9.270333333333332e-05,1,0.3925,0.3515
ADA,2024-09-06 00:00:00+00:00,2024-09-13 00:00:00+00:00,0.015526116770737222,0.015995078437403887,7,1.0,rebalance,,0.16666666666666666,-0.00023562833333333334,1,0.3251,0.3563
ADA,2024-09-20 00:00:00+00:00,2024-09-27 00:00:00+00:00,-0.02388953397910735,-0.023979107312440684,7,-1.0,rebalance,,0.16666666666666666,0.00032290666666666667,1,0.351,0.4015
ADA,2024-09-27 00:00:00+00:00,2024-10-04 00:00:00+00:00,-0.023881616567040274,-0.02337069323370694,7,1.0,rebalance,,0.16666666666666666,-0.00027759,1,0.4015,0.3452
ADA,2024-10-04 00:00:00+00:00,2024-10-11 00:00:00+00:00,0.0026394782869833973,0.0027037466203167306,7,-1.0,rebalance,,0.16666666666666666,0.000169065,1,0.3452,0.3396
ADA,2024-10-18 00:00:00+00:00,2024-10-25 00:00:00+00:00,-0.0014861457692307634,-0.0016025641025640969,7,-1.0,rebalance,,0.16666666666666666,0.0003497516666666667,1,0.3432,0.3465
ADA,2024-11-08 00:00:00+00:00,2024-12-13 00:00:00+00:00,0.29002052948434165,0.29369568781767497,35,1.0,rebalance,,0.16666666666666666,-0.0034418250000000004,1,0.4066,1.1231
ADA,2024-12-20 00:00:00+00:00,2025-01-03 00:00:00+00:00,-0.014922358882201527,-0.015254750548868193,14,-1.0,rebalance,,0.16666666666666666,0.0005657250000000001,1,0.8806,0.9612
ADA,2025-01-10 00:00:00+00:00,2025-01-24 00:00:00+00:00,0.014270476440022124,0.015146489773355457,14,1.0,rebalance,,0.16666666666666666,-0.0006426800000000002,1,0.9045,0.9867
ADA,2025-02-07 00:00:00+00:00,2025-02-14 00:00:00+00:00,-0.02518210325297787,-0.024933824919644538,7,-1.0,rebalance,,0.16666666666666666,-1.4944999999999993e-05,1,0.7052,0.8107
ADA,2025-03-07 00:00:00+00:00,2025-03-14 00:00:00+00:00,-0.03732046265306123,-0.03741496598639456,7,1.0,rebalance,,0.16666666666666666,0.00032783666666666666,1,0.9065,0.703
ADA,2025-03-21 00:00:00+00:00,2025-03-28 00:00:00+00:00,0.004476750604076691,0.004689603937410025,7,1.0,rebalance,,0.16666666666666666,2.0480000000000004e-05,1,0.7179,0.7381
ADA,2025-03-28 00:00:00+00:00,2025-04-11 00:00:00+00:00,0.028651601164927945,0.02906110283159461,14,-1.0,rebalance,,0.16666666666666666,-0.00017616833333333333,1,0.7381,0.6094
ADA,2025-05-30 00:00:00+00:00,2025-06-06 00:00:00+00:00,0.022050766712828303,0.022273000046161635,7,-1.0,rebalance,,0.16666666666666666,1.110000000000002e-05,1,0.7221,0.6256
ADA,2025-06-13 00:00:00+00:00,2025-07-11 00:00:00+00:00,-0.0038589566298704533,-0.0041080699632037865,28,-1.0,rebalance,,0.16666666666666666,0.00048244666666666673,1,0.6613,0.6776
ADA,2025-07-18 00:00:00+00:00,2025-08-01 00:00:00+00:00,-0.01760568715839013,-0.01671535215839013,14,1.0,rebalance,,0.16666666666666666,-0.0006570016666666668,1,0.8216,0.7392
ADA,2025-08-08 00:00:00+00:00,2025-08-15 00:00:00+00:00,-0.029225873547117105,-0.029273558547117107,7,-1.0,rebalance,,0.16666666666666666,0.00028101833333333333,1,0.7874,0.9257
ADA,2025-08-15 00:00:00+00:00,2025-08-29 00:00:00+00:00,-0.012876271681970386,-0.012260991681970385,14,1.0,rebalance,,0.16666666666666666,-0.0003819466666666667,1,0.9257,0.8576
ADA,2025-09-05 00:00:00+00:00,2025-09-12 00:00:00+00:00,-0.01733764778656452,-0.01744305778656452,7,-1.0,rebalance,,0.16666666666666666,0.00033874333333333334,1,0.8093,0.894
ADA,2025-10-03 00:00:00+00:00,2025-12-12 00:00:00+00:00,0.08610336744007964,0.0852094341067463,70,-1.0,rebalance,,0.16666666666666666,0.0011272666666666666,1,0.8706,0.4255
ADA,2025-12-19 00:00:00+00:00,2026-01-09 00:00:00+00:00,-0.020853397136350694,-0.021064617136350695,21,-1.0,rebalance,,0.16666666666666666,0.0004445533333333333,1,0.3513,0.3957
ADA,2026-01-16 00:00:00+00:00,2026-01-23 00:00:00+00:00,-0.014840899040724756,-0.014520362374058089,7,1.0,rebalance,,0.16666666666666666,-8.720333333333333e-05,1,0.3937,0.3594
ADA,2026-02-27 00:00:00+00:00,2026-03-06 00:00:00+00:00,-0.010611784663182322,-0.010394889663182322,7,1.0,rebalance,,0.16666666666666666,1.6438333333333328e-05,1,0.287,0.2691
ADA,2026-03-13 00:00:00+00:00,2026-04-03 00:00:00+00:00,0.014729020094876675,0.015243516761543341,21,-1.0,rebalance,,0.16666666666666666,-0.00028116333333333323,1,0.2635,0.2394
ADA,2026-05-01 00:00:00+00:00,2026-05-08 00:00:00+00:00,-0.01109082581337122,-0.011097577480037885,7,-1.0,rebalance,,0.16666666666666666,0.000240085,1,0.2463,0.2627
ADA,2026-05-08 00:00:00+00:00,2026-05-22 00:00:00+00:00,-0.007984827049866767,-0.007613247049866767,14,1.0,rebalance,,0.16666666666666666,-0.00013824666666666669,1,0.2627,0.2507
ADA,2026-05-29 00:00:00+00:00,2026-07-10 00:00:00+00:00,0.048041974910600235,0.04853128991060024,42,-1.0,rebalance,,0.16666666666666666,-0.0002559816666666665,1,0.2349,0.1665
ADA,2026-07-17 00:00:00+00:00,2026-07-24 00:00:00+00:00,0.007524577837165947,0.007872384503832614,7,1.0,rebalance,,0.16666666666666666,-0.00011447333333333335,1,0.1609,0.1685
ADA,2026-08-07 00:00:00+00:00,2026-08-21 00:00:00+00:00,-0.002296058939695139,-0.0018223989396951392,14,1.0,rebalance,,0.16666666666666666,-0.00024032666666666663,1,0.2012,0.199
AVAX,2020-10-16 00:00:00+00:00,2020-10-23 00:00:00+00:00,-0.010554023833260637,-0.00864311216659397,7,-1.0,rebalance,,0.16666666666666666,-0.0016775783333333333,1,4.1266,4.3406
AVAX,2020-10-30 00:00:00+00:00,2020-11-27 00:00:00+00:00,0.012537336686449074,0.010354846686449074,28,-1.0,rebalance,,0.16666666666666666,0.0024158233333333337,1,3.7744,3.5399
AVAX,2020-12-11 00:00:00+00:00,2021-01-01 00:00:00+00:00,-0.0003598578134595442,-0.0019958494801262106,21,-1.0,rebalance,,0.16666666666666666,0.0018693249999999996,1,3.1482,3.1859
AVAX,2021-01-15 00:00:00+00:00,2021-02-26 00:00:00+00:00,0.31198961137079,0.3121262197041233,42,1.0,rebalance,,0.16666666666666666,9.672499999999979e-05,1,9.3192,26.7718
AVAX,2021-03-05 00:00:00+00:00,2021-03-19 00:00:00+00:00,-0.041021381474824245,-0.048070519808157575,14,-1.0,rebalance,,0.16666666666666666,0.007282471666666666,1,25.7781,33.2131
AVAX,2021-03-19 00:00:00+00:00,2021-03-26 00:00:00+00:00,-0.040411386949893255,-0.037144981949893255,7,1.0,rebalance,,0.16666666666666666,-0.0030330716666666668,1,33.2131,25.8109
AVAX,2021-04-02 00:00:00+00:00,2021-04-16 00:00:00+00:00,-0.039143715105393745,-0.05162972343872707,14,-1.0,rebalance,,0.16666666666666666,0.012719341666666665,1,28.2686,37.0256
AVAX,2021-04-23 00:00:00+00:00,2021-05-07 00:00:00+00:00,-0.09527128820096901,-0.09757522153430234,14,-1.0,rebalance,,0.16666666666666666,0.0025372666666666666,1,23.9692,38.002
AVAX,2021-05-14 00:00:00+00:00,2021-05-21 00:00:00+00:00,-0.046716164616775115,-0.04754157628344178,7,1.0,rebalance,,0.16666666666666666,0.001058745,1,35.036,25.042
AVAX,2021-05-28 00:00:00+00:00,2021-07-02 00:00:00+00:00,0.06981925589025939,0.0691911008902594,35,-1.0,rebalance,,0.16666666666666666,0.0008614883333333336,1,19.133,11.19
AVAX,2021-08-20 00:00:00+00:00,2021-10-08 00:00:00+00:00,0.16071817574598465,0.16788460074598466,49,1.0,rebalance,,0.16666666666666666,-0.006933091666666661,1,30.653,61.53
AVAX,2021-10-08 00:00:00+00:00,2021-10-29 00:00:00+00:00,-0.004613748242862549,-0.007611463242862548,21,-1.0,rebalance,,0.16666666666666666,0.003231048333333334,1,61.53,64.34
AVAX,2021-11-05 00:00:00+00:00,2021-12-10 00:00:00+00:00,0.010883031681864257,0.013614488348530924,35,1.0,rebalance,,0.16666666666666666,-0.0024981233333333337,1,78.96,85.41
AVAX,2021-12-24 00:00:00+00:00,2022-01-07 00:00:00+00:00,-0.03709361877315769,-0.03616028543982436,14,1.0,rebalance,,0.16666666666666666,-0.0007000000000000002,1,121.45,95.1
AVAX,2022-01-14 00:00:00+00:00,2022-01-28 00:00:00+00:00,0.04641828122699385,0.04642126789366052,14,-1.0,rebalance,,0.16666666666666666,0.00023034666666666678,1,89.65,64.68
AVAX,2022-02-11 00:00:00+00:00,2022-03-04 00:00:00+00:00,-0.02366079575966953,-0.0231775974263362,21,1.0,rebalance,,0.16666666666666666,-0.000249865,1,91.18,78.5
AVAX,2022-03-11 00:00:00+00:00,2022-03-18 00:00:00+00:00,-0.012498379737815053,-0.012331484737815052,7,-1.0,rebalance,,0.16666666666666666,6.643833333333334e-05,1,73.93,79.4
AVAX,2022-04-01 00:00:00+00:00,2022-04-08 00:00:00+00:00,-0.01738109832478019,-0.016883916658113524,7,1.0,rebalance,,0.16666666666666666,-0.00026384833333333333,1,97.43,87.56
AVAX,2022-04-22 00:00:00+00:00,2022-06-24 00:00:00+00:00,0.12213473742567657,0.1260276407590099,63,-1.0,rebalance,,0.16666666666666666,-0.003659569999999999,1,75.01,18.29
AVAX,2022-07-08 00:00:00+00:00,2022-08-05 00:00:00+00:00,0.02576497402048234,0.026263627353815672,28,1.0,rebalance,,0.16666666666666666,-0.00026532000000000004,1,20.18,23.36
AVAX,2022-09-02 00:00:00+00:00,2022-10-07 00:00:00+00:00,0.017830478726708093,0.019668737060041425,35,-1.0,rebalance,,0.16666666666666666,-0.0016049249999999999,1,19.32,17.04
AVAX,2022-10-14 00:00:00+00:00,2022-10-21 00:00:00+00:00,0.005175648631522891,0.0053248136315228916,7,-1.0,rebalance,,0.16666666666666666,8.416833333333333e-05,1,15.65,15.15
AVAX,2022-11-18 00:00:00+00:00,2022-12-09 00:00:00+00:00,-0.008682055619491985,-0.007128045619491985,21,-1.0,rebalance,,0.16666666666666666,-0.0013206766666666665,1,12.86,13.41
AVAX,2022-12-16 00:00:00+00:00,2022-12-23 00:00:00+00:00,-0.016707006738800302,-0.016704631738800303,7,1.0,rebalance,,0.16666666666666666,0.00023095833333333331,1,13.17,11.85
AVAX,2023-01-06 00:00:00+00:00,2023-01-13 00:00:00+00:00,-0.052512503310618956,-0.05252697331061895,7,-1.0,rebalance,,0.16666666666666666,0.0002478033333333333,1,11.74,15.44
AVAX,2023-01-13 00:00:00+00:00,2023-02-24 00:00:00+00:00,0.04342762375647666,0.04620034542314333,42,1.0,rebalance,,0.16666666666666666,-0.0025393883333333332,1,15.44,19.72
AVAX,2023-02-24 00:00:00+00:00,2023-03-24 00:00:00+00:00,0.018991441223799865,0.018424611223799865,28,-1.0,rebalance,,0.16666666666666666,0.0008001633333333337,1,19.72,17.54
AVAX,2023-04-28 00:00:00+00:00,2023-06-09 00:00:00+00:00,0.036545894751692995,0.03564710308502633,42,-1.0,rebalance,,0.16666666666666666,0.001132125,1,17.72,13.93
AVAX,2023-08-11 00:00:00+00:00,2023-08-18 00:00:00+00:00,0.02523256297838272,0.02548705631171605,7,-1.0,rebalance,,0.16666666666666666,-2.1159999999999994e-05,1,12.49,10.58
AVAX,2023-08-25 00:00:00+00:00,2023-10-06 00:00:00+00:00,-0.0008987040974967413,-0.00032938076416340795,42,-1.0,rebalance,,0.16666666666666666,-0.00033599,1,10.12,10.14
AVAX,2023-10-06 00:00:00+00:00,2023-10-20 00:00:00+00:00,-0.01823167095660749,-0.017751479289940825,14,1.0,rebalance,,0.16666666666666666,-0.00024685833333333335,1,10.14,9.06
AVAX,2023-11-17 00:00:00+00:00,2024-01-05 00:00:00+00:00,0.12539568721173036,0.13058498387839704,49,1.0,rebalance,,0.16666666666666666,-0.004955963333333334,1,21.71,38.72
AVAX,2024-01-12 00:00:00+00:00,2024-02-09 00:00:00+00:00,0.01750592465767371,0.016373971324340375,28,-1.0,rebalance,,0.16666666666666666,0.0013652866666666664,1,39.29,35.43
AVAX,2024-02-16 00:00:00+00:00,2024-02-23 00:00:00+00:00,-0.019966778400738232,-0.0191381800674049,7,1.0,rebalance,,0.16666666666666666,-0.000595265,1,41.54,36.77
AVAX,2024-03-22 00:00:00+00:00,2024-04-05 00:00:00+00:00,-0.025072203709207992,-0.022694903709207993,14,1.0,rebalance,,0.16666666666666666,-0.0021439666666666665,1,53.83,46.5
AVAX,2024-04-12 00:00:00+00:00,2024-05-10 00:00:00+00:00,0.039886366012603224,0.03965667101260323,28,-1.0,rebalance,,0.16666666666666666,0.0004630283333333334,1,46.02,35.07
AVAX,2024-05-17 00:00:00+00:00,2024-05-24 00:00:00+00:00,-0.019575492520561195,-0.019690372520561196,7,-1.0,rebalance,,0.16666666666666666,0.0003482133333333333,1,34.45,38.52
AVAX,2024-06-14 00:00:00+00:00,2024-07-12 00:00:00+00:00,0.031811534139784936,0.031236559139784938,28,-1.0,rebalance,,0.16666666666666666,0.0008083083333333334,1,31.0,25.19
AVAX,2024-07-19 00:00:00+00:00,2024-07-26 00:00:00+00:00,-0.0007141544176188731,-0.0006143260842855398,7,-1.0,rebalance,,0.16666666666666666,0.00013350500000000002,1,27.13,27.23
AVAX,2024-08-16 00:00:00+00:00,2024-08-23 00:00:00+00:00,-0.04254621491393575,-0.04203905991393575,7,-1.0,rebalance,,0.16666666666666666,-0.0002738216666666667,1,20.14,25.22
AVAX,2024-09-06 00:00:00+00:00,2024-09-13 00:00:00+00:00,0.020487397957592787,0.02057998129092612,7,1.0,rebalance,,0.16666666666666666,0.00014074999999999998,1,21.38,24.02
AVAX,2024-09-20 00:00:00+00:00,2024-10-11 00:00:00+00:00,-0.005378291121734784,-0.005124359455068117,21,1.0,rebalance,,0.16666666666666666,-2.059833333333335e-05,1,26.67,25.85
AVAX,2024-11-01 00:00:00+00:00,2024-11-08 00:00:00+00:00,-0.01616193596217871,-0.01571447596217871,7,-1.0,rebalance,,0.16666666666666666,-0.0002141266666666666,1,25.03,27.39
AVAX,2024-12-27 00:00:00+00:00,2025-01-17 00:00:00+00:00,-0.011716753443611035,-0.012233235110277702,21,-1.0,rebalance,,0.16666666666666666,0.0007498150000000001,1,37.33,40.07
AVAX,2025-01-24 00:00:00+00:00,2025-02-28 00:00:00+00:00,0.060854952855268096,0.06107049118860143,35,-1.0,rebalance,,0.16666666666666666,1.7795000000000144e-05,1,35.56,22.53
AVAX,2025-03-21 00:00:00+00:00,2025-03-28 00:00:00+00:00,-0.029279463888888895,-0.029155555555555563,7,-1.0,rebalance,,0.16666666666666666,0.000109425,1,18.75,22.03
AVAX,2025-03-28 00:00:00+00:00,2025-04-04 00:00:00+00:00,-0.02914386358904525,-0.029278256922378582,7,1.0,rebalance,,0.16666666666666666,0.00036772666666666666,1,22.03,18.16
AVAX,2025-04-25 00:00:00+00:00,2025-05-02 00:00:00+00:00,-0.005742299469764662,-0.005510872803097995,7,1.0,rebalance,,0.16666666666666666,1.9066666666666665e-06,1,22.38,21.64
AVAX,2025-06-06 00:00:00+00:00,2025-07-11 00:00:00+00:00,-0.017299271666666644,-0.01733333333333331,35,-1.0,rebalance,,0.16666666666666666,0.00026739499999999997,1,18.75,20.7
AVAX,2025-09-05 00:00:00+00:00,2025-10-10 00:00:00+00:00,0.027587285807517542,0.028707145807517542,35,1.0,rebalance,,0.16666666666666666,-0.0008865266666666669,1,24.21,28.38
AVAX,2025-10-10 00:00:00+00:00,2025-11-14 00:00:00+00:00,0.07081773397697907,0.07211651397697907,35,-1.0,rebalance,,0.16666666666666666,-0.0010654466666666668,1,28.38,16.1
AVAX,2025-12-12 00:00:00+00:00,2026-01-02 00:00:00+00:00,-0.0026366850347739564,-0.002111276701440623,21,-1.0,rebalance,,0.16666666666666666,-0.000292075,1,13.42,13.59
AVAX,2026-01-02 00:00:00+00:00,2026-01-16 00:00:00+00:00,0.002384089829531508,0.0028207014961981747,14,1.0,rebalance,,0.16666666666666666,-0.00020327833333333333,1,13.59,13.82
AVAX,2026-01-23 00:00:00+00:00,2026-02-06 00:00:00+00:00,0.052195217814207634,0.0530054644808743,14,-1.0,rebalance,,0.16666666666666666,-0.0005769133333333335,1,12.2,8.32
AVAX,2026-03-13 00:00:00+00:00,2026-03-20 00:00:00+00:00,-0.0035481378507411093,-0.0032747328507411093,7,1.0,rebalance,,0.16666666666666666,-4.007166666666668e-05,1,9.67,9.48
AVAX,2026-04-03 00:00:00+00:00,2026-04-10 00:00:00+00:00,-0.011962063809523787,-0.011809523809523787,7,-1.0,rebalance,,0.16666666666666666,8.079333333333334e-05,1,8.75,9.37
AVAX,2026-05-01 00:00:00+00:00,2026-05-15 00:00:00+00:00,-0.014685824652014673,-0.014652014652014673,14,-1.0,rebalance,,0.16666666666666666,0.00019952333333333335,1,9.1,9.9
AVAX,2026-06-12 00:00:00+00:00,2026-07-03 00:00:00+00:00,-0.004238985072202183,-0.0038357400722021833,21,-1.0,rebalance,,0.16666666666666666,-0.00016991166666666672,1,6.648,6.801
AVAX,2026-07-03 00:00:00+00:00,2026-07-17 00:00:00+00:00,-0.007469366086359839,-0.0070332794196931725,14,1.0,rebalance,,0.16666666666666666,-0.00020275333333333334,1,6.801,6.514
AVAX,2026-07-24 00:00:00+00:00,2026-08-07 00:00:00+00:00,-0.004654655001063632,-0.004573495001063632,14,-1.0,rebalance,,0.16666666666666666,0.00015217333333333337,1,6.268,6.44
LINK,2019-02-08 00:00:00+00:00,2019-02-22 00:00:00+00:00,-0.017517590980684714,-0.01728425764735138,14,-1.0,rebalance,,0.16666666666666666,0.0,1,0.4021,0.4438
LINK,2019-03-15 00:00:00+00:00,2019-03-22 00:00:00+00:00,-0.010765788390284069,-0.010532455056950735,7,1.0,rebalance,,0.16666666666666666,0.0,1,0.4858,0.4551
LINK,2019-03-29 00:00:00+00:00,2019-04-05 00:00:00+00:00,0.013978812199036935,0.014212145532370268,7,1.0,rebalance,,0.16666666666666666,0.0,1,0.4984,0.5409
LINK,2019-04-26 00:00:00+00:00,2019-05-03 00:00:00+00:00,-0.005567852115284866,-0.005334518781951532,7,-1.0,rebalance,,0.16666666666666666,0.0,1,0.4499,0.4643
LINK,2019-05-10 00:00:00+00:00,2019-07-26 00:00:00+00:00,0.4478818390086431,0.4481151723419764,77,1.0,rebalance,,0.16666666666666666,0.0,1,0.6402,2.3615
LINK,2019-07-26 00:00:00+00:00,2019-08-16 00:00:00+00:00,-0.0045385065989131095,-0.004305173265579776,21,-1.0,rebalance,,0.16666666666666666,0.0,1,2.3615,2.4225
LINK,2019-08-16 00:00:00+00:00,2019-08-30 00:00:00+00:00,-0.04469153766769865,-0.044458204334365314,14,1.0,rebalance,,0.16666666666666666,0.0,1,2.4225,1.7763
LINK,2019-09-06 00:00:00+00:00,2019-09-20 00:00:00+00:00,-0.007897451494689074,-0.0076641181613557405,14,-1.0,rebalance,,0.16666666666666666,0.0,1,1.7919,1.8743
LINK,2019-10-04 00:00:00+00:00,2019-11-01 00:00:00+00:00,0.0665430557698572,0.06677638910319053,28,1.0,rebalance,,0.16666666666666666,0.0,1,1.9443,2.7233
LINK,2019-11-08 00:00:00+00:00,2019-11-15 00:00:00+00:00,0.022264611206617317,0.02249794453995065,7,1.0,rebalance,,0.16666666666666666,0.0,1,2.6758,3.037
LINK,2019-12-06 00:00:00+00:00,2019-12-27 00:00:00+00:00,0.01240438539641393,0.012637718729747264,21,-1.0,rebalance,,0.16666666666666666,0.0,1,2.0059,1.8538
LINK,2020-01-03 00:00:00+00:00,2020-01-10 00:00:00+00:00,-0.043430768935467774,-0.04319743560213444,7,-1.0,rebalance,,0.16666666666666666,0.0,1,1.7366,2.1867
LINK,2020-01-10 00:00:00+00:00,2020-01-31 00:00:00+00:00,0.05094941949436745,0.055281169494367455,21,1.0,rebalance,,0.16666666666666666,-0.004098416666666666,1,2.1867,2.912
LINK,2020-02-14 00:00:00+00:00,2020-03-13 00:00:00+00:00,-0.07915717626063357,-0.08069482792730023,28,1.0,rebalance,,0.16666666666666666,0.0017709850000000005,1,3.8753,1.999
LINK,2020-03-20 00:00:00+00:00,2020-04-03 00:00:00+00:00,-0.005211741082377609,-0.003949306082377609,14,-1.0,rebalance,,0.16666666666666666,-0.0010291016666666667,1,2.2409,2.294
LINK,2020-04-10 00:00:00+00:00,2020-05-01 00:00:00+00:00,0.020558104846521034,0.0197135865131877,21,1.0,rebalance,,0.16666666666666666,0.001077851666666667,1,3.3099,3.7014
LINK,2020-05-22 00:00:00+00:00,2020-08-07 00:00:00+00:00,0.2791029853455852,0.2783520853455852,77,1.0,rebalance,,0.16666666666666666,0.000984233333333333,1,3.8307,10.2284
LINK,2020-08-14 00:00:00+00:00,2020-09-04 00:00:00+00:00,-0.05629932552113419,-0.05136611385446752,21,1.0,rebalance,,0.16666666666666666,-0.004699878333333333,1,17.1728,11.8802
LINK,2020-09-04 00:00:00+00:00,2020-10-16 00:00:00+00:00,0.014834009139268144,0.015894794139268142,42,-1.0,rebalance,,0.16666666666666666,-0.0008274516666666662,1,11.8802,10.7472
LINK,2020-10-23 00:00:00+00:00,2020-11-06 00:00:00+00:00,-0.014136969157263424,-0.013563249157263424,14,1.0,rebalance,,0.16666666666666666,-0.0003403866666666667,1,11.9551,10.9822
LINK,2020-12-11 00:00:00+00:00,2020-12-18 00:00:00+00:00,-0.020678767166672288,-0.021352890500005623,7,-1.0,rebalance,,0.16666666666666666,0.0009074566666666667,1,11.9172,13.444
LINK,2021-01-01 00:00:00+00:00,2021-01-08 00:00:00+00:00,-0.06629003533504205,-0.07015147200170871,7,-1.0,rebalance,,0.16666666666666666,0.004094769999999999,1,11.2364,15.9659
LINK,2021-03-26 00:00:00+00:00,2021-04-09 00:00:00+00:00,-0.04106892317273794,-0.047375636506071274,14,-1.0,rebalance,,0.16666666666666666,0.006540046666666667,1,25.53,32.787
LINK,2021-06-11 00:00:00+00:00,2021-07-23 00:00:00+00:00,0.052175981479647006,0.05078513647964701,42,-1.0,rebalance,,0.16666666666666666,0.0016241783333333323,1,23.117,16.073
LINK,2021-08-06 00:00:00+00:00,2021-08-20 00:00:00+00:00,0.019596587315634843,0.02113564231563484,14,1.0,rebalance,,0.16666666666666666,-0.0013057216666666665,1,24.051,27.101
LINK,2021-10-08 00:00:00+00:00,2021-10-15 00:00:00+00:00,0.0012070178564331825,0.0008072528564331827,7,-1.0,rebalance,,0.16666666666666666,0.0006330983333333333,1,26.84,26.71
LINK,2021-11-19 00:00:00+00:00,2021-11-26 00:00:00+00:00,0.001114214946641551,0.0008788449466415511,7,-1.0,rebalance,,0.16666666666666666,0.0004687033333333333,1,26.55,26.41
LINK,2021-12-03 00:00:00+00:00,2021-12-10 00:00:00+00:00,0.02923731098614507,0.0291361043194784,7,-1.0,rebalance,,0.16666666666666666,0.00033454000000000003,1,24.54,20.25
LINK,2021-12-17 00:00:00+00:00,2021-12-24 00:00:00+00:00,-0.03016240537648729,-0.030278813709820624,7,-1.0,rebalance,,0.16666666666666666,0.00034974166666666673,1,18.77,22.18
LINK,2022-01-07 00:00:00+00:00,2022-01-28 00:00:00+00:00,-0.06785565969804386,-0.06675856636471052,21,1.0,rebalance,,0.16666666666666666,-0.0008637600000000002,1,25.39,15.22
LINK,2022-01-28 00:00:00+00:00,2022-02-18 00:00:00+00:00,-0.003639151414805088,-0.004161191414805088,21,-1.0,rebalance,,0.16666666666666666,0.0007553733333333335,1,15.22,15.6
LINK,2022-02-25 00:00:00+00:00,2022-03-18 00:00:00+00:00,-0.013626482216779725,-0.014318010550113058,21,-1.0,rebalance,,0.16666666666666666,0.000924861666666667,1,13.27,14.41
LINK,2022-03-18 00:00:00+00:00,2022-03-25 00:00:00+00:00,0.019657240342354842,0.020240573675688173,7,1.0,rebalance,,0.16666666666666666,-0.00035000000000000005,1,14.41,16.16
LINK,2022-04-15 00:00:00+00:00,2022-05-13 00:00:00+00:00,0.08678280095796675,0.08638807429130009,28,-1.0,rebalance,,0.16666666666666666,0.0006280599999999997,1,13.64,6.57
LINK,2022-05-20 00:00:00+00:00,2022-06-03 00:00:00+00:00,0.000926747242969107,0.0009220839096357736,14,-1.0,rebalance,,0.16666666666666666,0.00023799666666666667,1,7.23,7.19
LINK,2022-06-10 00:00:00+00:00,2022-06-17 00:00:00+00:00,-0.052114151267529656,-0.052319309600862986,7,1.0,rebalance,,0.16666666666666666,0.0004384916666666667,1,9.27,6.36
LINK,2022-07-01 00:00:00+00:00,2022-07-08 00:00:00+00:00,-0.009876564045720381,-0.00983519404572038,7,-1.0,rebalance,,0.16666666666666666,0.00019196333333333334,1,6.27,6.64
LINK,2022-07-15 00:00:00+00:00,2022-07-22 00:00:00+00:00,-0.018980278884462135,-0.019096945551128803,7,-1.0,rebalance,,0.16666666666666666,0.00035000000000000005,1,6.275,6.994
LINK,2022-08-12 00:00:00+00:00,2022-08-26 00:00:00+00:00,-0.034495859523809534,-0.034133184523809534,14,1.0,rebalance,,0.16666666666666666,-0.0001293416666666667,1,8.96,7.125
LINK,2022-09-02 00:00:00+00:00,2022-09-09 00:00:00+00:00,-0.011670641749470441,-0.011602156749470441,7,-1.0,rebalance,,0.16666666666666666,0.0001648483333333333,1,6.924,7.406
LINK,2022-09-16 00:00:00+00:00,2022-10-07 00:00:00+00:00,0.0005313198343904082,0.0013653981677237415,21,1.0,rebalance,,0.16666666666666666,-0.0006007450000000001,1,7.568,7.63
LINK,2022-10-21 00:00:00+00:00,2022-11-04 00:00:00+00:00,-0.026337248261239607,-0.026584559927906277,14,-1.0,rebalance,,0.16666666666666666,0.00048064500000000003,1,6.658,7.72
LINK,2022-12-02 00:00:00+00:00,2022-12-16 00:00:00+00:00,-0.027046063688321825,-0.026580740354988492,14,1.0,rebalance,,0.16666666666666666,-0.00023199,1,7.681,6.456
LINK,2022-12-23 00:00:00+00:00,2022-12-30 00:00:00+00:00,0.011235727805995003,0.011240632805995002,7,-1.0,rebalance,,0.16666666666666666,0.00022842833333333332,1,6.005,5.6
LINK,2023-01-06 00:00:00+00:00,2023-01-13 00:00:00+00:00,-0.0212712526193841,-0.02134487428605077,7,-1.0,rebalance,,0.16666666666666666,0.00030695500000000003,1,5.661,6.386
LINK,2023-02-24 00:00:00+00:00,2023-03-03 00:00:00+00:00,-0.014469536462769312,-0.013901138129435978,7,1.0,rebalance,,0.16666666666666666,-0.00033506500000000006,1,7.937,7.275
LINK,2023-04-14 00:00:00+00:00,2023-04-21 00:00:00+00:00,-0.0010514695105926538,-0.0012067578439259874,7,-1.0,rebalance,,0.16666666666666666,0.00038862166666666666,1,7.458,7.512
LINK,2023-05-12 00:00:00+00:00,2023-05-19 00:00:00+00:00,-0.004431420408804998,-0.004481132075471664,7,-1.0,rebalance,,0.16666666666666666,0.000283045,1,6.36,6.531
LINK,2023-05-26 00:00:00+00:00,2023-06-02 00:00:00+00:00,-0.001610097812284331,-0.001725327812284331,7,-1.0,rebalance,,0.16666666666666666,0.00034856333333333335,1,6.279,6.344
LINK,2023-06-09 00:00:00+00:00,2023-06-16 00:00:00+00:00,0.01887270285229672,0.01896340785229672,7,-1.0,rebalance,,0.16666666666666666,0.00014262833333333332,1,5.994,5.312
LINK,2023-07-14 00:00:00+00:00,2023-08-11 00:00:00+00:00,0.010168942222222208,0.011555555555555541,28,1.0,rebalance,,0.16666666666666666,-0.0011532799999999998,1,7.125,7.619
LINK,2023-08-18 00:00:00+00:00,2023-08-25 00:00:00+00:00,0.0027260433206723936,0.00277463498733906,7,-1.0,rebalance,,0.16666666666666666,0.00018474166666666665,1,6.187,6.084
LINK,2023-09-01 00:00:00+00:00,2023-09-08 00:00:00+00:00,-0.014661054252013162,-0.014460700918679828,7,-1.0,rebalance,,0.16666666666666666,3.298e-05,1,5.878,6.388
LINK,2023-09-08 00:00:00+00:00,2023-10-20 00:00:00+00:00,0.022712763915675248,0.02389897724900858,42,1.0,rebalance,,0.16666666666666666,-0.00095288,1,6.388,7.304
LINK,2023-10-20 00:00:00+00:00,2023-10-27 00:00:00+00:00,-0.08258187713946692,-0.08267159547280026,7,-1.0,rebalance,,0.16666666666666666,0.0003230516666666667,1,7.304,10.927
LINK,2023-10-27 00:00:00+00:00,2023-11-17 00:00:00+00:00,0.0430679215894878,0.0448277965894878,21,1.0,rebalance,,0.16666666666666666,-0.0015265416666666665,1,10.927,13.866
LINK,2023-11-24 00:00:00+00:00,2023-12-01 00:00:00+00:00,-0.0004328494698337862,0.00015048386349954718,7,1.0,rebalance,,0.16666666666666666,-0.00035000000000000005,1,14.398,14.411
LINK,2024-02-02 00:00:00+00:00,2024-02-23 00:00:00+00:00,0.007387165782534525,0.008996432449201192,21,1.0,rebalance,,0.16666666666666666,-0.0013759333333333333,1,17.192,18.12
LINK,2024-03-22 00:00:00+00:00,2024-03-29 00:00:00+00:00,-0.005587085819157029,-0.0062303608191570286,7,-1.0,rebalance,,0.16666666666666666,0.0008766083333333332,1,18.458,19.148
LINK,2024-04-05 00:00:00+00:00,2024-04-12 00:00:00+00:00,0.0024059399512834983,0.0022109799512834982,7,-1.0,rebalance,,0.16666666666666666,0.0004282933333333333,1,17.79,17.554
LINK,2024-05-03 00:00:00+00:00,2024-05-10 00:00:00+00:00,-0.007876490948000971,-0.007934755948000971,7,-1.0,rebalance,,0.16666666666666666,0.00029159833333333333,1,13.59,14.237
LINK,2024-05-17 00:00:00+00:00,2024-06-14 00:00:00+00:00,-0.005795914892584011,-0.0040495832259173446,28,1.0,rebalance,,0.16666666666666666,-0.001512998333333333,1,15.516,15.139
LINK,2024-06-21 00:00:00+00:00,2024-07-26 00:00:00+00:00,0.016540308697989704,0.01554464703132304,35,-1.0,rebalance,,0.16666666666666666,0.001228995,1,14.26,12.93
LINK,2024-08-09 00:00:00+00:00,2024-08-23 00:00:00+00:00,-0.011910700589695858,-0.011483550589695857,14,-1.0,rebalance,,0.16666666666666666,-0.00019381666666666664,1,10.74,11.48
LINK,2024-08-30 00:00:00+00:00,2024-09-06 00:00:00+00:00,-0.014146537867154184,-0.013863497867154184,7,1.0,rebalance,,0.16666666666666666,-4.970666666666666e-05,1,10.94,10.03
LINK,2024-09-27 00:00:00+00:00,2024-10-04 00:00:00+00:00,-0.025667627558386412,-0.02521231422505308,7,1.0,rebalance,,0.16666666666666666,-0.00022198,1,12.56,10.66
LINK,2024-10-11 00:00:00+00:00,2024-10-25 00:00:00+00:00,-0.016469560157977854,-0.016903633491311187,14,-1.0,rebalance,,0.16666666666666666,0.0006674066666666668,1,10.55,11.62
LINK,2024-11-01 00:00:00+00:00,2024-11-15 00:00:00+00:00,0.022029897683318724,0.023225241016652055,14,1.0,rebalance,,0.16666666666666666,-0.00096201,1,11.41,13.0
LINK,2024-12-13 00:00:00+00:00,2024-12-27 00:00:00+00:00,-0.037802626803935035,-0.03694806680393503,14,1.0,rebalance,,0.16666666666666666,-0.0006212266666666668,1,29.14,22.68
LINK,2025-01-03 00:00:00+00:00,2025-01-17 00:00:00+00:00,-0.006943195172179429,-0.0072496601721794285,14,-1.0,rebalance,,0.16666666666666666,0.0005397983333333335,1,22.07,23.03
LINK,2025-01-24 00:00:00+00:00,2025-01-31 00:00:00+00:00,-0.008261012268121593,-0.0077942322681215925,7,1.0,rebalance,,0.16666666666666666,-0.00023344666666666667,1,25.66,24.46
LINK,2025-02-14 00:00:00+00:00,2025-03-07 00:00:00+00:00,0.013406270919540239,0.013469827586206906,21,-1.0,rebalance,,0.16666666666666666,0.00016977666666666665,1,18.56,17.06
LINK,2025-04-25 00:00:00+00:00,2025-05-16 00:00:00+00:00,0.010002096861443105,0.010845506861443106,21,1.0,rebalance,,0.16666666666666666,-0.0006100766666666667,1,15.06,16.04
LINK,2025-05-30 00:00:00+00:00,2025-06-13 00:00:00+00:00,0.01170139925249169,0.011849390919158357,14,-1.0,rebalance,,0.16666666666666666,8.534166666666668e-05,1,15.05,13.98
LINK,2025-07-11 00:00:00+00:00,2025-07-18 00:00:00+00:00,0.029600393700787386,0.030183727034120717,7,1.0,rebalance,,0.16666666666666666,-0.00035000000000000005,1,15.24,18.0
LINK,2025-08-15 00:00:00+00:00,2025-09-05 00:00:00+00:00,-0.0018566259799554432,-0.0009651076466221098,21,1.0,rebalance,,0.16666666666666666,-0.0006581850000000002,1,22.45,22.32
LINK,2025-09-12 00:00:00+00:00,2025-10-10 00:00:00+00:00,0.017300324406756565,0.01682332107342323,28,-1.0,rebalance,,0.16666666666666666,0.0007103366666666665,1,24.47,22.0
LINK,2025-12-12 00:00:00+00:00,2025-12-19 00:00:00+00:00,-0.025635053143669994,-0.025248933143669994,7,1.0,rebalance,,0.16666666666666666,-0.00015278666666666667,1,14.06,11.93
LINK,2026-01-02 00:00:00+00:00,2026-01-09 00:00:00+00:00,-0.008014847684377486,-0.008062384351044153,7,-1.0,rebalance,,0.16666666666666666,0.00028087,1,12.61,13.22
LINK,2026-02-06 00:00:00+00:00,2026-02-13 00:00:00+00:00,-0.010489666144781142,-0.010311447811447808,7,-1.0,rebalance,,0.16666666666666666,5.511499999999999e-05,1,7.92,8.41
LINK,2026-03-06 00:00:00+00:00,2026-03-13 00:00:00+00:00,-0.002793731884057956,-0.002536231884057956,7,1.0,rebalance,,0.16666666666666666,-2.416666666666666e-05,1,9.2,9.06
LINK,2026-03-20 00:00:00+00:00,2026-04-03 00:00:00+00:00,0.007689214963167592,0.00773480662983426,14,-1.0,rebalance,,0.16666666666666666,0.00018774166666666664,1,9.05,8.63
LINK,2026-04-17 00:00:00+00:00,2026-04-24 00:00:00+00:00,-0.004712812777777771,-0.004340277777777771,7,1.0,rebalance,,0.16666666666666666,-0.00013920166666666668,1,9.6,9.35
LINK,2026-05-08 00:00:00+00:00,2026-05-29 00:00:00+00:00,-0.01497393081218275,-0.01431472081218275,21,1.0,rebalance,,0.16666666666666666,-0.0004258766666666668,1,9.85,9.004
LINK,2026-05-29 00:00:00+00:00,2026-06-05 00:00:00+00:00,0.01813566459647565,0.01826965792980898,7,-1.0,rebalance,,0.16666666666666666,9.934e-05,1,9.004,8.017
LINK,2026-07-10 00:00:00+00:00,2026-07-17 00:00:00+00:00,-0.013138140757144742,-0.013125565757144741,7,-1.0,rebalance,,0.16666666666666666,0.0002207583333333333,1,7.733,8.342
LINK,2026-07-17 00:00:00+00:00,2026-08-07 00:00:00+00:00,-0.003660251354990817,-0.0029169663549908167,21,1.0,rebalance,,0.16666666666666666,-0.0005099516666666668,1,8.342,8.196
LINK,2026-08-14 00:00:00+00:00,2026-09-11 00:00:00+00:00,0.047280496079291835,0.048122726079291835,28,1.0,rebalance,,0.16666666666666666,-0.0006088966666666668,1,8.887,11.453
DOT,2020-09-11 00:00:00+00:00,2020-09-18 00:00:00+00:00,0.02663831835372022,0.027420400020386888,7,1.0,rebalance,,0.16666666666666666,-0.0005487483333333333,1,4.5781,5.3313
DOT,2020-09-25 00:00:00+00:00,2020-10-30 00:00:00+00:00,0.013081636928862894,0.012101071928862894,35,-1.0,rebalance,,0.16666666666666666,0.0012138983333333333,1,4.3784,4.0605
DOT,2021-01-01 00:00:00+00:00,2021-02-05 00:00:00+00:00,0.17411215883970338,0.18725617217303672,35,1.0,rebalance,,0.16666666666666666,-0.012910679999999999,1,9.262,19.6682
DOT,2021-03-05 00:00:00+00:00,2021-03-12 00:00:00+00:00,0.005078119072905405,0.007919069072905405,7,1.0,rebalance,,0.16666666666666666,-0.0026076166666666664,1,35.2251,36.8988
DOT,2021-03-26 00:00:00+00:00,2021-04-02 00:00:00+00:00,-0.04068150798769706,-0.04283044632103039,7,-1.0,rebalance,,0.16666666666666666,0.0023822716666666664,1,29.8059,37.4655
DOT,2021-04-23 00:00:00+00:00,2021-05-14 00:00:00+00:00,-0.031194485312370342,-0.03558745864570367,21,-1.0,rebalance,,0.16666666666666666,0.004626306666666667,1,32.947,39.982
DOT,2021-05-21 00:00:00+00:00,2021-06-11 00:00:00+00:00,0.03649100007462685,0.03606965174129352,21,-1.0,rebalance,,0.16666666666666666,0.0006546816666666668,1,28.944,22.68
DOT,2021-06-25 00:00:00+00:00,2021-08-06 00:00:00+00:00,-0.028910234086127543,-0.02979125575279421,42,-1.0,rebalance,,0.16666666666666666,0.001114355,1,16.224,19.124
DOT,2021-08-06 00:00:00+00:00,2021-08-20 00:00:00+00:00,0.0634823190897999,0.06497071742313323,14,1.0,rebalance,,0.16666666666666666,-0.0012550649999999999,1,19.124,26.579
DOT,2021-09-10 00:00:00+00:00,2021-10-01 00:00:00+00:00,-0.007978517349653488,-0.0067627990163201535,21,1.0,rebalance,,0.16666666666666666,-0.0009823850000000001,1,29.82,28.61
DOT,2021-10-15 00:00:00+00:00,2021-11-12 00:00:00+00:00,0.023625387445727876,0.027648070779061208,28,1.0,rebalance,,0.16666666666666666,-0.00378935,1,40.69,47.44
DOT,2021-11-26 00:00:00+00:00,2021-12-31 00:00:00+00:00,0.0502776718237082,0.05040526849037487,35,-1.0,rebalance,,0.16666666666666666,0.00010573666666666674,1,39.48,27.54
DOT,2021-12-31 00:00:00+00:00,2022-01-14 00:00:00+00:00,-0.01092630601549262,-0.01059065601549262,14,1.0,rebalance,,0.16666666666666666,-0.0001023166666666667,1,27.54,25.79
DOT,2022-01-28 00:00:00+00:00,2022-02-18 00:00:00+00:00,-0.0018615303164091356,-0.0004598969830758026,21,-1.0,rebalance,,0.16666666666666666,-0.0011682999999999997,1,18.12,18.17
DOT,2022-02-25 00:00:00+00:00,2022-03-04 00:00:00+00:00,-0.019509313353947618,-0.019068233353947618,7,-1.0,rebalance,,0.16666666666666666,-0.00020774666666666667,1,16.17,18.02
DOT,2022-03-18 00:00:00+00:00,2022-04-01 00:00:00+00:00,0.023217898333333323,0.022933333333333323,14,1.0,rebalance,,0.16666666666666666,0.0005178983333333332,1,18.75,21.33
DOT,2022-04-15 00:00:00+00:00,2022-04-22 00:00:00+00:00,-0.002820704932067773,-0.002419504932067773,7,-1.0,rebalance,,0.16666666666666666,-0.00016786666666666664,1,17.91,18.17
DOT,2022-05-06 00:00:00+00:00,2022-05-20 00:00:00+00:00,0.05003470825560129,0.051897576588934624,14,-1.0,rebalance,,0.16666666666666666,-0.001629535,1,14.58,10.04
DOT,2022-06-03 00:00:00+00:00,2022-06-10 00:00:00+00:00,-0.010414748947368418,-0.01096491228070175,7,1.0,rebalance,,0.16666666666666666,0.0007834966666666667,1,9.88,9.23
DOT,2022-07-15 00:00:00+00:00,2022-07-22 00:00:00+00:00,-0.020454334680534918,-0.019811788013868254,7,-1.0,rebalance,,0.16666666666666666,-0.0004092133333333334,1,6.73,7.53
DOT,2022-08-05 00:00:00+00:00,2022-08-19 00:00:00+00:00,0.0003076690329218163,-0.0004115226337448504,14,1.0,rebalance,,0.16666666666666666,0.0009525250000000001,1,8.1,8.08
DOT,2022-08-26 00:00:00+00:00,2022-09-02 00:00:00+00:00,0.007649339555848724,0.008575197889182058,7,-1.0,rebalance,,0.16666666666666666,-0.000692525,1,7.58,7.19
DOT,2022-09-23 00:00:00+00:00,2022-10-14 00:00:00+00:00,0.007774796382428944,0.008785529715762278,21,-1.0,rebalance,,0.16666666666666666,-0.0007773999999999999,1,6.45,6.11
DOT,2022-12-09 00:00:00+00:00,2022-12-16 00:00:00+00:00,0.005740068425584232,0.005842558425584232,7,-1.0,rebalance,,0.16666666666666666,0.00013084333333333336,1,5.42,5.23
DOT,2022-12-23 00:00:00+00:00,2023-01-13 00:00:00+00:00,-0.025618382737569875,-0.02577964107090321,21,-1.0,rebalance,,0.16666666666666666,0.00039459166666666666,1,4.532,5.233
DOT,2023-02-03 00:00:00+00:00,2023-02-17 00:00:00+00:00,-0.00585955494039432,-0.005502063273727653,14,1.0,rebalance,,0.16666666666666666,-0.00012415833333333335,1,6.543,6.327
DOT,2023-02-17 00:00:00+00:00,2023-02-24 00:00:00+00:00,-0.020125958739528996,-0.020230757072862333,7,-1.0,rebalance,,0.16666666666666666,0.0003381316666666667,1,6.327,7.095
DOT,2023-02-24 00:00:00+00:00,2023-03-03 00:00:00+00:00,-0.018202123085506228,-0.017852948085506228,7,1.0,rebalance,,0.16666666666666666,-0.00011584166666666666,1,7.095,6.335
DOT,2023-03-24 00:00:00+00:00,2023-03-31 00:00:00+00:00,0.005102935064335803,0.005247060064335803,7,-1.0,rebalance,,0.16666666666666666,8.920833333333334e-05,1,6.321,6.122
DOT,2023-04-21 00:00:00+00:00,2023-05-26 00:00:00+00:00,0.024028284580810553,0.023618611247477217,35,-1.0,rebalance,,0.16666666666666666,0.0006430066666666668,1,6.111,5.245
DOT,2023-06-02 00:00:00+00:00,2023-06-09 00:00:00+00:00,0.005839317997182768,0.005858624663849435,7,-1.0,rebalance,,0.16666666666666666,0.00021402666666666667,1,5.206,5.023
DOT,2023-09-08 00:00:00+00:00,2023-10-27 00:00:00+00:00,-0.000777810739791975,0.002328830926874692,49,-1.0,rebalance,,0.16666666666666666,-0.002873308333333334,1,4.294,4.234
DOT,2023-12-01 00:00:00+00:00,2023-12-08 00:00:00+00:00,0.02282134468481637,0.023417991351483036,7,1.0,rebalance,,0.16666666666666666,-0.00036331333333333336,1,5.473,6.242
DOT,2023-12-15 00:00:00+00:00,2023-12-22 00:00:00+00:00,0.019621634010832913,0.020289469010832912,7,1.0,rebalance,,0.16666666666666666,-0.00043450166666666665,1,7.508,8.422
DOT,2024-01-05 00:00:00+00:00,2024-01-12 00:00:00+00:00,0.005085744806870601,0.0056690781402039345,7,1.0,rebalance,,0.16666666666666666,-0.00035000000000000005,1,7.879,8.147
DOT,2024-01-19 00:00:00+00:00,2024-02-16 00:00:00+00:00,-0.01699931386197398,-0.018120072195307313,28,-1.0,rebalance,,0.16666666666666666,0.0013540916666666663,1,7.018,7.781
DOT,2024-03-08 00:00:00+00:00,2024-03-22 00:00:00+00:00,-0.021917072616942188,-0.01962386261694219,14,1.0,rebalance,,0.16666666666666666,-0.002059876666666666,1,10.404,9.179
DOT,2024-03-29 00:00:00+00:00,2024-04-26 00:00:00+00:00,0.04789807866862661,0.04656656866862661,28,-1.0,rebalance,,0.16666666666666666,0.0015648433333333332,1,9.524,6.863
DOT,2024-05-10 00:00:00+00:00,2024-05-24 00:00:00+00:00,0.0028002040216106023,0.0035466023549439356,14,1.0,rebalance,,0.16666666666666666,-0.000513065,1,7.049,7.199
DOT,2024-05-24 00:00:00+00:00,2024-06-07 00:00:00+00:00,0.0018745653018937812,0.0012501736352271142,14,-1.0,rebalance,,0.16666666666666666,0.0008577250000000002,1,7.199,7.145
DOT,2024-06-14 00:00:00+00:00,2024-06-21 00:00:00+00:00,0.018570474842767307,0.01878930817610064,7,-1.0,rebalance,,0.16666666666666666,1.4500000000000002e-05,1,6.36,5.643
DOT,2024-07-12 00:00:00+00:00,2024-07-19 00:00:00+00:00,0.0048673678543996205,0.0053654128543996205,7,1.0,rebalance,,0.16666666666666666,-0.00026471166666666663,1,5.902,6.092
DOT,2024-07-19 00:00:00+00:00,2024-07-26 00:00:00+00:00,0.009078258404464861,0.009219741737798196,7,-1.0,rebalance,,0.16666666666666666,9.185000000000001e-05,1,6.092,5.755
DOT,2024-08-02 00:00:00+00:00,2024-09-20 00:00:00+00:00,0.03306457987174686,0.03388878487174686,49,-1.0,rebalance,,0.16666666666666666,-0.0005908716666666663,1,5.341,4.255
DOT,2024-10-04 00:00:00+00:00,2024-10-25 00:00:00+00:00,-0.0024253921986760697,-0.00310809719867607,21,-1.0,rebalance,,0.16666666666666666,0.0009160383333333336,1,4.129,4.206
DOT,2024-11-01 00:00:00+00:00,2024-11-15 00:00:00+00:00,-0.03388191713100951,-0.03443630546434284,14,-1.0,rebalance,,0.16666666666666666,0.0007877216666666668,1,3.959,4.777
DOT,2024-11-29 00:00:00+00:00,2024-12-20 00:00:00+00:00,-0.03450677991197525,-0.03236602824530858,21,1.0,rebalance,,0.16666666666666666,-0.0019074183333333324,1,8.615,6.942
DOT,2024-12-20 00:00:00+00:00,2025-01-10 00:00:00+00:00,0.009758926840968022,0.009219245174301356,21,-1.0,rebalance,,0.16666666666666666,0.000773015,1,6.942,6.558
DOT,2025-01-24 00:00:00+00:00,2025-02-14 00:00:00+00:00,0.032161844572770694,0.03198971290610403,21,-1.0,rebalance,,0.16666666666666666,0.000405465,1,6.351,5.132
DOT,2025-02-28 00:00:00+00:00,2025-03-07 00:00:00+00:00,-0.017134797169301438,-0.01699094716930144,7,1.0,rebalance,,0.16666666666666666,8.948333333333333e-05,1,4.934,4.431
DOT,2025-03-28 00:00:00+00:00,2025-04-11 00:00:00+00:00,-0.04181387270279039,-0.04185593770279039,14,1.0,rebalance,,0.16666666666666666,0.0002753983333333333,1,4.623,3.462
DOT,2025-04-11 00:00:00+00:00,2025-04-25 00:00:00+00:00,-0.03884128210957055,-0.03880223377623722,14,-1.0,rebalance,,0.16666666666666666,0.000194285,1,3.462,4.268
DOT,2025-05-16 00:00:00+00:00,2025-05-30 00:00:00+00:00,-0.01606114716896886,-0.015522533835635528,14,1.0,rebalance,,0.16666666666666666,-0.00030527999999999995,1,4.778,4.333
DOT,2025-06-06 00:00:00+00:00,2025-07-11 00:00:00+00:00,-0.0025981501442055755,-0.002971508477538909,35,-1.0,rebalance,,0.16666666666666666,0.0006066916666666668,1,3.814,3.882
DOT,2025-08-01 00:00:00+00:00,2025-08-22 00:00:00+00:00,-0.004862210921600602,-0.005205504254933935,21,-1.0,rebalance,,0.16666666666666666,0.0005766266666666666,1,3.682,3.797
DOT,2025-09-12 00:00:00+00:00,2025-10-03 00:00:00+00:00,0.001589935144585898,0.0025538268112525646,21,1.0,rebalance,,0.16666666666666666,-0.0007305583333333335,1,4.242,4.307
DOT,2025-10-17 00:00:00+00:00,2025-11-07 00:00:00+00:00,0.0176883200944647,0.019224395094464698,21,-1.0,rebalance,,0.16666666666666666,-0.0013027416666666668,1,3.017,2.669
DOT,2025-11-28 00:00:00+00:00,2026-01-02 00:00:00+00:00,0.02246028347031963,0.024115296803652965,35,-1.0,rebalance,,0.16666666666666666,-0.0014216800000000003,1,2.336,1.998
DOT,2026-01-09 00:00:00+00:00,2026-01-23 00:00:00+00:00,-0.014877453705984528,-0.014527080372651194,14,1.0,rebalance,,0.16666666666666666,-0.00011704,1,2.111,1.927
DOT,2026-01-23 00:00:00+00:00,2026-02-06 00:00:00+00:00,0.05828707553104998,0.05872686386438332,14,-1.0,rebalance,,0.16666666666666666,-0.00020645499999999997,1,1.927,1.248
DOT,2026-02-13 00:00:00+00:00,2026-02-20 00:00:00+00:00,-0.0009702304845414541,-0.0005196154845414542,7,-1.0,rebalance,,0.16666666666666666,-0.00021728166666666664,1,1.283,1.287
DOT,2026-02-27 00:00:00+00:00,2026-03-20 00:00:00+00:00,-0.007318490243422413,-0.009011808576755745,21,1.0,rebalance,,0.16666666666666666,0.0019266516666666662,1,1.609,1.522
DOT,2026-03-20 00:00:00+00:00,2026-04-17 00:00:00+00:00,0.01642172555628559,0.021243977222952255,28,-1.0,rebalance,,0.16666666666666666,-0.004588918333333333,1,1.522,1.328
DOT,2026-05-01 00:00:00+00:00,2026-05-08 00:00:00+00:00,-0.01477095749654217,-0.014661134163208836,7,-1.0,rebalance,,0.16666666666666666,0.00012351000000000002,1,1.205,1.311
DOT,2026-05-15 00:00:00+00:00,2026-05-29 00:00:00+00:00,-0.01888682835777128,-0.018572825024437946,14,1.0,rebalance,,0.16666666666666666,-8.067000000000001e-05,1,1.364,1.212
DOT,2026-06-05 00:00:00+00:00,2026-07-17 00:00:00+00:00,0.028464359577306326,0.028608164577306323,42,-1.0,rebalance,,0.16666666666666666,8.952833333333336e-05,1,1.037,0.859
DOT,2026-07-24 00:00:00+00:00,2026-08-21 00:00:00+00:00,-0.006568027924335376,-0.006748466257668709,28,-1.0,rebalance,,0.16666666666666666,0.00041377166666666665,1,0.815,0.848
BNB,2017-12-01 00:00:00+00:00,2017-12-08 00:00:00+00:00,-0.059968376068376045,-0.05973504273504271,7,-1.0,rebalance,,0.16666666666666666,0.0,1,1.95,2.6489
BNB,2017-12-08 00:00:00+00:00,2018-02-02 00:00:00+00:00,0.431700677010583,0.4319340103439163,56,1.0,rebalance,,0.16666666666666666,0.0,1,2.6489,9.5138
BNB,2018-02-02 00:00:00+00:00,2018-03-02 00:00:00+00:00,-0.017010716362897402,-0.01677738302956407,28,-1.0,rebalance,,0.16666666666666666,0.0,1,9.5138,10.4715
BNB,2018-03-02 00:00:00+00:00,2018-03-09 00:00:00+00:00,-0.0352681102675516,-0.03503477693421826,7,1.0,rebalance,,0.16666666666666666,0.0,1,10.4715,8.2703
BNB,2018-03-09 00:00:00+00:00,2018-03-16 00:00:00+00:00,-0.01710293500034257,-0.016869601667009237,7,-1.0,rebalance,,0.16666666666666666,0.0,1,8.2703,9.1074
BNB,2018-03-16 00:00:00+00:00,2018-03-23 00:00:00+00:00,0.017224997254979477,0.01745833058831281,7,1.0,rebalance,,0.16666666666666666,0.0,1,9.1074,10.0614
BNB,2018-03-30 00:00:00+00:00,2018-04-27 00:00:00+00:00,0.07243926859513594,0.07267260192846928,28,1.0,rebalance,,0.16666666666666666,0.0,1,10.1877,14.6299
BNB,2018-05-11 00:00:00+00:00,2018-05-18 00:00:00+00:00,-0.017244013107105074,-0.017010679773771742,7,1.0,rebalance,,0.16666666666666666,0.0,1,13.7737,12.3679
BNB,2018-05-18 00:00:00+00:00,2018-05-25 00:00:00+00:00,-0.00909498324964892,-0.008861649916315587,7,-1.0,rebalance,,0.16666666666666666,0.0,1,12.3679,13.0255
BNB,2018-06-01 00:00:00+00:00,2018-06-29 00:00:00+00:00,-0.0009461812724159577,-0.0007128479390826243,28,1.0,rebalance,,0.16666666666666666,0.0,1,14.1919,14.1312
BNB,2018-07-13 00:00:00+00:00,2018-08-03 00:00:00+00:00,-0.027786609047524783,-0.02755327571419145,21,-1.0,rebalance,,0.16666666666666666,0.0,1,12.1256,14.1302
BNB,2018-08-03 00:00:00+00:00,2018-08-10 00:00:00+00:00,-0.016279343533707937,-0.016046010200374605,7,1.0,rebalance,,0.16666666666666666,0.0,1,14.1302,12.7698
BNB,2018-08-24 00:00:00+00:00,2018-09-07 00:00:00+00:00,-0.009165538172180897,-0.008932204838847563,14,-1.0,rebalance,,0.16666666666666666,0.0,1,9.7475,10.2699
BNB,2018-09-07 00:00:00+00:00,2018-09-14 00:00:00+00:00,-0.011249344524613984,-0.01101601119128065,7,1.0,rebalance,,0.16666666666666666,0.0,1,10.2699,9.5911
BNB,2018-09-28 00:00:00+00:00,2018-10-05 00:00:00+00:00,-0.003772135905923501,-0.0035388025725901677,7,-1.0,rebalance,,0.16666666666666666,0.0,1,10.0599,10.2735
BNB,2018-10-05 00:00:00+00:00,2018-10-12 00:00:00+00:00,-0.015023813695429976,-0.014790480362096643,7,1.0,rebalance,,0.16666666666666666,0.0,1,10.2735,9.3618
BNB,2018-11-02 00:00:00+00:00,2018-11-09 00:00:00+00:00,0.0010881242239471549,0.0013214575572804883,7,1.0,rebalance,,0.16666666666666666,0.0,1,9.6106,9.6868
BNB,2018-11-09 00:00:00+00:00,2018-12-14 00:00:00+00:00,0.08660132826802107,0.0868346616013544,35,-1.0,rebalance,,0.16666666666666666,0.0,1,9.6868,4.6399
BNB,2018-12-21 00:00:00+00:00,2018-12-28 00:00:00+00:00,-0.014747406963701607,-0.014514073630368274,7,1.0,rebalance,,0.16666666666666666,0.0,1,5.6761,5.1818
BNB,2019-01-11 00:00:00+00:00,2019-04-12 00:00:00+00:00,0.3337702030572667,0.3340035363906,91,1.0,rebalance,,0.16666666666666666,0.0,1,5.844,17.5555
BNB,2019-04-19 00:00:00+00:00,2019-05-10 00:00:00+00:00,-0.023465153564075362,-0.02323182023074203,21,1.0,rebalance,,0.16666666666666666,0.0,1,21.8888,18.8377
BNB,2019-05-10 00:00:00+00:00,2019-05-17 00:00:00+00:00,-0.06615698643323403,-0.0659236530999007,7,-1.0,rebalance,,0.16666666666666666,0.0,1,18.8377,26.2888
BNB,2019-05-31 00:00:00+00:00,2019-06-28 00:00:00+00:00,0.013847748942629348,0.014081082275962681,28,1.0,rebalance,,0.16666666666666666,0.0,1,31.6666,34.342
BNB,2019-07-05 00:00:00+00:00,2019-07-12 00:00:00+00:00,0.018020353875163073,0.018253687208496405,7,-1.0,rebalance,,0.16666666666666666,0.0,1,33.0399,29.4213
BNB,2019-08-09 00:00:00+00:00,2019-08-16 00:00:00+00:00,-0.01648866632843758,-0.01625533299510425,7,1.0,rebalance,,0.16666666666666666,0.0,1,31.1426,28.1052
BNB,2019-08-30 00:00:00+00:00,2019-10-18 00:00:00+00:00,0.024770414666458622,0.025003747999791954,49,-1.0,rebalance,,0.16666666666666666,0.0,1,21.7894,18.5205
BNB,2019-10-18 00:00:00+00:00,2019-11-08 00:00:00+00:00,0.016988123970735135,0.017221457304068467,21,1.0,rebalance,,0.16666666666666666,0.0,1,18.5205,20.4342
BNB,2019-11-15 00:00:00+00:00,2019-11-22 00:00:00+00:00,-0.035557299900702895,-0.03532396656736956,7,1.0,rebalance,,0.16666666666666666,0.0,1,21.3165,16.7986
BNB,2019-11-22 00:00:00+00:00,2019-12-20 00:00:00+00:00,0.03396296873945845,0.034196302072791784,28,-1.0,rebalance,,0.16666666666666666,0.0,1,16.7986,13.3519
BNB,2019-12-27 00:00:00+00:00,2020-01-03 00:00:00+00:00,0.0013464274566231784,0.0015797607899565116,7,-1.0,rebalance,,0.16666666666666666,0.0,1,13.1349,13.0104
BNB,2020-02-21 00:00:00+00:00,2020-02-28 00:00:00+00:00,-0.023627260653823187,-0.02235688898715652,7,1.0,rebalance,,0.16666666666666666,-0.0010370383333333333,1,22.1617,19.1889
BNB,2020-03-13 00:00:00+00:00,2020-03-20 00:00:00+00:00,-0.05508479730009542,-0.05407371396676208,7,-1.0,rebalance,,0.16666666666666666,-0.0007777500000000001,1,9.2565,12.2597
BNB,2020-04-03 00:00:00+00:00,2020-04-24 00:00:00+00:00,0.04322261690523744,0.03881271523857077,21,1.0,rebalance,,0.16666666666666666,0.004643235,1,13.0185,16.0502
BNB,2020-05-22 00:00:00+00:00,2020-05-29 00:00:00+00:00,-0.010389842426698492,-0.010235899093365159,7,-1.0,rebalance,,0.16666666666666666,7.939e-05,1,16.0888,17.0769
BNB,2020-06-19 00:00:00+00:00,2020-07-10 00:00:00+00:00,-0.005317357724357981,-0.006817596057691314,21,-1.0,rebalance,,0.16666666666666666,0.0017335716666666667,1,16.1665,16.8278
BNB,2020-07-17 00:00:00+00:00,2020-07-31 00:00:00+00:00,0.025530822919480094,0.027239042919480094,14,1.0,rebalance,,0.16666666666666666,-0.0014748866666666669,1,17.1647,19.97
BNB,2020-08-28 00:00:00+00:00,2020-09-04 00:00:00+00:00,-0.021677092390042427,-0.019541925723375764,7,1.0,rebalance,,0.16666666666666666,-0.0019018333333333333,1,23.1127,20.4027
BNB,2020-09-11 00:00:00+00:00,2020-10-23 00:00:00+00:00,0.053296758662847124,0.04123248866284712,42,1.0,rebalance,,0.16666666666666666,0.012297603333333337,1,24.5579,30.6334
BNB,2020-11-06 00:00:00+00:00,2020-11-27 00:00:00+00:00,0.0017404142569048238,-0.0033073274097618435,21,-1.0,rebalance,,0.16666666666666666,0.0052810750000000005,1,27.686,28.2354
BNB,2020-12-25 00:00:00+00:00,2021-01-01 00:00:00+00:00,0.023172112601649884,0.02495227426831655,7,1.0,rebalance,,0.16666666666666666,-0.0015468283333333332,1,32.4947,37.3596
BNB,2021-02-12 00:00:00+00:00,2021-03-19 00:00:00+00:00,0.17089455318206245,0.18451318651539578,35,1.0,rebalance,,0.16666666666666666,-0.013385299999999998,1,124.1129,261.5157
BNB,2021-04-02 00:00:00+00:00,2021-05-07 00:00:00+00:00,0.1362262243794326,0.1490816143794326,35,1.0,rebalance,,0.16666666666666666,-0.012622056666666662,1,334.6706,634.03
BNB,2021-05-21 00:00:00+00:00,2021-05-28 00:00:00+00:00,0.00837773210142152,0.009172905434754852,7,-1.0,rebalance,,0.16666666666666666,-0.0005618399999999999,1,391.37,369.83
BNB,2021-07-16 00:00:00+00:00,2021-07-30 00:00:00+00:00,0.002552143095659896,0.0005166814289932301,14,1.0,rebalance,,0.16666666666666666,0.0022687949999999992,1,316.12,317.1
BNB,2021-09-10 00:00:00+00:00,2021-10-01 00:00:00+00:00,0.012460486021441567,0.013371311021441568,21,-1.0,rebalance,,0.16666666666666666,-0.0006774916666666667,1,421.3,387.5
BNB,2021-10-08 00:00:00+00:00,2021-10-22 00:00:00+00:00,0.013194164236031912,0.012314709236031913,14,1.0,rebalance,,0.16666666666666666,0.0011127883333333333,1,438.5,470.9
BNB,2021-11-12 00:00:00+00:00,2021-12-03 00:00:00+00:00,-0.0023635677158922045,-0.0022544027158922044,21,1.0,rebalance,,0.16666666666666666,0.00012416833333333331,1,628.4,619.9
BNB,2021-12-10 00:00:00+00:00,2021-12-17 00:00:00+00:00,-0.012118404449900618,-0.012860984449900617,7,1.0,rebalance,,0.16666666666666666,0.0009759133333333333,1,570.2,526.2
BNB,2021-12-31 00:00:00+00:00,2022-01-14 00:00:00+00:00,0.012599769341817715,0.013979946008484382,14,-1.0,rebalance,,0.16666666666666666,-0.0011468433333333334,1,518.6,475.1
BNB,2022-04-15 00:00:00+00:00,2022-04-22 00:00:00+00:00,-0.004126771812153365,-0.003938590145486698,7,1.0,rebalance,,0.16666666666666666,4.5151666666666656e-05,1,414.7,404.9
BNB,2022-06-03 00:00:00+00:00,2022-06-10 00:00:00+00:00,-0.009848861638564636,-0.009997838305231302,7,1.0,rebalance,,0.16666666666666666,0.00038230999999999996,1,308.4,289.9
BNB,2022-06-24 00:00:00+00:00,2022-07-01 00:00:00+00:00,0.006157194155749637,0.006841339155749637,7,-1.0,rebalance,,0.16666666666666666,-0.00045081166666666666,1,229.0,219.6
BNB,2022-07-15 00:00:00+00:00,2022-07-22 00:00:00+00:00,0.018633661764459367,0.018860016764459364,7,1.0,rebalance,,0.16666666666666666,6.978333333333333e-06,1,238.6,265.6
BNB,2022-08-05 00:00:00+00:00,2022-08-26 00:00:00+00:00,-0.00553884954419151,-0.00571764454419151,21,1.0,rebalance,,0.16666666666666666,0.0004121283333333333,1,311.9,301.2
BNB,2022-09-16 00:00:00+00:00,2022-09-23 00:00:00+00:00,-0.0032323292985367816,-0.0026435509652034486,7,-1.0,rebalance,,0.16666666666666666,-0.00035544499999999997,1,271.1,275.4
BNB,2022-10-07 00:00:00+00:00,2022-10-14 00:00:00+00:00,-0.009068724325548942,-0.008888114325548941,7,1.0,rebalance,,0.16666666666666666,5.272333333333333e-05,1,286.9,271.6
BNB,2022-11-04 00:00:00+00:00,2022-11-18 00:00:00+00:00,-0.030250683980582532,-0.031148867313915862,14,1.0,rebalance,,0.16666666666666666,0.0011315166666666667,1,329.6,268.0
BNB,2022-12-09 00:00:00+00:00,2022-12-16 00:00:00+00:00,-0.018322579063360888,-0.018078512396694224,7,1.0,rebalance,,0.16666666666666666,-1.0733333333333331e-05,1,290.4,258.9
BNB,2022-12-16 00:00:00+00:00,2022-12-23 00:00:00+00:00,0.006833642872408889,0.008368739539075557,7,-1.0,rebalance,,0.16666666666666666,-0.0013017633333333336,1,258.9,245.9
BNB,2023-02-24 00:00:00+00:00,2023-03-10 00:00:00+00:00,0.016156878290626005,0.016866688290626004,14,-1.0,rebalance,,0.16666666666666666,-0.0004764766666666666,1,308.3,277.1
BNB,2023-03-17 00:00:00+00:00,2023-03-24 00:00:00+00:00,0.0034861899999999997,0.0,7,1.0,rebalance,,0.16666666666666666,0.003719523333333333,1,329.4,329.4
BNB,2023-04-07 00:00:00+00:00,2023-04-21 00:00:00+00:00,-0.002985380179314765,-0.003041946845981432,14,-1.0,rebalance,,0.16666666666666666,0.0002899,1,312.3,318.0
BNB,2023-04-28 00:00:00+00:00,2023-05-05 00:00:00+00:00,-0.0017521278865719738,-0.003525737886571974,7,1.0,rebalance,,0.16666666666666666,0.0020069433333333333,1,330.9,323.9
BNB,2023-06-02 00:00:00+00:00,2023-07-14 00:00:00+00:00,0.02485677997266863,0.02662074997266863,42,-1.0,rebalance,,0.16666666666666666,-0.0015306366666666667,1,304.9,256.2
BNB,2023-10-06 00:00:00+00:00,2023-10-13 00:00:00+00:00,0.004239700514950158,0.0044296788482834915,7,-1.0,rebalance,,0.16666666666666666,4.3354999999999994e-05,1,210.7,205.1
BNB,2023-12-01 00:00:00+00:00,2023-12-15 00:00:00+00:00,-0.01810121027240774,-0.018746338605741077,14,-1.0,rebalance,,0.16666666666666666,0.0008784616666666666,1,227.6,253.2
BNB,2023-12-29 00:00:00+00:00,2024-01-19 00:00:00+00:00,-0.0014589990845216131,-0.004959702417854946,21,1.0,rebalance,,0.16666666666666666,0.0037340366666666664,1,322.6,313.0
BNB,2024-02-23 00:00:00+00:00,2024-04-05 00:00:00+00:00,0.08563875422045117,0.0882762825537845,42,1.0,rebalance,,0.16666666666666666,-0.0024041949999999996,1,382.7,585.4
BNB,2024-04-12 00:00:00+00:00,2024-04-19 00:00:00+00:00,-0.013430213200463115,-0.01449994486712978,7,1.0,rebalance,,0.16666666666666666,0.001303065,1,604.6,552.0
BNB,2024-04-26 00:00:00+00:00,2024-05-03 00:00:00+00:00,-0.012920872569161352,-0.014348605902494685,7,1.0,rebalance,,0.16666666666666666,0.0016610666666666666,1,613.3,560.5
BNB,2024-05-10 00:00:00+00:00,2024-05-17 00:00:00+00:00,-0.006866273132260925,-0.007707774798927591,7,1.0,rebalance,,0.16666666666666666,0.0010748350000000001,1,596.8,569.2
BNB,2024-05-17 00:00:00+00:00,2024-05-24 00:00:00+00:00,-0.009050068665963914,-0.00884282033263058,7,-1.0,rebalance,,0.16666666666666666,2.6085000000000005e-05,1,569.2,599.4
BNB,2024-06-07 00:00:00+00:00,2024-06-21 00:00:00+00:00,-0.029161271911357985,-0.028922326911357987,14,1.0,rebalance,,0.16666666666666666,-5.611666666666667e-06,1,711.1,587.7
BNB,2024-06-28 00:00:00+00:00,2024-07-05 00:00:00+00:00,0.019364123928612347,0.01956571559527901,7,-1.0,rebalance,,0.16666666666666666,3.174166666666666e-05,1,581.8,513.5
BNB,2024-08-23 00:00:00+00:00,2024-09-06 00:00:00+00:00,-0.02300439980274442,-0.023041738136077756,14,1.0,rebalance,,0.16666666666666666,0.00027067166666666664,1,583.0,502.4
BNB,2024-09-13 00:00:00+00:00,2024-09-20 00:00:00+00:00,-0.007244780732035734,-0.006824580732035734,7,-1.0,rebalance,,0.16666666666666666,-0.00018686666666666664,1,544.6,566.9
BNB,2024-09-20 00:00:00+00:00,2024-09-27 00:00:00+00:00,0.008411296402069718,0.008643499735403052,7,1.0,rebalance,,0.16666666666666666,1.1299999999999993e-06,1,566.9,596.3
BNB,2025-01-03 00:00:00+00:00,2025-01-17 00:00:00+00:00,0.0007789259349040956,0.00043894426823742894,14,1.0,rebalance,,0.16666666666666666,0.000573315,1,706.24,708.1
BNB,2025-01-31 00:00:00+00:00,2025-02-07 00:00:00+00:00,0.025805832663227692,0.02603082766322769,7,-1.0,rebalance,,0.16666666666666666,8.338333333333333e-06,1,677.53,571.71
BNB,2025-02-28 00:00:00+00:00,2025-03-07 00:00:00+00:00,-0.002423712792047245,-0.002455636125380578,7,1.0,rebalance,,0.16666666666666666,0.00026525666666666665,1,605.41,596.49
BNB,2025-03-21 00:00:00+00:00,2025-04-11 00:00:00+00:00,-0.012653708878217842,-0.013862673878217841,21,1.0,rebalance,,0.16666666666666666,0.0014422983333333334,1,630.47,578.03
BNB,2025-05-30 00:00:00+00:00,2025-06-06 00:00:00+00:00,-0.010513998833911088,-0.01029352216724442,7,1.0,rebalance,,0.16666666666666666,1.2856666666666667e-05,1,675.02,633.33
BNB,2025-06-27 00:00:00+00:00,2025-07-04 00:00:00+00:00,0.005288489283304805,0.005521822616638139,7,1.0,rebalance,,0.16666666666666666,0.0,1,642.3,663.58
BNB,2025-08-01 00:00:00+00:00,2025-08-15 00:00:00+00:00,0.01176600823739352,0.012192526570726853,14,1.0,rebalance,,0.16666666666666666,-0.00019318499999999996,1,783.13,840.42
BNB,2025-09-05 00:00:00+00:00,2025-09-12 00:00:00+00:00,0.011361304421896104,0.011685751088562771,7,1.0,rebalance,,0.16666666666666666,-9.111333333333333e-05,1,843.62,902.77
BNB,2025-09-26 00:00:00+00:00,2025-10-31 00:00:00+00:00,0.02369952342460442,0.02346266342460442,35,1.0,rebalance,,0.16666666666666666,0.00047019333333333326,1,945.9,1079.06
BNB,2025-11-07 00:00:00+00:00,2025-11-21 00:00:00+00:00,0.014506821273849602,0.014711349607182936,14,-1.0,rebalance,,0.16666666666666666,2.8805e-05,1,950.4,866.51
BNB,2026-01-23 00:00:00+00:00,2026-01-30 00:00:00+00:00,-0.003946358217838107,-0.003635264884504774,7,1.0,rebalance,,0.16666666666666666,-7.775999999999999e-05,1,888.06,868.69
BNB,2026-02-20 00:00:00+00:00,2026-02-27 00:00:00+00:00,-0.005147068759391478,-0.004913735426058144,7,-1.0,rebalance,,0.16666666666666666,0.0,1,607.82,625.74
BNB,2026-03-13 00:00:00+00:00,2026-03-20 00:00:00+00:00,-0.0034284183390617734,-0.0032120133390617736,7,1.0,rebalance,,0.16666666666666666,1.6928333333333332e-05,1,651.72,639.16
BNB,2026-04-03 00:00:00+00:00,2026-04-10 00:00:00+00:00,-0.005757030846814737,-0.005572502513481403,7,-1.0,rebalance,,0.16666666666666666,4.880499999999999e-05,1,583.52,603.03
BNB,2026-04-24 00:00:00+00:00,2026-05-08 00:00:00+00:00,-0.0008407939264740337,-0.00039934225980736704,14,1.0,rebalance,,0.16666666666666666,-0.00020811833333333335,1,638.55,637.02
BNB,2026-05-22 00:00:00+00:00,2026-06-05 00:00:00+00:00,-0.01416350131727859,-0.01368601131727859,14,1.0,rebalance,,0.16666666666666666,-0.0002441566666666666,1,658.58,604.5
BNB,2026-07-03 00:00:00+00:00,2026-07-10 00:00:00+00:00,-0.0029451671272027933,-0.0029161821272027932,7,-1.0,rebalance,,0.16666666666666666,0.00020434833333333332,1,558.95,568.73
BNB,2026-07-31 00:00:00+00:00,2026-08-21 00:00:00+00:00,0.017032184199789385,0.017683294199789385,21,1.0,rebalance,,0.16666666666666666,-0.00041777666666666677,1,591.99,654.8
LTC,2018-01-05 00:00:00+00:00,2018-02-16 00:00:00+00:00,0.00863495823320747,0.008868291566540804,42,-1.0,rebalance,,0.16666666666666666,0.0,1,233.04,220.64
LTC,2018-02-16 00:00:00+00:00,2018-03-09 00:00:00+00:00,-0.034663475948755115,-0.03443014261542178,21,1.0,rebalance,,0.16666666666666666,0.0,1,220.64,175.06
LTC,2018-03-09 00:00:00+00:00,2018-04-20 00:00:00+00:00,0.02695734414867284,0.02719067748200617,42,-1.0,rebalance,,0.16666666666666666,0.0,1,175.06,146.5
LTC,2018-04-20 00:00:00+00:00,2018-05-11 00:00:00+00:00,0.001598293515358388,0.0018316268486917215,21,1.0,rebalance,,0.16666666666666666,0.0,1,146.5,148.11
LTC,2018-05-18 00:00:00+00:00,2018-07-20 00:00:00+00:00,0.05777883193256101,0.058012165265894346,63,-1.0,rebalance,,0.16666666666666666,0.0,1,132.07,86.1
LTC,2018-07-20 00:00:00+00:00,2018-08-03 00:00:00+00:00,-0.019474525745257456,-0.019241192411924124,14,1.0,rebalance,,0.16666666666666666,0.0,1,86.1,76.16
LTC,2018-08-03 00:00:00+00:00,2018-08-17 00:00:00+00:00,0.045372408963585416,0.04560574229691875,14,-1.0,rebalance,,0.16666666666666666,0.0,1,76.16,55.32
LTC,2018-09-07 00:00:00+00:00,2018-09-14 00:00:00+00:00,-0.009259544060637621,-0.009026210727304288,7,1.0,rebalance,,0.16666666666666666,0.0,1,57.61,54.49
LTC,2018-09-28 00:00:00+00:00,2018-10-05 00:00:00+00:00,-0.012934255599472984,-0.01270092226613965,7,1.0,rebalance,,0.16666666666666666,0.0,1,63.25,58.43
LTC,2018-10-19 00:00:00+00:00,2018-11-23 00:00:00+00:00,0.06652051186250699,0.06675384519584032,35,-1.0,rebalance,,0.16666666666666666,0.0,1,53.53,32.09
LTC,2018-12-21 00:00:00+00:00,2018-12-28 00:00:00+00:00,0.023746364201367307,0.02397969753470064,7,-1.0,rebalance,,0.16666666666666666,0.0,1,32.18,27.55
LTC,2019-01-04 00:00:00+00:00,2019-01-11 00:00:00+00:00,0.007195298737132549,0.007428632070465882,7,1.0,rebalance,,0.16666666666666666,0.0,1,31.41,32.81
LTC,2019-01-18 00:00:00+00:00,2019-02-01 00:00:00+00:00,3.2228595708516834e-05,0.00026556192904185017,14,1.0,rebalance,,0.16666666666666666,0.0,1,31.38,31.43
LTC,2019-02-08 00:00:00+00:00,2019-03-29 00:00:00+00:00,0.13644035510081254,0.13667368843414587,49,1.0,rebalance,,0.16666666666666666,0.0,1,33.23,60.48
LTC,2019-04-05 00:00:00+00:00,2019-04-26 00:00:00+00:00,-0.02565339393223939,-0.025420060598906058,21,1.0,rebalance,,0.16666666666666666,0.0,1,84.71,71.79
LTC,2019-04-26 00:00:00+00:00,2019-05-10 00:00:00+00:00,-0.005781924130566022,-0.005548590797232689,14,-1.0,rebalance,,0.16666666666666666,0.0,1,71.79,74.18
LTC,2019-06-07 00:00:00+00:00,2019-06-28 00:00:00+00:00,0.006912734082396984,0.007146067415730317,21,1.0,rebalance,,0.16666666666666666,0.0,1,111.25,116.02
LTC,2019-07-05 00:00:00+00:00,2019-07-19 00:00:00+00:00,0.025524495709350274,0.025757829042683606,14,-1.0,rebalance,,0.16666666666666666,0.0,1,119.64,101.15
LTC,2019-08-09 00:00:00+00:00,2019-09-13 00:00:00+00:00,0.03843599763173473,0.03866933096506806,35,-1.0,rebalance,,0.16666666666666666,0.0,1,90.08,69.18
LTC,2019-09-20 00:00:00+00:00,2019-09-27 00:00:00+00:00,-0.04679811912225705,-0.046564785788923715,7,1.0,rebalance,,0.16666666666666666,0.0,1,76.56,55.17
LTC,2019-09-27 00:00:00+00:00,2019-11-01 00:00:00+00:00,-0.009658745695124137,-0.009425412361790803,35,-1.0,rebalance,,0.16666666666666666,0.0,1,55.17,58.29
LTC,2019-11-08 00:00:00+00:00,2019-11-22 00:00:00+00:00,-0.02952214983713355,-0.02928881650380022,14,1.0,rebalance,,0.16666666666666666,0.0,1,61.4,50.61
LTC,2019-11-29 00:00:00+00:00,2019-12-20 00:00:00+00:00,0.025133632606527023,0.025366965939860354,21,-1.0,rebalance,,0.16666666666666666,0.0,1,46.78,39.66
LTC,2020-01-10 00:00:00+00:00,2020-02-14 00:00:00+00:00,0.12511019833333334,0.13333333333333333,35,1.0,rebalance,,0.16666666666666666,-0.007989801666666666,1,44.75,80.55
LTC,2020-02-28 00:00:00+00:00,2020-03-13 00:00:00+00:00,0.08732428922279792,0.08616688255613125,14,-1.0,rebalance,,0.16666666666666666,0.00139074,1,61.76,29.83
LTC,2020-05-22 00:00:00+00:00,2020-06-05 00:00:00+00:00,-0.018377934831460663,-0.018375468164793997,14,-1.0,rebalance,,0.16666666666666666,0.00023086666666666665,1,42.72,47.43
LTC,2020-06-19 00:00:00+00:00,2020-07-10 00:00:00+00:00,-0.003463221352751583,-0.0034922096860849163,21,-1.0,rebalance,,0.16666666666666666,0.0002623216666666667,1,43.43,44.34
LTC,2020-07-17 00:00:00+00:00,2020-07-24 00:00:00+00:00,-0.011097531581927582,-0.011245743248594248,7,-1.0,rebalance,,0.16666666666666666,0.00038154499999999995,1,42.09,44.93
LTC,2020-07-31 00:00:00+00:00,2020-08-14 00:00:00+00:00,-0.003022728893295728,0.0012045361067042717,14,1.0,rebalance,,0.16666666666666666,-0.003993931666666666,1,56.73,57.14
LTC,2020-08-28 00:00:00+00:00,2020-09-25 00:00:00+00:00,0.03560311416250889,0.033262057495842226,28,-1.0,rebalance,,0.16666666666666666,0.0025743900000000006,1,56.12,44.92
LTC,2020-10-16 00:00:00+00:00,2020-11-27 00:00:00+00:00,0.06616616951534729,0.07226036618201395,42,1.0,rebalance,,0.16666666666666666,-0.005860863333333333,1,49.52,70.99
LTC,2020-12-04 00:00:00+00:00,2020-12-11 00:00:00+00:00,-0.027338319081938373,-0.02666367074860504,7,1.0,rebalance,,0.16666666666666666,-0.00044131500000000007,1,89.01,74.77
LTC,2020-12-18 00:00:00+00:00,2021-01-08 00:00:00+00:00,0.10632148047364426,0.11281645047364426,21,1.0,rebalance,,0.16666666666666666,-0.006261636666666666,1,100.99,169.35
LTC,2021-01-29 00:00:00+00:00,2021-02-12 00:00:00+00:00,-0.05440247950594122,-0.06300187617260788,14,-1.0,rebalance,,0.16666666666666666,0.00883273,1,133.25,183.62
LTC,2021-03-12 00:00:00+00:00,2021-03-19 00:00:00+00:00,0.0028033403294929777,0.0013656453294929778,7,-1.0,rebalance,,0.16666666666666666,0.0016710283333333331,1,201.37,199.72
LTC,2021-03-26 00:00:00+00:00,2021-04-02 00:00:00+00:00,-0.028566649016595745,-0.03045142734992908,7,-1.0,rebalance,,0.16666666666666666,0.0021181116666666665,1,171.53,202.87
LTC,2021-05-07 00:00:00+00:00,2021-05-14 00:00:00+00:00,-0.01933875162379179,-0.017192259957125124,7,1.0,rebalance,,0.16666666666666666,-0.001913158333333333,1,354.52,317.95
LTC,2021-05-28 00:00:00+00:00,2021-06-11 00:00:00+00:00,0.02277710626318768,0.02241263959652101,14,-1.0,rebalance,,0.16666666666666666,0.0005978000000000001,1,194.31,168.18
LTC,2021-06-18 00:00:00+00:00,2021-06-25 00:00:00+00:00,0.032206379584953815,0.032449789584953814,7,-1.0,rebalance,,0.16666666666666666,-1.0076666666666658e-05,1,167.13,134.59
LTC,2021-07-23 00:00:00+00:00,2021-07-30 00:00:00+00:00,-0.028574980034247535,-0.028654680034247537,7,-1.0,rebalance,,0.16666666666666666,0.00031303333333333337,1,120.69,141.44
LTC,2021-10-01 00:00:00+00:00,2021-10-08 00:00:00+00:00,-0.027493714107919946,-0.027632724107919948,7,-1.0,rebalance,,0.16666666666666666,0.00037234333333333334,1,153.2,178.6
LTC,2021-11-12 00:00:00+00:00,2021-12-03 00:00:00+00:00,-0.03890327077548945,-0.03731248410882278,21,1.0,rebalance,,0.16666666666666666,-0.001357453333333333,1,262.2,203.5
LTC,2021-12-03 00:00:00+00:00,2021-12-31 00:00:00+00:00,0.046227785536445534,0.045536445536445536,28,-1.0,rebalance,,0.16666666666666666,0.0009246733333333336,1,203.5,147.9
LTC,2022-03-04 00:00:00+00:00,2022-03-11 00:00:00+00:00,0.012690756407042692,0.013578036407042693,7,-1.0,rebalance,,0.16666666666666666,-0.0006539466666666665,1,111.7,102.6
LTC,2022-03-25 00:00:00+00:00,2022-04-01 00:00:00+00:00,-0.003850633502109703,-0.0032964135021097034,7,1.0,rebalance,,0.16666666666666666,-0.0003208866666666667,1,126.4,123.9
LTC,2022-06-10 00:00:00+00:00,2022-06-17 00:00:00+00:00,0.04206921558139537,0.0426356589147287,7,-1.0,rebalance,,0.16666666666666666,-0.00033310999999999996,1,60.2,44.8
LTC,2022-07-08 00:00:00+00:00,2022-07-15 00:00:00+00:00,-0.003066298105552373,-0.0027154814388857065,7,1.0,rebalance,,0.16666666666666666,-0.00011748333333333332,1,52.17,51.32
LTC,2022-07-29 00:00:00+00:00,2022-08-05 00:00:00+00:00,-0.010385110615141942,-0.009884332281808609,7,1.0,rebalance,,0.16666666666666666,-0.000267445,1,63.4,59.64
LTC,2022-08-19 00:00:00+00:00,2022-08-26 00:00:00+00:00,0.009231891811316565,0.009467488477983232,7,-1.0,rebalance,,0.16666666666666666,-2.2633333333333326e-06,1,60.03,56.62
LTC,2022-10-28 00:00:00+00:00,2022-12-16 00:00:00+00:00,0.05224399407153729,0.05382039573820396,49,1.0,rebalance,,0.16666666666666666,-0.0013430683333333334,1,54.75,72.43
LTC,2022-12-16 00:00:00+00:00,2022-12-23 00:00:00+00:00,0.014166413037415459,0.014312669704082126,7,-1.0,rebalance,,0.16666666666666666,8.707666666666667e-05,1,72.43,66.21
LTC,2023-01-06 00:00:00+00:00,2023-01-20 00:00:00+00:00,0.021434622356902355,0.022356902356902353,14,1.0,rebalance,,0.16666666666666666,-0.0006889466666666668,1,74.25,84.21
LTC,2023-02-10 00:00:00+00:00,2023-02-24 00:00:00+00:00,0.0037366119527119965,0.00459845028604533,14,1.0,rebalance,,0.16666666666666666,-0.0006285050000000001,1,92.06,94.6
LTC,2023-03-10 00:00:00+00:00,2023-03-31 00:00:00+00:00,-0.026457737527926274,-0.026883122527926274,21,-1.0,rebalance,,0.16666666666666666,0.0006587183333333335,1,76.69,89.06
LTC,2023-04-07 00:00:00+00:00,2023-04-14 00:00:00+00:00,0.005368894690007702,0.005881059690007702,7,1.0,rebalance,,0.16666666666666666,-0.00027883166666666664,1,90.97,94.18
LTC,2023-05-19 00:00:00+00:00,2023-05-26 00:00:00+00:00,-0.007644881755123115,-0.0071318000884564485,7,1.0,rebalance,,0.16666666666666666,-0.0002797483333333333,1,90.44,86.57
LTC,2023-06-02 00:00:00+00:00,2023-06-09 00:00:00+00:00,-0.010593109829209595,-0.01005274149587626,7,1.0,rebalance,,0.16666666666666666,-0.000307035,1,94.17,88.49
LTC,2023-07-07 00:00:00+00:00,2023-07-14 00:00:00+00:00,0.011162173097112833,0.011548556430446166,7,1.0,rebalance,,0.16666666666666666,-0.00015305,1,95.25,101.85
LTC,2023-07-28 00:00:00+00:00,2023-09-08 00:00:00+00:00,0.0499690220730765,0.0494535820730765,42,-1.0,rebalance,,0.16666666666666666,0.0007487733333333335,1,90.59,63.71
LTC,2023-09-22 00:00:00+00:00,2023-10-06 00:00:00+00:00,-0.00035822653784716606,0.00030916679548616727,14,1.0,rebalance,,0.16666666666666666,-0.00043406,1,64.69,64.81
LTC,2023-10-13 00:00:00+00:00,2023-10-27 00:00:00+00:00,-0.02064011957242584,-0.020806064572425842,14,-1.0,rebalance,,0.16666666666666666,0.00039927833333333336,1,61.12,68.75
LTC,2023-12-01 00:00:00+00:00,2023-12-08 00:00:00+00:00,-0.010744725199692764,-0.010992703533026097,7,-1.0,rebalance,,0.16666666666666666,0.00048131166666666664,1,69.44,74.02
LTC,2024-01-05 00:00:00+00:00,2024-01-12 00:00:00+00:00,-0.01361118556442304,-0.013727852231089705,7,-1.0,rebalance,,0.16666666666666666,0.00035000000000000005,1,66.41,71.88
LTC,2024-04-05 00:00:00+00:00,2024-04-19 00:00:00+00:00,-0.030836975316871573,-0.02989194865020491,14,1.0,rebalance,,0.16666666666666666,-0.0007116933333333334,1,98.41,80.76
LTC,2024-07-05 00:00:00+00:00,2024-07-12 00:00:00+00:00,-0.005089778316009359,-0.004942423316009359,7,-1.0,rebalance,,0.16666666666666666,8.597833333333333e-05,1,65.42,67.36
LTC,2024-08-30 00:00:00+00:00,2024-09-13 00:00:00+00:00,0.0005638252043974592,0.0009872985377307926,14,1.0,rebalance,,0.16666666666666666,-0.00019013999999999997,1,62.46,62.83
LTC,2024-10-04 00:00:00+00:00,2024-10-11 00:00:00+00:00,0.0017663523207249651,0.0022852639873916316,7,1.0,rebalance,,0.16666666666666666,-0.0002855783333333333,1,63.45,64.32
LTC,2024-10-18 00:00:00+00:00,2024-11-01 00:00:00+00:00,-0.008815776987223538,-0.007922333653890204,14,1.0,rebalance,,0.16666666666666666,-0.0006601100000000001,1,72.79,69.33
LTC,2024-11-08 00:00:00+00:00,2024-11-15 00:00:00+00:00,-0.025039650659576473,-0.025445470659576475,7,-1.0,rebalance,,0.16666666666666666,0.0006391533333333333,1,71.46,82.37
LTC,2024-12-20 00:00:00+00:00,2024-12-27 00:00:00+00:00,0.004260652874396119,0.004830917874396119,7,1.0,rebalance,,0.16666666666666666,-0.0003369316666666667,1,99.36,102.24
LTC,2025-01-10 00:00:00+00:00,2025-01-24 00:00:00+00:00,0.022383364361244235,0.023134109361244232,14,1.0,rebalance,,0.16666666666666666,-0.0005174116666666667,1,102.23,116.42
LTC,2025-01-31 00:00:00+00:00,2025-02-07 00:00:00+00:00,-0.03690066962799336,-0.03648354462799336,7,1.0,rebalance,,0.16666666666666666,-0.00018379166666666668,1,130.15,101.66
LTC,2025-02-14 00:00:00+00:00,2025-03-07 00:00:00+00:00,-0.031114791371031427,-0.03057705470436476,21,1.0,rebalance,,0.16666666666666666,-0.0003044033333333334,1,126.62,103.39
LTC,2025-03-07 00:00:00+00:00,2025-04-25 00:00:00+00:00,0.031620178486152756,0.03077344681948609,49,-1.0,rebalance,,0.16666666666666666,0.001080065,1,103.39,84.3
LTC,2025-05-09 00:00:00+00:00,2025-05-23 00:00:00+00:00,0.008554270110549581,0.009265108443882914,14,1.0,rebalance,,0.16666666666666666,-0.00047750500000000003,1,94.98,100.26
LTC,2025-06-27 00:00:00+00:00,2025-07-11 00:00:00+00:00,0.020340474555001785,0.020944582888335117,14,1.0,rebalance,,0.16666666666666666,-0.000370775,1,84.27,94.86
LTC,2025-08-08 00:00:00+00:00,2025-08-15 00:00:00+00:00,-0.0027328813886628675,-0.0021969080553295344,7,1.0,rebalance,,0.16666666666666666,-0.00030264,1,122.9,121.28
LTC,2025-08-29 00:00:00+00:00,2025-09-12 00:00:00+00:00,-0.002977222219288976,-0.0032118972192889763,14,-1.0,rebalance,,0.16666666666666666,0.0004680083333333334,1,113.64,115.83
LTC,2025-09-26 00:00:00+00:00,2025-10-03 00:00:00+00:00,-0.02808294737843827,-0.028125407378438272,7,-1.0,rebalance,,0.16666666666666666,0.00027579333333333335,1,102.28,119.54
LTC,2025-10-10 00:00:00+00:00,2025-10-17 00:00:00+00:00,-0.04548262149589621,-0.04515488482922954,7,1.0,rebalance,,0.16666666666666666,-9.440333333333333e-05,1,125.9,91.79
LTC,2025-11-14 00:00:00+00:00,2025-11-21 00:00:00+00:00,-0.016433670028658236,-0.016072785028658238,7,1.0,rebalance,,0.16666666666666666,-0.00012755166666666667,1,96.54,87.23
LTC,2025-12-05 00:00:00+00:00,2025-12-19 00:00:00+00:00,0.01840425069028809,0.018474184023621422,14,-1.0,rebalance,,0.16666666666666666,0.0001634,1,83.54,74.28
LTC,2026-01-16 00:00:00+00:00,2026-02-06 00:00:00+00:00,0.04932852252042653,0.049439135853759864,21,-1.0,rebalance,,0.16666666666666666,0.00012272,1,72.21,50.79
LTC,2026-05-22 00:00:00+00:00,2026-05-29 00:00:00+00:00,0.007500722992494157,0.007721176325827491,7,-1.0,rebalance,,0.16666666666666666,1.2879999999999999e-05,1,54.18,51.67
LTC,2026-07-03 00:00:00+00:00,2026-07-10 00:00:00+00:00,0.000517167762976561,0.0009569744296432277,7,1.0,rebalance,,0.16666666666666666,-0.00020647333333333333,1,43.54,43.79
LTC,2026-07-24 00:00:00+00:00,2026-07-31 00:00:00+00:00,-0.005311312910368321,-0.004932226243701654,7,1.0,rebalance,,0.16666666666666666,-0.0001457533333333333,1,46.97,45.58
LTC,2026-08-14 00:00:00+00:00,2026-08-21 00:00:00+00:00,-0.01125493160047598,-0.011118548267142647,7,-1.0,rebalance,,0.16666666666666666,9.695e-05,1,44.82,47.81
