coin,kind,cell,mech,q,event,t4,e,t_entry,entry_raw,stop,target,block,status,entry_to_stop_atr4,flow_flag,harami,hikkake,r_net_K0,cost_R_K0,reason_K0,exit_b,t_exit,exit_px,reason,R,entry_fill,bars_held,stop_then_target,mfe_after_target_R,new20d_high,new30d_high,r_net_K1,cost_R_K1,reason_K1,r_net_K2,cost_R_K2,reason_K2
BTC,baseline,BASExQ0,BASE,Q0,1,815,3261,2017-12-31 08:00:00+00:00,12797.44,11974.540207623464,13617.901553160616,P1,traded,0.849296273215749,False,False,False,0.9456765135741794,0.05136050206428766,target,3269.0,2017-12-31 16:00:00+00:00,13617.901553160616,target,829.2985123765357,12803.83872,9.0,,0.5211735465445327,False,False,0.8478147657572424,0.1415292893881172,target,0.681547473548246,0.2927613933274755,target
BTC,baseline,BASExQ0,BASE,Q0,2,901,3604,2018-01-14 16:00:00+00:00,12869.82,12217.726716799509,13855.261492042417,P1,traded,0.9276569719077558,False,False,False,1.4456234804757444,0.0655736402887023,target,3624.0,2018-01-15 12:00:00+00:00,13855.261492042417,target,658.5281932004909,12876.25491,21.0,,0.5994101877995174,False,False,1.3161687261124733,0.18026149846622785,target,1.0964212375663227,0.3713243807814449,target
BTC,baseline,BASExQ0,BASE,Q0,3,920,3680,2018-01-17 20:00:00+00:00,10366.0,8608.753580697285,11747.027252761623,P1,traded,1.623303074692882,False,False,False,0.7657698967974932,0.020134252780812555,target,3696.0,2018-01-18 12:00:00+00:00,11747.027252761623,target,1762.4294193027145,10371.182999999999,17.0,,0.03629804776164407,False,False,0.727942779239131,0.05565016220643999,target,0.6628923361332334,0.11611873176811263,target
BTC,baseline,BASExQ0,BASE,Q0,4,953,3812,2018-01-23 08:00:00+00:00,10250.85,9734.336630196985,11261.8292743483,P1,traded,0.6904089139695995,False,False,False,1.8906751395066055,0.066639682244981,target,3820.0,2018-01-23 16:00:00+00:00,11261.8292743483,target,521.6387948030151,10255.975425,9.0,,0.22435203596368775,False,False,1.7550057218362103,0.18307726666174529,target,1.5237403652106383,0.37699089403903946,target
BTC,baseline,BASExQ0,BASE,Q0,5,1021,4084,2018-02-03 16:00:00+00:00,9173.01,8706.914525959894,9297.35229877456,P1,traded,0.8892050880484536,False,False,False,0.20336974799365684,0.063404562635801,target,4084.0,2018-02-03 16:00:00+00:00,9297.35229877456,target,470.68197904010594,9177.596505,1.0,,0.3731982719705373,False,False,0.08957430000759578,0.1746004598337298,target,-0.10082350903693003,0.35994824799878183,target
BTC,baseline,BASExQ0,BASE,Q0,6,1207,4781,2018-03-07 20:00:00+00:00,9837.84,9219.468643301328,10873.706986444016,P1,traded,1.8204381097701985,False,False,False,-1.0493096801767623,0.04930968017676235,stop,4802.0,2018-03-08 17:00:00+00:00,9210.249174658027,stop,623.2902766986717,9842.75892,22.0,False,,,,-1.1431790386873129,0.15107089932414752,stop,-1.3023721440543943,0.3256798437296931,stop
BTC,baseline,BASExQ0,BASE,Q0,7,1276,5057,2018-03-19 08:00:00+00:00,8292.92,7964.5415732015,8042.233944089383,P1,target_below_entry,0.9329015968263744,False,False,False,,,,,,,,,,,,,,,,,,,,
BTC,baseline,BASExQ0,BASE,Q0,8,1320,5233,2018-03-26 16:00:00+00:00,8057.16,7878.360084385819,8492.53506698871,P1,traded,0.7348953540636001,False,False,False,-1.1425997995996549,0.14259979959965474,stop,5234.0,2018-03-26 17:00:00+00:00,7870.481724301433,stop,182.8284956141797,8061.188579999999,2.0,False,,,,-1.4090794222815433,0.4311141712218871,stop,-1.841243037021422,0.9045570663606833,stop
BTC,baseline,BASExQ0,BASE,Q0,9,1391,5517,2018-04-07 12:00:00+00:00,6862.04,6730.768653363049,6815.811627539768,P1,target_below_entry,0.7274154245149741,False,False,False,,,,,,,,,,,,,,,,,,,,
BTC,baseline,BASExQ0,BASE,Q0,10,1593,6325,2018-05-11 04:00:00+00:00,8916.23,8770.012452701441,9243.807927914077,P1,traded,0.914001943032413,False,False,False,-1.1935334605670913,0.1935334605670912,stop,6328.0,2018-05-11 07:00:00+00:00,8761.24244024874,stop,150.67566229855765,8920.688114999999,4.0,False,,,,-1.5510785187074065,0.5806660110203048,stop,-2.117227654419303,1.2010310657791983,stop
BTC,baseline,BASExQ0,BASE,Q0,11,1642,6521,2018-05-19 08:00:00+00:00,8155.85,8009.039752585443,8244.009624644807,P1,traded,0.8467518076889545,False,False,False,0.42176789655920677,0.17873258755117294,target,6523.0,2018-05-19 10:00:00+00:00,8244.009624644807,target,150.88817241455672,8159.927925,3.0,,0.9728421585748582,False,False,0.10063851720980506,0.48363275623760993,target,-0.4100635321090205,0.9643731082024423,target
BTC,baseline,BASExQ0,BASE,Q0,12,1686,6697,2018-05-26 16:00:00+00:00,7540.18,7378.72652574068,7610.068562215452,P1,traded,0.9670944913455152,False,False,False,0.28273262452431974,0.1501385944820903,target,6702.0,2018-05-26 21:00:00+00:00,7610.068562215452,target,165.22356425932048,7543.95009,6.0,,-0.8185791344095347,False,False,0.014959088234339465,0.4080348262763118,target,-0.41566078606059803,0.8201933603867725,target
BTC,baseline,BASExQ0,BASE,Q0,13,1786,7097,2018-06-12 08:00:00+00:00,6825.73,6729.142263680185,7037.870111136086,P1,traded,0.6591423535879929,False,False,False,-1.224539847896189,0.22453984789618905,stop,7101.0,2018-06-12 12:00:00+00:00,6722.413121416505,stop,100.00060131981354,6829.142864999999,5.0,False,,,,-1.6364529469486186,0.6705813917275114,stop,-2.279401497895829,1.3752448622939624,stop
BTC,baseline,BASExQ0,BASE,Q0,14,1814,7209,2018-06-17 00:00:00+00:00,6482.5,6390.183471568749,6511.304429228856,P1,traded,0.627520971966029,False,False,False,0.08681372965685286,0.22520438582402696,target,7209.0,2018-06-17 00:00:00+00:00,6511.304429228856,target,95.55777843125088,6485.74125,1.0,,0.8133882144096047,False,False,-0.3037367873174962,0.6051714763792487,target,-0.9089514899256361,1.1912363843976046,target
BTC,baseline,BASExQ0,BASE,Q0,15,1823,7245,2018-06-18 12:00:00+00:00,6419.63,6326.153350845016,6486.648810413128,P1,traded,0.79423935344895,False,False,False,0.49604649648477495,0.22091127873468375,target,7249.0,2018-06-18 16:00:00+00:00,6486.648810413128,target,96.6864641549837,6422.839814999999,5.0,,3.182774261902828,False,False,0.09917772120637516,0.5939783580737571,target,-0.5207009927339992,1.1706995302829781,target
BTC,baseline,BASExQ0,BASE,Q0,18,1967,7815,2018-07-13 00:00:00+00:00,6251.4,6020.002911444071,6352.451271209894,P1,traded,2.3141056333418035,False,False,False,-0.24535983730096655,0.08619620983337993,time24,7839.0,2018-07-14 00:00:00+00:00,6211.462715,time24,234.52278855592795,6254.525699999999,25.0,,,,,-0.40686935768821547,0.24982704966015415,time24,-0.6758896087783844,0.5229247074287334,time24
BTC,baseline,BASExQ0,BASE,Q0,19,2099,8343,2018-08-04 00:00:00+00:00,7412.27,7291.25009473302,7568.659663337964,P1,traded,0.9065174308707752,False,False,False,-1.1943947328307127,0.19439473283071274,stop,8355.0,2018-08-04 12:00:00+00:00,7283.958844638287,stop,124.72604026697991,7415.976135,13.0,False,,,,-1.553460823910156,0.5831750278732285,stop,-2.121790696656875,1.2059328729684675,stop
BTC,baseline,BASExQ0,BASE,Q0,20,2121,8431,2018-08-07 16:00:00+00:00,7118.59,6984.97476287398,7090.797843575625,P1,target_below_entry,1.0505129249007255,False,False,False,,,,,,,,,,,,,,,,,,,,
BTC,baseline,BASExQ0,BASE,Q0,21,2166,8611,2018-08-15 04:00:00+00:00,6289.98,6088.9361794410015,6215.93743752031,P1,target_below_entry,1.208576323702659,False,False,False,,,,,,,,,,,,,,,,,,,,
BTC,baseline,BASExQ0,BASE,Q0,22,2304,9163,2018-09-07 04:00:00+00:00,6494.0,6395.90576036462,6802.702567050719,P1,traded,0.7098583047808078,False,False,False,-1.2102452630576777,0.21024526305767757,stop,9169.0,2018-09-07 10:00:00+00:00,6389.509854604255,stop,101.34123963537968,6497.246999999999,7.0,False,,,,-1.5971930555364318,0.629233318825907,stop,-2.205168787968018,1.2955010395857351,stop
BTC,baseline,BASExQ0,BASE,Q0,23,2375,9447,2018-09-19 00:00:00+00:00,6336.39,6237.757599248278,6371.536590655493,P1,traded,1.1674573295612378,False,False,False,-1.2039759349408914,0.2039759349408914,stop,9465.0,2018-09-19 18:00:00+00:00,6231.519841649029,stop,101.80059575172163,6339.558195,19.0,True,,,,-1.5799208238147877,0.6110424000354818,stop,-2.1723255142998084,1.2602194474802897,stop
BTC,baseline,BASExQ0,BASE,Q0,24,2416,9611,2018-09-25 20:00:00+00:00,6362.91,6278.780007449274,6547.056929045404,P1,traded,0.9097102736168616,False,False,False,1.943313876562582,0.2455241758641343,target,9630.0,2018-09-26 15:00:00+00:00,6547.056929045404,target,87.31144755072546,6366.091455,20.0,,0.12521921536398622,True,True,1.4514734824295175,0.6576076771563448,target,0.6778244183017711,1.2879956189019608,target
BTC,baseline,BASExQ0,BASE,Q0,25,2517,10015,2018-10-12 16:00:00+00:00,6341.68,6269.0417761600165,6423.885992506262,P1,traded,0.9931877489844371,False,False,False,-0.45008677624085724,0.27910241919820233,time24,10039.0,2018-10-13 16:00:00+00:00,6326.095370000001,time24,75.80906383998354,6344.85084,25.0,,,,,-0.949404206255857,0.7855715539200361,time24,-1.7090125743897027,1.5578270900051403,time24
BTC,baseline,BASExQ0,BASE,Q0,26,2612,10392,2018-10-28 12:00:00+00:00,6493.22,6465.191865182575,6526.5471185948945,P1,traded,0.8177125199449281,False,False,False,-1.7397373788641224,0.7397373788641224,stop,10399.0,2018-10-28 19:00:00+00:00,6458.726673317393,stop,31.274744817424107,6496.4666099999995,8.0,False,,,,-2.9465227937271337,2.0503321139614736,stop,-4.462057827475751,3.7199438440266532,stop
BTC,baseline,BASExQ0,BASE,Q0,27,2630,10464,2018-10-31 12:00:00+00:00,6331.88,6301.834380247777,6392.758681722212,P1,traded,0.8269913210240449,False,False,False,-1.672775039260108,0.6727750392601081,stop,10466.0,2018-10-31 14:00:00+00:00,6295.532545867529,stop,33.211559752223366,6335.04594,3.0,True,,,,-2.78703633504952,1.8823627823353308,stop,-4.223658375058139,3.4638453709166948,stop
BTC,baseline,BASExQ0,BASE,Q0,28,2697,10732,2018-11-11 16:00:00+00:00,6380.01,6334.389160048023,6447.6482665077765,P1,traded,1.1067195722802212,False,False,False,1.0327300709710356,0.4498876664265112,target,10739.0,2018-11-11 23:00:00+00:00,6447.6482665077765,target,48.81084495197683,6383.200005,8.0,,1.011081318931865,False,False,0.2163187049483052,1.1694033937845285,target,-0.9481989680849416,2.1737329187118952,target
BTC,baseline,BASExQ0,BASE,Q0,31,2834,11277,2018-12-04 16:00:00+00:00,4024.52,3901.1149779032726,4035.537049673499,P1,traded,0.9641767285446251,False,False,False,-1.102759318455497,0.10275931845549685,stop,11282.0,2018-12-04 21:00:00+00:00,3897.213862925369,stop,125.41728209672738,4026.53226,6.0,False,,,,-1.2964571394994393,0.31250165877428715,stop,-1.6166097195217122,0.6632467401921232,stop
BTC,baseline,BASExQ0,BASE,Q0,32,2880,11461,2018-12-12 08:00:00+00:00,3405.4,3314.1069945705494,3434.5544958057994,P1,traded,0.9946287519760639,False,False,False,0.19947386469364087,0.11987695160004914,target,11463.0,2018-12-12 10:00:00+00:00,3434.5544958057994,target,92.99570542945048,3407.1027,3.0,,0.6177221187679528,False,False,-0.013798104016300891,0.3273017832578856,target,-0.36121102930312327,0.663640090421467,target
BTC,baseline,BASExQ0,BASE,Q0,33,2911,11585,2018-12-17 12:00:00+00:00,3271.86,3225.3870270659604,3266.593700047082,P1,target_below_entry,0.779147220446894,False,False,False,,,,,,,,,,,,,,,,,,,,
BTC,baseline,BASExQ0,BASE,Q0,34,3054,12157,2019-01-10 08:00:00+00:00,3777.54,3696.667847559388,3936.541626091549,P1,traded,1.1774473452190246,False,False,False,-1.1478720696209594,0.1478720696209596,stop,12165.0,2019-01-10 16:00:00+00:00,3692.971179711829,stop,82.76092244061147,3779.4287699999995,9.0,False,,,,-1.4238805779566135,0.44670258071226115,stop,-1.8703823149031797,0.9358596742205889,stop
BTC,baseline,BASExQ0,BASE,Q0,35,3122,12429,2019-01-21 16:00:00+00:00,3528.16,3495.841948890633,3580.0538820934553,P1,traded,0.7188801856558394,False,False,False,-1.3477438376526276,0.3477438376526275,stop,12435.0,2019-01-21 22:00:00+00:00,3492.346106941742,stop,34.082131109366856,3529.92408,7.0,True,,,,-1.9679376159954836,1.0196972901290975,stop,-2.883773325306814,2.024485876151233,stop
BTC,baseline,BASExQ0,BASE,Q0,36,3175,12641,2019-01-30 12:00:00+00:00,3429.62,3401.994646882229,3451.761060582867,P1,traded,0.6736132013700621,False,False,False,0.40292157853989735,0.39855453249753914,target,12641.0,2019-01-30 12:00:00+00:00,3451.761060582867,target,29.34016311777077,3431.33481,1.0,,1.276030377433621,True,True,-0.28911741354441406,1.0437505931212676,target,-1.2886105618821142,1.9642653412651294,target
BTC,baseline,BASExQ0,BASE,Q0,37,3222,12829,2019-02-07 08:00:00+00:00,3412.17,3391.0930913350094,3434.535711581801,P1,traded,0.7069510231350105,False,False,False,-1.516452441824007,0.516452441824007,stop,12840.0,2019-02-07 19:00:00+00:00,3387.7019982436746,stop,22.7829936649905,3413.876085,12.0,False,,,,-2.4027006946881655,1.4775848396379778,stop,-3.6202496586215966,2.815638970383779,stop
BTC,baseline,BASExQ0,BASE,Q0,38,3925,15637,2019-06-05 00:00:00+00:00,7687.04,7370.880988631946,8204.825997817123,P1,traded,1.4352726043251707,False,False,False,0.20969134396369368,0.07826502206256661,time24,15661.0,2019-06-06 00:00:00+00:00,7774.19096,time24,320.0025313680535,7690.883519999999,25.0,,,,,0.05735619373238756,0.2271415557410051,time24,-0.19883616470301665,0.4766600808561056,time24
BTC,baseline,BASExQ0,BASE,Q0,39,3960,15777,2019-06-10 20:00:00+00:00,7947.67,7792.283191645276,7840.55525180322,P1,target_below_entry,0.9126784579261195,False,False,False,,,,,,,,,,,,,,,,,,,,
BTC,baseline,BASExQ0,BASE,Q0,40,4162,16585,2019-07-14 12:00:00+00:00,10680.0,10305.829478111029,11432.216516582888,P1,traded,0.9393220400796954,False,False,False,-1.0897380344006393,0.08973803440063932,stop,16588.0,2019-07-14 15:00:00+00:00,10295.523648632918,stop,379.5105218889712,10685.34,4.0,False,,,,-1.2593484267905612,0.2734191829145835,stop,-1.5414470411089827,0.5825039071816008,stop
BTC,baseline,BASExQ0,BASE,Q0,41,4227,16845,2019-07-25 08:00:00+00:00,10045.64,9865.600335837375,10032.275924276531,P1,target_below_entry,0.6453050093107695,False,False,False,,,,,,,,,,,,,,,,,,,,
BTC,baseline,BASExQ0,BASE,Q0,42,4247,16925,2019-07-28 16:00:00+00:00,9522.91,9374.189015225944,9690.765930197807,P1,traded,0.7321757715569526,False,False,False,-1.2033025700461608,0.20330257004616067,stop,16931.0,2019-07-28 22:00:00+00:00,9364.814826210719,stop,153.48243977405582,9527.671455,7.0,True,,,,-1.5780637285080965,0.6090865282955461,stop,-2.168787468037744,1.256418733022611,stop
BTC,baseline,BASExQ0,BASE,Q0,45,4398,17525,2019-08-23 00:00:00+00:00,10099.9,9975.738680968476,10240.460253617097,P1,traded,0.5467671156658374,False,False,False,0.8699623848542183,0.2621152598864102,target,17538.0,2019-08-23 13:00:00+00:00,10240.460253617097,target,129.21126903152253,10104.949949999998,14.0,,1.582986901343747,False,False,0.38742426366615246,0.7004085133867997,target,-0.35637475170978816,1.365340899896306,target
BTC,baseline,BASExQ0,BASE,Q0,46,4447,17721,2019-08-31 04:00:00+00:00,9611.02,9483.581176220765,9695.023733389467,P1,traded,0.769197448522809,False,False,False,-1.2397335519580586,0.23973355195805865,stop,17737.0,2019-08-31 20:00:00+00:00,9474.097595044545,stop,132.2443337792356,9615.82551,17.0,False,,,,-1.6779969746536372,0.7143350910981747,stop,-2.357323599555246,1.4589519809728153,stop
BTC,baseline,BASExQ0,BASE,Q0,47,4565,18193,2019-09-19 20:00:00+00:00,10086.41,9813.753707909751,10093.713966146284,P1,traded,2.2259003997211555,False,False,False,-0.09163269993886615,0.1184208810965078,target,18193.0,2019-09-19 20:00:00+00:00,10093.713966146284,target,277.69949709024877,10091.453205,1.0,,0.6998069347981508,False,False,-0.29714472599751574,0.32344641621595627,target,-0.6306939470620225,0.6560738074594045,target
BTC,baseline,BASExQ0,BASE,Q0,48,4579,18249,2019-09-22 04:00:00+00:00,9872.77,9801.522587459478,10073.306820550071,P1,traded,0.5934573016322009,False,False,False,2.3667259150117945,0.44792816714191525,target,18253.0,2019-09-22 08:00:00+00:00,10073.306820550071,target,76.18379754052148,9877.706385,5.0,,0.032332064421165325,False,False,1.4675847581277734,1.164691749792524,target,0.1634279237748677,2.1668627940792913,target
BTC,baseline,BASExQ0,BASE,Q0,49,4616,18397,2019-09-28 08:00:00+00:00,8215.44,8029.036859073626,8346.25134511638,P1,traded,0.8395543958620195,False,False,False,-1.1394352200577125,0.1394352200577125,stop,18404.0,2019-09-28 15:00:00+00:00,8021.007822214552,stop,190.51086092637433,8219.54772,8.0,False,,,,-1.4001838518059029,0.4217454571654391,stop,-1.8236878602743927,0.8856985752253317,stop
BTC,baseline,BASExQ0,BASE,Q0,50,4653,18545,2019-10-04 12:00:00+00:00,8150.59,8008.659307824204,8206.363449780909,P1,traded,0.9396808218164298,False,False,False,0.20856887123888412,0.18439370032264588,target,18549.0,2019-10-04 16:00:00+00:00,8206.363449780909,target,146.00598717579578,8154.665295,5.0,,0.07606914232714161,False,False,-0.11655800064335911,0.4985522658083609,target,-0.630705346988418,0.9925027532535163,target
BTC,baseline,BASExQ0,BASE,Q0,51,4661,18577,2019-10-05 20:00:00+00:00,8066.07,7974.4512636982645,8153.416210355198,P1,traded,0.8100865049651255,False,False,False,0.6701143772211928,0.2832518651108792,target,18578.0,2019-10-05 21:00:00+00:00,8153.416210355198,target,95.6517713017347,8070.103034999999,2.0,,0.21101323446622156,True,False,0.15864206504696285,0.7545267050290623,target,-0.6203805203548909,1.4625327408305477,target
BTC,baseline,BASExQ0,BASE,Q0,52,4725,18833,2019-10-16 12:00:00+00:00,8055.66,7958.475601672161,8247.042574151355,P1,traded,0.9430910547414388,False,False,False,-1.263649489049065,0.26364948904906504,stop,18833.0,2019-10-16 12:00:00+00:00,7950.517126070489,stop,101.2122283278386,8059.68783,1.0,False,,,,-1.743006429752558,0.7828023127851237,stop,-2.4779784325870184,1.588564352978803,stop
BTC,baseline,BASExQ0,BASE,Q0,53,4743,18905,2019-10-19 12:00:00+00:00,7943.34,7874.982665495496,8012.547499108625,P1,traded,0.759233473692951,False,False,False,-1.3702501925835786,0.3702501925835785,stop_ambiguous,18905.0,2019-10-19 12:00:00+00:00,7867.10768283,stop_ambiguous,72.32900450450416,7947.31167,1.0,True,,,,-2.0271888083673972,1.0820999747412214,stop_ambiguous,-2.9877557885957,2.136188104526524,stop_ambiguous
BTC,baseline,BASExQ0,BASE,Q0,54,4779,19049,2019-10-25 12:00:00+00:00,7578.0,7380.65874066317,7650.019090633618,P1,traded,1.6912667088439985,False,False,False,0.24148148364284178,0.1234654659998236,target,19050.0,2019-10-25 13:00:00+00:00,7650.019090633618,target,201.13025933683002,7581.789,2.0,,13.523479352807216,True,True,0.021162885520020706,0.33690899720454237,target,-0.3373447220993923,0.6824153525692103,target
BTC,baseline,BASExQ0,BASE,Q0,56,4950,19731,2019-11-23 00:00:00+00:00,7268.23,7055.4809226419475,7700.631252356093,P1,traded,1.054475729406892,False,False,False,0.09185972622156302,0.10964526046212313,time24,19755.0,2019-11-24 00:00:00+00:00,7307.444450000001,time24,216.38319235805193,7271.864114999999,25.0,,,,,-0.11855246562103855,0.3166732139694744,time24,-0.4667114515815233,0.6583936664675457,time24
BTC,baseline,BASExQ0,BASE,Q0,58,5019,20005,2019-12-04 12:00:00+00:00,7200.62,7003.031464862809,7298.915646622788,P1,traded,1.5444197269284758,False,False,False,0.38006450898606087,0.11741195924393398,target,20006.0,2019-12-04 13:00:00+00:00,7298.915646622788,target,201.18884513719058,7204.22031,2.0,,1.1734465358465893,False,False,0.16791271693983004,0.32066132182340323,target,-0.17896383539166033,0.6506558499475591,target
BTC,baseline,BASExQ0,BASE,Q0,59,5068,20201,2019-12-12 16:00:00+00:00,7190.98,7092.079227411085,7256.49867293415,P1,traded,1.0319196378293816,False,False,False,0.42873989704513843,0.23372887057998296,target,20206.0,2019-12-12 21:00:00+00:00,7256.49867293415,target,102.49626258891385,7194.575489999999,6.0,,0.11230972500938187,True,False,0.01198747562879539,0.6272423975318377,target,-0.6346123364224178,1.2319349729272047,target
BTC,baseline,BASExQ0,BASE,Q0,60,5088,20281,2019-12-16 00:00:00+00:00,7119.6,7057.961516226678,7157.863081132587,P1,traded,0.78125288829234,False,False,False,-1.3680184364914671,0.3680184364914672,stop,20285.0,2019-12-16 04:00:00+00:00,7050.903554710451,stop,65.19828377332215,7123.1598,5.0,False,,,,-2.0213309883665636,1.0759305850733805,stop,-2.9775282898124127,2.1252013057080963,stop
BTC,baseline,BASExQ0,BASE,Q0,61,5198,20721,2020-01-03 08:00:00+00:00,7202.28,6900.59569039899,7148.357695011735,P1,target_below_entry,3.1396466314781493,False,False,False,,,,,,,,,,,,,,,,,,,,
BTC,baseline,BASExQ0,BASE,Q0,62,5325,21229,2020-01-24 12:00:00+00:00,8413.42,8175.796561327927,8521.954915808492,P1,traded,1.9100506639575605,False,False,False,0.3427200464663979,0.1140316797733392,target,21233.0,2020-01-24 16:00:00+00:00,8521.954915808492,target,241.83014867207385,8417.62671,5.0,,0.008456696581207662,True,True,0.1372118537010502,0.31159453542980714,target,-0.19915785188777915,0.63287495552579,target
BTC,baseline,BASExQ0,BASE,Q0,63,5529,22043,2020-02-27 16:00:00+00:00,8847.0,8654.129210069832,9156.470229116334,P1,traded,1.03804709343777,False,False,False,-1.145184279829259,0.14518427982925897,stop,22049.0,2020-02-27 22:00:00+00:00,8645.475080859762,stop,197.294289930167,8851.423499999999,7.0,False,,,,-1.4163379653752535,0.43875878658383827,stop,-1.8555440235332519,0.9199197728287762,stop
BTC,baseline,BASExQ0,BASE,Q0,65,5635,22466,2020-03-16 08:00:00+00:00,4789.99,4569.382917647655,5536.550661113588,P1,traded,0.5287368605312699,False,False,False,-1.0678808518228746,0.06788085182287469,stop,22468.0,2020-03-16 10:00:00+00:00,4564.813534730007,stop,223.0020773523447,4792.384994999999,3.0,False,,,,-1.1967229061871014,0.20746269403318288,stop,-1.413283297046597,0.4448251548624193,stop
BTC,baseline,BASExQ0,BASE,Q0,66,5718,22798,2020-03-30 04:00:00+00:00,6009.28,5772.0630117692945,6223.861574980958,P1,traded,1.3840450704760592,False,False,False,0.8220682250266708,0.0825110657797147,target,22799.0,2020-03-30 05:00:00+00:00,6223.861574980958,target,240.2216282307054,6012.28464,2.0,,1.561634677868242,False,False,0.6668222260328635,0.22644278328959852,target,0.4072807855225045,0.4641840379752273,target
BTC,baseline,BASExQ0,BASE,Q0,67,5820,23206,2020-04-16 04:00:00+00:00,6651.69,6401.532828339973,6801.725680408641,P1,traded,1.8741966840786943,False,False,False,0.5137178937033955,0.08604776327543304,target,23209.0,2020-04-16 07:00:00+00:00,6801.725680408641,target,253.4830166600259,6655.015844999999,4.0,,1.5317567413682656,True,True,0.3558089302798993,0.23608745151940216,target,0.0933092091700388,0.48345227850305744,target
BTC,baseline,BASExQ0,BASE,Q0,68,6064,24180,2020-05-26 20:00:00+00:00,8800.0,8617.801199901587,8947.854943890085,P1,traded,1.1082813853746953,False,False,False,0.6556485328955851,0.15585485686451286,target,24192.0,2020-05-27 08:00:00+00:00,8947.854943890085,target,186.59880009841254,8804.4,13.0,,1.4852456498313422,True,True,0.3692171283492229,0.423151010203145,target,-0.09258055125343517,0.8492635186801369,target
BTC,baseline,BASExQ0,BASE,Q0,69,6163,24576,2020-06-12 08:00:00+00:00,9439.48,9269.63121775512,9613.249709589367,P1,traded,1.1208361624180556,False,False,False,-0.18836444734630245,0.177825661160492,time24,24600.0,2020-06-13 08:00:00+00:00,9432.971155000001,time24,174.56852224487739,9444.199739999998,25.0,,,,,-0.5184938360882135,0.5082399828907389,time24,-1.0458753844568478,1.0361475466554413,time24
BTC,baseline,BASExQ0,BASE,Q0,70,6185,24664,2020-06-16 00:00:00+00:00,9426.05,9320.389803619284,9375.5471098463,P1,target_below_entry,0.7358957191061345,False,False,False,,,,,,,,,,,,,,,,,,,,
BTC,baseline,BASExQ0,BASE,Q0,71,6241,24888,2020-06-25 08:00:00+00:00,9173.7,9027.646484795525,9398.606886965437,P1,traded,1.1679886737560101,False,False,False,-0.38214376368730896,0.20070341996877653,time24,24912.0,2020-06-26 08:00:00+00:00,9142.626400000001,time24,150.64036520447553,9178.28685,25.0,,,,,-0.7475306203430115,0.5716149554810103,time24,-1.3236721785366008,1.1578544830409374,time24
BTC,baseline,BASExQ0,BASE,Q0,73,6588,26273,2020-08-22 04:00:00+00:00,11474.02,11297.63103622649,11757.88573574518,P1,traded,1.1138625423166042,False,False,False,0.5002743828877352,0.20929381980724676,time24,26297.0,2020-08-23 04:00:00+00:00,11593.380410000002,time24,182.12597377350903,11479.75701,25.0,,,,,0.09178384878145082,0.5954327925727814,time24,-0.5572195707929863,1.2037071948908595,time24
BTC,baseline,BASExQ0,BASE,Q0,74,6618,26393,2020-08-27 04:00:00+00:00,11384.6,11289.073852909405,11503.817136136726,P1,traded,0.681685457651044,False,False,False,-1.3797690922282229,0.3797690922282228,stop,26401.0,2020-08-27 12:00:00+00:00,11277.784779056496,stop,101.21844709059405,11390.2923,9.0,True,,,,-2.0521303245210825,1.1083680970182639,stop,-3.03117434064044,2.1828300945585446,stop
BTC,baseline,BASExQ0,BASE,Q0,75,6671,26605,2020-09-05 00:00:00+00:00,10446.25,10288.26908793311,10885.384358357993,P1,traded,0.556541593956765,False,False,False,-1.209995183004427,0.209995183004427,stop,26614.0,2020-09-05 09:00:00+00:00,10277.980818845177,stop,163.2040370668892,10451.473124999999,10.0,False,,,,-1.596504702957699,0.6285083536876006,stop,-2.203862050755069,1.2940972888572975,stop
BTC,baseline,BASExQ0,BASE,Q0,76,6775,27021,2020-09-22 08:00:00+00:00,10372.91,10286.38500863475,10715.777116560508,P1,traded,0.5876859438585392,False,False,False,0.25931855809477433,0.3846572357286241,time24,27045.0,2020-09-23 08:00:00+00:00,10423.415685,time24,91.71144636524878,10378.096454999999,25.0,,,,,-0.4584718991405143,1.0660296491087093,time24,-1.5122281288590287,2.0580512303011056,time24
BTC,baseline,BASExQ0,BASE,Q0,77,6787,27069,2020-09-24 08:00:00+00:00,10341.69,10204.133177065443,10486.414474540597,P1,traded,1.0285879969890654,False,False,False,0.8098435614082945,0.242263280354471,target,27076.0,2020-09-24 15:00:00+00:00,10486.414474540597,target,142.72766793455594,10346.860845,8.0,,2.163739728452694,True,True,0.3647076558582576,0.6492826701586754,target,-0.3269313167358252,1.272414308847624,target
BTC,baseline,BASExQ0,BASE,Q0,78,7256,28944,2020-12-11 12:00:00+00:00,17647.71,17392.47885064315,18315.740695267523,P1,traded,0.7095621859230724,False,False,False,2.391907005447626,0.22544866195770247,target,28956.0,2020-12-12 00:00:00+00:00,18315.740695267523,target,264.05500435684735,17656.533854999998,13.0,,0.7495381699526752,True,True,1.9243084916872735,0.6055837059426504,target,1.1787099729845072,1.1926931453443144,target
BTC,baseline,BASExQ0,BASE,Q0,79,7502,29924,2021-01-21 12:00:00+00:00,32206.89,31289.24056019206,35256.704410725644,P2,traded,0.6368678539118933,False,False,False,-1.1107109147449274,0.11071091474492734,stop,29926.0,2021-01-21 14:00:00+00:00,31257.951319631866,stop,933.7528848079382,32222.993444999996,3.0,False,,,,-1.3190450208171753,0.3362909595039504,stop,-1.662080003383094,0.712092784722366,stop
BTC,baseline,BASExQ0,BASE,Q0,80,7523,30008,2021-01-25 00:00:00+00:00,32259.45,30644.567007070207,32556.105850903725,P2,traded,1.3330870686801772,False,False,False,0.1194829361551562,0.06421820640596373,target,30008.0,2021-01-25 00:00:00+00:00,32556.105850903725,target,1631.0127179297924,32275.579725,1.0,,1.4217511142645136,True,True,0.005047812561130473,0.17683663729175764,target,-0.1861170151751826,0.36447378481497,target
BTC,baseline,BASExQ0,BASE,Q0,81,7544,30092,2021-01-28 12:00:00+00:00,31437.37,30205.761931625715,31636.547711943458,P2,traded,1.015343768262615,False,False,False,0.07978142245694407,0.08194024619562709,target,30092.0,2021-01-28 12:00:00+00:00,31636.547711943458,target,1247.3267533742837,31453.088685,1.0,,5.093655107508201,True,True,-0.06535372203248362,0.22503739064990175,target,-0.3056228825226957,0.4613808587614152,target
BTC,baseline,BASExQ0,BASE,Q0,82,7735,30855,2021-03-01 08:00:00+00:00,46291.87,44691.09493624254,46365.21436538232,P2,traded,0.8425796543495482,False,False,False,-0.046794188201848025,0.09261222163008,target,30855.0,2021-03-01 08:00:00+00:00,46365.21436538232,target,1623.920998757465,46315.015935,1.0,,2.361436078203216,True,True,-0.20879004405923413,0.25395502772435,target,-0.47511400799666637,0.5190271922106542,target
BTC,baseline,BASExQ0,BASE,Q0,83,7880,31434,2021-03-25 12:00:00+00:00,52163.2,51379.623439058545,54621.20692111568,P2,traded,0.5431120189979706,False,False,False,-1.2114260759707336,0.21142607597073368,stop,31434.0,2021-03-25 12:00:00+00:00,51328.243815619484,stop,809.6581609414498,52189.281599999995,1.0,False,,,,-1.6004425739615546,0.6326556748208986,stop,-2.211335098201717,1.302125143037141,stop
BTC,baseline,BASExQ0,BASE,Q0,84,8022,32002,2021-04-18 04:00:00+00:00,55000.01,50043.72294062333,60924.73895613333,P2,traded,2.792031974585596,False,False,False,0.3735942898014611,0.03616607630925707,time24,32026.0,2021-04-19 04:00:00+00:00,57002.38455,time24,4983.7870643766655,55027.510005,25.0,,,,,0.3018485678535222,0.1056507842990778,time24,0.178496132939346,0.22455523041901365,time24
BTC,baseline,BASExQ0,BASE,Q0,86,8186,32653,2021-05-15 12:00:00+00:00,48929.73,46866.04556773077,51059.061038243584,P2,traded,1.2057127006523964,False,False,False,-1.074271646629533,0.07427164662953313,stop,32664.0,2021-05-15 23:00:00+00:00,46819.17952216304,stop,2088.1492972692286,48954.194865,12.0,False,,,,-1.2150776376867034,0.22679368932725824,stop,-1.4510192855893849,0.4853627020299968,stop
BTC,baseline,BASExQ0,BASE,Q0,87,8228,32821,2021-05-22 12:00:00+00:00,38157.75,34897.02331559833,39294.13752385668,P2,traded,1.1970918772314951,False,False,False,-1.0358471128120343,0.03584711281203433,stop,32841.0,2021-05-23 08:00:00+00:00,34862.12629228273,stop,3279.8055594016696,38176.828875,21.0,False,,,,-1.1041710030763274,0.1099880780993601,stop,-1.2207842413924992,0.23803477120933625,stop
BTC,baseline,BASExQ0,BASE,Q0,88,8269,32985,2021-05-29 08:00:00+00:00,36145.0,34761.9583127672,37334.2858583911,P2,traded,0.8209505169904766,False,False,False,-1.082030161742573,0.08203016174257301,stop,32988.0,2021-05-29 11:00:00+00:00,34727.196354454434,stop,1401.1141872327935,36163.072499999995,4.0,False,,,,-1.2373119125702143,0.25021057576603,stop,-1.496538922654343,0.5342617637964375,stop
BTC,baseline,BASExQ0,BASE,Q0,89,8334,33245,2021-06-09 04:00:00+00:00,32862.25,31807.415320298776,34420.29525668234,P2,traded,0.8948305943515203,False,False,False,1.3749957336276253,0.10205587139131947,target,33248.0,2021-06-09 07:00:00+00:00,34420.29525668234,target,1071.2658047012192,32878.681124999996,4.0,,3.0298873809595146,False,False,1.175206401020524,0.27919011742046407,target,0.8420201492855306,0.569089051362343,target
BTC,baseline,BASExQ0,BASE,Q0,90,8403,33521,2021-06-20 16:00:00+00:00,34422.11,32818.51295820252,36204.98614028155,P2,traded,1.549407919691491,False,False,False,-1.067089794960292,0.0670897949602921,stop,33535.0,2021-06-21 06:00:00+00:00,32785.69444524431,stop,1620.808096797482,34439.321055,15.0,False,,,,-1.1944484227848788,0.20506723387917583,stop,-1.408597076782672,0.43979102478335425,stop
BTC,baseline,BASExQ0,BASE,Q0,91,8436,33653,2021-06-26 04:00:00+00:00,31979.71,30690.456707857196,33250.65365078213,P2,traded,1.0575567878128305,False,False,False,-1.0777754591310091,0.07777545913100911,stop,33656.0,2021-06-26 07:00:00+00:00,30659.76625114934,stop,1305.2431471428026,31995.699855,4.0,False,,,,-1.2251254220310686,0.23737590197804384,stop,-1.4716158753332858,0.5074884037931253,stop
BTC,baseline,BASExQ0,BASE,Q0,92,8511,33953,2021-07-08 16:00:00+00:00,32900.05,31977.233079998932,33852.44144561779,P2,traded,1.2377934715859786,False,False,False,0.5986299254237275,0.11522781355144271,time24,33977.0,2021-07-09 16:00:00+00:00,33542.030595,time24,939.266945001069,32916.500025,25.0,,,,,0.36880329201364703,0.3325521676946099,time24,-0.012822887487545129,0.6904430940851449,time24
BTC,baseline,BASExQ0,BASE,Q0,93,8546,34093,2021-07-14 12:00:00+00:00,32450.95,31222.147619466883,32949.638377032825,P2,traded,1.8740177797931112,False,False,False,0.32067600280739483,0.08515685114302424,target,34095.0,2021-07-14 14:00:00+00:00,32949.638377032825,target,1245.027855533117,32467.175475,3.0,,0.18924204942088388,True,True,0.16683344306810327,0.23371050847207114,target,-0.08833941101477948,0.47870860921428365,target
BTC,baseline,BASExQ0,BASE,Q0,94,8590,34269,2021-07-21 20:00:00+00:00,31627.58,31246.4455308331,30914.934364871,P2,target_below_entry,0.5636841937607868,False,False,False,,,,,,,,,,,,,,,,,,,,
BTC,baseline,BASExQ0,BASE,Q0,95,8877,35413,2021-09-07 16:00:00+00:00,46656.07,42163.04068554177,50693.33704444596,P2,traded,3.3036527727843303,False,False,False,-0.1605937334257083,0.033025013106973665,time24,35437.0,2021-09-08 16:00:00+00:00,46059.858550000004,time24,4516.357349458231,46679.398035,25.0,,,,,-0.22341995652271313,0.09651015828259954,time24,-0.33088681800814485,0.20527465181205015,time24
BTC,baseline,BASExQ0,BASE,Q0,96,8901,35509,2021-09-11 16:00:00+00:00,45573.99,44863.84729548684,46240.48540483385,P2,traded,0.6883993300985514,False,False,False,-1.2037626222915006,0.2037626222915004,stop,35517.0,2021-09-12 00:00:00+00:00,44818.98344819136,stop,732.9296995131517,45596.77699499999,9.0,True,,,,-1.5793325627804895,0.6104228501779452,stop,-2.1712049308444743,1.2590156707559952,stop
BTC,baseline,BASExQ0,BASE,Q0,97,8961,35749,2021-09-21 16:00:00+00:00,43072.81,41558.87953083753,45060.32830874902,P2,traded,1.2889989439443212,False,False,False,-1.0894431455126543,0.08944314551265439,stop,35750.0,2021-09-21 17:00:00+00:00,41517.32065130669,stop,1535.46687416247,43094.346405,2.0,False,,,,-1.2585063135170733,0.272532278754354,stop,-1.5397346656931614,0.5806644032526472,stop
BTC,baseline,BASExQ0,BASE,Q0,98,8981,35829,2021-09-25 00:00:00+00:00,42810.58,41646.610874485734,43458.34243220855,P2,traded,0.8855932820972151,False,False,False,-1.116095437960584,0.11609543796058423,stop,35837.0,2021-09-25 08:00:00+00:00,41604.96426361125,stop,1185.374415514263,42831.98529,9.0,False,,,,-1.3343093910355155,0.3523672213040292,stop,-1.6926883581648435,0.7449735352631941,stop
BTC,baseline,BASExQ0,BASE,Q0,99,8992,35873,2021-09-26 20:00:00+00:00,43255.32,42519.466590700205,42923.92859855076,P2,target_below_entry,0.6583481733235612,False,False,False,,,,,,,,,,,,,,,,,,,,
BTC,baseline,BASExQ0,BASE,Q0,101,9181,36627,2021-10-28 08:00:00+00:00,58993.71,58113.58518691557,60402.462339886115,P2,traded,0.770127753893548,False,False,False,1.383574745353168,0.2170531643964587,target,36627.0,2021-10-28 08:00:00+00:00,60402.462339886115,target,909.62166808443,59023.206855,1.0,,2.304845776738123,True,True,0.9648711162695528,0.5838522588593663,target,0.30217739726880677,1.152220676270056,target
BTC,baseline,BASExQ0,BASE,Q0,102,9301,37107,2021-11-17 08:00:00+00:00,59691.9,57862.90249987572,62144.29310749462,P2,traded,1.2752781175553554,False,False,False,-0.0813406119964043,0.10447350310047784,time24,37131.0,2021-11-18 08:00:00+00:00,59704.342895,time24,1858.8434501242737,59721.74595,25.0,,,,,-0.27920190272844,0.301963367658243,time24,-0.6066571382829137,0.6287104197078595,time24
BTC,baseline,BASExQ0,BASE,Q0,103,9372,37391,2021-11-29 04:00:00+00:00,57359.02,56541.933517760335,55568.58382589079,P2,target_below_entry,0.6870586045563486,False,False,False,,,,,,,,,,,,,,,,,,,,
BTC,baseline,BASExQ0,BASE,Q0,104,9405,37523,2021-12-04 16:00:00+00:00,48203.74,45471.85158658709,53582.4310755036,P2,traded,1.3420445230219356,False,False,False,-0.14862191808660474,0.05631580530326243,time24,37547.0,2021-12-05 16:00:00+00:00,47927.594215000005,time24,2755.99028341291,48227.84187,25.0,,,,,-0.2554800322753902,0.16398116106466845,time24,-0.4362543653466968,0.34632834814012403,time24
BTC,baseline,BASExQ0,BASE,Q0,105,9418,37575,2021-12-06 20:00:00+00:00,49103.0,47856.84872645261,50186.97509458559,P2,traded,0.7825604623786253,False,False,False,0.742374665156634,0.1274836879948795,target,37576.0,2021-12-06 21:00:00+00:00,50186.97509458559,target,1270.702773547382,49127.551499999994,2.0,,1.376682999227891,False,False,0.5054703556640882,0.3475812919367839,target,0.11804265687776791,0.703271445781496,target
BTC,baseline,BASExQ0,BASE,Q0,106,9446,37687,2021-12-11 12:00:00+00:00,48240.43,47159.93176712687,48679.330735798736,P2,traded,0.7907995284916818,False,False,False,0.2626835565170101,0.14351862174261099,target,37688.0,2021-12-11 13:00:00+00:00,48679.330735798736,target,1104.618447873123,48264.550214999996,2.0,,0.9239563816505172,False,False,0.006894888293826953,0.39043754503988476,target,-0.40559357441804117,0.7862999594080665,target
BTC,baseline,BASExQ0,BASE,Q0,107,9466,37767,2021-12-14 20:00:00+00:00,46859.42,45850.09460650671,47927.850283195265,P2,traded,0.8704301667656442,False,False,False,0.9083003921750148,0.15025841362042486,target,37768.0,2021-12-14 21:00:00+00:00,47927.850283195265,target,1032.755103493284,46882.849709999995,2.0,,1.2898795777419283,False,False,0.6262817109652324,0.4082619863559538,target,0.16891782971916972,0.8207226946951954,target
BTC,baseline,BASExQ0,BASE,Q0,108,9490,37863,2021-12-18 20:00:00+00:00,46643.68,45804.42882411479,47217.277286427896,P2,traded,0.8051434076257278,False,False,False,0.5045208954554073,0.17894229519533617,target,37870.0,2021-12-19 03:00:00+00:00,47217.277286427896,target,862.5730158852093,46667.00184,8.0,,1.2552360132213962,False,False,0.18080959086906664,0.48417444626690326,target,-0.3345452971595997,0.965415021641989,target
BTC,baseline,BASExQ0,BASE,Q0,109,9557,38131,2021-12-30 00:00:00+00:00,46464.66,45627.84565016341,48643.381349145224,P2,traded,0.8918516764915428,False,False,False,0.6052514946701066,0.17893677854501278,time24,38155.0,2021-12-31 00:00:00+00:00,47097.31956,time24,860.046679836596,46487.89233,25.0,,,,,0.2515786004814414,0.5114264960845636,time24,-0.31878860866108516,1.0426846827226381,time24
BTC,baseline,BASExQ0,BASE,Q0,110,9568,38175,2021-12-31 20:00:00+00:00,45728.28,45188.95770476363,47662.09485464923,P2,traded,0.5503262948760351,False,False,False,3.3085786933761665,0.2770599344533856,target,38196.0,2022-01-01 17:00:00+00:00,47662.09485464923,target,562.18643523637,45751.14414,22.0,,0.3252927034318831,False,False,2.7012660137080813,0.7385445783709719,target,1.7460924854804951,1.4349702626013847,target
BTC,baseline,BASExQ0,BASE,Q0,111,9623,38395,2022-01-10 00:00:00+00:00,41864.62,41304.95506951846,42305.42396054354,P2,traded,0.6063871442567235,False,False,False,-1.2377696240440386,0.23776962404403845,stop,38407.0,2022-01-10 12:00:00+00:00,41263.65011444894,stop,580.5972404815402,41885.55231,13.0,False,,,,-1.67263772202621,0.7086907869402553,stop,-2.347307601970712,1.4481923854198109,stop
BTC,baseline,BASExQ0,BASE,Q0,112,9677,38611,2022-01-19 00:00:00+00:00,42352.12,41180.06019832357,42389.71933500642,P2,traded,1.8260376499065913,False,False,False,-0.08360290813611998,0.11568261512089742,target,38611.0,2022-01-19 00:00:00+00:00,42389.71933500642,target,1193.2358616764323,42373.29606,1.0,,0.14197584101735386,False,False,-0.2845886555701695,0.31609905197544624,target,-0.6112514987382092,0.6416818165820278,target
BTC,baseline,BASExQ0,BASE,Q0,113,9870,39383,2022-02-20 04:00:00+00:00,39794.59,39363.15978120246,40843.0878117656,P2,traded,0.6404078175962288,False,False,False,-1.2935640438051021,0.29356404380510215,stop,39384.0,2022-02-20 05:00:00+00:00,39323.79662142126,stop,451.3275137975288,39814.48729499999,2.0,False,,,,-1.8236678262804598,0.8677539818808057,stop,-2.6255507581057977,1.7470925998157125,stop
BTC,baseline,BASExQ0,BASE,Q0,114,9878,39415,2022-02-21 12:00:00+00:00,37576.1,36937.94770290618,39547.15800970169,P2,traded,0.7772065163702052,False,False,False,-1.1868244882414374,0.1868244882414372,stop,39424.0,2022-02-21 21:00:00+00:00,36901.009755203275,stop,656.9403470938123,37594.888049999994,10.0,False,,,,-1.5324999751230164,0.5610992993738566,stop,-2.0815674547898912,1.1627234162301932,stop
BTC,baseline,BASExQ0,BASE,Q0,115,9899,39499,2022-02-25 00:00:00+00:00,38328.68,36678.871812105404,37402.63367117286,P2,target_below_entry,1.358653637438684,False,False,False,,,,,,,,,,,,,,,,,,,,
BTC,baseline,BASExQ0,BASE,Q0,116,9969,39779,2022-03-08 16:00:00+00:00,38658.34,37821.68290673537,38912.30039897424,P2,traded,0.8618452209322416,False,False,False,0.15519784076559284,0.1483439579219617,target,39780.0,2022-03-08 17:00:00+00:00,38912.30039897424,target,855.9862632646254,38677.669169999994,2.0,,4.301190052961808,True,True,-0.10659825645734,0.4032857266577062,target,-0.5271739295379471,0.8110412865281141,target
BTC,baseline,BASExQ0,BASE,Q0,117,10006,39927,2022-03-14 20:00:00+00:00,38814.18,38044.716590583375,38938.149472090365,P2,traded,1.0378983653835312,False,False,False,-0.0005643609035410581,0.16167594928219173,target,39927.0,2022-03-14 20:00:00+00:00,38938.149472090365,target,788.8704994166255,38833.58709,1.0,,1.2790065399273742,True,True,-0.2815150416128432,0.4386631060696084,target,-0.7290488144795939,0.8788274381189022,target
BTC,baseline,BASExQ0,BASE,Q0,118,10151,40507,2022-04-08 00:00:00+00:00,43444.2,42842.54518684098,44471.80222139778,P2,traded,0.8231589672581712,False,False,False,-1.2294651173387299,0.22946511733873004,stop,40520.0,2022-04-08 13:00:00+00:00,42799.70264165414,stop,623.3769131590161,43465.922099999996,14.0,False,,,,-1.6499409274697265,0.6847867800213081,stop,-2.3047708291054803,1.4024976387610464,stop
BTC,baseline,BASExQ0,BASE,Q0,119,10203,40715,2022-04-16 16:00:00+00:00,40062.67,39717.496053128816,40454.194306221376,P2,traded,0.6297554748106304,False,False,False,0.7610577962579003,0.3732233676895436,target,40720.0,2022-04-16 21:00:00+00:00,40454.194306221376,target,365.2052818711818,40082.701335,6.0,,0.6718295324796834,False,False,0.09101185327317414,0.9810545314607665,target,-0.8920802609381803,1.8581677702358015,target
BTC,baseline,BASExQ0,BASE,Q0,120,10244,40879,2022-04-23 12:00:00+00:00,39602.93,39183.90651092167,40386.249657019776,P2,traded,0.6598722588761128,False,False,False,-0.2877148110841643,0.3024633876224237,time24,40903.0,2022-04-24 12:00:00+00:00,39589.305445000005,time24,438.82495407832903,39622.731465,25.0,,,,,-0.8343112022673188,0.848394266465389,time24,-1.6593128258135112,1.672230133114497,time24
BTC,baseline,BASExQ0,BASE,Q0,121,10261,40947,2022-04-26 08:00:00+00:00,40584.5,40058.30449483642,39878.06458282185,P2,target_below_entry,0.8307331204927872,False,False,False,,,,,,,,,,,,,,,,,,,,
BTC,baseline,BASExQ0,BASE,Q0,122,10297,41091,2022-05-02 08:00:00+00:00,38881.46,38291.31683825828,38558.9951676422,P2,target_below_entry,0.9558114697996789,False,False,False,,,,,,,,,,,,,,,,,,,,
BTC,baseline,BASExQ0,BASE,Q0,123,10347,41291,2022-05-10 16:00:00+00:00,31320.0,30278.81297128001,33133.14175778901,P2,traded,0.9619830601863204,False,False,False,-1.0946593628574233,0.09465936285742346,stop,41296.0,2022-05-10 21:00:00+00:00,30248.534158308732,stop,1056.8470287199889,31335.66,6.0,False,,,,-1.273390964429468,0.28820862448285034,stop,-1.5699575972465731,0.6131311163480163,stop
BTC,baseline,BASExQ0,BASE,Q0,124,10400,41503,2022-05-19 12:00:00+00:00,29499.81,28472.49484453788,29649.479703311346,P2,traded,1.3414046332661909,False,False,False,0.05356763160112453,0.09212252250160403,target,41503.0,2022-05-19 12:00:00+00:00,29649.479703311346,target,1042.0650604621187,29514.559905,1.0,,1.0823223419356311,False,False,-0.10898471923931086,0.25261270274062114,target,-0.3766869013838223,0.5163608562110261,target
BTC,baseline,BASExQ0,BASE,Q0,125,10534,42039,2022-06-10 20:00:00+00:00,28980.03,28564.70840797249,30055.561176902593,P2,traded,0.7278896463017014,False,False,False,-1.2216874422619888,0.22168744226198867,stop,42055.0,2022-06-11 12:00:00+00:00,28536.143699564516,stop,429.81160702751004,28994.520015,17.0,False,,,,-1.6286323858905216,0.6623448654119785,stop,-2.2646606904209103,1.3594096821018442,stop
BTC,baseline,BASExQ0,BASE,Q0,126,10650,42503,2022-06-30 04:00:00+00:00,20077.01,19755.216117990247,20495.4132789609,P2,traded,0.8214732566000239,False,False,False,-1.1980508808643326,0.19805088086433256,stop,42505.0,2022-06-30 06:00:00+00:00,19735.460901872255,stop,331.832387009752,20087.048505,3.0,True,,,,-1.563566917961385,0.5938186516467572,stop,-2.1411235540570543,1.2267010215981293,stop
BTC,baseline,BASExQ0,BASE,Q0,127,10732,42831,2022-07-13 20:00:00+00:00,19652.15,18988.53811152391,20029.2378794556,P2,traded,1.374154514951126,False,False,False,0.4725618457026287,0.09567372391854978,target,42833.0,2022-07-13 22:00:00+00:00,20029.2378794556,target,673.437963476088,19661.976075,3.0,,1.2930101475862512,True,True,0.29781318655049066,0.2621313070880638,target,0.008795690255487864,0.5352719167175327,target
BTC,baseline,BASExQ0,BASE,Q0,128,10965,43763,2022-08-21 16:00:00+00:00,21419.0,21129.177234062958,21795.09107098799,P2,traded,0.7803404663215953,False,False,False,1.0590904557894085,0.2385683729503862,target,43767.0,2022-08-21 20:00:00+00:00,21795.09107098799,target,300.5322659370395,21429.709499999997,5.0,,-0.31640885776940575,False,False,0.611706060967033,0.6397105542019347,target,-0.08682965492043031,1.2549911463603545,target
BTC,baseline,BASExQ0,BASE,Q0,129,10986,43847,2022-08-25 04:00:00+00:00,21468.12,21142.20134303163,21477.83811843406,P2,traded,0.9702925371702908,False,False,False,-0.18101269532771025,0.21083031462099797,target,43847.0,2022-08-25 04:00:00+00:00,21477.83811843406,target,336.6527169683686,21478.854059999998,1.0,,1.0160080828876163,False,False,-0.5389353466361796,0.5678022410476559,target,-1.0948713385451554,1.1220077613133197,target
BTC,baseline,BASExQ0,BASE,Q0,130,11015,43963,2022-08-30 00:00:00+00:00,20287.2,19913.382313419017,20229.55659650886,P2,target_below_entry,1.1564875555673415,False,False,False,,,,,,,,,,,,,,,,,,,,
BTC,baseline,BASExQ0,BASE,Q0,131,11052,44111,2022-09-05 04:00:00+00:00,19884.88,19676.826516007062,19900.611916198784,P2,traded,0.7837264484220396,False,False,False,-0.23034880237218802,0.3059635716942791,target,44111.0,2022-09-05 04:00:00+00:00,19900.611916198784,target,217.9959239929376,19894.82244,1.0,,1.2816206775052676,False,False,-0.7401576375459095,0.8123237400611707,target,-1.4986797725936247,1.5648133820934917,target
BTC,baseline,BASExQ0,BASE,Q0,132,11069,44179,2022-09-08 00:00:00+00:00,19292.85,18824.300917732686,19334.293813963264,P2,traded,1.4320915423367988,False,False,False,-0.04345247255752839,0.13190385477498737,target,44179.0,2022-09-08 00:00:00+00:00,19334.293813963264,target,478.19550726731177,19302.496424999998,1.0,,0.259216542508092,False,False,-0.27285310726987266,0.35952019914637284,target,-0.6431060565099982,0.7264121547489905,target
BTC,baseline,BASExQ0,BASE,Q0,133,11127,44411,2022-09-17 16:00:00+00:00,19963.34,19572.264425850288,20040.41108923068,P2,traded,1.112175573867811,False,False,False,0.03340808874683345,0.1636665800003817,target,44411.0,2022-09-17 16:00:00+00:00,20040.41108923068,target,401.05724414970973,19973.321669999998,1.0,,0.35485934450841633,False,False,-0.25175522903756475,0.44392502612995155,target,-0.7058175262923312,0.8888752962261537,target
BTC,baseline,BASExQ0,BASE,Q0,134,11144,44479,2022-09-20 12:00:00+00:00,19219.49,18947.278287920115,19481.75183625726,P2,traded,0.6713925935388126,False,False,False,-1.2243357892064202,0.22433578920642017,stop,44480.0,2022-09-20 13:00:00+00:00,18928.331009632195,stop,281.82145707988457,19229.099745,2.0,False,,,,-1.6358936942355575,0.669992393105296,stop,-2.278348136736764,1.374113298518396,stop
BTC,baseline,BASExQ0,BASE,Q0,135,11274,44999,2022-10-12 04:00:00+00:00,19049.09,18926.00947461217,19258.753302056582,P2,traded,0.6238841738925621,False,False,False,-0.17022351776596853,0.49578273904600095,time24,45023.0,2022-10-13 04:00:00+00:00,19079.615420000002,time24,132.6050703878318,19058.614545,25.0,,,,,-1.0495804605807137,1.3517559345863943,time24,-2.2757424340644015,2.5399620235403964,time24
BTC,baseline,BASExQ0,BASE,Q0,136,11283,45035,2022-10-13 16:00:00+00:00,18958.59,18066.740152028175,19121.858917870784,P2,traded,3.6177630536088508,False,False,False,0.11475048163648281,0.06831723793770055,target,45035.0,2022-10-13 16:00:00+00:00,19121.858917870784,target,901.3291429718229,18968.069294999998,1.0,,0.9208745646374403,True,True,-0.006865500435132258,0.18800789347088953,target,-0.20961421816518963,0.38702494746346094,target
BTC,baseline,BASExQ0,BASE,Q0,137,11440,45663,2022-11-08 20:00:00+00:00,18255.24,16891.836503920073,20308.042537012472,P2,traded,2.4789740766880715,False,False,False,-1.0412462800395925,0.04124628003959244,stop,45683.0,2022-11-09 16:00:00+00:00,16874.94466741615,stop,1372.5311160799283,18264.36762,21.0,False,,,,-1.1198347681769354,0.12648497806512254,stop,-1.2536263381630397,0.27331509904302337,stop
BTC,baseline,BASExQ0,BASE,Q0,138,11465,45763,2022-11-13 00:00:00+00:00,16813.16,16485.20407348507,17276.88775074704,P2,traded,0.5967263246478882,False,False,False,-1.162452873115409,0.1624528731154088,stop,45772.0,2022-11-13 09:00:00+00:00,16468.718869411587,stop,336.3625065149281,16821.56658,10.0,False,,,,-1.4646903264590692,0.4896829455446504,stop,-1.9502724750634663,1.0216809620888154,stop
BTC,baseline,BASExQ0,BASE,Q0,139,11495,45883,2022-11-18 00:00:00+00:00,16692.56,16450.561209067277,16685.382150601836,P2,target_below_entry,0.7637944637372419,False,False,False,,,,,,,,,,,,,,,,,,,,
BTC,baseline,BASExQ0,BASE,Q0,140,11512,45951,2022-11-20 20:00:00+00:00,16587.8,16435.799561730517,16653.60318820357,P2,traded,0.8049127977761401,False,False,False,-1.347615835193136,0.34761583519313594,stop,45952.0,2022-11-20 21:00:00+00:00,16419.363762168785,stop,160.29433826948298,16596.0939,2.0,False,,,,-1.967599501125793,1.01934119137849,stop,-2.8831765443715742,2.023844789585197,stop
BTC,baseline,BASExQ0,BASE,Q0,141,11558,46135,2022-11-28 12:00:00+00:00,16213.29,16095.95199717094,16435.30825662978,P2,traded,0.7129715073581985,False,False,False,-1.4405630396725162,0.4405630396725161,stop,46139.0,2022-11-28 16:00:00+00:00,16079.856045173769,stop,125.44464782906107,16221.396645,5.0,True,,,,-2.2097862756384834,1.274409558817902,stop,-3.3009032747601266,2.472583982334368,stop
BTC,baseline,BASExQ0,BASE,Q0,142,11692,46671,2022-12-20 20:00:00+00:00,16900.93,16671.54316683311,16800.083200002893,P2,target_below_entry,1.2015212822210988,False,False,False,,,,,,,,,,,,,,,,,,,,
BTC,baseline,BASExQ0,BASE,Q0,143,11755,46923,2022-12-31 08:00:00+00:00,16564.81,16479.02069273021,16602.61063793699,P2,traded,0.8252255731739163,False,False,False,-0.17796198115575576,0.6185837688817147,target,46928.0,2022-12-31 13:00:00+00:00,16602.61063793699,target,94.07171226978971,16573.092405,6.0,,0.44093342262180096,True,True,-1.1674042833236904,1.5692321763738153,target,-2.4630210260384557,2.8046861214470793,target
BTC,baseline,BASExQ0,BASE,Q0,144,11994,47879,2023-02-09 04:00:00+00:00,22519.56,22285.75731646677,23006.15615429352,P2,traded,0.842698099468449,False,False,False,-1.3066196958178091,0.30661969581780907,stop,47894.0,2023-02-09 19:00:00+00:00,22263.471559150305,stop,245.0624635332315,22530.81978,16.0,False,,,,-1.8586454975890783,0.9045920690780792,stop,-2.688822457836473,1.8150616556494217,stop
BTC,baseline,BASExQ0,BASE,Q0,145,12094,48279,2023-02-25 20:00:00+00:00,22983.78,22737.456028751883,23550.464319227507,P2,traded,0.7052175047547565,False,False,False,-1.2969827795294717,0.29698277952947183,stop,48279.0,2023-02-25 20:00:00+00:00,22714.71857272313,stop,257.8158612481129,22995.271889999996,1.0,False,,,,-1.8328402098021122,0.8774142323015974,stop,-2.6421846562208757,1.7649614156453544,stop
BTC,baseline,BASExQ0,BASE,Q0,146,12140,48463,2023-03-05 12:00:00+00:00,22390.12,22190.336157866084,22597.50728187499,P2,traded,0.7909484688971353,False,False,False,-0.4094530925337118,0.35854807493383345,time24,48487.0,2023-03-06 12:00:00+00:00,22368.760025000003,time24,210.97890213391292,22401.315059999997,25.0,,,,,-1.0455517026862764,0.9973478306538818,time24,-1.981187708485516,1.9376086597025874,time24
BTC,baseline,BASExQ0,BASE,Q0,147,12186,48647,2023-03-13 04:00:00+00:00,22232.76,21624.35689784088,20847.592995347193,P2,target_below_entry,1.2869005791910924,False,False,False,,,,,,,,,,,,,,,,,,,,
BTC,baseline,BASExQ0,BASE,Q0,148,12451,49706,2023-04-26 08:00:00+00:00,28376.19,28111.481924497173,27768.80672212922,P2,target_below_entry,0.6981873788629603,False,False,False,,,,,,,,,,,,,,,,,,,,
BTC,baseline,BASExQ0,BASE,Q0,149,12489,49858,2023-05-02 16:00:00+00:00,28540.69,27689.343534907814,28582.167302595066,P2,traded,1.929121960547391,False,False,False,-0.05863566848037551,0.10735531940483896,target,49858.0,2023-05-02 16:00:00+00:00,28582.167302595066,target,865.6168100921823,28554.960344999996,1.0,,0.3439312799080586,False,False,-0.24580042351785059,0.29371689430664005,target,-0.551310568951699,0.5976975897962269,target
BTC,baseline,BASExQ0,BASE,Q0,150,12536,50046,2023-05-10 12:00:00+00:00,27677.08,27304.202480919103,27943.63191052089,P2,traded,1.0921531783969003,False,False,False,0.47618524147477853,0.23866587418890636,target,50046.0,2023-05-10 12:00:00+00:00,27943.63191052089,target,386.71605908089623,27690.91854,1.0,,1.0027721382989898,False,False,0.04925644586360031,0.6400138967086703,target,-0.6121212981570926,1.2553556700197246,target
BTC,baseline,BASExQ0,BASE,Q0,151,12583,50234,2023-05-18 08:00:00+00:00,27391.61,26994.537031239724,27128.121831127286,P2,target_below_entry,1.258527721794172,False,False,False,,,,,,,,,,,,,,,,,,,,
BTC,baseline,BASExQ0,BASE,Q0,152,12626,50406,2023-05-25 12:00:00+00:00,26296.61,25991.108151292,26649.317605494016,P2,traded,1.11284326848133,False,False,False,0.2692754899778964,0.2763185897466847,time24,50430.0,2023-05-26 12:00:00+00:00,26450.058355,time24,318.6501537080003,26309.758305,25.0,,,,,-0.2551110646771904,0.7781925634946677,time24,-1.0615923335288417,1.5447973307529796,time24
BTC,baseline,BASExQ0,BASE,Q0,153,12699,50698,2023-06-06 16:00:00+00:00,26066.12,25196.112447305477,26427.32727078458,P2,traded,2.808150853722988,False,False,False,0.31863833169349703,0.0965388350631317,target,50699.0,2023-06-06 17:00:00+00:00,26427.32727078458,target,883.04061269452,26079.153059999997,2.0,,1.0921838875252976,True,True,0.14455393280925488,0.2644955102083071,target,-0.14263650683548568,0.5399575889420819,target
BTC,baseline,BASExQ0,BASE,Q0,154,12729,50818,2023-06-11 16:00:00+00:00,25751.36,25522.88244613295,26050.99310250973,P2,traded,0.762621110855498,False,False,False,0.9486679714359895,0.36276546015651445,target,50819.0,2023-06-11 17:00:00+00:00,26050.99310250973,target,241.3532338670484,25764.235679999998,2.0,,0.6458869226344994,True,True,0.2864409998387362,0.9550302566631903,target,-0.6919625156572652,1.813744429520058,target
BTC,baseline,BASExQ0,BASE,Q0,155,12758,50934,2023-06-16 12:00:00+00:00,25474.51,25313.476740750953,25563.29947184833,P2,traded,0.5420051369558901,False,False,False,0.044270213039347646,0.5071032874560766,target,50934.0,2023-06-16 12:00:00+00:00,25563.29947184833,target,173.77051424904494,25487.247255,1.0,,7.346991713001085,True,True,-0.7962229956121015,1.307181211003474,target,-1.9507442017861367,2.3963737585742213,target
BTC,baseline,BASExQ0,BASE,Q0,156,12946,51686,2023-07-17 20:00:00+00:00,29884.4,29518.405483714934,30314.702519895407,P2,traded,1.2997470567107898,False,False,False,-1.259688286422071,0.25968828642207115,stop,51706.0,2023-07-18 16:00:00+00:00,29488.88707823122,stop,380.9367162850649,29899.3422,21.0,False,,,,-1.7322711529952437,0.7714960409128895,stop,-2.4581608728552813,1.5672755172176593,stop
BTC,baseline,BASExQ0,BASE,Q0,157,12995,51882,2023-07-26 00:00:00+00:00,29228.91,29075.175874210017,29439.815000235307,P2,traded,0.7067967521842021,False,False,False,0.7612821137371478,0.6105993676941517,target,51900.0,2023-07-26 18:00:00+00:00,29439.815000235307,target,168.3485807899815,29243.524455,19.0,,1.4861129128068173,False,False,-0.2980689248534878,1.5508564401721674,target,-1.7100452655553544,2.777499859659348,target
BTC,baseline,BASExQ0,BASE,Q0,158,13039,52058,2023-08-02 08:00:00+00:00,29577.25,29437.93218523339,29296.36871214075,P2,target_below_entry,0.5525510814339465,False,False,False,,,,,,,,,,,,,,,,,,,,
BTC,baseline,BASExQ0,BASE,Q0,159,13075,52202,2023-08-08 08:00:00+00:00,29187.62,29092.46061189802,29120.048388858195,P2,target_below_entry,0.5325128135928976,False,False,False,,,,,,,,,,,,,,,,,,,,
BTC,baseline,BASExQ0,BASE,Q0,160,13135,52442,2023-08-18 08:00:00+00:00,26430.0,25946.041904589572,28241.626395899322,P2,traded,1.1432003828258246,False,False,False,-1.1731589322341518,0.1731589322341516,stop,52449.0,2023-08-18 15:00:00+00:00,25920.095862684982,stop,497.1730954104278,26443.215,8.0,False,,,,-1.494539929448302,0.5211202092783898,stop,-2.008289732890657,1.0840054808446002,stop
BTC,baseline,BASExQ0,BASE,Q0,161,13142,52470,2023-08-19 12:00:00+00:00,25900.07,25695.431068675472,27127.273478378564,P2,traded,0.5426104127735202,False,False,False,0.9445767857996585,0.4071699136654612,time24,52494.0,2023-08-20 12:00:00+00:00,26163.601655,time24,217.58896632452524,25913.020034999998,25.0,,,,,0.14642198747561133,1.1248740928018752,time24,-1.024077762867566,2.160145341825465,time24
BTC,baseline,BASExQ0,BASE,Q0,162,13158,52534,2023-08-22 04:00:00+00:00,26056.0,25900.24068479631,26296.127119902758,P2,traded,0.6215489484139668,False,False,False,-1.5337079518291619,0.5337079518291619,stop,52546.0,2023-08-22 16:00:00+00:00,25874.340444111513,stop,168.7873152036882,26069.028,13.0,False,,,,-2.445975888979203,1.5231617840464746,stop,-3.690327289832709,2.8909192370552423,stop
BTC,baseline,BASExQ0,BASE,Q0,163,13174,52598,2023-08-24 20:00:00+00:00,26039.44,25716.586260546934,26221.552556756284,P2,traded,1.0950598656913468,False,False,False,0.3050761277609226,0.2589952596877572,target,52615.0,2023-08-25 13:00:00+00:00,26221.552556756284,target,335.87345945306515,26052.45972,18.0,,0.27539372534626017,False,False,-0.15022924076304606,0.6924350972568464,target,-0.8475162075498153,1.3507106419883204,target
BTC,baseline,BASExQ0,BASE,Q0,164,13227,52810,2023-09-02 16:00:00+00:00,25894.77,25637.982491651856,26194.77893584324,P2,traded,0.8695375914873719,False,False,False,-0.40539056073890395,0.3225594287386541,time24,52834.0,2023-09-03 16:00:00+00:00,25860.563250000003,time24,269.7348933481444,25907.717385,25.0,,,,,-0.9808924250875649,0.9020372212391424,time24,-1.8405791733497632,1.7686310482559973,time24
BTC,baseline,BASExQ0,BASE,Q0,165,13247,52890,2023-09-06 00:00:00+00:00,25792.11,25571.511585129952,25870.43538837322,P2,traded,1.0658121256715387,False,False,False,-0.019649661810729413,0.37470837072918767,target,52893.0,2023-09-06 03:00:00+00:00,25870.43538837322,target,233.49446987004558,25805.006054999998,4.0,,0.7262039727157354,False,False,-0.6492981215928856,0.9847467016676545,target,-1.5619527450621196,1.8640331242798662,target
BTC,baseline,BASExQ0,BASE,Q0,166,13288,53054,2023-09-12 20:00:00+00:00,26066.34,25714.264075822146,25785.14389519547,P2,target_below_entry,1.046811135784837,False,False,False,,,,,,,,,,,,,,,,,,,,
BTC,baseline,BASExQ0,BASE,Q0,167,13364,53358,2023-09-25 12:00:00+00:00,26075.4,25927.548049595298,26470.436859039266,P2,traded,0.7995286155957412,False,False,False,0.7755139359754473,0.5665042075585324,time24,53382.0,2023-09-26 12:00:00+00:00,26260.683090000002,time24,160.88965040470066,26088.4377,25.0,,,,,-0.2959849635959243,1.5292526069831405,time24,-1.7666647411750172,2.827932606856314,time24
BTC,baseline,BASExQ0,BASE,Q0,168,13459,53738,2023-10-11 08:00:00+00:00,27021.95,26846.115928935746,27513.94018504522,P2,traded,0.740203941351542,False,False,False,-1.4901718134865976,0.4901718134865975,stop,53745.0,2023-10-11 15:00:00+00:00,26819.26981300681,stop,189.34504606425253,27035.460974999998,8.0,False,,,,-2.336374996326545,1.4077313654570718,stop,-3.5117493796433226,2.6990835190328872,stop
BTC,baseline,BASExQ0,BASE,Q0,169,13469,53778,2023-10-13 00:00:00+00:00,26759.63,26590.261396024103,27064.05646052963,P2,traded,0.7289147837025158,False,False,False,1.2889553144327128,0.5084643571195908,target,53798.0,2023-10-13 20:00:00+00:00,27064.05646052963,target,182.74841897589795,26773.009815,21.0,,0.36084328302214075,True,True,0.35530248379861007,1.3105201932762598,target,-0.949566798174954,2.402620568747039,target
BTC,baseline,BASExQ0,BASE,Q0,170,13828,55214,2023-12-11 20:00:00+00:00,40779.99,39865.39832894562,42950.987624814625,P2,traded,1.2823715440678871,False,False,False,0.24812300306472862,0.1433085082098977,time24,55238.0,2023-12-12 20:00:00+00:00,41117.421005000004,time24,934.9816660543729,40800.379994999996,25.0,,,,,-0.02889228225617524,0.4117874907908642,time24,-0.4810262597302157,0.8479191354429398,time24
BTC,baseline,BASExQ1,BASE,Q1,1,815,3261,2017-12-31 08:00:00+00:00,12797.44,11974.540207623464,12891.896893221212,P1,traded,0.849296273215749,False,False,False,0.0648365143439533,0.0499488995014187,target,3261.0,2017-12-31 08:00:00+00:00,12891.896893221212,target,829.2985123765357,12803.83872,1.0,,1.3966178517065906,False,False,-0.023952673323134877,0.13785242330643657,target,-0.17317818785962316,0.2853469887600883,target
BTC,baseline,BASExQ1,BASE,Q1,2,901,3604,2018-01-14 16:00:00+00:00,12869.82,12217.726716799509,13031.55214911726,P1,traded,0.9276569719077558,False,False,False,0.18446740179301765,0.06355255682927484,target,3604.0,2018-01-14 16:00:00+00:00,13031.55214911726,target,658.5281932004909,12876.25491,1.0,,1.8502440191072917,False,False,0.07058839689619162,0.1750079963747352,target,-0.1198847784184786,0.3607734107012862,target
BTC,baseline,BASExQ1,BASE,Q1,3,920,3680,2018-01-17 20:00:00+00:00,10366.0,8608.753580697285,10809.139101733484,P1,traded,1.623303074692882,False,False,False,0.23289783076246473,0.019280291136525646,target,3680.0,2018-01-17 20:00:00+00:00,10809.139101733484,target,1762.4294193027145,10371.182999999999,1.0,,0.60693545315972,False,False,0.19802140447943856,0.0534151051929928,target,0.13839734770697784,0.11156894671620039,target
BTC,baseline,BASExQ1,BASE,Q1,4,953,3812,2018-01-23 08:00:00+00:00,10250.85,9734.336630196985,11200.520754201067,P1,traded,0.6904089139695995,False,False,False,1.7721681848108506,0.0664497672534814,target,3820.0,2018-01-23 16:00:00+00:00,11200.520754201067,target,521.6387948030151,10255.975425,9.0,,0.34188263521749684,False,False,1.6379687510992673,0.1825836381448793,target,1.4094661591458122,0.37599961083129535,target
BTC,baseline,BASExQ1,BASE,Q1,5,1021,4084,2018-02-03 16:00:00+00:00,9173.01,8706.914525959894,10510.058680615355,P1,traded,0.8892050880484536,False,False,False,-1.0613777237387938,0.06137772373879386,stop,4103.0,2018-02-04 11:00:00+00:00,8698.207611433934,stop,470.68197904010594,9177.596505,20.0,False,,,,-1.178008284884522,0.18775266687542144,stop,-1.3746585781987957,0.4033328971373652,stop
BTC,baseline,BASExQ1,BASE,Q1,6,1207,4781,2018-03-07 20:00:00+00:00,9837.84,9219.468643301328,9880.036412601377,P1,traded,1.8204381097701985,False,False,False,0.017219119588690192,0.051018860945617237,target,4782.0,2018-03-07 21:00:00+00:00,9880.036412601377,target,623.2902766986717,9842.75892,2.0,,0.413938091197522,False,False,-0.07309314696332678,0.1407926028651184,target,-0.22469542724589167,0.29134293742345657,target
BTC,baseline,BASExQ1,BASE,Q1,7,1276,5057,2018-03-19 08:00:00+00:00,8292.92,7964.5415732015,8742.608285784543,P1,traded,0.9329015968263744,False,False,False,0.1995110843265053,0.08126253682424268,time24,5081.0,2018-03-20 08:00:00+00:00,8380.927440000001,time24,332.5248867985001,8297.06646,25.0,,,,,0.04154096781445351,0.235731512112353,time24,-0.2237178137381729,0.4942435848711104,time24
BTC,baseline,BASExQ1,BASE,Q1,8,1320,5233,2018-03-26 16:00:00+00:00,8057.16,7878.360084385819,8702.42379850596,P1,traded,0.7348953540636001,False,False,False,-1.1425997995996549,0.14259979959965474,stop,5234.0,2018-03-26 17:00:00+00:00,7870.481724301433,stop,182.8284956141797,8061.188579999999,2.0,False,,,,-1.4090794222815433,0.4311141712218871,stop,-1.841243037021422,0.9045570663606833,stop
BTC,baseline,BASExQ1,BASE,Q1,9,1391,5517,2018-04-07 12:00:00+00:00,6862.04,6730.768653363049,8144.595301823964,P1,traded,0.7274154245149741,False,False,False,1.6425575079711012,0.17017623854947111,time24,5541.0,2018-04-08 12:00:00+00:00,7096.450000000001,time24,134.7023666369505,6865.47102,25.0,,,,,1.2794052251545678,0.48715616453021243,time24,0.6848223221294945,0.9961086806066752,time24
BTC,baseline,BASExQ1,BASE,Q1,10,1593,6325,2018-05-11 04:00:00+00:00,8916.23,8770.012452701441,9058.774196410819,P1,traded,0.914001943032413,False,False,False,-1.1935334605670913,0.1935334605670912,stop,6328.0,2018-05-11 07:00:00+00:00,8761.24244024874,stop,150.67566229855765,8920.688114999999,4.0,False,,,,-1.5510785187074065,0.5806660110203048,stop,-2.117227654419303,1.2010310657791983,stop
BTC,baseline,BASExQ1,BASE,Q1,11,1642,6521,2018-05-19 08:00:00+00:00,8155.85,8009.039752585443,8478.679243412302,P1,traded,0.8467518076889545,False,False,False,0.5511181502986664,0.17893987962447336,time24,6545.0,2018-05-20 08:00:00+00:00,8258.898485000002,time24,150.88817241455672,8159.927925,25.0,,,,,0.1988988838405883,0.5114284949385072,time24,-0.3687614566558598,1.042662923512811,time24
BTC,baseline,BASExQ1,BASE,Q1,12,1686,6697,2018-05-26 16:00:00+00:00,7540.18,7378.72652574068,8227.594272892055,P1,traded,0.9670944913455152,False,False,False,-1.14784600053168,0.14784600053168004,stop,6703.0,2018-05-26 22:00:00+00:00,7371.347799214939,stop,165.22356425932048,7543.95009,7.0,False,,,,-1.4238074512818366,0.4466255645267656,stop,-1.8702385649303603,0.9357052521018533,stop
BTC,baseline,BASExQ1,BASE,Q1,13,1786,7097,2018-06-12 08:00:00+00:00,6825.73,6729.142263680185,7797.398469392569,P1,traded,0.6591423535879929,False,False,False,-1.224539847896189,0.22453984789618905,stop,7101.0,2018-06-12 12:00:00+00:00,6722.413121416505,stop,100.00060131981354,6829.142864999999,5.0,False,,,,-1.6364529469486186,0.6705813917275114,stop,-2.279401497895829,1.3752448622939624,stop
BTC,baseline,BASExQ1,BASE,Q1,14,1814,7209,2018-06-17 00:00:00+00:00,6482.5,6390.183471568749,7602.415139526189,P1,traded,0.627520971966029,False,False,False,-0.6404324014851662,0.22403892728053018,time24,7233.0,2018-06-18 00:00:00+00:00,6440.8379700000005,time24,95.55777843125088,6485.74125,25.0,,,,,-1.0380621478696828,0.635792435962815,time24,-1.6561964988155273,1.279482513015319,time24
BTC,baseline,BASExQ1,BASE,Q1,15,1823,7245,2018-06-18 12:00:00+00:00,6419.63,6326.153350845016,7571.064000910967,P1,traded,0.79423935344895,False,False,False,3.053669751541139,0.2250100339511202,time24,7269.0,2018-06-19 12:00:00+00:00,6722.746945,time24,96.6864641549837,6422.839814999999,25.0,,,,,2.5308161566004244,0.639017415022663,time24,1.6847886734113193,1.2876835408819616,time24
BTC,baseline,BASExQ1,BASE,Q1,18,1967,7815,2018-07-13 00:00:00+00:00,6251.4,6020.002911444071,6195.271888025996,P1,target_below_entry,2.3141056333418035,False,False,False,,,,,,,,,,,,,,,,,,,,
BTC,baseline,BASExQ1,BASE,Q1,19,2099,8343,2018-08-04 00:00:00+00:00,7412.27,7291.25009473302,7513.109658929859,P1,traded,0.9065174308707752,False,False,False,-1.1943947328307127,0.19439473283071274,stop,8355.0,2018-08-04 12:00:00+00:00,7283.958844638287,stop,124.72604026697991,7415.976135,13.0,False,,,,-1.553460823910156,0.5831750278732285,stop,-2.121790696656875,1.2059328729684675,stop
BTC,baseline,BASExQ1,BASE,Q1,20,2121,8431,2018-08-07 16:00:00+00:00,7118.59,6984.97476287398,7289.0493992108895,P1,traded,1.0505129249007255,False,False,False,-1.168885705747132,0.16888570574713205,stop,8435.0,2018-08-07 20:00:00+00:00,6977.989788111106,stop,137.1745321260205,7122.149295,5.0,False,,,,-1.4826373954832852,0.5085845953376293,stop,-1.9851973303848907,1.0591986746116402,stop
BTC,baseline,BASExQ1,BASE,Q1,21,2166,8611,2018-08-15 04:00:00+00:00,6289.98,6088.9361794410015,6704.611639545849,P1,traded,1.208576323702659,False,False,False,-0.1969060868915526,0.09996204779694998,time24,8635.0,2018-08-16 04:00:00+00:00,6267.354755,time24,204.18881055899783,6293.124989999999,25.0,,,,,-0.3845668610049052,0.28911598910529945,time24,-0.6953242083552188,0.6027258047429715,time24
BTC,baseline,BASExQ1,BASE,Q1,22,2304,9163,2018-09-07 04:00:00+00:00,6494.0,6395.90576036462,6509.0074064903465,P1,traded,0.7098583047808078,False,False,False,-0.05910036493057288,0.21209004654826588,target,9164.0,2018-09-07 05:00:00+00:00,6509.0074064903465,target,101.34123963537968,6497.246999999999,2.0,,0.26635349643216705,False,False,-0.42298537269863073,0.5710732246367198,target,-0.9889460084297089,1.128115787632598,target
BTC,baseline,BASExQ1,BASE,Q1,23,2375,9447,2018-09-19 00:00:00+00:00,6336.39,6237.757599248278,6396.804896765338,P1,traded,1.1674573295612378,False,False,False,-1.2039759349408914,0.2039759349408914,stop,9465.0,2018-09-19 18:00:00+00:00,6231.519841649029,stop,101.80059575172163,6339.558195,19.0,True,,,,-1.5799208238147877,0.6110424000354818,stop,-2.1723255142998084,1.2602194474802897,stop
BTC,baseline,BASExQ1,BASE,Q1,24,2416,9611,2018-09-25 20:00:00+00:00,6362.91,6278.780007449274,6453.667232227138,P1,traded,0.9097102736168616,False,False,False,0.8350257325081479,0.24374807306917526,target,9620.0,2018-09-26 05:00:00+00:00,6453.667232227138,target,87.31144755072546,6366.091455,10.0,,1.1948349351584548,True,True,0.38635014865818557,0.6531152911332082,target,-0.31056288262518716,1.27942175286608,target
BTC,baseline,BASExQ1,BASE,Q1,25,2517,10015,2018-10-12 16:00:00+00:00,6341.68,6269.0417761600165,6323.508303200963,P1,target_below_entry,0.9931877489844371,False,False,False,,,,,,,,,,,,,,,,,,,,
BTC,baseline,BASExQ1,BASE,Q1,26,2612,10392,2018-10-28 12:00:00+00:00,6493.22,6465.191865182575,6622.929800068617,P1,traded,0.8177125199449281,False,False,False,-1.7397373788641224,0.7397373788641224,stop,10399.0,2018-10-28 19:00:00+00:00,6458.726673317393,stop,31.274744817424107,6496.4666099999995,8.0,False,,,,-2.9465227937271337,2.0503321139614736,stop,-4.462057827475751,3.7199438440266532,stop
BTC,baseline,BASExQ1,BASE,Q1,27,2630,10464,2018-10-31 12:00:00+00:00,6331.88,6301.834380247777,6589.718513583474,P1,traded,0.8269913210240449,False,False,False,-1.672775039260108,0.6727750392601081,stop,10466.0,2018-10-31 14:00:00+00:00,6295.532545867529,stop,33.211559752223366,6335.04594,3.0,False,,,,-2.78703633504952,1.8823627823353308,stop,-4.223658375058139,3.4638453709166948,stop
BTC,baseline,BASExQ1,BASE,Q1,28,2697,10732,2018-11-11 16:00:00+00:00,6380.01,6334.389160048023,6399.086589955803,P1,traded,1.1067195722802212,False,False,False,-0.030029359160607293,0.4481845263141207,target,10733.0,2018-11-11 17:00:00+00:00,6399.086589955803,target,48.81084495197683,6383.200005,2.0,,2.005976543543353,False,False,-0.7743979597198145,1.1652248338411604,target,-1.8205182350272167,2.1661658966262554,target
BTC,baseline,BASExQ1,BASE,Q1,31,2834,11277,2018-12-04 16:00:00+00:00,4024.52,3901.1149779032726,4474.829627165326,P1,traded,0.9641767285446251,False,False,False,-1.102759318455497,0.10275931845549685,stop,11282.0,2018-12-04 21:00:00+00:00,3897.213862925369,stop,125.41728209672738,4026.53226,6.0,False,,,,-1.2964571394994393,0.31250165877428715,stop,-1.6166097195217122,0.6632467401921232,stop
BTC,baseline,BASExQ1,BASE,Q1,32,2880,11461,2018-12-12 08:00:00+00:00,3405.4,3314.1069945705494,4242.337355034653,P1,traded,0.9946287519760639,False,False,False,-0.14976866996197516,0.11931726805092156,time24,11485.0,2018-12-13 08:00:00+00:00,3400.91869,time24,92.99570542945048,3407.1027,25.0,,,,,-0.37397103099974244,0.3440771774377712,time24,-0.7421184388218041,0.7132805952346817,time24
BTC,baseline,BASExQ1,BASE,Q1,33,2911,11585,2018-12-17 12:00:00+00:00,3271.86,3225.3870270659604,4151.878614537012,P1,traded,0.779147220446894,False,False,False,4.479370499827079,0.23283072540587368,time24,11609.0,2018-12-18 12:00:00+00:00,3489.1045750000003,time24,48.108902934039634,3273.49593,25.0,,,,,3.891290623186133,0.660673496641106,time24,2.9327990743237398,1.3293019046190657,time24
BTC,baseline,BASExQ1,BASE,Q1,34,3054,12157,2019-01-10 08:00:00+00:00,3777.54,3696.667847559388,3841.457563107478,P1,traded,1.1774473452190246,False,False,False,-1.1478720696209594,0.1478720696209596,stop,12165.0,2019-01-10 16:00:00+00:00,3692.971179711829,stop,82.76092244061147,3779.4287699999995,9.0,False,,,,-1.4238805779566135,0.44670258071226115,stop,-1.8703823149031797,0.9358596742205889,stop
BTC,baseline,BASExQ1,BASE,Q1,35,3122,12429,2019-01-21 16:00:00+00:00,3528.16,3495.841948890633,3603.904961601536,P1,traded,0.7188801856558394,False,False,False,-1.3477438376526276,0.3477438376526275,stop,12435.0,2019-01-21 22:00:00+00:00,3492.346106941742,stop,34.082131109366856,3529.92408,7.0,False,,,,-1.9679376159954836,1.0196972901290975,stop,-2.883773325306814,2.024485876151233,stop
BTC,baseline,BASExQ1,BASE,Q1,36,3175,12641,2019-01-30 12:00:00+00:00,3429.62,3401.994646882229,3567.4399575852462,P1,traded,0.6736132013700621,False,False,False,-0.46340967825547014,0.3971661811244696,time24,12665.0,2019-01-31 12:00:00+00:00,3426.076105,time24,29.34016311777077,3431.33481,25.0,,,,,-1.1608603096814536,1.0984884683029872,time24,-2.169372447523086,2.1135283183928104,time24
BTC,baseline,BASExQ1,BASE,Q1,37,3222,12829,2019-02-07 08:00:00+00:00,3412.17,3391.0930913350094,3537.0307417062177,P1,traded,0.7069510231350105,False,False,False,-1.516452441824007,0.516452441824007,stop,12840.0,2019-02-07 19:00:00+00:00,3387.7019982436746,stop,22.7829936649905,3413.876085,12.0,False,,,,-2.4027006946881655,1.4775848396379778,stop,-3.6202496586215966,2.815638970383779,stop
BTC,baseline,BASExQ1,BASE,Q1,38,3925,15637,2019-06-05 00:00:00+00:00,7687.04,7370.880988631946,7680.038816681706,P1,target_below_entry,1.4352726043251707,False,False,False,,,,,,,,,,,,,,,,,,,,
BTC,baseline,BASExQ1,BASE,Q1,39,3960,15777,2019-06-10 20:00:00+00:00,7947.67,7792.283191645276,7779.71281398388,P1,target_below_entry,0.9126784579261195,False,False,False,,,,,,,,,,,,,,,,,,,,
BTC,baseline,BASExQ1,BASE,Q1,40,4162,16585,2019-07-14 12:00:00+00:00,10680.0,10305.829478111029,11173.08736283497,P1,traded,0.9393220400796954,False,False,False,-1.0897380344006393,0.08973803440063932,stop,16588.0,2019-07-14 15:00:00+00:00,10295.523648632918,stop,379.5105218889712,10685.34,4.0,False,,,,-1.2593484267905612,0.2734191829145835,stop,-1.5414470411089827,0.5825039071816008,stop
BTC,baseline,BASExQ1,BASE,Q1,41,4227,16845,2019-07-25 08:00:00+00:00,10045.64,9865.600335837375,10277.80808781833,P1,traded,0.6453050093107695,False,False,False,-1.1769498109514545,0.17694981095145437,stop,16856.0,2019-07-25 19:00:00+00:00,9855.734735501537,stop,185.06248416262497,10050.66282,12.0,False,,,,-1.505086001043865,0.5322272124175665,stop,-2.028704084078814,1.1059354144740603,stop
BTC,baseline,BASExQ1,BASE,Q1,42,4247,16925,2019-07-28 16:00:00+00:00,9522.91,9374.189015225944,10213.151148283107,P1,traded,0.7321757715569526,False,False,False,-1.2033025700461608,0.20330257004616067,stop,16931.0,2019-07-28 22:00:00+00:00,9364.814826210719,stop,153.48243977405582,9527.671455,7.0,False,,,,-1.5780637285080965,0.6090865282955461,stop,-2.168787468037744,1.256418733022611,stop
BTC,baseline,BASExQ1,BASE,Q1,45,4398,17525,2019-08-23 00:00:00+00:00,10099.9,9975.738680968476,10363.715435336111,P1,traded,0.5467671156658374,False,False,False,1.8610759972750086,0.2637035829832384,target,17538.0,2019-08-23 13:00:00+00:00,10363.715435336111,target,129.21126903152253,10104.949949999998,14.0,,0.6290826278012842,False,False,1.337322139259737,0.7044149113356779,target,0.520763729043181,1.3729497267416513,target
BTC,baseline,BASExQ1,BASE,Q1,46,4447,17721,2019-08-31 04:00:00+00:00,9611.02,9483.581176220765,10217.209664570097,P1,traded,0.769197448522809,False,False,False,-1.2397335519580586,0.23973355195805865,stop,17737.0,2019-08-31 20:00:00+00:00,9474.097595044545,stop,132.2443337792356,9615.82551,17.0,False,,,,-1.6779969746536372,0.7143350910981747,stop,-2.357323599555246,1.4589519809728153,stop
BTC,baseline,BASExQ1,BASE,Q1,47,4565,18193,2019-09-19 20:00:00+00:00,10086.41,9813.753707909751,10108.175776115626,P1,traded,2.2259003997211555,False,False,False,-0.03867712366112707,0.1185057458020811,target,18193.0,2019-09-19 20:00:00+00:00,10108.175776115626,target,277.69949709024877,10091.453205,1.0,,0.6477297430103611,False,False,-0.24528625841523474,0.3236651404214649,target,-0.5808741398707375,0.6565059744372592,target
BTC,baseline,BASExQ1,BASE,Q1,48,4579,18249,2019-09-22 04:00:00+00:00,9872.77,9801.522587459478,10110.198832734182,P1,traded,0.5934573016322009,False,False,False,1.0709753698999411,0.44585164383244114,time24,18273.0,2019-09-23 04:00:00+00:00,9975.84958,time24,76.18379754052148,9877.706385,25.0,,,,,0.19371914269764226,1.2248239529326095,time24,-1.0742941478983288,2.330096035989096,time24
BTC,baseline,BASExQ1,BASE,Q1,49,4616,18397,2019-09-28 08:00:00+00:00,8215.44,8029.036859073626,9153.846691361125,P1,traded,0.8395543958620195,False,False,False,-1.1394352200577125,0.1394352200577125,stop,18404.0,2019-09-28 15:00:00+00:00,8021.007822214552,stop,190.51086092637433,8219.54772,8.0,False,,,,-1.4001838518059029,0.4217454571654391,stop,-1.8236878602743927,0.8856985752253317,stop
BTC,baseline,BASExQ1,BASE,Q1,50,4653,18545,2019-10-04 12:00:00+00:00,8150.59,8008.659307824204,8835.420199220882,P1,traded,0.9396808218164298,False,False,False,-0.6718833152866319,0.18298271925449605,time24,18569.0,2019-10-05 12:00:00+00:00,8077.1594000000005,time24,146.00598717579578,8154.665295,25.0,,,,,-0.9977642803345904,0.5225097969930779,time24,-1.5136037553877066,1.063476999389035,time24
BTC,baseline,BASExQ1,BASE,Q1,51,4661,18577,2019-10-05 20:00:00+00:00,8066.07,7974.4512636982645,8807.728519092101,P1,traded,0.8100865049651255,False,False,False,-1.280126479123148,0.2801264791231479,stop,18587.0,2019-10-06 06:00:00+00:00,7966.476812434566,stop,95.6517713017347,8070.103034999999,11.0,False,,,,-1.787524220385839,0.8296879455852106,stop,-2.5597137974427726,1.6763678354380447,stop
BTC,baseline,BASExQ1,BASE,Q1,52,4725,18833,2019-10-16 12:00:00+00:00,8055.66,7958.475601672161,8124.626005809645,P1,traded,0.9430910547414388,False,False,False,-1.263649489049065,0.26364948904906504,stop,18833.0,2019-10-16 12:00:00+00:00,7950.517126070489,stop,101.2122283278386,8059.68783,1.0,False,,,,-1.743006429752558,0.7828023127851237,stop,-2.4779784325870184,1.588564352978803,stop
BTC,baseline,BASExQ1,BASE,Q1,53,4743,18905,2019-10-19 12:00:00+00:00,7943.34,7874.982665495496,7995.643039435517,P1,traded,0.759233473692951,False,False,False,-1.3702501925835786,0.3702501925835785,stop_ambiguous,18905.0,2019-10-19 12:00:00+00:00,7867.10768283,stop_ambiguous,72.32900450450416,7947.31167,1.0,True,,,,-2.0271888083673972,1.0820999747412214,stop_ambiguous,-2.9877557885957,2.136188104526524,stop_ambiguous
BTC,baseline,BASExQ1,BASE,Q1,54,4779,19049,2019-10-25 12:00:00+00:00,7578.0,7380.65874066317,7683.037050318412,P1,traded,1.6912667088439985,False,False,False,0.4085278025934667,0.12373316843403936,target,19050.0,2019-10-25 13:00:00+00:00,7683.037050318412,target,201.13025933683002,7581.789,2.0,,13.359317282944327,True,True,0.18463547468948632,0.3375984778979665,target,-0.18050375502163132,0.6837758854690172,target
BTC,baseline,BASExQ1,BASE,Q1,56,4950,19731,2019-11-23 00:00:00+00:00,7268.23,7055.4809226419475,8550.42726360102,P1,traded,1.054475729406892,False,False,False,0.09185972622156302,0.10964526046212313,time24,19755.0,2019-11-24 00:00:00+00:00,7307.444450000001,time24,216.38319235805193,7271.864114999999,25.0,,,,,-0.11855246562103855,0.3166732139694744,time24,-0.4667114515815233,0.6583936664675457,time24
BTC,baseline,BASExQ1,BASE,Q1,58,5019,20005,2019-12-04 12:00:00+00:00,7200.62,7003.031464862809,7980.229569291884,P1,traded,1.5444197269284758,False,False,False,0.736014525837875,0.11798239196324779,time24,20029.0,2019-12-05 12:00:00+00:00,7365.67532,time24,201.18884513719058,7204.22031,25.0,,,,,0.49834496681777934,0.34036952495703077,time24,0.10358190963151111,0.7061519216296397,time24
BTC,baseline,BASExQ1,BASE,Q1,59,5068,20201,2019-12-12 16:00:00+00:00,7190.98,7092.079227411085,7864.905936118954,P1,traded,1.0319196378293816,False,False,False,0.39372375948825444,0.23367275497492382,time24,20225.0,2019-12-13 16:00:00+00:00,7249.403485,time24,102.49626258891385,7194.575489999999,25.0,,,,,-0.05694565389578156,0.6623335815401951,time24,-0.7642976391447048,1.3299969724076546,time24
BTC,baseline,BASExQ1,BASE,Q1,60,5088,20281,2019-12-16 00:00:00+00:00,7119.6,7057.961516226678,7833.979921713985,P1,traded,0.78125288829234,False,False,False,-1.3680184364914671,0.3680184364914672,stop,20285.0,2019-12-16 04:00:00+00:00,7050.903554710451,stop,65.19828377332215,7123.1598,5.0,False,,,,-2.0213309883665636,1.0759305850733805,stop,-2.9775282898124127,2.1252013057080963,stop
BTC,baseline,BASExQ1,BASE,Q1,61,5198,20721,2020-01-03 08:00:00+00:00,7202.28,6900.59569039899,7130.913398374108,P1,target_below_entry,3.1396466314781493,False,False,False,,,,,,,,,,,,,,,,,,,,
BTC,baseline,BASExQ1,BASE,Q1,62,5325,21229,2020-01-24 12:00:00+00:00,8413.42,8175.796561327927,8378.280650260343,P1,target_below_entry,1.9100506639575605,False,False,False,,,,,,,,,,,,,,,,,,,,
BTC,baseline,BASExQ1,BASE,Q1,63,5529,22043,2020-02-27 16:00:00+00:00,8847.0,8654.129210069832,9127.229030279943,P1,traded,1.03804709343777,False,False,False,-1.145184279829259,0.14518427982925897,stop,22049.0,2020-02-27 22:00:00+00:00,8645.475080859762,stop,197.294289930167,8851.423499999999,7.0,False,,,,-1.4163379653752535,0.43875878658383827,stop,-1.8555440235332519,0.9199197728287762,stop
BTC,baseline,BASExQ1,BASE,Q1,65,5635,22466,2020-03-16 08:00:00+00:00,4789.99,4569.382917647655,7079.043206189437,P1,traded,0.5287368605312699,False,False,False,-1.0678808518228746,0.06788085182287469,stop,22468.0,2020-03-16 10:00:00+00:00,4564.813534730007,stop,223.0020773523447,4792.384994999999,3.0,False,,,,-1.1967229061871014,0.20746269403318288,stop,-1.413283297046597,0.4448251548624193,stop
BTC,baseline,BASExQ1,BASE,Q1,66,5718,22798,2020-03-30 04:00:00+00:00,6009.28,5772.0630117692945,6567.064566698852,P1,traded,1.3840450704760592,False,False,False,2.266542625814096,0.08482592860148942,target,22816.0,2020-03-30 22:00:00+00:00,6567.064566698852,target,240.2216282307054,6012.28464,19.0,,-0.1824755207168709,True,False,2.089514852295709,0.23244329446684692,target,1.7891196798920221,0.47617093982269343,target
BTC,baseline,BASExQ1,BASE,Q1,67,5820,23206,2020-04-16 04:00:00+00:00,6651.69,6401.532828339973,6618.646908317728,P1,target_below_entry,1.8741966840786943,False,False,False,,,,,,,,,,,,,,,,,,,,
BTC,baseline,BASExQ1,BASE,Q1,68,6064,24180,2020-05-26 20:00:00+00:00,8800.0,8617.801199901587,8874.095866600337,P1,traded,1.1082813853746953,False,False,False,0.25146879775843084,0.1552071329299982,target,24180.0,2020-05-26 20:00:00+00:00,8874.095866600337,target,186.59880009841254,8804.4,1.0,,1.8805272767809624,True,True,-0.024404315767208876,0.42149082736995663,target,-0.4668139098422595,0.8460171933988542,target
BTC,baseline,BASExQ1,BASE,Q1,69,6163,24576,2020-06-12 08:00:00+00:00,9439.48,9269.63121775512,9402.082456972767,P1,target_below_entry,1.1208361624180556,False,False,False,,,,,,,,,,,,,,,,,,,,
BTC,baseline,BASExQ1,BASE,Q1,70,6185,24664,2020-06-16 00:00:00+00:00,9426.05,9320.389803619284,9347.04287961299,P1,target_below_entry,0.7358957191061345,False,False,False,,,,,,,,,,,,,,,,,,,,
BTC,baseline,BASExQ1,BASE,Q1,71,6241,24888,2020-06-25 08:00:00+00:00,9173.7,9027.646484795525,9283.058458614702,P1,traded,1.1679886737560101,False,False,False,0.5465643532725526,0.20219173425877632,target,24888.0,2020-06-25 08:00:00+00:00,9283.058458614702,target,150.64036520447553,9178.28685,1.0,,0.3779965702287526,False,False,0.18078792016703268,0.5451692857004671,target,-0.3957633815175289,1.08004895096838,target
BTC,baseline,BASExQ1,BASE,Q1,73,6588,26273,2020-08-22 04:00:00+00:00,11474.02,11297.63103622649,11511.812341716432,P1,traded,1.1138625423166042,False,False,False,0.005754384786726956,0.20850131981029002,target,26275.0,2020-08-22 06:00:00+00:00,11511.812341716432,target,182.12597377350903,11479.75701,3.0,,0.9718419323521716,False,False,-0.3542013158485578,0.5617079165458833,target,-0.9155210071322962,1.1107293900449722,target
BTC,baseline,BASExQ1,BASE,Q1,74,6618,26393,2020-08-27 04:00:00+00:00,11384.6,11289.073852909405,11532.083933960936,P1,traded,0.681685457651044,False,False,False,-1.3797690922282229,0.3797690922282228,stop,26401.0,2020-08-27 12:00:00+00:00,11277.784779056496,stop,101.21844709059405,11390.2923,9.0,True,,,,-2.0521303245210825,1.1083680970182639,stop,-3.03117434064044,2.1828300945585446,stop
BTC,baseline,BASExQ1,BASE,Q1,75,6671,26605,2020-09-05 00:00:00+00:00,10446.25,10288.26908793311,10823.869461139588,P1,traded,0.556541593956765,False,False,False,-1.209995183004427,0.209995183004427,stop,26614.0,2020-09-05 09:00:00+00:00,10277.980818845177,stop,163.2040370668892,10451.473124999999,10.0,False,,,,-1.596504702957699,0.6285083536876006,stop,-2.203862050755069,1.2940972888572975,stop
BTC,baseline,BASExQ1,BASE,Q1,76,6775,27021,2020-09-22 08:00:00+00:00,10372.91,10286.38500863475,10565.756834189619,P1,traded,0.5876859438585392,False,False,False,1.8416062774542121,0.38719295322759756,target,27034.0,2020-09-22 21:00:00+00:00,10565.756834189619,target,91.71144636524878,10378.096454999999,14.0,,-0.13931558923118623,True,True,1.0870638216518191,1.0156926153319512,target,-0.028592785685688307,1.9176856991936726,target
BTC,baseline,BASExQ1,BASE,Q1,77,6787,27069,2020-09-24 08:00:00+00:00,10341.69,10204.133177065443,10554.66175505331,P1,traded,1.0285879969890654,False,False,False,1.3051885643697914,0.2430571024746016,target,27076.0,2020-09-24 15:00:00+00:00,10554.66175505331,target,142.72766793455594,10346.860845,8.0,,1.6855753928313364,True,True,0.8408637012700055,0.651290960368285,target,0.11509284024293966,1.2762486922952911,target
BTC,baseline,BASExQ1,BASE,Q1,78,7256,28944,2020-12-11 12:00:00+00:00,17647.71,17392.47885064315,17775.63122011231,P1,traded,0.7095621859230724,False,False,False,0.2791347150990701,0.22206280892829777,target,28944.0,2020-12-11 12:00:00+00:00,17775.63122011231,target,264.05500435684735,17656.533854999998,1.0,,2.7949812262989995,True,True,-0.11254370382239622,0.5969928451059958,target,-0.7221042768582346,1.176204339061636,target
BTC,baseline,BASExQ1,BASE,Q1,79,7502,29924,2021-01-21 12:00:00+00:00,32206.89,31289.24056019206,32956.79124121724,P2,traded,0.6368678539118933,False,False,False,-1.1107109147449274,0.11071091474492734,stop,29926.0,2021-01-21 14:00:00+00:00,31257.951319631866,stop,933.7528848079382,32222.993444999996,3.0,False,,,,-1.3190450208171753,0.3362909595039504,stop,-1.662080003383094,0.712092784722366,stop
BTC,baseline,BASExQ1,BASE,Q1,80,7523,30008,2021-01-25 00:00:00+00:00,32259.45,30644.567007070207,31858.29393968387,P2,target_below_entry,1.3330870686801772,False,False,False,,,,,,,,,,,,,,,,,,,,
BTC,baseline,BASExQ1,BASE,Q1,81,7544,30092,2021-01-28 12:00:00+00:00,31437.37,30205.761931625715,31884.7183498208,P2,traded,1.015343768262615,False,False,False,0.28096032930171455,0.0822626482899296,target,30094.0,2021-01-28 14:00:00+00:00,31884.7183498208,target,1247.3267533742837,31453.088685,3.0,,4.8946930975889975,True,True,0.13277264744505873,0.22587303109156237,target,-0.11322119882329862,0.46304986670958426,target
BTC,baseline,BASExQ1,BASE,Q1,82,7735,30855,2021-03-01 08:00:00+00:00,46291.87,44691.09493624254,45101.296611713995,P2,target_below_entry,0.8425796543495482,False,False,False,,,,,,,,,,,,,,,,,,,,
BTC,baseline,BASExQ1,BASE,Q1,83,7880,31434,2021-03-25 12:00:00+00:00,52163.2,51379.623439058545,52754.71256325913,P2,traded,0.5431120189979706,False,False,False,-1.2114260759707336,0.21142607597073368,stop,31434.0,2021-03-25 12:00:00+00:00,51328.243815619484,stop,809.6581609414498,52189.281599999995,1.0,True,,,,-1.6004425739615546,0.6326556748208986,stop,-2.211335098201717,1.302125143037141,stop
BTC,baseline,BASExQ1,BASE,Q1,84,8022,32002,2021-04-18 04:00:00+00:00,55000.01,50043.72294062333,56887.904970959986,P2,traded,2.792031974585596,False,False,False,0.34478921146697356,0.03611991432474668,target,32023.0,2021-04-19 01:00:00+00:00,56887.904970959986,target,4983.7870643766655,55027.510005,22.0,,0.08088127037394409,False,False,0.2789746442015881,0.09983266569621298,target,0.16719289278262228,0.2074796113524182,target
BTC,baseline,BASExQ1,BASE,Q1,86,8186,32653,2021-05-15 12:00:00+00:00,48929.73,46866.04556773077,48824.85721451854,P2,target_below_entry,1.2057127006523964,False,False,False,,,,,,,,,,,,,,,,,,,,
BTC,baseline,BASExQ1,BASE,Q1,87,8228,32821,2021-05-22 12:00:00+00:00,38157.75,34897.02331559833,40961.163511203915,P2,traded,1.1970918772314951,False,False,False,-1.0358471128120343,0.03584711281203433,stop,32841.0,2021-05-23 08:00:00+00:00,34862.12629228273,stop,3279.8055594016696,38176.828875,21.0,False,,,,-1.1041710030763274,0.1099880780993601,stop,-1.2207842413924992,0.23803477120933625,stop
BTC,baseline,BASExQ1,BASE,Q1,88,8269,32985,2021-05-29 08:00:00+00:00,36145.0,34761.9583127672,39290.59474138554,P2,traded,0.8209505169904766,False,False,False,-1.082030161742573,0.08203016174257301,stop,32988.0,2021-05-29 11:00:00+00:00,34727.196354454434,stop,1401.1141872327935,36163.072499999995,4.0,False,,,,-1.2373119125702143,0.25021057576603,stop,-1.496538922654343,0.5342617637964375,stop
BTC,baseline,BASExQ1,BASE,Q1,89,8334,33245,2021-06-09 04:00:00+00:00,32862.25,31807.415320298776,38282.552698390864,P2,traded,0.8948305943515203,False,False,False,3.7785398571925373,0.10590770492267348,time24,33269.0,2021-06-10 04:00:00+00:00,36941.22015,time24,1071.2658047012192,32878.681124999996,25.0,,,,,3.518543598706839,0.30632412508165086,time24,3.072380189653773,0.6386476957021157,time24
BTC,baseline,BASExQ1,BASE,Q1,90,8403,33521,2021-06-20 16:00:00+00:00,34422.11,32818.51295820252,34250.24744126965,P2,target_below_entry,1.549407919691491,False,False,False,,,,,,,,,,,,,,,,,,,,
BTC,baseline,BASExQ1,BASE,Q1,91,8436,33653,2021-06-26 04:00:00+00:00,31979.71,30690.456707857196,32551.092016542116,P2,traded,1.0575567878128305,False,False,False,0.36310377190318394,0.08008456046279469,target,33654.0,2021-06-26 05:00:00+00:00,32551.092016542116,target,1305.2431471428026,31995.699855,2.0,,0.4971548671819146,False,False,0.21781047945278817,0.2199485831348076,target,-0.023904006642129192,0.45119405294224046,target
BTC,baseline,BASExQ1,BASE,Q1,92,8511,33953,2021-07-08 16:00:00+00:00,32900.05,31977.233079998932,34045.50693985118,P2,traded,1.2377934715859786,False,False,False,0.5986299254237275,0.11522781355144271,time24,33977.0,2021-07-09 16:00:00+00:00,33542.030595,time24,939.266945001069,32916.500025,25.0,,,,,0.36880329201364703,0.3325521676946099,time24,-0.012822887487545129,0.6904430940851449,time24
BTC,baseline,BASExQ1,BASE,Q1,93,8546,34093,2021-07-14 12:00:00+00:00,32450.95,31222.147619466883,32626.77536900604,P2,traded,1.8740177797931112,False,False,False,0.05835031698467555,0.08473645741574425,target,34094.0,2021-07-14 13:00:00+00:00,32626.77536900604,target,1245.027855533117,32467.175475,2.0,,0.44856396466312093,True,True,-0.09139932013011641,0.2326213564280538,target,-0.3389004260166478,0.4765350922392826,target
BTC,baseline,BASExQ1,BASE,Q1,94,8590,34269,2021-07-21 20:00:00+00:00,31627.58,31246.4455308331,31581.516370449655,P2,target_below_entry,0.5636841937607868,False,False,False,,,,,,,,,,,,,,,,,,,,
BTC,baseline,BASExQ1,BASE,Q1,95,8877,35413,2021-09-07 16:00:00+00:00,46656.07,42163.04068554177,47388.370636786414,P2,traded,3.3036527727843303,False,False,False,0.12949604621881108,0.03348990057435271,target,35413.0,2021-09-07 16:00:00+00:00,47388.370636786414,target,4516.357349458231,46679.398035,1.0,,0.03343609717501601,True,True,0.06950025187944132,0.09264383463183956,target,-0.032230350313195676,0.19271653991404947,target
BTC,baseline,BASExQ1,BASE,Q1,96,8901,35509,2021-09-11 16:00:00+00:00,45573.99,44863.84729548684,45323.86953483852,P2,target_below_entry,0.6883993300985514,False,False,False,,,,,,,,,,,,,,,,,,,,
BTC,baseline,BASExQ1,BASE,Q1,97,8961,35749,2021-09-21 16:00:00+00:00,43072.81,41558.87953083753,45814.05796773024,P2,traded,1.2889989439443212,False,False,False,-1.0894431455126543,0.08944314551265439,stop,35750.0,2021-09-21 17:00:00+00:00,41517.32065130669,stop,1535.46687416247,43094.346405,2.0,False,,,,-1.2585063135170733,0.272532278754354,stop,-1.5397346656931614,0.5806644032526472,stop
BTC,baseline,BASExQ1,BASE,Q1,98,8981,35829,2021-09-25 00:00:00+00:00,42810.58,41646.610874485734,44864.597851826875,P2,traded,0.8855932820972151,False,False,False,-1.116095437960584,0.11609543796058423,stop,35837.0,2021-09-25 08:00:00+00:00,41604.96426361125,stop,1185.374415514263,42831.98529,9.0,False,,,,-1.3343093910355155,0.3523672213040292,stop,-1.6926883581648435,0.7449735352631941,stop
BTC,baseline,BASExQ1,BASE,Q1,99,8992,35873,2021-09-26 20:00:00+00:00,43255.32,42519.466590700205,44643.40264162684,P2,traded,0.6583481733235612,False,False,False,-0.5184829195301883,0.18757462050945828,time24,35897.0,2021-09-27 20:00:00+00:00,42990.31409,time24,757.4810692997926,43276.94766,25.0,,,,,-0.8567290928470149,0.5352689140136497,time24,-1.3922200490036916,1.0881249644616635,time24
BTC,baseline,BASExQ1,BASE,Q1,101,9181,36627,2021-10-28 08:00:00+00:00,58993.71,58113.58518691557,59504.17270742656,P2,traded,0.770127753893548,False,False,False,0.3645688546948115,0.21542014213578828,target,36627.0,2021-10-28 08:00:00+00:00,59504.17270742656,target,909.62166808443,59023.206855,1.0,,3.292387810945886,True,True,-0.018523241394537805,0.5797045823156938,target,-0.6172425931319399,1.1442450741745886,target
BTC,baseline,BASExQ1,BASE,Q1,102,9301,37107,2021-11-17 08:00:00+00:00,59691.9,57862.90249987572,60553.0961151264,P2,traded,1.2752781175553554,False,False,False,0.36566705055460713,0.10518986153405317,target,37109.0,2021-11-17 10:00:00+00:00,60553.0961151264,target,1858.8434501242737,59721.74595,3.0,,0.2275091454556479,False,False,0.17548321696002028,0.28781352546808536,target,-0.13719774668558501,0.5860798144935148,target
BTC,baseline,BASExQ1,BASE,Q1,103,9372,37391,2021-11-29 04:00:00+00:00,57359.02,56541.933517760335,57723.685216998,P2,traded,0.6870586045563486,False,False,False,0.2209470999397238,0.225352312575878,target,37404.0,2021-11-29 17:00:00+00:00,57723.685216998,target,845.765992239656,57387.69950999999,14.0,,1.3505920000130793,False,False,-0.17437696739832362,0.6055425857182777,target,-0.7881793766966193,1.1919609263778361,target
BTC,baseline,BASExQ1,BASE,Q1,104,9405,37523,2021-12-04 16:00:00+00:00,48203.74,45471.85158658709,56470.15359782963,P2,traded,1.3420445230219356,False,False,False,-0.14862191808660474,0.05631580530326243,time24,37547.0,2021-12-05 16:00:00+00:00,47927.594215000005,time24,2755.99028341291,48227.84187,25.0,,,,,-0.2554800322753902,0.16398116106466845,time24,-0.4362543653466968,0.34632834814012403,time24
BTC,baseline,BASExQ1,BASE,Q1,105,9418,37575,2021-12-06 20:00:00+00:00,49103.0,47856.84872645261,55646.677204464686,P2,traded,0.7825604623786253,False,False,False,1.3012144275101414,0.12837926453711268,time24,37599.0,2021-12-07 20:00:00+00:00,50859.047755,time24,1270.702773547382,49127.551499999994,25.0,,,,,1.0321473797271918,0.36982484940918353,time24,0.5846612794752183,0.7651509699527294,time24
BTC,baseline,BASExQ1,BASE,Q1,106,9446,37687,2021-12-11 12:00:00+00:00,48240.43,47159.93176712687,54716.67346346598,P2,traded,0.7907995284916818,False,False,False,0.6738709623465873,0.14417757591861993,time24,37711.0,2021-12-12 12:00:00+00:00,49099.767835000006,time24,1104.618447873123,48264.550214999996,25.0,,,,,0.3859137831807911,0.4142720200727199,time24,-0.08628347805544745,0.8529861655783816,time24
BTC,baseline,BASExQ1,BASE,Q1,107,9466,37767,2021-12-14 20:00:00+00:00,46859.42,45850.09460650671,54122.82091958693,P2,traded,0.8704301667656442,False,False,False,1.6472637057566122,0.15144264969988255,time24,37791.0,2021-12-15 20:00:00+00:00,48650.56255,time24,1032.755103493284,46882.849709999995,25.0,,,,,1.3231331453951936,0.43476666440401246,time24,0.7878800897747338,0.893720111494959,time24
BTC,baseline,BASExQ1,BASE,Q1,108,9490,37863,2021-12-18 20:00:00+00:00,46643.68,45804.42882411479,53454.10148464906,P2,traded,0.8051434076257278,False,False,False,-0.14185049174870698,0.17790644361327823,time24,37887.0,2021-12-19 20:00:00+00:00,46650.603030000006,time24,862.5730158852093,46667.00184,25.0,,,,,-0.4733892006057516,0.5084702887487049,time24,-1.0033335020952645,1.0366148970992803,time24
BTC,baseline,BASExQ1,BASE,Q1,109,9557,38131,2021-12-30 00:00:00+00:00,46464.66,45627.84565016341,46929.411202411924,P2,traded,0.8918516764915428,False,False,False,0.3768108046302426,0.1785706876955899,target,38135.0,2021-12-30 04:00:00+00:00,46929.411202411924,target,860.046679836596,46487.89233,5.0,,1.1285303697381663,False,False,0.05716689422617486,0.48321214950226626,target,-0.45088701716241136,0.9635680857695531,target
BTC,baseline,BASExQ1,BASE,Q1,110,9568,38175,2021-12-31 20:00:00+00:00,45728.28,45188.95770476363,46691.39254115186,P2,traded,0.5503262948760351,False,False,False,1.5116027508722125,0.27418016531475753,target,38179.0,2022-01-01 00:00:00+00:00,46691.39254115186,target,562.18643523637,45751.14414,5.0,,2.2470080736064264,False,False,0.9818624436552623,0.7312926251733199,target,0.16305090171638803,1.4212380075878974,target
BTC,baseline,BASExQ1,BASE,Q1,111,9623,38395,2022-01-10 00:00:00+00:00,41864.62,41304.95506951846,43852.957047544034,P2,traded,0.6063871442567235,False,False,False,-1.2377696240440386,0.23776962404403845,stop,38407.0,2022-01-10 12:00:00+00:00,41263.65011444894,stop,580.5972404815402,41885.55231,13.0,False,,,,-1.67263772202621,0.7086907869402553,stop,-2.347307601970712,1.4481923854198109,stop
BTC,baseline,BASExQ1,BASE,Q1,112,9677,38611,2022-01-19 00:00:00+00:00,42352.12,41180.06019832357,43153.02371975605,P2,traded,1.8260376499065913,False,False,False,-1.1140312875897218,0.11403128758972174,stop,38618.0,2022-01-19 07:00:00+00:00,41138.88013812524,stop,1193.2358616764323,42373.29606,8.0,False,,,,-1.3284607954036938,0.34620754663713954,stop,-1.6809720065048168,0.7323873495982377,stop
BTC,baseline,BASExQ1,BASE,Q1,113,9870,39383,2022-02-20 04:00:00+00:00,39794.59,39363.15978120246,40254.96454732416,P2,traded,0.6404078175962288,False,False,False,-1.2935640438051021,0.29356404380510215,stop,39384.0,2022-02-20 05:00:00+00:00,39323.79662142126,stop,451.3275137975288,39814.48729499999,2.0,False,,,,-1.8236678262804598,0.8677539818808057,stop,-2.6255507581057977,1.7470925998157125,stop
BTC,baseline,BASExQ1,BASE,Q1,114,9878,39415,2022-02-21 12:00:00+00:00,37576.1,36937.94770290618,39574.01156983167,P2,traded,0.7772065163702052,False,False,False,-1.1868244882414374,0.1868244882414372,stop,39424.0,2022-02-21 21:00:00+00:00,36901.009755203275,stop,656.9403470938123,37594.888049999994,10.0,False,,,,-1.5324999751230164,0.5610992993738566,stop,-2.0815674547898912,1.1627234162301932,stop
BTC,baseline,BASExQ1,BASE,Q1,115,9899,39499,2022-02-25 00:00:00+00:00,38328.68,36678.871812105404,37820.33569584496,P2,target_below_entry,1.358653637438684,False,False,False,,,,,,,,,,,,,,,,,,,,
BTC,baseline,BASExQ1,BASE,Q1,116,9969,39779,2022-03-08 16:00:00+00:00,38658.34,37821.68290673537,38623.88991739483,P2,target_below_entry,0.8618452209322416,False,False,False,,,,,,,,,,,,,,,,,,,,
BTC,baseline,BASExQ1,BASE,Q1,117,10006,39927,2022-03-14 20:00:00+00:00,38814.18,38044.716590583375,39011.09336796165,P2,traded,1.0378983653835312,False,False,False,0.09408235620690066,0.16182762671345846,target,39929.0,2022-03-14 22:00:00+00:00,39011.09336796165,target,788.8704994166255,38833.58709,3.0,,1.0069290620269955,True,True,-0.18943715105622858,0.43905146431457504,target,-0.6416766784896384,0.8795853565872435,target
BTC,baseline,BASExQ1,BASE,Q1,118,10151,40507,2022-04-08 00:00:00+00:00,43444.2,42842.54518684098,43449.995458915466,P2,traded,0.8231589672581712,False,False,False,-0.22144799792964004,0.23108052938906515,target,40507.0,2022-04-08 00:00:00+00:00,43449.995458915466,target,623.3769131590161,43465.922099999996,1.0,,0.8351681464208021,False,False,-0.6111446971966915,0.620441574885183,target,-1.2105515801487603,1.2192427550397489,target
BTC,baseline,BASExQ1,BASE,Q1,119,10203,40715,2022-04-16 16:00:00+00:00,40062.67,39717.496053128816,41395.9187634427,P2,traded,0.6297554748106304,False,False,False,0.7353314185520742,0.3731821395201433,time24,40739.0,2022-04-17 16:00:00+00:00,40425.07735000001,time24,365.2052818711818,40082.701335,25.0,,,,,0.011619066682901072,1.0360930530310988,time24,-1.062249208419588,2.0063899879540816,time24
BTC,baseline,BASExQ1,BASE,Q1,120,10244,40879,2022-04-23 12:00:00+00:00,39602.93,39183.90651092167,41101.03516824672,P2,traded,0.6598722588761128,False,False,False,-0.2877148110841643,0.3024633876224237,time24,40903.0,2022-04-24 12:00:00+00:00,39589.305445000005,time24,438.82495407832903,39622.731465,25.0,,,,,-0.8343112022673188,0.848394266465389,time24,-1.6593128258135112,1.672230133114497,time24
BTC,baseline,BASExQ1,BASE,Q1,121,10261,40947,2022-04-26 08:00:00+00:00,40584.5,40058.30449483642,40855.22572895227,P2,traded,0.8307331204927872,False,False,False,-1.2452101660420427,0.24521016604204263,stop,40952.0,2022-04-26 13:00:00+00:00,40018.24619034158,stop,546.48775516358,40604.79225,6.0,False,,,,-1.692925069896437,0.7300571919033148,stop,-2.3851669207354096,1.4888624189718918,stop
BTC,baseline,BASExQ1,BASE,Q1,122,10297,41091,2022-05-02 08:00:00+00:00,38881.46,38291.31683825828,40279.269630062416,P2,traded,0.9558114697996789,False,False,False,-1.2092313373195602,0.20923133731956023,stop,41096.0,2022-05-02 13:00:00+00:00,38253.02552142002,stop,609.5838917417132,38900.900729999994,6.0,False,,,,-1.5944018731514458,0.6262936771563851,stop,-2.1998690201312012,1.289807811530543,stop
BTC,baseline,BASExQ1,BASE,Q1,123,10347,41291,2022-05-10 16:00:00+00:00,31320.0,30278.81297128001,37980.05927059676,P2,traded,0.9619830601863204,False,False,False,-1.0946593628574233,0.09465936285742346,stop,41296.0,2022-05-10 21:00:00+00:00,30248.534158308732,stop,1056.8470287199889,31335.66,6.0,False,,,,-1.273390964429468,0.28820862448285034,stop,-1.5699575972465731,0.6131311163480163,stop
BTC,baseline,BASExQ1,BASE,Q1,124,10400,41503,2022-05-19 12:00:00+00:00,29499.81,28472.49484453788,35303.62491799306,P2,traded,1.3414046332661909,False,False,False,0.7966277959092902,0.09331332404696968,time24,41527.0,2022-05-20 12:00:00+00:00,30398.852970000004,time24,1042.0650604621187,29514.559905,25.0,,,,,0.607118264424339,0.27022618813274296,time24,0.28848622733562085,0.5647052361039375,time24
BTC,baseline,BASExQ1,BASE,Q1,125,10534,42039,2022-06-10 20:00:00+00:00,28980.03,28564.70840797249,29093.09021957274,P2,traded,0.7278896463017014,False,False,False,0.0485003130299326,0.22372299956213598,target,42039.0,2022-06-10 20:00:00+00:00,29093.09021957274,target,429.81160702751004,28994.520015,1.0,,0.8080744557580788,False,False,-0.3382825313118129,0.6013285210528583,target,-0.9377078110880825,1.1841382393000088,target
BTC,baseline,BASExQ1,BASE,Q1,126,10650,42503,2022-06-30 04:00:00+00:00,20077.01,19755.216117990247,21740.867486055256,P2,traded,0.8214732566000239,False,False,False,-1.1980508808643326,0.19805088086433256,stop,42505.0,2022-06-30 06:00:00+00:00,19735.460901872255,stop,331.832387009752,20087.048505,3.0,False,,,,-1.563566917961385,0.5938186516467572,stop,-2.1411235540570543,1.2267010215981293,stop
BTC,baseline,BASExQ1,BASE,Q1,127,10732,42831,2022-07-13 20:00:00+00:00,19652.15,18988.53811152391,19662.520923577933,P2,traded,1.374154514951126,False,False,False,-0.07916155634346482,0.09478955179988617,target,42831.0,2022-07-13 20:00:00+00:00,19662.520923577933,target,673.437963476088,19661.976075,1.0,,1.8375546724965803,True,True,-0.24444425135521505,0.25984422008344044,target,-0.5157583078295798,0.5307216197803414,target
BTC,baseline,BASExQ1,BASE,Q1,128,10965,43763,2022-08-21 16:00:00+00:00,21419.0,21129.177234062958,21553.770126122137,P2,traded,0.7803404663215953,False,False,False,0.22777263099711748,0.2372361328465524,target,43766.0,2022-08-21 19:00:00+00:00,21553.770126122137,target,300.5322659370395,21429.709499999997,4.0,,0.8193126056203465,False,False,-0.18789991860442412,0.6363380445471846,target,-0.829940833699858,1.2485449529596053,target
BTC,baseline,BASExQ1,BASE,Q1,129,10986,43847,2022-08-25 04:00:00+00:00,21468.12,21142.20134303163,21461.268388849923,P2,target_below_entry,0.9702925371702908,False,False,False,,,,,,,,,,,,,,,,,,,,
BTC,baseline,BASExQ1,BASE,Q1,130,11015,43963,2022-08-30 00:00:00+00:00,20287.2,19913.382313419017,21097.196192856678,P2,traded,1.1564875555673415,False,False,False,-1.1720649771544076,0.1720649771544075,stop,43977.0,2022-08-30 14:00:00+00:00,19893.4689311056,stop,383.96128658098314,20297.3436,15.0,False,,,,-1.4914943290884581,0.51791261747978,stop,-2.002386175590038,1.0776636373744384,stop
BTC,baseline,BASExQ1,BASE,Q1,131,11052,44111,2022-09-05 04:00:00+00:00,19884.88,19676.826516007062,20689.57798110042,P2,traded,0.7837264484220396,False,False,False,-1.304242588063364,0.3042425880633638,stop,44117.0,2022-09-05 10:00:00+00:00,19657.149689491056,stop,217.9959239929376,19894.82244,7.0,False,,,,-1.8522870797615825,0.8978954554499325,stop,-2.677352698141267,1.8027403691905277,stop
BTC,baseline,BASExQ1,BASE,Q1,132,11069,44179,2022-09-08 00:00:00+00:00,19292.85,18824.300917732686,20444.964529254168,P2,traded,1.4320915423367988,False,False,False,-0.07275955772878479,0.1318568882923411,time24,44203.0,2022-09-09 00:00:00+00:00,19310.87973,time24,478.19550726731177,19302.496424999998,25.0,,,,,-0.3216108736149764,0.37951606004853194,time24,-0.7282680619685734,0.7839276559982761,time24
BTC,baseline,BASExQ1,BASE,Q1,133,11127,44411,2022-09-17 16:00:00+00:00,19963.34,19572.264425850288,19765.001307334976,P2,target_below_entry,1.112175573867811,False,False,False,,,,,,,,,,,,,,,,,,,,
BTC,baseline,BASExQ1,BASE,Q1,134,11144,44479,2022-09-20 12:00:00+00:00,19219.49,18947.278287920115,19529.509286198474,P2,traded,0.6713925935388126,False,False,False,-1.2243357892064202,0.22433578920642017,stop,44480.0,2022-09-20 13:00:00+00:00,18928.331009632195,stop,281.82145707988457,19229.099745,2.0,False,,,,-1.6358936942355575,0.669992393105296,stop,-2.278348136736764,1.374113298518396,stop
BTC,baseline,BASExQ1,BASE,Q1,135,11274,44999,2022-10-12 04:00:00+00:00,19049.09,18926.00947461217,19138.840375382773,P2,traded,0.6238841738925621,False,False,False,0.23277189215665495,0.496428565023441,target,45000.0,2022-10-12 05:00:00+00:00,19138.840375382773,target,132.6050703878318,19058.614545,2.0,,0.7501193153950134,True,False,-0.6048296648707512,1.2816542773857862,target,-1.7637840822992723,2.3555935991186616,target
BTC,baseline,BASExQ1,BASE,Q1,136,11283,45035,2022-10-13 16:00:00+00:00,18958.59,18066.740152028175,19016.12537444806,P2,traded,3.6177630536088508,False,False,False,-0.0036151490728951402,0.06812754942694833,target,45035.0,2022-10-13 16:00:00+00:00,19016.12537444806,target,901.3291429718229,18968.069294999998,1.0,,1.0381830354077344,True,True,-0.12368127562819112,0.18751519789365428,target,-0.3235179802101175,0.38603687770999473,target
BTC,baseline,BASExQ1,BASE,Q1,137,11440,45663,2022-11-08 20:00:00+00:00,18255.24,16891.836503920073,19383.15336601636,P2,traded,2.4789740766880715,False,False,False,-1.0412462800395925,0.04124628003959244,stop,45683.0,2022-11-09 16:00:00+00:00,16874.94466741615,stop,1372.5311160799283,18264.36762,21.0,False,,,,-1.1198347681769354,0.12648497806512254,stop,-1.2536263381630397,0.27331509904302337,stop
BTC,baseline,BASExQ1,BASE,Q1,138,11465,45763,2022-11-13 00:00:00+00:00,16813.16,16485.20407348507,16885.01204859791,P2,traded,0.5967263246478882,False,False,False,0.054687145040315806,0.16440341801629937,target,45763.0,2022-11-13 00:00:00+00:00,16885.01204859791,target,336.3625065149281,16821.56658,1.0,,0.20593243914067175,False,False,-0.23225585530215231,0.445870771371048,target,-0.6891439129590885,0.8925895503862988,target
BTC,baseline,BASExQ1,BASE,Q1,139,11495,45883,2022-11-18 00:00:00+00:00,16692.56,16450.561209067277,16696.03052733385,P2,traded,0.7637944637372419,False,False,False,-0.20641102096982303,0.22075211466071057,target,45883.0,2022-11-18 00:00:00+00:00,16696.03052733385,target,250.3450709327226,16700.90628,1.0,,1.2581412986988487,False,False,-0.5797713001345965,0.5936342746318272,target,-1.1568613912061385,1.1698577892108903,target
BTC,baseline,BASExQ1,BASE,Q1,140,11512,45951,2022-11-20 20:00:00+00:00,16587.8,16435.799561730517,16694.84686309876,P2,traded,0.8049127977761401,False,False,False,-1.347615835193136,0.34761583519313594,stop,45952.0,2022-11-20 21:00:00+00:00,16419.363762168785,stop,160.29433826948298,16596.0939,2.0,False,,,,-1.967599501125793,1.01934119137849,stop,-2.8831765443715742,2.023844789585197,stop
BTC,baseline,BASExQ1,BASE,Q1,141,11558,46135,2022-11-28 12:00:00+00:00,16213.29,16095.95199717094,16532.868474928833,P2,traded,0.7129715073581985,False,False,False,-1.4405630396725162,0.4405630396725161,stop,46139.0,2022-11-28 16:00:00+00:00,16079.856045173769,stop,125.44464782906107,16221.396645,5.0,True,,,,-2.2097862756384834,1.274409558817902,stop,-3.3009032747601266,2.472583982334368,stop
BTC,baseline,BASExQ1,BASE,Q1,142,11692,46671,2022-12-20 20:00:00+00:00,16900.93,16671.54316683311,16768.022471843044,P2,target_below_entry,1.2015212822210988,False,False,False,,,,,,,,,,,,,,,,,,,,
BTC,baseline,BASExQ1,BASE,Q1,143,11755,46923,2022-12-31 08:00:00+00:00,16564.81,16479.02069273021,16746.242320825742,P2,traded,0.8252255731739163,False,False,False,-1.6162787740213531,0.6162787740213532,stop,46937.0,2022-12-31 22:00:00+00:00,16462.541672037478,stop,94.07171226978971,16573.092405,15.0,False,,,,-2.650110113560031,1.7381536369546609,stop,-4.013494337229609,3.238078538632924,stop
BTC,baseline,BASExQ1,BASE,Q1,144,11994,47879,2023-02-09 04:00:00+00:00,22519.56,22285.75731646677,22737.879554399813,P2,traded,0.842698099468449,False,False,False,0.6240632011053615,0.30971373892185267,target,47883.0,2023-02-09 08:00:00+00:00,22737.879554399813,target,245.0624635332315,22530.81978,5.0,,0.38165961547800925,True,True,0.06908947601041425,0.821783615087059,target,-0.7659866884390022,1.5818843766209503,target
BTC,baseline,BASExQ1,BASE,Q1,145,12094,48279,2023-02-25 20:00:00+00:00,22983.78,22737.456028751883,23001.47182204841,P2,traded,0.7052175047547565,False,False,False,-1.2969827795294717,0.29698277952947183,stop,48279.0,2023-02-25 20:00:00+00:00,22714.71857272313,stop,257.8158612481129,22995.271889999996,1.0,True,,,,-1.8328402098021122,0.8774142323015974,stop,-2.6421846562208757,1.7649614156453544,stop
BTC,baseline,BASExQ1,BASE,Q1,146,12140,48463,2023-03-05 12:00:00+00:00,22390.12,22190.336157866084,22380.13182976636,P2,target_below_entry,0.7909484688971353,False,False,False,,,,,,,,,,,,,,,,,,,,
BTC,baseline,BASExQ1,BASE,Q1,147,12186,48647,2023-03-13 04:00:00+00:00,22232.76,21624.35689784088,21285.77049056903,P2,target_below_entry,1.2869005791910924,False,False,False,,,,,,,,,,,,,,,,,,,,
BTC,baseline,BASExQ1,BASE,Q1,148,12451,49706,2023-04-26 08:00:00+00:00,28376.19,28111.481924497173,27827.453928226467,P2,target_below_entry,0.6981873788629603,False,False,False,,,,,,,,,,,,,,,,,,,,
BTC,baseline,BASExQ1,BASE,Q1,149,12489,49858,2023-05-02 16:00:00+00:00,28540.69,27689.343534907814,28313.642704189257,P2,target_below_entry,1.929121960547391,False,False,False,,,,,,,,,,,,,,,,,,,,
BTC,baseline,BASExQ1,BASE,Q1,150,12536,50046,2023-05-10 12:00:00+00:00,27677.08,27304.202480919103,27761.76620261074,P2,traded,1.0921531783969003,False,False,False,-0.010770162071821006,0.23788549693963298,target,50046.0,2023-05-10 12:00:00+00:00,27761.76620261074,target,386.71605908089623,27690.91854,1.0,,1.4730544129539098,False,False,-0.4190506432377692,0.6380387111551196,target,-1.0472193869478994,1.2515813674540588,target
BTC,baseline,BASExQ1,BASE,Q1,151,12583,50234,2023-05-18 08:00:00+00:00,27391.61,26994.537031239724,27262.03651151245,P2,target_below_entry,1.258527721794172,False,False,False,,,,,,,,,,,,,,,,,,,,
BTC,baseline,BASExQ1,BASE,Q1,152,12626,50406,2023-05-25 12:00:00+00:00,26296.61,25991.108151292,27113.304616361856,P2,traded,1.11284326848133,False,False,False,0.2692754899778964,0.2763185897466847,time24,50430.0,2023-05-26 12:00:00+00:00,26450.058355,time24,318.6501537080003,26309.758305,25.0,,,,,-0.2551110646771904,0.7781925634946677,time24,-1.0615923335288417,1.5447973307529796,time24
BTC,baseline,BASExQ1,BASE,Q1,153,12699,50698,2023-06-06 16:00:00+00:00,26066.12,25196.112447305477,26095.55751601128,P2,traded,2.808150853722988,False,False,False,-0.062092757524952774,0.09592868908682008,target,50698.0,2023-06-06 16:00:00+00:00,26095.55751601128,target,883.04061269452,26079.153059999997,1.0,,1.4678967935953078,True,True,-0.2295809790552614,0.26291751600281305,target,-0.5044383976952823,0.5368191016903225,target
BTC,baseline,BASExQ1,BASE,Q1,154,12729,50818,2023-06-11 16:00:00+00:00,25751.36,25522.88244613295,25821.70450819246,P2,traded,0.762621110855498,False,False,False,-0.053276108810814016,0.3611597805407343,target,50818.0,2023-06-11 16:00:00+00:00,25821.70450819246,target,241.3532338670484,25764.235679999998,1.0,,1.5958994442963192,True,True,-0.6595814692321039,0.9510402040722106,target,-1.5430025861971355,1.806361995985014,target
BTC,baseline,BASExQ1,BASE,Q1,155,12758,50934,2023-06-16 12:00:00+00:00,25474.51,25313.476740750953,25692.918392008396,P2,traded,0.5420051369558901,False,False,False,-1.5046210898552839,0.5046210898552839,stop_ambiguous,50936.0,2023-06-16 14:00:00+00:00,25288.163264010203,stop_ambiguous,173.77051424904494,25487.247255,3.0,True,,,,-2.3729038090931707,1.446203097266682,stop_ambiguous,-3.571670994560642,2.7634537763089955,stop_ambiguous
BTC,baseline,BASExQ1,BASE,Q1,156,12946,51686,2023-07-17 20:00:00+00:00,29884.4,29518.405483714934,30074.415961170296,P2,traded,1.2997470567107898,False,False,False,0.25705810181905414,0.26211896973656007,target,51687.0,2023-07-17 21:00:00+00:00,30074.415961170296,target,380.9367162850649,29899.3422,2.0,,0.5077064786923143,False,False,-0.2016503524672972,0.7004627615817308,target,-0.9026847699777049,1.3652120200094273,target
BTC,baseline,BASExQ1,BASE,Q1,157,12995,51882,2023-07-26 00:00:00+00:00,29228.91,29075.175874210017,29786.032751001574,P2,traded,0.7067967521842021,False,False,False,0.19065788971306452,0.6096849057966772,time24,51906.0,2023-07-27 00:00:00+00:00,29337.274025000002,time24,168.3485807899815,29243.524455,25.0,,,,,-0.9046098452471137,1.6354743373778549,time24,-2.3718546931144493,2.9945976964193517,time24
BTC,baseline,BASExQ1,BASE,Q1,158,13039,52058,2023-08-02 08:00:00+00:00,29577.25,29437.93218523339,29569.575980748443,P2,target_below_entry,0.5525510814339465,False,False,False,,,,,,,,,,,,,,,,,,,,
BTC,baseline,BASExQ1,BASE,Q1,159,13075,52202,2023-08-08 08:00:00+00:00,29187.62,29092.46061189802,29466.9009797379,P2,traded,0.5325128135928976,False,False,False,1.9486647599246452,0.9862109818004188,target,52206.0,2023-08-08 12:00:00+00:00,29466.9009797379,target,109.75319810197834,29202.213809999997,5.0,,7.08042256354161,False,False,0.16652715307686566,2.3781001066992413,target,-1.9382774239041602,3.9483489317090807,target
BTC,baseline,BASExQ1,BASE,Q1,160,13135,52442,2023-08-18 08:00:00+00:00,26430.0,25946.041904589572,28213.95865043282,P2,traded,1.1432003828258246,False,False,False,-1.1731589322341518,0.1731589322341516,stop,52449.0,2023-08-18 15:00:00+00:00,25920.095862684982,stop,497.1730954104278,26443.215,8.0,False,,,,-1.494539929448302,0.5211202092783898,stop,-2.008289732890657,1.0840054808446002,stop
BTC,baseline,BASExQ1,BASE,Q1,161,13142,52470,2023-08-19 12:00:00+00:00,25900.07,25695.431068675472,27796.06754245683,P2,traded,0.5426104127735202,False,False,False,0.9445767857996585,0.4071699136654612,time24,52494.0,2023-08-20 12:00:00+00:00,26163.601655,time24,217.58896632452524,25913.020034999998,25.0,,,,,0.14642198747561133,1.1248740928018752,time24,-1.024077762867566,2.160145341825465,time24
BTC,baseline,BASExQ1,BASE,Q1,162,13158,52534,2023-08-22 04:00:00+00:00,26056.0,25900.24068479631,27477.026437255674,P2,traded,0.6215489484139668,False,False,False,-1.5337079518291619,0.5337079518291619,stop,52546.0,2023-08-22 16:00:00+00:00,25874.340444111513,stop,168.7873152036882,26069.028,13.0,False,,,,-2.445975888979203,1.5231617840464746,stop,-3.690327289832709,2.8909192370552423,stop
BTC,baseline,BASExQ1,BASE,Q1,163,13174,52598,2023-08-24 20:00:00+00:00,26039.44,25716.586260546934,27178.642595219895,P2,traded,1.0950598656913468,False,False,False,-0.4655014876228437,0.25776035966310373,time24,52622.0,2023-08-25 20:00:00+00:00,25959.383815,time24,335.87345945306515,26052.45972,25.0,,,,,-0.9275089742258433,0.7278206746227244,time24,-1.6368307045652055,1.4515098715654478,time24
BTC,baseline,BASExQ1,BASE,Q1,164,13227,52810,2023-09-02 16:00:00+00:00,25894.77,25637.982491651856,26944.019901054322,P2,traded,0.8695375914873719,False,False,False,-0.40539056073890395,0.3225594287386541,time24,52834.0,2023-09-03 16:00:00+00:00,25860.563250000003,time24,269.7348933481444,25907.717385,25.0,,,,,-0.9808924250875649,0.9020372212391424,time24,-1.8405791733497632,1.7686310482559973,time24
BTC,baseline,BASExQ1,BASE,Q1,165,13247,52890,2023-09-06 00:00:00+00:00,25792.11,25571.511585129952,26855.14364590607,P2,traded,1.0658121256715387,False,False,False,-1.3725402767949182,0.37254027679491813,stop,52904.0,2023-09-06 14:00:00+00:00,25545.94007354482,stop,233.49446987004558,25805.006054999998,15.0,False,,,,-2.0331957131973506,1.0884263788622586,stop,-2.998231662692599,2.1474417182974546,stop
BTC,baseline,BASExQ1,BASE,Q1,166,13288,53054,2023-09-12 20:00:00+00:00,26066.34,25714.264075822146,26638.284898273014,P2,traded,1.046811135784837,False,False,False,-0.02803413503223285,0.23725037204703614,time24,53078.0,2023-09-13 20:00:00+00:00,26126.93,time24,365.10909417785297,26079.37317,25.0,,,,,-0.470296812794137,0.6720447319081932,time24,-1.159641030984968,1.347945289289975,time24
BTC,baseline,BASExQ1,BASE,Q1,167,13364,53358,2023-09-25 12:00:00+00:00,26075.4,25927.548049595298,26315.53544020547,P2,traded,0.7995286155957412,False,False,False,1.0572058269998055,0.5669556368710714,target,53362.0,2023-09-25 16:00:00+00:00,26315.53544020547,target,160.88965040470066,26088.4377,5.0,,0.8118269849302642,True,True,0.04351462632305515,1.449032840847348,target,-1.3364854912691881,2.6208722773859985,target
BTC,baseline,BASExQ1,BASE,Q1,168,13459,53738,2023-10-11 08:00:00+00:00,27021.95,26846.115928935746,27151.27810572259,P2,traded,0.740203941351542,False,False,False,0.24256357425659733,0.4929486330182373,target,53739.0,2023-10-11 09:00:00+00:00,27151.27810572259,target,189.34504606425253,27035.460974999998,2.0,,0.9544580015897671,True,True,-0.5902830612136253,1.2733117879261482,target,-1.7444581244245367,2.3421837853390213,target
BTC,baseline,BASExQ1,BASE,Q1,169,13469,53778,2023-10-13 00:00:00+00:00,26759.63,26590.261396024103,26889.987608711814,P2,traded,0.7289147837025158,False,False,False,0.26284812824110526,0.5068199545776172,target,53785.0,2023-10-13 07:00:00+00:00,26889.987608711814,target,182.74841897589795,26773.009815,8.0,,1.3133486605968434,True,True,-0.5932023711902787,1.306519670690446,target,-1.7732671788321042,2.3954752961288714,target
BTC,baseline,BASExQ1,BASE,Q1,170,13828,55214,2023-12-11 20:00:00+00:00,40779.99,39865.39832894562,41136.75395526613,P2,traded,1.2823715440678871,False,False,False,0.24677369374850852,0.1433063458552243,target,55215.0,2023-12-11 21:00:00+00:00,41136.75395526613,target,934.9816660543729,40800.379994999996,2.0,,1.034636378289811,False,False,-0.008301769549916708,0.389874979184797,target,-0.41958616336256094,0.785212290452611,target
