t,ctx,y1,y1_levels,y3,fb_any,y3_any,lv_swing,lv_nbar,lv_zone,tb_lvl_y1,tb_lvl_y3,block,gap_in_window
134,False,False,,False,False,False,3603.0,3400.0,4134.61,,,P1,True
135,False,False,zone,False,True,False,3603.0,3400.0,4212.41,4212.41,,P1,True
136,False,False,,False,False,False,3603.0,3400.0,4212.41,,,P1,True
137,False,False,,False,False,False,4028.93,3400.0,4286.87,,,P1,True
138,False,False,,False,False,False,4028.93,3400.0,4286.87,,,P1,True
139,False,False,,False,False,False,4028.93,3400.0,4212.41,,,P1,True
140,False,False,,False,False,False,4028.93,3400.0,4212.41,,,P1,True
141,False,False,,False,False,False,4028.93,3400.0,4212.41,,,P1,True
142,False,False,,False,False,False,4028.93,3400.0,4134.61,,,P1,True
143,True,False,,False,False,False,4028.93,3400.0,4134.61,,,P1,True
144,True,False,,False,False,False,4028.93,3400.0,4032.62,,,P1,True
145,True,False,,False,False,False,4028.93,3400.0,4032.62,,,P1,True
146,True,False,,False,False,False,4028.93,3400.0,4212.41,,,P1,True
147,True,False,,False,False,False,3801.0,3400.0,4129.575,,,P1,True
148,True,False,,False,False,False,3801.0,3400.0,4286.87,,,P1,True
149,False,False,,False,False,False,3801.0,3400.0,4134.61,,,P1,True
150,False,False,,False,False,False,3801.0,3400.0,4134.61,,,P1,True
151,False,False,,False,False,False,3801.0,3400.0,4212.41,,,P1,True
152,False,False,,False,False,False,3801.0,3400.0,4134.61,,,P1,True
153,False,False,,False,False,False,3801.0,3603.0,4134.61,,,P1,True
154,False,False,,False,False,False,3801.0,3603.0,4286.87,,,P1,True
155,False,False,,False,False,False,3801.0,3603.0,4286.87,,,P1,True
156,False,False,zone,False,True,False,3801.0,3603.0,4286.87,4286.87,,P1,True
157,False,False,,False,False,False,3801.0,3603.0,4212.41,,,P1,True
158,False,False,,False,False,False,3801.0,3603.0,4134.61,,,P1,True
159,False,False,,False,False,False,3801.0,3603.0,4134.61,,,P1,True
160,True,False,,False,False,False,3801.0,3603.0,4134.61,,,P1,True
161,True,True,swing,False,True,False,3801.0,3603.0,4134.61,3801.0,,P1,True
162,True,False,,False,False,False,3801.0,3603.0,4134.61,,,P1,True
163,True,False,,False,False,False,3801.0,3603.0,4134.61,,,P1,True
164,True,False,,False,False,False,3801.0,3603.0,4134.61,,,P1,True
165,True,False,,False,False,False,3801.0,3603.0,4134.61,,,P1,True
166,True,False,,False,False,False,3801.0,3603.0,4134.61,,,P1,True
167,True,False,,False,False,False,3760.0,3603.0,3801.0,,,P1,True
168,True,False,,False,False,False,3760.0,3603.0,3801.0,,,P1,True
169,True,False,,False,False,False,3760.0,3603.0,3801.0,,,P1,True
170,True,False,,False,False,False,3760.0,3603.0,3801.0,,,P1,True
171,True,False,,False,False,False,3760.0,3418.0,3801.0,,,P1,True
172,True,False,,False,False,False,3760.0,3395.0,3801.0,,,P1,True
173,True,False,,False,False,False,3760.0,3263.0,3801.0,,,P1,True
174,True,False,,False,False,False,3760.0,3165.13,3801.0,,,P1,True
175,True,False,,False,False,False,3760.0,3152.01,3801.0,,,P1,True
176,True,False,,False,False,False,3760.0,3031.0,3801.0,,,P1,True
177,True,False,,False,False,False,3760.0,2817.0,3801.0,,,P1,True
178,True,False,,False,False,False,2817.0,2817.0,3801.0,,,P1,True
179,True,False,,False,False,False,2817.0,2817.0,3801.0,,,P1,True
180,False,False,,False,False,False,2817.0,2817.0,3801.0,,,P1,True
181,False,False,,False,False,False,2817.0,2817.0,3801.0,,,P1,True
182,False,False,,False,False,False,2817.0,2817.0,3801.0,,,P1,True
183,False,False,,False,False,False,2817.0,2817.0,3801.0,,,P1,True
184,False,False,,False,False,False,3470.66,2817.0,3801.0,,,P1,True
185,False,False,,False,False,False,3470.66,2817.0,3801.0,,,P1,True
186,False,False,,False,False,False,3470.66,2817.0,3801.0,,,P1,True
187,False,False,,False,False,False,3470.66,2817.0,3801.0,,,P1,True
188,False,False,,False,False,False,3470.66,2817.0,3801.0,,,P1,True
189,False,False,,False,False,False,3470.66,2817.0,3801.0,,,P1,True
190,False,False,,False,False,False,3499.02,2817.0,3801.0,,,P1,True
191,False,False,,False,False,False,3499.02,2817.0,3801.0,,,P1,True
192,False,False,,False,False,False,3499.02,2817.0,3801.0,,,P1,True
193,False,False,,False,False,False,3499.02,2817.0,3801.0,,,P1,True
194,False,False,,False,False,False,3499.02,2817.0,3801.0,,,P1,True
195,False,False,,False,False,False,3499.02,2817.0,4032.62,,,P1,True
196,False,False,,False,False,False,3499.02,2817.0,3801.0,,,P1,True
197,False,False,,False,False,False,3499.02,2817.0,3801.0,,,P1,True
198,False,False,,False,False,False,3499.02,2817.0,3801.0,,,P1,True
199,False,False,,False,False,False,3499.02,2817.0,3801.0,,,P1,True
200,False,False,,False,False,False,3499.02,2817.0,3801.0,,,P1,True
201,False,False,,False,False,False,3830.91,2817.0,3830.91,,,P1,True
202,False,False,,False,False,False,3830.91,2817.0,3830.91,,,P1,True
203,False,False,,False,False,False,3830.91,2817.0,3830.91,,,P1,True
204,False,False,,False,False,False,3830.91,2817.0,3830.91,,,P1,True
205,False,False,,False,False,False,3830.91,2817.0,3830.91,,,P1,True
206,False,False,,False,False,False,3830.91,2817.0,3830.91,,,P1,True
207,False,False,,False,False,False,3820.0,2817.0,3825.455,,,P1,True
208,False,False,,False,False,False,3820.0,2817.0,3825.455,,,P1,True
209,False,False,,False,False,False,3820.0,2817.0,3825.455,,,P1,True
210,False,False,,False,False,False,3820.0,2817.0,3825.455,,,P1,True
211,False,False,,False,False,False,3820.0,2817.0,3801.0,,,P1,True
212,False,False,,False,False,False,3820.0,2817.0,3470.66,,,P1,True
213,False,False,,False,False,False,3820.0,2817.0,3470.66,,,P1,True
214,False,False,,False,False,False,3820.0,2817.0,3470.66,,,P1,True
215,False,False,,False,False,False,3820.0,2817.0,3801.0,,,P1,True
216,False,False,,False,False,False,3820.0,2817.0,3801.0,,,P1,True
217,False,False,,False,False,False,3820.0,2817.0,3801.0,,,P1,True
218,False,False,,False,False,False,3820.0,2817.0,3801.0,,,P1,True
219,False,False,,False,False,False,3820.0,2817.0,3801.0,,,P1,True
220,False,False,,False,False,False,3820.0,2817.0,3801.0,,,P1,True
221,False,False,,False,False,False,3505.55,2817.0,3499.02,,,P1,True
222,False,False,,False,False,False,3505.55,2817.0,3499.02,,,P1,True
223,False,False,,False,False,False,3505.55,2817.0,3499.02,,,P1,True
224,False,False,,False,False,False,3505.55,2817.0,3499.02,,,P1,True
225,False,False,,False,False,False,3505.55,2817.0,3499.02,,,P1,True
226,False,False,,False,False,False,3505.55,2817.0,3499.02,,,P1,True
227,False,False,,False,False,False,3505.55,2817.0,3499.02,,,P1,True
228,False,False,,False,False,False,3505.55,2817.0,3499.02,,,P1,True
229,False,False,,False,False,False,3505.55,2817.0,3499.02,,,P1,True
230,False,False,,False,False,False,3505.55,2817.0,3499.02,,,P1,True
231,False,False,,False,False,False,3622.76,2817.0,3499.02,,,P1,True
232,False,False,,False,False,False,3622.76,2817.0,3499.02,,,P1,True
233,False,False,,False,False,False,3622.76,2817.0,3499.02,,,P1,True
234,False,False,,False,False,False,3622.76,2817.0,3499.02,,,P1,True
235,False,False,,False,False,False,3622.76,2817.0,3825.455,,,P1,True
236,False,False,,False,False,False,3622.76,2817.0,3825.455,,,P1,True
237,False,False,,False,False,False,3622.76,2817.0,3825.455,,,P1,True
238,False,False,,False,False,False,3622.76,2817.0,3825.455,,,P1,True
239,False,False,,False,False,False,3622.76,2817.0,3830.91,,,P1,True
240,False,False,,False,False,False,3622.76,2817.0,3830.91,,,P1,True
241,False,False,,False,False,False,3622.76,2817.0,3830.91,,,P1,True
242,False,False,,False,False,False,3622.76,2817.0,3830.91,,,P1,True
243,False,False,,False,False,False,3850.05,2817.0,3840.455,,,P1,True
244,False,False,,False,False,False,3850.05,2817.0,3840.455,,,P1,False
245,False,False,,False,False,False,3850.05,2817.0,3840.455,,,P1,False
246,False,False,,False,False,False,3850.05,2817.0,3840.455,,,P1,False
247,False,False,,False,False,False,3850.05,2817.0,3840.455,,,P1,False
248,False,False,,False,False,False,3872.81,2817.0,3850.025,,,P1,False
249,False,False,,False,False,False,3872.81,2817.0,3850.025,,,P1,False
250,False,False,,False,False,False,3872.81,2817.0,3850.025,,,P1,False
251,False,False,,False,False,False,3872.81,2817.0,3850.025,,,P1,False
252,False,False,,False,False,False,3872.81,2817.0,3850.025,,,P1,False
253,False,False,,False,False,False,3872.81,2817.0,3850.025,,,P1,False
254,False,False,,False,False,False,3872.81,2817.0,3850.05,,,P1,False
255,False,False,,False,False,False,3872.81,2817.0,3850.05,,,P1,False
256,False,False,,False,False,False,3872.81,2817.0,3850.05,,,P1,False
257,False,False,,False,False,False,3872.81,2817.0,3840.48,,,P1,False
258,False,False,,False,False,False,3872.81,2817.0,3840.48,,,P1,False
259,False,False,,False,False,False,3872.81,2817.0,3840.48,,,P1,False
260,False,False,,False,False,False,3952.01,2817.0,3840.48,,,P1,False
261,False,False,,False,False,False,3952.01,2817.0,3840.48,,,P1,False
262,False,False,,False,False,False,3952.01,2817.0,3840.48,,,P1,False
263,False,False,,False,False,False,3952.01,2817.0,3840.48,,,P1,False
264,False,False,,False,False,False,3952.01,2817.0,3840.48,,,P1,False
265,False,False,,False,False,False,3952.01,2817.0,3840.48,,,P1,False
266,False,False,,False,False,False,3952.01,2817.0,3840.48,,,P1,False
267,False,False,,False,False,False,3952.01,2817.0,3840.48,,,P1,False
268,False,False,,False,False,False,3952.01,2817.0,3840.48,,,P1,False
269,False,False,,False,False,False,3952.01,2817.0,3840.48,,,P1,False
270,False,False,,False,False,False,3952.01,2817.0,3840.48,,,P1,False
271,False,False,,False,False,False,3952.01,2817.0,3840.48,,,P1,False
272,False,False,,False,False,False,3952.01,2817.0,3840.48,,,P1,False
273,False,False,,False,False,False,3952.01,2817.0,3850.05,,,P1,False
274,False,False,,False,False,False,3952.01,2817.0,3850.05,,,P1,False
275,False,False,,False,False,False,4240.04,2817.0,4286.87,,,P1,False
276,False,False,,False,False,False,4240.04,2817.0,4286.87,,,P1,False
277,False,False,,False,False,False,4240.04,2817.0,4286.87,,,P1,False
278,False,False,,False,False,False,4240.04,2817.0,4286.87,,,P1,False
279,False,False,,False,False,False,4240.04,2817.0,4286.87,,,P1,False
280,False,False,,False,False,False,4240.04,2817.0,4286.87,,,P1,False
281,False,False,,False,False,False,4240.04,2817.0,4240.04,,,P1,False
282,False,False,swing|zone,False,True,False,4240.04,2817.0,4286.87,4286.87,,P1,False
283,False,False,swing|zone,False,True,False,4240.04,2817.0,4240.04,4240.04,,P1,False
284,False,False,,False,False,False,4240.04,2817.0,3840.48,,,P1,False
285,False,False,,False,False,False,4240.04,2817.0,4286.87,,,P1,False
286,False,False,,False,False,False,4240.04,2817.0,4286.87,,,P1,False
287,False,False,,False,False,False,4180.8,2817.0,4286.87,,,P1,False
288,False,False,,False,False,False,4180.8,2817.0,4212.41,,,P1,False
289,False,False,swing,False,True,False,4180.8,2817.0,3840.48,4180.8,,P1,False
290,False,False,,False,False,False,4180.8,2817.0,3840.48,,,P1,False
291,False,False,,False,False,False,4180.8,2817.0,3850.05,,,P1,False
292,False,False,,False,False,False,4180.8,2817.0,3850.05,,,P1,False
293,False,False,,False,False,False,4180.8,2817.0,3850.05,,,P1,False
294,False,False,,False,False,False,4180.8,2817.0,4212.41,,,P1,False
295,False,False,,False,False,False,4180.8,2817.0,4286.87,,,P1,False
296,False,False,,False,False,False,4180.8,2817.0,4286.87,,,P1,False
297,False,False,,False,False,False,4110.0,2870.9,4286.87,,,P1,False
298,False,False,,False,False,False,4110.0,3470.66,4286.87,,,P1,False
299,False,False,,False,False,False,4110.0,3470.66,4286.87,,,P1,False
300,False,False,,False,False,False,4110.0,3470.66,4286.87,,,P1,False
301,False,False,,False,False,False,4110.0,3470.66,3850.05,,,P1,False
302,False,False,,False,False,False,4110.0,3470.66,3850.05,,,P1,False
303,False,False,,False,False,False,4110.0,3499.02,3850.05,,,P1,False
304,False,False,,False,False,False,4110.0,3499.02,3850.05,,,P1,False
305,False,False,,False,False,False,4110.0,3499.02,3850.05,,,P1,False
306,False,False,,False,False,False,4110.0,3499.02,3850.05,,,P1,False
307,False,False,,False,False,False,4110.0,3499.02,3850.05,,,P1,False
308,False,False,,False,False,False,4110.0,3499.02,3840.48,,,P1,False
309,False,False,,False,False,False,4110.0,3499.03,3840.48,,,P1,False
310,False,False,,False,False,False,4312.56,3505.55,4298.33,,,P1,False
311,False,False,,False,False,False,4312.56,3505.55,4298.33,,,P1,False
312,False,False,,False,False,False,4312.56,3505.55,4298.33,,,P1,False
313,False,False,,False,False,False,4312.56,3505.55,4298.33,,,P1,False
314,False,False,,False,False,False,4312.56,3505.55,4298.33,,,P1,False
315,False,False,,False,False,False,4312.56,3505.55,4298.33,,,P1,False
316,False,False,,False,False,False,4312.56,3505.55,4298.33,,,P1,False
317,False,False,,False,False,False,4312.56,3505.55,4298.33,,,P1,False
318,False,False,,False,False,False,4312.56,3505.55,4298.33,,,P1,False
319,False,False,,False,False,False,4312.56,3505.55,4298.33,,,P1,False
320,False,False,,False,False,False,4312.56,3505.55,4298.33,,,P1,False
321,False,False,,False,False,False,4312.56,3505.55,4298.33,,,P1,False
322,False,False,,False,False,False,4312.56,3505.55,4298.33,,,P1,False
323,False,False,,False,False,False,4312.56,3505.55,4298.33,,,P1,False
324,False,False,,False,False,False,4312.56,3505.55,4298.33,,,P1,False
325,False,False,,False,False,False,4312.56,3505.55,4298.33,,,P1,False
326,False,False,,False,False,False,4312.56,3505.55,4298.33,,,P1,False
327,False,False,,False,False,False,4312.56,3505.55,4298.33,,,P1,False
328,False,False,,False,False,False,4312.56,3505.55,4298.33,,,P1,False
329,False,False,,False,False,False,4312.56,3505.55,4298.33,,,P1,False
330,False,False,,False,False,False,4312.56,3505.55,4298.33,,,P1,False
331,False,False,,False,False,False,4680.59,3505.55,4298.33,,,P1,False
332,False,False,,False,False,False,4680.59,3505.55,4298.33,,,P1,False
333,False,False,,False,False,False,4680.59,3505.55,4298.33,,,P1,False
334,False,False,,False,False,False,4680.59,3505.55,4298.33,,,P1,False
335,False,False,,False,False,False,4680.59,3505.55,4298.33,,,P1,False
336,False,False,,False,False,False,4680.59,3505.55,4298.33,,,P1,False
337,False,False,,False,False,False,4680.59,3505.55,4298.33,,,P1,False
338,False,False,,False,False,False,4680.59,3505.55,4298.33,,,P1,False
339,False,False,,False,False,False,4680.59,3505.55,4298.33,,,P1,False
340,False,False,,False,False,False,4680.59,3514.08,4298.33,,,P1,False
341,False,False,,False,False,False,4680.59,3542.91,4298.33,,,P1,False
342,False,False,,False,False,False,4680.59,3542.91,4298.33,,,P1,False
343,False,False,,False,False,False,4680.59,3600.9,4298.33,,,P1,False
344,False,False,,False,False,False,4680.59,3622.76,4298.33,,,P1,False
345,False,False,,False,False,False,4680.59,3622.76,4240.04,,,P1,False
346,False,False,,False,False,False,4680.59,3622.76,4240.04,,,P1,False
347,False,False,,False,False,False,4680.59,3622.76,4240.04,,,P1,False
348,False,False,,False,False,False,4680.59,3622.76,4240.04,,,P1,False
349,False,False,,False,False,False,4680.59,3622.76,4240.04,,,P1,False
350,False,False,,False,False,False,4680.59,3624.38,4240.04,,,P1,False
351,False,False,,False,False,False,4680.59,3624.38,4240.04,,,P1,False
352,False,False,,False,False,False,4680.59,3624.38,4240.04,,,P1,False
353,False,False,,False,False,False,4680.59,3650.7,4240.04,,,P1,False
354,False,False,,False,False,False,4680.59,3653.69,4240.04,,,P1,False
355,False,False,,False,False,False,4680.59,3747.94,4240.04,,,P1,False
356,False,False,,False,False,False,4680.59,3747.94,4240.04,,,P1,False
357,False,False,,False,False,False,4680.59,3770.0,4240.04,,,P1,False
358,False,False,,False,False,False,5400.01,3850.05,4240.04,,,P1,False
359,False,False,,False,False,False,5400.01,3850.05,4240.04,,,P1,False
360,False,False,,False,False,False,5400.01,3850.05,4240.04,,,P1,False
361,False,False,,False,False,False,5400.01,3850.05,4240.04,,,P1,False
362,False,False,,False,False,False,5400.01,3872.81,4240.04,,,P1,False
363,False,False,,False,False,False,5400.01,3872.81,4240.04,,,P1,False
364,False,False,,False,False,False,5400.01,3872.81,4240.04,,,P1,False
365,False,False,,False,False,False,5400.01,3872.81,4240.04,,,P1,False
366,False,False,,False,False,False,5400.01,3872.81,4240.04,,,P1,False
367,False,False,,False,False,False,5400.01,3930.0,4240.04,,,P1,False
368,False,False,,False,False,False,5400.01,3931.0,4240.04,,,P1,False
369,False,False,,False,False,False,5400.01,3952.01,4180.8,,,P1,False
370,False,False,,False,False,False,5400.01,3952.01,3840.48,,,P1,False
371,False,False,,False,False,False,5400.01,3952.01,3840.48,,,P1,False
372,False,False,,False,False,False,5400.01,3952.01,4240.04,,,P1,False
373,False,False,,False,False,True,5400.01,3952.01,4240.04,,5400.01,P1,False
374,False,False,,False,False,False,5400.01,3952.01,4240.04,,,P1,False
375,False,False,,False,False,False,5400.01,3952.01,4240.04,,,P1,False
376,False,False,,False,False,False,5400.01,3952.01,4240.04,,,P1,False
377,False,False,,False,False,False,5037.95,3952.01,4240.04,,,P1,False
378,False,False,,False,False,False,5037.95,3952.01,4240.04,,,P1,False
379,False,False,,False,False,False,5037.95,3970.0,4240.04,,,P1,False
380,False,False,,False,False,False,5037.95,4060.02,4240.04,,,P1,False
381,False,False,,False,False,False,5037.95,4101.01,4240.04,,,P1,False
382,False,False,,False,False,False,5037.95,4101.01,4180.8,,,P1,False
383,False,False,,False,False,False,5037.95,4106.0,3840.48,,,P1,False
384,False,False,,False,False,False,5037.95,4110.0,3840.48,,,P1,False
385,False,False,,False,False,False,5037.95,4110.0,3840.48,,,P1,False
386,False,False,,False,False,False,5037.95,4110.0,4240.04,,,P1,False
387,False,False,,False,False,False,5037.95,4110.0,4240.04,,,P1,False
388,False,False,,False,False,False,5037.95,4110.0,4240.04,,,P1,False
389,False,False,,False,False,False,5037.95,4110.0,4240.04,,,P1,False
390,False,False,,False,False,False,5037.95,4110.0,4240.04,,,P1,False
391,False,False,,False,False,False,5037.95,4110.0,4240.04,,,P1,False
392,False,False,,False,False,False,5037.95,4110.0,4180.8,,,P1,False
393,False,False,,False,False,False,5037.95,4110.0,4240.04,,,P1,False
394,False,False,,False,False,False,5037.95,4110.0,4240.04,,,P1,False
395,False,False,,False,False,False,5037.95,4110.0,4240.04,,,P1,False
396,False,False,,False,False,False,5037.95,4110.0,4240.04,,,P1,False
397,False,False,,False,False,False,5037.95,4110.0,4240.04,,,P1,False
398,False,False,,False,False,False,5037.95,4110.0,4240.04,,,P1,False
399,False,False,,False,False,False,5037.95,4110.0,4240.04,,,P1,False
400,False,False,,False,False,False,5720.03,4110.0,4240.04,,,P1,False
401,False,False,,False,False,False,5720.03,4110.0,4240.04,,,P1,False
402,False,False,,False,False,False,5720.03,4110.0,4240.04,,,P1,False
403,False,False,,False,False,False,5720.03,4110.0,4240.04,,,P1,False
404,False,False,,False,False,False,5720.03,4110.0,4240.04,,,P1,False
405,False,False,,False,False,False,5720.03,4110.0,4240.04,,,P1,False
406,False,False,,False,False,False,5720.03,4110.0,4240.04,,,P1,False
407,False,False,,False,False,False,5720.03,4110.0,4240.04,,,P1,False
408,False,False,,False,False,False,5720.03,4110.0,4240.04,,,P1,False
409,False,False,,False,False,False,5720.03,4110.0,4240.04,,,P1,False
410,False,False,,False,False,False,5482.22,4110.0,4240.04,,,P1,False
411,False,False,,False,False,False,5482.22,4110.0,4240.04,,,P1,False
412,False,False,swing,False,True,True,5482.22,4110.0,4240.04,5482.22,5482.22,P1,False
413,False,False,swing,False,True,False,5482.22,4110.0,4240.04,5482.22,,P1,False
414,False,False,,False,False,False,5482.22,4110.0,4240.04,,,P1,False
415,False,False,,False,False,False,5482.22,4110.0,4240.04,,,P1,False
416,False,False,,False,False,False,5286.98,4112.23,4240.04,,,P1,False
417,False,False,,False,False,False,5286.98,4226.05,4240.04,,,P1,False
418,False,False,,False,False,False,5286.98,4275.0,4240.04,,,P1,False
419,False,False,,False,False,False,5286.98,4292.0,4240.04,,,P1,False
420,False,False,,False,False,False,5286.98,4292.0,4240.04,,,P1,False
421,False,False,,False,False,False,5286.98,4300.02,4240.04,,,P1,False
422,False,False,,False,False,False,5286.98,4312.56,4240.04,,,P1,False
423,False,False,,False,False,False,5286.98,4312.56,4240.04,,,P1,False
424,False,False,,False,False,False,5286.98,4312.56,4240.04,,,P1,False
425,False,False,,False,False,False,5286.98,4312.56,4240.04,,,P1,False
426,False,False,,False,False,False,5286.98,4312.56,4240.04,,,P1,False
427,False,False,,False,False,False,5286.98,4312.56,4240.04,,,P1,False
428,False,False,,False,False,False,5286.98,4312.56,4240.04,,,P1,False
429,False,False,,False,False,False,5286.98,4326.0,4240.04,,,P1,False
430,False,False,,False,False,False,5286.98,4326.02,4240.04,,,P1,False
431,False,False,,False,False,False,5286.98,4336.01,4180.8,,,P1,False
432,False,False,,False,False,False,5649.24,4425.0,3840.48,,,P1,False
433,False,False,,False,False,False,5649.24,4437.0,3840.48,,,P1,False
434,False,False,,False,False,False,5649.24,4441.01,3840.48,,,P1,False
435,False,False,,False,False,False,5649.24,4460.02,3840.48,,,P1,False
436,False,False,,False,False,False,5649.24,4525.0,3840.48,,,P1,False
437,False,False,,False,False,False,5630.03,4550.0,3840.48,,,P1,False
438,False,False,,False,False,False,5630.03,4550.0,3850.05,,,P1,False
439,False,False,,False,False,False,5630.03,4550.0,3850.05,,,P1,False
440,False,False,,False,False,False,5630.03,4564.32,3850.05,,,P1,False
441,False,False,,False,False,False,5630.03,4615.0,3850.05,,,P1,False
442,False,False,,False,False,False,5630.03,4664.11,3850.05,,,P1,False
443,False,False,,False,False,False,5630.03,4680.59,3850.05,,,P1,False
444,False,False,,False,False,False,5630.03,4680.59,,,,P1,False
445,False,False,,False,False,False,5630.03,4680.59,,,,P1,False
446,False,False,,False,False,False,5630.03,4680.59,,,,P1,False
447,False,False,,False,False,False,5630.03,4680.59,,,,P1,False
448,False,False,,False,False,False,5630.03,4680.59,,,,P1,False
449,False,False,,False,False,False,6030.0,4680.59,,,,P1,False
450,False,False,,False,False,False,6030.0,4710.0,,,,P1,False
451,False,False,,False,False,False,6030.0,4720.02,,,,P1,False
452,False,False,,False,False,False,6030.0,4751.01,,,,P1,False
453,False,False,,False,False,False,6030.0,4751.01,,,,P1,False
454,False,False,,False,False,False,6030.0,4800.57,,,,P1,False
455,False,False,,False,False,False,6030.0,4800.57,,,,P1,False
456,False,False,,False,False,False,6030.0,4810.16,,,,P1,False
457,False,False,,False,False,False,6030.0,4843.21,,,,P1,False
458,False,False,,False,False,False,6030.0,5010.2,,,,P1,False
459,False,False,,False,False,False,6030.0,5037.95,,,,P1,False
460,False,False,,False,False,False,6030.0,5037.95,,,,P1,False
461,False,False,,False,False,False,6030.0,5037.95,,,,P1,False
462,False,False,,False,False,False,6030.0,5037.95,5649.24,,,P1,False
463,False,False,,False,False,False,6030.0,5037.95,5649.24,,,P1,False
464,False,False,,False,False,False,6030.0,5037.95,5649.24,,,P1,False
465,False,False,,False,False,False,6030.0,5037.95,5649.24,,,P1,False
466,False,False,,False,False,False,6030.0,5037.95,5649.24,,,P1,False
467,False,False,,False,False,False,6030.0,5037.95,5649.24,,,P1,False
468,False,False,,False,False,False,6030.0,5037.95,5649.24,,,P1,False
469,False,False,,False,False,False,6030.0,5037.95,5649.24,,,P1,False
470,False,False,,False,False,False,6030.0,5037.95,5649.24,,,P1,False
471,False,False,,False,False,False,6030.0,5037.95,5649.24,,,P1,False
472,False,False,,False,False,False,6030.0,5037.95,5649.24,,,P1,False
473,False,False,,False,False,False,6030.0,5037.95,5649.24,,,P1,False
474,False,False,,False,False,False,6030.0,5037.95,5649.24,,,P1,False
475,False,False,,False,False,False,6030.0,5037.95,5649.24,,,P1,False
476,False,False,,False,False,False,6901.0,5037.95,5649.24,,,P1,False
477,False,False,,False,False,False,6901.0,5037.95,5649.24,,,P1,False
478,False,False,,False,False,False,6901.0,5037.95,5649.24,,,P1,False
479,False,False,,False,False,False,6901.0,5037.95,5649.24,,,P1,False
480,False,False,,False,False,False,6901.0,5037.95,5649.24,,,P1,False
481,False,False,,False,False,False,6901.0,5037.95,5649.24,,,P1,False
482,False,False,,False,False,False,6901.0,5037.95,5649.24,,,P1,False
483,False,False,,False,False,False,6901.0,5037.95,5649.24,,,P1,False
484,False,False,,False,False,False,6901.0,5037.95,5649.24,,,P1,False
485,False,False,,False,False,False,6901.0,5037.95,5649.24,,,P1,False
486,False,False,,False,False,False,6901.0,5037.95,5649.24,,,P1,False
487,False,False,,False,False,False,6901.0,5037.95,5649.24,,,P1,False
488,False,False,,False,False,False,6901.0,5037.95,5649.24,,,P1,False
489,False,False,,False,False,False,6901.0,5037.95,5649.24,,,P1,False
490,False,False,,False,False,False,6901.0,5037.95,5649.24,,,P1,False
491,False,False,,False,False,False,6901.0,5037.95,5649.24,,,P1,False
492,False,False,,False,False,False,6901.0,5037.95,5649.24,,,P1,False
493,False,False,,False,False,False,6906.0,5037.95,5649.24,,,P1,False
494,False,False,,False,False,False,6906.0,5037.95,5649.24,,,P1,False
495,False,False,,False,False,False,6906.0,5037.95,5649.24,,,P1,False
496,False,False,,False,False,False,6906.0,5286.98,5649.24,,,P1,False
497,False,False,,False,False,False,6901.0,5286.98,6901.0,,,P1,False
498,False,False,,False,False,False,6901.0,5286.98,6901.0,,,P1,False
499,False,False,,False,False,False,6901.0,5286.98,6901.0,,,P1,False
500,False,False,,False,False,False,6901.0,5286.98,6901.0,,,P1,False
501,False,False,,False,False,False,6901.0,5286.98,6901.0,,,P1,False
502,False,False,,False,False,False,6901.0,5286.98,6901.0,,,P1,False
503,False,False,,False,False,False,6901.0,5286.98,6901.0,,,P1,False
504,False,False,,False,False,False,6651.0,5286.98,6901.0,,,P1,False
505,False,False,,False,False,False,6651.0,5286.98,6901.0,,,P1,False
506,False,False,,False,False,False,6651.0,5286.98,6901.0,,,P1,False
507,False,False,,False,False,False,6651.0,5286.98,6901.0,,,P1,False
508,False,False,,False,False,False,6651.0,5286.98,6901.0,,,P1,False
509,False,False,,False,False,False,7015.0,5286.98,6903.5,,,P1,False
510,False,False,,False,False,False,7015.0,5286.98,5649.24,,,P1,False
511,False,False,,False,False,True,7015.0,5286.98,5649.24,,,P1,False
512,False,False,,False,False,False,7015.0,5286.98,5649.24,,,P1,False
513,False,False,,False,False,False,7015.0,5286.98,5649.24,,,P1,False
514,False,False,,False,False,False,7015.0,5286.98,5649.24,,,P1,False
515,False,False,,False,False,False,7015.0,5286.98,5649.24,,,P1,False
516,False,False,,False,False,False,7015.0,5286.98,5649.24,,,P1,False
517,True,False,,False,False,False,6255.01,5286.98,5649.24,,,P1,False
518,True,False,,False,False,False,6255.01,5286.98,5649.24,,,P1,False
519,True,False,,False,False,False,6255.01,5286.98,5649.24,,,P1,False
520,False,False,,False,False,False,6255.01,5286.98,5649.24,,,P1,False
521,True,True,zone,True,True,True,6255.01,5286.98,5649.24,5649.24,5286.98,P1,False
522,True,False,,False,False,False,6255.01,5286.98,5649.24,,,P1,False
523,True,False,,False,False,False,6255.01,5286.98,5649.24,,,P1,False
524,True,False,,False,False,False,6255.01,5286.98,5649.24,,,P1,False
525,True,False,,False,False,False,5325.01,5286.98,5649.24,,,P1,False
526,True,False,,False,False,False,5325.01,5286.98,5649.24,,,P1,False
527,False,False,,False,False,False,5325.01,5286.98,5649.24,,,P1,False
528,False,False,,False,False,False,5325.01,5286.98,5649.24,,,P1,False
529,False,False,,False,False,False,5600.0,5286.98,5639.635,,,P1,False
530,False,False,,False,False,False,5600.0,5286.98,5639.635,,,P1,False
531,False,False,,False,False,False,5600.0,5286.98,5639.635,,,P1,False
532,False,False,,False,False,False,5600.0,5286.98,5639.635,,,P1,False
533,False,False,,False,False,False,5600.0,5286.98,5639.635,,,P1,False
534,False,False,,False,False,False,5600.0,5286.98,5639.635,,,P1,False
535,False,False,,False,False,False,5600.0,5325.01,5639.635,,,P1,False
536,False,False,,False,False,False,5600.0,5325.01,5639.635,,,P1,False
537,False,False,,False,False,False,5600.0,5325.01,5639.635,,,P1,False
538,False,False,,False,False,False,5600.0,5325.01,5639.635,,,P1,False
539,False,False,,False,False,False,6311.07,5325.01,5639.635,,,P1,False
540,False,False,,False,False,False,6311.07,5325.01,6903.5,,,P1,False
541,False,False,,False,False,False,6311.07,5325.01,6903.5,,,P1,False
542,False,False,,False,False,False,6311.07,5325.01,6903.5,,,P1,False
543,False,False,,False,False,False,6311.07,5325.01,6903.5,,,P1,False
544,False,False,,False,False,False,6311.07,5325.01,6903.5,,,P1,False
545,False,False,,False,False,False,6311.07,5325.01,6903.5,,,P1,False
546,False,False,,False,False,False,6311.07,5325.01,6903.5,,,P1,False
547,False,False,,False,False,False,6311.07,5325.01,6903.5,,,P1,False
548,False,False,,False,False,False,6311.07,5325.01,6903.5,,,P1,False
549,False,False,,False,False,False,6311.07,5325.01,6903.5,,,P1,False
550,False,False,,False,False,False,6311.07,5325.01,6903.5,,,P1,False
551,False,False,,False,False,False,6311.07,5325.01,6903.5,,,P1,False
552,False,False,,False,False,False,6311.07,5325.01,6903.5,,,P1,False
553,False,False,,False,False,False,6311.07,5325.01,6903.5,,,P1,False
554,False,False,,False,False,False,6311.07,5325.01,6903.5,,,P1,False
555,False,False,,False,False,False,6311.07,5325.01,6903.5,,,P1,False
556,False,False,swing,False,True,False,7451.0,5325.01,6903.5,7451.0,,P1,False
557,False,False,,False,False,False,7451.0,5325.01,6903.5,,,P1,False
558,False,False,,False,False,False,7451.0,5325.01,6903.5,,,P1,False
559,False,False,,False,False,False,7451.0,5325.01,6903.5,,,P1,False
560,False,False,,False,False,False,7422.0,5325.01,6903.5,,,P1,False
561,False,False,,False,False,False,7422.0,5325.01,6903.5,,,P1,False
562,False,False,,False,False,False,7422.0,5325.01,6903.5,,,P1,False
563,False,False,,False,False,False,7422.0,5325.01,6903.5,,,P1,False
564,False,False,,False,False,False,7422.0,5325.01,6903.5,,,P1,False
565,False,False,,False,False,False,7422.0,5325.01,6901.0,,,P1,False
566,False,False,,False,False,False,7422.0,5325.01,6901.0,,,P1,False
567,False,False,,False,False,False,7422.0,5325.01,6901.0,,,P1,False
568,False,False,,False,False,False,7422.0,5325.01,6901.0,,,P1,False
569,False,False,,False,False,False,7422.0,5325.01,6901.0,,,P1,False
570,False,False,,False,False,False,7422.0,5325.01,6901.0,,,P1,False
571,False,False,,False,False,False,7422.0,5325.01,6901.0,,,P1,False
572,False,False,,False,False,False,7422.0,5325.01,6901.0,,,P1,False
573,False,False,,False,False,False,7422.0,5325.01,6901.0,,,P1,False
574,False,False,,False,False,False,7422.0,5325.01,6901.0,,,P1,False
575,False,False,,False,False,False,7422.0,5325.01,6901.0,,,P1,False
576,False,False,,False,False,False,7422.0,5325.01,6901.0,,,P1,False
577,False,False,,False,False,False,7422.0,5325.01,6901.0,,,P1,False
578,False,False,,False,False,False,7801.0,5325.01,6901.0,,,P1,False
579,False,False,,False,False,False,7801.0,5325.01,6901.0,,,P1,False
580,False,False,,False,False,False,7801.0,5325.01,6901.0,,,P1,False
581,False,False,,False,False,False,7801.0,5325.01,6901.0,,,P1,False
582,False,False,,False,False,False,7801.0,5325.01,6901.0,,,P1,False
583,False,False,,False,False,False,7801.0,5325.01,6901.0,,,P1,False
584,False,False,,False,False,False,7801.0,5325.01,6901.0,,,P1,False
585,False,False,,False,False,False,7801.0,5325.01,6901.0,,,P1,False
586,False,False,,False,False,False,7801.0,5325.01,6901.0,,,P1,False
587,False,False,,False,False,False,7801.0,5325.01,6901.0,,,P1,False
588,False,False,,False,False,False,7801.0,5325.01,6901.0,,,P1,False
589,False,False,,False,False,False,7801.0,5325.01,6901.0,,,P1,False
590,False,False,,False,False,False,7801.0,5325.01,6901.0,,,P1,False
591,False,False,,False,False,False,7801.0,5325.01,6901.0,,,P1,False
592,False,False,,False,False,False,7801.0,5325.01,6901.0,,,P1,False
593,False,False,,False,False,False,7801.0,5325.01,6901.0,,,P1,False
594,False,False,,False,False,False,7801.0,5325.01,6901.0,,,P1,False
595,False,False,,False,False,False,7801.0,5325.01,6901.0,,,P1,False
596,False,False,,False,False,False,7850.0,5325.01,6901.0,,,P1,False
597,False,False,,False,False,False,7850.0,5325.01,6901.0,,,P1,False
598,False,False,,False,False,False,7850.0,5325.01,6901.0,,,P1,False
599,False,False,,False,False,False,7850.0,5325.01,6901.0,,,P1,False
600,False,False,,False,False,False,7850.0,5325.01,6901.0,,,P1,False
601,False,False,,False,False,False,7850.0,5325.01,6901.0,,,P1,False
602,False,False,,False,False,False,7850.0,5325.01,6901.0,,,P1,False
603,False,False,,False,False,False,7850.0,5325.01,6901.0,,,P1,False
604,False,False,,False,False,False,7850.0,5325.01,6901.0,,,P1,False
605,False,False,,False,False,False,7850.0,5325.01,6901.0,,,P1,False
606,False,False,,False,False,False,7850.0,5325.01,6901.0,,,P1,False
607,False,False,,False,False,False,7850.0,5325.01,6901.0,,,P1,False
608,False,False,,False,False,False,7850.0,5325.01,6901.0,,,P1,False
609,False,False,,False,False,False,7850.0,5325.01,6901.0,,,P1,False
610,False,False,,False,False,False,7850.0,5325.01,6901.0,,,P1,False
611,False,False,,False,False,False,7850.0,5325.01,6901.0,,,P1,False
612,False,False,,False,False,True,7850.0,5325.01,6903.5,,,P1,False
613,False,False,,False,False,False,7850.0,5325.01,6903.5,,,P1,False
614,False,False,,False,False,False,7850.0,5325.01,6903.5,,,P1,False
615,False,False,,False,False,False,7850.0,5325.01,6903.5,,,P1,False
616,False,False,,False,False,False,7850.0,5325.01,6903.5,,,P1,False
617,False,False,,False,False,False,7850.0,5325.01,6903.5,,,P1,False
618,False,False,,False,False,False,7850.0,5325.01,6903.5,,,P1,False
619,False,False,,False,False,False,7850.0,5325.01,6903.5,,,P1,False
620,False,False,,False,False,False,7850.0,5325.01,6903.5,,,P1,False
621,False,False,,False,False,False,7850.0,5325.01,6903.5,,,P1,False
622,False,False,,False,False,False,7850.0,5325.01,6901.0,,,P1,False
623,False,False,,False,False,False,7850.0,5325.01,6903.5,,,P1,False
624,False,False,,False,False,False,7850.0,5325.01,6903.5,,,P1,False
625,False,False,,False,False,False,7850.0,5325.01,6903.5,,,P1,False
626,False,False,,False,False,False,7850.0,5325.01,6903.5,,,P1,False
627,False,False,,False,False,False,7850.0,5325.01,6903.5,,,P1,False
628,False,False,,False,False,False,7850.0,5325.01,6903.5,,,P1,False
629,False,False,,False,False,False,7850.0,5325.01,6903.5,,,P1,False
630,False,False,,False,False,False,8520.0,5325.01,6903.5,,,P1,False
631,False,False,,False,False,False,8520.0,5325.01,6903.5,,,P1,False
632,False,False,,False,False,False,8520.0,5325.01,6903.5,,,P1,False
633,False,False,,False,False,False,8520.0,5325.01,6903.5,,,P1,False
634,False,False,,False,False,False,8520.0,5325.01,6903.5,,,P1,False
635,False,False,,False,False,False,8850.8,5325.01,6903.5,,,P1,False
636,False,False,,False,False,False,8850.8,5325.01,6903.5,,,P1,False
637,False,False,,False,False,False,8850.8,5325.01,6903.5,,,P1,False
638,False,False,,False,False,False,8850.8,5325.01,6903.5,,,P1,False
639,False,False,,False,False,False,8850.8,5325.01,6903.5,,,P1,False
640,False,False,,False,False,False,8850.8,5325.01,6903.5,,,P1,False
641,False,False,,False,False,False,8850.8,5325.01,6903.5,,,P1,False
642,False,False,,False,False,False,8850.8,5325.01,6903.5,,,P1,False
643,False,False,,False,False,False,8850.8,5325.01,6903.5,,,P1,False
644,False,False,,False,False,False,8850.8,5600.0,6903.5,,,P1,False
645,False,False,,False,False,False,8850.8,5600.0,6903.5,,,P1,False
646,False,False,,False,False,False,8850.8,5600.0,6903.5,,,P1,False
647,False,False,,False,False,False,10620.0,5600.0,6903.5,,,P1,False
648,False,False,,False,False,False,10620.0,5699.99,6903.5,,,P1,False
649,False,False,,False,False,False,10620.0,5958.11,6903.5,,,P1,False
650,False,False,,False,False,False,10620.0,6150.33,6903.5,,,P1,False
651,False,False,,False,False,False,10620.0,6190.0,6903.5,,,P1,False
652,False,False,,False,False,False,10620.0,6190.0,6903.5,,,P1,False
653,False,False,,False,False,False,10620.0,6256.54,6903.5,,,P1,False
654,False,False,,False,False,False,10620.0,6311.07,6903.5,,,P1,False
655,False,False,,False,False,False,10500.0,6311.07,6903.5,,,P1,False
656,False,False,,False,False,False,10500.0,6311.07,6903.5,,,P1,False
657,False,False,,False,False,False,10500.0,6311.07,6903.5,,,P1,False
658,False,False,,False,False,False,10500.0,6391.0,6903.5,,,P1,False
659,False,False,,False,False,False,10802.0,6520.69,10620.0,,,P1,False
660,False,False,,False,False,False,10802.0,6575.99,10620.0,,,P1,False
661,False,False,,False,False,False,10802.0,6749.98,10620.0,,,P1,False
662,False,False,,False,False,False,10802.0,6825.0,10620.0,,,P1,False
663,False,False,,False,False,False,10802.0,6998.0,10620.0,,,P1,False
664,False,False,,False,False,False,10802.0,7057.0,10620.0,,,P1,False
665,False,False,,False,False,False,10802.0,7076.0,10620.0,,,P1,False
666,False,False,,False,False,False,10802.0,7076.0,10620.0,,,P1,False
667,False,False,,False,False,False,10802.0,7145.0,10620.0,,,P1,False
668,False,False,,False,False,False,10802.0,7313.0,10620.0,,,P1,False
669,False,False,,False,False,False,10802.0,7313.0,10620.0,,,P1,False
670,False,False,,False,False,False,10802.0,7393.38,10620.0,,,P1,False
671,False,False,,False,False,False,10802.0,7422.0,10620.0,,,P1,False
672,False,False,,False,False,False,10802.0,7422.0,10620.0,,,P1,False
673,False,False,,False,False,False,10802.0,7422.0,10620.0,,,P1,False
674,False,False,,False,False,False,10802.0,7422.0,10620.0,,,P1,False
675,False,False,,False,False,False,10802.0,7422.0,10620.0,,,P1,False
676,False,False,,False,False,False,10802.0,7422.0,10620.0,,,P1,False
677,False,False,,False,False,True,10802.0,7422.0,10620.0,,,P1,False
678,False,False,,False,False,False,10802.0,7422.0,10620.0,,,P1,False
679,False,False,,False,False,False,10802.0,7519.79,10620.0,,,P1,False
680,False,False,,False,False,False,10802.0,7602.02,10620.0,,,P1,False
681,False,False,,False,False,False,10802.0,7602.02,10620.0,,,P1,False
682,False,False,,False,False,False,14015.0,7603.0,10620.0,,,P1,False
683,False,False,,False,False,False,14015.0,7650.33,10620.0,,,P1,False
684,False,False,,False,False,False,14015.0,7650.33,10620.0,,,P1,False
685,False,False,,False,False,False,14015.0,7650.33,10620.0,,,P1,False
686,False,False,,False,False,True,14015.0,7675.62,10620.0,,14015.0,P1,False
687,False,False,,False,False,False,14015.0,7700.0,10620.0,,,P1,False
688,False,False,,False,False,False,14015.0,7737.17,10620.0,,,P1,False
689,False,False,,False,False,False,14015.0,7801.0,10620.0,,,P1,False
690,False,False,,False,False,False,14015.0,7801.0,10620.0,,,P1,False
691,False,False,,False,False,False,14015.0,7801.0,10620.0,,,P1,False
692,False,False,,False,False,False,14015.0,7801.0,10620.0,,,P1,False
693,False,False,,False,False,False,12368.0,7801.0,10620.0,,,P1,False
694,False,False,,False,False,False,12368.0,7801.0,10620.0,,,P1,False
695,False,False,,False,False,False,12368.0,7801.0,10620.0,,,P1,False
696,False,False,,False,False,False,12368.0,7801.0,10620.0,,,P1,False
697,False,False,,False,False,False,12368.0,7821.0,10620.0,,,P1,False
698,False,False,,False,False,False,12368.0,7850.0,10620.0,,,P1,False
699,False,False,,False,False,False,12368.0,7850.0,10620.0,,,P1,False
700,False,False,,False,False,False,12368.0,7850.0,10620.0,,,P1,False
701,False,False,,False,False,False,12368.0,7850.0,10620.0,,,P1,False
702,False,False,,False,False,False,12368.0,7850.0,10620.0,,,P1,False
703,False,False,,False,False,False,12368.0,7850.0,10620.0,,,P1,False
704,False,False,,False,False,False,12368.0,7850.0,10620.0,,,P1,False
705,False,False,,False,False,False,12368.0,7850.0,10620.0,,,P1,False
706,False,False,,False,False,False,12368.0,7850.0,10620.0,,,P1,False
707,False,False,,False,False,False,12368.0,7850.0,10620.0,,,P1,False
708,False,False,,False,False,False,12368.0,7850.0,10620.0,,,P1,False
709,False,False,,False,False,False,12368.0,7850.0,10620.0,,,P1,False
710,False,False,,False,False,False,14666.56,7850.0,10620.0,,,P1,False
711,False,False,,False,False,False,14666.56,7850.0,10620.0,,,P1,False
712,False,False,,False,False,False,14666.56,7850.0,10620.0,,,P1,False
713,False,False,,False,False,False,14666.56,7850.0,10620.0,,,P1,False
714,False,False,,False,False,False,14853.68,7850.0,10620.0,,,P1,False
715,False,False,,False,False,False,14853.68,7950.0,10620.0,,,P1,False
716,False,False,,False,False,False,14853.68,7950.0,10620.0,,,P1,False
717,False,False,,False,False,False,14853.68,8079.0,10620.0,,,P1,False
718,False,False,,False,False,False,14853.68,8090.0,10620.0,,,P1,False
719,False,False,,False,False,False,14853.68,8090.0,10620.0,,,P1,False
720,False,False,,False,False,False,14853.68,8090.0,10620.0,,,P1,False
721,False,False,,False,False,False,14853.68,8141.01,10620.0,,,P1,False
722,False,False,,False,False,False,14853.68,8276.0,10620.0,,,P1,False
723,False,False,,False,False,False,14853.68,8394.49,10620.0,,,P1,False
724,False,False,,False,False,False,14853.68,8500.0,10620.0,,,P1,False
725,False,False,,False,False,False,14853.68,8520.0,10620.0,,,P1,False
726,False,False,,False,False,False,14853.68,8520.0,10620.0,,,P1,False
727,False,False,,False,False,False,14853.68,8520.0,10620.0,,,P1,False
728,False,False,,False,False,False,17190.01,8520.0,10620.0,,,P1,False
729,False,False,,False,False,False,17190.01,8520.0,10620.0,,,P1,False
730,False,False,,False,False,False,17190.01,8520.0,10620.0,,,P1,False
731,False,False,,False,False,False,17190.01,8520.0,10620.0,,,P1,False
732,False,False,,False,False,False,17190.01,8520.0,10620.0,,,P1,False
733,False,False,,False,False,False,17190.01,8520.0,10620.0,,,P1,False
734,False,False,,False,False,False,17190.01,8520.0,10620.0,,,P1,False
735,False,False,,False,False,False,17190.01,8520.0,10620.0,,,P1,False
736,False,False,swing,False,True,True,17190.01,8520.0,10620.0,17190.01,,P1,False
737,False,False,,False,False,False,17190.01,8520.0,10620.0,,,P1,False
738,False,False,,False,False,False,17190.01,8520.0,10620.0,,,P1,False
739,False,False,,False,False,False,17190.01,8520.0,10620.0,,,P1,False
740,False,False,,False,False,False,17029.98,8520.0,10620.0,,,P1,False
741,False,False,,False,False,False,17029.98,8520.0,10620.0,,,P1,False
742,False,False,,False,False,False,17029.98,8520.0,10620.0,,,P1,False
743,False,False,,False,False,False,17029.98,8520.0,10620.0,,,P1,False
744,False,False,,False,False,False,17029.98,8520.0,10620.0,,,P1,False
745,False,False,swing,False,True,False,17029.98,8520.0,10620.0,17029.98,,P1,False
746,False,False,,False,False,False,17029.98,8520.0,10620.0,,,P1,False
747,False,False,swing,False,True,False,17029.98,8520.0,10620.0,17029.98,,P1,False
748,False,False,swing,False,True,True,16300.0,8520.0,10620.0,16300.0,16300.0,P1,False
749,False,False,swing,False,True,False,16300.0,8850.8,10620.0,16300.0,,P1,False
750,False,False,,False,False,False,16300.0,8850.8,10620.0,,,P1,False
751,False,False,,False,False,False,16300.0,8850.8,10620.0,,,P1,False
752,False,False,,False,False,False,14777.66,8850.8,14777.66,,,P1,False
753,False,False,,False,False,False,14777.66,8850.8,14777.66,,,P1,False
754,False,False,,False,False,False,14777.66,8910.01,14777.66,,,P1,False
755,False,False,,False,False,False,14777.66,9340.0,14777.66,,,P1,False
756,False,False,,False,False,False,14777.66,9380.0,14777.66,,,P1,False
757,False,False,,False,False,False,15830.13,9380.0,10620.0,,,P1,False
758,False,False,,False,False,False,15830.13,9540.0,10620.0,,,P1,False
759,True,False,,False,False,False,15830.13,9960.01,14777.66,,,P1,False
760,False,False,,False,False,False,15830.13,10354.01,10620.0,,,P1,False
761,False,False,,False,False,False,15830.13,10500.0,10620.0,,,P1,False
762,False,False,,False,False,False,15830.13,10500.0,10620.0,,,P1,False
763,False,False,,False,False,True,15830.13,10500.0,10620.0,,,P1,False
764,False,False,,False,False,False,15830.13,10500.0,10620.0,,,P1,False
765,False,False,,False,False,False,15830.13,10500.0,10620.0,,,P1,False
766,False,False,,False,False,False,15830.13,10500.0,10620.0,,,P1,False
767,False,False,,False,False,False,10961.0,10500.0,10711.0,,,P1,False
768,False,False,,False,False,False,10961.0,10500.0,10711.0,,,P1,False
769,False,False,,False,False,False,10961.0,10500.0,10711.0,,,P1,False
770,False,False,,False,False,False,10961.0,10500.0,10711.0,,,P1,False
771,False,False,,False,False,False,10961.0,10500.0,10711.0,,,P1,False
772,False,False,,False,False,False,10961.0,10500.0,10711.0,,,P1,False
773,False,False,,False,False,False,10961.0,10500.0,10711.0,,,P1,False
774,True,False,,False,False,False,10961.0,10802.0,10711.0,,,P1,False
775,False,False,,False,False,False,10961.0,10802.0,10711.0,,,P1,False
776,True,False,,False,False,False,10961.0,10802.0,10711.0,,,P1,False
777,False,False,,False,False,False,10961.0,10802.0,10711.0,,,P1,False
778,False,False,,False,False,False,10961.0,10961.0,10711.0,,,P1,False
779,False,False,,False,False,False,11640.0,10961.0,10711.0,,,P1,False
780,False,False,,False,False,False,11640.0,10961.0,10711.0,,,P1,False
781,False,False,,False,False,False,11640.0,10961.0,10711.0,,,P1,False
782,False,False,,False,False,False,11640.0,10961.0,10711.0,,,P1,False
783,False,False,,False,False,False,11640.0,10961.0,10711.0,,,P1,False
784,False,False,,False,False,False,11640.0,10961.0,10711.0,,,P1,False
785,False,False,,False,False,False,11640.0,10961.0,14777.66,,,P1,False
786,False,False,,False,False,False,11640.0,10961.0,14777.66,,,P1,False
787,False,False,,False,False,False,11640.0,10961.0,14777.66,,,P1,False
788,False,False,,False,False,False,11640.0,10961.0,14777.66,,,P1,False
789,False,False,,False,False,False,11640.0,10961.0,14777.66,,,P1,False
790,False,False,,False,False,False,11640.0,10961.0,14777.66,,,P1,False
791,False,False,,False,False,False,11640.0,10961.0,14777.66,,,P1,False
792,False,False,,False,False,False,11640.0,10961.0,14777.66,,,P1,False
793,False,False,,False,False,False,11640.0,10961.0,14777.66,,,P1,False
794,False,False,zone,False,True,False,11640.0,10961.0,14777.66,14777.66,,P1,False
795,False,False,,False,False,False,11640.0,10961.0,14777.66,,,P1,False
796,False,False,,False,False,False,11640.0,10961.0,10711.0,,,P1,False
797,False,False,,False,False,False,11640.0,10961.0,10711.0,,,P1,False
798,False,False,,False,False,False,11640.0,10961.0,10711.0,,,P1,False
799,False,False,,False,False,False,11640.0,10961.0,10711.0,,,P1,False
800,False,False,,False,False,False,11640.0,10961.0,10711.0,,,P1,False
801,False,False,,False,False,False,11640.0,10961.0,10711.0,,,P1,False
802,False,False,,False,False,False,13150.0,10961.0,10711.0,,,P1,False
803,False,False,,False,False,False,13150.0,10961.0,10711.0,,,P1,False
804,False,False,,False,False,False,13150.0,10961.0,10711.0,,,P1,False
805,False,False,,False,False,False,13150.0,10961.0,10711.0,,,P1,False
806,False,False,,False,False,False,13150.0,10961.0,10711.0,,,P1,False
807,False,False,,False,False,False,13150.0,10961.0,10711.0,,,P1,False
808,False,False,,False,False,False,13150.0,10961.0,10802.0,,,P1,False
809,False,False,swing,False,True,False,13150.0,10961.0,10711.0,13150.0,,P1,False
810,False,False,,False,False,False,13150.0,10961.0,10711.0,,,P1,False
811,True,False,,False,False,False,13150.0,10961.0,10711.0,,,P1,False
812,True,False,,False,False,False,13150.0,10961.0,10711.0,,,P1,False
813,True,False,,False,False,False,13150.0,10961.0,10711.0,,,P1,False
814,True,False,,False,False,False,13150.0,10961.0,10711.0,,,P1,False
815,True,False,,False,False,False,13150.0,10961.0,10711.0,,,P1,False
816,False,False,,False,False,False,11750.0,10961.0,10711.0,,,P1,False
817,False,False,,False,False,False,11750.0,10961.0,10711.0,,,P1,False
818,False,False,,False,False,False,11750.0,10961.0,10802.0,,,P1,False
819,False,False,,False,False,False,11750.0,10961.0,10802.0,,,P1,False
820,False,False,,False,False,False,11750.0,10961.0,10802.0,,,P1,False
821,False,False,,False,False,False,11750.0,10961.0,10802.0,,,P1,False
822,False,False,,False,False,False,11750.0,10961.0,10802.0,,,P1,False
823,False,False,,False,False,False,11750.0,10961.0,10802.0,,,P1,False
824,False,False,,False,False,False,11750.0,10961.0,10802.0,,,P1,False
825,False,False,,False,False,False,11750.0,10961.0,10802.0,,,P1,False
826,False,False,,False,False,False,11750.0,10961.0,10802.0,,,P1,False
827,False,False,,False,False,False,12750.0,10961.0,10802.0,,,P1,False
828,False,False,,False,False,False,12750.0,10961.0,10802.0,,,P1,False
829,False,False,,False,False,False,12750.0,10961.0,10802.0,,,P1,False
830,False,False,,False,False,False,12750.0,10961.0,10711.0,,,P1,False
831,False,False,,False,False,False,12890.02,10961.0,12890.02,,,P1,False
832,False,False,,False,False,False,12890.02,10961.0,14777.66,,,P1,False
833,False,False,,False,False,False,12890.02,10961.0,14777.66,,,P1,False
834,False,False,,False,False,False,12890.02,10961.0,12890.02,,,P1,False
835,False,False,,False,False,False,12890.02,10961.0,14777.66,,,P1,False
836,False,False,,False,False,False,12890.02,10961.0,12890.02,,,P1,False
837,False,False,,False,False,False,12890.02,10961.0,14777.66,,,P1,False
838,False,False,,False,False,False,14150.0,10961.0,14777.66,,,P1,False
839,False,False,,False,False,False,14150.0,10961.0,12890.02,,,P1,False
840,False,False,swing,False,True,False,14150.0,10961.0,12890.02,14150.0,,P1,False
841,False,False,,False,False,False,14150.0,10961.0,12890.02,,,P1,False
842,False,False,,False,False,False,14150.0,10961.0,14777.66,,,P1,False
843,False,False,,False,False,False,14150.0,10961.0,14777.66,,,P1,False
844,False,False,,False,False,False,13918.04,10961.0,14777.66,,,P1,False
845,False,False,,False,False,False,13918.04,10961.0,14777.66,,,P1,False
846,False,False,,False,False,False,13918.04,10961.0,14777.66,,,P1,False
847,False,False,,False,False,False,13918.04,10961.0,14777.66,,,P1,False
848,False,False,,False,False,False,13918.04,10961.0,14777.66,,,P1,False
849,False,False,,False,False,False,13918.04,10961.0,14777.66,,,P1,False
850,False,False,,False,False,False,13918.04,10961.0,14777.66,,,P1,False
851,False,False,,False,False,False,13918.04,10961.0,14777.66,,,P1,False
852,False,False,,False,False,False,13918.04,10961.0,14777.66,,,P1,False
853,False,False,,False,False,False,13918.04,10961.0,14777.66,,,P1,False
854,False,False,,False,False,False,13918.04,10961.0,14777.66,,,P1,False
855,False,False,,False,False,False,13918.04,10961.0,14777.66,,,P1,False
856,False,False,,False,False,False,13918.04,10961.0,14777.66,,,P1,False
857,False,False,,False,False,False,16011.21,10961.0,16011.21,,,P1,False
858,False,False,,False,False,False,16011.21,10961.0,16011.21,,,P1,False
859,False,False,,False,False,False,16011.21,10961.0,16011.21,,,P1,False
860,False,False,,False,False,False,16011.21,10961.0,16011.21,,,P1,False
861,False,False,,False,False,False,16011.21,10961.0,16011.21,,,P1,False
862,False,False,,False,False,False,16011.21,10961.0,14777.66,,,P1,False
863,False,False,,False,False,False,16011.21,10961.0,14777.66,,,P1,False
864,False,False,zone,False,True,False,16011.21,10961.0,14777.66,14777.66,,P1,False
865,False,False,,False,False,False,16011.21,10961.0,14015.0,,,P1,False
866,False,False,,False,False,False,16011.21,10961.0,14777.66,,,P1,False
867,False,False,zone,False,True,False,16011.21,10961.0,14777.66,14777.66,,P1,False
868,False,False,,False,False,False,16011.21,10961.0,14777.66,,,P1,False
869,False,False,zone,False,True,False,12812.0,10961.0,14777.66,14777.66,,P1,False
870,False,False,,False,False,False,12812.0,10961.0,14015.0,,,P1,False
871,False,False,,False,False,False,12812.0,10961.0,14015.0,,,P1,False
872,False,False,,False,False,False,12812.0,10961.0,14015.0,,,P1,False
873,False,False,,False,False,False,12812.0,10961.0,14015.0,,,P1,False
874,False,False,,False,False,False,12812.0,10961.0,12851.01,,,P1,False
875,False,False,,False,False,False,12812.0,10961.0,12890.02,,,P1,False
876,False,False,,False,False,True,12812.0,10961.0,12890.02,,,P1,False
877,False,False,,False,False,False,12812.0,10961.0,14015.0,,,P1,False
878,False,False,,False,False,False,12812.0,10961.0,14015.0,,,P1,False
879,False,False,,False,False,False,12812.0,10961.0,14777.66,,,P1,False
880,True,False,,False,False,False,13131.31,10961.0,12890.02,,,P1,False
881,True,True,swing|zone,True,True,True,13131.31,10961.0,12890.02,13131.31,13131.31,P1,False
882,True,False,,False,False,False,13131.31,10961.0,12890.02,,,P1,False
883,True,False,,False,False,False,13131.31,10961.0,12890.02,,,P1,False
884,True,False,,False,False,False,13131.31,10961.0,12890.02,,,P1,False
885,True,True,zone,False,True,False,11400.0,10961.0,12890.02,12890.02,,P1,False
886,False,False,,False,False,False,11400.0,11400.0,12890.02,,,P1,False
887,False,False,,False,False,False,11400.0,11400.0,12890.02,,,P1,False
888,False,False,,False,False,False,11400.0,11400.0,12890.02,,,P1,False
889,False,False,,False,False,False,11400.0,11400.0,12890.02,,,P1,False
890,False,False,,False,False,False,12500.0,11400.0,12890.02,,,P1,False
891,False,False,,False,False,False,12500.0,11400.0,12890.02,,,P1,False
892,False,False,,False,False,False,12500.0,11400.0,14015.0,,,P1,False
893,False,False,,False,False,False,12500.0,11400.0,14015.0,,,P1,False
894,False,False,,False,False,False,13222.0,11400.0,14015.0,,,P1,False
895,False,False,,False,False,False,13222.0,11400.0,14015.0,,,P1,False
896,False,False,,False,False,False,13222.0,11400.0,14015.0,,,P1,False
897,False,False,,False,False,False,13222.0,11400.0,14015.0,,,P1,False
898,False,False,,False,False,False,13222.0,11400.0,14015.0,,,P1,False
899,False,False,,False,False,False,13222.0,11400.0,13140.654999999999,,,P1,False
900,False,False,,False,False,False,13222.0,11400.0,13140.654999999999,,,P1,False
901,True,False,,False,False,False,13222.0,11400.0,12851.01,,,P1,False
902,True,False,,False,False,False,13222.0,11400.0,13010.665,,,P1,False
903,True,False,,False,False,False,13222.0,11400.0,13140.654999999999,,,P1,False
904,True,False,,False,False,False,13222.0,11400.0,13140.654999999999,,,P1,False
905,True,False,,False,False,False,12569.2,11400.0,13140.654999999999,,,P1,False
906,True,False,,False,False,False,12569.2,11400.0,13140.654999999999,,,P1,False
907,False,False,,False,False,False,12569.2,11400.0,13150.0,,,P1,False
908,False,False,,False,False,False,12569.2,11400.0,13140.654999999999,,,P1,False
909,False,False,,False,False,False,12569.2,11400.0,13150.0,,,P1,False
910,False,False,,False,False,False,12569.2,11400.0,12781.0,,,P1,False
911,True,False,,False,False,False,12569.2,11400.0,11640.0,,,P1,False
912,True,True,nbar|zone,True,True,True,12569.2,11400.0,11640.0,11640.0,11400.0,P1,False
913,True,True,nbar|zone,True,True,True,12569.2,11400.0,11640.0,11640.0,11400.0,P1,False
914,True,False,,False,False,False,12569.2,11400.0,11640.0,,,P1,False
915,True,True,nbar,True,True,True,12569.2,10620.88,11640.0,10620.88,10620.88,P1,False
916,True,False,,False,False,False,12569.2,10620.88,11520.0,,,P1,False
917,True,False,,False,False,False,12569.2,10575.35,11520.0,,,P1,False
918,True,False,,False,False,False,12569.2,9035.0,11520.0,,,P1,False
919,True,False,,False,False,False,9035.0,9035.0,11520.0,,,P1,False
920,True,False,,False,False,False,9035.0,9035.0,11520.0,,,P1,False
921,True,False,,False,False,False,9035.0,9035.0,11520.0,,,P1,False
922,True,False,,False,False,False,9035.0,9035.0,11520.0,,,P1,False
923,True,False,,False,False,False,9037.94,9035.0,11520.0,,,P1,False
924,True,False,,False,False,False,9037.94,9035.0,11520.0,,,P1,False
925,True,False,,False,False,False,9037.94,9035.0,11640.0,,,P1,False
926,True,True,zone,False,True,False,9037.94,9035.0,11520.0,11520.0,,P1,False
927,True,False,,False,False,False,9037.94,9035.0,11520.0,,,P1,False
928,True,False,,False,False,False,9037.94,9035.0,11520.0,,,P1,False
929,False,False,,False,False,False,9037.94,9035.0,11520.0,,,P1,False
930,False,False,,False,False,False,9037.94,9035.0,11520.0,,,P1,False
931,False,False,,False,False,False,9037.94,9035.0,11520.0,,,P1,False
932,False,False,,False,False,False,10360.0,9035.0,11520.0,,,P1,False
933,False,False,,False,False,False,10360.0,9035.0,11520.0,,,P1,False
934,False,False,,False,False,False,10360.0,9035.0,11640.0,,,P1,False
935,False,False,,False,False,False,10360.0,9035.0,11640.0,,,P1,False
936,False,False,,False,False,False,10360.0,9035.0,11640.0,,,P1,False
937,False,False,,False,False,False,10360.0,9035.0,11640.0,,,P1,False
938,False,False,,False,False,False,10360.0,9035.0,12750.0,,,P1,False
939,False,False,,False,False,False,10360.0,9035.0,12750.0,,,P1,False
940,False,False,,False,False,False,10360.0,9035.0,11640.0,,,P1,False
941,False,False,,False,False,False,10360.0,9035.0,11640.0,,,P1,False
942,False,False,,False,False,False,10360.0,9035.0,11640.0,,,P1,False
943,False,False,,False,False,False,10360.0,9035.0,11640.0,,,P1,False
944,False,False,,False,False,False,10360.0,9035.0,11640.0,,,P1,False
945,False,False,,False,False,False,10360.0,9035.0,11640.0,,,P1,False
946,False,False,,False,False,False,10360.0,9035.0,11640.0,,,P1,False
947,False,False,,False,False,False,10360.0,9035.0,11640.0,,,P1,False
948,False,False,,False,False,False,10360.0,9035.0,11640.0,,,P1,False
949,True,False,,False,False,False,10965.0,9035.0,11640.0,,,P1,False
950,True,False,,False,False,False,10965.0,9035.0,11640.0,,,P1,False
951,True,False,,False,False,False,10965.0,9035.0,11640.0,,,P1,False
952,True,False,,False,False,False,10965.0,9035.0,11640.0,,,P1,False
953,True,False,,False,False,False,10965.0,9035.0,11640.0,,,P1,False
954,False,False,,False,False,False,10965.0,9035.0,11640.0,,,P1,False
955,False,False,,False,False,False,9900.24,9035.0,11640.0,,,P1,False
956,True,False,,False,False,False,9900.24,9035.0,11640.0,,,P1,False
957,False,False,,False,False,False,9900.24,9035.0,11640.0,,,P1,False
958,False,False,,False,False,False,9900.24,9035.0,11640.0,,,P1,False
959,True,False,,False,False,False,9900.24,9035.0,11640.0,,,P1,False
960,False,False,,False,False,False,9900.24,9035.0,11640.0,,,P1,False
961,False,False,,False,False,False,9900.24,9035.0,11640.0,,,P1,False
962,False,False,,False,False,False,9900.24,9035.0,11640.0,,,P1,False
963,False,False,,False,False,False,10500.0,9035.0,11640.0,,,P1,False
964,False,False,,False,False,False,10500.0,9035.0,11640.0,,,P1,False
965,False,False,,False,False,False,10500.0,9035.0,11640.0,,,P1,False
966,False,False,,False,False,False,10500.0,9035.0,11640.0,,,P1,False
967,False,False,,False,False,False,10500.0,9035.0,11640.0,,,P1,False
968,False,False,,False,False,False,10500.0,9035.0,11640.0,,,P1,False
969,False,False,,False,False,False,10500.0,9035.0,11640.0,,,P1,False
970,False,False,,False,False,False,10500.0,9035.0,11640.0,,,P1,False
971,False,False,,False,False,False,10500.0,9035.0,11640.0,,,P1,False
972,False,False,,False,False,False,10950.21,9035.0,10961.0,,,P1,False
973,False,False,,False,False,False,10950.21,9035.0,10961.0,,,P1,False
974,False,False,,False,False,False,10950.21,9035.0,10961.0,,,P1,False
975,False,False,,False,False,False,10950.21,9035.0,10961.0,,,P1,False
976,False,False,,False,False,False,10311.15,9035.0,10961.0,,,P1,False
977,False,False,,False,False,False,10311.15,9035.0,10961.0,,,P1,False
978,False,False,,False,False,False,10311.15,9035.0,10961.0,,,P1,False
979,False,False,,False,False,False,10311.15,9035.0,10961.0,,,P1,False
980,False,False,,False,False,False,10311.15,9035.0,10961.0,,,P1,False
981,False,False,,False,False,False,10311.15,9035.0,10961.0,,,P1,False
982,False,False,,False,False,False,10311.15,9035.0,10961.0,,,P1,False
983,False,False,,False,False,False,10311.15,9035.0,10961.0,,,P1,False
984,False,False,,False,False,False,10311.15,9035.0,10961.0,,,P1,False
985,False,False,,False,False,False,10311.15,9035.0,10961.0,,,P1,False
986,False,False,,False,False,False,10311.15,9035.0,10961.0,,,P1,False
987,False,False,,False,False,False,10311.15,9035.0,10961.0,,,P1,False
988,False,False,,False,False,False,10311.15,9035.0,10961.0,,,P1,False
989,False,False,,False,False,False,10311.15,9035.0,10961.0,,,P1,False
990,False,False,,False,False,False,10311.15,9035.0,10961.0,,,P1,False
991,False,False,,False,False,False,10311.15,9035.0,10961.0,,,P1,False
992,False,False,,False,False,False,10311.15,9035.0,10961.0,,,P1,False
993,False,False,,False,False,False,10311.15,9035.0,10961.0,,,P1,False
994,False,False,,False,False,False,11139.55,9035.0,10963.0,,,P1,False
995,False,False,,False,False,False,11139.55,9035.0,10963.0,,,P1,False
996,False,False,,False,False,False,11139.55,9035.0,10963.0,,,P1,False
997,True,False,,False,False,False,11139.55,9035.0,10360.0,,,P1,False
998,True,True,zone,False,True,False,11139.55,9035.0,10360.0,10360.0,,P1,False
999,True,False,,False,False,False,11139.55,9035.0,10360.0,,,P1,False
1000,True,False,,False,False,False,11139.55,9035.0,10360.0,,,P1,False
1001,True,False,,False,False,False,11139.55,9035.0,10360.0,,,P1,False
1002,True,False,,False,False,False,11139.55,9035.0,10360.0,,,P1,False
1003,True,False,,False,False,False,11139.55,9035.0,10360.0,,,P1,False
1004,True,False,,False,False,False,9700.0,9035.0,10360.0,,,P1,False
1005,True,False,,False,False,False,9700.0,9035.0,10360.0,,,P1,False
1006,True,False,,False,False,False,9700.0,9035.0,10360.0,,,P1,False
1007,True,False,,False,False,False,9700.0,9035.0,10360.0,,,P1,False
1008,True,False,,False,False,False,9700.0,9035.0,10360.0,,,P1,False
1009,True,False,,False,False,False,9700.0,9035.0,10360.0,,,P1,False
1010,True,False,,False,False,False,9700.0,9035.0,10360.0,,,P1,False
1011,True,False,,False,False,False,9700.0,9035.0,10360.0,,,P1,False
1012,True,False,,False,False,False,9700.0,9035.0,10360.0,,,P1,False
1013,True,False,,False,False,False,9700.0,8900.0,10360.0,,,P1,False
1014,True,False,,False,False,False,9700.0,8750.99,10360.0,,,P1,False
1015,True,False,,False,False,False,9700.0,8734.0,10360.0,,,P1,False
1016,True,False,,False,False,False,9700.0,8505.0,10360.0,,,P1,False
1017,True,False,,False,False,False,9700.0,8250.92,10360.0,,,P1,False
1018,True,False,,False,False,False,9700.0,8010.02,10360.0,,,P1,False
1019,False,False,,False,False,False,8010.02,8010.02,10360.0,,,P1,False
1020,False,False,,False,False,False,8010.02,8010.02,10360.0,,,P1,False
1021,False,False,,False,False,False,8010.02,8010.02,10360.0,,,P1,False
1022,False,False,,False,False,False,8010.02,8010.02,10360.0,,,P1,False
1023,False,False,,False,False,False,8229.0,8010.02,10360.0,,,P1,False
1024,False,False,,False,False,False,8229.0,8010.02,10360.0,,,P1,False
1025,False,False,,False,False,False,8229.0,8010.02,10360.0,,,P1,False
1026,True,False,,False,False,False,8229.0,8010.02,10360.0,,,P1,False
1027,True,False,,False,False,False,8229.0,8010.02,10360.0,,,P1,False
1028,True,False,,False,False,False,8229.0,8010.02,10360.0,,,P1,False
1029,True,True,nbar,False,True,False,8229.0,8010.02,10360.0,8010.02,,P1,False
1030,True,False,,False,False,False,8229.0,8010.02,10360.0,,,P1,False
1031,True,False,,False,False,False,8229.0,8010.02,10360.0,,,P1,False
1032,True,False,,False,False,False,8229.0,7930.0,10360.0,,,P1,False
1033,True,False,,False,False,False,8229.0,7910.0,10360.0,,,P1,False
1034,True,False,,False,False,False,8229.0,7910.0,10360.0,,,P1,False
1035,True,False,,False,False,False,8229.0,7510.0,10360.0,,,P1,False
1036,True,False,,False,False,False,8229.0,7167.0,10360.0,,,P1,False
1037,True,False,,False,False,False,8229.0,6625.0,10360.0,,,P1,False
1038,True,False,,False,False,False,8229.0,6625.0,10360.0,,,P1,False
1039,True,False,,False,False,False,8229.0,6155.0,10360.0,,,P1,False
1040,True,False,,False,False,False,8229.0,6000.01,10360.0,,,P1,False
1041,False,False,,False,False,False,6000.01,6000.01,10360.0,,,P1,False
1042,False,False,,False,False,False,6000.01,6000.01,10360.0,,,P1,False
1043,False,False,,False,False,False,6000.01,6000.01,10360.0,,,P1,False
1044,False,False,,False,False,False,6000.01,6000.01,10360.0,,,P1,False
1045,False,False,,False,False,False,6000.01,6000.01,10360.0,,,P1,False
1046,False,False,,False,False,False,6000.01,6000.01,10360.0,,,P1,False
1047,False,False,,False,False,False,6000.01,6000.01,10360.0,,,P1,False
1048,False,False,,False,False,False,6000.01,6000.01,10360.0,,,P1,False
1049,False,False,,False,False,False,6000.01,6000.01,10360.0,,,P1,True
1050,False,False,,False,False,False,6000.01,6000.01,10360.0,,,P1,True
1051,False,False,,False,False,False,7531.11,6000.01,10360.0,,,P1,True
1052,False,False,,False,False,False,7531.11,6000.01,10360.0,,,P1,True
1053,False,False,,False,False,False,7531.11,6000.01,10360.0,,,P1,True
1054,False,False,,False,False,False,7531.11,6000.01,10360.0,,,P1,True
1055,False,False,,False,False,False,7531.11,6000.01,10360.0,,,P1,True
1056,False,False,,False,False,False,7531.11,6000.01,10360.0,,,P1,True
1057,False,False,,False,False,False,7531.11,6000.01,10360.0,,,P1,True
1058,False,False,,False,False,False,7531.11,6000.01,10360.0,,,P1,True
1059,False,False,,False,False,False,7531.11,6000.01,10360.0,,,P1,True
1060,False,False,,False,False,False,7531.11,6000.01,10360.0,,,P1,True
1061,False,False,,False,False,False,7531.11,6000.01,10360.0,,,P1,True
1062,False,False,,False,False,False,7531.11,6000.01,10360.0,,,P1,True
1063,False,False,,False,False,False,7531.11,6000.01,10360.0,,,P1,True
1064,False,False,,False,False,False,7531.11,6000.01,10360.0,,,P1,True
1065,False,False,,False,False,False,7726.53,6000.01,10360.0,,,P1,True
1066,False,False,,False,False,False,7726.53,6000.01,10360.0,,,P1,True
1067,False,False,,False,False,False,7726.53,6000.01,10360.0,,,P1,True
1068,False,False,,False,False,False,7726.53,6000.01,10360.0,,,P1,True
1069,False,False,,False,False,False,7726.53,6000.01,10360.0,,,P1,True
1070,False,False,,False,False,False,7726.53,6000.01,10360.0,,,P1,True
1071,False,False,,False,False,False,7726.53,6000.01,10360.0,,,P1,True
1072,False,False,,False,False,False,7726.53,6000.01,10360.0,,,P1,True
1073,False,False,,False,False,False,7726.53,6000.01,10360.0,,,P1,True
1074,False,False,,False,False,False,7726.53,6000.01,10360.0,,,P1,True
1075,False,False,,False,False,False,7726.53,6000.01,10360.0,,,P1,True
1076,False,False,,False,False,False,7726.53,6000.01,10360.0,,,P1,True
1077,False,False,,False,False,False,8351.0,6000.01,10360.0,,,P1,True
1078,False,False,,False,False,False,8351.0,6000.01,10360.0,,,P1,True
1079,False,False,,False,False,False,8351.0,6000.01,10360.0,,,P1,True
1080,False,False,,False,False,False,8351.0,6000.01,10360.0,,,P1,True
1081,False,False,,False,False,False,8351.0,6000.01,10360.0,,,P1,True
1082,False,False,,False,False,False,8351.0,6000.01,10360.0,,,P1,True
1083,False,False,,False,False,False,8351.0,6000.01,10360.0,,,P1,True
1084,False,False,,False,False,False,8351.0,6000.01,10360.0,,,P1,True
1085,False,False,,False,False,False,8351.0,6000.01,10360.0,,,P1,True
1086,False,False,,False,False,False,8351.0,6000.01,10360.0,,,P1,True
1087,False,False,,False,False,False,8351.0,6000.01,10360.0,,,P1,True
1088,False,False,,False,False,False,8351.0,6000.01,10360.0,,,P1,True
1089,False,False,,False,False,False,8351.0,6000.01,10360.0,,,P1,True
1090,False,False,,False,False,False,8351.0,6000.01,10360.0,,,P1,True
1091,False,False,,False,False,False,8351.0,6000.01,10360.0,,,P1,True
1092,False,False,,False,False,False,8351.0,6000.01,10360.0,,,P1,True
1093,False,False,,False,False,False,8351.0,6000.01,10360.0,,,P1,True
1094,False,False,,False,False,False,8351.0,6000.01,10360.0,,,P1,True
1095,False,False,,False,False,False,9666.0,6000.01,10360.0,,,P1,True
1096,False,False,,False,False,False,9666.0,6000.01,10360.0,,,P1,True
1097,False,False,,False,False,False,9666.0,6000.01,10360.0,,,P1,True
1098,False,False,,False,False,False,9666.0,6000.01,10360.0,,,P1,True
1099,False,False,,False,False,False,9666.0,6000.01,10360.0,,,P1,True
1100,False,False,,False,False,False,9666.0,6000.01,10360.0,,,P1,True
1101,False,False,,False,False,False,9666.0,6000.01,10360.0,,,P1,True
1102,False,False,,False,False,False,9666.0,6000.01,10360.0,,,P1,True
1103,False,False,zone,False,True,True,9666.0,6000.01,10360.0,10360.0,10360.0,P1,True
1104,False,False,,False,False,False,9666.0,6000.01,10360.0,,,P1,True
1105,False,False,,False,False,False,9666.0,6000.01,10360.0,,,P1,True
1106,False,False,,False,False,False,9666.0,6000.01,10360.0,,,P1,True
1107,False,False,,False,False,False,10080.0,6000.01,10360.0,,,P1,True
1108,False,False,,False,False,False,10080.0,6000.01,10360.0,,,P1,True
1109,False,False,,False,False,False,10080.0,6000.01,10360.0,,,P1,True
1110,False,False,,False,False,False,10080.0,6000.01,10965.0,,,P1,True
1111,False,False,zone,False,True,False,10270.33,6000.01,10965.0,10965.0,,P1,True
1112,False,False,,False,False,False,10270.33,6000.01,10965.0,,,P1,True
1113,False,False,,False,False,False,10270.33,6000.01,10965.0,,,P1,True
1114,False,False,,False,False,False,10270.33,6000.01,10965.0,,,P1,True
1115,False,False,,False,False,False,10270.33,6000.01,10965.0,,,P1,True
1116,False,False,,False,False,False,10270.33,6000.01,10965.0,,,P1,True
1117,False,False,,False,False,False,10270.33,6000.01,10965.0,,,P1,True
1118,False,False,,False,False,False,10270.33,6000.01,10965.0,,,P1,True
1119,False,False,,False,False,False,10270.33,6000.01,10360.0,,,P1,True
1120,False,False,,False,False,False,10270.33,6000.01,10965.0,,,P1,True
1121,False,False,,False,False,False,10270.33,6000.01,10360.0,,,P1,True
1122,False,False,,False,False,False,10270.33,6000.01,10360.0,,,P1,True
1123,False,False,,False,False,False,10270.33,6000.01,10360.0,,,P1,True
1124,False,False,,False,False,False,10270.33,6000.01,10360.0,,,P1,True
1125,False,False,,False,False,False,10270.33,6000.01,10360.0,,,P1,True
1126,False,False,,False,False,False,10270.33,6000.01,10360.0,,,P1,True
1127,False,False,,False,False,False,10270.33,6000.01,10080.0,,,P1,True
1128,False,False,,False,False,False,10270.33,6000.01,9900.24,,,P1,True
1129,False,False,zone,False,True,False,10270.33,6000.01,9900.24,9900.24,,P1,True
1130,False,False,,False,False,False,10270.33,6000.01,9700.0,,,P1,True
1131,False,False,zone,False,True,False,10270.33,6000.01,9700.0,9700.0,,P1,True
1132,False,False,,False,False,False,10270.33,6000.01,9700.0,,,P1,True
1133,False,False,,False,False,False,10270.33,6000.01,10080.0,,,P1,True
1134,False,False,,False,False,False,10270.33,6000.01,10290.74,,,P1,True
1135,False,False,,False,False,False,9570.19,6000.01,9900.24,,,P1,True
1136,False,False,,False,False,False,9570.19,6000.01,10080.0,,,P1,True
1137,False,False,,False,False,False,9570.19,6000.01,10360.0,,,P1,True
1138,False,False,,False,False,False,9570.19,6000.01,10080.0,,,P1,True
1139,False,False,,False,False,False,9570.19,6000.01,9683.0,,,P1,True
1140,False,False,,False,False,False,9570.19,6000.01,9683.0,,,P1,True
1141,False,False,,False,False,False,9570.19,6000.01,9666.0,,,P1,True
1142,False,False,swing|zone,False,True,False,9570.19,6000.01,9666.0,9666.0,,P1,True
1143,False,False,,False,False,False,9570.19,6000.01,9666.0,,,P1,True
1144,False,False,,False,False,False,9570.19,6000.01,9666.0,,,P1,True
1145,False,False,,False,False,False,9570.19,6000.01,9666.0,,,P1,True
1146,False,False,,False,False,False,9352.0,6000.01,9666.0,,,P1,True
1147,False,False,,False,False,False,9352.0,6000.01,9666.0,,,P1,True
1148,False,False,,False,False,False,9352.0,6000.01,9666.0,,,P1,True
1149,False,False,,False,False,False,9352.0,6000.01,9666.0,,,P1,True
1150,False,False,,False,False,False,9352.0,6000.01,9666.0,,,P1,True
1151,False,False,,False,False,False,9274.8,6000.01,9666.0,,,P1,True
1152,False,False,,False,False,False,9274.8,6000.01,9666.0,,,P1,True
1153,False,False,,False,False,False,9274.8,6000.01,9666.0,,,P1,True
1154,False,False,,False,False,False,9274.8,6000.01,10311.15,,,P1,True
1155,False,False,,False,False,False,9350.0,6000.01,9666.0,,,P1,True
1156,False,False,,False,False,False,9350.0,6000.01,10335.575,,,P1,True
1157,False,False,,False,False,False,9350.0,6000.01,10335.575,,,P1,True
1158,False,False,,False,False,False,9350.0,6000.01,10335.575,,,P1,True
1159,False,False,,False,False,False,9350.0,6000.01,10335.575,,,P1,True
1160,False,False,,False,False,False,9350.0,6019.24,10335.575,,,P1,True
1161,False,False,,False,False,False,9350.0,6435.99,10335.575,,,P1,True
1162,False,False,,False,False,False,9350.0,6781.0,10335.575,,,P1,True
1163,False,False,,False,False,False,9350.0,7150.01,10335.575,,,P1,True
1164,False,False,,False,False,False,9350.0,7150.01,10335.575,,,P1,True
1165,False,False,,False,False,False,9350.0,7150.01,10335.575,,,P1,True
1166,False,False,,False,False,False,9350.0,7531.11,10311.15,,,P1,True
1167,False,False,,False,False,False,9350.0,7531.11,10335.575,,,P1,True
1168,False,False,,False,False,False,9350.0,7531.11,10335.575,,,P1,True
1169,False,False,,False,False,False,9350.0,7531.11,9666.0,,,P1,True
1170,False,False,,False,False,False,9350.0,7572.09,9666.0,,,P1,False
1171,False,False,,False,False,False,10240.0,7726.53,10270.33,,,P1,False
1172,False,False,,False,False,False,10240.0,7726.53,10270.33,,,P1,False
1173,False,False,,False,False,False,10240.0,7726.53,10270.33,,,P1,False
1174,False,False,,False,False,False,10240.0,7726.53,10270.33,,,P1,False
1175,False,False,,False,False,False,10240.0,7726.53,10270.33,,,P1,False
1176,False,False,,False,False,False,10240.0,7726.53,10270.33,,,P1,False
1177,False,False,,False,False,False,10240.0,7726.53,10270.33,,,P1,False
1178,False,False,,False,False,False,10240.0,7726.53,10270.33,,,P1,False
1179,False,False,,False,False,False,10240.0,7726.53,10270.33,,,P1,False
1180,False,False,,False,False,False,10770.0,7726.53,10270.33,,,P1,False
1181,False,False,,False,False,False,10770.0,7726.53,10270.33,,,P1,False
1182,False,False,,False,False,False,10770.0,7726.53,10270.33,,,P1,False
1183,False,False,,False,False,False,10770.0,7726.53,10270.33,,,P1,False
1184,False,False,,False,False,False,10770.0,8015.0,10270.33,,,P1,False
1185,False,False,,False,False,False,10770.0,8015.0,10270.33,,,P1,False
1186,False,False,,False,False,False,10770.0,8015.0,10270.33,,,P1,False
1187,False,False,,False,False,False,10770.0,8053.0,10270.33,,,P1,False
1188,False,False,,False,False,False,10770.0,8337.0,10270.33,,,P1,False
1189,False,False,,False,False,False,10770.0,8351.0,10270.33,,,P1,False
1190,False,False,,False,False,False,11050.02,8351.0,11050.02,,,P1,False
1191,False,False,,False,False,False,11050.02,8351.0,11050.02,,,P1,False
1192,False,False,,False,False,False,11050.02,8351.0,11050.02,,,P1,False
1193,False,False,,False,False,False,11050.02,8351.0,11050.02,,,P1,False
1194,False,False,,False,False,False,11050.02,8351.0,11050.02,,,P1,False
1195,False,False,,False,False,False,11050.02,8351.0,11050.02,,,P1,False
1196,False,False,,False,False,False,11050.02,8450.0,11050.02,,,P1,False
1197,False,False,,False,False,False,11050.02,8461.0,11050.02,,,P1,False
1198,False,False,,False,False,False,11050.02,8461.0,11050.02,,,P1,False
1199,False,False,,False,False,False,11050.02,8533.0,10270.33,,,P1,False
1200,False,False,,False,False,False,11050.02,8705.01,10270.33,,,P1,False
1201,False,False,,False,False,False,11050.02,8757.5,10270.33,,,P1,False
1202,False,False,,False,False,False,11050.02,8924.87,10270.33,,,P1,False
1203,False,False,,False,False,False,11050.02,9170.0,10270.33,,,P1,False
1204,False,False,,False,False,False,11050.02,9190.0,10270.33,,,P1,False
1205,False,False,,False,False,False,11050.02,9274.8,10270.33,,,P1,False
1206,False,False,,False,False,False,11050.02,9274.8,10270.33,,,P1,False
1207,True,False,,False,False,False,11050.02,9274.8,9666.0,,,P1,False
1208,True,False,,False,False,False,11050.02,9274.8,9666.0,,,P1,False
1209,True,False,,False,False,False,11050.02,9274.8,9350.0,,,P1,False
1210,True,False,,False,False,False,11050.02,9274.8,9666.0,,,P1,False
1211,True,False,,False,False,False,9389.31,9274.8,9666.0,,,P1,False
1212,True,True,zone,False,True,False,9389.31,9274.8,9666.0,9666.0,,P1,False
1213,True,False,,False,False,False,9389.31,9274.8,9352.0,,,P1,False
1214,True,False,,False,False,False,9389.31,9274.8,9351.0,,,P1,False
1215,True,False,,False,False,False,9389.31,9274.8,9351.0,,,P1,False
1216,True,False,,False,False,False,9389.31,9060.0,9351.0,,,P1,False
1217,True,False,,False,False,False,9389.31,9060.0,9351.0,,,P1,False
1218,True,False,,False,False,False,9389.31,8835.37,9351.0,,,P1,False
1219,True,False,,False,False,False,9389.31,8329.0,9351.0,,,P1,False
1220,False,False,,False,False,False,8329.0,8329.0,8329.0,,,P1,False
1221,False,False,,False,False,False,8329.0,8329.0,8329.0,,,P1,False
1222,False,False,,False,False,False,8329.0,8329.0,8329.0,,,P1,False
1223,False,False,,False,False,False,8329.0,8329.0,8329.0,,,P1,False
1224,False,False,,False,False,False,8329.0,8329.0,8329.0,,,P1,False
1225,False,False,,False,False,False,8329.0,8329.0,8329.0,,,P1,False
1226,False,False,,False,False,False,8329.0,8329.0,8329.0,,,P1,False
1227,True,False,,False,False,False,8329.0,8329.0,8329.0,,,P1,False
1228,True,False,,False,False,False,8329.0,8329.0,8329.0,,,P1,False
1229,True,False,,False,False,False,8329.0,8329.0,8329.0,,,P1,False
1230,False,False,,False,False,False,8329.0,8329.0,8329.0,,,P1,False
1231,True,False,,False,False,False,8450.0,8329.0,9618.095000000001,,,P1,False
1232,True,False,,False,False,False,8450.0,8329.0,9352.0,,,P1,False
1233,True,False,,False,False,False,8450.0,8329.0,9352.0,,,P1,False
1234,True,False,,False,False,False,8450.0,8329.0,9352.0,,,P1,False
1235,False,False,,False,False,False,8450.0,8329.0,9666.0,,,P1,False
1236,False,False,,False,False,False,8450.0,8329.0,8351.0,,,P1,False
1237,False,False,,False,False,False,8450.0,8329.0,8351.0,,,P1,False
1238,False,False,,False,False,False,8450.0,8329.0,8351.0,,,P1,False
1239,False,False,,False,False,False,8450.0,8329.0,8351.0,,,P1,False
1240,False,False,,False,False,False,8450.0,8329.0,8351.0,,,P1,False
1241,False,False,,False,False,False,8450.0,8329.0,8351.0,,,P1,False
1242,False,False,,False,False,False,8780.0,8329.0,8351.0,,,P1,False
1243,False,False,,False,False,False,8780.0,8329.0,8351.0,,,P1,False
1244,False,False,,False,False,False,8780.0,8329.0,8351.0,,,P1,False
1245,False,False,,False,False,False,8780.0,8329.0,8351.0,,,P1,False
1246,False,False,,False,False,False,8823.0,8329.0,8351.0,,,P1,False
1247,True,False,,False,False,False,8823.0,8329.0,8351.0,,,P1,False
1248,True,False,,False,False,False,8823.0,8329.0,8351.0,,,P1,False
1249,True,False,,False,False,False,8823.0,8329.0,8329.0,,,P1,False
1250,True,False,,False,False,False,8823.0,8329.0,8329.0,,,P1,False
1251,True,False,,False,False,False,8823.0,8329.0,8329.0,,,P1,False
1252,True,False,,False,False,False,8823.0,8201.0,8329.0,,,P1,False
1253,True,False,,False,False,False,8823.0,7900.28,8329.0,,,P1,False
1254,True,False,,False,False,False,8823.0,7717.0,8329.0,,,P1,False
1255,True,False,,False,False,False,8823.0,7650.0,8329.0,,,P1,False
1256,False,False,,False,False,False,7650.0,7650.0,7650.0,,,P1,False
1257,True,False,,False,False,False,7650.0,7650.0,7650.0,,,P1,False
1258,False,False,,False,False,False,7650.0,7650.0,7650.0,,,P1,False
1259,False,False,,False,False,False,7650.0,7650.0,7650.0,,,P1,False
1260,True,False,,False,False,False,7650.0,7650.0,8351.0,,,P1,False
1261,True,False,,False,False,False,7900.0,7650.0,8351.0,,,P1,False
1262,True,False,,False,False,False,7900.0,7650.0,7726.53,,,P1,False
1263,True,False,,False,False,False,7900.0,7650.0,7726.53,,,P1,False
1264,True,False,,False,False,False,7900.0,7650.0,7726.53,,,P1,False
1265,True,False,,False,False,False,7900.0,7650.0,7650.0,,,P1,False
1266,True,False,,False,False,False,7900.0,7650.0,7650.0,,,P1,False
1267,True,False,,False,False,False,7900.0,7650.0,7650.0,,,P1,False
1268,True,False,,False,False,False,7900.0,7650.0,7650.0,,,P1,False
1269,True,False,,False,False,False,7900.0,7650.0,7650.0,,,P1,False
1270,True,False,,False,False,False,7900.0,7650.0,7650.0,,,P1,False
1271,True,False,,False,False,False,7900.0,7650.0,7650.0,,,P1,False
1272,True,False,,False,False,False,7900.0,7539.99,7650.0,,,P1,False
1273,True,False,,False,False,False,7900.0,7519.84,7650.0,,,P1,False
1274,True,False,,False,False,False,7900.0,7519.84,7650.0,,,P1,False
1275,True,False,,False,False,False,7900.0,7322.0,7726.53,,,P1,False
1276,True,False,,False,False,False,7322.0,7322.0,7726.53,,,P1,False
1277,False,False,,False,False,False,7322.0,7322.0,7726.53,,,P1,False
1278,True,False,,False,False,False,7322.0,7322.0,8351.0,,,P1,False
1279,False,False,,False,False,False,7322.0,7322.0,8351.0,,,P1,False
1280,False,False,,False,False,False,7322.0,7322.0,8351.0,,,P1,False
1281,False,False,,False,False,False,7322.0,7322.0,8351.0,,,P1,False
1282,False,False,,False,False,False,7322.0,7322.0,8351.0,,,P1,False
1283,False,False,,False,False,False,7322.0,7322.0,8351.0,,,P1,False
1284,False,False,,False,False,False,7322.0,7322.0,8351.0,,,P1,False
1285,False,False,,False,False,False,7322.0,7322.0,8351.0,,,P1,False
1286,False,False,,False,False,False,7322.0,7322.0,8351.0,,,P1,False
1287,False,False,,False,False,False,8280.0,7322.0,8351.0,,,P1,False
1288,False,False,,False,False,False,8280.0,7322.0,8351.0,,,P1,False
1289,False,False,,False,False,False,8280.0,7322.0,8351.0,,,P1,False
1290,False,False,,False,False,False,8280.0,7322.0,8351.0,,,P1,False
1291,False,False,,False,False,False,8280.0,7322.0,8351.0,,,P1,False
1292,False,False,,False,False,False,8280.0,7322.0,8351.0,,,P1,False
1293,False,False,,False,False,False,8280.0,7322.0,8351.0,,,P1,False
1294,False,False,,False,False,False,8280.0,7322.0,8351.0,,,P1,False
1295,False,False,,False,False,False,8750.6,7322.0,8351.0,,,P1,False
1296,False,False,,False,False,False,8750.6,7322.0,8351.0,,,P1,False
1297,False,False,,False,False,False,8750.6,7322.0,8351.0,,,P1,False
1298,False,False,,False,False,False,8750.6,7322.0,8351.0,,,P1,False
1299,False,False,,False,False,False,8750.6,7322.0,8351.0,,,P1,False
1300,False,False,,False,False,False,8750.6,7322.0,8351.0,,,P1,False
1301,False,False,,False,False,False,8750.6,7322.0,8351.0,,,P1,False
1302,False,False,zone,False,True,False,8750.6,7322.0,8351.0,8351.0,,P1,False
1303,False,False,,False,False,False,8750.6,7322.0,8351.0,,,P1,False
1304,False,False,,False,False,False,8750.6,7322.0,8780.0,,,P1,False
1305,False,False,,False,False,False,8750.6,7322.0,8780.0,,,P1,False
1306,False,False,,False,False,False,8269.0,7322.0,8780.0,,,P1,False
1307,False,False,,False,False,False,8269.0,7322.0,8351.0,,,P1,False
1308,False,False,,False,False,False,8269.0,7322.0,8780.0,,,P1,False
1309,False,False,,False,False,False,8269.0,7322.0,8780.0,,,P1,False
1310,False,False,,False,False,False,8269.0,7322.0,8351.0,,,P1,False
1311,False,False,,False,False,False,8269.0,7322.0,8351.0,,,P1,False
1312,False,False,,False,False,False,8269.0,7322.0,8351.0,,,P1,False
1313,False,False,,False,False,False,8269.0,7322.0,8351.0,,,P1,False
1314,False,False,,False,False,False,8269.0,7322.0,8304.5,,,P1,False
1315,False,False,,False,False,False,8269.0,7322.0,8304.5,,,P1,False
1316,False,False,,False,False,False,8269.0,7322.0,8304.5,,,P1,False
1317,False,False,,False,False,False,8365.77,7322.0,8365.77,,,P1,False
1318,False,False,,False,False,False,8365.77,7322.0,8365.77,,,P1,False
1319,True,False,,False,False,False,8365.77,7322.0,8304.5,,,P1,False
1320,True,False,,False,False,False,8365.77,7322.0,8304.5,,,P1,False
1321,False,False,,False,False,False,8365.77,7322.0,8304.5,,,P1,False
1322,True,False,,False,False,False,8365.77,7322.0,8304.5,,,P1,False
1323,False,False,,False,False,False,8365.77,7322.0,8304.5,,,P1,False
1324,False,False,,False,False,False,8365.77,7322.0,8304.5,,,P1,False
1325,False,False,,False,False,False,8365.77,7322.0,8304.5,,,P1,False
1326,True,False,,False,False,False,8365.77,7322.0,8304.5,,,P1,False
1327,False,False,,False,False,False,8365.77,7322.0,8304.5,,,P1,False
1328,True,False,,False,False,False,7730.0,7322.0,8304.5,,,P1,False
1329,True,False,,False,False,False,7730.0,7322.0,8304.5,,,P1,False
1330,True,False,,False,False,False,7730.0,7322.0,8304.5,,,P1,False
1331,False,False,,False,False,False,7730.0,7322.0,8304.5,,,P1,False
1332,True,False,,False,False,False,7730.0,7322.0,8304.5,,,P1,False
1333,True,False,,False,False,False,7728.0,7322.0,7728.0,,,P1,False
1334,False,False,,False,False,False,7728.0,7322.0,7728.0,,,P1,False
1335,False,False,,False,False,False,7728.0,7322.0,7728.0,,,P1,False
1336,True,False,,False,False,False,7728.0,7322.0,7728.0,,,P1,False
1337,True,False,,False,False,False,7728.0,7322.0,7728.0,,,P1,False
1338,True,False,,False,False,False,7728.0,7322.0,7728.0,,,P1,False
1339,True,False,,False,False,False,7728.0,7322.0,7728.0,,,P1,False
1340,True,False,,False,False,False,7728.0,7322.0,7728.0,,,P1,False
1341,True,False,,False,False,False,7728.0,7322.0,7728.0,,,P1,False
1342,True,False,,False,False,False,7728.0,7322.0,7728.0,,,P1,False
1343,True,False,,False,False,False,7728.0,6941.11,7728.0,,,P1,False
1344,True,False,,False,False,False,7728.0,6740.0,7728.0,,,P1,False
1345,True,True,nbar,False,True,False,7728.0,6666.66,7728.0,6666.66,,P1,False
1346,True,False,,False,False,False,7728.0,6666.66,7728.0,,,P1,False
1347,True,False,,False,False,False,7728.0,6666.66,7728.0,,,P1,False
1348,True,False,,False,False,False,7728.0,6600.1,7728.0,,,P1,False
1349,False,False,,False,False,False,6600.1,6600.1,7728.0,,,P1,False
1350,False,False,,False,False,False,6600.1,6600.1,7728.0,,,P1,False
1351,False,False,,False,False,False,6600.1,6600.1,7728.0,,,P1,False
1352,False,False,,False,False,False,6600.1,6600.1,7728.0,,,P1,False
1353,False,False,,False,False,False,6600.1,6600.1,7728.0,,,P1,False
1354,True,False,,False,False,False,6600.1,6600.1,7728.0,,,P1,False
1355,True,False,,False,False,False,6600.1,6600.1,7728.0,,,P1,False
1356,True,False,,False,False,False,6600.1,6600.1,7728.0,,,P1,False
1357,True,False,,False,False,False,6600.1,6600.1,7728.0,,,P1,False
1358,True,False,,False,False,False,6600.1,6600.1,7728.0,,,P1,False
1359,True,False,,False,False,False,6600.1,6430.0,7728.0,,,P1,False
1360,False,False,,False,False,False,6430.0,6430.0,7728.0,,,P1,False
1361,False,False,,False,False,False,6430.0,6430.0,7728.0,,,P1,False
1362,False,False,,False,False,False,6430.0,6430.0,7728.0,,,P1,False
1363,False,False,,False,False,False,6430.0,6430.0,7728.0,,,P1,False
1364,False,False,,False,False,False,6430.0,6430.0,7728.0,,,P1,False
1365,False,False,,False,False,False,6430.0,6430.0,7728.0,,,P1,False
1366,False,False,,False,False,False,6430.0,6430.0,7728.0,,,P1,False
1367,False,False,,False,False,False,6430.0,6430.0,7728.0,,,P1,False
1368,False,False,,False,False,False,6430.0,6430.0,7728.0,,,P1,False
1369,False,False,,False,False,False,6430.0,6430.0,7728.0,,,P1,False
1370,False,False,,False,False,False,6430.0,6430.0,7728.0,,,P1,False
1371,False,False,,False,False,False,6430.0,6430.0,7728.0,,,P1,False
1372,False,False,,False,False,False,6430.0,6430.0,7728.0,,,P1,False
1373,False,False,,False,False,False,6430.0,6430.0,7728.0,,,P1,False
1374,False,False,,False,False,False,6430.0,6430.0,7728.0,,,P1,False
1375,False,False,,False,False,False,6430.0,6430.0,7728.0,,,P1,False
1376,False,False,,False,False,False,6430.0,6430.0,7728.0,,,P1,False
1377,False,False,,False,False,False,6430.0,6430.0,7728.0,,,P1,False
1378,False,False,,False,False,False,6430.0,6430.0,7728.0,,,P1,False
1379,False,False,,False,False,False,6430.0,6430.0,7728.0,,,P1,False
1380,False,False,,False,False,False,6430.0,6430.0,7728.0,,,P1,False
1381,True,False,,False,False,False,6566.69,6430.0,7728.0,,,P1,False
1382,True,False,,False,False,False,6566.69,6430.0,7728.0,,,P1,False
1383,True,False,,False,False,False,6566.69,6430.0,7728.0,,,P1,False
1384,True,False,,False,False,False,6566.69,6430.0,7728.0,,,P1,False
1385,True,False,,False,False,False,6566.69,6430.0,7728.0,,,P1,False
1386,True,False,,False,False,False,6566.69,6430.0,7728.0,,,P1,False
1387,True,False,,False,False,False,6566.69,6430.0,7728.0,,,P1,False
1388,True,False,,False,False,False,6566.69,6430.0,7728.0,,,P1,False
1389,True,False,,False,False,False,6500.0,6430.0,6566.69,,,P1,False
1390,True,False,,False,False,False,6500.0,6430.0,6566.69,,,P1,False
1391,False,False,,False,False,False,6500.0,6430.0,6566.69,,,P1,False
1392,False,False,,False,False,False,6500.0,6430.0,6566.69,,,P1,False
1393,False,False,,False,False,False,6500.0,6430.0,6566.69,,,P1,False
1394,False,False,,False,False,False,6500.0,6430.0,6566.69,,,P1,False
1395,False,False,,False,False,False,6500.0,6430.0,6566.69,,,P1,False
1396,False,False,,False,False,False,6500.0,6430.0,6566.69,,,P1,False
1397,False,False,,False,False,False,6500.0,6430.0,6566.69,,,P1,False
1398,False,False,,False,False,False,6500.0,6430.0,6566.69,,,P1,False
1399,False,False,,False,False,False,6500.0,6430.0,6566.69,,,P1,False
1400,False,False,,False,False,False,6500.0,6430.0,6566.69,,,P1,False
1401,False,False,,False,False,False,6500.0,6430.0,6566.69,,,P1,False
1402,False,False,,False,False,False,6500.0,6430.0,6566.69,,,P1,False
1403,False,False,,False,False,False,6500.0,6430.0,6566.69,,,P1,False
1404,False,False,,False,False,False,6500.0,6430.0,6566.69,,,P1,False
1405,False,False,,False,False,False,6500.0,6430.0,6566.69,,,P1,False
1406,False,False,,False,False,False,6500.0,6430.0,6566.69,,,P1,False
1407,False,False,,False,False,False,6500.0,6430.0,6566.69,,,P1,False
1408,False,False,,False,False,False,6500.0,6430.0,6566.69,,,P1,False
1409,False,False,,False,False,False,6500.0,6430.0,6566.69,,,P1,False
1410,False,False,,False,False,False,6611.0,6430.0,6600.1,,,P1,False
1411,False,False,,False,False,False,6611.0,6430.0,6600.1,,,P1,False
1412,False,False,,False,False,False,6611.0,6430.0,6600.1,,,P1,False
1413,False,False,,False,False,False,6611.0,6430.0,6600.1,,,P1,False
1414,False,False,,False,False,False,6611.0,6430.0,6600.1,,,P1,False
1415,False,False,,False,False,False,6611.0,6430.0,6600.1,,,P1,False
1416,False,False,,False,False,False,6611.0,6430.0,6600.1,,,P1,False
1417,False,False,,False,False,False,6611.0,6430.0,6600.1,,,P1,False
1418,False,False,,False,False,False,6611.0,6430.0,6600.1,,,P1,False
1419,False,False,,False,False,False,6611.0,6430.0,6600.1,,,P1,False
1420,False,False,,False,False,False,6611.0,6430.0,6600.1,,,P1,False
1421,False,False,,False,False,False,6611.0,6430.0,6600.1,,,P1,False
1422,False,False,,False,False,False,6611.0,6430.0,6600.1,,,P1,False
1423,False,False,,False,False,False,6611.0,6430.0,6600.1,,,P1,False
1424,False,False,,False,False,False,6743.2,6430.0,7728.0,,,P1,False
1425,False,False,,False,False,False,6743.2,6430.0,7728.0,,,P1,False
1426,False,False,,False,False,False,6743.2,6430.0,7728.0,,,P1,False
1427,False,False,,False,False,False,6743.2,6430.0,7728.0,,,P1,False
1428,False,False,,False,False,False,6743.2,6430.0,7728.0,,,P1,False
1429,False,False,,False,False,False,6743.2,6430.0,7728.0,,,P1,False
1430,False,False,,False,False,False,6743.2,6430.0,7728.0,,,P1,False
1431,False,False,,False,False,False,6743.2,6430.0,7728.0,,,P1,False
1432,False,False,,False,False,False,6743.2,6430.0,7728.0,,,P1,False
1433,False,False,,False,False,False,6743.2,6430.0,7728.0,,,P1,False
1434,False,False,,False,False,False,7768.47,6430.0,7729.0,,,P1,False
1435,False,False,,False,False,False,7768.47,6430.0,7730.0,,,P1,False
1436,False,False,,False,False,False,7768.47,6430.0,7730.0,,,P1,False
1437,False,False,,False,False,False,7768.47,6430.0,7730.0,,,P1,False
1438,False,False,,False,False,False,7768.47,6430.0,7730.0,,,P1,False
1439,False,False,,False,False,False,7768.47,6430.0,8329.0,,,P1,False
1440,False,False,,False,False,False,7768.47,6430.0,7730.0,,,P1,False
1441,False,False,,False,False,False,7768.47,6430.0,7730.0,,,P1,False
1442,False,False,,False,False,False,7768.47,6430.0,8329.0,,,P1,False
1443,False,False,,False,False,False,7768.47,6430.0,7730.0,,,P1,False
1444,False,False,,False,False,False,7768.47,6430.0,7730.0,,,P1,False
1445,False,False,,False,False,False,7768.47,6430.0,7730.0,,,P1,False
1446,False,False,,False,False,False,7768.47,6430.0,7730.0,,,P1,False
1447,False,False,,False,False,False,7768.47,6430.0,7730.0,,,P1,False
1448,False,False,,False,False,False,7768.47,6430.0,7730.0,,,P1,False
1449,False,False,,False,False,False,7768.47,6430.0,7730.0,,,P1,False
1450,False,False,,False,False,False,7867.0,6430.0,7730.0,,,P1,False
1451,False,False,,False,False,False,7867.0,6430.0,7730.0,,,P1,False
1452,False,False,,False,False,False,7867.0,6430.0,7730.0,,,P1,False
1453,False,False,,False,False,False,7867.0,6430.0,7730.0,,,P1,False
1454,False,False,,False,False,False,7867.0,6430.0,7730.0,,,P1,False
1455,False,False,,False,False,False,7867.0,6430.0,7730.0,,,P1,False
1456,False,False,,False,False,False,7867.0,6430.0,7730.0,,,P1,False
1457,False,False,,False,False,False,7867.0,6430.0,7730.0,,,P1,False
1458,False,False,,False,False,False,7825.4,6430.0,7867.0,,,P1,False
1459,False,False,,False,False,False,7825.4,6430.0,7867.0,,,P1,False
1460,False,False,,False,False,False,7825.4,6430.0,7867.0,,,P1,False
1461,False,False,,False,False,False,7825.4,6430.0,7867.0,,,P1,False
1462,False,False,,False,False,False,7825.4,6430.0,7867.0,,,P1,False
1463,False,False,,False,False,False,7825.4,6430.0,7867.0,,,P1,False
1464,False,False,,False,False,False,7825.4,6430.0,7867.0,,,P1,False
1465,False,False,,False,False,False,7825.4,6430.0,7867.0,,,P1,False
1466,False,False,,False,False,False,7825.4,6430.0,7867.0,,,P1,False
1467,False,False,,False,False,False,7825.4,6430.0,7867.0,,,P1,False
1468,False,False,,False,False,False,7825.4,6430.0,7867.0,,,P1,False
1469,False,False,,False,False,False,7825.4,6430.0,7867.0,,,P1,False
1470,False,False,,False,False,False,7825.4,6430.0,7867.0,,,P1,False
1471,False,False,,False,False,False,7825.4,6430.0,7867.0,,,P1,False
1472,False,False,,False,False,False,8177.09,6430.0,8780.0,,,P1,False
1473,False,False,zone,False,True,False,8177.09,6430.0,8780.0,8780.0,,P1,False
1474,False,False,,False,False,False,8177.09,6430.0,8780.0,,,P1,False
1475,False,False,,False,False,False,8177.09,6430.0,8280.0,,,P1,False
1476,False,False,,False,False,False,8177.09,6430.0,8780.0,,,P1,False
1477,False,False,,False,False,False,8177.09,6430.0,8780.0,,,P1,False
1478,False,False,,False,False,False,8177.09,6430.0,8780.0,,,P1,False
1479,False,False,,False,False,False,8177.09,6432.65,8280.0,,,P1,False
1480,False,False,,False,False,False,8177.09,6500.0,8280.0,,,P1,False
1481,False,False,,False,False,False,8177.09,6500.0,8280.0,,,P1,False
1482,False,False,,False,False,False,8177.09,6500.0,8280.0,,,P1,False
1483,False,False,,False,False,False,8177.09,6500.0,8280.0,,,P1,False
1484,False,False,,False,False,False,8177.09,6500.0,8280.0,,,P1,False
1485,False,False,,False,False,False,8177.09,6500.0,8280.0,,,P1,False
1486,False,False,,False,False,False,8177.09,6500.0,8280.0,,,P1,False
1487,False,False,,False,False,False,8177.09,6500.0,8280.0,,,P1,False
1488,False,False,,False,False,False,8727.68,6500.0,8280.0,,,P1,False
1489,False,False,,False,False,False,8727.68,6500.0,7867.0,,,P1,False
1490,False,False,,False,False,False,8727.68,6500.0,7867.0,,,P1,False
1491,False,False,,False,False,False,8727.68,6500.0,7867.0,,,P1,False
1492,False,False,,False,False,False,8727.68,6500.0,8280.0,,,P1,False
1493,False,False,,False,False,False,8800.6,6500.0,8750.6,,,P1,False
1494,False,False,,False,False,False,8800.6,6500.0,8750.6,,,P1,False
1495,False,False,,False,False,False,8800.6,6500.0,8750.6,,,P1,False
1496,False,False,,False,False,False,8800.6,6500.0,8750.6,,,P1,False
1497,False,False,,False,False,False,8800.6,6500.0,8750.6,,,P1,False
1498,False,False,,False,False,True,8800.6,6500.0,8750.6,,,P1,False
1499,False,False,,False,False,False,8800.6,6500.0,8750.6,,,P1,False
1500,False,False,,False,False,False,8800.6,6500.0,8750.6,,,P1,False
1501,False,False,,False,False,False,8800.6,6500.0,8750.6,,,P1,False
1502,False,False,,False,False,False,8800.6,6500.0,8750.6,,,P1,False
1503,False,False,swing|zone,False,True,False,8800.6,6500.0,8750.6,8800.6,,P1,False
1504,False,False,,False,False,False,8800.6,6500.0,8750.6,,,P1,False
1505,False,False,swing|zone,False,True,False,8800.6,6500.0,8750.6,8800.6,,P1,False
1506,False,False,,False,False,False,8800.6,6500.0,8750.6,,,P1,False
1507,False,False,,False,False,False,8800.6,6500.0,8750.6,,,P1,False
1508,False,False,,False,False,False,8800.6,6516.67,8750.6,,,P1,False
1509,False,False,,False,False,False,8651.62,6516.67,8750.6,,,P1,False
1510,False,False,,False,False,False,8651.62,6516.67,8750.6,,,P1,False
1511,False,False,,False,False,False,8651.62,6586.28,8750.6,,,P1,False
1512,False,False,,False,False,False,8651.62,6611.0,8750.6,,,P1,False
1513,False,False,,False,False,False,8651.62,6611.0,8750.6,,,P1,False
1514,False,False,,False,False,False,8651.62,6611.0,8750.6,,,P1,False
1515,False,False,,False,False,False,8651.62,6611.0,8750.6,,,P1,False
1516,False,False,,False,False,False,8651.62,6611.0,8750.6,,,P1,False
1517,False,False,,False,False,False,8651.62,6611.0,8750.6,,,P1,False
1518,False,False,,False,False,False,8651.62,6611.0,8750.6,,,P1,False
1519,False,False,,False,False,False,8870.0,6611.0,8775.6,,,P1,False
1520,False,False,,False,False,False,8870.0,6611.0,8775.6,,,P1,False
1521,False,False,,False,False,False,8870.0,6611.0,8775.6,,,P1,False
1522,False,False,,False,False,False,8870.0,6611.0,8775.6,,,P1,False
1523,False,False,,False,False,False,8870.0,6611.0,8775.6,,,P1,False
1524,False,False,,False,False,False,8870.0,6611.0,8775.6,,,P1,False
1525,False,False,,False,False,False,8870.0,6611.0,8775.6,,,P1,False
1526,False,False,,False,False,False,8870.0,6611.0,8775.6,,,P1,False
1527,False,False,,False,False,False,9163.74,6611.0,8775.6,,,P1,False
1528,False,False,,False,False,False,9163.74,6611.0,8775.6,,,P1,False
1529,False,False,,False,False,False,9163.74,6656.0,8775.6,,,P1,False
1530,False,False,,False,False,False,9163.74,6656.0,8775.6,,,P1,False
1531,False,False,,False,False,False,9163.74,6656.0,8775.6,,,P1,False
1532,False,False,,False,False,False,9163.74,6719.91,8800.6,,,P1,False
1533,False,False,,False,False,False,9124.99,6743.2,8800.6,,,P1,False
1534,False,False,,False,False,False,9124.99,6743.2,8800.6,,,P1,False
1535,False,False,,False,False,False,9124.99,6743.2,8800.6,,,P1,False
1536,False,False,,False,False,False,9124.99,6743.2,8800.6,,,P1,False
1537,False,False,,False,False,False,9124.99,6743.2,8800.6,,,P1,False
1538,False,False,,False,False,False,9124.99,6743.2,8800.6,,,P1,False
1539,False,False,,False,False,False,9124.99,6743.2,8800.6,,,P1,False
1540,False,False,,False,False,False,8800.49,6743.2,8800.6,,,P1,False
1541,False,False,,False,False,False,8800.49,6743.2,8800.6,,,P1,False
1542,False,False,,False,False,False,8800.49,6743.2,8800.6,,,P1,False
1543,False,False,,False,False,False,8800.49,6802.7,8800.6,,,P1,False
1544,False,False,,False,False,False,8800.49,7542.0,8800.6,,,P1,False
1545,False,False,,False,False,False,8800.49,7542.0,8800.6,,,P1,False
1546,False,False,,False,False,False,8800.49,7694.05,8800.6,,,P1,False
1547,False,False,,False,False,False,8800.49,7732.0,8800.6,,,P1,False
1548,False,False,,False,False,False,8800.49,7751.0,8800.6,,,P1,False
1549,False,False,,False,False,False,8800.49,7768.47,8800.6,,,P1,False
1550,False,False,,False,False,False,8800.49,7768.47,8800.6,,,P1,False
1551,False,False,,False,False,False,8800.49,7768.47,8800.6,,,P1,False
1552,False,False,,False,False,False,8800.49,7768.47,8800.6,,,P1,False
1553,False,False,,False,False,False,8800.49,7810.0,8800.6,,,P1,False
1554,False,False,,False,False,False,8800.49,7825.4,8800.6,,,P1,False
1555,False,False,,False,False,False,8800.49,7825.4,8800.6,,,P1,False
1556,False,False,,False,False,False,8800.49,7825.4,8800.6,,,P1,False
1557,False,False,,False,False,False,8800.49,7825.4,8800.6,,,P1,False
1558,False,False,,False,False,False,8800.49,7825.4,8800.6,,,P1,False
1559,False,False,,False,False,False,8800.49,7825.4,8800.6,,,P1,False
1560,False,False,,False,False,False,8800.49,7825.4,8800.6,,,P1,False
1561,False,False,,False,False,False,8800.49,7825.4,8800.6,,,P1,False
1562,False,False,,False,False,False,8800.49,7825.4,8800.6,,,P1,False
1563,False,False,,False,False,False,8800.49,7825.4,8800.6,,,P1,False
1564,False,False,,False,False,False,8800.49,7825.4,8800.6,,,P1,False
1565,False,False,,False,False,False,8800.49,7825.4,8800.6,,,P1,False
1566,False,False,,False,False,False,8800.49,7825.4,8800.6,,,P1,False
1567,False,False,,False,False,False,8800.49,7825.4,8800.6,,,P1,False
1568,False,False,,False,False,False,8800.49,7825.4,8800.6,,,P1,False
1569,False,False,,False,False,False,8800.49,7825.4,8800.6,,,P1,False
1570,False,False,,False,False,False,8800.49,7825.4,8800.6,,,P1,False
1571,False,False,,False,False,False,8800.49,7825.4,8800.6,,,P1,False
1572,False,False,,False,False,False,8800.49,7825.4,8800.6,,,P1,False
1573,False,False,,False,False,False,8800.49,7825.4,8800.6,,,P1,False
1574,False,False,,False,False,False,8800.49,7825.4,8800.6,,,P1,False
1575,False,False,,False,False,False,8800.49,7825.4,8800.6,,,P1,False
1576,False,False,,False,False,False,9181.0,7825.4,9163.74,,,P1,False
1577,False,False,,False,False,False,9181.0,7868.0,9163.74,,,P1,False
1578,False,False,swing|zone,False,True,False,9181.0,7868.0,9163.74,9181.0,,P1,False
1579,False,False,swing|zone,False,True,False,9181.0,7931.01,9163.74,9181.0,,P1,False
1580,False,False,,False,False,False,9181.0,7931.01,9163.74,,,P1,False
1581,False,False,,False,False,False,9181.0,7985.01,8800.6,,,P1,False
1582,False,False,,False,False,False,9181.0,8080.0,8800.6,,,P1,False
1583,False,False,,False,False,False,9181.0,8080.0,9163.74,,,P1,False
1584,False,False,,False,False,False,9181.0,8080.0,9163.74,,,P1,False
1585,False,False,,False,False,False,9181.0,8143.02,9163.74,,,P1,False
1586,False,False,,False,False,False,8965.0,8171.56,9163.74,,,P1,False
1587,False,False,,False,False,False,8965.0,8177.09,9163.74,,,P1,False
1588,False,False,,False,False,False,8965.0,8177.09,9163.74,,,P1,False
1589,False,False,,False,False,False,8965.0,8177.09,9163.74,,,P1,False
1590,False,False,,False,False,False,8965.0,8177.09,9163.74,,,P1,False
1591,False,False,,False,False,False,8965.0,8267.01,8800.6,,,P1,False
1592,False,False,,False,False,False,8965.0,8431.86,8800.6,,,P1,False
1593,False,False,,False,False,False,8965.0,8446.0,8800.6,,,P1,False
1594,False,False,,False,False,False,8965.0,8490.0,7825.4,,,P1,False
1595,True,False,,False,False,False,8965.0,8565.0,7825.4,,,P1,False
1596,True,True,nbar,False,True,False,8965.0,8565.0,7825.4,8565.0,,P1,False
1597,True,False,,False,False,False,8965.0,8565.0,7825.4,,,P1,False
1598,True,False,,False,False,False,8965.0,8582.5,7825.4,,,P1,False
1599,True,False,,False,False,False,8965.0,8462.0,7825.4,,,P1,False
1600,True,False,,False,False,False,8965.0,8462.0,7825.4,,,P1,False
1601,True,False,,False,False,False,8965.0,8341.0,7825.4,,,P1,False
1602,True,False,,False,False,False,8965.0,8341.0,7825.4,,,P1,False
1603,True,False,,False,False,False,8965.0,8153.0,7825.4,,,P1,False
1604,True,False,,False,False,False,8153.0,8153.0,7825.4,,,P1,False
1605,True,False,,False,False,False,8153.0,8153.0,7825.4,,,P1,False
1606,True,False,,False,False,False,8153.0,8153.0,7825.4,,,P1,False
1607,True,False,,False,False,False,8153.0,8153.0,7825.4,,,P1,False
1608,True,False,,False,False,False,8153.0,8153.0,7825.4,,,P1,False
1609,False,False,,False,False,False,8153.0,8153.0,7825.4,,,P1,False
1610,False,False,,False,False,False,8153.0,8153.0,7825.4,,,P1,False
1611,False,False,,False,False,False,8153.0,8153.0,7825.4,,,P1,False
1612,True,False,,False,False,False,8153.0,8153.0,7825.4,,,P1,False
1613,True,False,,False,False,False,8153.0,8153.0,7825.4,,,P1,False
1614,True,False,,False,False,False,8153.0,8153.0,8764.085,,,P1,False
1615,True,False,,False,False,False,8153.0,8153.0,7825.4,,,P1,False
1616,True,False,,False,False,False,8277.0,8153.0,8177.09,,,P1,False
1617,False,False,,False,False,False,8277.0,8153.0,8177.09,,,P1,False
1618,False,False,,False,False,False,8277.0,8153.0,8177.09,,,P1,False
1619,False,False,,False,False,False,8277.0,8153.0,8177.09,,,P1,False
1620,False,False,,False,False,False,8277.0,8153.0,8177.09,,,P1,False
1621,False,False,,False,False,False,8277.0,8153.0,8177.09,,,P1,False
1622,False,False,,False,False,False,8277.0,8153.0,8177.09,,,P1,False
1623,True,False,,False,False,False,8277.0,8153.0,7825.4,,,P1,False
1624,True,False,,False,False,False,8277.0,8153.0,8177.09,,,P1,False
1625,True,False,,False,False,False,8277.0,8153.0,8177.09,,,P1,False
1626,True,True,zone,False,True,False,8277.0,8083.01,8177.09,8177.09,,P1,False
1627,True,False,,False,False,False,8083.01,8083.01,8165.045,,,P1,False
1628,True,False,,False,False,False,8083.01,8083.01,8165.045,,,P1,False
1629,True,False,,False,False,False,8083.01,8083.01,8165.045,,,P1,False
1630,True,False,,False,False,False,8083.01,8083.01,8165.045,,,P1,False
1631,True,False,,False,False,False,8083.01,8083.01,8165.045,,,P1,False
1632,True,False,,False,False,False,8083.01,8083.01,8165.045,,,P1,False
1633,True,False,,False,False,False,8083.01,8083.01,8153.0,,,P1,False
1634,True,False,,False,False,False,8083.01,8083.01,7825.4,,,P1,False
1635,True,False,,False,False,False,8083.01,8083.01,7825.4,,,P1,False
1636,True,False,,False,False,False,8083.01,8083.01,7825.4,,,P1,False
1637,True,False,,False,False,False,8083.01,7979.0,7825.4,,,P1,False
1638,True,False,,False,False,False,8083.01,7911.9,7825.4,,,P1,False
1639,True,False,,False,False,False,7911.9,7911.9,8153.0,,,P1,False
1640,True,False,,False,False,False,7911.9,7911.9,8153.0,,,P1,False
1641,True,False,,False,False,False,7911.9,7911.9,8153.0,,,P1,False
1642,True,False,,False,False,False,7911.9,7911.9,8153.0,,,P1,False
1643,False,False,,False,False,False,7911.9,7911.9,8153.0,,,P1,False
1644,False,False,,False,False,False,7911.9,7911.9,8153.0,,,P1,False
1645,False,False,,False,False,False,7911.9,7911.9,8153.0,,,P1,False
1646,False,False,,False,False,False,7911.9,7911.9,8153.0,,,P1,False
1647,False,False,,False,False,False,7911.9,7911.9,8153.0,,,P1,False
1648,False,False,,False,False,False,7911.9,7911.9,8153.0,,,P1,False
1649,False,False,,False,False,False,7911.9,7911.9,8153.0,,,P1,False
1650,False,False,,False,False,False,7911.9,7911.9,8153.0,,,P1,False
1651,False,False,,False,False,False,8163.9,7911.9,8163.9,,,P1,False
1652,False,False,,False,False,False,8163.9,7911.9,8163.9,,,P1,False
1653,False,False,,False,False,False,8163.9,7911.9,8163.9,,,P1,False
1654,False,False,,False,False,False,8163.9,7911.9,8163.9,,,P1,False
1655,False,False,,False,False,False,8163.9,7911.9,8163.9,,,P1,False
1656,False,False,,False,False,False,8163.9,7911.9,8163.9,,,P1,False
1657,False,False,,False,False,False,8163.9,7911.9,8163.9,,,P1,False
1658,False,False,,False,False,False,8163.9,7911.9,8163.9,,,P1,False
1659,False,False,,False,False,False,8163.9,7911.9,8163.9,,,P1,False
1660,False,False,,False,False,False,8163.9,7911.9,8163.9,,,P1,False
1661,False,False,,False,False,False,8163.9,7911.9,8163.9,,,P1,False
1662,False,False,,False,False,False,8163.9,7911.9,8163.9,,,P1,False
1663,False,False,,False,False,False,8163.9,7911.9,8163.9,,,P1,False
1664,True,False,,False,False,False,8163.9,7911.9,7867.0,,,P1,False
1665,True,True,nbar,False,True,False,8163.9,7911.9,7867.0,7911.9,,P1,False
1666,True,False,,False,False,False,8163.9,7911.9,7825.4,,,P1,False
1667,True,False,,False,False,False,8163.9,7911.9,7825.4,,,P1,False
1668,True,False,,False,False,False,8163.9,7860.0,7825.4,,,P1,False
1669,True,False,,False,False,False,8163.9,7805.0,7825.4,,,P1,False
1670,True,False,,False,False,False,8163.9,7783.0,7825.4,,,P1,False
1671,True,False,,False,False,False,8163.9,7641.0,7867.0,,,P1,False
1672,True,False,,False,False,False,8163.9,7425.0,7867.0,,,P1,False
1673,True,False,,False,False,False,7425.0,7425.0,7867.0,,,P1,False
1674,True,False,,False,False,False,7425.0,7425.0,7867.0,,,P1,False
1675,True,False,,False,False,False,7425.0,7425.0,7867.0,,,P1,False
1676,True,False,,False,False,False,7425.0,7266.99,7867.0,,,P1,False
1677,False,False,,False,False,False,7266.99,7266.99,7867.0,,,P1,False
1678,True,False,,False,False,False,7266.99,7266.99,7867.0,,,P1,False
1679,True,False,,False,False,False,7266.99,7266.99,7867.0,,,P1,False
1680,True,False,,False,False,False,7266.99,7266.99,7867.0,,,P1,False
1681,True,False,,False,False,False,7266.99,7266.99,7867.0,,,P1,False
1682,True,False,,False,False,False,7266.99,7266.99,7867.0,,,P1,False
1683,True,False,,False,False,False,7308.15,7266.99,7867.0,,,P1,False
1684,True,False,,False,False,False,7308.15,7266.99,7867.0,,,P1,False
1685,True,False,,False,False,False,7308.15,7266.99,7867.0,,,P1,False
1686,True,False,,False,False,False,7308.15,7266.99,7867.0,,,P1,False
1687,False,False,,False,False,False,7308.15,7266.99,8153.0,,,P1,False
1688,True,False,,False,False,False,7308.15,7266.99,8158.45,,,P1,False
1689,True,False,,False,False,False,7308.15,7266.99,8153.0,,,P1,False
1690,True,False,,False,False,False,7308.15,7266.99,8153.0,,,P1,False
1691,True,False,,False,False,False,7308.15,7266.99,8153.0,,,P1,False
1692,True,False,,False,False,False,7308.15,7231.11,8153.0,,,P1,False
1693,True,False,,False,False,False,7231.11,7231.11,7266.99,,,P1,False
1694,True,False,,False,False,False,7231.11,7231.11,7266.99,,,P1,False
1695,True,False,,False,False,False,7231.11,7231.11,7266.99,,,P1,False
1696,True,False,,False,False,False,7231.11,7231.11,7266.99,,,P1,False
1697,True,False,,False,False,False,7231.11,7231.11,7266.99,,,P1,False
1698,True,False,,False,False,False,7231.11,7231.11,7266.99,,,P1,False
1699,True,False,,False,False,False,7231.11,7159.1,7266.99,,,P1,False
1700,True,False,,False,False,False,7231.11,7159.1,7266.99,,,P1,False
1701,True,False,,False,False,False,7231.11,7148.16,7266.99,,,P1,False
1702,True,True,nbar,False,True,False,7231.11,7148.16,7266.99,7148.16,,P1,False
1703,True,False,,False,False,False,7231.11,7058.02,7266.99,,,P1,False
1704,True,False,,False,False,False,7231.11,7032.95,7266.99,,,P1,False
1705,True,False,,False,False,False,7032.95,7032.95,7266.99,,,P1,False
1706,False,False,,False,False,False,7032.95,7032.95,7266.99,,,P1,False
1707,False,False,,False,False,False,7032.95,7032.95,7266.99,,,P1,False
1708,False,False,,False,False,False,7032.95,7032.95,7266.99,,,P1,False
1709,False,False,,False,False,False,7032.95,7032.95,7266.99,,,P1,False
1710,False,False,,False,False,False,7032.95,7032.95,7266.99,,,P1,False
1711,False,False,,False,False,False,7032.95,7032.95,7266.99,,,P1,False
1712,False,False,,False,False,False,7032.95,7032.95,7266.99,,,P1,False
1713,False,False,,False,False,False,7032.95,7032.95,7266.99,,,P1,False
1714,False,False,,False,False,False,7032.95,7032.95,7266.99,,,P1,False
1715,False,False,,False,False,False,7260.5,7032.95,7266.99,,,P1,False
1716,False,False,,False,False,False,7260.5,7032.95,7266.99,,,P1,False
1717,False,False,,False,False,False,7260.5,7032.95,7266.99,,,P1,False
1718,False,False,,False,False,False,7260.5,7032.95,7266.99,,,P1,False
1719,False,False,,False,False,False,7260.5,7032.95,7266.99,,,P1,False
1720,False,False,,False,False,False,7260.5,7032.95,7266.99,,,P1,False
1721,False,False,,False,False,False,7260.5,7032.95,7266.99,,,P1,False
1722,False,False,,False,False,False,7260.5,7032.95,7266.99,,,P1,False
1723,False,False,,False,False,False,7260.5,7032.95,7266.99,,,P1,False
1724,False,False,,False,False,False,7260.5,7032.95,7266.99,,,P1,False
1725,False,False,,False,False,False,7260.5,7032.95,7266.99,,,P1,False
1726,False,False,,False,False,False,7355.54,7032.95,7287.57,,,P1,False
1727,False,False,,False,False,False,7355.54,7032.95,7355.54,,,P1,False
1728,False,False,,False,False,False,7355.54,7032.95,7287.57,,,P1,False
1729,False,False,,False,False,False,7355.54,7032.95,7287.57,,,P1,False
1730,False,False,,False,False,False,7355.54,7032.95,7287.57,,,P1,False
1731,False,False,,False,False,False,7355.54,7032.95,7287.57,,,P1,False
1732,False,False,,False,False,False,7355.54,7032.95,7287.57,,,P1,False
1733,False,False,,False,False,False,7355.54,7032.95,7287.57,,,P1,False
1734,False,False,,False,False,False,7355.54,7032.95,7287.57,,,P1,False
1735,False,False,,False,False,False,7355.54,7032.95,7287.57,,,P1,False
1736,False,False,,False,False,False,7355.54,7032.95,7287.57,,,P1,False
1737,False,False,,False,False,False,7355.54,7032.95,7287.57,,,P1,False
1738,False,False,,False,False,False,7355.54,7032.95,7287.57,,,P1,False
1739,False,False,,False,False,False,7355.54,7032.95,7287.57,,,P1,False
1740,False,False,,False,False,False,7355.54,7032.95,7287.57,,,P1,False
1741,False,False,,False,False,False,7355.54,7032.95,7287.57,,,P1,False
1742,False,False,,False,False,False,7355.54,7032.95,7287.57,,,P1,False
1743,False,False,,False,False,False,7355.54,7032.95,7287.57,,,P1,False
1744,False,False,,False,False,False,7355.54,7032.95,7287.57,,,P1,False
1745,False,False,,False,False,False,7355.54,7032.95,7287.57,,,P1,False
1746,False,False,,False,False,False,7355.54,7032.95,7287.57,,,P1,False
1747,False,False,,False,False,False,7355.54,7032.95,7287.57,,,P1,False
1748,False,False,,False,False,False,7355.54,7032.95,7287.57,,,P1,False
1749,False,False,,False,False,False,7355.54,7032.95,7287.57,,,P1,False
1750,False,False,,False,False,False,7358.0,7032.95,7355.54,,,P1,False
1751,False,False,,False,False,False,7358.0,7032.95,7355.54,,,P1,False
1752,False,False,,False,False,False,7358.0,7032.95,7355.54,,,P1,False
1753,False,False,,False,False,False,7358.0,7032.95,7355.54,,,P1,False
1754,False,False,,False,False,False,7358.0,7032.95,7355.54,,,P1,False
1755,False,False,,False,False,False,7358.0,7032.95,7355.54,,,P1,False
1756,False,False,,False,False,False,7358.0,7032.95,7355.54,,,P1,False
1757,False,False,,False,False,False,7467.05,7032.95,7355.54,,,P1,False
1758,False,False,,False,False,False,7467.05,7032.95,7355.54,,,P1,False
1759,False,False,,False,False,False,7467.05,7032.95,7355.54,,,P1,False
1760,False,False,,False,False,False,7467.05,7032.95,7355.54,,,P1,False
1761,False,False,,False,False,False,7467.05,7032.95,7355.54,,,P1,False
1762,False,False,,False,False,False,7467.05,7032.95,7355.54,,,P1,False
1763,False,False,,False,False,False,7467.05,7032.95,7355.54,,,P1,False
1764,False,False,,False,False,False,7467.05,7032.95,7355.54,,,P1,False
1765,False,False,,False,False,False,7467.05,7032.95,7355.54,,,P1,False
1766,False,False,,False,False,False,7467.05,7032.95,7355.54,,,P1,False
1767,False,False,,False,False,False,7467.05,7032.95,7355.54,,,P1,False
1768,False,False,,False,False,False,7531.0,7032.95,7355.54,,,P1,False
1769,False,False,,False,False,False,7531.0,7032.95,7263.745,,,P1,False
1770,False,False,,False,False,False,7531.0,7032.95,7263.745,,,P1,False
1771,False,False,,False,False,False,7531.0,7032.95,7263.745,,,P1,False
1772,False,False,,False,False,False,7531.0,7032.95,7263.745,,,P1,False
1773,True,False,,False,False,False,7531.0,7032.95,7260.5,,,P1,False
1774,True,False,,False,False,False,7531.0,7032.95,7260.5,,,P1,False
1775,True,False,,False,False,False,7531.0,7032.95,7260.5,,,P1,False
1776,True,False,,False,False,False,7531.0,7032.95,7260.5,,,P1,False
1777,True,False,,False,False,False,7531.0,7032.95,7260.5,,,P1,False
1778,True,False,,False,False,False,7531.0,7032.95,7260.5,,,P1,False
1779,True,False,,False,False,False,7531.0,7032.95,7260.5,,,P1,False
1780,True,False,,False,False,False,7531.0,6622.81,7260.5,,,P1,False
1781,True,False,,False,False,False,7531.0,6622.81,7260.5,,,P1,False
1782,True,False,,False,False,False,7531.0,6622.81,7263.745,,,P1,False
1783,True,False,,False,False,False,7531.0,6610.0,7263.745,,,P1,False
1784,True,False,,False,False,False,6610.0,6610.0,7260.5,,,P1,False
1785,True,False,,False,False,False,6610.0,6610.0,7263.745,,,P1,False
1786,True,False,,False,False,False,6610.0,6610.0,7263.745,,,P1,False
1787,False,False,,False,False,False,6610.0,6610.0,7260.5,,,P1,False
1788,True,False,,False,False,False,6610.0,6610.0,7260.5,,,P1,False
1789,True,False,,False,False,False,6610.0,6610.0,7260.5,,,P1,False
1790,True,False,,False,False,False,6610.0,6610.0,7263.745,,,P1,False
1791,True,False,,False,False,False,6610.0,6610.0,7260.5,,,P1,False
1792,True,False,,False,False,False,6610.0,6435.0,7260.5,,,P1,False
1793,True,False,,False,False,False,6435.0,6435.0,7260.5,,,P1,False
1794,True,False,,False,False,False,6435.0,6435.0,7260.5,,,P1,False
1795,True,False,,False,False,False,6435.0,6435.0,7260.5,,,P1,False
1796,True,False,,False,False,False,6435.0,6333.0,7263.745,,,P1,False
1797,True,False,,False,False,False,6435.0,6333.0,7263.745,,,P1,False
1798,True,False,,False,False,False,6435.0,6118.68,7263.745,,,P1,False
1799,False,False,,False,False,False,6118.68,6118.68,7263.745,,,P1,False
1800,False,False,,False,False,False,6118.68,6118.68,7263.745,,,P1,False
1801,False,False,,False,False,False,6118.68,6118.68,7263.745,,,P1,False
1802,False,False,,False,False,False,6118.68,6118.68,7263.745,,,P1,False
1803,False,False,,False,False,False,6118.68,6118.68,7263.745,,,P1,False
1804,False,False,,False,False,False,6118.68,6118.68,7263.745,,,P1,False
1805,False,False,,False,False,False,6118.68,6118.68,7263.745,,,P1,False
1806,False,False,,False,False,False,6118.68,6118.68,7263.745,,,P1,False
1807,False,False,,False,False,False,6118.68,6118.68,7263.745,,,P1,False
1808,False,False,,False,False,False,6118.68,6118.68,7263.745,,,P1,False
1809,False,False,,False,False,False,6118.68,6118.68,7263.745,,,P1,False
1810,False,False,,False,False,False,6118.68,6118.68,7263.745,,,P1,False
1811,False,False,,False,False,False,6118.68,6118.68,7260.5,,,P1,False
1812,True,False,,False,False,False,6362.31,6118.68,7260.5,,,P1,False
1813,True,False,,False,False,False,6362.31,6118.68,7260.5,,,P1,False
1814,True,False,,False,False,False,6362.31,6118.68,7260.5,,,P1,False
1815,False,False,,False,False,False,6362.31,6118.68,7260.5,,,P1,False
1816,False,False,,False,False,False,6320.86,6118.68,7260.5,,,P1,False
1817,False,False,,False,False,False,6320.86,6118.68,7260.5,,,P1,False
1818,False,False,,False,False,False,6320.86,6118.68,7260.5,,,P1,False
1819,False,False,,False,False,False,6320.86,6118.68,7260.5,,,P1,False
1820,False,False,,False,False,False,6320.86,6118.68,7260.5,,,P1,False
1821,True,False,,False,False,False,6320.86,6118.68,7260.5,,,P1,False
1822,True,False,,False,False,False,6320.86,6118.68,7260.5,,,P1,False
1823,True,False,,False,False,False,6320.86,6118.68,7260.5,,,P1,False
1824,False,False,,False,False,False,6320.86,6118.68,7260.5,,,P1,False
1825,False,False,,False,False,False,6380.0,6118.68,6380.0,,,P1,False
1826,False,False,,False,False,False,6380.0,6118.68,6371.155000000001,,,P1,False
1827,False,False,,False,False,False,6380.0,6118.68,6371.155000000001,,,P1,False
1828,False,False,,False,False,False,6380.0,6118.68,6371.155000000001,,,P1,False
1829,False,False,,False,False,False,6380.0,6118.68,6380.0,,,P1,False
1830,False,False,,False,False,False,6380.0,6118.68,6380.0,,,P1,False
1831,False,False,,False,False,False,6380.0,6118.68,6380.0,,,P1,False
1832,False,False,,False,False,False,6380.0,6118.68,6380.0,,,P1,False
1833,False,False,,False,False,False,6380.0,6118.68,6380.0,,,P1,False
1834,False,False,,False,False,False,6380.0,6118.68,6380.0,,,P1,False
1835,False,False,,False,False,False,6380.0,6118.68,6380.0,,,P1,False
1836,False,False,,False,False,False,6380.0,6118.68,6380.0,,,P1,False
1837,False,False,,False,False,False,6551.81,6118.68,6380.0,,,P1,False
1838,False,False,,False,False,False,6551.81,6118.68,6380.0,,,P1,False
1839,False,False,,False,False,False,6551.81,6118.68,6380.0,,,P1,False
1840,False,False,,False,False,False,6551.81,6118.68,6362.31,,,P1,False
1841,False,False,,False,False,False,6551.81,6118.68,6362.31,,,P1,False
1842,False,False,,False,False,False,6551.81,6118.68,6362.31,,,P1,False
1843,False,False,,False,False,False,6551.81,6118.68,6362.31,,,P1,False
1844,False,False,,False,False,False,6551.81,6118.68,6362.31,,,P1,False
1845,False,False,,False,False,False,6551.81,6118.68,6362.31,,,P1,False
1846,False,False,,False,False,False,6551.81,6118.68,6362.31,,,P1,False
1847,True,False,,False,False,False,6551.81,6118.68,6362.31,,,P1,False
1848,True,False,,False,False,False,6551.81,6118.68,6362.31,,,P1,False
1849,True,False,,False,False,False,6551.81,6118.68,6362.31,,,P1,False
1850,True,False,,False,False,False,6551.81,6118.68,6362.31,,,P1,False
1851,True,False,,False,False,False,6551.81,6070.61,6362.31,,,P1,False
1852,True,True,nbar,False,True,False,6551.81,6070.61,6362.31,6070.61,,P1,False
1853,True,False,,False,False,False,6551.81,5918.94,6362.31,,,P1,False
1854,True,False,,False,False,False,5918.94,5918.94,6362.31,,,P1,False
1855,False,False,,False,False,False,5918.94,5918.94,6362.31,,,P1,False
1856,False,False,,False,False,False,5918.94,5918.94,6362.31,,,P1,False
1857,True,False,,False,False,False,5918.94,5918.94,6362.31,,,P1,False
1858,True,False,,False,False,False,5918.94,5918.94,6362.31,,,P1,False
1859,True,False,,False,False,False,5918.94,5918.94,6362.31,,,P1,False
1860,True,False,,False,False,False,5918.94,5918.94,6362.31,,,P1,False
1861,True,False,,False,False,False,5918.94,5777.77,6362.31,,,P1,False
1862,True,False,,False,False,False,5918.94,5777.77,6362.31,,,P1,False
1863,True,False,,False,False,False,5918.94,5750.0,6362.31,,,P1,False
1864,False,False,,False,False,False,5918.94,5750.0,6362.31,,,P1,False
1865,True,False,,False,False,False,5918.94,5750.0,6362.31,,,P1,False
1866,False,False,,False,False,True,5918.94,5750.0,6362.31,,6362.31,P1,False
1867,False,False,,False,False,False,5918.94,5750.0,6362.31,,,P1,False
1868,False,False,,False,False,False,5918.94,5750.0,6362.31,,,P1,False
1869,False,False,,False,False,False,5918.94,5750.0,6362.31,,,P1,False
1870,False,False,,False,False,False,6061.97,5750.0,6362.31,,,P1,True
1871,False,False,,False,False,False,6061.97,5750.0,6362.31,,,P1,True
1872,False,False,,False,False,False,6061.97,5750.0,6362.31,,,P1,True
1873,False,False,,False,False,False,6061.97,5750.0,6362.31,,,P1,True
1874,False,False,,False,False,False,6061.97,5750.0,6362.31,,,P1,True
1875,False,False,,False,False,False,6061.97,5750.0,6362.31,,,P1,True
1876,False,False,swing,False,True,False,6061.97,5750.0,6362.31,6061.97,,P1,True
1877,False,False,,False,False,False,6061.97,5750.0,6362.31,,,P1,True
1878,False,False,,False,False,False,6061.97,5750.0,6362.31,,,P1,True
1879,False,False,,False,False,False,6061.97,5750.0,6362.31,,,P1,True
1880,False,False,,False,False,False,5971.0,5750.0,6362.31,,,P1,True
1881,False,False,,False,False,False,5971.0,5750.0,6362.31,,,P1,True
1882,False,False,,False,False,False,5971.0,5750.0,6362.31,,,P1,True
1883,False,False,,False,False,False,5971.0,5750.0,6362.31,,,P1,True
1884,True,False,,False,False,False,5971.0,5750.0,6362.31,,,P1,True
1885,True,False,,False,False,False,5971.0,5750.0,6362.31,,,P1,True
1886,True,False,,False,False,False,5971.0,5750.0,6362.31,,,P1,True
1887,True,False,,False,False,False,5971.0,5750.0,6362.31,,,P1,True
1888,True,False,,False,False,False,5971.0,5750.0,6362.31,,,P1,True
1889,True,False,,False,False,False,5971.0,5750.0,6362.31,,,P1,True
1890,True,False,,False,False,False,5780.0,5750.0,6362.31,,,P1,True
1891,True,False,,False,False,False,5780.0,5750.0,6362.31,,,P1,True
1892,True,False,,False,False,False,5780.0,5750.0,6380.0,,,P1,True
1893,True,False,,False,False,False,5780.0,5750.0,6380.0,,,P1,True
1894,True,False,,False,False,False,5780.0,5750.0,6371.155000000001,,,P1,True
1895,False,False,,False,False,False,5780.0,5750.0,6362.31,,,P1,True
1896,False,False,,False,False,False,5780.0,5750.0,6371.155000000001,,,P1,True
1897,False,False,,False,False,False,5780.0,5750.0,6362.31,,,P1,True
1898,False,False,,False,False,False,5780.0,5750.0,6371.155000000001,,,P1,True
1899,False,False,,False,False,False,6301.01,5750.0,6371.155000000001,,,P1,True
1900,False,False,,False,False,False,6301.01,5750.0,6320.86,,,P1,True
1901,False,False,,False,False,False,6301.01,5750.0,6320.86,,,P1,True
1902,False,False,,False,False,False,6301.01,5750.0,6341.585,,,P1,True
1903,False,False,,False,False,False,6301.01,5750.0,6341.585,,,P1,True
1904,False,False,zone,False,True,False,6251.0,5750.0,6320.86,6320.86,,P1,True
1905,False,False,,False,False,False,6251.0,5750.0,6320.86,,,P1,True
1906,False,False,,False,False,False,6251.0,5750.0,6380.0,,,P1,True
1907,False,False,,False,False,False,6251.0,5750.0,6371.155000000001,,,P1,True
1908,False,False,,False,False,False,6271.62,5750.0,6371.155000000001,,,P1,True
1909,False,False,,False,False,False,6271.62,5750.0,6371.155000000001,,,P1,True
1910,False,False,,False,False,False,6271.62,5750.0,6371.155000000001,,,P1,True
1911,False,False,,False,False,False,6271.62,5750.0,6380.0,,,P1,True
1912,False,False,,False,False,False,6271.62,5750.0,6380.0,,,P1,True
1913,False,False,,False,False,False,6271.62,5750.0,6380.0,,,P1,True
1914,False,False,,False,False,False,6271.62,5750.0,6380.0,,,P1,True
1915,False,False,,False,False,False,6271.62,5750.0,6380.0,,,P1,True
1916,False,False,,False,False,False,6271.62,5750.0,6380.0,,,P1,True
1917,False,False,,False,False,False,6271.62,5750.0,6380.0,,,P1,True
1918,False,False,,False,False,False,6271.62,5750.0,6371.155000000001,,,P1,True
1919,False,False,,False,False,False,6441.11,5750.0,6435.0,,,P1,True
1920,False,False,,False,False,False,6441.11,5750.0,6435.0,,,P1,True
1921,False,False,,False,False,False,6441.11,5750.0,6435.0,,,P1,True
1922,False,False,,False,False,False,6441.11,5750.0,6435.0,,,P1,True
1923,False,False,,False,False,False,6441.11,5750.0,6435.0,,,P1,True
1924,False,False,,False,False,False,6510.0,5750.0,6435.0,,,P1,True
1925,False,False,,False,False,False,6510.0,5750.0,6435.0,,,P1,True
1926,False,False,,False,False,False,6510.0,5750.0,6435.0,,,P1,True
1927,False,False,,False,False,False,6510.0,5750.0,6435.0,,,P1,True
1928,False,False,,False,False,False,6510.0,5750.0,6435.0,,,P1,True
1929,False,False,,False,False,False,6510.0,5750.0,6551.81,,,P1,True
1930,False,False,,False,False,False,6510.0,5750.0,6551.81,,,P1,True
1931,False,False,,False,False,False,6425.0,5750.0,6551.81,,,P1,True
1932,False,False,,False,False,False,6425.0,5750.0,6435.0,,,P1,True
1933,False,False,,False,False,False,6425.0,5750.0,6435.0,,,P1,True
1934,False,False,,False,False,False,6425.0,5750.0,6435.0,,,P1,True
1935,False,False,,False,False,False,6425.0,5750.0,6435.0,,,P1,True
1936,False,False,,False,False,False,6425.0,5750.0,6435.0,,,P1,True
1937,False,False,,False,False,False,6425.0,5750.0,6435.0,,,P1,True
1938,False,False,,False,False,False,6425.0,5750.0,6435.0,,,P1,True
1939,False,False,,False,False,False,6425.0,5750.0,6435.0,,,P1,True
1940,False,False,,False,False,False,6425.0,5750.0,6435.0,,,P1,True
1941,False,False,,False,False,False,6508.88,5750.0,6510.0,,,P1,True
1942,False,False,,False,False,False,6508.88,5750.0,6510.0,,,P1,True
1943,False,False,,False,False,False,6508.88,5750.0,6510.0,,,P1,True
1944,False,False,,False,False,False,6508.88,5750.0,6510.0,,,P1,True
1945,False,False,,False,False,False,6508.88,5750.0,6510.0,,,P1,True
1946,False,False,,False,False,False,6508.88,5750.0,6510.0,,,P1,True
1947,False,False,,False,False,False,6508.88,5750.0,6510.0,,,P1,True
1948,False,False,,False,False,False,6508.88,5750.0,6510.0,,,P1,True
1949,False,False,,False,False,False,6508.88,5750.0,6510.0,,,P1,True
1950,False,False,,False,False,False,6508.88,5750.0,6510.0,,,P1,True
1951,False,False,,False,False,False,6508.88,5750.0,6510.0,,,P1,True
1952,False,False,,False,False,False,6508.88,5750.0,6362.31,,,P1,True
1953,False,False,,False,False,False,6508.88,5750.0,6380.0,,,P1,True
1954,False,False,,False,False,False,6508.88,5750.0,6362.31,,,P1,True
1955,False,False,,False,False,False,6508.88,5750.0,6286.3150000000005,,,P1,True
1956,False,False,,False,False,False,6508.88,5750.0,6310.9349999999995,,,P1,True
1957,False,False,zone,False,True,False,6508.88,5750.0,6310.9349999999995,6310.9349999999995,,P1,True
1958,False,False,,False,False,False,6508.88,5750.0,6362.31,,,P1,True
1959,False,False,,False,False,False,6263.0,5750.0,6310.9349999999995,,,P1,True
1960,False,False,zone,False,True,False,6263.0,5750.0,6310.9349999999995,6310.9349999999995,,P1,True
1961,False,False,,False,False,False,6263.0,5750.0,6362.31,,,P1,True
1962,False,False,,False,False,False,6263.0,5750.0,6320.86,,,P1,True
1963,False,False,,False,False,False,6263.0,5750.0,6263.0,,,P1,True
1964,False,False,,False,False,False,6263.0,5750.0,6267.3099999999995,,,P1,True
1965,False,False,,False,False,False,6263.0,5750.0,6263.0,,,P1,True
1966,False,False,,False,False,False,6263.0,5750.0,6263.0,,,P1,True
1967,False,False,,False,False,False,6263.0,5750.0,6263.0,,,P1,True
1968,False,False,,False,False,False,6263.0,5750.0,6263.0,,,P1,True
1969,False,False,,False,False,False,6263.0,5750.0,6263.0,,,P1,True
1970,False,False,,False,False,False,6263.0,5750.0,6267.3099999999995,,,P1,True
1971,False,False,,False,False,False,6070.0,5750.0,6263.0,,,P1,True
1972,False,False,,False,False,False,6070.0,5750.0,6263.0,,,P1,True
1973,False,False,,False,False,False,6070.0,5750.0,6070.0,,,P1,True
1974,False,False,,False,False,False,6070.0,5750.0,6070.0,,,P1,True
1975,False,False,,False,False,False,6070.0,5750.0,6070.0,,,P1,True
1976,False,False,,False,False,False,6070.0,5750.0,6070.0,,,P1,True
1977,False,False,,False,False,False,6110.0,5750.0,6110.0,,,P1,True
1978,False,False,,False,False,False,6110.0,5750.0,6267.3099999999995,,,P1,True
1979,False,False,,False,False,False,6110.0,5750.0,6110.0,,,P1,True
1980,False,False,,False,False,False,6110.0,5750.0,6110.0,,,P1,True
1981,False,False,,False,False,False,6110.0,5750.0,6267.3099999999995,,,P1,True
1982,False,False,,False,False,False,6110.0,5750.0,6320.86,,,P1,True
1983,False,False,,False,False,False,6110.0,5750.0,6362.31,,,P1,True
1984,False,False,,False,False,False,6110.0,5780.0,6320.86,,,P1,True
1985,False,False,,False,False,False,6110.0,5780.0,6320.86,,,P1,True
1986,False,False,,False,False,False,6110.0,5780.0,6286.3150000000005,,,P1,True
1987,False,False,,False,False,False,6110.0,5780.0,6286.3150000000005,,,P1,True
1988,False,False,,False,False,False,6110.0,5780.0,6435.0,,,P1,True
1989,False,False,,False,False,False,6110.0,5780.0,6510.0,,,P1,True
1990,False,False,,False,False,False,6110.0,5780.0,6510.0,,,P1,True
1991,False,False,,False,False,False,6110.0,5780.0,6510.0,,,P1,True
1992,False,False,,False,False,False,6110.0,5780.0,6510.0,,,P1,True
1993,False,False,,False,False,False,6110.0,5780.0,6510.0,,,P1,True
1994,False,False,,False,False,False,6110.0,5780.0,6510.0,,,P1,True
1995,False,False,,False,False,False,6110.0,5780.0,6510.0,,,P1,True
1996,False,False,,False,False,False,6110.0,5780.0,6510.0,,,P1,True
1997,False,False,,False,False,False,6110.0,5780.0,6530.905000000001,,,P1,True
1998,False,False,,False,False,False,6110.0,5780.0,6530.905000000001,,,P1,True
1999,False,False,,False,False,False,6110.0,5780.0,6530.905000000001,,,P1,True
2000,False,False,,False,False,False,6110.0,5780.0,6530.905000000001,,,P1,True
2001,False,False,,False,False,False,6110.0,5780.0,6530.905000000001,,,P1,True
2002,False,False,,False,False,False,6110.0,5780.0,6530.905000000001,,,P1,True
2003,False,False,,False,False,True,6110.0,5780.0,6530.905000000001,,,P1,True
2004,False,False,,False,False,False,6110.0,5780.0,6530.905000000001,,,P1,True
2005,False,False,,False,False,False,6110.0,5780.0,6530.905000000001,,,P1,True
2006,False,False,,False,False,False,6110.0,5780.0,6530.905000000001,,,P1,True
2007,False,False,,False,False,False,7225.38,5780.0,6530.905000000001,,,P1,True
2008,False,False,,False,False,False,7225.38,5780.0,6530.905000000001,,,P1,True
2009,False,False,,False,False,False,7225.38,5811.02,6530.905000000001,,,P1,True
2010,False,False,,False,False,False,7225.38,5811.02,6530.905000000001,,,P1,True
2011,False,False,,False,False,False,7225.38,5867.0,6530.905000000001,,,P1,True
2012,False,False,,False,False,False,7225.38,5881.98,6530.905000000001,,,P1,True
2013,False,False,,False,False,False,7225.38,6070.0,6530.905000000001,,,P1,True
2014,False,False,,False,False,False,7225.38,6070.0,6530.905000000001,,,P1,True
2015,False,False,,False,False,False,7225.38,6070.0,6530.905000000001,,,P1,True
2016,False,False,,False,False,False,7225.38,6070.0,6530.905000000001,,,P1,True
2017,False,False,,False,False,False,7225.38,6070.0,6530.905000000001,,,P1,True
2018,False,False,,False,False,False,7225.38,6070.0,6530.905000000001,,,P1,True
2019,False,False,,False,False,False,7225.38,6070.0,6530.905000000001,,,P1,True
2020,False,False,,False,False,False,7211.0,6070.0,6530.905000000001,,,P1,True
2021,False,False,,False,False,False,7211.0,6070.0,6510.0,,,P1,True
2022,False,False,,False,False,False,7211.0,6070.0,6510.0,,,P1,True
2023,False,False,,False,False,False,7211.0,6070.0,6510.0,,,P1,True
2024,False,False,,False,False,False,7211.0,6070.0,6510.0,,,P1,True
2025,False,False,,False,False,False,7211.0,6070.0,6510.0,,,P1,True
2026,False,False,,False,False,False,7211.0,6070.0,6510.0,,,P1,True
2027,False,False,,False,False,False,7211.0,6070.0,6510.0,,,P1,True
2028,False,False,,False,False,False,7211.0,6070.0,6510.0,,,P1,True
2029,False,False,,False,False,False,7211.0,6070.0,6510.0,,,P1,True
2030,False,False,,False,False,False,7211.0,6070.0,6510.0,,,P1,True
2031,False,False,,False,False,False,7335.5,6070.0,6510.0,,,P1,True
2032,False,False,,False,False,False,7335.5,6070.0,6510.0,,,P1,True
2033,False,False,,False,False,False,7335.5,6070.0,6510.0,,,P1,True
2034,False,False,,False,False,False,7335.5,6070.0,6510.0,,,P1,True
2035,False,False,,False,False,False,7335.5,6070.0,6510.0,,,P1,True
2036,False,False,,False,False,False,7335.5,6070.0,6510.0,,,P1,True
2037,False,False,,False,False,False,7335.5,6070.0,6510.0,,,P1,False
2038,False,False,,False,False,False,7335.5,6070.0,6510.0,,,P1,False
2039,False,False,,False,False,False,7335.5,6070.0,6510.0,,,P1,False
2040,False,False,,False,False,False,7335.5,6070.0,6510.0,,,P1,False
2041,False,False,,False,False,False,7335.5,6070.0,6510.0,,,P1,False
2042,False,False,,False,False,False,7335.5,6070.0,6510.0,,,P1,False
2043,False,False,,False,False,False,7335.5,6070.0,6510.0,,,P1,False
2044,False,False,,False,False,False,7335.5,6070.0,6510.0,,,P1,False
2045,False,False,,False,False,False,7335.5,6070.0,6510.0,,,P1,False
2046,False,False,,False,False,False,7335.5,6070.0,6510.0,,,P1,False
2047,False,False,,False,False,False,8050.0,6070.0,6510.0,,,P1,False
2048,False,False,,False,False,False,8050.0,6070.0,6510.0,,,P1,False
2049,False,False,,False,False,False,8050.0,6070.0,6510.0,,,P1,False
2050,False,False,,False,False,False,8050.0,6070.0,6510.0,,,P1,False
2051,False,False,,False,False,False,8050.0,6070.0,6510.0,,,P1,False
2052,False,False,,False,False,False,8050.0,6070.0,6510.0,,,P1,False
2053,False,False,,False,False,False,8050.0,6070.0,6510.0,,,P1,False
2054,False,False,,False,False,False,8050.0,6070.0,6510.0,,,P1,False
2055,False,False,,False,False,False,7850.06,6070.0,6510.0,,,P1,False
2056,False,False,,False,False,False,7850.06,6070.0,6510.0,,,P1,False
2057,False,False,,False,False,False,7850.06,6070.0,6510.0,,,P1,False
2058,False,False,,False,False,False,7850.06,6070.0,6510.0,,,P1,False
2059,False,False,,False,False,False,7805.0,6070.0,6510.0,,,P1,False
2060,False,False,,False,False,False,7805.0,6070.0,6510.0,,,P1,False
2061,False,False,,False,False,False,7805.0,6070.0,6510.0,,,P1,False
2062,False,False,,False,False,False,7805.0,6070.0,6510.0,,,P1,False
2063,False,False,,False,False,False,7805.0,6070.0,6510.0,,,P1,False
2064,False,False,,False,False,False,7805.0,6070.0,6510.0,,,P1,False
2065,False,False,,False,False,False,8067.0,6070.0,6510.0,,,P1,False
2066,False,False,,False,False,False,8067.0,6070.0,6510.0,,,P1,False
2067,False,False,,False,False,False,8067.0,6070.0,6510.0,,,P1,False
2068,False,False,,False,False,False,8067.0,6070.0,6510.0,,,P1,False
2069,False,False,,False,False,False,8067.0,6070.0,6510.0,,,P1,False
2070,False,False,swing,False,True,False,8115.0,6070.0,8067.0,8115.0,,P1,False
2071,False,False,,False,False,False,8115.0,6070.0,8067.0,,,P1,False
2072,False,False,,False,False,False,8115.0,6070.0,8067.0,,,P1,False
2073,False,False,,False,False,False,8115.0,6070.0,8067.0,,,P1,False
2074,False,False,swing|zone,False,True,True,8070.0,6070.0,8070.0,8070.0,8070.0,P1,False
2075,False,False,,False,False,False,8070.0,6070.0,8068.5,,,P1,False
2076,False,False,,False,False,False,8070.0,6070.0,8068.5,,,P1,False
2077,False,False,,False,False,False,8070.0,6070.0,8070.0,,,P1,False
2078,False,False,,False,False,False,7866.0,6070.0,7850.06,,,P1,False
2079,False,False,,False,False,False,7866.0,6070.0,6267.3099999999995,,,P1,False
2080,False,False,,False,False,False,7866.0,6070.0,6508.88,,,P1,False
2081,False,False,,False,False,False,7866.0,6070.0,6508.88,,,P1,False
2082,False,False,,False,False,False,7866.0,6070.0,6508.88,,,P1,False
2083,False,False,,False,False,False,7866.0,6070.0,6508.88,,,P1,False
2084,False,False,,False,False,False,7866.0,6070.0,6508.88,,,P1,False
2085,False,False,,False,False,False,7866.0,6070.0,6508.88,,,P1,False
2086,False,False,,False,False,False,7866.0,6070.0,6508.88,,,P1,False
2087,False,False,swing,False,True,False,7464.81,6070.0,6508.88,7464.81,,P1,False
2088,False,False,,False,False,False,7464.81,6070.0,6508.88,,,P1,False
2089,False,False,,False,False,False,7464.81,6070.0,6508.88,,,P1,False
2090,False,False,,False,False,False,7464.81,6110.0,6508.88,,,P1,False
2091,False,False,,False,False,False,7430.0,6110.0,6508.88,,,P1,False
2092,False,False,,False,False,False,7430.0,6110.0,6267.3099999999995,,,P1,False
2093,False,False,,False,False,False,7430.0,6110.0,6267.3099999999995,,,P1,False
2094,True,False,,False,False,False,7430.0,6110.0,6267.3099999999995,,,P1,False
2095,True,False,,False,False,False,7430.0,6110.0,6267.3099999999995,,,P1,False
2096,True,False,,False,False,False,7430.0,6178.0,6267.3099999999995,,,P1,False
2097,False,False,,False,False,False,7430.0,6178.0,6267.3099999999995,,,P1,False
2098,True,False,,False,False,False,7430.0,6178.0,6267.3099999999995,,,P1,False
2099,True,False,,False,False,False,7282.44,6205.0,7282.44,,,P1,False
2100,False,False,,False,False,False,7282.44,6205.0,7282.44,,,P1,False
2101,False,False,,False,False,False,7282.44,6205.0,7282.44,,,P1,False
2102,True,False,,False,False,False,7282.44,6225.4,7282.44,,,P1,False
2103,False,False,,False,False,False,7282.44,6255.17,6267.3099999999995,,,P1,False
2104,False,False,,False,False,False,7282.44,6281.17,6508.88,,,P1,False
2105,False,False,,False,False,False,7282.44,6329.0,6508.88,,,P1,False
2106,False,False,,False,False,False,7282.44,6330.4,6508.88,,,P1,False
2107,False,False,,False,False,False,7282.44,6330.4,6508.88,,,P1,False
2108,False,False,,False,False,False,7282.44,6330.4,6508.88,,,P1,False
2109,False,False,,False,False,False,7282.44,6343.61,6508.88,,,P1,False
2110,False,False,,False,False,False,7282.44,6362.02,6508.88,,,P1,False
2111,False,False,,False,False,False,7282.44,6579.99,6508.88,,,P1,False
2112,False,False,,False,False,False,7282.44,6616.0,6267.3099999999995,,,P1,False
2113,True,False,,False,False,False,6882.29,6644.09,6267.3099999999995,,,P1,False
2114,True,False,,False,False,False,6882.29,6652.04,6267.3099999999995,,,P1,False
2115,True,True,swing,False,True,False,6882.29,6652.04,6267.3099999999995,6882.29,,P1,False
2116,True,False,,False,False,False,6882.29,6667.72,6267.3099999999995,,,P1,False
2117,True,True,swing,False,True,False,6882.29,6667.72,6267.3099999999995,6882.29,,P1,False
2118,True,False,,False,False,False,6882.29,6728.84,6267.3099999999995,,,P1,False
2119,True,False,,False,False,False,6882.29,6861.06,6267.3099999999995,,,P1,False
2120,True,False,,False,False,False,6882.29,6821.0,6267.3099999999995,,,P1,False
2121,True,False,,False,False,False,6821.0,6821.0,6267.3099999999995,,,P1,False
2122,False,False,,False,False,False,6821.0,6821.0,6267.3099999999995,,,P1,False
2123,True,False,,False,False,False,6821.0,6821.0,6267.3099999999995,,,P1,False
2124,True,False,,False,False,False,6821.0,6821.0,6508.88,,,P1,False
2125,True,False,,False,False,False,6821.0,6821.0,6267.3099999999995,,,P1,False
2126,True,False,,False,False,False,6821.0,6670.0,6508.88,,,P1,False
2127,True,False,,False,False,False,6821.0,6551.79,6267.3099999999995,,,P1,False
2128,True,True,zone,False,True,False,6821.0,6392.62,6267.3099999999995,6267.3099999999995,,P1,False
2129,True,False,,False,False,False,6821.0,6392.62,6267.3099999999995,,,P1,False
2130,True,False,,False,False,False,6821.0,6392.62,6267.3099999999995,,,P1,False
2131,True,False,,False,False,False,6821.0,6123.0,6267.3099999999995,,,P1,False
2132,True,False,,False,False,False,6123.0,6123.0,6267.3099999999995,,,P1,False
2133,True,False,,False,False,False,6123.0,6123.0,6267.3099999999995,,,P1,False
2134,True,False,,False,False,False,6123.0,6123.0,6267.3099999999995,,,P1,False
2135,True,False,,False,False,False,6123.0,6123.0,6508.88,,,P1,False
2136,False,False,,False,False,False,6123.0,6123.0,6263.0,,,P1,False
2137,False,False,,False,False,False,6178.6,6123.0,6263.0,,,P1,False
2138,True,False,,False,False,False,6178.6,6123.0,6263.0,,,P1,False
2139,False,False,,False,False,False,6178.6,6123.0,6263.0,,,P1,False
2140,True,False,,False,False,False,6178.6,6123.0,6263.0,,,P1,False
2141,True,False,,False,False,False,6178.6,6123.0,6123.0,,,P1,False
2142,True,False,,False,False,False,6178.6,6123.0,6110.0,,,P1,False
2143,True,False,,False,False,False,6178.6,6123.0,6110.0,,,P1,False
2144,True,False,,False,False,False,6178.6,6026.39,6110.0,,,P1,False
2145,True,False,,False,False,False,6178.6,6026.39,6110.0,,,P1,False
2146,True,False,,False,False,False,6178.6,5971.0,6123.0,,,P1,False
2147,True,False,,False,False,False,5971.0,5971.0,6150.8,,,P1,False
2148,True,True,zone,False,True,False,5971.0,5971.0,6150.8,6150.8,,P1,False
2149,True,False,,False,False,False,5971.0,5971.0,6150.8,,,P1,False
2150,False,False,,False,False,False,5971.0,5971.0,6150.8,,,P1,False
2151,True,False,,False,False,False,5971.0,5971.0,6150.8,,,P1,False
2152,False,False,,False,False,False,5971.0,5971.0,6150.8,,,P1,False
2153,True,False,,False,False,False,5971.0,5971.0,6150.8,,,P1,False
2154,False,False,,False,False,False,5971.0,5971.0,6150.8,,,P1,False
2155,False,False,,False,False,False,5971.0,5971.0,6123.0,,,P1,False
2156,False,False,,False,False,False,5971.0,5971.0,6123.0,,,P1,False
2157,False,False,,False,False,False,5971.0,5971.0,6123.0,,,P1,False
2158,False,False,,False,False,False,5971.0,5971.0,6123.0,,,P1,False
2159,False,False,,False,False,False,5971.0,5971.0,6150.8,,,P1,False
2160,True,False,,False,False,False,5971.0,5971.0,6110.0,,,P1,False
2161,True,False,,False,False,False,5971.0,5971.0,6110.0,,,P1,False
2162,True,False,,False,False,False,5971.0,5971.0,6110.0,,,P1,False
2163,True,False,,False,False,False,5971.0,5880.0,6110.0,,,P1,False
2164,True,False,,False,False,False,5880.0,5880.0,6110.0,,,P1,False
2165,True,False,,False,False,False,5880.0,5880.0,6150.8,,,P1,False
2166,True,False,,False,False,False,5880.0,5880.0,6150.8,,,P1,False
2167,False,False,,False,False,False,5880.0,5880.0,6123.0,,,P1,False
2168,False,False,,False,False,False,5880.0,5880.0,6150.8,,,P1,False
2169,False,False,,False,False,False,5880.0,5880.0,6150.8,,,P1,False
2170,False,False,,False,False,False,5880.0,5880.0,6150.8,,,P1,False
2171,False,False,,False,False,False,5880.0,5880.0,6150.8,,,P1,False
2172,False,False,,False,False,False,5880.0,5880.0,6150.8,,,P1,False
2173,False,False,,False,False,False,5880.0,5880.0,6150.8,,,P1,False
2174,False,False,,False,False,False,5880.0,5880.0,6150.8,,,P1,False
2175,False,False,,False,False,False,5880.0,5880.0,6150.8,,,P1,False
2176,False,False,,False,False,False,6205.6,5880.0,6205.6,,,P1,False
2177,False,False,,False,False,False,6205.6,5880.0,6192.1,,,P1,False
2178,False,False,,False,False,False,6205.6,5880.0,6205.6,,,P1,False
2179,False,False,,False,False,False,6205.6,5880.0,6205.6,,,P1,False
2180,False,False,,False,False,False,6205.6,5880.0,6192.1,,,P1,False
2181,False,False,,False,False,False,6228.0,5880.0,6228.0,,,P1,False
2182,False,False,,False,False,False,6228.0,5880.0,6228.0,,,P1,False
2183,False,False,,False,False,False,6228.0,5880.0,6228.0,,,P1,False
2184,False,False,,False,False,False,6228.0,5880.0,6228.0,,,P1,False
2185,False,False,,False,False,False,6228.0,5880.0,6228.0,,,P1,False
2186,False,False,,False,False,False,6228.0,5880.0,6228.0,,,P1,False
2187,False,False,,False,False,False,6228.0,5880.0,6228.0,,,P1,False
2188,False,False,,False,False,False,6228.0,5880.0,6228.0,,,P1,False
2189,False,False,,False,False,False,6228.0,5880.0,6228.0,,,P1,False
2190,False,False,,False,False,False,6228.0,5880.0,6228.0,,,P1,False
2191,False,False,,False,False,False,6228.0,5880.0,6228.0,,,P1,False
2192,False,False,,False,False,False,6288.0,5880.0,6263.0,,,P1,False
2193,False,False,,False,False,False,6288.0,5880.0,6263.0,,,P1,False
2194,False,False,,False,False,False,6288.0,5880.0,6263.0,,,P1,False
2195,False,False,,False,False,False,6288.0,5880.0,6263.0,,,P1,False
2196,False,False,,False,False,False,6288.0,5880.0,6216.8,,,P1,False
2197,False,False,,False,False,False,6288.0,5880.0,6216.8,,,P1,False
2198,False,False,,False,False,False,6288.0,5880.0,6216.8,,,P1,False
2199,False,False,,False,False,False,6288.0,5880.0,6216.8,,,P1,False
2200,False,False,,False,False,False,6288.0,5880.0,6205.6,,,P1,False
2201,False,False,,False,False,False,6288.0,5880.0,6205.6,,,P1,False
2202,False,False,,False,False,False,6288.0,5880.0,6216.8,,,P1,False
2203,False,False,,False,False,False,6288.0,5880.0,6216.8,,,P1,False
2204,False,False,,False,False,False,6288.0,5880.0,6216.8,,,P1,False
2205,False,False,,False,False,False,6220.0,5880.0,6220.0,,,P1,False
2206,False,False,,False,False,False,6220.0,5880.0,6220.0,,,P1,False
2207,False,False,,False,False,False,6220.0,5880.0,6212.8,,,P1,False
2208,False,False,,False,False,False,6220.0,5880.0,6212.8,,,P1,False
2209,False,False,,False,False,False,6220.0,5880.0,6228.0,,,P1,False
2210,False,False,,False,False,False,6220.0,5880.0,6228.0,,,P1,False
2211,False,False,,False,False,False,6220.0,5880.0,6228.0,,,P1,False
2212,False,False,,False,False,False,6220.0,5880.0,6228.0,,,P1,False
2213,False,False,,False,False,False,6220.0,5880.0,6228.0,,,P1,False
2214,False,False,,False,False,False,6220.0,5880.0,6228.0,,,P1,False
2215,False,False,,False,False,False,6220.0,5880.0,6228.0,,,P1,False
2216,False,False,,False,False,False,6220.0,5880.0,6228.0,,,P1,False
2217,False,False,,False,False,False,6251.2,5880.0,6251.2,,,P1,False
2218,False,False,,False,False,False,6251.2,5880.0,6251.2,,,P1,False
2219,False,False,,False,False,False,6251.2,5880.0,6251.2,,,P1,False
2220,False,False,,False,False,False,6251.2,5880.0,6251.2,,,P1,False
2221,False,False,,False,False,False,6251.2,5880.0,6251.2,,,P1,False
2222,False,False,,False,False,False,6360.0,5880.0,6251.2,,,P1,False
2223,False,False,,False,False,False,6360.0,5880.0,6251.2,,,P1,False
2224,False,False,,False,False,False,6360.0,5880.0,6251.2,,,P1,False
2225,False,False,,False,False,False,6360.0,5880.0,6251.2,,,P1,False
2226,False,False,,False,False,False,6360.0,5880.0,6251.2,,,P1,False
2227,False,False,,False,False,False,6440.5,5880.0,6251.2,,,P1,False
2228,False,False,,False,False,False,6440.5,5880.0,6228.0,,,P1,False
2229,False,False,,False,False,False,6440.5,5880.0,6228.0,,,P1,False
2230,False,False,,False,False,False,6440.5,5880.0,6228.0,,,P1,False
2231,False,False,,False,False,False,6440.5,5880.0,6228.0,,,P1,False
2232,False,False,,False,False,False,6440.5,5880.0,6228.0,,,P1,False
2233,False,False,,False,False,False,6440.5,5880.0,6228.0,,,P1,False
2234,False,False,,False,False,False,6440.5,5880.0,6228.0,,,P1,False
2235,False,False,,False,False,False,6440.5,5880.0,6228.0,,,P1,False
2236,False,False,,False,False,False,6440.5,5880.0,6228.0,,,P1,False
2237,False,False,,False,False,False,6568.0,5880.0,6228.0,,,P1,False
2238,False,False,,False,False,False,6568.0,5880.0,6228.0,,,P1,False
2239,False,False,,False,False,False,6568.0,5880.0,6228.0,,,P1,False
2240,False,False,,False,False,False,6568.0,5880.0,6228.0,,,P1,False
2241,False,False,,False,False,False,6568.0,5880.0,6228.0,,,P1,False
2242,False,False,,False,False,False,6568.0,5880.0,6228.0,,,P1,False
2243,False,False,,False,False,False,6568.0,5880.0,6239.6,,,P1,False
2244,False,False,,False,False,False,6568.0,5880.0,6228.0,,,P1,False
2245,False,False,,False,False,False,6568.0,5880.0,6228.0,,,P1,False
2246,False,False,,False,False,False,6568.0,5880.0,6228.0,,,P1,False
2247,False,False,,False,False,False,6568.0,5880.0,6228.0,,,P1,False
2248,False,False,,False,False,False,6568.0,5880.0,6228.0,,,P1,False
2249,False,False,,False,False,False,6568.0,5880.0,6228.0,,,P1,False
2250,False,False,,False,False,False,6568.0,5880.0,6228.0,,,P1,False
2251,False,False,,False,False,False,6568.0,5880.0,6228.0,,,P1,False
2252,False,False,,False,False,False,6568.0,5880.0,6228.0,,,P1,False
2253,False,False,,False,False,False,6568.0,5880.0,6228.0,,,P1,False
2254,False,False,,False,False,False,6568.0,5880.0,6228.0,,,P1,False
2255,False,False,,False,False,False,6568.0,5880.0,6228.0,,,P1,False
2256,False,False,,False,False,False,6568.0,5880.0,6228.0,,,P1,False
2257,False,False,,False,False,False,6912.34,5880.0,6228.0,,,P1,False
2258,False,False,,False,False,False,6912.34,5880.0,6228.0,,,P1,False
2259,False,False,,False,False,False,6912.34,5880.0,6228.0,,,P1,False
2260,False,False,,False,False,False,6912.34,5880.0,6228.0,,,P1,False
2261,False,False,,False,False,False,6912.34,5880.0,6228.0,,,P1,False
2262,False,False,,False,False,False,6912.34,5880.0,6228.0,,,P1,False
2263,False,False,,False,False,False,6912.34,5880.0,6228.0,,,P1,False
2264,False,False,,False,False,False,6784.81,5880.0,6228.0,,,P1,False
2265,False,False,,False,False,False,6784.81,5880.0,6228.0,,,P1,False
2266,False,False,,False,False,False,6784.81,5880.0,6228.0,,,P1,False
2267,False,False,,False,False,False,6784.81,5880.0,6228.0,,,P1,False
2268,False,False,,False,False,False,6784.81,5880.0,6228.0,,,P1,False
2269,False,False,,False,False,False,6888.0,5880.0,6888.0,,,P1,False
2270,False,False,,False,False,False,6888.0,5880.0,6888.0,,,P1,False
2271,False,False,,False,False,False,6888.0,5880.0,6888.0,,,P1,False
2272,False,False,,False,False,False,6888.0,5880.0,6888.0,,,P1,False
2273,False,False,,False,False,False,6888.0,5880.0,6888.0,,,P1,False
2274,False,False,,False,False,False,6888.0,5880.0,6888.0,,,P1,False
2275,False,False,,False,False,False,6888.0,5880.0,6888.0,,,P1,False
2276,False,False,,False,False,False,6888.0,5880.0,6888.0,,,P1,False
2277,False,False,,False,False,False,6888.0,5880.0,6888.0,,,P1,False
2278,False,False,,False,False,False,6888.0,5880.0,6888.0,,,P1,False
2279,False,False,,False,False,False,6888.0,5880.0,6888.0,,,P1,False
2280,False,False,,False,False,False,6888.0,5880.0,6888.0,,,P1,False
2281,False,False,,False,False,False,6888.0,5880.0,6888.0,,,P1,False
2282,False,False,,False,False,False,6888.0,5880.0,6888.0,,,P1,False
2283,False,False,,False,False,False,6888.0,5933.0,6888.0,,,P1,False
2284,False,False,,False,False,False,6888.0,5966.0,6888.0,,,P1,False
2285,False,False,,False,False,False,6888.0,5977.5,6888.0,,,P1,False
2286,False,False,,False,False,False,6888.0,5981.0,6888.0,,,P1,False
2287,False,False,,False,False,False,6888.0,6046.58,6888.0,,,P1,False
2288,False,False,,False,False,False,6888.0,6172.11,6888.0,,,P1,False
2289,False,False,,False,False,False,6888.0,6205.6,6888.0,,,P1,False
2290,False,False,,False,False,False,6888.0,6205.6,6888.0,,,P1,False
2291,False,False,,False,False,False,6888.0,6205.6,6888.0,,,P1,False
2292,False,False,,False,False,False,6888.0,6205.6,6888.0,,,P1,False
2293,False,False,,False,False,False,6888.0,6205.6,6888.0,,,P1,False
2294,False,False,,False,False,False,6888.0,6205.6,6888.0,,,P1,False
2295,False,False,,False,False,False,6888.0,6220.0,6888.0,,,P1,False
2296,False,False,,False,False,False,6888.0,6220.0,6888.0,,,P1,False
2297,False,False,,False,False,False,6888.0,6220.0,6228.0,,,P1,False
2298,True,False,,False,False,False,6888.0,6220.0,6251.2,,,P1,False
2299,True,False,,False,False,False,6888.0,6220.0,6251.2,,,P1,False
2300,True,False,,False,False,False,6888.0,6220.0,6239.6,,,P1,False
2301,True,False,,False,False,False,6888.0,6220.0,6251.2,,,P1,False
2302,True,False,,False,False,False,6888.0,6220.0,6251.2,,,P1,False
2303,False,False,,False,False,False,6888.0,6220.0,6251.2,,,P1,False
2304,False,False,,False,False,False,6265.0,6220.0,6251.2,,,P1,False
2305,False,False,,False,False,False,6265.0,6220.0,6251.2,,,P1,False
2306,True,False,,False,False,False,6265.0,6220.0,6258.1,,,P1,False
2307,True,False,,False,False,False,6265.0,6220.0,6251.2,,,P1,False
2308,True,False,,False,False,False,6265.0,6220.0,6251.2,,,P1,False
2309,True,False,,False,False,False,6265.0,6220.0,6258.1,,,P1,False
2310,True,False,,False,False,False,6320.0,6220.0,6304.0,,,P1,False
2311,False,False,,False,False,False,6320.0,6220.0,6304.0,,,P1,False
2312,True,False,,False,False,False,6320.0,6220.0,6304.0,,,P1,False
2313,True,False,,False,False,False,6320.0,6220.0,6304.0,,,P1,False
2314,True,False,,False,False,False,6320.0,6220.0,6205.6,,,P1,False
2315,True,False,,False,False,False,6320.0,6220.0,6205.6,,,P1,False
2316,True,False,,False,False,False,6320.0,6220.0,6205.6,,,P1,False
2317,True,False,,False,False,False,6320.0,6125.0,6205.6,,,P1,False
2318,True,False,,False,False,False,6320.0,6111.0,6304.0,,,P1,False
2319,True,False,,False,False,False,6111.0,6111.0,6304.0,,,P1,False
2320,True,False,,False,False,False,6111.0,6111.0,6304.0,,,P1,False
2321,True,False,,False,False,False,6111.0,6111.0,6239.6,,,P1,False
2322,True,False,,False,False,False,6111.0,6111.0,6304.0,,,P1,False
2323,True,False,,False,False,False,6111.0,6111.0,6304.0,,,P1,False
2324,True,True,zone,False,True,False,6111.0,6111.0,6304.0,6304.0,,P1,False
2325,True,False,,False,False,False,6111.0,6111.0,6276.5,,,P1,False
2326,True,True,zone,False,True,False,6111.0,6111.0,6276.5,6276.5,,P1,False
2327,True,False,,False,False,False,6111.0,6111.0,6304.0,,,P1,False
2328,True,False,,False,False,False,6111.0,6111.0,6320.0,,,P1,False
2329,True,False,,False,False,False,6111.0,6111.0,6276.5,,,P1,False
2330,True,False,,False,False,False,6221.0,6111.0,6276.5,,,P1,False
2331,True,True,swing|zone,False,True,False,6221.0,6111.0,6239.6,6239.6,,P1,False
2332,True,True,swing|zone,False,True,False,6221.0,6111.0,6239.6,6239.6,,P1,False
2333,True,False,,False,False,False,6221.0,6111.0,6276.5,,,P1,False
2334,True,False,,False,False,False,6221.0,6111.0,6239.6,,,P1,False
2335,True,False,,False,False,False,6169.68,6111.0,6239.6,,,P1,False
2336,True,True,zone,False,True,False,6169.68,6111.0,6239.6,6239.6,,P1,False
2337,True,False,,False,False,False,6169.68,6111.0,6239.6,,,P1,False
2338,True,False,,False,False,False,6169.68,6111.0,6276.5,,,P1,False
2339,True,False,,False,False,False,6169.68,6111.0,6320.0,,,P1,False
2340,True,False,,False,False,False,6192.37,6111.0,6320.0,,,P1,False
2341,True,False,,False,False,False,6192.37,6111.0,6320.0,,,P1,False
2342,False,False,,False,False,False,6192.37,6111.0,6320.0,,,P1,False
2343,False,False,,False,False,False,6192.37,6111.0,6320.0,,,P1,False
2344,False,False,,False,False,False,6192.37,6111.0,6320.0,,,P1,False
2345,False,False,,False,False,False,6192.37,6111.0,6320.0,,,P1,False
2346,False,False,,False,False,False,6192.37,6111.0,6320.0,,,P1,False
2347,False,False,,False,False,False,6192.37,6111.0,6320.0,,,P1,False
2348,False,False,,False,False,False,6192.37,6111.0,6320.0,,,P1,False
2349,False,False,,False,False,False,6192.37,6111.0,6320.0,,,P1,False
2350,False,False,,False,False,False,6192.37,6111.0,6320.0,,,P1,False
2351,False,False,,False,False,False,6192.37,6111.0,6320.0,,,P1,False
2352,False,False,,False,False,False,6385.62,6111.0,6360.0,,,P1,False
2353,False,False,,False,False,False,6385.62,6111.0,6360.0,,,P1,False
2354,False,False,,False,False,False,6385.62,6111.0,6360.0,,,P1,False
2355,False,False,,False,False,False,6385.62,6111.0,6360.0,,,P1,False
2356,False,False,,False,False,False,6385.62,6111.0,6360.0,,,P1,False
2357,False,False,,False,False,False,6385.62,6111.0,6360.0,,,P1,False
2358,False,False,,False,False,False,6385.62,6111.0,6360.0,,,P1,False
2359,False,False,swing,False,True,False,6385.62,6111.0,6360.0,6385.62,,P1,False
2360,False,False,,False,False,False,6385.62,6111.0,6360.0,,,P1,False
2361,False,False,,False,False,False,6385.62,6111.0,6360.0,,,P1,False
2362,False,False,,False,False,False,6385.62,6111.0,6360.0,,,P1,False
2363,False,False,,False,False,False,6370.0,6111.0,6370.0,,,P1,False
2364,False,False,,False,False,False,6370.0,6111.0,6370.0,,,P1,False
2365,False,False,,False,False,False,6370.0,6111.0,6370.0,,,P1,False
2366,False,False,,False,False,False,6370.0,6111.0,6370.0,,,P1,False
2367,True,False,,False,False,False,6370.0,6111.0,6258.1,,,P1,False
2368,True,False,,False,False,False,6370.0,6111.0,6251.2,,,P1,False
2369,True,True,zone,False,True,False,6370.0,6111.0,6239.6,6239.6,,P1,False
2370,True,False,,False,False,False,6370.0,6111.0,6221.0,,,P1,False
2371,True,False,,False,False,False,6370.0,6111.0,6276.5,,,P1,False
2372,True,True,zone,False,True,False,6370.0,6111.0,6276.5,6276.5,,P1,False
2373,True,False,,False,False,False,6201.0,6111.0,6320.0,,,P1,False
2374,True,False,,False,False,False,6201.0,6111.0,6276.5,,,P1,False
2375,True,False,,False,False,False,6201.0,6111.0,6320.0,,,P1,False
2376,False,False,,False,False,False,6201.0,6111.0,6320.0,,,P1,False
2377,False,False,,False,False,False,6201.0,6111.0,6320.0,,,P1,False
2378,False,False,,False,False,False,6201.0,6111.0,6276.5,,,P1,False
2379,False,False,,False,False,False,6201.0,6111.0,6320.0,,,P1,False
2380,False,False,swing|zone,False,True,True,6201.0,6111.0,6370.0,6370.0,6111.0,P1,False
2381,False,False,,False,False,False,6201.0,6111.0,6370.0,,,P1,False
2382,False,False,,False,False,False,6201.0,6111.0,6370.0,,,P1,False
2383,False,False,,False,False,False,6201.0,6111.0,6370.0,,,P1,False
2384,False,False,,False,False,False,6123.0,6111.0,6370.0,,,P1,False
2385,False,False,,False,False,False,6123.0,6111.0,6370.0,,,P1,False
2386,False,False,,False,False,False,6123.0,6111.0,6370.0,,,P1,False
2387,False,False,,False,False,False,6123.0,6111.0,6370.0,,,P1,False
2388,False,False,,False,False,False,6123.0,6111.0,6370.0,,,P1,False
2389,False,False,,False,False,False,6123.0,6111.0,6370.0,,,P1,False
2390,False,False,,False,False,False,6123.0,6111.0,6370.0,,,P1,False
2391,False,False,,False,False,False,6325.0,6111.0,6370.0,,,P1,False
2392,False,False,,False,False,False,6325.0,6111.0,6370.0,,,P1,False
2393,False,False,,False,False,False,6325.0,6111.0,6370.0,,,P1,False
2394,False,False,,False,False,False,6325.0,6111.0,6370.0,,,P1,False
2395,False,False,,False,False,False,6325.0,6111.0,6370.0,,,P1,False
2396,False,False,,False,False,False,6325.0,6111.0,6370.0,,,P1,False
2397,False,False,,False,False,False,6325.0,6111.0,6370.0,,,P1,False
2398,False,False,,False,False,False,6325.0,6111.0,6370.0,,,P1,False
2399,False,False,,False,False,False,6325.0,6111.0,6370.0,,,P1,False
2400,False,False,,False,False,False,6627.0,6111.0,6370.0,,,P1,False
2401,False,False,,False,False,False,6627.0,6111.0,6370.0,,,P1,False
2402,False,False,,False,False,False,6627.0,6111.0,6370.0,,,P1,False
2403,False,False,,False,False,False,6627.0,6111.0,6370.0,,,P1,False
2404,False,False,,False,False,False,6627.0,6111.0,6370.0,,,P1,False
2405,False,False,,False,False,False,6627.0,6111.0,6370.0,,,P1,False
2406,False,False,,False,False,False,6627.0,6111.0,6370.0,,,P1,False
2407,False,False,swing,False,True,False,6661.75,6111.0,6370.0,6661.75,,P1,False
2408,False,False,,False,False,False,6661.75,6111.0,6370.0,,,P1,False
2409,False,False,,False,False,False,6661.75,6111.0,6370.0,,,P1,False
2410,False,False,,False,False,False,6661.75,6111.0,6370.0,,,P1,False
2411,False,False,,False,False,False,6661.75,6111.0,6370.0,,,P1,False
2412,False,False,,False,False,False,6661.75,6111.0,6370.0,,,P1,False
2413,True,False,,False,False,False,6661.75,6111.0,6370.0,,,P1,False
2414,True,False,,False,False,False,6661.75,6111.0,6370.0,,,P1,False
2415,False,False,zone,False,True,False,6661.75,6111.0,6370.0,6370.0,,P1,False
2416,False,False,,False,False,False,6661.75,6111.0,6360.0,,,P1,False
2417,False,False,,False,False,False,6661.75,6111.0,6370.0,,,P1,False
2418,False,False,,False,False,False,6661.75,6111.0,6370.0,,,P1,False
2419,False,False,,False,False,False,6661.75,6111.0,6370.0,,,P1,False
2420,False,False,,False,False,False,6325.02,6111.0,6370.0,,,P1,False
2421,False,False,,False,False,False,6325.02,6111.0,6370.0,,,P1,False
2422,False,False,,False,False,False,6325.02,6111.0,6370.0,,,P1,False
2423,False,False,,False,False,False,6325.02,6111.0,6370.0,,,P1,False
2424,False,False,,False,False,False,6325.02,6111.0,6370.0,,,P1,False
2425,False,False,,False,False,False,6325.02,6111.0,6370.0,,,P1,False
2426,False,False,,False,False,False,6325.02,6111.0,6370.0,,,P1,False
2427,False,False,,False,False,False,6325.02,6111.0,6370.0,,,P1,False
2428,False,False,,False,False,False,6325.02,6111.0,6370.0,,,P1,False
2429,False,False,,False,False,False,6325.02,6111.0,6370.0,,,P1,False
2430,False,False,,False,False,False,6325.02,6111.0,6370.0,,,P1,False
2431,False,False,,False,False,False,6325.02,6111.0,6370.0,,,P1,False
2432,False,False,,False,False,False,6325.02,6111.0,6370.0,,,P1,False
2433,False,False,,False,False,False,6325.02,6111.0,6370.0,,,P1,False
2434,False,False,,False,False,False,6325.02,6111.0,6370.0,,,P1,False
2435,False,False,,False,False,False,6325.02,6111.0,6370.0,,,P1,False
2436,False,False,,False,False,False,6325.02,6111.0,6370.0,,,P1,False
2437,False,False,,False,False,False,6325.02,6111.0,6370.0,,,P1,False
2438,False,False,,False,False,False,6325.02,6123.0,6370.0,,,P1,False
2439,False,False,,False,False,False,6325.02,6123.0,6370.0,,,P1,False
2440,False,False,,False,False,False,6325.02,6123.0,6370.0,,,P1,False
2441,False,False,,False,False,False,6464.57,6123.0,6370.0,,,P1,False
2442,False,False,,False,False,False,6464.57,6123.0,6370.0,,,P1,False
2443,False,False,,False,False,False,6464.57,6123.0,6370.0,,,P1,False
2444,False,False,,False,False,False,6464.57,6123.0,6370.0,,,P1,False
2445,False,False,,False,False,False,6464.57,6123.0,6370.0,,,P1,False
2446,False,False,,False,False,False,6464.57,6123.0,6370.0,,,P1,False
2447,False,False,swing,False,True,False,6542.48,6123.0,6370.0,6542.48,,P1,False
2448,False,False,,False,False,False,6542.48,6123.0,6370.0,,,P1,False
2449,False,False,,False,False,False,6542.48,6123.0,6370.0,,,P1,False
2450,False,False,,False,False,False,6542.48,6123.0,6370.0,,,P1,False
2451,False,False,swing|zone,False,True,False,6533.0,6123.0,6542.48,6542.48,,P1,False
2452,False,False,,False,False,False,6533.0,6123.0,6542.48,,,P1,False
2453,False,False,,False,False,False,6533.0,6123.0,6542.48,,,P1,False
2454,False,False,,False,False,False,6533.0,6123.0,6542.48,,,P1,False
2455,False,False,,False,False,False,6510.0,6123.0,6542.48,,,P1,False
2456,False,False,,False,False,False,6510.0,6123.0,6542.48,,,P1,False
2457,False,False,,False,False,False,6510.0,6123.0,6542.48,,,P1,False
2458,False,False,swing|zone,False,True,False,6510.0,6123.0,6542.48,6542.48,,P1,False
2459,False,False,,False,False,False,6510.0,6123.0,6325.0,,,P1,False
2460,False,False,,False,False,False,6510.0,6123.0,6325.0,,,P1,False
2461,False,False,,False,False,False,6510.0,6123.0,6325.0,,,P1,False
2462,False,False,,False,False,False,6510.0,6123.0,6325.0,,,P1,False
2463,False,False,,False,False,False,6510.0,6123.0,6325.0,,,P1,False
2464,False,False,,False,False,False,6430.0,6123.0,6325.0,,,P1,False
2465,False,False,,False,False,False,6430.0,6123.0,6325.0,,,P1,False
2466,False,False,,False,False,False,6430.0,6123.0,6542.48,,,P1,False
2467,False,False,,False,False,False,6430.0,6123.0,6542.48,,,P1,False
2468,False,False,,False,False,False,6430.0,6123.0,6542.48,,,P1,False
2469,False,False,,False,False,False,6450.73,6123.0,6542.48,,,P1,False
2470,False,False,,False,False,False,6450.73,6123.0,6542.48,,,P1,False
2471,False,False,,False,False,False,6450.73,6123.0,6542.48,,,P1,False
2472,False,False,,False,False,False,6450.73,6123.0,6542.48,,,P1,False
2473,False,False,,False,False,False,6450.73,6123.0,6542.48,,,P1,False
2474,False,False,,False,False,False,6450.73,6123.0,6533.0,,,P1,False
2475,False,False,,False,False,False,6450.73,6123.0,6533.0,,,P1,False
2476,False,False,,False,False,False,6543.08,6123.0,6542.48,,,P1,False
2477,False,False,,False,False,False,6543.08,6123.0,6542.48,,,P1,False
2478,False,False,,False,False,False,6543.08,6123.0,6542.48,,,P1,False
2479,False,False,,False,False,False,6543.08,6123.0,6542.48,,,P1,False
2480,False,False,,False,False,False,6543.08,6123.0,6542.48,,,P1,False
2481,False,False,,False,False,False,6543.08,6123.0,6542.48,,,P1,False
2482,False,False,,False,False,False,6543.08,6123.0,6542.48,,,P1,False
2483,False,False,,False,False,False,6543.08,6123.0,6542.48,,,P1,False
2484,False,False,,False,False,False,6543.08,6123.0,6542.48,,,P1,False
2485,False,False,,False,False,False,6566.77,6123.0,6543.08,,,P1,False
2486,False,False,zone,False,True,False,6566.77,6123.0,6543.08,6543.08,,P1,False
2487,False,False,,False,False,False,6566.77,6123.0,6543.08,,,P1,False
2488,False,False,,False,False,False,6566.77,6123.0,6543.08,,,P1,False
2489,False,False,,False,False,False,6566.77,6123.0,6543.08,,,P1,False
2490,False,False,,False,False,False,6525.0,6123.0,6543.08,,,P1,False
2491,False,False,,False,False,False,6525.0,6123.0,6542.48,,,P1,False
2492,False,False,,False,False,False,6525.0,6123.0,6537.74,,,P1,False
2493,False,False,,False,False,False,6525.0,6123.0,6543.08,,,P1,False
2494,False,False,,False,False,False,6525.0,6123.0,6543.08,,,P1,False
2495,False,False,,False,False,False,6525.0,6123.0,6543.08,,,P1,False
2496,False,False,,False,False,False,6525.0,6123.0,6543.08,,,P1,False
2497,False,False,,False,False,False,6525.0,6123.0,6543.08,,,P1,False
2498,False,False,,False,False,False,6525.0,6123.0,6537.74,,,P1,False
2499,False,False,,False,False,False,6525.0,6123.0,6537.74,,,P1,False
2500,False,False,,False,False,False,6525.0,6123.0,6537.74,,,P1,False
2501,False,False,,False,False,False,6525.0,6123.0,6537.74,,,P1,False
2502,False,False,,False,False,False,6525.0,6123.0,6537.74,,,P1,False
2503,False,False,,False,False,False,6525.0,6325.0,6537.74,,,P1,False
2504,False,False,,False,False,False,6525.0,6325.0,6543.08,,,P1,False
2505,False,False,,False,False,False,6525.0,6325.0,6543.08,,,P1,False
2506,False,False,,False,False,False,6525.0,6325.0,6542.48,,,P1,False
2507,False,False,,False,False,False,6530.0,6325.0,6543.08,,,P1,False
2508,False,False,,False,False,False,6530.0,6325.0,6325.0,,,P1,False
2509,False,False,,False,False,False,6530.0,6325.0,6201.0,,,P1,False
2510,False,False,,False,False,False,6530.0,6325.02,6201.0,,,P1,False
2511,False,False,nbar,False,True,False,6530.0,6256.55,6201.0,6256.55,,P1,False
2512,False,False,,False,False,False,6530.0,6256.55,6201.0,,,P1,False
2513,False,False,,False,False,False,6530.0,6256.55,6201.0,,,P1,False
2514,False,False,,False,False,False,6530.0,6219.17,6201.0,,,P1,False
2515,False,False,,False,False,False,6530.0,6219.17,6325.0,,,P1,False
2516,False,False,,False,False,False,6530.0,6205.0,6201.0,,,P1,False
2517,False,False,,False,False,False,6205.0,6205.0,6325.0,,,P1,False
2518,False,False,,False,False,False,6205.0,6205.0,6203.0,,,P1,False
2519,False,False,,False,False,False,6205.0,6205.0,6203.0,,,P1,False
2520,False,False,,False,False,False,6205.0,6205.0,6203.0,,,P1,False
2521,False,False,,False,False,False,6205.0,6205.0,6203.0,,,P1,False
2522,False,False,,False,False,False,6205.0,6205.0,6325.0,,,P1,False
2523,False,False,,False,False,False,6278.0,6205.0,6325.0,,,P1,False
2524,False,False,,False,False,False,6278.0,6205.0,6325.0,,,P1,False
2525,False,False,,False,False,False,6278.0,6205.0,6325.0,,,P1,False
2526,False,False,,False,False,False,6278.0,6205.0,6325.0,,,P1,False
2527,False,False,,False,False,False,6278.0,6205.0,6325.0,,,P1,False
2528,False,False,,False,False,False,6278.0,6205.0,6325.0,,,P1,False
2529,False,False,,False,False,False,6278.0,6205.0,6325.0,,,P1,False
2530,False,False,,False,False,False,6278.0,6205.0,6325.0,,,P1,False
2531,False,False,,False,False,False,6278.0,6205.0,6325.0,,,P1,False
2532,False,False,,False,False,False,6278.0,6205.0,6325.0,,,P1,False
2533,False,False,,False,False,False,6278.0,6205.0,6543.08,,,P1,False
2534,False,False,,False,False,False,6278.0,6205.0,6627.0,,,P1,False
2535,False,False,,False,False,False,6278.0,6205.0,6627.0,,,P1,False
2536,False,False,,False,False,False,6300.0,6205.0,6627.0,,,P1,False
2537,False,False,,False,False,False,6300.0,6205.0,6627.0,,,P1,False
2538,False,False,,False,False,False,6300.0,6205.0,6627.0,,,P1,False
2539,False,False,,False,False,False,6300.0,6205.0,6627.0,,,P1,False
2540,False,False,,False,False,False,6300.0,6205.0,6627.0,,,P1,False
2541,False,False,,False,False,False,6650.0,6205.0,6650.0,,,P1,False
2542,False,False,,False,False,False,6650.0,6205.0,6650.0,,,P1,False
2543,False,False,,False,False,False,6650.0,6205.0,6650.0,,,P1,False
2544,False,False,,False,False,False,6650.0,6205.0,6650.0,,,P1,False
2545,False,False,,False,False,False,6650.0,6205.0,6650.0,,,P1,False
2546,False,False,,False,False,False,6670.0,6205.0,6655.875,,,P1,False
2547,False,False,,False,False,False,6670.0,6205.0,6655.875,,,P1,False
2548,False,False,,False,False,False,6670.0,6205.0,6655.875,,,P1,False
2549,False,False,,False,False,False,6670.0,6205.0,6655.875,,,P1,False
2550,False,False,,False,False,False,6676.01,6205.0,6661.75,,,P1,False
2551,False,False,,False,False,False,6676.01,6205.0,6661.75,,,P1,False
2552,False,False,,False,False,False,6676.01,6205.0,6661.75,,,P1,False
2553,False,False,,False,False,False,6676.01,6205.0,6661.75,,,P1,False
2554,False,False,,False,False,False,6676.01,6205.0,6537.74,,,P1,False
2555,False,False,,False,False,False,6676.01,6205.0,6537.74,,,P1,False
2556,False,False,,False,False,False,6676.01,6205.0,6537.74,,,P1,False
2557,False,False,,False,False,False,6676.01,6205.0,6537.74,,,P1,False
2558,False,False,,False,False,False,6676.01,6205.0,6537.74,,,P1,False
2559,False,False,,False,False,False,6567.0,6205.0,6542.48,,,P1,False
2560,False,False,,False,False,False,6567.0,6205.0,6542.78,,,P1,False
2561,False,False,,False,False,False,6567.0,6205.0,6450.73,,,P1,False
2562,False,False,,False,False,False,6567.0,6205.0,6542.78,,,P1,False
2563,False,False,,False,False,False,6567.0,6205.0,6542.78,,,P1,False
2564,False,False,,False,False,False,6567.0,6205.0,6542.78,,,P1,False
2565,False,False,,False,False,False,6567.0,6205.0,6543.08,,,P1,False
2566,False,False,,False,False,False,6505.55,6205.0,6543.08,,,P1,False
2567,False,False,,False,False,False,6505.55,6205.0,6554.925,,,P1,False
2568,False,False,,False,False,False,6505.55,6205.0,6554.925,,,P1,False
2569,False,False,,False,False,False,6505.55,6205.0,6554.925,,,P1,False
2570,False,False,,False,False,False,6505.55,6205.0,6554.925,,,P1,False
2571,False,False,,False,False,False,6505.55,6205.0,6554.925,,,P1,False
2572,False,False,,False,False,False,6505.55,6205.0,6554.925,,,P1,False
2573,False,False,,False,False,False,6505.55,6205.0,6554.925,,,P1,False
2574,False,False,,False,False,False,6505.55,6205.0,6554.925,,,P1,False
2575,False,False,,False,False,False,6505.55,6205.0,6554.925,,,P1,False
2576,False,False,,False,False,False,6505.55,6205.0,6554.925,,,P1,False
2577,False,False,,False,False,False,6505.55,6205.0,6554.925,,,P1,False
2578,False,False,,False,False,False,6505.55,6205.0,6554.925,,,P1,False
2579,False,False,,False,False,False,6505.55,6205.0,6554.925,,,P1,False
2580,False,False,,False,False,False,6505.55,6205.0,6554.925,,,P1,False
2581,False,False,,False,False,False,6535.27,6205.0,6554.925,,,P1,False
2582,False,False,,False,False,False,6535.27,6205.0,6538.875,,,P1,False
2583,False,False,,False,False,False,6535.27,6205.0,6554.925,,,P1,False
2584,False,False,,False,False,False,6535.27,6205.0,6554.925,,,P1,False
2585,False,False,,False,False,False,6535.27,6205.0,6538.875,,,P1,False
2586,False,False,,False,False,False,6515.45,6205.0,6566.77,,,P1,False
2587,False,False,,False,False,False,6515.45,6205.0,6566.77,,,P1,False
2588,False,False,,False,False,False,6515.45,6205.0,6566.77,,,P1,False
2589,False,False,,False,False,False,6515.45,6205.0,6534.135,,,P1,False
2590,False,False,,False,False,False,6515.45,6205.0,6534.135,,,P1,False
2591,False,False,,False,False,False,6515.45,6205.0,6534.135,,,P1,False
2592,False,False,,False,False,False,6515.45,6205.0,6534.135,,,P1,False
2593,False,False,,False,False,False,6515.45,6205.0,6534.135,,,P1,False
2594,False,False,,False,False,False,6515.45,6205.0,6534.135,,,P1,False
2595,False,False,,False,False,False,6515.45,6205.0,6534.135,,,P1,False
2596,False,False,,False,False,False,6502.8,6205.0,6534.135,,,P1,False
2597,False,False,,False,False,False,6502.8,6205.0,6520.225,,,P1,False
2598,False,False,,False,False,False,6502.8,6205.0,6520.225,,,P1,False
2599,False,False,,False,False,False,6502.8,6205.0,6533.0,,,P1,False
2600,False,False,,False,False,False,6502.8,6205.0,6534.135,,,P1,False
2601,False,False,zone,False,True,False,6502.8,6205.0,6534.135,6534.135,,P1,False
2602,False,False,,False,False,False,6502.8,6205.0,6534.135,,,P1,False
2603,False,False,,False,False,False,6502.8,6205.0,6534.135,,,P1,False
2604,False,False,,False,False,False,6502.8,6205.0,6534.135,,,P1,False
2605,False,False,,False,False,False,6515.01,6205.0,6534.135,,,P1,False
2606,False,False,,False,False,False,6515.01,6205.0,6534.135,,,P1,False
2607,True,False,,False,False,False,6515.01,6205.0,6510.0,,,P1,False
2608,True,False,,False,False,False,6515.01,6205.0,6510.0,,,P1,False
2609,True,False,,False,False,False,6515.01,6205.0,6510.0,,,P1,False
2610,True,False,,False,False,False,6515.01,6205.0,6510.0,,,P1,False
2611,True,False,,False,False,False,6463.04,6205.0,6463.04,,,P1,False
2612,True,False,,False,False,False,6463.04,6205.0,6463.04,,,P1,False
2613,False,False,,False,False,False,6463.04,6205.0,6463.04,,,P1,False
2614,True,False,,False,False,False,6463.04,6205.0,6463.04,,,P1,False
2615,True,False,,False,False,False,6463.04,6205.0,6463.04,,,P1,False
2616,True,False,,False,False,False,6463.04,6205.0,6463.04,,,P1,False
2617,False,False,,False,False,False,6463.04,6205.0,6463.04,,,P1,False
2618,False,False,,False,False,False,6463.04,6205.0,6463.04,,,P1,False
2619,True,False,,False,False,False,6463.04,6205.0,6463.04,,,P1,False
2620,True,False,,False,False,False,6463.04,6205.0,6456.885,,,P1,False
2621,True,False,,False,False,False,6463.04,6205.0,6456.885,,,P1,False
2622,True,False,,False,False,False,6463.04,6205.0,6456.885,,,P1,False
2623,True,False,,False,False,False,6315.0,6205.0,6325.0,,,P1,False
2624,True,False,,False,False,False,6315.0,6205.0,6325.0,,,P1,False
2625,True,False,,False,False,False,6315.0,6205.0,6325.0,,,P1,False
2626,True,False,,False,False,False,6315.0,6205.0,6325.0,,,P1,False
2627,True,False,,False,False,False,6315.0,6205.0,6325.0,,,P1,False
2628,True,False,,False,False,False,6315.0,6205.0,6315.0,,,P1,False
2629,True,False,,False,False,False,6315.0,6205.0,6315.0,,,P1,False
2630,True,False,,False,False,False,6315.0,6205.0,6315.0,,,P1,False
2631,True,False,,False,False,False,6317.01,6205.0,6317.01,,,P1,False
2632,True,False,,False,False,False,6317.01,6205.0,6317.01,,,P1,False
2633,True,False,,False,False,False,6317.01,6205.0,6317.01,,,P1,False
2634,False,False,,False,False,False,6317.01,6205.0,6317.01,,,P1,False
2635,False,False,,False,False,False,6245.02,6205.0,6317.01,,,P1,False
2636,False,False,,False,False,False,6245.02,6209.0,6317.01,,,P1,False
2637,False,False,,False,False,False,6245.02,6245.02,6317.01,,,P1,False
2638,False,False,,False,False,False,6245.02,6245.02,6317.01,,,P1,False
2639,False,False,,False,False,False,6245.02,6245.02,6317.01,,,P1,False
2640,False,False,,False,False,False,6245.02,6245.02,6317.01,,,P1,False
2641,False,False,,False,False,False,6348.66,6245.02,6317.01,,,P1,False
2642,False,False,,False,False,False,6348.66,6245.02,6317.01,,,P1,False
2643,False,False,,False,False,False,6348.66,6245.02,6317.01,,,P1,False
2644,False,False,,False,False,False,6348.66,6245.02,6317.01,,,P1,False
2645,False,False,,False,False,False,6348.66,6245.02,6317.01,,,P1,False
2646,False,False,,False,False,False,6348.66,6245.02,6317.01,,,P1,False
2647,False,False,,False,False,False,6348.66,6245.02,6317.01,,,P1,False
2648,False,False,,False,False,False,6348.66,6245.02,6317.01,,,P1,False
2649,False,False,,False,False,False,6348.66,6245.02,6317.01,,,P1,False
2650,False,False,,False,False,False,6348.66,6245.02,6317.01,,,P1,False
2651,False,False,,False,False,False,6348.66,6245.02,6317.01,,,P1,False
2652,False,False,,False,False,False,6345.0,6245.02,6317.01,,,P1,False
2653,False,False,,False,False,False,6345.0,6245.02,6317.01,,,P1,False
2654,False,False,,False,False,False,6345.0,6245.02,6317.01,,,P1,False
2655,False,False,,False,False,False,6345.0,6245.02,6463.04,,,P1,False
2656,False,False,zone,False,True,False,6345.0,6245.02,6463.04,6463.04,,P1,False
2657,False,False,,False,False,False,6359.0,6245.02,6463.04,,,P1,False
2658,False,False,,False,False,False,6359.0,6245.02,6463.04,,,P1,False
2659,False,False,,False,False,False,6359.0,6245.02,6463.04,,,P1,False
2660,False,False,,False,False,False,6359.0,6245.02,6348.66,,,P1,False
2661,False,False,,False,False,False,6359.0,6245.02,6463.04,,,P1,False
2662,False,False,,False,False,False,6359.0,6245.02,6348.66,,,P1,False
2663,False,False,,False,False,False,6359.0,6245.02,6463.04,,,P1,False
2664,False,False,,False,False,False,6359.0,6245.02,6348.66,,,P1,False
2665,False,False,,False,False,False,6359.0,6245.02,6463.04,,,P1,False
2666,False,False,,False,False,False,6431.02,6245.02,6463.04,,,P1,False
2667,False,False,,False,False,False,6431.02,6245.02,6463.04,,,P1,False
2668,False,False,,False,False,False,6431.02,6245.02,6463.04,,,P1,False
2669,False,False,,False,False,False,6431.02,6245.02,6515.23,,,P1,False
2670,False,False,,False,False,False,6431.02,6245.02,6534.135,,,P1,False
2671,False,False,,False,False,False,6431.02,6245.02,6534.135,,,P1,False
2672,False,False,,False,False,False,6431.02,6245.02,6534.135,,,P1,False
2673,False,False,,False,False,False,6431.02,6245.02,6534.135,,,P1,False
2674,False,False,,False,False,False,6431.02,6245.02,6534.135,,,P1,False
2675,False,False,,False,False,False,6431.02,6245.02,6534.135,,,P1,False
2676,False,False,,False,False,False,6431.02,6245.02,6510.0,,,P1,False
2677,False,False,,False,False,False,6431.02,6245.02,6534.135,,,P1,False
2678,False,False,,False,False,False,6431.02,6245.02,6525.0,,,P1,False
2679,False,False,,False,False,False,6431.02,6245.02,6534.135,,,P1,False
2680,False,False,,False,False,False,6505.0,6245.02,6440.875,,,P1,False
2681,False,False,,False,False,False,6505.0,6245.02,6440.875,,,P1,False
2682,False,False,,False,False,False,6505.0,6245.02,6440.875,,,P1,False
2683,False,False,,False,False,False,6505.0,6245.02,6440.875,,,P1,False
2684,False,False,,False,False,False,6505.0,6245.02,6348.66,,,P1,False
2685,False,False,,False,False,False,6505.0,6245.02,6348.66,,,P1,False
2686,False,False,,False,False,False,6505.0,6245.02,6431.02,,,P1,False
2687,False,False,,False,False,False,6505.0,6245.02,6348.66,,,P1,False
2688,False,False,,False,False,False,6505.0,6245.02,6431.02,,,P1,False
2689,False,False,,False,False,False,6391.01,6245.02,6440.875,,,P1,False
2690,False,False,,False,False,False,6391.01,6245.02,6440.875,,,P1,False
2691,False,False,,False,False,False,6391.01,6245.02,6440.875,,,P1,False
2692,False,False,,False,False,False,6391.01,6245.02,6431.02,,,P1,False
2693,False,False,,False,False,False,6391.01,6245.02,6431.02,,,P1,False
2694,False,False,,False,False,False,6391.01,6245.02,6348.66,,,P1,False
2695,False,False,,False,False,False,6391.01,6245.02,6348.66,,,P1,False
2696,False,False,,False,False,False,6391.01,6245.02,6348.66,,,P1,False
2697,False,False,,False,False,False,6391.01,6245.02,6348.66,,,P1,False
2698,False,False,,False,False,False,6391.01,6245.02,6348.66,,,P1,False
2699,False,False,,False,False,False,6391.01,6245.02,6440.875,,,P1,False
2700,False,False,,False,False,False,6391.01,6245.02,6440.875,,,P1,False
2701,False,False,,False,False,False,6355.0,6245.02,6351.83,,,P1,False
2702,False,False,,False,False,False,6355.0,6245.02,6351.83,,,P1,False
2703,False,False,,False,False,False,6355.0,6245.02,6450.73,,,P1,False
2704,False,False,,False,False,False,6355.0,6245.02,6450.73,,,P1,False
2705,False,False,zone,False,True,False,6355.0,6245.02,6450.73,6450.73,,P1,False
2706,False,False,,False,False,False,6355.0,6245.02,6351.83,,,P1,False
2707,False,False,,False,False,False,6355.0,6245.02,6351.83,,,P1,False
2708,False,False,,False,False,False,6355.0,6245.02,6351.83,,,P1,False
2709,False,False,,False,False,False,6355.0,6245.02,6351.83,,,P1,False
2710,False,False,,False,False,False,6391.15,6245.02,6351.83,,,P1,False
2711,False,False,,False,False,False,6391.15,6245.02,6351.83,,,P1,False
2712,False,False,,False,False,False,6391.15,6245.02,6351.83,,,P1,False
2713,False,False,,False,False,False,6391.15,6245.02,6351.83,,,P1,True
2714,False,False,,False,False,False,6391.15,6245.02,6307.5,,,P1,True
2715,False,False,,False,False,False,6391.15,6245.02,6307.5,,,P1,True
2716,False,False,,False,False,True,6391.15,6245.02,6245.02,,6245.02,P1,True
2717,True,False,,False,False,False,6391.15,6203.36,6245.02,,,P1,True
2718,True,True,nbar,False,True,False,6391.15,5700.0,6261.51,5700.0,,P1,True
2719,True,False,,False,False,False,6391.15,5656.87,6261.51,,,P1,True
2720,True,True,nbar,True,True,True,6391.15,5656.87,6261.51,5656.87,5656.87,P1,True
2721,True,True,nbar,False,True,False,6391.15,5628.27,6289.0,5628.27,,P1,True
2722,True,False,,False,False,False,6391.15,5540.0,6245.02,,,P1,True
2723,False,False,,False,False,False,6391.15,5403.42,6245.02,,,P1,True
2724,False,False,,False,False,False,5403.42,5403.42,6245.02,,,P1,True
2725,False,False,,False,False,False,5403.42,5403.42,6289.0,,,P1,True
2726,False,False,,False,False,False,5403.42,5403.42,6289.0,,,P1,True
2727,False,False,,False,False,False,5403.42,5403.42,6261.51,,,P1,True
2728,False,False,,False,False,False,5403.42,5403.42,6261.51,,,P1,True
2729,False,False,,False,False,False,5403.42,5403.42,6261.51,,,P1,True
2730,False,False,,False,False,False,5403.42,5403.42,6261.51,,,P1,True
2731,False,False,,False,False,False,5403.42,5403.42,6261.51,,,P1,True
2732,True,False,,False,False,False,5549.25,5403.42,6261.51,,,P1,True
2733,True,False,,False,False,False,5549.25,5403.42,6261.51,,,P1,True
2734,True,False,,False,False,False,5549.25,5403.42,6261.51,,,P1,True
2735,False,False,,False,False,False,5549.25,5403.42,6245.02,,,P1,True
2736,False,False,,False,False,False,5549.25,5403.42,6245.02,,,P1,True
2737,True,False,,False,False,False,5549.25,5403.42,6245.02,,,P1,True
2738,True,False,,False,False,False,5549.25,5403.42,6245.02,,,P1,True
2739,False,False,,False,False,False,5549.25,5403.42,6245.02,,,P1,True
2740,False,False,,False,False,False,5549.25,5403.42,6245.02,,,P1,True
2741,True,False,,False,False,False,5549.25,5403.42,6245.02,,,P1,True
2742,True,False,,False,False,False,5549.25,5403.42,6245.02,,,P1,True
2743,True,False,,False,False,False,5549.25,5403.42,6245.02,,,P1,True
2744,True,False,,False,False,False,5549.25,5403.42,6245.02,,,P1,True
2745,True,False,,False,False,False,5549.25,5400.0,6261.51,,,P1,True
2746,True,False,,False,False,False,5549.25,5251.0,6261.51,,,P1,True
2747,True,False,,False,False,False,5549.25,5150.0,6261.51,,,P1,True
2748,True,False,,False,False,False,5549.25,5014.64,6261.51,,,P1,True
2749,True,False,,False,False,False,5549.25,4855.0,6245.02,,,P1,True
2750,True,False,,False,False,False,5549.25,4855.0,6245.02,,,P1,True
2751,True,False,,False,False,False,5549.25,4600.0,6245.02,,,P1,True
2752,True,True,nbar,True,True,True,5549.25,4405.0,6261.51,4405.0,4405.0,P1,True
2753,True,False,,False,False,False,5549.25,4405.0,6261.51,,,P1,True
2754,True,False,,False,False,False,5549.25,4405.0,6315.0,,,P1,True
2755,False,False,,False,False,False,5549.25,4326.0,6315.0,,,P1,True
2756,False,False,,False,False,False,4326.0,4326.0,6315.0,,,P1,True
2757,False,False,,False,False,False,4326.0,4326.0,6307.5,,,P1,True
2758,False,False,,False,False,False,4326.0,4326.0,6307.5,,,P1,True
2759,False,False,,False,False,False,4326.0,4326.0,6307.5,,,P1,True
2760,False,False,,False,False,False,4326.0,4326.0,6307.5,,,P1,True
2761,False,False,,False,False,False,4326.0,4326.0,6307.5,,,P1,True
2762,True,False,,False,False,False,4469.84,4326.0,6307.5,,,P1,True
2763,True,False,,False,False,False,4469.84,4326.0,6307.5,,,P1,True
2764,True,False,,False,False,False,4469.84,4326.0,6307.5,,,P1,True
2765,True,False,,False,False,False,4469.84,4326.0,6307.5,,,P1,True
2766,True,True,nbar,False,True,False,4469.84,4326.0,6307.5,4326.0,,P1,True
2767,True,False,,False,False,False,4469.84,4326.0,6307.5,,,P1,True
2768,True,False,,False,False,False,4469.84,4239.27,6307.5,,,P1,True
2769,True,False,,False,False,False,4469.84,4222.94,6307.5,,,P1,True
2770,True,False,,False,False,False,4222.94,4222.94,6307.5,,,P1,True
2771,True,False,,False,False,False,4222.94,4222.94,6307.5,,,P1,True
2772,False,False,,False,False,False,4222.94,4222.94,6307.5,,,P1,True
2773,False,False,,False,False,False,4222.94,4222.94,6315.0,,,P1,True
2774,True,False,,False,False,False,4222.94,4222.94,6315.0,,,P1,True
2775,True,False,,False,False,False,4222.94,4222.94,6315.0,,,P1,True
2776,True,False,,False,False,False,4222.94,4222.94,6315.0,,,P1,True
2777,True,False,,False,False,False,4222.94,4222.94,6315.0,,,P1,True
2778,True,False,,False,False,False,4222.94,4222.94,6315.0,,,P1,True
2779,True,True,nbar,True,True,True,4222.94,3824.69,6315.0,3824.69,3824.69,P1,True
2780,True,False,,False,False,False,4222.94,3750.0,6315.0,,,P1,True
2781,True,False,,False,False,False,4222.94,3734.72,6315.0,,,P1,True
2782,True,False,,False,False,False,4222.94,3652.66,6315.0,,,P1,True
2783,False,False,,False,False,False,3652.66,3652.66,6315.0,,,P1,True
2784,False,False,,False,False,False,3652.66,3652.66,6315.0,,,P1,True
2785,False,False,,False,False,False,3652.66,3652.66,6315.0,,,P1,True
2786,True,False,,False,False,False,3652.66,3652.66,6315.0,,,P1,True
2787,True,False,,False,False,False,3652.66,3652.66,6315.0,,,P1,True
2788,True,False,,False,False,False,3652.66,3652.66,6315.0,,,P1,True
2789,True,False,,False,False,False,3652.66,3652.66,6315.0,,,P1,True
2790,True,False,,False,False,False,3652.66,3652.66,6315.0,,,P1,True
2791,True,False,,False,False,False,3701.0,3652.66,6315.0,,,P1,True
2792,True,False,,False,False,False,3701.0,3652.66,6315.0,,,P1,True
2793,True,False,,False,False,False,3701.0,3652.66,6315.0,,,P1,True
2794,True,False,,False,False,False,3701.0,3652.66,6315.0,,,P1,True
2795,False,False,,False,False,False,3689.12,3652.66,3689.12,,,P1,True
2796,False,False,,False,False,False,3689.12,3652.66,3689.12,,,P1,True
2797,False,False,,False,False,False,3689.12,3652.66,3689.12,,,P1,True
2798,False,False,,False,False,False,3689.12,3652.66,3689.12,,,P1,True
2799,False,False,,False,False,False,3689.12,3652.66,3689.12,,,P1,True
2800,False,False,,False,False,False,3689.12,3652.66,3689.12,,,P1,True
2801,False,False,,False,False,False,3689.12,3652.66,3689.12,,,P1,True
2802,False,False,,False,False,False,3689.12,3652.66,3689.12,,,P1,True
2803,False,False,,False,False,False,3689.12,3652.66,3689.12,,,P1,True
2804,False,False,,False,False,False,3689.12,3652.66,3689.12,,,P1,True
2805,False,False,,False,False,False,3689.12,3652.66,3689.12,,,P1,True
2806,False,False,,False,False,False,4125.65,3652.66,3689.12,,,P1,True
2807,False,False,,False,False,False,4125.65,3652.66,3689.12,,,P1,True
2808,False,False,,False,False,False,4125.65,3652.66,3689.12,,,P1,True
2809,False,False,,False,False,False,4125.65,3652.66,3689.12,,,P1,True
2810,False,False,,False,False,False,4125.65,3652.66,3689.12,,,P1,True
2811,False,False,,False,False,False,4125.65,3652.66,3689.12,,,P1,True
2812,False,False,,False,False,False,4125.65,3652.66,3689.12,,,P1,True
2813,False,False,,False,False,False,4125.65,3652.66,3689.12,,,P1,True
2814,False,False,,False,False,False,3943.0,3652.66,3689.12,,,P1,True
2815,False,False,,False,False,False,3943.0,3652.66,3689.12,,,P1,True
2816,False,False,,False,False,False,3943.0,3652.66,3689.12,,,P1,True
2817,False,False,,False,False,False,3943.0,3652.66,3689.12,,,P1,True
2818,False,False,,False,False,False,3943.0,3652.66,3689.12,,,P1,True
2819,False,False,,False,False,False,3943.0,3652.66,3689.12,,,P1,True
2820,False,False,,False,False,False,3943.0,3652.66,3689.12,,,P1,True
2821,False,False,,False,False,False,3943.0,3652.66,3689.12,,,P1,True
2822,False,False,,False,False,False,3943.0,3652.66,3689.12,,,P1,True
2823,False,False,,False,False,False,3943.0,3652.66,3689.12,,,P1,True
2824,False,False,,False,False,False,3943.0,3652.66,3689.12,,,P1,True
2825,False,False,,False,False,False,4103.04,3652.66,3689.12,,,P1,True
2826,False,False,,False,False,False,4103.04,3652.66,3689.12,,,P1,True
2827,False,False,,False,False,False,4103.04,3652.66,3689.12,,,P1,True
2828,False,False,,False,False,False,4103.04,3652.66,3689.12,,,P1,True
2829,False,False,,False,False,False,4103.04,3652.66,3689.12,,,P1,True
2830,False,False,,False,False,False,4103.04,3652.66,3689.12,,,P1,True
2831,False,False,,False,False,False,4103.04,3652.66,3689.12,,,P1,True
2832,True,False,,False,False,False,4103.04,3652.66,3689.12,,,P1,True
2833,True,False,,False,False,False,4103.04,3652.66,3689.12,,,P1,True
2834,True,False,,False,False,False,4103.04,3652.66,3689.12,,,P1,False
2835,False,False,,False,False,False,4103.04,3652.66,3689.12,,,P1,False
2836,False,False,,False,False,False,3781.0,3652.66,3689.12,,,P1,False
2837,False,False,,False,False,False,3781.0,3652.66,3689.12,,,P1,False
2838,True,False,,False,False,False,3781.0,3652.66,3689.12,,,P1,False
2839,False,False,,False,False,False,3781.0,3652.66,3689.12,,,P1,False
2840,True,False,,False,False,False,3781.0,3652.66,3689.12,,,P1,False
2841,True,False,,False,False,False,3781.0,3652.66,3689.12,,,P1,False
2842,True,False,,False,False,False,3781.0,3652.66,3689.12,,,P1,False
2843,True,False,,False,False,False,3781.0,3652.66,3689.12,,,P1,False
2844,True,False,,False,False,False,3781.0,3652.66,3689.12,,,P1,False
2845,True,False,,False,False,False,3781.0,3652.66,3689.12,,,P1,False
2846,True,False,,False,False,False,3781.0,3652.66,3689.12,,,P1,False
2847,True,True,nbar|zone,False,True,False,3781.0,3652.66,3689.12,3689.12,,P1,False
2848,True,False,,False,False,False,3781.0,3652.66,3689.12,,,P1,False
2849,True,False,,False,False,False,3781.0,3631.0,3689.12,,,P1,False
2850,True,False,,False,False,False,3781.0,3613.13,3689.12,,,P1,False
2851,True,False,,False,False,False,3781.0,3500.0,3689.12,,,P1,False
2852,True,False,,False,False,False,3781.0,3341.04,3689.12,,,P1,False
2853,True,False,,False,False,False,3781.0,3341.04,3689.12,,,P1,False
2854,True,False,,False,False,False,3781.0,3341.04,3689.12,,,P1,False
2855,True,False,,False,False,False,3781.0,3318.03,3689.12,,,P1,False
2856,False,False,,False,False,False,3781.0,3224.6,3689.12,,,P1,False
2857,False,False,,False,False,False,3224.6,3224.6,3689.12,,,P1,False
2858,True,False,,False,False,False,3224.6,3224.6,3689.12,,,P1,False
2859,True,False,,False,False,False,3224.6,3224.6,3689.12,,,P1,False
2860,True,False,,False,False,False,3224.6,3224.6,3689.12,,,P1,False
2861,True,False,,False,False,False,3224.6,3222.0,3689.12,,,P1,False
2862,True,False,,False,False,False,3222.0,3222.0,3689.12,,,P1,False
2863,False,False,,False,False,False,3222.0,3222.0,3689.12,,,P1,False
2864,True,False,,False,False,False,3222.0,3222.0,3689.12,,,P1,False
2865,True,False,,False,False,False,3222.0,3222.0,3689.12,,,P1,False
2866,False,False,,False,False,False,3222.0,3222.0,3689.12,,,P1,False
2867,False,False,,False,False,False,3222.0,3222.0,3689.12,,,P1,False
2868,False,False,,False,False,False,3222.0,3222.0,3689.12,,,P1,False
2869,False,False,,False,False,False,3222.0,3222.0,3689.12,,,P1,False
2870,False,False,,False,False,False,3222.0,3222.0,3689.12,,,P1,False
2871,False,False,,False,False,False,3222.0,3222.0,3689.12,,,P1,False
2872,False,False,,False,False,False,3222.0,3222.0,3689.12,,,P1,False
2873,False,False,,False,False,False,3222.0,3222.0,3689.12,,,P1,False
2874,False,False,,False,False,False,3222.0,3222.0,3689.12,,,P1,False
2875,True,False,,False,False,False,3370.11,3222.0,3689.12,,,P1,False
2876,True,False,,False,False,False,3370.11,3222.0,3689.12,,,P1,False
2877,True,False,,False,False,False,3370.11,3222.0,3689.12,,,P1,False
2878,True,False,,False,False,False,3370.11,3222.0,3689.12,,,P1,False
2879,True,False,,False,False,False,3370.11,3222.0,3689.12,,,P1,False
2880,True,False,,False,False,False,3370.11,3222.0,3689.12,,,P1,False
2881,False,False,,False,False,False,3324.32,3222.0,3689.12,,,P1,False
2882,False,False,,False,False,False,3324.32,3222.0,3689.12,,,P1,False
2883,False,False,,False,False,False,3324.32,3222.0,3689.12,,,P1,False
2884,False,False,,False,False,False,3324.32,3222.0,3689.12,,,P1,False
2885,False,False,,False,False,False,3324.32,3222.0,3689.12,,,P1,False
2886,False,False,,False,False,False,3324.32,3222.0,3689.12,,,P1,False
2887,False,False,,False,False,False,3324.32,3222.0,3689.12,,,P1,False
2888,False,False,,False,False,False,3324.32,3222.0,3689.12,,,P1,False
2889,True,False,,False,False,False,3324.32,3222.0,3689.12,,,P1,False
2890,True,False,,False,False,False,3324.32,3222.0,3689.12,,,P1,False
2891,True,False,,False,False,False,3324.32,3222.0,3689.12,,,P1,False
2892,True,False,,False,False,False,3324.32,3222.0,3689.12,,,P1,False
2893,True,False,,False,False,False,3324.32,3222.0,3689.12,,,P1,False
2894,True,False,,False,False,False,3324.32,3222.0,3689.12,,,P1,False
2895,True,False,,False,False,False,3250.0,3222.0,3224.6,,,P1,False
2896,True,True,nbar,False,True,False,3250.0,3222.0,3224.6,3222.0,,P1,False
2897,True,False,,False,False,False,3250.0,3222.0,3224.6,,,P1,False
2898,True,False,,False,False,False,3250.0,3200.0,3224.6,,,P1,False
2899,True,False,,False,False,False,3250.0,3177.0,3224.6,,,P1,False
2900,True,False,,False,False,False,3250.0,3177.0,3224.6,,,P1,False
2901,True,False,,False,False,False,3250.0,3177.0,3224.6,,,P1,False
2902,True,False,,False,False,False,3250.0,3166.5,3224.6,,,P1,False
2903,True,False,,False,False,False,3250.0,3156.26,3224.6,,,P1,False
2904,True,False,,False,False,False,3156.26,3156.26,3224.6,,,P1,False
2905,True,False,,False,False,False,3156.26,3156.26,3224.6,,,P1,False
2906,True,False,,False,False,False,3156.26,3156.26,3224.6,,,P1,False
2907,True,False,,False,False,False,3156.26,3156.26,3224.6,,,P1,False
2908,True,False,,False,False,False,3156.26,3156.26,3224.6,,,P1,False
2909,True,False,,False,False,False,3156.26,3156.26,3224.6,,,P1,False
2910,True,False,,False,False,False,3156.26,3156.26,3224.6,,,P1,False
2911,True,False,,False,False,False,3156.26,3156.26,3224.6,,,P1,False
2912,False,False,,False,False,False,3215.2,3156.26,3224.6,,,P1,False
2913,False,False,,False,False,False,3215.2,3156.26,3224.6,,,P1,False
2914,False,False,,False,False,False,3215.2,3156.26,3223.3,,,P1,False
2915,False,False,,False,False,False,3215.2,3156.26,3223.3,,,P1,False
2916,False,False,,False,False,False,3215.2,3156.26,3223.3,,,P1,False
2917,False,False,,False,False,False,3215.2,3156.26,3223.3,,,P1,False
2918,False,False,,False,False,False,3215.2,3156.26,3223.3,,,P1,False
2919,False,False,,False,False,False,3215.2,3156.26,3223.3,,,P1,False
2920,False,False,,False,False,False,3215.2,3156.26,3223.3,,,P1,False
2921,False,False,,False,False,False,3424.47,3156.26,3689.12,,,P1,False
2922,False,False,zone,False,True,False,3424.47,3156.26,3689.12,3689.12,,P1,False
2923,False,False,,False,False,False,3424.47,3156.26,3689.12,,,P1,False
2924,False,False,,False,False,False,3424.47,3156.26,3689.12,,,P1,False
2925,False,False,,False,False,False,3424.47,3156.26,3689.12,,,P1,False
2926,False,False,,False,False,False,3424.47,3156.26,3223.3,,,P1,False
2927,False,False,,False,False,False,3424.47,3156.26,3689.12,,,P1,False
2928,False,False,zone,False,True,False,3424.47,3156.26,3689.12,3689.12,,P1,False
2929,False,False,,False,False,False,3424.47,3156.26,3689.12,,,P1,False
2930,False,False,,False,False,False,3630.23,3156.26,3689.12,,,P1,False
2931,False,False,,False,False,False,3630.23,3156.26,3689.12,,,P1,False
2932,False,False,,False,False,False,3630.23,3156.26,3689.12,,,P1,False
2933,False,False,,False,False,False,3630.23,3156.26,3689.12,,,P1,False
2934,False,False,,False,False,False,3630.23,3156.26,3689.12,,,P1,False
2935,False,False,,False,False,False,3630.23,3156.26,3689.12,,,P1,False
2936,False,False,,False,False,False,3630.23,3156.26,3689.12,,,P1,False
2937,False,False,,False,False,False,3630.23,3156.26,3689.12,,,P1,False
2938,False,False,,False,False,False,3630.23,3156.26,3689.12,,,P1,False
2939,False,False,,False,False,False,3630.23,3156.26,3689.12,,,P1,False
2940,False,False,,False,False,False,3630.23,3156.26,3689.12,,,P1,False
2941,False,False,,False,False,False,3630.23,3156.26,3689.12,,,P1,False
2942,False,False,,False,False,False,3764.0,3156.26,3689.12,,,P1,False
2943,False,False,,False,False,False,3764.0,3156.26,3689.12,,,P1,False
2944,False,False,,False,False,False,3764.0,3156.26,3689.12,,,P1,False
2945,False,False,,False,False,False,3764.0,3156.26,3689.12,,,P1,False
2946,False,False,,False,False,False,3764.0,3156.26,3689.12,,,P1,False
2947,False,False,,False,False,False,3764.0,3156.26,3689.12,,,P1,False
2948,False,False,,False,False,False,3764.0,3156.26,3689.12,,,P1,False
2949,False,False,,False,False,False,3764.0,3156.26,3689.12,,,P1,False
2950,False,False,,False,False,False,3764.0,3156.26,3689.12,,,P1,False
2951,False,False,,False,False,False,3764.0,3156.26,3689.12,,,P1,False
2952,False,False,,False,False,False,3870.0,3156.26,3689.12,,,P1,False
2953,False,False,,False,False,False,3870.0,3156.26,3689.12,,,P1,False
2954,False,False,,False,False,False,3870.0,3156.26,3689.12,,,P1,False
2955,False,False,,False,False,False,3870.0,3156.26,3689.12,,,P1,False
2956,False,False,,False,False,False,3870.0,3156.26,3689.12,,,P1,False
2957,False,False,,False,False,False,3870.0,3156.26,3689.12,,,P1,False
2958,False,False,,False,False,False,3870.0,3156.26,3695.06,,,P1,False
2959,False,False,,False,False,False,3870.0,3156.26,3695.06,,,P1,False
2960,False,False,,False,False,False,3870.0,3156.26,3670.89,,,P1,False
2961,False,False,,False,False,False,3870.0,3156.26,3695.06,,,P1,False
2962,False,False,,False,False,False,3870.0,3156.26,3689.12,,,P1,False
2963,False,False,,False,False,False,3870.0,3156.26,3689.12,,,P1,False
2964,False,False,,False,False,False,3646.41,3156.26,3670.89,,,P1,False
2965,False,False,,False,False,False,3646.41,3156.26,3670.89,,,P1,False
2966,False,False,,False,False,False,3646.41,3156.26,3670.89,,,P1,False
2967,False,False,,False,False,False,3646.41,3156.26,3670.89,,,P1,False
2968,False,False,,False,False,False,3646.41,3156.26,3670.89,,,P1,False
2969,False,False,,False,False,False,3646.41,3156.26,3670.89,,,P1,False
2970,False,False,,False,False,False,3656.74,3156.26,3656.74,,,P1,False
2971,False,False,,False,False,False,3656.74,3156.26,3672.93,,,P1,False
2972,False,False,,False,False,False,3656.74,3156.26,3672.93,,,P1,False
2973,False,False,,False,False,False,3656.74,3156.26,3223.3,,,P1,False
2974,False,False,,False,False,False,3656.74,3156.26,3223.3,,,P1,False
2975,False,False,,False,False,False,3656.74,3156.26,3223.3,,,P1,False
2976,False,False,,False,False,False,3656.74,3156.26,3223.3,,,P1,False
2977,False,False,,False,False,False,3656.74,3156.26,3223.3,,,P1,False
2978,False,False,,False,False,False,3535.0,3156.26,3689.12,,,P1,False
2979,False,False,,False,False,False,3535.0,3156.26,3672.93,,,P1,False
2980,False,False,,False,False,False,3535.0,3156.26,3672.93,,,P1,False
2981,False,False,,False,False,False,3535.0,3156.26,3672.93,,,P1,False
2982,False,False,,False,False,False,3535.0,3156.26,3689.12,,,P1,False
2983,False,False,,False,False,False,3535.0,3156.26,3689.12,,,P1,False
2984,False,False,,False,False,False,3535.0,3156.26,3689.12,,,P1,False
2985,False,False,,False,False,False,3535.0,3156.26,3689.12,,,P1,False
2986,False,False,,False,False,False,3535.0,3156.26,3689.12,,,P1,False
2987,False,False,,False,False,False,3535.0,3156.26,3672.93,,,P1,False
2988,False,False,,False,False,False,3535.0,3156.26,3672.93,,,P1,False
2989,False,False,,False,False,False,3535.0,3156.26,3689.12,,,P1,False
2990,False,False,,False,False,False,3535.0,3156.26,3689.12,,,P1,False
2991,False,False,,False,False,False,3657.9,3156.26,3657.9,,,P1,False
2992,False,False,,False,False,False,3657.9,3156.26,3657.9,,,P1,False
2993,False,False,,False,False,False,3657.9,3156.26,3657.9,,,P1,False
2994,False,False,,False,False,False,3657.9,3156.26,3657.9,,,P1,False
2995,False,False,,False,False,False,3657.9,3156.26,3673.51,,,P1,False
2996,False,False,,False,False,False,3657.9,3156.26,3673.51,,,P1,False
2997,False,False,,False,False,False,3657.9,3156.26,3673.51,,,P1,False
2998,False,False,,False,False,False,3657.9,3156.26,3673.51,,,P1,False
2999,False,False,,False,False,False,3657.9,3156.26,3673.51,,,P1,False
3000,False,False,,False,False,False,3657.9,3156.26,3689.12,,,P1,False
3001,False,False,,False,False,False,3630.33,3156.26,3657.9,,,P1,False
3002,False,False,,False,False,False,3630.33,3156.26,3657.9,,,P1,False
3003,False,False,zone,False,True,False,3630.33,3156.26,3657.9,3657.9,,P1,False
3004,False,False,,False,False,False,3630.33,3156.26,3657.9,,,P1,False
3005,False,False,,False,False,False,3630.33,3156.26,3657.9,,,P1,False
3006,False,False,,False,False,False,3630.33,3156.26,3657.9,,,P1,False
3007,False,False,,False,False,False,3642.0,3156.26,3657.9,,,P1,False
3008,False,False,,False,False,False,3642.0,3156.26,3657.9,,,P1,False
3009,False,False,,False,False,False,3642.0,3156.26,3657.9,,,P1,False
3010,False,False,,False,False,False,3642.0,3156.26,3657.9,,,P1,False
3011,False,False,,False,False,False,3642.0,3156.26,3657.9,,,P1,False
3012,False,False,,False,False,False,3642.0,3156.26,3673.51,,,P1,False
3013,False,False,,False,False,False,3642.0,3156.26,3673.51,,,P1,False
3014,False,False,,False,False,False,3642.0,3156.26,3673.51,,,P1,False
3015,False,False,,False,False,False,3642.0,3156.26,3673.51,,,P1,False
3016,False,False,,False,False,False,3642.0,3156.26,3673.51,,,P1,False
3017,False,False,,False,False,False,3642.0,3156.26,3689.12,,,P1,False
3018,False,False,,False,False,False,3642.0,3156.26,3689.12,,,P1,False
3019,False,False,,False,False,False,3642.0,3156.26,3646.41,,,P1,False
3020,False,False,,False,False,False,3642.0,3156.26,3644.205,,,P1,False
3021,False,False,,False,False,False,3642.0,3156.26,3644.205,,,P1,False
3022,False,False,,False,False,False,3642.0,3156.26,3644.205,,,P1,False
3023,False,False,,False,False,False,3642.0,3164.0,3644.205,,,P1,False
3024,False,False,,False,False,False,3703.57,3186.0,3701.0,,,P1,False
3025,False,False,,False,False,False,3703.57,3186.0,3701.0,,,P1,False
3026,False,False,,False,False,False,3703.57,3215.2,3701.0,,,P1,False
3027,False,False,,False,False,False,3703.57,3215.2,3701.0,,,P1,False
3028,False,False,,False,False,False,3703.57,3215.2,3644.205,,,P1,False
3029,False,False,,False,False,False,3703.57,3215.2,3644.205,,,P1,False
3030,False,False,,False,False,False,3703.57,3215.2,3644.205,,,P1,False
3031,False,False,,False,False,False,3703.57,3216.0,3651.575,,,P1,False
3032,False,False,,False,False,False,3703.57,3231.02,3651.575,,,P1,False
3033,False,False,,False,False,False,3740.0,3255.21,3764.0,,,P1,False
3034,False,False,,False,False,False,3740.0,3271.0,3764.0,,,P1,False
3035,False,False,,False,False,False,3740.0,3419.04,3764.0,,,P1,False
3036,False,False,,False,False,False,3740.0,3424.47,3764.0,,,P1,False
3037,False,False,,False,False,False,3740.0,3424.47,3764.0,,,P1,False
3038,False,False,,False,False,False,3740.0,3424.47,3764.0,,,P1,False
3039,False,False,,False,False,False,3740.0,3424.47,3764.0,,,P1,False
3040,False,False,,False,False,False,3740.0,3474.0,3764.0,,,P1,False
3041,False,False,,False,False,False,3921.53,3485.0,3764.0,,,P1,False
3042,False,False,,False,False,False,3921.53,3503.0,3764.0,,,P1,False
3043,False,False,,False,False,False,3921.53,3535.0,3764.0,,,P1,False
3044,False,False,,False,False,False,3921.53,3535.0,3764.0,,,P1,False
3045,False,False,,False,False,False,3922.0,3535.0,3922.0,,,P1,False
3046,False,False,swing|zone,False,True,False,3922.0,3535.0,3922.0,3922.0,,P1,False
3047,False,False,,False,False,False,3922.0,3535.0,3922.0,,,P1,False
3048,False,False,,False,False,False,3922.0,3535.0,3922.0,,,P1,False
3049,False,False,,False,False,False,3922.0,3535.0,3922.0,,,P1,False
3050,False,False,,False,False,False,3903.0,3535.0,3922.0,,,P1,False
3051,False,False,,False,False,False,3903.0,3535.0,3921.53,,,P1,False
3052,False,False,,False,False,False,3903.0,3535.0,3921.53,,,P1,False
3053,False,False,,False,False,False,3903.0,3535.0,3921.53,,,P1,False
3054,False,False,,False,False,False,3903.0,3535.0,3764.0,,,P1,False
3055,False,False,,False,False,False,3903.0,3535.0,3644.205,,,P1,False
3056,False,False,,False,False,False,3903.0,3535.0,3644.205,,,P1,False
3057,True,False,,False,False,False,3903.0,3535.0,3224.6,,,P1,False
3058,True,False,,False,False,False,3903.0,3535.0,3223.3,,,P1,False
3059,True,False,,False,False,False,3903.0,3535.0,3223.3,,,P1,False
3060,True,False,,False,False,False,3903.0,3535.0,3223.3,,,P1,False
3061,True,False,,False,False,False,3540.0,3535.0,3223.3,,,P1,False
3062,True,False,,False,False,False,3540.0,3535.0,3223.3,,,P1,False
3063,True,False,,False,False,False,3540.0,3535.0,3224.6,,,P1,False
3064,True,True,swing|nbar,False,True,False,3540.0,3535.0,3224.6,3540.0,,P1,False
3065,True,True,swing,False,True,False,3540.0,3535.0,3223.3,3540.0,,P1,False
3066,True,False,,False,False,False,3540.0,3535.0,3223.3,,,P1,False
3067,True,False,,False,False,False,3540.0,3465.0,3223.3,,,P1,False
3068,True,False,,False,False,False,3465.0,3465.0,3223.3,,,P1,False
3069,True,False,,False,False,False,3465.0,3465.0,3223.3,,,P1,False
3070,True,False,,False,False,False,3465.0,3465.0,3224.6,,,P1,False
3071,False,False,,False,False,False,3465.0,3465.0,3224.6,,,P1,False
3072,True,False,,False,False,False,3530.0,3465.0,3535.0,,,P1,False
3073,True,False,,False,False,False,3530.0,3465.0,3535.0,,,P1,False
3074,True,False,,False,False,False,3530.0,3465.0,3535.0,,,P1,False
3075,True,False,,False,False,False,3530.0,3465.0,3224.6,,,P1,False
3076,True,False,,False,False,False,3530.0,3465.0,3224.6,,,P1,False
3077,True,False,,False,False,False,3530.0,3465.0,3224.6,,,P1,False
3078,True,False,,False,False,False,3530.0,3441.3,3224.6,,,P1,False
3079,True,False,,False,False,False,3441.3,3441.3,3441.3,,,P1,False
3080,False,False,,False,False,False,3441.3,3441.3,3535.0,,,P1,False
3081,False,False,,False,False,False,3441.3,3441.3,3535.0,,,P1,False
3082,False,False,,False,False,False,3441.3,3441.3,3535.0,,,P1,False
3083,False,False,,False,False,False,3441.3,3441.3,3535.0,,,P1,False
3084,False,False,,False,False,False,3441.3,3441.3,3535.0,,,P1,False
3085,False,False,,False,False,False,3441.3,3441.3,3535.0,,,P1,False
3086,False,False,,False,False,False,3441.3,3441.3,3535.0,,,P1,False
3087,False,False,,False,False,False,3441.3,3441.3,3535.0,,,P1,False
3088,False,False,,False,False,False,3441.3,3441.3,3535.0,,,P1,False
3089,False,False,,False,False,False,3441.3,3441.3,3535.0,,,P1,False
3090,False,False,,False,False,False,3441.3,3441.3,3535.0,,,P1,False
3091,False,False,,False,False,False,3441.3,3441.3,3535.0,,,P1,False
3092,False,False,,False,False,False,3516.62,3441.3,3532.5,,,P1,False
3093,False,False,,False,False,False,3516.62,3441.3,3532.5,,,P1,False
3094,False,False,,False,False,False,3516.62,3441.3,3532.5,,,P1,False
3095,False,False,,False,False,False,3516.62,3441.3,3532.5,,,P1,False
3096,False,False,,False,False,False,3516.62,3441.3,3532.5,,,P1,False
3097,False,False,,False,False,False,3516.62,3441.3,3532.5,,,P1,False
3098,False,False,,False,False,False,3516.62,3441.3,3532.5,,,P1,False
3099,False,False,,False,False,False,3516.62,3441.3,3532.5,,,P1,False
3100,False,False,,False,False,False,3516.62,3441.3,3532.5,,,P1,False
3101,False,False,,False,False,False,3530.39,3441.3,3530.39,,,P1,False
3102,False,False,,False,False,False,3530.39,3441.3,3530.39,,,P1,False
3103,False,False,,False,False,False,3530.39,3441.3,3530.39,,,P1,False
3104,False,False,,False,False,False,3530.39,3441.3,3530.39,,,P1,False
3105,False,False,,False,False,False,3530.39,3441.3,3532.6949999999997,,,P1,False
3106,False,False,,False,False,False,3530.39,3441.3,3532.6949999999997,,,P1,False
3107,False,False,,False,False,False,3530.39,3441.3,3532.6949999999997,,,P1,False
3108,False,False,,False,False,False,3530.39,3441.3,3532.6949999999997,,,P1,False
3109,False,False,,False,False,False,3565.75,3441.3,3651.575,,,P1,False
3110,False,False,,False,False,False,3565.75,3441.3,3651.575,,,P1,False
3111,False,False,,False,False,False,3565.75,3441.3,3651.575,,,P1,False
3112,False,False,,False,False,False,3565.75,3441.3,3651.575,,,P1,False
3113,False,False,,False,False,False,3565.75,3441.3,3651.575,,,P1,False
3114,False,False,,False,False,False,3565.75,3441.3,3651.575,,,P1,False
3115,False,False,,False,False,False,3565.75,3441.3,3532.6949999999997,,,P1,False
3116,True,False,,False,False,False,3565.75,3441.3,3530.1949999999997,,,P1,False
3117,True,False,,False,False,False,3565.75,3441.3,3441.3,,,P1,False
3118,True,False,,False,False,False,3565.75,3441.3,3530.39,,,P1,False
3119,True,False,,False,False,False,3565.75,3441.3,3530.39,,,P1,False
3120,True,False,,False,False,False,3475.0,3441.3,3530.39,,,P1,False
3121,True,False,,False,False,False,3475.0,3441.3,3532.6949999999997,,,P1,False
3122,True,False,,False,False,False,3475.0,3441.3,3530.1949999999997,,,P1,False
3123,False,False,,False,False,False,3475.0,3441.3,3530.1949999999997,,,P1,False
3124,False,False,swing,False,True,False,3501.0,3441.3,3530.0,3501.0,,P1,False
3125,False,False,,False,False,False,3501.0,3441.3,3530.0,,,P1,False
3126,False,False,,False,False,False,3501.0,3441.3,3530.0,,,P1,False
3127,False,False,swing|nbar|zone,False,True,False,3501.0,3441.3,3530.39,3530.39,,P1,False
3128,False,False,,False,False,False,3501.0,3441.3,3530.39,,,P1,False
3129,False,False,,False,False,False,3501.0,3441.3,3532.6949999999997,,,P1,False
3130,False,False,,False,False,False,3501.0,3434.85,3532.6949999999997,,,P1,False
3131,False,False,,False,False,False,3434.85,3434.85,3530.39,,,P1,False
3132,False,False,,False,False,False,3434.85,3434.85,3530.39,,,P1,False
3133,False,False,,False,False,False,3434.85,3434.85,3530.39,,,P1,False
3134,False,False,,False,False,False,3434.85,3434.85,3532.6949999999997,,,P1,False
3135,False,False,,False,False,False,3434.85,3434.85,3530.39,,,P1,False
3136,False,False,,False,False,False,3434.85,3434.85,3530.39,,,P1,False
3137,False,False,,False,False,False,3434.85,3434.85,3530.39,,,P1,False
3138,False,False,,False,False,False,3434.85,3434.85,3532.6949999999997,,,P1,False
3139,False,False,,False,False,False,3434.85,3434.85,3532.6949999999997,,,P1,False
3140,False,False,,False,False,False,3514.5,3434.85,3532.6949999999997,,,P1,False
3141,False,False,,False,False,False,3514.5,3434.85,3532.6949999999997,,,P1,False
3142,False,False,,False,False,False,3514.5,3434.85,3532.6949999999997,,,P1,False
3143,False,False,,False,False,False,3514.5,3434.85,3532.6949999999997,,,P1,False
3144,False,False,,False,False,False,3514.5,3434.85,3532.6949999999997,,,P1,False
3145,False,False,,False,False,False,3514.5,3434.85,3532.6949999999997,,,P1,False
3146,False,False,,False,False,False,3514.5,3434.85,3532.6949999999997,,,P1,False
3147,False,False,,False,False,False,3514.5,3434.85,3532.6949999999997,,,P1,False
3148,False,False,,False,False,False,3514.5,3434.85,3532.6949999999997,,,P1,False
3149,False,False,,False,False,False,3522.51,3434.85,3530.39,,,P1,False
3150,False,False,,False,False,False,3522.51,3434.85,3530.39,,,P1,False
3151,False,False,,False,False,False,3522.51,3434.85,3530.39,,,P1,False
3152,False,False,,False,False,False,3522.51,3434.85,3530.39,,,P1,False
3153,False,False,,False,False,False,3522.51,3434.85,3530.39,,,P1,False
3154,False,False,,False,False,False,3522.51,3434.85,3530.39,,,P1,False
3155,False,False,,False,False,False,3522.51,3434.85,3530.39,,,P1,False
3156,False,False,,False,False,False,3522.51,3434.85,3530.39,,,P1,False
3157,False,False,,False,False,False,3522.51,3434.85,3530.39,,,P1,False
3158,False,False,swing|zone,False,True,True,3522.51,3434.85,3530.39,3530.39,3434.85,P1,False
3159,False,False,,False,False,False,3522.51,3434.85,3530.39,,,P1,False
3160,False,False,,False,False,False,3522.51,3434.85,3530.39,,,P1,False
3161,True,False,,False,False,False,3522.51,3434.85,3514.5,,,P1,False
3162,True,True,nbar,False,True,False,3522.51,3434.85,3514.5,3434.85,,P1,False
3163,True,False,,False,False,False,3522.51,3434.85,3515.56,,,P1,False
3164,True,False,,False,False,False,3522.51,3434.85,3515.56,,,P1,False
3165,True,False,,False,False,False,3522.51,3405.0,3515.56,,,P1,False
3166,True,False,,False,False,False,3522.51,3405.0,3515.56,,,P1,False
3167,True,False,,False,False,False,3522.51,3380.27,3515.56,,,P1,False
3168,True,False,,False,False,False,3380.27,3380.27,3515.56,,,P1,False
3169,True,False,,False,False,False,3380.27,3380.27,3515.56,,,P1,False
3170,True,False,,False,False,False,3380.27,3380.27,3515.56,,,P1,False
3171,True,False,,False,False,False,3380.27,3349.92,3515.56,,,P1,False
3172,True,False,,False,False,False,3349.92,3349.92,3515.56,,,P1,False
3173,True,False,,False,False,False,3349.92,3349.92,3515.56,,,P1,False
3174,True,False,,False,False,False,3349.92,3349.92,3515.56,,,P1,False
3175,False,False,,False,False,False,3349.92,3349.92,3514.5,,,P1,False
3176,False,False,,False,False,False,3349.92,3349.92,3514.5,,,P1,False
3177,False,False,,False,False,False,3349.92,3349.92,3514.5,,,P1,False
3178,False,False,,False,False,False,3349.92,3349.92,3514.5,,,P1,False
3179,False,False,,False,False,False,3349.92,3349.92,3514.5,,,P1,False
3180,False,False,,False,False,False,3349.92,3349.92,3514.5,,,P1,False
3181,False,False,,False,False,False,3349.92,3349.92,3514.5,,,P1,False
3182,False,False,,False,False,False,3349.92,3349.92,3514.5,,,P1,False
3183,False,False,,False,False,False,3349.92,3349.92,3514.5,,,P1,False
3184,False,False,,False,False,False,3349.92,3349.92,3514.5,,,P1,False
3185,False,False,,False,False,False,3418.8,3349.92,3434.85,,,P1,False
3186,False,False,,False,False,False,3418.8,3349.92,3434.85,,,P1,False
3187,False,False,,False,False,False,3418.8,3349.92,3434.85,,,P1,False
3188,False,False,,False,False,False,3418.8,3349.92,3434.85,,,P1,False
3189,False,False,,False,False,False,3401.2,3349.92,3434.85,,,P1,False
3190,False,False,,False,False,False,3401.2,3349.92,3434.85,,,P1,False
3191,False,False,,False,False,False,3401.2,3349.92,3434.85,,,P1,False
3192,False,False,,False,False,False,3401.2,3349.92,3434.85,,,P1,False
3193,False,False,,False,False,False,3401.2,3349.92,3434.85,,,P1,False
3194,False,False,,False,False,False,3401.2,3349.92,3434.85,,,P1,False
3195,False,False,,False,False,False,3401.2,3349.92,3434.85,,,P1,False
3196,False,False,,False,False,False,3440.29,3349.92,3440.29,,,P1,False
3197,False,False,,False,False,False,3440.29,3349.92,3440.29,,,P1,False
3198,False,False,,False,False,False,3440.29,3349.92,3440.29,,,P1,False
3199,False,False,,False,False,False,3440.29,3349.92,3440.29,,,P1,False
3200,False,False,,False,False,False,3440.29,3349.92,3440.29,,,P1,False
3201,False,False,,False,False,False,3440.29,3349.92,3440.29,,,P1,False
3202,False,False,swing|zone,False,True,False,3440.29,3349.92,3440.29,3440.29,,P1,False
3203,False,False,,False,False,False,3440.29,3349.92,3440.29,,,P1,False
3204,False,False,,False,False,False,3440.29,3349.92,3440.29,,,P1,False
3205,False,False,,False,False,False,3440.29,3349.92,3437.5699999999997,,,P1,False
3206,False,False,,False,False,False,3426.0,3349.92,3437.5699999999997,,,P1,False
3207,False,False,,False,False,False,3426.0,3349.92,3437.5699999999997,,,P1,False
3208,False,False,,False,False,False,3426.0,3349.92,3437.5699999999997,,,P1,False
3209,False,False,,False,False,False,3426.0,3349.92,3437.5699999999997,,,P1,False
3210,False,False,,False,False,False,3433.31,3349.92,3434.85,,,P1,False
3211,False,False,,False,False,False,3433.31,3349.92,3437.5699999999997,,,P1,False
3212,False,False,,False,False,False,3433.31,3349.92,3437.5699999999997,,,P1,False
3213,False,False,,False,False,False,3433.31,3349.92,3437.5699999999997,,,P1,False
3214,False,False,,False,False,False,3433.31,3349.92,3437.5699999999997,,,P1,False
3215,False,False,,False,False,False,3433.31,3349.92,3429.6549999999997,,,P1,False
3216,False,False,,False,False,False,3433.31,3349.92,3429.6549999999997,,,P1,False
3217,False,False,,False,False,False,3433.31,3349.92,3426.0,,,P1,False
3218,False,False,,False,False,False,3433.31,3349.92,3426.0,,,P1,False
3219,False,False,,False,False,False,3380.0,3349.92,3429.6549999999997,,,P1,False
3220,False,False,,False,False,False,3380.0,3349.92,3429.6549999999997,,,P1,False
3221,False,False,,False,False,False,3380.0,3349.92,3429.6549999999997,,,P1,False
3222,False,False,,False,False,False,3380.0,3349.92,3426.0,,,P1,False
3223,False,False,,False,False,False,3380.0,3349.92,3426.0,,,P1,False
3224,False,False,,False,False,False,3380.0,3349.92,3426.0,,,P1,False
3225,False,False,,False,False,False,3380.0,3349.92,3429.6549999999997,,,P1,False
3226,False,False,,False,False,False,3380.0,3349.92,3429.6549999999997,,,P1,False
3227,False,False,swing,False,True,False,3380.0,3349.92,3429.6549999999997,3380.0,,P1,False
3228,False,False,,False,False,False,3380.0,3349.92,3429.6549999999997,,,P1,False
3229,False,False,,False,False,False,3380.0,3349.92,3429.6549999999997,,,P1,False
3230,False,False,,False,False,False,3380.0,3349.92,3437.5699999999997,,,P1,False
3231,False,False,,False,False,False,3373.1,3349.92,3530.39,,,P1,False
3232,False,False,,False,False,False,3373.1,3349.92,3530.0,,,P1,False
3233,False,False,,False,False,False,3373.1,3349.92,3530.0,,,P1,False
3234,False,False,,False,False,False,3373.1,3349.92,3530.0,,,P1,False
3235,False,False,,False,False,False,3373.1,3349.92,3530.1949999999997,,,P1,False
3236,False,False,,False,False,False,3373.1,3349.92,3530.1949999999997,,,P1,False
3237,False,False,,False,False,False,3373.1,3349.92,3530.1949999999997,,,P1,False
3238,False,False,,False,False,False,3373.1,3349.92,3530.1949999999997,,,P1,False
3239,False,False,,False,False,False,3373.1,3349.92,3530.1949999999997,,,P1,False
3240,False,False,,False,False,False,3373.1,3349.92,3530.1949999999997,,,P1,False
3241,False,False,,False,False,False,3373.1,3349.92,3530.1949999999997,,,P1,False
3242,False,False,,False,False,False,3373.1,3349.92,3530.1949999999997,,,P1,False
3243,False,False,,False,False,False,3373.1,3349.92,3530.1949999999997,,,P1,False
3244,False,False,,False,False,False,3609.76,3349.92,3530.1949999999997,,,P1,False
3245,False,False,,False,False,False,3609.76,3349.92,3530.1949999999997,,,P1,False
3246,False,False,,False,False,False,3609.76,3349.92,3530.1949999999997,,,P1,False
3247,False,False,,False,False,False,3609.76,3349.92,3530.1949999999997,,,P1,False
3248,False,False,,False,False,False,3609.76,3349.92,3530.1949999999997,,,P1,False
3249,False,False,,False,False,False,3609.76,3349.92,3530.1949999999997,,,P1,False
3250,False,False,,False,False,False,3609.76,3349.92,3530.1949999999997,,,P1,False
3251,False,False,swing,False,True,False,3609.76,3349.92,3530.1949999999997,3609.76,,P1,False
3252,False,False,,False,False,False,3609.76,3349.92,3530.1949999999997,,,P1,False
3253,False,False,,False,False,False,3609.76,3349.92,3530.1949999999997,,,P1,False
3254,False,False,,False,False,False,3609.76,3349.92,3530.1949999999997,,,P1,False
3255,False,False,,False,False,False,3582.34,3349.92,3530.1949999999997,,,P1,False
3256,False,False,,False,False,False,3582.34,3349.92,3530.1949999999997,,,P1,False
3257,False,False,,False,False,False,3582.34,3349.92,3530.1949999999997,,,P1,False
3258,False,False,,False,False,False,3582.34,3349.92,3530.1949999999997,,,P1,False
3259,False,False,,False,False,False,3582.34,3349.92,3530.1949999999997,,,P1,False
3260,False,False,,False,False,False,3582.34,3349.92,3530.1949999999997,,,P1,False
3261,False,False,,False,False,False,3582.34,3349.92,3530.1949999999997,,,P1,False
3262,False,False,,False,False,False,3582.34,3349.92,3530.1949999999997,,,P1,False
3263,False,False,,False,False,False,3582.34,3349.92,3530.39,,,P1,False
3264,False,False,,False,False,False,3591.75,3349.92,3582.34,,,P1,False
3265,False,False,,False,False,False,3591.75,3349.92,3530.39,,,P1,False
3266,False,False,,False,False,False,3591.75,3349.92,3582.34,,,P1,False
3267,False,False,,False,False,False,3591.75,3349.92,3582.34,,,P1,False
3268,False,False,,False,False,False,3591.75,3349.92,3530.39,,,P1,False
3269,False,False,,False,False,False,3568.11,3349.92,3582.34,,,P1,False
3270,False,False,,False,False,False,3568.11,3349.92,3582.34,,,P1,False
3271,False,False,,False,False,False,3568.11,3349.92,3582.34,,,P1,False
3272,False,False,,False,False,False,3568.11,3349.92,3582.34,,,P1,False
3273,False,False,,False,False,False,3568.11,3349.92,3575.2250000000004,,,P1,False
3274,False,False,,False,False,False,3568.11,3349.92,3575.2250000000004,,,P1,False
3275,False,False,,False,False,False,3568.11,3349.92,3582.34,,,P1,False
3276,False,False,,False,False,False,3573.45,3349.92,3577.895,,,P1,False
3277,False,False,,False,False,False,3573.45,3349.92,3577.895,,,P1,False
3278,False,False,,False,False,False,3573.45,3349.92,3577.895,,,P1,False
3279,False,False,,False,False,False,3573.45,3349.92,3577.895,,,P1,False
3280,False,False,,False,False,False,3573.45,3349.92,3577.895,,,P1,False
3281,False,False,,False,False,False,3573.45,3349.92,3577.895,,,P1,False
3282,False,False,,False,False,False,3573.45,3349.92,3577.895,,,P1,False
3283,False,False,,False,False,False,3573.45,3349.92,3582.34,,,P1,False
3284,False,False,,False,False,False,3573.45,3349.92,3577.895,,,P1,False
3285,False,False,,False,False,False,3573.45,3349.92,3577.895,,,P1,False
3286,False,False,,False,False,False,3573.45,3349.92,3577.895,,,P1,False
3287,False,False,,False,False,False,3573.45,3349.92,3573.45,,,P1,False
3288,False,False,,False,False,False,3604.4,3349.92,3604.4,,,P1,False
3289,False,False,,False,False,False,3604.4,3349.92,3604.4,,,P1,False
3290,False,False,,False,False,False,3604.4,3349.92,3604.4,,,P1,False
3291,False,False,,False,False,False,3604.4,3364.5,3604.4,,,P1,False
3292,False,False,,False,False,False,3604.4,3373.1,3604.4,,,P1,False
3293,False,False,,False,False,False,3604.4,3373.1,3604.4,,,P1,False
3294,False,False,,False,False,False,3604.4,3373.1,3598.075,,,P1,False
3295,False,False,,False,False,False,3604.4,3373.1,3598.075,,,P1,False
3296,False,False,,False,False,False,3604.4,3373.1,3598.075,,,P1,False
3297,False,False,,False,False,False,3604.4,3373.1,3598.075,,,P1,False
3298,False,False,,False,False,False,3604.4,3373.1,3598.075,,,P1,False
3299,False,False,,False,False,False,3604.4,3373.1,3598.075,,,P1,False
3300,False,False,,False,False,False,3604.4,3373.1,3598.075,,,P1,False
3301,False,False,,False,False,False,3604.4,3373.1,3598.075,,,P1,False
3302,False,False,,False,False,False,3604.4,3373.1,3598.075,,,P1,False
3303,False,False,,False,False,False,3870.66,3373.1,3598.075,,,P1,False
3304,False,False,,False,False,False,3870.66,3373.1,3598.075,,,P1,False
3305,False,False,,False,False,False,3870.66,3373.1,3598.075,,,P1,False
3306,False,False,,False,False,False,3870.66,3373.1,3604.4,,,P1,False
3307,False,False,,False,False,False,3870.66,3373.1,3598.075,,,P1,False
3308,False,False,,False,False,False,3870.66,3373.1,3598.075,,,P1,False
3309,False,False,,False,False,False,3870.66,3373.1,3604.4,,,P1,False
3310,False,False,,False,False,False,3870.66,3373.1,3604.4,,,P1,False
3311,False,False,,False,False,False,3901.03,3373.1,3604.4,,,P1,False
3312,False,False,,False,False,False,3901.03,3373.1,3604.4,,,P1,False
3313,False,False,,False,False,False,3901.03,3373.1,3604.4,,,P1,False
3314,False,False,,False,False,False,3901.03,3373.1,3604.4,,,P1,False
3315,False,False,,False,False,False,3901.03,3373.1,3604.4,,,P1,False
3316,False,False,,False,False,False,3901.03,3373.1,3604.4,,,P1,False
3317,False,False,,False,False,False,3901.03,3373.1,3604.4,,,P1,False
3318,False,False,,False,False,False,3901.03,3373.1,3604.4,,,P1,False
3319,False,False,,False,False,False,3901.03,3373.1,3604.4,,,P1,False
3320,False,False,,False,False,False,3901.03,3373.1,3604.4,,,P1,False
3321,False,False,,False,False,False,3901.03,3373.1,3604.4,,,P1,False
3322,False,False,,False,False,False,3901.03,3373.1,3604.4,,,P1,False
3323,False,False,,False,False,False,3933.15,3373.1,3604.4,,,P1,False
3324,False,False,,False,False,False,3933.15,3373.1,3598.075,,,P1,False
3325,False,False,,False,False,False,3933.15,3373.1,3604.4,,,P1,False
3326,False,False,,False,False,False,3933.15,3373.1,3604.4,,,P1,False
3327,False,False,,False,False,False,3933.15,3373.1,3591.75,,,P1,False
3328,False,False,,False,False,False,3933.15,3373.1,3591.75,,,P1,False
3329,False,False,,False,False,False,3933.15,3373.1,3591.75,,,P1,False
3330,False,False,,False,False,False,3933.15,3373.1,3591.75,,,P1,False
3331,False,False,,False,False,False,3712.66,3373.1,3591.75,,,P1,False
3332,False,False,,False,False,False,3712.66,3373.1,3591.75,,,P1,False
3333,False,False,,False,False,False,3712.66,3373.1,3598.075,,,P1,False
3334,False,False,,False,False,False,3712.66,3373.1,3598.075,,,P1,False
3335,False,False,,False,False,False,3712.66,3373.1,3598.075,,,P1,False
3336,False,False,,False,False,False,3712.66,3373.1,3598.075,,,P1,False
3337,False,False,,False,False,False,3712.66,3373.1,3598.075,,,P1,False
3338,False,False,,False,False,False,3712.66,3373.1,3598.075,,,P1,False
3339,False,False,,False,False,False,3712.66,3373.1,3598.075,,,P1,False
3340,False,False,,False,False,False,3777.0,3373.1,3598.075,,,P1,False
3341,False,False,,False,False,False,3777.0,3373.1,3598.075,,,P1,False
3342,False,False,,False,False,False,3777.0,3373.1,3598.075,,,P1,False
3343,False,False,,False,False,False,3777.0,3373.1,3604.4,,,P1,False
3344,False,False,,False,False,False,3777.0,3373.1,3604.4,,,P1,False
3345,False,False,,False,False,False,3777.0,3373.1,3604.4,,,P1,False
3346,False,False,swing,False,True,False,3777.0,3373.1,3604.4,3777.0,,P1,False
3347,False,False,,False,False,False,3777.0,3373.1,3598.075,,,P1,False
3348,False,False,,False,False,False,3777.0,3373.1,3604.4,,,P1,False
3349,False,False,,False,False,False,3777.0,3373.1,3604.4,,,P1,False
3350,False,False,,False,False,False,3677.17,3392.97,3604.4,,,P1,False
3351,False,False,,False,False,False,3677.17,3394.89,3598.075,,,P1,False
3352,False,False,,False,False,False,3677.17,3429.0,3598.075,,,P1,False
3353,False,False,,False,False,False,3677.17,3485.24,3604.4,,,P1,False
3354,False,False,,False,False,False,3763.87,3568.11,3604.4,,,P1,False
3355,False,False,,False,False,False,3763.87,3568.11,3604.4,,,P1,False
3356,False,False,,False,False,False,3763.87,3568.11,3604.4,,,P1,False
3357,False,False,,False,False,False,3763.87,3568.11,3604.4,,,P1,False
3358,False,False,,False,False,False,3763.87,3568.11,3604.4,,,P1,False
3359,False,False,,False,False,False,3763.87,3568.11,3604.4,,,P1,False
3360,False,False,,False,False,False,3763.87,3568.11,3604.4,,,P1,False
3361,False,False,,False,False,False,3763.87,3568.11,3604.4,,,P1,False
3362,False,False,,False,False,False,3763.87,3568.11,3604.4,,,P1,False
3363,False,False,,False,False,False,3763.87,3568.11,3604.4,,,P1,False
3364,False,False,,False,False,False,3763.87,3568.11,3604.4,,,P1,False
3365,False,False,,False,False,False,3772.25,3568.11,3772.25,,,P1,False
3366,False,False,,False,False,False,3772.25,3568.11,3772.25,,,P1,False
3367,False,False,,False,False,False,3772.25,3568.11,3772.25,,,P1,False
3368,False,False,,False,False,False,3772.25,3568.11,3772.25,,,P1,False
3369,False,False,,False,False,False,3772.25,3568.11,3772.25,,,P1,False
3370,False,False,,False,False,False,3772.25,3568.11,3772.25,,,P1,False
3371,False,False,,False,False,False,3772.25,3568.11,3772.25,,,P1,False
3372,False,False,,False,False,False,3772.25,3568.11,3604.4,,,P1,False
3373,False,False,,False,False,False,3772.25,3568.11,3604.4,,,P1,False
3374,False,False,,False,False,False,3772.25,3568.11,3604.4,,,P1,False
3375,False,False,,False,False,False,3772.25,3568.11,3604.4,,,P1,False
3376,False,False,,False,False,False,3772.25,3568.11,3604.4,,,P1,False
3377,False,False,,False,False,False,3670.69,3568.11,3604.4,,,P1,False
3378,False,False,,False,False,False,3670.69,3568.11,3604.4,,,P1,False
3379,False,False,,False,False,False,3670.69,3568.11,3604.4,,,P1,False
3380,False,False,,False,False,False,3670.69,3568.11,3772.25,,,P1,False
3381,False,False,,False,False,False,3670.69,3568.11,3772.25,,,P1,False
3382,False,False,,False,False,False,3670.69,3568.11,3772.25,,,P1,False
3383,False,False,,False,False,False,3670.69,3568.11,3772.25,,,P1,False
3384,False,False,,False,False,False,3670.69,3568.11,3772.25,,,P1,False
3385,False,False,,False,False,False,3670.69,3568.11,3772.25,,,P1,False
3386,False,False,,False,False,False,3670.69,3568.11,3772.25,,,P1,False
3387,False,False,,False,False,False,3670.69,3568.11,3772.25,,,P1,False
3388,False,False,,False,False,False,3670.69,3573.45,3772.25,,,P1,False
3389,False,False,,False,False,False,3670.69,3573.45,3772.25,,,P1,False
3390,False,False,,False,False,False,3670.69,3573.45,3772.25,,,P1,False
3391,False,False,,False,False,False,3670.69,3573.45,3772.25,,,P1,False
3392,False,False,,False,False,False,3670.69,3573.45,3772.25,,,P1,False
3393,False,False,,False,False,False,3670.69,3573.45,3772.25,,,P1,False
3394,False,False,,False,False,False,3670.69,3573.45,3772.25,,,P1,False
3395,False,False,,False,False,False,3840.4,3585.05,3772.25,,,P1,False
3396,False,False,,False,False,False,3840.4,3590.0,3772.25,,,P1,False
3397,False,False,,False,False,False,3840.4,3597.91,3772.25,,,P1,False
3398,False,False,,False,False,False,3840.4,3604.4,3772.25,,,P1,False
3399,False,False,,False,False,False,3840.4,3604.4,3772.25,,,P1,False
3400,False,False,,False,False,False,3840.4,3604.4,3772.25,,,P1,False
3401,False,False,,False,False,False,3840.4,3604.4,3772.25,,,P1,False
3402,False,False,,False,False,False,3840.4,3604.4,3772.25,,,P1,False
3403,False,False,,False,False,False,3840.4,3604.4,3772.25,,,P1,False
3404,False,False,,False,False,False,3800.0,3604.4,3772.25,,,P1,False
3405,False,False,,False,False,False,3800.0,3604.4,3772.25,,,P1,False
3406,False,False,,False,False,False,3800.0,3604.4,3774.625,,,P1,False
3407,False,False,,False,False,False,3800.0,3610.0,3774.625,,,P1,False
3408,False,False,,False,False,False,3800.0,3615.0,3772.25,,,P1,False
3409,False,False,,False,False,False,3800.0,3655.0,3772.25,,,P1,False
3410,False,False,,False,False,False,3800.0,3670.69,3772.25,,,P1,False
3411,False,False,,False,False,False,3800.0,3670.69,3772.25,,,P1,False
3412,False,False,,False,False,False,3881.69,3670.69,3881.69,,,P1,False
3413,False,False,,False,False,False,3881.69,3670.69,3881.69,,,P1,False
3414,False,False,,False,False,False,3881.69,3670.69,3881.69,,,P1,False
3415,False,False,,False,False,False,3881.69,3670.69,3772.25,,,P1,False
3416,False,False,,False,False,False,3881.69,3670.69,3772.25,,,P1,False
3417,False,False,,False,False,False,3881.69,3670.69,3772.25,,,P1,False
3418,False,False,,False,False,False,3881.69,3670.69,3772.25,,,P1,False
3419,False,False,,False,False,False,3881.69,3670.69,3772.25,,,P1,False
3420,False,False,,False,False,False,3881.69,3670.69,3881.69,,,P1,True
3421,False,False,,False,False,False,3881.69,3670.69,3772.25,,,P1,True
3422,False,False,,False,False,False,3881.69,3670.69,3772.25,,,P1,True
3423,False,False,,False,False,False,3826.06,3670.69,3881.69,,,P1,True
3424,False,False,,False,False,False,3826.06,3670.69,3881.69,,,P1,True
3425,False,False,,False,False,False,3826.06,3670.69,3881.69,,,P1,True
3426,False,False,,False,False,False,3826.06,3670.69,3772.25,,,P1,True
3427,False,False,,False,False,False,3826.06,3670.69,3772.25,,,P1,True
3428,False,False,,False,False,False,3826.06,3670.69,3772.25,,,P1,True
3429,False,False,,False,False,False,3826.06,3670.69,3772.25,,,P1,True
3430,False,False,,False,False,False,3840.0,3670.69,3840.0,,,P1,True
3431,False,False,,False,False,False,3840.0,3670.69,3840.0,,,P1,True
3432,False,False,,False,False,False,3840.0,3670.69,3840.0,,,P1,True
3433,False,False,swing|zone,False,True,True,3840.0,3670.69,3840.0,3840.0,,P1,True
3434,False,False,,False,False,False,3840.0,3670.69,3840.0,,,P1,True
3435,False,False,,False,False,False,3840.0,3670.69,3840.0,,,P1,True
3436,False,False,,False,False,False,3840.0,3670.69,3840.0,,,P1,True
3437,False,False,,False,False,False,3810.43,3670.69,3840.0,,,P1,True
3438,False,False,,False,False,False,3810.43,3670.69,3840.0,,,P1,True
3439,False,False,,False,False,False,3810.43,3670.69,3840.0,,,P1,True
3440,False,False,,False,False,False,3810.43,3670.69,3840.0,,,P1,True
3441,False,False,,False,False,False,3810.43,3670.69,3840.0,,,P1,True
3442,False,False,,False,False,False,3810.43,3670.69,3840.0,,,P1,True
3443,False,False,,False,False,False,3810.43,3670.69,3840.0,,,P1,True
3444,False,False,,False,False,False,3810.43,3670.69,3881.69,,,P1,True
3445,False,False,,False,False,False,3810.43,3670.69,3840.0,,,P1,True
3446,False,False,,False,False,False,3810.43,3670.69,3881.69,,,P1,True
3447,False,False,,False,False,False,3810.43,3670.69,3840.0,,,P1,True
3448,False,False,,False,False,False,3810.43,3670.69,3840.0,,,P1,True
3449,False,False,,False,False,False,3810.43,3670.69,3881.69,,,P1,True
3450,False,False,,False,False,False,3810.43,3670.69,3840.0,,,P1,True
3451,False,False,,False,False,False,3810.43,3670.69,3840.0,,,P1,True
3452,False,False,,False,False,False,3950.01,3670.69,3840.0,,,P1,True
3453,False,False,,False,False,False,3950.01,3670.69,3840.0,,,P1,True
3454,False,False,,False,False,False,3950.01,3670.69,3840.0,,,P1,True
3455,False,False,,False,False,False,3950.01,3670.69,3840.0,,,P1,True
3456,False,False,,False,False,False,3950.01,3670.69,3840.0,,,P1,True
3457,False,False,,False,False,False,3950.01,3670.69,3840.0,,,P1,True
3458,False,False,,False,False,False,3950.01,3670.69,3840.0,,,P1,True
3459,False,False,,False,False,False,3950.01,3670.69,3840.0,,,P1,True
3460,False,False,,False,False,False,3953.33,3670.69,3840.0,,,P1,True
3461,False,False,,False,False,False,3953.33,3670.69,3840.0,,,P1,True
3462,False,False,,False,False,False,3953.33,3670.69,3840.0,,,P1,True
3463,False,False,,False,False,False,3953.33,3670.69,3840.0,,,P1,True
3464,False,False,,False,False,False,3953.33,3670.69,3840.0,,,P1,True
3465,False,False,,False,False,False,3953.33,3670.69,3840.0,,,P1,True
3466,False,False,,False,False,False,3953.33,3670.69,3840.0,,,P1,True
3467,False,False,,False,False,False,3953.33,3670.69,3840.0,,,P1,True
3468,False,False,,False,False,False,3953.33,3670.69,3840.0,,,P1,True
3469,False,False,,False,False,False,3953.33,3670.69,3840.0,,,P1,True
3470,False,False,,False,False,False,3953.33,3670.69,3840.0,,,P1,True
3471,False,False,,False,False,False,3953.33,3670.69,3840.0,,,P1,True
3472,False,False,,False,False,False,3953.33,3670.69,3840.0,,,P1,True
3473,False,False,,False,False,False,3953.33,3670.69,3840.0,,,P1,True
3474,False,False,,False,False,False,3953.33,3670.69,3840.0,,,P1,True
3475,False,False,,False,False,False,3953.33,3670.69,3840.0,,,P1,True
3476,False,False,swing|zone,False,True,False,3953.33,3670.69,3950.01,3953.33,,P1,True
3477,False,False,,False,False,False,3953.33,3670.69,3950.01,,,P1,True
3478,False,False,,False,False,False,3953.33,3670.69,3950.01,,,P1,True
3479,False,False,,False,False,False,3880.01,3670.69,3950.01,,,P1,True
3480,False,False,,False,False,False,3880.01,3670.69,3950.01,,,P1,True
3481,False,False,,False,False,False,3880.01,3670.69,3950.01,,,P1,True
3482,False,False,,False,False,False,3880.01,3670.69,3950.01,,,P1,True
3483,False,False,,False,False,False,3880.01,3670.69,3950.01,,,P1,True
3484,False,False,,False,False,False,3880.01,3670.69,3950.01,,,P1,True
3485,False,False,,False,False,False,3880.01,3670.69,3950.01,,,P1,True
3486,False,False,,False,False,False,3880.01,3670.69,3880.01,,,P1,True
3487,False,False,,False,False,False,3973.57,3670.69,3950.01,,,P1,True
3488,False,False,,False,False,False,3973.57,3670.69,3880.01,,,P1,True
3489,False,False,,False,False,False,3973.57,3670.69,3880.01,,,P1,True
3490,False,False,,False,False,False,3973.57,3670.69,3880.01,,,P1,True
3491,False,False,,False,False,False,3973.57,3670.69,3880.01,,,P1,True
3492,False,False,,False,False,False,3973.57,3670.69,3880.01,,,P1,True
3493,False,False,,False,False,False,3973.57,3670.69,3880.01,,,P1,True
3494,False,False,,False,False,False,3973.57,3670.69,3880.01,,,P1,True
3495,False,False,swing,False,True,False,3975.0,3670.69,3880.01,3975.0,,P1,True
3496,False,False,,False,False,False,3975.0,3690.16,3880.01,,,P1,True
3497,False,False,,False,False,False,3975.0,3696.72,3880.01,,,P1,True
3498,False,False,,False,False,False,3975.0,3696.72,3880.01,,,P1,True
3499,False,False,,False,False,False,3950.0,3703.55,3950.01,,,P1,True
3500,False,False,,False,False,False,3950.0,3711.46,3880.01,,,P1,True
3501,False,False,,False,False,False,3950.0,3728.15,3880.01,,,P1,True
3502,False,False,,False,False,False,3950.0,3738.8,3880.01,,,P1,True
3503,False,False,,False,False,False,3950.0,3800.0,3880.01,,,P1,True
3504,False,False,,False,False,False,3888.71,3800.0,3885.2,,,P1,True
3505,False,False,,False,False,False,3888.71,3800.0,3885.2,,,P1,True
3506,False,False,,False,False,False,3888.71,3800.0,3885.2,,,P1,True
3507,False,False,,False,False,False,3888.71,3800.0,3885.2,,,P1,True
3508,False,False,,False,False,False,3888.71,3800.0,3950.01,,,P1,True
3509,False,False,,False,False,False,3894.0,3800.0,3950.01,,,P1,True
3510,False,False,,False,False,False,3894.0,3800.0,3950.01,,,P1,True
3511,False,False,,False,False,False,3894.0,3800.0,3950.01,,,P1,True
3512,False,False,,False,False,False,3894.0,3800.0,3950.01,,,P1,True
3513,False,False,,False,False,False,3894.0,3800.0,3950.01,,,P1,True
3514,False,False,,False,False,False,3894.0,3800.0,3950.01,,,P1,True
3515,False,False,,False,False,False,3894.0,3800.0,3950.01,,,P1,True
3516,False,False,,False,False,False,3894.0,3800.0,3950.01,,,P1,True
3517,False,False,,False,False,False,3894.0,3800.0,3950.01,,,P1,True
3518,False,False,,False,False,False,3894.0,3800.0,3950.01,,,P1,True
3519,False,False,,False,False,False,4002.0,3800.0,3950.01,,,P1,True
3520,False,False,,False,False,False,4002.0,3800.0,3950.01,,,P1,True
3521,False,False,,False,False,False,4002.0,3800.0,3950.01,,,P1,True
3522,False,False,,False,False,False,4002.0,3800.0,3950.01,,,P1,True
3523,False,False,,False,False,False,4002.0,3810.43,3950.01,,,P1,True
3524,False,False,,False,False,False,4002.0,3810.43,3950.01,,,P1,True
3525,False,False,,False,False,False,4002.0,3810.43,3950.01,,,P1,True
3526,False,False,,False,False,False,4002.0,3810.43,3950.01,,,P1,True
3527,False,False,,False,False,False,4002.0,3810.43,3950.01,,,P1,True
3528,False,False,,False,False,False,4002.0,3810.43,3950.01,,,P1,True
3529,False,False,,False,False,False,4002.0,3810.43,3950.01,,,P1,True
3530,False,False,,False,False,False,4002.0,3810.43,3950.01,,,P1,True
3531,False,False,,False,False,False,4052.0,3810.43,3950.01,,,P1,True
3532,False,False,,False,False,False,4052.0,3810.43,3950.01,,,P1,True
3533,False,False,,False,False,False,4052.0,3810.43,3950.01,,,P1,True
3534,False,False,,False,False,False,4052.0,3810.43,3950.01,,,P1,True
3535,False,False,,False,False,False,4052.0,3810.43,3950.01,,,P1,True
3536,False,False,,False,False,False,4052.0,3810.43,3950.01,,,P1,True
3537,False,False,,False,False,False,4052.0,3810.43,3950.01,,,P1,True
3538,False,False,,False,False,False,4052.0,3810.43,3950.01,,,P1,True
3539,False,False,,False,False,False,4052.0,3810.43,3950.01,,,P1,True
3540,False,False,,False,False,False,4052.0,3810.43,3950.01,,,P1,True
3541,False,False,,False,False,False,4052.0,3810.43,3950.01,,,P1,False
3542,False,False,,False,False,False,4067.0,3810.43,3950.01,,,P1,False
3543,False,False,,False,False,False,4067.0,3810.43,3950.01,,,P1,False
3544,False,False,,False,False,False,4067.0,3810.43,3950.01,,,P1,False
3545,False,False,,False,False,False,4067.0,3810.43,3950.01,,,P1,False
3546,False,False,,False,False,False,4067.0,3810.43,3975.0,,,P1,False
3547,False,False,,False,False,False,4067.0,3810.43,3975.0,,,P1,False
3548,False,False,,False,False,False,4067.0,3810.43,3975.0,,,P1,False
3549,False,False,,False,False,False,4067.0,3810.43,3975.0,,,P1,False
3550,False,False,,False,False,False,4067.0,3810.43,3975.0,,,P1,False
3551,False,False,,False,False,True,4067.0,3810.43,3974.285,,,P1,False
3552,False,False,,False,False,False,4067.0,3810.43,4052.0,,,P1,False
3553,False,False,,False,False,False,4067.0,3810.43,4052.0,,,P1,False
3554,False,False,,False,False,False,4067.0,3810.43,4052.0,,,P1,False
3555,False,False,,False,False,False,4067.0,3810.43,4052.0,,,P1,False
3556,False,False,,False,False,False,4067.0,3870.0,4052.0,,,P1,False
3557,False,False,,False,False,False,4067.0,3870.1,4052.0,,,P1,False
3558,False,False,,False,False,False,4067.0,3872.2,4052.0,,,P1,False
3559,False,False,,False,False,False,4760.0,3872.2,4052.0,,,P1,False
3560,False,False,,False,False,False,4760.0,3877.04,4052.0,,,P1,False
3561,False,False,,False,False,False,4760.0,3880.01,4052.0,,,P1,False
3562,False,False,,False,False,False,4760.0,3880.01,4052.0,,,P1,False
3563,False,False,,False,False,False,4760.0,3880.01,4052.0,,,P1,False
3564,False,False,,False,False,False,4760.0,3880.01,4052.0,,,P1,False
3565,False,False,,False,False,False,4777.0,3880.01,4052.0,,,P1,False
3566,False,False,,False,False,False,4777.0,3880.01,4052.0,,,P1,False
3567,False,False,,False,False,False,4777.0,3880.01,4052.0,,,P1,False
3568,False,False,,False,False,False,4777.0,3880.01,4052.0,,,P1,False
3569,False,False,,False,False,False,4777.0,3880.01,4052.0,,,P1,False
3570,False,False,,False,False,False,4777.0,3880.01,4052.0,,,P1,False
3571,False,False,,False,False,False,4777.0,3880.01,4052.0,,,P1,False
3572,False,False,,False,False,False,4777.0,3880.01,4052.0,,,P1,False
3573,False,False,,False,False,False,4777.0,3880.01,4052.0,,,P1,False
3574,False,False,,False,False,False,4777.0,3880.01,4052.0,,,P1,False
3575,False,False,,False,False,False,4777.0,3880.01,4052.0,,,P1,False
3576,False,False,,False,False,False,4777.0,3880.01,4052.0,,,P1,False
3577,False,False,,False,False,False,4928.59,3880.01,4052.0,,,P1,False
3578,False,False,,False,False,False,4928.59,3880.01,4052.0,,,P1,False
3579,False,False,,False,False,False,4928.59,3880.01,4052.0,,,P1,False
3580,False,False,,False,False,False,4928.59,3880.01,4052.0,,,P1,False
3581,False,False,,False,False,False,4928.59,3880.01,4052.0,,,P1,False
3582,False,False,,False,False,False,5050.0,3880.01,4052.0,,,P1,False
3583,False,False,,False,False,False,5050.0,3880.01,4052.0,,,P1,False
3584,False,False,,False,False,False,5050.0,3880.01,4052.0,,,P1,False
3585,False,False,,False,False,False,5050.0,3880.01,4052.0,,,P1,False
3586,False,False,,False,False,False,5050.0,3880.01,4052.0,,,P1,False
3587,False,False,,False,False,False,5039.0,3880.01,4052.0,,,P1,False
3588,False,False,,False,False,False,5039.0,3880.01,4052.0,,,P1,False
3589,False,False,,False,False,False,5039.0,3880.01,4052.0,,,P1,False
3590,False,False,,False,False,False,5039.0,3880.01,4052.0,,,P1,False
3591,False,False,,False,False,False,5076.68,3880.01,5050.0,,,P1,False
3592,False,False,,False,False,False,5076.68,3880.01,5050.0,,,P1,False
3593,False,False,,False,False,False,5076.68,3880.01,5050.0,,,P1,False
3594,False,False,,False,False,False,5076.68,3880.01,5050.0,,,P1,False
3595,False,False,,False,False,False,5076.68,3880.01,5050.0,,,P1,False
3596,False,False,,False,False,False,5076.68,3880.01,5050.0,,,P1,False
3597,False,False,,False,False,False,5076.68,3880.01,5050.0,,,P1,False
3598,False,False,,False,False,False,5076.68,3888.71,5050.0,,,P1,False
3599,False,False,,False,False,False,5076.68,3888.71,5050.0,,,P1,False
3600,False,False,,False,False,False,5076.68,3888.71,4052.0,,,P1,False
3601,False,False,,False,False,False,5076.68,3888.71,4052.0,,,P1,False
3602,False,False,,False,False,False,5076.68,3888.71,4052.0,,,P1,False
3603,False,False,,False,False,False,5076.68,3888.71,4052.0,,,P1,False
3604,False,False,swing,False,True,False,4927.0,3888.71,4052.0,4927.0,,P1,False
3605,False,False,,False,False,False,4927.0,3888.71,4052.0,,,P1,False
3606,False,False,,False,False,False,4927.0,3888.71,4052.0,,,P1,False
3607,False,False,,False,False,False,4927.0,3888.71,4052.0,,,P1,False
3608,False,False,,False,False,False,4861.22,3888.71,4052.0,,,P1,False
3609,False,False,,False,False,False,4861.22,3888.71,4052.0,,,P1,False
3610,False,False,,False,False,False,4861.22,3888.71,5050.0,,,P1,False
3611,False,False,,False,False,False,4861.22,3888.71,5050.0,,,P1,False
3612,False,False,,False,False,False,4861.22,3888.71,3975.0,,,P1,False
3613,False,False,,False,False,False,4861.22,3888.71,5050.0,,,P1,False
3614,False,False,,False,False,False,4861.22,3888.71,3975.0,,,P1,False
3615,False,False,,False,False,False,4861.22,3888.71,3975.0,,,P1,False
3616,False,False,,False,False,False,4861.22,3888.71,3975.0,,,P1,False
3617,False,False,,False,False,False,4861.22,3888.71,3975.0,,,P1,False
3618,False,False,,False,False,False,4861.22,3888.71,3975.0,,,P1,False
3619,False,False,,False,False,False,4861.22,3888.71,5050.0,,,P1,False
3620,False,False,,False,False,False,4861.22,3888.71,5050.0,,,P1,False
3621,False,False,,False,False,False,5000.0,3888.71,5050.0,,,P1,False
3622,False,False,,False,False,False,5000.0,3888.71,5050.0,,,P1,False
3623,False,False,,False,False,False,5000.0,3891.14,5050.0,,,P1,False
3624,False,False,,False,False,False,5000.0,3894.0,5050.0,,,P1,False
3625,False,False,,False,False,False,5000.0,3894.0,5050.0,,,P1,False
3626,False,False,,False,False,False,5000.0,3894.0,3975.0,,,P1,False
3627,False,False,swing,False,True,False,5000.0,3894.0,3975.0,5000.0,,P1,False
3628,False,False,,False,False,False,5000.0,3924.95,3975.0,,,P1,False
3629,False,False,,False,False,False,5000.0,3924.95,5050.0,,,P1,False
3630,False,False,,False,False,False,5000.0,3936.15,5050.0,,,P1,False
3631,False,False,zone,False,True,False,4950.0,3985.18,5050.0,5050.0,,P1,False
3632,False,False,,False,False,False,4950.0,3986.35,5050.0,,,P1,False
3633,False,False,,False,False,False,4950.0,4002.0,5050.0,,,P1,False
3634,False,False,,False,False,False,4950.0,4002.0,5050.0,,,P1,False
3635,False,False,,False,False,False,5003.94,4002.0,5050.0,,,P1,False
3636,False,False,,False,False,False,5003.94,4002.0,5050.0,,,P1,False
3637,False,False,,False,False,False,5003.94,4002.0,5050.0,,,P1,False
3638,False,False,,False,False,False,5003.94,4005.19,5050.0,,,P1,False
3639,False,False,,False,False,False,5003.94,4012.01,5050.0,,,P1,False
3640,False,False,,False,False,False,5003.94,4019.93,5050.0,,,P1,False
3641,False,False,,False,False,False,5146.8,4019.93,5050.0,,,P1,False
3642,False,False,,False,False,False,5146.8,4024.03,5050.0,,,P1,False
3643,False,False,,False,False,False,5146.8,4024.03,5050.0,,,P1,False
3644,False,False,,False,False,False,5146.8,4042.0,5050.0,,,P1,False
3645,False,False,,False,False,False,5146.8,4052.0,5050.0,,,P1,False
3646,False,False,,False,False,False,5146.8,4052.0,5050.0,,,P1,False
3647,False,False,,False,False,False,5146.8,4052.0,5050.0,,,P1,False
3648,False,False,,False,False,False,5146.8,4052.0,5050.0,,,P1,False
3649,False,False,,False,False,False,5146.8,4052.0,5050.0,,,P1,False
3650,False,False,,False,False,False,5175.0,4057.07,5050.0,,,P1,False
3651,False,False,,False,False,False,5175.0,4057.07,5050.0,,,P1,False
3652,False,False,,False,False,False,5175.0,4057.07,5050.0,,,P1,False
3653,False,False,,False,False,False,5175.0,4067.0,5050.0,,,P1,False
3654,False,False,,False,False,False,5175.0,4067.0,5050.0,,,P1,False
3655,False,False,,False,False,False,5175.0,4067.0,5050.0,,,P1,False
3656,False,False,,False,False,False,5175.0,4067.0,5050.0,,,P1,False
3657,False,False,,False,False,False,5175.0,4067.0,5050.0,,,P1,False
3658,False,False,,False,False,False,5175.0,4067.0,5050.0,,,P1,False
3659,False,False,,False,False,False,5175.0,4067.0,5050.0,,,P1,False
3660,False,False,,False,False,False,5175.0,4067.0,5050.0,,,P1,False
3661,False,False,swing,False,True,False,5175.0,4111.12,5050.0,5175.0,,P1,False
3662,False,False,,False,False,False,5175.0,4111.12,5050.0,,,P1,False
3663,False,False,,False,False,False,5175.0,4126.86,5050.0,,,P1,False
3664,False,False,,False,False,False,5175.0,4133.0,5050.0,,,P1,False
3665,False,False,,False,False,False,5165.0,4133.8,5165.0,,,P1,False
3666,False,False,,False,False,False,5165.0,4140.54,5165.0,,,P1,False
3667,False,False,,False,False,False,5165.0,4174.98,5165.0,,,P1,False
3668,False,False,,False,False,False,5165.0,4618.0,5165.0,,,P1,False
3669,False,False,,False,False,False,5165.0,4618.0,5165.0,,,P1,False
3670,False,False,,False,False,False,5165.0,4665.0,5165.0,,,P1,False
3671,False,False,,False,False,False,5165.0,4710.0,5165.0,,,P1,False
3672,False,False,,False,False,False,5165.0,4753.5,5165.0,,,P1,False
3673,False,False,,False,False,False,5165.0,4753.5,5165.0,,,P1,False
3674,False,False,,False,False,False,5165.0,4760.0,5165.0,,,P1,False
3675,False,False,,False,False,False,5165.0,4760.0,5165.0,,,P1,False
3676,False,False,,False,False,False,5165.0,4760.0,5165.0,,,P1,False
3677,False,False,,False,False,False,5165.0,4760.0,5165.0,,,P1,False
3678,False,False,,False,False,False,5165.0,4777.0,5165.0,,,P1,False
3679,False,False,,False,False,False,5165.0,4777.0,5165.0,,,P1,False
3680,False,False,,False,False,False,5165.0,4777.0,5165.0,,,P1,False
3681,False,False,,False,False,False,5165.0,4777.0,5165.0,,,P1,False
3682,False,False,,False,False,False,5333.35,4777.0,5165.0,,,P1,False
3683,False,False,,False,False,False,5333.35,4777.0,5165.0,,,P1,False
3684,False,False,,False,False,False,5333.35,4861.22,5165.0,,,P1,False
3685,False,False,,False,False,False,5333.35,4861.22,5165.0,,,P1,False
3686,False,False,,False,False,False,5333.35,4861.22,5165.0,,,P1,False
3687,False,False,,False,False,False,5333.35,4861.22,5165.0,,,P1,False
3688,False,False,,False,False,False,5333.35,4861.22,5165.0,,,P1,False
3689,False,False,,False,False,False,5333.35,4861.22,5165.0,,,P1,False
3690,False,False,,False,False,False,5333.35,4861.22,5165.0,,,P1,False
3691,False,False,,False,False,False,5102.0,4861.22,5165.0,,,P1,False
3692,False,False,,False,False,False,5102.0,4861.22,5165.0,,,P1,False
3693,False,False,,False,False,False,5102.0,4861.22,5165.0,,,P1,False
3694,False,False,,False,False,False,5102.0,4861.22,5165.0,,,P1,False
3695,False,False,,False,False,False,5102.0,4861.22,5165.0,,,P1,False
3696,False,False,,False,False,False,5195.89,4861.22,5170.0,,,P1,False
3697,False,False,,False,False,False,5195.89,4861.22,5175.0,,,P1,False
3698,False,False,,False,False,False,5195.89,4861.22,5175.0,,,P1,False
3699,False,False,,False,False,False,5195.89,4861.22,5175.0,,,P1,False
3700,False,False,,False,False,False,5195.89,4861.22,5175.0,,,P1,False
3701,False,False,,False,False,False,5257.67,4861.22,5175.0,,,P1,False
3702,False,False,,False,False,False,5257.67,4861.22,5175.0,,,P1,False
3703,False,False,,False,False,False,5257.67,4861.22,5175.0,,,P1,False
3704,False,False,,False,False,False,5257.67,4861.22,5175.0,,,P1,False
3705,False,False,,False,False,False,5257.67,4861.22,5175.0,,,P1,False
3706,False,False,,False,False,False,5257.67,4861.22,5175.0,,,P1,False
3707,False,False,,False,False,False,5257.67,4861.22,5175.0,,,P1,False
3708,False,False,swing,False,True,False,5259.48,4861.22,5175.0,5259.48,,P1,False
3709,False,False,,False,False,False,5259.48,4861.22,5175.0,,,P1,False
3710,False,False,,False,False,False,5259.48,4861.22,5175.0,,,P1,False
3711,False,False,,False,False,False,5259.48,4861.22,5175.0,,,P1,False
3712,False,False,,False,False,False,5259.48,4861.22,5175.0,,,P1,False
3713,False,False,,False,False,False,5178.8,4861.22,5176.9,,,P1,False
3714,False,False,,False,False,False,5178.8,4861.22,5176.9,,,P1,False
3715,False,False,,False,False,False,5178.8,4861.22,5176.9,,,P1,False
3716,False,False,,False,False,False,5178.8,4861.22,5176.9,,,P1,False
3717,False,False,,False,False,False,5178.8,4861.22,5176.9,,,P1,False
3718,False,False,,False,False,False,5178.8,4861.22,5176.9,,,P1,False
3719,False,False,,False,False,False,5178.8,4861.22,5176.9,,,P1,False
3720,False,False,,False,False,False,5178.8,4861.22,5176.9,,,P1,False
3721,False,False,,False,False,False,5178.8,4861.22,5178.8,,,P1,False
3722,False,False,,False,False,False,5178.8,4861.22,5178.8,,,P1,False
3723,False,False,,False,False,False,5178.8,4861.22,5178.8,,,P1,False
3724,False,False,,False,False,False,5178.8,4861.22,5178.8,,,P1,False
3725,False,False,,False,False,False,5178.8,4861.22,5178.8,,,P1,False
3726,False,False,,False,False,False,5178.8,4861.22,5178.8,,,P1,False
3727,False,False,,False,False,False,5178.8,4950.0,5178.8,,,P1,False
3728,False,False,,False,False,False,5178.8,4950.0,5178.8,,,P1,False
3729,False,False,,False,False,False,5178.8,4950.0,5178.8,,,P1,False
3730,False,False,,False,False,False,5178.8,4950.0,5178.8,,,P1,False
3731,False,False,,False,False,False,5178.8,4950.0,5176.9,,,P1,False
3732,False,False,,False,False,False,5178.8,4950.0,5176.9,,,P1,False
3733,False,False,,False,False,False,5178.8,4950.0,5176.9,,,P1,False
3734,False,False,,False,False,False,5178.8,4950.0,5176.9,,,P1,False
3735,False,False,,False,False,False,5178.8,4950.0,5176.9,,,P1,False
3736,False,False,,False,False,False,5178.8,4950.0,5176.9,,,P1,False
3737,False,False,,False,False,False,5178.8,4950.0,5176.9,,,P1,False
3738,False,False,,False,False,False,5178.8,4950.0,5176.9,,,P1,False
3739,False,False,,False,False,False,5178.8,4950.0,5176.9,,,P1,False
3740,False,False,,False,False,False,5178.8,4950.0,5176.9,,,P1,False
3741,False,False,,False,False,False,5178.8,4950.0,5176.9,,,P1,False
3742,False,False,,False,False,False,5178.8,4950.0,5176.9,,,P1,False
3743,False,False,,False,False,False,5587.45,4950.0,5176.9,,,P1,False
3744,False,False,,False,False,False,5587.45,4950.0,5176.9,,,P1,False
3745,False,False,,False,False,False,5587.45,4950.0,5176.9,,,P1,False
3746,False,False,,False,False,False,5587.45,4950.0,5176.9,,,P1,False
3747,False,False,,False,False,False,5587.45,4950.0,5176.9,,,P1,False
3748,False,False,,False,False,False,5587.45,4950.0,5176.9,,,P1,False
3749,False,False,,False,False,False,5587.45,4950.0,5176.9,,,P1,False
3750,False,False,,False,False,False,5587.45,5003.94,5176.9,,,P1,False
3751,False,False,,False,False,False,5587.45,5003.94,5176.9,,,P1,False
3752,False,False,,False,False,False,5587.45,5003.94,5176.9,,,P1,False
3753,False,False,,False,False,False,5619.14,5003.94,5176.9,,,P1,False
3754,False,False,,False,False,False,5619.14,5060.0,5176.9,,,P1,False
3755,False,False,,False,False,False,5619.14,5102.0,5175.0,,,P1,False
3756,False,False,,False,False,False,5619.14,5102.0,5175.0,,,P1,False
3757,False,False,,False,False,False,5619.14,5102.0,5176.9,,,P1,False
3758,False,False,,False,False,False,5619.14,5102.0,5175.0,,,P1,False
3759,False,False,,False,False,False,5619.14,5102.0,5175.0,,,P1,False
3760,False,False,,False,False,False,5619.14,5102.0,5175.0,,,P1,False
3761,False,False,,False,False,False,5619.14,5102.0,5175.0,,,P1,False
3762,False,False,,False,False,False,5619.14,5102.0,5175.0,,,P1,False
3763,False,False,,False,False,False,5619.14,5102.0,5175.0,,,P1,False
3764,False,False,,False,False,False,5772.2,5102.0,5175.0,,,P1,False
3765,False,False,,False,False,False,5772.2,5102.0,5176.9,,,P1,False
3766,False,False,,False,False,False,5772.2,5102.0,5176.9,,,P1,False
3767,False,False,,False,False,False,5772.2,5102.0,5175.0,,,P1,False
3768,False,False,,False,False,False,5772.2,5102.0,5176.9,,,P1,False
3769,False,False,,False,False,False,5772.2,5102.0,5176.9,,,P1,False
3770,False,False,,False,False,False,5772.2,5102.0,5176.9,,,P1,False
3771,False,False,,False,False,False,5772.2,5102.0,5176.9,,,P1,False
3772,False,False,,False,False,False,5772.2,5102.0,5176.9,,,P1,False
3773,False,False,,False,False,False,5772.2,5102.0,5175.0,,,P1,False
3774,False,False,,False,False,False,5772.2,5102.0,5175.0,,,P1,False
3775,False,False,,False,False,False,5772.2,5102.0,5175.0,,,P1,False
3776,False,False,,False,False,False,5772.2,5102.0,5175.0,,,P1,False
3777,False,False,,False,False,False,5772.2,5102.0,5175.0,,,P1,False
3778,False,False,,False,False,False,5772.2,5102.0,5175.0,,,P1,False
3779,False,False,,False,False,False,5772.2,5102.0,5175.0,,,P1,False
3780,False,False,,False,False,False,5772.2,5102.0,5257.67,,,P1,False
3781,False,False,,False,False,False,5772.2,5102.0,5257.67,,,P1,False
3782,False,False,,False,False,False,5772.2,5102.0,5257.67,,,P1,False
3783,False,False,,False,False,False,5772.2,5102.0,5257.67,,,P1,False
3784,False,False,,False,False,True,5772.2,5102.0,5259.48,,,P1,False
3785,False,False,,False,False,False,5772.2,5102.0,5259.48,,,P1,False
3786,False,False,,False,False,False,5772.2,5102.0,5259.48,,,P1,False
3787,False,False,,False,False,False,5772.2,5102.0,5259.48,,,P1,False
3788,False,False,,False,False,False,5772.2,5102.0,5259.48,,,P1,False
3789,False,False,,False,False,False,5772.2,5102.0,5259.48,,,P1,False
3790,False,False,,False,False,False,5772.2,5102.0,5259.48,,,P1,False
3791,False,False,,False,False,False,6750.0,5102.0,5259.48,,,P1,False
3792,False,False,,False,False,False,6750.0,5102.0,5259.48,,,P1,False
3793,False,False,,False,False,False,6750.0,5102.0,5259.48,,,P1,False
3794,False,False,,False,False,False,6750.0,5102.0,5258.575,,,P1,False
3795,False,False,,False,False,False,6750.0,5102.0,5259.48,,,P1,False
3796,False,False,,False,False,False,6750.0,5102.0,5258.575,,,P1,False
3797,False,False,,False,False,False,6750.0,5102.0,5258.575,,,P1,False
3798,False,False,,False,False,False,6750.0,5102.0,5258.575,,,P1,False
3799,False,False,,False,False,False,6750.0,5102.0,5619.14,,,P1,False
3800,False,False,,False,False,False,6750.0,5102.0,5619.14,,,P1,False
3801,False,False,,False,False,False,6750.0,5102.0,5619.14,,,P1,False
3802,False,False,,False,False,False,6750.0,5102.0,5619.14,,,P1,False
3803,False,False,,False,False,False,6750.0,5102.0,5619.14,,,P1,True
3804,False,False,,False,False,False,6750.0,5102.0,5258.575,,,P1,True
3805,False,False,,False,False,False,7599.56,5102.0,5619.14,,,P1,True
3806,False,False,,False,False,False,7599.56,5102.0,5258.575,,,P1,True
3807,False,False,,False,False,False,7599.56,5102.0,5258.575,,,P1,True
3808,False,False,,False,False,False,7599.56,5102.0,5258.575,,,P1,True
3809,False,False,,False,False,False,7599.56,5102.0,5258.575,,,P1,True
3810,False,False,,False,False,False,7599.56,5161.62,5258.575,,,P1,True
3811,False,False,,False,False,False,7599.56,5178.8,5258.575,,,P1,True
3812,False,False,,False,False,False,7599.56,5178.8,5258.575,,,P1,True
3813,False,False,,False,False,False,7599.56,5178.8,5619.14,,,P1,True
3814,False,False,,False,False,False,7599.56,5178.8,5619.14,,,P1,True
3815,False,False,,False,False,False,7599.56,5178.8,5619.14,,,P1,True
3816,False,False,,False,False,False,7599.56,5178.8,5619.14,,,P1,True
3817,False,False,,False,False,False,7599.56,5178.8,5619.14,,,P1,True
3818,False,False,,False,False,False,7599.56,5178.8,5619.14,,,P1,True
3819,False,False,,False,False,False,6913.0,5178.8,5619.14,,,P1,True
3820,False,False,,False,False,False,6913.0,5178.8,5619.14,,,P1,True
3821,False,False,,False,False,False,6913.0,5178.8,5258.575,,,P1,True
3822,False,False,,False,False,False,6913.0,5178.8,5258.575,,,P1,True
3823,False,False,,False,False,False,6913.0,5178.8,5258.575,,,P1,True
3824,False,False,,False,False,False,6913.0,5178.8,5259.48,,,P1,True
3825,False,False,,False,False,False,6913.0,5178.8,5258.575,,,P1,True
3826,False,False,,False,False,False,6913.0,5178.8,5258.575,,,P1,True
3827,False,False,,False,False,False,6913.0,5178.8,5258.575,,,P1,True
3828,False,False,,False,False,False,6913.0,5178.8,5258.575,,,P1,True
3829,False,False,,False,False,False,6913.0,5178.8,5259.48,,,P1,True
3830,False,False,,False,False,False,6913.0,5178.8,5258.575,,,P1,True
3831,False,False,,False,False,False,6913.0,5178.8,5258.575,,,P1,True
3832,False,False,,False,False,False,6913.0,5185.0,5258.575,,,P1,True
3833,False,False,,False,False,False,6913.0,5185.0,5258.575,,,P1,True
3834,False,False,,False,False,False,6913.0,5192.15,5258.575,,,P1,True
3835,False,False,,False,False,False,6913.0,5192.15,5258.575,,,P1,True
3836,False,False,,False,False,False,6913.0,5204.39,5258.575,,,P1,True
3837,False,False,,False,False,False,7553.0,5254.68,5259.48,,,P1,True
3838,False,False,,False,False,False,7553.0,5283.12,5259.48,,,P1,True
3839,False,False,,False,False,False,7553.0,5290.0,5259.48,,,P1,True
3840,False,False,,False,False,False,7553.0,5316.2,5259.48,,,P1,True
3841,False,False,,False,False,False,7553.0,5326.05,5259.48,,,P1,True
3842,False,False,,False,False,False,7771.0,5326.05,5259.48,,,P1,True
3843,False,False,,False,False,False,7771.0,5333.0,5259.48,,,P1,True
3844,False,False,,False,False,False,7771.0,5342.75,5259.48,,,P1,True
3845,False,False,,False,False,False,7771.0,5355.0,5259.48,,,P1,True
3846,False,False,,False,False,False,7771.0,5370.0,5259.48,,,P1,True
3847,False,False,,False,False,False,7771.0,5370.0,5259.48,,,P1,True
3848,False,False,,False,False,False,7771.0,5405.3,5259.48,,,P1,True
3849,False,False,,False,False,False,7771.0,5418.1,5259.48,,,P1,True
3850,False,False,,False,False,False,7771.0,5472.28,5259.48,,,P1,True
3851,False,False,,False,False,False,7771.0,5477.57,5259.48,,,P1,True
3852,False,False,,False,False,False,7771.0,5477.57,5259.48,,,P1,True
3853,False,False,,False,False,False,7771.0,5566.0,5259.48,,,P1,True
3854,False,False,,False,False,False,7461.0,5587.45,7553.0,,,P1,True
3855,False,False,,False,False,False,7461.0,5587.45,7553.0,,,P1,True
3856,False,False,,False,False,False,7461.0,5587.45,7553.0,,,P1,True
3857,False,False,,False,False,False,7461.0,5587.45,7553.0,,,P1,True
3858,False,False,,False,False,False,7461.0,5587.45,7553.0,,,P1,True
3859,False,False,,False,False,False,7461.0,5587.45,7553.0,,,P1,True
3860,False,False,,False,False,False,7461.0,5587.45,7553.0,,,P1,True
3861,False,False,,False,False,False,7461.0,5587.45,7553.0,,,P1,True
3862,False,False,,False,False,False,7461.0,5619.14,5259.48,,,P1,True
3863,False,False,,False,False,False,7461.0,5619.14,5259.48,,,P1,True
3864,False,False,,False,False,False,7461.0,5619.14,5259.48,,,P1,True
3865,False,False,,False,False,False,7461.0,5619.14,5259.48,,,P1,True
3866,False,False,,False,False,False,7461.0,5619.14,5259.48,,,P1,True
3867,False,False,,False,False,False,7461.0,5619.14,5259.48,,,P1,True
3868,False,False,,False,False,False,7461.0,5619.14,5259.48,,,P1,True
3869,False,False,,False,False,False,7461.0,5619.14,5259.48,,,P1,True
3870,False,False,,False,False,False,7461.0,5619.14,5259.48,,,P1,True
3871,False,False,,False,False,False,7461.0,5619.14,5259.48,,,P1,True
3872,False,False,,False,False,False,7833.42,5619.48,7553.0,,,P1,True
3873,False,False,,False,False,False,7833.42,5673.0,7553.0,,,P1,True
3874,False,False,,False,False,False,7833.42,5730.25,7553.0,,,P1,True
3875,False,False,,False,False,False,7833.42,5732.0,7553.0,,,P1,True
3876,False,False,,False,False,False,7833.42,5747.74,7553.0,,,P1,True
3877,False,False,,False,False,False,7833.42,5772.2,7553.0,,,P1,True
3878,False,False,,False,False,False,7833.42,5772.2,7553.0,,,P1,True
3879,False,False,,False,False,False,7833.42,5772.2,5259.48,,,P1,True
3880,False,False,,False,False,False,7833.42,5772.2,5259.48,,,P1,True
3881,False,False,,False,False,False,7833.42,5772.2,5259.48,,,P1,True
3882,False,False,,False,False,False,7833.42,5772.2,5259.48,,,P1,True
3883,False,False,,False,False,False,7833.42,5865.0,5259.48,,,P1,True
3884,False,False,,False,False,False,7833.42,5865.0,5259.48,,,P1,True
3885,False,False,,False,False,False,8510.63,5896.0,5259.48,,,P1,True
3886,False,False,,False,False,False,8510.63,5910.01,5259.48,,,P1,True
3887,False,False,,False,False,False,8510.63,5910.01,5259.48,,,P1,True
3888,False,False,,False,False,False,8510.63,5983.71,5259.48,,,P1,True
3889,False,False,,False,False,False,8406.6,6025.0,5259.48,,,P1,True
3890,False,False,,False,False,False,8406.6,6025.0,5259.48,,,P1,True
3891,False,False,,False,False,False,8406.6,6025.0,5259.48,,,P1,True
3892,False,False,,False,False,False,8406.6,6056.55,5259.48,,,P1,True
3893,False,False,,False,False,False,8406.6,6123.43,5259.48,,,P1,True
3894,False,False,,False,False,False,8541.33,6172.0,5259.48,,,P1,True
3895,False,False,,False,False,False,8541.33,6232.24,7553.0,,,P1,True
3896,False,False,,False,False,False,8541.33,6265.63,7553.0,,,P1,True
3897,False,False,,False,False,False,8541.33,6266.16,7553.0,,,P1,True
3898,False,False,,False,False,False,8541.33,6270.03,7553.0,,,P1,True
3899,False,False,,False,False,False,8005.0,6270.03,7553.0,,,P1,True
3900,False,False,,False,False,False,8005.0,6372.85,7553.0,,,P1,True
3901,False,False,,False,False,False,8005.0,6574.05,8510.63,,,P1,True
3902,False,False,,False,False,False,8005.0,6656.55,7553.0,,,P1,True
3903,False,False,,False,False,False,8005.0,6705.36,7553.0,,,P1,True
3904,False,False,,False,False,False,8005.0,6750.0,7553.0,,,P1,True
3905,False,False,,False,False,False,8005.0,6750.0,7553.0,,,P1,True
3906,False,False,,False,False,False,8005.0,6750.0,7553.0,,,P1,True
3907,False,False,,False,False,False,8005.0,6750.0,5259.48,,,P1,True
3908,False,False,,False,False,False,8005.0,6750.0,5259.48,,,P1,True
3909,False,False,,False,False,False,8442.36,6750.0,8510.63,,,P1,True
3910,False,False,,False,False,False,8442.36,6795.0,8510.63,,,P1,True
3911,False,False,,False,False,False,8442.36,6863.0,8510.63,,,P1,True
3912,False,False,,False,False,False,8442.36,6870.0,8510.63,,,P1,True
3913,False,False,,False,False,False,8442.36,6913.0,8510.63,,,P1,True
3914,False,False,,False,False,False,8442.36,6913.0,8510.63,,,P1,True
3915,False,False,,False,False,False,8442.36,6913.0,8442.36,,,P1,True
3916,False,False,,False,False,False,8442.36,6913.0,8442.36,,,P1,True
3917,False,False,swing|zone,False,True,False,8442.36,6913.0,8442.36,8442.36,,P1,True
3918,False,False,,False,False,False,8442.36,6913.0,8510.63,,,P1,True
3919,False,False,,False,False,False,8321.5,6913.0,5226.780000000001,,,P1,True
3920,False,False,,False,False,False,8321.5,6913.0,7553.0,,,P1,True
3921,False,False,,False,False,False,8321.5,6913.0,7553.0,,,P1,True
3922,False,False,,False,False,False,8321.5,6913.0,7553.0,,,P1,True
3923,False,False,,False,False,False,8321.5,6913.0,7553.0,,,P1,True
3924,True,False,,False,False,False,7780.4,6913.0,7553.0,,,P1,False
3925,True,True,zone,False,True,False,7780.4,6913.0,7553.0,7553.0,,P1,False
3926,True,False,,False,False,False,7780.4,6913.0,7780.4,,,P1,False
3927,True,True,swing|zone,False,True,False,7780.4,6913.0,7780.4,7780.4,,P1,False
3928,True,False,,False,False,False,7780.4,6913.0,7780.4,,,P1,False
3929,True,False,,False,False,False,7481.02,6913.0,7517.01,,,P1,False
3930,True,False,,False,False,False,7481.02,6913.0,7780.4,,,P1,False
3931,False,False,,False,False,False,7481.02,6913.0,7517.01,,,P1,False
3932,True,False,,False,False,False,7481.02,6913.0,7780.4,,,P1,False
3933,True,False,,False,False,False,7572.78,6913.0,7572.78,,,P1,False
3934,True,False,,False,False,False,7572.78,6913.0,7780.4,,,P1,False
3935,True,False,,False,False,False,7572.78,6913.0,7572.78,,,P1,False
3936,True,True,swing|zone,False,True,False,7572.78,6913.0,7572.78,7572.78,,P1,False
3937,True,False,,False,False,False,7572.78,6913.0,7780.4,,,P1,False
3938,True,False,,False,False,False,7572.78,6980.02,7780.4,,,P1,False
3939,True,False,,False,False,False,7572.78,7070.0,7780.4,,,P1,False
3940,True,False,,False,False,False,7444.58,7156.61,7780.4,,,P1,False
3941,True,False,,False,False,False,7444.58,7156.61,7780.4,,,P1,False
3942,False,False,,False,False,False,7444.58,7156.61,7780.4,,,P1,False
3943,False,False,,False,False,False,7444.58,7230.0,7780.4,,,P1,False
3944,False,False,,False,False,False,7444.58,7230.0,7780.4,,,P1,False
3945,False,False,,False,False,False,7444.58,7230.0,7780.4,,,P1,False
3946,False,False,,False,False,False,7444.58,7243.08,7780.4,,,P1,False
3947,False,False,,False,False,False,7444.58,7444.58,7780.4,,,P1,False
3948,False,False,,False,False,False,7444.58,7444.58,7780.4,,,P1,False
3949,False,False,,False,False,False,7444.58,7444.58,7780.4,,,P1,False
3950,False,False,,False,False,False,7444.58,7444.58,7780.4,,,P1,False
3951,False,False,,False,False,False,7444.58,7444.58,7780.4,,,P1,False
3952,False,False,,False,False,False,7751.0,7444.58,7780.4,,,P1,False
3953,False,False,,False,False,False,7751.0,7444.58,7572.78,,,P1,False
3954,False,False,,False,False,False,7751.0,7444.58,7572.78,,,P1,False
3955,True,False,,False,False,False,7751.0,7444.58,7572.78,,,P1,False
3956,True,True,zone,False,True,False,7751.0,7444.58,7572.78,7572.78,,P1,False
3957,True,False,,False,False,False,7751.0,7444.58,7572.78,,,P1,False
3958,True,False,,False,False,False,7751.0,7444.58,7780.4,,,P1,False
3959,True,False,,False,False,False,7506.66,7444.58,7775.7,,,P1,False
3960,True,False,,False,False,False,7506.66,7444.58,7775.7,,,P1,False
3961,False,False,,False,False,False,7506.66,7444.58,7775.7,,,P1,False
3962,False,False,,False,False,False,7506.66,7444.58,7775.7,,,P1,False
3963,False,False,,False,False,False,7506.66,7444.58,7780.4,,,P1,False
3964,False,False,,False,False,False,7506.66,7444.58,7572.78,,,P1,False
3965,False,False,,False,False,False,7506.66,7444.58,7572.78,,,P1,False
3966,False,False,,False,False,False,7506.66,7444.58,7780.4,,,P1,False
3967,False,False,,False,False,False,7506.66,7444.58,7780.4,,,P1,False
3968,False,False,,False,False,False,7506.66,7444.58,7780.4,,,P1,False
3969,False,False,,False,False,False,7506.66,7444.58,7780.4,,,P1,False
3970,False,False,,False,False,False,7692.23,7444.58,7780.4,,,P1,False
3971,False,False,,False,False,False,7692.23,7444.58,7780.4,,,P1,False
3972,False,False,,False,False,False,7692.23,7444.58,7775.7,,,P1,False
3973,False,False,,False,False,False,7692.23,7444.58,7780.4,,,P1,False
3974,False,False,,False,False,False,7692.23,7444.58,7780.4,,,P1,False
3975,False,False,,False,False,False,7692.23,7444.58,7780.4,,,P1,False
3976,False,False,,False,False,False,7692.23,7444.58,7780.4,,,P1,False
3977,False,False,,False,False,False,7692.23,7444.58,7780.4,,,P1,False
3978,False,False,,False,False,False,7692.23,7444.58,7780.4,,,P1,False
3979,False,False,,False,False,False,7692.23,7444.58,7780.4,,,P1,False
3980,False,False,,False,False,False,7692.23,7444.58,7780.4,,,P1,False
3981,False,False,,False,False,False,8010.03,7444.58,7780.4,,,P1,False
3982,False,False,,False,False,False,8010.03,7444.58,7780.4,,,P1,False
3983,False,False,,False,False,False,8010.03,7444.58,7780.4,,,P1,False
3984,False,False,,False,False,False,8010.03,7444.58,7780.4,,,P1,False
3985,False,False,,False,False,False,8010.03,7444.58,7780.4,,,P1,False
3986,False,False,,False,False,False,8010.03,7444.58,8510.63,,,P1,False
3987,False,False,,False,False,False,8010.03,7444.58,8510.63,,,P1,False
3988,False,False,,False,False,False,8010.03,7444.58,8510.63,,,P1,False
3989,False,False,,False,False,False,8010.03,7444.58,8510.63,,,P1,False
3990,False,False,,False,False,False,8010.03,7444.58,8510.63,,,P1,False
3991,False,False,,False,False,False,8010.03,7444.58,8510.63,,,P1,False
3992,False,False,,False,False,False,8010.03,7444.58,8510.63,,,P1,False
3993,False,False,,False,False,False,8010.03,7444.58,8510.63,,,P1,False
3994,False,False,,False,False,False,8010.03,7444.58,8510.63,,,P1,False
3995,False,False,,False,False,False,8010.03,7444.58,8510.63,,,P1,False
3996,False,False,,False,False,False,8010.03,7444.58,8510.63,,,P1,False
3997,False,False,,False,False,False,8010.03,7444.58,8510.63,,,P1,False
3998,False,False,,False,False,False,8010.03,7444.58,8510.63,,,P1,False
3999,False,False,,False,False,False,8010.03,7444.58,8510.63,,,P1,False
4000,False,False,,False,False,False,8010.03,7444.58,8510.63,,,P1,False
4001,False,False,,False,False,False,8820.67,7444.58,8510.63,,,P1,False
4002,False,False,,False,False,False,8820.67,7444.58,8510.63,,,P1,False
4003,False,False,,False,False,False,8820.67,7444.58,8510.63,,,P1,False
4004,False,False,,False,False,False,8820.67,7444.58,8510.63,,,P1,False
4005,False,False,,False,False,False,8820.67,7444.58,8510.63,,,P1,False
4006,False,False,,False,False,False,8820.67,7444.58,8510.63,,,P1,False
4007,False,False,,False,False,False,8820.67,7444.58,8510.63,,,P1,False
4008,False,False,,False,False,False,8820.67,7444.58,8510.63,,,P1,False
4009,False,False,,False,False,False,8820.67,7444.58,8510.63,,,P1,False
4010,False,False,,False,False,False,8820.67,7444.58,8510.63,,,P1,False
4011,False,False,,False,False,False,8820.67,7444.58,8510.63,,,P1,False
4012,False,False,,False,False,False,8950.0,7444.58,8510.63,,,P1,False
4013,False,False,,False,False,False,8950.0,7444.58,8510.63,,,P1,False
4014,False,False,,False,False,False,8950.0,7444.58,8510.63,,,P1,False
4015,False,False,,False,False,False,8950.0,7444.58,8510.63,,,P1,False
4016,False,False,,False,False,False,8950.0,7444.58,8510.63,,,P1,False
4017,False,False,,False,False,False,8950.0,7444.58,8510.63,,,P1,False
4018,False,False,,False,False,False,8950.0,7444.58,8510.63,,,P1,False
4019,False,False,,False,False,False,8960.0,7444.58,8510.63,,,P1,False
4020,False,False,,False,False,False,8960.0,7444.58,8510.63,,,P1,False
4021,False,False,,False,False,False,8960.0,7444.58,8510.63,,,P1,False
4022,False,False,,False,False,False,8960.0,7444.58,8510.63,,,P1,False
4023,False,False,,False,False,False,8960.0,7444.58,8510.63,,,P1,False
4024,False,False,,False,False,False,8960.0,7444.58,8510.63,,,P1,False
4025,False,False,,False,False,False,8960.0,7444.58,8510.63,,,P1,False
4026,False,False,,False,False,False,8960.0,7444.58,8510.63,,,P1,False
4027,False,False,,False,False,False,8960.0,7444.58,8510.63,,,P1,False
4028,False,False,,False,False,False,8960.0,7444.58,8510.63,,,P1,False
4029,False,False,,False,False,False,8960.0,7444.58,8510.63,,,P1,False
4030,False,False,,False,False,False,8960.0,7444.58,8510.63,,,P1,False
4031,False,False,,False,False,False,8960.0,7444.58,8950.0,,,P1,False
4032,False,False,,False,False,False,8960.0,7444.58,8950.0,,,P1,False
4033,False,False,,False,False,False,8960.0,7444.58,8950.0,,,P1,False
4034,False,False,,False,False,False,8960.0,7444.58,8950.0,,,P1,False
4035,False,False,,False,False,False,8960.0,7444.58,8950.0,,,P1,False
4036,False,False,,False,False,False,8960.0,7444.58,8950.0,,,P1,False
4037,False,False,,False,False,False,8960.0,7444.58,8950.0,,,P1,False
4038,False,False,,False,False,False,8960.0,7444.58,8950.0,,,P1,False
4039,False,False,,False,False,False,8960.0,7444.58,8950.0,,,P1,False
4040,False,False,,False,False,False,8960.0,7444.58,8950.0,,,P1,False
4041,False,False,,False,False,False,8960.0,7444.58,8950.0,,,P1,False
4042,False,False,,False,False,False,8960.0,7444.58,8950.0,,,P1,False
4043,False,False,,False,False,False,8960.0,7444.58,8950.0,,,P1,False
4044,False,False,,False,False,False,10620.8,7444.58,8950.0,,,P1,False
4045,False,False,,False,False,False,10620.8,7444.58,8950.0,,,P1,False
4046,False,False,,False,False,False,10620.8,7444.58,8950.0,,,P1,False
4047,False,False,,False,False,False,10620.8,7444.58,8950.0,,,P1,False
4048,False,False,,False,False,False,10620.8,7444.58,8950.0,,,P1,False
4049,False,False,,False,False,False,10620.8,7444.58,8950.0,,,P1,False
4050,False,False,,False,False,False,10620.8,7444.58,8950.0,,,P1,False
4051,False,False,,False,False,False,10620.8,7444.58,8950.0,,,P1,False
4052,False,False,,False,False,False,10620.8,7444.58,8950.0,,,P1,False
4053,False,False,,False,False,False,10620.8,7444.58,8950.0,,,P1,False
4054,False,False,,False,False,False,10620.8,7444.58,8950.0,,,P1,False
4055,False,False,,False,False,False,10620.8,7444.58,8950.0,,,P1,False
4056,False,False,,False,False,False,10620.8,7444.58,8950.0,,,P1,False
4057,False,False,,False,False,False,10620.8,7444.58,8950.0,,,P1,False
4058,False,False,,False,False,False,10620.8,7444.58,8950.0,,,P1,False
4059,False,False,,False,False,False,10620.8,7506.66,8950.0,,,P1,False
4060,False,False,,False,False,True,10620.8,7506.66,8950.0,,,P1,False
4061,False,False,,False,False,False,10620.8,7506.66,8950.0,,,P1,False
4062,False,False,,False,False,False,10620.8,7506.66,8950.0,,,P1,False
4063,False,False,swing,False,True,False,10620.8,7506.66,8950.0,10620.8,,P1,False
4064,False,False,,False,False,False,10620.8,7506.66,8950.0,,,P1,False
4065,False,False,,False,False,False,10620.8,7506.66,8950.0,,,P1,False
4066,False,False,,False,False,False,10620.8,7506.66,8950.0,,,P1,False
4067,False,False,,False,False,False,10525.1,7506.66,8950.0,,,P1,False
4068,False,False,,False,False,False,10525.1,7506.66,8950.0,,,P1,False
4069,False,False,,False,False,False,10525.1,7506.66,8950.0,,,P1,False
4070,False,False,,False,False,False,10525.1,7506.66,8950.0,,,P1,False
4071,False,False,,False,False,False,10525.1,7506.66,8950.0,,,P1,False
4072,False,False,,False,False,False,10525.1,7506.66,8950.0,,,P1,False
4073,False,False,,False,False,False,10525.1,7506.66,8950.0,,,P1,False
4074,False,False,,False,False,False,10525.1,7506.66,8950.0,,,P1,False
4075,False,False,,False,False,False,11475.02,7506.66,8950.0,,,P1,False
4076,False,False,,False,False,False,11475.02,7506.66,8950.0,,,P1,False
4077,False,False,,False,False,False,11475.02,7506.66,8950.0,,,P1,False
4078,False,False,,False,False,False,11475.02,7511.0,8950.0,,,P1,False
4079,False,False,,False,False,False,11475.02,7596.0,8950.0,,,P1,False
4080,False,False,,False,False,False,11475.02,7596.0,8950.0,,,P1,False
4081,False,False,,False,False,False,11475.02,7692.23,8950.0,,,P1,False
4082,False,False,,False,False,False,11475.02,7692.23,8950.0,,,P1,False
4083,False,False,,False,False,False,11475.02,7692.23,8950.0,,,P1,False
4084,False,False,,False,False,False,11475.02,7692.23,8950.0,,,P1,False
4085,False,False,,False,False,False,11475.02,7692.23,8950.0,,,P1,False
4086,False,False,,False,False,False,11475.02,7692.23,8950.0,,,P1,False
4087,False,False,,False,False,False,11475.02,7692.23,8950.0,,,P1,False
4088,False,False,,False,False,False,11475.02,7692.23,8950.0,,,P1,False
4089,False,False,,False,False,False,11475.02,7788.99,8950.0,,,P1,False
4090,False,False,,False,False,False,11475.02,7788.99,8950.0,,,P1,False
4091,False,False,,False,False,False,11475.02,7856.73,8950.0,,,P1,False
4092,False,False,,False,False,False,11475.02,7856.73,8950.0,,,P1,False
4093,False,False,,False,False,False,11475.02,7909.9,8950.0,,,P1,False
4094,False,False,,False,False,False,9727.0,8010.03,8950.0,,,P1,False
4095,False,False,,False,False,False,9727.0,8010.03,8950.0,,,P1,False
4096,False,False,,False,False,False,9727.0,8010.03,8950.0,,,P1,False
4097,False,False,,False,False,False,9727.0,8010.03,8950.0,,,P1,False
4098,False,False,,False,False,False,9727.0,8010.03,8950.0,,,P1,False
4099,False,False,,False,False,False,9727.0,8010.03,8950.0,,,P1,False
4100,False,False,,False,False,False,9727.0,8135.01,8950.0,,,P1,False
4101,False,False,,False,False,False,9727.0,8144.32,8950.0,,,P1,False
4102,False,False,,False,False,False,9727.0,8144.32,8950.0,,,P1,False
4103,False,False,,False,False,False,9727.0,8173.05,8950.0,,,P1,False
4104,False,False,,False,False,False,9727.0,8231.6,8950.0,,,P1,False
4105,False,False,,False,False,False,9727.0,8251.58,8950.0,,,P1,False
4106,False,False,,False,False,False,9727.0,8311.0,8950.0,,,P1,False
4107,False,False,,False,False,False,9727.0,8384.98,8950.0,,,P1,False
4108,False,False,,False,False,False,9727.0,8567.63,8950.0,,,P1,False
4109,False,False,,False,False,False,9727.0,8581.48,8950.0,,,P1,False
4110,False,False,,False,False,False,9727.0,8581.48,8950.0,,,P1,False
4111,False,False,,False,False,False,10796.44,8581.48,10620.8,,,P1,False
4112,False,False,,False,False,False,10796.44,8725.17,10620.8,,,P1,False
4113,False,False,,False,False,False,10796.44,8725.17,10620.8,,,P1,False
4114,False,False,,False,False,False,10796.44,8760.0,10620.8,,,P1,False
4115,False,False,,False,False,False,10805.1,8820.67,10796.44,,,P1,False
4116,False,False,,False,False,False,10805.1,8820.67,10796.44,,,P1,False
4117,False,False,,False,False,False,10805.1,8820.67,10796.44,,,P1,False
4118,False,False,,False,False,False,10805.1,8820.67,10796.44,,,P1,False
4119,False,False,,False,False,False,10805.1,8820.67,10796.44,,,P1,False
4120,False,False,,False,False,False,10805.1,8950.0,10796.44,,,P1,False
4121,False,False,,False,False,False,11050.0,8950.0,10796.44,,,P1,False
4122,False,False,,False,False,False,11050.0,8950.0,10796.44,,,P1,False
4123,False,False,,False,False,False,11050.0,8950.0,10796.44,,,P1,False
4124,False,False,,False,False,False,11050.0,8950.0,10796.44,,,P1,False
4125,False,False,,False,False,False,11050.0,8950.0,8950.0,,,P1,False
4126,False,False,,False,False,False,11050.0,8950.0,8950.0,,,P1,False
4127,False,False,,False,False,False,11050.0,8950.0,8950.0,,,P1,False
4128,False,False,,False,False,False,11050.0,8950.0,8950.0,,,P1,False
4129,False,False,,False,False,False,11050.0,8950.0,8950.0,,,P1,False
4130,False,False,,False,False,False,11050.0,8950.0,8950.0,,,P1,False
4131,False,False,,False,False,False,11050.0,8953.43,10796.44,,,P1,False
4132,False,False,,False,False,False,11050.0,8960.0,10796.44,,,P1,False
4133,False,False,,False,False,False,11050.0,8960.0,10796.44,,,P1,False
4134,False,False,,False,False,False,11050.0,8960.0,10796.44,,,P1,False
4135,False,False,,False,False,False,11050.0,8960.0,10796.44,,,P1,False
4136,False,False,,False,False,False,11050.0,8960.0,10796.44,,,P1,False
4137,False,False,,False,False,False,11050.0,8960.0,10796.44,,,P1,False
4138,False,False,,False,False,False,11050.0,9175.2,10796.44,,,P1,False
4139,False,False,,False,False,False,11050.0,9175.2,10796.44,,,P1,False
4140,False,False,,False,False,False,11050.0,9175.2,10796.44,,,P1,False
4141,False,False,,False,False,False,11050.0,9215.84,10796.44,,,P1,False
4142,False,False,,False,False,False,11050.0,9284.81,10796.44,,,P1,False
4143,False,False,,False,False,False,11050.0,9440.0,10796.44,,,P1,False
4144,False,False,,False,False,False,11050.0,9518.06,10796.44,,,P1,False
4145,False,False,,False,False,False,11050.0,9617.46,10796.44,,,P1,False
4146,False,False,,False,False,False,11050.0,9642.12,10796.44,,,P1,False
4147,False,False,swing,False,True,False,11200.0,9642.12,10796.44,11200.0,,P1,False
4148,False,False,,False,False,False,11200.0,9727.0,10796.44,,,P1,False
4149,False,False,,False,False,False,11200.0,9727.0,10796.44,,,P1,False
4150,False,False,,False,False,False,11200.0,9727.0,10796.44,,,P1,False
4151,False,False,,False,False,False,11000.0,9727.0,11050.0,,,P1,False
4152,False,False,,False,False,False,11000.0,9727.0,11050.0,,,P1,False
4153,False,False,,False,False,False,11000.0,9727.0,11050.0,,,P1,False
4154,False,False,,False,False,False,11000.0,9727.0,11050.0,,,P1,False
4155,False,False,,False,False,False,11000.0,9727.0,11050.0,,,P1,False
4156,False,False,,False,False,False,11000.0,9727.0,11050.0,,,P1,False
4157,False,False,,False,False,False,11000.0,9727.0,11050.0,,,P1,False
4158,False,False,,False,False,False,11000.0,9727.0,11050.0,,,P1,False
4159,False,False,swing|zone,False,True,False,11000.0,9727.0,11050.0,11050.0,,P1,False
4160,False,False,,False,False,False,11000.0,9727.0,11050.0,,,P1,False
4161,False,False,,False,False,False,11000.0,9727.0,11050.0,,,P1,False
4162,True,False,,False,False,False,11000.0,9727.0,8950.0,,,P1,False
4163,False,False,,False,False,False,11000.0,9727.0,8950.0,,,P1,False
4164,False,False,,False,False,False,11000.0,9727.0,8950.0,,,P1,False
4165,False,False,,False,False,False,11000.0,9727.0,8950.0,,,P1,False
4166,True,False,,False,False,False,11000.0,9727.0,8950.0,,,P1,False
4167,True,False,,False,False,False,11000.0,9727.0,8950.0,,,P1,False
4168,True,False,,False,False,False,11000.0,9727.0,8950.0,,,P1,False
4169,False,False,,False,False,False,11000.0,9727.0,8950.0,,,P1,False
4170,True,False,,False,False,False,9860.0,9727.0,10800.77,,,P1,False
4171,True,False,,False,False,False,9860.0,9727.0,10800.77,,,P1,False
4172,False,False,,False,False,False,9860.0,9727.0,8950.0,,,P1,False
4173,True,True,zone,False,True,False,9860.0,9727.0,10708.619999999999,10708.619999999999,,P1,False
4174,False,False,,False,False,False,9860.0,9727.0,8950.0,,,P1,False
4175,False,False,,False,False,False,9860.0,9727.0,8950.0,,,P1,False
4176,True,False,,False,False,False,9860.0,9727.0,8950.0,,,P1,False
4177,True,False,,False,False,False,9860.0,9727.0,8950.0,,,P1,False
4178,True,False,,False,False,False,9860.0,9727.0,8950.0,,,P1,False
4179,True,False,,False,False,False,9860.0,9501.0,8950.0,,,P1,False
4180,True,False,,False,False,False,9860.0,9350.01,8950.0,,,P1,False
4181,True,False,,False,False,False,9860.0,9214.0,8950.0,,,P1,False
4182,True,False,,False,False,False,9860.0,9214.0,8950.0,,,P1,False
4183,True,False,,False,False,False,9860.0,9060.0,8950.0,,,P1,False
4184,True,False,,False,False,False,9860.0,9060.0,8950.0,,,P1,False
4185,True,False,,False,False,False,9860.0,9060.0,8950.0,,,P1,False
4186,True,False,,False,False,False,9860.0,9060.0,8950.0,,,P1,False
4187,False,False,,False,False,False,9860.0,9060.0,8950.0,,,P1,False
4188,False,False,,False,False,False,9860.0,9060.0,8950.0,,,P1,False
4189,False,False,,False,False,False,9860.0,9060.0,8950.0,,,P1,False
4190,False,False,,False,False,False,9860.0,9060.0,8950.0,,,P1,False
4191,False,False,,False,False,False,9252.0,9060.0,8950.0,,,P1,False
4192,False,False,,False,False,False,9252.0,9060.0,8950.0,,,P1,False
4193,False,False,,False,False,False,9252.0,9060.0,8950.0,,,P1,False
4194,False,False,,False,False,False,9252.0,9060.0,8950.0,,,P1,False
4195,False,False,,False,False,False,9252.0,9060.0,8950.0,,,P1,False
4196,False,False,,False,False,False,9252.0,9060.0,8950.0,,,P1,False
4197,False,False,,False,False,False,10121.84,9060.0,8950.0,,,P1,False
4198,False,False,,False,False,False,10121.84,9060.0,8950.0,,,P1,False
4199,False,False,,False,False,False,10121.84,9060.0,8950.0,,,P1,False
4200,False,False,,False,False,False,10121.84,9060.0,10796.44,,,P1,False
4201,False,False,,False,False,False,10121.84,9060.0,10620.8,,,P1,False
4202,False,False,,False,False,False,10121.84,9060.0,8950.0,,,P1,False
4203,False,False,,False,False,False,10121.84,9060.0,8950.0,,,P1,False
4204,False,False,,False,False,False,10121.84,9060.0,8950.0,,,P1,False
4205,False,False,,False,False,False,10121.84,9060.0,8950.0,,,P1,False
4206,False,False,,False,False,False,10121.84,9060.0,8950.0,,,P1,False
4207,False,False,,False,False,False,10121.84,9060.0,8950.0,,,P1,False
4208,False,False,,False,False,False,10121.84,9060.0,8950.0,,,P1,False
4209,False,False,,False,False,False,10121.84,9060.0,8950.0,,,P1,False
4210,False,False,,False,False,False,10288.0,9060.0,8950.0,,,P1,False
4211,False,False,,False,False,False,10288.0,9060.0,8950.0,,,P1,False
4212,False,False,,False,False,False,10288.0,9060.0,8950.0,,,P1,False
4213,False,False,,False,False,False,10288.0,9060.0,8950.0,,,P1,False
4214,False,False,,False,False,False,10288.0,9060.0,8950.0,,,P1,False
4215,False,False,,False,False,False,10288.0,9060.0,8950.0,,,P1,False
4216,False,False,,False,False,False,10288.0,9060.0,8950.0,,,P1,False
4217,False,False,,False,False,False,10288.0,9060.0,8950.0,,,P1,False
4218,False,False,,False,False,False,10288.0,9060.0,8950.0,,,P1,False
4219,False,False,,False,False,False,10288.0,9060.0,8950.0,,,P1,False
4220,False,False,,False,False,False,10288.0,9060.0,8950.0,,,P1,False
4221,False,False,,False,False,False,10288.0,9060.0,8950.0,,,P1,False
4222,False,False,,False,False,False,10288.0,9060.0,8950.0,,,P1,False
4223,False,False,,False,False,False,10288.0,9060.0,8950.0,,,P1,False
4224,False,False,,False,False,False,10288.0,9060.0,8950.0,,,P1,False
4225,False,False,,False,False,False,10288.0,9060.0,8950.0,,,P1,False
4226,True,False,,False,False,False,10288.0,9060.0,8950.0,,,P1,False
4227,True,False,,False,False,False,10288.0,9060.0,8950.0,,,P1,False
4228,False,False,,False,False,False,9525.0,9060.0,8950.0,,,P1,False
4229,False,False,,False,False,False,9525.0,9060.0,8950.0,,,P1,False
4230,False,False,,False,False,False,9525.0,9060.0,8950.0,,,P1,False
4231,False,False,,False,False,False,9525.0,9060.0,8950.0,,,P1,False
4232,False,False,,False,False,False,9525.0,9060.0,,,,P1,False
4233,False,False,,False,False,False,9525.0,9060.0,,,,P1,False
4234,False,False,,False,False,False,9525.0,9060.0,,,,P1,False
4235,False,False,,False,False,False,9525.0,9060.0,,,,P1,False
4236,False,False,,False,False,False,9637.0,9060.0,9637.0,,,P1,False
4237,False,False,,False,False,False,9637.0,9060.0,9637.0,,,P1,False
4238,False,False,,False,False,False,9637.0,9060.0,,,,P1,False
4239,False,False,,False,False,False,9637.0,9060.0,9637.0,,,P1,False
4240,True,False,,False,False,False,9637.0,9060.0,,,,P1,False
4241,True,False,,False,False,False,9637.0,9060.0,9637.0,,,P1,False
4242,True,False,,False,False,False,9637.0,9060.0,9637.0,,,P1,False
4243,True,False,,False,False,False,9637.0,9060.0,9637.0,,,P1,False
4244,True,False,,False,False,False,9637.0,9060.0,9637.0,,,P1,False
4245,True,False,,False,False,False,9333.0,9060.0,9637.0,,,P1,False
4246,True,False,,False,False,False,9333.0,9060.0,,,,P1,False
4247,True,False,,False,False,False,9333.0,9060.0,,,,P1,False
4248,False,False,,False,False,False,9333.0,9060.0,,,,P1,False
4249,True,True,swing,True,True,True,9333.0,9060.0,,9333.0,9060.0,P1,False
4250,True,False,,False,False,False,9333.0,9060.0,,,,P1,False
4251,True,False,,False,False,False,9333.0,9060.0,,,,P1,False
4252,True,False,,False,False,False,9333.0,9060.0,,,,P1,False
4253,False,False,,False,False,False,9165.0,9060.0,9252.0,,,P1,False
4254,False,False,,False,False,False,9165.0,9060.0,9252.0,,,P1,False
4255,False,False,,False,False,False,9165.0,9060.0,9252.0,,,P1,False
4256,False,False,,False,False,False,9165.0,9060.0,9252.0,,,P1,False
4257,False,False,,False,False,False,9165.0,9060.0,9252.0,,,P1,False
4258,False,False,,False,False,False,9165.0,9060.0,9252.0,,,P1,False
4259,False,False,,False,False,False,9165.0,9060.0,9252.0,,,P1,False
4260,False,False,,False,False,False,9402.0,9060.0,9333.0,,,P1,False
4261,False,False,,False,False,False,9402.0,9060.0,9333.0,,,P1,False
4262,False,False,,False,False,False,9402.0,9060.0,9333.0,,,P1,False
4263,False,False,,False,False,False,9402.0,9060.0,9333.0,,,P1,False
4264,False,False,,False,False,False,9402.0,9060.0,9333.0,,,P1,False
4265,False,False,,False,False,False,9402.0,9060.0,9333.0,,,P1,False
4266,False,False,,False,False,False,9402.0,9060.0,9333.0,,,P1,False
4267,False,False,,False,False,False,9402.0,9060.0,9333.0,,,P1,False
4268,False,False,,False,False,False,9402.0,9060.0,9333.0,,,P1,False
4269,False,False,,False,False,False,9402.0,9060.0,9333.0,,,P1,False
4270,False,False,,False,False,False,9402.0,9060.0,9333.0,,,P1,False
4271,False,False,,False,False,False,9402.0,9060.0,9333.0,,,P1,False
4272,False,False,,False,False,False,9402.0,9060.0,9333.0,,,P1,False
4273,False,False,,False,False,False,9863.46,9060.0,9333.0,,,P1,False
4274,False,False,,False,False,False,9863.46,9060.0,9333.0,,,P1,False
4275,False,False,,False,False,False,9863.46,9060.0,9333.0,,,P1,False
4276,False,False,,False,False,False,9863.46,9060.0,9333.0,,,P1,False
4277,False,False,,False,False,False,9863.46,9060.0,9333.0,,,P1,False
4278,False,False,,False,False,False,9863.46,9060.0,9333.0,,,P1,False
4279,False,False,,False,False,False,9863.46,9060.0,9333.0,,,P1,False
4280,False,False,,False,False,False,9863.46,9060.0,9333.0,,,P1,False
4281,False,False,,False,False,False,9863.46,9060.0,9333.0,,,P1,False
4282,False,False,,False,False,False,9863.46,9060.0,9333.0,,,P1,False
4283,False,False,,False,False,False,9863.46,9060.0,9333.0,,,P1,False
4284,False,False,,False,False,False,9863.46,9060.0,9333.0,,,P1,False
4285,False,False,,False,False,False,9863.46,9060.0,9333.0,,,P1,False
4286,False,False,,False,False,False,9863.46,9060.0,9333.0,,,P1,False
4287,False,False,,False,False,False,9863.46,9060.0,9333.0,,,P1,False
4288,False,False,,False,False,False,9863.46,9060.0,9333.0,,,P1,False
4289,False,False,,False,False,False,9863.46,9060.0,9333.0,,,P1,False
4290,False,False,,False,False,False,9863.46,9060.0,9333.0,,,P1,False
4291,False,False,,False,False,False,10552.0,9060.0,9333.0,,,P1,False
4292,False,False,,False,False,False,10552.0,9060.0,9333.0,,,P1,False
4293,False,False,,False,False,False,10552.0,9060.0,9637.0,,,P1,False
4294,False,False,,False,False,False,10552.0,9060.0,9637.0,,,P1,False
4295,False,False,,False,False,False,10552.0,9060.0,9637.0,,,P1,False
4296,False,False,,False,False,False,10552.0,9060.0,9637.0,,,P1,False
4297,False,False,,False,False,False,10552.0,9060.0,9637.0,,,P1,False
4298,False,False,,False,False,False,10552.0,9060.0,9637.0,,,P1,False
4299,False,False,,False,False,False,10552.0,9060.0,9637.0,,,P1,False
4300,False,False,,False,False,False,10552.0,9060.0,9637.0,,,P1,False
4301,False,False,,False,False,False,10552.0,9060.0,9860.0,,,P1,False
4302,False,False,,False,False,False,11570.0,9060.0,9860.0,,,P1,False
4303,False,False,,False,False,False,11570.0,9060.0,9860.0,,,P1,False
4304,False,False,,False,False,False,11570.0,9165.0,11050.0,,,P1,False
4305,False,False,,False,False,False,11570.0,9165.0,11050.0,,,P1,False
4306,False,False,,False,False,False,11570.0,9165.0,9860.0,,,P1,False
4307,False,False,,False,False,False,11226.7,9165.0,9860.0,,,P1,False
4308,False,False,,False,False,False,11226.7,9165.0,11200.0,,,P1,False
4309,False,False,,False,False,False,11226.7,9165.0,11200.0,,,P1,False
4310,False,False,,False,False,False,11226.7,9165.0,11200.0,,,P1,False
4311,False,False,,False,False,False,11226.7,9165.0,11200.0,,,P1,False
4312,False,False,,False,False,False,11226.7,9165.0,11200.0,,,P1,False
4313,False,False,,False,False,False,11226.7,9165.0,9860.0,,,P1,False
4314,False,False,,False,False,False,11226.7,9165.0,9860.0,,,P1,False
4315,False,False,,False,False,False,11226.7,9165.0,9860.0,,,P1,False
4316,False,False,,False,False,False,11226.7,9165.0,11200.0,,,P1,False
4317,False,False,,False,False,False,11226.7,9165.0,11200.0,,,P1,False
4318,False,False,,False,False,False,11521.0,9165.0,9860.0,,,P1,False
4319,False,False,,False,False,False,11521.0,9165.0,9860.0,,,P1,False
4320,False,False,,False,False,False,11521.0,9165.0,9860.0,,,P1,False
4321,False,False,,False,False,False,11521.0,9165.0,9860.0,,,P1,False
4322,False,False,,False,False,False,11521.0,9165.0,9860.0,,,P1,False
4323,False,False,,False,False,False,11521.0,9165.0,9860.0,,,P1,False
4324,False,False,,False,False,False,11521.0,9165.0,9637.0,,,P1,False
4325,False,False,,False,False,False,11521.0,9165.0,9860.0,,,P1,False
4326,False,False,,False,False,False,11521.0,9165.0,9860.0,,,P1,False
4327,False,False,,False,False,False,11521.0,9165.0,9637.0,,,P1,False
4328,False,False,,False,False,False,11521.0,9165.0,9637.0,,,P1,False
4329,False,False,,False,False,False,11521.0,9165.0,9637.0,,,P1,False
4330,False,False,,False,False,False,11521.0,9165.0,9637.0,,,P1,False
4331,False,False,,False,False,False,11521.0,9165.0,9525.0,,,P1,False
4332,False,False,,False,False,False,11521.0,9165.0,9333.0,,,P1,False
4333,False,False,,False,False,False,11521.0,9165.0,9333.0,,,P1,False
4334,False,False,,False,False,False,11112.11,9165.0,11200.0,,,P1,False
4335,False,False,,False,False,False,11112.11,9165.0,11200.0,,,P1,False
4336,False,False,,False,False,False,11112.11,9165.0,11200.0,,,P1,False
4337,False,False,,False,False,False,11112.11,9165.0,11200.0,,,P1,False
4338,False,False,,False,False,False,11112.11,9165.0,11200.0,,,P1,False
4339,False,False,,False,False,False,11112.11,9165.0,11200.0,,,P1,False
4340,False,False,,False,False,False,11112.11,9165.0,11200.0,,,P1,False
4341,False,False,,False,False,False,11235.32,9165.0,11226.7,,,P1,False
4342,False,False,,False,False,False,11235.32,9165.0,11226.7,,,P1,False
4343,False,False,,False,False,False,11235.32,9165.0,9333.0,,,P1,False
4344,False,False,,False,False,False,11235.32,9165.0,9333.0,,,P1,False
4345,False,False,,False,False,False,11235.32,9165.0,9333.0,,,P1,False
4346,False,False,,False,False,False,11235.32,9165.0,9333.0,,,P1,False
4347,False,False,,False,False,False,11235.32,9165.0,9333.0,,,P1,False
4348,False,False,,False,False,False,11235.32,9165.0,9333.0,,,P1,False
4349,False,False,,False,False,False,11235.32,9165.0,9333.0,,,P1,False
4350,False,False,,False,False,False,11235.32,9165.0,9333.0,,,P1,False
4351,False,False,,False,False,False,11235.32,9165.0,9333.0,,,P1,False
4352,False,False,,False,False,False,11235.32,9165.0,9333.0,,,P1,False
4353,False,False,,False,False,False,11235.32,9165.0,9333.0,,,P1,True
4354,False,False,,False,False,False,11235.32,9165.0,9333.0,,,P1,True
4355,False,False,,False,False,False,11235.32,9165.0,9333.0,,,P1,True
4356,False,False,,False,False,False,11235.32,9165.0,9333.0,,,P1,True
4357,False,False,,False,False,False,11235.32,9165.0,9333.0,,,P1,True
4358,True,False,,False,False,False,9911.0,9165.0,9863.46,,,P1,True
4359,True,False,,False,False,False,9911.0,9165.0,9863.46,,,P1,True
4360,False,False,,False,False,False,9911.0,9165.0,9863.46,,,P1,True
4361,False,False,,False,False,False,9911.0,9165.0,9863.46,,,P1,True
4362,False,False,,False,False,False,9750.0,9165.0,9863.46,,,P1,True
4363,False,False,,False,False,False,9750.0,9165.0,9863.46,,,P1,True
4364,False,False,,False,False,False,9750.0,9165.0,9863.46,,,P1,True
4365,False,False,,False,False,False,9750.0,9165.0,9863.46,,,P1,True
4366,False,False,,False,False,False,9750.0,9165.0,9863.46,,,P1,True
4367,False,False,,False,False,False,9750.0,9165.0,9863.46,,,P1,True
4368,False,False,,False,False,False,9750.0,9165.0,9863.46,,,P1,True
4369,True,False,,False,False,False,9750.0,9165.0,9863.46,,,P1,True
4370,False,False,,False,False,False,9750.0,9165.0,9863.46,,,P1,True
4371,False,False,,False,False,False,10000.0,9165.0,9887.23,,,P1,True
4372,False,False,,False,False,False,10000.0,9395.0,10000.0,,,P1,True
4373,False,False,,False,False,False,10000.0,9395.0,9887.23,,,P1,True
4374,False,False,,False,False,False,10000.0,9395.0,9887.23,,,P1,True
4375,False,False,,False,False,False,10000.0,9402.0,9887.23,,,P1,True
4376,False,False,,False,False,False,10000.0,9402.0,9887.23,,,P1,True
4377,False,False,,False,False,False,10000.0,9402.0,9887.23,,,P1,True
4378,False,False,,False,False,False,10000.0,9402.0,9887.23,,,P1,True
4379,False,False,,False,False,False,10258.6,9427.0,9887.23,,,P1,True
4380,False,False,,False,False,False,10258.6,9450.0,9887.23,,,P1,True
4381,False,False,,False,False,False,10258.6,9502.21,9887.23,,,P1,True
4382,False,False,,False,False,False,10258.6,9502.21,9887.23,,,P1,True
4383,False,False,,False,False,False,10258.6,9512.66,9887.23,,,P1,True
4384,False,False,,False,False,False,10258.6,9555.0,9887.23,,,P1,True
4385,False,False,,False,False,False,10258.6,9641.21,9887.23,,,P1,True
4386,False,False,,False,False,False,10258.6,9718.59,9887.23,,,P1,True
4387,False,False,,False,False,False,10560.0,9750.0,9887.23,,,P1,True
4388,False,False,,False,False,False,10560.0,9750.0,9887.23,,,P1,True
4389,False,False,,False,False,False,10560.0,9750.0,9887.23,,,P1,True
4390,True,False,,False,False,False,10560.0,9750.0,9887.23,,,P1,True
4391,True,False,,False,False,False,10560.0,9750.0,9887.23,,,P1,True
4392,True,False,,False,False,False,10560.0,9750.0,9887.23,,,P1,True
4393,True,False,,False,False,False,10560.0,9750.0,9861.73,,,P1,True
4394,True,False,,False,False,False,10560.0,9750.0,9887.23,,,P1,True
4395,True,False,,False,False,False,10560.0,9750.0,9887.23,,,P1,True
4396,True,False,,False,False,False,10560.0,9750.0,9887.23,,,P1,True
4397,True,False,,False,False,False,9762.0,9750.0,9887.23,,,P1,True
4398,True,False,,False,False,False,9762.0,9750.0,9887.23,,,P1,True
4399,False,False,,False,False,False,9762.0,9750.0,9887.23,,,P1,True
4400,False,False,,False,False,False,9762.0,9750.0,9887.23,,,P1,True
4401,False,False,,False,False,False,9762.0,9750.0,9887.23,,,P1,True
4402,False,False,,False,False,False,9762.0,9750.0,9887.23,,,P1,True
4403,False,False,,False,False,False,9762.0,9750.0,9887.23,,,P1,True
4404,False,False,,False,False,False,9762.0,9750.0,9887.23,,,P1,True
4405,False,False,,False,False,False,9762.0,9750.0,9887.23,,,P1,True
4406,False,False,,False,False,False,9762.0,9750.0,9887.23,,,P1,True
4407,False,False,,False,False,False,9762.0,9750.0,9911.0,,,P1,True
4408,False,False,,False,False,False,9762.0,9750.0,9911.0,,,P1,True
4409,False,False,,False,False,False,9762.0,9750.0,9911.0,,,P1,True
4410,False,False,,False,False,False,9762.0,9750.0,9911.0,,,P1,True
4411,False,False,,False,False,False,9890.0,9750.0,9900.5,,,P1,True
4412,False,False,,False,False,False,9890.0,9750.0,9900.5,,,P1,True
4413,False,False,,False,False,False,9890.0,9750.0,9900.5,,,P1,True
4414,False,False,,False,False,False,9890.0,9750.0,9900.5,,,P1,True
4415,False,False,,False,False,False,9890.0,9750.0,9900.5,,,P1,True
4416,False,False,,False,False,False,9890.0,9750.0,9900.5,,,P1,True
4417,False,False,,False,False,False,9890.0,9750.0,9900.5,,,P1,True
4418,False,False,,False,False,False,9890.0,9750.0,9911.0,,,P1,True
4419,False,False,,False,False,False,9890.0,9750.0,9900.5,,,P1,True
4420,False,False,,False,False,False,9906.97,9750.0,9911.0,,,P1,True
4421,False,False,,False,False,False,9906.97,9750.0,9911.0,,,P1,True
4422,False,False,,False,False,False,9906.97,9750.0,9911.0,,,P1,True
4423,False,False,,False,False,False,9906.97,9750.0,9911.0,,,P1,True
4424,False,False,,False,False,False,9906.97,9750.0,9911.0,,,P1,True
4425,False,False,,False,False,False,9906.97,9750.0,9911.0,,,P1,True
4426,False,False,,False,False,False,9906.97,9750.0,9911.0,,,P1,True
4427,False,False,,False,False,False,9906.97,9750.0,9911.0,,,P1,True
4428,False,False,,False,False,False,9906.97,9750.0,9911.0,,,P1,True
4429,False,False,,False,False,False,9906.97,9750.0,9906.97,,,P1,True
4430,False,False,,False,False,False,10051.08,9750.0,10051.08,,,P1,True
4431,False,False,,False,False,False,10051.08,9750.0,10051.08,,,P1,True
4432,False,False,,False,False,False,10051.08,9750.0,10051.08,,,P1,True
4433,True,False,,False,False,False,10051.08,9750.0,9898.485,,,P1,True
4434,True,False,,False,False,False,10051.08,9750.0,9762.0,,,P1,True
4435,True,False,,False,False,False,10051.08,9750.0,9898.485,,,P1,True
4436,True,False,,False,False,False,10051.08,9601.01,9898.485,,,P1,True
4437,True,False,,False,False,False,10051.08,9601.01,9762.0,,,P1,True
4438,True,False,,False,False,False,10051.08,9528.88,9898.485,,,P1,True
4439,True,False,,False,False,False,10051.08,9320.0,9762.0,,,P1,True
4440,True,False,,False,False,False,9320.0,9320.0,9333.0,,,P1,True
4441,True,False,,False,False,False,9320.0,9320.0,9333.0,,,P1,True
4442,True,False,,False,False,False,9320.0,9320.0,9333.0,,,P1,True
4443,True,False,,False,False,False,9320.0,9320.0,9333.0,,,P1,True
4444,True,False,,False,False,False,9320.0,9320.0,9333.0,,,P1,True
4445,True,False,,False,False,False,9350.41,9320.0,9341.705,,,P1,True
4446,True,False,,False,False,False,9350.41,9320.0,9341.705,,,P1,True
4447,True,False,,False,False,False,9350.41,9320.0,9341.705,,,P1,True
4448,False,False,,False,False,False,9350.41,9320.0,9341.705,,,P1,True
4449,False,False,,False,False,False,9350.41,9320.0,9350.41,,,P1,True
4450,False,False,,False,False,False,9350.41,9320.0,9350.41,,,P1,True
4451,False,False,,False,False,False,9350.41,9320.0,9350.41,,,P1,True
4452,True,False,,False,False,False,9350.41,9320.0,9350.41,,,P1,True
4453,True,False,,False,False,False,9350.41,9320.0,9350.41,,,P1,True
4454,True,False,,False,False,False,9350.41,9320.0,9350.41,,,P1,True
4455,False,False,,False,False,False,9350.41,9320.0,9341.705,,,P1,True
4456,False,False,,False,False,False,9420.75,9320.0,9402.0,,,P1,True
4457,False,False,,False,False,False,9420.75,9320.0,9402.0,,,P1,True
4458,False,False,,False,False,False,9420.75,9320.0,9402.0,,,P1,True
4459,False,False,,False,False,False,9420.75,9320.0,9402.0,,,P1,True
4460,False,False,,False,False,False,9420.75,9320.0,9402.0,,,P1,True
4461,False,False,,False,False,False,9520.0,9320.0,9402.0,,,P1,True
4462,False,False,,False,False,False,9520.0,9320.0,9402.0,,,P1,True
4463,False,False,,False,False,False,9520.0,9320.0,9898.485,,,P1,True
4464,False,False,,False,False,False,9520.0,9320.0,9898.485,,,P1,True
4465,False,False,,False,False,False,9520.0,9320.0,9898.485,,,P1,True
4466,False,False,,False,False,False,9520.0,9320.0,9898.485,,,P1,True
4467,False,False,,False,False,False,9520.0,9320.0,9898.485,,,P1,True
4468,False,False,,False,False,False,9520.0,9320.0,9898.485,,,P1,True
4469,False,False,,False,False,False,9520.0,9320.0,9898.485,,,P1,True
4470,False,False,,False,False,False,9520.0,9320.0,9898.485,,,P1,True
4471,False,False,,False,False,False,9520.0,9320.0,9898.485,,,P1,True
4472,False,False,,False,False,False,9520.0,9320.0,9898.485,,,P1,True
4473,False,False,,False,False,False,9520.0,9320.0,9898.485,,,P1,True
4474,False,False,,False,False,False,9520.0,9320.0,9898.485,,,P1,False
4475,False,False,,False,False,False,9520.0,9320.0,9898.485,,,P1,False
4476,False,False,,False,False,False,9520.0,9320.0,10000.0,,,P1,False
4477,False,False,,False,False,False,9520.0,9320.0,9955.5,,,P1,False
4478,False,False,,False,False,False,10369.89,9320.0,10000.0,,,P1,False
4479,False,False,,False,False,False,10369.89,9320.0,9898.485,,,P1,False
4480,False,False,,False,False,False,10369.89,9320.0,10000.0,,,P1,False
4481,False,False,,False,False,False,10369.89,9320.0,9898.485,,,P1,False
4482,False,False,,False,False,False,10369.89,9320.0,9955.5,,,P1,False
4483,False,False,,False,False,False,10450.0,9320.0,10000.0,,,P1,False
4484,False,False,,False,False,False,10450.0,9320.0,10000.0,,,P1,False
4485,False,False,,False,False,False,10450.0,9320.0,10000.0,,,P1,False
4486,False,False,,False,False,False,10450.0,9320.0,10000.0,,,P1,False
4487,False,False,,False,False,False,10450.0,9320.0,10000.0,,,P1,False
4488,False,False,,False,False,False,10450.0,9320.0,9955.5,,,P1,False
4489,False,False,,False,False,False,10450.0,9320.0,9955.5,,,P1,False
4490,False,False,,False,False,False,10450.0,9320.0,9955.5,,,P1,False
4491,False,False,,False,False,False,10450.0,9320.0,9955.5,,,P1,False
4492,False,False,,False,False,False,10150.0,9320.0,9955.5,,,P1,False
4493,False,False,,False,False,False,10150.0,9320.0,9955.5,,,P1,False
4494,False,False,,False,False,False,10150.0,9320.0,9955.5,,,P1,False
4495,False,False,,False,False,False,10150.0,9320.0,10000.0,,,P1,False
4496,False,False,,False,False,False,10150.0,9320.0,9898.485,,,P1,False
4497,False,False,,False,False,False,10150.0,9320.0,9898.485,,,P1,False
4498,False,False,,False,False,False,10150.0,9320.0,10000.0,,,P1,False
4499,False,False,,False,False,False,10150.0,9320.0,9898.485,,,P1,False
4500,False,False,,False,False,False,10150.0,9320.0,9898.485,,,P1,False
4501,False,False,,False,False,False,10208.0,9320.0,10208.0,,,P1,False
4502,False,False,,False,False,False,10208.0,9320.0,9898.485,,,P1,False
4503,False,False,,False,False,False,10208.0,9320.0,10208.0,,,P1,False
4504,False,False,,False,False,False,10208.0,9320.0,10208.0,,,P1,False
4505,False,False,swing|zone,False,True,False,10208.0,9320.0,10208.0,10208.0,,P1,False
4506,False,False,,False,False,False,10208.0,9320.0,10208.0,,,P1,False
4507,False,False,,False,False,False,10068.5,9320.0,10208.0,,,P1,False
4508,False,False,,False,False,False,10068.5,9320.0,10208.0,,,P1,False
4509,False,False,,False,False,False,10068.5,9320.0,10208.0,,,P1,False
4510,False,False,,False,False,False,10068.5,9320.0,10150.0,,,P1,False
4511,False,False,,False,False,False,10068.5,9320.0,9906.97,,,P1,False
4512,False,False,,False,False,False,10068.5,9320.0,10059.79,,,P1,False
4513,False,False,,False,False,False,10068.5,9320.0,10059.79,,,P1,False
4514,False,False,zone,False,True,False,10068.5,9320.0,10059.79,10059.79,,P1,False
4515,False,False,,False,False,False,10068.5,9320.0,10059.79,,,P1,False
4516,False,False,,False,False,False,10068.5,9320.0,9906.97,,,P1,False
4517,False,False,,False,False,False,10068.5,9320.0,10059.79,,,P1,False
4518,False,False,,False,False,False,9880.0,9320.0,10150.0,,,P1,False
4519,False,False,,False,False,False,9880.0,9320.0,10059.79,,,P1,False
4520,False,False,,False,False,False,9880.0,9320.0,10059.79,,,P1,False
4521,False,False,,False,False,False,9880.0,9320.0,10051.08,,,P1,False
4522,False,False,,False,False,False,9880.0,9320.0,10208.0,,,P1,False
4523,False,False,,False,False,False,9880.0,9320.0,10208.0,,,P1,False
4524,False,False,,False,False,False,9880.0,9320.0,10208.0,,,P1,False
4525,False,False,,False,False,False,9880.0,9320.0,10208.0,,,P1,False
4526,False,False,,False,False,False,9880.0,9320.0,10208.0,,,P1,False
4527,False,False,,False,False,False,9880.0,9320.0,10208.0,,,P1,False
4528,False,False,,False,False,False,9880.0,9320.0,10208.0,,,P1,False
4529,False,False,,False,False,False,9880.0,9320.0,10208.0,,,P1,False
4530,False,False,,False,False,False,9880.0,9320.0,10208.0,,,P1,False
4531,False,False,,False,False,False,9880.0,9320.0,10208.0,,,P1,False
4532,False,False,,False,False,False,9880.0,9320.0,10208.0,,,P1,False
4533,False,False,,False,False,False,9880.0,9320.0,10208.0,,,P1,False
4534,False,False,,False,False,False,10153.0,9320.0,10180.5,,,P1,False
4535,False,False,,False,False,False,10153.0,9320.0,10180.5,,,P1,False
4536,False,False,,False,False,False,10153.0,9320.0,10180.5,,,P1,False
4537,False,False,,False,False,False,10153.0,9320.0,10180.5,,,P1,False
4538,False,False,,False,False,False,10222.33,9320.0,10222.33,,,P1,False
4539,False,False,,False,False,False,10222.33,9320.0,10222.33,,,P1,False
4540,False,False,,False,False,False,10222.33,9320.0,10222.33,,,P1,False
4541,False,False,,False,False,False,10222.33,9320.0,10222.33,,,P1,False
4542,False,False,,False,False,False,10222.33,9320.0,10222.33,,,P1,False
4543,False,False,,False,False,False,10222.33,9320.0,10222.33,,,P1,False
4544,False,False,,False,False,False,10252.15,9320.0,10252.15,,,P1,False
4545,False,False,,False,False,False,10252.15,9320.0,10252.15,,,P1,False
4546,False,False,,False,False,False,10252.15,9320.0,9898.485,,,P1,False
4547,False,False,,False,False,False,10252.15,9320.0,9898.485,,,P1,False
4548,False,False,,False,False,False,10252.15,9320.0,10237.24,,,P1,False
4549,False,False,,False,False,False,10252.15,9320.0,10051.08,,,P1,False
4550,False,False,,False,False,False,10252.15,9320.0,10051.08,,,P1,False
4551,False,False,,False,False,False,10078.0,9320.0,10068.5,,,P1,False
4552,False,False,,False,False,False,10078.0,9320.0,10068.5,,,P1,False
4553,False,False,,False,False,False,10078.0,9320.0,10252.15,,,P1,False
4554,False,False,,False,False,False,10078.0,9320.0,10068.5,,,P1,False
4555,False,False,,False,False,False,10078.0,9320.0,10068.5,,,P1,False
4556,False,False,,False,False,False,10078.0,9320.0,10068.5,,,P1,False
4557,False,False,,False,False,False,10078.0,9320.0,10068.5,,,P1,False
4558,False,False,,False,False,False,10078.0,9320.0,10068.5,,,P1,False
4559,False,False,,False,False,False,10078.0,9350.41,10068.5,,,P1,False
4560,False,False,,False,False,False,10078.0,9350.41,10068.5,,,P1,False
4561,False,False,,False,False,False,10078.0,9350.41,9898.485,,,P1,False
4562,False,False,,False,False,False,10078.0,9350.41,9898.485,,,P1,False
4563,False,False,,False,False,False,10078.0,9350.41,9898.485,,,P1,False
4564,False,False,,False,False,False,10078.0,9420.75,9898.485,,,P1,False
4565,False,False,,False,False,False,9653.0,9420.75,10068.5,,,P1,False
4566,False,False,,False,False,False,9653.0,9420.75,10237.24,,,P1,False
4567,False,False,,False,False,False,9653.0,9420.75,10153.0,,,P1,False
4568,False,False,,False,False,False,9653.0,9420.75,10153.0,,,P1,False
4569,False,False,,False,False,False,9653.0,9420.75,10153.0,,,P1,False
4570,False,False,,False,False,False,9653.0,9420.75,10153.0,,,P1,False
4571,False,False,zone,False,True,False,9653.0,9420.75,10153.0,10153.0,,P1,False
4572,False,False,zone,False,True,False,9653.0,9420.75,10153.0,10153.0,,P1,False
4573,False,False,,False,False,False,9653.0,9420.75,10068.5,,,P1,False
4574,False,False,zone,False,True,False,9653.0,9420.75,10068.5,10068.5,,P1,False
4575,False,False,,False,False,False,9653.0,9520.0,9898.485,,,P1,False
4576,False,False,,False,False,False,9653.0,9520.0,9898.485,,,P1,False
4577,False,False,,False,False,False,9653.0,9520.0,9898.485,,,P1,False
4578,False,False,,False,False,False,9653.0,9520.0,9898.485,,,P1,False
4579,False,False,,False,False,False,9653.0,9520.0,9898.485,,,P1,False
4580,False,False,,False,False,False,9653.0,9597.89,9898.485,,,P1,False
4581,False,False,,False,False,False,9653.0,9653.0,9898.485,,,P1,False
4582,False,False,,False,False,False,9653.0,9653.0,9898.485,,,P1,False
4583,False,False,,False,False,False,9653.0,9653.0,9898.485,,,P1,False
4584,False,False,,False,False,False,9853.97,9653.0,9890.0,,,P1,False
4585,False,False,,False,False,False,9853.97,9653.0,9890.0,,,P1,False
4586,False,False,,False,False,False,9853.97,9653.0,9890.0,,,P1,False
4587,False,False,,False,False,False,9853.97,9653.0,9890.0,,,P1,False
4588,False,False,swing,False,True,True,9853.97,9653.0,9890.0,9853.97,9653.0,P1,False
4589,False,False,,False,False,False,9853.97,9653.0,9890.0,,,P1,False
4590,False,False,,False,False,False,9853.97,9653.0,9890.0,,,P1,False
4591,False,False,nbar,False,True,False,9853.97,9653.0,9890.0,9653.0,,P1,False
4592,False,False,,False,False,False,9853.97,9653.0,9890.0,,,P1,False
4593,False,False,,False,False,False,9853.97,9615.77,9890.0,,,P1,False
4594,True,False,,False,False,False,9853.97,9604.0,9890.0,,,P1,False
4595,True,False,,False,False,False,9853.97,9604.0,9350.41,,,P1,False
4596,True,False,,False,False,False,9853.97,9604.0,9350.41,,,P1,False
4597,True,False,,False,False,False,9853.97,9410.0,9350.41,,,P1,False
4598,False,False,,False,False,False,9853.97,7800.0,9350.41,,,P1,False
4599,False,False,,False,False,False,7800.0,7800.0,9350.41,,,P1,False
4600,False,False,,False,False,False,7800.0,7800.0,9350.41,,,P1,False
4601,False,False,,False,False,False,7800.0,7800.0,9350.41,,,P1,False
4602,False,False,,False,False,False,7800.0,7800.0,9350.41,,,P1,False
4603,False,False,,False,False,False,7800.0,7800.0,9350.41,,,P1,False
4604,False,False,,False,False,False,7800.0,7800.0,9350.41,,,P1,False
4605,False,False,,False,False,False,7800.0,7800.0,9350.41,,,P1,False
4606,True,False,,False,False,False,7800.0,7800.0,9350.41,,,P1,False
4607,True,False,,False,False,False,7800.0,7800.0,9350.41,,,P1,False
4608,True,False,,False,False,False,7800.0,7800.0,9350.41,,,P1,False
4609,True,False,,False,False,False,7800.0,7800.0,9350.41,,,P1,False
4610,True,False,,False,False,False,7800.0,7750.0,9350.41,,,P1,False
4611,True,False,,False,False,False,7750.0,7750.0,9350.41,,,P1,False
4612,True,False,,False,False,False,7750.0,7750.0,9350.41,,,P1,False
4613,True,False,,False,False,False,7750.0,7750.0,9350.41,,,P1,False
4614,True,False,,False,False,False,7750.0,7750.0,9350.41,,,P1,False
4615,False,False,,False,False,False,7750.0,7750.0,9350.41,,,P1,False
4616,False,False,,False,False,False,7852.15,7750.0,7800.0,,,P1,False
4617,False,False,,False,False,False,7852.15,7750.0,7800.0,,,P1,False
4618,False,False,,False,False,False,7852.15,7750.0,7800.0,,,P1,False
4619,False,False,,False,False,False,7852.15,7750.0,7800.0,,,P1,False
4620,False,False,,False,False,False,7852.15,7750.0,7800.0,,,P1,False
4621,False,False,,False,False,False,7852.15,7750.0,7800.0,,,P1,False
4622,True,False,,False,False,False,8001.09,7750.0,7800.0,,,P1,False
4623,True,False,,False,False,False,8001.09,7750.0,7800.0,,,P1,False
4624,True,False,,False,False,False,8001.09,7750.0,7800.0,,,P1,False
4625,True,False,,False,False,False,8001.09,7750.0,7800.0,,,P1,False
4626,True,False,,False,False,False,8001.09,7750.0,7800.0,,,P1,False
4627,True,False,,False,False,False,8001.09,7750.0,7800.0,,,P1,False
4628,True,False,,False,False,False,7890.0,7750.0,7800.0,,,P1,False
4629,True,False,,False,False,False,7890.0,7750.0,7852.15,,,P1,False
4630,True,False,,False,False,False,7890.0,7750.0,7852.15,,,P1,False
4631,True,False,,False,False,False,7890.0,7710.0,7852.15,,,P1,False
4632,False,False,,False,False,False,7710.0,7710.0,7852.15,,,P1,False
4633,False,False,,False,False,False,7710.0,7710.0,7852.15,,,P1,False
4634,False,False,,False,False,False,7710.0,7710.0,7852.15,,,P1,False
4635,False,False,,False,False,False,7710.0,7710.0,7852.15,,,P1,False
4636,False,False,,False,False,False,7710.0,7710.0,7852.15,,,P1,False
4637,False,False,,False,False,False,7710.0,7710.0,7852.15,,,P1,False
4638,False,False,,False,False,False,7710.0,7710.0,7852.15,,,P1,False
4639,False,False,,False,False,False,7710.0,7710.0,7852.15,,,P1,False
4640,False,False,,False,False,False,7710.0,7710.0,7852.15,,,P1,False
4641,False,False,,False,False,False,7710.0,7710.0,7852.15,,,P1,False
4642,False,False,,False,False,False,7710.0,7710.0,7852.15,,,P1,False
4643,False,False,,False,False,False,7710.0,7710.0,7852.15,,,P1,False
4644,False,False,,False,False,False,8151.22,7710.0,7852.15,,,P1,False
4645,False,False,,False,False,False,8151.22,7710.0,7852.15,,,P1,False
4646,False,False,,False,False,False,8151.22,7710.0,7852.15,,,P1,False
4647,False,False,,False,False,False,8151.22,7710.0,7852.15,,,P1,False
4648,True,False,,False,False,False,8151.22,7710.0,7852.15,,,P1,False
4649,True,False,,False,False,False,8151.22,7710.0,7852.15,,,P1,False
4650,True,False,,False,False,False,8151.22,7710.0,7852.15,,,P1,False
4651,True,False,,False,False,False,8151.22,7710.0,7852.15,,,P1,False
4652,True,False,,False,False,False,8151.22,7710.0,7852.15,,,P1,False
4653,True,False,,False,False,False,8151.22,7710.0,7852.15,,,P1,False
4654,False,False,,False,False,False,8151.22,7710.0,7852.15,,,P1,False
4655,False,False,,False,False,False,8151.22,7710.0,7852.15,,,P1,False
4656,False,False,,False,False,False,8005.0,7710.0,7852.15,,,P1,False
4657,False,False,,False,False,False,8005.0,7710.0,7852.15,,,P1,False
4658,False,False,,False,False,False,8005.0,7710.0,7852.15,,,P1,False
4659,False,False,,False,False,False,8005.0,7710.0,7852.15,,,P1,False
4660,False,False,,False,False,False,8005.0,7710.0,7852.15,,,P1,False
4661,True,False,,False,False,False,8005.0,7710.0,7852.15,,,P1,False
4662,False,False,,False,False,False,8005.0,7710.0,7852.15,,,P1,False
4663,True,False,,False,False,False,8005.0,7710.0,7852.15,,,P1,False
4664,True,False,,False,False,False,8005.0,7710.0,7852.15,,,P1,False
4665,True,False,,False,False,False,8005.0,7710.0,7852.15,,,P1,False
4666,True,False,,False,False,False,8005.0,7710.0,7852.15,,,P1,False
4667,True,False,,False,False,False,8005.0,7710.0,7852.15,,,P1,False
4668,True,False,,False,False,False,8005.0,7710.0,7852.15,,,P1,False
4669,True,True,zone,False,True,False,8005.0,7710.0,7852.15,7852.15,,P1,False
4670,True,False,,False,False,False,8005.0,7710.0,7852.15,,,P1,False
4671,True,False,,False,False,False,8005.0,7710.0,7852.15,,,P1,False
4672,True,False,,False,False,False,8005.0,7710.0,7852.15,,,P1,False
4673,False,False,,False,False,False,7762.0,7710.0,7852.15,,,P1,False
4674,False,False,,False,False,False,7762.0,7710.0,7852.15,,,P1,False
4675,False,False,,False,False,False,7762.0,7710.0,7852.15,,,P1,False
4676,False,False,,False,False,False,7762.0,7710.0,7852.15,,,P1,False
4677,False,False,,False,False,False,7762.0,7710.0,7852.15,,,P1,False
4678,False,False,,False,False,False,7762.0,7710.0,7852.15,,,P1,False
4679,False,False,,False,False,False,7762.0,7710.0,7852.15,,,P1,False
4680,False,False,,False,False,False,7762.0,7710.0,7852.15,,,P1,False
4681,False,False,,False,False,False,7762.0,7710.0,7852.15,,,P1,False
4682,False,False,,False,False,False,7762.0,7710.0,7852.15,,,P1,False
4683,False,False,,False,False,False,7762.0,7710.0,7852.15,,,P1,False
4684,False,False,,False,False,False,8088.75,7710.0,7852.15,,,P1,False
4685,False,False,,False,False,False,8088.75,7710.0,7852.15,,,P1,False
4686,False,False,,False,False,False,8088.75,7710.0,7852.15,,,P1,False
4687,False,False,,False,False,False,8088.75,7710.0,7852.15,,,P1,False
4688,False,False,,False,False,False,8088.75,7710.0,7852.15,,,P1,False
4689,False,False,,False,False,False,8088.75,7710.0,7852.15,,,P1,False
4690,False,False,,False,False,False,8088.75,7710.0,7852.15,,,P1,False
4691,False,False,,False,False,False,8088.75,7710.0,7852.15,,,P1,False
4692,False,False,,False,False,False,8088.75,7710.0,7852.15,,,P1,False
4693,False,False,,False,False,False,8088.75,7710.0,7852.15,,,P1,False
4694,False,False,,False,False,False,8414.52,7710.0,7852.15,,,P1,False
4695,False,False,,False,False,False,8414.52,7710.0,7852.15,,,P1,False
4696,False,False,,False,False,False,8414.52,7710.0,7852.15,,,P1,False
4697,False,False,,False,False,False,8414.52,7710.0,7852.15,,,P1,False
4698,False,False,,False,False,False,8414.52,7710.0,7852.15,,,P1,False
4699,False,False,,False,False,False,8414.52,7710.0,7852.15,,,P1,False
4700,False,False,,False,False,False,8414.52,7710.0,7852.15,,,P1,False
4701,False,False,,False,False,False,8414.52,7710.0,7852.15,,,P1,False
4702,False,False,,False,False,False,8212.38,7710.0,8151.22,,,P1,False
4703,False,False,,False,False,False,8212.38,7710.0,8151.22,,,P1,False
4704,False,False,,False,False,False,8212.38,7710.0,7852.15,,,P1,False
4705,False,False,,False,False,False,8212.38,7710.0,7852.15,,,P1,False
4706,False,False,,False,False,False,8212.38,7710.0,7852.15,,,P1,False
4707,False,False,,False,False,False,8212.38,7710.0,7852.15,,,P1,False
4708,False,False,,False,False,False,8212.38,7710.0,7852.15,,,P1,False
4709,False,False,,False,False,False,8276.33,7710.0,7852.15,,,P1,False
4710,False,False,,False,False,False,8276.33,7710.0,7762.0,,,P1,False
4711,False,False,,False,False,False,8276.33,7710.0,7852.15,,,P1,False
4712,False,False,,False,False,False,8276.33,7710.0,7852.15,,,P1,False
4713,False,False,,False,False,False,8276.33,7710.0,7852.15,,,P1,False
4714,False,False,,False,False,False,8160.0,7710.0,8160.0,,,P1,False
4715,False,False,,False,False,False,8160.0,7710.0,7762.0,,,P1,False
4716,False,False,,False,False,False,8160.0,7710.0,8160.0,,,P1,False
4717,False,False,,False,False,False,8160.0,7710.0,8160.0,,,P1,False
4718,False,False,,False,False,False,8160.0,7710.0,8160.0,,,P1,False
4719,False,False,,False,False,False,8203.0,7710.0,8203.0,,,P1,False
4720,False,False,,False,False,False,8203.0,7710.0,8203.0,,,P1,False
4721,False,False,,False,False,False,8203.0,7710.0,8160.0,,,P1,False
4722,False,False,,False,False,False,8203.0,7710.0,7852.15,,,P1,False
4723,False,False,,False,False,False,8203.0,7710.0,8160.0,,,P1,False
4724,False,False,,False,False,False,8203.0,7710.0,7762.0,,,P1,False
4725,False,False,,False,False,False,8090.0,7710.0,7762.0,,,P1,False
4726,False,False,,False,False,False,8090.0,7710.0,7762.0,,,P1,False
4727,False,False,,False,False,False,8090.0,7710.0,7852.15,,,P1,False
4728,False,False,,False,False,False,8090.0,7710.0,7852.15,,,P1,False
4729,False,False,,False,False,False,8090.0,7710.0,7762.0,,,P1,False
4730,False,False,,False,False,False,8090.0,7710.0,7762.0,,,P1,False
4731,False,False,,False,False,False,7917.0,7710.0,7890.0,,,P1,False
4732,False,False,,False,False,False,7917.0,7710.0,7890.0,,,P1,False
4733,False,False,,False,False,False,7917.0,7710.0,7890.0,,,P1,False
4734,False,False,,False,False,False,7917.0,7710.0,7890.0,,,P1,False
4735,False,False,,False,False,False,7917.0,7710.0,7890.0,,,P1,False
4736,False,False,,False,False,False,7917.0,7710.0,7890.0,,,P1,False
4737,False,False,swing|zone,False,True,False,7917.0,7710.0,7890.0,7917.0,,P1,False
4738,False,False,,False,False,False,7917.0,7710.0,7890.0,,,P1,False
4739,False,False,,False,False,False,7917.0,7710.0,7890.0,,,P1,False
4740,False,False,,False,False,False,7917.0,7710.0,7890.0,,,P1,False
4741,False,False,,False,False,False,7816.01,7710.0,7890.0,,,P1,False
4742,False,False,,False,False,False,7816.01,7710.0,7890.0,,,P1,False
4743,False,False,,False,False,False,7816.01,7710.0,7890.0,,,P1,False
4744,False,False,zone,False,True,False,7816.01,7710.0,7890.0,7890.0,,P1,False
4745,False,False,,False,False,False,7816.01,7710.0,7890.0,,,P1,False
4746,False,False,,False,False,False,7816.01,7710.0,7890.0,,,P1,False
4747,False,False,,False,False,False,7816.01,7710.0,7890.0,,,P1,False
4748,False,False,,False,False,False,7866.92,7710.0,7878.46,,,P1,False
4749,False,False,,False,False,False,7866.92,7710.0,7878.46,,,P1,False
4750,False,False,,False,False,False,7866.92,7710.0,7878.46,,,P1,False
4751,False,False,,False,False,False,7866.92,7762.0,8203.0,,,P1,False
4752,False,False,zone,False,True,False,7866.92,7762.0,8203.0,8203.0,,P1,False
4753,False,False,,False,False,False,7866.92,7762.0,8203.0,,,P1,False
4754,False,False,,False,False,False,7866.92,7762.0,8203.0,,,P1,False
4755,False,False,,False,False,False,7866.92,7762.0,8203.0,,,P1,False
4756,False,False,,False,False,False,7866.92,7762.0,8160.0,,,P1,False
4757,False,False,,False,False,False,7866.92,7762.0,8181.5,,,P1,False
4758,False,False,,False,False,False,7866.92,7762.0,8160.0,,,P1,False
4759,False,False,,False,False,False,7866.92,7762.0,8160.0,,,P1,False
4760,False,False,,False,False,False,7866.92,7762.0,8203.0,,,P1,False
4761,False,False,,False,False,False,8142.03,7762.0,8203.0,,,P1,False
4762,False,False,,False,False,False,8142.03,7762.0,8203.0,,,P1,False
4763,False,False,,False,False,False,8142.03,7762.0,8155.610000000001,,,P1,False
4764,False,False,,False,False,False,8142.03,7762.0,7878.46,,,P1,False
4765,False,False,,False,False,False,8142.03,7762.0,7878.46,,,P1,False
4766,False,False,,False,False,False,8142.03,7762.0,7878.46,,,P1,False
4767,False,False,,False,False,False,8142.03,7762.0,7878.46,,,P1,False
4768,True,False,,False,False,False,8142.03,7762.0,7750.0,,,P1,False
4769,True,False,,False,False,False,8142.03,7762.0,7750.0,,,P1,False
4770,True,False,,False,False,False,8142.03,7762.0,7750.0,,,P1,False
4771,True,False,,False,False,False,8142.03,7400.0,7750.0,,,P1,False
4772,True,False,,False,False,False,8142.03,7300.0,7750.0,,,P1,False
4773,True,False,,False,False,False,7300.0,7300.0,7750.0,,,P1,False
4774,True,False,,False,False,False,7300.0,7300.0,7750.0,,,P1,False
4775,True,False,,False,False,False,7300.0,7300.0,7750.0,,,P1,False
4776,True,False,,False,False,False,7300.0,7300.0,7750.0,,,P1,False
4777,True,False,,False,False,False,7300.0,7300.0,7750.0,,,P1,False
4778,True,False,,False,False,False,7300.0,7300.0,7750.0,,,P1,False
4779,True,False,,False,False,False,7300.0,7300.0,7750.0,,,P1,False
4780,False,False,,False,False,False,7300.0,7300.0,8203.0,,,P1,False
4781,False,False,,False,False,False,7300.0,7300.0,8212.38,,,P1,False
4782,False,False,,False,False,False,7361.0,7300.0,8212.38,,,P1,False
4783,False,False,,False,False,False,7361.0,7300.0,8212.38,,,P1,False
4784,False,False,,False,False,False,7361.0,7300.0,8203.0,,,P1,False
4785,False,False,,False,False,False,7361.0,7300.0,8203.0,,,P1,False
4786,False,False,,False,False,False,7361.0,7300.0,8203.0,,,P1,False
4787,False,False,,False,False,False,7361.0,7300.0,8203.0,,,P1,False
4788,False,False,,False,False,False,7361.0,7300.0,8203.0,,,P1,False
4789,False,False,,False,False,False,7361.0,7300.0,8203.0,,,P1,False
4790,False,False,,False,False,False,7361.0,7300.0,8203.0,,,P1,False
4791,False,False,,False,False,False,8855.5,7300.0,8203.0,,,P1,False
4792,False,False,,False,False,False,8855.5,7300.0,8203.0,,,P1,False
4793,False,False,,False,False,False,8855.5,7300.0,8203.0,,,P1,False
4794,False,False,,False,False,False,8855.5,7300.0,8203.0,,,P1,False
4795,False,False,,False,False,False,8855.5,7300.0,8203.0,,,P1,False
4796,False,False,,False,False,False,8855.5,7300.0,8203.0,,,P1,False
4797,False,False,,False,False,False,8855.5,7300.0,8203.0,,,P1,False
4798,False,False,,False,False,False,8855.5,7300.0,8203.0,,,P1,False
4799,False,False,,False,False,False,8855.5,7300.0,8203.0,,,P1,False
4800,False,False,,False,False,False,8855.5,7300.0,8203.0,,,P1,False
4801,False,False,,False,False,False,8855.5,7300.0,8203.0,,,P1,False
4802,False,False,,False,False,False,8855.5,7300.0,8203.0,,,P1,False
4803,False,False,,False,False,False,8855.5,7300.0,8203.0,,,P1,False
4804,False,False,,False,False,False,9160.0,7300.0,8203.0,,,P1,False
4805,False,False,,False,False,False,9160.0,7300.0,8203.0,,,P1,False
4806,False,False,,False,False,False,9160.0,7300.0,8203.0,,,P1,False
4807,False,False,,False,False,False,9160.0,7300.0,8203.0,,,P1,False
4808,False,False,,False,False,False,9160.0,7300.0,8181.5,,,P1,False
4809,False,False,,False,False,False,9072.0,7300.0,8203.0,,,P1,False
4810,False,False,,False,False,False,9072.0,7300.0,8203.0,,,P1,False
4811,False,False,,False,False,False,9072.0,7300.0,8203.0,,,P1,False
4812,False,False,,False,False,False,9072.0,7300.0,8203.0,,,P1,False
4813,False,False,,False,False,False,9072.0,7300.0,8207.689999999999,,,P1,False
4814,False,False,,False,False,False,9001.01,7300.0,9072.0,,,P1,False
4815,False,False,swing|zone,False,True,False,9001.01,7300.0,9072.0,9072.0,,P1,False
4816,False,False,,False,False,False,9001.01,7300.0,9072.0,,,P1,False
4817,False,False,,False,False,False,9001.01,7300.0,9072.0,,,P1,False
4818,False,False,zone,False,True,False,9001.01,7300.0,9072.0,9072.0,,P1,False
4819,False,False,,False,False,False,8913.0,7300.0,9001.01,,,P1,False
4820,False,False,,False,False,False,8913.0,7300.0,9072.0,,,P1,False
4821,False,False,,False,False,False,8913.0,7300.0,9072.0,,,P1,False
4822,False,False,,False,False,False,8913.0,7300.0,9072.0,,,P1,False
4823,False,False,,False,False,False,8913.0,7300.0,9072.0,,,P1,False
4824,False,False,,False,False,False,8913.0,7300.0,9072.0,,,P1,False
4825,False,False,,False,False,False,8913.0,7300.0,9072.0,,,P1,False
4826,False,False,,False,False,False,8913.0,7300.0,9072.0,,,P1,False
4827,False,False,,False,False,False,8913.0,7300.0,8212.38,,,P1,False
4828,False,False,,False,False,False,8913.0,7300.0,8212.38,,,P1,False
4829,False,False,,False,False,False,8913.0,7300.0,8212.38,,,P1,False
4830,False,False,,False,False,False,8913.0,7300.0,8212.38,,,P1,False
4831,False,False,,False,False,False,8913.0,7300.0,8212.38,,,P1,False
4832,False,False,,False,False,False,8913.0,7300.0,8212.38,,,P1,False
4833,False,False,,False,False,False,8913.0,7300.0,8181.5,,,P1,False
4834,False,False,,False,False,False,8913.0,7300.0,8181.5,,,P1,False
4835,False,False,,False,False,False,8913.0,7300.0,8203.0,,,P1,False
4836,False,False,,False,False,False,8913.0,7300.0,8203.0,,,P1,False
4837,False,False,,False,False,False,8913.0,7300.0,8203.0,,,P1,False
4838,False,False,,False,False,False,8913.0,7300.0,8203.0,,,P1,False
4839,False,False,,False,False,False,8913.0,7300.0,8203.0,,,P1,False
4840,False,False,,False,False,False,9066.14,7300.0,8203.0,,,P1,False
4841,False,False,,False,False,False,9066.14,7300.0,8181.5,,,P1,False
4842,False,False,,False,False,False,9066.14,7300.0,8181.5,,,P1,False
4843,False,False,,False,False,False,9066.14,7300.0,9066.14,,,P1,False
4844,False,False,,False,False,False,9066.14,7300.0,9066.14,,,P1,False
4845,False,False,,False,False,False,9066.14,7300.0,9066.14,,,P1,False
4846,False,False,,False,False,False,9066.14,7300.0,9066.14,,,P1,False
4847,False,False,,False,False,False,9066.14,7300.0,9066.14,,,P1,False
4848,False,False,,False,False,False,9175.76,7300.0,9066.14,,,P1,False
4849,False,False,,False,False,False,9175.76,7300.0,9066.14,,,P1,False
4850,False,False,,False,False,False,9175.76,7300.0,9066.14,,,P1,False
4851,False,False,,False,False,False,9175.76,7300.0,9066.14,,,P1,False
4852,False,False,,False,False,False,9175.76,7300.0,9066.14,,,P1,False
4853,False,False,,False,False,False,9175.76,7300.0,8203.0,,,P1,False
4854,False,False,,False,False,False,9175.76,7300.0,8181.5,,,P1,False
4855,False,False,,False,False,False,9175.76,7300.0,8181.5,,,P1,False
4856,False,False,,False,False,False,9175.76,7300.0,8203.0,,,P1,False
4857,False,False,,False,False,False,9175.76,7300.0,8203.0,,,P1,False
4858,False,False,swing,False,True,False,9175.76,7300.0,8203.0,9175.76,,P1,False
4859,False,False,,False,False,False,9175.76,7300.0,8203.0,,,P1,False
4860,False,False,swing,False,True,False,9175.76,7300.0,8203.0,9175.76,,P1,False
4861,False,False,,False,False,False,9175.76,7300.0,8203.0,,,P1,False
4862,False,False,,False,False,False,9175.76,7300.0,8203.0,,,P1,False
4863,False,False,,False,False,False,9175.76,7300.0,8203.0,,,P1,False
4864,False,False,,False,False,False,9175.76,7300.0,8181.5,,,P1,False
4865,False,False,,False,False,False,9175.76,7300.0,8203.0,,,P1,False
4866,False,False,,False,False,False,9175.76,7300.0,8203.0,,,P1,False
4867,False,False,,False,False,False,9175.76,7300.0,8203.0,,,P1,False
4868,True,False,,False,False,False,8696.0,7300.0,8203.0,,,P1,False
4869,True,False,,False,False,False,8696.0,7300.0,8203.0,,,P1,False
4870,True,False,,False,False,False,8696.0,7300.0,8203.0,,,P1,False
4871,True,False,,False,False,False,8696.0,7300.0,8181.5,,,P1,False
4872,True,False,,False,False,False,8696.0,7300.0,8181.5,,,P1,False
4873,True,False,,False,False,False,8696.0,7300.0,8203.0,,,P1,False
4874,False,False,,False,False,False,8696.0,7300.0,8203.0,,,P1,False
4875,True,False,,False,False,False,8724.88,7300.0,8203.0,,,P1,False
4876,True,False,,False,False,False,8724.88,7300.0,8203.0,,,P1,False
4877,False,False,,False,False,False,8724.88,7300.0,8203.0,,,P1,False
4878,False,False,,False,False,False,8724.88,7300.0,8203.0,,,P1,False
4879,False,False,,False,False,False,8724.88,7300.0,8181.5,,,P1,False
4880,True,False,,False,False,False,8724.88,7300.0,8203.0,,,P1,False
4881,True,False,,False,False,False,8724.88,7300.0,8207.689999999999,,,P1,False
4882,True,False,,False,False,False,8724.88,7300.0,8207.689999999999,,,P1,False
4883,True,False,,False,False,False,8724.88,7300.0,8207.689999999999,,,P1,False
4884,True,False,,False,False,False,8724.88,7300.0,8207.689999999999,,,P1,False
4885,True,False,,False,False,False,8618.68,7300.0,8203.0,,,P1,False
4886,False,False,,False,False,False,8618.68,7300.0,8203.0,,,P1,False
4887,False,False,,False,False,False,8618.68,7300.0,8203.0,,,P1,False
4888,True,True,swing,False,True,False,8618.68,7300.0,8203.0,8618.68,,P1,False
4889,False,False,,False,False,False,8618.68,7300.0,8207.689999999999,,,P1,False
4890,False,False,,False,False,False,8618.68,7300.0,8203.0,,,P1,False
4891,False,False,,False,False,False,8618.68,7300.0,8203.0,,,P1,False
4892,False,False,,False,False,False,8567.6,7337.99,8203.0,,,P1,False
4893,False,False,,False,False,False,8567.6,7337.99,8203.0,,,P1,False
4894,False,False,,False,False,False,8567.6,7337.99,8203.0,,,P1,False
4895,False,False,,False,False,False,8567.6,7361.0,8203.0,,,P1,False
4896,False,False,,False,False,False,8567.6,7361.0,8203.0,,,P1,False
4897,False,False,,False,False,False,8567.6,7361.0,8203.0,,,P1,False
4898,False,False,,False,False,False,8567.6,7361.0,8203.0,,,P1,False
4899,True,False,,False,False,False,8567.6,7361.0,8203.0,,,P1,False
4900,True,False,,False,False,False,8567.6,7361.0,8203.0,,,P1,False
4901,True,False,,False,False,False,8567.6,7439.0,8203.0,,,P1,False
4902,True,False,,False,False,False,8567.6,7578.0,8203.0,,,P1,False
4903,True,False,,False,False,False,8582.6,8247.3,8203.0,,,P1,False
4904,True,False,,False,False,False,8582.6,8470.38,8203.0,,,P1,False
4905,True,False,,False,False,False,8582.6,8470.38,8582.6,,,P1,False
4906,True,False,,False,False,False,8582.6,8517.0,8203.0,,,P1,False
4907,True,False,,False,False,False,8582.6,8517.0,8203.0,,,P1,False
4908,True,False,,False,False,False,8582.6,8517.0,8203.0,,,P1,False
4909,True,False,,False,False,False,8582.6,8400.0,8203.0,,,P1,False
4910,True,False,,False,False,False,8582.6,8400.0,8203.0,,,P1,False
4911,True,False,,False,False,False,8582.6,8400.0,8203.0,,,P1,False
4912,True,False,,False,False,False,8582.6,8400.0,8203.0,,,P1,False
4913,True,False,,False,False,False,8582.6,8400.0,8203.0,,,P1,False
4914,True,False,,False,False,False,8582.6,8400.0,8203.0,,,P1,False
4915,True,False,,False,False,False,8582.6,8400.0,8203.0,,,P1,False
4916,True,False,,False,False,False,8582.6,8400.0,8203.0,,,P1,False
4917,False,False,,False,False,False,8582.6,8400.0,8203.0,,,P1,False
4918,False,False,,False,False,False,8582.6,8400.0,8203.0,,,P1,False
4919,False,False,,False,False,False,8582.6,8400.0,8203.0,,,P1,False
4920,False,False,,False,False,False,8582.6,8350.68,8203.0,,,P1,False
4921,False,False,,False,False,False,8350.68,8350.68,8203.0,,,P1,False
4922,False,False,,False,False,False,8350.68,8350.68,8203.0,,,P1,False
4923,False,False,,False,False,False,8350.68,8350.68,8203.0,,,P1,False
4924,False,False,,False,False,False,8350.68,8350.68,8203.0,,,P1,False
4925,True,False,,False,False,False,8350.68,8350.68,8203.0,,,P1,False
4926,True,False,,False,False,False,8350.68,8350.68,8181.5,,,P1,False
4927,True,False,,False,False,False,8350.68,8350.68,8142.03,,,P1,False
4928,True,False,,False,False,False,8350.68,8060.0,7866.92,,,P1,False
4929,True,False,,False,False,False,8060.0,8060.0,7866.92,,,P1,False
4930,True,True,swing|nbar|zone,False,True,False,8060.0,8060.0,8090.0,8090.0,,P1,False
4931,True,False,,False,False,False,8060.0,8060.0,8090.0,,,P1,False
4932,True,False,,False,False,False,8060.0,8003.0,8090.0,,,P1,False
4933,True,False,,False,False,False,8003.0,8003.0,8090.0,,,P1,False
4934,True,False,,False,False,False,8003.0,8003.0,8090.0,,,P1,False
4935,True,False,,False,False,False,8003.0,8003.0,7866.92,,,P1,False
4936,True,False,,False,False,False,8003.0,8003.0,8090.0,,,P1,False
4937,True,False,,False,False,False,8003.0,8003.0,7866.92,,,P1,False
4938,True,False,,False,False,False,8003.0,8003.0,8090.0,,,P1,False
4939,True,False,,False,False,False,8038.4,8003.0,8075.0,,,P1,False
4940,True,False,,False,False,False,8038.4,8003.0,8060.0,,,P1,False
4941,True,False,,False,False,False,8038.4,8003.0,8038.4,,,P1,False
4942,True,False,,False,False,False,8038.4,8003.0,7866.92,,,P1,False
4943,True,False,,False,False,False,8038.4,8003.0,7866.92,,,P1,False
4944,True,False,,False,False,False,8038.4,7855.0,7866.92,,,P1,False
4945,True,False,,False,False,False,8038.4,7500.0,7866.92,,,P1,False
4946,True,True,swing|nbar,True,True,True,7500.0,7500.0,7866.92,7500.0,7500.0,P1,False
4947,True,False,,False,False,False,7500.0,7500.0,7866.92,,,P1,False
4948,True,False,,True,False,True,7500.0,7500.0,7866.92,,7500.0,P1,False
4949,True,False,,False,False,False,7500.0,7401.0,7866.92,,,P1,False
4950,True,False,,False,False,False,7500.0,6940.0,7866.92,,,P1,False
4951,False,False,,False,False,False,7500.0,6790.0,7866.92,,,P1,False
4952,False,False,,False,False,False,6790.0,6790.0,7866.92,,,P1,False
4953,False,False,,False,False,False,6790.0,6790.0,7866.92,,,P1,False
4954,False,False,,False,False,False,6790.0,6790.0,7866.92,,,P1,False
4955,False,False,,False,False,False,6790.0,6790.0,7866.92,,,P1,False
4956,False,False,,False,False,False,6790.0,6790.0,7866.92,,,P1,False
4957,True,False,,False,False,False,7080.01,6790.0,7866.92,,,P1,False
4958,True,False,,False,False,False,7080.01,6790.0,7866.92,,,P1,False
4959,True,False,,False,False,False,7080.01,6790.0,7866.92,,,P1,False
4960,True,False,,False,False,False,7080.01,6790.0,7866.92,,,P1,False
4961,True,False,,False,False,False,7080.01,6790.0,7866.92,,,P1,False
4962,True,False,,False,False,False,7080.01,6790.0,7866.92,,,P1,False
4963,True,False,,False,False,False,7080.01,6790.0,7866.92,,,P1,False
4964,True,False,,False,False,False,7080.01,6790.0,7866.92,,,P1,False
4965,True,False,,False,False,False,7080.01,6790.0,7866.92,,,P1,False
4966,True,False,,False,False,False,7080.01,6615.0,7866.92,,,P1,False
4967,True,False,,False,False,False,7080.01,6515.0,7866.92,,,P1,False
4968,False,False,,False,False,False,6515.0,6515.0,8038.4,,,P1,False
4969,False,False,,False,False,False,6515.0,6515.0,8038.4,,,P1,False
4970,False,False,,False,False,False,6515.0,6515.0,8038.4,,,P1,False
4971,False,False,,False,False,False,6515.0,6515.0,8038.4,,,P1,False
4972,False,False,,False,False,False,6515.0,6515.0,8038.4,,,P1,False
4973,False,False,,False,False,False,6515.0,6515.0,8038.4,,,P1,False
4974,False,False,,False,False,False,6515.0,6515.0,8038.4,,,P1,False
4975,False,False,,False,False,False,6515.0,6515.0,8038.4,,,P1,False
4976,False,False,,False,False,False,7017.48,6515.0,8038.4,,,P1,False
4977,False,False,swing,False,True,True,7017.48,6515.0,8038.4,7017.48,7017.48,P1,False
4978,False,False,,False,False,False,7017.48,6515.0,8038.4,,,P1,False
4979,False,False,,False,False,False,7017.48,6515.0,8038.4,,,P1,False
4980,False,False,,False,False,False,7017.48,6515.0,8038.4,,,P1,False
4981,False,False,,False,False,False,6840.0,6515.0,8038.4,,,P1,False
4982,False,False,,False,False,False,6840.0,6515.0,8038.4,,,P1,False
4983,False,False,,False,False,False,6840.0,6515.0,8038.4,,,P1,False
4984,False,False,,False,False,False,6840.0,6515.0,8038.4,,,P1,False
4985,False,False,,False,False,False,6840.0,6515.0,8038.4,,,P1,False
4986,False,False,,False,False,False,6840.0,6515.0,8038.4,,,P1,False
4987,False,False,,False,False,False,6840.0,6515.0,8038.4,,,P1,False
4988,False,False,,False,False,False,6840.0,6515.0,8038.4,,,P1,False
4989,False,False,,False,False,False,6840.0,6515.0,8038.4,,,P1,False
4990,False,False,,False,False,False,7360.0,6515.0,7360.0,,,P1,False
4991,False,False,,False,False,False,7360.0,6515.0,7360.0,,,P1,False
4992,False,False,,False,False,False,7360.0,6515.0,7360.0,,,P1,False
4993,False,False,,False,False,False,7360.0,6515.0,7360.0,,,P1,False
4994,False,False,,False,False,False,7360.0,6515.0,7360.0,,,P1,False
4995,False,False,,False,False,False,7360.0,6515.0,7360.0,,,P1,False
4996,False,False,,False,False,False,7360.0,6515.0,7360.0,,,P1,False
4997,False,False,,False,False,False,7360.0,6515.0,7360.0,,,P1,False
4998,False,False,,False,False,False,7360.0,6515.0,7360.0,,,P1,False
4999,False,False,,False,False,False,7360.0,6515.0,7360.0,,,P1,False
5000,False,False,,False,False,False,7360.0,6515.0,7360.0,,,P1,False
5001,False,False,,False,False,False,7360.0,6515.0,7360.0,,,P1,False
5002,False,False,,False,False,False,7360.0,6515.0,7360.0,,,P1,False
5003,False,False,,False,False,False,7360.0,6515.0,7360.0,,,P1,False
5004,False,False,,False,False,False,7360.0,6515.0,7360.0,,,P1,False
5005,False,False,,False,False,False,7210.0,6515.0,7360.0,,,P1,False
5006,False,False,,False,False,False,7210.0,6515.0,7360.0,,,P1,False
5007,False,False,,False,False,False,7210.0,6515.0,7360.0,,,P1,False
5008,False,False,,False,False,False,7210.0,6515.0,7360.0,,,P1,False
5009,False,False,,False,False,False,7210.0,6515.0,7360.0,,,P1,False
5010,False,False,,False,False,False,7151.1,6515.0,7151.1,,,P1,False
5011,False,False,,False,False,False,7151.1,6515.0,7151.1,,,P1,False
5012,False,False,,False,False,False,7151.1,6515.0,7151.1,,,P1,False
5013,False,False,,False,False,False,7151.1,6515.0,7151.1,,,P1,False
5014,False,False,,False,False,False,7151.1,6515.0,8038.4,,,P1,False
5015,False,False,,False,False,False,7151.1,6515.0,8038.4,,,P1,False
5016,False,False,,False,False,False,7151.1,6515.0,8038.4,,,P1,False
5017,True,False,,False,False,False,7241.35,6515.0,7210.0,,,P1,False
5018,True,False,,False,False,False,7241.35,6515.0,7210.0,,,P1,False
5019,True,False,,False,False,False,7241.35,6515.0,7210.0,,,P1,False
5020,False,False,,False,False,False,7241.35,6515.0,7210.0,,,P1,False
5021,False,False,,False,False,False,7241.35,6515.0,7210.0,,,P1,False
5022,True,False,,False,False,False,7241.35,6515.0,7151.1,,,P1,False
5023,False,False,,False,False,False,7067.0,6515.0,7210.0,,,P1,False
5024,False,False,,False,False,False,7067.0,6515.0,7210.0,,,P1,False
5025,False,False,,False,False,False,7067.0,6515.0,7210.0,,,P1,False
5026,False,False,,False,False,False,7067.0,6515.0,7210.0,,,P1,False
5027,False,False,,False,False,False,7067.0,6515.0,7210.0,,,P1,False
5028,False,False,,False,False,False,7067.0,6515.0,7210.0,,,P1,False
5029,False,False,,False,False,False,7067.0,6515.0,7210.0,,,P1,False
5030,False,False,,False,False,False,7067.0,6515.0,7210.0,,,P1,False
5031,False,False,,False,False,False,7067.0,6515.0,7210.0,,,P1,False
5032,False,False,,False,False,False,7067.0,6515.0,7210.0,,,P1,False
5033,False,False,,False,False,False,7067.0,6515.0,7210.0,,,P1,False
5034,False,False,,False,False,False,7067.0,6515.0,7210.0,,,P1,False
5035,False,False,,False,False,False,7305.0,6515.0,7305.0,,,P1,False
5036,False,False,,False,False,False,7305.0,6515.0,7305.0,,,P1,False
5037,False,False,,False,False,False,7305.0,6515.0,7305.0,,,P1,False
5038,False,False,,False,False,False,7305.0,6515.0,7305.0,,,P1,False
5039,False,False,,False,False,False,7305.0,6515.0,7305.0,,,P1,False
5040,False,False,,False,False,False,7305.0,6515.0,7210.0,,,P1,False
5041,False,False,,False,False,False,7305.0,6515.0,7210.0,,,P1,False
5042,False,False,,False,False,False,7305.0,6515.0,7210.0,,,P1,False
5043,False,False,,False,False,False,7305.0,6515.0,7067.0,,,P1,False
5044,False,False,,False,False,False,7305.0,6515.0,7210.0,,,P1,False
5045,False,False,,False,False,False,7374.86,6515.0,7360.0,,,P1,False
5046,False,False,,False,False,False,7374.86,6515.0,7360.0,,,P1,False
5047,False,False,,False,False,False,7374.86,6515.0,7067.0,,,P1,False
5048,False,False,,False,False,False,7374.86,6515.0,7067.0,,,P1,False
5049,False,False,,False,False,False,7374.86,6515.0,7067.0,,,P1,False
5050,False,False,,False,False,False,7374.86,6515.0,7067.0,,,P1,False
5051,False,False,,False,False,False,7374.86,6515.0,7360.0,,,P1,False
5052,False,False,,False,False,False,7374.86,6515.0,7067.0,,,P1,False
5053,False,False,,False,False,False,7374.86,6515.0,7067.0,,,P1,False
5054,False,False,,False,False,False,7374.86,6515.0,7067.0,,,P1,False
5055,False,False,,False,False,False,7374.86,6515.0,7067.0,,,P1,False
5056,False,False,,False,False,False,7273.0,6515.0,7067.0,,,P1,False
5057,False,False,,False,False,False,7273.0,6515.0,7067.0,,,P1,False
5058,False,False,,False,False,False,7273.0,6515.0,7067.0,,,P1,False
5059,False,False,,False,False,False,7273.0,6515.0,7067.0,,,P1,False
5060,False,False,,False,False,False,7273.0,6515.0,7067.0,,,P1,False
5061,False,False,,False,False,False,7157.1,6515.0,7067.0,,,P1,False
5062,False,False,,False,False,False,7157.1,6515.0,7241.35,,,P1,False
5063,False,False,,False,False,False,7157.1,6515.0,7241.35,,,P1,False
5064,False,False,,False,False,False,7157.1,6515.0,7241.35,,,P1,False
5065,False,False,,False,False,False,7157.1,6515.0,7241.35,,,P1,False
5066,False,False,,False,False,False,7157.1,6515.0,7067.0,,,P1,False
5067,False,False,,False,False,False,7157.1,6515.0,7241.35,,,P1,False
5068,False,False,swing,False,True,False,7157.1,6515.0,7241.35,7157.1,,P1,False
5069,False,False,,False,False,False,7080.3,6515.0,7080.01,,,P1,False
5070,False,False,,False,False,False,7080.3,6515.0,7080.01,,,P1,False
5071,False,False,,False,False,False,7080.3,6515.0,7080.01,,,P1,False
5072,False,False,,False,False,False,7080.3,6515.0,7080.01,,,P1,False
5073,False,False,,False,False,False,7080.3,6515.0,7080.01,,,P1,False
5074,False,False,,False,False,False,7080.3,6515.0,7241.35,,,P1,False
5075,False,False,,False,False,False,7080.3,6515.0,7241.35,,,P1,False
5076,False,False,,False,False,False,7080.3,6515.0,7241.35,,,P1,False
5077,False,False,,False,False,False,7080.3,6515.0,7241.35,,,P1,False
5078,False,False,,False,False,False,7080.3,6515.0,7241.35,,,P1,False
5079,False,False,,False,False,False,7080.3,6515.0,7080.01,,,P1,False
5080,False,False,,False,False,False,7080.3,6515.0,7080.01,,,P1,False
5081,False,False,,False,False,False,7080.3,6515.0,7080.01,,,P1,False
5082,False,False,,False,False,False,7080.3,6515.0,7080.01,,,P1,False
5083,False,False,,False,False,False,7080.3,6515.0,7080.01,,,P1,False
5084,False,False,,False,False,False,7080.3,6515.0,7080.01,,,P1,False
5085,False,False,,False,False,False,7080.3,6515.0,7080.01,,,P1,False
5086,False,False,swing|zone,False,True,False,7080.3,6515.0,7080.01,7080.3,,P1,False
5087,False,False,,False,False,False,7008.35,6632.98,7080.01,,,P1,False
5088,False,False,,False,False,False,7008.35,6840.0,7080.01,,,P1,False
5089,False,False,,False,False,False,7008.35,6840.0,7080.01,,,P1,False
5090,False,False,,False,False,False,7008.35,6840.0,7080.01,,,P1,False
5091,False,False,,False,False,False,7008.35,6840.0,7080.01,,,P1,False
5092,False,False,,False,False,False,7008.35,6840.0,7080.01,,,P1,False
5093,True,False,,False,False,False,7008.35,6840.0,7080.01,,,P1,False
5094,True,False,,False,False,False,7008.35,6840.0,7080.01,,,P1,False
5095,True,False,,False,False,False,7008.35,6840.0,7080.01,,,P1,False
5096,True,False,,False,False,False,7008.35,6840.0,7080.01,,,P1,False
5097,False,False,,False,False,False,7008.35,6836.0,7080.01,,,P1,False
5098,True,False,,False,False,False,6836.0,6836.0,7080.01,,,P1,False
5099,True,False,,False,False,False,6836.0,6836.0,6836.0,,,P1,False
5100,True,False,,False,False,False,6836.0,6836.0,6836.0,,,P1,False
5101,True,False,,False,False,False,6836.0,6685.0,6836.0,,,P1,False
5102,True,False,,False,False,False,6836.0,6590.21,6836.0,,,P1,False
5103,True,False,,False,False,False,6836.0,6560.0,6836.0,,,P1,False
5104,True,False,,False,False,False,6560.0,6560.0,6836.0,,,P1,False
5105,False,False,,False,False,False,6560.0,6560.0,6836.0,,,P1,False
5106,False,False,,False,False,False,6560.0,6560.0,7257.175,,,P1,False
5107,False,False,,False,False,False,6560.0,6435.0,7151.1,,,P1,False
5108,False,False,,False,False,False,6435.0,6435.0,7080.01,,,P1,False
5109,False,False,,False,False,False,6435.0,6435.0,7080.01,,,P1,False
5110,False,False,zone,False,True,False,6435.0,6435.0,7080.01,7080.01,,P1,False
5111,False,False,,False,False,False,6435.0,6435.0,7151.1,,,P1,False
5112,False,False,,False,False,False,6435.0,6435.0,7080.01,,,P1,False
5113,False,False,,False,False,False,6435.0,6435.0,7073.505,,,P1,False
5114,False,False,,False,False,False,6435.0,6435.0,7080.01,,,P1,False
5115,False,False,,False,False,False,6435.0,6435.0,7073.505,,,P1,False
5116,False,False,,False,False,False,6435.0,6435.0,7073.505,,,P1,False
5117,False,False,,False,False,False,6435.0,6435.0,7157.1,,,P1,False
5118,False,False,,False,False,False,6435.0,6435.0,7157.1,,,P1,False
5119,False,False,,False,False,False,6435.0,6435.0,7080.01,,,P1,False
5120,False,False,,False,False,False,6435.0,6435.0,7080.01,,,P1,False
5121,False,False,,False,False,False,6435.0,6435.0,7080.01,,,P1,False
5122,False,False,,False,False,False,6435.0,6435.0,7080.01,,,P1,False
5123,False,False,,False,False,False,6435.0,6435.0,7080.01,,,P1,False
5124,False,False,,False,False,False,6435.0,6435.0,7080.01,,,P1,False
5125,False,False,,False,False,False,7105.0,6435.0,7080.3,,,P1,False
5126,False,False,,False,False,False,7105.0,6435.0,7080.155000000001,,,P1,False
5127,False,False,,False,False,False,7105.0,6435.0,7080.155000000001,,,P1,False
5128,False,False,,False,False,False,7105.0,6435.0,7080.155000000001,,,P1,False
5129,False,False,,False,False,False,7105.0,6435.0,7273.0,,,P1,False
5130,False,False,,False,False,False,7105.0,6435.0,7273.0,,,P1,False
5131,False,False,,False,False,False,7105.0,6435.0,7273.0,,,P1,False
5132,False,False,,False,False,False,7105.0,6435.0,7273.0,,,P1,False
5133,False,False,,False,False,False,7105.0,6435.0,7273.0,,,P1,False
5134,False,False,,False,False,False,7105.0,6435.0,7273.0,,,P1,False
5135,False,False,,False,False,False,7105.0,6435.0,7273.0,,,P1,False
5136,False,False,,False,False,False,7105.0,6435.0,7305.0,,,P1,False
5137,False,False,,False,False,False,7105.0,6435.0,7305.0,,,P1,False
5138,False,False,,False,False,False,7105.0,6435.0,7241.35,,,P1,False
5139,False,False,,False,False,False,7105.0,6435.0,7360.0,,,P1,False
5140,False,False,,False,False,False,7105.0,6435.0,7273.0,,,P1,False
5141,False,False,zone,False,True,False,7105.0,6435.0,7210.0,7210.0,,P1,False
5142,False,False,,False,False,False,7105.0,6435.0,7210.0,,,P1,False
5143,False,False,,False,False,False,7105.0,6435.0,7210.0,,,P1,False
5144,False,False,,False,False,False,7105.0,6435.0,7241.35,,,P1,False
5145,False,False,,False,False,False,7157.04,6435.0,7157.1,,,P1,False
5146,False,False,,False,False,False,7157.04,6435.0,7183.55,,,P1,False
5147,False,False,,False,False,False,7157.04,6435.0,7183.55,,,P1,False
5148,False,False,,False,False,False,7157.04,6435.0,7183.55,,,P1,False
5149,False,False,,False,False,False,7157.04,6435.0,7157.04,,,P1,False
5150,False,False,,False,False,False,7157.04,6435.0,7183.55,,,P1,False
5151,False,False,,False,False,False,7128.86,6435.0,7154.07,,,P1,False
5152,False,False,,False,False,False,7128.86,6435.0,7154.07,,,P1,False
5153,False,False,,False,False,False,7128.86,6435.0,7273.0,,,P1,False
5154,False,False,,False,False,False,7128.86,6435.0,7183.55,,,P1,False
5155,False,False,,False,False,False,7128.86,6435.0,7183.55,,,P1,False
5156,False,False,,False,False,False,7128.86,6435.0,7183.55,,,P1,False
5157,False,False,,False,False,False,7128.86,6435.0,7128.86,,,P1,False
5158,False,False,,False,False,False,7128.86,6435.0,7183.55,,,P1,False
5159,False,False,,False,False,False,7128.86,6435.0,7183.55,,,P1,False
5160,False,False,,False,False,False,7128.86,6435.0,7241.35,,,P1,False
5161,False,False,,False,False,False,7076.42,6435.0,7273.0,,,P1,False
5162,False,False,,False,False,False,7076.42,6435.0,7273.0,,,P1,False
5163,False,False,,False,False,False,7076.42,6435.0,7273.0,,,P1,False
5164,False,False,,False,False,False,7076.42,6435.0,7273.0,,,P1,False
5165,False,False,,False,False,False,7076.42,6435.0,7273.0,,,P1,False
5166,False,False,,False,False,False,7076.42,6435.0,7273.0,,,P1,False
5167,False,False,,False,False,False,7076.42,6435.0,7273.0,,,P1,False
5168,False,False,,False,False,False,7076.42,6435.0,7273.0,,,P1,False
5169,False,False,,False,False,False,7076.42,6435.0,7273.0,,,P1,False
5170,False,False,,False,False,False,7076.42,6435.0,7273.0,,,P1,False
5171,False,False,,False,False,False,7076.42,6435.0,7273.0,,,P1,False
5172,False,False,,False,False,False,7076.42,6435.0,7273.0,,,P1,False
5173,False,False,,False,False,False,7076.42,6435.0,7273.0,,,P1,False
5174,False,False,,False,False,False,7076.42,6435.0,7273.0,,,P1,False
5175,False,False,,False,False,False,7076.42,6435.0,7273.0,,,P1,False
5176,False,False,,False,False,False,7076.42,6435.0,7241.35,,,P1,False
5177,False,False,,False,False,False,7076.42,6435.0,7154.07,,,P1,False
5178,False,False,,False,False,False,7076.42,6435.0,7241.35,,,P1,False
5179,False,False,,False,False,False,7076.42,6435.0,7154.07,,,P1,False
5180,False,False,,False,False,False,7076.42,6435.0,7241.35,,,P1,False
5181,False,False,,False,False,False,7076.42,6435.0,7241.35,,,P1,False
5182,False,False,,False,False,False,7076.42,6435.0,7154.07,,,P1,False
5183,False,False,,False,False,False,7076.42,6435.0,7154.07,,,P1,False
5184,False,False,,False,False,False,7076.42,6435.0,7154.07,,,P1,False
5185,False,False,,False,False,False,7076.42,6435.0,7154.07,,,P1,False
5186,False,False,,False,False,False,7076.42,6435.0,7154.07,,,P1,False
5187,False,False,,False,False,False,7145.01,6435.0,7151.1,,,P1,False
5188,False,False,,False,False,False,7145.01,6435.0,7151.1,,,P1,False
5189,False,False,,False,False,False,7145.01,6435.0,7151.1,,,P1,False
5190,False,False,,False,False,False,7145.01,6435.0,7151.1,,,P1,False
5191,False,False,,False,False,False,7145.01,6435.0,7080.3,,,P1,False
5192,False,False,,False,False,False,7145.01,6435.0,7080.3,,,P1,False
5193,False,False,,False,False,False,7145.01,6435.0,7080.3,,,P1,False
5194,False,False,,False,False,False,7145.01,6435.0,7092.65,,,P1,False
5195,False,False,,False,False,False,7145.01,6435.0,7076.42,,,P1,False
5196,False,False,,False,False,False,7145.01,6435.0,7078.360000000001,,,P1,False
5197,False,False,,False,False,False,7145.01,6435.0,7078.360000000001,,,P1,False
5198,False,False,,False,False,False,7145.01,6435.0,7151.1,,,P1,False
5199,False,False,,False,False,False,7145.01,6435.0,7273.0,,,P1,False
5200,False,False,zone,False,True,False,7145.01,6435.0,7273.0,7273.0,,P1,False
5201,False,False,,False,False,False,6871.04,6435.0,7273.0,,,P1,False
5202,False,False,zone,False,True,False,6871.04,6435.0,7273.0,7273.0,,P1,False
5203,False,False,,False,False,False,6871.04,6435.0,7273.0,,,P1,False
5204,False,False,,False,False,False,6871.04,6435.0,7273.0,,,P1,False
5205,False,False,,False,False,False,6871.04,6435.0,7273.0,,,P1,False
5206,False,False,,False,False,False,6871.04,6435.0,7273.0,,,P1,False
5207,False,False,,False,False,False,6871.04,6435.0,7273.0,,,P1,False
5208,False,False,,False,False,False,6871.04,6435.0,7273.0,,,P1,False
5209,False,False,,False,False,False,6871.04,6435.0,7273.0,,,P1,False
5210,False,False,,False,False,False,6871.04,6435.0,7273.0,,,P1,False
5211,False,False,,False,False,False,7272.21,6435.0,7273.0,,,P1,False
5212,False,False,,False,False,False,7272.21,6435.0,7273.0,,,P1,False
5213,False,False,,False,False,False,7272.21,6435.0,7273.0,,,P1,False
5214,False,False,,False,False,False,7272.21,6435.0,7273.0,,,P1,False
5215,False,False,,False,False,False,7272.21,6435.0,7273.0,,,P1,False
5216,False,False,,False,False,False,7272.21,6435.0,7273.0,,,P1,False
5217,False,False,,False,False,False,7272.21,6435.0,7273.0,,,P1,False
5218,False,False,,False,False,False,7318.0,6435.0,7360.0,,,P1,False
5219,False,False,,False,False,False,7318.0,6435.0,7360.0,,,P1,False
5220,False,False,,False,False,False,7318.0,6435.0,7360.0,,,P1,False
5221,False,False,,False,False,False,7318.0,6435.0,7360.0,,,P1,False
5222,False,False,,False,False,False,7318.0,6435.0,7360.0,,,P1,False
5223,False,False,,False,False,False,7318.0,6435.0,7360.0,,,P1,False
5224,False,False,,False,False,False,7318.0,6435.0,7360.0,,,P1,False
5225,False,False,,False,False,False,7318.0,6435.0,7360.0,,,P1,False
5226,False,False,,False,False,False,7318.0,6435.0,7339.0,,,P1,False
5227,False,False,,False,False,False,7318.0,6770.0,7318.0,,,P1,False
5228,False,False,,False,False,False,7318.0,6871.04,7318.0,,,P1,False
5229,False,False,,False,False,False,7723.71,6871.04,7318.0,,,P1,False
5230,False,False,,False,False,False,7723.71,6871.04,7318.0,,,P1,False
5231,False,False,,False,False,False,7723.71,6871.04,7318.0,,,P1,False
5232,False,False,,False,False,False,7723.71,6871.04,7318.0,,,P1,False
5233,False,False,,False,False,False,7723.71,6871.04,7318.0,,,P1,False
5234,False,False,,False,False,False,7723.71,6871.04,7318.0,,,P1,False
5235,False,False,,False,False,False,7723.71,6871.04,7318.0,,,P1,False
5236,False,False,,False,False,False,7723.71,6871.04,7318.0,,,P1,False
5237,False,False,,False,False,False,7723.71,6871.04,7318.0,,,P1,False
5238,False,False,,False,False,False,7723.71,6871.04,7318.0,,,P1,False
5239,False,False,,False,False,False,7723.71,6871.04,7318.0,,,P1,False
5240,False,False,,False,False,False,7723.71,6871.04,7318.0,,,P1,False
5241,False,False,,False,False,False,7723.71,6871.04,7318.0,,,P1,False
5242,False,False,,False,False,False,7723.71,6871.04,7318.0,,,P1,False
5243,False,False,,False,False,False,7723.71,6871.04,7318.0,,,P1,False
5244,False,False,,False,False,False,7723.71,6871.04,7318.0,,,P1,False
5245,False,False,,False,False,False,7672.0,6871.04,7318.0,,,P1,False
5246,False,False,,False,False,False,7672.0,6871.04,7318.0,,,P1,False
5247,False,False,,False,False,False,7672.0,6871.04,7318.0,,,P1,False
5248,False,False,,False,False,False,7672.0,6871.04,7318.0,,,P1,False
5249,False,False,,False,False,False,7672.0,6871.04,7318.0,,,P1,False
5250,False,False,,False,False,False,7672.0,6871.04,7318.0,,,P1,False
5251,False,False,,False,False,False,7672.0,6871.04,7318.0,,,P1,False
5252,False,False,,False,False,False,7672.0,6871.04,7318.0,,,P1,False
5253,False,False,,False,False,False,7672.0,6871.04,7318.0,,,P1,False
5254,False,False,,False,False,False,7672.0,6871.04,7318.0,,,P1,False
5255,False,False,,False,False,False,7960.0,6871.04,7318.0,,,P1,False
5256,False,False,,False,False,False,7960.0,6871.04,7318.0,,,P1,False
5257,False,False,,False,False,False,7960.0,6871.04,7318.0,,,P1,False
5258,False,False,,False,False,False,7960.0,6871.04,7318.0,,,P1,False
5259,False,False,,False,False,False,7960.0,6871.04,7305.0,,,P1,False
5260,False,False,,False,False,False,7960.0,6871.04,7305.0,,,P1,False
5261,False,False,,False,False,False,7960.0,6871.04,7305.0,,,P1,False
5262,False,False,,False,False,False,7960.0,6871.04,7305.0,,,P1,False
5263,False,False,,False,False,False,7960.0,6871.04,7305.0,,,P1,False
5264,False,False,,False,False,False,8055.89,6871.04,7305.0,,,P1,False
5265,False,False,,False,False,False,8055.89,6871.04,7305.0,,,P1,False
5266,False,False,,False,False,False,8055.89,6871.04,7305.0,,,P1,False
5267,False,False,,False,False,False,8055.89,6871.04,7318.0,,,P1,False
5268,False,False,,False,False,False,8055.89,6871.04,7318.0,,,P1,False
5269,False,False,,False,False,False,8055.89,6871.04,7318.0,,,P1,False
5270,False,False,,False,False,False,8055.89,6871.04,7318.0,,,P1,False
5271,False,False,,False,False,False,8055.89,6871.04,7318.0,,,P1,False
5272,False,False,,False,False,False,8055.89,6871.04,7295.5,,,P1,False
5273,False,False,,False,False,False,8055.89,6871.04,7295.5,,,P1,False
5274,False,False,,False,False,False,8055.89,6871.04,7295.5,,,P1,False
5275,False,False,,False,False,False,8055.89,6871.04,7295.5,,,P1,False
5276,False,False,,False,False,False,8055.89,6871.04,7295.5,,,P1,False
5277,False,False,,False,False,False,8055.89,6871.04,7295.5,,,P1,False
5278,False,False,,False,False,False,8055.89,6871.04,7295.5,,,P1,False
5279,False,False,,False,False,False,8586.0,6871.04,7295.5,,,P1,False
5280,False,False,,False,False,False,8586.0,6871.04,7295.5,,,P1,False
5281,False,False,,False,False,False,8586.0,6871.04,7295.5,,,P1,False
5282,False,False,,False,False,False,8586.0,6871.04,7273.0,,,P1,False
5283,False,False,,False,False,False,8586.0,6871.04,7273.0,,,P1,False
5284,False,False,,False,False,False,8586.0,6871.04,7273.0,,,P1,False
5285,False,False,,False,False,False,8586.0,6871.04,7273.0,,,P1,False
5286,False,False,,False,False,False,8586.0,6871.04,7273.0,,,P1,False
5287,False,False,,False,False,False,8586.0,6871.04,7273.0,,,P1,False
5288,False,False,,False,False,False,8586.0,6871.04,7273.0,,,P1,False
5289,False,False,,False,False,False,8586.0,6871.04,7273.0,,,P1,False
5290,False,False,,False,False,False,8586.0,6871.04,7273.0,,,P1,False
5291,False,False,,False,False,False,8586.0,6871.04,7273.0,,,P1,False
5292,False,False,,False,False,False,8806.38,6871.04,7273.0,,,P1,False
5293,False,False,,False,False,False,8806.38,6871.04,7145.01,,,P1,False
5294,False,False,,False,False,False,8806.38,6871.04,7145.01,,,P1,False
5295,False,False,,False,False,False,8806.38,6871.04,7145.01,,,P1,False
5296,False,False,,False,False,False,8806.38,6871.04,7128.86,,,P1,False
5297,False,False,,False,False,False,8806.38,6871.04,7128.86,,,P1,False
5298,False,False,,False,False,False,8806.38,6871.04,7116.93,,,P1,False
5299,False,False,,False,False,False,8806.38,6871.04,7116.93,,,P1,False
5300,False,False,,False,False,False,8806.38,6871.04,7116.93,,,P1,False
5301,False,False,,False,False,False,8806.38,6871.04,7116.93,,,P1,False
5302,False,False,,False,False,False,8466.0,6871.04,7128.86,,,P1,False
5303,False,False,,False,False,False,8466.0,6871.04,7128.86,,,P1,False
5304,False,False,,False,False,False,8466.0,6871.04,7136.9349999999995,,,P1,False
5305,False,False,,False,False,False,8466.0,6871.04,7136.9349999999995,,,P1,False
5306,False,False,,False,False,False,8521.28,6871.04,8521.28,,,P1,False
5307,False,False,,False,False,False,8521.28,6871.04,8521.28,,,P1,False
5308,False,False,,False,False,False,8521.28,6871.04,8521.28,,,P1,False
5309,False,False,,False,False,False,8521.28,6871.04,7136.9349999999995,,,P1,False
5310,False,False,,False,False,False,8521.28,6871.04,8521.28,,,P1,False
5311,False,False,,False,False,False,8521.28,6871.04,8521.28,,,P1,False
5312,False,False,,False,False,False,8521.28,6871.04,8521.28,,,P1,False
5313,False,False,,False,False,False,8488.0,6871.04,8504.64,,,P1,False
5314,False,False,,False,False,False,8488.0,6871.04,8504.64,,,P1,False
5315,False,False,,False,False,False,8488.0,6871.04,8488.0,,,P1,False
5316,False,False,,False,False,False,8488.0,6871.04,8488.0,,,P1,False
5317,False,False,,False,False,False,8488.0,6871.04,8488.0,,,P1,False
5318,False,False,,False,False,False,8488.0,6871.04,8488.0,,,P1,False
5319,False,False,,False,False,False,8488.0,6871.04,7136.9349999999995,,,P1,False
5320,False,False,,False,False,False,8488.0,6948.64,7136.9349999999995,,,P1,False
5321,False,False,,False,False,False,8488.0,7202.28,7136.9349999999995,,,P1,False
5322,False,False,,False,False,False,8488.0,7229.3,7136.9349999999995,,,P1,False
5323,False,False,,False,False,False,8488.0,7260.01,7136.9349999999995,,,P1,False
5324,False,False,,False,False,False,8488.0,7260.01,7136.9349999999995,,,P1,False
5325,False,False,,False,False,False,8488.0,7272.21,7136.9349999999995,,,P1,False
5326,False,False,,False,False,False,8488.0,7272.21,8488.0,,,P1,False
5327,False,False,,False,False,False,8488.0,7272.21,8488.0,,,P1,False
5328,False,False,,False,False,False,8488.0,7272.21,7136.9349999999995,,,P1,False
5329,False,False,,False,False,False,8238.0,7272.21,7136.9349999999995,,,P1,False
5330,False,False,,False,False,False,8238.0,7310.67,7136.9349999999995,,,P1,False
5331,False,False,,False,False,False,8238.0,7318.0,7136.9349999999995,,,P1,False
5332,False,False,,False,False,False,8238.0,7318.0,7136.9349999999995,,,P1,False
5333,False,False,,False,False,False,8254.9,7318.0,7136.9349999999995,,,P1,False
5334,False,False,,False,False,False,8254.9,7318.0,7136.9349999999995,,,P1,False
5335,False,False,,False,False,False,8254.9,7318.0,7136.9349999999995,,,P1,False
5336,False,False,,False,False,False,8254.9,7318.0,7136.9349999999995,,,P1,False
5337,False,False,,False,False,False,8254.9,7346.76,7136.9349999999995,,,P1,False
5338,False,False,,False,False,False,8254.9,7465.44,7145.01,,,P1,False
5339,False,False,,False,False,False,8254.9,7465.44,8488.0,,,P1,False
5340,False,False,,False,False,False,8254.9,7465.44,8488.0,,,P1,False
5341,False,False,,False,False,False,8254.9,7509.43,8488.0,,,P1,False
5342,False,False,,False,False,False,8254.9,7534.9,8488.0,,,P1,False
5343,False,False,,False,False,False,8254.9,7672.0,8488.0,,,P1,False
5344,False,False,,False,False,False,8254.9,7672.0,8488.0,,,P1,False
5345,False,False,,False,False,False,8254.9,7672.0,8488.0,,,P1,False
5346,False,False,,False,False,False,8254.9,7672.0,8488.0,,,P1,False
5347,False,False,,False,False,False,8535.0,7672.0,8528.14,,,P1,False
5348,False,False,,False,False,False,8535.0,7672.0,8528.14,,,P1,False
5349,False,False,,False,False,False,8535.0,7672.0,8535.0,,,P1,False
5350,False,False,,False,False,False,8535.0,7672.0,8535.0,,,P1,False
5351,False,False,,False,False,False,8535.0,7672.0,8535.0,,,P1,False
5352,False,False,,False,False,False,8535.0,7672.0,8535.0,,,P1,False
5353,False,False,,False,False,False,8535.0,7672.0,8535.0,,,P1,False
5354,False,False,,False,False,False,8535.0,7672.0,8535.0,,,P1,False
5355,False,False,,False,False,False,8862.4,7672.0,8535.0,,,P1,False
5356,False,False,,False,False,False,8862.4,7672.0,8535.0,,,P1,False
5357,False,False,,False,False,False,8862.4,7672.0,8535.0,,,P1,False
5358,False,False,,False,False,False,8862.4,7672.0,8535.0,,,P1,False
5359,False,False,,False,False,False,8862.4,7672.0,8535.0,,,P1,False
5360,False,False,,False,False,False,8862.4,7672.0,8535.0,,,P1,False
5361,False,False,,False,False,False,8862.4,7672.0,8535.0,,,P1,False
5362,False,False,,False,False,False,8862.4,7672.0,8535.0,,,P1,False
5363,False,False,,False,False,False,9204.44,7672.0,8535.0,,,P1,False
5364,False,False,,False,False,False,9204.44,7811.0,8535.0,,,P1,False
5365,False,False,,False,False,False,9204.44,7909.98,8535.0,,,P1,False
5366,False,False,,False,False,False,9204.44,7960.0,8535.0,,,P1,False
5367,False,False,,False,False,False,9220.0,7960.0,8535.0,,,P1,False
5368,False,False,swing,False,True,False,9220.0,7960.0,8535.0,9220.0,,P1,False
5369,False,False,,False,False,False,9220.0,7960.0,8535.0,,,P1,False
5370,False,False,,False,False,False,9220.0,7960.0,8535.0,,,P1,False
5371,False,False,,False,False,False,9220.0,7960.0,8535.0,,,P1,False
5372,False,False,,False,False,False,9210.01,7960.0,9210.01,,,P1,False
5373,False,False,,False,False,False,9210.01,7960.0,9210.01,,,P1,False
5374,False,False,,False,False,False,9210.01,8055.89,9210.01,,,P1,False
5375,False,False,,False,False,False,9210.01,8055.89,9210.01,,,P1,False
5376,False,False,,False,False,False,9210.01,8055.89,9210.01,,,P1,False
5377,False,False,,False,False,False,9210.01,8055.89,9210.01,,,P1,False
5378,False,False,,False,False,False,9210.01,8055.89,9210.01,,,P1,False
5379,False,False,,False,False,False,9210.01,8055.89,9210.01,,,P1,False
5380,False,False,,False,False,False,9210.01,8055.89,9210.01,,,P1,False
5381,False,False,,False,False,False,9210.01,8055.89,9210.01,,,P1,False
5382,False,False,,False,False,False,9120.0,8055.89,9210.01,,,P1,False
5383,False,False,,False,False,False,9120.0,8071.12,9210.01,,,P1,False
5384,False,False,,False,False,False,9120.0,8101.0,9210.01,,,P1,False
5385,False,False,,False,False,False,9120.0,8105.54,9210.01,,,P1,False
5386,False,False,,False,False,False,9120.0,8238.0,9210.01,,,P1,False
5387,False,False,,False,False,False,9120.0,8238.0,9210.01,,,P1,False
5388,False,False,,False,False,False,9120.0,8238.0,9210.01,,,P1,False
5389,False,False,,False,False,False,9120.0,8238.0,9210.01,,,P1,False
5390,False,False,,False,False,False,9120.0,8238.0,9210.01,,,P1,False
5391,False,False,,False,False,False,9120.0,8238.0,8528.14,,,P1,False
5392,False,False,swing,False,True,False,9120.0,8238.0,8535.0,9120.0,,P1,False
5393,False,False,,False,False,False,9120.0,8238.0,8535.0,,,P1,False
5394,False,False,,False,False,False,9120.0,8238.0,8528.14,,,P1,False
5395,False,False,,False,False,False,9120.0,8238.0,9210.01,,,P1,False
5396,False,False,,False,False,False,9093.01,8238.0,9210.01,,,P1,False
5397,False,False,,False,False,False,9093.01,8238.0,9210.01,,,P1,False
5398,False,False,,False,False,False,9093.01,8238.0,9210.01,,,P1,False
5399,False,False,,False,False,False,9093.01,8238.0,9210.01,,,P1,False
5400,False,False,,False,False,False,9093.01,8238.0,9210.01,,,P1,False
5401,False,False,,False,False,False,9093.01,8238.0,9210.01,,,P1,False
5402,False,False,,False,False,False,9093.01,8238.0,9210.01,,,P1,False
5403,False,False,,False,False,False,9093.01,8238.0,9210.01,,,P1,False
5404,False,False,,False,False,False,9093.01,8238.0,9210.01,,,P1,False
5405,False,False,,False,False,False,9093.01,8238.0,9210.01,,,P1,False
5406,False,False,,False,False,False,9093.01,8238.0,9210.01,,,P1,False
5407,False,False,,False,False,False,9093.01,8238.0,9210.01,,,P1,False
5408,False,False,,False,False,False,9093.01,8238.0,9210.01,,,P1,False
5409,False,False,,False,False,False,9093.01,8238.0,9210.01,,,P1,False
5410,False,False,,False,False,False,9093.01,8238.0,9210.01,,,P1,False
5411,False,False,,False,False,False,9093.01,8238.0,9210.01,,,P1,False
5412,False,False,,False,False,False,9093.01,8238.0,9210.01,,,P1,False
5413,False,False,,False,False,False,9093.01,8238.0,9210.01,,,P1,False
5414,False,False,,False,False,False,9093.01,8238.0,9210.01,,,P1,False
5415,False,False,,False,False,False,9093.01,8238.0,9210.01,,,P1,False
5416,False,False,,False,False,False,9093.01,8238.0,9210.01,,,P1,False
5417,False,False,,False,False,False,9667.11,8238.0,9210.01,,,P1,False
5418,False,False,,False,False,False,9667.11,8238.0,9210.01,,,P1,False
5419,False,False,,False,False,False,9667.11,8238.0,9210.01,,,P1,False
5420,False,False,,False,False,False,9667.11,8238.0,9210.01,,,P1,False
5421,False,False,,False,False,False,9667.11,8238.0,9210.01,,,P1,False
5422,False,False,,False,False,False,9667.11,8238.0,9210.01,,,P1,False
5423,False,False,,False,False,False,9667.11,8238.0,9210.01,,,P1,False
5424,False,False,,False,False,False,9667.11,8238.0,9210.01,,,P1,False
5425,False,False,,False,False,False,9667.11,8238.0,9210.01,,,P1,False
5426,False,False,,False,False,False,9667.11,8238.0,9210.01,,,P1,False
5427,False,False,,False,False,False,9667.11,8238.0,9210.01,,,P1,False
5428,False,False,,False,False,False,9667.11,8238.0,9210.01,,,P1,False
5429,False,False,,False,False,False,9667.11,8238.0,9210.01,,,P1,False
5430,False,False,,False,False,False,9756.0,8238.0,9210.01,,,P1,False
5431,False,False,,False,False,False,9756.0,8238.0,9210.01,,,P1,False
5432,False,False,,False,False,False,9756.0,8238.0,9210.01,,,P1,False
5433,False,False,,False,False,False,9756.0,8238.0,9210.01,,,P1,False
5434,False,False,,False,False,False,9756.0,8238.0,9210.01,,,P1,False
5435,False,False,,False,False,False,9700.0,8238.0,9700.0,,,P1,False
5436,False,False,,False,False,False,9700.0,8238.0,9700.0,,,P1,False
5437,False,False,,False,False,False,9700.0,8238.0,9700.0,,,P1,False
5438,False,False,,False,False,False,9700.0,8238.0,9700.0,,,P1,False
5439,False,False,,False,False,False,9700.0,8238.0,9700.0,,,P1,False
5440,False,False,,False,False,False,9700.0,8238.0,9700.0,,,P1,False
5441,False,False,,False,False,False,9700.0,8238.0,9700.0,,,P1,False
5442,False,False,,False,False,False,9700.0,8238.0,9700.0,,,P1,False
5443,False,False,,False,False,False,9700.0,8238.0,9700.0,,,P1,False
5444,False,False,,False,False,False,9700.0,8238.0,9700.0,,,P1,False
5445,False,False,,False,False,False,9700.0,8238.0,9700.0,,,P1,False
5446,False,False,,False,False,False,9700.0,8238.0,9700.0,,,P1,False
5447,False,False,,False,False,False,9700.0,8238.0,9700.0,,,P1,False
5448,False,False,,False,False,False,9700.0,8254.9,9700.0,,,P1,False
5449,False,False,,False,False,False,10080.0,8254.9,9700.0,,,P1,False
5450,False,False,,False,False,False,10080.0,8254.9,9700.0,,,P1,False
5451,False,False,,False,False,False,10080.0,8254.9,9700.0,,,P1,False
5452,False,False,,False,False,False,10080.0,8282.25,9700.0,,,P1,False
5453,False,False,,False,False,False,10080.0,8286.87,9700.0,,,P1,False
5454,False,False,,False,False,False,10111.37,8286.87,9700.0,,,P1,False
5455,False,False,,False,False,False,10111.37,8293.66,9700.0,,,P1,False
5456,False,False,,False,False,False,10111.37,8293.66,9700.0,,,P1,False
5457,False,False,,False,False,False,10111.37,8293.66,9700.0,,,P1,False
5458,False,False,,False,False,False,10111.37,8343.2,9700.0,,,P1,False
5459,False,False,,False,False,False,10111.37,8382.48,9700.0,,,P1,False
5460,False,False,,False,False,False,10111.37,8436.0,9700.0,,,P1,False
5461,False,False,,False,False,False,10111.37,8454.01,9700.0,,,P1,False
5462,False,False,,False,False,False,9801.0,8535.0,9756.0,,,P1,False
5463,False,False,,False,False,False,9801.0,8535.0,9756.0,,,P1,False
5464,False,False,,False,False,False,9801.0,8535.0,9756.0,,,P1,False
5465,False,False,,False,False,False,9801.0,8535.0,9700.0,,,P1,False
5466,False,False,,False,False,False,9801.0,8700.41,9756.0,,,P1,False
5467,False,False,,False,False,False,9801.0,8749.2,9756.0,,,P1,False
5468,False,False,,False,False,False,9801.0,8862.4,9700.0,,,P1,False
5469,False,False,,False,False,False,9638.12,8862.4,9210.01,,,P1,False
5470,False,False,,False,False,False,9638.12,8862.4,9210.01,,,P1,False
5471,False,False,,False,False,False,9638.12,8862.4,9210.01,,,P1,False
5472,False,False,,False,False,False,9638.12,8862.4,9683.555,,,P1,False
5473,False,False,,False,False,False,9638.12,8862.4,9683.555,,,P1,False
5474,False,False,,False,False,False,9452.67,9007.74,9756.0,,,P1,False
5475,False,False,,False,False,False,9452.67,9093.01,9683.555,,,P1,False
5476,False,False,,False,False,False,9452.67,9093.01,9756.0,,,P1,False
5477,False,False,,False,False,False,9452.67,9093.01,9756.0,,,P1,False
5478,False,False,,False,False,False,9452.67,9093.01,9728.0,,,P1,False
5479,False,False,,False,False,False,9452.67,9093.01,9728.0,,,P1,False
5480,False,False,,False,False,False,9576.01,9093.01,9756.0,,,P1,False
5481,False,False,,False,False,False,9576.01,9093.01,9756.0,,,P1,False
5482,False,False,,False,False,False,9576.01,9093.01,9756.0,,,P1,True
5483,False,False,,False,False,False,9576.01,9093.01,9210.01,,,P1,True
5484,False,False,,False,False,False,9576.01,9093.01,9207.225,,,P1,True
5485,False,False,,False,False,False,9576.01,9093.01,9207.225,,,P1,True
5486,False,False,,False,False,False,9576.01,9093.01,9207.225,,,P1,True
5487,False,False,,False,False,False,9350.0,9093.01,9210.01,,,P1,True
5488,False,False,,False,False,False,9350.0,9093.01,9210.01,,,P1,True
5489,False,False,,False,False,False,9350.0,9093.01,9210.01,,,P1,True
5490,False,False,,False,False,False,9350.0,9093.01,9683.555,,,P1,True
5491,False,False,,False,False,False,9350.0,9093.01,9667.11,,,P1,True
5492,False,False,,False,False,False,9400.0,9093.01,9683.555,,,P1,True
5493,False,False,,False,False,False,9400.0,9093.01,9683.555,,,P1,True
5494,False,False,,False,False,False,9400.0,9093.01,9667.11,,,P1,True
5495,False,False,zone,False,True,False,9400.0,9093.01,9667.11,9667.11,,P1,True
5496,False,False,,False,False,False,9400.0,9093.01,9652.615000000002,,,P1,True
5497,False,False,,False,False,False,9400.0,9093.01,9400.0,,,P1,True
5498,False,False,,False,False,False,9400.0,9093.01,9400.0,,,P1,True
5499,False,False,,False,False,False,9550.21,9093.01,9576.01,,,P1,True
5500,False,False,,False,False,False,9550.21,9093.01,9652.615000000002,,,P1,True
5501,False,False,,False,False,False,9550.21,9093.01,9576.01,,,P1,True
5502,False,False,,False,False,False,9550.21,9093.01,9756.0,,,P1,True
5503,False,False,,False,False,False,9550.21,9093.01,9756.0,,,P1,True
5504,False,False,,False,False,False,9550.21,9093.01,9756.0,,,P1,True
5505,False,False,,False,False,False,9550.21,9093.01,9756.0,,,P1,True
5506,False,False,,False,False,False,9550.21,9093.01,9756.0,,,P1,True
5507,False,False,,False,False,False,9550.21,9093.01,9756.0,,,P1,True
5508,False,False,,False,False,False,9550.21,9093.01,9683.555,,,P1,True
5509,False,False,zone,False,True,False,9550.21,9093.01,9683.555,9683.555,,P1,True
5510,False,False,,False,False,False,9550.21,9093.01,9756.0,,,P1,True
5511,False,False,,False,False,False,9550.21,9093.01,9683.555,,,P1,True
5512,False,False,,False,False,False,9600.0,9093.01,9600.0,,,P1,True
5513,False,False,,False,False,False,9600.0,9093.01,9652.615000000002,,,P1,True
5514,False,False,,False,False,False,9600.0,9093.01,9576.01,,,P1,True
5515,False,False,,False,False,False,9600.0,9151.0,9400.0,,,P1,True
5516,False,False,,False,False,False,9473.56,9151.0,9600.0,,,P1,True
5517,False,False,,False,False,False,9473.56,9177.22,9210.01,,,P1,True
5518,False,False,,False,False,False,9473.56,9216.75,9210.01,,,P1,True
5519,False,False,,False,False,False,9473.56,9232.75,9210.01,,,P1,True
5520,True,False,,False,False,False,9473.56,9350.0,8504.64,,,P1,True
5521,True,False,,False,False,False,9473.56,9281.0,8504.64,,,P1,True
5522,True,False,,False,False,False,9473.56,9250.0,8504.64,,,P1,True
5523,True,False,,False,False,False,9473.56,9111.0,8504.64,,,P1,True
5524,True,False,,False,False,False,9473.56,9111.0,8504.64,,,P1,True
5525,True,False,,False,False,False,9473.56,9102.0,8504.64,,,P1,True
5526,True,False,,False,False,False,9473.56,8979.03,8504.64,,,P1,True
5527,True,False,,False,False,False,9473.56,8633.63,8504.64,,,P1,True
5528,True,False,,False,False,False,9473.56,8633.63,8504.64,,,P1,True
5529,True,False,,False,False,False,9473.56,8531.0,8504.64,,,P1,True
5530,False,False,,False,False,False,8531.0,8531.0,8521.28,,,P1,True
5531,True,False,,False,False,False,8531.0,8531.0,8521.28,,,P1,True
5532,True,False,,False,False,False,8531.0,8531.0,8521.28,,,P1,True
5533,True,False,,False,False,False,8531.0,8531.0,8521.28,,,P1,True
5534,True,False,,False,False,False,8531.0,8531.0,8521.28,,,P1,True
5535,True,False,,False,False,False,8531.0,8531.0,8521.28,,,P1,True
5536,True,False,,False,False,False,8531.0,8531.0,8521.28,,,P1,True
5537,True,False,,False,False,False,8531.0,8531.0,8521.28,,,P1,True
5538,True,False,,False,False,False,8531.0,8445.0,8521.28,,,P1,True
5539,True,False,,False,False,False,8445.0,8445.0,8521.28,,,P1,True
5540,True,False,,False,False,False,8445.0,8445.0,8521.28,,,P1,True
5541,True,False,,False,False,False,8445.0,8445.0,8521.28,,,P1,True
5542,True,False,,False,False,False,8445.0,8445.0,8521.28,,,P1,True
5543,True,False,,False,False,False,8445.0,8445.0,8509.5,,,P1,True
5544,True,False,,False,False,False,8445.0,8445.0,8531.0,,,P1,True
5545,True,False,,False,False,False,8445.0,8445.0,8531.0,,,P1,True
5546,True,False,,False,False,False,8445.0,8445.0,8531.0,,,P1,True
5547,True,False,,False,False,False,8445.0,8445.0,8531.0,,,P1,True
5548,True,True,swing|nbar|zone,False,True,False,8511.11,8445.0,8521.055,8521.055,,P1,True
5549,True,False,,False,False,False,8511.11,8445.0,8521.055,,,P1,True
5550,True,False,,False,False,False,8511.11,8445.0,8531.0,,,P1,True
5551,True,False,,False,False,False,8511.11,8411.0,8531.0,,,P1,True
5552,True,False,,False,False,False,8411.0,8411.0,8531.0,,,P1,True
5553,False,False,,False,False,False,8411.0,8411.0,8531.0,,,P1,True
5554,False,False,,False,False,False,8411.0,8411.0,8531.0,,,P1,True
5555,False,False,,False,False,False,8411.0,8411.0,8531.0,,,P1,True
5556,False,False,,False,False,False,8411.0,8411.0,8531.0,,,P1,True
5557,False,False,,False,False,False,8411.0,8411.0,8531.0,,,P1,True
5558,False,False,,False,False,False,8411.0,8411.0,8531.0,,,P1,True
5559,False,False,,False,False,False,8411.0,8411.0,8531.0,,,P1,True
5560,False,False,,False,False,False,8411.0,8411.0,8531.0,,,P1,True
5561,False,False,,False,False,False,8411.0,8411.0,8531.0,,,P1,True
5562,False,False,,False,False,False,8411.0,8411.0,8531.0,,,P1,True
5563,False,False,,False,False,False,8411.0,8411.0,8531.0,,,P1,True
5564,False,False,,False,False,False,8651.0,8411.0,8531.0,,,P1,True
5565,False,False,,False,False,False,8651.0,8411.0,8531.0,,,P1,True
5566,False,False,,False,False,False,8651.0,8411.0,8531.0,,,P1,True
5567,False,False,,False,False,False,8651.0,8411.0,8531.0,,,P1,True
5568,False,False,,False,False,False,8651.0,8411.0,8531.0,,,P1,True
5569,False,False,,False,False,False,8660.0,8411.0,8531.0,,,P1,True
5570,False,False,,False,False,False,8660.0,8411.0,8531.0,,,P1,True
5571,False,False,,False,False,False,8660.0,8411.0,8531.0,,,P1,True
5572,False,False,,False,False,False,8660.0,8411.0,8531.0,,,P1,True
5573,False,False,,False,False,False,8660.0,8411.0,8531.0,,,P1,True
5574,False,False,,False,False,False,8660.0,8411.0,8531.0,,,P1,True
5575,False,False,,False,False,False,8660.0,8411.0,8531.0,,,P1,True
5576,False,False,,False,False,False,8660.0,8411.0,8531.0,,,P1,True
5577,False,False,,False,False,False,8660.0,8411.0,8531.0,,,P1,True
5578,False,False,,False,False,False,8985.5,8411.0,8531.0,,,P1,True
5579,False,False,,False,False,False,8985.5,8411.0,8531.0,,,P1,True
5580,False,False,,False,False,False,8985.5,8411.0,8531.0,,,P1,True
5581,False,False,,False,False,False,8985.5,8411.0,8531.0,,,P1,True
5582,False,False,,False,False,False,8985.5,8411.0,8531.0,,,P1,True
5583,False,False,,False,False,False,8985.5,8411.0,8531.0,,,P1,True
5584,False,False,,False,False,False,8985.5,8411.0,9210.01,,,P1,True
5585,False,False,,False,False,False,8985.5,8411.0,9210.01,,,P1,True
5586,False,False,,False,False,False,8985.5,8411.0,9210.01,,,P1,True
5587,False,False,,False,False,False,8985.5,8411.0,9210.01,,,P1,True
5588,False,False,,False,False,False,8985.5,8411.0,9210.01,,,P1,True
5589,True,False,,False,False,False,8985.5,8411.0,9210.01,,,P1,True
5590,True,False,,False,False,False,8985.5,8411.0,8445.0,,,P1,True
5591,True,False,,False,False,False,8985.5,8411.0,8445.0,,,P1,True
5592,True,False,,False,False,False,8985.5,8321.0,8445.0,,,P1,True
5593,True,False,,False,False,False,8985.5,8149.27,8445.0,,,P1,True
5594,True,False,,False,False,False,8985.5,8000.0,8478.055,,,P1,True
5595,True,False,,False,False,False,8985.5,7970.0,8478.055,,,P1,True
5596,True,False,,False,False,False,8985.5,7675.28,8478.055,,,P1,True
5597,True,False,,False,False,False,8985.5,7675.28,8478.055,,,P1,True
5598,True,False,,False,False,False,8985.5,7632.01,8478.055,,,P1,True
5599,False,False,,False,False,False,7632.01,7632.01,8478.055,,,P1,True
5600,False,False,,False,False,False,7632.01,7632.01,8478.055,,,P1,True
5601,True,False,,False,False,False,7632.01,7632.01,8478.055,,,P1,True
5602,True,False,,False,False,False,7632.01,7632.01,8478.055,,,P1,True
5603,True,False,,False,False,False,7632.01,7632.01,8445.0,,,P1,False
5604,True,False,,False,False,False,7632.01,7632.01,8445.0,,,P1,False
5605,False,False,,False,False,False,7632.01,7632.01,8478.055,,,P1,False
5606,True,False,,False,False,False,7728.01,7632.01,8478.055,,,P1,False
5607,True,False,,False,False,False,7728.01,7632.01,8478.055,,,P1,False
5608,True,True,swing|nbar,True,True,True,7728.01,7632.01,8478.055,7728.01,7632.01,P1,False
5609,True,False,,False,False,False,7728.01,7632.01,8478.055,,,P1,False
5610,True,False,,False,False,False,7728.01,7632.01,8478.055,,,P1,False
5611,True,False,,False,False,False,7728.01,7590.0,8445.0,,,P1,False
5612,True,False,,False,False,False,7728.01,7590.0,8445.0,,,P1,False
5613,True,False,,False,False,False,7728.01,7558.0,8478.055,,,P1,False
5614,True,False,,False,False,False,7728.01,7342.43,8478.055,,,P1,False
5615,True,False,,False,False,False,7728.01,5550.0,8478.055,,,P1,False
5616,True,False,,True,False,True,7728.01,5550.0,8478.055,,5550.0,P1,False
5617,True,False,,False,False,False,7728.01,5550.0,8521.055,,,P1,False
5618,True,False,,False,False,False,7728.01,4410.0,8521.055,,,P1,False
5619,False,False,,False,False,False,7728.01,3782.13,8521.055,,,P1,False
5620,False,False,,False,False,False,3782.13,3782.13,8521.055,,,P1,False
5621,False,False,,False,False,False,3782.13,3782.13,8521.055,,,P1,False
5622,False,False,,False,False,False,3782.13,3782.13,8521.055,,,P1,False
5623,False,False,,False,False,False,3782.13,3782.13,8521.055,,,P1,False
5624,False,False,,False,False,False,3782.13,3782.13,8521.055,,,P1,False
5625,False,False,,False,False,False,3782.13,3782.13,8521.055,,,P1,False
5626,False,False,,False,False,False,3782.13,3782.13,8521.055,,,P1,False
5627,False,False,,False,False,False,3782.13,3782.13,8511.11,,,P1,False
5628,False,False,,False,False,False,3782.13,3782.13,8478.055,,,P1,False
5629,False,False,,False,False,False,3782.13,3782.13,8478.055,,,P1,False
5630,False,False,,False,False,False,3782.13,3782.13,8478.055,,,P1,False
5631,True,False,,False,False,False,5055.13,3782.13,8478.055,,,P1,False
5632,True,False,,False,False,False,5055.13,3782.13,8478.055,,,P1,False
5633,True,False,,False,False,False,5055.13,3782.13,8478.055,,,P1,False
5634,True,False,,False,False,False,5055.13,3782.13,8478.055,,,P1,False
5635,True,False,,False,False,False,5055.13,3782.13,8478.055,,,P1,False
5636,False,False,,False,False,False,5055.13,3782.13,8478.055,,,P1,False
5637,True,False,,False,False,False,5055.13,3782.13,8478.055,,,P1,False
5638,True,False,,False,False,False,5055.13,3782.13,8478.055,,,P1,False
5639,True,False,,False,False,False,5055.13,3782.13,8478.055,,,P1,False
5640,False,False,,False,False,False,4442.12,3782.13,8478.055,,,P1,False
5641,False,False,,False,False,False,4442.12,3782.13,8478.055,,,P1,False
5642,False,False,,False,False,False,4442.12,3782.13,8478.055,,,P1,False
5643,False,False,,False,False,False,4442.12,3782.13,8478.055,,,P1,False
5644,False,False,,False,False,False,4442.12,3782.13,8478.055,,,P1,False
5645,False,False,,False,False,False,4442.12,3782.13,8478.055,,,P1,False
5646,False,False,,False,False,False,4442.12,3782.13,8478.055,,,P1,False
5647,False,False,,False,False,False,4442.12,3782.13,8478.055,,,P1,False
5648,False,False,,False,False,False,4442.12,3782.13,8478.055,,,P1,False
5649,False,False,,False,False,False,4442.12,3782.13,8478.055,,,P1,False
5650,False,False,,False,False,False,4442.12,3782.13,8478.055,,,P1,False
5651,False,False,,False,False,False,4442.12,3782.13,8478.055,,,P1,False
5652,False,False,,False,False,False,4442.12,3782.13,8478.055,,,P1,False
5653,False,False,,False,False,False,5009.37,3782.13,8478.055,,,P1,False
5654,False,False,,False,False,False,5009.37,3782.13,8478.055,,,P1,False
5655,False,False,,False,False,False,5009.37,3782.13,8478.055,,,P1,False
5656,False,False,,False,False,False,5009.37,3782.13,8478.055,,,P1,False
5657,False,False,,False,False,False,5009.37,3782.13,8478.055,,,P1,False
5658,False,False,,False,False,False,5009.37,3782.13,8478.055,,,P1,False
5659,False,False,,False,False,False,5009.37,3782.13,8478.055,,,P1,False
5660,False,False,,False,False,False,5009.37,3782.13,8478.055,,,P1,False
5661,False,False,,False,False,False,5009.37,3782.13,8478.055,,,P1,False
5662,False,False,,False,False,False,5009.37,3782.13,8478.055,,,P1,False
5663,False,False,,False,False,False,5009.37,3782.13,8478.055,,,P1,False
5664,False,False,,False,False,False,5009.37,3782.13,8478.055,,,P1,False
5665,False,False,,False,False,False,5009.37,3782.13,8478.055,,,P1,False
5666,False,False,,False,False,False,5009.37,3782.13,8478.055,,,P1,False
5667,False,False,,False,False,False,5670.0,3782.13,8478.055,,,P1,False
5668,False,False,,False,False,False,5670.0,3782.13,8478.055,,,P1,False
5669,False,False,,False,False,False,5670.0,3782.13,8478.055,,,P1,False
5670,False,False,,False,False,False,5670.0,3782.13,8478.055,,,P1,False
5671,False,False,,False,False,False,5670.0,3782.13,8478.055,,,P1,False
5672,False,False,,False,False,False,5670.0,3782.13,8478.055,,,P1,False
5673,False,False,,False,False,False,5670.0,3782.13,8478.055,,,P1,False
5674,False,False,,False,False,False,5670.0,3782.13,8478.055,,,P1,False
5675,False,False,,False,False,False,5670.0,3782.13,8478.055,,,P1,False
5676,False,False,,False,False,False,5670.0,3782.13,8478.055,,,P1,False
5677,False,False,,False,False,False,5670.0,3782.13,8478.055,,,P1,False
5678,False,False,,False,False,False,5670.0,3782.13,8478.055,,,P1,False
5679,False,False,,False,False,False,5670.0,3782.13,8478.055,,,P1,False
5680,False,False,,False,False,False,5688.0,3782.13,8478.055,,,P1,False
5681,False,False,,False,False,False,5688.0,3782.13,8478.055,,,P1,False
5682,False,False,,False,False,False,5688.0,3782.13,8478.055,,,P1,False
5683,False,False,,False,False,False,5688.0,3782.13,8478.055,,,P1,False
5684,False,False,,False,False,False,5688.0,3782.13,8478.055,,,P1,False
5685,False,False,,False,False,False,5688.0,3782.13,8478.055,,,P1,False
5686,False,False,,False,False,False,5688.0,3782.13,8478.055,,,P1,False
5687,False,False,,False,False,False,5688.0,3782.13,8478.055,,,P1,False
5688,False,False,,False,False,False,5688.0,3782.13,8478.055,,,P1,False
5689,False,False,,False,False,False,5688.0,3782.13,8478.055,,,P1,False
5690,False,False,,False,False,False,5688.0,3782.13,8478.055,,,P1,False
5691,False,False,,False,False,False,5688.0,3782.13,8478.055,,,P1,False
5692,False,False,,False,False,False,5688.0,3782.13,8478.055,,,P1,False
5693,False,False,,False,False,False,5688.0,3782.13,8478.055,,,P1,False
5694,False,False,,False,False,False,6450.0,3782.13,8478.055,,,P1,False
5695,False,False,,False,False,False,6450.0,3782.13,8478.055,,,P1,False
5696,False,False,,False,False,False,6450.0,3782.13,8478.055,,,P1,False
5697,False,False,,False,False,False,6450.0,3782.13,8478.055,,,P1,False
5698,False,False,,False,False,False,6450.0,3782.13,8445.0,,,P1,False
5699,False,False,,False,False,False,6450.0,3782.13,8445.0,,,P1,False
5700,False,False,,False,False,False,6450.0,3782.13,8445.0,,,P1,False
5701,False,False,,False,False,False,6510.0,3782.13,8445.0,,,P1,False
5702,False,False,,False,False,False,6510.0,3782.13,8445.0,,,P1,False
5703,False,False,,False,False,False,6510.0,3782.13,8445.0,,,P1,False
5704,False,False,,False,False,False,6510.0,3782.13,8478.055,,,P1,False
5705,False,False,,False,False,False,6510.0,3782.13,8478.055,,,P1,False
5706,False,False,,False,False,False,6510.0,3782.13,8445.0,,,P1,False
5707,False,False,,False,False,False,6510.0,3782.13,8445.0,,,P1,False
5708,False,False,,False,False,False,6510.0,3782.13,8445.0,,,P1,False
5709,False,False,,False,False,False,6510.0,3782.13,8445.0,,,P1,False
5710,False,False,swing,False,True,False,6068.88,3782.13,8478.055,6068.88,,P1,False
5711,False,False,,False,False,False,6068.88,3782.13,8478.055,,,P1,False
5712,False,False,,False,False,False,6068.88,3782.13,8478.055,,,P1,False
5713,False,False,,False,False,False,6068.88,3782.13,8478.055,,,P1,False
5714,False,False,,False,False,False,6024.0,3782.13,8478.055,,,P1,False
5715,False,False,,False,False,False,6024.0,3782.13,8478.055,,,P1,False
5716,True,False,,False,False,False,6024.0,3782.13,8445.0,,,P1,False
5717,True,False,,False,False,False,6024.0,3782.13,8478.055,,,P1,False
5718,True,False,,False,False,False,6024.0,3782.13,8445.0,,,P1,False
5719,False,False,,False,False,False,6024.0,3782.13,8445.0,,,P1,False
5720,False,False,,False,False,False,6024.0,3782.13,8478.055,,,P1,False
5721,False,False,,False,False,False,6024.0,3782.13,8478.055,,,P1,False
5722,False,False,,False,False,False,5857.76,3782.13,8478.055,,,P1,False
5723,False,False,,False,False,False,5857.76,3782.13,8478.055,,,P1,False
5724,False,False,,False,False,False,5857.76,3782.13,8478.055,,,P1,False
5725,False,False,,False,False,False,5857.76,3782.13,8478.055,,,P1,False
5726,False,False,,False,False,False,5857.76,3782.13,8445.0,,,P1,False
5727,False,False,,False,False,False,5857.76,3782.13,8478.055,,,P1,False
5728,False,False,,False,False,False,5857.76,3782.13,8478.055,,,P1,False
5729,False,False,,False,False,False,5857.76,3782.13,8445.0,,,P1,False
5730,False,False,,False,False,False,5857.76,3782.13,8445.0,,,P1,False
5731,False,False,,False,False,False,5857.76,3782.13,8445.0,,,P1,False
5732,False,False,,False,False,False,5857.76,3782.13,8445.0,,,P1,False
5733,False,False,,False,False,False,5857.76,3782.13,8445.0,,,P1,False
5734,False,False,,False,False,False,5857.76,3782.13,8445.0,,,P1,False
5735,False,False,,False,False,False,5857.76,3782.13,8445.0,,,P1,False
5736,False,False,,False,False,False,5857.76,3782.13,8478.055,,,P1,False
5737,False,False,,False,False,False,5857.76,3782.13,8478.055,,,P1,False
5738,False,False,,False,False,False,6150.11,3782.13,6068.88,,,P1,False
5739,False,False,,False,False,False,6150.11,4442.12,6068.88,,,P1,False
5740,False,False,,False,False,False,6150.11,4442.12,6068.88,,,P1,False
5741,False,False,,False,False,False,6150.11,4442.12,6068.88,,,P1,False
5742,False,False,,False,False,False,6150.11,4442.12,6068.88,,,P1,False
5743,False,False,,False,False,False,6150.11,4442.12,6068.88,,,P1,False
5744,False,False,,False,False,False,6150.11,4442.12,6068.88,,,P1,False
5745,False,False,,False,False,False,6150.11,4442.12,6068.88,,,P1,False
5746,False,False,,False,False,False,6150.11,4442.12,6068.88,,,P1,False
5747,False,False,,False,False,False,6150.11,4442.12,6068.88,,,P1,False
5748,False,False,,False,False,False,6150.11,4442.12,6068.88,,,P1,False
5749,False,False,,False,False,False,6150.11,4442.12,6068.88,,,P1,False
5750,False,False,,False,False,False,6602.1,4442.12,6068.88,,,P1,False
5751,False,False,,False,False,False,6602.1,4442.12,6510.0,,,P1,False
5752,False,False,,False,False,False,6602.1,4442.12,6068.88,,,P1,False
5753,False,False,,False,False,False,6602.1,4442.12,6068.88,,,P1,False
5754,False,False,,False,False,False,6650.01,4442.12,6068.88,,,P1,False
5755,False,False,,False,False,False,6650.01,4442.12,6068.88,,,P1,False
5756,False,False,,False,False,False,6650.01,4442.12,6068.88,,,P1,False
5757,False,False,,False,False,False,6650.01,4442.12,6068.88,,,P1,False
5758,False,False,,False,False,False,6650.01,4442.12,8445.0,,,P1,False
5759,False,False,,False,False,False,6650.01,4500.0,8445.0,,,P1,False
5760,False,False,,False,False,False,6650.01,4820.0,8445.0,,,P1,False
5761,False,False,,False,False,False,6650.01,4820.0,8445.0,,,P1,False
5762,False,False,,False,False,False,6677.52,4921.45,6650.01,,,P1,False
5763,False,False,,False,False,False,6677.52,5009.37,6650.01,,,P1,False
5764,False,False,,False,False,False,6677.52,5009.37,6650.01,,,P1,False
5765,False,False,,False,False,False,6677.52,5009.37,6650.01,,,P1,False
5766,False,False,,False,False,False,6677.52,5009.37,6650.01,,,P1,False
5767,False,False,,False,False,False,6677.52,5009.37,6650.01,,,P1,False
5768,False,False,,False,False,False,6677.52,5009.37,6650.01,,,P1,False
5769,False,False,,False,False,False,6677.52,5009.37,6650.01,,,P1,False
5770,False,False,,False,False,False,6677.52,5009.37,6650.01,,,P1,False
5771,False,False,,False,False,False,6677.52,5009.37,6650.01,,,P1,False
5772,False,False,,False,False,False,6677.52,5140.54,6650.01,,,P1,False
5773,False,False,,False,False,False,6677.52,5252.53,6650.01,,,P1,False
5774,False,False,,False,False,False,6677.52,5252.53,6650.01,,,P1,False
5775,False,False,,False,False,False,7077.0,5277.45,6650.01,,,P1,False
5776,False,False,,False,False,False,7077.0,5376.1,6650.01,,,P1,False
5777,False,False,,False,False,False,7077.0,5608.21,6650.01,,,P1,False
5778,False,False,,False,False,False,7077.0,5670.0,6650.01,,,P1,False
5779,False,False,,False,False,False,7077.0,5670.0,6650.01,,,P1,False
5780,False,False,,False,False,False,7077.0,5670.0,6650.01,,,P1,False
5781,False,False,,False,False,False,7077.0,5670.0,6650.01,,,P1,False
5782,False,False,,False,False,False,7077.0,5670.0,6650.01,,,P1,False
5783,False,False,,False,False,False,7077.0,5670.0,6650.01,,,P1,False
5784,False,False,,False,False,False,7077.0,5670.0,6650.01,,,P1,False
5785,False,False,,False,False,False,7108.08,5670.0,6650.01,,,P1,False
5786,False,False,,False,False,False,7108.08,5688.0,6650.01,,,P1,False
5787,False,False,,False,False,False,7108.08,5688.0,6650.01,,,P1,False
5788,False,False,,False,False,False,7108.08,5688.0,6650.01,,,P1,False
5789,False,False,,False,False,False,7108.08,5688.0,6650.01,,,P1,False
5790,False,False,,False,False,False,7108.08,5688.0,6650.01,,,P1,False
5791,False,False,,False,False,False,6739.98,5688.0,6663.765,,,P1,False
5792,False,False,,False,False,False,6739.98,5688.0,6677.52,,,P1,False
5793,False,False,,False,False,False,6739.98,5688.0,6677.52,,,P1,False
5794,False,False,,False,False,False,6739.98,5688.0,6677.52,,,P1,False
5795,False,False,,False,False,False,6739.98,5688.0,6677.52,,,P1,False
5796,False,False,,False,False,False,6739.98,5688.0,6677.52,,,P1,False
5797,False,False,,False,False,False,6739.98,5688.0,6677.52,,,P1,False
5798,False,False,,False,False,False,6739.98,5688.0,6677.52,,,P1,False
5799,False,False,,False,False,False,6760.0,5728.99,6650.01,,,P1,False
5800,False,False,,False,False,False,6760.0,5728.99,6739.98,,,P1,False
5801,False,False,,False,False,False,6760.0,5841.73,6739.98,,,P1,False
5802,False,False,,False,False,False,6760.0,5857.76,6650.01,,,P1,False
5803,False,False,,False,False,False,6760.0,5857.76,6663.765,,,P1,False
5804,False,False,,False,False,False,6760.0,5857.76,6739.98,,,P1,False
5805,False,False,swing|zone,False,True,False,6760.0,5857.76,6739.98,6760.0,,P1,False
5806,False,False,,False,False,False,6575.0,5857.76,6739.98,,,P1,False
5807,False,False,,False,False,False,6575.0,5857.76,6739.98,,,P1,False
5808,False,False,,False,False,False,6575.0,5857.76,6739.98,,,P1,False
5809,False,False,,False,False,False,6575.0,5857.76,6739.98,,,P1,False
5810,False,False,,False,False,False,6575.0,5857.76,6739.98,,,P1,False
5811,False,False,,False,False,False,6575.0,5857.76,6739.98,,,P1,False
5812,False,False,,False,False,False,6575.0,5857.76,6739.98,,,P1,False
5813,False,False,,False,False,False,6575.0,5857.76,6739.98,,,P1,False
5814,False,False,,False,False,False,6754.28,5857.76,6754.28,,,P1,False
5815,False,False,,False,False,False,6754.28,5857.76,6754.28,,,P1,False
5816,False,False,,False,False,False,6754.28,5857.76,6754.28,,,P1,False
5817,False,False,,False,False,False,6754.28,5857.76,6677.52,,,P1,False
5818,False,False,,False,False,False,6754.28,5857.76,6677.52,,,P1,False
5819,False,False,,False,False,False,6754.28,5857.76,6602.1,,,P1,False
5820,False,False,zone,False,True,False,6754.28,5857.76,6650.01,6650.01,,P1,False
5821,False,False,,False,False,False,6754.28,5857.76,6754.28,,,P1,False
5822,False,False,,False,False,False,6754.28,5857.76,6754.28,,,P1,False
5823,False,False,,False,False,False,6754.28,5857.76,6754.28,,,P1,False
5824,False,False,,False,False,False,6468.27,5857.76,6754.28,,,P1,False
5825,False,False,,False,False,False,6468.27,5857.76,6754.28,,,P1,False
5826,False,False,,False,False,False,6468.27,5857.76,6754.28,,,P1,False
5827,False,False,,False,False,False,6468.27,5857.76,6754.28,,,P1,False
5828,False,False,,False,False,False,6468.27,5857.76,6754.28,,,P1,False
5829,False,False,,False,False,False,6468.27,5857.76,6754.28,,,P1,False
5830,False,False,,False,False,False,6468.27,5857.76,6754.28,,,P1,False
5831,False,False,,False,False,False,6468.27,5857.76,6754.28,,,P1,False
5832,False,False,,False,False,False,6468.27,5857.76,6754.28,,,P1,False
5833,False,False,,False,False,False,6972.98,5857.76,6754.28,,,P1,False
5834,False,False,,False,False,False,6972.98,5857.76,6754.28,,,P1,False
5835,False,False,,False,False,False,6972.98,5857.76,6754.28,,,P1,False
5836,False,False,,False,False,False,6972.98,5857.76,6754.28,,,P1,False
5837,False,False,,False,False,False,6972.98,5857.76,6754.28,,,P1,False
5838,False,False,,False,False,False,6972.98,5857.76,6754.28,,,P1,False
5839,False,False,,False,False,False,6972.98,5857.76,6754.28,,,P1,False
5840,False,False,,False,False,False,6972.98,5857.76,6754.28,,,P1,False
5841,False,False,,False,False,False,6972.98,5991.04,6754.28,,,P1,False
5842,False,False,,False,False,False,6972.98,6150.11,6754.28,,,P1,False
5843,False,False,,False,False,False,6972.98,6150.11,6754.28,,,P1,False
5844,False,False,,False,False,False,6972.98,6150.11,6754.28,,,P1,False
5845,False,False,,False,False,False,7055.6,6150.11,7077.0,,,P1,False
5846,False,False,,False,False,False,7055.6,6150.11,6754.28,,,P1,False
5847,False,False,,False,False,False,7055.6,6150.11,6754.28,,,P1,False
5848,False,False,,False,False,False,7055.6,6150.11,6754.28,,,P1,False
5849,False,False,,False,False,False,7055.6,6150.11,6754.28,,,P1,False
5850,False,False,,False,False,False,7055.6,6150.11,6754.28,,,P1,False
5851,False,False,,False,False,False,7055.6,6150.11,6754.28,,,P1,False
5852,False,False,,False,False,False,7055.6,6150.11,6754.28,,,P1,False
5853,False,False,,False,False,False,6751.0,6150.11,6752.639999999999,,,P1,False
5854,False,False,,False,False,False,6751.0,6150.11,6752.639999999999,,,P1,False
5855,False,False,,False,False,False,6751.0,6150.11,6752.639999999999,,,P1,False
5856,False,False,,False,False,False,6751.0,6150.11,6752.639999999999,,,P1,False
5857,False,False,,False,False,False,6751.0,6193.1,6752.639999999999,,,P1,False
5858,False,False,,False,False,False,6751.0,6468.27,6752.639999999999,,,P1,False
5859,False,False,,False,False,False,6751.0,6468.27,7077.0,,,P1,False
5860,False,False,,False,False,False,6751.0,6468.27,7077.0,,,P1,False
5861,False,False,,False,False,False,6751.0,6468.27,7077.0,,,P1,False
5862,False,False,,False,False,False,6751.0,6468.27,7077.0,,,P1,False
5863,False,False,,False,False,False,6751.0,6468.27,6752.639999999999,,,P1,False
5864,False,False,,False,False,False,6751.0,6468.27,7077.0,,,P1,False
5865,False,False,,False,False,False,6751.0,6468.27,7077.0,,,P1,False
5866,False,False,,False,False,False,6751.0,6468.27,7077.0,,,P1,False
5867,False,False,,False,False,False,7020.0,6468.27,7077.0,,,P1,False
5868,False,False,,False,False,False,7020.0,6468.27,7077.0,,,P1,False
5869,False,False,,False,False,False,7020.0,6468.27,7077.0,,,P1,False
5870,False,False,,False,False,False,7020.0,6468.27,7077.0,,,P1,False
5871,False,False,,False,False,False,7020.0,6468.27,7077.0,,,P1,False
5872,False,False,,False,False,False,7020.0,6468.27,7077.0,,,P1,False
5873,False,False,,False,False,False,7020.0,6468.27,7077.0,,,P1,False
5874,False,False,,False,False,False,7020.0,6468.27,7077.0,,,P1,False
5875,False,False,,False,False,False,7388.0,6468.27,7077.0,,,P1,False
5876,False,False,,False,False,False,7388.0,6468.27,7077.0,,,P1,False
5877,False,False,,False,False,False,7388.0,6468.27,7077.0,,,P1,False
5878,False,False,,False,False,False,7388.0,6468.27,7077.0,,,P1,False
5879,False,False,,False,False,False,7388.0,6468.27,7077.0,,,P1,False
5880,False,False,,False,False,False,7388.0,6468.27,7077.0,,,P1,False
5881,False,False,,False,False,False,7388.0,6468.27,7077.0,,,P1,False
5882,False,False,,False,False,False,7476.54,6468.27,7077.0,,,P1,False
5883,False,False,,False,False,False,7476.54,6468.27,7077.0,,,P1,False
5884,False,False,,False,False,False,7476.54,6468.27,7077.0,,,P1,False
5885,False,False,,False,False,False,7476.54,6468.27,7077.0,,,P1,False
5886,False,False,,False,False,False,7476.54,6468.27,7077.0,,,P1,False
5887,False,False,,False,False,False,7480.0,6468.27,7077.0,,,P1,False
5888,False,False,,False,False,False,7480.0,6468.27,7077.0,,,P1,False
5889,False,False,,False,False,False,7480.0,6468.27,7077.0,,,P1,False
5890,False,False,,False,False,False,7480.0,6468.27,7077.0,,,P1,False
5891,False,False,,False,False,False,7480.0,6468.27,7077.0,,,P1,False
5892,False,False,,False,False,False,7480.0,6468.27,7077.0,,,P1,False
5893,False,False,,False,False,False,7606.0,6468.27,7077.0,,,P1,False
5894,False,False,,False,False,False,7606.0,6468.27,7077.0,,,P1,False
5895,False,False,,False,False,False,7606.0,6468.27,7077.0,,,P1,False
5896,False,False,,False,False,False,7606.0,6468.27,7077.0,,,P1,False
5897,False,False,,False,False,False,7606.0,6468.27,7077.0,,,P1,False
5898,False,False,,False,False,False,7606.0,6468.27,7077.0,,,P1,False
5899,False,False,,False,False,False,7606.0,6468.27,7077.0,,,P1,False
5900,False,False,,False,False,False,7606.0,6468.27,7077.0,,,P1,False
5901,False,False,,False,False,False,7606.0,6468.27,7077.0,,,P1,False
5902,False,False,,False,False,False,7606.0,6468.27,7077.0,,,P1,False
5903,False,False,,False,False,False,7606.0,6468.27,7077.0,,,P1,False
5904,False,False,,False,False,False,7606.0,6468.27,7077.0,,,P1,False
5905,False,False,,False,False,False,7606.0,6468.27,7476.54,,,P1,False
5906,False,False,,False,False,False,7606.0,6468.27,7476.54,,,P1,False
5907,False,False,,False,False,False,7606.0,6468.27,7476.54,,,P1,False
5908,False,False,,False,False,True,7606.0,6468.27,7476.54,,,P1,False
5909,False,False,,False,False,False,7606.0,6468.27,7480.0,,,P1,False
5910,False,False,,False,False,False,7606.0,6468.27,7480.0,,,P1,False
5911,False,False,,False,False,False,7606.0,6468.27,7480.0,,,P1,False
5912,False,False,,False,False,False,8401.0,6468.27,7478.27,,,P1,False
5913,False,False,,False,False,False,8401.0,6468.27,7478.27,,,P1,False
5914,False,False,,False,False,False,8401.0,6468.27,7480.0,,,P1,False
5915,False,False,,False,False,False,8401.0,6468.27,7476.54,,,P1,False
5916,False,False,,False,False,False,8401.0,6468.27,7476.54,,,P1,False
5917,False,False,,False,False,False,8401.0,6468.27,7476.54,,,P1,False
5918,False,False,,False,False,False,8655.31,6468.27,7476.54,,,P1,False
5919,False,False,,False,False,False,8655.31,6468.27,7476.54,,,P1,False
5920,False,False,,False,False,False,8655.31,6468.27,7476.54,,,P1,False
5921,False,False,,False,False,False,8655.31,6468.27,7476.54,,,P1,False
5922,False,False,,False,False,False,8655.31,6468.27,7476.54,,,P1,False
5923,False,False,,False,False,False,8655.31,6468.27,7476.54,,,P1,False
5924,False,False,,False,False,False,8655.31,6468.27,7476.54,,,P1,False
5925,False,False,,False,False,False,8655.31,6468.27,7476.54,,,P1,False
5926,False,False,,False,False,False,8655.31,6468.27,7476.54,,,P1,False
5927,False,False,,False,False,False,8655.31,6468.27,7476.54,,,P1,False
5928,False,False,,False,False,False,8655.31,6468.27,7476.54,,,P1,False
5929,False,False,,False,False,False,8655.31,6468.27,7476.54,,,P1,False
5930,False,False,,False,False,False,8655.31,6468.27,7476.54,,,P1,False
5931,False,False,,False,False,False,8655.31,6468.27,7476.54,,,P1,False
5932,False,False,,False,False,False,8655.31,6468.27,7476.54,,,P1,False
5933,False,False,,False,False,False,8522.0,6468.27,7476.54,,,P1,False
5934,False,False,,False,False,False,8522.0,6468.27,7476.54,,,P1,False
5935,False,False,,False,False,False,8522.0,6468.27,7476.54,,,P1,False
5936,False,False,,False,False,False,8522.0,6468.27,7476.54,,,P1,False
5937,False,False,,False,False,False,8522.0,6468.27,7476.54,,,P1,False
5938,False,False,,False,False,False,8522.0,6468.27,7476.54,,,P1,False
5939,False,False,,False,False,False,8522.0,6468.27,7476.54,,,P1,False
5940,False,False,,False,False,False,8760.0,6468.27,7476.54,,,P1,False
5941,False,False,,False,False,False,8760.0,6468.27,7476.54,,,P1,False
5942,False,False,,False,False,False,8760.0,6468.27,7476.54,,,P1,False
5943,False,False,,False,False,False,8760.0,6621.35,7476.54,,,P1,False
5944,False,False,,False,False,False,8760.0,6751.0,7476.54,,,P1,False
5945,False,False,,False,False,False,8760.0,6751.0,7476.54,,,P1,False
5946,False,False,,False,False,False,8760.0,6751.0,7476.54,,,P1,False
5947,False,False,,False,False,False,8760.0,6751.0,7476.54,,,P1,False
5948,False,False,,False,False,False,8760.0,6751.0,7476.54,,,P1,False
5949,False,False,,False,False,False,8760.0,6751.0,7476.54,,,P1,False
5950,False,False,,False,False,False,9021.0,6751.0,7476.54,,,P1,False
5951,False,False,,False,False,False,9021.0,6751.0,7476.54,,,P1,False
5952,False,False,,False,False,False,9021.0,6751.0,7476.54,,,P1,False
5953,False,False,,False,False,False,9021.0,6751.0,7476.54,,,P1,False
5954,False,False,,False,False,False,9021.0,6751.0,7476.54,,,P1,False
5955,False,False,,False,False,False,9021.0,6751.0,7476.54,,,P1,False
5956,False,False,,False,False,False,9021.0,6751.0,7476.54,,,P1,False
5957,False,False,,False,False,False,9021.0,6751.0,7476.54,,,P1,False
5958,False,False,,False,False,False,9021.0,6751.0,7476.54,,,P1,False
5959,False,False,,False,False,False,9021.0,6751.0,7476.54,,,P1,False
5960,False,False,,False,False,False,9021.0,6751.0,7476.54,,,P1,False
5961,False,False,,False,False,False,9021.0,6751.0,7476.54,,,P1,False
5962,False,False,,False,False,False,9021.0,6751.0,7476.54,,,P1,False
5963,False,False,,False,False,False,9021.0,6751.0,7476.54,,,P1,False
5964,False,False,,False,False,False,9520.0,6751.0,7476.54,,,P1,False
5965,True,False,,False,False,False,9520.0,6751.0,8655.31,,,P1,False
5966,True,False,,False,False,False,9520.0,6751.0,8655.31,,,P1,False
5967,True,False,,False,False,False,9520.0,6751.0,8522.0,,,P1,False
5968,False,False,,False,False,False,8117.0,6751.0,7480.0,,,P1,False
5969,True,False,,False,False,False,8117.0,6751.0,8655.31,,,P1,False
5970,True,False,,False,False,False,8117.0,6751.0,8655.31,,,P1,False
5971,True,False,,False,False,False,8117.0,6751.0,8655.31,,,P1,False
5972,False,False,,False,False,False,8255.0,6762.0,8655.31,,,P1,False
5973,False,False,,False,False,False,8255.0,6762.0,8655.31,,,P1,False
5974,False,False,swing|zone,False,True,True,8255.0,6762.0,8655.31,8655.31,8655.31,P1,False
5975,False,False,,False,False,False,8255.0,6782.0,8522.0,,,P1,False
5976,False,False,,False,False,False,8255.0,6811.11,8655.31,,,P1,False
5977,False,False,,False,False,False,8255.0,6818.0,8655.31,,,P1,False
5978,False,False,,False,False,False,8200.0,6818.0,8655.31,,,P1,False
5979,False,False,,False,False,False,8200.0,6842.53,8655.31,,,P1,False
5980,False,False,,False,False,False,8200.0,6918.07,8655.31,,,P1,False
5981,False,False,,False,False,False,8200.0,6928.43,8655.31,,,P1,False
5982,False,False,,False,False,False,8200.0,7020.0,8655.31,,,P1,False
5983,False,False,,False,False,False,8200.0,7020.0,8655.31,,,P1,False
5984,False,False,,False,False,False,8200.0,7020.0,8655.31,,,P1,False
5985,False,False,,False,False,False,8200.0,7020.0,8200.0,,,P1,False
5986,False,False,,False,False,False,8200.0,7046.21,8200.0,,,P1,False
5987,False,False,,False,False,False,8200.0,7108.23,8200.0,,,P1,False
5988,False,False,,False,False,False,8200.0,7388.0,8200.0,,,P1,False
5989,False,False,,False,False,False,8200.0,7388.0,8200.0,,,P1,False
5990,False,False,,False,False,False,8200.0,7388.0,8200.0,,,P1,False
5991,False,False,,False,False,False,8200.0,7388.0,8200.0,,,P1,False
5992,False,False,,False,False,False,8200.0,7388.0,8200.0,,,P1,False
5993,False,False,,False,False,False,8200.0,7388.0,8200.0,,,P1,False
5994,False,False,,False,False,False,8200.0,7431.07,8200.0,,,P1,False
5995,False,False,,False,False,False,8200.0,7431.07,8655.31,,,P1,False
5996,False,False,,False,False,False,8200.0,7431.07,8655.31,,,P1,False
5997,False,False,,False,False,False,8200.0,7476.54,8655.31,,,P1,False
5998,False,False,,False,False,False,9256.12,7476.54,8655.31,,,P1,False
5999,False,False,swing,False,True,False,9256.12,7476.54,8655.31,9256.12,,P1,False
6000,False,False,,False,False,False,9256.12,7476.54,8655.31,,,P1,False
6001,False,False,,False,False,False,9256.12,7480.0,8655.31,,,P1,False
6002,False,False,,False,False,False,9256.12,7480.0,8655.31,,,P1,False
6003,False,False,,False,False,False,9150.0,7480.0,9150.0,,,P1,False
6004,False,False,,False,False,False,9150.0,7480.0,8200.0,,,P1,False
6005,False,False,,False,False,False,9150.0,7480.0,8200.0,,,P1,False
6006,False,False,,False,False,False,9150.0,7534.07,8200.0,,,P1,False
6007,False,False,,False,False,False,9150.0,7577.27,8200.0,,,P1,False
6008,False,False,,False,False,False,9262.0,7606.0,9256.12,,,P1,False
6009,False,False,,False,False,False,9262.0,7606.0,9256.12,,,P1,False
6010,False,False,,False,False,False,9262.0,7606.0,9256.12,,,P1,False
6011,False,False,,False,False,False,9262.0,7606.0,9256.12,,,P1,False
6012,False,False,,False,False,False,9262.0,7633.99,9256.12,,,P1,False
6013,False,False,,False,False,False,9262.0,7659.12,9256.12,,,P1,False
6014,False,False,,False,False,False,9262.0,7659.12,9256.12,,,P1,False
6015,False,False,,False,False,False,9262.0,7659.12,9256.12,,,P1,False
6016,False,False,,False,False,False,9262.0,7665.21,9256.12,,,P1,False
6017,False,False,,False,False,False,9262.0,7665.21,9256.12,,,P1,False
6018,False,False,,False,False,False,9464.23,7703.91,9256.12,,,P1,False
6019,False,False,,False,False,False,9464.23,7703.91,9256.12,,,P1,False
6020,False,False,,False,False,False,9464.23,7710.05,9256.12,,,P1,False
6021,False,False,,False,False,False,9464.23,7800.56,9256.12,,,P1,False
6022,False,False,,False,False,False,9464.23,7928.0,9256.12,,,P1,False
6023,False,False,,False,False,False,9474.0,8117.0,9474.0,,,P1,False
6024,False,False,,False,False,False,9474.0,8117.0,9474.0,,,P1,False
6025,False,False,,False,False,False,9474.0,8117.0,9474.0,,,P1,False
6026,False,False,,False,False,False,9474.0,8117.0,9474.0,,,P1,False
6027,False,False,,False,False,False,9474.0,8117.0,8200.0,,,P1,False
6028,False,False,,False,False,False,9474.0,8117.0,9474.0,,,P1,False
6029,False,False,,False,False,False,9474.0,8117.0,9474.0,,,P1,False
6030,False,False,,False,False,False,9474.0,8117.0,9474.0,,,P1,False
6031,False,False,,False,False,False,9326.0,8117.0,9262.0,,,P1,False
6032,False,False,swing|zone,False,True,False,9326.0,8117.0,9262.0,9326.0,,P1,False
6033,False,False,,False,False,False,9326.0,8117.0,8200.0,,,P1,False
6034,False,False,,False,False,False,9326.0,8117.0,8200.0,,,P1,False
6035,False,False,,False,False,False,9326.0,8117.0,8200.0,,,P1,False
6036,False,False,,False,False,False,9326.0,8117.0,8200.0,,,P1,False
6037,False,False,,False,False,False,9326.0,8117.0,8200.0,,,P1,False
6038,False,False,,False,False,False,8815.0,8117.0,8760.0,,,P1,False
6039,False,False,,False,False,False,8815.0,8117.0,8760.0,,,P1,False
6040,False,False,,False,False,False,8815.0,8117.0,8200.0,,,P1,False
6041,False,False,,False,False,False,8815.0,8117.0,8200.0,,,P1,False
6042,False,False,,False,False,False,8815.0,8117.0,9262.0,,,P1,False
6043,False,False,,False,False,False,8815.0,8117.0,8200.0,,,P1,False
6044,False,False,,False,False,False,8815.0,8117.0,8200.0,,,P1,False
6045,False,False,,False,False,False,8815.0,8117.0,8200.0,,,P1,False
6046,False,False,,False,False,False,8815.0,8117.0,8200.0,,,P1,False
6047,False,False,,False,False,False,8815.0,8117.0,8200.0,,,P1,False
6048,False,False,,False,False,False,8815.0,8117.0,8200.0,,,P1,False
6049,False,False,,False,False,False,9070.0,8117.0,9070.0,,,P1,False
6050,False,False,,False,False,False,9070.0,8117.0,7020.0,,,P1,False
6051,False,False,,False,False,False,9070.0,8117.0,7020.0,,,P1,False
6052,False,False,,False,False,False,9070.0,8117.0,7020.0,,,P1,False
6053,False,False,,False,False,False,9070.0,8117.0,8200.0,,,P1,False
6054,False,False,,False,False,False,9070.0,8117.0,8200.0,,,P1,False
6055,False,False,,False,False,False,9070.0,8117.0,8200.0,,,P1,False
6056,False,False,,False,False,False,9070.0,8117.0,8200.0,,,P1,False
6057,False,False,,False,False,False,9070.0,8117.0,8200.0,,,P1,False
6058,False,False,,False,False,False,8642.72,8117.0,8200.0,,,P1,False
6059,False,False,,False,False,False,8642.72,8117.0,8200.0,,,P1,False
6060,False,False,,False,False,False,8642.72,8117.0,8200.0,,,P1,False
6061,False,False,,False,False,False,8642.72,8117.0,8200.0,,,P1,False
6062,False,False,,False,False,False,8642.72,8117.0,7020.0,,,P1,False
6063,True,False,,False,False,False,8642.72,8117.0,7020.0,,,P1,False
6064,True,False,,False,False,False,8642.72,8117.0,8200.0,,,P1,False
6065,False,False,,False,False,False,8642.72,8117.0,7020.0,,,P1,False
6066,False,False,,False,False,False,8642.72,8117.0,7020.0,,,P1,False
6067,False,False,,False,False,False,8642.72,8117.0,7020.0,,,P1,False
6068,False,False,,False,False,False,8700.0,8117.0,8760.0,,,P1,False
6069,False,False,,False,False,False,8700.0,8117.0,8760.0,,,P1,False
6070,False,False,,False,False,False,8700.0,8117.0,8760.0,,,P1,False
6071,False,False,,False,False,False,8700.0,8117.0,8760.0,,,P1,False
6072,False,False,,False,False,False,8700.0,8117.0,8760.0,,,P1,False
6073,False,False,,False,False,False,8700.0,8117.0,8760.0,,,P1,False
6074,False,False,,False,False,False,8700.0,8117.0,9262.0,,,P1,False
6075,False,False,,False,False,False,8700.0,8117.0,9474.0,,,P1,False
6076,False,False,,False,False,False,8700.0,8117.0,9262.0,,,P1,False
6077,False,False,,False,False,False,8700.0,8117.0,9474.0,,,P1,False
6078,False,False,,False,False,False,8700.0,8117.0,9474.0,,,P1,False
6079,False,False,,False,False,False,8700.0,8117.0,9474.0,,,P1,False
6080,False,False,,False,False,False,8700.0,8117.0,9262.0,,,P1,False
6081,False,False,,False,False,False,8700.0,8117.0,9262.0,,,P1,False
6082,False,False,,False,False,False,8700.0,8117.0,9262.0,,,P1,False
6083,False,False,,False,False,False,8700.0,8117.0,9262.0,,,P1,False
6084,False,False,,False,False,False,8700.0,8117.0,9262.0,,,P1,False
6085,False,False,,False,False,False,9330.0,8117.0,9474.0,,,P1,False
6086,False,False,,False,False,False,9330.0,8117.0,9474.0,,,P1,False
6087,False,False,,False,False,False,9330.0,8200.0,9474.0,,,P1,False
6088,False,False,,False,False,False,9330.0,8200.0,9474.0,,,P1,False
6089,False,False,,False,False,False,9330.0,8200.0,9474.0,,,P1,False
6090,False,False,,False,False,False,9330.0,8200.0,9474.0,,,P1,False
6091,False,False,,False,False,False,9330.0,8200.0,9474.0,,,P1,False
6092,False,False,,False,False,False,9330.0,8200.0,9474.0,,,P1,False
6093,False,False,,False,False,False,9400.0,8200.0,9474.0,,,P1,False
6094,False,False,,False,False,False,9400.0,8200.0,9474.0,,,P1,False
6095,False,False,,False,False,False,9400.0,8200.0,9400.0,,,P1,False
6096,False,False,,False,False,False,9400.0,8200.0,9474.0,,,P1,False
6097,False,False,,False,False,False,9400.0,8459.28,9474.0,,,P1,False
6098,False,False,,False,False,False,9400.0,8528.78,9474.0,,,P1,False
6099,False,False,,False,False,False,9381.41,8614.98,9474.0,,,P1,False
6100,False,False,,False,False,False,9381.41,8632.93,9474.0,,,P1,False
6101,False,False,,False,False,False,9381.41,8642.72,9474.0,,,P1,False
6102,False,False,,False,False,False,9381.41,8642.72,9474.0,,,P1,False
6103,False,False,,False,False,False,9381.41,8642.72,9474.0,,,P1,False
6104,False,False,,False,False,False,9381.41,8642.72,9474.0,,,P1,False
6105,False,False,,False,False,False,9381.41,8642.72,9390.705,,,P1,False
6106,False,False,,False,False,False,9381.41,8642.72,9474.0,,,P1,False
6107,False,False,zone,False,True,False,9381.41,8642.72,9474.0,9474.0,,P1,False
6108,False,False,,False,False,False,9381.41,8642.72,9474.0,,,P1,False
6109,False,False,zone,False,True,False,9266.0,8642.72,9474.0,9474.0,,P1,False
6110,False,False,,False,False,False,9266.0,8642.72,9474.0,,,P1,False
6111,False,False,,False,False,False,9266.0,8642.72,9474.0,,,P1,False
6112,False,False,,False,False,False,9266.0,8642.72,9474.0,,,P1,False
6113,False,False,,False,False,False,9365.21,8642.72,9474.0,,,P1,False
6114,False,False,,False,False,False,9365.21,8642.72,9474.0,,,P1,False
6115,False,False,,False,False,False,9365.21,8642.72,9474.0,,,P1,False
6116,False,False,zone,False,True,False,9365.21,8642.72,9474.0,9474.0,,P1,False
6117,False,False,,False,False,False,9365.21,8642.72,9474.0,,,P1,False
6118,False,False,,False,False,False,9365.21,8642.72,9474.0,,,P1,False
6119,False,False,,False,False,False,9365.21,8642.72,9474.0,,,P1,False
6120,False,False,,False,False,False,9450.0,8642.72,9469.115,,,P1,False
6121,False,False,,False,False,False,9450.0,8642.72,9469.115,,,P1,False
6122,False,False,,False,False,False,9450.0,8642.72,9469.115,,,P1,False
6123,False,False,,False,False,False,9450.0,8642.72,9469.115,,,P1,False
6124,False,False,,False,False,False,9450.0,8642.72,9469.115,,,P1,False
6125,False,False,,False,False,False,9450.0,8642.72,9469.115,,,P1,False
6126,False,False,swing,False,True,False,9581.0,8642.72,9474.0,9581.0,,P1,False
6127,False,False,,False,False,False,9581.0,8642.72,9474.0,,,P1,False
6128,False,False,,False,False,False,9581.0,8642.72,9474.0,,,P1,False
6129,False,False,,False,False,False,9581.0,8642.72,9474.0,,,P1,False
6130,False,False,,False,False,False,9531.05,8642.72,9531.05,,,P1,False
6131,False,False,,False,False,False,9531.05,8642.72,9531.05,,,P1,False
6132,False,False,,False,False,False,9531.05,8642.72,9531.05,,,P1,False
6133,False,False,,False,False,False,9531.05,8642.72,9531.05,,,P1,False
6134,False,False,,False,False,False,9531.05,8642.72,9531.05,,,P1,False
6135,False,False,zone,False,True,False,9531.05,8642.72,9474.0,9474.0,,P1,False
6136,False,False,,False,False,False,9531.05,8642.72,9531.05,,,P1,False
6137,False,False,,False,False,False,9531.05,8642.72,9531.05,,,P1,False
6138,False,False,,False,False,False,9531.05,8642.72,9531.05,,,P1,False
6139,False,False,,False,False,False,9372.46,8642.72,9531.05,,,P1,False
6140,False,False,,False,False,False,9372.46,8642.72,9531.05,,,P1,False
6141,False,False,,False,False,False,9372.46,8642.72,9531.05,,,P1,False
6142,False,False,,False,False,False,9372.46,8642.72,9531.05,,,P1,False
6143,False,False,,False,False,False,9372.46,8642.72,9531.05,,,P1,False
6144,False,False,,False,False,False,9633.0,8642.72,9556.025,,,P1,False
6145,False,False,,False,False,False,9633.0,8642.72,9556.025,,,P1,False
6146,False,False,,False,False,False,9633.0,8642.72,9556.025,,,P1,False
6147,False,False,,False,False,False,9633.0,8642.72,9556.025,,,P1,False
6148,False,False,,False,False,False,9570.0,8642.72,9581.0,,,P1,False
6149,False,False,,False,False,False,9570.0,8642.72,9581.0,,,P1,False
6150,False,False,,False,False,False,9570.0,8642.72,9581.0,,,P1,False
6151,False,False,,False,False,False,9570.0,8642.72,9570.0,,,P1,False
6152,False,False,,False,False,False,9570.0,8642.72,9575.5,,,P1,False
6153,False,False,,False,False,False,9570.0,8642.72,9575.5,,,P1,False
6154,False,False,,False,False,False,9570.0,8642.72,9575.5,,,P1,False
6155,False,False,,False,False,False,9570.0,8642.72,9570.0,,,P1,False
6156,False,False,,False,False,False,9570.0,8642.72,9575.5,,,P1,False
6157,False,False,,False,False,False,9570.0,8642.72,9575.5,,,P1,False
6158,False,False,,False,False,False,9704.18,8642.72,9570.0,,,P1,False
6159,False,False,,False,False,False,9704.18,8642.72,9520.0,,,P1,False
6160,False,False,,False,False,False,9704.18,8642.72,9266.0,,,P1,False
6161,False,False,,False,False,False,9704.18,8642.72,9266.0,,,P1,False
6162,False,False,,False,False,False,9704.18,8642.72,9330.0,,,P1,False
6163,False,False,,False,False,False,9704.18,8642.72,9381.41,,,P1,False
6164,False,False,,False,False,False,9113.0,8642.72,9469.115,,,P1,False
6165,False,False,,False,False,False,9113.0,8642.72,9381.41,,,P1,False
6166,False,False,zone,False,True,False,9113.0,8642.72,9381.41,9381.41,,P1,False
6167,False,False,,False,False,False,9113.0,8642.72,9457.115,,,P1,False
6168,False,False,,False,False,False,9113.0,8642.72,9381.41,,,P1,False
6169,False,False,,False,False,False,9113.0,8642.72,9381.41,,,P1,False
6170,False,False,,False,False,False,9301.0,8642.72,9390.705,,,P1,False
6171,False,False,,False,False,False,9301.0,8642.72,9390.705,,,P1,False
6172,False,False,,False,False,False,9301.0,8642.72,9390.705,,,P1,False
6173,False,False,,False,False,False,9301.0,8642.72,9469.115,,,P1,False
6174,False,False,,False,False,False,9301.0,8642.72,9381.41,,,P1,False
6175,False,False,,False,False,False,9301.0,8642.72,9381.41,,,P1,False
6176,False,False,,False,False,False,9301.0,8642.72,9381.41,,,P1,False
6177,False,False,swing|zone,False,True,False,9351.0,8668.29,9376.935,9376.935,,P1,False
6178,False,False,,False,False,False,9351.0,8668.29,9376.935,,,P1,False
6179,False,False,zone,False,True,False,9351.0,8700.0,9301.0,9301.0,,P1,False
6180,False,False,,False,False,False,9351.0,8700.0,9113.0,,,P1,False
6181,True,True,zone,True,True,True,9351.0,8700.0,9113.0,9113.0,9113.0,P1,False
6182,True,False,,False,False,False,9351.0,8700.0,9113.0,,,P1,False
6183,False,False,,False,False,False,9351.0,8700.0,9283.5,,,P1,False
6184,False,False,,False,False,False,9351.0,8700.0,9376.935,,,P1,False
6185,False,False,,False,False,False,8910.45,8700.0,9376.935,,,P1,False
6186,False,False,,False,False,False,8910.45,8700.0,9525.525,,,P1,False
6187,False,False,,False,False,False,8910.45,8799.99,9469.115,,,P1,False
6188,False,False,,False,False,False,8910.45,8811.73,9474.0,,,P1,False
6189,False,False,,False,False,False,8910.45,8825.0,9376.935,,,P1,False
6190,False,False,,False,False,False,8910.45,8844.0,9474.0,,,P1,False
6191,False,False,,False,False,False,8910.45,8910.45,9525.525,,,P1,False
6192,False,False,,False,False,False,8910.45,8910.45,9457.115,,,P1,False
6193,False,False,,False,False,False,8910.45,8910.45,9474.0,,,P1,False
6194,False,False,,False,False,False,8910.45,8910.45,9474.0,,,P1,False
6195,False,False,,False,False,False,8910.45,8910.45,9376.935,,,P1,False
6196,False,False,,False,False,False,8910.45,8910.45,9283.5,,,P1,False
6197,False,False,,False,False,False,8910.45,8910.45,9464.23,,,P1,False
6198,False,False,,False,False,False,8910.45,8910.45,9381.41,,,P1,False
6199,False,False,,False,False,False,8910.45,8910.45,9381.41,,,P1,False
6200,False,False,,False,False,False,8910.45,8910.45,9376.935,,,P1,False
6201,False,False,,False,False,False,9236.61,8910.45,9376.935,,,P1,False
6202,False,False,,False,False,False,9236.61,8910.45,9376.935,,,P1,False
6203,False,False,zone,False,True,False,9236.61,8910.45,9376.935,9376.935,,P1,False
6204,False,False,,False,False,False,9236.61,8910.45,9264.0,,,P1,False
6205,False,False,,False,False,False,9236.61,8910.45,9264.0,,,P1,False
6206,False,False,,False,False,False,9236.61,8910.45,9376.935,,,P1,False
6207,False,False,,False,False,False,9236.61,8910.45,9376.935,,,P1,False
6208,False,False,,False,False,False,9215.79,8910.45,9301.0,,,P1,False
6209,False,False,,False,False,False,9215.79,8910.45,9301.0,,,P1,False
6210,False,False,,False,False,False,9215.79,8910.45,9301.0,,,P1,False
6211,False,False,,False,False,False,9215.79,8910.45,9301.0,,,P1,False
6212,False,False,swing|zone,False,True,False,9215.79,8910.45,9301.0,9301.0,,P1,False
6213,False,False,,False,False,False,9215.79,8910.45,9259.060000000001,,,P1,False
6214,False,False,,False,False,False,9215.79,8910.45,9259.060000000001,,,P1,False
6215,False,False,,False,False,False,9215.79,8910.45,9358.105,,,P1,False
6216,False,False,,False,False,False,9170.95,8910.45,9365.21,,,P1,False
6217,False,False,,False,False,False,9170.95,8910.45,9368.835,,,P1,False
6218,False,False,,False,False,False,9170.95,8910.45,9358.105,,,P1,False
6219,False,False,,False,False,False,9170.95,8910.45,9372.46,,,P1,False
6220,False,False,,False,False,False,9170.95,8910.45,9340.5,,,P1,False
6221,False,False,,False,False,False,9170.95,8910.45,9283.5,,,P1,False
6222,False,False,,False,False,False,9170.95,8910.45,9376.935,,,P1,False
6223,False,False,,False,False,False,9170.95,8910.45,9372.46,,,P1,False
6224,False,False,,False,False,False,9170.95,8910.45,9376.935,,,P1,False
6225,False,False,,False,False,False,9170.95,8910.45,9464.23,,,P1,False
6226,False,False,,False,False,False,9277.09,8910.45,9464.23,,,P1,False
6227,False,False,,False,False,False,9277.09,8910.45,9570.0,,,P1,False
6228,False,False,,False,False,False,9277.09,8910.45,9575.5,,,P1,False
6229,False,False,,False,False,False,9277.09,8910.45,9575.5,,,P1,False
6230,False,False,,False,False,False,9277.09,8910.45,9570.0,,,P1,False
6231,False,False,,False,False,False,9277.09,8910.45,9570.0,,,P1,False
6232,False,False,,False,False,False,9277.09,8910.45,9570.0,,,P1,False
6233,False,False,,False,False,False,9277.09,8910.45,9570.0,,,P1,False
6234,False,False,,False,False,False,9277.09,8910.45,9570.0,,,P1,False
6235,False,False,,False,False,False,9277.09,8910.45,9464.23,,,P1,False
6236,False,False,,False,False,False,9277.09,8910.45,9289.045,,,P1,False
6237,False,False,,False,False,False,9277.09,8910.45,9236.61,,,P1,False
6238,False,False,,False,False,False,9277.09,8910.45,9277.09,,,P1,False
6239,False,False,swing|zone,False,True,False,9277.09,8910.45,9277.09,9277.09,,P1,False
6240,False,False,,False,False,False,9277.09,8910.45,9236.61,,,P1,False
6241,False,False,,False,False,False,9277.09,8910.45,9170.95,,,P1,False
6242,False,False,,False,False,False,9277.09,8910.45,9249.305,,,P1,False
6243,False,False,zone,False,True,False,9277.09,8910.45,9170.95,9170.95,,P1,False
6244,False,False,,False,False,False,9009.69,8910.45,9271.545,,,P1,False
6245,False,False,,False,False,False,9009.69,8910.45,9236.61,,,P1,False
6246,False,False,zone,False,True,False,9009.69,8910.45,9236.61,9236.61,,P1,False
6247,False,False,,False,False,False,9009.69,8910.45,9113.0,,,P1,False
6248,False,False,,False,False,False,9009.69,8910.45,9170.95,,,P1,False
6249,False,False,zone,False,True,False,9009.69,8910.45,9113.0,9113.0,,P1,False
6250,False,False,,False,False,False,9009.69,8910.45,9113.0,,,P1,False
6251,False,False,,False,False,False,9009.69,8910.45,9113.0,,,P1,False
6252,False,False,,False,False,False,9009.69,8910.45,9113.0,,,P1,False
6253,False,False,,False,False,False,9045.45,8910.45,9170.95,,,P1,False
6254,False,False,,False,False,False,9045.45,8910.45,9113.0,,,P1,False
6255,False,False,,False,False,False,9045.45,8910.45,9070.0,,,P1,False
6256,False,False,,False,False,False,9045.45,8910.45,9045.45,,,P1,False
6257,False,False,,False,False,False,9045.45,8910.45,9045.45,,,P1,False
6258,False,False,,False,False,False,9045.45,8910.45,9045.45,,,P1,False
6259,False,False,,False,False,False,9045.45,8833.0,9045.45,,,P1,False
6260,False,False,,False,False,False,8833.0,8833.0,9045.45,,,P1,False
6261,False,False,,False,False,False,8833.0,8833.0,9113.0,,,P1,False
6262,False,False,,False,False,False,8833.0,8833.0,9057.725,,,P1,False
6263,False,False,,False,False,False,8833.0,8833.0,9113.0,,,P1,False
6264,False,False,,False,False,False,8833.0,8833.0,9070.0,,,P1,False
6265,False,False,,False,False,False,8833.0,8833.0,9070.0,,,P1,False
6266,False,False,,False,False,False,8833.0,8833.0,9070.0,,,P1,False
6267,False,False,zone,False,True,False,8833.0,8833.0,9070.0,9070.0,,P1,False
6268,False,False,,False,False,False,8833.0,8833.0,9070.0,,,P1,False
6269,False,False,,False,False,False,8833.0,8833.0,9070.0,,,P1,False
6270,False,False,,False,False,False,8833.0,8833.0,9070.0,,,P1,False
6271,False,False,,False,False,False,9024.67,8833.0,9057.725,,,P1,False
6272,False,False,,False,False,False,9024.67,8833.0,9057.725,,,P1,False
6273,False,False,,False,False,False,9024.67,8833.0,9057.725,,,P1,False
6274,False,False,,False,False,False,9024.67,8833.0,9057.725,,,P1,False
6275,False,False,,False,False,False,9024.67,8833.0,9057.725,,,P1,False
6276,False,False,,False,False,False,9024.67,8833.0,9057.725,,,P1,False
6277,False,False,,False,False,False,9064.89,8833.0,9064.89,,,P1,False
6278,False,False,,False,False,False,9064.89,8833.0,9067.445,,,P1,False
6279,False,False,,False,False,False,9064.89,8833.0,9251.305,,,P1,False
6280,False,False,,False,False,False,9064.89,8833.0,9067.445,,,P1,False
6281,False,False,,False,False,False,9064.89,8833.0,9067.445,,,P1,False
6282,False,False,,False,False,False,9064.89,8833.0,9064.89,,,P1,False
6283,False,False,,False,False,False,9064.89,8833.0,9064.89,,,P1,False
6284,False,False,,False,False,False,9064.89,8833.0,9064.89,,,P1,False
6285,False,False,,False,False,False,9064.89,8833.0,9045.45,,,P1,False
6286,False,False,zone,False,True,False,9064.89,8833.0,9045.45,9045.45,,P1,False
6287,False,False,,False,False,False,9064.89,8833.0,9045.45,,,P1,False
6288,False,False,,False,False,False,9064.89,8833.0,9055.17,,,P1,False
6289,False,False,,False,False,False,9064.89,8833.0,9045.45,,,P1,False
6290,False,False,,False,False,False,8940.0,8833.0,9045.45,,,P1,False
6291,False,False,,False,False,False,8940.0,8833.0,9045.45,,,P1,False
6292,False,False,,False,False,False,8940.0,8833.0,9045.45,,,P1,False
6293,False,False,,False,False,False,8940.0,8833.0,9045.45,,,P1,False
6294,False,False,,False,False,False,8940.0,8833.0,9045.45,,,P1,False
6295,False,False,,False,False,False,8940.0,8833.0,9045.45,,,P1,False
6296,False,False,,False,False,False,8940.0,8833.0,9035.060000000001,,,P1,False
6297,False,False,,False,False,False,9037.47,8833.0,9045.45,,,P1,False
6298,False,False,,False,False,False,9037.47,8833.0,9045.45,,,P1,False
6299,False,False,,False,False,False,9037.47,8833.0,9045.45,,,P1,False
6300,False,False,,False,False,False,9037.47,8833.0,9045.45,,,P1,False
6301,False,False,,False,False,False,9040.04,8833.0,9042.745,,,P1,False
6302,False,False,,False,False,False,9040.04,8833.0,9037.47,,,P1,False
6303,False,False,,False,False,False,9040.04,8833.0,9037.47,,,P1,False
6304,False,False,,False,False,False,9040.04,8833.0,9037.47,,,P1,False
6305,False,False,swing|zone,False,True,False,9040.04,8833.0,9042.745,9042.745,,P1,False
6306,False,False,,False,False,False,9040.04,8833.0,9040.04,,,P1,False
6307,False,False,,False,False,False,9040.04,8833.0,9042.745,,,P1,False
6308,False,False,,False,False,False,9040.04,8833.0,9040.04,,,P1,False
6309,False,False,,False,False,False,8893.03,8833.0,9289.045,,,P1,False
6310,False,False,,False,False,False,8893.03,8833.0,9289.045,,,P1,False
6311,False,False,,False,False,False,8893.03,8833.0,9289.045,,,P1,False
6312,False,False,,False,False,False,8893.03,8833.0,9289.045,,,P1,False
6313,False,False,,False,False,False,8893.03,8833.0,9251.305,,,P1,False
6314,False,False,,False,False,False,8893.03,8833.0,9251.305,,,P1,False
6315,False,False,,False,False,False,8893.03,8833.0,9271.545,,,P1,False
6316,False,False,,False,False,False,8893.03,8833.0,9040.04,,,P1,False
6317,False,False,,False,False,False,8893.03,8833.0,9251.305,,,P1,False
6318,False,False,,False,False,False,8893.03,8833.0,9289.045,,,P1,False
6319,False,False,,False,False,False,8893.03,8833.0,9271.545,,,P1,False
6320,False,False,zone,False,True,False,8893.03,8833.0,9289.045,9289.045,,P1,False
6321,False,False,,False,False,False,9203.0,8833.0,9376.935,,,P1,False
6322,False,False,,False,False,False,9203.0,8833.0,9376.935,,,P1,False
6323,False,False,,False,False,False,9203.0,8833.0,9376.935,,,P1,False
6324,False,False,,False,False,False,9203.0,8833.0,9376.935,,,P1,False
6325,False,False,,False,False,False,9203.0,8833.0,9376.935,,,P1,False
6326,False,False,zone,False,True,False,9203.0,8833.0,9376.935,9376.935,,P1,False
6327,False,False,,False,False,False,9203.0,8833.0,9040.04,,,P1,False
6328,False,False,,False,False,False,9203.0,8833.0,9209.395,,,P1,False
6329,False,False,,False,False,False,9203.0,8833.0,9209.395,,,P1,False
6330,False,False,,False,False,False,9203.0,8833.0,9215.79,,,P1,False
6331,False,False,,False,False,False,9160.0,8833.0,9040.04,,,P1,False
6332,False,False,,False,False,False,9160.0,8833.0,9040.04,,,P1,False
6333,False,False,,False,False,False,9160.0,8833.0,9236.61,,,P1,False
6334,False,False,,False,False,False,9160.0,8833.0,9215.79,,,P1,False
6335,False,False,,False,False,False,9125.0,8833.0,9277.09,,,P1,False
6336,False,False,,False,False,False,9125.0,8833.0,9236.61,,,P1,False
6337,False,False,,False,False,False,9125.0,8833.0,9226.2,,,P1,False
6338,False,False,,False,False,False,9125.0,8833.0,9170.95,,,P1,False
6339,False,False,,False,False,False,9125.0,8833.0,9226.2,,,P1,False
6340,False,False,,False,False,False,9125.0,8833.0,9170.95,,,P1,False
6341,False,False,,False,False,False,9125.0,8833.0,9226.2,,,P1,False
6342,False,False,,False,False,False,9178.25,8833.0,9271.545,,,P1,False
6343,False,False,,False,False,False,9178.25,8833.0,9226.2,,,P1,False
6344,False,False,,False,False,False,9178.25,8833.0,9226.2,,,P1,False
6345,False,False,,False,False,False,9178.25,8833.0,9190.625,,,P1,False
6346,False,False,swing|zone,False,True,False,9178.25,8833.0,9215.79,9215.79,,P1,False
6347,False,False,,False,False,False,9178.25,8833.0,9215.79,,,P1,False
6348,False,False,,False,False,False,9178.25,8833.0,9215.79,,,P1,False
6349,False,False,,False,False,False,9178.25,8833.0,9215.79,,,P1,False
6350,False,False,,False,False,False,9157.5,8833.0,9215.79,,,P1,False
6351,False,False,,False,False,False,9157.5,8833.0,9215.79,,,P1,False
6352,False,False,,False,False,False,9157.5,8833.0,9215.79,,,P1,False
6353,False,False,,False,False,False,9157.5,8833.0,9215.79,,,P1,False
6354,False,False,,False,False,False,9157.5,8833.0,9215.79,,,P1,False
6355,False,False,,False,False,False,9157.5,8833.0,9170.95,,,P1,False
6356,False,False,,False,False,False,9157.5,8833.0,9215.79,,,P1,False
6357,False,False,,False,False,False,9157.5,8833.0,9215.79,,,P1,False
6358,False,False,,False,False,False,9157.5,8833.0,9215.79,,,P1,False
6359,False,False,,False,False,False,9157.5,8833.0,9215.79,,,P1,False
6360,False,False,,False,False,False,9113.0,8833.0,9215.79,,,P1,False
6361,False,False,,False,False,False,9113.0,8833.0,9215.79,,,P1,False
6362,False,False,,False,False,False,9113.0,8833.0,9215.79,,,P1,False
6363,False,False,,False,False,False,9113.0,8833.0,9190.625,,,P1,False
6364,False,False,,False,False,False,9113.0,8833.0,9170.95,,,P1,False
6365,False,False,,False,False,False,9113.0,8833.0,9190.625,,,P1,False
6366,False,False,,False,False,False,9113.0,8833.0,9190.625,,,P1,False
6367,False,False,,False,False,False,9113.0,8833.0,9113.0,,,P1,False
6368,False,False,,False,False,False,9113.0,8833.0,9042.745,,,P1,False
6369,False,False,,False,False,False,9113.0,8833.0,9125.0,,,P1,False
6370,False,False,,False,False,False,9113.0,8833.0,9119.0,,,P1,False
6371,False,False,swing|zone,False,True,False,9113.0,8833.0,9119.0,9119.0,,P1,False
6372,False,False,,False,False,False,9047.25,8833.0,9119.0,,,P1,False
6373,False,False,,False,False,False,9047.25,8833.0,9045.45,,,P1,False
6374,False,False,,False,False,False,9047.25,8833.0,9113.0,,,P1,False
6375,False,False,,False,False,False,9047.25,8833.0,9113.0,,,P1,False
6376,False,False,,False,False,False,9047.25,8833.0,9113.0,,,P1,False
6377,False,False,,False,False,False,9089.81,8833.0,9113.0,,,P1,False
6378,False,False,,False,False,False,9089.81,8833.0,9113.0,,,P1,False
6379,False,False,,False,False,False,9089.81,8893.03,9113.0,,,P1,False
6380,False,False,,False,False,False,9089.81,8893.03,9113.0,,,P1,False
6381,False,False,,False,False,False,9089.81,8893.03,9165.475,,,P1,False
6382,False,False,,False,False,False,9121.1,8893.03,9117.05,,,P1,False
6383,False,False,,False,False,False,9121.1,8893.03,9165.475,,,P1,False
6384,False,False,,False,False,False,9121.1,8893.03,9117.05,,,P1,False
6385,False,False,,False,False,False,9121.1,8893.03,9117.05,,,P1,False
6386,False,False,,False,False,False,9121.1,8893.03,9117.05,,,P1,False
6387,False,False,,False,False,False,9121.1,8893.03,9117.05,,,P1,False
6388,False,False,,False,False,False,9121.1,8893.03,9117.05,,,P1,False
6389,False,False,,False,False,False,9121.1,8893.03,9165.475,,,P1,False
6390,False,False,,False,False,False,9101.35,8893.03,9170.95,,,P1,False
6391,False,False,,False,False,False,9101.35,8893.03,9170.95,,,P1,False
6392,False,False,,False,False,False,9101.35,8893.03,9113.0,,,P1,False
6393,False,False,,False,False,False,9101.35,8893.03,9165.475,,,P1,False
6394,False,False,,False,False,False,9101.35,8893.03,9113.0,,,P1,False
6395,False,False,,False,False,False,9101.35,8893.03,9113.0,,,P1,False
6396,False,False,,False,False,False,9131.0,8893.03,9165.475,,,P1,False
6397,False,False,,False,False,False,9131.0,8893.03,9215.79,,,P1,False
6398,False,False,,False,False,False,9131.0,8893.03,9215.79,,,P1,False
6399,False,False,,False,False,False,9131.0,8893.03,9215.79,,,P1,False
6400,False,False,,False,False,False,9131.0,8893.03,9215.79,,,P1,False
6401,False,False,,False,False,False,9131.0,8893.03,9215.79,,,P1,False
6402,False,False,,False,False,False,9131.0,8893.03,9215.79,,,P1,False
6403,False,False,,False,False,False,9131.0,8893.03,9215.79,,,P1,False
6404,False,False,,False,False,False,9131.0,8893.03,9215.79,,,P1,False
6405,False,False,,False,False,False,9131.0,8893.03,9215.79,,,P1,False
6406,False,False,,False,False,False,9131.0,8893.03,9215.79,,,P1,False
6407,False,False,,False,False,False,9261.0,8893.03,9261.0,,,P1,False
6408,False,False,,False,False,False,9261.0,8893.03,9261.0,,,P1,False
6409,False,False,,False,False,False,9261.0,8893.03,9261.0,,,P1,False
6410,False,False,,False,False,False,9261.0,8893.03,9261.0,,,P1,False
6411,False,False,,False,False,False,9261.0,8893.03,9261.0,,,P1,False
6412,False,False,,False,False,False,9261.0,8893.03,9261.0,,,P1,False
6413,False,False,,False,False,False,9261.0,8893.03,9261.0,,,P1,False
6414,False,False,,False,False,False,9261.0,8893.03,9261.0,,,P1,False
6415,False,False,,False,False,False,9440.33,8893.03,9261.0,,,P1,False
6416,False,False,,False,False,False,9440.33,8893.03,9261.0,,,P1,False
6417,False,False,,False,False,False,9440.33,8893.03,9261.0,,,P1,False
6418,False,False,,False,False,False,9440.33,8893.03,9261.0,,,P1,False
6419,False,False,,False,False,False,9463.44,8893.03,9261.0,,,P1,False
6420,False,False,,False,False,False,9463.44,8893.03,9261.0,,,P1,False
6421,False,False,,False,False,False,9463.44,8893.03,9261.0,,,P1,False
6422,False,False,,False,False,False,9463.44,8893.03,9261.0,,,P1,False
6423,False,False,,False,False,False,9463.44,8893.03,9261.0,,,P1,False
6424,False,False,,False,False,False,9463.44,8893.03,9261.0,,,P1,False
6425,False,False,,False,False,False,9463.44,8893.03,9261.0,,,P1,False
6426,False,False,,False,False,False,9463.44,8893.03,9261.0,,,P1,False
6427,False,False,,False,False,False,9463.44,8893.03,9261.0,,,P1,False
6428,False,False,,False,False,False,9463.44,9047.25,9261.0,,,P1,False
6429,False,False,,False,False,False,9463.44,9047.25,9261.0,,,P1,False
6430,False,False,,False,False,False,9463.44,9047.25,9261.0,,,P1,False
6431,False,False,,False,False,False,9463.44,9047.25,9261.0,,,P1,False
6432,False,False,,False,False,False,9463.44,9047.25,9261.0,,,P1,False
6433,False,False,,False,False,False,9463.44,9047.25,9248.805,,,P1,False
6434,False,False,,False,False,False,9463.44,9047.25,9248.805,,,P1,False
6435,False,False,,False,False,False,9463.44,9047.25,9248.805,,,P1,False
6436,False,False,,False,False,False,9463.44,9047.25,9248.805,,,P1,False
6437,False,False,,False,False,False,9463.44,9047.25,9236.61,,,P1,False
6438,False,False,,False,False,False,9463.44,9047.25,9209.395,,,P1,False
6439,False,False,,False,False,False,9463.44,9047.25,9209.395,,,P1,False
6440,False,False,,False,False,True,9463.44,9047.25,9209.395,,,P1,False
6441,False,False,,False,False,False,9463.44,9047.25,9190.625,,,P1,False
6442,False,False,,False,False,False,9463.44,9047.25,9190.625,,,P1,False
6443,False,False,,False,False,False,9463.44,9047.25,9190.625,,,P1,False
6444,False,False,,False,False,False,10565.0,9047.25,9190.625,,,P1,False
6445,False,False,,False,False,False,10565.0,9047.25,9178.25,,,P1,False
6446,False,False,,False,False,False,10565.0,9047.25,9178.25,,,P1,False
6447,False,False,,False,False,False,10565.0,9047.25,9178.25,,,P1,False
6448,False,False,,False,False,False,10565.0,9047.25,9178.25,,,P1,False
6449,False,False,,False,False,False,10812.0,9047.25,9178.25,,,P1,False
6450,False,False,,False,False,False,10812.0,9047.25,9178.25,,,P1,False
6451,False,False,,False,False,False,10812.0,9047.25,9178.25,,,P1,False
6452,False,False,,False,False,False,10812.0,9047.25,9190.625,,,P1,False
6453,False,False,,False,False,False,10812.0,9047.25,9232.0,,,P1,False
6454,False,False,,False,False,False,10812.0,9047.25,9232.0,,,P1,False
6455,False,False,,False,False,False,10812.0,9047.25,9232.0,,,P1,False
6456,False,False,,False,False,False,10812.0,9047.25,9232.0,,,P1,False
6457,False,False,,False,False,False,10831.0,9047.25,9232.0,,,P1,False
6458,False,False,,False,False,False,10831.0,9047.25,9232.0,,,P1,False
6459,False,False,,False,False,False,10831.0,9047.25,9232.0,,,P1,False
6460,False,False,,False,False,False,10831.0,9047.25,9232.0,,,P1,False
6461,False,False,,False,False,False,10831.0,9047.25,9232.0,,,P1,False
6462,False,False,,False,False,False,10831.0,9047.25,9232.0,,,P1,False
6463,False,False,,False,False,False,10831.0,9047.25,9190.625,,,P1,False
6464,False,False,,False,False,False,10831.0,9047.25,9178.25,,,P1,False
6465,False,False,,False,False,False,10831.0,9047.25,9178.25,,,P1,False
6466,False,False,,False,False,False,10831.0,9047.25,9178.25,,,P1,False
6467,False,False,,False,False,False,10831.0,9047.25,9178.25,,,P1,False
6468,False,False,,False,False,False,10831.0,9047.25,9178.25,,,P1,False
6469,False,False,,False,False,False,10831.0,9047.25,9178.25,,,P1,False
6470,False,False,,False,False,False,10831.0,9047.25,9144.25,,,P1,False
6471,False,False,,False,False,False,10831.0,9047.25,9144.25,,,P1,False
6472,False,False,,False,False,False,10831.0,9047.25,9144.25,,,P1,False
6473,False,False,,False,False,False,10518.5,9047.25,9157.5,,,P1,False
6474,False,False,,False,False,False,10518.5,9047.25,9157.5,,,P1,False
6475,False,False,,False,False,False,10518.5,9047.25,9157.5,,,P1,False
6476,False,False,,False,False,False,10518.5,9047.25,9158.75,,,P1,False
6477,False,False,,False,False,False,10518.5,9047.25,9160.0,,,P1,False
6478,False,False,,False,False,False,10936.0,9047.25,10831.0,,,P1,False
6479,False,False,,False,False,False,10936.0,9047.25,10831.0,,,P1,False
6480,False,False,,False,False,False,10936.0,9047.25,10831.0,,,P1,False
6481,False,False,,False,False,False,10936.0,9047.25,10831.0,,,P1,False
6482,False,False,,False,False,False,10936.0,9047.25,10831.0,,,P1,False
6483,False,False,,False,False,False,10936.0,9047.25,10831.0,,,P1,False
6484,False,False,,False,False,False,10936.0,9047.25,10831.0,,,P1,False
6485,False,False,,False,False,False,10936.0,9047.25,10831.0,,,P1,False
6486,False,False,,False,False,False,11000.0,9047.25,10936.0,,,P1,False
6487,False,False,,False,False,False,11000.0,9047.25,10936.0,,,P1,False
6488,False,False,,False,False,False,11000.0,9047.25,10936.0,,,P1,False
6489,False,False,,False,False,False,11000.0,9047.25,10936.0,,,P1,False
6490,False,False,,False,False,False,11000.0,9047.25,10936.0,,,P1,False
6491,False,False,,False,False,False,11000.0,9069.31,10936.0,,,P1,False
6492,False,False,,False,False,False,11000.0,9089.81,10936.0,,,P1,False
6493,False,False,,False,False,False,11000.0,9089.81,10936.0,,,P1,False
6494,False,False,,False,False,False,11000.0,9089.81,10936.0,,,P1,False
6495,False,False,,False,False,False,11000.0,9089.81,9190.625,,,P1,False
6496,False,False,,False,False,False,11000.0,9095.23,9190.625,,,P1,False
6497,False,False,,False,False,False,11000.0,9101.35,9203.0,,,P1,False
6498,False,False,,False,False,False,11000.0,9101.35,9190.625,,,P1,False
6499,False,False,,False,False,False,11000.0,9101.35,9203.0,,,P1,False
6500,False,False,,False,False,False,11000.0,9101.35,9203.0,,,P1,False
6501,False,False,swing,False,True,False,11620.0,9101.35,9203.0,11620.0,,P1,False
6502,False,False,,False,False,False,11620.0,9101.35,9203.0,,,P1,False
6503,False,False,,False,False,False,11620.0,9101.35,10936.0,,,P1,False
6504,False,False,,False,False,False,11620.0,9101.35,9178.25,,,P1,False
6505,False,False,,False,False,False,11620.0,9101.35,9190.625,,,P1,False
6506,False,False,,False,False,False,11322.0,9101.35,9203.0,,,P1,False
6507,False,False,,False,False,False,11322.0,9101.35,9203.0,,,P1,False
6508,False,False,,False,False,False,11322.0,9101.35,9203.0,,,P1,False
6509,False,False,,False,False,False,11322.0,9110.0,9203.0,,,P1,False
6510,False,False,,False,False,False,11322.0,9116.31,9203.0,,,P1,False
6511,False,False,,False,False,False,11322.0,9131.0,9203.0,,,P1,False
6512,False,False,,False,False,False,11322.0,9131.0,9203.0,,,P1,False
6513,False,False,,False,False,False,11322.0,9131.0,9203.0,,,P1,False
6514,False,False,,False,False,False,11322.0,9131.0,9203.0,,,P1,False
6515,False,False,,False,False,False,11322.0,9140.82,9203.0,,,P1,False
6516,False,False,,False,False,False,11322.0,9141.19,9160.0,,,P1,False
6517,False,False,,False,False,False,11322.0,9141.19,9203.0,,,P1,False
6518,False,False,,False,False,False,11521.97,9152.8,9203.0,,,P1,False
6519,False,False,,False,False,False,11521.97,9173.34,9203.0,,,P1,False
6520,False,False,,False,False,False,11521.97,9261.0,9190.625,,,P1,False
6521,False,False,,False,False,False,11521.97,9261.0,9203.0,,,P1,False
6522,False,False,,False,False,False,11450.0,9261.0,9203.0,,,P1,False
6523,False,False,,False,False,False,11450.0,9261.0,9203.0,,,P1,False
6524,False,False,,False,False,False,11450.0,9261.0,9203.0,,,P1,False
6525,False,False,,False,False,False,11450.0,9261.0,9203.0,,,P1,False
6526,False,False,,False,False,False,11450.0,9291.22,9203.0,,,P1,False
6527,False,False,,False,False,False,11450.0,9311.11,9190.625,,,P1,False
6528,False,False,,False,False,False,11450.0,9325.27,9178.25,,,P1,False
6529,False,False,,False,False,False,11450.0,9360.0,9178.25,,,P1,False
6530,False,False,,False,False,False,11450.0,9440.33,10936.0,,,P1,False
6531,False,False,,False,False,False,11125.0,9440.33,11521.97,,,P1,False
6532,False,False,,False,False,False,11125.0,9440.33,11521.97,,,P1,False
6533,False,False,,False,False,False,11125.0,9440.33,11521.97,,,P1,False
6534,False,False,,False,False,False,11125.0,9463.44,11521.97,,,P1,False
6535,False,False,,False,False,False,11125.0,9463.44,9203.0,,,P1,False
6536,False,False,,False,False,True,11125.0,9463.44,9203.0,,,P1,False
6537,False,False,,False,False,False,11125.0,9463.44,9203.0,,,P1,False
6538,False,False,,False,False,False,11125.0,9477.35,9203.0,,,P1,False
6539,False,False,,False,False,False,11125.0,9497.44,9203.0,,,P1,False
6540,False,False,,False,False,False,11270.36,9513.0,11521.97,,,P1,False
6541,False,False,,False,False,False,11270.36,9513.0,11521.97,,,P1,False
6542,False,False,,False,False,False,11270.36,9513.0,9203.0,,,P1,False
6543,False,False,,False,False,False,11270.36,9552.29,9203.0,,,P1,False
6544,False,False,,False,False,False,11270.36,9552.29,9203.0,,,P1,False
6545,False,False,,False,False,False,11270.36,9552.29,9203.0,,,P1,False
6546,False,False,,False,False,False,11270.36,9573.61,9203.0,,,P1,False
6547,False,False,,False,False,False,11270.36,9650.0,9203.0,,,P1,False
6548,False,False,,False,False,False,11270.36,9650.0,9203.0,,,P1,False
6549,False,False,,False,False,False,11270.36,9660.35,9203.0,,,P1,False
6550,False,False,,False,False,False,11270.36,9702.97,9203.0,,,P1,False
6551,False,False,,False,False,False,11270.36,9810.5,9203.0,,,P1,False
6552,False,False,,False,False,False,11270.36,9840.9,9203.0,,,P1,False
6553,False,False,,False,False,False,11680.0,9840.9,9203.0,,,P1,False
6554,False,False,,False,False,False,11680.0,9917.21,9158.75,,,P1,False
6555,False,False,,False,False,False,11680.0,10120.0,9158.75,,,P1,False
6556,False,False,,False,False,False,11680.0,10120.0,9203.0,,,P1,False
6557,False,False,,False,False,False,11680.0,10223.2,9160.0,,,P1,False
6558,False,False,,False,False,False,11680.0,10294.42,9128.0,,,P1,False
6559,False,False,,False,False,False,11686.0,10518.5,11680.0,,,P1,False
6560,False,False,,False,False,False,11686.0,10518.5,11680.0,,,P1,False
6561,False,False,,False,False,False,11686.0,10518.5,11680.0,,,P1,False
6562,False,False,,False,False,False,11686.0,10518.5,11680.0,,,P1,False
6563,False,False,,False,False,False,11686.0,10518.5,11680.0,,,P1,False
6564,False,False,,False,False,False,11686.0,10518.5,11680.0,,,P1,False
6565,False,False,,False,False,False,11686.0,10518.5,11680.0,,,P1,False
6566,False,False,,False,False,False,11686.0,10518.5,11680.0,,,P1,False
6567,False,False,,False,False,False,11686.0,10518.5,11680.0,,,P1,False
6568,False,False,,False,False,False,11686.0,10518.5,11680.0,,,P1,False
6569,False,False,,False,False,False,11686.0,10518.5,11680.0,,,P1,False
6570,False,False,,False,False,False,11686.0,10518.5,11680.0,,,P1,False
6571,False,False,swing|zone,False,True,False,11817.93,10518.5,11680.0,11817.93,,P1,False
6572,False,False,,False,False,False,11817.93,10518.5,11680.0,,,P1,False
6573,False,False,,False,False,False,11817.93,10518.5,11680.0,,,P1,False
6574,False,False,,False,False,False,11817.93,10518.5,9126.05,,,P1,False
6575,False,False,,False,False,False,11612.71,10518.5,11650.0,,,P1,False
6576,False,False,,False,False,False,11612.71,10518.5,11650.0,,,P1,False
6577,False,False,,False,False,False,11612.71,10518.5,11650.0,,,P1,False
6578,False,False,,False,False,False,11612.71,10518.5,11650.0,,,P1,False
6579,False,False,,False,False,False,11561.0,10518.5,11650.0,,,P1,False
6580,False,False,,False,False,False,11561.0,10518.5,11650.0,,,P1,False
6581,False,False,,False,False,False,11561.0,10518.5,11650.0,,,P1,False
6582,False,False,,False,False,False,11561.0,10518.5,11650.0,,,P1,False
6583,False,False,,False,False,False,11561.0,10518.5,11650.0,,,P1,False
6584,False,False,,False,False,False,11561.0,10518.5,11650.0,,,P1,False
6585,False,False,zone,False,True,False,11561.0,10518.5,11650.0,11650.0,,P1,False
6586,False,False,,False,False,False,11561.0,10518.5,11650.0,,,P1,False
6587,False,False,,False,False,False,11561.0,10518.5,11521.97,,,P1,False
6588,False,False,,False,False,False,11561.0,10518.5,9113.0,,,P1,False
6589,False,False,,False,False,False,11561.0,10518.5,11521.97,,,P1,False
6590,False,False,,False,False,False,11561.0,10518.5,11521.97,,,P1,False
6591,False,False,,False,False,False,11561.0,10518.5,11521.97,,,P1,False
6592,False,False,,False,False,False,11376.81,10931.0,11586.855,,,P1,False
6593,False,False,,False,False,False,11376.81,10936.0,11650.0,,,P1,False
6594,False,False,,False,False,False,11376.81,10936.0,11586.855,,,P1,False
6595,False,False,,False,False,False,11376.81,10936.0,11616.355,,,P1,False
6596,False,False,,False,False,False,11376.81,10936.0,11322.0,,,P1,False
6597,False,False,,False,False,False,11376.81,11000.0,11620.0,,,P1,False
6598,False,False,,False,False,False,11376.81,11000.0,11680.0,,,P1,False
6599,False,False,,False,False,False,11376.81,11000.0,11616.355,,,P1,False
6600,False,False,zone,False,True,False,11514.13,11000.0,11680.0,11680.0,,P1,False
6601,False,False,,False,False,False,11514.13,11000.0,11680.0,,,P1,False
6602,False,False,,False,False,False,11514.13,11000.0,11680.0,,,P1,False
6603,False,False,,False,False,False,11514.13,11000.0,11680.0,,,P1,False
6604,False,False,,False,False,False,11514.13,11000.0,11612.71,,,P1,False
6605,False,False,,False,False,False,11514.13,11012.23,11612.71,,,P1,False
6606,False,False,,False,False,False,11514.13,11093.0,11612.71,,,P1,False
6607,False,False,,False,False,False,11514.13,11093.0,11541.485,,,P1,False
6608,False,False,zone,False,True,False,11514.13,11093.0,11612.71,11612.71,,P1,False
6609,False,False,,False,False,False,11514.13,11125.0,11322.0,,,P1,False
6610,False,False,,False,False,False,11514.13,11125.0,9111.225,,,P1,False
6611,False,False,,False,False,False,11514.13,11125.0,9111.225,,,P1,False
6612,False,False,,False,False,False,11514.13,11125.0,11322.0,,,P1,False
6613,False,False,,False,False,False,11514.13,11117.64,11322.0,,,P1,False
6614,False,False,,False,False,False,11117.64,11117.64,11322.0,,,P1,False
6615,False,False,,False,False,False,11117.64,11117.64,11322.0,,,P1,False
6616,False,False,,False,False,False,11117.64,11117.64,11376.81,,,P1,False
6617,False,False,,False,False,False,11117.64,11117.64,11376.81,,,P1,False
6618,False,False,,False,False,False,11117.64,11117.64,11322.0,,,P1,False
6619,False,False,,False,False,False,11244.0,11117.64,11322.0,,,P1,False
6620,False,False,,False,False,False,11244.0,11117.64,11270.36,,,P1,False
6621,False,False,,False,False,False,11244.0,11117.64,11322.0,,,P1,False
6622,False,False,swing,False,True,False,11244.0,11117.64,11270.36,11244.0,,P1,False
6623,False,False,,False,False,False,11244.0,11117.64,11296.18,,,P1,False
6624,False,False,,False,False,False,11244.0,11117.64,11376.81,,,P1,False
6625,False,False,,False,False,False,11244.0,11117.64,11376.81,,,P1,False
6626,False,False,,False,False,False,11125.0,11117.64,11376.81,,,P1,False
6627,False,False,,False,False,False,11125.0,11117.64,11518.05,,,P1,False
6628,False,False,,False,False,False,11125.0,11117.64,11322.0,,,P1,False
6629,False,False,,False,False,False,11125.0,11117.64,11521.97,,,P1,False
6630,False,False,,False,False,False,11125.0,11117.64,11322.0,,,P1,False
6631,False,False,,False,False,False,11125.0,11117.64,11521.97,,,P1,False
6632,False,False,,False,False,False,11125.0,11117.64,11322.0,,,P1,False
6633,False,False,,False,False,False,11125.0,11117.64,11322.0,,,P1,False
6634,False,False,,False,False,False,11125.0,11117.64,11521.97,,,P1,False
6635,False,False,,False,False,False,11125.0,11117.64,11322.0,,,P1,False
6636,False,False,,False,False,False,11417.04,11117.64,11612.71,,,P1,False
6637,False,False,,False,False,False,11417.04,11117.64,11561.0,,,P1,False
6638,False,False,,False,False,False,11417.04,11117.64,11561.0,,,P1,False
6639,False,False,,False,False,False,11417.04,11117.64,11612.71,,,P1,False
6640,False,False,,False,False,False,11417.04,11117.64,11612.71,,,P1,False
6641,False,False,,False,False,False,11417.04,11117.64,11612.71,,,P1,False
6642,False,False,,False,False,False,11417.04,11117.64,11612.71,,,P1,False
6643,False,False,,False,False,False,11417.04,11117.64,11612.71,,,P1,False
6644,False,False,,False,False,False,11417.04,11117.64,11612.71,,,P1,False
6645,False,False,,False,False,False,11417.04,11117.64,11612.71,,,P1,False
6646,False,False,,False,False,False,11417.04,11117.64,11612.71,,,P1,False
6647,False,False,,False,False,False,11417.04,11117.64,11612.71,,,P1,False
6648,False,False,swing|zone,False,True,False,11570.0,11117.64,11612.71,11612.71,,P1,False
6649,False,False,,False,False,False,11570.0,11117.64,11612.71,,,P1,False
6650,False,False,,False,False,False,11570.0,11117.64,11680.0,,,P1,False
6651,False,False,,False,False,False,11570.0,11117.64,11680.0,,,P1,False
6652,False,False,,False,False,False,11515.0,11117.64,11680.0,,,P1,False
6653,False,False,,False,False,False,11515.0,11117.64,11680.0,,,P1,False
6654,False,False,,False,False,False,11515.0,11117.64,11680.0,,,P1,False
6655,False,False,,False,False,False,11515.0,11117.64,11680.0,,,P1,False
6656,False,False,,False,False,False,11515.0,11117.64,11376.81,,,P1,False
6657,False,False,zone,False,True,False,11515.0,11117.64,11296.18,11296.18,,P1,False
6658,False,False,zone,False,True,False,11515.0,11117.64,11296.18,11296.18,,P1,False
6659,False,False,,False,False,False,11515.0,11117.64,11296.18,,,P1,False
6660,False,False,,False,False,False,11160.1,11117.64,11296.18,,,P1,False
6661,False,False,zone,False,True,False,11160.1,11117.64,11396.925,11396.925,,P1,False
6662,False,False,,False,False,False,11160.1,11117.64,11125.0,,,P1,False
6663,True,False,,False,False,False,11160.1,11117.64,11125.0,,,P1,False
6664,True,False,,False,False,False,11160.1,11117.64,10831.0,,,P1,False
6665,True,False,,False,False,False,11160.1,11117.64,10831.0,,,P1,False
6666,True,False,,False,False,False,11160.1,10460.0,10831.0,,,P1,False
6667,True,False,,False,False,False,11160.1,10460.0,10831.0,,,P1,False
6668,True,False,,False,False,False,11160.1,9960.8,10831.0,,,P1,False
6669,True,True,swing|nbar,True,True,True,9960.8,9960.8,10831.0,9960.8,9960.8,P1,False
6670,True,False,,False,False,False,9960.8,9960.8,10831.0,,,P1,False
6671,True,False,,False,False,False,9960.8,9960.8,10831.0,,,P1,False
6672,False,False,,False,False,False,9960.8,9875.5,10831.0,,,P1,False
6673,False,False,,False,False,False,9875.5,9875.5,10831.0,,,P1,False
6674,False,False,,False,False,False,9875.5,9875.5,10831.0,,,P1,False
6675,True,False,,False,False,False,9875.5,9875.5,10831.0,,,P1,False
6676,True,False,,False,False,False,9875.5,9875.5,10831.0,,,P1,False
6677,True,False,,False,False,False,9875.5,9875.5,10831.0,,,P1,False
6678,True,False,,False,False,False,9875.5,9875.5,10831.0,,,P1,False
6679,True,False,,False,False,False,9875.5,9825.0,10831.0,,,P1,False
6680,True,False,,False,False,False,9825.0,9825.0,9875.5,,,P1,False
6681,True,False,,False,False,False,9825.0,9825.0,9875.5,,,P1,False
6682,False,False,,False,False,False,9825.0,9825.0,9875.5,,,P1,False
6683,False,False,,False,False,False,9825.0,9825.0,9875.5,,,P1,False
6684,False,False,,False,False,False,9825.0,9825.0,9875.5,,,P1,False
6685,True,False,,False,False,False,9825.0,9825.0,9875.5,,,P1,False
6686,True,False,,False,False,False,9825.0,9825.0,9875.5,,,P1,False
6687,True,False,,False,False,False,9825.0,9825.0,9875.5,,,P1,False
6688,True,False,,False,False,False,9825.0,9825.0,9875.5,,,P1,False
6689,True,False,,False,False,False,9825.0,9825.0,9875.5,,,P1,False
6690,False,False,,False,False,False,9825.0,9825.0,9875.5,,,P1,False
6691,False,False,,False,False,False,9875.0,9825.0,9875.5,,,P1,False
6692,True,False,,False,False,False,9875.0,9825.0,9875.5,,,P1,False
6693,True,False,,False,False,False,9875.0,9825.0,9875.5,,,P1,False
6694,True,False,,False,False,False,9875.0,9825.0,9875.5,,,P1,False
6695,True,False,,False,False,False,9875.0,9825.0,9875.5,,,P1,False
6696,True,False,,False,False,False,9875.0,9825.0,9875.5,,,P1,False
6697,True,False,,False,False,False,9875.0,9825.0,9875.5,,,P1,False
6698,True,False,,False,False,False,9875.0,9825.0,9875.5,,,P1,False
6699,True,False,,False,False,False,9850.0,9825.0,9875.25,,,P1,False
6700,False,False,,False,False,False,9850.0,9825.0,9875.5,,,P1,False
6701,False,False,,False,False,False,9850.0,9825.0,9875.5,,,P1,False
6702,False,False,,False,False,False,9850.0,9825.0,9875.5,,,P1,False
6703,False,False,,False,False,False,9850.0,9825.0,9875.5,,,P1,False
6704,False,False,,False,False,False,9850.0,9825.0,9875.5,,,P1,False
6705,False,False,,False,False,False,9850.0,9825.0,9875.5,,,P1,False
6706,False,False,,False,False,False,10070.83,9825.0,9875.5,,,P1,False
6707,False,False,,False,False,False,10070.83,9825.0,9875.5,,,P1,False
6708,False,False,,False,False,False,10070.83,9825.0,9875.5,,,P1,False
6709,False,False,,False,False,False,10070.83,9825.0,9875.5,,,P1,False
6710,False,False,,False,False,False,10070.83,9825.0,9875.5,,,P1,False
6711,False,False,,False,False,False,10070.83,9825.0,9875.5,,,P1,False
6712,False,False,,False,False,False,10070.83,9825.0,9875.5,,,P1,False
6713,False,False,,False,False,False,10200.0,9825.0,9862.5,,,P1,False
6714,False,False,,False,False,False,10200.0,9825.0,9862.5,,,P1,False
6715,False,False,,False,False,False,10200.0,9825.0,9862.5,,,P1,False
6716,False,False,,False,False,False,10200.0,9825.0,9862.5,,,P1,False
6717,False,False,,False,False,False,10200.0,9825.0,9862.5,,,P1,False
6718,False,False,,False,False,False,10200.0,9825.0,9862.5,,,P1,False
6719,False,False,,False,False,False,10200.0,9825.0,9862.5,,,P1,False
6720,False,False,,False,False,False,10200.0,9825.0,9862.5,,,P1,False
6721,False,False,,False,False,False,10269.25,9825.0,9862.5,,,P1,False
6722,False,False,,False,False,False,10269.25,9825.0,9862.5,,,P1,False
6723,False,False,,False,False,False,10269.25,9825.0,9862.5,,,P1,False
6724,False,False,swing,False,True,False,10269.25,9825.0,9862.5,10269.25,,P1,False
6725,False,False,,False,False,False,10269.25,9825.0,9862.5,,,P1,False
6726,False,False,swing,False,True,False,10269.25,9825.0,9862.5,10269.25,,P1,False
6727,False,False,,False,False,False,10269.25,9825.0,9862.5,,,P1,False
6728,False,False,,False,False,False,10200.0,9825.0,9862.5,,,P1,False
6729,False,False,,False,False,False,10200.0,9825.0,9862.5,,,P1,False
6730,False,False,,False,False,False,10200.0,9825.0,10200.0,,,P1,False
6731,False,False,,False,False,False,10200.0,9825.0,10200.0,,,P1,False
6732,False,False,,False,False,False,10212.34,9825.0,10206.17,,,P1,False
6733,False,False,,False,False,False,10212.34,9825.0,10206.17,,,P1,False
6734,False,False,,False,False,False,10212.34,9825.0,10206.17,,,P1,False
6735,False,False,,False,False,False,10212.34,9825.0,10206.17,,,P1,False
6736,False,False,,False,False,False,10212.34,9825.0,10206.17,,,P1,False
6737,False,False,,False,False,False,10212.34,9825.0,10206.17,,,P1,False
6738,False,False,,False,False,False,10606.48,9825.0,10206.17,,,P1,False
6739,False,False,,False,False,False,10606.48,9825.0,10206.17,,,P1,False
6740,False,False,,False,False,False,10606.48,9825.0,10206.17,,,P1,False
6741,False,False,,False,False,False,10606.48,9825.0,10206.17,,,P1,False
6742,False,False,,False,False,False,10661.22,9825.0,10206.17,,,P1,False
6743,False,False,,False,False,False,10661.22,9825.0,10206.17,,,P1,False
6744,False,False,,False,False,False,10661.22,9825.0,10206.17,,,P1,False
6745,False,False,,False,False,False,10661.22,9825.0,10206.17,,,P1,False
6746,False,False,,False,False,False,10661.22,9825.0,10206.17,,,P1,False
6747,False,False,,False,False,False,10661.22,9825.0,10206.17,,,P1,False
6748,False,False,,False,False,False,10661.22,9825.0,10206.17,,,P1,False
6749,False,False,,False,False,False,10661.22,9825.0,10206.17,,,P1,False
6750,False,False,,False,False,False,10661.22,9825.0,10206.17,,,P1,False
6751,False,False,,False,False,False,10745.83,9825.0,10206.17,,,P1,False
6752,False,False,,False,False,False,10745.83,9825.0,10206.17,,,P1,False
6753,False,False,,False,False,False,10745.83,9825.0,10206.17,,,P1,False
6754,False,False,,False,False,False,10745.83,9825.0,10206.17,,,P1,False
6755,False,False,,False,False,False,10745.83,9825.0,10206.17,,,P1,False
6756,False,False,,False,False,False,10745.83,9825.0,10206.17,,,P1,False
6757,False,False,,False,False,False,10745.83,9825.0,10206.17,,,P1,False
6758,False,False,,False,False,False,10812.84,9825.0,11125.0,,,P1,False
6759,False,False,,False,False,False,10812.84,9825.0,10206.17,,,P1,False
6760,False,False,,False,False,False,10812.84,9825.0,10206.17,,,P1,False
6761,False,False,,False,False,False,10812.84,9825.0,10206.17,,,P1,False
6762,False,False,,False,False,False,10812.84,9825.0,10206.17,,,P1,False
6763,False,False,,False,False,False,10812.84,9825.0,10206.17,,,P1,False
6764,False,False,,False,False,False,10812.84,9825.0,10206.17,,,P1,False
6765,False,False,,False,False,False,10812.84,9825.0,10206.17,,,P1,False
6766,False,False,swing,False,True,False,10812.84,9825.0,10206.17,10812.84,,P1,False
6767,False,False,,False,False,False,10812.84,9825.0,10206.17,,,P1,False
6768,False,False,,False,False,False,10812.84,9825.0,10206.17,,,P1,False
6769,False,False,,False,False,False,10812.84,9825.0,10206.17,,,P1,False
6770,False,False,,False,False,False,10723.0,9825.0,10206.17,,,P1,False
6771,False,False,,False,False,False,10723.0,9825.0,10206.17,,,P1,False
6772,False,False,,False,False,False,10723.0,9825.0,10206.17,,,P1,False
6773,False,False,,False,False,False,10723.0,9825.0,10206.17,,,P1,False
6774,False,False,,False,False,False,10723.0,9825.0,10206.17,,,P1,False
6775,True,False,,False,False,False,10296.35,9825.0,10212.34,,,P1,False
6776,False,False,,False,False,False,10296.35,9825.0,10212.34,,,P1,False
6777,False,False,,False,False,False,10296.35,9825.0,10212.34,,,P1,False
6778,False,False,,False,False,False,10296.35,9825.0,10212.34,,,P1,False
6779,False,False,,False,False,False,10296.35,9825.0,10269.25,,,P1,False
6780,False,False,,False,False,False,10296.35,9825.0,10269.25,,,P1,False
6781,False,False,,False,False,False,10296.35,9825.0,10269.25,,,P1,False
6782,False,False,,False,False,False,10296.35,9825.0,10269.25,,,P1,False
6783,False,False,,False,False,False,10296.35,9825.0,10269.25,,,P1,False
6784,False,False,,False,False,False,10296.35,9825.0,10269.25,,,P1,False
6785,False,False,zone,False,True,False,10296.35,9825.0,10206.17,10206.17,,P1,False
6786,False,False,,False,False,False,10296.35,9825.0,10269.25,,,P1,False
6787,False,False,,False,False,False,10296.35,9825.0,10269.25,,,P1,False
6788,False,False,,False,False,False,10296.35,9825.0,10269.25,,,P1,False
6789,False,False,,False,False,False,10136.82,9825.0,10269.25,,,P1,False
6790,False,False,,False,False,False,10136.82,9825.0,10212.34,,,P1,False
6791,False,False,,False,False,False,10136.82,9825.0,10723.0,,,P1,False
6792,False,False,,False,False,False,10136.82,9825.0,10661.22,,,P1,False
6793,False,False,,False,False,False,10136.82,9825.0,10661.22,,,P1,False
6794,False,False,,False,False,False,10136.82,9825.0,10212.34,,,P1,False
6795,False,False,,False,False,False,10136.82,9825.0,10212.34,,,P1,False
6796,False,False,,False,False,False,10136.82,9825.0,10661.22,,,P1,False
6797,False,False,,False,False,False,10136.82,9825.0,10661.22,,,P1,False
6798,False,False,,False,False,False,10136.82,9825.0,10661.22,,,P1,False
6799,False,False,,False,False,False,10556.24,9850.0,10661.22,,,P1,False
6800,False,False,,False,False,False,10556.24,9850.0,10661.22,,,P1,False
6801,False,False,,False,False,False,10556.24,9850.0,10661.22,,,P1,False
6802,False,False,,False,False,False,10556.24,9850.0,10661.22,,,P1,False
6803,False,False,,False,False,False,10556.24,9850.0,10606.48,,,P1,False
6804,False,False,,False,False,False,10556.24,9850.0,10606.48,,,P1,False
6805,False,False,,False,False,False,10556.24,9850.0,10606.48,,,P1,False
6806,False,False,,False,False,False,10556.24,9850.0,10606.48,,,P1,False
6807,False,False,,False,False,False,10556.24,9850.0,10606.48,,,P1,False
6808,False,False,,False,False,False,10556.24,9850.0,10606.48,,,P1,False
6809,False,False,,False,False,False,10556.24,9850.0,10606.48,,,P1,False
6810,False,False,,False,False,False,10556.24,9850.0,10606.48,,,P1,False
6811,False,False,,False,False,False,10594.82,9850.0,10600.65,,,P1,False
6812,False,False,,False,False,False,10594.82,9850.0,10600.65,,,P1,False
6813,False,False,,False,False,False,10594.82,9850.0,10600.65,,,P1,False
6814,False,False,,False,False,False,10594.82,9850.0,10600.65,,,P1,False
6815,False,False,,False,False,False,10594.82,9850.0,10600.65,,,P1,False
6816,False,False,,False,False,False,10594.82,9850.0,10600.65,,,P1,False
6817,False,False,,False,False,False,10594.82,9850.0,10600.65,,,P1,False
6818,False,False,,False,False,False,10594.82,9981.01,10600.65,,,P1,False
6819,False,False,,False,False,False,10626.0,10002.66,10626.0,,,P1,False
6820,False,False,,False,False,False,10626.0,10070.83,10626.0,,,P1,False
6821,False,False,,False,False,False,10626.0,10070.83,10626.0,,,P1,False
6822,False,False,,False,False,False,10626.0,10070.83,10626.0,,,P1,False
6823,False,False,,False,False,False,10626.0,10070.83,10626.0,,,P1,False
6824,False,False,,False,False,False,10635.87,10070.83,10630.935000000001,,,P1,False
6825,False,False,,False,False,False,10635.87,10136.82,10635.87,,,P1,False
6826,False,False,,False,False,False,10635.87,10136.82,10635.87,,,P1,False
6827,False,False,,False,False,False,10635.87,10136.82,10630.935000000001,,,P1,False
6828,False,False,,False,False,False,10665.13,10136.82,10648.545,,,P1,False
6829,False,False,,False,False,False,10665.13,10136.82,10648.545,,,P1,False
6830,False,False,,False,False,False,10665.13,10136.82,10648.545,,,P1,False
6831,False,False,,False,False,False,10665.13,10136.82,10648.545,,,P1,False
6832,False,False,zone,False,True,False,10665.13,10136.82,10616.24,10616.24,,P1,False
6833,False,False,,False,False,False,10665.13,10136.82,10606.48,,,P1,False
6834,False,False,,False,False,False,10665.13,10136.82,10648.545,,,P1,False
6835,False,False,,False,False,False,10665.13,10136.82,10269.25,,,P1,False
6836,False,False,,False,False,False,10665.13,10136.82,10269.25,,,P1,False
6837,False,False,,False,False,False,10665.13,10136.82,10269.25,,,P1,False
6838,False,False,,False,False,False,10665.13,10136.82,10269.25,,,P1,False
6839,False,False,,False,False,False,10665.13,10136.82,10269.25,,,P1,False
6840,False,False,,False,False,False,10374.0,10136.82,10269.25,,,P1,False
6841,False,False,,False,False,False,10374.0,10136.82,10269.25,,,P1,False
6842,False,False,,False,False,False,10374.0,10136.82,10269.25,,,P1,False
6843,False,False,,False,False,False,10374.0,10136.82,10200.0,,,P1,False
6844,False,False,,False,False,False,10374.0,10136.82,10200.0,,,P1,False
6845,False,False,,False,False,False,10374.0,10136.82,10200.0,,,P1,False
6846,False,False,,False,False,False,10374.0,10136.82,10200.0,,,P1,False
6847,False,False,,False,False,False,10374.0,10136.82,10606.48,,,P1,False
6848,False,False,,False,False,False,10374.0,10136.82,10200.0,,,P1,False
6849,False,False,,False,False,False,10374.0,10136.82,10200.0,,,P1,False
6850,False,False,,False,False,False,10374.0,10136.82,10648.545,,,P1,False
6851,False,False,,False,False,False,10374.0,10136.82,10648.545,,,P1,False
6852,False,False,,False,False,False,10374.0,10136.82,10648.545,,,P1,False
6853,False,False,zone,False,True,False,10374.0,10136.82,10648.545,10648.545,,P1,False
6854,False,False,,False,False,False,10374.0,10136.82,10648.545,,,P1,False
6855,False,False,,False,False,False,10374.0,10136.82,10648.545,,,P1,False
6856,False,False,,False,False,False,10374.0,10136.82,10648.545,,,P1,False
6857,False,False,,False,False,False,10374.0,10136.82,10648.545,,,P1,False
6858,False,False,,False,False,False,10374.0,10136.82,10648.545,,,P1,False
6859,False,False,,False,False,False,10374.0,10136.82,10648.545,,,P1,False
6860,False,False,,False,False,False,10374.0,10136.82,10648.545,,,P1,False
6861,False,False,zone,False,True,False,10374.0,10136.82,10648.545,10648.545,,P1,False
6862,False,False,,False,False,False,10374.0,10136.82,10200.0,,,P1,False
6863,False,False,,False,False,False,10374.0,10136.82,10200.0,,,P1,False
6864,False,False,,False,False,False,10374.0,10136.82,10200.0,,,P1,False
6865,False,False,,False,False,False,10374.0,10136.82,10616.24,,,P1,False
6866,False,False,,False,False,False,10374.0,10136.82,10200.0,,,P1,False
6867,False,False,,False,False,False,10525.0,10136.82,10616.24,,,P1,False
6868,False,False,,False,False,False,10525.0,10136.82,10648.545,,,P1,False
6869,False,False,,False,False,False,10525.0,10136.82,10648.545,,,P1,False
6870,False,False,,False,False,False,10525.0,10136.82,10630.935000000001,,,P1,False
6871,False,False,,False,False,False,10525.0,10136.82,10556.24,,,P1,False
6872,False,False,zone,False,True,False,10525.0,10136.82,10600.65,10600.65,,P1,False
6873,False,False,,False,False,False,10525.0,10136.82,10648.545,,,P1,False
6874,False,False,,False,False,False,10525.0,10136.82,10648.545,,,P1,False
6875,False,False,,False,False,False,10525.0,10136.82,10648.545,,,P1,False
6876,False,False,,False,False,False,10530.41,10136.82,10648.545,,,P1,False
6877,False,False,,False,False,False,10530.41,10136.82,10648.545,,,P1,False
6878,False,False,,False,False,False,10530.41,10136.82,10648.545,,,P1,False
6879,False,False,,False,False,False,10530.41,10136.82,10648.545,,,P1,False
6880,False,False,,False,False,False,10530.41,10136.82,10648.545,,,P1,False
6881,False,False,,False,False,False,10829.0,10136.82,10648.545,,,P1,False
6882,False,False,,False,False,False,10829.0,10136.82,10648.545,,,P1,False
6883,False,False,,False,False,False,10829.0,10136.82,10694.064999999999,,,P1,False
6884,False,False,,False,False,False,10829.0,10136.82,10694.064999999999,,,P1,False
6885,False,False,,False,False,False,10829.0,10136.82,10694.064999999999,,,P1,False
6886,False,False,,False,False,False,10829.0,10136.82,10694.064999999999,,,P1,False
6887,False,False,,False,False,False,10829.0,10136.82,10694.064999999999,,,P1,False
6888,False,False,,False,False,False,10829.0,10136.82,10694.064999999999,,,P1,False
6889,False,False,,False,False,False,10829.0,10136.82,10694.064999999999,,,P1,False
6890,False,False,,False,False,False,10829.0,10136.82,10723.0,,,P1,False
6891,False,False,,False,False,False,10829.0,10136.82,10723.0,,,P1,False
6892,False,False,,False,False,False,10829.0,10136.82,10723.0,,,P1,False
6893,False,False,,False,False,False,10829.0,10136.82,10723.0,,,P1,False
6894,False,False,,False,False,False,10829.0,10136.82,10723.0,,,P1,False
6895,False,False,,False,False,False,10829.0,10136.82,10723.0,,,P1,False
6896,False,False,,False,False,False,10829.0,10136.82,10648.545,,,P1,False
6897,False,False,,False,False,False,10829.0,10136.82,10723.0,,,P1,False
6898,False,False,,False,False,False,10829.0,10136.82,10812.84,,,P1,False
6899,False,False,,False,False,False,10829.0,10136.82,10694.064999999999,,,P1,False
6900,False,False,,False,False,False,11172.0,10136.82,10812.84,,,P1,False
6901,False,False,,False,False,False,11172.0,10136.82,10812.84,,,P1,False
6902,False,False,,False,False,False,11172.0,10136.82,10812.84,,,P1,False
6903,False,False,,False,False,False,11172.0,10136.82,10812.84,,,P1,False
6904,False,False,,False,False,False,11172.0,10136.82,10812.84,,,P1,False
6905,False,False,,False,False,False,11172.0,10136.82,10812.84,,,P1,False
6906,False,False,,False,False,False,11172.0,10136.82,10812.84,,,P1,False
6907,False,False,,False,False,False,11300.0,10136.82,10812.84,,,P1,False
6908,False,False,,False,False,False,11300.0,10190.93,10694.064999999999,,,P1,False
6909,False,False,,False,False,False,11300.0,10271.0,10694.064999999999,,,P1,False
6910,False,False,,False,False,False,11300.0,10283.89,10812.84,,,P1,False
6911,False,False,,False,False,False,11300.0,10331.93,10694.064999999999,,,P1,False
6912,False,False,,False,False,False,11300.0,10374.0,10694.064999999999,,,P1,False
6913,False,False,,False,False,False,11280.0,10374.0,10694.064999999999,,,P1,False
6914,False,False,,False,False,False,11280.0,10374.0,10723.0,,,P1,False
6915,False,False,,False,False,False,11280.0,10374.0,10723.0,,,P1,False
6916,False,False,,False,False,False,11280.0,10374.0,10694.064999999999,,,P1,False
6917,False,False,,False,False,False,11280.0,10374.0,10694.064999999999,,,P1,False
6918,False,False,,False,False,False,11250.83,10374.0,11280.0,,,P1,False
6919,False,False,,False,False,False,11250.83,10374.0,11280.0,,,P1,False
6920,False,False,,False,False,False,11250.83,10374.0,11280.0,,,P1,False
6921,False,False,,False,False,False,11250.83,10374.0,11280.0,,,P1,False
6922,False,False,,False,False,False,11250.83,10374.0,11280.0,,,P1,False
6923,False,False,,False,False,False,11200.0,10374.0,11280.0,,,P1,False
6924,False,False,,False,False,False,11200.0,10374.0,11280.0,,,P1,False
6925,False,False,,False,False,False,11200.0,10374.0,11280.0,,,P1,False
6926,False,False,,False,False,False,11200.0,10374.0,11280.0,,,P1,False
6927,False,False,zone,False,True,False,11200.0,10374.0,11280.0,11280.0,,P1,False
6928,False,False,,False,False,False,11200.0,10374.0,11280.0,,,P1,False
6929,False,False,,False,False,False,11200.0,10374.0,11280.0,,,P1,False
6930,False,False,,False,False,False,11200.0,10374.0,11280.0,,,P1,False
6931,False,False,,False,False,False,11255.0,10374.0,11267.5,,,P1,False
6932,False,False,,False,False,False,11255.0,10374.0,11267.5,,,P1,False
6933,False,False,,False,False,False,11255.0,10374.0,11267.5,,,P1,False
6934,False,False,,False,False,False,11255.0,10374.0,11267.5,,,P1,False
6935,False,False,,False,False,False,11255.0,10374.0,11267.5,,,P1,False
6936,False,False,,False,False,False,11255.0,10374.0,11280.0,,,P1,False
6937,False,False,,False,False,False,11255.0,10374.0,11267.5,,,P1,False
6938,False,False,,False,False,False,11255.0,10374.0,11280.0,,,P1,False
6939,False,False,,False,False,False,11255.0,10374.0,11280.0,,,P1,False
6940,False,False,,False,False,False,11255.0,10374.0,11267.5,,,P1,False
6941,False,False,,False,False,False,11255.0,10374.0,11267.5,,,P1,False
6942,False,False,,False,False,False,11255.0,10374.0,11267.5,,,P1,False
6943,False,False,,False,False,False,11255.0,10374.0,11267.5,,,P1,False
6944,False,False,,False,False,False,11255.0,10374.0,11267.5,,,P1,False
6945,False,False,,False,False,False,11255.0,10374.0,11267.5,,,P1,False
6946,False,False,,False,False,False,11255.0,10374.0,11267.5,,,P1,False
6947,False,False,,False,False,False,11255.0,10374.0,11267.5,,,P1,False
6948,False,False,,False,False,False,11255.0,10374.0,11267.5,,,P1,False
6949,False,False,,False,False,False,11255.0,10374.0,11267.5,,,P1,False
6950,False,False,,False,False,False,11255.0,10374.0,11267.5,,,P1,False
6951,False,False,,False,False,False,11255.0,10374.0,11267.5,,,P1,False
6952,False,False,,False,False,False,11255.0,10374.0,11267.5,,,P1,False
6953,False,False,,False,False,False,11255.0,10374.0,11267.5,,,P1,False
6954,False,False,,False,False,False,11255.0,10374.0,11255.0,,,P1,False
6955,False,False,,False,False,False,11255.0,10374.0,11255.0,,,P1,False
6956,False,False,,False,False,False,11255.0,10374.0,11255.0,,,P1,False
6957,False,False,,False,False,False,11255.0,10374.0,11255.0,,,P1,False
6958,False,False,,False,False,False,11255.0,10374.0,11255.0,,,P1,False
6959,False,False,,False,False,False,11255.0,10431.28,11255.0,,,P1,False
6960,False,False,,False,False,False,11255.0,10463.02,11255.0,,,P1,False
6961,False,False,,False,False,False,11255.0,10463.02,11255.0,,,P1,False
6962,False,False,,False,False,False,11255.0,10496.46,11255.0,,,P1,False
6963,False,False,,False,False,False,11255.0,10496.46,11255.0,,,P1,False
6964,False,False,,False,False,False,11255.0,10498.97,11255.0,,,P1,False
6965,False,False,,False,False,False,11255.0,10517.87,11255.0,,,P1,False
6966,False,False,,False,False,False,11255.0,10517.87,11255.0,,,P1,False
6967,False,False,,False,False,False,11255.0,10517.87,11267.5,,,P1,False
6968,False,False,,False,False,False,12720.08,10517.87,11267.5,,,P1,False
6969,False,False,,False,False,False,12720.08,10525.0,11267.5,,,P1,False
6970,False,False,,False,False,False,12720.08,10525.0,11267.5,,,P1,False
6971,False,False,,False,False,False,12720.08,10525.0,11267.5,,,P1,False
6972,False,False,,False,False,False,12720.08,10525.0,11267.5,,,P1,False
6973,False,False,,False,False,False,12720.08,10525.0,11267.5,,,P1,False
6974,False,False,,False,False,False,12720.08,10525.0,11255.0,,,P1,False
6975,False,False,,False,False,False,12720.08,10525.0,11267.5,,,P1,False
6976,False,False,,False,False,False,12720.08,10525.0,11267.5,,,P1,False
6977,False,False,,False,False,False,12888.0,10525.0,11267.5,,,P1,False
6978,False,False,,False,False,False,12888.0,10525.0,11267.5,,,P1,False
6979,False,False,,False,False,False,12888.0,10525.0,11267.5,,,P1,False
6980,False,False,,False,False,False,12888.0,10525.0,11267.5,,,P1,False
6981,False,False,,False,False,False,12888.0,10525.0,11267.5,,,P1,False
6982,False,False,swing,False,True,True,12888.0,10525.0,11267.5,12888.0,12888.0,P1,False
6983,False,False,,False,False,False,12888.0,10525.0,11267.5,,,P1,False
6984,False,False,,False,False,False,12888.0,10525.0,11267.5,,,P1,False
6985,False,False,,False,False,False,12888.0,10525.0,11267.5,,,P1,False
6986,False,False,,False,False,False,12765.0,10530.41,11267.5,,,P1,False
6987,False,False,,False,False,False,12765.0,10530.41,11267.5,,,P1,False
6988,False,False,,False,False,False,12765.0,10530.41,11255.0,,,P1,False
6989,False,False,,False,False,False,12765.0,10530.41,11255.0,,,P1,False
6990,False,False,,False,False,False,12765.0,10530.41,11255.0,,,P1,False
6991,False,False,,False,False,False,12765.0,10530.41,11255.0,,,P1,False
6992,False,False,,False,False,False,12765.0,10530.41,11255.0,,,P1,False
6993,False,False,,False,False,True,12765.0,10530.41,11255.0,,,P1,False
6994,False,False,,False,False,False,12765.0,10530.41,12765.0,,,P1,False
6995,False,False,,False,False,False,12765.0,10593.51,12765.0,,,P1,False
6996,False,False,,False,False,False,12765.0,10829.0,12765.0,,,P1,False
6997,False,False,,False,False,False,12888.0,10829.0,11255.0,,,P1,False
6998,False,False,,False,False,False,12888.0,10829.0,11255.0,,,P1,False
6999,False,False,,False,False,False,12888.0,10829.0,11255.0,,,P1,False
7000,False,False,,False,False,False,12888.0,10864.05,12888.0,,,P1,False
7001,False,False,,False,False,False,12888.0,11012.19,12888.0,,,P1,False
7002,False,False,,False,False,False,12888.0,11012.19,12888.0,,,P1,False
7003,False,False,,False,False,False,12920.77,11015.0,12888.0,,,P1,False
7004,False,False,,False,False,False,12920.77,11050.51,12888.0,,,P1,False
7005,False,False,,False,False,False,12920.77,11172.0,12888.0,,,P1,False
7006,False,False,,False,False,False,12920.77,11172.0,12888.0,,,P1,False
7007,False,False,,False,False,False,13115.0,11172.0,12888.0,,,P1,False
7008,False,False,,False,False,False,13115.0,11172.0,12888.0,,,P1,False
7009,False,False,,False,False,False,13115.0,11172.0,12888.0,,,P1,False
7010,False,False,,False,False,False,13115.0,11172.0,12888.0,,,P1,False
7011,False,False,,False,False,False,13115.0,11172.0,12888.0,,,P1,False
7012,False,False,,False,False,False,13115.0,11172.0,12888.0,,,P1,False
7013,False,False,,False,False,False,13115.0,11172.0,12888.0,,,P1,False
7014,False,False,,False,False,False,13115.0,11172.0,12888.0,,,P1,False
7015,False,False,,False,False,False,13115.0,11172.0,12888.0,,,P1,False
7016,False,False,,False,False,False,13115.0,11172.0,12888.0,,,P1,False
7017,False,False,,False,False,False,13115.0,11172.0,12888.0,,,P1,False
7018,False,False,,False,False,False,13115.0,11172.0,12888.0,,,P1,False
7019,False,False,,False,False,False,13603.0,11200.0,12888.0,,,P1,False
7020,False,False,,False,False,False,13603.0,11200.0,12888.0,,,P1,False
7021,False,False,,False,False,False,13603.0,11200.0,12888.0,,,P1,False
7022,False,False,,False,False,False,13603.0,11200.0,12888.0,,,P1,False
7023,False,False,,False,False,False,13603.0,11200.0,12888.0,,,P1,False
7024,False,False,,False,False,False,13603.0,11200.0,12888.0,,,P1,False
7025,False,False,,False,False,False,13603.0,11200.0,12888.0,,,P1,False
7026,False,False,,False,False,False,13603.0,11200.0,12888.0,,,P1,False
7027,False,False,,False,False,False,13195.05,11200.0,12888.0,,,P1,False
7028,False,False,,False,False,False,13195.05,11200.0,12888.0,,,P1,False
7029,False,False,,False,False,False,13195.05,11200.0,12888.0,,,P1,False
7030,False,False,,False,False,False,13195.05,11200.0,12888.0,,,P1,False
7031,False,False,,False,False,False,13284.99,11200.0,13195.05,,,P1,False
7032,False,False,,False,False,False,13284.99,11200.0,13195.05,,,P1,False
7033,False,False,,False,False,False,13284.99,11200.0,13195.05,,,P1,False
7034,False,False,,False,False,False,13284.99,11200.0,13195.05,,,P1,False
7035,False,False,,False,False,False,13284.99,11200.0,13195.05,,,P1,False
7036,False,False,,False,False,False,13284.99,11200.0,13195.05,,,P1,False
7037,False,False,,False,False,False,13525.0,11200.0,13195.05,,,P1,False
7038,False,False,,False,False,False,13525.0,11200.0,13195.05,,,P1,False
7039,False,False,,False,False,False,13525.0,11200.0,13195.05,,,P1,False
7040,False,False,,False,False,False,13525.0,11200.0,13195.05,,,P1,False
7041,False,False,,False,False,False,13525.0,11200.0,13195.05,,,P1,False
7042,False,False,,False,False,True,13525.0,11212.0,13195.05,,,P1,False
7043,False,False,,False,False,False,13525.0,11255.0,13195.05,,,P1,False
7044,False,False,,False,False,False,13525.0,11255.0,13195.05,,,P1,False
7045,False,False,,False,False,False,13525.0,11255.0,13195.05,,,P1,False
7046,False,False,,False,False,False,13525.0,11255.0,13195.05,,,P1,False
7047,False,False,,False,False,False,13525.0,11255.0,13195.05,,,P1,False
7048,False,False,,False,False,False,13525.0,11255.0,13195.05,,,P1,False
7049,False,False,,False,False,False,13525.0,11255.0,13195.05,,,P1,False
7050,False,False,,False,False,False,13525.0,11300.0,13195.05,,,P1,False
7051,False,False,,False,False,False,13525.0,11325.0,13195.05,,,P1,False
7052,False,False,,False,False,False,13525.0,11346.22,13195.05,,,P1,False
7053,False,False,,False,False,False,15166.0,11366.87,13195.05,,,P1,False
7054,False,False,,False,False,False,15166.0,11398.41,13195.05,,,P1,False
7055,False,False,,False,False,False,15166.0,11407.61,13195.05,,,P1,False
7056,False,False,,False,False,False,15166.0,11407.96,13195.05,,,P1,False
7057,False,False,,False,False,False,15166.0,11407.96,13195.05,,,P1,False
7058,False,False,,False,False,False,15166.0,11407.96,13195.05,,,P1,False
7059,False,False,,False,False,False,14344.22,11407.96,13195.05,,,P1,False
7060,False,False,,False,False,False,14344.22,11447.23,13195.05,,,P1,False
7061,False,False,,False,False,False,14344.22,11472.46,13195.05,,,P1,False
7062,False,False,,False,False,False,14344.22,11660.47,13195.05,,,P1,False
7063,False,False,,False,False,False,14344.22,11660.47,13195.05,,,P1,False
7064,False,False,,False,False,False,14344.22,11677.59,13195.05,,,P1,False
7065,False,False,,False,False,False,14344.22,11702.13,13195.05,,,P1,False
7066,False,False,,False,False,False,14344.22,11702.13,13195.05,,,P1,False
7067,False,False,,False,False,False,14344.22,11765.0,13195.05,,,P1,False
7068,False,False,,False,False,False,14344.22,11855.0,13195.05,,,P1,False
7069,False,False,,False,False,False,14344.22,11855.0,13195.05,,,P1,False
7070,False,False,,False,False,False,14805.54,11886.95,13195.05,,,P1,False
7071,False,False,,False,False,False,14805.54,12122.63,13195.05,,,P1,False
7072,False,False,,False,False,False,14805.54,12129.72,13195.05,,,P1,False
7073,False,False,,False,False,False,14805.54,12275.58,13195.05,,,P1,False
7074,False,False,,False,False,False,14805.54,12617.48,13195.05,,,P1,False
7075,False,False,,False,False,False,15072.46,12640.27,13195.05,,,P1,False
7076,False,False,,False,False,False,15072.46,12678.08,13195.05,,,P1,False
7077,False,False,,False,False,False,15072.46,12678.08,13195.05,,,P1,False
7078,False,False,,False,False,False,15072.46,12700.0,13195.05,,,P1,False
7079,False,False,,False,False,False,15072.46,12720.08,13195.05,,,P1,False
7080,False,False,,False,False,False,15072.46,12720.08,13195.05,,,P1,False
7081,False,False,,False,False,False,15072.46,12720.08,13195.05,,,P1,False
7082,False,False,,False,False,False,15072.46,12720.08,13195.05,,,P1,False
7083,False,False,,False,False,False,15072.46,12720.08,13195.05,,,P1,False
7084,False,False,,False,False,False,15440.64,12720.08,13195.05,,,P1,False
7085,False,False,,False,False,False,15440.64,12720.08,13195.05,,,P1,False
7086,False,False,,False,False,False,15440.64,12720.08,13195.05,,,P1,False
7087,False,False,,False,False,False,15440.64,12765.0,13195.05,,,P1,False
7088,False,False,,False,False,False,15440.64,12765.0,13195.05,,,P1,False
7089,False,False,,False,False,False,15440.64,12765.0,13195.05,,,P1,False
7090,False,False,,False,False,False,15440.64,12765.0,13195.05,,,P1,False
7091,False,False,,False,False,False,15440.64,12765.0,13195.05,,,P1,False
7092,False,False,,False,False,False,15440.64,12765.0,13195.05,,,P1,False
7093,False,False,,False,False,False,15440.64,12765.0,13195.05,,,P1,False
7094,False,False,,False,False,False,15952.35,12765.0,13195.05,,,P1,False
7095,False,False,,False,False,False,15952.35,12765.0,13195.05,,,P1,False
7096,False,False,,False,False,False,15952.35,12765.0,13195.05,,,P1,False
7097,False,False,,False,False,False,15952.35,12765.0,13195.05,,,P1,False
7098,False,False,,False,False,False,15952.35,12765.0,13195.05,,,P1,False
7099,False,False,,False,False,False,15952.35,12765.0,13195.05,,,P1,False
7100,False,False,,False,False,False,15670.0,12765.0,13195.05,,,P1,False
7101,False,False,,False,False,False,15670.0,12765.0,13195.05,,,P1,False
7102,False,False,,False,False,False,15670.0,12765.0,13195.05,,,P1,False
7103,False,False,,False,False,False,15670.0,12765.0,13195.05,,,P1,False
7104,False,False,,False,False,False,15670.0,12765.0,13195.05,,,P1,False
7105,False,False,,False,False,False,15670.0,12888.0,13195.05,,,P1,False
7106,False,False,,False,False,False,15670.0,12888.0,13195.05,,,P1,False
7107,False,False,,False,False,False,15774.72,12888.0,13195.05,,,P1,False
7108,False,False,,False,False,False,15774.72,12888.0,13195.05,,,P1,False
7109,False,False,,False,False,False,15774.72,12888.0,13195.05,,,P1,False
7110,False,False,,False,False,False,15774.72,12888.0,13195.05,,,P1,False
7111,False,False,,False,False,False,15774.72,12888.0,13195.05,,,P1,False
7112,False,False,,False,False,False,15774.72,12888.0,13195.05,,,P1,False
7113,False,False,,False,False,False,15774.72,12888.0,13195.05,,,P1,False
7114,False,False,,False,False,False,15774.72,12888.0,13195.05,,,P1,False
7115,False,False,,False,False,False,15774.72,12888.0,13195.05,,,P1,False
7116,False,False,,False,False,False,15774.72,12920.77,13195.05,,,P1,False
7117,False,False,,False,False,True,15774.72,12920.77,13195.05,,,P1,False
7118,False,False,,False,False,False,15774.72,12920.77,15774.72,,,P1,False
7119,False,False,,False,False,False,15774.72,12920.77,15774.72,,,P1,False
7120,False,False,,False,False,False,15774.72,12920.77,15774.72,,,P1,False
7121,False,False,,False,False,False,17214.45,12920.77,15774.72,,,P1,False
7122,False,False,,False,False,False,17214.45,13115.0,15774.72,,,P1,False
7123,False,False,,False,False,False,17214.45,13115.0,15774.72,,,P1,False
7124,False,False,,False,False,False,17214.45,13115.0,15774.72,,,P1,False
7125,False,False,,False,False,False,17214.45,13115.0,15774.72,,,P1,False
7126,False,False,,False,False,False,17214.45,13147.66,15774.72,,,P1,False
7127,False,False,,False,False,False,17214.45,13195.05,15774.72,,,P1,False
7128,False,False,,False,False,False,17335.65,13195.05,15774.72,,,P1,False
7129,False,False,,False,False,False,17335.65,13195.05,15774.72,,,P1,False
7130,False,False,,False,False,False,17335.65,13195.05,15774.72,,,P1,False
7131,False,False,,False,False,False,17335.65,13195.05,15774.72,,,P1,False
7132,False,False,,False,False,False,17335.65,13195.05,15774.72,,,P1,False
7133,False,False,,False,False,False,17335.65,13195.05,15774.72,,,P1,False
7134,False,False,,False,False,False,17335.65,13195.05,15774.72,,,P1,False
7135,False,False,,False,False,False,17335.65,13195.05,15774.72,,,P1,False
7136,False,False,,False,False,False,17335.65,13195.05,15774.72,,,P1,False
7137,False,False,,False,False,False,17335.65,13195.05,15774.72,,,P1,False
7138,False,False,,False,False,False,17335.65,13195.05,15774.72,,,P1,False
7139,False,False,,False,False,False,17335.65,13195.05,15774.72,,,P1,False
7140,False,False,,False,False,False,17335.65,13195.05,15774.72,,,P1,False
7141,False,False,swing,False,True,False,18308.58,13195.05,15774.72,18308.58,,P1,False
7142,False,False,,False,False,False,18308.58,13195.05,15774.72,,,P1,False
7143,False,False,,False,False,False,18308.58,13195.05,15774.72,,,P1,False
7144,False,False,,False,False,False,18308.58,13195.05,15774.72,,,P1,False
7145,False,False,,False,False,False,18308.58,13195.05,15774.72,,,P1,False
7146,False,False,,False,False,False,17610.86,13284.99,15774.72,,,P1,False
7147,False,False,,False,False,False,17610.86,13284.99,15774.72,,,P1,False
7148,False,False,,False,False,False,17610.86,13284.99,15774.72,,,P1,False
7149,False,False,,False,False,False,17610.86,13284.99,15774.72,,,P1,False
7150,False,False,,False,False,False,17610.86,13404.45,15774.72,,,P1,False
7151,False,False,,False,False,False,17610.86,13471.0,15774.72,,,P1,False
7152,False,False,,False,False,False,17610.86,13525.0,15774.72,,,P1,False
7153,False,False,,False,False,False,17610.86,13525.0,15774.72,,,P1,False
7154,False,False,,False,False,False,17610.86,13525.0,15774.72,,,P1,False
7155,False,False,,False,False,False,17610.86,13525.0,15774.72,,,P1,False
7156,False,False,,False,False,False,17610.86,13569.51,15774.72,,,P1,False
7157,False,False,,False,False,False,18018.0,13701.0,15774.72,,,P1,False
7158,False,False,,False,False,False,18018.0,13881.05,15774.72,,,P1,False
7159,False,False,,False,False,False,18018.0,13931.64,15774.72,,,P1,False
7160,False,False,,False,False,False,18018.0,14093.56,15774.72,,,P1,False
7161,False,False,,False,False,False,18018.0,14250.0,15774.72,,,P1,False
7162,False,False,,False,False,False,18018.0,14337.45,15774.72,,,P1,False
7163,False,False,,False,False,False,18625.0,14344.22,15774.72,,,P1,False
7164,False,False,,False,False,False,18625.0,14344.22,15774.72,,,P1,False
7165,False,False,,False,False,False,18625.0,14344.22,15774.72,,,P1,False
7166,False,False,,False,False,False,18625.0,14344.22,15774.72,,,P1,False
7167,False,False,,False,False,False,18625.0,14344.22,15774.72,,,P1,False
7168,False,False,,False,False,False,18625.0,14344.22,15774.72,,,P1,False
7169,False,False,,False,False,False,18625.0,14344.22,15774.72,,,P1,False
7170,False,False,,False,False,False,18625.0,14344.22,15774.72,,,P1,False
7171,False,False,,False,False,False,18625.0,14344.22,15774.72,,,P1,False
7172,False,False,,False,False,False,16188.0,14344.22,15863.535,,,P1,False
7173,True,False,,False,False,False,16188.0,14344.22,15863.535,,,P1,False
7174,False,False,,False,False,False,16188.0,14344.22,15863.535,,,P1,False
7175,False,False,,False,False,False,16188.0,14344.22,15863.535,,,P1,False
7176,False,False,,False,False,False,16188.0,14344.22,15863.535,,,P1,False
7177,False,False,,False,False,False,16438.08,14344.22,16188.0,,,P1,False
7178,False,False,,False,False,False,16438.08,14703.88,16188.0,,,P1,False
7179,False,False,,False,False,False,16438.08,14805.54,16188.0,,,P1,False
7180,False,False,,False,False,False,16438.08,14805.54,16188.0,,,P1,False
7181,False,False,,False,False,False,16438.08,14805.54,16188.0,,,P1,False
7182,False,False,,False,False,False,16438.08,14805.54,15952.35,,,P1,False
7183,False,False,,False,False,False,16438.08,14805.54,15952.35,,,P1,False
7184,False,False,,False,False,False,16438.08,14805.54,15774.72,,,P1,False
7185,False,False,,False,False,False,16438.08,14805.54,15774.72,,,P1,False
7186,False,False,,False,False,False,16438.08,14805.54,15774.72,,,P1,False
7187,False,False,,False,False,False,16438.08,14805.54,15774.72,,,P1,False
7188,False,False,,False,False,False,16438.08,14805.54,15774.72,,,P1,False
7189,False,False,,False,False,False,16438.08,15072.46,15774.72,,,P1,False
7190,False,False,,False,False,False,16438.08,15072.46,15774.72,,,P1,False
7191,False,False,,False,False,False,16438.08,15072.46,15774.72,,,P1,False
7192,False,False,,False,False,False,16438.08,15072.46,15774.72,,,P1,False
7193,False,False,,False,False,False,16438.08,15072.46,15774.72,,,P1,False
7194,False,False,,False,False,False,16438.08,15111.2,15952.35,,,P1,False
7195,False,False,,False,False,False,16438.08,15260.17,15952.35,,,P1,False
7196,False,False,,False,False,False,16438.08,15272.68,15774.72,,,P1,False
7197,False,False,,False,False,True,16438.08,15322.02,15952.35,,,P1,False
7198,False,False,,False,False,False,16438.08,15363.37,17335.65,,,P1,False
7199,False,False,,False,False,False,16438.08,15440.64,17335.65,,,P1,False
7200,False,False,,False,False,False,16438.08,15440.64,17335.65,,,P1,False
7201,False,False,,False,False,False,18001.12,15440.64,17335.65,,,P1,False
7202,False,False,,False,False,False,18001.12,15440.64,18018.0,,,P1,False
7203,False,False,,False,False,False,18001.12,15591.54,17335.65,,,P1,False
7204,False,False,,False,False,False,18001.12,15600.0,17335.65,,,P1,False
7205,False,False,,False,False,False,18330.0,15670.0,17335.65,,,P1,False
7206,False,False,,False,False,False,18330.0,15670.0,16188.0,,,P1,False
7207,False,False,,False,False,False,18330.0,15670.0,16188.0,,,P1,False
7208,False,False,,False,False,False,18330.0,15670.0,16188.0,,,P1,False
7209,False,False,,False,False,False,18330.0,15670.0,15952.35,,,P1,False
7210,False,False,,False,False,False,18330.0,15670.0,15952.35,,,P1,False
7211,False,False,,False,False,False,18330.0,15670.0,15952.35,,,P1,False
7212,False,False,,False,False,False,18330.0,15670.0,15774.72,,,P1,False
7213,False,False,,False,False,False,18330.0,15670.0,15774.72,,,P1,False
7214,False,False,,False,False,False,18330.0,15670.0,15774.72,,,P1,False
7215,False,False,,False,False,False,18330.0,15670.0,15774.72,,,P1,False
7216,False,False,,False,False,False,18330.0,15670.0,15774.72,,,P1,False
7217,False,False,,False,False,False,18330.0,15670.0,15774.72,,,P1,False
7218,False,False,,False,False,False,18330.0,15670.0,15774.72,,,P1,False
7219,False,False,,False,False,False,18330.0,15774.72,15774.72,,,P1,False
7220,False,False,,False,False,False,18330.0,15774.72,15774.72,,,P1,False
7221,False,False,,False,False,False,18330.0,15774.72,15774.72,,,P1,False
7222,False,False,,False,False,False,18500.0,15774.72,18415.0,,,P1,False
7223,False,False,,False,False,False,18500.0,15774.72,18500.0,,,P1,False
7224,False,False,,False,False,False,18500.0,15774.72,18500.0,,,P1,False
7225,False,False,,False,False,False,18500.0,15774.72,18500.0,,,P1,False
7226,False,False,,False,False,False,18500.0,15864.0,18500.0,,,P1,False
7227,False,False,,False,False,False,18500.0,15980.88,13195.05,,,P1,False
7228,False,False,,False,False,False,18500.0,16164.55,13195.05,,,P1,False
7229,False,False,,False,False,False,18500.0,16188.0,13195.05,,,P1,False
7230,False,False,,False,False,False,18500.0,16188.0,13195.05,,,P1,False
7231,False,False,,False,False,False,18857.0,16188.0,13195.05,,,P1,False
7232,False,False,,False,False,False,18857.0,16188.0,13195.05,,,P1,False
7233,False,False,,False,False,False,18857.0,16188.0,13195.05,,,P1,False
7234,False,False,,False,False,False,18857.0,16188.0,13195.05,,,P1,False
7235,False,False,,False,False,False,18857.0,16188.0,13195.05,,,P1,False
7236,False,False,,False,False,False,18857.0,16188.0,13195.05,,,P1,False
7237,False,False,,False,False,False,18857.0,16188.0,13195.05,,,P1,False
7238,False,False,,False,False,False,18902.88,16188.0,13195.05,,,P1,False
7239,False,False,,False,False,False,18902.88,16188.0,13195.05,,,P1,False
7240,False,False,,False,False,False,18902.88,16188.0,13195.05,,,P1,False
7241,False,False,,False,False,False,18902.88,16188.0,13195.05,,,P1,False
7242,False,False,,False,False,False,18902.88,16188.0,13195.05,,,P1,False
7243,False,False,,False,False,False,18902.88,16188.0,13195.05,,,P1,False
7244,False,False,,False,False,False,18902.88,16188.0,,,,P1,False
7245,False,False,,False,False,False,18902.88,16188.0,18330.0,,,P1,False
7246,False,False,,False,False,False,18902.88,16188.0,15774.72,,,P1,False
7247,False,False,,False,False,False,18902.88,16188.0,18500.0,,,P1,False
7248,False,False,,False,False,False,17650.0,16188.0,18330.0,,,P1,False
7249,False,False,,False,False,False,17650.0,16188.0,18330.0,,,P1,False
7250,False,False,,False,False,False,17650.0,16188.0,18330.0,,,P1,False
7251,False,False,,False,False,False,17650.0,16188.0,18330.0,,,P1,False
7252,False,False,,False,False,False,17650.0,16188.0,18330.0,,,P1,False
7253,False,False,,False,False,False,17650.0,16188.0,18330.0,,,P1,False
7254,False,False,,False,False,False,17650.0,16188.0,,,,P1,False
7255,False,False,,False,False,False,17650.0,16188.0,18330.0,,,P1,False
7256,False,False,,False,False,False,17650.0,16188.0,18330.0,,,P1,False
7257,False,False,,False,False,False,17650.0,16188.0,15774.72,,,P1,False
7258,False,False,,False,False,False,17650.0,16188.0,15774.72,,,P1,False
7259,False,False,,False,False,False,17650.0,16188.0,15774.72,,,P1,False
7260,False,False,,False,False,False,17572.33,16188.0,17610.86,,,P1,False
7261,False,False,,False,False,False,17572.33,16188.0,18330.0,,,P1,False
7262,False,False,,False,False,False,17572.33,16188.0,17610.86,,,P1,False
7263,False,False,,False,False,False,17572.33,16188.0,17610.86,,,P1,False
7264,False,False,,False,False,False,17572.33,16188.0,17610.86,,,P1,False
7265,False,False,,False,False,False,17572.33,16188.0,17610.86,,,P1,False
7266,False,False,,False,False,False,17572.33,16188.0,17610.86,,,P1,False
7267,False,False,,False,False,False,17572.33,16188.0,17610.86,,,P1,False
7268,False,False,,False,False,False,17572.33,16188.0,17610.86,,,P1,False
7269,False,False,,False,False,False,17572.33,16188.0,17610.86,,,P1,False
7270,False,False,,False,False,False,17572.33,16188.0,17610.86,,,P1,False
7271,False,False,,False,False,False,17572.33,16188.0,17610.86,,,P1,False
7272,False,False,,False,False,False,17572.33,16188.0,17610.86,,,P1,False
7273,False,False,,False,False,False,17572.33,16188.0,17610.86,,,P1,False
7274,False,False,,False,False,False,17572.33,16188.0,17610.86,,,P1,False
7275,False,False,,False,False,False,18971.0,16188.0,18902.88,,,P1,False
7276,False,False,,False,False,False,18971.0,16188.0,18902.88,,,P1,False
7277,False,False,,False,False,False,18971.0,16188.0,18902.88,,,P1,False
7278,False,False,,False,False,False,18971.0,16188.0,18902.88,,,P1,False
7279,False,False,,False,False,False,18971.0,16188.0,18902.88,,,P1,False
7280,False,False,,False,False,False,18971.0,16188.0,18902.88,,,P1,False
7281,False,False,,False,False,False,18971.0,16188.0,18902.88,,,P1,False
7282,False,False,,False,False,False,18971.0,16188.0,18902.88,,,P1,False
7283,False,False,,False,False,False,19050.0,16188.0,18936.940000000002,,,P1,False
7284,False,False,,False,False,False,19050.0,16188.0,18936.940000000002,,,P1,False
7285,False,False,,False,False,False,19050.0,16188.0,18936.940000000002,,,P1,False
7286,False,False,,False,False,False,19050.0,16188.0,18936.940000000002,,,P1,False
7287,False,False,,False,False,False,19050.0,16188.0,18936.940000000002,,,P1,False
7288,False,False,,False,False,False,19050.0,16188.0,18971.0,,,P1,False
7289,False,False,,False,False,False,19050.0,16188.0,18971.0,,,P1,False
7290,False,False,,False,False,False,19050.0,16188.0,18971.0,,,P1,False
7291,False,False,,False,False,False,19050.0,16438.08,18936.940000000002,,,P1,False
7292,False,False,,False,False,False,19050.0,16438.08,18936.940000000002,,,P1,False
7293,False,False,,False,False,False,19050.0,16438.08,18936.940000000002,,,P1,False
7294,False,False,,False,False,False,19050.0,16438.08,18936.940000000002,,,P1,False
7295,False,False,,False,False,False,19050.0,16438.08,18936.940000000002,,,P1,False
7296,False,False,,False,False,False,19050.0,16465.48,18936.940000000002,,,P1,False
7297,False,False,,False,False,False,19050.0,16634.34,18936.940000000002,,,P1,False
7298,False,False,,False,False,False,19050.0,16865.56,18936.940000000002,,,P1,False
7299,False,False,,False,False,False,19050.0,16865.56,18936.940000000002,,,P1,False
7300,False,False,,False,False,False,19050.0,16865.56,18936.940000000002,,,P1,False
7301,False,False,,False,False,False,19050.0,17070.0,18936.940000000002,,,P1,False
7302,False,False,,False,False,False,19050.0,17516.52,18936.940000000002,,,P1,False
7303,False,False,,False,False,False,22350.0,17517.0,18936.940000000002,,,P1,False
7304,False,False,,False,False,False,22350.0,17517.0,18936.940000000002,,,P1,False
7305,False,False,,False,False,False,22350.0,17572.33,18936.940000000002,,,P1,False
7306,False,False,,False,False,False,22350.0,17572.33,18936.940000000002,,,P1,False
7307,False,False,,False,False,False,22350.0,17572.33,18936.940000000002,,,P1,False
7308,False,False,,False,False,False,22350.0,17572.33,18936.940000000002,,,P1,False
7309,False,False,,False,False,False,22350.0,17572.33,18936.940000000002,,,P1,False
7310,False,False,,False,False,False,22350.0,17572.33,18936.940000000002,,,P1,False
7311,False,False,,False,False,False,22350.0,17572.33,18936.940000000002,,,P1,False
7312,False,False,,False,False,False,22350.0,17572.33,18936.940000000002,,,P1,False
7313,False,False,,False,False,False,23060.0,17572.33,18936.940000000002,,,P1,False
7314,False,False,,False,False,False,23060.0,17572.33,18936.940000000002,,,P1,False
7315,False,False,,False,False,False,23060.0,17572.33,18936.940000000002,,,P1,False
7316,False,False,,False,False,False,23060.0,17572.33,18936.940000000002,,,P1,False
7317,False,False,,False,False,False,23060.0,17572.33,18936.940000000002,,,P1,False
7318,False,False,,False,False,False,23060.0,17572.33,18936.940000000002,,,P1,False
7319,False,False,,False,False,False,23060.0,17572.33,18936.940000000002,,,P1,False
7320,False,False,,False,False,False,23060.0,17572.33,18936.940000000002,,,P1,False
7321,False,False,,False,False,False,21815.0,17572.33,18936.940000000002,,,P1,False
7322,False,False,,False,False,False,21815.0,17572.33,18936.940000000002,,,P1,False
7323,False,False,,False,False,False,21815.0,17572.33,18936.940000000002,,,P1,False
7324,False,False,,False,False,False,21815.0,17572.33,18936.940000000002,,,P1,False
7325,False,False,,False,False,False,21815.0,17572.33,18936.940000000002,,,P1,False
7326,False,False,,False,False,False,22353.4,17572.33,18936.940000000002,,,P1,False
7327,False,False,,False,False,False,22353.4,17572.33,18936.940000000002,,,P1,False
7328,False,False,,False,False,False,22353.4,17572.33,18936.940000000002,,,P1,False
7329,False,False,,False,False,False,22353.4,17572.33,18936.940000000002,,,P1,False
7330,False,False,,False,False,False,22353.4,17572.33,18936.940000000002,,,P1,False
7331,False,False,,False,False,False,22353.4,17572.33,18936.940000000002,,,P1,False
7332,False,False,,False,False,False,22353.4,17572.33,18936.940000000002,,,P1,False
7333,False,False,,False,False,False,22353.4,17572.33,18936.940000000002,,,P1,False
7334,False,False,,False,False,False,22353.4,17572.33,18936.940000000002,,,P1,False
7335,False,False,,False,False,False,22600.0,17572.33,22353.4,,,P1,False
7336,False,False,,False,False,False,22600.0,17572.33,22353.4,,,P1,False
7337,False,False,,False,False,False,22600.0,17572.33,22353.4,,,P1,False
7338,False,False,,False,False,False,22600.0,17572.33,22353.4,,,P1,False
7339,False,False,,False,False,False,22600.0,17572.33,22353.4,,,P1,False
7340,False,False,,False,False,False,22600.0,17572.33,22353.4,,,P1,False
7341,False,False,,False,False,False,22600.0,17572.33,22353.4,,,P1,False
7342,False,False,,False,False,False,22600.0,17572.33,22353.4,,,P1,False
7343,False,False,,False,False,False,22600.0,17572.33,22353.4,,,P1,False
7344,False,False,,False,False,False,22600.0,17572.33,22353.4,,,P1,False
7345,False,False,,False,False,False,22600.0,17572.33,22353.4,,,P1,False
7346,False,False,,False,False,False,22600.0,17572.33,22353.4,,,P1,False
7347,False,False,,False,False,False,22600.0,17572.33,22353.4,,,P1,False
7348,False,False,,False,False,False,22600.0,17572.33,22353.4,,,P1,False
7349,False,False,,False,False,False,22600.0,17572.33,22353.4,,,P1,False
7350,False,False,,False,False,False,22600.0,17572.33,22353.4,,,P1,False
7351,False,False,,False,False,False,22600.0,17572.33,22353.4,,,P1,False
7352,False,False,,False,False,False,22600.0,17572.33,22353.4,,,P1,False
7353,False,False,,False,False,True,22600.0,17572.33,22353.4,,,P1,False
7354,False,False,,False,False,False,22600.0,17572.33,22353.4,,,P1,False
7355,False,False,,False,False,False,22600.0,17572.33,22353.4,,,P1,False
7356,False,False,,False,False,False,22600.0,17572.33,22353.4,,,P1,False
7357,False,False,,False,False,False,22600.0,17572.33,22353.4,,,P1,False
7358,False,False,,False,False,False,22600.0,17572.33,22353.4,,,P1,False
7359,False,False,,False,False,False,25700.0,17572.33,22353.4,,,P1,False
7360,False,False,,False,False,False,25700.0,17572.33,22353.4,,,P1,False
7361,False,False,,False,False,False,25700.0,17572.33,22353.4,,,P1,False
7362,False,False,,False,False,False,25700.0,17572.33,22353.4,,,P1,False
7363,False,False,,False,False,False,25700.0,17572.33,22353.4,,,P1,False
7364,False,False,,False,False,False,25700.0,17572.33,22353.4,,,P1,False
7365,False,False,,False,False,False,25700.0,17572.33,22353.4,,,P1,False
7366,False,False,,False,False,False,25700.0,17572.33,22353.4,,,P1,False
7367,False,False,,False,False,False,25880.0,17572.33,22353.4,,,P1,False
7368,False,False,,False,False,False,25880.0,17572.33,22353.4,,,P1,False
7369,False,False,,False,False,False,25880.0,17572.33,22353.4,,,P1,False
7370,False,False,,False,False,False,25880.0,17572.33,22353.4,,,P1,False
7371,False,False,,False,False,False,25880.0,17572.33,22353.4,,,P1,False
7372,False,False,,False,False,False,25880.0,17572.33,22353.4,,,P1,False
7373,False,False,,False,False,False,25880.0,17572.33,22353.4,,,P1,False
7374,False,False,,False,False,False,25880.0,17572.33,22353.4,,,P1,False
7375,False,False,,False,False,False,25880.0,17572.33,22353.4,,,P1,False
7376,False,False,,False,False,False,25880.0,17572.33,22353.4,,,P1,False
7377,False,False,,False,False,False,25880.0,17572.33,22353.4,,,P1,False
7378,False,False,,False,False,False,25880.0,17572.33,22353.4,,,P1,False
7379,False,False,,False,False,False,25880.0,17617.0,22353.4,,,P1,False
7380,False,False,,False,False,False,25880.0,17852.0,22353.4,,,P2,False
7381,False,False,,False,False,False,27850.0,17925.37,22353.4,,,P2,False
7382,False,False,,False,False,False,27850.0,18020.7,22353.4,,,P2,False
7383,False,False,,False,False,False,27850.0,18261.32,22353.4,,,P2,False
7384,False,False,,False,False,False,27850.0,18308.82,22353.4,,,P2,False
7385,False,False,,False,False,False,27850.0,18308.82,22353.4,,,P2,False
7386,False,False,,False,False,False,27850.0,18362.42,22353.4,,,P2,False
7387,False,False,,False,False,False,27850.0,18711.12,22353.4,,,P2,False
7388,False,False,,False,False,False,28624.57,18711.12,22353.4,,,P2,False
7389,False,False,,False,False,False,28624.57,18768.19,22353.4,,,P2,False
7390,False,False,,False,False,False,28624.57,18971.0,22353.4,,,P2,False
7391,False,False,,False,False,True,28624.57,18971.0,22353.4,,,P2,False
7392,False,False,,False,False,False,28624.57,18971.0,22476.7,,,P2,False
7393,False,False,,False,False,False,28624.57,18971.0,22476.7,,,P2,False
7394,False,False,,False,False,False,28624.57,19000.0,22476.7,,,P2,False
7395,False,False,,False,False,False,28624.57,19028.97,22476.7,,,P2,False
7396,False,False,,False,False,False,28624.57,19028.97,22476.7,,,P2,False
7397,False,False,,False,False,False,28624.57,19028.97,22476.7,,,P2,False
7398,False,False,,False,False,False,28624.57,19050.0,22476.7,,,P2,False
7399,False,False,,False,False,False,28624.57,19050.0,22476.7,,,P2,False
7400,False,False,swing,False,True,False,28624.57,19050.0,22476.7,28624.57,,P2,False
7401,False,False,,False,False,False,28624.57,19050.0,22476.7,,,P2,False
7402,False,False,,False,False,False,28624.57,19074.0,22476.7,,,P2,False
7403,False,False,,False,False,False,28624.57,19256.27,22476.7,,,P2,False
7404,False,False,,False,False,False,28130.0,19276.0,28130.0,,,P2,False
7405,False,False,,False,False,False,28130.0,19276.0,28130.0,,,P2,False
7406,False,False,,False,False,False,28130.0,19278.6,28130.0,,,P2,False
7407,False,False,,False,False,False,28130.0,19300.3,28130.0,,,P2,False
7408,False,False,,False,False,False,28130.0,19370.62,28130.0,,,P2,False
7409,False,False,,False,False,False,29900.0,19680.0,28130.0,,,P2,False
7410,False,False,,False,False,False,29900.0,20550.0,28130.0,,,P2,False
7411,False,False,,False,False,False,29900.0,20711.0,28130.0,,,P2,False
7412,False,False,,False,False,False,29900.0,21230.0,28130.0,,,P2,False
7413,False,False,,False,False,False,29900.0,21735.09,28130.0,,,P2,False
7414,False,False,,False,False,False,29900.0,21801.0,28130.0,,,P2,False
7415,False,False,,False,False,False,29900.0,21815.0,28130.0,,,P2,False
7416,False,False,,False,False,False,29900.0,21815.0,28130.0,,,P2,False
7417,False,False,,False,False,False,29900.0,21815.0,28130.0,,,P2,False
7418,False,False,,False,False,False,29900.0,21815.0,28130.0,,,P2,False
7419,False,False,,False,False,False,29900.0,21815.0,28130.0,,,P2,False
7420,False,False,,False,False,True,29900.0,21815.0,28130.0,,,P2,False
7421,False,False,,False,False,False,29900.0,21815.0,28130.0,,,P2,False
7422,False,False,,False,False,False,29900.0,21815.0,28130.0,,,P2,False
7423,False,False,,False,False,False,29900.0,21815.0,28130.0,,,P2,False
7424,False,False,,False,False,False,29900.0,21815.0,28130.0,,,P2,False
7425,False,False,,False,False,False,29900.0,21815.0,28130.0,,,P2,False
7426,False,False,,False,False,False,29900.0,21815.0,28130.0,,,P2,False
7427,False,False,,False,False,False,29900.0,21815.0,28130.0,,,P2,False
7428,False,False,,False,False,False,29900.0,21815.0,28130.0,,,P2,False
7429,False,False,,False,False,False,29900.0,21815.0,28130.0,,,P2,False
7430,False,False,,False,False,False,29900.0,21815.0,28130.0,,,P2,False
7431,False,False,,False,False,False,29900.0,21815.0,28130.0,,,P2,False
7432,False,False,,False,False,False,29900.0,21815.0,28130.0,,,P2,False
7433,False,False,,False,False,False,29900.0,21815.0,28130.0,,,P2,False
7434,False,False,,False,False,False,29900.0,21815.0,28130.0,,,P2,False
7435,False,False,,False,False,False,29900.0,21815.0,28130.0,,,P2,False
7436,False,False,,False,False,False,29900.0,21815.0,28130.0,,,P2,False
7437,False,False,,False,False,False,29900.0,21815.0,28130.0,,,P2,False
7438,False,False,,False,False,False,29900.0,21815.0,28130.0,,,P2,False
7439,False,False,,False,False,True,29900.0,21815.0,28130.0,,,P2,False
7440,False,False,,False,False,False,29900.0,22353.4,28130.0,,,P2,False
7441,False,False,,False,False,False,29900.0,22353.4,28130.0,,,P2,False
7442,False,False,,False,False,False,29900.0,22353.4,28130.0,,,P2,False
7443,True,False,,False,False,False,29900.0,22353.4,28130.0,,,P2,False
7444,False,False,,False,False,False,29900.0,22353.4,28130.0,,,P2,False
7445,False,False,,False,False,False,29900.0,22600.0,28130.0,,,P2,False
7446,False,False,,False,False,False,29900.0,22600.0,28130.0,,,P2,False
7447,False,False,,False,False,False,29900.0,22600.0,28130.0,,,P2,False
7448,False,False,,False,False,False,30420.0,22600.0,28130.0,,,P2,False
7449,False,False,,False,False,False,30420.0,22600.0,28130.0,,,P2,False
7450,False,False,,False,False,False,30420.0,22600.0,28130.0,,,P2,False
7451,False,False,,False,False,False,30420.0,22600.0,28130.0,,,P2,False
7452,False,False,,False,False,False,30420.0,22600.0,28130.0,,,P2,False
7453,False,False,,False,False,False,30420.0,22600.0,28130.0,,,P2,False
7454,False,False,,False,False,False,30420.0,22703.42,28130.0,,,P2,False
7455,False,False,,False,False,False,30420.0,22786.67,28130.0,,,P2,False
7456,False,False,,False,False,False,32380.0,23012.29,28130.0,,,P2,False
7457,False,False,,False,False,False,32380.0,23012.29,28130.0,,,P2,False
7458,False,False,,False,False,False,32380.0,23108.01,28130.0,,,P2,False
7459,False,False,,False,False,False,32380.0,23258.35,28130.0,,,P2,False
7460,False,False,,False,False,False,32380.0,23433.6,28130.0,,,P2,False
7461,False,False,,False,False,False,32380.0,23451.79,28130.0,,,P2,False
7462,False,False,,False,False,False,32380.0,23600.0,28130.0,,,P2,False
7463,False,False,,False,False,False,32380.0,23785.5,28130.0,,,P2,False
7464,False,False,,False,False,False,32380.0,23987.16,28130.0,,,P2,False
7465,False,False,,False,False,False,32380.0,24198.6,28130.0,,,P2,False
7466,False,False,,False,False,False,32380.0,24500.0,28130.0,,,P2,False
7467,False,False,,False,False,False,32380.0,24562.5,28130.0,,,P2,False
7468,False,False,,False,False,False,32380.0,24562.5,28130.0,,,P2,False
7469,False,False,,False,False,False,32380.0,24734.94,28130.0,,,P2,False
7470,False,False,,False,False,False,32380.0,25575.0,28130.0,,,P2,False
7471,False,False,,False,False,False,32380.0,25700.0,28130.0,,,P2,False
7472,False,False,,False,False,False,34408.0,25700.0,28130.0,,,P2,False
7473,False,False,,False,False,False,34408.0,25700.0,28130.0,,,P2,False
7474,False,False,,False,False,False,34408.0,25700.0,28130.0,,,P2,False
7475,False,False,,False,False,False,34408.0,25700.0,28130.0,,,P2,False
7476,False,False,,False,False,False,34408.0,25700.0,28130.0,,,P2,False
7477,False,False,,False,False,False,34408.0,25700.0,28130.0,,,P2,False
7478,False,False,swing,False,True,False,34408.0,25880.0,28130.0,34408.0,,P2,False
7479,False,False,,False,False,False,34408.0,25880.0,28130.0,,,P2,False
7480,False,False,,False,False,False,34408.0,25880.0,28130.0,,,P2,False
7481,False,False,,False,False,False,34408.0,25880.0,28130.0,,,P2,False
7482,False,False,,False,False,False,33850.0,25880.0,28130.0,,,P2,False
7483,False,False,,False,False,False,33850.0,25880.0,28130.0,,,P2,False
7484,False,False,,False,False,False,33850.0,25880.0,28130.0,,,P2,False
7485,False,False,,False,False,False,33850.0,25880.0,28130.0,,,P2,False
7486,False,False,,False,False,False,33850.0,26204.99,28130.0,,,P2,False
7487,False,False,,False,False,False,34800.0,26204.99,34408.0,,,P2,False
7488,False,False,,False,False,False,34800.0,26204.99,34408.0,,,P2,False
7489,False,False,,False,False,False,34800.0,26743.42,34408.0,,,P2,False
7490,False,False,,False,False,False,34800.0,27320.0,34408.0,,,P2,False
7491,False,False,,False,False,False,34800.0,27320.0,34408.0,,,P2,False
7492,False,False,,False,False,False,34800.0,27320.0,34408.0,,,P2,False
7493,False,False,,False,False,False,34800.0,27577.0,34408.0,,,P2,False
7494,False,False,,False,False,False,34800.0,27850.0,34408.0,,,P2,False
7495,False,False,,False,False,False,34800.0,27850.0,34408.0,,,P2,False
7496,False,False,,False,False,False,34800.0,27850.0,34408.0,,,P2,False
7497,False,False,,False,False,False,34800.0,27850.0,28130.0,,,P2,False
7498,False,False,,False,False,False,34800.0,27850.0,34408.0,,,P2,False
7499,False,False,swing,False,True,False,34800.0,27850.0,34408.0,34800.0,,P2,False
7500,False,False,,False,False,False,34800.0,28130.0,34408.0,,,P2,False
7501,False,False,,False,False,False,34800.0,28130.0,34408.0,,,P2,False
7502,True,False,,False,False,False,33400.0,28130.0,28130.0,,,P2,False
7503,False,False,,False,False,False,33400.0,28130.0,28130.0,,,P2,False
7504,True,False,,False,False,False,33400.0,28130.0,28130.0,,,P2,False
7505,False,False,,False,False,False,33400.0,28130.0,28130.0,,,P2,False
7506,False,False,,False,False,True,33400.0,28130.0,28130.0,,,P2,False
7507,False,False,,False,False,False,33400.0,28130.0,28130.0,,,P2,False
7508,False,False,,False,False,False,33400.0,28130.0,28130.0,,,P2,False
7509,True,False,,False,False,False,33400.0,28130.0,28130.0,,,P2,False
7510,False,False,,False,False,False,28850.0,28130.0,28624.57,,,P2,False
7511,False,False,,False,False,False,28850.0,28130.0,28624.57,,,P2,False
7512,False,False,,False,False,False,28850.0,28130.0,28624.57,,,P2,False
7513,False,False,,False,False,False,28850.0,28130.0,28624.57,,,P2,False
7514,False,False,,False,False,False,28850.0,28130.0,28624.57,,,P2,False
7515,False,False,,False,False,False,28850.0,28130.0,28624.57,,,P2,False
7516,False,False,,False,False,False,28850.0,28130.0,28624.57,,,P2,False
7517,False,False,,False,False,False,28850.0,28130.0,28624.57,,,P2,False
7518,False,False,,False,False,False,28850.0,28130.0,28624.57,,,P2,False
7519,False,False,,False,False,False,31390.16,28130.0,28624.57,,,P2,False
7520,False,False,,False,False,False,31390.16,28130.0,28624.57,,,P2,False
7521,False,False,,False,False,False,31390.16,28130.0,28624.57,,,P2,False
7522,True,False,,False,False,False,31390.16,28130.0,28624.57,,,P2,False
7523,True,False,,False,False,False,31390.16,28850.0,28624.57,,,P2,False
7524,False,False,,False,False,False,31390.16,28850.0,28624.57,,,P2,False
7525,False,False,,False,False,False,31390.16,28850.0,28624.57,,,P2,False
7526,False,False,,False,False,False,30900.0,28850.0,30900.0,,,P2,False
7527,True,False,,False,False,False,30900.0,28850.0,34408.0,,,P2,False
7528,False,False,,False,False,False,30900.0,28850.0,30900.0,,,P2,False
7529,False,False,,False,False,False,30900.0,28850.0,30900.0,,,P2,False
7530,False,False,,False,False,False,30900.0,28850.0,30900.0,,,P2,False
7531,False,False,,False,False,False,30900.0,28850.0,30900.0,,,P2,False
7532,False,False,,False,False,False,30900.0,28850.0,30900.0,,,P2,False
7533,False,False,swing|zone,False,True,False,30900.0,28850.0,30900.0,30900.0,,P2,False
7534,False,False,,False,False,False,30900.0,28850.0,30900.0,,,P2,False
7535,False,False,,False,False,False,30900.0,28850.0,30900.0,,,P2,False
7536,False,False,,False,False,False,30900.0,28850.0,30900.0,,,P2,False
7537,False,False,,False,False,False,30837.37,28850.0,30900.0,,,P2,False
7538,True,False,,False,False,False,30837.37,28850.0,30628.684999999998,,,P2,False
7539,True,False,,False,False,False,30837.37,28850.0,28624.57,,,P2,False
7540,True,True,zone,False,True,False,30837.37,28850.0,30628.684999999998,30628.684999999998,,P2,False
7541,True,False,,False,False,False,30837.37,28850.0,28624.57,,,P2,False
7542,True,False,,False,False,False,30837.37,28850.0,30900.0,,,P2,False
7543,True,False,,False,False,False,29241.72,28850.0,30900.0,,,P2,False
7544,True,False,,False,False,False,29241.72,28850.0,30900.0,,,P2,False
7545,False,False,,False,False,False,29241.72,28850.0,30900.0,,,P2,False
7546,False,False,,False,False,False,29241.72,28850.0,30900.0,,,P2,False
7547,False,False,,False,False,False,29241.72,28850.0,30900.0,,,P2,False
7548,False,False,,False,False,False,29241.72,28850.0,30900.0,,,P2,False
7549,False,False,,False,False,False,29241.72,28850.0,30900.0,,,P2,False
7550,False,False,,False,False,False,29241.72,28850.0,34408.0,,,P2,False
7551,False,False,,False,False,False,29241.72,28850.0,34408.0,,,P2,False
7552,False,False,,False,False,False,29241.72,28850.0,33850.0,,,P2,False
7553,False,False,,False,False,False,29241.72,28850.0,33850.0,,,P2,False
7554,False,False,,False,False,False,29241.72,28850.0,30900.0,,,P2,False
7555,False,False,,False,False,False,29241.72,28850.0,33850.0,,,P2,False
7556,False,False,,False,False,False,29241.72,28850.0,30900.0,,,P2,False
7557,False,False,,False,False,False,29241.72,28850.0,33850.0,,,P2,False
7558,False,False,,False,False,False,32825.0,28850.0,33850.0,,,P2,False
7559,False,False,,False,False,False,32825.0,28850.0,33850.0,,,P2,False
7560,False,False,,False,False,False,32825.0,28850.0,33850.0,,,P2,False
7561,False,False,,False,False,False,32825.0,28850.0,33400.0,,,P2,False
7562,False,False,,False,False,False,32825.0,28850.0,33400.0,,,P2,False
7563,False,False,,False,False,False,32825.0,28850.0,32825.0,,,P2,False
7564,False,False,,False,False,False,32825.0,28850.0,30900.0,,,P2,False
7565,False,False,,False,False,False,32825.0,28850.0,32825.0,,,P2,False
7566,False,False,swing|zone,False,True,False,32825.0,28850.0,33400.0,33400.0,,P2,False
7567,False,False,,False,False,False,32825.0,28850.0,33400.0,,,P2,False
7568,False,False,,False,False,False,32171.67,28850.0,33850.0,,,P2,False
7569,False,False,,False,False,False,32171.67,28850.0,32602.5,,,P2,False
7570,False,False,,False,False,False,32171.67,28850.0,33400.0,,,P2,False
7571,False,False,,False,False,False,32171.67,28850.0,33400.0,,,P2,False
7572,False,False,,False,False,False,32171.67,28850.0,33400.0,,,P2,False
7573,False,False,,False,False,False,32171.67,28850.0,33850.0,,,P2,False
7574,False,False,,False,False,False,33133.26,28850.0,34408.0,,,P2,False
7575,False,False,,False,False,False,33133.26,28850.0,34408.0,,,P2,False
7576,False,False,,False,False,False,33133.26,28850.0,34408.0,,,P2,False
7577,False,False,,False,False,False,33133.26,28850.0,34408.0,,,P2,False
7578,False,False,,False,False,False,33133.26,28850.0,34408.0,,,P2,False
7579,False,False,,False,False,False,33133.26,28850.0,34408.0,,,P2,False
7580,False,False,,False,False,False,33133.26,28850.0,33400.0,,,P2,False
7581,False,False,,False,False,False,33133.26,28850.0,33400.0,,,P2,False
7582,False,False,,False,False,False,33133.26,28850.0,33400.0,,,P2,False
7583,False,False,,False,False,False,33133.26,28850.0,33400.0,,,P2,False
7584,False,False,,False,False,False,33133.26,28850.0,33400.0,,,P2,False
7585,False,False,,False,False,False,33133.26,28850.0,33400.0,,,P2,False
7586,False,False,,False,False,False,33133.26,28850.0,33400.0,,,P2,False
7587,False,False,,False,False,False,33133.26,28850.0,33400.0,,,P2,False
7588,False,False,,False,False,False,33133.26,28850.0,34408.0,,,P2,False
7589,False,False,,False,False,False,33133.26,28850.0,34408.0,,,P2,False
7590,False,False,,False,False,False,33133.26,28850.0,34408.0,,,P2,False
7591,False,False,,False,False,False,36161.95,28850.0,33400.0,,,P2,False
7592,False,False,,False,False,False,36161.95,28850.0,33400.0,,,P2,False
7593,False,False,,False,False,False,36161.95,28850.0,33400.0,,,P2,False
7594,False,False,,False,False,False,36161.95,28850.0,33400.0,,,P2,False
7595,False,False,,False,False,False,36161.95,28850.0,33400.0,,,P2,False
7596,False,False,,False,False,False,36161.95,28850.0,33400.0,,,P2,False
7597,False,False,,False,False,False,36161.95,28850.0,33400.0,,,P2,False
7598,False,False,,False,False,False,36161.95,28850.0,33400.0,,,P2,False
7599,False,False,,False,False,False,36161.95,28850.0,33400.0,,,P2,False
7600,False,False,,False,False,False,36161.95,28850.0,33400.0,,,P2,False
7601,False,False,,False,False,False,36161.95,28850.0,33400.0,,,P2,False
7602,False,False,,False,False,False,36161.95,28850.0,33400.0,,,P2,False
7603,False,False,,False,False,False,36161.95,28850.0,33400.0,,,P2,False
7604,False,False,,False,False,False,36161.95,28850.0,33400.0,,,P2,False
7605,False,False,,False,False,False,36161.95,28850.0,33400.0,,,P2,False
7606,False,False,,False,False,False,36161.95,28850.0,33400.0,,,P2,False
7607,False,False,,False,False,False,36161.95,28850.0,33400.0,,,P2,False
7608,False,False,,False,False,False,36161.95,28850.0,34408.0,,,P2,False
7609,False,False,,False,False,False,36161.95,28850.0,34408.0,,,P2,False
7610,False,False,,False,False,False,37351.0,28850.0,34408.0,,,P2,False
7611,False,False,,False,False,False,37351.0,28850.0,34408.0,,,P2,False
7612,False,False,,False,False,False,37351.0,28850.0,34408.0,,,P2,False
7613,False,False,,False,False,False,37351.0,28850.0,34408.0,,,P2,False
7614,False,False,,False,False,False,37351.0,28850.0,34408.0,,,P2,False
7615,False,False,,False,False,False,37351.0,28850.0,34408.0,,,P2,False
7616,False,False,,False,False,False,37351.0,28850.0,34408.0,,,P2,False
7617,False,False,,False,False,False,37351.0,28850.0,34408.0,,,P2,False
7618,False,False,,False,False,False,37351.0,28850.0,34408.0,,,P2,False
7619,False,False,,False,False,False,37351.0,28850.0,34408.0,,,P2,False
7620,False,False,,False,False,False,37351.0,28850.0,34408.0,,,P2,False
7621,False,False,,False,False,False,44961.09,28850.0,34408.0,,,P2,False
7622,False,False,,False,False,False,44961.09,28850.0,34408.0,,,P2,False
7623,False,False,,False,False,False,44961.09,28850.0,34408.0,,,P2,False
7624,False,False,,False,False,False,44961.09,28850.0,34408.0,,,P2,False
7625,False,False,,False,False,False,44961.09,28850.0,34408.0,,,P2,False
7626,False,False,,False,False,False,44961.09,28850.0,34408.0,,,P2,False
7627,False,False,,False,False,False,43727.0,28850.0,34408.0,,,P2,False
7628,False,False,,False,False,False,43727.0,28850.0,34408.0,,,P2,False
7629,False,False,,False,False,False,43727.0,29241.72,34408.0,,,P2,False
7630,False,False,,False,False,False,43727.0,29241.72,34408.0,,,P2,False
7631,False,False,,False,False,False,43727.0,29241.72,34408.0,,,P2,False
7632,False,False,,False,False,False,43727.0,29241.72,34408.0,,,P2,False
7633,False,False,,False,False,False,43727.0,29241.72,34408.0,,,P2,False
7634,False,False,,False,False,False,43727.0,29241.72,34408.0,,,P2,False
7635,False,False,,False,False,False,43727.0,29241.72,34408.0,,,P2,False
7636,False,False,,False,False,False,43727.0,29241.72,34408.0,,,P2,False
7637,False,False,,False,False,False,43727.0,29241.72,34408.0,,,P2,False
7638,False,False,,False,False,False,43727.0,29241.72,34408.0,,,P2,False
7639,False,False,,False,False,False,46125.0,29241.72,34408.0,,,P2,False
7640,False,False,,False,False,False,46125.0,29241.72,34408.0,,,P2,False
7641,False,False,,False,False,False,46125.0,29241.72,34408.0,,,P2,False
7642,False,False,,False,False,False,46125.0,29241.72,34408.0,,,P2,False
7643,False,False,,False,False,False,46125.0,29241.72,34408.0,,,P2,False
7644,False,False,,False,False,False,46125.0,29241.72,34408.0,,,P2,False
7645,False,False,,False,False,False,46202.53,29241.72,34408.0,,,P2,False
7646,False,False,,False,False,False,46202.53,29241.72,34408.0,,,P2,False
7647,False,False,,False,False,False,46202.53,29241.72,34408.0,,,P2,False
7648,False,False,,False,False,False,46202.53,29241.72,34408.0,,,P2,False
7649,False,False,,False,False,False,46202.53,29241.72,34408.0,,,P2,False
7650,False,False,,False,False,False,46202.53,29241.72,34408.0,,,P2,False
7651,False,False,,False,False,False,46202.53,29241.72,34408.0,,,P2,False
7652,False,False,,False,False,False,46202.53,29241.72,34408.0,,,P2,False
7653,False,False,,False,False,False,46202.53,29241.72,34408.0,,,P2,False
7654,False,False,,False,False,False,45570.79,29241.72,46125.0,,,P2,False
7655,False,False,,False,False,False,45570.79,29241.72,46125.0,,,P2,False
7656,False,False,,False,False,False,45570.79,29241.72,46125.0,,,P2,False
7657,False,False,,False,False,False,45570.79,29241.72,46125.0,,,P2,False
7658,False,False,,False,False,False,45570.79,29241.72,46125.0,,,P2,False
7659,False,False,,False,False,False,45570.79,29241.72,46125.0,,,P2,False
7660,False,False,,False,False,False,47003.62,29241.72,46125.0,,,P2,False
7661,False,False,,False,False,False,47003.62,29241.72,46125.0,,,P2,False
7662,False,False,,False,False,False,47003.62,29500.0,46125.0,,,P2,False
7663,False,False,,False,False,False,47003.62,29842.1,46125.0,,,P2,False
7664,False,False,,False,False,False,47750.0,29842.1,46125.0,,,P2,False
7665,False,False,,False,False,False,47750.0,30812.26,46125.0,,,P2,False
7666,False,False,,False,False,False,47750.0,30812.26,46125.0,,,P2,False
7667,False,False,,False,False,False,47750.0,31161.96,46125.0,,,P2,False
7668,False,False,,False,False,False,47750.0,31650.0,46125.0,,,P2,False
7669,False,False,,False,False,False,47750.0,31915.4,46125.0,,,P2,False
7670,False,False,,False,False,False,47750.0,31915.4,46125.0,,,P2,False
7671,False,False,,False,False,False,47750.0,31915.4,46125.0,,,P2,False
7672,False,False,,False,False,False,47750.0,32006.91,46125.0,,,P2,False
7673,False,False,,False,False,False,47750.0,32171.67,46125.0,,,P2,False
7674,False,False,,False,False,False,47750.0,32171.67,46125.0,,,P2,False
7675,False,False,,False,False,False,47750.0,32171.67,46125.0,,,P2,False
7676,False,False,,False,False,False,47750.0,32171.67,46125.0,,,P2,False
7677,False,False,,False,False,False,47750.0,32171.67,46125.0,,,P2,False
7678,False,False,,False,False,False,50710.2,32171.67,46125.0,,,P2,False
7679,False,False,,False,False,False,50710.2,32171.67,46125.0,,,P2,False
7680,False,False,,False,False,False,50710.2,32171.67,46125.0,,,P2,False
7681,False,False,,False,False,False,50710.2,32171.67,46125.0,,,P2,False
7682,False,False,,False,False,False,50710.2,32171.67,46125.0,,,P2,False
7683,False,False,,False,False,False,50710.2,32171.67,46125.0,,,P2,False
7684,False,False,,False,False,False,50710.2,32171.67,46125.0,,,P2,False
7685,False,False,,False,False,False,50710.2,32171.67,46125.0,,,P2,False
7686,False,False,,False,False,False,50710.2,32171.67,46125.0,,,P2,False
7687,False,False,,False,False,False,50710.2,32296.16,46125.0,,,P2,False
7688,False,False,,False,False,False,50710.2,32296.16,46125.0,,,P2,False
7689,False,False,,False,False,False,53863.93,33133.26,46125.0,,,P2,False
7690,False,False,,False,False,False,53863.93,33133.26,46125.0,,,P2,False
7691,False,False,,False,False,False,53863.93,33133.26,46125.0,,,P2,False
7692,False,False,,False,False,False,53863.93,33133.26,46125.0,,,P2,False
7693,False,False,,False,False,False,53863.93,33418.0,46125.0,,,P2,False
7694,False,False,,False,False,False,53863.93,33418.0,46125.0,,,P2,False
7695,False,False,,False,False,True,53863.93,33500.0,46125.0,,53863.93,P2,False
7696,False,False,,False,False,False,53863.93,34080.0,46603.075,,,P2,False
7697,False,False,,False,False,False,53863.93,34333.0,46603.075,,,P2,False
7698,False,False,,False,False,False,53863.93,34556.85,46603.075,,,P2,False
7699,False,False,,False,False,False,47622.0,35362.38,47622.0,,,P2,False
7700,True,False,,False,False,False,47622.0,35362.38,46163.765,,,P2,False
7701,True,False,,False,False,False,47622.0,35511.0,47622.0,,,P2,False
7702,True,False,,False,False,False,47622.0,35511.0,34408.0,,,P2,False
7703,True,False,,False,False,False,47622.0,35810.9,47622.0,,,P2,False
7704,False,False,,False,False,False,44892.56,36161.95,47622.0,,,P2,False
7705,True,False,,False,False,False,44892.56,36161.95,47622.0,,,P2,False
7706,False,False,,False,False,False,44892.56,36161.95,47622.0,,,P2,False
7707,True,False,,False,False,False,44892.56,36161.95,47622.0,,,P2,False
7708,False,False,,False,False,False,44892.56,36161.95,47622.0,,,P2,False
7709,False,False,,False,False,False,44892.56,36161.95,47622.0,,,P2,False
7710,False,False,,False,False,False,44892.56,36399.79,47622.0,,,P2,False
7711,False,False,,False,False,False,44892.56,36570.0,47622.0,,,P2,False
7712,False,False,,False,False,False,44892.56,36570.0,47622.0,,,P2,False
7713,False,False,,False,False,False,48028.18,36995.27,47686.0,,,P2,False
7714,False,False,,False,False,False,48028.18,37200.0,47686.0,,,P2,False
7715,False,False,,False,False,False,48028.18,37230.0,46163.765,,,P2,False
7716,False,False,,False,False,False,48028.18,37230.0,47312.81,,,P2,False
7717,True,False,,False,False,False,48028.18,37351.0,44961.09,,,P2,False
7718,True,False,,False,False,False,48028.18,37351.0,46163.765,,,P2,False
7719,True,False,,False,False,False,48028.18,37351.0,47312.81,,,P2,False
7720,True,False,,False,False,False,48028.18,37351.0,46163.765,,,P2,False
7721,True,True,zone,False,True,False,44106.78,37351.0,46163.765,46163.765,,P2,False
7722,True,False,,False,False,False,44106.78,37351.0,47312.81,,,P2,False
7723,False,False,,False,False,False,44106.78,37351.0,46163.765,,,P2,False
7724,False,False,,False,False,False,44106.78,37351.0,46163.765,,,P2,False
7725,False,False,,False,False,False,44106.78,37351.0,46163.765,,,P2,False
7726,False,False,,False,False,False,44106.78,37351.0,47312.81,,,P2,False
7727,False,False,,False,False,False,44106.78,37351.0,45570.79,,,P2,False
7728,True,False,,False,False,False,44106.78,37351.0,44499.67,,,P2,False
7729,True,False,,False,False,False,44106.78,37660.97,33133.26,,,P2,False
7730,True,False,,False,False,False,44106.78,37988.89,44926.825,,,P2,False
7731,True,False,,False,False,False,44106.78,37992.39,33133.26,,,P2,False
7732,True,False,,False,False,False,44106.78,38844.75,33133.26,,,P2,False
7733,True,False,,False,False,False,44106.78,39094.01,44926.825,,,P2,False
7734,True,False,,False,False,False,44106.78,42521.62,46163.765,,,P2,False
7735,True,False,,False,False,False,44106.78,42905.29,46163.765,,,P2,False
7736,True,False,,False,False,False,43000.0,43000.0,47686.0,,,P2,False
7737,True,False,,False,False,False,43000.0,43000.0,47750.0,,,P2,False
7738,False,False,,False,False,False,43000.0,43000.0,47750.0,,,P2,False
7739,False,False,,False,False,False,43000.0,43000.0,47750.0,,,P2,False
7740,False,False,,False,False,False,43000.0,43000.0,47750.0,,,P2,False
7741,False,False,,False,False,False,43000.0,43000.0,47750.0,,,P2,False
7742,False,False,,False,False,False,43000.0,43000.0,47750.0,,,P2,False
7743,False,False,,False,False,False,43000.0,43000.0,47750.0,,,P2,False
7744,False,False,,False,False,False,43000.0,43000.0,47312.81,,,P2,False
7745,False,False,,False,False,False,43000.0,43000.0,47750.0,,,P2,False
7746,False,False,,False,False,False,43000.0,43000.0,47750.0,,,P2,False
7747,False,False,,False,False,False,43000.0,43000.0,47750.0,,,P2,False
7748,False,False,,False,False,False,43000.0,43000.0,47750.0,,,P2,False
7749,False,False,,False,False,False,47047.6,43000.0,47750.0,,,P2,False
7750,False,False,,False,False,False,47047.6,43000.0,47750.0,,,P2,False
7751,False,False,,False,False,False,47047.6,43000.0,47750.0,,,P2,False
7752,False,False,,False,False,False,47047.6,43000.0,47750.0,,,P2,False
7753,False,False,,False,False,False,47047.6,43000.0,47750.0,,,P2,False
7754,False,False,,False,False,False,47047.6,43000.0,47750.0,,,P2,False
7755,False,False,,False,False,False,47047.6,43000.0,47750.0,,,P2,False
7756,False,False,,False,False,False,47047.6,43000.0,47750.0,,,P2,False
7757,False,False,,False,False,False,47047.6,43000.0,47750.0,,,P2,False
7758,False,False,,False,False,False,47047.6,43000.0,47047.6,,,P2,False
7759,False,False,,False,False,False,47047.6,43000.0,47047.6,,,P2,False
7760,False,False,swing|zone,False,True,False,47047.6,43000.0,47334.8,47334.8,,P2,False
7761,False,False,,False,False,False,47047.6,43000.0,47750.0,,,P2,False
7762,False,False,,False,False,False,46300.0,43000.0,47750.0,,,P2,False
7763,False,False,,False,False,False,46300.0,43000.0,47750.0,,,P2,False
7764,False,False,,False,False,False,46300.0,43000.0,47750.0,,,P2,False
7765,False,False,,False,False,False,46300.0,43000.0,47750.0,,,P2,False
7766,False,False,,False,False,False,46300.0,43000.0,47750.0,,,P2,False
7767,False,False,,False,False,False,46300.0,43000.0,47047.6,,,P2,False
7768,False,False,,False,False,False,46300.0,43000.0,47750.0,,,P2,False
7769,False,False,,False,False,False,46300.0,43000.0,47750.0,,,P2,False
7770,False,False,,False,False,False,46300.0,43000.0,47750.0,,,P2,False
7771,False,False,,False,False,False,47070.0,43000.0,47750.0,,,P2,False
7772,False,False,,False,False,False,47070.0,43000.0,47750.0,,,P2,False
7773,False,False,,False,False,False,47070.0,43000.0,47750.0,,,P2,False
7774,False,False,,False,False,False,47070.0,43000.0,47750.0,,,P2,False
7775,False,False,,False,False,False,47070.0,43000.0,47750.0,,,P2,False
7776,False,False,,False,False,False,47070.0,43000.0,47750.0,,,P2,False
7777,False,False,,False,False,False,47070.0,43000.0,47750.0,,,P2,False
7778,False,False,,False,False,False,47070.0,43000.0,47750.0,,,P2,False
7779,False,False,,False,False,False,47070.0,43000.0,47750.0,,,P2,False
7780,False,False,,False,False,False,47070.0,43000.0,47750.0,,,P2,False
7781,False,False,,False,False,False,47070.0,43000.0,47750.0,,,P2,False
7782,False,False,,False,False,False,49274.67,43000.0,47750.0,,,P2,False
7783,False,False,,False,False,False,49274.67,43000.0,47750.0,,,P2,False
7784,False,False,,False,False,False,49274.67,43000.0,47750.0,,,P2,False
7785,False,False,,False,False,False,49274.67,43000.0,47750.0,,,P2,False
7786,False,False,,False,False,False,49274.67,43000.0,47750.0,,,P2,False
7787,False,False,,False,False,False,49274.67,43000.0,47750.0,,,P2,False
7788,False,False,,False,False,False,49274.67,43000.0,47750.0,,,P2,False
7789,False,False,,False,False,False,49274.67,43000.0,47750.0,,,P2,False
7790,False,False,,False,False,False,49274.67,43000.0,47750.0,,,P2,False
7791,False,False,,False,False,False,49274.67,43000.0,47750.0,,,P2,False
7792,False,False,,False,False,False,49274.67,43000.0,47750.0,,,P2,False
7793,False,False,,False,False,False,53005.0,43000.0,47750.0,,,P2,False
7794,False,False,,False,False,False,53005.0,43000.0,47750.0,,,P2,False
7795,False,False,,False,False,False,53005.0,43000.0,47750.0,,,P2,False
7796,False,False,,False,False,False,53005.0,43000.0,47750.0,,,P2,False
7797,False,False,,False,False,False,53005.0,43000.0,47750.0,,,P2,False
7798,False,False,,False,False,False,53005.0,43000.0,47750.0,,,P2,False
7799,False,False,,False,False,False,53005.0,43000.0,47750.0,,,P2,False
7800,False,False,,False,False,False,54272.82,43000.0,47750.0,,,P2,False
7801,False,False,,False,False,False,54272.82,43000.0,47750.0,,,P2,False
7802,False,False,,False,False,False,54272.82,43000.0,47750.0,,,P2,False
7803,False,False,,False,False,True,54272.82,43000.0,47750.0,,,P2,False
7804,False,False,,False,False,False,54272.82,43000.0,47750.0,,,P2,False
7805,False,False,,False,False,False,54272.82,43000.0,47750.0,,,P2,False
7806,False,False,,False,False,False,54272.82,43000.0,47750.0,,,P2,False
7807,False,False,,False,False,False,54962.84,43000.0,54272.82,,,P2,False
7808,False,False,,False,False,False,54962.84,43000.0,54272.82,,,P2,False
7809,False,False,,False,False,False,54962.84,43000.0,54272.82,,,P2,False
7810,False,False,,False,False,False,54962.84,43000.0,54272.82,,,P2,False
7811,False,False,,False,False,False,54962.84,43000.0,54272.82,,,P2,False
7812,False,False,,False,False,False,54962.84,43000.0,54272.82,,,P2,False
7813,False,False,,False,False,False,54962.84,43000.0,54272.82,,,P2,False
7814,False,False,,False,False,False,54962.84,43000.0,54272.82,,,P2,False
7815,False,False,,False,False,False,54962.84,43000.0,54272.82,,,P2,False
7816,False,False,,False,False,False,54962.84,43000.0,54272.82,,,P2,False
7817,False,False,,False,False,False,54962.84,43000.0,54272.82,,,P2,False
7818,False,False,,False,False,False,54962.84,43000.0,54272.82,,,P2,False
7819,False,False,,False,False,False,54962.84,43000.0,54272.82,,,P2,False
7820,False,False,,False,False,False,54962.84,43000.0,54272.82,,,P2,False
7821,False,False,,False,False,False,54962.84,43000.0,54272.82,,,P2,False
7822,False,False,,False,False,False,54962.84,43000.0,54272.82,,,P2,False
7823,False,False,,False,False,False,54962.84,43000.0,54272.82,,,P2,False
7824,False,False,,False,False,False,54600.0,43000.0,54272.82,,,P2,False
7825,False,False,,False,False,False,54600.0,43000.0,54600.0,,,P2,False
7826,False,False,,False,False,False,54600.0,43000.0,54600.0,,,P2,False
7827,False,False,,False,False,False,54600.0,43000.0,54600.0,,,P2,False
7828,False,False,,False,False,False,53271.34,43000.0,54600.0,,,P2,False
7829,False,False,,False,False,False,53271.34,43000.0,54600.0,,,P2,False
7830,False,False,,False,False,False,53271.34,43000.0,54600.0,,,P2,False
7831,False,False,,False,False,False,53271.34,43000.0,54600.0,,,P2,False
7832,False,False,,False,False,False,53271.34,43000.0,54600.0,,,P2,False
7833,False,False,,False,False,False,53271.34,43000.0,54600.0,,,P2,False
7834,False,False,,False,False,False,53271.34,43000.0,54600.0,,,P2,False
7835,False,False,,False,False,False,53271.34,43000.0,54600.0,,,P2,False
7836,False,False,,False,False,False,53271.34,43000.0,54600.0,,,P2,False
7837,False,False,,False,False,False,54123.69,43000.0,54600.0,,,P2,False
7838,False,False,,False,False,False,54123.69,43000.0,54600.0,,,P2,False
7839,False,False,,False,False,False,54123.69,43000.0,54600.0,,,P2,False
7840,False,False,,False,False,False,54123.69,43000.0,54600.0,,,P2,False
7841,False,False,,False,False,False,54123.69,43000.0,54436.41,,,P2,False
7842,False,False,,False,False,False,54123.69,43000.0,54600.0,,,P2,False
7843,False,False,,False,False,False,54123.69,43000.0,54600.0,,,P2,False
7844,False,False,,False,False,False,54123.69,43000.0,54600.0,,,P2,False
7845,False,False,,False,False,False,54123.69,43000.0,54600.0,,,P2,False
7846,False,False,,False,False,False,56270.74,43000.0,54600.0,,,P2,False
7847,False,False,,False,False,False,56270.74,43000.0,54600.0,,,P2,False
7848,False,False,,False,False,False,56270.74,43000.0,54600.0,,,P2,False
7849,False,False,,False,False,False,56270.74,43000.0,54600.0,,,P2,False
7850,False,False,,False,False,False,56270.74,43000.0,54600.0,,,P2,False
7851,False,False,,False,False,False,56270.74,43000.0,54600.0,,,P2,False
7852,False,False,,False,False,False,57820.17,43000.0,54436.41,,,P2,False
7853,False,False,,False,False,False,57820.17,43000.0,54436.41,,,P2,False
7854,False,False,,False,False,False,57820.17,43000.0,54436.41,,,P2,False
7855,False,False,,False,False,False,57820.17,44088.0,54436.41,,,P2,False
7856,False,False,,False,False,False,57820.17,44950.53,54436.41,,,P2,False
7857,False,False,,False,False,False,57820.17,45641.02,54436.41,,,P2,False
7858,False,False,,False,False,False,57820.17,46272.1,54436.41,,,P2,False
7859,False,False,,False,False,False,57820.17,46300.0,54436.41,,,P2,False
7860,False,False,,False,False,False,55450.11,46300.0,54962.84,,,P2,False
7861,False,False,,False,False,False,55450.11,46300.0,54962.84,,,P2,False
7862,False,False,,False,False,False,55450.11,46300.0,54962.84,,,P2,False
7863,False,False,,False,False,False,55450.11,46300.0,54962.84,,,P2,False
7864,False,False,,False,False,False,55450.11,46300.0,54962.84,,,P2,False
7865,True,False,,False,False,False,55450.11,46300.0,53993.81,,,P2,False
7866,False,False,,False,False,False,55450.11,46300.0,54436.41,,,P2,False
7867,True,True,zone,False,True,False,55450.11,46300.0,53993.81,53993.81,,P2,False
7868,True,False,,False,False,False,55450.11,46300.0,54198.255000000005,,,P2,False
7869,False,False,,False,False,False,55450.11,46300.0,54781.42,,,P2,False
7870,False,False,,False,False,False,55450.11,46300.0,54962.84,,,P2,False
7871,False,False,,False,False,False,53000.0,46300.0,54198.255000000005,,,P2,False
7872,False,False,zone,False,True,False,53000.0,46300.0,54198.255000000005,54198.255000000005,,P2,False
7873,False,False,,False,False,False,53000.0,46300.0,54962.84,,,P2,False
7874,False,False,,False,False,False,53000.0,46300.0,54962.84,,,P2,False
7875,False,False,,False,False,False,53000.0,46300.0,54962.84,,,P2,False
7876,False,False,,False,False,False,53511.39,46300.0,54436.41,,,P2,False
7877,True,False,,False,False,False,53511.39,46300.0,47750.0,,,P2,False
7878,True,False,,False,False,False,53511.39,46300.0,47750.0,,,P2,False
7879,True,False,,False,False,False,53511.39,46300.0,47750.0,,,P2,False
7880,True,False,,False,False,False,53511.39,46300.0,47750.0,,,P2,False
7881,False,False,,False,False,False,53511.39,46418.12,47750.0,,,P2,False
7882,True,False,,False,False,False,53511.39,46418.12,47750.0,,,P2,False
7883,False,False,,False,False,False,53511.39,46885.0,47750.0,,,P2,False
7884,True,False,,False,False,False,53511.39,46885.0,47750.0,,,P2,False
7885,True,False,,False,False,False,50427.56,47070.0,53391.365,,,P2,False
7886,False,False,,False,False,False,50427.56,47070.0,47750.0,,,P2,False
7887,True,False,,False,False,False,50427.56,47070.0,53271.34,,,P2,False
7888,True,False,,False,False,False,50427.56,47070.0,53391.365,,,P2,False
7889,False,False,,False,False,False,50427.56,47070.0,54781.42,,,P2,False
7890,False,False,,False,False,False,50427.56,47104.85,54436.41,,,P2,False
7891,False,False,,False,False,False,50427.56,48223.36,54781.42,,,P2,False
7892,False,False,,False,False,False,50427.56,48882.2,54436.41,,,P2,False
7893,False,False,,False,False,False,50427.56,49111.11,54436.41,,,P2,False
7894,False,False,,False,False,False,50427.56,49274.67,54962.84,,,P2,False
7895,False,False,,False,False,False,50427.56,49274.67,54962.84,,,P2,False
7896,False,False,,False,False,False,50427.56,49274.67,54962.84,,,P2,False
7897,False,False,,False,False,False,53950.0,49274.67,54962.84,,,P2,False
7898,False,False,,False,False,False,53950.0,49274.67,54962.84,,,P2,False
7899,False,False,,False,False,False,53950.0,49274.67,54962.84,,,P2,False
7900,False,False,,False,False,False,53950.0,49274.67,54962.84,,,P2,False
7901,False,False,,False,False,False,53950.0,50100.01,54962.84,,,P2,False
7902,False,False,,False,False,False,53950.0,50427.56,54962.84,,,P2,False
7903,False,False,,False,False,False,53950.0,50427.56,54962.84,,,P2,False
7904,False,False,,False,False,False,54691.84,50427.56,54827.34,,,P2,False
7905,False,False,,False,False,False,54691.84,50427.56,54827.34,,,P2,False
7906,False,False,,False,False,False,54691.84,50427.56,54827.34,,,P2,False
7907,False,False,,False,False,False,54691.84,50427.56,54827.34,,,P2,False
7908,False,False,,False,False,False,54691.84,50427.56,54827.34,,,P2,False
7909,False,False,,False,False,False,54691.84,50427.56,54827.34,,,P2,False
7910,False,False,,False,False,False,54691.84,50427.56,54827.34,,,P2,False
7911,False,False,,False,False,False,54691.84,50427.56,54827.34,,,P2,False
7912,False,False,,False,False,False,54691.84,50427.56,54827.34,,,P2,False
7913,False,False,,False,False,False,57071.35,50427.56,54827.34,,,P2,False
7914,False,False,,False,False,False,57071.35,50427.56,54827.34,,,P2,False
7915,False,False,,False,False,False,57071.35,50427.56,54827.34,,,P2,False
7916,False,False,swing,False,True,False,57071.35,50427.56,54827.34,57071.35,,P2,False
7917,False,False,,False,False,False,57071.35,50427.56,54827.34,,,P2,False
7918,False,False,,False,False,False,57071.35,50427.56,54827.34,,,P2,False
7919,False,False,,False,False,False,57071.35,50427.56,54827.34,,,P2,False
7920,False,False,,False,False,False,56769.0,50427.56,56769.0,,,P2,False
7921,False,False,,False,False,False,56769.0,50427.56,56769.0,,,P2,False
7922,False,False,,False,False,False,56769.0,50427.56,56769.0,,,P2,False
7923,False,False,,False,False,False,56769.0,50427.56,56769.0,,,P2,False
7924,False,False,,False,False,False,56769.0,50427.56,56769.0,,,P2,False
7925,False,False,,False,False,False,56769.0,50427.56,56769.0,,,P2,False
7926,False,False,,False,False,False,56769.0,50427.56,56769.0,,,P2,False
7927,False,False,,False,False,False,56769.0,50427.56,56769.0,,,P2,False
7928,False,False,,False,False,False,57935.45,50427.56,56769.0,,,P2,False
7929,False,False,,False,False,False,57935.45,50427.56,56769.0,,,P2,False
7930,False,False,,False,False,False,57935.45,50427.56,56769.0,,,P2,False
7931,False,False,,False,False,False,57935.45,50427.56,56769.0,,,P2,False
7932,False,False,,False,False,False,57935.45,50427.56,56769.0,,,P2,False
7933,False,False,,False,False,False,57935.45,50427.56,56769.0,,,P2,False
7934,False,False,,False,False,False,57935.45,50427.56,54691.84,,,P2,False
7935,False,False,,False,False,False,58428.57,50427.56,54691.84,,,P2,False
7936,False,False,swing,False,True,False,58428.57,50427.56,54691.84,58428.57,,P2,False
7937,False,False,,False,False,False,58428.57,50427.56,54691.84,,,P2,False
7938,False,False,zone,False,True,False,58428.57,50427.56,56769.0,56769.0,,P2,False
7939,False,False,,False,False,False,58428.57,50427.56,56769.0,,,P2,False
7940,False,False,,False,False,False,58428.57,50427.56,56769.0,,,P2,False
7941,False,False,,False,False,False,58428.57,50427.56,54827.34,,,P2,False
7942,False,False,,False,False,False,56388.0,50427.56,57935.45,,,P2,False
7943,False,False,,False,False,False,56388.0,50427.56,57935.45,,,P2,False
7944,False,False,,False,False,False,56388.0,50427.56,56769.0,,,P2,False
7945,False,False,,False,False,False,56388.0,50427.56,56769.0,,,P2,False
7946,False,False,,False,False,False,56388.0,50427.56,56769.0,,,P2,False
7947,False,False,,False,False,False,56388.0,50427.56,56769.0,,,P2,False
7948,False,False,,False,False,False,56388.0,50427.56,57935.45,,,P2,False
7949,False,False,,False,False,False,56388.0,50427.56,56769.0,,,P2,False
7950,False,False,,False,False,False,56777.77,50427.56,56777.77,,,P2,False
7951,False,False,,False,False,False,56777.77,50427.56,56777.77,,,P2,False
7952,False,False,,False,False,False,56777.77,50427.56,56777.77,,,P2,False
7953,False,False,,False,False,False,56777.77,50427.56,56777.77,,,P2,False
7954,False,False,,False,False,False,56777.77,50427.56,56777.77,,,P2,False
7955,False,False,,False,False,False,56777.77,50427.56,56777.77,,,P2,False
7956,False,False,,False,False,False,56777.77,50427.56,56777.77,,,P2,False
7957,False,False,,False,False,False,56777.77,50427.56,56777.77,,,P2,False
7958,False,False,,False,False,False,56777.77,50427.56,54691.84,,,P2,False
7959,False,False,,False,False,False,56777.77,50427.56,54827.34,,,P2,False
7960,False,False,,False,False,False,56777.77,50427.56,54827.34,,,P2,False
7961,False,False,,False,False,False,56777.77,50427.56,54827.34,,,P2,False
7962,False,False,,False,False,False,56777.77,50427.56,54827.34,,,P2,False
7963,False,False,,False,False,False,56777.77,50427.56,56777.77,,,P2,False
7964,False,False,,False,False,False,55473.0,50427.56,55450.11,,,P2,False
7965,False,False,,False,False,False,55473.0,50427.56,56777.77,,,P2,False
7966,False,False,,False,False,False,55473.0,50427.56,56777.77,,,P2,False
7967,False,False,,False,False,False,55473.0,50427.56,57935.45,,,P2,False
7968,False,False,,False,False,False,55473.0,50427.56,57935.45,,,P2,False
7969,False,False,,False,False,False,55473.0,50427.56,57935.45,,,P2,False
7970,False,False,,False,False,False,55473.0,50427.56,56777.77,,,P2,False
7971,False,False,,False,False,False,55473.0,50427.56,57935.45,,,P2,False
7972,False,False,,False,False,False,55473.0,50427.56,56777.77,,,P2,False
7973,False,False,,False,False,False,55473.0,50427.56,56777.77,,,P2,False
7974,False,False,,False,False,False,55473.0,50427.56,56777.77,,,P2,False
7975,False,False,,False,False,False,55473.0,50427.56,56777.77,,,P2,False
7976,False,False,,False,False,False,55473.0,50427.56,57935.45,,,P2,False
7977,False,False,,False,False,False,55473.0,50427.56,57935.45,,,P2,False
7978,False,False,,False,False,False,55473.0,50427.56,57935.45,,,P2,False
7979,False,False,,False,False,False,55473.0,50427.56,57935.45,,,P2,False
7980,False,False,,False,False,False,55473.0,50427.56,57935.45,,,P2,False
7981,False,False,,False,False,False,55473.0,50427.56,57935.45,,,P2,False
7982,False,False,,False,False,False,55473.0,50427.56,57935.45,,,P2,False
7983,False,False,,False,False,False,58374.61,50427.56,58374.61,,,P2,False
7984,False,False,,False,False,False,58374.61,50427.56,58374.61,,,P2,False
7985,False,False,,False,False,False,58374.61,50427.56,58374.61,,,P2,False
7986,False,False,,False,False,False,58374.61,50427.56,58374.61,,,P2,False
7987,False,False,,False,False,False,59232.52,50427.56,58374.61,,,P2,False
7988,False,False,,False,False,False,59232.52,50427.56,58374.61,,,P2,False
7989,False,False,,False,False,False,59232.52,50427.56,58374.61,,,P2,False
7990,False,False,,False,False,False,59232.52,50427.56,58374.61,,,P2,False
7991,False,False,,False,False,False,59232.52,50427.56,58374.61,,,P2,False
7992,False,False,,False,False,False,59350.59,50427.56,58374.61,,,P2,False
7993,False,False,,False,False,False,59350.59,50427.56,58374.61,,,P2,False
7994,False,False,,False,False,False,59350.59,50427.56,58374.61,,,P2,False
7995,False,False,,False,False,False,59350.59,50427.56,58374.61,,,P2,False
7996,False,False,,False,False,False,59350.59,50427.56,58374.61,,,P2,False
7997,False,False,,False,False,False,59350.59,50427.56,58374.61,,,P2,False
7998,False,False,,False,False,False,59350.59,50427.56,58374.61,,,P2,False
7999,False,False,,False,False,False,59350.59,50427.56,58374.61,,,P2,False
8000,False,False,,False,False,True,59350.59,50427.56,58374.61,,,P2,False
8001,False,False,,False,False,False,59350.59,50427.56,58374.61,,,P2,False
8002,False,False,,False,False,False,59350.59,50427.56,58374.61,,,P2,False
8003,False,False,,False,False,False,59350.59,50427.56,58155.03,,,P2,False
8004,False,False,,False,False,False,59350.59,50550.0,58155.03,,,P2,False
8005,False,False,,False,False,False,59350.59,51214.6,58155.03,,,P2,False
8006,False,False,,False,False,False,61301.0,51214.6,58155.03,,,P2,False
8007,False,False,,False,False,False,61301.0,52172.34,58155.03,,,P2,False
8008,False,False,,False,False,False,61301.0,52508.19,58374.61,,,P2,False
8009,False,False,,False,False,False,61301.0,52508.19,58374.61,,,P2,False
8010,False,False,,False,False,False,61301.0,52888.81,58374.61,,,P2,False
8011,False,False,,False,False,False,61301.0,53773.38,58374.61,,,P2,False
8012,False,False,,False,False,False,61301.0,53950.0,58374.61,,,P2,False
8013,False,False,,False,False,False,61301.0,53950.0,58155.03,,,P2,False
8014,False,False,,False,False,False,61301.0,53950.0,58155.03,,,P2,False
8015,False,False,,False,False,False,61301.0,53950.0,58374.61,,,P2,False
8016,False,False,,False,False,False,60000.0,54691.84,58374.61,,,P2,False
8017,False,False,,False,False,False,60000.0,54691.84,58374.61,,,P2,False
8018,False,False,,False,False,False,60000.0,54691.84,58374.61,,,P2,False
8019,False,False,,False,False,False,60000.0,54691.84,58374.61,,,P2,False
8020,False,False,swing,False,True,False,60000.0,54691.84,58374.61,60000.0,,P2,False
8021,False,False,,False,False,False,60000.0,54691.84,58374.61,,,P2,False
8022,True,False,,False,False,False,60000.0,54691.84,54962.84,,,P2,False
8023,True,False,,False,False,False,60000.0,54743.18,55206.475,,,P2,False
8024,True,False,,False,False,False,60000.0,54800.01,53138.17,,,P2,False
8025,True,False,,False,False,False,60000.0,50931.3,55450.11,,,P2,False
8026,True,False,,False,False,False,50931.3,50931.3,55450.11,,,P2,False
8027,True,False,,False,False,False,50931.3,50931.3,55450.11,,,P2,False
8028,True,False,,False,False,False,50931.3,50931.3,56777.77,,,P2,False
8029,False,False,,False,False,False,50931.3,50931.3,56777.77,,,P2,False
8030,False,False,zone,False,True,False,50931.3,50931.3,56777.77,56777.77,,P2,False
8031,True,False,,False,False,False,50931.3,50931.3,54272.82,,,P2,False
8032,True,False,,False,False,False,50931.3,50931.3,55450.11,,,P2,False
8033,True,False,,False,False,False,50931.3,50931.3,55450.11,,,P2,False
8034,True,False,,False,False,False,50931.3,50931.3,54691.84,,,P2,False
8035,True,True,swing|zone,False,True,False,54221.58,50931.3,54247.2,54247.2,,P2,False
8036,True,False,,False,False,False,54221.58,50931.3,55206.475,,,P2,False
8037,True,False,,False,False,False,54221.58,50931.3,55206.475,,,P2,False
8038,True,False,,False,False,False,54221.58,50931.3,56388.0,,,P2,False
8039,True,False,,False,False,False,53329.96,50931.3,56388.0,,,P2,False
8040,True,False,,False,False,False,53329.96,50931.3,54691.84,,,P2,False
8041,False,False,,False,False,False,53329.96,50931.3,55206.475,,,P2,False
8042,True,False,,False,False,False,53329.96,50931.3,54410.79,,,P2,False
8043,True,False,,False,False,False,53329.96,50931.3,55450.11,,,P2,False
8044,True,False,,False,False,False,53329.96,50931.3,55461.555,,,P2,False
8045,True,False,,False,False,False,53329.96,50931.3,53511.39,,,P2,False
8046,True,True,swing|zone,False,True,False,53329.96,50931.3,53420.675,53420.675,,P2,False
8047,True,False,,False,False,False,53329.96,50931.3,54036.845,,,P2,False
8048,True,False,,False,False,False,53329.96,50931.3,54600.0,,,P2,False
8049,True,False,,False,False,False,53329.96,50931.3,54600.0,,,P2,False
8050,True,False,,False,False,False,52561.0,50931.3,53135.67,,,P2,False
8051,True,False,,False,False,False,52561.0,50931.3,53135.67,,,P2,False
8052,True,False,,False,False,False,52561.0,50931.3,53135.67,,,P2,False
8053,True,False,,False,False,False,52561.0,50931.3,53271.34,,,P2,False
8054,True,False,,False,False,False,52561.0,50500.0,53271.34,,,P2,False
8055,True,False,,False,False,False,52561.0,48555.0,53271.34,,,P2,False
8056,True,False,,False,False,False,52561.0,47700.0,53271.34,,,P2,False
8057,True,False,,False,False,False,52561.0,47500.0,53271.34,,,P2,False
8058,False,False,,False,False,False,47500.0,47500.0,53271.34,,,P2,False
8059,False,False,,False,False,False,47500.0,47500.0,53271.34,,,P2,False
8060,True,False,,False,False,False,47500.0,47500.0,53135.67,,,P2,False
8061,False,False,,False,False,False,47500.0,47500.0,53135.67,,,P2,False
8062,False,False,,False,False,False,47500.0,47500.0,53135.67,,,P2,False
8063,False,False,,False,False,False,47500.0,47500.0,53135.67,,,P2,False
8064,True,False,,False,False,False,48657.14,47500.0,53135.67,,,P2,False
8065,True,False,,False,False,False,48657.14,47500.0,53000.0,,,P2,False
8066,True,False,,False,False,False,48657.14,47500.0,53000.0,,,P2,False
8067,False,False,,False,False,False,48657.14,47500.0,53164.979999999996,,,P2,False
8068,True,False,,False,False,False,48657.14,47500.0,53164.979999999996,,,P2,False
8069,True,True,swing|nbar,False,True,False,48657.14,47500.0,53164.979999999996,48657.14,,P2,False
8070,True,False,,False,False,False,48657.14,47500.0,53000.0,,,P2,False
8071,True,False,,False,False,False,48657.14,47500.0,53000.0,,,P2,False
8072,True,False,,False,False,False,48657.14,46930.0,53420.675,,,P2,False
8073,True,False,,False,False,False,46930.0,46930.0,53420.675,,,P2,False
8074,True,False,,False,False,False,46930.0,46930.0,53950.0,,,P2,False
8075,False,False,zone,False,True,False,46930.0,46930.0,53950.0,53950.0,,P2,False
8076,False,False,,False,False,False,46930.0,46930.0,53329.96,,,P2,False
8077,False,False,,False,False,False,46930.0,46930.0,54456.71,,,P2,False
8078,False,False,,False,False,False,46930.0,46930.0,54456.71,,,P2,False
8079,False,False,,False,False,False,46930.0,46930.0,54221.58,,,P2,False
8080,False,False,,False,False,False,46930.0,46930.0,54085.79,,,P2,False
8081,False,False,,False,False,False,46930.0,46930.0,54085.79,,,P2,False
8082,False,False,,False,False,False,46930.0,46930.0,54221.58,,,P2,False
8083,False,False,,False,False,False,46930.0,46930.0,54221.58,,,P2,False
8084,False,False,,False,False,False,46930.0,46930.0,54221.58,,,P2,False
8085,False,False,,False,False,False,46930.0,46930.0,54221.58,,,P2,False
8086,False,False,,False,False,False,46930.0,46930.0,54221.58,,,P2,False
8087,False,False,zone,False,True,False,53813.16,46930.0,54085.79,54085.79,,P2,False
8088,False,False,,False,False,False,53813.16,46930.0,54085.79,,,P2,False
8089,False,False,swing|zone,False,True,False,53813.16,46930.0,54085.79,54085.79,,P2,False
8090,False,False,,False,False,False,53813.16,46930.0,54085.79,,,P2,False
8091,False,False,,False,False,False,53813.16,46930.0,53511.39,,,P2,False
8092,False,False,,False,False,False,53813.16,46930.0,53164.979999999996,,,P2,False
8093,False,False,,False,False,False,53813.16,46930.0,53511.39,,,P2,False
8094,False,False,,False,False,False,53813.16,46930.0,53511.39,,,P2,False
8095,False,False,,False,False,False,53813.16,46930.0,54085.79,,,P2,False
8096,False,False,,False,False,False,53813.16,46930.0,54085.79,,,P2,False
8097,False,False,,False,False,False,52330.94,46930.0,56777.77,,,P2,False
8098,False,False,zone,False,True,False,52330.94,46930.0,56777.77,56777.77,,P2,False
8099,False,False,,False,False,False,52330.94,46930.0,56777.77,,,P2,False
8100,False,False,,False,False,False,52330.94,46930.0,56777.77,,,P2,False
8101,False,False,,False,False,False,52330.94,46930.0,56777.77,,,P2,False
8102,False,False,,False,False,False,52330.94,46930.0,56777.77,,,P2,False
8103,False,False,,False,False,False,52330.94,46930.0,56777.77,,,P2,False
8104,False,False,,False,False,False,52330.94,46930.0,56777.77,,,P2,False
8105,False,False,,False,False,False,52330.94,46930.0,56777.77,,,P2,False
8106,False,False,,False,False,False,52330.94,46930.0,54085.79,,,P2,False
8107,False,False,,False,False,False,52330.94,46930.0,54085.79,,,P2,False
8108,False,False,,False,False,False,52330.94,46930.0,56777.77,,,P2,False
8109,False,False,,False,False,False,52330.94,46930.0,54085.79,,,P2,False
8110,False,False,,False,False,False,52330.94,46930.0,56777.77,,,P2,False
8111,False,False,,False,False,False,52330.94,46930.0,54085.79,,,P2,False
8112,False,False,,False,False,False,56035.25,46930.0,56777.77,,,P2,False
8113,False,False,,False,False,False,56035.25,46930.0,58374.61,,,P2,False
8114,False,False,,False,False,False,56035.25,46930.0,58374.61,,,P2,False
8115,False,False,,False,False,False,56035.25,46930.0,56777.77,,,P2,False
8116,False,False,,False,False,False,56035.25,46930.0,56777.77,,,P2,False
8117,False,False,zone,False,True,False,56035.25,46930.0,56777.77,56777.77,,P2,False
8118,False,False,,False,False,False,56035.25,46930.0,54085.79,,,P2,False
8119,False,False,,False,False,False,56035.25,46930.0,54085.79,,,P2,False
8120,False,False,,False,False,False,56035.25,46930.0,56035.25,,,P2,False
8121,False,False,,False,False,False,56035.25,46930.0,53881.58,,,P2,False
8122,False,False,,False,False,False,56035.25,46930.0,54085.79,,,P2,False
8123,False,False,,False,False,False,56035.25,46930.0,53813.16,,,P2,False
8124,False,False,,False,False,False,56035.25,46930.0,54085.79,,,P2,False
8125,False,False,zone,False,True,False,56035.25,46930.0,54085.79,54085.79,,P2,False
8126,False,False,,False,False,False,56035.25,46930.0,54085.79,,,P2,False
8127,False,False,,False,False,False,56035.25,46930.0,56773.384999999995,,,P2,False
8128,False,False,,False,False,False,52900.0,46930.0,56773.384999999995,,,P2,False
8129,False,False,,False,False,False,52900.0,46930.0,56773.384999999995,,,P2,False
8130,False,False,,False,False,False,52900.0,46930.0,56773.384999999995,,,P2,False
8131,False,False,,False,False,False,52900.0,46930.0,56773.384999999995,,,P2,False
8132,False,False,,False,False,False,52900.0,46930.0,56773.384999999995,,,P2,False
8133,False,False,,False,False,False,52900.0,46930.0,56773.384999999995,,,P2,False
8134,False,False,,False,False,False,52900.0,46930.0,56035.25,,,P2,False
8135,False,False,,False,False,False,52900.0,46930.0,56211.625,,,P2,False
8136,False,False,,False,False,False,52900.0,46930.0,54221.58,,,P2,False
8137,False,False,,False,False,False,52900.0,46930.0,54221.58,,,P2,False
8138,False,False,,False,False,False,55200.0,46930.0,56035.25,,,P2,False
8139,False,False,,False,False,False,55200.0,46930.0,56773.384999999995,,,P2,False
8140,False,False,,False,False,False,55200.0,46930.0,56773.384999999995,,,P2,False
8141,False,False,,False,False,False,55200.0,46930.0,56773.384999999995,,,P2,False
8142,False,False,,False,False,False,55200.0,46930.0,56773.384999999995,,,P2,False
8143,False,False,,False,False,False,55200.0,46930.0,58374.61,,,P2,False
8144,False,False,,False,False,False,55200.0,46930.0,58374.61,,,P2,False
8145,False,False,,False,False,False,55200.0,46930.0,56773.384999999995,,,P2,False
8146,False,False,,False,False,False,55200.0,46930.0,58374.61,,,P2,False
8147,False,False,,False,False,False,55200.0,46930.0,58374.61,,,P2,False
8148,False,False,,False,False,False,55200.0,46930.0,58374.61,,,P2,False
8149,False,False,,False,False,False,55200.0,46930.0,56773.384999999995,,,P2,False
8150,False,False,,False,False,False,55200.0,46930.0,56769.0,,,P2,False
8151,False,False,zone,False,True,False,55200.0,46930.0,56769.0,56769.0,,P2,False
8152,False,False,,False,False,False,55200.0,46930.0,56769.0,,,P2,False
8153,False,False,,False,False,False,55200.0,46930.0,56769.0,,,P2,False
8154,False,False,,False,False,False,55200.0,46930.0,59350.59,,,P2,False
8155,False,False,,False,False,False,56235.66,46930.0,56578.5,,,P2,False
8156,False,False,,False,False,False,56235.66,46930.0,56578.5,,,P2,False
8157,False,False,,False,False,False,56235.66,46930.0,56388.0,,,P2,False
8158,False,False,,False,False,False,56235.66,46930.0,55473.0,,,P2,False
8159,False,False,zone,False,True,True,56235.66,46930.0,55473.0,55473.0,55473.0,P2,False
8160,False,False,,False,False,False,56235.66,46930.0,53813.16,,,P2,False
8161,False,False,,False,False,False,56235.66,46930.0,53813.16,,,P2,False
8162,False,False,,False,False,False,56235.66,46930.0,53813.16,,,P2,False
8163,False,False,,False,False,False,53400.0,46930.0,55754.125,,,P2,False
8164,False,False,,False,False,False,53400.0,46930.0,56311.83,,,P2,False
8165,False,False,,False,False,False,53400.0,46930.0,56311.83,,,P2,False
8166,False,False,,False,False,False,53400.0,46930.0,56388.0,,,P2,False
8167,False,False,,False,False,False,53400.0,46930.0,56388.0,,,P2,False
8168,False,False,,False,False,False,53400.0,46930.0,56388.0,,,P2,False
8169,False,False,,False,False,False,53400.0,46930.0,55473.0,,,P2,False
8170,False,False,,False,False,False,53400.0,46930.0,53606.58,,,P2,False
8171,False,False,,False,False,False,53400.0,46930.0,52561.0,,,P2,False
8172,True,True,nbar,True,True,True,53400.0,46930.0,52561.0,46930.0,46930.0,P2,False
8173,True,False,,False,False,False,53400.0,46930.0,52730.5,,,P2,False
8174,True,False,,False,False,False,53400.0,46930.0,52561.0,,,P2,False
8175,False,False,,False,False,False,53400.0,46000.0,52561.0,,,P2,False
8176,True,False,,False,False,False,46000.0,46000.0,46930.0,,,P2,False
8177,False,False,,False,False,False,46000.0,46000.0,46930.0,,,P2,False
8178,False,False,,False,False,False,46000.0,46000.0,46930.0,,,P2,False
8179,False,False,,False,False,False,46000.0,46000.0,46930.0,,,P2,False
8180,False,False,,False,False,False,47000.0,46000.0,47000.0,,,P2,False
8181,False,False,,False,False,False,47000.0,46000.0,47000.0,,,P2,False
8182,False,False,,False,False,False,47000.0,46000.0,47000.0,,,P2,False
8183,False,False,,False,False,False,47000.0,46000.0,47000.0,,,P2,False
8184,False,False,,False,False,False,47000.0,46000.0,47000.0,,,P2,False
8185,True,False,,False,False,False,47000.0,46000.0,47000.0,,,P2,False
8186,False,False,,False,False,False,47000.0,46000.0,47000.0,,,P2,False
8187,False,False,,False,False,False,47000.0,46000.0,47000.0,,,P2,False
8188,True,False,,False,False,False,47000.0,46000.0,47000.0,,,P2,False
8189,True,False,,False,False,False,47000.0,46000.0,47000.0,,,P2,False
8190,True,False,,False,False,False,47000.0,46000.0,47000.0,,,P2,False
8191,True,False,,False,False,False,47000.0,46000.0,47000.0,,,P2,False
8192,True,False,,False,False,False,47000.0,46000.0,47000.0,,,P2,False
8193,True,False,,False,False,False,47000.0,46000.0,47000.0,,,P2,False
8194,True,False,,False,False,False,46467.0,46000.0,46698.5,,,P2,False
8195,True,True,nbar,False,True,False,46467.0,46000.0,46698.5,46000.0,,P2,False
8196,True,False,,False,False,False,46467.0,46000.0,46467.0,,,P2,False
8197,True,False,,False,False,False,46467.0,44444.44,46698.5,,,P2,False
8198,True,False,,False,False,False,46467.0,43825.39,46698.5,,,P2,False
8199,True,False,,False,False,False,46467.0,42777.0,46698.5,,,P2,False
8200,True,True,nbar,False,True,False,46467.0,42196.97,46698.5,42196.97,,P2,False
8201,True,False,,False,False,False,46467.0,42196.97,46698.5,,,P2,False
8202,True,False,,False,False,False,46467.0,42196.97,46698.5,,,P2,False
8203,True,False,,False,False,False,46467.0,42001.0,46698.5,,,P2,False
8204,True,False,,False,False,False,42001.0,42001.0,46698.5,,,P2,False
8205,True,False,,False,False,False,42001.0,42001.0,46698.5,,,P2,False
8206,True,False,,False,False,False,42001.0,42001.0,46698.5,,,P2,False
8207,True,False,,False,False,False,42001.0,42001.0,46698.5,,,P2,False
8208,True,False,,False,False,False,42001.0,42001.0,46467.0,,,P2,False
8209,True,False,,False,False,False,42001.0,42001.0,46698.5,,,P2,False
8210,True,False,,False,False,False,42001.0,42001.0,46698.5,,,P2,False
8211,True,False,,True,False,True,42001.0,40125.0,46698.5,,40125.0,P2,False
8212,True,False,,False,False,False,42001.0,38550.0,46698.5,,,P2,False
8213,True,False,,False,False,False,42001.0,36333.0,46698.5,,,P2,False
8214,False,False,,False,False,False,42001.0,30000.0,46698.5,,,P2,False
8215,False,False,,False,False,False,30000.0,30000.0,46698.5,,,P2,False
8216,False,False,,False,False,False,30000.0,30000.0,46698.5,,,P2,False
8217,False,False,,False,False,False,30000.0,30000.0,46698.5,,,P2,False
8218,False,False,,False,False,False,30000.0,30000.0,46698.5,,,P2,False
8219,False,False,,False,False,False,30000.0,30000.0,46698.5,,,P2,False
8220,False,False,,False,False,False,30000.0,30000.0,46698.5,,,P2,False
8221,False,False,,False,False,False,30000.0,30000.0,46698.5,,,P2,False
8222,False,False,,False,False,False,38110.0,30000.0,46698.5,,,P2,False
8223,True,False,,False,False,False,38110.0,30000.0,46698.5,,,P2,False
8224,True,False,,False,False,False,38110.0,30000.0,46698.5,,,P2,False
8225,True,False,,False,False,False,38110.0,30000.0,46698.5,,,P2,False
8226,True,False,,False,False,False,38110.0,30000.0,46698.5,,,P2,False
8227,True,False,,False,False,False,38110.0,30000.0,46698.5,,,P2,False
8228,True,False,,False,False,False,38110.0,30000.0,46698.5,,,P2,False
8229,False,False,,False,False,False,33488.0,30000.0,46698.5,,,P2,False
8230,False,False,,False,False,False,33488.0,30000.0,46698.5,,,P2,False
8231,False,False,,False,False,False,33488.0,30000.0,46698.5,,,P2,False
8232,False,False,,False,False,False,33488.0,30000.0,46698.5,,,P2,False
8233,False,False,,False,False,False,33488.0,30000.0,46698.5,,,P2,False
8234,True,False,,False,False,False,33488.0,30000.0,46698.5,,,P2,False
8235,True,False,,False,False,False,33488.0,30000.0,46698.5,,,P2,False
8236,True,False,,False,False,False,33488.0,30000.0,46698.5,,,P2,False
8237,True,False,,False,False,False,33488.0,30000.0,46698.5,,,P2,False
8238,True,False,,False,False,False,33488.0,30000.0,46698.5,,,P2,False
8239,False,False,,False,False,False,33488.0,30000.0,46698.5,,,P2,False
8240,False,False,,False,False,False,31111.01,30000.0,46698.5,,,P2,False
8241,False,False,,False,False,False,31111.01,30000.0,46698.5,,,P2,False
8242,False,False,,False,False,False,31111.01,30000.0,46698.5,,,P2,False
8243,False,False,,False,False,False,31111.01,30000.0,46698.5,,,P2,False
8244,False,False,,False,False,False,31111.01,30000.0,46698.5,,,P2,False
8245,False,False,,False,False,False,31111.01,30000.0,46698.5,,,P2,False
8246,False,False,,False,False,False,31111.01,30000.0,46698.5,,,P2,False
8247,False,False,,False,False,False,31111.01,30000.0,46698.5,,,P2,False
8248,False,False,,False,False,False,31111.01,30000.0,46698.5,,,P2,False
8249,False,False,,False,False,False,31111.01,30000.0,46698.5,,,P2,False
8250,False,False,,False,False,False,31111.01,30000.0,46698.5,,,P2,False
8251,False,False,,False,False,False,36419.62,30000.0,46698.5,,,P2,False
8252,False,False,,False,False,False,36419.62,30000.0,46698.5,,,P2,False
8253,False,False,,False,False,False,36419.62,30000.0,46698.5,,,P2,False
8254,False,False,,False,False,False,36419.62,30000.0,46698.5,,,P2,False
8255,False,False,,False,False,False,36419.62,30000.0,46467.0,,,P2,False
8256,False,False,,False,False,False,36419.62,30000.0,46467.0,,,P2,False
8257,False,False,,False,False,False,36419.62,30000.0,46467.0,,,P2,False
8258,False,False,,False,False,False,36419.62,30000.0,46467.0,,,P2,False
8259,False,False,,False,False,False,36419.62,30000.0,46467.0,,,P2,False
8260,False,False,,False,False,False,37134.27,30000.0,46698.5,,,P2,False
8261,False,False,,False,False,False,37134.27,30000.0,46698.5,,,P2,False
8262,False,False,,False,False,False,37134.27,30000.0,46698.5,,,P2,False
8263,False,False,,False,False,False,37134.27,30000.0,46698.5,,,P2,False
8264,False,False,,False,False,False,37134.27,30000.0,46698.5,,,P2,False
8265,True,False,,False,False,False,37134.27,30000.0,46698.5,,,P2,False
8266,True,False,,False,False,False,37134.27,30000.0,46698.5,,,P2,False
8267,True,False,,False,False,False,37134.27,30000.0,46698.5,,,P2,False
8268,True,False,,False,False,False,37134.27,30000.0,46698.5,,,P2,False
8269,True,False,,False,False,False,37134.27,30000.0,46698.5,,,P2,False
8270,False,False,,False,False,False,37134.27,30000.0,46698.5,,,P2,False
8271,False,False,,False,False,False,37134.27,30000.0,46698.5,,,P2,False
8272,False,False,,False,False,False,37134.27,30000.0,46698.5,,,P2,False
8273,False,False,,False,False,False,37134.27,30000.0,46698.5,,,P2,False
8274,False,False,,False,False,False,37134.27,30000.0,46698.5,,,P2,False
8275,True,False,,False,False,False,37134.27,30000.0,46698.5,,,P2,False
8276,True,False,,False,False,False,37134.27,30000.0,46698.5,,,P2,False
8277,False,False,,False,False,False,37134.27,30000.0,46698.5,,,P2,False
8278,False,False,,False,False,False,33379.0,30000.0,46698.5,,,P2,False
8279,False,False,,False,False,False,33379.0,30000.0,46698.5,,,P2,False
8280,False,False,,False,False,False,33379.0,30000.0,46698.5,,,P2,False
8281,False,False,,False,False,False,33379.0,30000.0,46698.5,,,P2,False
8282,False,False,,False,False,False,33379.0,30000.0,46698.5,,,P2,False
8283,False,False,,False,False,False,33379.0,30000.0,46698.5,,,P2,False
8284,False,False,,False,False,False,33379.0,30000.0,46698.5,,,P2,False
8285,False,False,,False,False,False,34153.84,30000.0,33488.0,,,P2,False
8286,False,False,,False,False,False,34153.84,30000.0,33488.0,,,P2,False
8287,False,False,,False,False,False,34153.84,30000.0,33488.0,,,P2,False
8288,False,False,,False,False,False,34153.84,30000.0,33488.0,,,P2,False
8289,False,False,,False,False,False,34153.84,30000.0,33488.0,,,P2,False
8290,False,False,,False,False,False,34153.84,30000.0,33488.0,,,P2,False
8291,False,False,,False,False,False,34153.84,30000.0,33488.0,,,P2,False
8292,False,False,,False,False,False,34153.84,30000.0,46698.5,,,P2,False
8293,False,False,,False,False,False,35666.0,30000.0,46698.5,,,P2,False
8294,False,False,,False,False,False,35666.0,30000.0,46698.5,,,P2,False
8295,False,False,,False,False,False,35666.0,30000.0,46698.5,,,P2,False
8296,False,False,,False,False,False,35666.0,30000.0,46698.5,,,P2,False
8297,False,False,,False,False,False,35666.0,30000.0,46698.5,,,P2,False
8298,False,False,,False,False,False,35666.0,30000.0,46698.5,,,P2,False
8299,False,False,,False,False,False,35666.0,30000.0,46698.5,,,P2,False
8300,False,False,,False,False,False,35666.0,30000.0,46698.5,,,P2,False
8301,False,False,,False,False,False,35666.0,30000.0,46698.5,,,P2,False
8302,False,False,,False,False,False,35666.0,30000.0,46698.5,,,P2,False
8303,False,False,,False,False,False,35666.0,30000.0,46467.0,,,P2,False
8304,False,False,,False,False,False,35666.0,30000.0,46467.0,,,P2,False
8305,False,False,,False,False,False,35666.0,30000.0,46698.5,,,P2,False
8306,False,False,,False,False,False,35666.0,30000.0,46698.5,,,P2,False
8307,False,False,swing,False,True,False,35666.0,30000.0,46698.5,35666.0,,P2,False
8308,False,False,,False,False,False,35666.0,30000.0,46698.5,,,P2,False
8309,False,False,,False,False,False,35666.0,30000.0,46698.5,,,P2,False
8310,False,False,,False,False,False,35666.0,30000.0,46467.0,,,P2,False
8311,False,False,,False,False,False,35555.15,30000.0,46467.0,,,P2,False
8312,False,False,,False,False,False,35555.15,30000.0,46467.0,,,P2,False
8313,False,False,,False,False,False,35555.15,30000.0,46467.0,,,P2,False
8314,False,False,,False,False,False,35555.15,30000.0,46467.0,,,P2,False
8315,False,False,,False,False,False,35555.15,30000.0,46467.0,,,P2,False
8316,False,False,,False,False,False,35555.15,30000.0,46467.0,,,P2,False
8317,False,False,,False,False,False,35555.15,30000.0,46467.0,,,P2,False
8318,False,False,,False,False,False,35555.15,30000.0,46467.0,,,P2,False
8319,False,False,,False,False,False,34800.0,30000.0,53400.0,,,P2,False
8320,False,False,,False,False,False,34800.0,30000.0,53400.0,,,P2,False
8321,False,False,,False,False,False,34800.0,30000.0,53400.0,,,P2,False
8322,False,False,,False,False,False,34800.0,30000.0,,,,P2,False
8323,False,False,,False,False,False,34800.0,30000.0,53400.0,,,P2,False
8324,False,False,,False,False,False,34800.0,30000.0,,,,P2,False
8325,False,False,,False,False,False,35222.0,30000.0,35555.15,,,P2,False
8326,False,False,,False,False,False,35222.0,30000.0,35555.15,,,P2,False
8327,False,False,,False,False,False,35222.0,30000.0,35388.575,,,P2,False
8328,False,False,,False,False,False,35222.0,30000.0,35388.575,,,P2,False
8329,False,False,,False,False,False,35222.0,30000.0,35388.575,,,P2,False
8330,False,False,,False,False,False,35222.0,30000.0,35388.575,,,P2,False
8331,False,False,,False,False,False,35222.0,30000.0,35388.575,,,P2,False
8332,False,False,,False,False,False,35222.0,30000.0,35388.575,,,P2,False
8333,False,False,,False,False,False,35222.0,30000.0,35388.575,,,P2,False
8334,True,False,,False,False,False,35222.0,31000.0,35388.575,,,P2,False
8335,False,False,,False,False,False,31000.0,31000.0,35388.575,,,P2,False
8336,True,False,,False,False,False,31000.0,31000.0,35388.575,,,P2,False
8337,True,False,,False,False,False,31000.0,31000.0,35555.15,,,P2,False
8338,True,False,,False,False,False,31000.0,31000.0,35555.15,,,P2,False
8339,False,False,,False,False,False,31000.0,31000.0,35555.15,,,P2,False
8340,False,False,,False,False,False,31000.0,31000.0,35555.15,,,P2,False
8341,False,False,,False,False,False,31000.0,31000.0,35555.15,,,P2,False
8342,False,False,,False,False,False,31000.0,31000.0,35555.15,,,P2,False
8343,False,False,,False,False,False,31000.0,31000.0,35555.15,,,P2,False
8344,False,False,,False,False,False,31000.0,31000.0,35555.15,,,P2,False
8345,False,False,,False,False,False,31000.0,31000.0,35555.15,,,P2,False
8346,False,False,,False,False,False,31000.0,31000.0,35555.15,,,P2,False
8347,False,False,,False,False,False,31000.0,31000.0,35555.15,,,P2,False
8348,False,False,,False,False,False,31000.0,31000.0,35555.15,,,P2,False
8349,False,False,,False,False,False,35782.0,31000.0,35610.575,,,P2,False
8350,False,False,,False,False,False,35782.0,31000.0,35610.575,,,P2,False
8351,False,False,,False,False,False,35782.0,31000.0,35610.575,,,P2,False
8352,False,False,,False,False,False,35782.0,31000.0,35555.15,,,P2,False
8353,False,False,,False,False,False,35782.0,31000.0,35555.15,,,P2,False
8354,False,False,zone,False,True,False,35782.0,31000.0,35555.15,35555.15,,P2,False
8355,False,False,,False,False,False,35782.0,31000.0,35555.15,,,P2,False
8356,False,False,,False,False,False,35782.0,31000.0,35610.575,,,P2,False
8357,False,False,,False,False,False,35782.0,31000.0,35555.15,,,P2,False
8358,False,False,,False,False,False,34600.36,31000.0,34800.0,,,P2,False
8359,False,False,,False,False,False,34600.36,31000.0,34800.0,,,P2,False
8360,False,False,,False,False,False,34600.36,31000.0,35666.0,,,P2,False
8361,False,False,,False,False,False,34600.36,31000.0,35666.0,,,P2,False
8362,False,False,,False,False,False,34600.36,31000.0,35666.0,,,P2,False
8363,False,False,,False,False,False,34757.0,31000.0,35666.0,,,P2,False
8364,False,False,,False,False,False,34757.0,31000.0,35610.575,,,P2,False
8365,False,False,,False,False,False,34757.0,31000.0,35610.575,,,P2,False
8366,False,False,,False,False,False,34757.0,31000.0,35610.575,,,P2,False
8367,False,False,,False,False,False,34757.0,31000.0,35666.0,,,P2,False
8368,False,False,,False,False,False,34757.0,31000.0,35610.575,,,P2,False
8369,False,False,,False,False,False,34757.0,31000.0,35610.575,,,P2,False
8370,False,False,,False,False,False,34757.0,31000.0,35610.575,,,P2,False
8371,False,False,,False,False,False,34757.0,31000.0,35610.575,,,P2,False
8372,False,False,,False,False,False,34757.0,31000.0,35666.0,,,P2,False
8373,False,False,,False,False,False,34757.0,31000.0,35666.0,,,P2,False
8374,False,False,,False,False,False,34757.0,31000.0,35666.0,,,P2,False
8375,False,False,,False,False,False,34757.0,31000.0,35666.0,,,P2,False
8376,False,False,,False,False,False,34757.0,31000.0,35666.0,,,P2,False
8377,False,False,,False,False,False,34757.0,31000.0,35666.0,,,P2,False
8378,False,False,,False,False,False,34757.0,31000.0,35666.0,,,P2,False
8379,False,False,,False,False,False,34757.0,31000.0,35666.0,,,P2,False
8380,False,False,,False,False,False,34757.0,31000.0,35666.0,,,P2,False
8381,False,False,,False,False,False,34757.0,31000.0,35666.0,,,P2,False
8382,False,False,,False,False,False,34757.0,31000.0,35666.0,,,P2,False
8383,False,False,,False,False,False,34757.0,31000.0,35666.0,,,P2,False
8384,False,False,,False,False,False,34757.0,31000.0,35666.0,,,P2,False
8385,False,False,,False,False,False,38116.01,31000.0,35666.0,,,P2,False
8386,False,False,,False,False,False,38116.01,31000.0,35666.0,,,P2,False
8387,False,False,,False,False,False,38116.01,31000.0,35666.0,,,P2,False
8388,False,False,,False,False,False,38116.01,31000.0,35666.0,,,P2,False
8389,False,False,,False,False,False,38116.01,31000.0,35666.0,,,P2,False
8390,False,False,,False,False,False,38116.01,31000.0,35666.0,,,P2,False
8391,False,False,,False,False,False,38116.01,31000.0,35666.0,,,P2,False
8392,True,False,,False,False,False,38116.01,31000.0,35222.0,,,P2,False
8393,True,False,,False,False,False,38116.01,31000.0,35666.0,,,P2,False
8394,True,False,,False,False,False,38116.01,31000.0,34778.5,,,P2,False
8395,True,False,,False,False,False,38116.01,31000.0,35666.0,,,P2,False
8396,True,False,,False,False,False,38116.01,31000.0,35666.0,,,P2,False
8397,True,False,,False,False,False,38116.01,31000.0,35666.0,,,P2,False
8398,True,True,zone,False,True,False,34803.52,31000.0,35666.0,35666.0,,P2,False
8399,True,False,,False,False,False,34803.52,31000.0,35012.759999999995,,,P2,False
8400,False,False,,False,False,False,34803.52,31000.0,35012.759999999995,,,P2,False
8401,False,False,,False,False,False,34803.52,31000.0,35610.575,,,P2,False
8402,True,False,,False,False,False,34803.52,31000.0,34757.0,,,P2,False
8403,True,False,,False,False,False,34803.52,31000.0,34757.0,,,P2,False
8404,True,False,,False,False,False,34803.52,31000.0,35012.759999999995,,,P2,False
8405,True,False,,False,False,False,34803.52,31000.0,35012.759999999995,,,P2,False
8406,True,False,,False,False,False,34803.52,31000.0,34757.0,,,P2,False
8407,True,False,,False,False,False,33336.0,31000.0,33379.0,,,P2,False
8408,True,False,,False,False,False,33336.0,31000.0,33379.0,,,P2,False
8409,True,False,,False,False,False,33336.0,31000.0,33379.0,,,P2,False
8410,True,False,,False,False,False,33336.0,31000.0,33379.0,,,P2,False
8411,True,False,,False,False,False,33336.0,31000.0,33379.0,,,P2,False
8412,True,False,,False,False,False,33336.0,31000.0,33379.0,,,P2,False
8413,True,False,,False,False,False,33336.0,31000.0,33379.0,,,P2,False
8414,True,False,,False,False,False,33336.0,31000.0,33379.0,,,P2,False
8415,True,True,nbar,True,True,True,33336.0,31000.0,33379.0,31000.0,31000.0,P2,False
8416,True,False,,False,False,False,33336.0,31000.0,33379.0,,,P2,False
8417,True,False,,False,False,False,33336.0,31000.0,33379.0,,,P2,False
8418,True,False,,False,False,False,33336.0,28805.0,33433.5,,,P2,False
8419,True,False,,False,False,False,28805.0,28805.0,33433.5,,,P2,False
8420,True,False,,False,False,False,28805.0,28805.0,33433.5,,,P2,False
8421,True,False,,False,False,False,28805.0,28805.0,33433.5,,,P2,False
8422,False,False,,False,False,False,28805.0,28805.0,33379.0,,,P2,False
8423,False,False,,False,False,False,28805.0,28805.0,33433.5,,,P2,False
8424,False,False,,False,False,False,28805.0,28805.0,33379.0,,,P2,False
8425,False,False,,False,False,False,28805.0,28805.0,33379.0,,,P2,False
8426,False,False,,False,False,False,28805.0,28805.0,33433.5,,,P2,False
8427,False,False,,False,False,False,28805.0,28805.0,33379.0,,,P2,False
8428,False,False,,False,False,False,28805.0,28805.0,34800.0,,,P2,False
8429,False,False,,False,False,False,32286.57,28805.0,33379.0,,,P2,False
8430,False,False,,False,False,False,32286.57,28805.0,34800.0,,,P2,False
8431,False,False,,False,False,False,32286.57,28805.0,33379.0,,,P2,False
8432,False,False,,False,False,False,32286.57,28805.0,33379.0,,,P2,False
8433,False,False,,False,False,False,32286.57,28805.0,33379.0,,,P2,False
8434,False,False,,False,False,False,32286.57,28805.0,33379.0,,,P2,False
8435,True,False,,False,False,False,32286.57,28805.0,33379.0,,,P2,False
8436,True,False,,False,False,False,32286.57,28805.0,33379.0,,,P2,False
8437,False,False,,False,False,False,32286.57,28805.0,33379.0,,,P2,False
8438,True,False,,False,False,False,32286.57,28805.0,33379.0,,,P2,False
8439,True,False,,False,False,False,32286.57,28805.0,33379.0,,,P2,False
8440,True,False,,False,False,False,32286.57,28805.0,33379.0,,,P2,False
8441,True,False,,False,False,False,32286.57,28805.0,33379.0,,,P2,False
8442,True,False,,False,False,False,30151.0,28805.0,33379.0,,,P2,False
8443,False,False,,False,False,False,30151.0,28805.0,33379.0,,,P2,False
8444,False,False,,False,False,False,30151.0,28805.0,33379.0,,,P2,False
8445,False,False,,False,False,False,30151.0,28805.0,33379.0,,,P2,False
8446,False,False,,False,False,False,30151.0,28805.0,33379.0,,,P2,False
8447,False,False,,False,False,False,30151.0,28805.0,33379.0,,,P2,False
8448,False,False,,False,False,False,30151.0,28805.0,33379.0,,,P2,False
8449,False,False,,False,False,False,30151.0,28805.0,35012.759999999995,,,P2,False
8450,False,False,,False,False,False,30151.0,28805.0,33379.0,,,P2,False
8451,False,False,,False,False,False,30151.0,28805.0,34800.0,,,P2,False
8452,False,False,,False,False,False,30151.0,28805.0,33379.0,,,P2,False
8453,False,False,,False,False,False,30151.0,28805.0,33379.0,,,P2,False
8454,False,False,,False,False,False,30151.0,28805.0,33379.0,,,P2,False
8455,False,False,,False,False,False,33862.72,28805.0,34800.0,,,P2,False
8456,False,False,,False,False,False,33862.72,28805.0,35222.0,,,P2,False
8457,False,False,,False,False,False,33862.72,28805.0,35610.575,,,P2,False
8458,False,False,,False,False,False,33862.72,28805.0,35610.575,,,P2,False
8459,False,False,,False,False,False,33862.72,28805.0,35666.0,,,P2,False
8460,False,False,,False,False,False,33862.72,28805.0,35012.759999999995,,,P2,False
8461,False,False,,False,False,False,33862.72,28805.0,35012.759999999995,,,P2,False
8462,False,False,,False,False,False,33862.72,28805.0,34800.0,,,P2,False
8463,False,False,,False,False,False,33862.72,28805.0,34153.84,,,P2,False
8464,False,False,,False,False,False,33862.72,28805.0,34153.84,,,P2,False
8465,False,False,,False,False,False,33862.72,28805.0,35012.759999999995,,,P2,False
8466,False,False,,False,False,False,33862.72,28805.0,33862.72,,,P2,False
8467,False,False,,False,False,False,33862.72,28805.0,33379.0,,,P2,False
8468,False,False,,False,False,False,33862.72,28805.0,33379.0,,,P2,False
8469,False,False,,False,False,False,33862.72,28805.0,33379.0,,,P2,False
8470,False,False,,False,False,False,33862.72,28805.0,33379.0,,,P2,False
8471,False,False,,False,False,False,33862.72,28805.0,33379.0,,,P2,False
8472,False,False,,False,False,False,33862.72,28805.0,34153.84,,,P2,False
8473,False,False,,False,False,False,33862.72,28805.0,34153.84,,,P2,False
8474,False,False,,False,False,False,33862.72,28805.0,34153.84,,,P2,False
8475,False,False,,False,False,False,33862.72,28805.0,34153.84,,,P2,False
8476,False,False,,False,False,False,33862.72,28805.0,34153.84,,,P2,False
8477,False,False,,False,False,False,32699.0,28805.0,34153.84,,,P2,False
8478,False,False,,False,False,False,32699.0,28805.0,34153.84,,,P2,False
8479,False,False,,False,False,False,32699.0,28805.0,34153.84,,,P2,False
8480,False,False,,False,False,False,32699.0,28805.0,34153.84,,,P2,False
8481,False,False,,False,False,False,32699.0,28805.0,34778.5,,,P2,False
8482,False,False,,False,False,False,32699.0,28805.0,34778.5,,,P2,False
8483,False,False,,False,False,False,32699.0,28805.0,34778.5,,,P2,False
8484,False,False,,False,False,False,32699.0,28805.0,34778.5,,,P2,False
8485,False,False,,False,False,False,32699.0,28805.0,34778.5,,,P2,False
8486,False,False,,False,False,False,32699.0,28805.0,34778.5,,,P2,False
8487,False,False,,False,False,False,34250.48,28805.0,34778.5,,,P2,False
8488,False,False,,False,False,False,34250.48,28805.0,34778.5,,,P2,False
8489,False,False,,False,False,False,34250.48,28805.0,34778.5,,,P2,False
8490,False,False,,False,False,False,34250.48,28805.0,34250.48,,,P2,False
8491,False,False,,False,False,False,34250.48,28805.0,34250.48,,,P2,False
8492,False,False,,False,False,False,34250.48,28805.0,34153.84,,,P2,False
8493,False,False,,False,False,False,34250.48,28805.0,34153.84,,,P2,False
8494,False,False,,False,False,False,34250.48,28805.0,34153.84,,,P2,False
8495,False,False,,False,False,False,34250.48,28805.0,34153.84,,,P2,False
8496,False,False,,False,False,False,34250.48,28805.0,34153.84,,,P2,False
8497,False,False,,False,False,False,34250.48,28805.0,34778.5,,,P2,False
8498,False,False,,False,False,False,33125.55,28805.0,33336.0,,,P2,False
8499,False,False,,False,False,False,33125.55,28805.0,33336.0,,,P2,False
8500,False,False,,False,False,False,33125.55,28805.0,33336.0,,,P2,False
8501,False,False,,False,False,False,33125.55,28805.0,34202.16,,,P2,False
8502,False,False,,False,False,False,33125.55,28805.0,34202.16,,,P2,False
8503,False,False,,False,False,False,33125.55,28805.0,34250.48,,,P2,False
8504,False,False,,False,False,False,33532.0,28805.0,34778.5,,,P2,False
8505,False,False,,False,False,False,33532.0,28805.0,34250.48,,,P2,False
8506,False,False,,False,False,False,33532.0,28805.0,34250.48,,,P2,False
8507,False,False,,False,False,False,33532.0,28805.0,33455.5,,,P2,False
8508,False,False,,False,False,False,33532.0,28805.0,33336.0,,,P2,False
8509,False,False,,False,False,False,33532.0,28805.0,33336.0,,,P2,False
8510,True,False,,False,False,False,33532.0,28805.0,33336.0,,,P2,False
8511,True,False,,False,False,False,33532.0,28805.0,33336.0,,,P2,False
8512,False,False,,False,False,False,33532.0,28805.0,33336.0,,,P2,False
8513,False,False,,False,False,False,33532.0,28805.0,33336.0,,,P2,False
8514,False,False,,False,False,False,32077.0,28805.0,33336.0,,,P2,False
8515,False,False,,False,False,False,32077.0,28805.0,33336.0,,,P2,False
8516,False,False,,False,False,False,32077.0,28805.0,33336.0,,,P2,False
8517,False,False,,False,False,False,32077.0,28805.0,33532.0,,,P2,False
8518,False,False,,False,False,False,32261.07,28805.0,33336.0,,,P2,False
8519,False,False,,False,False,False,32261.07,28805.0,33532.0,,,P2,False
8520,False,False,,False,False,False,32261.07,28805.0,33532.0,,,P2,False
8521,False,False,,False,False,False,32261.07,28805.0,33532.0,,,P2,False
8522,False,False,,False,False,False,32261.07,28805.0,33532.0,,,P2,False
8523,False,False,,False,False,False,32261.07,28805.0,33336.0,,,P2,False
8524,False,False,,False,False,False,32261.07,28805.0,33336.0,,,P2,False
8525,False,False,zone,False,True,False,32261.07,28805.0,33336.0,33336.0,,P2,False
8526,False,False,,False,False,False,32261.07,28805.0,33336.0,,,P2,False
8527,False,False,,False,False,False,32261.07,28805.0,33336.0,,,P2,False
8528,False,False,,False,False,False,32261.07,28805.0,33336.0,,,P2,False
8529,False,False,,False,False,False,33004.78,28805.0,33336.0,,,P2,False
8530,False,False,,False,False,False,33004.78,28805.0,33336.0,,,P2,False
8531,False,False,,False,False,False,33004.78,28805.0,33336.0,,,P2,False
8532,False,False,,False,False,False,33004.78,28805.0,33336.0,,,P2,False
8533,False,False,,False,False,False,33004.78,28805.0,33336.0,,,P2,False
8534,False,False,,False,False,False,33004.78,28805.0,33336.0,,,P2,False
8535,False,False,,False,False,False,33004.78,28805.0,33336.0,,,P2,False
8536,False,False,,False,False,False,33004.78,28805.0,32261.07,,,P2,False
8537,False,False,,False,False,False,33004.78,28805.0,32261.07,,,P2,False
8538,False,False,,False,False,False,33004.78,30151.0,32261.07,,,P2,False
8539,False,False,swing|zone,False,True,False,33004.78,30151.0,33125.55,33125.55,,P2,False
8540,False,False,,False,False,False,33004.78,30151.0,32261.07,,,P2,False
8541,False,False,swing,False,True,False,32658.34,30151.0,32261.07,32658.34,,P2,False
8542,False,False,,False,False,False,32658.34,30151.0,32261.07,,,P2,False
8543,False,False,,False,False,False,32658.34,30151.0,32261.07,,,P2,False
8544,True,False,,False,False,False,32658.34,30151.0,32261.07,,,P2,False
8545,True,False,,False,False,False,32658.34,30151.0,32261.07,,,P2,False
8546,False,False,,False,False,False,32658.34,30151.0,32261.07,,,P2,False
8547,False,False,,False,False,False,32658.34,30151.0,32699.0,,,P2,False
8548,False,False,,False,False,False,32658.34,30151.0,32699.0,,,P2,False
8549,False,False,,False,False,False,32658.34,30151.0,32699.0,,,P2,False
8550,False,False,,False,False,False,31550.0,30151.0,32261.07,,,P2,False
8551,False,False,,False,False,False,31550.0,30151.0,32261.07,,,P2,False
8552,True,False,,False,False,False,31550.0,30151.0,32261.07,,,P2,False
8553,True,False,,False,False,False,31550.0,30151.0,32261.07,,,P2,False
8554,True,False,,False,False,False,31550.0,30151.0,32261.07,,,P2,False
8555,True,False,,False,False,False,31550.0,30151.0,32261.07,,,P2,False
8556,True,False,,False,False,False,31550.0,30151.0,32261.07,,,P2,False
8557,True,False,,False,False,False,31550.0,30151.0,32261.07,,,P2,False
8558,True,False,,False,False,False,31133.0,30151.0,32261.07,,,P2,False
8559,True,False,,False,False,False,31133.0,30151.0,32261.07,,,P2,False
8560,True,False,,False,False,False,31133.0,30151.0,32261.07,,,P2,False
8561,True,False,,False,False,False,31133.0,30505.0,32261.07,,,P2,False
8562,True,False,,False,False,False,31020.0,30776.63,31020.0,,,P2,False
8563,True,False,,False,False,False,31020.0,30905.78,31020.0,,,P2,False
8564,True,False,,False,False,False,31020.0,31020.0,31020.0,,,P2,False
8565,True,False,,False,False,False,31020.0,31020.0,31020.0,,,P2,False
8566,True,False,,False,False,False,31020.0,31020.0,31020.0,,,P2,False
8567,True,False,,False,False,False,31020.0,31020.0,31020.0,,,P2,False
8568,False,False,,False,False,False,31020.0,31020.0,31020.0,,,P2,False
8569,False,False,,False,False,False,31020.0,31020.0,31020.0,,,P2,False
8570,False,False,,False,False,False,31020.0,31020.0,31020.0,,,P2,False
8571,False,False,,False,False,False,31020.0,31020.0,31020.0,,,P2,False
8572,False,False,,False,False,False,31020.0,31020.0,32261.07,,,P2,False
8573,False,False,,False,False,False,31020.0,31020.0,32261.07,,,P2,False
8574,False,False,,False,False,False,31020.0,31020.0,32261.07,,,P2,False
8575,False,False,,False,False,False,31108.97,31020.0,31108.97,,,P2,False
8576,False,False,,False,False,False,31108.97,31020.0,31108.97,,,P2,False
8577,True,False,,False,False,False,31108.97,31020.0,31108.97,,,P2,False
8578,True,False,,False,False,False,31108.97,31020.0,31108.97,,,P2,False
8579,True,False,,False,False,False,31108.97,31020.0,31108.97,,,P2,False
8580,True,False,,False,False,False,31108.97,30407.44,31108.97,,,P2,False
8581,True,False,,False,False,False,31108.97,30407.44,31108.97,,,P2,False
8582,True,False,,False,False,False,31108.97,30407.44,31108.97,,,P2,False
8583,True,True,nbar,False,True,False,31108.97,29501.0,31108.97,29501.0,,P2,False
8584,True,False,,False,False,False,31108.97,29501.0,31108.97,,,P2,False
8585,True,False,,False,False,False,31108.97,29278.0,31108.97,,,P2,False
8586,True,False,,False,False,False,29278.0,29278.0,31108.97,,,P2,False
8587,True,False,,False,False,False,29278.0,29278.0,31108.97,,,P2,False
8588,True,False,,False,False,False,29278.0,29278.0,31108.97,,,P2,False
8589,False,False,,False,False,False,29278.0,29278.0,31108.97,,,P2,False
8590,True,False,,False,False,False,29278.0,29278.0,31108.97,,,P2,False
8591,False,False,,False,False,False,29278.0,29278.0,31108.97,,,P2,False
8592,False,False,,False,False,False,29278.0,29278.0,31108.97,,,P2,False
8593,False,False,,False,False,False,29278.0,29278.0,31108.97,,,P2,False
8594,False,False,,False,False,False,29278.0,29278.0,31108.97,,,P2,False
8595,False,False,,False,False,False,29278.0,29278.0,32261.07,,,P2,False
8596,False,False,,False,False,False,29278.0,29278.0,32261.07,,,P2,False
8597,False,False,,False,False,False,29278.0,29278.0,32261.07,,,P2,False
8598,False,False,,False,False,False,29278.0,29278.0,32261.07,,,P2,False
8599,False,False,,False,False,False,29278.0,29278.0,32261.07,,,P2,False
8600,False,False,,False,False,False,29278.0,29278.0,32261.07,,,P2,False
8601,False,False,,False,False,False,29278.0,29278.0,32261.07,,,P2,False
8602,False,False,,False,False,False,29278.0,29278.0,31108.97,,,P2,False
8603,False,False,,False,False,False,29278.0,29278.0,33336.0,,,P2,False
8604,False,False,,False,False,False,29278.0,29278.0,33336.0,,,P2,False
8605,False,False,,False,False,False,29278.0,29278.0,33336.0,,,P2,False
8606,False,False,,False,False,False,31924.32,29278.0,33336.0,,,P2,False
8607,False,False,,False,False,False,31924.32,29278.0,33336.0,,,P2,False
8608,False,False,,False,False,False,31924.32,29278.0,33336.0,,,P2,False
8609,False,False,,False,False,False,31924.32,29278.0,33336.0,,,P2,False
8610,False,False,,False,False,False,31924.32,29278.0,33336.0,,,P2,False
8611,False,False,,False,False,False,31924.32,29278.0,33336.0,,,P2,False
8612,False,False,,False,False,False,31924.32,29278.0,33336.0,,,P2,False
8613,False,False,,False,False,False,31924.32,29278.0,33336.0,,,P2,False
8614,False,False,,False,False,False,31924.32,29278.0,33336.0,,,P2,False
8615,False,False,,False,False,False,31924.32,29278.0,33336.0,,,P2,False
8616,False,False,,False,False,False,31924.32,29278.0,33336.0,,,P2,False
8617,False,False,,False,False,False,31924.32,29278.0,33862.72,,,P2,False
8618,False,False,,False,False,False,31924.32,29278.0,33862.72,,,P2,False
8619,False,False,,False,False,False,31924.32,29278.0,33862.72,,,P2,False
8620,False,False,,False,False,False,31924.32,29278.0,33862.72,,,P2,False
8621,False,False,,False,False,False,31924.32,29278.0,33862.72,,,P2,False
8622,False,False,,False,False,False,31924.32,29278.0,34250.48,,,P2,False
8623,False,False,,False,False,False,31924.32,29278.0,34250.48,,,P2,False
8624,False,False,,False,False,False,31924.32,29278.0,34250.48,,,P2,False
8625,False,False,,False,False,False,31924.32,29278.0,34250.48,,,P2,False
8626,False,False,,False,False,False,36383.0,29278.0,34250.48,,,P2,False
8627,False,False,,False,False,False,36383.0,29278.0,34250.48,,,P2,False
8628,False,False,,False,False,False,36383.0,29278.0,34250.48,,,P2,False
8629,False,False,,False,False,False,36383.0,29278.0,34250.48,,,P2,False
8630,False,False,,False,False,False,36383.0,29278.0,34250.48,,,P2,False
8631,False,False,,False,False,False,36383.0,29278.0,34250.48,,,P2,False
8632,False,False,,False,False,False,36383.0,29278.0,34250.48,,,P2,False
8633,False,False,,False,False,False,36383.0,29278.0,34250.48,,,P2,False
8634,False,False,,False,False,False,36383.0,29278.0,34250.48,,,P2,False
8635,False,False,,False,False,False,36383.0,29278.0,33697.36,,,P2,False
8636,False,False,,False,False,False,38772.0,29278.0,33697.36,,,P2,False
8637,False,False,,False,False,False,38772.0,29278.0,33697.36,,,P2,False
8638,False,False,,False,False,False,38772.0,29278.0,33697.36,,,P2,False
8639,False,False,,False,False,False,38772.0,29278.0,33697.36,,,P2,False
8640,False,False,,False,False,False,38772.0,29278.0,33697.36,,,P2,False
8641,False,False,,False,False,False,38772.0,29278.0,33697.36,,,P2,False
8642,False,False,,False,False,False,39390.0,29278.0,33862.72,,,P2,False
8643,False,False,,False,False,False,39390.0,29278.0,33862.72,,,P2,False
8644,False,False,,False,False,False,39390.0,29278.0,33862.72,,,P2,False
8645,False,False,,False,False,False,39390.0,29278.0,33862.72,,,P2,False
8646,False,False,,False,False,False,38313.23,29278.0,33862.72,,,P2,False
8647,False,False,,False,False,False,38313.23,29278.0,33862.72,,,P2,False
8648,False,False,,False,False,False,38313.23,29278.0,33862.72,,,P2,False
8649,False,False,,False,False,False,38313.23,29278.0,33862.72,,,P2,False
8650,False,False,,False,False,False,38313.23,29278.0,33862.72,,,P2,False
8651,False,False,,False,False,False,38313.23,29278.0,33862.72,,,P2,False
8652,False,False,,False,False,False,38313.23,29278.0,33862.72,,,P2,False
8653,False,False,,False,False,False,41000.15,29278.0,33862.72,,,P2,False
8654,False,False,,False,False,False,41000.15,29278.0,33862.72,,,P2,False
8655,False,False,,False,False,False,41000.15,29278.0,33862.72,,,P2,False
8656,False,False,swing,False,True,False,41000.15,29278.0,33862.72,41000.15,,P2,False
8657,False,False,,False,False,False,41000.15,29278.0,33862.72,,,P2,False
8658,False,False,,False,False,False,41000.15,29278.0,33862.72,,,P2,False
8659,False,False,,False,False,False,41000.15,29278.0,33862.72,,,P2,False
8660,False,False,,False,False,False,41000.15,29278.0,33862.72,,,P2,False
8661,False,False,,False,False,False,41000.15,29278.0,33862.72,,,P2,False
8662,False,False,,False,False,False,41000.15,29278.0,33862.72,,,P2,False
8663,False,False,,False,False,False,41000.15,29278.0,33862.72,,,P2,False
8664,False,False,,False,False,False,41000.15,29278.0,33862.72,,,P2,False
8665,False,False,,False,False,False,41000.15,29278.0,33862.72,,,P2,False
8666,False,False,,False,False,False,41000.15,29278.0,33862.72,,,P2,False
8667,False,False,,False,False,False,41000.15,29278.0,33862.72,,,P2,False
8668,False,False,,False,False,False,41000.15,29278.0,33862.72,,,P2,False
8669,False,False,,False,False,False,41000.15,29278.0,33862.72,,,P2,False
8670,False,False,,False,False,False,41000.15,29278.0,33862.72,,,P2,False
8671,False,False,,False,False,False,41000.15,29278.0,33862.72,,,P2,False
8672,False,False,,False,False,False,37642.03,29278.0,33862.72,,,P2,False
8673,False,False,,False,False,False,37642.03,29278.0,33862.72,,,P2,False
8674,False,False,,False,False,False,37642.03,29278.0,33862.72,,,P2,False
8675,False,False,,False,False,False,37642.03,29278.0,33862.72,,,P2,False
8676,False,False,,False,False,False,37508.56,29278.0,33862.72,,,P2,False
8677,False,False,,False,False,False,37508.56,29278.0,33862.72,,,P2,False
8678,False,False,,False,False,False,37508.56,29278.0,33862.72,,,P2,False
8679,False,False,,False,False,False,37508.56,29278.0,33862.72,,,P2,False
8680,False,False,,False,False,False,37508.56,29278.0,33862.72,,,P2,False
8681,False,False,,False,False,False,37508.56,29278.0,33862.72,,,P2,False
8682,False,False,,False,False,False,37508.56,29278.0,33862.72,,,P2,False
8683,False,False,,False,False,False,37332.7,29278.0,37508.56,,,P2,False
8684,False,False,,False,False,False,37332.7,29278.0,37508.56,,,P2,False
8685,False,False,,False,False,False,37332.7,29278.0,37508.56,,,P2,False
8686,False,False,,False,False,False,37332.7,29278.0,37508.56,,,P2,False
8687,False,False,,False,False,False,37332.7,29278.0,37508.56,,,P2,False
8688,False,False,,False,False,False,37332.7,29278.0,37508.56,,,P2,False
8689,False,False,,False,False,False,37332.7,29278.0,37508.56,,,P2,False
8690,False,False,,False,False,False,37332.7,29278.0,37508.56,,,P2,False
8691,False,False,,False,False,False,37332.7,29278.0,37508.56,,,P2,False
8692,False,False,,False,False,False,37332.7,29278.0,37508.56,,,P2,False
8693,False,False,,False,False,False,37332.7,29278.0,37508.56,,,P2,False
8694,False,False,,False,False,False,37332.7,29278.0,37508.56,,,P2,False
8695,False,False,,False,False,False,37332.7,29278.0,37508.56,,,P2,False
8696,False,False,,False,False,False,42446.41,29278.0,37508.56,,,P2,False
8697,False,False,,False,False,False,42446.41,29278.0,37508.56,,,P2,False
8698,False,False,,False,False,False,42446.41,29278.0,37508.56,,,P2,False
8699,False,False,,False,False,False,42446.41,29278.0,37508.56,,,P2,False
8700,False,False,,False,False,False,42446.41,29278.0,37508.56,,,P2,False
8701,False,False,,False,False,False,42446.41,29278.0,37508.56,,,P2,False
8702,False,False,,False,False,False,42446.41,29278.0,37508.56,,,P2,False
8703,False,False,,False,False,False,42446.41,29278.0,37508.56,,,P2,False
8704,False,False,,False,False,False,42779.0,29278.0,37508.56,,,P2,False
8705,False,False,,False,False,False,42779.0,29279.13,37508.56,,,P2,False
8706,False,False,,False,False,False,42779.0,29482.61,37508.56,,,P2,False
8707,False,False,,False,False,False,42779.0,29482.61,37508.56,,,P2,False
8708,False,False,,False,False,False,42779.0,29482.61,37508.56,,,P2,False
8709,False,False,,False,False,False,42779.0,29830.51,37508.56,,,P2,False
8710,False,False,,False,False,False,42779.0,30716.37,37508.56,,,P2,False
8711,False,False,,False,False,False,42779.0,31419.6,37508.56,,,P2,False
8712,False,False,,False,False,False,42779.0,31516.3,37508.56,,,P2,False
8713,False,False,,False,False,False,42779.0,31516.3,37508.56,,,P2,False
8714,False,False,,False,False,False,44589.46,31708.0,37508.56,,,P2,False
8715,False,False,,False,False,False,44589.46,31708.0,37508.56,,,P2,False
8716,False,False,,False,False,False,44589.46,31708.0,37508.56,,,P2,False
8717,False,False,,False,False,False,44589.46,31724.39,37508.56,,,P2,False
8718,False,False,,False,False,False,44589.46,31924.32,37508.56,,,P2,False
8719,False,False,,False,False,False,44589.46,31924.32,37508.56,,,P2,False
8720,False,False,,False,False,False,44589.46,31924.32,37508.56,,,P2,False
8721,False,False,,False,False,False,44589.46,31924.32,37508.56,,,P2,False
8722,False,False,,False,False,False,44589.46,31924.32,37508.56,,,P2,False
8723,False,False,,False,False,False,44589.46,31924.32,37508.56,,,P2,False
8724,False,False,,False,False,False,44589.46,31924.32,37508.56,,,P2,False
8725,False,False,,False,False,False,44589.46,32193.06,37508.56,,,P2,False
8726,False,False,,False,False,False,43770.0,33401.14,37508.56,,,P2,False
8727,False,False,,False,False,False,43770.0,33542.4,37508.56,,,P2,False
8728,False,False,,False,False,False,43770.0,33542.4,37508.56,,,P2,False
8729,False,False,,False,False,False,43770.0,33667.01,37508.56,,,P2,False
8730,False,False,,False,False,False,43770.0,33667.01,37508.56,,,P2,False
8731,False,False,,False,False,False,43770.0,33667.01,37508.56,,,P2,False
8732,False,False,,False,False,False,43770.0,33851.12,37508.56,,,P2,False
8733,False,False,,False,False,False,43770.0,33862.45,37508.56,,,P2,False
8734,False,False,,False,False,False,43770.0,33862.45,37508.56,,,P2,False
8735,False,False,,False,False,False,43770.0,33862.45,37508.56,,,P2,False
8736,False,False,,False,False,False,45971.03,34090.63,37508.56,,,P2,False
8737,False,False,,False,False,False,45971.03,34300.0,37508.56,,,P2,False
8738,False,False,,False,False,False,45971.03,35205.78,37508.56,,,P2,False
8739,False,False,,False,False,False,45971.03,36383.0,37508.56,,,P2,False
8740,False,False,swing,False,True,False,45971.03,36383.0,37508.56,45971.03,,P2,False
8741,False,False,,False,False,False,45971.03,36383.0,37508.56,,,P2,False
8742,False,False,,False,False,False,45971.03,36383.0,37508.56,,,P2,False
8743,False,False,,False,False,False,45500.0,36383.0,37508.56,,,P2,False
8744,False,False,,False,False,False,45500.0,36383.0,37508.56,,,P2,False
8745,False,False,,False,False,False,45500.0,36675.34,37508.56,,,P2,False
8746,False,False,,False,False,False,45500.0,36969.52,37508.56,,,P2,False
8747,False,False,,False,False,False,45500.0,37332.7,37508.56,,,P2,False
8748,False,False,,False,False,False,45500.0,37332.7,37508.56,,,P2,False
8749,False,False,,False,False,False,45500.0,37332.7,37508.56,,,P2,False
8750,False,False,,False,False,False,45500.0,37332.7,37508.56,,,P2,False
8751,False,False,,False,False,False,45500.0,37332.7,37508.56,,,P2,False
8752,False,False,,False,False,False,45239.45,37332.7,37508.56,,,P2,False
8753,False,False,,False,False,False,45239.45,37332.7,37508.56,,,P2,False
8754,False,False,,False,False,False,45239.45,37332.7,37508.56,,,P2,False
8755,False,False,,False,False,False,45239.45,37332.7,37508.56,,,P2,False
8756,False,False,,False,False,False,45239.45,37332.7,37508.56,,,P2,False
8757,False,False,,False,False,False,45239.45,37332.7,45500.0,,,P2,False
8758,False,False,,False,False,False,44203.28,37332.7,44203.28,,,P2,False
8759,False,False,,False,False,False,44203.28,37332.7,44203.28,,,P2,False
8760,False,False,,False,False,False,44203.28,37332.7,37508.56,,,P2,False
8761,False,False,,False,False,False,44203.28,37332.7,44203.28,,,P2,False
8762,False,False,,False,False,False,44203.28,37332.7,44203.28,,,P2,False
8763,False,False,,False,False,False,44203.28,37332.7,45500.0,,,P2,False
8764,False,False,,False,False,False,44203.28,37332.7,45500.0,,,P2,False
8765,False,False,,False,False,False,43927.7,37332.7,45500.0,,,P2,False
8766,False,False,,False,False,False,43927.7,37332.7,45500.0,,,P2,False
8767,False,False,,False,False,False,43927.7,37332.7,45500.0,,,P2,False
8768,False,False,,False,False,False,43927.7,37332.7,45500.0,,,P2,False
8769,False,False,,False,False,False,43927.7,37332.7,45500.0,,,P2,False
8770,False,False,,False,False,False,43927.7,37332.7,45500.0,,,P2,False
8771,False,False,,False,False,False,43927.7,37332.7,45500.0,,,P2,False
8772,False,False,,False,False,False,43927.7,37332.7,45500.0,,,P2,False
8773,False,False,,False,False,False,43927.7,37332.7,45500.0,,,P2,False
8774,False,False,,False,False,False,43927.7,37332.7,44065.49,,,P2,False
8775,False,False,,False,False,False,43927.7,37332.7,44065.49,,,P2,False
8776,False,False,,False,False,False,43927.7,37332.7,45500.0,,,P2,False
8777,False,False,,False,False,False,43927.7,37332.7,45500.0,,,P2,False
8778,False,False,,False,False,False,48222.0,37332.7,44065.49,,,P2,False
8779,False,False,,False,False,False,48222.0,37332.7,44065.49,,,P2,False
8780,False,False,,False,False,False,48222.0,37332.7,44203.28,,,P2,False
8781,False,False,,False,False,False,48222.0,37332.7,44203.28,,,P2,False
8782,False,False,,False,False,False,48222.0,37332.7,44065.49,,,P2,False
8783,False,False,,False,False,False,48222.0,37332.7,44203.28,,,P2,False
8784,False,False,,False,False,False,48222.0,37332.7,44065.49,,,P2,False
8785,False,False,,False,False,False,48050.0,37332.7,44065.49,,,P2,False
8786,False,False,,False,False,False,48050.0,37332.7,44065.49,,,P2,False
8787,False,False,,False,False,False,48050.0,37332.7,44203.28,,,P2,False
8788,False,False,,False,False,False,48050.0,37332.7,44065.49,,,P2,False
8789,False,False,,False,False,False,48050.0,37332.7,44203.28,,,P2,False
8790,False,False,,False,False,False,48050.0,37332.7,44203.28,,,P2,False
8791,False,False,,False,False,False,48050.0,37332.7,44203.28,,,P2,False
8792,False,False,,False,False,False,48050.0,37332.7,44203.28,,,P2,False
8793,False,False,,False,False,False,48050.0,37332.7,44203.28,,,P2,False
8794,False,False,swing,False,True,False,48050.0,37332.7,44065.49,48050.0,,P2,False
8795,False,False,,False,False,False,48050.0,37332.7,44203.28,,,P2,False
8796,False,False,,False,False,False,48050.0,37332.7,44203.28,,,P2,False
8797,False,False,,False,False,False,48050.0,37332.7,44203.28,,,P2,False
8798,False,False,,False,False,False,48050.0,37332.7,44203.28,,,P2,False
8799,False,False,,False,False,False,48050.0,37332.7,44203.28,,,P2,False
8800,False,False,,False,False,False,48050.0,37332.7,44065.49,,,P2,False
8801,False,False,,False,False,False,48050.0,37332.7,44065.49,,,P2,False
8802,False,False,,False,False,False,47126.28,38737.31,44203.28,,,P2,False
8803,False,False,,False,False,False,47126.28,39853.86,44065.49,,,P2,False
8804,False,False,,False,False,False,47126.28,39853.86,45500.0,,,P2,False
8805,False,False,,False,False,False,47126.28,39853.86,44065.49,,,P2,False
8806,False,False,,False,False,False,47126.28,40300.0,44065.49,,,P2,False
8807,False,False,,False,False,False,47126.28,40300.0,44065.49,,,P2,False
8808,False,False,,False,False,False,47126.28,42199.97,44065.49,,,P2,False
8809,False,False,,False,False,False,46250.0,42393.02,44065.49,,,P2,False
8810,False,False,,False,False,False,46250.0,42446.41,44065.49,,,P2,False
8811,False,False,,False,False,False,46250.0,42446.41,44065.49,,,P2,False
8812,False,False,,False,False,False,46250.0,42446.41,45971.03,,,P2,False
8813,False,False,,False,False,False,46250.0,42446.41,44065.49,,,P2,False
8814,False,False,,False,False,False,46250.0,42446.41,44065.49,,,P2,False
8815,False,False,,False,False,False,46250.0,42779.0,44065.49,,,P2,False
8816,False,False,,False,False,False,46250.0,42779.0,44065.49,,,P2,False
8817,False,False,,False,False,False,46250.0,42779.0,44203.28,,,P2,False
8818,False,False,,False,False,False,46250.0,42779.0,44203.28,,,P2,False
8819,False,False,,False,False,False,46250.0,42779.0,44203.28,,,P2,False
8820,False,False,,False,False,False,46250.0,42779.0,44203.28,,,P2,False
8821,False,False,,False,False,False,46250.0,42779.0,44203.28,,,P2,False
8822,False,False,,False,False,False,46250.0,42779.0,44203.28,,,P2,False
8823,False,False,,False,False,False,46250.0,43234.0,44203.28,,,P2,False
8824,False,False,,False,False,False,46250.0,43600.92,44203.28,,,P2,False
8825,False,False,,False,False,False,47762.54,43770.0,48050.0,,,P2,False
8826,False,False,,False,False,False,47762.54,43770.0,44203.28,,,P2,False
8827,False,False,,False,False,False,47762.54,43770.0,44203.28,,,P2,False
8828,False,False,,False,False,False,47762.54,43770.0,44203.28,,,P2,False
8829,False,False,swing,False,True,False,47762.54,43770.0,44203.28,47762.54,,P2,False
8830,False,False,,False,False,False,47762.54,43770.0,48050.0,,,P2,False
8831,False,False,,False,False,False,47762.54,43770.0,43927.7,,,P2,False
8832,False,False,,False,False,False,47762.54,43770.0,44203.28,,,P2,False
8833,False,False,,False,False,False,47762.54,43770.0,44203.28,,,P2,False
8834,False,False,swing,False,True,False,47762.54,43770.0,44203.28,47762.54,,P2,False
8835,False,False,,False,False,False,47762.54,43770.0,44203.28,,,P2,False
8836,False,False,,False,False,False,46700.0,43770.0,44203.28,,,P2,False
8837,False,False,,False,False,False,46700.0,43770.0,44203.28,,,P2,False
8838,False,False,swing,False,True,False,46700.0,43770.0,44203.28,46700.0,,P2,False
8839,False,False,,False,False,False,46700.0,43770.0,44203.28,,,P2,False
8840,False,False,,False,False,False,46700.0,43770.0,44203.28,,,P2,False
8841,False,False,,False,False,False,46700.0,43770.0,44203.28,,,P2,False
8842,False,False,,False,False,False,46512.0,43770.0,48050.0,,,P2,False
8843,False,False,,False,False,False,46512.0,43770.0,48050.0,,,P2,False
8844,False,False,,False,False,False,46512.0,43770.0,48050.0,,,P2,False
8845,False,False,,False,False,False,46512.0,43855.88,48050.0,,,P2,False
8846,False,False,,False,False,False,46512.0,43927.7,48050.0,,,P2,False
8847,False,False,,False,False,False,46512.0,43927.7,48050.0,,,P2,False
8848,False,False,,False,False,False,46512.0,43927.7,48050.0,,,P2,False
8849,False,False,,False,False,False,46512.0,43927.7,48050.0,,,P2,False
8850,False,False,,False,False,False,46512.0,43927.7,48050.0,,,P2,False
8851,False,False,,False,False,False,46512.0,43927.7,48050.0,,,P2,False
8852,False,False,,False,False,False,46512.0,43927.7,48050.0,,,P2,False
8853,False,False,,False,False,False,46512.0,43927.7,48050.0,,,P2,False
8854,False,False,,False,False,False,48316.84,43927.7,48222.0,,,P2,False
8855,False,False,,False,False,False,48316.84,43927.7,48222.0,,,P2,False
8856,False,False,,False,False,False,48316.84,43927.7,48222.0,,,P2,False
8857,False,False,,False,False,False,48316.84,43927.7,48222.0,,,P2,False
8858,False,False,,False,False,False,48316.84,43927.7,48222.0,,,P2,False
8859,False,False,,False,False,False,48316.84,43927.7,48222.0,,,P2,False
8860,False,False,,False,False,False,48316.84,43927.7,48222.0,,,P2,False
8861,False,False,,False,False,False,48316.84,43927.7,48222.0,,,P2,False
8862,False,False,,False,False,False,48316.84,43927.7,48222.0,,,P2,False
8863,False,False,,False,False,False,48316.84,43927.7,48222.0,,,P2,False
8864,False,False,,False,False,False,49370.0,43927.7,48222.0,,,P2,False
8865,False,False,,False,False,False,49370.0,43927.7,48222.0,,,P2,False
8866,False,False,,False,False,False,49370.0,43927.7,48222.0,,,P2,False
8867,False,False,,False,False,False,49370.0,43927.7,48222.0,,,P2,False
8868,False,False,,False,False,False,49370.0,43927.7,48222.0,,,P2,False
8869,False,False,,False,False,False,49370.0,43927.7,48222.0,,,P2,False
8870,False,False,,False,False,False,49370.0,43927.7,48222.0,,,P2,False
8871,False,False,,False,False,False,49370.0,43927.7,48222.0,,,P2,False
8872,False,False,,False,False,False,49370.0,43927.7,48222.0,,,P2,False
8873,False,False,,False,False,False,49370.0,43927.7,48222.0,,,P2,False
8874,False,False,,False,False,False,49370.0,43927.7,48222.0,,,P2,False
8875,False,False,,False,False,False,50969.33,43927.7,48222.0,,,P2,False
8876,False,False,,False,False,False,50969.33,43927.7,48222.0,,,P2,False
8877,False,False,,False,False,False,50969.33,43927.7,46512.0,,,P2,False
8878,False,False,zone,False,True,False,50969.33,43927.7,46606.0,46606.0,,P2,False
8879,False,False,,False,False,False,50969.33,43927.7,46606.0,,,P2,False
8880,True,False,,False,False,False,50969.33,42843.05,46381.0,,,P2,False
8881,True,False,,False,False,False,42843.05,42843.05,44396.369999999995,,,P2,False
8882,True,False,,False,False,False,42843.05,42843.05,46381.0,,,P2,False
8883,True,False,,False,False,False,42843.05,42843.05,45500.0,,,P2,False
8884,True,False,,False,False,False,42843.05,42843.05,46381.0,,,P2,False
8885,True,False,,False,False,False,42843.05,42843.05,45500.0,,,P2,False
8886,True,False,,False,False,False,44412.02,42843.05,45500.0,,,P2,False
8887,True,False,,False,False,False,44412.02,42843.05,46110.515,,,P2,False
8888,True,False,,False,False,False,44412.02,42843.05,46110.515,,,P2,False
8889,False,False,,False,False,False,44412.02,42843.05,46606.0,,,P2,False
8890,False,False,,False,False,False,45513.08,42843.05,46512.0,,,P2,False
8891,True,False,,False,False,False,45513.08,42843.05,46381.0,,,P2,False
8892,False,False,,False,False,False,45513.08,42843.05,46606.0,,,P2,False
8893,False,False,,False,False,False,45513.08,42843.05,45971.03,,,P2,False
8894,False,False,,False,False,False,45513.08,42843.05,45971.03,,,P2,False
8895,True,False,,False,False,False,45513.08,42843.05,44412.02,,,P2,False
8896,True,False,,False,False,False,45513.08,42843.05,45506.54,,,P2,False
8897,True,False,,False,False,False,45513.08,42843.05,44412.02,,,P2,False
8898,True,False,,False,False,False,45513.08,42843.05,44412.02,,,P2,False
8899,True,False,,False,False,False,45513.08,42843.05,44412.02,,,P2,False
8900,True,False,,False,False,False,45513.08,42843.05,45506.54,,,P2,False
8901,True,False,,False,False,False,44132.29,42843.05,45506.54,,,P2,False
8902,False,False,,False,False,False,44132.29,42843.05,44307.649999999994,,,P2,False
8903,True,False,,False,False,False,44132.29,42843.05,44307.649999999994,,,P2,False
8904,False,False,,False,False,False,44132.29,42843.05,44307.649999999994,,,P2,False
8905,False,False,,False,False,False,44132.29,42843.05,44307.649999999994,,,P2,False
8906,True,False,,False,False,False,44132.29,42843.05,45500.0,,,P2,False
8907,True,False,,False,False,False,44132.29,42843.05,45500.0,,,P2,False
8908,True,False,,False,False,False,44742.06,42843.05,45500.0,,,P2,False
8909,False,False,zone,False,True,False,44742.06,42843.05,45500.0,45500.0,,P2,False
8910,True,False,,False,False,False,44742.06,42843.05,44589.46,,,P2,False
8911,True,False,,False,False,False,44742.06,42843.05,44412.02,,,P2,False
8912,True,False,,False,False,False,44742.06,42843.05,44589.46,,,P2,False
8913,True,True,zone,False,True,False,44742.06,42843.05,44167.785,44167.785,,P2,False
8914,True,False,,False,False,False,44742.06,42843.05,44589.46,,,P2,False
8915,True,False,,False,False,False,44742.06,42843.05,44589.46,,,P2,False
8916,True,False,,False,False,False,44742.06,42843.05,44665.759999999995,,,P2,False
8917,True,False,,False,False,False,43370.0,42843.05,45506.54,,,P2,False
8918,True,False,,False,False,False,43370.0,42843.05,45742.055,,,P2,False
8919,False,False,,False,False,False,43370.0,42843.05,46606.0,,,P2,False
8920,False,False,,False,False,False,43370.0,42843.05,46381.0,,,P2,False
8921,False,False,,False,False,False,43370.0,42843.05,46606.0,,,P2,False
8922,False,False,,False,False,False,43370.0,42843.05,46606.0,,,P2,False
8923,False,False,,False,False,False,43370.0,42843.05,46606.0,,,P2,False
8924,False,False,,False,False,False,43370.0,42843.05,46606.0,,,P2,False
8925,False,False,,False,False,False,43370.0,42843.05,48222.0,,,P2,False
8926,False,False,,False,False,False,43370.0,42843.05,46606.0,,,P2,False
8927,False,False,,False,False,False,43370.0,42843.05,46700.0,,,P2,False
8928,False,False,,False,False,False,43370.0,42843.05,46700.0,,,P2,False
8929,False,False,,False,False,False,43370.0,42843.05,48222.0,,,P2,False
8930,False,False,,False,False,False,43370.0,42843.05,46700.0,,,P2,False
8931,False,False,,False,False,False,43370.0,42843.05,46700.0,,,P2,False
8932,False,False,,False,False,False,43370.0,42843.05,46700.0,,,P2,False
8933,False,False,,False,False,False,43370.0,42843.05,46700.0,,,P2,False
8934,False,False,,False,False,False,43370.0,42843.05,46700.0,,,P2,False
8935,False,False,,False,False,False,43370.0,42843.05,46700.0,,,P2,False
8936,False,False,,False,False,False,43370.0,42843.05,46512.0,,,P2,False
8937,False,False,,False,False,False,47021.1,42843.05,47021.1,,,P2,False
8938,False,False,swing|zone,False,True,False,47021.1,42843.05,47021.1,47021.1,,P2,False
8939,False,False,swing|zone,False,True,False,47021.1,42843.05,47021.1,47021.1,,P2,False
8940,False,False,,False,False,False,47021.1,42843.05,47021.1,,,P2,False
8941,False,False,,False,False,False,47021.1,42843.05,48222.0,,,P2,False
8942,False,False,,False,False,False,47021.1,42843.05,48222.0,,,P2,False
8943,False,False,,False,False,False,46699.56,42843.05,48222.0,,,P2,False
8944,False,False,,False,False,False,46699.56,42843.05,48222.0,,,P2,False
8945,False,False,zone,False,True,False,46699.56,42843.05,48222.0,48222.0,,P2,False
8946,False,False,,False,False,False,46699.56,42843.05,46860.55,,,P2,False
8947,False,False,,False,False,False,46699.56,42843.05,48136.0,,,P2,False
8948,False,False,,False,False,False,46699.56,42843.05,46860.55,,,P2,False
8949,False,False,,False,False,False,46699.56,42843.05,46860.55,,,P2,False
8950,False,False,,False,False,False,46699.56,42843.05,46860.55,,,P2,False
8951,False,False,,False,False,False,46699.56,42843.05,46860.55,,,P2,False
8952,True,False,,False,False,False,46699.56,42843.05,45500.0,,,P2,False
8953,True,False,,False,False,False,46699.56,42843.05,44307.649999999994,,,P2,False
8954,True,False,,False,False,False,46699.56,42843.05,43927.7,,,P2,False
8955,True,True,nbar,True,True,True,46699.56,42843.05,43927.7,42843.05,42843.05,P2,False
8956,True,False,,False,False,False,46699.56,42843.05,43927.7,,,P2,False
8957,True,False,,False,False,False,46699.56,42843.05,43927.7,,,P2,False
8958,True,True,nbar,True,True,True,46699.56,42500.0,43370.0,42500.0,42500.0,P2,False
8959,True,False,,False,False,False,46699.56,42500.0,43570.0,,,P2,False
8960,True,False,,False,False,False,46699.56,42500.0,43570.0,,,P2,False
8961,True,False,,False,False,False,46699.56,40200.0,43570.0,,,P2,False
8962,False,False,,False,False,False,40200.0,40200.0,43570.0,,,P2,False
8963,True,False,,False,False,False,40200.0,40200.0,43370.0,,,P2,False
8964,True,False,,False,False,False,40200.0,40200.0,43370.0,,,P2,False
8965,True,False,,False,False,False,40200.0,40200.0,43370.0,,,P2,False
8966,False,False,,False,False,False,40200.0,39600.0,43370.0,,,P2,False
8967,True,False,,False,False,False,39600.0,39600.0,43370.0,,,P2,False
8968,True,False,,False,False,False,39600.0,39600.0,43370.0,,,P2,False
8969,True,False,,False,False,False,39600.0,39600.0,43370.0,,,P2,False
8970,True,False,,False,False,False,39600.0,39600.0,43370.0,,,P2,False
8971,True,False,,False,False,False,39600.0,39600.0,44203.28,,,P2,False
8972,False,False,,False,False,False,39600.0,39600.0,43370.0,,,P2,False
8973,False,False,,False,False,False,39600.0,39600.0,43370.0,,,P2,False
8974,False,False,,False,False,False,39600.0,39600.0,44577.03999999999,,,P2,False
8975,False,False,,False,False,False,39600.0,39600.0,44577.03999999999,,,P2,False
8976,False,False,,False,False,False,39600.0,39600.0,44203.28,,,P2,False
8977,False,False,,False,False,False,39600.0,39600.0,44577.03999999999,,,P2,False
8978,False,False,,False,False,False,39600.0,39600.0,43370.0,,,P2,False
8979,False,False,,False,False,False,39600.0,39600.0,43370.0,,,P2,False
8980,True,False,,False,False,False,39600.0,39600.0,43370.0,,,P2,False
8981,True,False,,False,False,False,39600.0,39600.0,43370.0,,,P2,False
8982,False,False,,False,False,False,40675.0,39600.0,40200.0,,,P2,False
8983,False,False,,False,False,False,40675.0,39600.0,40200.0,,,P2,False
8984,False,False,,False,False,False,40675.0,39600.0,40200.0,,,P2,False
8985,False,False,,False,False,False,40675.0,39600.0,40200.0,,,P2,False
8986,False,False,,False,False,False,40675.0,39600.0,40200.0,,,P2,False
8987,False,False,,False,False,False,40675.0,39600.0,43370.0,,,P2,False
8988,False,False,,False,False,False,41646.28,39600.0,44167.785,,,P2,False
8989,True,False,,False,False,False,41646.28,39600.0,44167.785,,,P2,False
8990,True,False,,False,False,False,41646.28,39600.0,44167.785,,,P2,False
8991,False,False,,False,False,False,41646.28,39600.0,40200.0,,,P2,False
8992,True,False,,False,False,False,41646.28,39600.0,43370.0,,,P2,False
8993,False,False,,False,False,False,40750.0,39600.0,40675.0,,,P2,False
8994,True,False,,False,False,False,40750.0,39600.0,43370.0,,,P2,False
8995,False,False,,False,False,False,40750.0,39600.0,43370.0,,,P2,False
8996,False,False,,False,False,False,40750.0,39600.0,40675.0,,,P2,False
8997,False,False,,False,False,False,40750.0,39600.0,40675.0,,,P2,False
8998,False,False,,False,False,False,40750.0,39600.0,40675.0,,,P2,False
8999,False,False,,False,False,False,40750.0,39600.0,40675.0,,,P2,False
9000,False,False,,False,False,False,40750.0,39600.0,40675.0,,,P2,False
9001,False,False,,False,False,False,40750.0,39600.0,40675.0,,,P2,False
9002,False,False,,False,False,False,40750.0,39600.0,40675.0,,,P2,False
9003,False,False,,False,False,False,40750.0,39600.0,40675.0,,,P2,False
9004,False,False,,False,False,False,40750.0,39600.0,40675.0,,,P2,False
9005,True,False,,False,False,False,40750.0,39600.0,40675.0,,,P2,False
9006,False,False,,False,False,False,40750.0,39600.0,40675.0,,,P2,False
9007,False,False,,False,False,False,40750.0,39600.0,40675.0,,,P2,False
9008,False,False,,False,False,False,40750.0,39600.0,40675.0,,,P2,False
9009,True,False,,False,False,False,40750.0,39600.0,40675.0,,,P2,False
9010,True,False,,False,False,False,40753.88,39600.0,40750.0,,,P2,False
9011,False,False,,False,False,False,40753.88,39600.0,40750.0,,,P2,False
9012,False,False,,False,False,False,40753.88,39600.0,40750.0,,,P2,False
9013,False,False,,False,False,False,40753.88,39600.0,40750.0,,,P2,False
9014,False,False,,False,False,False,40753.88,39600.0,40750.0,,,P2,False
9015,False,False,,False,False,False,40900.0,39600.0,40751.94,,,P2,False
9016,False,False,,False,False,False,40900.0,39600.0,40751.94,,,P2,False
9017,False,False,,False,False,False,40900.0,39600.0,40751.94,,,P2,False
9018,False,False,,False,False,False,40900.0,39600.0,40751.94,,,P2,False
9019,False,False,,False,False,False,40900.0,39600.0,44412.02,,,P2,False
9020,False,False,,False,False,False,40900.0,39600.0,46860.55,,,P2,False
9021,False,False,zone,False,True,False,40900.0,39600.0,46860.55,46860.55,,P2,False
9022,False,False,,False,False,False,40900.0,39600.0,46860.55,,,P2,False
9023,False,False,,False,False,False,40900.0,39600.0,46860.55,,,P2,False
9024,False,False,,False,False,False,40900.0,39600.0,46860.55,,,P2,False
9025,False,False,,False,False,False,40900.0,39600.0,46860.55,,,P2,False
9026,False,False,,False,False,False,40900.0,39600.0,46860.55,,,P2,False
9027,False,False,,False,False,False,40900.0,39600.0,46860.55,,,P2,False
9028,False,False,,False,False,False,40900.0,39600.0,46860.55,,,P2,False
9029,False,False,,False,False,False,40900.0,39600.0,46860.55,,,P2,False
9030,False,False,,False,False,False,40900.0,39600.0,46860.55,,,P2,False
9031,False,False,,False,False,False,40900.0,39600.0,46860.55,,,P2,False
9032,False,False,,False,False,False,40900.0,39600.0,46860.55,,,P2,False
9033,False,False,,False,False,False,40900.0,39600.0,46860.55,,,P2,False
9034,False,False,,False,False,False,47088.0,39600.0,47088.0,,,P2,False
9035,False,False,,False,False,False,47088.0,39600.0,47021.1,,,P2,False
9036,False,False,,False,False,False,47088.0,39600.0,47021.1,,,P2,False
9037,False,False,,False,False,False,47088.0,39600.0,47021.1,,,P2,False
9038,False,False,,False,False,False,47088.0,39600.0,47021.1,,,P2,False
9039,False,False,swing,False,True,False,47088.0,39600.0,46860.55,47088.0,,P2,False
9040,False,False,,False,False,False,47088.0,39600.0,46860.55,,,P2,False
9041,False,False,,False,False,False,47088.0,39600.0,46860.55,,,P2,False
9042,False,False,,False,False,False,47088.0,39600.0,46860.55,,,P2,False
9043,False,False,,False,False,False,46891.0,39600.0,46891.0,,,P2,False
9044,False,False,,False,False,False,46891.0,39600.0,46891.0,,,P2,False
9045,False,False,,False,False,False,46891.0,39600.0,46891.0,,,P2,False
9046,False,False,,False,False,False,46891.0,39600.0,46891.0,,,P2,False
9047,False,False,,False,False,False,46891.0,39600.0,46891.0,,,P2,False
9048,False,False,,False,False,False,46891.0,39600.0,46891.0,,,P2,False
9049,False,False,,False,False,False,46891.0,39600.0,46891.0,,,P2,False
9050,False,False,,False,False,False,46891.0,39600.0,46891.0,,,P2,False
9051,False,False,,False,False,False,46891.0,39600.0,46891.0,,,P2,False
9052,False,False,,False,False,False,46891.0,39600.0,46795.5,,,P2,False
9053,False,False,,False,False,False,46891.0,39600.0,46891.0,,,P2,False
9054,False,False,,False,False,False,50382.41,39600.0,46891.0,,,P2,False
9055,False,False,,False,False,False,50382.41,39600.0,46891.0,,,P2,False
9056,False,False,,False,False,False,50382.41,39600.0,46891.0,,,P2,False
9057,False,False,,False,False,False,50382.41,39600.0,46891.0,,,P2,False
9058,False,False,,False,False,False,50382.41,39600.0,46891.0,,,P2,False
9059,False,False,,False,False,False,50382.41,39600.0,46891.0,,,P2,False
9060,False,False,,False,False,False,50382.41,39600.0,46891.0,,,P2,False
9061,False,False,,False,False,False,53357.0,39600.0,46891.0,,,P2,False
9062,False,False,,False,False,False,53357.0,39600.0,46891.0,,,P2,False
9063,False,False,,False,False,False,53357.0,39600.0,46891.0,,,P2,False
9064,False,False,,False,False,False,53357.0,39600.0,46891.0,,,P2,False
9065,False,False,,False,False,False,53357.0,39600.0,46891.0,,,P2,False
9066,False,False,,False,False,False,53357.0,39600.0,46891.0,,,P2,False
9067,False,False,,False,False,False,53357.0,39600.0,46891.0,,,P2,False
9068,False,False,,False,False,False,53357.0,39600.0,46891.0,,,P2,False
9069,False,False,,False,False,False,53357.0,39600.0,46891.0,,,P2,False
9070,False,False,,False,False,False,53661.67,39600.0,46891.0,,,P2,False
9071,False,False,,False,False,False,53661.67,39600.0,46891.0,,,P2,False
9072,False,False,,False,False,False,53661.67,39600.0,46891.0,,,P2,False
9073,False,False,,False,False,False,53661.67,39600.0,46956.05,,,P2,False
9074,False,False,,False,False,False,53661.67,39600.0,46956.05,,,P2,False
9075,False,False,,False,False,False,53661.67,39600.0,46956.05,,,P2,False
9076,False,False,,False,False,False,54080.0,39600.0,53661.67,,,P2,False
9077,False,False,,False,False,False,54080.0,39600.0,53661.67,,,P2,False
9078,False,False,,False,False,False,54080.0,39600.0,53661.67,,,P2,False
9079,False,False,,False,False,False,54080.0,39600.0,53661.67,,,P2,False
9080,False,False,,False,False,False,54080.0,39600.0,53661.67,,,P2,False
9081,False,False,,False,False,False,54333.85,39600.0,54080.0,,,P2,False
9082,False,False,,False,False,False,54333.85,39600.0,54080.0,,,P2,False
9083,False,False,,False,False,False,54333.85,39600.0,54080.0,,,P2,False
9084,False,False,,False,False,False,54333.85,39600.0,54080.0,,,P2,False
9085,False,False,,False,False,False,54333.85,39600.0,54080.0,,,P2,False
9086,False,False,,False,False,False,54333.85,40565.39,54080.0,,,P2,False
9087,False,False,,False,False,False,54333.85,40675.0,54080.0,,,P2,False
9088,False,False,,False,False,False,54333.85,40675.0,54080.0,,,P2,False
9089,False,False,swing|zone,False,True,False,54333.85,40675.0,54080.0,54333.85,,P2,False
9090,False,False,,False,False,False,54333.85,40675.0,54080.0,,,P2,False
9091,False,False,,False,False,False,54333.85,40675.0,54080.0,,,P2,False
9092,False,False,,False,False,False,54333.85,40675.0,54080.0,,,P2,False
9093,False,False,,False,False,False,53879.0,40675.0,54080.0,,,P2,False
9094,False,False,,False,False,False,53879.0,40675.0,54080.0,,,P2,False
9095,False,False,,False,False,False,53879.0,40675.0,54080.0,,,P2,False
9096,False,False,,False,False,False,53879.0,40675.0,54080.0,,,P2,False
9097,False,False,,False,False,False,53879.0,40675.0,54080.0,,,P2,False
9098,False,False,,False,False,False,53879.0,40675.0,54080.0,,,P2,False
9099,False,False,,False,False,False,53879.0,40675.0,54080.0,,,P2,False
9100,False,False,,False,False,False,53879.0,40675.0,54080.0,,,P2,False
9101,False,False,,False,False,False,53879.0,40750.0,54080.0,,,P2,False
9102,False,False,,False,False,False,53879.0,40750.0,54080.0,,,P2,False
9103,False,False,,False,False,False,53879.0,40750.0,54080.0,,,P2,False
9104,False,False,,False,False,False,56818.05,40750.0,54080.0,,,P2,False
9105,False,False,,False,False,False,56818.05,40750.0,54080.0,,,P2,False
9106,False,False,,False,False,False,56818.05,40750.0,54080.0,,,P2,False
9107,False,False,,False,False,False,56818.05,40750.0,54080.0,,,P2,False
9108,False,False,,False,False,False,56818.05,40750.0,54080.0,,,P2,False
9109,False,False,,False,False,False,56818.05,40750.0,54080.0,,,P2,False
9110,False,False,,False,False,False,56818.05,40750.0,54080.0,,,P2,False
9111,False,False,,False,False,False,56818.05,40750.0,54080.0,,,P2,False
9112,False,False,,False,False,False,56818.05,40753.88,54080.0,,,P2,False
9113,False,False,,False,False,False,56818.05,40753.88,54080.0,,,P2,False
9114,False,False,,False,False,False,56818.05,40753.88,54080.0,,,P2,False
9115,False,False,,False,False,False,56818.05,40753.88,54080.0,,,P2,False
9116,False,False,,False,False,False,60150.0,40753.88,54080.0,,,P2,False
9117,False,False,,False,False,False,60150.0,40753.88,54080.0,,,P2,False
9118,False,False,,False,False,False,60150.0,40753.88,54080.0,,,P2,False
9119,False,False,swing,False,True,False,60150.0,40753.88,54080.0,60150.0,,P2,False
9120,False,False,,False,False,False,60150.0,40753.88,54080.0,,,P2,False
9121,False,False,,False,False,False,60150.0,40753.88,54080.0,,,P2,False
9122,False,False,,False,False,False,60150.0,40753.88,54080.0,,,P2,False
9123,False,False,,False,False,False,58963.0,40753.88,54080.0,,,P2,False
9124,False,False,,False,False,False,58963.0,40753.88,54080.0,,,P2,False
9125,False,False,,False,False,False,58963.0,40753.88,54080.0,,,P2,False
9126,False,False,,False,False,False,58963.0,40753.88,54080.0,,,P2,False
9127,False,False,,False,False,False,59844.45,40753.88,54080.0,,,P2,False
9128,False,False,,False,False,False,59844.45,40753.88,54080.0,,,P2,False
9129,False,False,,False,False,False,59844.45,40900.0,54080.0,,,P2,False
9130,False,False,,False,False,False,59844.45,40900.0,54080.0,,,P2,False
9131,False,False,,False,False,False,59844.45,40900.0,54080.0,,,P2,False
9132,False,False,,False,False,False,59844.45,40900.0,54080.0,,,P2,False
9133,False,False,,False,False,False,61322.22,40900.0,54080.0,,,P2,False
9134,False,False,,False,False,False,61322.22,41410.17,54080.0,,,P2,False
9135,False,False,,False,False,False,61322.22,42697.01,54080.0,,,P2,False
9136,False,False,,False,False,False,61322.22,42697.01,54080.0,,,P2,False
9137,False,False,,False,False,False,61322.22,42819.86,54080.0,,,P2,False
9138,False,False,,False,False,False,61322.22,42819.86,54080.0,,,P2,False
9139,False,False,,False,False,False,61322.22,43100.0,54080.0,,,P2,False
9140,False,False,,False,False,False,61322.22,43283.03,54080.0,,,P2,False
9141,False,False,,False,False,False,61322.22,43456.46,53979.5,,,P2,False
9142,False,False,,False,False,False,61322.22,44700.0,53979.5,,,P2,False
9143,False,False,,False,False,False,61322.22,46763.68,53979.5,,,P2,False
9144,False,False,,False,False,False,61322.22,46891.0,53979.5,,,P2,False
9145,False,False,,False,False,False,61322.22,46891.0,53979.5,,,P2,False
9146,False,False,,False,False,False,61322.22,46891.0,53979.5,,,P2,False
9147,False,False,,False,False,False,61322.22,46891.0,53979.5,,,P2,False
9148,False,False,,False,False,False,61322.22,46891.0,53979.5,,,P2,False
9149,False,False,,False,False,False,61322.22,46891.0,53979.5,,,P2,False
9150,False,False,,False,False,False,61322.22,46891.0,53979.5,,,P2,False
9151,False,False,,False,False,False,61322.22,46891.0,53979.5,,,P2,False
9152,False,False,swing|zone,False,True,False,60000.0,46891.0,60000.0,60000.0,,P2,False
9153,False,False,,False,False,False,60000.0,46891.0,60000.0,,,P2,False
9154,False,False,,False,False,False,60000.0,46891.0,60000.0,,,P2,False
9155,False,False,,False,False,False,60000.0,46891.0,60000.0,,,P2,False
9156,False,False,,False,False,False,59562.15,46891.0,59922.225,,,P2,False
9157,False,False,,False,False,False,59562.15,46891.0,59922.225,,,P2,False
9158,False,False,,False,False,False,59562.15,46891.0,59922.225,,,P2,False
9159,False,False,,False,False,False,59562.15,46891.0,59844.45,,,P2,False
9160,False,False,,False,False,False,59562.15,46891.0,59922.225,,,P2,False
9161,False,False,,False,False,False,59562.15,46891.0,59922.225,,,P2,False
9162,False,False,,False,False,False,59562.15,47694.41,59922.225,,,P2,False
9163,False,False,,False,False,False,59562.15,48556.09,59922.225,,,P2,False
9164,False,False,,False,False,False,59510.63,49022.4,59922.225,,,P2,False
9165,False,False,,False,False,False,59510.63,49088.0,59922.225,,,P2,False
9166,False,False,,False,False,False,59510.63,49376.06,59922.225,,,P2,False
9167,False,False,,False,False,False,59510.63,49575.94,60000.0,,,P2,False
9168,False,False,,False,False,False,59510.63,49640.36,60000.0,,,P2,False
9169,False,False,,False,False,False,59510.63,50382.41,60000.0,,,P2,False
9170,False,False,,False,False,False,59510.63,50382.41,60000.0,,,P2,False
9171,False,False,,False,False,False,59510.63,50382.41,60000.0,,,P2,False
9172,False,False,,False,False,False,59510.63,50382.41,60000.0,,,P2,False
9173,False,False,,False,False,False,59510.63,51259.84,60000.0,,,P2,False
9174,False,False,,False,False,False,59510.63,53357.0,60000.0,,,P2,False
9175,False,False,,False,False,False,59510.63,53357.0,59844.45,,,P2,False
9176,True,False,,False,False,False,59510.63,53357.0,54080.0,,,P2,False
9177,True,False,,False,False,False,59510.63,53357.0,54080.0,,,P2,False
9178,False,False,,False,False,False,59510.63,53357.0,54080.0,,,P2,False
9179,True,False,,False,False,False,59510.63,53357.0,54080.0,,,P2,False
9180,True,False,,False,False,False,58000.0,53400.0,54080.0,,,P2,False
9181,False,False,,False,False,False,58000.0,53607.27,54080.0,,,P2,False
9182,False,False,,False,False,False,58000.0,53617.61,60000.0,,,P2,False
9183,False,False,,False,False,False,58000.0,53617.61,59922.225,,,P2,False
9184,False,False,swing|zone,False,True,True,58075.62,53661.67,59922.225,59922.225,,P2,False
9185,False,False,,False,False,False,58075.62,53661.67,59844.45,,,P2,False
9186,False,False,,False,False,False,58075.62,53661.67,59844.45,,,P2,False
9187,False,False,,False,False,False,58075.62,53661.67,59844.45,,,P2,False
9188,False,False,,False,False,False,57820.0,53661.67,59844.45,,,P2,False
9189,False,False,,False,False,False,57820.0,53879.0,59844.45,,,P2,False
9190,False,False,,False,False,False,57820.0,53879.0,59844.45,,,P2,False
9191,False,False,,False,False,False,57820.0,53879.0,59844.45,,,P2,False
9192,False,False,,False,False,False,57820.0,53879.0,59844.45,,,P2,False
9193,False,False,,False,False,False,57820.0,53879.0,59844.45,,,P2,False
9194,False,False,,False,False,False,57820.0,53879.0,59844.45,,,P2,False
9195,False,False,,False,False,False,57820.0,53879.0,59922.225,,,P2,False
9196,False,False,,False,False,False,57820.0,53879.0,59844.45,,,P2,False
9197,False,False,,False,False,False,57820.0,53879.0,59922.225,,,P2,False
9198,False,False,,False,False,False,57820.0,53879.0,59922.225,,,P2,False
9199,False,False,,False,False,False,60673.0,53879.0,60000.0,,,P2,False
9200,False,False,,False,False,False,60673.0,53879.0,60075.0,,,P2,False
9201,False,False,,False,False,False,60673.0,53879.0,60075.0,,,P2,False
9202,False,False,,False,False,False,60673.0,53879.0,60075.0,,,P2,False
9203,False,False,,False,False,False,60673.0,53879.0,60075.0,,,P2,False
9204,False,False,,False,False,False,60673.0,53879.0,59844.45,,,P2,False
9205,False,False,,False,False,False,60673.0,53879.0,60075.0,,,P2,False
9206,False,False,,False,False,False,60673.0,53879.0,59922.225,,,P2,False
9207,False,False,,False,False,False,60673.0,53879.0,60000.0,,,P2,False
9208,False,False,swing,False,True,False,60673.0,53879.0,60000.0,60673.0,,P2,False
9209,False,False,,False,False,False,59405.0,53879.0,60000.0,,,P2,False
9210,False,False,,False,False,False,59405.0,53879.0,60000.0,,,P2,False
9211,False,False,,False,False,False,59405.0,53879.0,60000.0,,,P2,False
9212,False,False,,False,False,False,59405.0,54167.19,60075.0,,,P2,False
9213,False,False,,False,False,False,59405.0,54167.19,60000.0,,,P2,False
9214,False,False,,False,False,False,59405.0,54167.19,60000.0,,,P2,False
9215,False,False,,False,False,False,59405.0,54521.74,60000.0,,,P2,False
9216,False,False,,False,False,False,59405.0,56072.75,60000.0,,,P2,False
9217,False,False,,False,False,False,59405.0,56607.27,60000.0,,,P2,False
9218,False,False,,False,False,False,59405.0,56818.05,60075.0,,,P2,False
9219,False,False,,False,False,False,59405.0,56818.05,60075.0,,,P2,False
9220,False,False,,False,False,False,59405.0,56818.05,60075.0,,,P2,False
9221,False,False,,False,False,False,59405.0,56818.05,60000.0,,,P2,False
9222,False,False,,False,False,False,59405.0,56818.05,60000.0,,,P2,False
9223,False,False,,False,False,False,59405.0,56850.0,60000.0,,,P2,False
9224,False,False,,False,False,False,60382.76,56850.0,60382.76,,,P2,False
9225,False,False,,False,False,False,60382.76,57820.0,60382.76,,,P2,False
9226,False,False,,False,False,False,60382.76,57820.0,60382.76,,,P2,False
9227,False,False,,False,False,False,60382.76,57820.0,60382.76,,,P2,False
9228,False,False,,False,False,False,60382.76,57820.0,60382.76,,,P2,False
9229,False,False,,False,False,False,60382.76,57820.0,60382.76,,,P2,False
9230,False,False,,False,False,False,60677.01,57820.0,60527.880000000005,,,P2,False
9231,False,False,,False,False,False,60677.01,57820.0,60527.880000000005,,,P2,False
9232,False,False,,False,False,False,60677.01,57820.0,60527.880000000005,,,P2,False
9233,False,False,,False,False,False,60677.01,57820.0,60527.880000000005,,,P2,False
9234,False,False,,False,False,False,60677.01,57820.0,60527.880000000005,,,P2,False
9235,False,False,,False,False,False,60677.01,57820.0,60673.0,,,P2,False
9236,False,False,,False,False,False,60677.01,57820.0,60075.0,,,P2,False
9237,False,False,,False,False,False,60677.01,57820.0,60382.76,,,P2,False
9238,False,False,,False,False,False,60677.01,57820.0,60673.0,,,P2,False
9239,False,False,,False,False,False,60677.01,57820.0,60673.0,,,P2,False
9240,False,False,,False,False,False,60677.01,57820.0,60673.0,,,P2,False
9241,False,False,,False,False,False,60050.0,57820.0,60673.0,,,P2,False
9242,False,False,,False,False,False,60050.0,57820.0,60673.0,,,P2,False
9243,False,False,,False,False,False,60050.0,57820.0,60673.0,,,P2,False
9244,False,False,,False,False,False,60050.0,57820.0,60673.0,,,P2,False
9245,False,False,,False,False,False,60050.0,57820.0,60673.0,,,P2,False
9246,False,False,,False,False,False,60050.0,57820.0,60673.0,,,P2,False
9247,False,False,,False,False,False,60050.0,57820.0,60673.0,,,P2,False
9248,False,False,,False,False,False,60050.0,57820.0,60673.0,,,P2,False
9249,False,False,,False,False,False,60050.0,57820.0,60673.0,,,P2,False
9250,False,False,,False,False,False,60050.0,57820.0,60673.0,,,P2,False
9251,False,False,,False,False,False,60050.0,57820.0,60673.0,,,P2,False
9252,False,False,,False,False,False,60050.0,57820.0,60527.880000000005,,,P2,False
9253,False,False,,False,False,False,60050.0,57820.0,60527.880000000005,,,P2,False
9254,False,False,,False,False,False,60050.0,57820.0,60527.880000000005,,,P2,False
9255,False,False,,False,False,False,60050.0,57820.0,60527.880000000005,,,P2,False
9256,False,False,,False,False,False,60050.0,57820.0,60527.880000000005,,,P2,False
9257,False,False,,False,False,False,60050.0,57820.0,60527.880000000005,,,P2,False
9258,False,False,,False,False,False,60050.0,57820.0,60527.880000000005,,,P2,False
9259,False,False,,False,False,False,60050.0,57820.0,60527.880000000005,,,P2,False
9260,False,False,,False,False,False,66222.4,57820.0,60527.880000000005,,,P2,False
9261,False,False,,False,False,False,66222.4,57820.0,60673.0,,,P2,False
9262,False,False,,False,False,False,66222.4,57820.0,60527.880000000005,,,P2,False
9263,False,False,,False,False,False,66222.4,57820.0,60382.76,,,P2,False
9264,False,False,,False,False,False,66222.4,57820.0,60677.01,,,P2,False
9265,False,False,,False,False,False,66222.4,57820.0,60677.01,,,P2,False
9266,False,False,,False,False,False,66222.4,57820.0,60677.01,,,P2,False
9267,False,False,,False,False,False,62822.9,57820.0,60677.01,,,P2,False
9268,False,False,,False,False,False,62822.9,57820.0,60677.01,,,P2,False
9269,False,False,,False,False,False,62822.9,57820.0,60677.01,,,P2,False
9270,False,False,,False,False,False,62822.9,57820.0,60382.76,,,P2,False
9271,False,False,,False,False,False,62822.9,57820.0,60382.76,,,P2,False
9272,False,False,,False,False,False,62822.9,57820.0,60527.880000000005,,,P2,False
9273,False,False,,False,False,False,62822.9,57820.0,60382.76,,,P2,False
9274,False,False,,False,False,False,62822.9,57820.0,60382.76,,,P2,False
9275,False,False,,False,False,False,62822.9,57820.0,60677.01,,,P2,False
9276,False,False,,False,False,False,62822.9,57820.0,60677.01,,,P2,False
9277,False,False,,False,False,False,62822.9,57820.0,60382.76,,,P2,False
9278,False,False,,False,False,False,62278.0,57820.0,60527.880000000005,,,P2,False
9279,False,False,,False,False,False,62278.0,57820.0,60527.880000000005,,,P2,False
9280,False,False,,False,False,False,62278.0,57820.0,60527.880000000005,,,P2,False
9281,False,False,,False,False,False,62278.0,57820.0,60527.880000000005,,,P2,False
9282,False,False,,False,False,False,63360.22,57820.0,62822.9,,,P2,False
9283,False,False,,False,False,False,63360.22,57820.0,62822.9,,,P2,False
9284,False,False,,False,False,False,63360.22,57820.0,62822.9,,,P2,False
9285,False,False,,False,False,False,63360.22,57820.0,62822.9,,,P2,False
9286,False,False,,False,False,False,63360.22,57820.0,60527.880000000005,,,P2,False
9287,False,False,,False,False,False,63360.22,57820.0,60527.880000000005,,,P2,False
9288,False,False,,False,False,False,63360.22,57820.0,60527.880000000005,,,P2,False
9289,False,False,,False,False,False,63360.22,57820.0,60527.880000000005,,,P2,False
9290,False,False,,False,False,False,63576.27,57820.0,60673.0,,,P2,False
9291,False,False,,False,False,False,63576.27,57820.0,60673.0,,,P2,False
9292,False,False,,False,False,False,63576.27,57820.0,63360.22,,,P2,False
9293,False,False,,False,False,False,63576.27,57820.0,63360.22,,,P2,False
9294,False,False,,False,False,False,63576.27,57820.0,60527.880000000005,,,P2,False
9295,False,False,,False,False,False,63576.27,57820.0,60527.880000000005,,,P2,False
9296,True,True,zone,True,True,True,63576.27,57820.0,60527.880000000005,60527.880000000005,57820.0,P2,False
9297,True,False,,False,False,False,63576.27,57820.0,60527.880000000005,,,P2,False
9298,True,False,,False,False,False,63576.27,57820.0,60150.0,,,P2,False
9299,True,True,zone,False,True,False,63576.27,57820.0,60050.0,60050.0,,P2,False
9300,True,False,,False,False,False,58574.07,57820.0,58324.845,,,P2,False
9301,True,False,,False,False,False,58574.07,57820.0,59562.15,,,P2,False
9302,False,False,,False,False,False,58574.07,57820.0,60677.01,,,P2,False
9303,True,False,,False,False,False,58574.07,57820.0,59405.0,,,P2,False
9304,True,False,,False,False,False,58574.07,57820.0,60150.0,,,P2,False
9305,True,False,,False,False,False,58574.07,57820.0,60150.0,,,P2,False
9306,True,False,,False,False,False,58373.0,57820.0,59703.3,,,P2,False
9307,True,False,,False,False,False,58373.0,58373.0,59703.3,,,P2,False
9308,True,False,,False,False,False,58373.0,58373.0,59184.0,,,P2,False
9309,True,False,,False,False,False,58373.0,58373.0,58075.62,,,P2,False
9310,True,False,,False,False,False,58373.0,58373.0,54080.0,,,P2,False
9311,True,False,,False,False,False,58373.0,58373.0,54080.0,,,P2,False
9312,True,False,,False,False,False,58373.0,57650.0,54080.0,,,P2,False
9313,True,False,,False,False,False,58373.0,56592.06,58075.62,,,P2,False
9314,True,False,,False,False,False,58373.0,56474.26,58037.81,,,P2,False
9315,True,False,,False,False,False,58373.0,55600.0,58037.81,,,P2,False
9316,True,False,,False,False,False,55600.0,55600.0,58037.81,,,P2,False
9317,True,False,,False,False,False,55600.0,55600.0,58037.81,,,P2,False
9318,True,False,,False,False,False,55600.0,55600.0,58373.0,,,P2,False
9319,True,False,,False,False,False,55600.0,55600.0,58373.0,,,P2,False
9320,True,False,,False,False,False,55600.0,55600.0,58373.0,,,P2,False
9321,True,False,,False,False,False,55600.0,55600.0,58037.81,,,P2,False
9322,True,False,,False,False,False,55600.0,55600.0,59184.0,,,P2,False
9323,True,False,,False,False,False,55600.0,55600.0,59703.3,,,P2,False
9324,True,False,,False,False,False,55600.0,55600.0,58373.0,,,P2,False
9325,True,False,,False,False,False,55600.0,55600.0,58373.0,,,P2,False
9326,True,False,,False,False,False,57353.0,55600.0,58373.0,,,P2,False
9327,False,False,,False,False,False,57353.0,55600.0,58963.0,,,P2,False
9328,False,False,,False,False,False,57353.0,55600.0,59184.0,,,P2,False
9329,False,False,,False,False,False,57353.0,55600.0,58473.535,,,P2,False
9330,True,False,,False,False,False,58486.65,55600.0,57353.0,,,P2,False
9331,True,False,,False,False,False,58486.65,55600.0,57353.0,,,P2,False
9332,True,False,,False,False,False,58486.65,55600.0,57353.0,,,P2,False
9333,True,False,,False,False,False,58486.65,55600.0,58000.0,,,P2,False
9334,True,False,,False,False,False,58486.65,55600.0,57353.0,,,P2,False
9335,True,False,,False,False,False,58486.65,55600.0,57586.5,,,P2,False
9336,True,False,,False,False,False,58486.65,55600.0,57586.5,,,P2,False
9337,True,False,,False,False,False,58486.65,55600.0,57586.5,,,P2,False
9338,True,True,nbar,False,True,False,58486.65,55600.0,57586.5,55600.0,,P2,False
9339,True,False,,False,False,False,58486.65,55600.0,57586.5,,,P2,False
9340,True,False,,False,False,False,58486.65,55600.0,57586.5,,,P2,False
9341,True,False,,False,False,False,58486.65,55317.0,57820.0,,,P2,False
9342,True,False,,False,False,False,55317.0,55317.0,57820.0,,,P2,False
9343,True,False,,False,False,False,55317.0,55317.0,57820.0,,,P2,False
9344,False,False,,False,False,False,55317.0,55317.0,57820.0,,,P2,False
9345,False,False,,False,False,False,55317.0,55317.0,57820.0,,,P2,False
9346,False,False,,False,False,False,55317.0,55317.0,57820.0,,,P2,False
9347,False,False,,False,False,False,55317.0,55317.0,58000.0,,,P2,False
9348,False,False,,False,False,False,55317.0,55317.0,58000.0,,,P2,False
9349,False,False,,False,False,False,55837.0,55317.0,55600.0,,,P2,False
9350,False,False,,False,False,False,55837.0,55317.0,58000.0,,,P2,False
9351,False,False,,False,False,False,55837.0,55317.0,58768.535,,,P2,False
9352,False,False,,False,False,False,55837.0,55317.0,58768.535,,,P2,False
9353,False,False,,False,False,False,55837.0,55317.0,58429.825,,,P2,False
9354,False,False,,False,False,False,55837.0,55317.0,55600.0,,,P2,False
9355,False,False,,False,False,False,55837.0,55317.0,55600.0,,,P2,False
9356,True,False,,False,False,False,55837.0,55317.0,55600.0,,,P2,False
9357,True,False,,False,False,False,55837.0,55317.0,55600.0,,,P2,False
9358,True,False,,False,False,False,55837.0,55317.0,55600.0,,,P2,False
9359,True,False,,False,False,False,55837.0,53680.45,55600.0,,,P2,False
9360,True,False,,False,False,False,55837.0,53500.0,55600.0,,,P2,False
9361,True,False,,False,False,False,53500.0,53500.0,55600.0,,,P2,False
9362,True,False,,False,False,False,53500.0,53500.0,55600.0,,,P2,False
9363,True,False,,False,False,False,53500.0,53500.0,55600.0,,,P2,False
9364,True,False,,False,False,False,53500.0,53500.0,55600.0,,,P2,False
9365,True,False,,False,False,False,53500.0,53500.0,55600.0,,,P2,False
9366,True,False,,False,False,False,53500.0,53500.0,55600.0,,,P2,False
9367,True,False,,False,False,False,53500.0,53500.0,55600.0,,,P2,False
9368,True,False,,False,False,False,53500.0,53500.0,55600.0,,,P2,False
9369,True,False,,False,False,False,53500.0,53500.0,55600.0,,,P2,False
9370,True,True,swing|nbar,False,True,False,53666.6,53500.0,55600.0,53666.6,,P2,False
9371,True,False,,False,False,False,53666.6,53500.0,55600.0,,,P2,False
9372,True,False,,False,False,False,53666.6,53500.0,55600.0,,,P2,False
9373,False,False,,False,False,False,53666.6,53256.64,55600.0,,,P2,False
9374,False,False,,False,False,False,53256.64,53256.64,55600.0,,,P2,False
9375,False,False,,False,False,False,53256.64,53256.64,55600.0,,,P2,False
9376,False,False,,False,False,False,53256.64,53256.64,55600.0,,,P2,False
9377,False,False,,False,False,False,53256.64,53256.64,55600.0,,,P2,False
9378,False,False,,False,False,False,53256.64,53256.64,55600.0,,,P2,False
9379,False,False,,False,False,False,53256.64,53256.64,55600.0,,,P2,False
9380,False,False,,False,False,False,53256.64,53256.64,55600.0,,,P2,False
9381,False,False,,False,False,False,53256.64,53256.64,55600.0,,,P2,False
9382,False,False,,False,False,False,53256.64,53256.64,55600.0,,,P2,False
9383,False,False,,False,False,False,55875.55,53256.64,55718.5,,,P2,False
9384,False,False,,False,False,False,55875.55,53256.64,55718.5,,,P2,False
9385,False,False,,False,False,False,55875.55,53256.64,55718.5,,,P2,False
9386,False,False,,False,False,False,55875.55,53256.64,55718.5,,,P2,False
9387,False,False,,False,False,False,55875.55,53256.64,58373.0,,,P2,False
9388,False,False,,False,False,False,55875.55,53256.64,55718.5,,,P2,False
9389,False,False,,False,False,False,55875.55,53256.64,55718.5,,,P2,False
9390,False,False,,False,False,False,55875.55,53256.64,55718.5,,,P2,False
9391,False,False,,False,False,False,55875.55,53256.64,55718.5,,,P2,False
9392,False,False,,False,False,False,55875.55,53256.64,55718.5,,,P2,False
9393,False,False,,False,False,False,55875.55,53256.64,55718.5,,,P2,False
9394,False,False,,False,False,False,55777.77,53256.64,55777.77,,,P2,False
9395,False,False,,False,False,False,55777.77,53256.64,55777.77,,,P2,False
9396,False,False,,False,False,False,55777.77,53256.64,55777.77,,,P2,False
9397,False,False,,False,False,False,55777.77,53256.64,55777.77,,,P2,False
9398,False,False,,False,False,False,56001.0,53256.64,55837.0,,,P2,False
9399,False,False,,False,False,False,56001.0,53256.64,55837.0,,,P2,False
9400,True,False,,False,False,False,56001.0,53256.64,53500.0,,,P2,False
9401,True,True,nbar|zone,True,True,True,56001.0,53256.64,53500.0,53500.0,53256.64,P2,False
9402,True,False,,False,False,False,56001.0,53256.64,53500.0,,,P2,False
9403,True,False,,False,False,False,56001.0,53256.64,53500.0,,,P2,False
9404,True,False,,False,False,False,56001.0,51680.0,53500.0,,,P2,False
9405,True,False,,False,False,False,56001.0,51680.0,53500.0,,,P2,False
9406,False,False,,False,False,False,56001.0,42000.3,53500.0,,,P2,False
9407,False,False,,False,False,False,42000.3,42000.3,53500.0,,,P2,False
9408,False,False,,False,False,False,42000.3,42000.3,53500.0,,,P2,False
9409,False,False,,False,False,False,42000.3,42000.3,53500.0,,,P2,False
9410,False,False,,False,False,False,42000.3,42000.3,53500.0,,,P2,False
9411,False,False,,False,False,False,42000.3,42000.3,53500.0,,,P2,False
9412,False,False,,False,False,False,42000.3,42000.3,53500.0,,,P2,False
9413,False,False,,False,False,False,42000.3,42000.3,53500.0,,,P2,False
9414,False,False,,False,False,False,42000.3,42000.3,53500.0,,,P2,False
9415,True,False,,False,False,False,47727.21,42000.3,53500.0,,,P2,False
9416,True,True,swing,False,True,False,47727.21,42000.3,53500.0,47727.21,,P2,False
9417,True,False,,False,False,False,47727.21,42000.3,53500.0,,,P2,False
9418,True,False,,False,False,False,47727.21,42000.3,53500.0,,,P2,False
9419,False,False,,False,False,False,47727.21,42000.3,53500.0,,,P2,False
9420,False,False,,False,False,False,47100.0,42000.3,53500.0,,,P2,False
9421,False,False,,False,False,False,47100.0,42000.3,53500.0,,,P2,False
9422,False,False,,False,False,False,47100.0,42000.3,53500.0,,,P2,False
9423,False,False,,False,False,False,47100.0,42000.3,53500.0,,,P2,False
9424,False,False,,False,False,False,47100.0,42000.3,53500.0,,,P2,False
9425,False,False,,False,False,False,47100.0,42000.3,53500.0,,,P2,False
9426,False,False,,False,False,False,47100.0,42000.3,53500.0,,,P2,False
9427,False,False,,False,False,False,47100.0,42000.3,53500.0,,,P2,False
9428,False,False,,False,False,False,47100.0,42000.3,53500.0,,,P2,False
9429,False,False,,False,False,False,47100.0,42000.3,53500.0,,,P2,False
9430,False,False,,False,False,False,47100.0,42000.3,53500.0,,,P2,False
9431,False,False,,False,False,False,47100.0,42000.3,53500.0,,,P2,False
9432,False,False,,False,False,False,47100.0,42000.3,53500.0,,,P2,False
9433,False,False,,False,False,False,48600.0,42000.3,53500.0,,,P2,False
9434,False,False,,False,False,False,48600.0,42000.3,53500.0,,,P2,False
9435,True,False,,False,False,False,48600.0,42000.3,53500.0,,,P2,False
9436,True,False,,False,False,False,48600.0,42000.3,53500.0,,,P2,False
9437,True,False,,False,False,False,48600.0,42000.3,53500.0,,,P2,False
9438,True,False,,False,False,False,48600.0,42000.3,53500.0,,,P2,False
9439,True,False,,False,False,False,48600.0,42000.3,53500.0,,,P2,False
9440,True,False,,False,False,False,48600.0,42000.3,53500.0,,,P2,False
9441,True,False,,False,False,False,47320.0,42000.3,47320.0,,,P2,False
9442,True,True,swing|zone,False,True,False,47320.0,42000.3,47320.0,47320.0,,P2,False
9443,True,False,,False,False,False,47320.0,42000.3,47320.0,,,P2,False
9444,True,False,,False,False,False,47320.0,42000.3,47320.0,,,P2,False
9445,True,False,,False,False,False,47320.0,42000.3,47320.0,,,P2,False
9446,True,False,,False,False,False,47320.0,42000.3,47320.0,,,P2,False
9447,False,False,,False,False,False,47320.0,42000.3,47320.0,,,P2,False
9448,True,False,,False,False,False,46751.0,42000.3,47320.0,,,P2,False
9449,False,False,,False,False,False,46751.0,42000.3,47320.0,,,P2,False
9450,False,False,,False,False,False,46751.0,42000.3,47320.0,,,P2,False
9451,False,False,,False,False,False,46751.0,42000.3,47210.0,,,P2,False
9452,False,False,,False,False,False,46751.0,42000.3,47210.0,,,P2,False
9453,False,False,,False,False,False,46751.0,42000.3,47210.0,,,P2,False
9454,False,False,,False,False,False,46751.0,42000.3,47320.0,,,P2,False
9455,False,False,,False,False,False,46751.0,42000.3,47210.0,,,P2,False
9456,False,False,,False,False,False,46751.0,42000.3,47320.0,,,P2,False
9457,False,False,,False,False,False,46751.0,42000.3,47210.0,,,P2,False
9458,False,False,,False,False,False,46751.0,42000.3,47320.0,,,P2,False
9459,True,False,,False,False,False,46751.0,42000.3,47100.0,,,P2,False
9460,True,False,,False,False,False,46751.0,42000.3,47100.0,,,P2,False
9461,True,False,,False,False,False,46751.0,42000.3,47100.0,,,P2,False
9462,True,False,,False,False,False,46751.0,42000.3,47100.0,,,P2,False
9463,True,True,swing,False,True,False,46751.0,42000.3,47100.0,46751.0,,P2,False
9464,True,False,,False,False,False,45672.75,42000.3,47210.0,,,P2,False
9465,True,False,,False,False,False,45672.75,42000.3,47100.0,,,P2,False
9466,True,False,,False,False,False,45672.75,42000.3,47100.0,,,P2,False
9467,False,False,,False,False,False,45672.75,42000.3,47210.0,,,P2,False
9468,False,False,,False,False,False,45672.75,42000.3,47210.0,,,P2,False
9469,False,False,,False,False,False,45672.75,42000.3,47210.0,,,P2,False
9470,False,False,,False,False,False,45672.75,42000.3,47210.0,,,P2,False
9471,False,False,,False,False,False,45672.75,42000.3,47100.0,,,P2,False
9472,False,False,,False,False,False,45672.75,42000.3,47210.0,,,P2,False
9473,False,False,,False,False,False,45672.75,42000.3,47320.0,,,P2,False
9474,False,False,,False,False,False,45672.75,42000.3,47210.0,,,P2,False
9475,False,False,,False,False,False,45672.75,42000.3,47210.0,,,P2,False
9476,False,False,,False,False,False,46547.0,42000.3,47210.0,,,P2,False
9477,False,False,,False,False,False,46547.0,42000.3,47320.0,,,P2,False
9478,False,False,,False,False,False,46547.0,42000.3,47320.0,,,P2,False
9479,False,False,,False,False,False,46547.0,42000.3,47320.0,,,P2,False
9480,False,False,,False,False,False,46547.0,42000.3,47320.0,,,P2,False
9481,False,False,,False,False,False,46547.0,42000.3,46751.0,,,P2,False
9482,False,False,,False,False,False,46547.0,42000.3,47100.0,,,P2,False
9483,False,False,,False,False,False,46547.0,42000.3,46751.0,,,P2,False
9484,False,False,,False,False,False,46547.0,42000.3,46751.0,,,P2,False
9485,True,False,,False,False,False,46547.0,42000.3,46751.0,,,P2,False
9486,True,False,,False,False,False,46547.0,42000.3,46751.0,,,P2,False
9487,True,False,,False,False,False,45456.0,42000.3,46751.0,,,P2,False
9488,True,False,,False,False,False,45456.0,42000.3,46751.0,,,P2,False
9489,True,False,,False,False,False,45456.0,42000.3,46751.0,,,P2,False
9490,True,False,,False,False,False,45456.0,42000.3,46751.0,,,P2,False
9491,False,False,,False,False,False,45456.0,42000.3,46751.0,,,P2,False
9492,False,False,,False,False,False,45456.0,42000.3,47320.0,,,P2,False
9493,False,False,,False,False,False,45456.0,42000.3,47320.0,,,P2,False
9494,False,False,,False,False,False,45456.0,42000.3,47100.0,,,P2,False
9495,False,False,,False,False,False,45456.0,42000.3,47100.0,,,P2,False
9496,False,False,,False,False,False,45456.0,42000.3,46751.0,,,P2,False
9497,False,False,,False,False,False,45456.0,42000.3,46751.0,,,P2,False
9498,False,False,,False,False,False,45456.0,42000.3,46751.0,,,P2,False
9499,False,False,,False,False,False,45456.0,42000.3,46751.0,,,P2,False
9500,False,False,,False,False,False,45456.0,42000.3,46751.0,,,P2,False
9501,False,False,,False,False,False,45456.0,42000.3,46751.0,,,P2,False
9502,False,False,,False,False,False,45456.0,42000.3,46751.0,,,P2,False
9503,False,False,,False,False,False,45456.0,42000.3,46751.0,,,P2,False
9504,False,False,,False,False,False,45456.0,42000.3,47320.0,,,P2,False
9505,False,False,,False,False,False,45558.85,42000.3,47320.0,,,P2,False
9506,False,False,,False,False,False,45558.85,42000.3,47320.0,,,P2,False
9507,False,False,,False,False,False,45558.85,42000.3,47320.0,,,P2,False
9508,False,False,,False,False,False,45558.85,42000.3,47320.0,,,P2,False
9509,False,False,,False,False,False,45558.85,42000.3,47320.0,,,P2,False
9510,False,False,,False,False,False,45558.85,42000.3,47320.0,,,P2,False
9511,False,False,,False,False,False,45558.85,42000.3,47320.0,,,P2,False
9512,False,False,,False,False,False,45558.85,42000.3,47320.0,,,P2,False
9513,False,False,,False,False,False,45558.85,42000.3,47320.0,,,P2,False
9514,False,False,,False,False,False,45558.85,42000.3,47320.0,,,P2,False
9515,False,False,,False,False,False,45558.85,42000.3,47320.0,,,P2,False
9516,False,False,,False,False,False,45558.85,42000.3,47320.0,,,P2,False
9517,False,False,,False,False,False,45558.85,42000.3,47320.0,,,P2,False
9518,False,False,,False,False,False,45558.85,42000.3,47320.0,,,P2,False
9519,False,False,,False,False,False,45558.85,42000.3,47100.0,,,P2,False
9520,False,False,,False,False,False,47920.42,42000.3,47100.0,,,P2,False
9521,False,False,,False,False,False,47920.42,42000.3,47727.21,,,P2,False
9522,False,False,,False,False,False,47920.42,42000.3,47727.21,,,P2,False
9523,False,False,,False,False,False,47920.42,42000.3,47727.21,,,P2,False
9524,False,False,,False,False,False,47920.42,42000.3,47727.21,,,P2,False
9525,False,False,,False,False,False,47920.42,42000.3,47727.21,,,P2,False
9526,False,False,,False,False,False,47920.42,45456.0,47727.21,,,P2,False
9527,False,False,,False,False,False,47920.42,45456.0,47727.21,,,P2,False
9528,False,False,,False,False,False,47920.42,45456.0,47727.21,,,P2,False
9529,False,False,,False,False,False,50384.43,45456.0,47727.21,,,P2,False
9530,False,False,,False,False,False,50384.43,45456.0,47100.0,,,P2,False
9531,False,False,,False,False,False,50384.43,45456.0,47100.0,,,P2,False
9532,False,False,swing,False,True,False,50384.43,45456.0,47100.0,50384.43,,P2,False
9533,False,False,,False,False,False,50384.43,45456.0,47100.0,,,P2,False
9534,False,False,,False,False,False,50384.43,45456.0,47100.0,,,P2,False
9535,False,False,,False,False,False,50384.43,45456.0,47100.0,,,P2,False
9536,False,False,,False,False,False,50384.43,45456.0,47100.0,,,P2,False
9537,False,False,,False,False,False,50384.43,45456.0,47100.0,,,P2,False
9538,False,False,,False,False,False,50384.43,45456.0,47100.0,,,P2,False
9539,False,False,,False,False,False,50384.43,45456.0,47100.0,,,P2,False
9540,False,False,,False,False,False,49412.0,45456.0,47100.0,,,P2,False
9541,False,False,,False,False,False,49412.0,45456.0,47100.0,,,P2,False
9542,False,False,,False,False,False,49412.0,45456.0,47100.0,,,P2,False
9543,False,False,,False,False,False,49412.0,45456.0,47100.0,,,P2,False
9544,False,False,,False,False,False,49412.0,45456.0,47100.0,,,P2,False
9545,False,False,,False,False,False,49412.0,45456.0,47100.0,,,P2,False
9546,False,False,,False,False,False,49412.0,45456.0,47100.0,,,P2,False
9547,False,False,,False,False,False,49412.0,45456.0,47100.0,,,P2,False
9548,False,False,,False,False,False,49412.0,45456.0,47727.21,,,P2,False
9549,False,False,,False,False,False,49412.0,45456.0,47100.0,,,P2,False
9550,False,False,,False,False,False,49412.0,45456.0,47320.0,,,P2,False
9551,False,False,,False,False,False,49412.0,45456.0,47320.0,,,P2,False
9552,False,False,,False,False,False,49412.0,45456.0,47727.21,,,P2,False
9553,False,False,,False,False,False,49412.0,45456.0,47320.0,,,P2,False
9554,False,False,,False,False,False,47313.01,45456.0,47523.604999999996,,,P2,False
9555,False,False,swing|zone,False,True,True,47313.01,45456.0,47523.604999999996,47523.604999999996,47523.604999999996,P2,False
9556,False,False,,False,False,False,47313.01,45456.0,46751.0,,,P2,False
9557,False,False,,False,False,False,47313.01,45456.0,45558.85,,,P2,False
9558,False,False,,False,False,False,47313.01,45456.0,45558.85,,,P2,False
9559,False,False,,False,False,False,47313.01,45456.0,46751.0,,,P2,False
9560,False,False,,False,False,False,47313.01,45456.0,47316.505000000005,,,P2,False
9561,False,False,,False,False,False,47313.01,45456.0,46751.0,,,P2,False
9562,False,False,,False,False,False,45900.0,45456.0,47523.604999999996,,,P2,False
9563,False,False,,False,False,False,45900.0,45456.0,46751.0,,,P2,False
9564,False,False,,False,False,False,45900.0,45456.0,46751.0,,,P2,False
9565,False,False,,False,False,False,45900.0,45456.0,46751.0,,,P2,False
9566,False,False,,False,False,False,45900.0,45456.0,47523.604999999996,,,P2,False
9567,False,False,,False,False,False,45900.0,45456.0,47523.604999999996,,,P2,False
9568,True,False,,False,False,False,45900.0,45456.0,45672.75,,,P2,False
9569,False,False,,False,False,False,45900.0,45456.0,45615.8,,,P2,False
9570,False,False,,False,False,False,45900.0,45456.0,46751.0,,,P2,False
9571,False,False,,False,False,False,45900.0,45456.0,46751.0,,,P2,False
9572,False,False,,False,False,False,45900.0,45456.0,46751.0,,,P2,False
9573,False,False,,False,False,False,45678.0,45456.0,47206.505000000005,,,P2,False
9574,False,False,,False,False,False,45678.0,45456.0,47316.505000000005,,,P2,False
9575,False,False,,False,False,False,45678.0,45456.0,47523.604999999996,,,P2,False
9576,False,False,,False,False,False,45678.0,45456.0,47316.505000000005,,,P2,False
9577,False,False,,False,False,False,45678.0,45456.0,46751.0,,,P2,False
9578,False,False,,False,False,False,45678.0,45456.0,47206.505000000005,,,P2,False
9579,False,False,,False,False,False,45678.0,45456.0,47316.505000000005,,,P2,False
9580,False,False,,False,False,False,45678.0,45456.0,46751.0,,,P2,False
9581,False,False,,False,False,False,45678.0,45456.0,47206.505000000005,,,P2,False
9582,False,False,,False,False,False,45678.0,45456.0,46751.0,,,P2,False
9583,False,False,,False,False,False,45678.0,45456.0,46751.0,,,P2,False
9584,False,False,,False,False,False,46654.0,45456.0,47313.01,,,P2,False
9585,False,False,,False,False,False,46654.0,45456.0,46654.0,,,P2,False
9586,False,False,,False,False,False,46654.0,45456.0,45675.375,,,P2,False
9587,False,False,,False,False,False,46654.0,45456.0,45675.375,,,P2,False
9588,False,False,,False,False,False,46654.0,45456.0,45675.375,,,P2,False
9589,False,False,,False,False,False,46654.0,45456.0,45675.375,,,P2,False
9590,False,False,,False,False,False,46654.0,45456.0,46702.5,,,P2,False
9591,False,False,,False,False,False,45696.0,45456.0,46702.5,,,P2,False
9592,False,False,,False,False,False,45696.0,45456.0,45678.0,,,P2,False
9593,False,False,,False,False,False,45696.0,45456.0,45678.0,,,P2,False
9594,False,False,,False,False,False,45696.0,45456.0,45678.0,,,P2,False
9595,False,False,,False,False,False,45696.0,45456.0,45678.0,,,P2,False
9596,False,False,,False,False,False,45500.0,45456.0,45678.0,,,P2,False
9597,False,False,,False,False,False,45500.0,45456.0,45678.0,,,P2,False
9598,True,False,,False,False,False,45500.0,45456.0,45615.8,,,P2,False
9599,True,False,,False,False,False,45500.0,45456.0,45672.75,,,P2,False
9600,True,False,,False,False,False,45500.0,45456.0,45672.75,,,P2,False
9601,True,False,,False,False,False,45500.0,44500.0,45672.75,,,P2,False
9602,True,False,,False,False,False,45500.0,42500.0,45672.75,,,P2,False
9603,True,False,,False,False,False,45500.0,42500.0,45672.75,,,P2,False
9604,True,False,,False,False,False,45500.0,42500.0,45672.75,,,P2,False
9605,True,False,,False,False,False,45500.0,42430.58,45672.75,,,P2,False
9606,True,False,,False,False,False,42430.58,42430.58,45672.75,,,P2,False
9607,True,False,,False,False,False,42430.58,42430.58,45672.75,,,P2,False
9608,True,False,,False,False,False,42430.58,42430.58,45672.75,,,P2,False
9609,True,False,,False,False,False,42430.58,41577.77,45672.75,,,P2,False
9610,True,False,,False,False,False,42430.58,41000.0,45672.75,,,P2,False
9611,True,False,,False,False,False,42430.58,41000.0,45672.75,,,P2,False
9612,True,False,,False,False,False,42430.58,40610.0,45672.75,,,P2,False
9613,True,False,,False,False,False,40610.0,40610.0,45672.75,,,P2,False
9614,False,False,,False,False,False,40610.0,40610.0,45672.75,,,P2,False
9615,True,False,,False,False,False,40610.0,40610.0,45672.75,,,P2,False
9616,True,False,,False,False,False,40610.0,40610.0,45672.75,,,P2,False
9617,True,False,,False,False,False,40610.0,40610.0,45672.75,,,P2,False
9618,True,False,,False,False,False,40610.0,40610.0,45672.75,,,P2,False
9619,True,False,,False,False,False,40610.0,40501.0,45672.75,,,P2,False
9620,False,False,,False,False,False,40501.0,40501.0,45672.75,,,P2,False
9621,True,False,,False,False,False,40501.0,40501.0,45672.75,,,P2,False
9622,True,False,,False,False,False,40501.0,40501.0,45672.75,,,P2,False
9623,True,False,,False,False,False,40501.0,40501.0,45672.75,,,P2,False
9624,False,False,,False,False,False,40501.0,40501.0,45672.75,,,P2,False
9625,True,False,,False,False,False,41200.02,40501.0,45672.75,,,P2,False
9626,True,False,,False,False,False,41200.02,40501.0,45615.8,,,P2,False
9627,True,True,nbar,True,True,True,41200.02,40501.0,45615.8,40501.0,40501.0,P2,False
9628,True,False,,False,False,False,41200.02,40501.0,45672.75,,,P2,False
9629,True,False,,False,False,False,41200.02,40501.0,45672.75,,,P2,False
9630,False,False,,False,False,False,41200.02,39650.0,45672.75,,,P2,False
9631,False,False,,False,False,False,39650.0,39650.0,45672.75,,,P2,False
9632,False,False,,False,False,False,39650.0,39650.0,45672.75,,,P2,False
9633,False,False,,False,False,False,39650.0,39650.0,45672.75,,,P2,False
9634,False,False,,False,False,False,39650.0,39650.0,45672.75,,,P2,False
9635,False,False,,False,False,False,39650.0,39650.0,45672.75,,,P2,False
9636,False,False,,False,False,False,39650.0,39650.0,45672.75,,,P2,False
9637,False,False,,False,False,False,41268.93,39650.0,45672.75,,,P2,False
9638,False,False,,False,False,False,41268.93,39650.0,45615.8,,,P2,False
9639,False,False,,False,False,False,41268.93,39650.0,45615.8,,,P2,False
9640,False,False,,False,False,False,41268.93,39650.0,45672.75,,,P2,False
9641,False,False,,False,False,False,41268.93,39650.0,45615.8,,,P2,False
9642,False,False,,False,False,False,41268.93,39650.0,45615.8,,,P2,False
9643,False,False,,False,False,False,41268.93,39650.0,45615.8,,,P2,False
9644,False,False,,False,False,False,41268.93,39650.0,45615.8,,,P2,False
9645,False,False,,False,False,False,41268.93,39650.0,45615.8,,,P2,False
9646,False,False,,False,False,False,41268.93,39650.0,45615.8,,,P2,False
9647,False,False,,False,False,False,41268.93,39650.0,45615.8,,,P2,False
9648,False,False,,False,False,False,41268.93,39650.0,45615.8,,,P2,False
9649,False,False,,False,False,False,41268.93,39650.0,45615.8,,,P2,False
9650,False,False,,False,False,False,41268.93,39650.0,45615.8,,,P2,False
9651,False,False,,False,False,False,41268.93,39650.0,45615.8,,,P2,False
9652,False,False,,False,False,False,41268.93,39650.0,45615.8,,,P2,False
9653,False,False,,False,False,False,41268.93,39650.0,45615.8,,,P2,False
9654,False,False,,False,False,False,41268.93,39650.0,45615.8,,,P2,False
9655,False,False,,False,False,False,41725.95,39650.0,45615.8,,,P2,False
9656,False,False,,False,False,False,41725.95,39650.0,45615.8,,,P2,False
9657,False,False,,False,False,False,41725.95,39650.0,45615.8,,,P2,False
9658,False,False,,False,False,False,41725.95,39650.0,45615.8,,,P2,False
9659,False,False,,False,False,False,41725.95,39650.0,45615.8,,,P2,False
9660,False,False,,False,False,False,41725.95,39650.0,45615.8,,,P2,False
9661,False,False,,False,False,False,42555.0,39650.0,45615.8,,,P2,False
9662,False,False,,False,False,False,42555.0,39650.0,45615.8,,,P2,False
9663,False,False,,False,False,False,42555.0,39650.0,45615.8,,,P2,False
9664,False,False,,False,False,False,42555.0,39650.0,45615.8,,,P2,False
9665,False,False,,False,False,False,42555.0,39650.0,45615.8,,,P2,False
9666,False,False,,False,False,False,42555.0,39650.0,45615.8,,,P2,False
9667,False,False,swing|zone,False,True,False,42581.79,39650.0,42555.0,42581.79,,P2,False
9668,False,False,,False,False,False,42581.79,39650.0,42555.0,,,P2,False
9669,False,False,,False,False,False,42581.79,39650.0,42555.0,,,P2,False
9670,False,False,,False,False,False,42581.79,39650.0,42555.0,,,P2,False
9671,False,False,,False,False,False,42581.79,39650.0,42555.0,,,P2,False
9672,False,False,,False,False,False,42581.79,39650.0,42555.0,,,P2,False
9673,False,False,,False,False,False,42581.79,39650.0,42555.0,,,P2,False
9674,False,False,,False,False,False,42581.79,39650.0,42555.0,,,P2,False
9675,False,False,,False,False,False,42581.79,39650.0,42555.0,,,P2,False
9676,False,False,,False,False,False,42581.79,39650.0,42555.0,,,P2,False
9677,True,False,,False,False,False,42581.79,39650.0,42555.0,,,P2,False
9678,False,False,,False,False,False,42581.79,39650.0,42555.0,,,P2,False
9679,True,False,,False,False,False,41250.0,39650.0,41250.0,,,P2,False
9680,False,False,,False,False,False,41250.0,39650.0,41250.0,,,P2,False
9681,False,False,,False,False,False,41250.0,39650.0,41250.0,,,P2,False
9682,True,False,,False,False,False,41250.0,39650.0,41250.0,,,P2,False
9683,True,False,,False,False,False,41250.0,39650.0,41250.0,,,P2,False
9684,False,False,,False,False,False,41138.56,39650.0,41225.009999999995,,,P2,False
9685,False,False,,False,False,False,41138.56,39650.0,41225.009999999995,,,P2,False
9686,False,False,,False,False,False,41138.56,39650.0,41225.009999999995,,,P2,False
9687,False,False,,False,False,False,41138.56,39650.0,42555.0,,,P2,False
9688,False,False,,False,False,False,41138.56,39650.0,42555.0,,,P2,False
9689,True,False,,False,False,False,41138.56,39650.0,41225.009999999995,,,P2,False
9690,True,False,,False,False,False,41138.56,39650.0,41225.009999999995,,,P2,False
9691,True,False,,False,False,False,41138.56,39650.0,41225.009999999995,,,P2,False
9692,True,False,,False,False,False,41138.56,39650.0,41225.009999999995,,,P2,False
9693,True,True,nbar,True,True,True,41138.56,38220.0,41225.009999999995,38220.0,38220.0,P2,False
9694,True,False,,False,False,False,41138.56,38220.0,41225.009999999995,,,P2,False
9695,True,False,,False,False,False,41138.56,38220.0,41225.009999999995,,,P2,False
9696,True,False,,False,False,False,41138.56,37710.0,40610.0,,,P2,False
9697,True,False,,False,False,False,41138.56,37710.0,40610.0,,,P2,False
9698,True,False,,True,False,True,41138.56,35440.45,40610.0,,35440.45,P2,False
9699,True,False,,False,False,False,41138.56,35440.45,40610.0,,,P2,False
9700,True,False,,False,False,False,41138.56,35112.84,40874.28,,,P2,False
9701,True,False,,False,False,False,41138.56,34008.0,40874.28,,,P2,False
9702,True,False,,False,False,False,34008.0,34008.0,40874.28,,,P2,False
9703,True,False,,False,False,False,34008.0,34008.0,40610.0,,,P2,False
9704,False,False,,False,False,False,34008.0,34008.0,40610.0,,,P2,False
9705,False,False,,False,False,False,34008.0,34008.0,40610.0,,,P2,False
9706,True,False,,False,False,False,34008.0,34008.0,40610.0,,,P2,False
9707,True,False,,False,False,False,34008.0,34008.0,40610.0,,,P2,False
9708,True,False,,False,False,False,34008.0,34008.0,40610.0,,,P2,False
9709,True,False,,False,False,False,34008.0,34008.0,40610.0,,,P2,False
9710,True,False,,False,False,False,34601.01,34008.0,40610.0,,,P2,False
9711,True,False,,False,False,False,34601.01,34008.0,40874.28,,,P2,False
9712,True,False,,False,False,False,34601.01,34008.0,40874.28,,,P2,False
9713,True,False,,False,False,False,34601.01,33029.54,40610.0,,,P2,False
9714,False,False,,False,False,False,34601.01,32917.17,40610.0,,,P2,False
9715,False,False,,False,False,False,32917.17,32917.17,40610.0,,,P2,False
9716,False,False,,False,False,False,32917.17,32917.17,40874.28,,,P2,False
9717,False,False,,False,False,False,32917.17,32917.17,40874.28,,,P2,False
9718,False,False,,False,False,False,32917.17,32917.17,40874.28,,,P2,False
9719,False,False,,False,False,False,32917.17,32917.17,40874.28,,,P2,False
9720,False,False,,False,False,False,32917.17,32917.17,40610.0,,,P2,False
9721,False,False,,False,False,False,32917.17,32917.17,40610.0,,,P2,False
9722,False,False,,False,False,False,32917.17,32917.17,40610.0,,,P2,False
9723,False,False,,False,False,False,32917.17,32917.17,40610.0,,,P2,False
9724,False,False,,False,False,False,32917.17,32917.17,40610.0,,,P2,False
9725,False,False,,False,False,False,32917.17,32917.17,40610.0,,,P2,False
9726,False,False,,False,False,False,32917.17,32917.17,40610.0,,,P2,False
9727,False,False,,False,False,False,32917.17,32917.17,40874.28,,,P2,False
9728,False,False,,False,False,False,32917.17,32917.17,40610.0,,,P2,False
9729,False,False,,False,False,False,32917.17,32917.17,40610.0,,,P2,False
9730,False,False,,False,False,False,35507.01,32917.17,40610.0,,,P2,False
9731,False,False,,False,False,False,35507.01,32917.17,40610.0,,,P2,False
9732,False,False,,False,False,False,35507.01,32917.17,40610.0,,,P2,False
9733,False,False,,False,False,False,35507.01,32917.17,40610.0,,,P2,False
9734,False,False,,False,False,False,35507.01,32917.17,40610.0,,,P2,False
9735,False,False,,False,False,False,35538.75,32917.17,40610.0,,,P2,False
9736,False,False,,False,False,False,35538.75,32917.17,40610.0,,,P2,False
9737,False,False,,False,False,False,35538.75,32917.17,41225.009999999995,,,P2,False
9738,False,False,,False,False,False,35538.75,32917.17,41225.009999999995,,,P2,False
9739,False,False,,False,False,False,36155.01,32917.17,41225.009999999995,,,P2,False
9740,False,False,,False,False,False,36155.01,32917.17,41225.009999999995,,,P2,False
9741,False,False,,False,False,False,36155.01,32917.17,41225.009999999995,,,P2,False
9742,False,False,,False,False,False,36155.01,32917.17,41225.009999999995,,,P2,False
9743,False,False,,False,False,False,36155.01,32917.17,41225.009999999995,,,P2,False
9744,False,False,,False,False,False,36155.01,32917.17,41225.009999999995,,,P2,False
9745,False,False,,False,False,False,37268.44,32917.17,41225.009999999995,,,P2,False
9746,False,False,,False,False,False,37268.44,32917.17,41225.009999999995,,,P2,False
9747,False,False,,False,False,False,37268.44,32917.17,41225.009999999995,,,P2,False
9748,False,False,,False,False,False,37268.44,32917.17,41225.009999999995,,,P2,False
9749,False,False,,False,False,False,37268.44,32917.17,41225.009999999995,,,P2,False
9750,False,False,,False,False,False,37268.44,32917.17,41225.009999999995,,,P2,False
9751,False,False,,False,False,False,37268.44,32917.17,41225.009999999995,,,P2,False
9752,False,False,,False,False,False,37268.44,32917.17,41225.009999999995,,,P2,False
9753,False,False,,False,False,False,37268.44,32917.17,41225.009999999995,,,P2,False
9754,False,False,,False,False,False,36632.61,32917.17,41225.009999999995,,,P2,False
9755,False,False,,False,False,False,36632.61,32917.17,41225.009999999995,,,P2,False
9756,False,False,,False,False,False,36632.61,32917.17,41225.009999999995,,,P2,False
9757,False,False,,False,False,False,36632.61,32917.17,41225.009999999995,,,P2,False
9758,False,False,,False,False,False,36632.61,32917.17,41225.009999999995,,,P2,False
9759,False,False,,False,False,False,36632.61,32917.17,41225.009999999995,,,P2,False
9760,False,False,,False,False,False,36632.61,32917.17,41225.009999999995,,,P2,False
9761,False,False,,False,False,False,36632.61,32917.17,41225.009999999995,,,P2,False
9762,False,False,,False,False,False,38000.0,32917.17,41225.009999999995,,,P2,False
9763,False,False,,False,False,False,38000.0,32917.17,41225.009999999995,,,P2,False
9764,False,False,,False,False,False,38000.0,32917.17,41225.009999999995,,,P2,False
9765,False,False,,False,False,False,38000.0,32917.17,41225.009999999995,,,P2,False
9766,False,False,,False,False,False,38000.0,32917.17,41225.009999999995,,,P2,False
9767,False,False,,False,False,False,38000.0,32917.17,41225.009999999995,,,P2,False
9768,False,False,,False,False,False,38000.0,32917.17,41225.009999999995,,,P2,False
9769,False,False,,False,False,False,38000.0,32917.17,41225.009999999995,,,P2,False
9770,False,False,,False,False,False,38000.0,32917.17,41225.009999999995,,,P2,False
9771,False,False,,False,False,False,38000.0,32917.17,41225.009999999995,,,P2,False
9772,False,False,,False,False,False,38000.0,32917.17,41225.009999999995,,,P2,False
9773,False,False,,False,False,False,38000.0,32917.17,41225.009999999995,,,P2,False
9774,False,False,,False,False,False,38000.0,32917.17,41225.009999999995,,,P2,False
9775,False,False,,False,False,False,36250.0,32917.17,41225.009999999995,,,P2,False
9776,False,False,,False,False,False,36250.0,32917.17,41225.009999999995,,,P2,False
9777,False,False,,False,False,False,36250.0,32917.17,41225.009999999995,,,P2,False
9778,False,False,,False,False,False,36250.0,32917.17,36250.0,,,P2,False
9779,False,False,,False,False,False,36250.0,32917.17,41225.009999999995,,,P2,False
9780,False,False,,False,False,False,36250.0,32917.17,41250.0,,,P2,False
9781,False,False,,False,False,False,36250.0,32917.17,41225.009999999995,,,P2,False
9782,False,False,,False,False,False,36250.0,32917.17,41225.009999999995,,,P2,False
9783,False,False,,False,False,False,36250.0,32917.17,41225.009999999995,,,P2,False
9784,False,False,zone,False,True,False,36250.0,32917.17,41225.009999999995,41225.009999999995,,P2,False
9785,False,False,,False,False,False,36250.0,32917.17,41225.009999999995,,,P2,False
9786,False,False,,False,False,False,36250.0,32917.17,41225.009999999995,,,P2,False
9787,False,False,,False,False,False,36250.0,32917.17,41225.009999999995,,,P2,False
9788,False,False,,False,False,False,40843.01,32917.17,41225.009999999995,,,P2,False
9789,False,False,zone,False,True,False,40843.01,32917.17,41225.009999999995,41225.009999999995,,P2,False
9790,False,False,,False,False,False,40843.01,32917.17,41225.009999999995,,,P2,False
9791,False,False,,False,False,False,40843.01,32917.17,41225.009999999995,,,P2,False
9792,False,False,zone,False,True,False,40843.01,32917.17,42555.0,42555.0,,P2,False
9793,False,False,,False,False,False,41116.56,32917.17,42555.0,,,P2,False
9794,False,False,zone,False,True,False,41116.56,32917.17,42555.0,42555.0,,P2,False
9795,False,False,,False,False,False,41116.56,32917.17,42555.0,,,P2,False
9796,False,False,,False,False,False,41116.56,32917.17,42555.0,,,P2,False
9797,False,False,,False,False,False,41116.56,32917.17,42555.0,,,P2,False
9798,False,False,,False,False,False,41116.56,32917.17,42555.0,,,P2,False
9799,False,False,,False,False,False,41116.56,32917.17,42555.0,,,P2,False
9800,False,False,,False,False,False,41116.56,32917.17,42555.0,,,P2,False
9801,False,False,,False,False,False,41116.56,32917.17,42555.0,,,P2,False
9802,False,False,,False,False,False,41116.56,32917.17,42555.0,,,P2,False
9803,False,False,,False,False,False,41116.56,32917.17,42555.0,,,P2,False
9804,False,False,,False,False,False,41116.56,32917.17,42555.0,,,P2,False
9805,False,False,,False,False,False,41116.56,32917.17,42555.0,,,P2,False
9806,False,False,,False,False,False,42666.0,32917.17,42568.395000000004,,,P2,False
9807,False,False,,False,False,False,42666.0,32917.17,42568.395000000004,,,P2,False
9808,False,False,,False,False,False,42666.0,32917.17,42568.395000000004,,,P2,False
9809,False,False,,False,False,False,42666.0,32917.17,42568.395000000004,,,P2,False
9810,False,False,,False,False,False,42666.0,32917.17,42568.395000000004,,,P2,False
9811,False,False,,False,False,False,42666.0,32917.17,42568.395000000004,,,P2,False
9812,False,False,,False,False,False,42666.0,32917.17,42568.395000000004,,,P2,False
9813,False,False,,False,False,True,42666.0,32917.17,42568.395000000004,,,P2,False
9814,False,False,,False,False,False,42666.0,32917.17,42568.395000000004,,,P2,False
9815,False,False,,False,False,False,42666.0,32917.17,42568.395000000004,,,P2,False
9816,False,False,swing,False,True,False,42666.0,32917.17,42568.395000000004,42666.0,,P2,False
9817,False,False,,False,False,False,42666.0,32917.17,42568.395000000004,,,P2,False
9818,False,False,,False,False,False,42666.0,32917.17,42568.395000000004,,,P2,False
9819,False,False,,False,False,False,42666.0,32917.17,42568.395000000004,,,P2,False
9820,False,False,,False,False,False,42600.0,32917.17,42581.79,,,P2,False
9821,False,False,,False,False,False,42600.0,32917.17,41268.93,,,P2,False
9822,False,False,,False,False,False,42600.0,32917.17,41268.93,,,P2,False
9823,False,False,,False,False,False,42600.0,32917.17,41268.93,,,P2,False
9824,False,False,,False,False,False,42600.0,32917.17,41268.93,,,P2,False
9825,False,False,,False,False,False,42600.0,32917.17,41200.02,,,P2,False
9826,False,False,,False,False,False,42600.0,32917.17,42581.79,,,P2,False
9827,False,False,,False,False,False,41688.88,32917.17,41688.88,,,P2,False
9828,False,False,,False,False,False,41688.88,32917.17,41688.88,,,P2,False
9829,False,False,,False,False,False,41688.88,32917.17,41478.905,,,P2,False
9830,False,False,,False,False,False,41688.88,32917.17,41688.88,,,P2,False
9831,False,False,,False,False,False,41700.0,32917.17,41700.0,,,P2,False
9832,False,False,,False,False,False,41700.0,32917.17,41700.0,,,P2,False
9833,False,False,,False,False,False,41700.0,32917.17,41700.0,,,P2,False
9834,False,False,,False,False,False,41700.0,33803.13,41700.0,,,P2,False
9835,False,False,,False,False,False,41700.0,35507.01,41700.0,,,P2,False
9836,False,False,,False,False,False,41700.0,35507.01,41700.0,,,P2,False
9837,False,False,,False,False,False,41700.0,35507.01,42581.79,,,P2,False
9838,False,False,,False,False,False,41550.56,35507.01,41694.44,,,P2,False
9839,False,False,,False,False,False,41550.56,35507.01,41694.44,,,P2,False
9840,False,False,,False,False,False,41550.56,35507.01,42581.79,,,P2,False
9841,False,False,,False,False,False,41550.56,35507.01,42581.79,,,P2,False
9842,False,False,,False,False,False,41550.56,35507.01,42581.79,,,P2,False
9843,False,False,,False,False,False,41550.56,35507.01,42590.895000000004,,,P2,False
9844,False,False,,False,False,False,41550.56,35507.01,42590.895000000004,,,P2,False
9845,False,False,,False,False,False,41550.56,35507.01,42590.895000000004,,,P2,False
9846,False,False,,False,False,False,41550.56,35507.01,42590.895000000004,,,P2,False
9847,False,False,,False,False,False,41550.56,35507.01,42590.895000000004,,,P2,False
9848,False,False,,False,False,False,41550.56,35507.01,42590.895000000004,,,P2,False
9849,False,False,,False,False,False,41550.56,35538.75,42590.895000000004,,,P2,False
9850,False,False,,False,False,False,41550.56,35538.75,42590.895000000004,,,P2,False
9851,False,False,,False,False,False,41550.56,35538.75,42590.895000000004,,,P2,False
9852,False,False,,False,False,False,41550.56,35538.75,42590.895000000004,,,P2,False
9853,False,False,,False,False,False,43307.0,35538.75,42590.895000000004,,,P2,False
9854,False,False,,False,False,False,43307.0,36155.01,42590.895000000004,,,P2,False
9855,False,False,,False,False,False,43307.0,36155.01,41694.44,,,P2,False
9856,False,False,,False,False,False,43307.0,36155.01,41200.02,,,P2,False
9857,False,False,,False,False,False,43307.0,36155.01,36250.0,,,P2,False
9858,False,False,,False,False,False,43307.0,36250.0,36250.0,,,P2,False
9859,False,False,,False,False,False,43307.0,36250.0,36250.0,,,P2,False
9860,False,False,,False,False,False,43307.0,36250.0,36250.0,,,P2,False
9861,True,False,,False,False,False,40073.21,36250.0,36250.0,,,P2,False
9862,True,False,,False,False,False,40073.21,36250.0,36250.0,,,P2,False
9863,True,False,,False,False,False,40073.21,36250.0,36250.0,,,P2,False
9864,True,False,,False,False,False,40073.21,36250.0,36250.0,,,P2,False
9865,True,False,,False,False,False,40073.21,36250.0,36250.0,,,P2,False
9866,True,False,,False,False,False,39450.0,36250.0,36250.0,,,P2,False
9867,True,False,,False,False,False,39450.0,36250.0,41116.56,,,P2,False
9868,True,False,,False,False,False,39450.0,36250.0,41116.56,,,P2,False
9869,True,False,,False,False,False,39450.0,36250.0,41116.56,,,P2,False
9870,True,False,,False,False,False,39450.0,36250.0,41116.56,,,P2,False
9871,False,False,,False,False,False,39639.03,36250.0,41116.56,,,P2,False
9872,False,False,,False,False,False,39639.03,36250.0,41116.56,,,P2,False
9873,False,False,,False,False,False,39639.03,36250.0,41116.56,,,P2,False
9874,False,False,,False,False,False,39639.03,36250.0,41116.56,,,P2,False
9875,False,False,,False,False,False,39639.03,36250.0,41116.56,,,P2,False
9876,False,False,,False,False,False,38000.0,36250.0,41116.56,,,P2,False
9877,False,False,,False,False,False,38000.0,36250.0,41116.56,,,P2,False
9878,True,False,,False,False,False,38000.0,36250.0,41116.56,,,P2,False
9879,False,False,,False,False,False,38000.0,36250.0,36250.0,,,P2,False
9880,True,False,,False,False,False,38000.0,36250.0,36250.0,,,P2,False
9881,True,False,,False,False,False,38000.0,36250.0,36250.0,,,P2,False
9882,True,False,,False,False,False,38000.0,36250.0,36250.0,,,P2,False
9883,True,False,,False,False,False,38000.0,36250.0,36250.0,,,P2,False
9884,True,False,,False,False,False,38000.0,36250.0,36250.0,,,P2,False
9885,True,False,,False,False,False,38000.0,36250.0,36250.0,,,P2,False
9886,True,False,,False,False,False,36350.0,36250.0,36300.0,,,P2,False
9887,False,False,,False,False,False,36350.0,36250.0,36300.0,,,P2,False
9888,False,False,,False,False,False,36350.0,36250.0,36300.0,,,P2,False
9889,False,False,,False,False,False,36350.0,36250.0,36300.0,,,P2,False
9890,False,False,,False,False,False,36350.0,36250.0,36350.0,,,P2,False
9891,False,False,,False,False,False,36350.0,36250.0,36350.0,,,P2,False
9892,False,False,,False,False,False,36350.0,36250.0,36350.0,,,P2,False
9893,True,False,,False,False,False,36350.0,36250.0,36350.0,,,P2,False
9894,True,False,,False,False,False,36350.0,36270.0,36250.0,,,P2,False
9895,True,False,,False,False,False,36350.0,36270.0,36300.0,,,P2,False
9896,True,False,,False,False,False,36350.0,36350.0,36300.0,,,P2,False
9897,True,False,,False,False,False,36350.0,34720.53,36300.0,,,P2,False
9898,True,False,,False,False,False,36350.0,34322.28,36300.0,,,P2,False
9899,False,False,,False,False,False,34322.28,34322.28,36300.0,,,P2,False
9900,False,False,,False,False,False,34322.28,34322.28,36300.0,,,P2,False
9901,False,False,,False,False,False,34322.28,34322.28,36300.0,,,P2,False
9902,False,False,,False,False,False,34322.28,34322.28,36300.0,,,P2,False
9903,False,False,,False,False,False,34322.28,34322.28,36300.0,,,P2,False
9904,False,False,,False,False,False,34322.28,34322.28,36300.0,,,P2,False
9905,False,False,,False,False,False,34322.28,34322.28,36300.0,,,P2,False
9906,False,False,,False,False,False,34322.28,34322.28,36300.0,,,P2,False
9907,False,False,,False,False,False,34322.28,34322.28,36300.0,,,P2,False
9908,False,False,,False,False,False,34322.28,34322.28,36300.0,,,P2,False
9909,False,False,,False,False,False,34322.28,34322.28,36300.0,,,P2,False
9910,False,False,,False,False,False,34322.28,34322.28,36300.0,,,P2,False
9911,False,False,,False,False,False,34322.28,34322.28,36300.0,,,P2,False
9912,False,False,,False,False,False,38573.18,34322.28,36300.0,,,P2,False
9913,False,False,,False,False,False,38573.18,34322.28,36300.0,,,P2,False
9914,False,False,,False,False,False,38573.18,34322.28,36300.0,,,P2,False
9915,False,False,,False,False,False,38573.18,34322.28,36350.0,,,P2,False
9916,False,False,,False,False,False,38189.19,34322.28,36300.0,,,P2,False
9917,False,False,,False,False,False,38189.19,34322.28,36300.0,,,P2,False
9918,False,False,,False,False,False,38189.19,34322.28,36300.0,,,P2,False
9919,False,False,,False,False,False,38189.19,34322.28,38094.595,,,P2,False
9920,False,False,,False,False,False,38189.19,34322.28,38094.595,,,P2,False
9921,False,False,,False,False,False,37000.0,34322.28,39639.03,,,P2,False
9922,False,False,,False,False,False,37000.0,34322.28,39639.03,,,P2,False
9923,False,False,,False,False,False,37000.0,34322.28,41688.88,,,P2,False
9924,False,False,,False,False,False,37000.0,34322.28,41619.72,,,P2,False
9925,False,False,,False,False,False,37000.0,34322.28,41619.72,,,P2,False
9926,False,False,,False,False,False,37000.0,34322.28,41619.72,,,P2,False
9927,False,False,,False,False,False,37000.0,34322.28,41619.72,,,P2,False
9928,False,False,,False,False,False,37000.0,34322.28,41619.72,,,P2,False
9929,False,False,,False,False,False,37000.0,34322.28,41619.72,,,P2,False
9930,False,False,,False,False,False,37000.0,34322.28,41619.72,,,P2,False
9931,False,False,,False,False,False,37000.0,34322.28,41688.88,,,P2,False
9932,False,False,,False,False,False,37000.0,34322.28,41688.88,,,P2,False
9933,False,False,,False,False,False,37000.0,34322.28,41688.88,,,P2,False
9934,False,False,,False,False,False,37000.0,34322.28,41688.88,,,P2,False
9935,False,False,,False,False,False,37000.0,34322.28,41688.88,,,P2,False
9936,False,False,,False,False,False,37000.0,34322.28,41688.88,,,P2,False
9937,False,False,,False,False,False,37000.0,34322.28,41688.88,,,P2,False
9938,False,False,,False,False,False,37000.0,34322.28,41688.88,,,P2,False
9939,False,False,,False,False,False,37000.0,34322.28,41688.88,,,P2,False
9940,False,False,,False,False,False,37000.0,34322.28,41688.88,,,P2,False
9941,False,False,,False,False,False,37000.0,34322.28,41688.88,,,P2,False
9942,False,False,,False,False,False,37000.0,34322.28,41116.56,,,P2,False
9943,False,False,,False,False,False,37000.0,34322.28,41116.56,,,P2,False
9944,False,False,zone,False,True,False,37000.0,34322.28,41619.72,41619.72,,P2,False
9945,False,False,,False,False,False,37000.0,34322.28,39639.03,,,P2,False
9946,False,False,,False,False,False,37000.0,34322.28,39639.03,,,P2,False
9947,False,False,,False,False,False,37000.0,34322.28,38094.595,,,P2,False
9948,False,False,,False,False,False,37000.0,34322.28,38094.595,,,P2,False
9949,False,False,,False,False,False,37000.0,34322.28,38094.595,,,P2,False
9950,False,False,,False,False,False,37000.0,34322.28,38094.595,,,P2,False
9951,False,False,,False,False,False,37000.0,34322.28,38094.595,,,P2,False
9952,False,False,,False,False,False,37000.0,34322.28,38094.595,,,P2,False
9953,False,False,,False,False,False,38407.59,34322.28,38407.59,,,P2,False
9954,False,False,,False,False,False,38407.59,34322.28,38407.59,,,P2,False
9955,False,False,,False,False,False,38407.59,34322.28,38407.59,,,P2,False
9956,True,False,,False,False,False,38407.59,34322.28,38189.19,,,P2,False
9957,True,False,,False,False,False,38407.59,34322.28,38407.59,,,P2,False
9958,True,False,,False,False,False,38407.59,34322.28,38407.59,,,P2,False
9959,True,False,,False,False,False,38407.59,34322.28,38407.59,,,P2,False
9960,True,False,,False,False,False,38088.57,34322.28,37000.0,,,P2,False
9961,True,False,,False,False,False,38088.57,34322.28,37000.0,,,P2,False
9962,True,False,,False,False,False,38088.57,34322.28,38138.880000000005,,,P2,False
9963,True,False,,False,False,False,38088.57,34322.28,38407.59,,,P2,False
9964,True,False,,False,False,False,37578.03,34322.28,37268.44,,,P2,False
9965,True,False,,False,False,False,37578.03,34322.28,37789.015,,,P2,False
9966,True,False,,False,False,False,37578.03,34322.28,38298.39,,,P2,False
9967,True,True,zone,False,True,False,37578.03,34322.28,38298.39,38298.39,,P2,False
9968,True,False,,False,False,False,37578.03,34322.28,38298.39,,,P2,False
9969,True,False,,False,False,False,37155.0,34322.28,38298.39,,,P2,False
9970,False,False,zone,False,True,False,37155.0,34322.28,38298.39,38298.39,,P2,False
9971,False,False,,False,False,False,37155.0,34322.28,38298.39,,,P2,False
9972,False,False,,False,False,False,37155.0,34322.28,41116.56,,,P2,False
9973,False,False,,False,False,False,37155.0,34322.28,41688.88,,,P2,False
9974,False,False,,False,False,False,37155.0,34322.28,41688.88,,,P2,False
9975,False,False,,False,False,False,37155.0,34322.28,41688.88,,,P2,False
9976,False,False,,False,False,False,37155.0,34322.28,41688.88,,,P2,False
9977,False,False,,False,False,False,37155.0,34322.28,41688.88,,,P2,False
9978,False,False,,False,False,False,37155.0,34322.28,39639.03,,,P2,False
9979,False,False,,False,False,False,37155.0,34322.28,38298.39,,,P2,False
9980,False,False,,False,False,False,37155.0,34322.28,38298.39,,,P2,False
9981,False,False,,False,False,False,37155.0,34322.28,38298.39,,,P2,False
9982,False,False,,False,False,False,37155.0,34322.28,38298.39,,,P2,False
9983,False,False,,False,False,False,37155.0,34322.28,38298.39,,,P2,False
9984,False,False,,False,False,False,37155.0,34322.28,38298.39,,,P2,False
9985,False,False,,False,False,False,37155.0,34322.28,38298.39,,,P2,False
9986,False,False,,False,False,False,37155.0,34322.28,39639.03,,,P2,False
9987,False,False,,False,False,False,37155.0,34322.28,38298.39,,,P2,False
9988,False,False,,False,False,False,38223.6,34322.28,38223.6,,,P2,False
9989,False,False,,False,False,False,38223.6,34322.28,38223.6,,,P2,False
9990,False,False,,False,False,False,38223.6,34322.28,38223.6,,,P2,False
9991,False,False,,False,False,False,38223.6,34322.28,38223.6,,,P2,False
9992,False,False,,False,False,False,38223.6,34322.28,38315.595,,,P2,False
9993,False,False,,False,False,False,38308.83,34322.28,38308.83,,,P2,False
9994,False,False,,False,False,False,38308.83,34322.28,38308.83,,,P2,False
9995,False,False,,False,False,False,38308.83,34322.28,38308.83,,,P2,False
9996,False,False,,False,False,False,38308.83,34322.28,38308.83,,,P2,False
9997,False,False,,False,False,False,38308.83,34322.28,38308.83,,,P2,False
9998,False,False,,False,False,False,38308.83,34322.28,38308.83,,,P2,False
9999,False,False,,False,False,False,38308.83,34322.28,38358.21,,,P2,False
10000,False,False,,False,False,False,38308.83,34322.28,38358.21,,,P2,False
10001,True,False,,False,False,False,38308.83,34322.28,38189.19,,,P2,False
10002,True,False,,False,False,False,38308.83,34322.28,38189.19,,,P2,False
10003,True,False,,False,False,False,38308.83,34322.28,38358.21,,,P2,False
10004,True,False,,False,False,False,38308.83,34322.28,38308.83,,,P2,False
10005,True,False,,False,False,False,38308.83,34322.28,38358.21,,,P2,False
10006,True,False,,False,False,False,37555.0,34322.28,38358.21,,,P2,False
10007,False,False,,False,False,False,37555.0,34322.28,38358.21,,,P2,False
10008,False,False,,False,False,False,37555.0,34322.28,38308.83,,,P2,False
10009,False,False,,False,False,False,37555.0,34322.28,38308.83,,,P2,False
10010,False,False,,False,False,False,37555.0,34322.28,38308.83,,,P2,False
10011,False,False,,False,False,False,37555.0,34322.28,38308.83,,,P2,False
10012,False,False,,False,False,False,37555.0,34322.28,38308.83,,,P2,False
10013,False,False,,False,False,False,38098.33,34322.28,38308.83,,,P2,False
10014,False,False,,False,False,False,38098.33,34322.28,38308.83,,,P2,False
10015,False,False,,False,False,False,38098.33,34322.28,38308.83,,,P2,False
10016,False,False,,False,False,False,38098.33,34322.28,39639.03,,,P2,False
10017,False,False,,False,False,False,38098.33,34322.28,39639.03,,,P2,False
10018,False,False,zone,False,True,True,38098.33,34818.09,39639.03,39639.03,,P2,False
10019,False,False,,False,False,False,38098.33,35035.0,39639.03,,,P2,False
10020,False,False,,False,False,False,38098.33,35721.96,39639.03,,,P2,False
10021,False,False,,False,False,False,38098.33,37000.0,39639.03,,,P2,False
10022,False,False,,False,False,False,38098.33,37000.0,39639.03,,,P2,False
10023,False,False,,False,False,False,38098.33,37000.0,39639.03,,,P2,False
10024,False,False,,False,False,False,38098.33,37000.0,39639.03,,,P2,False
10025,False,False,,False,False,False,38098.33,37000.0,38308.83,,,P2,False
10026,False,False,,False,False,False,40500.0,37000.0,38308.83,,,P2,False
10027,False,False,,False,False,False,40500.0,37000.0,38308.83,,,P2,False
10028,False,False,,False,False,False,40500.0,37000.0,38308.83,,,P2,False
10029,False,False,,False,False,False,40500.0,37000.0,38308.83,,,P2,False
10030,False,False,,False,False,False,40500.0,37000.0,41688.88,,,P2,False
10031,False,False,,False,False,False,40500.0,37000.0,41688.88,,,P2,False
10032,False,False,,False,False,False,40135.04,37000.0,41688.88,,,P2,False
10033,False,False,,False,False,False,40135.04,37000.0,40135.04,,,P2,False
10034,False,False,,False,False,False,40135.04,37000.0,41688.88,,,P2,False
10035,False,False,,False,False,False,40135.04,37000.0,41688.88,,,P2,False
10036,False,False,,False,False,False,40135.04,37000.0,41688.88,,,P2,False
10037,False,False,,False,False,False,40135.04,37000.0,41688.88,,,P2,False
10038,False,False,,False,False,False,40135.04,37000.0,41688.88,,,P2,False
10039,False,False,,False,False,False,40135.04,37000.0,41688.88,,,P2,False
10040,False,False,,False,False,False,40135.04,37155.0,38407.59,,,P2,False
10041,False,False,,False,False,False,40135.04,37155.0,38407.59,,,P2,False
10042,False,False,,False,False,False,40135.04,37155.0,38407.59,,,P2,False
10043,False,False,,False,False,False,40135.04,37155.0,38407.59,,,P2,False
10044,False,False,,False,False,False,40135.04,37155.0,38407.59,,,P2,False
10045,False,False,,False,False,False,40135.04,37155.0,38407.59,,,P2,False
10046,False,False,,False,False,False,40135.04,37155.0,38407.59,,,P2,False
10047,False,False,,False,False,False,40135.04,37155.0,38407.59,,,P2,False
10048,False,False,,False,False,False,40467.94,37155.0,38407.59,,,P2,False
10049,False,False,,False,False,False,40467.94,37155.0,38407.59,,,P2,False
10050,False,False,,False,False,False,40467.94,37155.0,41688.88,,,P2,False
10051,False,False,,False,False,False,40467.94,37155.0,41688.88,,,P2,False
10052,False,False,,False,False,False,40467.94,37155.0,41688.88,,,P2,False
10053,False,False,,False,False,False,40467.94,37155.0,41688.88,,,P2,False
10054,False,False,,False,False,False,40467.94,37155.0,41688.88,,,P2,False
10055,False,False,,False,False,False,40467.94,37155.0,41688.88,,,P2,False
10056,False,False,,False,False,False,40467.94,37155.0,41688.88,,,P2,False
10057,False,False,,False,False,False,40467.94,37155.0,41688.88,,,P2,False
10058,False,False,,False,False,False,40467.94,37155.0,41688.88,,,P2,False
10059,False,False,,False,False,False,40467.94,37155.0,41688.88,,,P2,False
10060,False,False,,False,False,False,40467.94,37155.0,41688.88,,,P2,False
10061,False,False,,False,False,False,41751.47,37155.0,41694.44,,,P2,False
10062,False,False,,False,False,False,41751.47,37155.0,41694.44,,,P2,False
10063,False,False,,False,False,False,41751.47,37155.0,41694.44,,,P2,False
10064,False,False,,False,False,False,41751.47,37155.0,41700.0,,,P2,False
10065,False,False,,False,False,False,41751.47,37155.0,41700.0,,,P2,False
10066,False,False,,False,False,False,41751.47,37155.0,41700.0,,,P2,False
10067,False,False,,False,False,False,41751.47,37155.0,41700.0,,,P2,False
10068,False,False,,False,False,False,41751.47,37155.0,40467.94,,,P2,False
10069,False,False,,False,False,False,42560.46,37155.0,40467.94,,,P2,False
10070,False,False,,False,False,False,42560.46,37155.0,38407.59,,,P2,False
10071,False,False,,False,False,False,42560.46,37155.0,40467.94,,,P2,False
10072,False,False,,False,False,False,42560.46,37155.0,40467.94,,,P2,False
10073,False,False,,False,False,False,42560.46,37155.0,40467.94,,,P2,False
10074,False,False,,False,False,False,43579.0,37155.0,38407.59,,,P2,False
10075,False,False,,False,False,False,43579.0,37155.0,38407.59,,,P2,False
10076,False,False,,False,False,False,43579.0,37155.0,38407.59,,,P2,False
10077,False,False,,False,False,False,43579.0,37155.0,38407.59,,,P2,False
10078,False,False,,False,False,False,43579.0,37155.0,38407.59,,,P2,False
10079,False,False,,False,False,False,43579.0,37155.0,38407.59,,,P2,False
10080,False,False,,False,False,False,43579.0,37155.0,38407.59,,,P2,False
10081,False,False,,False,False,False,43579.0,37155.0,38407.59,,,P2,False
10082,False,False,,False,False,False,44140.76,37155.0,38308.83,,,P2,False
10083,False,False,,False,False,False,44140.76,37155.0,38308.83,,,P2,False
10084,False,False,,False,False,False,44140.76,37155.0,38308.83,,,P2,False
10085,False,False,,False,False,False,44140.76,37155.0,38308.83,,,P2,False
10086,False,False,,False,False,False,44140.76,37155.0,38407.59,,,P2,False
10087,False,False,,False,False,False,44421.46,37155.0,38407.59,,,P2,False
10088,False,False,,False,False,False,44421.46,37555.0,38407.59,,,P2,False
10089,False,False,,False,False,False,44421.46,37555.0,38407.59,,,P2,False
10090,False,False,,False,False,False,44421.46,37555.0,38407.59,,,P2,False
10091,False,False,,False,False,False,44421.46,37555.0,38407.59,,,P2,False
10092,False,False,,False,False,False,44421.46,37555.0,40467.94,,,P2,False
10093,False,False,,False,False,False,44421.46,37555.0,40467.94,,,P2,False
10094,False,False,,False,False,False,44421.46,37555.0,40467.94,,,P2,False
10095,False,False,,False,False,False,44421.46,37555.0,40467.94,,,P2,False
10096,False,False,,False,False,False,44421.46,37555.0,40467.94,,,P2,False
10097,False,False,,False,False,False,44421.46,37555.0,40467.94,,,P2,False
10098,False,False,,False,False,False,44421.46,37555.0,40467.94,,,P2,False
10099,False,False,,False,False,False,44421.46,37555.0,40467.94,,,P2,False
10100,False,False,,False,False,False,44421.46,37555.0,40467.94,,,P2,False
10101,False,False,,False,False,False,44421.46,37555.0,40467.94,,,P2,False
10102,False,False,,False,False,False,46445.42,37555.0,38407.59,,,P2,False
10103,False,False,,False,False,False,46445.42,37555.0,40467.94,,,P2,False
10104,False,False,,False,False,False,46445.42,37555.0,38407.59,,,P2,False
10105,False,False,,False,False,False,46445.42,37555.0,38407.59,,,P2,False
10106,False,False,,False,False,False,46831.81,37555.0,38407.59,,,P2,False
10107,False,False,,False,False,False,46831.81,37555.0,38407.59,,,P2,False
10108,False,False,,False,False,False,46831.81,37555.0,38407.59,,,P2,False
10109,False,False,,False,False,False,46831.81,37555.0,40467.94,,,P2,False
10110,False,False,,False,False,False,46831.81,37555.0,40467.94,,,P2,False
10111,False,False,,False,False,False,46831.81,37555.0,40467.94,,,P2,False
10112,False,False,,False,False,False,46831.81,37555.0,40467.94,,,P2,False
10113,False,False,,False,False,False,46831.81,37555.0,40467.94,,,P2,False
10114,False,False,,False,False,False,44200.0,37555.0,44200.0,,,P2,False
10115,False,False,,False,False,False,44200.0,37555.0,44200.0,,,P2,False
10116,False,False,,False,False,False,44200.0,37555.0,44200.0,,,P2,False
10117,False,False,,False,False,False,44200.0,37555.0,44200.0,,,P2,False
10118,False,False,,False,False,False,44200.0,37555.0,44200.0,,,P2,False
10119,False,False,,False,False,False,44200.0,37555.0,44200.0,,,P2,False
10120,False,False,,False,False,False,44200.0,37555.0,44200.0,,,P2,False
10121,False,False,,False,False,False,44200.0,37555.0,44200.0,,,P2,False
10122,False,False,,False,False,False,44200.0,37555.0,44200.0,,,P2,False
10123,False,False,,False,False,False,44200.0,37555.0,44200.0,,,P2,False
10124,False,False,,False,False,False,44200.0,37555.0,44200.0,,,P2,False
10125,False,False,,False,False,False,44200.0,38098.33,44200.0,,,P2,False
10126,False,False,,False,False,False,45530.92,38098.33,44200.0,,,P2,False
10127,False,False,,False,False,False,45530.92,38098.33,44200.0,,,P2,False
10128,False,False,,False,False,False,45530.92,38098.33,44200.0,,,P2,False
10129,False,False,,False,False,False,45530.92,38098.33,44200.0,,,P2,False
10130,False,False,,False,False,False,45530.92,38098.33,44200.0,,,P2,False
10131,False,False,,False,False,False,45530.92,38098.33,44200.0,,,P2,False
10132,False,False,swing,False,True,False,45530.92,38254.35,44200.0,45530.92,,P2,False
10133,False,False,,False,False,False,45530.92,38465.7,44200.0,,,P2,False
10134,False,False,,False,False,False,45530.92,38828.48,44200.0,,,P2,False
10135,False,False,,False,False,False,45530.92,38828.48,44200.0,,,P2,False
10136,False,False,,False,False,False,45118.0,38828.48,44200.0,,,P2,False
10137,False,False,,False,False,False,45118.0,38911.0,44200.0,,,P2,False
10138,False,False,,False,False,False,45118.0,39311.53,44200.0,,,P2,False
10139,False,False,,False,False,False,45118.0,39311.53,44200.0,,,P2,False
10140,False,False,swing,False,True,False,45118.0,39311.53,44200.0,45118.0,,P2,False
10141,False,False,,False,False,False,45118.0,40135.04,44200.0,,,P2,False
10142,False,False,,False,False,False,45118.0,40135.04,44200.0,,,P2,False
10143,False,False,,False,False,False,45118.0,40135.04,40467.94,,,P2,False
10144,False,False,,False,False,False,45118.0,40135.04,40467.94,,,P2,False
10145,False,False,,False,False,False,45118.0,40135.04,40467.94,,,P2,False
10146,False,False,,False,False,False,45118.0,40135.04,40467.94,,,P2,False
10147,False,False,,False,False,False,45118.0,40135.04,40467.94,,,P2,False
10148,False,False,,False,False,False,45118.0,40135.04,40467.94,,,P2,False
10149,False,False,,False,False,False,45118.0,40135.04,40467.94,,,P2,False
10150,False,False,,False,False,False,42727.35,40135.04,40467.94,,,P2,False
10151,False,False,,False,False,False,42727.35,40300.0,40467.94,,,P2,False
10152,False,False,,False,False,False,42727.35,40467.94,40467.94,,,P2,False
10153,False,False,,False,False,False,42727.35,40467.94,40467.94,,,P2,False
10154,False,False,,False,False,False,42727.35,40467.94,40467.94,,,P2,False
10155,False,False,,False,False,False,42727.35,40467.94,40467.94,,,P2,False
10156,False,False,,False,False,False,42727.35,40467.94,40467.94,,,P2,False
10157,True,False,,False,False,False,42727.35,40467.94,40467.94,,,P2,False
10158,True,False,,False,False,False,42727.35,40467.94,40467.94,,,P2,False
10159,False,False,,False,False,False,42727.35,40467.94,40467.94,,,P2,False
10160,False,False,,False,False,False,42727.35,40467.94,40467.94,,,P2,False
10161,True,False,,False,False,False,42107.14,40467.94,40467.94,,,P2,False
10162,False,False,,False,False,False,42107.14,40467.94,38223.6,,,P2,False
10163,False,False,,False,False,False,42107.14,40467.94,38266.215,,,P2,False
10164,False,False,,False,False,False,42107.14,40467.94,38308.83,,,P2,False
10165,False,False,,False,False,False,42107.14,40467.94,38308.83,,,P2,False
10166,False,False,,False,False,False,42107.14,40467.94,38308.83,,,P2,False
10167,False,False,,False,False,False,42107.14,40714.81,38308.83,,,P2,False
10168,False,False,,False,False,False,42107.14,40738.48,38308.83,,,P2,False
10169,True,False,,False,False,False,42107.14,40738.48,38308.83,,,P2,False
10170,True,True,swing,False,True,False,42107.14,40759.18,38308.83,42107.14,,P2,False
10171,True,False,,False,False,False,42107.14,40875.51,38308.83,,,P2,False
10172,True,False,,False,False,False,42107.14,40875.51,38308.83,,,P2,False
10173,True,False,,False,False,False,42107.14,41751.47,38223.6,,,P2,False
10174,True,False,,False,False,False,42107.14,41751.47,38223.6,,,P2,False
10175,True,False,,False,False,False,42107.14,40968.11,38223.6,,,P2,False
10176,True,False,,False,False,False,42107.14,40560.0,38223.6,,,P2,False
10177,True,False,,False,False,False,42107.14,39770.35,38223.6,,,P2,False
10178,True,False,,False,False,False,42107.14,39200.0,38223.6,,,P2,False
10179,True,False,,False,False,False,39200.0,39200.0,38223.6,,,P2,False
10180,True,False,,False,False,False,39200.0,39200.0,38223.6,,,P2,False
10181,True,False,,False,False,False,39200.0,39200.0,38223.6,,,P2,False
10182,True,False,,False,False,False,39200.0,39200.0,38223.6,,,P2,False
10183,True,False,,False,False,False,39200.0,39200.0,38223.6,,,P2,False
10184,True,False,,False,False,False,39200.0,39200.0,38223.6,,,P2,False
10185,True,False,,False,False,False,39254.63,39200.0,40467.94,,,P2,False
10186,True,False,,False,False,False,39254.63,39200.0,40467.94,,,P2,False
10187,True,False,,False,False,False,39254.63,39200.0,40467.94,,,P2,False
10188,False,False,,False,False,False,39254.63,39200.0,40467.94,,,P2,False
10189,False,False,,False,False,False,39254.63,39200.0,40467.94,,,P2,False
10190,False,False,,False,False,False,39254.63,39200.0,40467.94,,,P2,False
10191,True,False,,False,False,False,39254.63,39200.0,38160.965,,,P2,False
10192,True,False,,False,False,False,39254.63,39200.0,38160.965,,,P2,False
10193,True,False,,False,False,False,39254.63,39200.0,38160.965,,,P2,False
10194,True,False,,False,False,False,39254.63,39200.0,38160.965,,,P2,False
10195,True,False,,False,False,False,39254.63,39200.0,38160.965,,,P2,False
10196,True,False,,False,False,False,39551.94,39200.0,39254.63,,,P2,False
10197,True,False,,False,False,False,39551.94,39200.0,39254.63,,,P2,False
10198,True,False,,False,False,False,39551.94,39200.0,39254.63,,,P2,False
10199,True,False,,False,False,False,39551.94,39200.0,39254.63,,,P2,False
10200,False,False,,False,False,False,39551.94,39200.0,39254.63,,,P2,False
10201,False,False,,False,False,False,39551.94,39200.0,39254.63,,,P2,False
10202,False,False,,False,False,False,39551.94,39200.0,38223.6,,,P2,False
10203,True,False,,False,False,False,39551.94,39200.0,38223.6,,,P2,False
10204,False,False,,False,False,False,39551.94,39200.0,38223.6,,,P2,False
10205,False,False,,False,False,False,39551.94,39200.0,38223.6,,,P2,False
10206,False,False,,False,False,False,39551.94,39200.0,38223.6,,,P2,False
10207,True,False,,False,False,False,39991.55,39200.0,38223.6,,,P2,False
10208,True,False,,False,False,False,39991.55,39200.0,38223.6,,,P2,False
10209,False,False,,False,False,False,39991.55,39200.0,38223.6,,,P2,False
10210,False,False,swing,False,True,False,39991.55,39200.0,38223.6,39991.55,,P2,False
10211,True,False,,False,False,False,39991.55,39200.0,38223.6,,,P2,False
10212,True,False,,False,False,False,39991.55,39200.0,38223.6,,,P2,False
10213,True,False,,False,False,False,39991.55,39200.0,38223.6,,,P2,False
10214,True,False,,False,False,False,39991.55,39200.0,38223.6,,,P2,False
10215,True,False,,False,False,False,39991.55,39200.0,38223.6,,,P2,False
10216,True,False,,False,False,False,39991.55,38536.51,38223.6,,,P2,False
10217,True,False,,False,False,False,38536.51,38536.51,39254.63,,,P2,False
10218,True,False,,False,False,False,38536.51,38536.51,39254.63,,,P2,False
10219,False,False,,False,False,False,38536.51,38536.51,39254.63,,,P2,False
10220,False,False,,False,False,False,38536.51,38536.51,39254.63,,,P2,False
10221,False,False,,False,False,False,38536.51,38536.51,39254.63,,,P2,False
10222,False,False,,False,False,False,38536.51,38536.51,39254.63,,,P2,False
10223,False,False,,False,False,False,38536.51,38536.51,39254.63,,,P2,False
10224,False,False,,False,False,False,38536.51,38536.51,39254.63,,,P2,False
10225,False,False,,False,False,False,38536.51,38536.51,38308.83,,,P2,False
10226,False,False,,False,False,False,38536.51,38536.51,38308.83,,,P2,False
10227,False,False,,False,False,False,38536.51,38536.51,38308.83,,,P2,False
10228,False,False,,False,False,False,38536.51,38536.51,39254.63,,,P2,False
10229,False,False,,False,False,False,38536.51,38536.51,39254.63,,,P2,False
10230,False,False,,False,False,False,38536.51,38536.51,39254.63,,,P2,False
10231,False,False,,False,False,False,38536.51,38536.51,39254.63,,,P2,False
10232,False,False,,False,False,False,40820.0,38536.51,39254.63,,,P2,False
10233,False,False,,False,False,False,40820.0,38536.51,39254.63,,,P2,False
10234,False,False,,False,False,False,40820.0,38536.51,40500.0,,,P2,False
10235,False,False,,False,False,False,40820.0,38536.51,40467.94,,,P2,False
10236,False,False,,False,False,False,40820.0,38536.51,40500.0,,,P2,False
10237,False,False,,False,False,False,40820.0,38536.51,40500.0,,,P2,False
10238,False,False,zone,False,True,False,40820.0,38536.51,40500.0,40500.0,,P2,False
10239,True,False,,False,False,False,39751.0,38536.51,39254.63,,,P2,False
10240,True,False,,False,False,False,39751.0,38536.51,39403.285,,,P2,False
10241,True,False,,False,False,False,39751.0,38536.51,39403.285,,,P2,False
10242,True,False,,False,False,False,39751.0,38536.51,39403.285,,,P2,False
10243,True,False,,False,False,False,39751.0,38536.51,39551.94,,,P2,False
10244,True,False,,False,False,False,39177.0,38536.51,39551.94,,,P2,False
10245,False,False,,False,False,False,39177.0,38536.51,39751.0,,,P2,False
10246,False,False,,False,False,False,39177.0,38536.51,39751.0,,,P2,False
10247,False,False,,False,False,False,39177.0,38536.51,39200.0,,,P2,False
10248,False,False,,False,False,False,39177.0,38536.51,39751.0,,,P2,False
10249,False,False,,False,False,False,39177.0,38536.51,39751.0,,,P2,False
10250,False,False,,False,False,False,39177.0,38536.51,39200.0,,,P2,False
10251,False,False,,False,False,False,39327.58,38536.51,39551.94,,,P2,False
10252,False,False,swing|zone,False,True,False,39327.58,38536.51,39551.94,39551.94,,P2,False
10253,False,False,,False,False,False,39327.58,38536.51,39254.63,,,P2,False
10254,True,True,zone,False,True,False,39327.58,38536.51,39227.315,39227.315,,P2,False
10255,True,False,,False,False,False,39327.58,38536.51,39227.315,,,P2,False
10256,True,False,,False,False,False,39327.58,38536.51,39227.315,,,P2,False
10257,True,False,,False,False,False,39327.58,38536.51,39227.315,,,P2,False
10258,True,False,,False,False,False,39327.58,38200.0,39991.55,,,P2,False
10259,True,False,,False,False,False,38200.0,38200.0,40135.04,,,P2,False
10260,False,False,,False,False,False,38200.0,38200.0,40500.0,,,P2,False
10261,False,False,,False,False,False,38200.0,38200.0,40500.0,,,P2,False
10262,False,False,,False,False,False,38200.0,38200.0,39991.55,,,P2,False
10263,True,False,,False,False,False,38200.0,38200.0,39227.315,,,P2,False
10264,True,False,,False,False,False,38200.0,38200.0,39227.315,,,P2,False
10265,True,False,,False,False,False,38200.0,38200.0,39254.63,,,P2,False
10266,True,False,,False,False,False,38200.0,38200.0,39254.63,,,P2,False
10267,False,False,,False,False,False,38200.0,37842.49,39227.315,,,P2,False
10268,False,False,,False,False,False,38200.0,37702.26,39227.315,,,P2,False
10269,False,False,,False,False,False,37702.26,37702.26,39227.315,,,P2,False
10270,False,False,,False,False,False,37702.26,37702.26,39254.63,,,P2,False
10271,False,False,,False,False,False,37702.26,37702.26,39227.315,,,P2,False
10272,False,False,,False,False,False,37702.26,37702.26,39327.58,,,P2,False
10273,False,False,,False,False,False,37702.26,37702.26,39327.58,,,P2,False
10274,False,False,,False,False,False,37702.26,37702.26,39439.76,,,P2,False
10275,False,False,zone,False,True,False,37702.26,37702.26,39254.63,39254.63,,P2,False
10276,False,False,,False,False,False,37702.26,37702.26,39751.0,,,P2,False
10277,False,False,,False,False,False,37702.26,37702.26,39291.104999999996,,,P2,False
10278,False,False,,False,False,False,37702.26,37702.26,39291.104999999996,,,P2,False
10279,False,False,,False,False,False,38881.43,37702.26,39327.58,,,P2,False
10280,False,False,,False,False,False,38881.43,37702.26,38536.51,,,P2,False
10281,False,False,,False,False,False,38881.43,37702.26,38536.51,,,P2,False
10282,False,False,,False,False,False,38881.43,37702.26,38536.51,,,P2,False
10283,False,False,,False,False,False,38881.43,37702.26,38536.51,,,P2,False
10284,False,False,,False,False,False,38881.43,37702.26,38536.51,,,P2,False
10285,False,False,,False,False,False,38881.43,37702.26,39177.0,,,P2,False
10286,False,False,,False,False,False,38175.0,37702.26,39177.0,,,P2,False
10287,False,False,,False,False,False,38175.0,37702.26,39200.0,,,P2,False
10288,False,False,,False,False,False,38175.0,37702.26,39200.0,,,P2,False
10289,True,False,,False,False,False,38175.0,37702.26,39200.0,,,P2,False
10290,False,False,,False,False,False,38175.0,37702.26,39200.0,,,P2,False
10291,False,False,,False,False,False,38175.0,37702.26,39200.0,,,P2,False
10292,False,False,,False,False,False,38175.0,37578.2,39200.0,,,P2,False
10293,False,False,,False,False,False,38175.0,37386.38,39227.315,,,P2,False
10294,True,False,,False,False,False,37386.38,37386.38,39227.315,,,P2,False
10295,False,False,,False,False,False,37386.38,37386.38,39200.0,,,P2,False
10296,False,False,,False,False,False,37386.38,37386.38,39200.0,,,P2,False
10297,False,False,,False,False,False,37386.38,37386.38,39200.0,,,P2,False
10298,False,False,,False,False,False,37386.38,37386.38,39200.0,,,P2,False
10299,False,False,,False,False,False,37686.26,37386.38,37686.26,,,P2,False
10300,False,False,,False,False,False,37686.26,37386.38,37686.26,,,P2,False
10301,False,False,,False,False,False,37686.26,37386.38,37686.26,,,P2,False
10302,False,False,,False,False,False,37686.26,37386.38,37686.26,,,P2,False
10303,False,False,,False,False,False,37686.26,37386.38,37686.26,,,P2,False
10304,False,False,,False,False,False,38052.0,37386.38,38175.0,,,P2,False
10305,False,False,,False,False,False,38052.0,37386.38,38175.0,,,P2,False
10306,False,False,,False,False,False,38052.0,37386.38,38175.0,,,P2,False
10307,False,False,,False,False,False,38052.0,37386.38,38175.0,,,P2,False
10308,False,False,,False,False,False,38052.0,37386.38,38175.0,,,P2,False
10309,False,False,,False,False,False,38052.0,37386.38,38175.0,,,P2,False
10310,False,False,,False,False,False,37517.8,37386.38,38175.0,,,P2,False
10311,False,False,,False,False,False,37517.8,37386.38,38175.0,,,P2,False
10312,False,False,,False,False,False,37517.8,37386.38,39751.0,,,P2,False
10313,False,False,,False,False,False,37517.8,37386.38,39439.76,,,P2,False
10314,False,False,,False,False,False,37517.8,37386.38,39439.76,,,P2,False
10315,False,False,,False,False,False,37517.8,37386.38,39551.94,,,P2,False
10316,False,False,,False,False,False,37517.8,37386.38,39254.63,,,P2,False
10317,True,False,,False,False,False,37517.8,37386.38,37602.03,,,P2,False
10318,True,False,,False,False,False,37517.8,37386.38,37602.03,,,P2,False
10319,True,False,,False,False,False,37517.8,37386.38,37602.03,,,P2,False
10320,True,False,,False,False,False,37517.8,36514.29,37602.03,,,P2,False
10321,True,False,,False,False,False,37517.8,35571.9,37602.03,,,P2,False
10322,True,False,,False,False,False,35571.9,35571.9,37602.03,,,P2,False
10323,True,True,swing|nbar,False,True,False,35571.9,35571.9,37602.03,35571.9,,P2,False
10324,True,False,,False,False,False,35571.9,35571.9,37602.03,,,P2,False
10325,True,False,,False,False,False,35571.9,35571.9,37602.03,,,P2,False
10326,True,False,,False,False,False,35571.9,35258.0,37602.03,,,P2,False
10327,True,False,,False,False,False,35258.0,35258.0,37602.03,,,P2,False
10328,True,False,,False,False,False,35258.0,35258.0,37602.03,,,P2,False
10329,True,False,,False,False,False,35258.0,35258.0,37602.03,,,P2,False
10330,True,False,,False,False,False,35258.0,35258.0,37517.8,,,P2,False
10331,True,True,nbar,False,True,False,35722.24,35258.0,37602.03,35258.0,,P2,False
10332,True,False,,False,False,False,35722.24,35258.0,37517.8,,,P2,False
10333,True,False,,False,False,False,35722.24,35258.0,35571.9,,,P2,False
10334,True,False,,False,False,False,35722.24,34785.0,35571.9,,,P2,False
10335,True,False,,False,False,False,35722.24,34210.0,35571.9,,,P2,False
10336,True,True,swing|nbar,False,True,False,34210.0,34210.0,35571.9,34210.0,,P2,False
10337,True,False,,False,False,False,34210.0,34210.0,35571.9,,,P2,False
10338,True,False,,False,False,False,34210.0,34210.0,35571.9,,,P2,False
10339,True,False,,False,False,False,34210.0,33713.95,35571.9,,,P2,False
10340,True,False,,False,False,False,34210.0,33713.95,35571.9,,,P2,False
10341,True,False,,False,False,False,34210.0,33267.26,35571.9,,,P2,False
10342,True,False,,False,False,False,34210.0,33267.26,35571.9,,,P2,False
10343,True,False,,False,False,False,34210.0,32650.39,35571.9,,,P2,False
10344,True,False,,False,False,False,34210.0,32061.29,35571.9,,,P2,False
10345,True,False,,False,False,False,34210.0,30334.07,35571.9,,,P2,False
10346,True,False,,False,False,False,34210.0,30033.33,35571.9,,,P2,False
10347,False,False,,False,False,False,34210.0,29730.4,35571.9,,,P2,False
10348,False,False,,False,False,False,29730.4,29730.4,35571.9,,,P2,False
10349,True,False,,False,False,False,29730.4,29730.4,35571.9,,,P2,False
10350,True,False,,False,False,False,29730.4,29730.4,35571.9,,,P2,False
10351,True,False,,False,False,False,29730.4,29730.4,35571.9,,,P2,False
10352,True,False,,False,False,False,29730.4,29730.4,35571.9,,,P2,False
10353,True,True,swing|nbar,True,True,True,30147.78,29730.4,35571.9,30147.78,29730.4,P2,False
10354,True,False,,False,False,False,30147.78,29730.4,35571.9,,,P2,False
10355,True,False,,False,False,False,30147.78,29730.4,35571.9,,,P2,False
10356,True,False,,False,False,False,30147.78,29039.54,35571.9,,,P2,False
10357,True,False,,True,False,True,30147.78,29039.54,35571.9,,29039.54,P2,False
10358,True,False,,False,False,False,30147.78,27785.0,35571.9,,,P2,False
10359,True,False,,False,False,False,30147.78,27785.0,35571.9,,,P2,False
10360,True,False,,False,False,False,30147.78,26700.0,35571.9,,,P2,False
10361,False,False,,False,False,False,26700.0,26700.0,35571.9,,,P2,False
10362,False,False,,False,False,False,26700.0,26700.0,35571.9,,,P2,False
10363,False,False,,False,False,False,26700.0,26700.0,35571.9,,,P2,False
10364,False,False,,False,False,False,26700.0,26700.0,35571.9,,,P2,False
10365,False,False,,False,False,False,26700.0,26700.0,35571.9,,,P2,False
10366,False,False,,False,False,False,26700.0,26700.0,35571.9,,,P2,False
10367,False,False,,False,False,False,26700.0,26700.0,35571.9,,,P2,False
10368,False,False,,False,False,False,26700.0,26700.0,35571.9,,,P2,False
10369,False,False,,False,False,False,26700.0,26700.0,35571.9,,,P2,False
10370,False,False,,False,False,False,26700.0,26700.0,35571.9,,,P2,False
10371,False,False,,False,False,False,26700.0,26700.0,35571.9,,,P2,False
10372,False,False,,False,False,False,26700.0,26700.0,35571.9,,,P2,False
10373,False,False,,False,False,False,26700.0,26700.0,35571.9,,,P2,False
10374,False,False,,False,False,False,26700.0,26700.0,35571.9,,,P2,False
10375,False,False,,False,False,False,26700.0,26700.0,35571.9,,,P2,False
10376,False,False,,False,False,False,28630.0,26700.0,35571.9,,,P2,False
10377,False,False,,False,False,False,28630.0,26700.0,35571.9,,,P2,False
10378,False,False,,False,False,False,28630.0,26700.0,35571.9,,,P2,False
10379,False,False,,False,False,False,28630.0,26700.0,35571.9,,,P2,False
10380,False,False,,False,False,False,28630.0,26700.0,35571.9,,,P2,False
10381,False,False,,False,False,False,28630.0,26700.0,35571.9,,,P2,False
10382,False,False,,False,False,False,28630.0,26700.0,35571.9,,,P2,False
10383,False,False,,False,False,False,28630.0,26700.0,35571.9,,,P2,False
10384,False,False,,False,False,False,28630.0,26700.0,35571.9,,,P2,False
10385,False,False,,False,False,False,28630.0,26700.0,35571.9,,,P2,False
10386,False,False,,False,False,False,28630.0,26700.0,35571.9,,,P2,False
10387,False,False,,False,False,False,28630.0,26700.0,35571.9,,,P2,False
10388,False,False,,False,False,False,29087.04,26700.0,35571.9,,,P2,False
10389,False,False,,False,False,False,29087.04,26700.0,35571.9,,,P2,False
10390,False,False,,False,False,False,29087.04,26700.0,35571.9,,,P2,False
10391,False,False,,False,False,False,29087.04,26700.0,35571.9,,,P2,False
10392,False,False,,False,False,False,29087.04,26700.0,35571.9,,,P2,False
10393,False,False,,False,False,False,29087.04,26700.0,35571.9,,,P2,False
10394,False,False,,False,False,False,29450.38,26700.0,29730.4,,,P2,False
10395,True,False,,False,False,False,29450.38,26700.0,29450.38,,,P2,False
10396,True,False,,False,False,False,29450.38,26700.0,29450.38,,,P2,False
10397,True,False,,False,False,False,29450.38,26700.0,29450.38,,,P2,False
10398,True,False,,False,False,False,29450.38,26700.0,29450.38,,,P2,False
10399,True,False,,False,False,False,29450.38,26700.0,29450.38,,,P2,False
10400,True,False,,False,False,False,29450.38,26700.0,29450.38,,,P2,False
10401,False,False,,False,False,False,28654.47,26700.0,29450.38,,,P2,False
10402,True,False,,False,False,False,28654.47,26700.0,29450.38,,,P2,False
10403,False,False,,False,False,False,28654.47,26700.0,29450.38,,,P2,False
10404,False,False,,False,False,False,28654.47,26700.0,29450.38,,,P2,False
10405,False,False,,False,False,False,28654.47,26700.0,29450.38,,,P2,False
10406,False,False,,False,False,False,28654.47,26700.0,29450.38,,,P2,False
10407,False,False,,False,False,False,28654.47,26700.0,35571.9,,,P2,False
10408,False,False,,False,False,False,28654.47,26700.0,29450.38,,,P2,False
10409,False,False,,False,False,False,28654.47,26700.0,29450.38,,,P2,False
10410,False,False,,False,False,False,28654.47,26700.0,35571.9,,,P2,False
10411,False,False,,False,False,False,28654.47,26700.0,35571.9,,,P2,False
10412,False,False,,False,False,False,28730.0,26700.0,28654.47,,,P2,False
10413,False,False,,False,False,False,28730.0,26700.0,28654.47,,,P2,False
10414,False,False,,False,False,False,28730.0,26700.0,28654.47,,,P2,False
10415,False,False,,False,False,False,28730.0,26700.0,28654.47,,,P2,False
10416,False,False,,False,False,False,28730.0,26700.0,28654.47,,,P2,False
10417,False,False,,False,False,False,28730.0,26700.0,28654.47,,,P2,False
10418,False,False,,False,False,False,28730.0,26700.0,28654.47,,,P2,False
10419,False,False,,False,False,False,28730.0,26700.0,28654.47,,,P2,False
10420,False,False,,False,False,False,28730.0,26700.0,28654.47,,,P2,False
10421,False,False,,False,False,False,29255.11,26700.0,29255.11,,,P2,False
10422,False,False,,False,False,False,29255.11,26700.0,29255.11,,,P2,False
10423,False,False,,False,False,False,29255.11,26700.0,29255.11,,,P2,False
10424,False,False,,False,False,False,29255.11,26700.0,29255.11,,,P2,False
10425,False,False,,False,False,False,29255.11,26700.0,29255.11,,,P2,False
10426,False,False,,False,False,False,29255.11,26700.0,28654.47,,,P2,False
10427,False,False,,False,False,False,29255.11,26700.0,28654.47,,,P2,False
10428,False,False,,False,False,False,29255.11,26700.0,29255.11,,,P2,False
10429,False,False,,False,False,False,29255.11,26700.0,29255.11,,,P2,False
10430,False,False,,False,False,False,29255.11,26700.0,29255.11,,,P2,False
10431,False,False,swing|zone,False,True,True,28866.35,26700.0,29255.11,29255.11,29255.11,P2,False
10432,False,False,,False,False,False,28866.35,26700.0,29255.11,,,P2,False
10433,False,False,,False,False,False,28866.35,26700.0,29450.38,,,P2,False
10434,False,False,,False,False,False,28866.35,26700.0,29450.38,,,P2,False
10435,False,False,,False,False,False,28669.0,26700.0,29450.38,,,P2,False
10436,False,False,,False,False,False,28669.0,26700.0,29255.11,,,P2,False
10437,False,False,,False,False,False,28669.0,26700.0,29450.38,,,P2,False
10438,False,False,,False,False,False,28669.0,26700.0,29450.38,,,P2,False
10439,False,False,,False,False,False,28669.0,26700.0,29450.38,,,P2,False
10440,False,False,,False,False,False,28669.0,26700.0,29450.38,,,P2,False
10441,False,False,,False,False,False,28669.0,26700.0,29255.11,,,P2,False
10442,False,False,,False,False,False,28669.0,26700.0,28699.5,,,P2,False
10443,False,False,swing|zone,False,True,True,28669.0,26700.0,29255.11,29255.11,29255.11,P2,False
10444,False,False,,False,False,False,28669.0,26700.0,29255.11,,,P2,False
10445,False,False,,False,False,False,28669.0,26700.0,29087.04,,,P2,False
10446,False,False,,False,False,False,28669.0,26700.0,28699.5,,,P2,False
10447,False,False,zone,False,True,False,28019.56,26700.0,28699.5,28699.5,,P2,False
10448,False,False,,False,False,False,28019.56,26700.0,28699.5,,,P2,False
10449,False,False,,False,False,False,28019.56,26700.0,28699.5,,,P2,False
10450,False,False,zone,False,True,False,28019.56,26700.0,28699.5,28699.5,,P2,False
10451,False,False,,False,False,False,28019.56,26700.0,28669.0,,,P2,False
10452,False,False,,False,False,False,28019.56,26700.0,28699.5,,,P2,False
10453,False,False,,False,False,False,28019.56,26700.0,28699.5,,,P2,False
10454,False,False,,False,False,False,28282.9,26700.0,28699.5,,,P2,False
10455,False,False,,False,False,False,28282.9,26700.0,28699.5,,,P2,False
10456,False,False,,False,False,False,28282.9,26700.0,28699.5,,,P2,False
10457,False,False,,False,False,False,28282.9,26700.0,28699.5,,,P2,False
10458,False,False,,False,False,False,28282.9,26700.0,28699.5,,,P2,False
10459,False,False,,False,False,False,28282.9,26700.0,28730.0,,,P2,False
10460,False,False,,False,False,False,28282.9,26700.0,29087.04,,,P2,False
10461,False,False,,False,False,False,28282.9,26700.0,28699.5,,,P2,False
10462,False,False,,False,False,False,28282.9,26700.0,28699.5,,,P2,False
10463,False,False,,False,False,False,28282.9,26700.0,29255.11,,,P2,False
10464,False,False,,False,False,False,28282.9,26700.0,29255.11,,,P2,False
10465,False,False,,False,False,False,28282.9,26700.0,29255.11,,,P2,False
10466,False,False,,False,False,False,28282.9,26700.0,29255.11,,,P2,False
10467,False,False,,False,False,False,28282.9,26700.0,29255.11,,,P2,False
10468,False,False,,False,False,False,28282.9,26700.0,29255.11,,,P2,False
10469,False,False,,False,False,False,28282.9,26700.0,29255.11,,,P2,False
10470,False,False,,False,False,False,28282.9,26700.0,29255.11,,,P2,False
10471,False,False,,False,False,False,28282.9,26700.0,29255.11,,,P2,False
10472,False,False,,False,False,False,28282.9,26700.0,29255.11,,,P2,False
10473,False,False,,False,False,False,28282.9,26700.0,29255.11,,,P2,False
10474,False,False,,False,False,False,28282.9,26700.0,29255.11,,,P2,False
10475,False,False,,False,False,False,28282.9,26700.0,29450.38,,,P2,False
10476,False,False,,False,False,False,28282.9,26700.0,29255.11,,,P2,False
10477,False,False,,False,False,False,31200.01,26700.0,29255.11,,,P2,False
10478,False,False,,False,False,False,31200.01,26700.0,29255.11,,,P2,False
10479,False,False,,False,False,False,31200.01,26700.0,29255.11,,,P2,False
10480,False,False,,False,False,False,31200.01,27477.7,29450.38,,,P2,False
10481,False,False,zone,False,True,False,31200.01,27902.95,29450.38,29450.38,,P2,False
10482,False,False,,False,False,False,31200.01,28001.0,29450.38,,,P2,False
10483,False,False,,False,False,False,31200.01,28001.0,29450.38,,,P2,False
10484,False,False,,False,False,False,31200.01,28019.56,29450.38,,,P2,False
10485,False,False,,False,False,False,29301.0,28019.56,29301.0,,,P2,False
10486,False,False,,False,False,False,29301.0,28019.56,29375.690000000002,,,P2,False
10487,False,False,,False,False,False,29301.0,28019.56,29375.690000000002,,,P2,False
10488,False,False,,False,False,False,29301.0,28019.56,29301.0,,,P2,False
10489,False,False,,False,False,False,29301.0,28019.56,29301.0,,,P2,False
10490,False,False,,False,False,False,29301.0,28019.56,29301.0,,,P2,False
10491,False,False,,False,False,False,29301.0,28019.56,29301.0,,,P2,False
10492,False,False,,False,False,False,29301.0,28019.56,29301.0,,,P2,False
10493,False,False,,False,False,False,29301.0,28019.56,29301.0,,,P2,False
10494,False,False,,False,False,False,29301.0,28019.56,29301.0,,,P2,False
10495,False,False,,False,False,False,29282.36,28019.56,29291.68,,,P2,False
10496,False,False,,False,False,False,29282.36,28019.56,29291.68,,,P2,False
10497,False,False,,False,False,False,29282.36,28019.56,29291.68,,,P2,False
10498,False,False,,False,False,False,29282.36,28019.56,29291.68,,,P2,False
10499,False,False,,False,False,False,29282.36,28019.56,29291.68,,,P2,False
10500,False,False,,False,False,False,29282.36,28019.56,29291.68,,,P2,False
10501,False,False,,False,False,False,29485.0,28019.56,29375.690000000002,,,P2,False
10502,False,False,,False,False,False,29485.0,28019.56,29450.38,,,P2,False
10503,False,False,,False,False,False,29485.0,28019.56,29450.38,,,P2,False
10504,False,False,,False,False,False,29485.0,28019.56,29450.38,,,P2,False
10505,False,False,,False,False,False,29485.0,28019.56,29450.38,,,P2,False
10506,False,False,,False,False,False,29531.42,28019.56,29485.0,,,P2,False
10507,False,False,,False,False,False,29531.42,28019.56,29508.21,,,P2,False
10508,False,False,,False,False,False,29531.42,28019.56,29508.21,,,P2,False
10509,False,False,,False,False,False,29531.42,28019.56,29508.21,,,P2,False
10510,False,False,,False,False,False,29531.42,28019.56,29508.21,,,P2,False
10511,False,False,,False,False,False,29531.42,28019.56,29508.21,,,P2,False
10512,False,False,,False,False,False,29531.42,28019.56,29508.21,,,P2,False
10513,False,False,,False,False,False,29531.42,28019.56,29508.21,,,P2,False
10514,False,False,,False,False,False,29531.42,28019.56,29467.690000000002,,,P2,False
10515,False,False,,False,False,False,29531.42,28019.56,29531.42,,,P2,False
10516,False,False,,False,False,False,29218.96,28019.56,29531.42,,,P2,False
10517,False,False,,False,False,True,29218.96,28019.56,29508.21,,,P2,False
10518,False,False,,False,False,False,29218.96,28019.56,29508.21,,,P2,False
10519,False,False,,False,False,False,29218.96,28019.56,29508.21,,,P2,False
10520,False,False,,False,False,False,29218.96,28019.56,29508.21,,,P2,False
10521,False,False,,False,False,False,29218.96,28019.56,29508.21,,,P2,False
10522,False,False,,False,False,False,29218.96,28019.56,29508.21,,,P2,False
10523,False,False,,False,False,False,29218.96,28019.56,29508.21,,,P2,False
10524,False,False,,False,False,False,29218.96,28019.56,29508.21,,,P2,False
10525,False,False,,False,False,False,29218.96,28019.56,29508.21,,,P2,False
10526,False,False,,False,False,False,29218.96,28019.56,29508.21,,,P2,False
10527,False,False,,False,False,False,29218.96,28019.56,29508.21,,,P2,False
10528,False,False,,False,False,False,29218.96,28019.56,29508.21,,,P2,False
10529,False,False,,False,False,False,29218.96,28019.56,29508.21,,,P2,False
10530,False,False,,False,False,False,29218.96,28019.56,29508.21,,,P2,False
10531,False,False,,False,False,False,29218.96,28019.56,29508.21,,,P2,False
10532,False,False,,False,False,False,29218.96,28019.56,29531.42,,,P2,False
10533,False,False,,False,False,False,29218.96,28019.56,29375.690000000002,,,P2,False
10534,False,False,,False,False,False,29218.96,28019.56,28699.5,,,P2,False
10535,False,False,,False,False,False,29218.96,28019.56,28699.5,,,P2,False
10536,False,False,,False,False,False,29218.96,28019.56,29237.035,,,P2,False
10537,False,False,,False,False,False,29218.96,28019.56,29301.0,,,P2,False
10538,False,False,,False,False,False,28850.0,28019.56,28730.0,,,P2,False
10539,True,False,,False,False,False,28850.0,28019.56,28699.5,,,P2,False
10540,False,False,,False,False,False,28850.0,28019.56,28699.5,,,P2,False
10541,True,False,,False,False,False,28850.0,28019.56,28699.5,,,P2,False
10542,True,False,,False,False,False,28850.0,28019.56,28699.5,,,P2,False
10543,True,False,,False,False,False,28850.0,28019.56,28699.5,,,P2,False
10544,True,False,,False,False,False,28850.0,28019.56,28699.5,,,P2,False
10545,True,False,,False,False,False,28850.0,27249.0,28699.5,,,P2,False
10546,True,False,,False,False,False,28850.0,27190.0,28699.5,,,P2,False
10547,True,False,,False,False,False,28850.0,27190.0,28699.5,,,P2,False
10548,True,False,,False,False,False,28850.0,26890.0,28699.5,,,P2,False
10549,True,False,,False,False,False,28850.0,26890.0,28456.45,,,P2,False
10550,True,False,,False,False,False,28850.0,26560.0,28630.0,,,P2,False
10551,True,False,,False,False,False,28850.0,24900.0,28630.0,,,P2,False
10552,True,False,,False,False,False,28850.0,24555.0,28642.235,,,P2,False
10553,True,False,,False,False,False,28850.0,23500.0,28642.235,,,P2,False
10554,True,False,,True,False,True,28850.0,22600.0,28642.235,,22600.0,P2,False
10555,True,False,,False,False,False,28850.0,22600.0,28642.235,,,P2,False
10556,True,False,,False,False,False,28850.0,21925.77,28642.235,,,P2,False
10557,False,False,,False,False,False,28850.0,20846.0,28642.235,,,P2,False
10558,False,False,,False,False,False,20846.0,20846.0,28642.235,,,P2,False
10559,False,False,,False,False,False,20846.0,20846.0,28642.235,,,P2,False
10560,True,False,,False,False,False,20846.0,20846.0,28642.235,,,P2,False
10561,True,False,,False,False,False,20846.0,20846.0,28642.235,,,P2,False
10562,True,False,,False,False,False,20846.0,20846.0,28642.235,,,P2,False
10563,True,False,,False,False,False,20846.0,20846.0,28642.235,,,P2,False
10564,True,True,swing|nbar,True,True,True,20846.0,20652.18,28642.235,20846.0,20652.18,P2,False
10565,True,False,,False,False,False,20846.0,20111.62,28642.235,,,P2,False
10566,True,False,,False,False,False,20111.62,20111.62,28654.47,,,P2,False
10567,False,False,,False,False,False,20111.62,20111.62,28642.235,,,P2,False
10568,True,False,,False,False,False,20111.62,20111.62,28642.235,,,P2,False
10569,True,False,,False,False,False,20111.62,20111.62,28642.235,,,P2,False
10570,True,False,,False,False,False,20111.62,20111.62,28642.235,,,P2,False
10571,True,False,,False,False,False,20111.62,20111.62,28642.235,,,P2,False
10572,True,False,,False,False,False,20111.62,20111.62,28642.235,,,P2,False
10573,True,False,,False,False,False,20111.62,20111.62,28642.235,,,P2,False
10574,True,False,,False,False,False,20111.62,20111.62,28642.235,,,P2,False
10575,True,False,,False,False,False,20232.0,20111.62,28642.235,,,P2,False
10576,True,False,,False,False,False,20232.0,20111.62,28642.235,,,P2,False
10577,True,False,,False,False,False,20232.0,20111.62,28642.235,,,P2,False
10578,True,False,,False,False,False,20232.0,20111.62,28630.0,,,P2,False
10579,True,False,,False,False,False,20232.0,20111.62,28630.0,,,P2,False
10580,True,False,,False,False,False,20232.0,20111.62,28630.0,,,P2,False
10581,True,False,,False,False,False,20232.0,20111.62,28630.0,,,P2,False
10582,True,False,,False,False,False,20232.0,19066.8,28630.0,,,P2,False
10583,True,False,,False,False,False,20232.0,18742.5,28630.0,,,P2,False
10584,True,False,,False,False,False,20232.0,18742.5,28642.235,,,P2,False
10585,True,False,,False,False,False,20232.0,18031.13,28642.235,,,P2,False
10586,True,False,,False,False,False,20232.0,17622.0,28642.235,,,P2,False
10587,True,False,,False,False,False,17622.0,17622.0,28642.235,,,P2,False
10588,False,False,,False,False,False,17622.0,17622.0,28642.235,,,P2,False
10589,False,False,,False,False,False,17622.0,17622.0,28642.235,,,P2,False
10590,False,False,,False,False,False,17622.0,17622.0,28642.235,,,P2,False
10591,False,False,,False,False,False,17622.0,17622.0,28642.235,,,P2,False
10592,False,False,,False,False,False,17622.0,17622.0,28642.235,,,P2,False
10593,False,False,,False,False,False,17622.0,17622.0,28642.235,,,P2,False
10594,False,False,,False,False,False,17622.0,17622.0,28642.235,,,P2,False
10595,False,False,,False,False,False,17622.0,17622.0,28642.235,,,P2,False
10596,False,False,,False,False,False,17622.0,17622.0,28642.235,,,P2,False
10597,False,False,,False,False,False,17622.0,17622.0,28630.0,,,P2,False
10598,False,False,,False,False,False,17622.0,17622.0,28630.0,,,P2,False
10599,False,False,,False,False,False,17622.0,17622.0,28630.0,,,P2,False
10600,False,False,,False,False,False,17622.0,17622.0,28630.0,,,P2,False
10601,False,False,,False,False,False,17622.0,17622.0,28630.0,,,P2,False
10602,False,False,,False,False,False,17622.0,17622.0,28630.0,,,P2,False
10603,False,False,,False,False,False,17622.0,17622.0,28630.0,,,P2,False
10604,False,False,,False,False,False,17622.0,17622.0,28630.0,,,P2,False
10605,False,False,,False,False,False,17622.0,17622.0,28630.0,,,P2,False
10606,False,False,,False,False,False,17622.0,17622.0,28630.0,,,P2,False
10607,False,False,,False,False,False,17622.0,17622.0,28456.45,,,P2,False
10608,False,False,,False,False,False,17622.0,17622.0,28456.45,,,P2,False
10609,False,False,,False,False,False,17622.0,17622.0,28282.9,,,P2,False
10610,False,False,,False,False,False,17622.0,17622.0,28282.9,,,P2,False
10611,False,False,,False,False,False,19770.51,17622.0,20111.62,,,P2,False
10612,False,False,,False,False,False,19770.51,17622.0,20111.62,,,P2,False
10613,False,False,,False,False,False,19770.51,17622.0,20111.62,,,P2,False
10614,False,False,,False,False,False,19770.51,17622.0,20111.62,,,P2,False
10615,False,False,,False,False,False,19770.51,17622.0,28730.0,,,P2,False
10616,False,False,,False,False,False,19770.51,17622.0,28730.0,,,P2,False
10617,False,False,,False,False,False,19770.51,17622.0,28730.0,,,P2,False
10618,False,False,,False,False,False,19770.51,17622.0,28730.0,,,P2,False
10619,False,False,,False,False,False,19770.51,17622.0,28730.0,,,P2,False
10620,False,False,,False,False,False,19770.51,17622.0,28730.0,,,P2,False
10621,False,False,,False,False,False,19770.51,17622.0,28730.0,,,P2,False
10622,False,False,,False,False,False,19770.51,17622.0,28730.0,,,P2,False
10623,False,False,,False,False,False,19770.51,17622.0,28730.0,,,P2,False
10624,False,False,,False,False,False,19770.51,17622.0,28730.0,,,P2,False
10625,False,False,,False,False,False,19770.51,17622.0,28730.0,,,P2,False
10626,False,False,,False,False,False,19770.51,17622.0,28730.0,,,P2,False
10627,False,False,,False,False,False,20906.62,17622.0,28730.0,,,P2,False
10628,False,False,,False,False,False,20906.62,17622.0,28730.0,,,P2,False
10629,False,False,,False,False,False,20906.62,17622.0,28730.0,,,P2,False
10630,False,False,,False,False,False,20906.62,17622.0,28730.0,,,P2,False
10631,False,False,,False,False,False,20906.62,17622.0,28730.0,,,P2,False
10632,False,False,,False,False,False,20906.62,17622.0,28730.0,,,P2,False
10633,False,False,,False,False,False,20906.62,17622.0,28730.0,,,P2,False
10634,False,False,,False,False,False,20906.62,17622.0,28730.0,,,P2,False
10635,False,False,,False,False,False,20906.62,17622.0,28730.0,,,P2,False
10636,False,False,,False,False,False,20906.62,17622.0,28730.0,,,P2,False
10637,False,False,,False,False,False,20906.62,17622.0,28730.0,,,P2,False
10638,False,False,,False,False,False,20906.62,17622.0,28790.0,,,P2,False
10639,False,False,,False,False,False,20906.62,17622.0,28790.0,,,P2,False
10640,False,False,,False,False,False,20906.62,17622.0,28790.0,,,P2,False
10641,False,False,,False,False,False,20906.62,17622.0,28790.0,,,P2,False
10642,False,False,,False,False,False,20906.62,17622.0,28790.0,,,P2,False
10643,False,False,,False,False,False,20906.62,17622.0,28790.0,,,P2,False
10644,False,False,,False,False,False,20906.62,17622.0,28790.0,,,P2,False
10645,False,False,,False,False,False,20906.62,17622.0,28790.0,,,P2,False
10646,False,False,,False,False,False,20906.62,17622.0,28790.0,,,P2,False
10647,False,False,,False,False,False,20906.62,17622.0,28790.0,,,P2,False
10648,False,False,,False,False,False,20906.62,17622.0,28790.0,,,P2,False
10649,False,False,,False,False,False,20906.62,17622.0,28850.0,,,P2,False
10650,True,False,,False,False,False,19854.92,17622.0,28850.0,,,P2,False
10651,False,False,,False,False,False,19854.92,17622.0,28850.0,,,P2,False
10652,False,False,,False,False,False,19854.92,17622.0,28850.0,,,P2,False
10653,False,False,,False,False,False,19854.92,17622.0,28850.0,,,P2,False
10654,False,False,,False,False,False,19854.92,17622.0,28850.0,,,P2,False
10655,True,False,,False,False,False,19854.92,17622.0,28850.0,,,P2,False
10656,True,False,,False,False,False,19854.92,17622.0,28850.0,,,P2,False
10657,True,False,,False,False,False,19854.92,17622.0,19854.92,,,P2,False
10658,False,False,,False,False,False,19854.92,17622.0,19854.92,,,P2,False
10659,True,False,,False,False,False,18626.0,17622.0,19854.92,,,P2,False
10660,True,False,,False,False,False,18626.0,17622.0,19854.92,,,P2,False
10661,False,False,,False,False,False,18626.0,17622.0,19854.92,,,P2,False
10662,True,False,,False,False,False,18626.0,17622.0,19854.92,,,P2,False
10663,True,False,,False,False,False,18626.0,17622.0,19854.92,,,P2,False
10664,False,False,,False,False,False,18626.0,17622.0,28850.0,,,P2,False
10665,False,False,,False,False,False,18626.0,17622.0,28850.0,,,P2,False
10666,False,False,,False,False,False,18626.0,17622.0,28850.0,,,P2,False
10667,False,False,,False,False,False,18626.0,17622.0,28850.0,,,P2,False
10668,True,False,,False,False,False,18977.01,17622.0,29282.36,,,P2,False
10669,True,True,swing,False,True,False,18977.01,17622.0,29282.36,18977.01,,P2,False
10670,True,False,,False,False,False,18977.01,17622.0,29282.36,,,P2,False
10671,True,False,,False,False,False,18977.01,17622.0,29282.36,,,P2,False
10672,False,False,,False,False,False,18977.01,17622.0,29282.36,,,P2,False
10673,False,False,,False,False,False,18781.0,17622.0,18781.0,,,P2,False
10674,True,False,,False,False,False,18781.0,17622.0,18781.0,,,P2,False
10675,True,False,,False,False,False,18781.0,17622.0,18781.0,,,P2,False
10676,False,False,,False,False,False,18781.0,17622.0,29282.36,,,P2,False
10677,False,False,,False,False,False,18781.0,17622.0,18781.0,,,P2,False
10678,False,False,,False,False,False,18781.0,17622.0,18781.0,,,P2,False
10679,False,False,,False,False,False,18781.0,17622.0,18781.0,,,P2,False
10680,False,False,,False,False,False,18781.0,17622.0,18781.0,,,P2,False
10681,False,False,,False,False,False,18781.0,17622.0,18781.0,,,P2,False
10682,False,False,,False,False,False,18781.0,17622.0,18781.0,,,P2,False
10683,False,False,,False,False,False,18781.0,17622.0,18781.0,,,P2,False
10684,False,False,,False,False,False,18781.0,17622.0,18781.0,,,P2,False
10685,False,False,,False,False,False,18781.0,17622.0,18781.0,,,P2,False
10686,False,False,,False,False,False,18781.0,17622.0,18781.0,,,P2,False
10687,False,False,,False,False,False,19304.4,17622.0,18781.0,,,P2,False
10688,False,False,,False,False,False,19304.4,17622.0,18781.0,,,P2,False
10689,False,False,,False,False,False,19304.4,17622.0,18781.0,,,P2,False
10690,False,False,,False,False,False,19304.4,17622.0,18781.0,,,P2,False
10691,False,False,,False,False,False,19304.4,17622.0,18781.0,,,P2,False
10692,False,False,,False,False,False,19304.4,17622.0,18781.0,,,P2,False
10693,False,False,,False,False,False,19304.4,17622.0,18781.0,,,P2,False
10694,False,False,,False,False,False,19304.4,17622.0,18781.0,,,P2,False
10695,False,False,,False,False,False,19304.4,17622.0,18781.0,,,P2,False
10696,False,False,,False,False,False,19304.4,17622.0,18781.0,,,P2,False
10697,False,False,,False,False,False,19304.4,17622.0,18781.0,,,P2,False
10698,False,False,,False,False,False,19304.4,17622.0,18781.0,,,P2,False
10699,False,False,,False,False,False,19304.4,17622.0,18781.0,,,P2,False
10700,False,False,,False,False,False,19304.4,17622.0,18781.0,,,P2,False
10701,False,False,,False,False,False,19304.4,17622.0,18781.0,,,P2,False
10702,False,False,,False,False,False,19304.4,17622.0,20111.62,,,P2,False
10703,False,False,,False,False,False,19304.4,17622.0,20111.62,,,P2,False
10704,False,False,,False,False,False,19304.4,17622.0,20111.62,,,P2,False
10705,False,False,,False,False,False,21189.26,17622.0,18781.0,,,P2,False
10706,False,False,,False,False,False,21189.26,17960.41,18781.0,,,P2,False
10707,False,False,,False,False,False,21189.26,17960.41,18781.0,,,P2,False
10708,False,False,,False,False,False,21189.26,18264.67,18781.0,,,P2,False
10709,False,False,,False,False,False,21189.26,18626.0,18781.0,,,P2,False
10710,False,False,,False,False,False,21322.12,18626.0,18781.0,,,P2,False
10711,False,False,,False,False,False,21322.12,18626.0,18781.0,,,P2,False
10712,False,False,,False,False,False,21322.12,18626.0,18781.0,,,P2,False
10713,False,False,,False,False,False,21322.12,18626.0,18781.0,,,P2,False
10714,False,False,,False,False,False,21322.12,18626.0,18781.0,,,P2,False
10715,False,False,,False,False,False,21322.12,18626.0,18781.0,,,P2,False
10716,False,False,,False,False,False,21322.12,18626.0,18781.0,,,P2,False
10717,False,False,,False,False,False,21322.12,18626.0,18781.0,,,P2,False
10718,False,False,,False,False,False,21322.12,18626.0,18781.0,,,P2,False
10719,False,False,,False,False,False,21322.12,18626.0,18781.0,,,P2,False
10720,False,False,,False,False,False,21322.12,18626.0,18781.0,,,P2,False
10721,False,False,,False,False,False,21322.12,18626.0,18781.0,,,P2,False
10722,False,False,,False,False,False,21322.12,18626.0,18781.0,,,P2,False
10723,False,False,,False,False,False,21322.12,18626.0,18781.0,,,P2,False
10724,False,False,,False,False,False,21322.12,18626.0,18781.0,,,P2,False
10725,False,False,,False,False,False,21322.12,18626.0,18781.0,,,P2,False
10726,False,False,,False,False,False,21322.12,18626.0,18781.0,,,P2,False
10727,False,False,,False,False,False,21322.12,18626.0,18781.0,,,P2,False
10728,False,False,,False,False,False,21322.12,18626.0,18781.0,,,P2,False
10729,False,False,,False,False,False,21322.12,18626.0,18781.0,,,P2,False
10730,False,False,,False,False,False,21322.12,18626.0,18781.0,,,P2,False
10731,True,False,,False,False,False,19240.0,18626.0,18781.0,,,P2,False
10732,True,False,,False,False,False,19240.0,18626.0,18781.0,,,P2,False
10733,False,False,,False,False,False,19240.0,18626.0,18781.0,,,P2,False
10734,False,False,,False,False,False,19240.0,18626.0,18781.0,,,P2,False
10735,False,False,,False,False,False,18910.94,18626.0,18910.94,,,P2,False
10736,False,False,,False,False,False,18910.94,18626.0,18910.94,,,P2,False
10737,False,False,,False,False,False,18910.94,18626.0,18910.94,,,P2,False
10738,False,False,,False,False,False,18910.94,18626.0,18910.94,,,P2,False
10739,False,False,,False,False,False,18910.94,18626.0,20111.62,,,P2,False
10740,False,False,,False,False,False,18910.94,18626.0,18910.94,,,P2,False
10741,False,False,,False,False,False,19616.07,18626.0,19770.51,,,P2,False
10742,False,False,,False,False,False,19616.07,18626.0,19770.51,,,P2,False
10743,False,False,,False,False,False,19616.07,18626.0,19770.51,,,P2,False
10744,False,False,,False,False,False,19616.07,18626.0,19770.51,,,P2,False
10745,False,False,,False,False,False,19616.07,18626.0,19770.51,,,P2,False
10746,False,False,,False,False,False,19616.07,18626.0,19770.51,,,P2,False
10747,False,False,,False,False,False,19616.07,18626.0,19770.51,,,P2,False
10748,False,False,,False,False,False,19616.07,18626.0,19770.51,,,P2,False
10749,False,False,,False,False,False,19616.07,18626.0,19770.51,,,P2,False
10750,False,False,,False,False,False,19616.07,18626.0,19770.51,,,P2,False
10751,False,False,,False,False,False,20478.61,18626.0,19770.51,,,P2,False
10752,False,False,,False,False,False,20478.61,18626.0,19770.51,,,P2,False
10753,False,False,,False,False,False,20478.61,18626.0,19770.51,,,P2,False
10754,False,False,,False,False,False,20478.61,18626.0,19770.51,,,P2,False
10755,False,False,,False,False,False,20478.61,18626.0,19770.51,,,P2,False
10756,False,False,,False,False,False,20478.61,18626.0,19770.51,,,P2,False
10757,False,False,,False,False,False,20478.61,18626.0,19770.51,,,P2,False
10758,False,False,,False,False,False,20478.61,18626.0,19770.51,,,P2,False
10759,False,False,,False,False,False,20478.61,18626.0,19770.51,,,P2,False
10760,False,False,,False,False,False,20478.61,18626.0,20232.0,,,P2,False
10761,False,False,,False,False,False,20750.01,18626.0,20846.0,,,P2,False
10762,False,False,,False,False,False,20750.01,18626.0,20846.0,,,P2,False
10763,False,False,,False,False,False,20750.01,18626.0,21189.26,,,P2,False
10764,False,False,,False,False,False,20750.01,18626.0,21189.26,,,P2,False
10765,False,False,,False,False,False,20750.01,18626.0,21189.26,,,P2,False
10766,False,False,,False,False,False,20750.01,18626.0,21189.26,,,P2,False
10767,False,False,,False,False,False,20750.01,18626.0,21189.26,,,P2,False
10768,False,False,,False,False,False,20750.01,18626.0,21047.94,,,P2,False
10769,False,False,,False,False,False,20750.01,18626.0,21047.94,,,P2,False
10770,False,False,,False,False,False,20750.01,18626.0,21047.94,,,P2,False
10771,False,False,,False,False,False,20750.01,18626.0,21047.94,,,P2,False
10772,False,False,,False,False,False,20750.01,18626.0,21189.26,,,P2,False
10773,False,False,,False,False,False,20750.01,18626.0,21189.26,,,P2,False
10774,False,False,,False,False,False,20750.01,18626.0,21189.26,,,P2,False
10775,False,False,,False,False,False,20750.01,18626.0,21189.26,,,P2,False
10776,False,False,,False,False,False,20750.01,18626.0,21047.94,,,P2,False
10777,False,False,,False,False,False,20750.01,18626.0,21047.94,,,P2,False
10778,False,False,,False,False,False,20750.01,18781.0,21189.26,,,P2,False
10779,False,False,,False,False,False,20750.01,18781.0,21189.26,,,P2,False
10780,False,False,,False,False,False,20750.01,18781.0,21189.26,,,P2,False
10781,False,False,,False,False,False,20750.01,18781.0,21189.26,,,P2,False
10782,False,False,,False,False,False,20750.01,18781.0,21189.26,,,P2,False
10783,False,False,,False,False,False,22341.46,18781.0,21189.26,,,P2,False
10784,False,False,,False,False,False,22341.46,18781.0,21189.26,,,P2,False
10785,False,False,,False,False,False,22341.46,18781.0,21189.26,,,P2,False
10786,False,False,,False,False,False,22341.46,18781.0,21189.26,,,P2,False
10787,False,False,,False,False,False,22341.46,18781.0,21189.26,,,P2,False
10788,False,False,,False,False,False,22341.46,18781.0,21189.26,,,P2,False
10789,False,False,,False,False,False,22341.46,18781.0,21189.26,,,P2,False
10790,False,False,,False,False,False,22341.46,18781.0,20846.0,,,P2,False
10791,False,False,,False,False,False,22341.46,18781.0,21189.26,,,P2,False
10792,False,False,,False,False,False,22341.46,18910.94,20846.0,,,P2,False
10793,False,False,,False,False,False,22341.46,18910.94,20846.0,,,P2,False
10794,False,False,,False,False,False,22341.46,18910.94,20846.0,,,P2,False
10795,False,False,,False,False,False,22341.46,18910.94,20232.0,,,P2,False
10796,False,False,,False,False,False,21934.57,18910.94,20232.0,,,P2,False
10797,False,False,,False,False,False,21934.57,18910.94,20232.0,,,P2,False
10798,False,False,,False,False,False,21934.57,18910.94,20232.0,,,P2,False
10799,False,False,,False,False,False,21934.57,18910.94,19770.51,,,P2,False
10800,False,False,,False,False,False,21934.57,18910.94,19770.51,,,P2,False
10801,False,False,,False,False,False,21934.57,18910.94,20232.0,,,P2,False
10802,False,False,,False,False,False,21934.57,18910.94,20232.0,,,P2,False
10803,False,False,,False,False,False,21934.57,18910.94,19770.51,,,P2,False
10804,False,False,,False,False,False,21934.57,18910.94,19770.51,,,P2,False
10805,False,False,,False,False,False,21934.57,18910.94,19770.51,,,P2,False
10806,False,False,,False,False,False,21934.57,18910.94,19770.51,,,P2,False
10807,False,False,,False,False,False,21934.57,18910.94,19770.51,,,P2,False
10808,False,False,,False,False,False,21934.57,18910.94,19770.51,,,P2,False
10809,False,False,,False,False,False,21934.57,18910.94,19770.51,,,P2,False
10810,False,False,,False,False,False,21934.57,18910.94,19770.51,,,P2,False
10811,False,False,,False,False,False,21934.57,18910.94,19770.51,,,P2,False
10812,False,False,,False,False,False,21934.57,18910.94,19770.51,,,P2,False
10813,False,False,,False,False,False,20706.5,18910.94,20750.01,,,P2,False
10814,False,False,,False,False,False,20706.5,18910.94,20750.01,,,P2,False
10815,False,False,,False,False,False,20706.5,18910.94,20750.01,,,P2,False
10816,False,False,,False,False,False,20706.5,18910.94,20750.01,,,P2,False
10817,False,False,,False,False,False,20706.5,18910.94,20750.01,,,P2,False
10818,False,False,,False,False,False,20706.5,18910.94,20750.01,,,P2,False
10819,False,False,,False,False,False,20706.5,18910.94,20750.01,,,P2,False
10820,False,False,,False,False,False,20706.5,18910.94,20750.01,,,P2,False
10821,False,False,,False,False,False,20706.5,18910.94,20750.01,,,P2,False
10822,False,False,,False,False,False,20706.5,18910.94,21189.26,,,P2,False
10823,False,False,,False,False,False,20706.5,18910.94,20750.01,,,P2,False
10824,False,False,,False,False,False,20706.5,18910.94,20750.01,,,P2,False
10825,False,False,,False,False,False,22582.13,18910.94,20750.01,,,P2,False
10826,False,False,,False,False,False,22582.13,18910.94,20750.01,,,P2,False
10827,False,False,,False,False,False,22582.13,18910.94,20750.01,,,P2,False
10828,False,False,,False,False,False,22582.13,18910.94,20750.01,,,P2,False
10829,False,False,,False,False,False,22582.13,18910.94,20750.01,,,P2,False
10830,False,False,,False,False,False,22582.13,18910.94,20750.01,,,P2,False
10831,False,False,,False,False,False,23414.03,18910.94,20750.01,,,P2,False
10832,False,False,,False,False,False,23414.03,18910.94,20750.01,,,P2,False
10833,False,False,,False,False,False,23414.03,18910.94,20750.01,,,P2,False
10834,False,False,,False,False,False,23414.03,18910.94,20750.01,,,P2,False
10835,False,False,,False,False,False,23414.03,18910.94,20750.01,,,P2,False
10836,False,False,,False,False,False,23414.03,18910.94,20750.01,,,P2,False
10837,False,False,,False,False,False,23414.03,18910.94,20750.01,,,P2,False
10838,False,False,,False,False,False,23414.03,18910.94,20750.01,,,P2,False
10839,False,False,,False,False,False,23502.25,18910.94,20750.01,,,P2,False
10840,False,False,swing,False,True,False,23502.25,18910.94,20750.01,23502.25,,P2,False
10841,False,False,,False,False,False,23502.25,18910.94,20750.01,,,P2,False
10842,False,False,,False,False,False,23502.25,18910.94,20750.01,,,P2,False
10843,False,False,,False,False,False,23502.25,18910.94,20750.01,,,P2,False
10844,False,False,,False,False,False,23502.25,18910.94,20750.01,,,P2,False
10845,False,False,,False,False,False,23502.25,18910.94,20750.01,,,P2,False
10846,False,False,,False,False,False,23502.25,18910.94,20750.01,,,P2,False
10847,False,False,,False,False,False,23502.25,18910.94,20750.01,,,P2,False
10848,False,False,,False,False,False,23502.25,18910.94,20750.01,,,P2,False
10849,False,False,,False,False,False,23502.25,18910.94,20750.01,,,P2,False
10850,False,False,,False,False,False,23502.25,18910.94,20750.01,,,P2,False
10851,False,False,,False,False,False,23502.25,18910.94,20750.01,,,P2,False
10852,False,False,,False,False,False,23502.25,18910.94,20750.01,,,P2,False
10853,False,False,,False,False,False,23502.25,18910.94,20750.01,,,P2,False
10854,False,False,,False,False,False,22654.37,19230.0,20750.01,,,P2,False
10855,False,False,,False,False,False,22654.37,19584.37,20750.01,,,P2,False
10856,False,False,,False,False,False,22654.37,19616.07,20750.01,,,P2,False
10857,False,False,,False,False,False,22654.37,19616.07,20750.01,,,P2,False
10858,False,False,,False,False,False,22654.37,19616.07,20750.01,,,P2,False
10859,False,False,,False,False,False,22654.37,19616.07,20750.01,,,P2,False
10860,False,False,,False,False,False,22654.37,20143.96,20750.01,,,P2,False
10861,False,False,,False,False,False,22654.37,20382.29,20750.01,,,P2,False
10862,False,False,,False,False,False,22654.37,20382.29,20750.01,,,P2,False
10863,False,False,,False,False,False,22720.0,20478.61,22654.37,,,P2,False
10864,False,False,,False,False,False,22720.0,20478.61,18910.94,,,P2,False
10865,False,False,,False,False,False,22720.0,20478.61,18910.94,,,P2,False
10866,False,False,,False,False,False,22720.0,20478.61,22654.37,,,P2,False
10867,False,False,,False,False,False,22720.0,20478.61,22654.37,,,P2,False
10868,False,False,,False,False,False,22400.0,20478.61,22654.37,,,P2,False
10869,False,False,,False,False,False,22400.0,20478.61,22654.37,,,P2,False
10870,False,False,,False,False,False,22400.0,20539.85,22654.37,,,P2,False
10871,False,False,,False,False,False,22400.0,20588.72,22654.37,,,P2,False
10872,False,False,,False,False,False,22400.0,20706.5,22654.37,,,P2,False
10873,False,False,,False,False,False,22400.0,20706.5,22654.37,,,P2,False
10874,False,False,,False,False,False,22754.13,20706.5,22687.184999999998,,,P2,False
10875,False,False,,False,False,False,22754.13,20706.5,22687.184999999998,,,P2,False
10876,False,False,,False,False,False,22754.13,20706.5,22687.184999999998,,,P2,False
10877,False,False,,False,False,False,22754.13,20706.5,22687.184999999998,,,P2,False
10878,False,False,,False,False,False,22754.13,20706.5,22687.184999999998,,,P2,False
10879,False,False,,False,False,False,22754.13,20706.5,22720.0,,,P2,False
10880,False,False,,False,False,False,22754.13,20706.5,22720.0,,,P2,False
10881,False,False,,False,False,False,22754.13,20706.5,22720.0,,,P2,False
10882,False,False,,False,False,False,22844.62,20706.5,22754.13,,,P2,False
10883,False,False,,False,False,False,22844.62,20706.5,22754.13,,,P2,False
10884,False,False,,False,False,False,22844.62,20706.5,22754.13,,,P2,False
10885,False,False,,False,False,False,22844.62,20706.5,22754.13,,,P2,False
10886,False,False,,False,False,False,22844.62,20706.5,22754.13,,,P2,False
10887,False,False,,False,False,False,22844.62,20706.5,22754.13,,,P2,False
10888,False,False,,False,False,False,22844.62,20706.5,22754.13,,,P2,False
10889,False,False,,False,False,False,22844.62,20706.5,22754.13,,,P2,False
10890,False,False,,False,False,False,22844.62,20706.5,22754.13,,,P2,False
10891,False,False,,False,False,False,22844.62,20706.5,22754.13,,,P2,False
10892,False,False,,False,False,False,22844.62,20706.5,22754.13,,,P2,False
10893,False,False,,False,False,False,22844.62,20706.5,22754.13,,,P2,False
10894,False,False,,False,False,False,22844.62,20706.5,22754.13,,,P2,False
10895,False,False,,False,False,False,22844.62,20706.5,22754.13,,,P2,False
10896,False,False,,False,False,False,22844.62,20706.5,22754.13,,,P2,False
10897,False,False,,False,False,False,22844.62,20706.5,22754.13,,,P2,False
10898,False,False,,False,False,False,22844.62,20706.5,22754.13,,,P2,False
10899,False,False,,False,False,False,22844.62,20706.5,22754.13,,,P2,False
10900,False,False,,False,False,False,22664.69,20706.5,22720.0,,,P2,False
10901,False,False,,False,False,False,22664.69,20706.5,22720.0,,,P2,False
10902,False,False,,False,False,False,22664.69,20706.5,22720.0,,,P2,False
10903,False,False,,False,False,False,22664.69,20706.5,22720.0,,,P2,False
10904,False,False,,False,False,False,22664.69,20706.5,22720.0,,,P2,False
10905,False,False,,False,False,False,22664.69,20706.5,22720.0,,,P2,False
10906,False,False,,False,False,False,22664.69,20706.5,22720.0,,,P2,False
10907,False,False,,False,False,False,22664.69,20706.5,22720.0,,,P2,False
10908,False,False,,False,False,False,22664.69,20706.5,22720.0,,,P2,False
10909,False,False,,False,False,False,22664.69,20706.5,22720.0,,,P2,False
10910,False,False,,False,False,False,22664.69,20706.5,22720.0,,,P2,False
10911,False,False,,False,False,False,22664.69,20706.5,22720.0,,,P2,False
10912,False,False,,False,False,False,22664.69,20706.5,22720.0,,,P2,False
10913,False,False,,False,False,False,22664.69,20706.5,22720.0,,,P2,False
10914,False,False,,False,False,False,23583.0,20706.5,23502.25,,,P2,False
10915,False,False,,False,False,False,23583.0,20706.5,23502.25,,,P2,False
10916,False,False,,False,False,False,23583.0,20706.5,23502.25,,,P2,False
10917,False,False,,False,False,False,23583.0,20706.5,23502.25,,,P2,False
10918,False,False,,False,False,False,23583.0,20706.5,23502.25,,,P2,False
10919,False,False,,False,False,False,23583.0,20706.5,23502.25,,,P2,False
10920,False,False,,False,False,False,23583.0,20706.5,23502.25,,,P2,False
10921,False,False,,False,False,False,23583.0,20706.5,23502.25,,,P2,False
10922,False,False,,False,False,False,23583.0,20706.5,23502.25,,,P2,False
10923,False,False,,False,False,False,23583.0,20706.5,23502.25,,,P2,False
10924,False,False,,False,False,False,23583.0,20706.5,23502.25,,,P2,False
10925,False,False,,False,False,False,23583.0,20706.5,23502.25,,,P2,False
10926,False,False,,False,False,False,23583.0,20706.5,23502.25,,,P2,False
10927,False,False,,False,False,False,23583.0,20706.5,23502.25,,,P2,False
10928,False,False,,False,False,False,23583.0,20706.5,23502.25,,,P2,False
10929,False,False,,False,False,False,23583.0,20706.5,23502.25,,,P2,False
10930,False,False,,False,False,False,23583.0,20706.5,23502.25,,,P2,False
10931,False,False,,False,False,False,23583.0,20706.5,23502.25,,,P2,False
10932,False,False,,False,False,False,23583.0,20734.79,23502.25,,,P2,False
10933,False,False,,False,False,False,23583.0,20809.53,23502.25,,,P2,False
10934,False,False,,False,False,False,23583.0,21042.53,23502.25,,,P2,False
10935,False,False,swing,False,True,False,23773.22,21059.0,23542.625,23773.22,,P2,False
10936,False,False,swing,False,True,False,23773.22,21129.65,23542.625,23773.22,,P2,False
10937,False,False,,False,False,False,23773.22,21157.07,23542.625,,,P2,False
10938,False,False,,False,False,False,23773.22,21455.25,23542.625,,,P2,False
10939,False,False,,False,False,False,23671.22,22400.0,23671.22,,,P2,False
10940,False,False,,False,False,False,23671.22,22400.0,23671.22,,,P2,False
10941,False,False,,False,False,False,23671.22,22400.0,22720.0,,,P2,False
10942,False,False,,False,False,False,23671.22,22400.0,22720.0,,,P2,False
10943,False,False,,False,False,False,23671.22,22400.0,22720.0,,,P2,False
10944,False,False,,False,False,False,23671.22,22400.0,22720.0,,,P2,False
10945,False,False,,False,False,False,23671.22,22400.0,22737.065000000002,,,P2,False
10946,False,False,,False,False,False,23671.22,22400.0,23502.25,,,P2,False
10947,False,False,,False,False,False,23180.4,22400.0,22754.13,,,P2,False
10948,False,False,,False,False,False,23180.4,22400.0,22754.13,,,P2,False
10949,False,False,,False,False,False,23180.4,22400.0,22754.13,,,P2,False
10950,False,False,,False,False,False,23180.4,22400.0,22754.13,,,P2,False
10951,True,False,,False,False,False,23180.4,22400.0,22664.69,,,P2,False
10952,True,False,,False,False,False,23180.4,22400.0,22400.0,,,P2,False
10953,True,False,,False,False,False,23180.4,22400.0,22400.0,,,P2,False
10954,True,False,,False,False,False,23180.4,21447.76,22400.0,,,P2,False
10955,True,False,,False,False,False,23180.4,21261.96,22400.0,,,P2,False
10956,True,False,,False,False,False,23180.4,21261.96,22400.0,,,P2,False
10957,True,False,,False,False,False,23180.4,21149.95,22400.0,,,P2,False
10958,True,False,,False,False,False,23180.4,20783.57,22400.0,,,P2,False
10959,True,False,,False,False,False,20783.57,20783.57,20750.01,,,P2,False
10960,True,False,,False,False,False,20783.57,20783.57,20750.01,,,P2,False
10961,True,False,,False,False,False,20783.57,20783.57,20750.01,,,P2,False
10962,True,False,,False,False,False,20783.57,20783.57,20750.01,,,P2,False
10963,True,False,,False,False,False,20783.57,20783.57,20750.01,,,P2,False
10964,True,False,,False,False,False,20783.57,20761.9,20750.01,,,P2,False
10965,True,False,,False,False,False,20761.9,20761.9,20755.955,,,P2,False
10966,False,False,,False,False,False,20761.9,20761.9,20755.955,,,P2,False
10967,False,False,,False,False,False,20761.9,20761.9,20755.955,,,P2,False
10968,False,False,,False,False,False,20761.9,20761.9,20755.955,,,P2,False
10969,True,False,,False,False,False,20761.9,20761.9,20755.955,,,P2,False
10970,True,False,,False,False,False,20761.9,20761.9,20755.955,,,P2,False
10971,True,False,,False,False,False,20761.9,20761.9,20755.955,,,P2,False
10972,True,False,,False,False,False,20761.9,20761.9,20755.955,,,P2,False
10973,True,False,,False,False,False,20761.9,20761.9,20755.955,,,P2,False
10974,True,False,,False,False,False,20890.18,20761.9,20761.9,,,P2,False
10975,True,False,,False,False,False,20890.18,20761.9,20761.9,,,P2,False
10976,True,False,,False,False,False,20890.18,20761.9,20761.9,,,P2,False
10977,True,False,,False,False,False,20890.18,20761.9,20761.9,,,P2,False
10978,False,False,,False,False,False,20890.18,20761.9,20761.9,,,P2,False
10979,False,False,,False,False,False,20890.14,20761.9,20783.57,,,P2,False
10980,True,False,,False,False,False,20890.14,20761.9,20783.57,,,P2,False
10981,True,False,,False,False,False,20890.14,20761.9,20783.57,,,P2,False
10982,True,False,,False,False,False,20890.14,20761.9,20783.57,,,P2,False
10983,False,False,,False,False,False,20890.14,20761.9,20783.57,,,P2,False
10984,False,False,,False,False,False,21145.0,20761.9,20783.57,,,P2,False
10985,True,False,,False,False,False,21145.0,20761.9,20783.57,,,P2,False
10986,True,False,,False,False,False,21145.0,20761.9,20783.57,,,P2,False
10987,False,False,,False,False,False,21145.0,20761.9,20783.57,,,P2,False
10988,False,False,,False,False,False,21145.0,20761.9,20783.57,,,P2,False
10989,False,False,,False,False,False,21145.0,20761.9,20783.57,,,P2,False
10990,False,False,,False,False,False,21310.15,20761.9,20783.57,,,P2,False
10991,False,False,,False,False,False,21310.15,20761.9,20783.57,,,P2,False
10992,False,False,,False,False,False,21310.15,20761.9,20783.57,,,P2,False
10993,False,False,,False,False,False,21310.15,20761.9,20783.57,,,P2,False
10994,True,False,,False,False,False,21310.15,20761.9,20783.57,,,P2,False
10995,True,False,,False,False,False,21310.15,20761.9,20772.735,,,P2,False
10996,True,False,,False,False,False,21310.15,20761.9,20755.955,,,P2,False
10997,True,False,,False,False,False,21310.15,20761.9,20755.955,,,P2,False
10998,True,False,,False,False,False,21310.15,20635.12,20783.57,,,P2,False
10999,True,False,,False,False,False,21310.15,20529.74,20783.57,,,P2,False
11000,True,False,,False,False,False,21310.15,20107.9,20783.57,,,P2,False
11001,True,False,,False,False,False,21310.15,20107.9,20761.9,,,P2,False
11002,True,False,,False,False,False,21310.15,19920.0,20761.9,,,P2,False
11003,True,False,,False,False,False,21310.15,19920.0,20761.9,,,P2,False
11004,True,False,,False,False,False,21310.15,19800.0,20761.9,,,P2,False
11005,True,False,,False,False,False,19800.0,19800.0,20761.9,,,P2,False
11006,True,False,,False,False,False,19800.0,19800.0,20761.9,,,P2,False
11007,True,False,,False,False,False,19800.0,19800.0,20761.9,,,P2,False
11008,True,False,,False,False,False,19800.0,19800.0,20761.9,,,P2,False
11009,True,False,,False,False,False,19800.0,19800.0,20761.9,,,P2,False
11010,True,False,,False,False,False,19800.0,19800.0,20761.9,,,P2,False
11011,True,False,,False,False,False,19800.0,19800.0,20761.9,,,P2,False
11012,True,False,,False,False,False,19800.0,19520.0,20761.9,,,P2,False
11013,True,False,,False,False,False,19520.0,19520.0,20761.9,,,P2,False
11014,True,False,,False,False,False,19520.0,19520.0,20761.9,,,P2,False
11015,True,False,,False,False,False,19520.0,19520.0,20761.9,,,P2,False
11016,False,False,,False,False,False,19520.0,19520.0,20761.9,,,P2,False
11017,False,False,,False,False,False,19520.0,19520.0,20761.9,,,P2,False
11018,False,False,,False,False,False,19520.0,19520.0,20761.9,,,P2,False
11019,True,False,,False,False,False,19520.0,19520.0,20761.9,,,P2,False
11020,True,False,,False,False,False,19520.0,19520.0,20761.9,,,P2,False
11021,True,False,,False,False,False,19520.0,19520.0,20761.9,,,P2,False
11022,True,False,,False,False,False,19520.0,19520.0,20761.9,,,P2,False
11023,True,False,,False,False,False,19520.0,19520.0,20783.57,,,P2,False
11024,True,False,,False,False,False,19540.0,19520.0,20783.57,,,P2,False
11025,True,False,,False,False,False,19540.0,19520.0,20761.9,,,P2,False
11026,True,False,,False,False,False,19540.0,19520.0,20783.57,,,P2,False
11027,False,False,,False,False,False,19540.0,19520.0,20783.57,,,P2,False
11028,False,False,,False,False,False,19540.0,19520.0,20783.57,,,P2,False
11029,False,False,,False,False,False,19540.0,19520.0,20783.57,,,P2,False
11030,False,False,,False,False,False,19540.0,19520.0,20783.57,,,P2,False
11031,False,False,,False,False,False,19540.0,19520.0,20761.9,,,P2,False
11032,False,False,,False,False,False,19540.0,19520.0,20783.57,,,P2,False
11033,False,False,,False,False,False,19540.0,19520.0,20783.57,,,P2,False
11034,False,False,,False,False,False,19540.0,19520.0,20783.57,,,P2,False
11035,False,False,,False,False,False,19540.0,19520.0,20761.9,,,P2,False
11036,False,False,,False,False,False,19565.66,19520.0,19540.0,,,P2,False
11037,False,False,,False,False,False,19565.66,19520.0,19540.0,,,P2,False
11038,False,False,,False,False,False,19565.66,19520.0,19540.0,,,P2,False
11039,False,False,,False,False,False,19565.66,19520.0,19540.0,,,P2,False
11040,False,False,,False,False,False,19565.66,19520.0,19540.0,,,P2,False
11041,False,False,,False,False,False,19565.66,19520.0,19540.0,,,P2,False
11042,False,False,,False,False,False,19565.66,19520.0,19540.0,,,P2,False
11043,False,False,,False,False,False,19565.66,19520.0,19540.0,,,P2,False
11044,False,False,,False,False,False,19565.66,19520.0,19540.0,,,P2,False
11045,False,False,,False,False,False,19565.66,19520.0,19540.0,,,P2,False
11046,False,False,,False,False,False,19565.66,19520.0,19540.0,,,P2,False
11047,True,False,,False,False,False,19565.66,19520.0,19540.0,,,P2,False
11048,True,False,,False,False,False,19565.66,19520.0,19540.0,,,P2,False
11049,True,False,,False,False,False,19565.66,19520.0,19540.0,,,P2,False
11050,True,False,,False,False,False,19565.66,19520.0,19540.0,,,P2,False
11051,True,False,,False,False,False,19565.66,19520.0,19540.0,,,P2,False
11052,True,False,,False,False,False,19583.1,19520.0,19552.83,,,P2,False
11053,False,False,,False,False,False,19583.1,19520.0,19552.83,,,P2,False
11054,False,False,,False,False,False,19583.1,19520.0,19552.83,,,P2,False
11055,False,False,,False,False,False,19583.1,19520.0,19552.83,,,P2,False
11056,False,False,,False,False,False,19583.1,19520.0,19552.83,,,P2,False
11057,False,False,,False,False,False,19583.1,19520.0,19552.83,,,P2,False
11058,False,False,,False,False,False,19633.83,19520.0,19565.66,,,P2,False
11059,False,False,,False,False,False,19633.83,19520.0,19565.66,,,P2,False
11060,False,False,,False,False,False,19633.83,19520.0,19565.66,,,P2,False
11061,False,False,,False,False,False,19633.83,19520.0,19565.66,,,P2,False
11062,True,False,,False,False,False,19633.83,19520.0,19565.66,,,P2,False
11063,True,False,,False,False,False,19633.83,19520.0,19565.66,,,P2,False
11064,True,False,,False,False,False,19633.83,19520.0,19565.66,,,P2,False
11065,True,False,,False,False,False,19633.83,18733.97,19565.66,,,P2,False
11066,True,False,,False,False,False,19633.83,18649.51,19565.66,,,P2,False
11067,True,False,,False,False,False,19633.83,18510.77,19565.66,,,P2,False
11068,True,False,,False,False,False,18510.77,18510.77,19565.66,,,P2,False
11069,True,False,,False,False,False,18510.77,18510.77,19565.66,,,P2,False
11070,True,False,,False,False,False,18510.77,18510.77,19565.66,,,P2,False
11071,False,False,,False,False,False,18510.77,18510.77,19565.66,,,P2,False
11072,False,False,,False,False,False,18510.77,18510.77,19565.66,,,P2,False
11073,True,False,,False,False,False,18510.77,18510.77,19565.66,,,P2,False
11074,False,False,,False,False,False,18510.77,18510.77,19565.66,,,P2,False
11075,False,False,,False,False,False,18510.77,18510.77,19565.66,,,P2,False
11076,False,False,,False,False,False,18510.77,18510.77,19565.66,,,P2,False
11077,False,False,,False,False,False,19012.0,18510.77,19574.379999999997,,,P2,False
11078,False,False,,False,False,False,19012.0,18510.77,20836.855,,,P2,False
11079,False,False,,False,False,False,19012.0,18510.77,20836.855,,,P2,False
11080,False,False,,False,False,False,19012.0,18510.77,20836.855,,,P2,False
11081,False,False,,False,False,False,19012.0,18510.77,20836.855,,,P2,False
11082,False,False,,False,False,False,19012.0,18510.77,20836.855,,,P2,False
11083,False,False,,False,False,False,19012.0,18510.77,20836.855,,,P2,False
11084,False,False,,False,False,False,19012.0,18510.77,20836.855,,,P2,False
11085,False,False,,False,False,False,19012.0,18510.77,20836.855,,,P2,False
11086,False,False,,False,False,False,19012.0,18510.77,20836.855,,,P2,False
11087,False,False,,False,False,False,19012.0,18510.77,20836.855,,,P2,False
11088,False,False,,False,False,False,19012.0,18510.77,20836.855,,,P2,False
11089,False,False,,False,False,False,21111.13,18510.77,21145.0,,,P2,False
11090,False,False,,False,False,False,21111.13,18510.77,21145.0,,,P2,False
11091,False,False,,False,False,False,21111.13,18510.77,21145.0,,,P2,False
11092,False,False,,False,False,False,21111.13,18510.77,21145.0,,,P2,False
11093,False,False,,False,False,False,21111.13,18510.77,21145.0,,,P2,False
11094,False,False,,False,False,False,21111.13,18510.77,21145.0,,,P2,False
11095,False,False,,False,False,False,21111.13,18510.77,21145.0,,,P2,False
11096,False,False,,False,False,False,21111.13,18510.77,21145.0,,,P2,False
11097,False,False,,False,False,False,21111.13,18510.77,21145.0,,,P2,False
11098,False,False,,False,False,False,21111.13,18510.77,21145.0,,,P2,False
11099,False,False,,False,False,False,21111.13,18510.77,21145.0,,,P2,False
11100,False,False,,False,False,False,21111.13,18510.77,21145.0,,,P2,False
11101,False,False,,False,False,False,21111.13,18510.77,21145.0,,,P2,False
11102,False,False,,False,False,False,21111.13,18510.77,21145.0,,,P2,False
11103,False,False,,False,False,False,21111.13,18510.77,19574.379999999997,,,P2,False
11104,False,False,,False,False,False,21111.13,18510.77,19583.1,,,P2,False
11105,False,False,,False,False,False,21111.13,18510.77,19583.1,,,P2,False
11106,False,False,,False,False,False,21111.13,18510.77,19583.1,,,P2,False
11107,False,False,,False,False,False,21111.13,18510.77,19583.1,,,P2,False
11108,False,False,,False,False,False,21111.13,18510.77,19583.1,,,P2,False
11109,False,False,,False,False,False,19860.0,18510.77,19800.0,,,P2,False
11110,False,False,,False,False,False,19860.0,18510.77,19800.0,,,P2,False
11111,False,False,,False,False,False,19860.0,18510.77,19800.0,,,P2,False
11112,False,False,,False,False,False,19860.0,18510.77,19800.0,,,P2,False
11113,False,False,,False,False,False,19860.0,18510.77,19800.0,,,P2,False
11114,False,False,,False,False,False,19617.62,18510.77,19716.915,,,P2,False
11115,True,False,,False,False,False,19617.62,18510.77,19625.725,,,P2,False
11116,True,False,,False,False,False,19617.62,18510.77,19716.915,,,P2,False
11117,True,False,,False,False,False,19617.62,18510.77,19625.725,,,P2,False
11118,True,False,,False,False,False,19617.62,18510.77,19633.83,,,P2,False
11119,True,False,,False,False,False,19497.0,18510.77,19633.83,,,P2,False
11120,True,False,,False,False,False,19497.0,18510.77,19716.915,,,P2,False
11121,True,False,,False,False,False,19497.0,18510.77,19574.379999999997,,,P2,False
11122,True,True,swing|zone,False,True,False,19497.0,18510.77,19574.379999999997,19574.379999999997,,P2,False
11123,True,False,,False,False,False,19497.0,18510.77,19716.915,,,P2,False
11124,True,False,,False,False,False,19497.0,18510.77,19716.915,,,P2,False
11125,True,False,,False,False,False,19497.0,18510.77,19716.915,,,P2,False
11126,True,False,,False,False,False,19320.01,18510.77,19716.915,,,P2,False
11127,True,False,,False,False,False,19320.01,18510.77,19800.0,,,P2,False
11128,False,False,,False,False,False,19320.01,18510.77,19800.0,,,P2,False
11129,False,False,,False,False,False,19320.01,18510.77,19800.0,,,P2,False
11130,False,False,,False,False,False,19320.01,18510.77,19800.0,,,P2,False
11131,False,False,,False,False,False,19748.08,18510.77,19800.0,,,P2,False
11132,False,False,,False,False,False,19748.08,18510.77,19800.0,,,P2,False
11133,False,False,,False,False,False,19748.08,18510.77,19800.0,,,P2,False
11134,False,False,,False,False,False,19748.08,18510.77,19574.379999999997,,,P2,False
11135,True,False,,False,False,False,19748.08,18510.77,19565.66,,,P2,False
11136,True,False,,False,False,False,19748.08,18510.77,19565.66,,,P2,False
11137,True,False,,False,False,False,19748.08,18510.77,19552.83,,,P2,False
11138,True,False,,False,False,False,19748.08,18510.77,19552.83,,,P2,False
11139,True,False,,False,False,False,19748.08,18510.77,19552.83,,,P2,False
11140,True,False,,False,False,False,19748.08,18232.56,19497.0,,,P2,False
11141,True,False,,False,False,False,18232.56,18232.56,19497.0,,,P2,False
11142,True,False,,False,False,False,18232.56,18232.56,19497.0,,,P2,False
11143,True,False,,False,False,False,18232.56,18232.56,19497.0,,,P2,False
11144,True,False,,False,False,False,18232.56,18232.56,19497.0,,,P2,False
11145,False,False,,False,False,False,18232.56,18232.56,19497.0,,,P2,False
11146,False,False,,False,False,False,18232.56,18232.56,19497.0,,,P2,False
11147,False,False,,False,False,False,18232.56,18232.56,19497.0,,,P2,False
11148,False,False,,False,False,False,18232.56,18232.56,19497.0,,,P2,False
11149,False,False,,False,False,False,18232.56,18232.56,19497.0,,,P2,False
11150,True,False,,False,False,False,18711.87,18232.56,19552.83,,,P2,False
11151,True,False,,False,False,False,18711.87,18232.56,19552.83,,,P2,False
11152,True,True,swing,False,True,False,18711.87,18232.56,19552.83,18711.87,,P2,False
11153,True,False,,False,False,False,18711.87,18232.56,19508.5,,,P2,False
11154,True,False,,False,False,False,18711.87,18232.56,19520.0,,,P2,False
11155,True,False,,False,False,False,18711.87,18232.56,19520.0,,,P2,False
11156,True,False,,False,False,False,18711.87,18125.98,19508.5,,,P2,False
11157,False,False,,False,False,False,18125.98,18125.98,19508.5,,,P2,False
11158,True,False,,False,False,False,18125.98,18125.98,19508.5,,,P2,False
11159,False,False,,False,False,False,18125.98,18125.98,19520.0,,,P2,False
11160,False,False,,False,False,False,18125.98,18125.98,19508.5,,,P2,False
11161,False,False,,False,False,False,18125.98,18125.98,19508.5,,,P2,False
11162,False,False,,False,False,False,18125.98,18125.98,19508.5,,,P2,False
11163,False,False,,False,False,False,18125.98,18125.98,19508.5,,,P2,False
11164,False,False,,False,False,False,18125.98,18125.98,19508.5,,,P2,False
11165,False,False,,False,False,False,18125.98,18125.98,19508.5,,,P2,False
11166,False,False,,False,False,False,18125.98,18125.98,19508.5,,,P2,False
11167,False,False,,False,False,False,18531.42,18125.98,18531.42,,,P2,False
11168,False,False,,False,False,False,18531.42,18125.98,18531.42,,,P2,False
11169,False,False,,False,False,False,18531.42,18125.98,18531.42,,,P2,False
11170,False,False,,False,False,False,18531.42,18125.98,18531.42,,,P2,False
11171,False,False,,False,False,False,18531.42,18125.98,18531.42,,,P2,False
11172,False,False,,False,False,False,18531.42,18125.98,18531.42,,,P2,False
11173,False,False,,False,False,False,18531.42,18125.98,18531.42,,,P2,False
11174,False,False,,False,False,False,18531.42,18125.98,19565.66,,,P2,False
11175,False,False,,False,False,False,18805.34,18125.98,19565.66,,,P2,False
11176,False,False,,False,False,False,18805.34,18125.98,19565.66,,,P2,False
11177,False,False,swing,False,True,False,18805.34,18125.98,19565.66,18805.34,,P2,False
11178,False,False,,False,False,False,18805.34,18125.98,19565.66,,,P2,False
11179,False,False,swing,False,True,False,18805.34,18125.98,19565.66,18805.34,,P2,False
11180,False,False,,False,False,False,18805.34,18125.98,19565.66,,,P2,False
11181,False,False,,False,False,False,18629.2,18125.98,18711.87,,,P2,False
11182,False,False,,False,False,False,18629.2,18125.98,18711.87,,,P2,False
11183,False,False,,False,False,False,18629.2,18125.98,18711.87,,,P2,False
11184,False,False,,False,False,False,18629.2,18125.98,19800.0,,,P2,False
11185,False,False,,False,False,False,18629.2,18125.98,19800.0,,,P2,False
11186,False,False,,False,False,False,18629.2,18125.98,19800.0,,,P2,False
11187,False,False,,False,False,False,18629.2,18125.98,19800.0,,,P2,False
11188,False,False,,False,False,False,18629.2,18125.98,18711.87,,,P2,False
11189,False,False,,False,False,False,18629.2,18125.98,18758.605,,,P2,False
11190,False,False,,False,False,False,18629.2,18125.98,18629.2,,,P2,False
11191,False,False,,False,False,False,18629.2,18125.98,18758.605,,,P2,False
11192,False,False,,False,False,False,18629.2,18125.98,18758.605,,,P2,False
11193,False,False,,False,False,False,18629.2,18125.98,18758.605,,,P2,False
11194,False,False,zone,False,True,False,18471.28,18125.98,19508.5,19508.5,,P2,False
11195,False,False,,False,False,False,18471.28,18125.98,18758.605,,,P2,False
11196,False,False,,False,False,False,18471.28,18125.98,18758.605,,,P2,False
11197,False,False,,False,False,False,18471.28,18125.98,18758.605,,,P2,False
11198,False,False,,False,False,False,18471.28,18125.98,18758.605,,,P2,False
11199,False,False,,False,False,True,18471.28,18125.98,18758.605,,,P2,False
11200,False,False,,False,False,False,18471.28,18125.98,18758.605,,,P2,False
11201,False,False,,False,False,False,18471.28,18125.98,19583.1,,,P2,False
11202,False,False,,False,False,False,18471.28,18125.98,18758.605,,,P2,False
11203,False,False,,False,False,False,18843.01,18125.98,19552.83,,,P2,False
11204,False,False,,False,False,False,18843.01,18125.98,18824.175,,,P2,False
11205,False,False,,False,False,False,18843.01,18125.98,19748.08,,,P2,False
11206,False,False,,False,False,False,18843.01,18125.98,18843.01,,,P2,False
11207,False,False,,False,False,False,18843.01,18125.98,18843.01,,,P2,False
11208,False,False,,False,False,False,18843.01,18125.98,18843.01,,,P2,False
11209,False,False,,False,False,False,19155.36,18125.98,19155.36,,,P2,False
11210,False,False,,False,False,False,19155.36,18125.98,19155.36,,,P2,False
11211,False,False,,False,False,False,19155.36,18125.98,19320.01,,,P2,False
11212,False,False,,False,False,False,19155.36,18125.98,19155.36,,,P2,False
11213,False,False,,False,False,False,19155.36,18125.98,19155.36,,,P2,False
11214,False,False,,False,False,False,19159.42,18125.98,19159.42,,,P2,False
11215,False,False,,False,False,False,19159.42,18125.98,19155.36,,,P2,False
11216,False,False,swing|zone,False,True,False,19159.42,18125.98,19155.36,19159.42,,P2,False
11217,False,False,,False,False,False,19159.42,18125.98,18805.34,,,P2,False
11218,False,False,,False,False,False,19159.42,18125.98,19155.36,,,P2,False
11219,False,False,,False,False,False,19159.42,18125.98,18805.34,,,P2,False
11220,False,False,,False,False,False,19159.42,18125.98,19155.36,,,P2,False
11221,False,False,,False,False,False,19159.42,18125.98,19155.36,,,P2,False
11222,False,False,,False,False,False,19159.42,18125.98,19155.36,,,P2,False
11223,False,False,,False,False,False,18920.35,18125.98,18881.68,,,P2,False
11224,False,False,,False,False,False,18920.35,18125.98,19155.36,,,P2,False
11225,False,False,,False,False,False,18920.35,18125.98,19574.379999999997,,,P2,False
11226,False,False,,False,False,False,18920.35,18125.98,19574.379999999997,,,P2,False
11227,False,False,,False,False,False,18920.35,18125.98,19800.0,,,P2,False
11228,False,False,,False,False,False,18920.35,18125.98,19800.0,,,P2,False
11229,False,False,,False,False,False,18920.35,18125.98,19800.0,,,P2,False
11230,False,False,,False,False,False,18920.35,18125.98,19800.0,,,P2,False
11231,False,False,,False,False,False,18920.35,18125.98,19800.0,,,P2,False
11232,False,False,,False,False,False,18920.35,18125.98,19800.0,,,P2,False
11233,False,False,,False,False,False,18920.35,18125.98,19800.0,,,P2,False
11234,False,False,,False,False,False,18920.35,18125.98,19800.0,,,P2,False
11235,False,False,zone,False,True,False,18920.35,18125.98,19800.0,19800.0,,P2,False
11236,False,False,,False,False,False,18920.35,18125.98,19800.0,,,P2,False
11237,False,False,,False,False,False,18920.35,18125.98,19800.0,,,P2,False
11238,False,False,,False,False,False,18920.35,18125.98,19800.0,,,P2,False
11239,False,False,,False,False,False,19730.0,18125.98,19774.04,,,P2,False
11240,False,False,,False,False,False,19730.0,18125.98,19774.04,,,P2,False
11241,False,False,,False,False,False,19730.0,18125.98,19774.04,,,P2,False
11242,False,False,,False,False,False,19730.0,18125.98,19748.08,,,P2,False
11243,False,False,,False,False,False,19730.0,18125.98,19748.08,,,P2,False
11244,False,False,,False,False,False,19730.0,18125.98,19748.08,,,P2,False
11245,False,False,,False,False,False,19730.0,18125.98,19748.08,,,P2,False
11246,False,False,,False,False,False,19730.0,18125.98,19748.08,,,P2,False
11247,False,False,,False,False,False,19730.0,18125.98,19565.66,,,P2,False
11248,False,False,,False,False,False,19730.0,18125.98,19155.36,,,P2,False
11249,False,False,,False,False,False,19730.0,18125.98,19155.36,,,P2,False
11250,False,False,,False,False,False,19730.0,18125.98,18881.68,,,P2,False
11251,False,False,,False,False,False,19730.0,18125.98,18881.68,,,P2,False
11252,False,False,,False,False,False,19320.0,18125.98,18881.68,,,P2,False
11253,False,False,,False,False,False,19320.0,18125.98,18881.68,,,P2,False
11254,False,False,,False,False,False,19320.0,18125.98,18881.68,,,P2,False
11255,False,False,swing,False,True,False,19320.0,18125.98,18881.68,19320.0,,P2,False
11256,False,False,,False,False,False,19320.0,18125.98,18881.68,,,P2,False
11257,False,False,,False,False,False,19320.0,18125.98,18920.35,,,P2,False
11258,False,False,,False,False,False,19320.0,18125.98,18920.35,,,P2,False
11259,False,False,,False,False,False,19237.14,18125.98,19320.0,,,P2,False
11260,False,False,,False,False,False,19237.14,18125.98,19320.0,,,P2,False
11261,False,False,,False,False,False,19237.14,18125.98,19320.0,,,P2,False
11262,False,False,,False,False,False,19237.14,18125.98,19320.0,,,P2,False
11263,False,False,,False,False,False,19237.14,18125.98,19320.0,,,P2,False
11264,False,False,swing|zone,False,True,False,19237.14,18125.98,19320.0,19320.0,,P2,False
11265,False,False,,False,False,False,19237.14,18125.98,19237.14,,,P2,False
11266,False,False,zone,False,True,False,19237.14,18125.98,19159.42,19159.42,,P2,False
11267,False,False,,False,False,False,19237.14,18125.98,18920.35,,,P2,False
11268,False,False,,False,False,False,19237.14,18125.98,18920.35,,,P2,False
11269,False,False,,False,False,False,19237.14,18125.98,18920.35,,,P2,False
11270,False,False,,False,False,False,19237.14,18125.98,18920.35,,,P2,False
11271,False,False,zone,False,True,False,19237.14,18125.98,18920.35,18920.35,,P2,False
11272,False,False,,False,False,False,19237.14,18125.98,18920.35,,,P2,False
11273,False,False,,False,False,False,19237.14,18125.98,18920.35,,,P2,False
11274,False,False,,False,False,False,19237.14,18125.98,18920.35,,,P2,False
11275,False,False,,False,False,False,18860.0,18125.98,18890.175,,,P2,False
11276,False,False,,False,False,False,18860.0,18356.39,18890.175,,,P2,False
11277,False,False,,False,False,False,18860.0,18471.28,18890.175,,,P2,False
11278,False,False,,False,False,False,18860.0,18471.28,18890.175,,,P2,False
11279,False,False,,False,False,False,18860.0,18471.28,18890.175,,,P2,False
11280,False,False,,False,False,False,18860.0,18471.28,18860.0,,,P2,False
11281,False,False,,False,False,False,18965.88,18471.28,18965.88,,,P2,False
11282,False,False,,False,False,False,18965.88,18471.28,18510.77,,,P2,False
11283,False,False,nbar|zone,False,True,True,18965.88,18471.28,18920.35,18920.35,18471.28,P2,False
11284,False,False,,False,False,False,18965.88,18471.28,19320.0,,,P2,False
11285,False,False,,False,False,False,18965.88,18471.28,19320.0,,,P2,False
11286,False,False,,False,False,False,18965.88,18190.0,19748.08,,,P2,False
11287,False,False,,False,False,False,18190.0,18190.0,19625.725,,,P2,False
11288,False,False,,False,False,False,18190.0,18190.0,19320.0,,,P2,False
11289,False,False,,False,False,False,18190.0,18190.0,19320.0,,,P2,False
11290,False,False,,False,False,False,18190.0,18190.0,19157.39,,,P2,False
11291,False,False,,False,False,False,18190.0,18190.0,19157.39,,,P2,False
11292,False,False,,False,False,False,18190.0,18190.0,19159.42,,,P2,False
11293,False,False,,False,False,False,18190.0,18190.0,19159.42,,,P2,False
11294,False,False,,False,False,False,18190.0,18190.0,19159.42,,,P2,False
11295,False,False,,False,False,False,18190.0,18190.0,18965.88,,,P2,False
11296,False,False,,False,False,False,18190.0,18190.0,18965.88,,,P2,False
11297,False,False,,False,False,False,18190.0,18190.0,18965.88,,,P2,False
11298,False,False,,False,False,False,18190.0,18190.0,18965.88,,,P2,False
11299,False,False,,False,False,False,18190.0,18190.0,18965.88,,,P2,False
11300,False,False,,False,False,False,18190.0,18190.0,18965.88,,,P2,False
11301,False,False,,False,False,False,18975.18,18190.0,18970.53,,,P2,False
11302,False,False,,False,False,False,18975.18,18190.0,19320.0,,,P2,False
11303,False,False,,False,False,False,18975.18,18190.0,19237.14,,,P2,False
11304,False,False,,False,False,False,18975.18,18190.0,19159.42,,,P2,False
11305,False,False,,False,False,False,18975.18,18190.0,19237.14,,,P2,False
11306,False,False,,False,False,False,18975.18,18190.0,19320.0,,,P2,False
11307,False,False,,False,False,False,18975.18,18190.0,19320.0,,,P2,False
11308,False,False,,False,False,False,18975.18,18190.0,19320.0,,,P2,False
11309,False,False,,False,False,False,18975.18,18190.0,19320.0,,,P2,False
11310,False,False,,False,False,False,18975.18,18190.0,19320.0,,,P2,False
11311,False,False,,False,False,False,18975.18,18190.0,19320.0,,,P2,False
11312,False,False,,False,False,False,18975.18,18190.0,19320.0,,,P2,False
11313,False,False,,False,False,False,18975.18,18190.0,19320.0,,,P2,False
11314,False,False,,False,False,False,18975.18,18190.0,19159.42,,,P2,False
11315,False,False,,False,False,False,18975.18,18190.0,19320.0,,,P2,False
11316,False,False,,False,False,False,18975.18,18190.0,19237.14,,,P2,False
11317,False,False,,False,False,False,18975.18,18190.0,19159.42,,,P2,False
11318,False,False,,False,False,False,19091.0,18190.0,19157.39,,,P2,False
11319,False,False,swing|zone,False,True,False,19091.0,18190.0,19237.14,19237.14,,P2,False
11320,False,False,zone,False,True,False,19091.0,18190.0,19157.39,19157.39,,P2,False
11321,False,False,,False,False,False,19091.0,18190.0,18965.88,,,P2,False
11322,False,False,zone,False,True,False,19091.0,18190.0,18965.88,18965.88,,P2,False
11323,False,False,,False,False,False,19091.0,18190.0,18965.88,,,P2,False
11324,False,False,,False,False,False,19091.0,18190.0,19157.39,,,P2,False
11325,False,False,,False,False,False,19091.0,18190.0,19237.14,,,P2,False
11326,False,False,,False,False,False,18900.0,18190.0,18943.114999999998,,,P2,False
11327,False,False,,False,False,False,18900.0,18190.0,18943.114999999998,,,P2,False
11328,False,False,,False,False,False,18900.0,18190.0,18943.114999999998,,,P2,False
11329,False,False,,False,False,False,18900.0,18190.0,18943.114999999998,,,P2,False
11330,False,False,,False,False,False,18900.0,18190.0,18943.114999999998,,,P2,False
11331,False,False,,False,False,False,18900.0,18190.0,19157.39,,,P2,False
11332,False,False,,False,False,False,18900.0,18190.0,19157.39,,,P2,False
11333,False,False,,False,False,False,18900.0,18190.0,19157.39,,,P2,False
11334,False,False,,False,False,False,18900.0,18190.0,18943.114999999998,,,P2,False
11335,False,False,,False,False,False,18650.0,18190.0,19157.39,,,P2,False
11336,False,False,,False,False,False,18650.0,18190.0,19157.39,,,P2,False
11337,False,False,,False,False,False,18650.0,18190.0,19157.39,,,P2,False
11338,False,False,,False,False,False,18650.0,18190.0,19157.39,,,P2,False
11339,False,False,,False,False,False,18650.0,18190.0,19159.42,,,P2,False
11340,False,False,,False,False,False,18650.0,18190.0,19157.39,,,P2,False
11341,False,False,,False,False,False,18650.0,18190.0,19155.36,,,P2,False
11342,False,False,,False,False,False,18650.0,18190.0,18965.88,,,P2,False
11343,False,False,zone,False,True,False,18650.0,18190.0,19155.36,19155.36,,P2,False
11344,False,False,,False,False,False,18650.0,18190.0,19155.36,,,P2,False
11345,False,False,,False,False,False,18650.0,18190.0,19157.39,,,P2,False
11346,False,False,,False,False,False,18650.0,18190.0,19157.39,,,P2,False
11347,False,False,,False,False,False,19070.11,18190.0,19320.0,,,P2,False
11348,False,False,,False,False,False,19070.11,18190.0,19320.0,,,P2,False
11349,False,False,,False,False,False,19070.11,18190.0,19237.14,,,P2,False
11350,False,False,,False,False,False,19070.11,18190.0,19320.0,,,P2,False
11351,False,False,,False,False,False,19070.11,18190.0,19320.0,,,P2,False
11352,False,False,,False,False,False,19070.11,18190.0,19320.0,,,P2,False
11353,False,False,,False,False,False,19157.0,18190.0,19198.28,,,P2,False
11354,False,False,,False,False,False,19157.0,18190.0,19158.21,,,P2,False
11355,False,False,,False,False,False,19157.0,18190.0,19157.0,,,P2,False
11356,False,False,,False,False,False,19157.0,18190.0,19320.0,,,P2,False
11357,False,False,,False,False,False,19157.0,18190.0,19320.0,,,P2,False
11358,False,False,,False,False,False,19237.0,18190.0,19278.57,,,P2,False
11359,False,False,,False,False,False,19237.0,18190.0,19278.57,,,P2,False
11360,False,False,,False,False,False,19237.0,18190.0,19278.57,,,P2,False
11361,False,False,,False,False,False,19237.0,18190.0,19278.57,,,P2,False
11362,False,False,,False,False,False,19237.0,18190.0,19278.57,,,P2,False
11363,False,False,,False,False,False,19237.0,18190.0,19237.14,,,P2,False
11364,False,False,,False,False,False,19237.0,18190.0,19237.14,,,P2,False
11365,False,False,,False,False,False,19237.0,18190.0,19237.14,,,P2,False
11366,False,False,,False,False,False,19237.0,18190.0,19237.14,,,P2,False
11367,False,False,,False,False,False,19237.0,18190.0,19237.14,,,P2,False
11368,False,False,,False,False,False,19237.0,18190.0,19237.14,,,P2,False
11369,False,False,,False,False,False,19237.0,18190.0,19237.14,,,P2,False
11370,False,False,,False,False,False,19237.0,18190.0,19237.14,,,P2,False
11371,False,False,,False,False,False,19237.0,18190.0,19237.14,,,P2,False
11372,False,False,,False,False,False,19237.0,18190.0,19237.14,,,P2,False
11373,False,False,,False,False,False,19237.0,18190.0,19237.14,,,P2,False
11374,False,False,,False,False,False,19237.0,18190.0,19237.14,,,P2,False
11375,False,False,,False,False,False,19237.0,18190.0,19237.14,,,P2,False
11376,False,False,,False,False,False,19237.0,18190.0,19237.14,,,P2,False
11377,False,False,,False,False,False,20000.09,18190.0,19237.14,,,P2,False
11378,False,False,,False,False,False,20000.09,18190.0,19237.14,,,P2,False
11379,False,False,,False,False,False,20000.09,18190.0,19237.14,,,P2,False
11380,False,False,,False,False,False,20000.09,18190.0,19237.14,,,P2,False
11381,False,False,,False,False,False,20000.09,18190.0,19237.14,,,P2,False
11382,False,False,,False,False,False,20000.09,18190.0,19237.14,,,P2,False
11383,False,False,,False,False,False,20000.09,18190.0,19237.14,,,P2,False
11384,False,False,,False,False,False,20000.09,18190.0,19237.14,,,P2,False
11385,False,False,,False,False,False,20000.09,18190.0,19237.14,,,P2,False
11386,False,False,,False,False,False,20000.09,18190.0,19237.14,,,P2,False
11387,False,False,,False,False,False,20000.09,18190.0,19237.14,,,P2,False
11388,False,False,,False,False,False,20000.09,18190.0,19237.14,,,P2,False
11389,False,False,,False,False,False,20000.09,18190.0,19237.14,,,P2,False
11390,False,False,,False,False,False,20000.09,18190.0,19237.14,,,P2,False
11391,False,False,,False,False,False,20000.09,18190.0,19237.14,,,P2,False
11392,False,False,,False,False,False,20000.09,18190.0,19237.14,,,P2,False
11393,False,False,,False,False,False,20000.09,18190.0,19237.14,,,P2,False
11394,False,False,,False,False,False,20000.09,18190.0,19237.14,,,P2,False
11395,False,False,,False,False,False,20237.95,18190.0,19237.14,,,P2,False
11396,False,False,,False,False,False,20237.95,18190.0,19237.14,,,P2,False
11397,False,False,,False,False,False,20237.95,18190.0,19237.14,,,P2,False
11398,False,False,,False,False,False,20237.95,18190.0,19237.14,,,P2,False
11399,False,False,,False,False,False,20237.95,18190.0,19237.14,,,P2,False
11400,False,False,,False,False,False,20237.95,18190.0,19237.14,,,P2,False
11401,False,False,,False,False,False,20330.74,18190.0,19237.14,,,P2,False
11402,False,False,,False,False,False,20330.74,18190.0,19237.14,,,P2,False
11403,False,False,,False,False,False,20330.74,18190.0,19237.14,,,P2,False
11404,False,False,,False,False,False,20330.74,18190.0,19237.14,,,P2,False
11405,False,False,,False,False,False,20330.74,18190.0,19237.14,,,P2,False
11406,False,False,,False,False,False,20330.74,18650.0,19237.14,,,P2,False
11407,False,False,,False,False,False,20330.74,18650.0,19237.14,,,P2,False
11408,False,False,,False,False,False,20048.04,18650.0,19237.14,,,P2,False
11409,False,False,,False,False,False,20048.04,18650.0,19237.14,,,P2,False
11410,False,False,,False,False,False,20048.04,18650.0,19237.14,,,P2,False
11411,False,False,,False,False,False,20048.04,18650.0,19237.14,,,P2,False
11412,False,False,,False,False,False,20048.04,18650.0,19237.14,,,P2,False
11413,False,False,,False,False,False,20031.24,18650.0,20031.24,,,P2,False
11414,False,False,,False,False,False,20031.24,18650.0,20031.24,,,P2,False
11415,False,False,,False,False,False,20031.24,18650.0,20031.24,,,P2,False
11416,False,False,,False,False,False,20031.24,18650.0,20031.24,,,P2,False
11417,False,False,,False,False,False,20031.24,18650.0,20031.24,,,P2,False
11418,False,False,,False,False,False,20031.24,18650.0,20031.24,,,P2,False
11419,False,False,,False,False,False,20031.24,18650.0,20031.24,,,P2,False
11420,False,False,,False,False,False,20031.24,18650.0,20031.24,,,P2,False
11421,False,False,,False,False,False,20031.24,18650.0,20031.24,,,P2,False
11422,False,False,,False,False,False,20031.24,18650.0,20031.24,,,P2,False
11423,False,False,,False,False,False,20031.24,18650.0,20031.24,,,P2,False
11424,False,False,,False,False,False,20031.24,18650.0,20031.24,,,P2,False
11425,False,False,,False,False,False,20031.24,18650.0,20031.24,,,P2,False
11426,False,False,,False,False,False,20031.24,18650.0,20031.24,,,P2,False
11427,False,False,,False,False,False,20031.24,18650.0,20031.24,,,P2,False
11428,False,False,,False,False,False,20031.24,18650.0,20031.24,,,P2,False
11429,False,False,,False,False,False,21143.27,18650.0,20031.24,,,P2,False
11430,False,False,,False,False,False,21143.27,18650.0,20031.24,,,P2,False
11431,False,False,,False,False,False,21143.27,18650.0,20031.24,,,P2,False
11432,False,False,,False,False,False,21143.27,18650.0,20031.24,,,P2,False
11433,False,False,,False,False,False,21143.27,18650.0,20031.24,,,P2,False
11434,False,False,,False,False,False,21143.27,18650.0,20031.24,,,P2,False
11435,False,False,,False,False,False,21143.27,18650.0,20031.24,,,P2,False
11436,False,False,,False,False,False,21143.27,18650.0,20031.24,,,P2,False
11437,False,False,,False,False,False,21143.27,18650.0,19237.14,,,P2,False
11438,False,False,,False,False,False,21143.27,18650.0,19237.14,,,P2,False
11439,False,False,,False,False,False,21143.27,18650.0,19237.14,,,P2,False
11440,True,False,,False,False,False,21143.27,18650.0,18920.35,,,P2,False
11441,True,False,,False,False,False,21143.27,18650.0,18880.0,,,P2,False
11442,True,False,,False,False,False,21143.27,18650.0,18880.0,,,P2,False
11443,False,False,,False,False,False,21143.27,17166.83,18880.0,,,P2,False
11444,True,False,,False,False,False,17166.83,17166.83,18880.0,,,P2,False
11445,True,False,,False,False,False,17166.83,17166.83,18880.0,,,P2,False
11446,True,False,,False,False,False,17166.83,17166.83,18880.0,,,P2,False
11447,True,False,,False,False,False,17166.83,17166.83,18900.0,,,P2,False
11448,True,False,,False,False,False,17166.83,16918.83,18910.175,,,P2,False
11449,True,False,,False,False,False,17166.83,16441.53,18910.175,,,P2,False
11450,True,False,,False,False,False,17166.83,15588.0,18910.175,,,P2,False
11451,False,False,,False,False,False,15588.0,15588.0,18910.175,,,P2,False
11452,False,False,,False,False,False,15588.0,15588.0,18910.175,,,P2,False
11453,False,False,,False,False,False,15588.0,15588.0,18910.175,,,P2,False
11454,False,False,,False,False,False,15588.0,15588.0,18910.175,,,P2,False
11455,False,False,,False,False,False,15588.0,15588.0,18910.175,,,P2,False
11456,False,False,,False,False,False,15588.0,15588.0,18910.175,,,P2,False
11457,False,False,,False,False,False,15588.0,15588.0,18910.175,,,P2,False
11458,False,False,,False,False,False,15588.0,15588.0,18910.175,,,P2,False
11459,False,False,,False,False,False,15588.0,15588.0,18910.175,,,P2,False
11460,False,False,,False,False,False,15588.0,15588.0,18900.0,,,P2,False
11461,True,False,,False,False,False,16361.6,15588.0,18900.0,,,P2,False
11462,True,False,,False,False,False,16361.6,15588.0,18900.0,,,P2,False
11463,True,False,,False,False,False,16361.6,15588.0,18880.0,,,P2,False
11464,True,False,,False,False,False,16361.6,15588.0,18860.0,,,P2,False
11465,True,False,,False,False,False,16361.6,15588.0,18860.0,,,P2,False
11466,False,False,,False,False,False,16361.6,15588.0,18860.0,,,P2,False
11467,True,False,,False,False,False,16361.6,15588.0,18860.0,,,P2,False
11468,True,False,,False,False,False,16361.6,15588.0,18860.0,,,P2,False
11469,True,False,,False,False,False,16361.6,15588.0,18860.0,,,P2,False
11470,True,False,,False,False,False,16361.6,15588.0,18965.88,,,P2,False
11471,True,False,,False,False,False,16361.6,15588.0,18932.940000000002,,,P2,False
11472,True,False,,False,False,False,16361.6,15588.0,18932.940000000002,,,P2,False
11473,True,False,,False,False,False,16361.6,15588.0,18932.940000000002,,,P2,False
11474,True,False,,False,False,False,16361.6,15588.0,18965.88,,,P2,False
11475,True,False,,False,False,False,16361.6,15588.0,18965.88,,,P2,False
11476,True,False,,False,False,False,16361.6,15588.0,18860.0,,,P2,False
11477,False,False,,False,False,False,15815.21,15588.0,18860.0,,,P2,False
11478,False,False,,False,False,False,15815.21,15588.0,18860.0,,,P2,False
11479,False,False,,False,False,False,15815.21,15588.0,18965.88,,,P2,False
11480,False,False,,False,False,False,15815.21,15588.0,18965.88,,,P2,False
11481,False,False,,False,False,False,15815.21,15588.0,18965.88,,,P2,False
11482,False,False,,False,False,False,15815.21,15588.0,18965.88,,,P2,False
11483,False,False,,False,False,False,15815.21,15588.0,18965.88,,,P2,False
11484,False,False,,False,False,False,15815.21,15588.0,18932.940000000002,,,P2,False
11485,False,False,,False,False,False,15815.21,15588.0,18932.940000000002,,,P2,False
11486,False,False,,False,False,False,16614.61,15588.0,18932.940000000002,,,P2,False
11487,True,False,,False,False,False,16614.61,15588.0,18932.940000000002,,,P2,False
11488,True,False,,False,False,False,16614.61,15588.0,18932.940000000002,,,P2,False
11489,True,False,,False,False,False,16614.61,15588.0,18932.940000000002,,,P2,False
11490,True,False,,False,False,False,16614.61,15588.0,18932.940000000002,,,P2,False
11491,True,False,,False,False,False,16378.61,15588.0,18932.940000000002,,,P2,False
11492,True,False,,False,False,False,16378.61,15588.0,18932.940000000002,,,P2,False
11493,True,False,,False,False,False,16378.61,15588.0,18932.940000000002,,,P2,False
11494,True,False,,False,False,False,16378.61,15588.0,18932.940000000002,,,P2,False
11495,True,False,,False,False,False,16378.61,15588.0,18932.940000000002,,,P2,False
11496,False,False,,False,False,False,16378.61,15588.0,18932.940000000002,,,P2,False
11497,False,False,,False,False,False,16378.61,15588.0,18932.940000000002,,,P2,False
11498,False,False,,False,False,False,16378.61,15588.0,18932.940000000002,,,P2,False
11499,False,False,,False,False,False,16378.61,15588.0,18932.940000000002,,,P2,False
11500,False,False,,False,False,False,16378.61,15588.0,18932.940000000002,,,P2,False
11501,False,False,,False,False,False,16378.61,15588.0,18932.940000000002,,,P2,False
11502,False,False,,False,False,False,16378.61,15588.0,18932.940000000002,,,P2,False
11503,False,False,,False,False,False,16378.61,15588.0,18932.940000000002,,,P2,False
11504,False,False,,False,False,False,16546.04,15588.0,18932.940000000002,,,P2,False
11505,False,False,,False,False,False,16546.04,15588.0,18932.940000000002,,,P2,False
11506,False,False,,False,False,False,16546.04,15588.0,18900.0,,,P2,False
11507,False,False,,False,False,False,16546.04,15588.0,18900.0,,,P2,False
11508,False,False,,False,False,False,16546.04,15588.0,18900.0,,,P2,False
11509,False,False,,False,False,False,16546.04,15588.0,18932.940000000002,,,P2,False
11510,True,False,,False,False,False,16546.04,15588.0,18932.940000000002,,,P2,False
11511,True,False,,False,False,False,16546.04,15588.0,18932.940000000002,,,P2,False
11512,True,False,,False,False,False,16546.04,15588.0,18965.88,,,P2,False
11513,False,False,,False,False,False,16546.04,15588.0,18965.88,,,P2,False
11514,True,False,,False,False,False,16546.04,15588.0,18965.88,,,P2,False
11515,True,False,,False,False,False,16546.04,15588.0,18965.88,,,P2,False
11516,True,False,,False,False,False,16546.04,15588.0,18965.88,,,P2,False
11517,False,False,,False,False,False,16546.04,15588.0,18965.88,,,P2,False
11518,True,False,,False,False,False,15897.15,15588.0,18975.18,,,P2,False
11519,True,True,nbar,False,True,False,15897.15,15588.0,19022.645,15588.0,,P2,False
11520,True,False,,False,False,False,15897.15,15588.0,19022.645,,,P2,False
11521,True,False,,False,False,False,15897.15,15588.0,19022.645,,,P2,False
11522,True,False,,False,False,False,15897.15,15476.0,19022.645,,,P2,False
11523,True,False,,False,False,False,15476.0,15476.0,19022.645,,,P2,False
11524,True,False,,False,False,False,15476.0,15476.0,19022.645,,,P2,False
11525,True,False,,False,False,False,15476.0,15476.0,19022.645,,,P2,False
11526,False,False,,False,False,False,15476.0,15476.0,19022.645,,,P2,False
11527,False,False,,False,False,False,15476.0,15476.0,19022.645,,,P2,False
11528,False,False,,False,False,False,15476.0,15476.0,19022.645,,,P2,False
11529,False,False,,False,False,False,15476.0,15476.0,19022.645,,,P2,False
11530,False,False,,False,False,False,15476.0,15476.0,19022.645,,,P2,False
11531,False,False,,False,False,False,15476.0,15476.0,19022.645,,,P2,False
11532,False,False,,False,False,False,15476.0,15476.0,19022.645,,,P2,False
11533,False,False,,False,False,False,15476.0,15476.0,19022.645,,,P2,False
11534,False,False,,False,False,False,16320.02,15476.0,16361.6,,,P2,False
11535,False,False,,False,False,False,16320.02,15476.0,16361.6,,,P2,False
11536,False,False,,False,False,False,16320.02,15476.0,16361.6,,,P2,False
11537,False,False,,False,False,False,16320.02,15476.0,16361.6,,,P2,False
11538,False,False,,False,False,False,16320.02,15476.0,16361.6,,,P2,False
11539,False,False,swing|zone,False,True,False,16458.05,15476.0,16418.33,16458.05,,P2,False
11540,False,False,,False,False,False,16458.05,15476.0,16418.33,,,P2,False
11541,False,False,,False,False,False,16458.05,15476.0,16418.33,,,P2,False
11542,False,False,,False,False,False,16458.05,15476.0,16418.33,,,P2,False
11543,False,False,,False,False,False,16342.81,15476.0,16418.33,,,P2,False
11544,False,False,,False,False,False,16342.81,15476.0,16546.04,,,P2,False
11545,False,False,,False,False,False,16342.81,15476.0,16546.04,,,P2,False
11546,False,False,,False,False,False,16342.81,15476.0,16546.04,,,P2,False
11547,False,False,,False,False,False,16342.81,15476.0,16458.05,,,P2,False
11548,False,False,,False,False,False,16342.81,15476.0,16458.05,,,P2,False
11549,False,False,,False,False,False,16342.81,15476.0,16458.05,,,P2,False
11550,False,False,,False,False,False,16342.81,15476.0,16458.05,,,P2,False
11551,False,False,,False,False,False,16342.81,15476.0,16546.04,,,P2,False
11552,False,False,,False,False,False,16342.81,15476.0,16361.6,,,P2,False
11553,False,False,,False,False,False,16385.0,15476.0,16385.0,,,P2,False
11554,False,False,,False,False,False,16385.0,15476.0,16370.105,,,P2,False
11555,False,False,,False,False,False,16385.0,15476.0,16370.105,,,P2,False
11556,False,False,,False,False,False,16385.0,15476.0,16361.6,,,P2,False
11557,True,False,,False,False,False,16385.0,15476.0,16361.6,,,P2,False
11558,True,False,,False,False,False,16385.0,15476.0,16361.6,,,P2,False
11559,False,False,,False,False,False,16385.0,15476.0,16361.6,,,P2,False
11560,True,True,swing,False,True,False,16051.9,15476.0,16361.6,16051.9,,P2,False
11561,True,False,,False,False,False,16051.9,15476.0,16361.6,,,P2,False
11562,True,False,,False,False,False,16051.9,15476.0,16361.6,,,P2,False
11563,False,False,,False,False,False,16051.9,15476.0,16421.525,,,P2,False
11564,False,False,,False,False,False,15995.27,15476.0,16421.525,,,P2,False
11565,False,False,,False,False,False,15995.27,15476.0,16370.105,,,P2,False
11566,False,False,,False,False,False,15995.27,15476.0,16421.525,,,P2,False
11567,False,False,,False,False,False,15995.27,15476.0,16421.525,,,P2,False
11568,False,False,,False,False,False,15995.27,15476.0,16385.0,,,P2,False
11569,False,False,,False,False,False,15995.27,15476.0,16546.04,,,P2,False
11570,False,False,,False,False,False,15995.27,15476.0,16546.04,,,P2,False
11571,False,False,,False,False,False,15995.27,15476.0,16546.04,,,P2,False
11572,False,False,,False,False,False,15995.27,15476.0,16546.04,,,P2,False
11573,False,False,,False,False,False,15995.27,15476.0,16546.04,,,P2,False
11574,False,False,,False,False,False,15995.27,15476.0,16546.04,,,P2,False
11575,False,False,,False,False,False,15995.27,15476.0,16546.04,,,P2,False
11576,False,False,,False,False,False,16705.0,15476.0,16614.61,,,P2,False
11577,False,False,,False,False,False,16705.0,15476.0,16614.61,,,P2,False
11578,False,False,,False,False,False,16705.0,15476.0,16614.61,,,P2,False
11579,False,False,,False,False,False,16705.0,15476.0,16614.61,,,P2,False
11580,False,False,,False,False,False,16705.0,15476.0,16614.61,,,P2,False
11581,False,False,,False,False,False,16705.0,15476.0,16614.61,,,P2,False
11582,False,False,,False,False,False,16705.0,15476.0,16614.61,,,P2,False
11583,False,False,swing,False,True,False,16855.01,15476.0,16614.61,16855.01,,P2,False
11584,False,False,,False,False,False,16855.01,15476.0,16614.61,,,P2,False
11585,False,False,,False,False,False,16855.01,15476.0,16614.61,,,P2,False
11586,False,False,,False,False,False,16855.01,15476.0,16614.61,,,P2,False
11587,False,False,,False,False,False,16787.85,15476.0,16787.85,,,P2,False
11588,False,False,,False,False,False,16787.85,15476.0,16787.85,,,P2,False
11589,False,False,,False,False,False,16787.85,15476.0,16787.85,,,P2,False
11590,False,False,,False,False,False,16787.85,15476.0,16385.0,,,P2,False
11591,False,False,,False,False,False,16787.85,15476.0,16370.105,,,P2,False
11592,False,False,,False,False,False,16787.85,15476.0,16370.105,,,P2,False
11593,False,False,,False,False,False,16787.85,15476.0,16370.105,,,P2,False
11594,False,False,,False,False,False,16787.85,15476.0,16370.105,,,P2,False
11595,False,False,,False,False,False,16858.74,15476.0,16855.01,,,P2,False
11596,False,False,,False,False,False,16858.74,15476.0,16855.01,,,P2,False
11597,False,False,,False,False,False,16858.74,15476.0,16855.01,,,P2,False
11598,False,False,,False,False,False,16858.74,15476.0,16855.01,,,P2,False
11599,False,False,,False,False,False,16858.74,15476.0,16855.01,,,P2,False
11600,False,False,,False,False,False,16858.74,15476.0,16855.01,,,P2,False
11601,False,False,,False,False,False,16858.74,15476.0,16855.01,,,P2,False
11602,False,False,,False,False,False,16858.74,15476.0,16855.01,,,P2,False
11603,False,False,,False,False,False,16858.74,15476.0,16855.01,,,P2,False
11604,False,False,,False,False,False,16858.74,15476.0,16855.01,,,P2,False
11605,False,False,,False,False,False,16858.74,15476.0,16855.01,,,P2,False
11606,False,False,,False,False,False,16867.0,15476.0,16856.875,,,P2,False
11607,False,False,,False,False,False,16867.0,15476.0,16856.875,,,P2,False
11608,False,False,,False,False,False,16867.0,15476.0,16858.74,,,P2,False
11609,False,False,,False,False,False,16867.0,15476.0,16858.74,,,P2,False
11610,False,False,,False,False,False,16867.0,15476.0,16858.74,,,P2,False
11611,False,False,,False,False,False,16867.0,15476.0,16370.105,,,P2,False
11612,False,False,,False,False,False,16867.0,15476.0,16385.0,,,P2,False
11613,False,False,,False,False,False,16867.0,15476.0,16385.0,,,P2,False
11614,False,False,,False,False,False,16867.0,15476.0,16385.0,,,P2,False
11615,False,False,,False,False,False,16867.0,15476.0,16370.105,,,P2,False
11616,False,False,,False,False,False,16678.83,15476.0,16678.83,,,P2,False
11617,False,False,,False,False,False,16678.83,15476.0,16678.83,,,P2,False
11618,False,False,,False,False,False,16678.83,15476.0,16678.83,,,P2,False
11619,False,False,,False,False,False,16678.83,15476.0,16858.74,,,P2,False
11620,False,False,,False,False,False,16678.83,15476.0,16858.74,,,P2,False
11621,False,False,,False,False,False,16678.83,15476.0,16858.74,,,P2,False
11622,False,False,,False,False,False,16733.49,15476.0,16858.74,,,P2,False
11623,False,False,,False,False,False,16733.49,15476.0,16858.74,,,P2,False
11624,False,False,,False,False,False,16733.49,15476.0,16858.74,,,P2,False
11625,False,False,,False,False,False,16733.49,15476.0,16858.74,,,P2,False
11626,False,False,,False,False,False,16733.49,15476.0,16858.74,,,P2,False
11627,False,False,,False,False,False,16733.49,15476.0,16858.74,,,P2,False
11628,False,False,,False,False,False,16733.49,15476.0,16858.74,,,P2,False
11629,False,False,,False,False,False,17058.21,15476.0,16858.74,,,P2,False
11630,False,False,,False,False,False,17058.21,15476.0,16858.74,,,P2,False
11631,False,False,,False,False,False,17058.21,15476.0,16858.74,,,P2,False
11632,False,False,,False,False,False,17058.21,15476.0,16858.74,,,P2,False
11633,False,False,,False,False,False,17058.21,15476.0,16858.74,,,P2,False
11634,False,False,,False,False,False,17058.21,15476.0,16858.74,,,P2,False
11635,False,False,,False,False,False,17058.21,15476.0,16858.74,,,P2,False
11636,False,False,,False,False,False,17058.21,15476.0,16858.74,,,P2,False
11637,False,False,,False,False,False,17092.0,15476.0,16858.74,,,P2,False
11638,False,False,,False,False,False,17092.0,15476.0,16858.74,,,P2,False
11639,False,False,,False,False,False,17092.0,15476.0,16858.74,,,P2,False
11640,False,False,,False,False,False,17092.0,15476.0,16858.74,,,P2,False
11641,False,False,,False,False,False,17092.0,15476.0,16858.74,,,P2,False
11642,False,False,,False,False,False,17092.0,15616.63,16858.74,,,P2,False
11643,False,False,,False,False,False,17092.0,15616.63,16858.74,,,P2,False
11644,False,False,,False,False,False,16871.85,15660.0,16862.870000000003,,,P2,False
11645,False,False,,False,False,False,16871.85,15683.33,16862.870000000003,,,P2,False
11646,False,False,,False,False,False,16871.85,15995.27,16862.870000000003,,,P2,False
11647,False,False,,False,False,False,16871.85,15995.27,16862.870000000003,,,P2,False
11648,False,False,,False,False,False,16871.85,15995.27,16862.870000000003,,,P2,False
11649,False,False,,False,False,False,16871.85,15995.27,16862.870000000003,,,P2,False
11650,False,False,,False,False,False,16871.85,15995.27,17092.0,,,P2,False
11651,False,False,,False,False,False,16871.85,15995.27,17092.0,,,P2,False
11652,False,False,,False,False,False,16871.85,15995.27,17092.0,,,P2,False
11653,False,False,,False,False,False,16871.85,15995.27,17092.0,,,P2,False
11654,False,False,,False,False,False,16871.85,15995.27,17092.0,,,P2,False
11655,False,False,,False,False,False,16871.85,15995.27,16862.870000000003,,,P2,False
11656,False,False,,False,False,False,16871.85,15995.27,17092.0,,,P2,False
11657,False,False,,False,False,False,16871.85,15995.27,17092.0,,,P2,False
11658,False,False,,False,False,False,16871.85,15995.27,17092.0,,,P2,False
11659,False,False,,False,False,False,16871.85,15995.27,17092.0,,,P2,False
11660,False,False,,False,False,False,16871.85,15995.27,17092.0,,,P2,False
11661,False,False,,False,False,False,16871.85,15995.27,17092.0,,,P2,False
11662,False,False,,False,False,False,16871.85,15995.27,17092.0,,,P2,False
11663,False,False,,False,False,False,16871.85,15995.27,17092.0,,,P2,False
11664,False,False,,False,False,False,16871.85,15995.27,17092.0,,,P2,False
11665,False,False,,False,False,False,16871.85,15995.27,17092.0,,,P2,False
11666,False,False,,False,False,False,16871.85,15995.27,16858.74,,,P2,False
11667,False,False,,False,False,False,16871.85,15995.27,16858.74,,,P2,False
11668,False,False,,False,False,False,16871.85,15995.27,16858.74,,,P2,False
11669,False,False,,False,False,False,16871.85,15995.27,16546.04,,,P2,False
11670,False,False,,False,False,False,16871.85,15995.27,16646.72,,,P2,False
11671,False,False,,False,False,False,16871.85,15995.27,16719.245000000003,,,P2,False
11672,False,False,,False,False,False,16871.85,15995.27,16705.0,,,P2,False
11673,False,False,,False,False,False,16527.32,15995.27,16691.915,,,P2,False
11674,False,False,,False,False,False,16527.32,15995.27,16614.61,,,P2,False
11675,False,False,,False,False,False,16527.32,15995.27,16719.245000000003,,,P2,False
11676,False,False,,False,False,False,16527.32,15995.27,16719.245000000003,,,P2,False
11677,False,False,,False,False,False,16527.32,15995.27,16719.245000000003,,,P2,False
11678,False,False,,False,False,False,16527.32,15995.27,16691.915,,,P2,False
11679,False,False,,False,False,False,16527.32,15995.27,16614.61,,,P2,False
11680,False,False,,False,False,False,16527.32,15995.27,16719.245000000003,,,P2,False
11681,False,False,,False,False,False,16527.32,15995.27,16719.245000000003,,,P2,False
11682,False,False,,False,False,False,16663.07,15995.27,16678.83,,,P2,False
11683,False,False,,False,False,False,16663.07,16100.0,16705.0,,,P2,False
11684,False,False,,False,False,False,16663.07,16100.0,16705.0,,,P2,False
11685,False,False,,False,False,False,16663.07,16278.9,16638.84,,,P2,False
11686,False,False,,False,False,False,16627.35,16328.84,16546.04,,,P2,False
11687,False,False,nbar|zone,False,True,False,16627.35,16328.84,16370.105,16370.105,,P2,False
11688,False,False,,False,False,False,16627.35,16342.59,16705.0,,,P2,False
11689,False,False,,False,False,False,16627.35,16423.19,16705.0,,,P2,False
11690,False,False,,False,False,False,16627.35,16256.3,16705.0,,,P2,False
11691,False,False,,False,False,False,16256.3,16256.3,16858.74,,,P2,False
11692,False,False,zone,False,True,False,16256.3,16256.3,16858.74,16858.74,,P2,False
11693,False,False,,False,False,False,16256.3,16256.3,16858.74,,,P2,False
11694,False,False,,False,False,False,16256.3,16256.3,16705.0,,,P2,False
11695,False,False,,False,False,False,16256.3,16256.3,16705.0,,,P2,False
11696,False,False,,False,False,False,16256.3,16256.3,16858.74,,,P2,False
11697,False,False,zone,False,True,False,16256.3,16256.3,16858.74,16858.74,,P2,False
11698,False,False,,False,False,False,16256.3,16256.3,16705.0,,,P2,False
11699,False,False,,False,False,False,16256.3,16256.3,16821.43,,,P2,False
11700,False,False,,False,False,False,16256.3,16256.3,16705.0,,,P2,False
11701,False,False,,False,False,False,16723.0,16256.3,16787.85,,,P2,False
11702,False,False,,False,False,False,16723.0,16256.3,16787.85,,,P2,False
11703,False,False,,False,False,False,16723.0,16256.3,16627.35,,,P2,False
11704,False,False,zone,False,True,False,16723.0,16256.3,16645.21,16645.21,,P2,False
11705,False,False,,False,False,False,16723.0,16256.3,16787.85,,,P2,False
11706,False,False,,False,False,False,16723.0,16256.3,16787.85,,,P2,False
11707,False,False,,False,False,False,16723.0,16256.3,16787.85,,,P2,False
11708,False,False,,False,False,False,16559.85,16256.3,16787.85,,,P2,False
11709,False,False,zone,False,True,False,16559.85,16256.3,16760.67,16760.67,,P2,False
11710,False,False,,False,False,False,16559.85,16256.3,16787.85,,,P2,False
11711,False,False,,False,False,False,16559.85,16256.3,16760.67,,,P2,False
11712,False,False,,False,False,False,16559.85,16256.3,16733.49,,,P2,False
11713,False,False,,False,False,False,16731.13,16256.3,16733.49,,,P2,False
11714,False,False,,False,False,False,16731.13,16256.3,16733.49,,,P2,False
11715,False,False,,False,False,False,16731.13,16256.3,16733.49,,,P2,False
11716,False,False,,False,False,False,16731.13,16256.3,16727.065000000002,,,P2,False
11717,False,False,,False,False,False,16731.13,16256.3,16727.065000000002,,,P2,False
11718,False,False,,False,False,False,16731.13,16256.3,16727.065000000002,,,P2,False
11719,False,False,,False,False,False,16731.13,16256.3,16727.065000000002,,,P2,False
11720,False,False,,False,False,False,16731.13,16256.3,16727.065000000002,,,P2,False
11721,False,False,,False,False,False,16731.13,16256.3,16727.065000000002,,,P2,False
11722,False,False,,False,False,False,16731.13,16256.3,16727.065000000002,,,P2,False
11723,False,False,,False,False,False,16731.13,16256.3,16727.065000000002,,,P2,False
11724,False,False,,False,False,False,16731.13,16256.3,16862.870000000003,,,P2,False
11725,False,False,,False,False,False,16721.0,16256.3,16723.0,,,P2,False
11726,False,False,,False,False,False,16721.0,16256.3,16862.870000000003,,,P2,False
11727,False,False,,False,False,False,16721.0,16256.3,16723.0,,,P2,False
11728,False,False,,False,False,False,16721.0,16256.3,16723.0,,,P2,False
11729,False,False,,False,False,False,16721.0,16256.3,16862.870000000003,,,P2,False
11730,False,False,,False,False,False,16721.0,16256.3,16862.870000000003,,,P2,False
11731,False,False,,False,False,False,16791.0,16256.3,16862.870000000003,,,P2,False
11732,False,False,,False,False,False,16791.0,16256.3,16723.0,,,P2,False
11733,False,False,swing,False,True,False,16791.0,16256.3,16723.0,16791.0,,P2,False
11734,False,False,,False,False,False,16791.0,16256.3,16670.95,,,P2,False
11735,False,False,,False,False,False,16791.0,16256.3,16705.0,,,P2,False
11736,False,False,,False,False,False,16791.0,16256.3,16546.04,,,P2,False
11737,False,False,,False,False,False,16791.0,16256.3,16546.04,,,P2,False
11738,False,False,,False,False,False,16791.0,16256.3,16670.95,,,P2,False
11739,False,False,,False,False,False,16791.0,16256.3,16546.04,,,P2,False
11740,False,False,,False,False,False,16559.79,16256.3,16552.915,,,P2,False
11741,False,False,,False,False,False,16559.79,16256.3,16342.81,,,P2,False
11742,False,False,,False,False,False,16559.79,16256.3,16342.81,,,P2,False
11743,False,False,,False,False,False,16559.79,16256.3,16342.81,,,P2,False
11744,False,False,,False,False,False,16559.79,16256.3,16559.79,,,P2,False
11745,False,False,,False,False,False,16465.33,16256.3,16559.79,,,P2,False
11746,False,False,,False,False,False,16465.33,16256.3,16559.79,,,P2,False
11747,False,False,,False,False,False,16465.33,16256.3,16559.79,,,P2,False
11748,False,False,,False,False,False,16465.33,16256.3,16559.79,,,P2,False
11749,False,False,,False,False,False,16465.33,16256.3,16342.81,,,P2,False
11750,False,False,,False,False,False,16465.33,16256.3,16342.81,,,P2,False
11751,False,False,swing,False,True,True,16465.33,16256.3,16342.81,16465.33,16256.3,P2,False
11752,False,False,,False,False,False,16465.33,16256.3,16342.81,,,P2,False
11753,False,False,,False,False,False,16465.33,16256.3,16559.79,,,P2,False
11754,False,False,,False,False,False,16465.33,16256.3,16342.81,,,P2,False
11755,False,False,,False,False,False,16333.0,16256.3,16559.79,,,P2,False
11756,False,False,,False,False,False,16333.0,16256.3,16559.79,,,P2,False
11757,False,False,,False,False,False,16333.0,16256.3,16559.79,,,P2,False
11758,False,False,,False,False,False,16333.0,16256.3,16559.79,,,P2,False
11759,False,False,,False,False,False,16333.0,16256.3,16337.904999999999,,,P2,False
11760,False,False,,False,False,False,16333.0,16256.3,16337.904999999999,,,P2,False
11761,False,False,,False,False,False,16333.0,16256.3,16337.904999999999,,,P2,False
11762,False,False,,False,False,False,16333.0,16256.3,16337.904999999999,,,P2,False
11763,False,False,,False,False,False,16470.0,16256.3,16465.33,,,P2,False
11764,False,False,,False,False,False,16470.0,16256.3,16559.79,,,P2,False
11765,False,False,,False,False,False,16470.0,16256.3,16559.79,,,P2,False
11766,False,False,,False,False,False,16470.0,16256.3,16559.79,,,P2,False
11767,False,False,,False,False,False,16470.0,16256.3,16721.0,,,P2,False
11768,False,False,,False,False,False,16470.0,16256.3,16723.0,,,P2,False
11769,False,False,zone,False,True,False,16470.0,16256.3,16723.0,16723.0,,P2,False
11770,False,False,,False,False,False,16470.0,16256.3,16723.0,,,P2,False
11771,False,False,,False,False,False,16470.0,16256.3,16670.95,,,P2,False
11772,False,False,,False,False,False,16470.0,16256.3,16670.95,,,P2,False
11773,False,False,,False,False,False,16470.0,16256.3,16723.0,,,P2,False
11774,False,False,,False,False,False,16470.0,16256.3,16721.0,,,P2,False
11775,False,False,,False,False,False,16470.0,16256.3,16670.95,,,P2,False
11776,False,False,,False,False,False,16470.0,16256.3,16559.79,,,P2,False
11777,False,False,,False,False,False,16470.0,16256.3,16670.95,,,P2,False
11778,False,False,,False,False,False,16470.0,16256.3,16723.0,,,P2,False
11779,False,False,,False,False,False,16470.0,16256.3,16862.870000000003,,,P2,False
11780,False,False,,False,False,False,16605.28,16256.3,16723.0,,,P2,False
11781,False,False,,False,False,False,16605.28,16256.3,16723.0,,,P2,False
11782,False,False,,False,False,False,16605.28,16256.3,16723.0,,,P2,False
11783,False,False,,False,False,False,16605.28,16256.3,16723.0,,,P2,False
11784,False,False,,False,False,False,16605.28,16256.3,16723.0,,,P2,False
11785,False,False,,False,False,False,16605.28,16256.3,16723.0,,,P2,False
11786,False,False,,False,False,False,16605.28,16256.3,16723.0,,,P2,False
11787,False,False,,False,False,False,16605.28,16256.3,16723.0,,,P2,False
11788,False,False,,False,False,False,16605.28,16256.3,16862.870000000003,,,P2,False
11789,False,False,,False,False,False,16605.28,16256.3,16723.0,,,P2,False
11790,False,False,,False,False,False,16605.28,16256.3,16723.0,,,P2,False
11791,False,False,,False,False,False,16753.0,16256.3,16787.85,,,P2,False
11792,False,False,,False,False,False,16753.0,16256.3,16733.49,,,P2,False
11793,False,False,,False,False,False,16753.0,16256.3,16787.85,,,P2,False
11794,False,False,,False,False,False,16753.0,16256.3,16862.870000000003,,,P2,False
11795,False,False,,False,False,False,16753.0,16256.3,16862.870000000003,,,P2,False
11796,False,False,,False,False,False,16753.0,16256.3,16862.870000000003,,,P2,False
11797,False,False,,False,False,False,16679.0,16256.3,16862.870000000003,,,P2,False
11798,False,False,,False,False,False,16679.0,16256.3,16862.870000000003,,,P2,False
11799,False,False,,False,False,False,16679.0,16256.3,16862.870000000003,,,P2,False
11800,False,False,,False,False,False,16679.0,16256.3,16862.870000000003,,,P2,False
11801,False,False,,False,False,False,16679.0,16256.3,16862.870000000003,,,P2,False
11802,False,False,,False,False,False,16679.0,16256.3,16862.870000000003,,,P2,False
11803,False,False,,False,False,False,16908.0,16256.3,16867.0,,,P2,False
11804,False,False,,False,False,False,16908.0,16256.3,16867.0,,,P2,False
11805,False,False,,False,False,False,16908.0,16256.3,16862.870000000003,,,P2,False
11806,False,False,,False,False,False,16908.0,16256.3,16867.0,,,P2,False
11807,False,False,,False,False,False,16908.0,16256.3,16867.0,,,P2,False
11808,False,False,,False,False,False,16908.0,16256.3,16871.85,,,P2,False
11809,False,False,,False,False,False,16908.0,16256.3,16871.85,,,P2,False
11810,False,False,,False,False,False,16916.1,16333.0,16908.0,,,P2,False
11811,False,False,,False,False,False,16916.1,16333.0,16908.0,,,P2,False
11812,False,False,,False,False,False,16916.1,16333.0,16908.0,,,P2,False
11813,False,False,,False,False,False,16916.1,16333.0,16889.925,,,P2,False
11814,False,False,,False,False,False,16916.1,16333.0,16889.925,,,P2,False
11815,False,False,,False,False,False,16916.1,16333.0,16889.925,,,P2,False
11816,False,False,,False,False,False,16916.1,16333.0,16889.925,,,P2,False
11817,False,False,,False,False,False,17128.0,16333.0,17092.0,,,P2,False
11818,False,False,,False,False,False,17128.0,16333.0,17092.0,,,P2,False
11819,False,False,,False,False,False,17128.0,16333.0,17092.0,,,P2,False
11820,False,False,,False,False,False,17128.0,16333.0,17092.0,,,P2,False
11821,False,False,,False,False,False,17128.0,16333.0,17092.0,,,P2,False
11822,False,False,,False,False,False,17128.0,16333.0,17092.0,,,P2,False
11823,False,False,,False,False,False,17128.0,16333.0,17092.0,,,P2,False
11824,False,False,,False,False,False,17128.0,16333.0,17092.0,,,P2,False
11825,False,False,,False,False,False,17128.0,16333.0,17092.0,,,P2,False
11826,False,False,,False,False,False,17128.0,16333.0,17092.0,,,P2,False
11827,False,False,,False,False,False,17315.6,16333.0,17092.0,,,P2,False
11828,False,False,,False,False,False,17315.6,16333.0,17092.0,,,P2,False
11829,False,False,,False,False,False,17315.6,16333.0,17092.0,,,P2,False
11830,False,False,,False,False,False,17315.6,16333.0,17092.0,,,P2,False
11831,False,False,,False,False,False,17315.6,16333.0,17092.0,,,P2,False
11832,False,False,,False,False,False,17315.6,16333.0,17092.0,,,P2,False
11833,False,False,,False,False,False,17892.05,16333.0,17092.0,,,P2,False
11834,False,False,,False,False,False,17892.05,16333.0,17092.0,,,P2,False
11835,False,False,,False,False,False,17892.05,16333.0,17092.0,,,P2,False
11836,False,False,,False,False,False,17892.05,16333.0,17092.0,,,P2,False
11837,False,False,,False,False,False,17892.05,16333.0,17092.0,,,P2,False
11838,False,False,,False,False,False,17892.05,16333.0,17092.0,,,P2,False
11839,False,False,,False,False,False,17892.05,16333.0,17092.0,,,P2,False
11840,False,False,,False,False,False,17892.05,16333.0,17092.0,,,P2,False
11841,False,False,,False,False,False,17892.05,16333.0,17110.0,,,P2,False
11842,False,False,,False,False,False,17892.05,16333.0,17110.0,,,P2,False
11843,False,False,,False,False,False,17892.05,16333.0,17110.0,,,P2,False
11844,False,False,,False,False,False,17892.05,16333.0,17110.0,,,P2,False
11845,False,False,,False,False,False,17892.05,16333.0,17110.0,,,P2,False
11846,False,False,,False,False,False,17892.05,16333.0,17110.0,,,P2,False
11847,False,False,,False,False,False,17892.05,16333.0,17092.0,,,P2,False
11848,False,False,,False,False,False,20551.01,16333.0,17092.0,,,P2,False
11849,False,False,,False,False,False,20551.01,16333.0,17092.0,,,P2,False
11850,False,False,,False,False,False,20551.01,16333.0,17092.0,,,P2,False
11851,False,False,,False,False,False,20551.01,16333.0,17110.0,,,P2,False
11852,False,False,,False,False,False,20551.01,16333.0,17092.0,,,P2,False
11853,False,False,,False,False,False,20551.01,16333.0,17092.0,,,P2,False
11854,False,False,,False,False,False,20551.01,16333.0,17110.0,,,P2,False
11855,False,False,,False,False,False,20551.01,16333.0,17110.0,,,P2,False
11856,False,False,,False,False,False,20551.01,16333.0,17110.0,,,P2,False
11857,False,False,,False,False,False,20611.48,16333.0,17110.0,,,P2,False
11858,False,False,,False,False,False,20611.48,16333.0,17110.0,,,P2,False
11859,False,False,,False,False,False,20611.48,16333.0,17092.0,,,P2,False
11860,False,False,,False,False,False,20611.48,16333.0,17110.0,,,P2,False
11861,False,False,,False,False,False,20611.48,16333.0,17110.0,,,P2,False
11862,False,False,,False,False,False,20611.48,16333.0,17092.0,,,P2,False
11863,False,False,,False,False,False,20611.48,16333.0,17092.0,,,P2,False
11864,False,False,,False,False,False,20611.48,16333.0,17092.0,,,P2,False
11865,False,False,,False,False,False,20611.48,16333.0,17092.0,,,P2,False
11866,False,False,swing,False,True,True,20611.48,16333.0,17092.0,20611.48,20611.48,P2,False
11867,False,False,,False,False,False,20611.48,16333.0,17128.0,,,P2,False
11868,False,False,,False,False,False,20611.48,16333.0,17128.0,,,P2,False
11869,False,False,,False,False,False,20611.48,16333.0,17004.05,,,P2,False
11870,False,False,,False,False,False,20407.15,16333.0,20551.01,,,P2,False
11871,False,False,,False,False,False,20407.15,16333.0,20551.01,,,P2,False
11872,False,False,,False,False,False,20407.15,16333.0,20551.01,,,P2,False
11873,False,False,,False,False,False,20407.15,16333.0,20551.01,,,P2,False
11874,False,False,,False,False,False,20407.15,16470.0,20551.01,,,P2,False
11875,False,False,,False,False,False,20407.15,16470.0,20551.01,,,P2,False
11876,False,False,,False,False,False,20407.15,16470.0,20551.01,,,P2,False
11877,False,False,,False,False,False,20407.15,16470.0,20551.01,,,P2,False
11878,False,False,,False,False,False,20407.15,16470.0,20551.01,,,P2,False
11879,False,False,,False,False,False,20407.15,16470.0,20551.01,,,P2,False
11880,False,False,,False,False,False,20407.15,16470.0,20551.01,,,P2,False
11881,False,False,,False,False,False,20407.15,16470.0,20551.01,,,P2,False
11882,False,False,,False,False,False,20407.15,16499.01,20551.01,,,P2,False
11883,False,False,,False,False,False,20407.15,16499.01,20551.01,,,P2,False
11884,False,False,,False,False,False,20407.15,16505.2,20551.01,,,P2,False
11885,False,False,,False,False,False,20407.15,16533.68,20551.01,,,P2,False
11886,False,False,,False,False,False,20407.15,16548.7,20551.01,,,P2,False
11887,False,False,,False,False,False,20407.15,16548.7,20551.01,,,P2,False
11888,False,False,,False,False,False,20407.15,16548.7,20551.01,,,P2,False
11889,False,False,,False,False,False,20407.15,16605.28,20551.01,,,P2,False
11890,False,False,,False,False,False,22602.55,16605.28,20551.01,,,P2,False
11891,False,False,swing,False,True,False,22602.55,16605.28,20551.01,22602.55,,P2,False
11892,False,False,,False,False,False,22602.55,16605.28,20551.01,,,P2,False
11893,False,False,,False,False,False,22602.55,16605.28,20551.01,,,P2,False
11894,False,False,,False,False,False,22602.55,16605.28,20551.01,,,P2,False
11895,False,False,,False,False,False,22292.37,16605.28,20551.01,,,P2,False
11896,False,False,,False,False,False,22292.37,16605.28,20551.01,,,P2,False
11897,False,False,,False,False,False,22292.37,16605.28,20551.01,,,P2,False
11898,False,False,,False,False,False,22292.37,16605.28,20551.01,,,P2,False
11899,False,False,,False,False,False,22500.0,16640.4,20551.01,,,P2,False
11900,False,False,,False,False,False,22500.0,16652.66,20551.01,,,P2,False
11901,False,False,,False,False,False,22500.0,16679.0,20551.01,,,P2,False
11902,False,False,,False,False,False,22500.0,16679.0,20551.01,,,P2,False
11903,False,False,,False,False,False,22500.0,16679.0,20551.01,,,P2,False
11904,False,False,swing,False,True,False,22500.0,16679.0,20551.01,22500.0,,P2,False
11905,False,False,,False,False,False,22500.0,16679.0,20551.01,,,P2,False
11906,False,False,,False,False,False,22500.0,16679.0,20551.01,,,P2,False
11907,False,False,swing,False,True,False,22500.0,16679.0,20551.01,22500.0,,P2,False
11908,False,False,,False,False,False,22300.0,16679.0,20551.01,,,P2,False
11909,False,False,,False,False,False,22300.0,16679.0,20551.01,,,P2,False
11910,False,False,,False,False,False,22300.0,16679.0,20551.01,,,P2,False
11911,False,False,,False,False,False,22300.0,16679.0,20551.01,,,P2,False
11912,False,False,,False,False,False,22300.0,16679.0,20551.01,,,P2,False
11913,False,False,,False,False,False,22300.0,16679.0,20551.01,,,P2,False
11914,False,False,,False,False,False,22300.0,16679.0,20551.01,,,P2,False
11915,False,False,,False,False,False,22300.0,16679.0,20551.01,,,P2,False
11916,False,False,,False,False,False,22300.0,16805.04,20551.01,,,P2,False
11917,False,False,,False,False,False,22300.0,16886.21,20551.01,,,P2,False
11918,False,False,,False,False,False,22300.0,16908.0,20551.01,,,P2,False
11919,False,False,,False,False,False,22300.0,16908.0,20551.01,,,P2,False
11920,False,False,,False,False,False,22534.88,16908.0,22534.88,,,P2,False
11921,False,False,,False,False,False,22534.88,16908.0,22534.88,,,P2,False
11922,False,False,,False,False,False,22534.88,16911.0,22534.88,,,P2,False
11923,False,False,,False,False,False,22534.88,16911.0,22534.88,,,P2,False
11924,False,False,,False,False,False,22534.88,16911.0,22534.88,,,P2,False
11925,False,False,,False,False,False,22534.88,16916.1,22534.88,,,P2,False
11926,False,False,,False,False,False,22534.88,16916.1,22534.88,,,P2,False
11927,False,False,,False,False,False,22534.88,16916.1,22534.88,,,P2,False
11928,False,False,,False,False,False,22534.88,16916.1,22534.88,,,P2,False
11929,False,False,,False,False,False,22878.46,16924.41,22534.88,,,P2,False
11930,False,False,,False,False,False,22878.46,17104.66,22534.88,,,P2,False
11931,False,False,,False,False,False,22878.46,17128.0,22534.88,,,P2,False
11932,False,False,,False,False,False,22878.46,17128.0,22534.88,,,P2,False
11933,False,False,,False,False,False,22878.46,17128.0,22534.88,,,P2,False
11934,False,False,,False,False,False,22878.46,17128.0,22534.88,,,P2,False
11935,False,False,,False,False,False,22878.46,17128.0,22534.88,,,P2,False
11936,False,False,,False,False,False,22878.46,17146.34,22534.88,,,P2,False
11937,False,False,,False,False,False,22878.46,17187.73,22534.88,,,P2,False
11938,False,False,,False,False,False,22878.46,17187.73,22534.88,,,P2,False
11939,False,False,zone,False,True,False,22878.46,17212.14,22534.88,22534.88,,P2,False
11940,False,False,,False,False,False,22878.46,17282.0,22534.88,,,P2,False
11941,False,False,,False,False,False,22878.46,17315.6,22534.88,,,P2,False
11942,False,False,,False,False,False,22878.46,17315.6,22534.88,,,P2,False
11943,False,False,,False,False,False,22500.0,17315.6,22517.440000000002,,,P2,False
11944,False,False,,False,False,False,22500.0,17315.6,22517.440000000002,,,P2,False
11945,False,False,,False,False,False,22500.0,17315.6,22517.440000000002,,,P2,False
11946,False,False,,False,False,False,22500.0,17320.42,22517.440000000002,,,P2,False
11947,False,False,,False,False,False,22500.0,17508.86,22517.440000000002,,,P2,False
11948,False,False,,False,False,False,22500.0,17892.05,22517.440000000002,,,P2,False
11949,False,False,,False,False,False,22500.0,17892.05,22517.440000000002,,,P2,False
11950,False,False,,False,False,False,22500.0,17892.05,22517.440000000002,,,P2,False
11951,False,False,,False,False,False,22500.0,17892.05,22517.440000000002,,,P2,False
11952,False,False,,False,False,False,22500.0,18054.61,22517.440000000002,,,P2,False
11953,False,False,,False,False,False,22500.0,18714.12,22517.440000000002,,,P2,False
11954,False,False,,False,False,False,22760.23,18714.12,22760.23,,,P2,False
11955,False,False,,False,False,False,22760.23,18778.41,22760.23,,,P2,False
11956,False,False,,False,False,False,22760.23,18810.01,22760.23,,,P2,False
11957,False,False,,False,False,False,22760.23,18811.52,22760.23,,,P2,False
11958,False,False,,False,False,False,22760.23,19060.15,22760.23,,,P2,False
11959,False,False,,False,False,False,22760.23,19315.77,22760.23,,,P2,False
11960,False,False,,False,False,False,22760.23,19888.05,22760.23,,,P2,False
11961,False,False,,False,False,False,22760.23,20225.06,22760.23,,,P2,False
11962,False,False,,False,False,False,22760.23,20225.06,22760.23,,,P2,False
11963,False,False,,False,False,False,22760.23,20407.15,22760.23,,,P2,False
11964,False,False,,False,False,False,22760.23,20407.15,22760.23,,,P2,False
11965,False,False,,False,False,False,22760.23,20407.15,22760.23,,,P2,False
11966,False,False,,False,False,False,22760.23,20407.15,22517.440000000002,,,P2,False
11967,False,False,,False,False,False,23204.62,20407.15,22517.440000000002,,,P2,False
11968,False,False,,False,False,False,23204.62,20407.15,22517.440000000002,,,P2,False
11969,False,False,,False,False,False,23204.62,20407.15,22517.440000000002,,,P2,False
11970,False,False,,False,False,False,23204.62,20407.15,22517.440000000002,,,P2,False
11971,False,False,,False,False,False,23204.62,20407.15,22517.440000000002,,,P2,False
11972,False,False,,False,False,False,23204.62,20407.15,22517.440000000002,,,P2,False
11973,False,False,,False,False,False,23204.62,20407.15,22517.440000000002,,,P2,False
11974,False,False,,False,False,False,23204.62,20407.15,22517.440000000002,,,P2,False
11975,False,False,,False,False,False,23204.62,20407.15,22517.440000000002,,,P2,False
11976,False,False,,False,False,False,23204.62,20407.15,22517.440000000002,,,P2,False
11977,False,False,,False,False,False,23204.62,20407.15,22517.440000000002,,,P2,False
11978,False,False,,False,False,False,23204.62,20407.15,22517.440000000002,,,P2,False
11979,False,False,,False,False,False,23204.62,20407.15,22517.440000000002,,,P2,False
11980,False,False,,False,False,False,23204.62,20407.15,22517.440000000002,,,P2,False
11981,False,False,,False,False,False,22628.13,20407.15,22534.88,,,P2,False
11982,False,False,,False,False,False,22628.13,20407.15,22760.23,,,P2,False
11983,False,False,,False,False,False,22628.13,20407.15,22534.88,,,P2,False
11984,False,False,,False,False,False,22628.13,20407.15,22602.55,,,P2,False
11985,False,False,,False,False,False,22638.0,20407.15,22760.23,,,P2,False
11986,False,False,,False,False,False,22638.0,20407.15,22615.34,,,P2,False
11987,False,False,,False,False,False,22638.0,20407.15,22699.114999999998,,,P2,False
11988,False,False,,False,False,False,22638.0,20407.15,22699.114999999998,,,P2,False
11989,False,False,,False,False,False,22638.0,20624.02,22760.23,,,P2,False
11990,False,False,,False,False,False,22769.05,20659.19,22769.05,,,P2,False
11991,False,False,,False,False,False,22769.05,20660.8,22769.05,,,P2,False
11992,False,False,swing|zone,False,True,False,22769.05,20660.8,22769.05,22769.05,,P2,False
11993,False,False,,False,False,False,22769.05,20660.8,22769.05,,,P2,False
11994,False,False,,False,False,False,22769.05,20791.13,22517.440000000002,,,P2,False
11995,False,False,,False,False,False,22769.05,20861.28,22615.34,,,P2,False
11996,False,False,,False,False,False,22769.05,20861.28,22615.34,,,P2,False
11997,False,False,,False,False,False,22769.05,20861.28,22602.55,,,P2,False
11998,False,False,,False,False,False,22769.05,20898.79,16679.0,,,P2,False
11999,False,False,,False,False,False,22769.05,20955.53,20551.01,,,P2,False
12000,False,False,,False,False,False,22769.05,21140.99,20551.01,,,P2,False
12001,False,False,,False,False,False,22769.05,21495.75,20551.01,,,P2,False
12002,False,False,,False,False,False,22769.05,21688.0,20551.01,,,P2,False
12003,False,False,,False,False,False,22769.05,21688.0,20551.01,,,P2,False
12004,False,False,,False,False,False,22769.05,21622.4,20551.01,,,P2,False
12005,False,False,,False,False,False,22769.05,21622.4,20551.01,,,P2,False
12006,False,False,,False,False,False,22769.05,21520.0,20551.01,,,P2,False
12007,False,False,,False,False,False,22769.05,21520.0,20551.01,,,P2,False
12008,False,False,,False,False,False,22769.05,21451.0,16679.0,,,P2,False
12009,False,False,,False,False,False,21451.0,21451.0,16679.0,,,P2,False
12010,False,False,,False,False,False,21451.0,21451.0,16679.0,,,P2,False
12011,False,False,,False,False,False,21451.0,21451.0,16679.0,,,P2,False
12012,False,False,,False,False,False,21451.0,21451.0,16679.0,,,P2,False
12013,False,False,,False,False,False,21451.0,21451.0,16679.0,,,P2,False
12014,False,False,,False,False,False,21618.23,21451.0,16679.0,,,P2,False
12015,False,False,,False,False,False,21618.23,21451.0,16679.0,,,P2,False
12016,False,False,,False,False,False,21618.23,21451.0,16679.0,,,P2,False
12017,False,False,,False,False,False,21618.23,21451.0,22517.440000000002,,,P2,False
12018,False,False,,False,False,False,21618.23,21451.0,22517.440000000002,,,P2,False
12019,False,False,,False,False,False,21618.23,21451.0,22517.440000000002,,,P2,False
12020,False,False,,False,False,False,21618.23,21451.0,22517.440000000002,,,P2,False
12021,False,False,,False,False,False,21618.23,21451.0,22517.440000000002,,,P2,False
12022,False,False,nbar,False,True,False,21618.23,21451.0,22517.440000000002,21451.0,,P2,False
12023,False,False,,False,False,False,21618.23,21433.0,22517.440000000002,,,P2,False
12024,False,False,,False,False,False,21618.23,21433.0,22517.440000000002,,,P2,False
12025,False,False,,False,False,False,21618.23,21351.07,22517.440000000002,,,P2,False
12026,False,False,,False,False,False,21351.07,21351.07,22517.440000000002,,,P2,False
12027,False,False,,False,False,False,21351.07,21351.07,22517.440000000002,,,P2,False
12028,False,False,,False,False,False,21351.07,21351.07,22534.88,,,P2,False
12029,False,False,,False,False,False,21351.07,21351.07,22534.88,,,P2,False
12030,False,False,,False,False,False,21351.07,21351.07,22534.88,,,P2,False
12031,False,False,,False,False,False,21532.77,21351.07,21532.77,,,P2,False
12032,False,False,,False,False,False,21532.77,21351.07,21532.77,,,P2,False
12033,False,False,,False,False,False,21532.77,21351.07,22769.05,,,P2,False
12034,False,False,,False,False,False,21532.77,21351.07,22769.05,,,P2,False
12035,False,False,,False,False,False,21532.77,21351.07,22769.05,,,P2,False
12036,False,False,,False,False,False,21532.77,21351.07,22769.05,,,P2,False
12037,False,False,,False,False,False,21532.77,21351.07,22769.05,,,P2,False
12038,False,False,,False,False,False,21532.77,21351.07,22769.05,,,P2,False
12039,False,False,,False,False,False,21532.77,21351.07,22769.05,,,P2,False
12040,False,False,,False,False,False,21532.77,21351.07,22769.05,,,P2,False
12041,False,False,,False,False,False,21532.77,21351.07,22769.05,,,P2,False
12042,False,False,,False,False,False,21532.77,21351.07,22769.05,,,P2,False
12043,False,False,,False,False,False,21532.77,21351.07,22769.05,,,P2,False
12044,False,False,,False,False,False,21532.77,21351.07,22769.05,,,P2,False
12045,False,False,,False,False,False,21532.77,21351.07,22769.05,,,P2,False
12046,False,False,,False,False,False,23339.37,21351.07,22769.05,,,P2,False
12047,False,False,,False,False,False,23339.37,21351.07,22769.05,,,P2,False
12048,False,False,,False,False,False,23339.37,21351.07,22760.23,,,P2,False
12049,False,False,,False,False,False,23339.37,21351.07,22764.64,,,P2,False
12050,False,False,,False,False,False,23339.37,21351.07,22769.05,,,P2,False
12051,False,False,,False,False,False,23339.37,21351.07,22769.05,,,P2,False
12052,False,False,,False,False,False,23339.37,21351.07,22769.05,,,P2,False
12053,False,False,,False,False,False,23339.37,21351.07,22769.05,,,P2,False
12054,False,False,,False,False,False,23339.37,21351.07,22769.05,,,P2,False
12055,False,False,,False,False,False,23339.37,21351.07,22769.05,,,P2,False
12056,False,False,,False,False,False,23339.37,21351.07,22769.05,,,P2,False
12057,False,False,,False,False,False,23339.37,21351.07,22769.05,,,P2,False
12058,False,False,,False,False,False,23339.37,21351.07,22769.05,,,P2,False
12059,False,False,,False,False,False,23339.37,21351.07,22769.05,,,P2,False
12060,False,False,,False,False,False,23339.37,21351.07,22769.05,,,P2,False
12061,False,False,,False,False,False,23339.37,21351.07,22769.05,,,P2,False
12062,False,False,,False,False,False,23339.37,21351.07,22769.05,,,P2,False
12063,False,False,,False,False,False,23339.37,21351.07,22769.05,,,P2,False
12064,False,False,,False,False,False,23840.83,21351.07,22769.05,,,P2,False
12065,False,False,,False,False,False,23840.83,21351.07,22769.05,,,P2,False
12066,False,False,,False,False,False,23840.83,21351.07,22769.05,,,P2,False
12067,False,False,,False,False,False,23840.83,21351.07,22769.05,,,P2,False
12068,False,False,,False,False,False,23840.83,21351.07,22769.05,,,P2,False
12069,False,False,,False,False,False,23840.83,21351.07,22769.05,,,P2,False
12070,False,False,,False,False,False,23840.83,21351.07,22769.05,,,P2,False
12071,False,False,,False,False,False,23840.83,21351.07,22769.05,,,P2,False
12072,False,False,,False,False,False,23840.83,21351.07,22769.05,,,P2,False
12073,False,False,,False,False,False,23840.83,21351.07,22769.05,,,P2,False
12074,False,False,,False,False,False,23840.83,21351.07,22769.05,,,P2,False
12075,False,False,,False,False,False,23840.83,21351.07,22769.05,,,P2,False
12076,False,False,,False,False,False,23840.83,21351.07,22769.05,,,P2,False
12077,False,False,,False,False,False,23840.83,21351.07,22769.05,,,P2,False
12078,False,False,,False,False,False,23840.83,21351.07,22769.05,,,P2,False
12079,False,False,,False,False,False,23840.83,21351.07,22769.05,,,P2,False
12080,False,False,,False,False,False,23574.69,21351.07,22769.05,,,P2,False
12081,False,False,,False,False,False,23574.69,21351.07,22769.05,,,P2,False
12082,False,False,,False,False,False,23574.69,21351.07,22769.05,,,P2,False
12083,False,False,,False,False,False,23574.69,21351.07,22769.05,,,P2,False
12084,False,False,,False,False,False,23574.69,21351.07,22769.05,,,P2,False
12085,False,False,,False,False,False,23608.0,21351.07,22769.05,,,P2,False
12086,False,False,,False,False,False,23608.0,21351.07,22769.05,,,P2,False
12087,False,False,,False,False,False,23608.0,21351.07,22769.05,,,P2,False
12088,False,False,,False,False,False,23608.0,21351.07,22769.05,,,P2,False
12089,False,False,,False,False,False,23608.0,21351.07,22769.05,,,P2,False
12090,False,False,,False,False,False,23608.0,21351.07,22769.05,,,P2,False
12091,False,False,,False,False,False,23608.0,21351.07,22769.05,,,P2,False
12092,False,False,,False,False,False,22841.19,21351.07,22805.12,,,P2,False
12093,False,False,,False,False,False,22841.19,21351.07,22805.12,,,P2,False
12094,False,False,,False,False,False,22841.19,21351.07,22805.12,,,P2,False
12095,False,False,swing|zone,False,True,False,22841.19,21351.07,22805.12,22841.19,,P2,False
12096,False,False,,False,False,False,22841.19,21351.07,22805.12,,,P2,False
12097,False,False,,False,False,False,22841.19,21351.07,22805.12,,,P2,False
12098,False,False,,False,False,False,22841.19,21351.07,22805.12,,,P2,False
12099,False,False,,False,False,False,22722.0,21351.07,22769.05,,,P2,False
12100,False,False,,False,False,False,22722.0,21351.07,22805.12,,,P2,False
12101,False,False,,False,False,False,22722.0,21351.07,22769.05,,,P2,False
12102,False,False,,False,False,False,22722.0,21351.07,22769.05,,,P2,False
12103,False,False,,False,False,False,22722.0,21351.07,22769.05,,,P2,False
12104,False,False,,False,False,False,22722.0,21351.07,22805.12,,,P2,False
12105,False,False,,False,False,False,22722.0,21351.07,22805.12,,,P2,False
12106,False,False,,False,False,False,22722.0,21351.07,22805.12,,,P2,False
12107,False,False,,False,False,False,22722.0,21351.07,22769.05,,,P2,False
12108,False,False,,False,False,False,22722.0,21351.07,22769.05,,,P2,False
12109,False,False,,False,False,False,22722.0,21351.07,22769.05,,,P2,False
12110,False,False,,False,False,False,22722.0,21351.07,22769.05,,,P2,False
12111,False,False,,False,False,False,23106.77,21351.07,23204.62,,,P2,False
12112,False,False,,False,False,False,23106.77,21351.07,23204.62,,,P2,False
12113,False,False,,False,False,False,23106.77,21351.07,22769.05,,,P2,False
12114,False,False,,False,False,False,23106.77,21351.07,23204.62,,,P2,False
12115,False,False,,False,False,False,23106.77,21351.07,23204.62,,,P2,False
12116,False,False,,False,False,False,23106.77,21351.07,23204.62,,,P2,False
12117,False,False,,False,False,False,23106.77,21351.07,23204.62,,,P2,False
12118,False,False,,False,False,False,23020.03,21351.07,23204.62,,,P2,False
12119,False,False,,False,False,False,23020.03,21351.07,23204.62,,,P2,False
12120,False,False,,False,False,False,23020.03,21351.07,23204.62,,,P2,False
12121,False,False,,False,False,False,23020.03,21351.07,23204.62,,,P2,False
12122,False,False,,False,False,False,23020.03,21351.07,23204.62,,,P2,False
12123,False,False,swing|zone,False,True,False,23300.0,21351.07,23300.0,23300.0,,P2,False
12124,False,False,,False,False,False,23300.0,21351.07,23300.0,,,P2,False
12125,False,False,,False,False,False,23300.0,21351.07,23300.0,,,P2,False
12126,False,False,,False,False,False,23300.0,21351.07,21532.77,,,P2,False
12127,False,False,,False,False,False,23300.0,21351.07,21532.77,,,P2,False
12128,False,False,,False,False,False,23300.0,21351.07,21532.77,,,P2,False
12129,False,False,,False,False,False,23300.0,21351.07,21532.77,,,P2,False
12130,False,False,,False,False,False,21971.13,21351.07,21532.77,,,P2,False
12131,False,False,,False,False,False,21971.13,21351.07,21532.77,,,P2,False
12132,False,False,,False,False,False,21971.13,21351.07,21532.77,,,P2,False
12133,False,False,,False,False,False,21971.13,21351.07,21532.77,,,P2,False
12134,False,False,,False,False,False,21971.13,21351.07,21532.77,,,P2,False
12135,False,False,,False,False,False,22147.0,21351.07,21532.77,,,P2,False
12136,False,False,,False,False,False,22147.0,21351.07,21532.77,,,P2,False
12137,False,False,,False,False,False,22147.0,21351.07,21532.77,,,P2,False
12138,False,False,,False,False,False,22147.0,21351.07,21532.77,,,P2,False
12139,False,False,,False,False,False,22147.0,21351.07,21532.77,,,P2,False
12140,False,False,,False,False,False,22147.0,21351.07,21532.77,,,P2,False
12141,False,False,,False,False,False,22157.08,21351.07,21532.77,,,P2,False
12142,False,False,,False,False,False,22157.08,21351.07,21532.77,,,P2,False
12143,False,False,,False,False,False,22157.08,21351.07,21532.77,,,P2,False
12144,False,False,,False,False,False,22157.08,21351.07,21532.77,,,P2,False
12145,False,False,,False,False,False,22157.08,21532.77,21532.77,,,P2,False
12146,False,False,,False,False,False,22157.08,21532.77,21532.77,,,P2,False
12147,False,False,,False,False,False,22157.08,21532.77,21532.77,,,P2,False
12148,False,False,,False,False,False,22258.0,21532.77,22157.08,,,P2,False
12149,False,False,,False,False,False,22258.0,21532.77,22157.08,,,P2,False
12150,False,False,,False,False,False,22258.0,21917.31,22157.08,,,P2,False
12151,False,False,,False,False,False,22258.0,21971.13,22157.08,,,P2,False
12152,False,False,,False,False,False,22258.0,21971.13,21532.77,,,P2,False
12153,False,False,swing|nbar,False,True,True,22320.01,21971.13,21532.77,22320.01,21971.13,P2,False
12154,True,False,,False,False,False,22320.01,21971.13,21532.77,,,P2,False
12155,True,True,nbar|zone,False,True,False,22320.01,21971.13,22157.08,22157.08,,P2,False
12156,True,False,,False,False,False,22320.01,21927.0,21532.77,,,P2,False
12157,True,False,,False,False,False,21927.0,21927.0,21532.77,,,P2,False
12158,True,False,,False,False,False,21927.0,21927.0,21532.77,,,P2,False
12159,True,True,swing|nbar,False,True,False,21927.0,21927.0,21532.77,21927.0,,P2,False
12160,True,False,,False,False,False,21927.0,21840.13,21532.77,,,P2,False
12161,True,False,,False,False,False,21840.13,21840.13,21532.77,,,P2,False
12162,True,False,,False,False,False,21840.13,21840.13,21532.77,,,P2,False
12163,True,False,,False,False,False,21840.13,21840.13,21532.77,,,P2,False
12164,True,True,nbar,False,True,False,21840.13,21580.0,21532.77,21580.0,,P2,False
12165,True,False,,False,False,False,21840.13,21580.0,21532.77,,,P2,False
12166,True,False,,False,False,False,21840.13,21580.0,21451.0,,,P2,False
12167,True,False,,False,False,False,21840.13,21527.0,21451.0,,,P2,False
12168,True,False,,False,False,False,21840.13,21527.0,21451.0,,,P2,False
12169,True,False,,False,False,False,21840.13,20766.2,21491.885000000002,,,P2,False
12170,True,False,,False,False,False,21840.13,20042.72,21491.885000000002,,,P2,False
12171,True,False,,False,False,False,21840.13,19776.22,21491.885000000002,,,P2,False
12172,True,False,,False,False,False,21840.13,19776.22,21451.0,,,P2,False
12173,True,False,,False,False,False,21840.13,19549.09,21451.0,,,P2,False
12174,True,False,,False,False,False,19549.09,19549.09,21451.0,,,P2,False
12175,True,False,,False,False,False,19549.09,19549.09,21451.0,,,P2,False
12176,True,False,,False,False,False,19549.09,19549.09,21451.0,,,P2,False
12177,True,False,,False,False,False,19549.09,19549.09,21451.0,,,P2,False
12178,True,False,,False,False,False,19549.09,19549.09,21451.0,,,P2,False
12179,False,False,,False,False,False,19549.09,19549.09,21451.0,,,P2,False
12180,False,False,,False,False,False,19765.03,19549.09,21451.0,,,P2,False
12181,False,False,,False,False,False,19765.03,19549.09,21451.0,,,P2,False
12182,False,False,,False,False,False,19765.03,19549.09,21491.885000000002,,,P2,False
12183,False,False,,False,False,False,19765.03,19549.09,21491.885000000002,,,P2,False
12184,False,False,,False,False,False,19765.03,19549.09,21451.0,,,P2,False
12185,True,False,,False,False,False,19765.03,19549.09,21971.13,,,P2,False
12186,False,False,,False,False,False,19765.03,19549.09,22207.54,,,P2,False
12187,False,False,,False,False,False,19765.03,19549.09,22207.54,,,P2,False
12188,True,False,,False,False,False,19765.03,19549.09,21971.13,,,P2,False
12189,False,False,,False,False,False,19765.03,19549.09,23608.0,,,P2,False
12190,False,False,,False,False,False,19765.03,19549.09,23608.0,,,P2,False
12191,False,False,,False,False,False,19765.03,19549.09,23608.0,,,P2,False
12192,False,False,,False,False,False,19765.03,19549.09,23608.0,,,P2,False
12193,False,False,,False,False,False,19765.03,19549.09,23608.0,,,P2,False
12194,False,False,,False,False,False,19765.03,19549.09,23608.0,,,P2,False
12195,False,False,,False,False,False,19765.03,19549.09,23608.0,,,P2,False
12196,False,False,,False,False,False,19765.03,19549.09,23608.0,,,P2,False
12197,False,False,,False,False,False,19765.03,19549.09,23608.0,,,P2,False
12198,False,False,,False,False,False,19765.03,19549.09,23608.0,,,P2,False
12199,False,False,,False,False,False,19765.03,19549.09,23608.0,,,P2,False
12200,False,False,,False,False,False,19765.03,19549.09,23608.0,,,P2,False
12201,False,False,,False,False,False,23976.42,19549.09,23840.83,,,P2,False
12202,False,False,swing,False,True,False,23976.42,19549.09,23840.83,23976.42,,P2,False
12203,False,False,,False,False,False,23976.42,19549.09,23840.83,,,P2,False
12204,False,False,,False,False,False,23976.42,19549.09,23840.83,,,P2,False
12205,False,False,,False,False,False,23976.42,19549.09,23724.415,,,P2,False
12206,False,False,,False,False,False,23896.95,19549.09,23896.95,,,P2,False
12207,False,False,,False,False,False,23896.95,19549.09,23896.95,,,P2,False
12208,False,False,,False,False,False,23896.95,19549.09,23896.95,,,P2,False
12209,False,False,,False,False,False,23896.95,19549.09,23896.95,,,P2,False
12210,False,False,,False,False,False,23896.95,19549.09,23896.95,,,P2,False
12211,False,False,,False,False,False,23896.95,19549.09,23896.95,,,P2,False
12212,False,False,,False,False,False,23896.95,19549.09,23896.95,,,P2,False
12213,False,False,,False,False,False,23896.95,19549.09,23896.95,,,P2,False
12214,False,False,,False,False,False,23896.95,19549.09,23896.95,,,P2,False
12215,False,False,,False,False,False,23896.95,19549.09,23896.95,,,P2,False
12216,False,False,,False,False,False,23896.95,19549.09,23896.95,,,P2,False
12217,False,False,,False,False,False,23896.95,19549.09,23896.95,,,P2,False
12218,False,False,,False,False,False,23896.95,19549.09,23896.95,,,P2,False
12219,False,False,,False,False,False,23896.95,19549.09,23896.95,,,P2,False
12220,False,False,,False,False,False,23896.95,19549.09,23896.95,,,P2,False
12221,False,False,,False,False,False,23896.95,19549.09,23896.95,,,P2,False
12222,False,False,,False,False,False,23896.95,19549.09,23896.95,,,P2,False
12223,False,False,,False,False,False,23896.95,19549.09,23896.95,,,P2,False
12224,False,False,,False,False,False,26578.0,19549.09,23896.95,,,P2,False
12225,False,False,,False,False,False,26578.0,19549.09,23896.95,,,P2,False
12226,False,False,,False,False,False,26578.0,19549.09,23896.95,,,P2,False
12227,False,False,,False,False,False,26578.0,19549.09,23896.95,,,P2,False
12228,False,False,,False,False,False,26578.0,19549.09,23896.95,,,P2,False
12229,False,False,,False,False,False,26578.0,19549.09,23896.95,,,P2,False
12230,False,False,,False,False,False,26578.0,19549.09,23896.95,,,P2,False
12231,False,False,,False,False,False,26578.0,19549.09,23896.95,,,P2,False
12232,False,False,,False,False,False,26578.0,19549.09,23896.95,,,P2,False
12233,False,False,,False,False,False,26578.0,19549.09,23896.95,,,P2,False
12234,False,False,,False,False,False,26578.0,19549.09,23896.95,,,P2,False
12235,False,False,,False,False,False,26578.0,19549.09,23896.95,,,P2,False
12236,False,False,,False,False,False,26578.0,19549.09,23896.95,,,P2,False
12237,False,False,,False,False,False,26578.0,19549.09,23896.95,,,P2,False
12238,False,False,,False,False,False,26578.0,19549.09,23896.95,,,P2,False
12239,False,False,,False,False,False,27303.1,19549.09,23896.95,,,P2,False
12240,False,False,,False,False,False,27303.1,19549.09,23896.95,,,P2,False
12241,False,False,,False,False,False,27303.1,19549.09,23896.95,,,P2,False
12242,False,False,,False,False,False,27303.1,19549.09,23896.95,,,P2,False
12243,False,False,,False,False,False,27303.1,19549.09,23896.95,,,P2,False
12244,False,False,,False,False,False,27303.1,19549.09,23896.95,,,P2,False
12245,False,False,,False,False,False,27303.1,19549.09,23896.95,,,P2,False
12246,False,False,,False,False,False,27303.1,19549.09,23896.95,,,P2,False
12247,False,False,,False,False,False,27303.1,19549.09,23896.95,,,P2,False
12248,False,False,,False,False,False,27303.1,19549.09,23896.95,,,P2,False
12249,False,False,,False,False,False,26601.8,19549.09,23896.95,,,P2,False
12250,False,False,,False,False,False,26601.8,19549.09,23896.95,,,P2,False
12251,False,False,,False,False,False,26601.8,19549.09,23896.95,,,P2,False
12252,False,False,,False,False,False,26601.8,19549.09,23896.95,,,P2,False
12253,False,False,,False,False,False,26601.8,19549.09,23896.95,,,P2,False
12254,False,False,,False,False,False,26601.8,19549.09,23896.95,,,P2,False
12255,False,False,,False,False,False,26601.8,19549.09,23896.95,,,P2,False
12256,False,False,,False,False,False,26601.8,19549.09,23896.95,,,P2,False
12257,False,False,,False,False,False,26601.8,19549.09,23896.95,,,P2,False
12258,False,False,,False,False,False,26601.8,19549.09,23896.95,,,P2,False
12259,False,False,,False,False,False,26601.8,19549.09,23896.95,,,P2,False
12260,False,False,,False,False,False,26601.8,19549.09,23896.95,,,P2,False
12261,False,False,,False,False,False,27000.0,19549.09,23896.95,,,P2,False
12262,False,False,,False,False,False,27000.0,19549.09,23896.95,,,P2,False
12263,False,False,,False,False,False,27000.0,19549.09,23896.95,,,P2,False
12264,False,False,,False,False,False,27000.0,19549.09,23896.95,,,P2,False
12265,False,False,,False,False,False,27000.0,19549.09,23896.95,,,P2,False
12266,False,False,,False,False,False,27000.0,19549.09,23896.95,,,P2,False
12267,False,False,,False,False,False,27156.09,19549.09,27156.09,,,P2,False
12268,False,False,,False,False,False,27156.09,19549.09,27156.09,,,P2,False
12269,False,False,,False,False,False,27156.09,19549.09,27156.09,,,P2,False
12270,False,False,,False,False,False,27156.09,19549.09,27156.09,,,P2,False
12271,False,False,,False,False,False,27156.09,19549.09,27156.09,,,P2,False
12272,False,False,,False,False,False,27156.09,19549.09,27156.09,,,P2,False
12273,False,False,,False,False,False,27156.09,19549.09,23896.95,,,P2,False
12274,False,False,,False,False,False,27156.09,19549.09,23896.95,,,P2,False
12275,False,False,,False,False,False,27156.09,19549.09,23896.95,,,P2,False
12276,False,False,,False,False,False,27156.09,19549.09,23896.95,,,P2,False
12277,False,False,,False,False,False,26508.14,19549.09,26578.0,,,P2,False
12278,False,False,,False,False,False,26508.14,19549.09,26578.0,,,P2,False
12279,False,False,,False,False,False,26508.14,19549.09,26578.0,,,P2,False
12280,False,False,,False,False,False,26508.14,19549.09,27156.09,,,P2,False
12281,False,False,,False,False,False,26508.14,19549.09,27156.09,,,P2,False
12282,False,False,,False,False,False,26631.78,19549.09,27156.09,,,P2,False
12283,False,False,,False,False,False,26631.78,19549.09,27156.09,,,P2,False
12284,False,False,,False,False,False,26631.78,19549.09,27156.09,,,P2,False
12285,False,False,,False,False,False,26631.78,19549.09,27156.09,,,P2,False
12286,False,False,,False,False,False,26631.78,19549.09,27156.09,,,P2,False
12287,False,False,,False,False,False,26631.78,19549.09,27156.09,,,P2,False
12288,False,False,,False,False,False,26631.78,19549.09,27156.09,,,P2,False
12289,False,False,,False,False,False,26631.78,19549.09,27156.09,,,P2,False
12290,False,False,,False,False,False,26631.78,19549.09,27156.09,,,P2,False
12291,False,False,,False,False,False,26631.78,19549.09,27156.09,,,P2,False
12292,False,False,,False,False,False,28090.06,19549.09,27156.09,,,P2,False
12293,False,False,,False,False,False,28090.06,19657.11,27156.09,,,P2,False
12294,False,False,,False,False,False,28090.06,19765.03,27156.09,,,P2,False
12295,False,False,,False,False,False,28090.06,19765.03,27156.09,,,P2,False
12296,False,False,,False,False,False,28090.06,19765.03,27156.09,,,P2,False
12297,False,False,,False,False,False,28090.06,19765.03,27156.09,,,P2,False
12298,False,False,,False,False,False,28090.06,19765.03,27156.09,,,P2,False
12299,False,False,,False,False,False,27511.71,19992.24,27303.1,,,P2,False
12300,False,False,,False,False,False,27511.71,19992.24,27303.1,,,P2,False
12301,False,False,,False,False,False,27511.71,20214.63,27303.1,,,P2,False
12302,False,False,,False,False,False,27511.71,20270.6,27303.1,,,P2,False
12303,False,False,,False,False,False,27511.71,20270.6,27303.1,,,P2,False
12304,False,False,,False,False,False,27511.71,20284.39,27303.1,,,P2,False
12305,False,False,,False,False,False,27511.71,20284.39,27156.09,,,P2,False
12306,False,False,,False,False,False,27511.71,20341.85,27156.09,,,P2,False
12307,False,False,,False,False,False,28220.27,20755.76,27156.09,,,P2,False
12308,False,False,,False,False,False,28220.27,21813.88,27156.09,,,P2,False
12309,False,False,,False,False,False,28220.27,21813.88,27156.09,,,P2,False
12310,False,False,,False,False,False,28220.27,21813.88,27156.09,,,P2,False
12311,False,False,,False,False,False,28220.27,21959.0,27156.09,,,P2,False
12312,False,False,,False,False,False,28220.27,23755.0,27156.09,,,P2,False
12313,False,False,,False,False,False,28220.27,23896.95,27156.09,,,P2,False
12314,False,False,,False,False,False,28220.27,23896.95,27156.09,,,P2,False
12315,False,False,,False,False,False,28220.27,23896.95,27156.09,,,P2,False
12316,False,False,,False,False,False,27560.0,23896.95,27156.09,,,P2,False
12317,False,False,swing,False,True,False,27560.0,23896.95,27156.09,27560.0,,P2,False
12318,False,False,,False,False,False,27560.0,23896.95,27156.09,,,P2,False
12319,False,False,,False,False,False,27560.0,23896.95,27156.09,,,P2,False
12320,False,False,,False,False,False,27560.0,23896.95,27156.09,,,P2,False
12321,False,False,,False,False,False,27200.24,23896.95,27200.24,,,P2,False
12322,False,False,,False,False,False,27200.24,23896.95,27200.24,,,P2,False
12323,False,False,,False,False,False,27200.24,23896.95,27200.24,,,P2,False
12324,False,False,,False,False,False,27200.24,23896.95,27200.24,,,P2,False
12325,False,False,,False,False,False,27200.24,24123.0,27200.24,,,P2,False
12326,False,False,,False,False,False,27200.24,24123.0,27200.24,,,P2,False
12327,False,False,,False,False,False,27200.24,24182.0,27200.24,,,P2,False
12328,False,False,,False,False,False,27200.24,24374.35,27200.24,,,P2,False
12329,False,False,,False,False,False,27200.24,24515.23,27511.71,,,P2,False
12330,False,False,,False,False,False,27200.24,24620.0,27200.24,,,P2,False
12331,False,False,,False,False,False,27200.24,24623.52,27200.24,,,P2,False
12332,False,False,swing,False,True,False,27805.1,24890.0,27200.24,27805.1,,P2,False
12333,False,False,,False,False,False,27805.1,25656.0,27200.24,,,P2,False
12334,False,False,,False,False,False,27805.1,25918.02,27200.24,,,P2,False
12335,False,False,,False,False,False,27805.1,26118.19,27200.24,,,P2,False
12336,False,False,,False,False,False,27711.0,26264.0,27711.0,,,P2,False
12337,False,False,,False,False,False,27711.0,26508.14,27711.0,,,P2,False
12338,False,False,,False,False,False,27711.0,26508.14,27711.0,,,P2,False
12339,False,False,,False,False,False,27711.0,26508.14,27711.0,,,P2,False
12340,False,False,,False,False,False,27711.0,26508.14,27711.0,,,P2,False
12341,False,False,,False,False,False,27766.94,26508.14,27766.94,,,P2,False
12342,False,False,,False,False,False,27766.94,26508.14,27766.94,,,P2,False
12343,False,False,,False,False,False,27766.94,26508.14,27766.94,,,P2,False
12344,False,False,,False,False,False,27766.94,26508.14,27766.94,,,P2,False
12345,False,False,,False,False,False,27766.94,26508.14,27766.94,,,P2,False
12346,False,False,,False,False,False,27766.94,26508.14,27766.94,,,P2,False
12347,False,False,,False,False,False,27766.94,26508.14,27766.94,,,P2,False
12348,False,False,,False,False,False,27766.94,26508.14,27766.94,,,P2,False
12349,False,False,,False,False,False,27766.94,26508.14,27766.94,,,P2,False
12350,False,False,,False,False,False,27766.94,26508.14,27766.94,,,P2,False
12351,False,False,,False,False,False,27766.94,26508.14,27766.94,,,P2,False
12352,False,False,,False,False,False,27766.94,26508.14,27766.94,,,P2,False
12353,False,False,,False,False,False,27766.94,26508.14,27766.94,,,P2,False
12354,False,False,,False,False,False,27766.94,26508.14,27766.94,,,P2,False
12355,False,False,,False,False,False,27766.94,26508.14,27766.94,,,P2,False
12356,False,False,,False,False,False,27766.94,26508.14,27766.94,,,P2,False
12357,False,False,,False,False,False,27766.94,26508.14,27766.94,,,P2,False
12358,False,False,,False,False,False,27766.94,26508.14,27766.94,,,P2,False
12359,False,False,,False,False,False,27766.94,26508.14,27766.94,,,P2,False
12360,False,False,,False,False,False,27766.94,26508.14,27766.94,,,P2,False
12361,False,False,,False,False,False,28170.0,26508.14,28170.0,,,P2,False
12362,False,False,,False,False,False,28170.0,26508.14,28170.0,,,P2,False
12363,False,False,,False,False,False,28170.0,26508.14,28170.0,,,P2,False
12364,False,False,,False,False,False,28170.0,26508.14,28170.0,,,P2,False
12365,False,False,,False,False,False,28170.0,26508.14,28170.0,,,P2,False
12366,False,False,,False,False,False,28170.0,26508.14,28170.0,,,P2,False
12367,False,False,,False,False,False,28170.0,26508.14,28170.0,,,P2,False
12368,False,False,,False,False,False,28170.0,26508.14,28170.0,,,P2,False
12369,False,False,,False,False,False,28170.0,26508.14,28170.0,,,P2,False
12370,False,False,,False,False,False,28170.0,26508.14,28170.0,,,P2,False
12371,False,False,,False,False,False,28170.0,26508.14,28170.0,,,P2,False
12372,False,False,,False,False,False,28170.0,26508.14,28170.0,,,P2,False
12373,False,False,,False,False,False,29637.4,26508.14,28170.0,,,P2,False
12374,False,False,,False,False,False,29637.4,26508.14,28170.0,,,P2,False
12375,False,False,,False,False,False,29637.4,26508.14,28170.0,,,P2,False
12376,False,False,,False,False,False,29637.4,26508.14,28170.0,,,P2,False
12377,False,False,,False,False,False,29637.4,26508.14,28170.0,,,P2,False
12378,False,False,,False,False,False,29637.4,26508.14,28170.0,,,P2,False
12379,False,False,,False,False,False,29637.4,26508.14,28170.0,,,P2,False
12380,False,False,,False,False,False,29637.4,26508.14,28170.0,,,P2,False
12381,False,False,,False,False,False,29637.4,26508.14,28170.0,,,P2,False
12382,False,False,,False,False,False,29637.4,26508.14,28170.0,,,P2,False
12383,False,False,,False,False,False,29637.4,26508.14,28170.0,,,P2,False
12384,False,False,,False,False,False,29637.4,26508.14,28170.0,,,P2,False
12385,False,False,,False,False,False,29637.4,26508.14,28170.0,,,P2,False
12386,False,False,,False,False,False,29966.0,26508.14,28170.0,,,P2,False
12387,False,False,,False,False,False,29966.0,26508.14,28170.0,,,P2,False
12388,False,False,,False,False,False,29966.0,26508.14,28170.0,,,P2,False
12389,False,False,,False,False,False,29966.0,26508.14,28170.0,,,P2,False
12390,False,False,,False,False,False,29966.0,26508.14,28170.0,,,P2,False
12391,False,False,,False,False,False,29966.0,26508.14,28170.0,,,P2,False
12392,False,False,,False,False,False,29966.0,26508.14,28170.0,,,P2,False
12393,False,False,,False,False,False,29966.0,26508.14,28170.0,,,P2,False
12394,False,False,,False,False,False,30120.0,26508.14,28170.0,,,P2,False
12395,False,False,,False,False,False,30120.0,26508.14,28170.0,,,P2,False
12396,False,False,,False,False,False,30120.0,26631.78,28170.0,,,P2,False
12397,False,False,,False,False,False,30120.0,26631.78,28170.0,,,P2,False
12398,False,False,,False,False,False,30120.0,26631.78,28170.0,,,P2,False
12399,False,False,,False,False,False,30120.0,26631.78,28170.0,,,P2,False
12400,False,False,,False,False,False,30120.0,26631.78,28170.0,,,P2,False
12401,False,False,,False,False,False,30120.0,26745.0,28170.0,,,P2,False
12402,False,False,,False,False,False,30120.0,26745.0,28170.0,,,P2,False
12403,False,False,,False,False,False,30120.0,27095.66,28170.0,,,P2,False
12404,False,False,,False,False,False,30120.0,27200.24,28170.0,,,P2,False
12405,False,False,,False,False,False,30120.0,27200.24,28170.0,,,P2,False
12406,False,False,,False,False,False,29096.78,27200.24,28170.0,,,P2,False
12407,False,False,,False,False,False,29096.78,27200.24,28170.0,,,P2,False
12408,False,False,,False,False,False,29096.78,27200.24,28170.0,,,P2,False
12409,False,False,,False,False,False,29096.78,27200.24,28170.0,,,P2,False
12410,False,False,,False,False,False,29096.78,27200.24,28170.0,,,P2,False
12411,False,False,,False,False,False,29096.78,27200.24,28170.0,,,P2,False
12412,False,False,,False,False,False,29096.78,27200.24,28170.0,,,P2,False
12413,False,False,,False,False,False,29096.78,27200.24,28170.0,,,P2,False
12414,False,False,,False,False,False,29096.78,27200.24,28170.0,,,P2,False
12415,False,False,,False,False,False,29096.78,27200.24,28170.0,,,P2,False
12416,False,False,,False,False,False,29096.78,27200.24,28170.0,,,P2,False
12417,False,False,,False,False,False,28520.0,27200.24,28170.0,,,P2,False
12418,False,False,,False,False,False,28520.0,27200.24,27766.94,,,P2,False
12419,False,False,,False,False,False,28520.0,27200.24,28170.0,,,P2,False
12420,False,False,,False,False,False,28520.0,27200.24,28170.0,,,P2,False
12421,False,False,,False,False,False,28520.0,27200.24,27766.94,,,P2,False
12422,False,False,,False,False,False,28520.0,27200.24,27766.94,,,P2,False
12423,False,False,,False,False,False,28520.0,27200.24,27766.94,,,P2,False
12424,True,False,,False,False,False,28520.0,27200.24,27200.24,,,P2,False
12425,True,False,,False,False,False,28520.0,27200.24,27251.67,,,P2,False
12426,False,False,,False,False,False,28520.0,27200.24,27251.67,,,P2,False
12427,True,False,,False,False,False,28520.0,27184.54,27251.67,,,P2,False
12428,False,False,,False,False,False,28520.0,27125.0,27200.24,,,P2,False
12429,False,False,,False,False,False,27125.0,27125.0,27178.165,,,P2,False
12430,False,False,,False,False,False,27125.0,27125.0,27560.0,,,P2,False
12431,False,False,,False,False,False,27125.0,27125.0,27766.94,,,P2,False
12432,False,False,,False,False,False,27125.0,27125.0,27178.165,,,P2,False
12433,False,False,,False,False,False,27125.0,27125.0,27560.0,,,P2,False
12434,False,False,,False,False,False,27125.0,27125.0,27560.0,,,P2,False
12435,False,False,,False,False,False,27125.0,27125.0,27178.165,,,P2,False
12436,False,False,,False,False,False,27125.0,27125.0,27178.165,,,P2,False
12437,False,False,,False,False,False,27125.0,27125.0,27560.0,,,P2,False
12438,False,False,,False,False,False,27125.0,27125.0,27766.94,,,P2,False
12439,False,False,,False,False,False,27311.25,27125.0,27251.67,,,P2,False
12440,False,False,swing|zone,False,True,False,27311.25,27125.0,27200.24,27311.25,,P2,False
12441,True,False,,False,False,False,27311.25,27125.0,27200.24,,,P2,False
12442,False,False,swing|nbar|zone,False,True,False,27311.25,27125.0,27200.24,27311.25,,P2,False
12443,False,False,,False,False,False,27311.25,27125.0,27251.67,,,P2,False
12444,False,False,,False,False,False,27311.25,27125.0,27200.24,,,P2,False
12445,True,False,,False,False,False,27311.25,26942.82,27200.24,,,P2,False
12446,False,False,,False,False,False,26942.82,26942.82,27200.24,,,P2,False
12447,False,False,,False,False,False,26942.82,26942.82,27251.67,,,P2,False
12448,False,False,,False,False,False,26942.82,26942.82,27560.0,,,P2,False
12449,False,False,,False,False,False,26942.82,26942.82,28170.0,,,P2,False
12450,False,False,,False,False,False,27192.0,26942.82,28170.0,,,P2,False
12451,False,False,,False,False,False,27192.0,26942.82,28170.0,,,P2,False
12452,False,False,,False,False,False,27192.0,26942.82,28170.0,,,P2,False
12453,False,False,,False,False,False,27192.0,26942.82,28170.0,,,P2,False
12454,False,False,,False,False,False,27192.0,26942.82,27766.94,,,P2,False
12455,False,False,,False,False,False,27192.0,26942.82,28170.0,,,P2,False
12456,False,False,,False,False,False,27192.0,26942.82,28195.135000000002,,,P2,False
12457,False,False,,False,False,False,27192.0,26942.82,28195.135000000002,,,P2,False
12458,False,False,,False,False,False,27192.0,26942.82,28195.135000000002,,,P2,False
12459,False,False,,False,False,False,27235.0,26942.82,28195.135000000002,,,P2,False
12460,False,False,,False,False,False,27235.0,26942.82,28195.135000000002,,,P2,False
12461,False,False,,False,False,False,27235.0,26942.82,28195.135000000002,,,P2,False
12462,False,False,,False,False,False,27235.0,26942.82,28195.135000000002,,,P2,False
12463,False,False,,False,False,False,27235.0,26942.82,28195.135000000002,,,P2,False
12464,False,False,,False,False,False,27235.0,26942.82,28195.135000000002,,,P2,False
12465,False,False,,False,False,False,27235.0,26942.82,28170.0,,,P2,False
12466,False,False,,False,False,False,27235.0,26942.82,28170.0,,,P2,False
12467,False,False,,False,False,False,27235.0,26942.82,28170.0,,,P2,False
12468,False,False,,False,False,False,27235.0,26942.82,28170.0,,,P2,False
12469,False,False,,False,False,False,28891.0,26942.82,28170.0,,,P2,False
12470,False,False,,False,False,False,28891.0,26942.82,28170.0,,,P2,False
12471,False,False,,False,False,False,28891.0,26942.82,28170.0,,,P2,False
12472,False,False,,False,False,False,28891.0,26942.82,28170.0,,,P2,False
12473,False,False,,False,False,False,28891.0,26942.82,28170.0,,,P2,False
12474,False,False,,False,False,False,28891.0,26942.82,28170.0,,,P2,False
12475,False,False,,False,False,False,28891.0,26942.82,28170.0,,,P2,False
12476,False,False,,False,False,False,29031.0,26942.82,29031.0,,,P2,False
12477,False,False,,False,False,False,29031.0,26942.82,29031.0,,,P2,False
12478,False,False,,False,False,False,29031.0,26942.82,29031.0,,,P2,False
12479,False,False,,False,False,False,29031.0,26942.82,29031.0,,,P2,False
12480,False,False,,False,False,False,29031.0,26942.82,28170.0,,,P2,False
12481,False,False,,False,False,False,29031.0,26942.82,28170.0,,,P2,False
12482,False,False,,False,False,False,29031.0,26942.82,28170.0,,,P2,False
12483,False,False,,False,False,False,29031.0,26942.82,28170.0,,,P2,False
12484,False,False,,False,False,False,29031.0,26942.82,27766.94,,,P2,False
12485,False,False,,False,False,False,29031.0,26942.82,27766.94,,,P2,False
12486,False,False,,False,False,False,29031.0,26942.82,27766.94,,,P2,False
12487,False,False,,False,False,False,29031.0,26942.82,27766.94,,,P2,False
12488,False,False,,False,False,False,29031.0,26942.82,27766.94,,,P2,False
12489,False,False,,False,False,False,27666.95,26942.82,28170.0,,,P2,False
12490,False,False,,False,False,False,27666.95,26942.82,28170.0,,,P2,False
12491,False,False,,False,False,False,27666.95,26942.82,28170.0,,,P2,False
12492,False,False,,False,False,False,27666.95,26942.82,28170.0,,,P2,False
12493,False,False,,False,False,False,27666.95,26942.82,28170.0,,,P2,False
12494,False,False,,False,False,False,27666.95,26942.82,28170.0,,,P2,False
12495,False,False,,False,False,False,27666.95,26942.82,28170.0,,,P2,False
12496,False,False,,False,False,False,27666.95,26942.82,28170.0,,,P2,False
12497,False,False,,False,False,False,27666.95,26942.82,28170.0,,,P2,False
12498,False,False,,False,False,False,27666.95,26942.82,29031.0,,,P2,False
12499,False,False,,False,False,False,28113.69,26942.82,29031.0,,,P2,False
12500,False,False,,False,False,False,28113.69,26942.82,29031.0,,,P2,False
12501,False,False,,False,False,False,28113.69,26942.82,28141.845,,,P2,False
12502,False,False,,False,False,False,28113.69,26942.82,28141.845,,,P2,False
12503,False,False,,False,False,False,28113.69,26942.82,28141.845,,,P2,False
12504,False,False,,False,False,False,28113.69,26942.82,29031.0,,,P2,False
12505,False,False,,False,False,False,28663.64,26942.82,29031.0,,,P2,False
12506,False,False,,False,False,False,28663.64,26942.82,29031.0,,,P2,False
12507,False,False,zone,False,True,False,28663.64,26942.82,29031.0,29031.0,,P2,False
12508,False,False,,False,False,False,28663.64,26942.82,29031.0,,,P2,False
12509,False,False,,False,False,False,28663.64,26942.82,29031.0,,,P2,False
12510,False,False,,False,False,False,28663.64,26942.82,29031.0,,,P2,False
12511,False,False,,False,False,False,28800.0,26942.82,29031.0,,,P2,False
12512,False,False,,False,False,False,28800.0,26942.82,29031.0,,,P2,False
12513,False,False,,False,False,False,28800.0,26942.82,28141.845,,,P2,False
12514,False,False,,False,False,False,28800.0,26942.82,28800.0,,,P2,False
12515,False,False,,False,False,False,28800.0,26942.82,28800.0,,,P2,False
12516,False,False,,False,False,False,28800.0,26942.82,28663.64,,,P2,False
12517,False,False,,False,False,False,28300.0,26942.82,28891.0,,,P2,False
12518,False,False,,False,False,False,28300.0,26942.82,28800.0,,,P2,False
12519,False,False,,False,False,False,28300.0,26942.82,28891.0,,,P2,False
12520,False,False,,False,False,False,28300.0,26942.82,28891.0,,,P2,False
12521,False,False,,False,False,False,28300.0,26942.82,28220.27,,,P2,False
12522,False,False,,False,False,False,28300.0,26942.82,28195.135000000002,,,P2,False
12523,False,False,,False,False,False,28300.0,26942.82,27738.97,,,P2,False
12524,False,False,zone,False,True,False,28300.0,26942.82,27738.97,27738.97,,P2,False
12525,False,False,zone,False,True,False,28300.0,26942.82,27738.97,27738.97,,P2,False
12526,False,False,,False,False,False,28300.0,26942.82,27200.24,,,P2,False
12527,False,False,,False,False,False,28300.0,26942.82,27666.95,,,P2,False
12528,False,False,,False,False,False,28300.0,26942.82,27560.0,,,P2,False
12529,False,False,,False,False,False,28300.0,26942.82,27613.475,,,P2,False
12530,False,False,,False,False,False,28300.0,26942.82,27613.475,,,P2,False
12531,False,False,,False,False,False,27262.0,26942.82,27217.620000000003,,,P2,False
12532,False,False,,False,False,False,27262.0,26942.82,27711.0,,,P2,False
12533,False,False,,False,False,False,27262.0,26942.82,27613.475,,,P2,False
12534,False,False,,False,False,False,27262.0,26942.82,27613.475,,,P2,False
12535,False,False,,False,False,False,27262.0,26942.82,27235.0,,,P2,False
12536,False,False,,False,False,False,27353.0,26942.82,27666.95,,,P2,False
12537,False,False,,False,False,False,27353.0,26942.82,27738.97,,,P2,False
12538,False,False,swing|nbar|zone,False,True,False,27353.0,26942.82,27666.95,27666.95,,P2,False
12539,False,False,swing|zone,False,True,False,27353.0,26942.82,27262.0,27353.0,,P2,False
12540,False,False,,False,False,False,27353.0,26942.82,27248.5,,,P2,False
12541,False,False,,False,False,False,27353.0,26777.0,27248.5,,,P2,False
12542,False,False,,False,False,False,26777.0,26777.0,27262.0,,,P2,False
12543,False,False,,False,False,False,26777.0,26777.0,26942.82,,,P2,False
12544,False,False,,False,False,False,26777.0,26777.0,26942.82,,,P2,False
12545,False,False,,False,False,False,26777.0,26777.0,26942.82,,,P2,False
12546,False,False,,False,False,False,26777.0,26777.0,26942.82,,,P2,False
12547,True,False,,False,False,False,26777.0,26702.05,26942.82,,,P2,False
12548,True,False,,False,False,False,26777.0,26702.05,26942.82,,,P2,False
12549,True,False,,False,False,False,26777.0,26528.01,26942.82,,,P2,False
12550,False,False,nbar,False,True,False,26777.0,26120.74,26942.82,26120.74,,P2,False
12551,False,False,,False,False,False,26777.0,26120.74,26942.82,,,P2,False
12552,False,False,,False,False,False,26777.0,26120.74,26942.82,,,P2,False
12553,False,False,,False,False,False,26777.0,25811.46,26942.82,,,P2,False
12554,False,False,,False,False,False,25811.46,25811.46,26942.82,,,P2,False
12555,False,False,,False,False,False,25811.46,25811.46,26942.82,,,P2,False
12556,False,False,,False,False,False,25811.46,25811.46,26942.82,,,P2,False
12557,False,False,,False,False,False,25811.46,25811.46,26942.82,,,P2,False
12558,False,False,,False,False,False,25811.46,25811.46,27213.5,,,P2,False
12559,False,False,,False,False,False,25811.46,25811.46,27213.5,,,P2,False
12560,False,False,,False,False,False,25811.46,25811.46,27213.5,,,P2,False
12561,False,False,,False,False,False,25811.46,25811.46,27213.5,,,P2,False
12562,False,False,,False,False,False,26560.53,25811.46,27213.5,,,P2,False
12563,False,False,,False,False,False,26560.53,25811.46,27213.5,,,P2,False
12564,False,False,,False,False,False,26560.53,25811.46,27213.5,,,P2,False
12565,False,False,,False,False,False,26560.53,25811.46,27262.0,,,P2,False
12566,False,False,,False,False,False,26560.53,25811.46,27262.0,,,P2,False
12567,False,False,,False,False,False,26560.53,25811.46,27262.0,,,P2,False
12568,False,False,,False,False,False,26726.0,25811.46,27262.0,,,P2,False
12569,False,False,,False,False,False,26726.0,25811.46,27213.5,,,P2,False
12570,False,False,,False,False,False,26726.0,25811.46,27213.5,,,P2,False
12571,False,False,,False,False,False,26726.0,25811.46,27248.5,,,P2,False
12572,False,False,,False,False,False,26726.0,25811.46,27213.5,,,P2,False
12573,False,False,,False,False,False,26726.0,25811.46,27213.5,,,P2,False
12574,False,False,,False,False,False,26852.11,25811.46,26814.555,,,P2,False
12575,False,False,,False,False,False,26852.11,25811.46,26814.555,,,P2,False
12576,False,False,,False,False,False,26852.11,25811.46,26814.555,,,P2,False
12577,False,False,,False,False,False,26852.11,25811.46,26814.555,,,P2,False
12578,False,False,,False,False,False,26852.11,25811.46,26777.0,,,P2,False
12579,False,False,,False,False,False,26852.11,25811.46,26777.0,,,P2,False
12580,False,False,,False,False,False,26852.11,25811.46,27286.625,,,P2,False
12581,False,False,,False,False,False,26852.11,25811.46,27262.0,,,P2,False
12582,False,False,,False,False,False,26852.11,25811.46,27262.0,,,P2,False
12583,False,False,zone,False,True,False,26544.71,25811.46,27286.625,27286.625,,P2,False
12584,False,False,,False,False,False,26544.71,25811.46,27286.625,,,P2,False
12585,False,False,,False,False,False,26544.71,25811.46,26814.555,,,P2,False
12586,False,False,,False,False,False,26544.71,25811.46,26777.0,,,P2,False
12587,False,False,,False,False,False,26544.71,25811.46,26814.555,,,P2,False
12588,False,False,,False,False,False,26544.71,25811.46,26814.555,,,P2,False
12589,False,False,,False,False,False,26544.71,25811.46,26814.555,,,P2,False
12590,False,False,,False,False,False,26361.2,25811.46,26814.555,,,P2,False
12591,False,False,zone,False,True,False,26361.2,25811.46,26814.555,26814.555,,P2,False
12592,False,False,,False,False,False,26361.2,25811.46,26814.555,,,P2,False
12593,False,False,,False,False,False,26361.2,25811.46,26814.555,,,P2,False
12594,False,False,,False,False,False,26361.2,25811.46,26814.555,,,P2,False
12595,False,False,,False,False,False,26630.0,25811.46,26814.555,,,P2,False
12596,False,False,,False,False,False,26630.0,25811.46,26814.555,,,P2,False
12597,False,False,,False,False,False,26630.0,25811.46,26814.555,,,P2,False
12598,False,False,,False,False,False,26630.0,25811.46,26852.11,,,P2,False
12599,False,False,,False,False,False,26630.0,25811.46,26852.11,,,P2,False
12600,False,False,,False,False,False,26630.0,25811.46,26852.11,,,P2,False
12601,False,False,,False,False,False,26630.0,25811.46,26852.11,,,P2,False
12602,False,False,,False,False,False,26630.0,25811.46,26777.0,,,P2,False
12603,False,False,,False,False,False,26630.0,25811.46,26852.11,,,P2,False
12604,False,False,,False,False,False,26630.0,25811.46,26852.11,,,P2,False
12605,False,False,,False,False,False,26630.0,25811.46,26726.0,,,P2,False
12606,False,False,,False,False,False,26630.0,25811.46,26595.265,,,P2,False
12607,False,False,,False,False,False,26630.0,25811.46,26777.0,,,P2,False
12608,False,False,,False,False,False,26630.0,25811.46,26777.0,,,P2,False
12609,False,False,zone,False,True,False,26630.0,25811.46,26852.11,26852.11,,P2,False
12610,False,False,,False,False,False,26538.21,25811.46,26852.11,,,P2,False
12611,False,False,,False,False,False,26538.21,25811.46,26777.0,,,P2,False
12612,False,False,,False,False,False,26538.21,25811.46,27311.25,,,P2,False
12613,False,False,,False,False,False,26538.21,25811.46,27286.625,,,P2,False
12614,False,False,,False,False,False,26538.21,25811.46,27286.625,,,P2,False
12615,False,False,zone,False,True,False,26538.21,25811.46,27286.625,27286.625,,P2,False
12616,False,False,,False,False,False,26538.21,25811.46,26852.11,,,P2,False
12617,False,False,,False,False,False,26538.21,25811.46,27192.0,,,P2,False
12618,False,False,,False,False,False,26538.21,25811.46,26777.0,,,P2,False
12619,False,False,,False,False,False,26538.21,25811.46,26560.53,,,P2,False
12620,False,False,,False,False,False,26538.21,25811.46,26726.0,,,P2,False
12621,False,False,,False,False,False,26538.21,25811.46,26552.62,,,P2,False
12622,False,False,,False,False,False,26538.21,25811.46,26552.62,,,P2,False
12623,False,False,,False,False,False,26538.21,25811.46,26552.62,,,P2,False
12624,True,False,,False,False,False,26538.21,25811.46,26552.62,,,P2,False
12625,True,False,,False,False,False,26538.21,25811.46,26552.62,,,P2,False
12626,False,False,,False,False,False,26538.21,25811.46,26552.62,,,P2,False
12627,True,False,,False,False,False,26538.21,25811.46,26552.62,,,P2,False
12628,False,False,,False,False,False,25871.89,25811.46,26552.62,,,P2,False
12629,False,False,,False,False,False,25871.89,25811.46,26552.62,,,P2,False
12630,False,False,,False,False,False,25871.89,25811.46,26552.62,,,P2,False
12631,False,False,,False,False,False,25871.89,25811.46,26552.62,,,P2,False
12632,False,False,,False,False,False,25871.89,25811.46,26552.62,,,P2,False
12633,False,False,,False,False,False,25871.89,25811.46,26560.53,,,P2,False
12634,False,False,zone,False,True,False,25871.89,25811.46,26751.5,26751.5,,P2,False
12635,False,False,,False,False,False,25871.89,25811.46,26560.53,,,P2,False
12636,False,False,,False,False,False,25871.89,25811.46,26751.5,,,P2,False
12637,False,False,,False,False,False,25871.89,25811.46,26560.53,,,P2,False
12638,False,False,,False,False,False,25871.89,25811.46,26560.53,,,P2,False
12639,False,False,,False,False,False,25871.89,25811.46,26560.53,,,P2,False
12640,False,False,,False,False,False,25871.89,25811.46,26726.0,,,P2,False
12641,False,False,,False,False,False,25871.89,25811.46,26852.11,,,P2,False
12642,False,False,,False,False,False,25871.89,25811.46,26852.11,,,P2,False
12643,False,False,,False,False,False,26551.0,25811.46,27192.0,,,P2,False
12644,False,False,,False,False,False,26551.0,25811.46,26852.11,,,P2,False
12645,False,False,,False,False,False,26551.0,25811.46,27262.0,,,P2,False
12646,False,False,,False,False,False,26551.0,25811.46,27311.25,,,P2,False
12647,False,False,,False,False,False,26551.0,25811.46,27286.625,,,P2,False
12648,False,False,,False,False,False,26551.0,25811.46,27286.625,,,P2,False
12649,False,False,,False,False,False,26551.0,25811.46,27286.625,,,P2,False
12650,False,False,,False,False,False,26551.0,25811.46,27286.625,,,P2,False
12651,False,False,,False,False,False,26551.0,25811.46,27286.625,,,P2,False
12652,False,False,,False,False,False,26551.0,25811.46,27286.625,,,P2,False
12653,False,False,,False,False,False,26551.0,25811.46,27286.625,,,P2,False
12654,False,False,,False,False,False,26551.0,25811.46,27286.625,,,P2,False
12655,False,False,,False,False,False,26551.0,25811.46,27286.625,,,P2,False
12656,False,False,,False,False,False,27524.6,25811.46,27286.625,,,P2,False
12657,False,False,,False,False,False,27524.6,25811.46,27286.625,,,P2,False
12658,False,False,,False,False,False,27524.6,25811.46,27286.625,,,P2,False
12659,False,False,,False,False,False,27524.6,25811.46,27286.625,,,P2,False
12660,False,False,,False,False,False,27524.6,25811.46,27286.625,,,P2,False
12661,False,False,,False,False,False,27524.6,25811.46,26814.555,,,P2,False
12662,False,False,,False,False,False,27524.6,25811.46,26814.555,,,P2,False
12663,False,False,,False,False,False,27524.6,25811.46,26814.555,,,P2,False
12664,False,False,,False,False,False,27524.6,25811.46,26814.555,,,P2,False
12665,False,False,,False,False,False,27524.6,25811.46,26814.555,,,P2,False
12666,False,False,,False,False,False,27524.6,25811.46,26751.5,,,P2,False
12667,False,False,,False,False,False,27524.6,25811.46,26777.0,,,P2,False
12668,False,False,,False,False,False,27524.6,25811.46,26814.555,,,P2,False
12669,False,False,,False,False,False,27524.6,25811.46,26814.555,,,P2,False
12670,False,False,zone,False,True,False,26605.05,25811.46,26814.555,26814.555,,P2,False
12671,False,False,,False,False,False,26605.05,25811.46,26814.555,,,P2,False
12672,False,False,swing|zone,False,True,False,26605.05,25811.46,26814.555,26814.555,,P2,False
12673,False,False,,False,False,False,26605.05,25871.89,26814.555,,,P2,False
12674,False,False,,False,False,False,26605.05,25871.89,26814.555,,,P2,False
12675,False,False,,False,False,False,26605.05,25871.89,26814.555,,,P2,False
12676,False,False,,False,False,False,26505.0,25871.89,27235.0,,,P2,False
12677,False,False,,False,False,False,26505.0,25871.89,27235.0,,,P2,False
12678,False,False,,False,False,False,26505.0,25871.89,26814.555,,,P2,False
12679,False,False,,False,False,False,26505.0,25871.89,26814.555,,,P2,False
12680,False,False,,False,False,False,26505.0,25871.89,26814.555,,,P2,False
12681,False,False,,False,False,False,26505.0,25871.89,27262.0,,,P2,False
12682,False,False,,False,False,False,26505.0,25871.89,26814.555,,,P2,False
12683,False,False,,False,False,False,26505.0,25871.89,26777.0,,,P2,False
12684,False,False,,False,False,False,26505.0,25871.89,26777.0,,,P2,False
12685,False,False,,False,False,False,26505.0,25871.89,26777.0,,,P2,False
12686,False,False,,False,False,False,26505.0,25871.89,26777.0,,,P2,False
12687,False,False,,False,False,False,26914.93,25871.89,26852.11,,,P2,False
12688,False,False,,False,False,False,26914.93,25871.89,26852.11,,,P2,False
12689,False,False,,False,False,False,26914.93,25871.89,26852.11,,,P2,False
12690,False,False,,False,False,False,26914.93,25871.89,26777.0,,,P2,False
12691,False,False,,False,False,False,26914.93,25871.89,26777.0,,,P2,False
12692,False,False,,False,False,False,26914.93,25871.89,26726.0,,,P2,False
12693,False,False,,False,False,False,26914.93,25871.89,26547.855,,,P2,False
12694,False,False,,False,False,False,26914.93,25871.89,26551.0,,,P2,False
12695,False,False,,False,False,False,26914.93,25871.89,26547.855,,,P2,False
12696,False,False,,False,False,False,26914.93,25871.89,26547.855,,,P2,False
12697,False,False,,False,False,False,26914.93,25388.0,26547.855,,,P2,False
12698,False,False,,False,False,False,25388.0,25388.0,26551.0,,,P2,False
12699,False,False,,False,False,False,25388.0,25388.0,26551.0,,,P2,False
12700,False,False,,False,False,False,25388.0,25388.0,26852.11,,,P2,False
12701,False,False,,False,False,False,25388.0,25388.0,26852.11,,,P2,False
12702,False,False,,False,False,False,25388.0,25351.02,26814.555,,,P2,False
12703,False,False,,False,False,False,25351.02,25351.02,26751.5,,,P2,False
12704,False,False,zone,False,True,False,25351.02,25351.02,26814.555,26814.555,,P2,False
12705,False,False,,False,False,False,25351.02,25351.02,26541.46,,,P2,False
12706,False,False,,False,False,False,25351.02,25351.02,26541.46,,,P2,False
12707,False,False,,False,False,False,25351.02,25351.02,26541.46,,,P2,False
12708,False,False,,False,False,False,25351.02,25351.02,26541.46,,,P2,False
12709,False,False,,False,False,False,25351.02,25351.02,26541.46,,,P2,False
12710,False,False,,False,False,False,25351.02,25351.02,26538.21,,,P2,False
12711,False,False,,False,False,False,26125.01,25351.02,26617.525,,,P2,False
12712,False,False,,False,False,False,26125.01,25351.02,26538.21,,,P2,False
12713,False,False,,False,False,False,26125.01,25351.02,26521.605,,,P2,False
12714,False,False,,False,False,False,26125.01,25351.02,26505.0,,,P2,False
12715,False,False,,False,False,False,26125.01,25351.02,26505.0,,,P2,False
12716,False,False,,False,False,False,26125.01,25351.02,26560.53,,,P2,False
12717,False,False,,False,False,False,26125.01,25351.02,26547.855,,,P2,False
12718,False,False,,False,False,False,26269.91,25351.02,26361.2,,,P2,False
12719,False,False,,False,False,False,26269.91,25351.02,26361.2,,,P2,False
12720,False,False,,False,False,False,26269.91,25351.02,26269.91,,,P2,False
12721,False,False,,False,False,False,26269.91,25351.02,26269.91,,,P2,False
12722,False,False,,False,False,False,26269.91,25351.02,26269.91,,,P2,False
12723,False,False,,False,False,False,26269.91,25351.02,26269.91,,,P2,False
12724,False,False,,False,False,False,26269.91,25351.02,26269.91,,,P2,False
12725,False,False,,False,False,False,26269.91,25351.02,26269.91,,,P2,False
12726,False,False,,False,False,False,26269.91,25351.02,26269.91,,,P2,False
12727,False,False,,False,False,False,26269.91,25351.02,26269.91,,,P2,False
12728,False,False,,False,False,False,25358.0,25351.02,25358.0,,,P2,False
12729,False,False,,False,False,False,25358.0,25351.02,25358.0,,,P2,False
12730,False,False,,False,False,False,25358.0,25351.02,25358.0,,,P2,False
12731,False,False,,False,False,False,25358.0,25351.02,25358.0,,,P2,False
12732,False,False,,False,False,False,25358.0,25351.02,25358.0,,,P2,False
12733,False,False,,False,False,False,25358.0,25351.02,25358.0,,,P2,False
12734,False,False,,False,False,False,25358.0,25351.02,25358.0,,,P2,False
12735,False,False,,False,False,False,25358.0,25351.02,25358.0,,,P2,False
12736,False,False,,False,False,False,25602.11,25351.02,25358.0,,,P2,False
12737,False,False,,False,False,False,25602.11,25351.02,25358.0,,,P2,False
12738,False,False,,False,False,False,25602.11,25351.02,25358.0,,,P2,False
12739,False,False,,False,False,False,25602.11,25351.02,25358.0,,,P2,False
12740,False,False,,False,False,False,25652.04,25351.02,25358.0,,,P2,False
12741,False,False,,False,False,False,25652.04,25351.02,25358.0,,,P2,False
12742,False,False,,False,False,False,25652.04,25351.02,25358.0,,,P2,False
12743,False,False,,False,False,False,25652.04,25351.02,25358.0,,,P2,False
12744,False,False,,False,False,False,25652.04,25351.02,25358.0,,,P2,False
12745,False,False,,False,False,False,25712.57,25351.02,25811.46,,,P2,False
12746,False,False,,False,False,False,25712.57,25351.02,25811.46,,,P2,False
12747,False,False,,False,False,False,25712.57,25351.02,25811.46,,,P2,False
12748,False,False,,False,False,False,25712.57,25351.02,25811.46,,,P2,False
12749,False,False,,False,False,False,25712.57,25351.02,25358.0,,,P2,False
12750,False,False,,False,False,False,25712.57,25351.02,25358.0,,,P2,False
12751,True,False,,False,False,False,25712.57,25351.02,25358.0,,,P2,False
12752,True,False,,False,False,False,25712.57,24820.56,25358.0,,,P2,False
12753,True,False,,False,False,False,25712.57,24820.56,25358.0,,,P2,False
12754,False,False,,False,False,False,25712.57,24820.56,25358.0,,,P2,False
12755,False,False,zone,False,True,False,25712.57,24800.0,25358.0,25358.0,,P2,False
12756,False,False,,False,False,False,24800.0,24800.0,25358.0,,,P2,False
12757,False,False,,False,False,False,24800.0,24800.0,25358.0,,,P2,False
12758,False,False,,False,False,False,24800.0,24800.0,25358.0,,,P2,False
12759,False,False,,False,False,False,24800.0,24800.0,25811.46,,,P2,False
12760,False,False,,False,False,False,24800.0,24800.0,26361.2,,,P2,False
12761,False,False,,False,False,False,24800.0,24800.0,26269.91,,,P2,False
12762,False,False,,False,False,False,24800.0,24800.0,25811.46,,,P2,False
12763,False,False,,False,False,False,25175.56,24800.0,26560.53,,,P2,False
12764,False,False,,False,False,False,25175.56,24800.0,26361.2,,,P2,False
12765,False,False,,False,False,False,25175.56,24800.0,26361.2,,,P2,False
12766,False,False,,False,False,False,25175.56,24800.0,26361.2,,,P2,False
12767,False,False,,False,False,False,25175.56,24800.0,26361.2,,,P2,False
12768,False,False,,False,False,False,25175.56,24800.0,26547.855,,,P2,False
12769,False,False,,False,False,False,25175.56,24800.0,26560.53,,,P2,False
12770,False,False,,False,False,False,25175.56,24800.0,26361.2,,,P2,False
12771,False,False,,False,False,False,25175.56,24800.0,26555.765,,,P2,False
12772,False,False,,False,False,False,25175.56,24800.0,26555.765,,,P2,False
12773,False,False,,False,False,False,25175.56,24800.0,25811.46,,,P2,False
12774,False,False,,False,False,False,25175.56,24800.0,25811.46,,,P2,False
12775,False,False,,False,False,False,25175.56,24800.0,25811.46,,,P2,False
12776,False,False,,False,False,False,25175.56,24800.0,25811.46,,,P2,False
12777,False,False,,False,False,False,26255.85,24800.0,26269.91,,,P2,False
12778,False,False,,False,False,False,26255.85,24800.0,26678.0,,,P2,False
12779,False,False,,False,False,False,26255.85,24800.0,26678.0,,,P2,False
12780,False,False,,False,False,False,26255.85,24800.0,26852.11,,,P2,False
12781,False,False,,False,False,False,26255.85,24800.0,26678.0,,,P2,False
12782,False,False,,False,False,False,26308.45,24800.0,26852.11,,,P2,False
12783,False,False,zone,False,True,False,26308.45,24800.0,26852.11,26852.11,,P2,False
12784,False,False,,False,False,False,26308.45,24800.0,26852.11,,,P2,False
12785,False,False,,False,False,False,26308.45,24800.0,26852.11,,,P2,False
12786,False,False,,False,False,False,26308.45,24800.0,26852.11,,,P2,False
12787,False,False,,False,False,False,26652.0,24800.0,26852.11,,,P2,False
12788,False,False,,False,False,False,26652.0,24800.0,26852.11,,,P2,False
12789,False,False,,False,False,False,26652.0,24800.0,26852.11,,,P2,False
12790,False,False,,False,False,False,26652.0,24800.0,26852.11,,,P2,False
12791,False,False,,False,False,False,26652.0,24800.0,26852.11,,,P2,False
12792,False,False,,False,False,False,26652.0,24800.0,26852.11,,,P2,False
12793,False,False,,False,False,False,26652.0,24800.0,26852.11,,,P2,False
12794,False,False,,False,False,False,26652.0,24800.0,26852.11,,,P2,False
12795,False,False,,False,False,False,26652.0,24800.0,26852.11,,,P2,False
12796,False,False,,False,False,False,26652.0,24800.0,26852.11,,,P2,False
12797,False,False,,False,False,False,26652.0,24800.0,26852.11,,,P2,False
12798,False,False,,False,False,False,26652.0,24800.0,26852.11,,,P2,False
12799,False,False,,False,False,False,29525.61,24800.0,26852.11,,,P2,False
12800,False,False,,False,False,False,29525.61,24800.0,26852.11,,,P2,False
12801,False,False,,False,False,False,29525.61,24800.0,26852.11,,,P2,False
12802,False,False,,False,False,False,29525.61,24800.0,26852.11,,,P2,False
12803,False,False,,False,False,False,29525.61,24800.0,26789.055,,,P2,False
12804,False,False,,False,False,False,29525.61,24800.0,26789.055,,,P2,False
12805,False,False,,False,False,False,29525.61,24800.0,26652.0,,,P2,False
12806,False,False,,False,False,False,29525.61,24800.0,26652.0,,,P2,False
12807,False,False,,False,False,False,29525.61,24800.0,26752.055,,,P2,False
12808,False,False,,False,False,False,29525.61,24800.0,26752.055,,,P2,False
12809,False,False,,False,False,False,29525.61,24800.0,26752.055,,,P2,False
12810,False,False,,False,False,False,29525.61,24800.0,26752.055,,,P2,False
12811,False,False,,False,False,False,29525.61,24800.0,26551.0,,,P2,False
12812,False,False,,False,False,False,30250.0,24800.0,26551.0,,,P2,False
12813,False,False,,False,False,False,30250.0,24800.0,26551.0,,,P2,False
12814,False,False,,False,False,False,30250.0,24800.0,26551.0,,,P2,False
12815,False,False,,False,False,False,30250.0,24800.0,26551.0,,,P2,False
12816,False,False,swing,False,True,False,30250.0,24800.0,26551.0,30250.0,,P2,False
12817,False,False,,False,False,False,30250.0,24800.0,26551.0,,,P2,False
12818,False,False,,False,False,False,30250.0,24800.0,26551.0,,,P2,False
12819,False,False,,False,False,False,30250.0,24800.0,26551.0,,,P2,False
12820,False,False,swing,False,True,False,29963.6,24800.0,26578.025,29963.6,,P2,False
12821,False,False,,False,False,False,29963.6,24800.0,26578.025,,,P2,False
12822,False,False,,False,False,False,29963.6,24800.0,26578.025,,,P2,False
12823,False,False,,False,False,False,29963.6,24800.0,26578.025,,,P2,False
12824,False,False,,False,False,False,29930.0,24800.0,26578.025,,,P2,False
12825,False,False,,False,False,False,29930.0,24800.0,26578.025,,,P2,False
12826,False,False,,False,False,False,29930.0,24800.0,26578.025,,,P2,False
12827,False,False,,False,False,False,29930.0,24800.0,26578.025,,,P2,False
12828,False,False,,False,False,False,29930.0,24800.0,26578.025,,,P2,False
12829,False,False,,False,False,False,29930.0,24800.0,26578.025,,,P2,False
12830,False,False,,False,False,False,29930.0,24800.0,26578.025,,,P2,False
12831,False,False,,False,False,False,29930.0,24800.0,26578.025,,,P2,False
12832,False,False,,False,False,False,29930.0,24800.0,26551.0,,,P2,False
12833,False,False,,False,False,False,29930.0,24800.0,26551.0,,,P2,False
12834,False,False,,False,False,False,29930.0,24800.0,26551.0,,,P2,False
12835,False,False,,False,False,False,29930.0,24800.0,26551.0,,,P2,False
12836,False,False,,False,False,False,29858.8,24800.0,29930.0,,,P2,False
12837,False,False,,False,False,False,29858.8,24800.0,29930.0,,,P2,False
12838,False,False,,False,False,False,29858.8,24800.0,29930.0,,,P2,False
12839,False,False,,False,False,False,29858.8,24800.0,29930.0,,,P2,False
12840,False,False,,False,False,False,29858.8,24800.0,29930.0,,,P2,False
12841,False,False,,False,False,False,29858.8,24800.0,29930.0,,,P2,False
12842,False,False,,False,False,False,29858.8,24800.0,29930.0,,,P2,False
12843,False,False,,False,False,False,30250.0,24800.0,29930.0,,,P2,False
12844,False,False,,False,False,False,30250.0,24800.0,29930.0,,,P2,False
12845,False,False,,False,False,False,30250.0,24800.0,29930.0,,,P2,False
12846,False,False,,False,False,False,30250.0,24800.0,29930.0,,,P2,False
12847,False,False,,False,False,False,29500.0,24800.0,29930.0,,,P2,False
12848,False,False,,False,False,False,29500.0,24800.0,29930.0,,,P2,False
12849,False,False,,False,False,False,29500.0,24800.0,29930.0,,,P2,False
12850,False,False,,False,False,False,29500.0,24800.0,29930.0,,,P2,False
12851,False,False,,False,False,False,29500.0,24800.0,29930.0,,,P2,False
12852,False,False,,False,False,False,29500.0,24800.0,29930.0,,,P2,False
12853,False,False,,False,False,False,29500.0,24800.0,29930.0,,,P2,False
12854,False,False,,False,False,False,29500.0,24800.0,29930.0,,,P2,False
12855,False,False,,False,False,False,29500.0,24800.0,29930.0,,,P2,False
12856,False,False,,False,False,False,29500.0,24800.0,29930.0,,,P2,False
12857,False,False,,False,False,False,29500.0,24800.0,29930.0,,,P2,False
12858,False,False,,False,False,False,29500.0,24800.0,29930.0,,,P2,False
12859,False,False,,False,False,False,30155.0,24800.0,30250.0,,,P2,False
12860,False,False,,False,False,False,30155.0,24800.0,30250.0,,,P2,False
12861,False,False,,False,False,False,30155.0,24800.0,30250.0,,,P2,False
12862,False,False,,False,False,False,30155.0,24800.0,30250.0,,,P2,False
12863,False,False,,False,False,False,30155.0,24800.0,30250.0,,,P2,False
12864,False,False,,False,False,False,30155.0,24800.0,30250.0,,,P2,False
12865,False,False,,False,False,False,30570.27,24800.0,30250.0,,,P2,False
12866,False,False,,False,False,False,30570.27,24800.0,30250.0,,,P2,False
12867,False,False,,False,False,False,30570.27,24800.0,30250.0,,,P2,False
12868,False,False,,False,False,False,30570.27,24800.0,30250.0,,,P2,False
12869,False,False,,False,False,False,30570.27,24800.0,30250.0,,,P2,False
12870,False,False,,False,False,False,30570.27,24800.0,30250.0,,,P2,False
12871,False,False,,False,False,False,30570.27,24800.0,30250.0,,,P2,False
12872,False,False,,False,False,False,30620.0,24800.0,30250.0,,,P2,False
12873,False,False,zone,False,True,False,30620.0,24800.0,30250.0,30250.0,,P2,False
12874,False,False,,False,False,False,30620.0,24800.0,30250.0,,,P2,False
12875,False,False,,False,False,False,30620.0,24921.11,30250.0,,,P2,False
12876,False,False,,False,False,False,30620.0,24929.0,30250.0,,,P2,False
12877,False,False,,False,False,False,30200.0,25175.56,30225.0,,,P2,False
12878,False,False,,False,False,False,30200.0,25175.56,30225.0,,,P2,False
12879,False,False,,False,False,False,30200.0,25175.56,30225.0,,,P2,False
12880,False,False,,False,False,False,30200.0,25175.56,30225.0,,,P2,False
12881,False,False,,False,False,False,30200.0,25175.56,26605.05,,,P2,False
12882,False,False,,False,False,False,30200.0,25774.02,29930.0,,,P2,False
12883,False,False,,False,False,False,30200.0,26181.0,29946.8,,,P2,False
12884,False,False,,False,False,False,30200.0,26181.0,29946.8,,,P2,False
12885,False,False,,False,False,False,30200.0,26246.0,30225.0,,,P2,False
12886,False,False,,False,False,False,29701.02,26255.85,30225.0,,,P2,False
12887,False,False,,False,False,False,29701.02,26255.85,30225.0,,,P2,False
12888,False,False,,False,False,False,29701.02,26255.85,30225.0,,,P2,False
12889,False,False,,False,False,False,29701.02,26255.85,29930.0,,,P2,False
12890,False,False,,False,False,False,29701.02,26255.85,29930.0,,,P2,False
12891,False,False,,False,False,False,29701.02,26255.85,29930.0,,,P2,False
12892,False,False,,False,False,False,29701.02,26255.85,29930.0,,,P2,False
12893,False,False,,False,False,False,29701.02,26255.85,30225.0,,,P2,False
12894,False,False,,False,False,False,29701.02,26255.85,30225.0,,,P2,False
12895,False,False,,False,False,False,29701.02,26255.85,30225.0,,,P2,False
12896,False,False,,False,False,False,30044.47,26256.61,30225.0,,,P2,False
12897,False,False,,False,False,False,30044.47,26308.45,30225.0,,,P2,False
12898,False,False,,False,False,False,30044.47,26308.45,30225.0,,,P2,False
12899,False,False,,False,False,False,30044.47,26308.45,30004.035,,,P2,False
12900,False,False,swing|zone,False,True,False,30044.47,26308.45,30004.035,30044.47,,P2,False
12901,False,False,,False,False,False,30044.47,26652.0,30004.035,,,P2,False
12902,False,False,,False,False,False,30044.47,26652.0,30225.0,,,P2,False
12903,False,False,,False,False,False,30044.47,26652.0,30225.0,,,P2,False
12904,False,False,,False,False,False,29950.0,26652.0,30225.0,,,P2,False
12905,False,False,,False,False,False,29950.0,26652.0,30225.0,,,P2,False
12906,False,False,,False,False,False,29950.0,27001.73,30225.0,,,P2,False
12907,False,False,,False,False,False,29950.0,27872.0,30225.0,,,P2,False
12908,False,False,,False,False,False,29950.0,28257.99,30225.0,,,P2,False
12909,False,False,,False,False,False,29950.0,28680.0,30225.0,,,P2,False
12910,False,False,,False,False,False,29950.0,28787.7,30225.0,,,P2,False
12911,False,False,,False,False,False,29950.0,28875.81,30225.0,,,P2,False
12912,False,False,,False,False,False,29950.0,29500.0,30225.0,,,P2,False
12913,False,False,,False,False,False,30300.0,29500.0,30250.0,,,P2,False
12914,False,False,,False,False,False,30300.0,29500.0,30250.0,,,P2,False
12915,False,False,,False,False,False,30300.0,29500.0,30250.0,,,P2,False
12916,False,False,,False,False,False,30300.0,29500.0,30250.0,,,P2,False
12917,False,False,,False,False,False,30300.0,29500.0,30250.0,,,P2,False
12918,False,False,,False,False,False,30300.0,29500.0,30250.0,,,P2,False
12919,False,False,,False,False,False,30300.0,29500.0,30250.0,,,P2,False
12920,False,False,,False,False,False,30210.0,29500.0,30250.0,,,P2,False
12921,False,False,,False,False,False,30210.0,29500.0,30250.0,,,P2,False
12922,False,False,,False,False,False,30210.0,29500.0,30230.0,,,P2,False
12923,False,False,,False,False,False,30210.0,29500.0,30230.0,,,P2,False
12924,False,False,,False,False,False,30210.0,29500.0,30230.0,,,P2,False
12925,False,False,,False,False,False,30210.0,29500.0,30230.0,,,P2,False
12926,False,False,,False,False,False,30210.0,29500.0,30230.0,,,P2,False
12927,False,False,,False,False,False,30210.0,29500.0,30230.0,,,P2,False
12928,False,False,,False,False,False,30210.0,29500.0,30044.47,,,P2,False
12929,False,False,,False,False,False,30210.0,29500.0,30230.0,,,P2,False
12930,False,False,,False,False,False,30210.0,29500.0,30230.0,,,P2,False
12931,False,False,,False,False,False,30210.0,29500.0,30230.0,,,P2,False
12932,False,False,,False,False,False,29900.0,29500.0,30230.0,,,P2,False
12933,False,False,,False,False,False,29900.0,29500.0,30230.0,,,P2,False
12934,False,False,,False,False,False,29900.0,29500.0,30230.0,,,P2,False
12935,False,False,,False,False,False,29900.0,29500.0,30230.0,,,P2,False
12936,False,False,,False,False,False,29900.0,29500.0,29963.6,,,P2,False
12937,False,False,,False,False,False,29900.0,29500.0,30230.0,,,P2,False
12938,False,False,,False,False,False,29900.0,29500.0,30230.0,,,P2,False
12939,False,False,,False,False,False,29900.0,29500.0,30250.0,,,P2,False
12940,False,False,,False,False,False,30064.29,29500.0,30250.0,,,P2,False
12941,False,False,,False,False,False,30064.29,29500.0,30230.0,,,P2,False
12942,False,False,,False,False,False,30064.29,29500.0,30250.0,,,P2,False
12943,False,False,,False,False,False,30064.29,29500.0,30250.0,,,P2,False
12944,False,False,swing|zone,False,True,False,30064.29,29500.0,30044.47,30064.29,,P2,False
12945,False,False,swing,False,True,False,30064.29,29500.0,30044.47,30064.29,,P2,False
12946,False,False,,False,False,False,30064.29,29500.0,26269.91,,,P2,False
12947,False,False,,False,False,False,30064.29,29500.0,30044.47,,,P2,False
12948,False,False,,False,False,False,30064.29,29500.0,30044.47,,,P2,False
12949,False,False,,False,False,False,30064.29,29500.0,29950.0,,,P2,False
12950,False,False,,False,False,False,29659.2,29500.0,29659.2,,,P2,False
12951,False,False,,False,False,False,29659.2,29500.0,29659.2,,,P2,False
12952,False,False,,False,False,False,29659.2,29500.0,29659.2,,,P2,False
12953,False,False,,False,False,False,29659.2,29500.0,29659.2,,,P2,False
12954,False,False,,False,False,False,29659.2,29500.0,30044.47,,,P2,False
12955,False,False,,False,False,False,29659.2,29500.0,29950.0,,,P2,False
12956,False,False,,False,False,False,29512.0,29500.0,30004.035,,,P2,False
12957,False,False,zone,False,True,False,29512.0,29500.0,29950.0,29950.0,,P2,False
12958,False,False,,False,False,False,29512.0,29500.0,30004.035,,,P2,False
12959,False,False,,False,False,False,29512.0,29500.0,29659.2,,,P2,False
12960,False,False,,False,False,False,29512.0,29500.0,29930.0,,,P2,False
12961,False,False,,False,False,False,29761.96,29500.0,30200.0,,,P2,False
12962,False,False,,False,False,False,29761.96,29500.0,30250.0,,,P2,False
12963,False,False,,False,False,False,29761.96,29500.0,29731.489999999998,,,P2,False
12964,False,False,zone,False,True,False,29761.96,29500.0,29701.02,29701.02,,P2,False
12965,False,False,,False,False,False,29761.96,29500.0,29761.96,,,P2,False
12966,False,False,,False,False,False,29761.96,29512.0,29761.96,,,P2,False
12967,False,False,,False,False,False,29761.96,29512.0,29761.96,,,P2,False
12968,False,False,,False,False,False,29570.96,29512.0,29761.96,,,P2,False
12969,False,False,,False,False,False,29570.96,29512.0,29731.489999999998,,,P2,False
12970,False,False,,False,False,False,29570.96,29512.0,29731.489999999998,,,P2,False
12971,False,False,,False,False,False,29570.96,29512.0,29731.489999999998,,,P2,False
12972,False,False,,False,False,False,29570.96,29512.0,29731.489999999998,,,P2,False
12973,False,False,,False,False,False,29570.96,29512.0,29940.0,,,P2,False
12974,False,False,,False,False,False,29570.96,29512.0,29731.489999999998,,,P2,False
12975,False,False,,False,False,False,29570.96,29512.0,29731.489999999998,,,P2,False
12976,False,False,,False,False,False,29570.96,29512.0,29731.489999999998,,,P2,False
12977,False,False,zone,False,True,False,29570.96,29512.0,29731.489999999998,29731.489999999998,,P2,False
12978,False,False,,False,False,False,29570.96,29512.0,29731.489999999998,,,P2,False
12979,False,False,,False,False,False,29570.96,29512.0,29900.0,,,P2,False
12980,False,False,,False,False,False,29570.96,29512.0,29761.96,,,P2,False
12981,False,False,,False,False,False,29625.1,29512.0,29680.11,,,P2,False
12982,False,False,,False,False,False,29625.1,29512.0,30064.29,,,P2,False
12983,False,False,zone,False,True,False,29625.1,29512.0,30064.29,30064.29,,P2,False
12984,False,False,,False,False,False,29625.1,29512.0,29680.11,,,P2,False
12985,False,False,,False,False,False,29625.1,29512.0,29731.489999999998,,,P2,False
12986,False,False,,False,False,False,29625.1,29512.0,29518.805,,,P2,False
12987,False,False,,False,False,False,29625.1,29512.0,29525.61,,,P2,False
12988,False,False,,False,False,False,29625.1,29512.0,29525.61,,,P2,False
12989,False,False,,False,False,False,29625.1,29000.0,29525.61,,,P2,False
12990,False,False,,False,False,False,29625.1,28861.9,29525.61,,,P2,False
12991,False,False,,False,False,False,28861.9,28861.9,29518.805,,,P2,False
12992,False,False,,False,False,False,28861.9,28861.9,29518.805,,,P2,False
12993,False,False,,False,False,False,28861.9,28861.9,29518.805,,,P2,False
12994,False,False,,False,False,False,28861.9,28861.9,29518.805,,,P2,False
12995,False,False,,False,False,False,28861.9,28861.9,29518.805,,,P2,False
12996,False,False,,False,False,False,28861.9,28861.9,29518.805,,,P2,False
12997,False,False,,False,False,False,28861.9,28861.9,29518.805,,,P2,False
12998,False,False,,False,False,False,28861.9,28861.9,29518.805,,,P2,False
12999,False,False,,False,False,False,28861.9,28861.9,29518.805,,,P2,False
13000,False,False,,False,False,False,28861.9,28861.9,29518.805,,,P2,False
13001,False,False,,False,False,False,28861.9,28861.9,29518.805,,,P2,False
13002,False,False,,False,False,False,28861.9,28861.9,29518.805,,,P2,False
13003,False,False,,False,False,False,28861.9,28861.9,29518.805,,,P2,False
13004,False,False,,False,False,False,28861.9,28861.9,29518.805,,,P2,False
13005,False,False,,False,False,False,28861.9,28861.9,29518.805,,,P2,False
13006,False,False,,False,False,False,28861.9,28861.9,29518.805,,,P2,False
13007,False,False,,False,False,False,28861.9,28861.9,29518.805,,,P2,False
13008,False,False,,False,False,False,28861.9,28861.9,29518.805,,,P2,False
13009,False,False,,False,False,False,28861.9,28861.9,29518.805,,,P2,False
13010,False,False,,False,False,False,29083.85,28861.9,29518.805,,,P2,False
13011,False,False,,False,False,False,29083.85,28861.9,29518.805,,,P2,False
13012,False,False,,False,False,False,29083.85,28861.9,29518.805,,,P2,False
13013,False,False,,False,False,False,29083.85,28861.9,29518.805,,,P2,False
13014,False,False,,False,False,False,29123.12,28861.9,29518.805,,,P2,False
13015,False,False,,False,False,False,29123.12,28861.9,29518.805,,,P2,False
13016,False,False,,False,False,False,29123.12,28861.9,29518.805,,,P2,False
13017,False,False,,False,False,False,29123.12,28861.9,29518.805,,,P2,False
13018,False,False,,False,False,False,29123.12,28861.9,29518.805,,,P2,False
13019,False,False,,False,False,False,29123.12,28861.9,29518.805,,,P2,False
13020,False,False,,False,False,False,29256.18,28861.9,29518.805,,,P2,False
13021,False,False,,False,False,False,29256.18,28861.9,29518.805,,,P2,False
13022,False,False,,False,False,False,29256.18,28861.9,29512.0,,,P2,False
13023,False,False,,False,False,False,29256.18,28861.9,29512.0,,,P2,False
13024,False,False,,False,False,False,29256.18,28861.9,29512.0,,,P2,False
13025,False,False,swing,False,True,False,29256.18,28861.9,29518.805,29256.18,,P2,False
13026,False,False,,False,False,False,29256.18,28861.9,29518.805,,,P2,False
13027,False,False,,False,False,False,29256.18,28861.9,29518.805,,,P2,False
13028,False,False,,False,False,False,29256.18,28861.9,29518.805,,,P2,False
13029,False,False,,False,False,False,29033.24,28861.9,29083.85,,,P2,False
13030,False,False,,False,False,False,29033.24,28861.9,29083.85,,,P2,False
13031,False,False,,False,False,False,29033.24,28861.9,29083.85,,,P2,False
13032,False,False,,False,False,False,29033.24,28861.9,29083.85,,,P2,False
13033,False,False,,False,False,False,29033.24,28861.9,29083.85,,,P2,False
13034,False,False,,False,False,False,29033.24,28861.9,29083.85,,,P2,False
13035,False,False,nbar,False,True,True,29033.24,28720.0,29083.85,28720.0,28720.0,P2,False
13036,False,False,,False,False,False,29033.24,28720.0,29083.85,,,P2,False
13037,False,False,,False,False,False,29033.24,28720.0,29680.11,,,P2,False
13038,False,False,,False,False,False,29033.24,28585.7,29625.1,,,P2,False
13039,False,False,,False,False,False,28585.7,28585.7,29570.96,,,P2,False
13040,False,False,zone,False,True,False,28585.7,28585.7,29541.48,29541.48,,P2,False
13041,False,False,,False,False,False,28585.7,28585.7,29083.85,,,P2,False
13042,False,False,,False,False,False,28585.7,28585.7,29083.85,,,P2,False
13043,False,False,,False,False,False,28585.7,28585.7,29103.485,,,P2,False
13044,False,False,,False,False,False,28585.7,28585.7,29103.485,,,P2,False
13045,False,False,,False,False,False,28585.7,28585.7,29083.85,,,P2,False
13046,False,False,,False,False,False,28927.5,28585.7,29083.85,,,P2,False
13047,False,False,,False,False,False,28927.5,28585.7,29083.85,,,P2,False
13048,False,False,,False,False,False,28927.5,28585.7,29083.85,,,P2,False
13049,False,False,,False,False,False,28927.5,28585.7,29083.85,,,P2,False
13050,False,False,,False,False,False,28968.0,28585.7,29083.85,,,P2,False
13051,False,False,,False,False,False,28968.0,28585.7,29083.85,,,P2,False
13052,False,False,,False,False,False,28968.0,28585.7,29083.85,,,P2,False
13053,False,False,,False,False,False,28968.0,28585.7,29083.85,,,P2,False
13054,False,False,,False,False,False,28968.0,28585.7,28947.75,,,P2,False
13055,False,False,swing|zone,False,True,False,28968.0,28585.7,29083.85,29083.85,,P2,False
13056,False,False,,False,False,False,28968.0,28585.7,29083.85,,,P2,False
13057,False,False,,False,False,False,28968.0,28585.7,29033.24,,,P2,False
13058,False,False,,False,False,False,28968.0,28585.7,29033.24,,,P2,False
13059,False,False,,False,False,False,28807.54,28585.7,28968.0,,,P2,False
13060,False,False,,False,False,False,28807.54,28585.7,29058.545,,,P2,False
13061,False,False,,False,False,False,28807.54,28585.7,29058.545,,,P2,False
13062,False,False,,False,False,False,28807.54,28585.7,29033.24,,,P2,False
13063,False,False,,False,False,False,28978.64,28585.7,29083.85,,,P2,False
13064,False,False,,False,False,False,28978.64,28585.7,29005.940000000002,,,P2,False
13065,False,False,,False,False,False,28978.64,28585.7,29005.940000000002,,,P2,False
13066,False,False,,False,False,False,28978.64,28585.7,29083.85,,,P2,False
13067,False,False,,False,False,False,28978.64,28585.7,29083.85,,,P2,False
13068,False,False,,False,False,False,28978.64,28585.7,29083.85,,,P2,False
13069,False,False,,False,False,False,28991.88,28585.7,29083.85,,,P2,False
13070,False,False,,False,False,False,28991.88,28585.7,29083.85,,,P2,False
13071,False,False,,False,False,False,28991.88,28585.7,28861.9,,,P2,False
13072,False,False,,False,False,False,28991.88,28585.7,29083.85,,,P2,False
13073,False,False,,False,False,False,28991.88,28585.7,29083.85,,,P2,False
13074,False,False,,False,False,False,28991.88,28585.7,29083.85,,,P2,False
13075,False,False,,False,False,False,28991.88,28585.7,29083.85,,,P2,False
13076,False,False,,False,False,False,28701.03,28585.7,29083.85,,,P2,False
13077,False,False,,False,False,False,28701.03,28585.7,29512.0,,,P2,False
13078,False,False,,False,False,False,28701.03,28585.7,29680.11,,,P2,False
13079,False,False,,False,False,False,28701.03,28585.7,29701.02,,,P2,False
13080,False,False,,False,False,False,28701.03,28585.7,29701.02,,,P2,False
13081,False,False,,False,False,False,28701.03,28585.7,29701.02,,,P2,False
13082,False,False,,False,False,False,28701.03,28585.7,29701.02,,,P2,False
13083,False,False,,False,False,False,28701.03,28585.7,29701.02,,,P2,False
13084,False,False,,False,False,False,28701.03,28585.7,29083.85,,,P2,False
13085,False,False,,False,False,False,28701.03,28585.7,29570.96,,,P2,False
13086,False,False,,False,False,False,28701.03,28585.7,29570.96,,,P2,False
13087,False,False,,False,False,False,28701.03,28585.7,29083.85,,,P2,False
13088,False,False,,False,False,False,28701.03,28585.7,29083.85,,,P2,False
13089,False,False,,False,False,False,29376.67,28585.7,29083.85,,,P2,False
13090,False,False,swing,False,True,False,29376.67,28585.7,29083.85,29376.67,,P2,False
13091,False,False,,False,False,False,29376.67,28585.7,29083.85,,,P2,False
13092,False,False,,False,False,False,29376.67,28585.7,29083.85,,,P2,False
13093,False,False,,False,False,False,29376.67,28585.7,29083.85,,,P2,False
13094,False,False,,False,False,False,29320.2,28585.7,29320.2,,,P2,False
13095,False,False,,False,False,False,29320.2,28585.7,29320.2,,,P2,False
13096,False,False,swing|zone,False,True,False,29320.2,28585.7,29320.2,29320.2,,P2,False
13097,False,False,,False,False,False,29320.2,28585.7,29320.2,,,P2,False
13098,False,False,,False,False,False,29320.2,28585.7,29320.2,,,P2,False
13099,False,False,,False,False,False,29320.2,28585.7,29320.2,,,P2,False
13100,False,False,,False,False,False,29252.45,28585.7,29288.190000000002,,,P2,False
13101,False,False,,False,False,False,29252.45,28585.7,29288.190000000002,,,P2,False
13102,False,False,,False,False,False,29252.45,28585.7,29288.190000000002,,,P2,False
13103,False,False,,False,False,False,29252.45,28585.7,29288.190000000002,,,P2,False
13104,False,False,,False,False,False,29252.45,28585.7,29288.190000000002,,,P2,False
13105,False,False,,False,False,False,29252.45,28585.7,29320.2,,,P2,False
13106,False,False,,False,False,False,29252.45,28585.7,29083.85,,,P2,False
13107,False,False,,False,False,False,29252.45,28585.7,29083.85,,,P2,False
13108,False,False,,False,False,False,29252.45,28585.7,29083.85,,,P2,False
13109,False,False,,False,False,False,29252.45,28585.7,29083.85,,,P2,False
13110,False,False,swing,False,True,True,29252.45,28585.7,29083.85,29252.45,28585.7,P2,False
13111,False,False,,False,False,False,29252.45,28585.7,29320.2,,,P2,False
13112,False,False,,False,False,False,29252.45,28585.7,29320.2,,,P2,False
13113,False,False,,False,False,False,29252.45,28585.7,29570.96,,,P2,False
13114,False,False,,False,False,False,29102.45,28585.7,29288.190000000002,,,P2,False
13115,False,False,,False,False,False,29102.45,28585.7,29288.190000000002,,,P2,False
13116,False,False,,False,False,False,29102.45,28585.7,29288.190000000002,,,P2,False
13117,False,False,,False,False,False,29102.45,28585.7,29288.190000000002,,,P2,False
13118,False,False,,False,False,False,29257.0,28585.7,29257.0,,,P2,False
13119,False,False,,False,False,False,29257.0,28585.7,29257.0,,,P2,False
13120,False,False,,False,False,False,29257.0,28585.7,29102.45,,,P2,False
13121,False,False,,False,False,False,29257.0,28585.7,29102.45,,,P2,False
13122,False,False,,False,False,False,29257.0,28585.7,29102.45,,,P2,False
13123,False,False,,False,False,False,29257.0,28585.7,29102.45,,,P2,False
13124,False,False,,False,False,False,29059.6,28585.7,29093.15,,,P2,False
13125,False,False,,False,False,False,29059.6,28585.7,29093.15,,,P2,False
13126,False,False,swing|zone,False,True,False,29059.6,28585.7,29093.15,29093.15,,P2,False
13127,False,False,,False,False,False,29059.6,28585.7,28861.9,,,P2,False
13128,False,False,nbar,False,True,True,29059.6,28585.7,28861.9,28585.7,28585.7,P2,False
13129,False,False,,False,False,False,29059.6,28585.7,28861.9,,,P2,False
13130,False,False,,False,False,False,29059.6,28585.7,28861.9,,,P2,False
13131,False,False,,False,False,False,29059.6,28342.0,28861.9,,,P2,False
13132,False,False,,False,False,False,29059.6,28342.0,28807.54,,,P2,False
13133,False,False,,False,False,False,29059.6,28342.0,28701.03,,,P2,False
13134,True,False,,False,False,False,29059.6,27888.0,28754.285,,,P2,False
13135,True,False,,False,False,False,29059.6,27700.0,28754.285,,,P2,False
13136,False,False,,False,False,False,29059.6,25166.0,28754.285,,,P2,False
13137,False,False,,False,False,False,25166.0,25166.0,28754.285,,,P2,False
13138,True,False,,False,False,False,25166.0,25166.0,28754.285,,,P2,False
13139,True,False,,False,False,False,25166.0,25166.0,28754.285,,,P2,False
13140,True,False,,False,False,False,25166.0,25166.0,28754.285,,,P2,False
13141,False,False,,False,False,False,25166.0,25166.0,28754.285,,,P2,False
13142,True,False,,False,False,False,25619.0,25166.0,28754.285,,,P2,False
13143,False,False,,False,False,False,25619.0,25166.0,28754.285,,,P2,False
13144,False,False,,False,False,False,25619.0,25166.0,28754.285,,,P2,False
13145,False,False,,False,False,False,25619.0,25166.0,28754.285,,,P2,False
13146,False,False,,False,False,False,25619.0,25166.0,28754.285,,,P2,False
13147,False,False,,False,False,False,25619.0,25166.0,28754.285,,,P2,False
13148,False,False,,False,False,False,25619.0,25166.0,28701.03,,,P2,False
13149,False,False,,False,False,False,25619.0,25166.0,28701.03,,,P2,False
13150,False,False,,False,False,False,25619.0,25166.0,28701.03,,,P2,False
13151,False,False,,False,False,False,25619.0,25166.0,28701.03,,,P2,False
13152,False,False,,False,False,False,25619.0,25166.0,28701.03,,,P2,False
13153,True,False,,False,False,False,25971.05,25166.0,28701.03,,,P2,False
13154,True,True,swing,False,True,False,25971.05,25166.0,28701.03,25971.05,,P2,False
13155,True,False,,False,False,False,25971.05,25166.0,28701.03,,,P2,False
13156,True,False,,False,False,False,25971.05,25166.0,28701.03,,,P2,False
13157,True,False,,False,False,False,25971.05,25166.0,28701.03,,,P2,False
13158,True,False,,False,False,False,25971.05,25166.0,28701.03,,,P2,False
13159,False,False,,False,False,False,25812.0,25166.0,28701.03,,,P2,False
13160,True,False,,False,False,False,25812.0,25166.0,28701.03,,,P2,False
13161,True,False,,False,False,False,25812.0,25166.0,28807.54,,,P2,False
13162,True,False,,False,False,False,25812.0,25166.0,28807.54,,,P2,False
13163,True,True,swing,False,True,False,25812.0,25166.0,28701.03,25812.0,,P2,False
13164,True,False,,False,False,False,25812.0,25166.0,28701.03,,,P2,False
13165,True,False,,False,False,False,25812.0,25166.0,28701.03,,,P2,False
13166,True,False,,False,False,False,25812.0,25166.0,28701.03,,,P2,False
13167,False,False,,False,False,False,25300.0,25166.0,28701.03,,,P2,False
13168,False,False,,False,False,False,25300.0,25166.0,28701.03,,,P2,False
13169,False,False,,False,False,False,25300.0,25166.0,28701.03,,,P2,False
13170,False,False,,False,False,False,25300.0,25166.0,28701.03,,,P2,False
13171,False,False,,False,False,False,25812.82,25166.0,28701.03,,,P2,False
13172,False,False,,False,False,False,25812.82,25166.0,28701.03,,,P2,False
13173,True,False,,False,False,False,25812.82,25166.0,28701.03,,,P2,False
13174,True,False,,False,False,False,25812.82,25166.0,28701.03,,,P2,False
13175,False,False,,False,False,False,25812.82,25166.0,28701.03,,,P2,False
13176,False,False,,False,False,False,25812.82,25166.0,28701.03,,,P2,False
13177,True,False,,False,False,False,25812.82,25166.0,28701.03,,,P2,False
13178,True,False,,False,False,False,25864.0,25166.0,25838.41,,,P2,False
13179,True,False,,False,False,False,25864.0,25166.0,25838.41,,,P2,False
13180,True,False,,False,False,False,25864.0,25166.0,25838.41,,,P2,False
13181,True,False,,False,False,False,25864.0,25166.0,25838.41,,,P2,False
13182,True,False,,False,False,False,25864.0,25166.0,25838.41,,,P2,False
13183,True,False,,False,False,False,25777.15,25166.0,25812.82,,,P2,False
13184,True,False,,False,False,False,25777.15,25166.0,25812.82,,,P2,False
13185,False,False,,False,False,False,25777.15,25166.0,25812.82,,,P2,False
13186,False,False,,False,False,False,25777.15,25166.0,25812.82,,,P2,False
13187,True,False,,False,False,False,25777.15,25166.0,25812.41,,,P2,False
13188,False,False,,False,False,False,25777.15,25166.0,25812.41,,,P2,False
13189,False,False,,False,False,False,25777.15,25166.0,25812.41,,,P2,False
13190,False,False,,False,False,False,25777.15,25166.0,25812.41,,,P2,False
13191,False,False,,False,False,False,25777.15,25166.0,25812.82,,,P2,False
13192,True,False,,False,False,False,25966.11,25166.0,25812.82,,,P2,False
13193,True,False,,False,False,False,25966.11,25166.0,25812.82,,,P2,False
13194,True,False,,False,False,False,25966.11,25166.0,25812.82,,,P2,False
13195,True,False,,False,False,False,25966.11,25166.0,25812.82,,,P2,False
13196,True,False,,False,False,False,25966.11,25166.0,25812.82,,,P2,False
13197,True,False,,False,False,False,25966.11,25166.0,25812.82,,,P2,False
13198,True,False,,False,False,False,25966.11,25166.0,25812.82,,,P2,False
13199,True,False,,False,False,False,25966.11,25166.0,25812.82,,,P2,False
13200,False,False,,False,False,False,25864.5,25166.0,25812.82,,,P2,False
13201,True,False,,False,False,False,25864.5,25166.0,25838.41,,,P2,False
13202,False,False,,False,False,False,25864.5,25166.0,25838.41,,,P2,False
13203,False,False,,False,False,False,25864.5,25166.0,25838.41,,,P2,False
13204,False,False,,False,False,False,25864.5,25166.0,25915.305,,,P2,False
13205,False,False,,False,False,False,25864.5,25166.0,25915.305,,,P2,False
13206,False,False,,False,False,False,25922.0,25166.0,25922.0,,,P2,False
13207,False,False,,False,False,False,25922.0,25166.0,25864.5,,,P2,False
13208,False,False,,False,False,False,25922.0,25166.0,25922.0,,,P2,False
13209,False,False,,False,False,False,25922.0,25166.0,25922.0,,,P2,False
13210,False,False,,False,False,False,25922.0,25166.0,25922.0,,,P2,False
13211,False,False,,False,False,False,25922.0,25166.0,25922.0,,,P2,False
13212,False,False,,False,False,False,25922.0,25166.0,25922.0,,,P2,False
13213,False,False,,False,False,False,27017.24,25166.0,25922.0,,,P2,False
13214,False,False,,False,False,False,27017.24,25166.0,25922.0,,,P2,False
13215,False,False,,False,False,False,27017.24,25166.0,25922.0,,,P2,False
13216,False,False,,False,False,False,27017.24,25166.0,25922.0,,,P2,False
13217,True,False,,False,False,False,27017.24,25166.0,25864.5,,,P2,False
13218,True,False,,False,False,False,27017.24,25166.0,25864.5,,,P2,False
13219,True,False,,False,False,False,27017.24,25166.0,25864.5,,,P2,False
13220,True,False,,False,False,False,27017.24,25166.0,25864.5,,,P2,False
13221,True,False,,False,False,False,25655.01,25166.0,25716.08,,,P2,False
13222,True,False,,False,False,False,25655.01,25166.0,25655.01,,,P2,False
13223,True,False,,False,False,False,25655.01,25166.0,25777.15,,,P2,False
13224,True,False,,False,False,False,25655.01,25166.0,25777.15,,,P2,False
13225,True,False,,False,False,False,25655.01,25166.0,25777.15,,,P2,False
13226,True,False,,False,False,False,25333.75,25166.0,25812.41,,,P2,False
13227,True,False,,False,False,False,25333.75,25166.0,25864.25,,,P2,False
13228,False,False,,False,False,False,25333.75,25166.0,25812.82,,,P2,False
13229,False,False,,False,False,False,25333.75,25166.0,25864.5,,,P2,False
13230,False,False,,False,False,False,25333.75,25166.0,25838.41,,,P2,False
13231,False,False,,False,False,False,25333.75,25166.0,25922.0,,,P2,False
13232,False,False,,False,False,False,25763.2,25166.0,25922.0,,,P2,False
13233,False,False,,False,False,False,25763.2,25166.0,25864.5,,,P2,False
13234,False,False,,False,False,False,25763.2,25166.0,25922.0,,,P2,False
13235,False,False,,False,False,False,25763.2,25166.0,25922.0,,,P2,False
13236,False,False,,False,False,False,25763.2,25166.0,25922.0,,,P2,False
13237,False,False,,False,False,False,25763.2,25166.0,25922.0,,,P2,False
13238,False,False,,False,False,False,25800.0,25166.0,25864.5,,,P2,False
13239,False,False,,False,False,False,25800.0,25166.0,25812.41,,,P2,False
13240,False,False,,False,False,False,25800.0,25166.0,25864.5,,,P2,False
13241,False,False,swing|zone,False,True,False,25800.0,25166.0,25812.0,25812.0,,P2,False
13242,True,False,,False,False,False,25800.0,25166.0,25655.01,,,P2,False
13243,False,False,,False,False,False,25800.0,25166.0,25655.01,,,P2,False
13244,False,False,,False,False,False,25800.0,25166.0,25812.0,,,P2,False
13245,False,False,,False,False,False,25800.0,25166.0,25812.0,,,P2,False
13246,True,False,,False,False,False,25562.62,25166.0,25637.004999999997,,,P2,False
13247,False,False,,False,False,False,25562.62,25166.0,25619.0,,,P2,False
13248,False,False,,False,False,False,25562.62,25166.0,25619.0,,,P2,False
13249,False,False,,False,False,False,25562.62,25166.0,25619.0,,,P2,False
13250,False,False,,False,False,False,25562.62,25166.0,25619.0,,,P2,False
13251,False,False,,False,False,False,25562.62,25166.0,25619.0,,,P2,False
13252,False,False,swing|zone,False,True,False,25562.62,25166.0,25619.0,25619.0,,P2,False
13253,False,False,,False,False,False,25562.62,25166.0,25637.004999999997,,,P2,False
13254,False,False,,False,False,False,25562.62,25166.0,25812.82,,,P2,False
13255,False,False,,False,False,False,25562.62,25166.0,25619.0,,,P2,False
13256,False,False,,False,False,False,25372.51,25300.0,25619.0,,,P2,False
13257,False,False,,False,False,False,25372.51,25300.0,25619.0,,,P2,False
13258,False,False,,False,False,False,25372.51,25300.0,25812.82,,,P2,False
13259,False,False,,False,False,False,25372.51,25300.0,25966.11,,,P2,False
13260,False,False,,False,False,False,25372.51,25300.0,25922.0,,,P2,False
13261,False,False,,False,False,False,25615.38,25300.0,25922.0,,,P2,False
13262,False,False,,False,False,False,25615.38,25300.0,25838.41,,,P2,False
13263,False,False,,False,False,False,25615.38,25300.0,25838.41,,,P2,False
13264,False,False,zone,False,True,False,25615.38,25300.0,25864.5,25864.5,,P2,False
13265,False,False,,False,False,False,25615.38,25300.0,25864.5,,,P2,False
13266,False,False,,False,False,False,25647.26,25300.0,25864.5,,,P2,False
13267,False,False,,False,False,False,25647.26,25300.0,25838.41,,,P2,False
13268,False,False,,False,False,False,25647.26,25300.0,25812.82,,,P2,False
13269,False,False,,False,False,False,25647.26,25300.0,25812.82,,,P2,False
13270,False,False,,False,False,False,25647.26,25300.0,25812.82,,,P2,False
13271,False,False,,False,False,False,25647.26,25300.0,25812.82,,,P2,False
13272,False,False,,False,False,False,25647.26,25300.0,25838.41,,,P2,False
13273,False,False,swing|zone,False,True,False,25796.64,25300.0,25812.82,25812.82,,P2,False
13274,False,False,,False,False,False,25796.64,25300.0,25633.129999999997,,,P2,False
13275,False,False,,False,False,False,25796.64,25300.0,25633.129999999997,,,P2,False
13276,False,False,swing|zone,False,True,False,25796.64,25300.0,25798.32,25798.32,,P2,False
13277,False,False,,False,False,False,25796.64,25300.0,25812.82,,,P2,False
13278,False,False,,False,False,False,25796.64,25300.0,25633.129999999997,,,P2,False
13279,False,False,,False,False,False,25796.64,25300.0,25812.41,,,P2,False
13280,False,False,,False,False,False,25570.57,25300.0,25333.75,,,P2,False
13281,False,False,,False,False,False,25570.57,25300.0,25333.75,,,P2,False
13282,False,False,,False,False,False,25570.57,25300.0,25333.75,,,P2,False
13283,False,False,,False,False,False,25570.57,25300.0,25333.75,,,P2,False
13284,False,False,,False,False,False,25570.57,24951.0,25619.0,,,P2,False
13285,False,False,zone,False,True,False,25570.57,24951.0,25812.82,25812.82,,P2,False
13286,False,False,,False,False,False,25570.57,24901.0,25922.0,,,P2,False
13287,False,False,,False,False,False,24901.0,24901.0,25922.0,,,P2,False
13288,False,False,,False,False,False,24901.0,24901.0,25922.0,,,P2,False
13289,False,False,,False,False,False,24901.0,24901.0,25812.82,,,P2,False
13290,False,False,,False,False,False,24901.0,24901.0,25864.5,,,P2,False
13291,False,False,,False,False,False,24901.0,24901.0,25864.5,,,P2,False
13292,False,False,,False,False,False,24901.0,24901.0,25864.5,,,P2,False
13293,False,False,,False,False,False,24901.0,24901.0,25864.5,,,P2,False
13294,False,False,,False,False,False,25764.17,24901.0,25864.5,,,P2,False
13295,False,False,,False,False,False,25764.17,24901.0,25864.5,,,P2,False
13296,False,False,,False,False,False,25764.17,24901.0,25864.5,,,P2,False
13297,False,False,,False,False,False,25764.17,24901.0,25864.5,,,P2,False
13298,False,False,,False,False,False,25764.17,24901.0,25864.5,,,P2,False
13299,False,False,,False,False,False,25764.17,24901.0,25922.0,,,P2,False
13300,False,False,,False,False,False,25764.17,24901.0,25864.5,,,P2,False
13301,False,False,,False,False,False,25764.17,24901.0,25864.5,,,P2,False
13302,False,False,,False,False,False,25764.17,24901.0,25893.25,,,P2,False
13303,False,False,,False,False,False,25764.17,24901.0,25922.0,,,P2,False
13304,False,False,,False,False,False,25764.17,24901.0,25922.0,,,P2,False
13305,False,False,,False,False,False,25764.17,24901.0,25922.0,,,P2,False
13306,False,False,,False,False,False,25764.17,24901.0,25922.0,,,P2,False
13307,False,False,,False,False,False,25764.17,24901.0,25922.0,,,P2,False
13308,False,False,,False,False,False,25764.17,24901.0,25922.0,,,P2,False
13309,False,False,,False,False,False,26224.0,24901.0,25922.0,,,P2,False
13310,False,False,,False,False,False,26224.0,24901.0,25922.0,,,P2,False
13311,False,False,,False,False,False,26224.0,24901.0,25922.0,,,P2,False
13312,False,False,,False,False,False,26224.0,24901.0,25922.0,,,P2,False
13313,False,False,,False,False,False,26224.0,24901.0,25922.0,,,P2,False
13314,False,False,,False,False,False,26224.0,24901.0,25922.0,,,P2,False
13315,False,False,,False,False,False,26224.0,24901.0,25922.0,,,P2,False
13316,False,False,,False,False,False,26224.0,24901.0,25922.0,,,P2,False
13317,False,False,,False,False,False,26224.0,24901.0,25944.055,,,P2,False
13318,False,False,,False,False,False,26416.16,24901.0,25966.11,,,P2,False
13319,False,False,,False,False,False,26416.16,24901.0,25966.11,,,P2,False
13320,False,False,,False,False,False,26416.16,24901.0,25966.11,,,P2,False
13321,False,False,,False,False,False,26416.16,24901.0,25966.11,,,P2,False
13322,False,False,,False,False,False,26416.16,24901.0,25966.11,,,P2,False
13323,False,False,,False,False,False,26416.16,24901.0,25922.0,,,P2,False
13324,False,False,,False,False,False,26377.35,24901.0,25922.0,,,P2,False
13325,False,False,,False,False,False,26377.35,24901.0,25922.0,,,P2,False
13326,False,False,,False,False,False,26377.35,24901.0,25922.0,,,P2,False
13327,False,False,,False,False,False,26377.35,24901.0,25922.0,,,P2,False
13328,False,False,,False,False,False,26377.35,24901.0,25922.0,,,P2,False
13329,False,False,,False,False,False,26377.35,24901.0,25922.0,,,P2,False
13330,False,False,,False,False,False,26377.35,24901.0,25922.0,,,P2,False
13331,False,False,,False,False,False,26377.35,24901.0,25922.0,,,P2,False
13332,False,False,,False,False,False,26377.35,24901.0,25922.0,,,P2,False
13333,False,False,,False,False,False,26377.35,24901.0,25922.0,,,P2,False
13334,False,False,,False,False,False,26377.35,24901.0,25922.0,,,P2,False
13335,False,False,,False,False,False,26377.35,24901.0,25922.0,,,P2,False
13336,False,False,,False,False,False,26377.35,24901.0,25922.0,,,P2,False
13337,False,False,,False,False,False,26377.35,24901.0,25922.0,,,P2,False
13338,False,False,,False,False,False,26377.35,24901.0,25922.0,,,P2,False
13339,False,False,,False,False,False,26377.35,24901.0,25922.0,,,P2,False
13340,False,False,,False,False,False,26800.0,24901.0,25922.0,,,P2,False
13341,False,False,,False,False,False,26800.0,24901.0,25922.0,,,P2,False
13342,False,False,,False,False,False,26800.0,24901.0,25922.0,,,P2,False
13343,False,False,,False,False,False,26800.0,24901.0,25922.0,,,P2,False
13344,False,False,,False,False,False,26800.0,24901.0,25922.0,,,P2,False
13345,False,False,,False,False,False,26377.7,24901.0,26377.7,,,P2,False
13346,False,False,,False,False,False,26377.7,24901.0,26377.7,,,P2,False
13347,False,False,,False,False,False,26377.7,24901.0,26377.7,,,P2,False
13348,False,False,,False,False,False,26377.7,24901.0,26377.7,,,P2,False
13349,False,False,,False,False,False,26377.7,24901.0,26377.7,,,P2,False
13350,False,False,,False,False,False,26377.7,24901.0,26377.7,,,P2,False
13351,False,False,,False,False,False,26377.7,24901.0,26377.7,,,P2,False
13352,False,False,,False,False,False,26377.7,24901.0,26377.7,,,P2,False
13353,False,False,,False,False,False,26488.0,24901.0,26396.93,,,P2,False
13354,False,False,,False,False,False,26488.0,24901.0,26396.93,,,P2,False
13355,False,False,,False,False,False,26488.0,24901.0,26396.93,,,P2,False
13356,False,False,,False,False,False,26488.0,24901.0,26396.93,,,P2,False
13357,False,False,,False,False,False,26488.0,24901.0,26396.93,,,P2,False
13358,False,False,,False,False,False,26488.0,24901.0,26396.93,,,P2,False
13359,False,False,,False,False,False,26488.0,24901.0,26377.7,,,P2,False
13360,False,False,,False,False,False,26488.0,24901.0,26377.7,,,P2,False
13361,False,False,,False,False,False,26488.0,24901.0,25966.11,,,P2,False
13362,False,False,,False,False,False,26488.0,24901.0,25966.11,,,P2,False
13363,False,False,,False,False,False,26488.0,24901.0,25966.11,,,P2,False
13364,False,False,,False,False,False,26488.0,24901.0,25966.11,,,P2,False
13365,False,False,,False,False,False,26488.0,24901.0,25966.11,,,P2,False
13366,False,False,,False,False,False,26488.0,24901.0,25966.11,,,P2,False
13367,False,False,,False,False,False,26488.0,24901.0,25966.11,,,P2,False
13368,False,False,,False,False,False,26488.0,24901.0,25966.11,,,P2,False
13369,False,False,,False,False,False,25990.46,24901.0,25968.58,,,P2,False
13370,False,False,,False,False,False,25990.46,24901.0,25968.58,,,P2,False
13371,False,False,,False,False,False,25990.46,24901.0,25968.58,,,P2,False
13372,False,False,,False,False,False,25990.46,24901.0,25968.58,,,P2,False
13373,False,False,,False,False,False,25990.46,24901.0,25968.58,,,P2,False
13374,False,False,,False,False,False,25990.46,24901.0,25968.58,,,P2,False
13375,False,False,,False,False,False,26088.34,24901.0,25968.58,,,P2,False
13376,False,False,,False,False,False,26088.34,24901.0,26396.93,,,P2,False
13377,False,False,,False,False,False,26088.34,24901.0,25971.05,,,P2,False
13378,False,False,,False,False,False,26088.34,24901.0,25990.46,,,P2,False
13379,False,False,,False,False,False,26088.34,24901.0,25971.05,,,P2,False
13380,False,False,,False,False,False,26088.34,24901.0,25971.05,,,P2,False
13381,False,False,,False,False,False,26088.34,24901.0,26396.93,,,P2,False
13382,False,False,,False,False,False,26112.06,24901.0,26396.93,,,P2,False
13383,False,False,,False,False,False,26112.06,24901.0,26396.93,,,P2,False
13384,False,False,,False,False,False,26112.06,24901.0,26396.93,,,P2,False
13385,False,False,,False,False,False,26112.06,24901.0,26396.93,,,P2,False
13386,False,False,,False,False,False,26112.06,24901.0,26396.93,,,P2,False
13387,False,False,,False,False,False,26112.06,24901.0,26396.93,,,P2,False
13388,False,False,,False,False,False,26112.06,24901.0,26396.93,,,P2,False
13389,False,False,,False,False,False,26112.06,24901.0,26396.93,,,P2,False
13390,False,False,,False,False,False,26112.06,24901.0,26396.93,,,P2,False
13391,False,False,,False,False,False,26112.06,24901.0,26396.93,,,P2,False
13392,False,False,,False,False,False,26112.06,24901.0,26396.93,,,P2,False
13393,False,False,,False,False,False,26665.16,24901.0,26396.93,,,P2,False
13394,False,False,,False,False,False,26665.16,24901.0,26396.93,,,P2,False
13395,False,False,,False,False,False,26665.16,24901.0,26396.93,,,P2,False
13396,False,False,,False,False,False,26665.16,24901.0,26396.93,,,P2,False
13397,False,False,,False,False,False,26665.16,24901.0,26396.93,,,P2,False
13398,False,False,,False,False,False,26665.16,24901.0,26396.93,,,P2,False
13399,False,False,,False,False,False,26665.16,24901.0,26396.93,,,P2,False
13400,False,False,,False,False,False,26665.16,24901.0,26396.93,,,P2,False
13401,False,False,,False,False,False,26665.16,24901.0,26396.93,,,P2,False
13402,False,False,,False,False,False,26665.16,24901.0,26396.93,,,P2,False
13403,False,False,,False,False,False,26665.16,24901.0,26396.93,,,P2,False
13404,False,False,,False,False,False,26665.16,24901.0,26396.93,,,P2,False
13405,False,False,,False,False,False,26665.16,24901.0,26396.93,,,P2,False
13406,False,False,,False,False,False,26665.16,25131.48,26396.93,,,P2,False
13407,False,False,,False,False,False,27033.1,25612.7,26396.93,,,P2,False
13408,False,False,,False,False,True,27033.1,25735.29,26396.93,,,P2,False
13409,False,False,,False,False,False,27033.1,25764.17,26396.93,,,P2,False
13410,False,False,,False,False,False,27033.1,25764.17,26396.93,,,P2,False
13411,False,False,,False,False,False,27033.1,25764.17,26396.93,,,P2,False
13412,False,False,,False,False,False,27033.1,25764.17,26396.93,,,P2,False
13413,False,False,,False,False,False,27281.44,25850.91,26396.93,,,P2,False
13414,False,False,,False,False,False,27281.44,25866.17,26396.93,,,P2,False
13415,False,False,,False,False,False,27281.44,25990.46,26396.93,,,P2,False
13416,False,False,swing,False,True,False,27281.44,25990.46,26396.93,27281.44,,P2,False
13417,False,False,,False,False,False,27281.44,25990.46,26396.93,,,P2,False
13418,False,False,,False,False,False,27281.44,25990.46,26396.93,,,P2,False
13419,False,False,,False,False,False,27160.5,25990.46,27096.8,,,P2,False
13420,False,False,,False,False,False,27160.5,25990.46,27096.8,,,P2,False
13421,False,False,,False,False,False,27160.5,25990.46,27096.8,,,P2,False
13422,False,False,,False,False,False,27160.5,25990.46,27096.8,,,P2,False
13423,False,False,,False,False,False,27160.5,25990.46,27096.8,,,P2,False
13424,False,False,,False,False,False,27160.5,25990.46,27160.5,,,P2,False
13425,False,False,,False,False,False,27160.5,25990.46,27160.5,,,P2,False
13426,False,False,,False,False,False,27160.5,25990.46,27096.8,,,P2,False
13427,False,False,,False,False,False,27160.5,25990.46,27096.8,,,P2,False
13428,False,False,,False,False,False,27160.5,25990.46,27096.8,,,P2,False
13429,False,False,,False,False,False,27160.5,25990.46,27160.5,,,P2,False
13430,False,False,,False,False,False,27352.0,25990.46,27281.44,,,P2,False
13431,False,False,swing|zone,False,True,True,27352.0,25990.46,27281.44,27352.0,,P2,False
13432,False,False,,False,False,False,27352.0,25990.46,27281.44,,,P2,False
13433,False,False,,False,False,False,27352.0,25990.46,27281.44,,,P2,False
13434,False,False,,False,False,False,27352.0,25990.46,27281.44,,,P2,False
13435,False,False,,False,False,False,27175.94,25990.46,27228.69,,,P2,False
13436,False,False,,False,False,False,27175.94,25990.46,27228.69,,,P2,False
13437,False,False,,False,False,False,27175.94,25990.46,27228.69,,,P2,False
13438,False,False,,False,False,False,27175.94,25990.46,27228.69,,,P2,False
13439,False,False,,False,False,False,27175.94,25990.46,27228.69,,,P2,False
13440,False,False,,False,False,False,27175.94,25990.46,27228.69,,,P2,False
13441,False,False,,False,False,False,27175.94,25990.46,27281.44,,,P2,False
13442,False,False,,False,False,False,27850.0,25990.46,27281.44,,,P2,False
13443,False,False,swing,False,True,False,27850.0,25990.46,27281.44,27850.0,,P2,False
13444,False,False,,False,False,False,27850.0,25990.46,27281.44,,,P2,False
13445,False,False,,False,False,False,27850.0,25990.46,27281.44,,,P2,False
13446,False,False,swing,False,True,False,27850.0,25990.46,27281.44,27850.0,,P2,False
13447,False,False,,False,False,False,27687.5,25990.46,27281.44,,,P2,False
13448,False,False,,False,False,False,27687.5,25990.46,27281.44,,,P2,False
13449,False,False,,False,False,False,27687.5,25990.46,27281.44,,,P2,False
13450,False,False,,False,False,False,27687.5,25990.46,27281.44,,,P2,False
13451,False,False,,False,False,False,27687.5,25990.46,27228.69,,,P2,False
13452,False,False,,False,False,False,27687.5,25990.46,27281.44,,,P2,False
13453,False,False,,False,False,False,27687.5,25990.46,27281.44,,,P2,False
13454,False,False,,False,False,False,27260.0,25990.46,27281.44,,,P2,False
13455,False,False,,False,False,False,27260.0,25990.46,27281.44,,,P2,False
13456,False,False,,False,False,False,27260.0,25990.46,27281.44,,,P2,False
13457,False,False,,False,False,False,27260.0,25990.46,27281.44,,,P2,False
13458,False,False,,False,False,False,27260.0,25990.46,26396.93,,,P2,False
13459,False,False,,False,False,False,27260.0,25990.46,26396.93,,,P2,False
13460,False,False,,False,False,False,27260.0,25990.46,27175.94,,,P2,False
13461,False,False,,False,False,False,27260.0,25990.46,26396.93,,,P2,False
13462,False,False,,False,False,False,27260.0,25990.46,26396.93,,,P2,False
13463,False,False,,False,False,False,27260.0,25990.46,26396.93,,,P2,False
13464,False,False,,False,False,False,27260.0,25990.46,26396.93,,,P2,False
13465,False,False,,False,False,False,27260.0,25990.46,26396.93,,,P2,False
13466,False,False,,False,False,False,26538.66,25990.46,26488.0,,,P2,False
13467,False,False,,False,False,False,26538.66,25990.46,26416.16,,,P2,False
13468,False,False,,False,False,False,26538.66,25990.46,26416.16,,,P2,False
13469,False,False,,False,False,False,26538.66,25990.46,26416.16,,,P2,False
13470,False,False,,False,False,False,26538.66,25990.46,26416.16,,,P2,False
13471,False,False,,False,False,False,26538.66,25990.46,26416.16,,,P2,False
13472,False,False,,False,False,False,26555.0,25990.46,26546.83,,,P2,False
13473,False,False,,False,False,False,26555.0,25990.46,26538.66,,,P2,False
13474,False,False,,False,False,False,26555.0,25990.46,26546.83,,,P2,False
13475,False,False,,False,False,False,26555.0,25990.46,26538.66,,,P2,False
13476,False,False,,False,False,False,26555.0,25990.46,26546.83,,,P2,False
13477,False,False,,False,False,False,26555.0,25990.46,26546.83,,,P2,False
13478,False,False,,False,False,False,26685.0,25990.46,26538.66,,,P2,False
13479,False,False,,False,False,False,26685.0,25990.46,26538.66,,,P2,False
13480,False,False,,False,False,False,26685.0,25990.46,26538.66,,,P2,False
13481,False,False,,False,False,False,26685.0,25990.46,26538.66,,,P2,False
13482,False,False,,False,False,False,26685.0,25990.46,26538.66,,,P2,False
13483,False,False,,False,False,False,26685.0,25990.46,26538.66,,,P2,False
13484,False,False,,False,False,False,26685.0,25990.46,26538.66,,,P2,False
13485,False,False,,False,False,False,26789.0,25990.46,26538.66,,,P2,False
13486,False,False,,False,False,False,26789.0,25990.46,26538.66,,,P2,False
13487,False,False,,False,False,False,26789.0,25990.46,26538.66,,,P2,False
13488,False,False,,False,False,False,26789.0,26088.34,26538.66,,,P2,False
13489,False,False,,False,False,False,26808.25,26088.34,27281.44,,,P2,False
13490,False,False,,False,False,False,26808.25,26088.34,27281.44,,,P2,False
13491,False,False,,False,False,False,26808.25,26088.34,27281.44,,,P2,False
13492,False,False,,False,False,False,26808.25,26088.34,27270.72,,,P2,False
13493,False,False,,False,False,False,26808.25,26088.34,27260.0,,,P2,False
13494,False,False,,False,False,False,26808.25,26100.0,27260.0,,,P2,False
13495,False,False,,False,False,False,26808.25,26100.0,27260.0,,,P2,False
13496,False,False,,False,False,False,26808.25,26112.06,27260.0,,,P2,False
13497,False,False,,False,False,False,26808.25,26112.06,27270.72,,,P2,False
13498,False,False,,False,False,False,26808.25,26112.06,27260.0,,,P2,False
13499,False,False,,False,False,False,26808.25,26112.06,27270.72,,,P2,False
13500,False,False,,False,False,False,26808.25,26112.06,27270.72,,,P2,False
13501,False,False,,False,False,False,26808.25,26226.91,27270.72,,,P2,False
13502,False,False,,False,False,False,26808.25,26342.4,27270.72,,,P2,False
13503,False,False,,False,False,False,26808.25,26347.17,27270.72,,,P2,False
13504,False,False,,False,False,False,26808.25,26389.29,27270.72,,,P2,False
13505,False,False,,False,False,False,26808.25,26460.0,27281.44,,,P2,False
13506,False,False,,False,False,False,26808.25,26538.66,27281.44,,,P2,False
13507,False,False,,False,False,False,26808.25,26538.66,27281.44,,,P2,False
13508,False,False,,False,False,False,26808.25,26538.66,27281.44,,,P2,False
13509,False,False,,False,False,False,26808.25,26538.66,27281.44,,,P2,False
13510,False,False,,False,False,False,28100.66,26538.66,27281.44,,,P2,False
13511,False,False,,False,False,False,28100.66,26538.66,27281.44,,,P2,False
13512,False,False,,False,False,False,28100.66,26538.66,27281.44,,,P2,False
13513,False,False,,False,False,False,28100.66,26538.66,27270.72,,,P2,False
13514,False,False,,False,False,False,28100.66,26538.66,27270.72,,,P2,False
13515,False,False,,False,False,False,28100.66,26538.66,27260.0,,,P2,False
13516,False,False,,False,False,False,28100.66,26538.66,27260.0,,,P2,False
13517,False,False,,False,False,False,28100.66,26538.66,27260.0,,,P2,False
13518,False,False,,False,False,False,28100.66,26538.66,27260.0,,,P2,False
13519,False,False,,False,False,False,28100.66,26538.66,27270.72,,,P2,False
13520,False,False,,False,False,False,28100.66,26538.66,27270.72,,,P2,False
13521,False,False,,False,False,False,28100.66,26538.66,27270.72,,,P2,False
13522,False,False,,False,False,False,28100.66,26538.66,27270.72,,,P2,False
13523,False,False,,False,False,False,28100.66,26538.66,27270.72,,,P2,False
13524,False,False,,False,False,False,28100.66,26538.66,27270.72,,,P2,False
13525,False,False,,False,False,False,28100.66,26538.66,27270.72,,,P2,False
13526,False,False,,False,False,False,28100.66,26538.66,27270.72,,,P2,False
13527,False,False,,False,False,False,28100.66,26538.66,27270.72,,,P2,False
13528,False,False,,False,False,False,28100.66,26538.66,27281.44,,,P2,False
13529,False,False,,False,False,False,29640.0,26538.66,27281.44,,,P2,False
13530,False,False,,False,False,False,29640.0,26538.66,27281.44,,,P2,False
13531,False,False,,False,False,False,29640.0,26538.66,27270.72,,,P2,False
13532,False,False,,False,False,False,29640.0,26538.66,27260.0,,,P2,False
13533,False,False,,False,False,False,29714.28,26538.66,27260.0,,,P2,False
13534,False,False,,False,False,False,29714.28,26538.66,27260.0,,,P2,False
13535,False,False,,False,False,False,29714.28,26538.66,27260.0,,,P2,False
13536,False,False,,False,False,False,29714.28,26538.66,27850.0,,,P2,False
13537,False,False,,False,False,False,29714.28,26538.66,27850.0,,,P2,False
13538,False,False,,False,False,False,29714.28,26538.66,27850.0,,,P2,False
13539,False,False,,False,False,False,29714.28,26538.66,27850.0,,,P2,False
13540,False,False,,False,False,False,29714.28,26538.66,27850.0,,,P2,False
13541,False,False,,False,False,False,29714.28,26538.66,27850.0,,,P2,False
13542,False,False,,False,False,False,29714.28,26538.66,27850.0,,,P2,False
13543,False,False,,False,False,False,29714.28,26538.66,27850.0,,,P2,False
13544,False,False,,False,False,False,29714.28,26538.66,27850.0,,,P2,False
13545,False,False,,False,False,False,29714.28,26538.66,27850.0,,,P2,False
13546,False,False,,False,False,False,29714.28,26538.66,27850.0,,,P2,False
13547,False,False,,False,False,False,29714.28,26538.66,27850.0,,,P2,False
13548,False,False,,False,False,False,29714.28,26538.66,27850.0,,,P2,False
13549,False,False,,False,False,False,29714.28,26538.66,27850.0,,,P2,False
13550,False,False,,False,False,False,29714.28,26538.66,27850.0,,,P2,False
13551,False,False,,False,False,False,29714.28,26538.66,27850.0,,,P2,False
13552,False,False,,False,False,False,29714.28,26538.66,27850.0,,,P2,False
13553,False,False,,False,False,False,29714.28,26538.66,27850.0,,,P2,False
13554,False,False,,False,False,False,29714.28,26538.66,27850.0,,,P2,False
13555,False,False,,False,False,False,29714.28,26538.66,27850.0,,,P2,False
13556,False,False,,False,False,False,33751.0,26538.66,27850.0,,,P2,False
13557,False,False,,False,False,False,33751.0,26538.66,27850.0,,,P2,False
13558,False,False,,False,False,False,33751.0,26538.66,27850.0,,,P2,False
13559,False,False,,False,False,False,33751.0,26538.66,27850.0,,,P2,False
13560,False,False,,False,False,False,33751.0,26538.66,27850.0,,,P2,False
13561,False,False,,False,False,False,33751.0,26538.66,27850.0,,,P2,False
13562,False,False,,False,False,False,33390.95,26538.66,27850.0,,,P2,False
13563,False,False,,False,False,False,33390.95,26538.66,27850.0,,,P2,False
13564,False,False,,False,False,False,33390.95,26538.66,27260.0,,,P2,False
13565,False,False,,False,False,False,33390.95,26538.66,27260.0,,,P2,False
13566,False,False,,False,False,False,33390.95,26538.66,27260.0,,,P2,False
13567,False,False,,False,False,False,33390.95,26538.66,27260.0,,,P2,False
13568,False,False,,False,False,False,33390.95,26538.66,27260.0,,,P2,False
13569,False,False,,False,False,False,33390.95,26538.66,27260.0,,,P2,False
13570,False,False,,False,False,False,33390.95,26538.66,27260.0,,,P2,False
13571,False,False,,False,False,False,33930.0,26538.66,27260.0,,,P2,False
13572,False,False,,False,False,False,33930.0,26538.66,27260.0,,,P2,False
13573,False,False,,False,False,False,33930.0,26538.66,27260.0,,,P2,False
13574,False,False,,False,False,False,33930.0,26538.66,27270.72,,,P2,False
13575,False,False,,False,False,False,33930.0,26538.66,27260.0,,,P2,False
13576,False,False,,False,False,False,33930.0,26538.66,27260.0,,,P2,False
13577,False,False,,False,False,False,33930.0,26538.66,27260.0,,,P2,False
13578,False,False,,False,False,False,33930.0,26538.66,27260.0,,,P2,False
13579,False,False,,False,False,False,33930.0,26538.66,27260.0,,,P2,False
13580,False,False,,False,False,False,34062.84,26538.66,33930.0,,,P2,False
13581,False,False,,False,False,False,34062.84,26538.66,33930.0,,,P2,False
13582,False,False,,False,False,False,34062.84,26538.66,33930.0,,,P2,False
13583,False,False,,False,False,False,34062.84,26538.66,33930.0,,,P2,False
13584,False,False,,False,False,False,34025.0,26538.66,34025.0,,,P2,False
13585,False,False,,False,False,False,34025.0,26555.0,34025.0,,,P2,False
13586,False,False,,False,False,False,34025.0,26555.0,34025.0,,,P2,False
13587,False,False,,False,False,False,34025.0,26555.0,34025.0,,,P2,False
13588,False,False,,False,False,False,34025.0,26555.0,34025.0,,,P2,False
13589,False,False,,False,False,False,34025.0,26555.0,34025.0,,,P2,False
13590,False,False,,False,False,False,34025.0,26555.0,34025.0,,,P2,False
13591,False,False,,False,False,False,34097.39,26685.0,34043.92,,,P2,False
13592,False,False,,False,False,False,34097.39,26685.0,34043.92,,,P2,False
13593,False,False,,False,False,False,34097.39,26685.0,34043.92,,,P2,False
13594,False,False,,False,False,False,34097.39,26685.0,34043.92,,,P2,False
13595,False,False,,False,False,False,34097.39,26685.0,34043.92,,,P2,False
13596,False,False,,False,False,False,34097.39,26685.0,34043.92,,,P2,False
13597,False,False,,False,False,False,34097.39,26747.24,34043.92,,,P2,False
13598,False,False,,False,False,False,34300.0,26789.0,34097.39,,,P2,False
13599,False,False,,False,False,False,34300.0,26789.0,34097.39,,,P2,False
13600,False,False,,False,False,False,34300.0,26789.0,34097.39,,,P2,False
13601,False,False,,False,False,False,34300.0,26789.0,34097.39,,,P2,False
13602,False,False,,False,False,False,34120.0,26789.0,34108.695,,,P2,False
13603,False,False,,False,False,False,34120.0,26789.0,34120.0,,,P2,False
13604,False,False,,False,False,False,34120.0,26808.25,34120.0,,,P2,False
13605,False,False,,False,False,False,34120.0,26808.25,34120.0,,,P2,False
13606,False,False,,False,False,False,34120.0,26808.25,34120.0,,,P2,False
13607,False,False,,False,False,False,34120.0,26808.25,34080.115,,,P2,False
13608,False,False,,False,False,False,34120.0,26893.41,34120.0,,,P2,False
13609,False,False,,False,False,False,34120.0,27015.0,34120.0,,,P2,False
13610,False,False,,False,False,False,34120.0,27112.66,34080.115,,,P2,False
13611,False,False,,False,False,False,34120.0,27193.98,34080.115,,,P2,False
13612,False,False,,False,False,False,34120.0,27641.72,34080.115,,,P2,False
13613,False,False,,False,False,False,34120.0,27709.04,34080.115,,,P2,False
13614,False,False,,False,False,False,34120.0,28064.16,34120.0,,,P2,False
13615,False,False,,False,False,False,34120.0,28069.32,34120.0,,,P2,False
13616,False,False,,False,False,False,34120.0,28069.32,34120.0,,,P2,False
13617,False,False,,False,False,False,34448.0,28069.32,34210.0,,,P2,False
13618,False,False,,False,False,False,34448.0,28100.66,34210.0,,,P2,False
13619,False,False,,False,False,False,34448.0,28100.66,34300.0,,,P2,False
13620,False,False,,False,False,False,34448.0,28100.66,34300.0,,,P2,False
13621,False,False,,False,False,False,34448.0,28100.66,34300.0,,,P2,False
13622,False,False,,False,False,False,34448.0,28100.66,34300.0,,,P2,False
13623,False,False,,False,False,False,34448.0,28100.66,34300.0,,,P2,False
13624,False,False,,False,False,False,34448.0,28100.66,34300.0,,,P2,False
13625,False,False,,False,False,False,34448.0,28100.66,34210.0,,,P2,False
13626,False,False,,False,False,False,34448.0,28100.66,34210.0,,,P2,False
13627,False,False,,False,False,False,34523.06,28100.66,34448.0,,,P2,False
13628,False,False,,False,False,False,34523.06,28100.66,34448.0,,,P2,False
13629,False,False,,False,False,False,34523.06,28230.0,34448.0,,,P2,False
13630,False,False,,False,False,False,34523.06,28280.96,34448.0,,,P2,False
13631,False,False,,False,False,False,34523.06,28420.0,34448.0,,,P2,False
13632,False,False,,False,False,False,34523.06,28457.56,34448.0,,,P2,False
13633,False,False,,False,False,False,35100.0,28578.29,34448.0,,,P2,False
13634,False,False,,False,False,False,35100.0,28578.29,34448.0,,,P2,False
13635,False,False,,False,False,False,35100.0,29111.28,34448.0,,,P2,False
13636,False,False,,False,False,False,35100.0,29227.75,34448.0,,,P2,False
13637,False,False,,False,False,False,35100.0,29321.0,34448.0,,,P2,False
13638,False,False,,False,False,False,35100.0,29321.0,34448.0,,,P2,False
13639,False,False,,False,False,False,35100.0,29464.77,34448.0,,,P2,False
13640,False,False,,False,False,False,35600.0,29464.77,34448.0,,,P2,False
13641,False,False,,False,False,False,35600.0,29541.86,34448.0,,,P2,False
13642,False,False,,False,False,False,35600.0,29634.56,34448.0,,,P2,False
13643,False,False,,False,False,False,35600.0,29640.0,34448.0,,,P2,False
13644,False,False,,False,False,False,35600.0,29640.0,34448.0,,,P2,False
13645,False,False,,False,False,False,35600.0,29640.0,34448.0,,,P2,False
13646,False,False,,False,False,False,35600.0,29640.0,34448.0,,,P2,False
13647,False,False,,False,False,False,35600.0,29640.0,34448.0,,,P2,False
13648,False,False,,False,False,False,35600.0,29714.28,34448.0,,,P2,False
13649,False,False,,False,False,False,35600.0,29714.28,34448.0,,,P2,False
13650,False,False,,False,False,False,35600.0,29714.28,34448.0,,,P2,False
13651,False,False,,False,False,False,35600.0,29714.28,34448.0,,,P2,False
13652,False,False,,False,False,False,35600.0,29883.6,34448.0,,,P2,False
13653,False,False,,False,False,False,36666.93,30355.06,34448.0,,,P2,False
13654,False,False,,False,False,False,36666.93,30355.06,34448.0,,,P2,False
13655,False,False,,False,False,False,36666.93,30395.01,34448.0,,,P2,False
13656,False,False,,False,False,False,36666.93,30777.0,34448.0,,,P2,False
13657,False,False,,False,False,False,36666.93,31318.88,34448.0,,,P2,False
13658,False,False,,False,False,False,36666.93,32832.34,34448.0,,,P2,False
13659,False,False,swing,False,True,False,36666.93,33200.0,34448.0,36666.93,,P2,False
13660,False,False,swing,False,True,False,36666.93,33200.0,34448.0,36666.93,,P2,False
13661,False,False,,False,False,False,36666.93,33200.0,34448.0,,,P2,False
13662,False,False,,False,False,False,36666.93,33380.01,34448.0,,,P2,False
13663,False,False,,False,False,False,36666.93,33390.95,34448.0,,,P2,False
13664,False,False,,False,False,False,36666.93,33390.95,34448.0,,,P2,False
13665,False,False,,False,False,False,36666.93,33390.95,34448.0,,,P2,False
13666,False,False,,False,False,False,36666.93,33390.95,34448.0,,,P2,False
13667,False,False,,False,False,False,36666.93,33390.95,34448.0,,,P2,False
13668,False,False,,False,False,False,36666.93,33390.95,34448.0,,,P2,False
13669,False,False,,False,False,False,36666.93,33390.95,34448.0,,,P2,False
13670,False,False,,False,False,False,34800.0,33390.95,34448.0,,,P2,False
13671,False,False,,False,False,False,34800.0,33390.95,34448.0,,,P2,False
13672,False,False,,False,False,False,34800.0,33390.95,34448.0,,,P2,False
13673,False,False,,False,False,False,34800.0,33390.95,34485.53,,,P2,False
13674,False,False,,False,False,False,34800.0,33390.95,34485.53,,,P2,False
13675,False,False,,False,False,False,34800.0,33390.95,34485.53,,,P2,False
13676,False,False,,False,False,False,34800.0,33390.95,34485.53,,,P2,False
13677,False,False,,False,False,False,34800.0,33390.95,34448.0,,,P2,False
13678,False,False,,False,False,False,34800.0,33390.95,34485.53,,,P2,False
13679,False,False,,False,False,False,34800.0,33390.95,34800.0,,,P2,False
13680,False,False,,False,False,False,34800.0,33390.95,34800.0,,,P2,False
13681,False,False,,False,False,False,34800.0,33679.44,34800.0,,,P2,False
13682,False,False,,False,False,False,35500.0,33860.0,34800.0,,,P2,False
13683,False,False,,False,False,False,35500.0,33907.79,34485.53,,,P2,False
13684,False,False,,False,False,False,35500.0,33907.79,34485.53,,,P2,False
13685,False,False,,False,False,False,35500.0,33907.79,34800.0,,,P2,False
13686,False,False,,False,False,False,35500.0,33930.0,34800.0,,,P2,False
13687,False,False,,False,False,False,35861.1,33930.0,35600.0,,,P2,False
13688,False,False,,False,False,False,35861.1,33930.0,35600.0,,,P2,False
13689,False,False,,False,False,False,35861.1,33930.0,35600.0,,,P2,False
13690,False,False,,False,False,False,35861.1,34025.0,34448.0,,,P2,False
13691,False,False,,False,False,False,35861.1,34025.0,34448.0,,,P2,False
13692,False,False,,False,False,False,35861.1,34025.0,34448.0,,,P2,False
13693,False,False,,False,False,False,35861.1,34025.0,34448.0,,,P2,False
13694,False,False,,False,False,False,35861.1,34025.0,34448.0,,,P2,False
13695,False,False,,False,False,False,35861.1,34025.0,34448.0,,,P2,False
13696,False,False,,False,False,False,35861.1,34025.0,34448.0,,,P2,False
13697,False,False,,False,False,False,35861.1,34025.0,34448.0,,,P2,False
13698,False,False,,False,False,False,36384.02,34025.0,34448.0,,,P2,False
13699,False,False,,False,False,False,36384.02,34025.0,34448.0,,,P2,False
13700,False,False,,False,False,False,36384.02,34025.0,34448.0,,,P2,False
13701,False,False,,False,False,False,36384.02,34025.0,34448.0,,,P2,False
13702,False,False,,False,False,True,36384.02,34025.0,34448.0,,,P2,False
13703,False,False,,False,False,False,36384.02,34097.39,34448.0,,,P2,False
13704,False,False,,False,False,False,36384.02,34097.39,34448.0,,,P2,False
13705,False,False,,False,False,False,36677.0,34097.39,34448.0,,,P2,False
13706,False,False,,False,False,False,36677.0,34097.39,34448.0,,,P2,False
13707,False,False,swing,False,True,True,36677.0,34097.39,34448.0,36677.0,36677.0,P2,False
13708,False,False,swing,False,True,False,36677.0,34097.39,34448.0,36677.0,,P2,False
13709,False,False,,False,False,False,36677.0,34097.39,34448.0,,,P2,False
13710,False,False,,False,False,False,36677.0,34120.0,35600.0,,,P2,False
13711,False,False,,False,False,False,36677.0,34120.0,35600.0,,,P2,False
13712,False,False,,False,False,False,36677.0,34120.0,35600.0,,,P2,False
13713,False,False,,False,False,False,36677.0,34120.0,35600.0,,,P2,False
13714,False,False,,False,False,False,35632.01,34120.0,35632.01,,,P2,False
13715,False,False,,False,False,False,35632.01,34120.0,36666.93,,,P2,False
13716,False,False,,False,False,False,35632.01,34120.0,36666.93,,,P2,False
13717,False,False,,False,False,False,35632.01,34120.0,35632.01,,,P2,False
13718,False,False,,False,False,False,35632.01,34120.0,35632.01,,,P2,False
13719,False,False,,False,False,False,35632.01,34120.0,35632.01,,,P2,False
13720,False,False,,False,False,False,35632.01,34120.0,35632.01,,,P2,False
13721,False,False,,False,False,False,35632.01,34150.68,35632.01,,,P2,False
13722,False,False,,False,False,False,35632.01,34323.37,35616.005000000005,,,P2,False
13723,False,False,,False,False,False,36870.0,34448.0,36677.0,,,P2,False
13724,False,False,,False,False,False,36870.0,34448.0,36677.0,,,P2,False
13725,False,False,,False,False,False,36870.0,34448.0,36677.0,,,P2,False
13726,False,False,,False,False,False,36870.0,34448.0,36677.0,,,P2,False
13727,False,False,,False,False,False,36870.0,34448.0,36677.0,,,P2,False
13728,False,False,,False,False,False,36870.0,34448.0,36677.0,,,P2,False
13729,False,False,,False,False,False,36870.0,34448.0,36677.0,,,P2,False
13730,False,False,,False,False,False,36870.0,34448.0,36677.0,,,P2,False
13731,False,False,,False,False,False,36870.0,34448.0,36677.0,,,P2,False
13732,False,False,,False,False,False,36870.0,34448.0,36677.0,,,P2,False
13733,False,False,,False,False,False,36870.0,34448.0,36677.0,,,P2,False
13734,False,False,,False,False,False,36870.0,34448.0,35600.0,,,P2,False
13735,False,False,,False,False,False,36870.0,34448.0,35600.0,,,P2,False
13736,False,False,,False,False,False,36870.0,34523.06,35600.0,,,P2,False
13737,False,False,,False,False,False,36870.0,34523.06,35600.0,,,P2,False
13738,False,False,,False,False,False,36870.0,34523.06,35600.0,,,P2,False
13739,False,False,,False,False,False,36870.0,34523.06,35600.0,,,P2,False
13740,False,False,,False,False,False,36870.0,34523.06,35600.0,,,P2,False
13741,False,False,,False,False,False,36870.0,34523.06,35600.0,,,P2,False
13742,False,False,,False,False,False,36870.0,34523.06,35600.0,,,P2,False
13743,False,False,,False,False,False,36870.0,34523.06,35600.0,,,P2,False
13744,False,False,,False,False,False,36870.0,34523.06,35600.0,,,P2,False
13745,False,False,,False,False,False,36870.0,34523.06,35600.0,,,P2,False
13746,False,False,,False,False,False,36870.0,34560.0,35600.0,,,P2,False
13747,False,False,,False,False,False,36870.0,34800.0,35600.0,,,P2,False
13748,False,False,,False,False,False,36707.0,34800.0,36692.0,,,P2,False
13749,False,False,,False,False,False,36707.0,34800.0,36692.0,,,P2,False
13750,False,False,,False,False,False,36707.0,34800.0,36692.0,,,P2,False
13751,False,False,,False,False,False,36707.0,34800.0,36707.0,,,P2,False
13752,False,False,,False,False,False,36707.0,34800.0,36692.0,,,P2,False
13753,False,False,,False,False,False,36707.0,34800.0,36692.0,,,P2,False
13754,False,False,,False,False,False,36707.0,34800.0,36692.0,,,P2,False
13755,False,False,,False,False,False,36707.0,34800.0,36692.0,,,P2,False
13756,False,False,,False,False,False,36707.0,34800.0,36692.0,,,P2,False
13757,False,False,,False,False,False,36707.0,34800.0,36692.0,,,P2,False
13758,False,False,,False,False,False,36707.0,34800.0,36692.0,,,P2,False
13759,False,False,,False,False,False,37570.0,34800.0,36692.0,,,P2,False
13760,False,False,,False,False,False,37570.0,34800.0,36692.0,,,P2,False
13761,False,False,,False,False,False,37570.0,34800.0,36692.0,,,P2,False
13762,False,False,,False,False,False,37570.0,34800.0,36692.0,,,P2,False
13763,False,False,,False,False,False,37570.0,34800.0,36707.0,,,P2,False
13764,False,False,,False,False,False,37570.0,34800.0,36707.0,,,P2,False
13765,False,False,,False,False,False,37500.0,34800.0,36707.0,,,P2,False
13766,False,False,,False,False,False,37500.0,34800.0,36707.0,,,P2,False
13767,False,False,,False,False,False,37500.0,34800.0,36692.0,,,P2,False
13768,False,False,,False,False,False,37500.0,34800.0,36692.0,,,P2,False
13769,False,False,,False,False,False,37500.0,34800.0,36692.0,,,P2,False
13770,False,False,,False,False,False,37500.0,34800.0,36692.0,,,P2,False
13771,False,False,,False,False,False,37500.0,34800.0,36707.0,,,P2,False
13772,False,False,,False,False,False,37500.0,34800.0,36692.0,,,P2,False
13773,False,False,,False,False,False,37500.0,34800.0,36692.0,,,P2,False
13774,False,False,,False,False,False,37500.0,34800.0,36692.0,,,P2,False
13775,False,False,,False,False,False,37500.0,34800.0,36707.0,,,P2,False
13776,False,False,,False,False,False,37500.0,34800.0,36707.0,,,P2,False
13777,False,False,,False,False,False,37500.0,34800.0,36692.0,,,P2,False
13778,False,False,,False,False,False,37500.0,34800.0,36692.0,,,P2,False
13779,False,False,,False,False,False,37500.0,34800.0,36692.0,,,P2,False
13780,False,False,,False,False,False,37500.0,34800.0,36692.0,,,P2,False
13781,False,False,,False,False,False,37500.0,34800.0,36692.0,,,P2,False
13782,False,False,,False,False,False,37500.0,34800.0,36692.0,,,P2,False
13783,False,False,,False,False,False,37500.0,34800.0,36692.0,,,P2,False
13784,False,False,,False,False,False,37500.0,34800.0,36692.0,,,P2,False
13785,False,False,,False,False,False,37500.0,34800.0,36692.0,,,P2,False
13786,False,False,,False,False,False,37500.0,34800.0,36692.0,,,P2,False
13787,False,False,,False,False,False,37500.0,34800.0,36692.0,,,P2,False
13788,False,False,,False,False,False,37500.0,34800.0,36692.0,,,P2,False
13789,False,False,,False,False,False,37500.0,35214.39,36692.0,,,P2,False
13790,False,False,,False,False,False,37500.0,35360.0,36692.0,,,P2,False
13791,False,False,,False,False,False,37500.0,35375.38,36692.0,,,P2,False
13792,False,False,,False,False,False,37500.0,35500.0,36692.0,,,P2,False
13793,False,False,,False,False,False,37500.0,35500.0,36692.0,,,P2,False
13794,False,False,,False,False,False,37500.0,35500.0,36692.0,,,P2,False
13795,False,False,,False,False,False,37500.0,35500.0,36692.0,,,P2,False
13796,False,False,,False,False,False,37500.0,35500.0,36692.0,,,P2,False
13797,False,False,,False,False,False,37500.0,35500.0,36692.0,,,P2,False
13798,False,False,,False,False,False,37500.0,35500.0,36692.0,,,P2,False
13799,False,False,,False,False,False,37500.0,35500.0,36692.0,,,P2,False
13800,False,False,,False,False,False,43335.28,35500.0,36692.0,,,P2,False
13801,False,False,,False,False,False,43335.28,35632.01,36692.0,,,P2,False
13802,False,False,,False,False,False,43335.28,35632.01,36692.0,,,P2,False
13803,False,False,,False,False,False,43335.28,35632.01,36692.0,,,P2,False
13804,False,False,,False,False,False,43335.28,35632.01,36692.0,,,P2,False
13805,False,False,,False,False,False,43335.28,35632.01,36692.0,,,P2,False
13806,False,False,,False,False,False,42821.1,35632.01,36692.0,,,P2,False
13807,False,False,,False,False,False,42821.1,35632.01,36692.0,,,P2,False
13808,False,False,,False,False,False,42821.1,35632.01,36692.0,,,P2,False
13809,False,False,,False,False,False,42821.1,35632.01,36692.0,,,P2,False
13810,False,False,,False,False,False,42821.1,35632.01,36692.0,,,P2,False
13811,False,False,,False,False,False,42821.1,35632.01,36692.0,,,P2,False
13812,False,False,,False,False,False,42821.1,35632.01,36692.0,,,P2,False
13813,False,False,,False,False,False,42821.1,35632.01,36692.0,,,P2,False
13814,False,False,,False,False,False,42821.1,35632.01,36692.0,,,P2,False
13815,False,False,,False,False,False,42821.1,35632.01,36692.0,,,P2,False
13816,False,False,,False,False,False,42821.1,35632.01,36692.0,,,P2,False
13817,False,False,,False,False,False,42821.1,35632.01,36692.0,,,P2,False
13818,False,False,,False,False,False,42821.1,35632.01,36692.0,,,P2,False
13819,False,False,,False,False,False,42821.1,35632.01,36692.0,,,P2,False
13820,False,False,,False,False,False,42821.1,35632.01,36692.0,,,P2,False
13821,False,False,,False,False,False,43584.51,35632.01,36692.0,,,P2,False
13822,False,False,,False,False,False,43584.51,35632.01,36692.0,,,P2,False
13823,False,False,,False,False,False,43584.51,35632.01,36692.0,,,P2,False
13824,False,False,,False,False,False,43584.51,35632.01,36692.0,,,P2,False
13825,False,False,,False,False,False,43584.51,35632.01,36692.0,,,P2,False
13826,False,False,,False,False,False,43584.51,35632.01,36692.0,,,P2,False
13827,False,False,,False,False,False,43584.51,35632.01,36692.0,,,P2,False
13828,False,False,,False,False,False,40400.0,35632.01,36692.0,,,P2,False
13829,False,False,,False,False,False,40400.0,35632.01,36692.0,,,P2,False
13830,False,False,,False,False,False,40400.0,35632.01,36692.0,,,P2,False
13831,False,False,,False,False,False,40400.0,35632.01,36692.0,,,P2,False
13832,False,False,,False,False,False,40222.0,35632.01,36692.0,,,P2,False
13833,False,False,,False,False,False,40222.0,36239.2,36692.0,,,P2,False
13834,False,False,,False,False,False,40222.0,36239.2,36692.0,,,P2,False
13835,False,False,,False,False,False,40222.0,36239.2,36692.0,,,P2,False
13836,False,False,,False,False,False,40222.0,36372.58,36692.0,,,P2,False
13837,False,False,,False,False,False,40222.0,36707.0,36692.0,,,P2,False
13838,False,False,,False,False,False,40222.0,36707.0,36692.0,,,P2,False
13839,False,False,,False,False,False,40222.0,36707.0,36692.0,,,P2,False
13840,False,False,,False,False,False,40555.0,36707.0,40400.0,,,P2,False
13841,False,False,,False,False,False,40555.0,36707.0,40400.0,,,P2,False
13842,False,False,,False,False,False,40555.0,36707.0,40400.0,,,P2,False
13843,False,False,,False,False,False,40555.0,36707.0,40400.0,,,P2,False
13844,False,False,,False,False,False,40555.0,36707.0,40400.0,,,P2,False
13845,False,False,,False,False,False,40555.0,36707.0,40400.0,,,P2,False
13846,False,False,,False,False,False,40555.0,36707.0,40400.0,,,P2,False
13847,False,False,,False,False,False,40555.0,36707.0,40400.0,,,P2,False
13848,False,False,,False,False,False,40555.0,36707.0,40400.0,,,P2,False
13849,False,False,,False,False,False,41400.0,36707.0,40400.0,,,P2,False
13850,False,False,,False,False,False,41400.0,36707.0,40400.0,,,P2,False
13851,False,False,,False,False,False,41400.0,36707.0,40400.0,,,P2,False
13852,False,False,,False,False,False,41400.0,36707.0,40400.0,,,P2,False
13853,False,False,,False,False,False,41400.0,36707.0,40400.0,,,P2,False
13854,False,False,,False,False,False,41400.0,36707.0,40400.0,,,P2,False
13855,False,False,,False,False,False,41400.0,36707.0,40400.0,,,P2,False
13856,False,False,,False,False,False,41400.0,36707.0,40400.0,,,P2,False
13857,False,False,,False,False,False,41400.0,36707.0,40400.0,,,P2,False
13858,False,False,,False,False,False,41605.0,36707.0,40400.0,,,P2,False
13859,False,False,,False,False,False,41605.0,36707.0,40400.0,,,P2,False
13860,False,False,,False,False,False,41605.0,36707.0,40400.0,,,P2,False
13861,False,False,,False,False,False,41605.0,36707.0,40400.0,,,P2,False
13862,False,False,,False,False,False,41605.0,36707.0,40400.0,,,P2,False
13863,False,False,swing,False,True,False,41605.0,36707.0,40400.0,41605.0,,P2,False
13864,False,False,,False,False,False,41605.0,36707.0,40400.0,,,P2,False
13865,False,False,,False,False,False,41605.0,36707.0,40400.0,,,P2,False
13866,False,False,,False,False,False,41605.0,36707.0,40400.0,,,P2,False
13867,False,False,,False,False,False,41605.0,36792.51,40400.0,,,P2,False
13868,False,False,,False,False,False,41605.0,36868.41,40400.0,,,P2,False
13869,False,False,,False,False,False,41605.0,36868.41,40400.0,,,P2,False
13870,False,False,,False,False,False,41605.0,36931.1,40400.0,,,P2,False
13871,False,False,,False,False,False,41605.0,37142.81,40400.0,,,P2,False
13872,False,False,,False,False,False,40542.93,37500.0,40542.93,,,P2,False
13873,False,False,,False,False,False,40542.93,37500.0,40542.93,,,P2,False
13874,False,False,,False,False,False,40542.93,37500.0,40542.93,,,P2,False
13875,False,False,,False,False,False,40542.93,37500.0,40542.93,,,P2,False
13876,False,False,,False,False,False,40542.93,37500.0,40542.93,,,P2,False
13877,False,False,,False,False,False,40542.93,37500.0,40542.93,,,P2,False
13878,False,False,,False,False,False,40542.93,37500.0,40542.93,,,P2,False
13879,False,False,,False,False,False,40542.93,37500.0,40542.93,,,P2,False
13880,False,False,,False,False,False,41811.1,37500.0,41605.0,,,P2,False
13881,False,False,,False,False,False,41811.1,37500.0,41605.0,,,P2,False
13882,False,False,,False,False,False,41811.1,37500.0,41605.0,,,P2,False
13883,False,False,,False,False,False,41811.1,37500.0,41605.0,,,P2,False
13884,False,False,,False,False,False,41811.1,37535.0,41605.0,,,P2,False
13885,False,False,,False,False,False,41811.1,37604.0,41605.0,,,P2,False
13886,False,False,,False,False,False,41811.1,37615.86,41605.0,,,P2,False
13887,False,False,,False,False,False,41811.1,38022.67,41605.0,,,P2,False
13888,False,False,,False,False,False,41811.1,38215.0,41605.0,,,P2,False
13889,False,False,,False,False,False,41811.1,38219.0,41605.0,,,P2,False
13890,False,False,,False,False,False,41811.1,38395.0,41605.0,,,P2,False
13891,False,False,,False,False,False,41811.1,38641.61,41605.0,,,P2,False
13892,False,False,,False,False,False,43370.4,38641.61,43370.4,,,P2,False
13893,False,False,,False,False,False,43370.4,38651.1,43370.4,,,P2,False
13894,False,False,,False,False,False,43370.4,38651.1,43370.4,,,P2,False
13895,False,False,,False,False,False,43370.4,38703.44,43370.4,,,P2,False
13896,False,False,,False,False,False,43370.4,38703.44,43370.4,,,P2,False
13897,False,False,,False,False,False,43412.54,39274.86,43391.47,,,P2,False
13898,False,False,,False,False,False,43412.54,39274.86,43391.47,,,P2,False
13899,False,False,,False,False,False,43412.54,39315.39,43391.47,,,P2,False
13900,False,False,,False,False,False,43412.54,39381.34,43391.47,,,P2,False
13901,False,False,,False,False,False,43291.1,39381.34,43412.54,,,P2,False
13902,False,False,,False,False,False,43291.1,39430.01,43412.54,,,P2,False
13903,False,False,,False,False,False,43291.1,39552.98,43412.54,,,P2,False
13904,False,False,,False,False,False,43291.1,39972.26,43412.54,,,P2,False
13905,False,False,,False,False,False,43291.1,40222.0,43412.54,,,P2,False
13906,False,False,,False,False,False,43291.1,40222.0,43412.54,,,P2,False
13907,False,False,,False,False,False,43401.0,40222.0,41605.0,,,P2,False
13908,False,False,,False,False,False,43401.0,40222.0,41605.0,,,P2,False
13909,False,False,,False,False,False,43401.0,40222.0,41605.0,,,P2,False
13910,False,False,,False,False,False,43401.0,40222.0,41605.0,,,P2,False
13911,False,False,,False,False,False,42500.0,40222.0,43406.770000000004,,,P2,False
13912,False,False,,False,False,False,42500.0,40222.0,43406.770000000004,,,P2,False
13913,False,False,,False,False,False,42500.0,40222.0,43406.770000000004,,,P2,False
13914,False,False,,False,False,False,42500.0,40222.0,43406.770000000004,,,P2,False
13915,False,False,,False,False,False,42500.0,40222.0,41605.0,,,P2,False
13916,False,False,swing,False,True,False,42500.0,40222.0,41605.0,42500.0,,P2,False
13917,False,False,,False,False,False,42500.0,40222.0,41605.0,,,P2,False
13918,False,False,,False,False,False,42500.0,40222.0,41605.0,,,P2,False
13919,False,False,,False,False,False,42500.0,40222.0,41605.0,,,P2,False
13920,False,False,,False,False,False,42500.0,40222.0,41605.0,,,P2,False
13921,False,False,,False,False,False,42500.0,40222.0,41605.0,,,P2,False
13922,False,False,,False,False,False,41637.6,40222.0,41637.6,,,P2,False
13923,False,False,,False,False,False,41637.6,40222.0,41637.6,,,P2,False
13924,False,False,,False,False,False,41637.6,40222.0,41637.6,,,P2,False
13925,False,False,,False,False,False,41637.6,40222.0,43401.0,,,P2,False
13926,False,False,,False,False,False,41637.6,40222.0,43401.0,,,P2,False
13927,False,False,,False,False,False,41637.6,40222.0,41637.6,,,P2,False
13928,False,False,,False,False,False,41637.6,40222.0,41637.6,,,P2,False
13929,False,False,,False,False,False,41637.6,40222.0,41637.6,,,P2,False
13930,False,False,,False,False,False,41637.6,40222.0,41637.6,,,P2,False
13931,False,False,,False,False,False,41637.6,40222.0,41637.6,,,P2,False
13932,False,False,,False,False,False,41637.6,40222.0,41637.6,,,P2,False
13933,False,False,,False,False,False,41637.6,40222.0,41637.6,,,P2,False
13934,False,False,,False,False,False,41637.6,40222.0,41637.6,,,P2,False
13935,False,False,,False,False,False,41637.6,40222.0,41637.6,,,P2,False
13936,False,False,swing|zone,False,True,False,42088.92,40222.0,41724.35,42088.92,,P2,False
13937,False,False,zone,False,True,False,42088.92,40222.0,41724.35,41724.35,,P2,False
13938,False,False,,False,False,False,42088.92,40222.0,41724.35,,,P2,False
13939,False,False,,False,False,False,42088.92,40222.0,41724.35,,,P2,False
13940,False,False,zone,False,True,False,42088.92,40222.0,41724.35,41724.35,,P2,False
13941,False,False,,False,False,False,41300.0,40222.0,41724.35,,,P2,False
13942,False,False,,False,False,False,41300.0,40222.0,41724.35,,,P2,False
13943,False,False,,False,False,False,41300.0,40222.0,41637.6,,,P2,False
13944,False,False,,False,False,False,41300.0,40222.0,41637.6,,,P2,False
13945,False,False,,False,False,False,41300.0,40222.0,41637.6,,,P2,False
13946,False,False,,False,False,False,41300.0,40222.0,41637.6,,,P2,False
13947,False,False,,False,False,False,41300.0,40222.0,41637.6,,,P2,False
13948,False,False,,False,False,False,41300.0,40222.0,41637.6,,,P2,False
13949,False,False,,False,False,False,41300.0,40222.0,41637.6,,,P2,False
