candidate,coin,variant,params,n_defined
R1,BTC,base,"{""ma_fast"": 100, ""ma_slow"": 200, ""slope_k"": 10, ""adx_n"": 14, ""atr_n"": 14, ""w_vol"": 252, ""bb_n"": 20, ""bb_mult"": 2.0, ""w_dd"": 100, ""q_lo"": 0.2, ""q_hi"": 0.8, ""s_atr"": 0.7, ""vol_conf"": 0.5, ""f_thr"": 0.1, ""f_hours"": 168, ""d1"": ""a"", ""d2"": ""bbw"", ""d3"": false, ""d4"": false, ""adx_thr"": 20, ""dd_thr"": null}",3046
R1,BTC,adx-2,"{""ma_fast"": 100, ""ma_slow"": 200, ""slope_k"": 10, ""adx_n"": 14, ""atr_n"": 14, ""w_vol"": 252, ""bb_n"": 20, ""bb_mult"": 2.0, ""w_dd"": 100, ""q_lo"": 0.2, ""q_hi"": 0.8, ""s_atr"": 0.7, ""vol_conf"": 0.5, ""f_thr"": 0.1, ""f_hours"": 168, ""d1"": ""a"", ""d2"": ""bbw"", ""d3"": false, ""d4"": false, ""adx_thr"": 18, ""dd_thr"": null}",3046
R1,BTC,adx+2,"{""ma_fast"": 100, ""ma_slow"": 200, ""slope_k"": 10, ""adx_n"": 14, ""atr_n"": 14, ""w_vol"": 252, ""bb_n"": 20, ""bb_mult"": 2.0, ""w_dd"": 100, ""q_lo"": 0.2, ""q_hi"": 0.8, ""s_atr"": 0.7, ""vol_conf"": 0.5, ""f_thr"": 0.1, ""f_hours"": 168, ""d1"": ""a"", ""d2"": ""bbw"", ""d3"": false, ""d4"": false, ""adx_thr"": 22, ""dd_thr"": null}",3046
R1,BTC,ma90,"{""ma_fast"": 90, ""ma_slow"": 200, ""slope_k"": 10, ""adx_n"": 14, ""atr_n"": 14, ""w_vol"": 252, ""bb_n"": 20, ""bb_mult"": 2.0, ""w_dd"": 100, ""q_lo"": 0.2, ""q_hi"": 0.8, ""s_atr"": 0.7, ""vol_conf"": 0.5, ""f_thr"": 0.1, ""f_hours"": 168, ""d1"": ""a"", ""d2"": ""bbw"", ""d3"": false, ""d4"": false, ""adx_thr"": 20, ""dd_thr"": null}",3046
R1,BTC,ma110,"{""ma_fast"": 110, ""ma_slow"": 200, ""slope_k"": 10, ""adx_n"": 14, ""atr_n"": 14, ""w_vol"": 252, ""bb_n"": 20, ""bb_mult"": 2.0, ""w_dd"": 100, ""q_lo"": 0.2, ""q_hi"": 0.8, ""s_atr"": 0.7, ""vol_conf"": 0.5, ""f_thr"": 0.1, ""f_hours"": 168, ""d1"": ""a"", ""d2"": ""bbw"", ""d3"": false, ""d4"": false, ""adx_thr"": 20, ""dd_thr"": null}",3046
R1,BTC,band-0.05,"{""ma_fast"": 100, ""ma_slow"": 200, ""slope_k"": 10, ""adx_n"": 14, ""atr_n"": 14, ""w_vol"": 252, ""bb_n"": 20, ""bb_mult"": 2.0, ""w_dd"": 100, ""q_lo"": 0.15, ""q_hi"": 0.85, ""s_atr"": 0.7, ""vol_conf"": 0.5, ""f_thr"": 0.1, ""f_hours"": 168, ""d1"": ""a"", ""d2"": ""bbw"", ""d3"": false, ""d4"": false, ""adx_thr"": 20, ""dd_thr"": null}",3046
R1,BTC,band+0.05,"{""ma_fast"": 100, ""ma_slow"": 200, ""slope_k"": 10, ""adx_n"": 14, ""atr_n"": 14, ""w_vol"": 252, ""bb_n"": 20, ""bb_mult"": 2.0, ""w_dd"": 100, ""q_lo"": 0.25, ""q_hi"": 0.75, ""s_atr"": 0.7, ""vol_conf"": 0.5, ""f_thr"": 0.1, ""f_hours"": 168, ""d1"": ""a"", ""d2"": ""bbw"", ""d3"": false, ""d4"": false, ""adx_thr"": 20, ""dd_thr"": null}",3046
R1,BTC,wvol189,"{""ma_fast"": 100, ""ma_slow"": 200, ""slope_k"": 10, ""adx_n"": 14, ""atr_n"": 14, ""w_vol"": 189, ""bb_n"": 20, ""bb_mult"": 2.0, ""w_dd"": 100, ""q_lo"": 0.2, ""q_hi"": 0.8, ""s_atr"": 0.7, ""vol_conf"": 0.5, ""f_thr"": 0.1, ""f_hours"": 168, ""d1"": ""a"", ""d2"": ""bbw"", ""d3"": false, ""d4"": false, ""adx_thr"": 20, ""dd_thr"": null}",3109
R1,BTC,wvol315,"{""ma_fast"": 100, ""ma_slow"": 200, ""slope_k"": 10, ""adx_n"": 14, ""atr_n"": 14, ""w_vol"": 315, ""bb_n"": 20, ""bb_mult"": 2.0, ""w_dd"": 100, ""q_lo"": 0.2, ""q_hi"": 0.8, ""s_atr"": 0.7, ""vol_conf"": 0.5, ""f_thr"": 0.1, ""f_hours"": 168, ""d1"": ""a"", ""d2"": ""bbw"", ""d3"": false, ""d4"": false, ""adx_thr"": 20, ""dd_thr"": null}",2983
R1,ETH,base,"{""ma_fast"": 100, ""ma_slow"": 200, ""slope_k"": 10, ""adx_n"": 14, ""atr_n"": 14, ""w_vol"": 252, ""bb_n"": 20, ""bb_mult"": 2.0, ""w_dd"": 100, ""q_lo"": 0.2, ""q_hi"": 0.8, ""s_atr"": 0.7, ""vol_conf"": 0.5, ""f_thr"": 0.1, ""f_hours"": 168, ""d1"": ""a"", ""d2"": ""bbw"", ""d3"": false, ""d4"": false, ""adx_thr"": 20, ""dd_thr"": null}",3046
R1,ETH,adx-2,"{""ma_fast"": 100, ""ma_slow"": 200, ""slope_k"": 10, ""adx_n"": 14, ""atr_n"": 14, ""w_vol"": 252, ""bb_n"": 20, ""bb_mult"": 2.0, ""w_dd"": 100, ""q_lo"": 0.2, ""q_hi"": 0.8, ""s_atr"": 0.7, ""vol_conf"": 0.5, ""f_thr"": 0.1, ""f_hours"": 168, ""d1"": ""a"", ""d2"": ""bbw"", ""d3"": false, ""d4"": false, ""adx_thr"": 18, ""dd_thr"": null}",3046
R1,ETH,adx+2,"{""ma_fast"": 100, ""ma_slow"": 200, ""slope_k"": 10, ""adx_n"": 14, ""atr_n"": 14, ""w_vol"": 252, ""bb_n"": 20, ""bb_mult"": 2.0, ""w_dd"": 100, ""q_lo"": 0.2, ""q_hi"": 0.8, ""s_atr"": 0.7, ""vol_conf"": 0.5, ""f_thr"": 0.1, ""f_hours"": 168, ""d1"": ""a"", ""d2"": ""bbw"", ""d3"": false, ""d4"": false, ""adx_thr"": 22, ""dd_thr"": null}",3046
R1,ETH,ma90,"{""ma_fast"": 90, ""ma_slow"": 200, ""slope_k"": 10, ""adx_n"": 14, ""atr_n"": 14, ""w_vol"": 252, ""bb_n"": 20, ""bb_mult"": 2.0, ""w_dd"": 100, ""q_lo"": 0.2, ""q_hi"": 0.8, ""s_atr"": 0.7, ""vol_conf"": 0.5, ""f_thr"": 0.1, ""f_hours"": 168, ""d1"": ""a"", ""d2"": ""bbw"", ""d3"": false, ""d4"": false, ""adx_thr"": 20, ""dd_thr"": null}",3046
R1,ETH,ma110,"{""ma_fast"": 110, ""ma_slow"": 200, ""slope_k"": 10, ""adx_n"": 14, ""atr_n"": 14, ""w_vol"": 252, ""bb_n"": 20, ""bb_mult"": 2.0, ""w_dd"": 100, ""q_lo"": 0.2, ""q_hi"": 0.8, ""s_atr"": 0.7, ""vol_conf"": 0.5, ""f_thr"": 0.1, ""f_hours"": 168, ""d1"": ""a"", ""d2"": ""bbw"", ""d3"": false, ""d4"": false, ""adx_thr"": 20, ""dd_thr"": null}",3046
R1,ETH,band-0.05,"{""ma_fast"": 100, ""ma_slow"": 200, ""slope_k"": 10, ""adx_n"": 14, ""atr_n"": 14, ""w_vol"": 252, ""bb_n"": 20, ""bb_mult"": 2.0, ""w_dd"": 100, ""q_lo"": 0.15, ""q_hi"": 0.85, ""s_atr"": 0.7, ""vol_conf"": 0.5, ""f_thr"": 0.1, ""f_hours"": 168, ""d1"": ""a"", ""d2"": ""bbw"", ""d3"": false, ""d4"": false, ""adx_thr"": 20, ""dd_thr"": null}",3046
R1,ETH,band+0.05,"{""ma_fast"": 100, ""ma_slow"": 200, ""slope_k"": 10, ""adx_n"": 14, ""atr_n"": 14, ""w_vol"": 252, ""bb_n"": 20, ""bb_mult"": 2.0, ""w_dd"": 100, ""q_lo"": 0.25, ""q_hi"": 0.75, ""s_atr"": 0.7, ""vol_conf"": 0.5, ""f_thr"": 0.1, ""f_hours"": 168, ""d1"": ""a"", ""d2"": ""bbw"", ""d3"": false, ""d4"": false, ""adx_thr"": 20, ""dd_thr"": null}",3046
R1,ETH,wvol189,"{""ma_fast"": 100, ""ma_slow"": 200, ""slope_k"": 10, ""adx_n"": 14, ""atr_n"": 14, ""w_vol"": 189, ""bb_n"": 20, ""bb_mult"": 2.0, ""w_dd"": 100, ""q_lo"": 0.2, ""q_hi"": 0.8, ""s_atr"": 0.7, ""vol_conf"": 0.5, ""f_thr"": 0.1, ""f_hours"": 168, ""d1"": ""a"", ""d2"": ""bbw"", ""d3"": false, ""d4"": false, ""adx_thr"": 20, ""dd_thr"": null}",3109
R1,ETH,wvol315,"{""ma_fast"": 100, ""ma_slow"": 200, ""slope_k"": 10, ""adx_n"": 14, ""atr_n"": 14, ""w_vol"": 315, ""bb_n"": 20, ""bb_mult"": 2.0, ""w_dd"": 100, ""q_lo"": 0.2, ""q_hi"": 0.8, ""s_atr"": 0.7, ""vol_conf"": 0.5, ""f_thr"": 0.1, ""f_hours"": 168, ""d1"": ""a"", ""d2"": ""bbw"", ""d3"": false, ""d4"": false, ""adx_thr"": 20, ""dd_thr"": null}",2983
R1,SOL,base,"{""ma_fast"": 100, ""ma_slow"": 200, ""slope_k"": 10, ""adx_n"": 14, ""atr_n"": 14, ""w_vol"": 252, ""bb_n"": 20, ""bb_mult"": 2.0, ""w_dd"": 100, ""q_lo"": 0.2, ""q_hi"": 0.8, ""s_atr"": 0.7, ""vol_conf"": 0.5, ""f_thr"": 0.1, ""f_hours"": 168, ""d1"": ""a"", ""d2"": ""bbw"", ""d3"": false, ""d4"": false, ""adx_thr"": 20, ""dd_thr"": null}",1956
R1,SOL,adx-2,"{""ma_fast"": 100, ""ma_slow"": 200, ""slope_k"": 10, ""adx_n"": 14, ""atr_n"": 14, ""w_vol"": 252, ""bb_n"": 20, ""bb_mult"": 2.0, ""w_dd"": 100, ""q_lo"": 0.2, ""q_hi"": 0.8, ""s_atr"": 0.7, ""vol_conf"": 0.5, ""f_thr"": 0.1, ""f_hours"": 168, ""d1"": ""a"", ""d2"": ""bbw"", ""d3"": false, ""d4"": false, ""adx_thr"": 18, ""dd_thr"": null}",1956
R1,SOL,adx+2,"{""ma_fast"": 100, ""ma_slow"": 200, ""slope_k"": 10, ""adx_n"": 14, ""atr_n"": 14, ""w_vol"": 252, ""bb_n"": 20, ""bb_mult"": 2.0, ""w_dd"": 100, ""q_lo"": 0.2, ""q_hi"": 0.8, ""s_atr"": 0.7, ""vol_conf"": 0.5, ""f_thr"": 0.1, ""f_hours"": 168, ""d1"": ""a"", ""d2"": ""bbw"", ""d3"": false, ""d4"": false, ""adx_thr"": 22, ""dd_thr"": null}",1956
R1,SOL,ma90,"{""ma_fast"": 90, ""ma_slow"": 200, ""slope_k"": 10, ""adx_n"": 14, ""atr_n"": 14, ""w_vol"": 252, ""bb_n"": 20, ""bb_mult"": 2.0, ""w_dd"": 100, ""q_lo"": 0.2, ""q_hi"": 0.8, ""s_atr"": 0.7, ""vol_conf"": 0.5, ""f_thr"": 0.1, ""f_hours"": 168, ""d1"": ""a"", ""d2"": ""bbw"", ""d3"": false, ""d4"": false, ""adx_thr"": 20, ""dd_thr"": null}",1956
R1,SOL,ma110,"{""ma_fast"": 110, ""ma_slow"": 200, ""slope_k"": 10, ""adx_n"": 14, ""atr_n"": 14, ""w_vol"": 252, ""bb_n"": 20, ""bb_mult"": 2.0, ""w_dd"": 100, ""q_lo"": 0.2, ""q_hi"": 0.8, ""s_atr"": 0.7, ""vol_conf"": 0.5, ""f_thr"": 0.1, ""f_hours"": 168, ""d1"": ""a"", ""d2"": ""bbw"", ""d3"": false, ""d4"": false, ""adx_thr"": 20, ""dd_thr"": null}",1956
R1,SOL,band-0.05,"{""ma_fast"": 100, ""ma_slow"": 200, ""slope_k"": 10, ""adx_n"": 14, ""atr_n"": 14, ""w_vol"": 252, ""bb_n"": 20, ""bb_mult"": 2.0, ""w_dd"": 100, ""q_lo"": 0.15, ""q_hi"": 0.85, ""s_atr"": 0.7, ""vol_conf"": 0.5, ""f_thr"": 0.1, ""f_hours"": 168, ""d1"": ""a"", ""d2"": ""bbw"", ""d3"": false, ""d4"": false, ""adx_thr"": 20, ""dd_thr"": null}",1956
R1,SOL,band+0.05,"{""ma_fast"": 100, ""ma_slow"": 200, ""slope_k"": 10, ""adx_n"": 14, ""atr_n"": 14, ""w_vol"": 252, ""bb_n"": 20, ""bb_mult"": 2.0, ""w_dd"": 100, ""q_lo"": 0.25, ""q_hi"": 0.75, ""s_atr"": 0.7, ""vol_conf"": 0.5, ""f_thr"": 0.1, ""f_hours"": 168, ""d1"": ""a"", ""d2"": ""bbw"", ""d3"": false, ""d4"": false, ""adx_thr"": 20, ""dd_thr"": null}",1956
R1,SOL,wvol189,"{""ma_fast"": 100, ""ma_slow"": 200, ""slope_k"": 10, ""adx_n"": 14, ""atr_n"": 14, ""w_vol"": 189, ""bb_n"": 20, ""bb_mult"": 2.0, ""w_dd"": 100, ""q_lo"": 0.2, ""q_hi"": 0.8, ""s_atr"": 0.7, ""vol_conf"": 0.5, ""f_thr"": 0.1, ""f_hours"": 168, ""d1"": ""a"", ""d2"": ""bbw"", ""d3"": false, ""d4"": false, ""adx_thr"": 20, ""dd_thr"": null}",2019
R1,SOL,wvol315,"{""ma_fast"": 100, ""ma_slow"": 200, ""slope_k"": 10, ""adx_n"": 14, ""atr_n"": 14, ""w_vol"": 315, ""bb_n"": 20, ""bb_mult"": 2.0, ""w_dd"": 100, ""q_lo"": 0.2, ""q_hi"": 0.8, ""s_atr"": 0.7, ""vol_conf"": 0.5, ""f_thr"": 0.1, ""f_hours"": 168, ""d1"": ""a"", ""d2"": ""bbw"", ""d3"": false, ""d4"": false, ""adx_thr"": 20, ""dd_thr"": null}",1893
R1,XRP,base,"{""ma_fast"": 100, ""ma_slow"": 200, ""slope_k"": 10, ""adx_n"": 14, ""atr_n"": 14, ""w_vol"": 252, ""bb_n"": 20, ""bb_mult"": 2.0, ""w_dd"": 100, ""q_lo"": 0.2, ""q_hi"": 0.8, ""s_atr"": 0.7, ""vol_conf"": 0.5, ""f_thr"": 0.1, ""f_hours"": 168, ""d1"": ""a"", ""d2"": ""bbw"", ""d3"": false, ""d4"": false, ""adx_thr"": 20, ""dd_thr"": null}",2786
R1,XRP,adx-2,"{""ma_fast"": 100, ""ma_slow"": 200, ""slope_k"": 10, ""adx_n"": 14, ""atr_n"": 14, ""w_vol"": 252, ""bb_n"": 20, ""bb_mult"": 2.0, ""w_dd"": 100, ""q_lo"": 0.2, ""q_hi"": 0.8, ""s_atr"": 0.7, ""vol_conf"": 0.5, ""f_thr"": 0.1, ""f_hours"": 168, ""d1"": ""a"", ""d2"": ""bbw"", ""d3"": false, ""d4"": false, ""adx_thr"": 18, ""dd_thr"": null}",2786
R1,XRP,adx+2,"{""ma_fast"": 100, ""ma_slow"": 200, ""slope_k"": 10, ""adx_n"": 14, ""atr_n"": 14, ""w_vol"": 252, ""bb_n"": 20, ""bb_mult"": 2.0, ""w_dd"": 100, ""q_lo"": 0.2, ""q_hi"": 0.8, ""s_atr"": 0.7, ""vol_conf"": 0.5, ""f_thr"": 0.1, ""f_hours"": 168, ""d1"": ""a"", ""d2"": ""bbw"", ""d3"": false, ""d4"": false, ""adx_thr"": 22, ""dd_thr"": null}",2786
R1,XRP,ma90,"{""ma_fast"": 90, ""ma_slow"": 200, ""slope_k"": 10, ""adx_n"": 14, ""atr_n"": 14, ""w_vol"": 252, ""bb_n"": 20, ""bb_mult"": 2.0, ""w_dd"": 100, ""q_lo"": 0.2, ""q_hi"": 0.8, ""s_atr"": 0.7, ""vol_conf"": 0.5, ""f_thr"": 0.1, ""f_hours"": 168, ""d1"": ""a"", ""d2"": ""bbw"", ""d3"": false, ""d4"": false, ""adx_thr"": 20, ""dd_thr"": null}",2786
R1,XRP,ma110,"{""ma_fast"": 110, ""ma_slow"": 200, ""slope_k"": 10, ""adx_n"": 14, ""atr_n"": 14, ""w_vol"": 252, ""bb_n"": 20, ""bb_mult"": 2.0, ""w_dd"": 100, ""q_lo"": 0.2, ""q_hi"": 0.8, ""s_atr"": 0.7, ""vol_conf"": 0.5, ""f_thr"": 0.1, ""f_hours"": 168, ""d1"": ""a"", ""d2"": ""bbw"", ""d3"": false, ""d4"": false, ""adx_thr"": 20, ""dd_thr"": null}",2786
R1,XRP,band-0.05,"{""ma_fast"": 100, ""ma_slow"": 200, ""slope_k"": 10, ""adx_n"": 14, ""atr_n"": 14, ""w_vol"": 252, ""bb_n"": 20, ""bb_mult"": 2.0, ""w_dd"": 100, ""q_lo"": 0.15, ""q_hi"": 0.85, ""s_atr"": 0.7, ""vol_conf"": 0.5, ""f_thr"": 0.1, ""f_hours"": 168, ""d1"": ""a"", ""d2"": ""bbw"", ""d3"": false, ""d4"": false, ""adx_thr"": 20, ""dd_thr"": null}",2786
R1,XRP,band+0.05,"{""ma_fast"": 100, ""ma_slow"": 200, ""slope_k"": 10, ""adx_n"": 14, ""atr_n"": 14, ""w_vol"": 252, ""bb_n"": 20, ""bb_mult"": 2.0, ""w_dd"": 100, ""q_lo"": 0.25, ""q_hi"": 0.75, ""s_atr"": 0.7, ""vol_conf"": 0.5, ""f_thr"": 0.1, ""f_hours"": 168, ""d1"": ""a"", ""d2"": ""bbw"", ""d3"": false, ""d4"": false, ""adx_thr"": 20, ""dd_thr"": null}",2786
R1,XRP,wvol189,"{""ma_fast"": 100, ""ma_slow"": 200, ""slope_k"": 10, ""adx_n"": 14, ""atr_n"": 14, ""w_vol"": 189, ""bb_n"": 20, ""bb_mult"": 2.0, ""w_dd"": 100, ""q_lo"": 0.2, ""q_hi"": 0.8, ""s_atr"": 0.7, ""vol_conf"": 0.5, ""f_thr"": 0.1, ""f_hours"": 168, ""d1"": ""a"", ""d2"": ""bbw"", ""d3"": false, ""d4"": false, ""adx_thr"": 20, ""dd_thr"": null}",2849
R1,XRP,wvol315,"{""ma_fast"": 100, ""ma_slow"": 200, ""slope_k"": 10, ""adx_n"": 14, ""atr_n"": 14, ""w_vol"": 315, ""bb_n"": 20, ""bb_mult"": 2.0, ""w_dd"": 100, ""q_lo"": 0.2, ""q_hi"": 0.8, ""s_atr"": 0.7, ""vol_conf"": 0.5, ""f_thr"": 0.1, ""f_hours"": 168, ""d1"": ""a"", ""d2"": ""bbw"", ""d3"": false, ""d4"": false, ""adx_thr"": 20, ""dd_thr"": null}",2723
R1,ADA,base,"{""ma_fast"": 100, ""ma_slow"": 200, ""slope_k"": 10, ""adx_n"": 14, ""atr_n"": 14, ""w_vol"": 252, ""bb_n"": 20, ""bb_mult"": 2.0, ""w_dd"": 100, ""q_lo"": 0.2, ""q_hi"": 0.8, ""s_atr"": 0.7, ""vol_conf"": 0.5, ""f_thr"": 0.1, ""f_hours"": 168, ""d1"": ""a"", ""d2"": ""bbw"", ""d3"": false, ""d4"": false, ""adx_thr"": 20, ""dd_thr"": null}",2803
R1,ADA,adx-2,"{""ma_fast"": 100, ""ma_slow"": 200, ""slope_k"": 10, ""adx_n"": 14, ""atr_n"": 14, ""w_vol"": 252, ""bb_n"": 20, ""bb_mult"": 2.0, ""w_dd"": 100, ""q_lo"": 0.2, ""q_hi"": 0.8, ""s_atr"": 0.7, ""vol_conf"": 0.5, ""f_thr"": 0.1, ""f_hours"": 168, ""d1"": ""a"", ""d2"": ""bbw"", ""d3"": false, ""d4"": false, ""adx_thr"": 18, ""dd_thr"": null}",2803
R1,ADA,adx+2,"{""ma_fast"": 100, ""ma_slow"": 200, ""slope_k"": 10, ""adx_n"": 14, ""atr_n"": 14, ""w_vol"": 252, ""bb_n"": 20, ""bb_mult"": 2.0, ""w_dd"": 100, ""q_lo"": 0.2, ""q_hi"": 0.8, ""s_atr"": 0.7, ""vol_conf"": 0.5, ""f_thr"": 0.1, ""f_hours"": 168, ""d1"": ""a"", ""d2"": ""bbw"", ""d3"": false, ""d4"": false, ""adx_thr"": 22, ""dd_thr"": null}",2803
R1,ADA,ma90,"{""ma_fast"": 90, ""ma_slow"": 200, ""slope_k"": 10, ""adx_n"": 14, ""atr_n"": 14, ""w_vol"": 252, ""bb_n"": 20, ""bb_mult"": 2.0, ""w_dd"": 100, ""q_lo"": 0.2, ""q_hi"": 0.8, ""s_atr"": 0.7, ""vol_conf"": 0.5, ""f_thr"": 0.1, ""f_hours"": 168, ""d1"": ""a"", ""d2"": ""bbw"", ""d3"": false, ""d4"": false, ""adx_thr"": 20, ""dd_thr"": null}",2803
R1,ADA,ma110,"{""ma_fast"": 110, ""ma_slow"": 200, ""slope_k"": 10, ""adx_n"": 14, ""atr_n"": 14, ""w_vol"": 252, ""bb_n"": 20, ""bb_mult"": 2.0, ""w_dd"": 100, ""q_lo"": 0.2, ""q_hi"": 0.8, ""s_atr"": 0.7, ""vol_conf"": 0.5, ""f_thr"": 0.1, ""f_hours"": 168, ""d1"": ""a"", ""d2"": ""bbw"", ""d3"": false, ""d4"": false, ""adx_thr"": 20, ""dd_thr"": null}",2803
R1,ADA,band-0.05,"{""ma_fast"": 100, ""ma_slow"": 200, ""slope_k"": 10, ""adx_n"": 14, ""atr_n"": 14, ""w_vol"": 252, ""bb_n"": 20, ""bb_mult"": 2.0, ""w_dd"": 100, ""q_lo"": 0.15, ""q_hi"": 0.85, ""s_atr"": 0.7, ""vol_conf"": 0.5, ""f_thr"": 0.1, ""f_hours"": 168, ""d1"": ""a"", ""d2"": ""bbw"", ""d3"": false, ""d4"": false, ""adx_thr"": 20, ""dd_thr"": null}",2803
R1,ADA,band+0.05,"{""ma_fast"": 100, ""ma_slow"": 200, ""slope_k"": 10, ""adx_n"": 14, ""atr_n"": 14, ""w_vol"": 252, ""bb_n"": 20, ""bb_mult"": 2.0, ""w_dd"": 100, ""q_lo"": 0.25, ""q_hi"": 0.75, ""s_atr"": 0.7, ""vol_conf"": 0.5, ""f_thr"": 0.1, ""f_hours"": 168, ""d1"": ""a"", ""d2"": ""bbw"", ""d3"": false, ""d4"": false, ""adx_thr"": 20, ""dd_thr"": null}",2803
R1,ADA,wvol189,"{""ma_fast"": 100, ""ma_slow"": 200, ""slope_k"": 10, ""adx_n"": 14, ""atr_n"": 14, ""w_vol"": 189, ""bb_n"": 20, ""bb_mult"": 2.0, ""w_dd"": 100, ""q_lo"": 0.2, ""q_hi"": 0.8, ""s_atr"": 0.7, ""vol_conf"": 0.5, ""f_thr"": 0.1, ""f_hours"": 168, ""d1"": ""a"", ""d2"": ""bbw"", ""d3"": false, ""d4"": false, ""adx_thr"": 20, ""dd_thr"": null}",2866
R1,ADA,wvol315,"{""ma_fast"": 100, ""ma_slow"": 200, ""slope_k"": 10, ""adx_n"": 14, ""atr_n"": 14, ""w_vol"": 315, ""bb_n"": 20, ""bb_mult"": 2.0, ""w_dd"": 100, ""q_lo"": 0.2, ""q_hi"": 0.8, ""s_atr"": 0.7, ""vol_conf"": 0.5, ""f_thr"": 0.1, ""f_hours"": 168, ""d1"": ""a"", ""d2"": ""bbw"", ""d3"": false, ""d4"": false, ""adx_thr"": 20, ""dd_thr"": null}",2740
R1,AVAX,base,"{""ma_fast"": 100, ""ma_slow"": 200, ""slope_k"": 10, ""adx_n"": 14, ""atr_n"": 14, ""w_vol"": 252, ""bb_n"": 20, ""bb_mult"": 2.0, ""w_dd"": 100, ""q_lo"": 0.2, ""q_hi"": 0.8, ""s_atr"": 0.7, ""vol_conf"": 0.5, ""f_thr"": 0.1, ""f_hours"": 168, ""d1"": ""a"", ""d2"": ""bbw"", ""d3"": false, ""d4"": false, ""adx_thr"": 20, ""dd_thr"": null}",1914
R1,AVAX,adx-2,"{""ma_fast"": 100, ""ma_slow"": 200, ""slope_k"": 10, ""adx_n"": 14, ""atr_n"": 14, ""w_vol"": 252, ""bb_n"": 20, ""bb_mult"": 2.0, ""w_dd"": 100, ""q_lo"": 0.2, ""q_hi"": 0.8, ""s_atr"": 0.7, ""vol_conf"": 0.5, ""f_thr"": 0.1, ""f_hours"": 168, ""d1"": ""a"", ""d2"": ""bbw"", ""d3"": false, ""d4"": false, ""adx_thr"": 18, ""dd_thr"": null}",1914
R1,AVAX,adx+2,"{""ma_fast"": 100, ""ma_slow"": 200, ""slope_k"": 10, ""adx_n"": 14, ""atr_n"": 14, ""w_vol"": 252, ""bb_n"": 20, ""bb_mult"": 2.0, ""w_dd"": 100, ""q_lo"": 0.2, ""q_hi"": 0.8, ""s_atr"": 0.7, ""vol_conf"": 0.5, ""f_thr"": 0.1, ""f_hours"": 168, ""d1"": ""a"", ""d2"": ""bbw"", ""d3"": false, ""d4"": false, ""adx_thr"": 22, ""dd_thr"": null}",1914
R1,AVAX,ma90,"{""ma_fast"": 90, ""ma_slow"": 200, ""slope_k"": 10, ""adx_n"": 14, ""atr_n"": 14, ""w_vol"": 252, ""bb_n"": 20, ""bb_mult"": 2.0, ""w_dd"": 100, ""q_lo"": 0.2, ""q_hi"": 0.8, ""s_atr"": 0.7, ""vol_conf"": 0.5, ""f_thr"": 0.1, ""f_hours"": 168, ""d1"": ""a"", ""d2"": ""bbw"", ""d3"": false, ""d4"": false, ""adx_thr"": 20, ""dd_thr"": null}",1914
R1,AVAX,ma110,"{""ma_fast"": 110, ""ma_slow"": 200, ""slope_k"": 10, ""adx_n"": 14, ""atr_n"": 14, ""w_vol"": 252, ""bb_n"": 20, ""bb_mult"": 2.0, ""w_dd"": 100, ""q_lo"": 0.2, ""q_hi"": 0.8, ""s_atr"": 0.7, ""vol_conf"": 0.5, ""f_thr"": 0.1, ""f_hours"": 168, ""d1"": ""a"", ""d2"": ""bbw"", ""d3"": false, ""d4"": false, ""adx_thr"": 20, ""dd_thr"": null}",1914
R1,AVAX,band-0.05,"{""ma_fast"": 100, ""ma_slow"": 200, ""slope_k"": 10, ""adx_n"": 14, ""atr_n"": 14, ""w_vol"": 252, ""bb_n"": 20, ""bb_mult"": 2.0, ""w_dd"": 100, ""q_lo"": 0.15, ""q_hi"": 0.85, ""s_atr"": 0.7, ""vol_conf"": 0.5, ""f_thr"": 0.1, ""f_hours"": 168, ""d1"": ""a"", ""d2"": ""bbw"", ""d3"": false, ""d4"": false, ""adx_thr"": 20, ""dd_thr"": null}",1914
R1,AVAX,band+0.05,"{""ma_fast"": 100, ""ma_slow"": 200, ""slope_k"": 10, ""adx_n"": 14, ""atr_n"": 14, ""w_vol"": 252, ""bb_n"": 20, ""bb_mult"": 2.0, ""w_dd"": 100, ""q_lo"": 0.25, ""q_hi"": 0.75, ""s_atr"": 0.7, ""vol_conf"": 0.5, ""f_thr"": 0.1, ""f_hours"": 168, ""d1"": ""a"", ""d2"": ""bbw"", ""d3"": false, ""d4"": false, ""adx_thr"": 20, ""dd_thr"": null}",1914
R1,AVAX,wvol189,"{""ma_fast"": 100, ""ma_slow"": 200, ""slope_k"": 10, ""adx_n"": 14, ""atr_n"": 14, ""w_vol"": 189, ""bb_n"": 20, ""bb_mult"": 2.0, ""w_dd"": 100, ""q_lo"": 0.2, ""q_hi"": 0.8, ""s_atr"": 0.7, ""vol_conf"": 0.5, ""f_thr"": 0.1, ""f_hours"": 168, ""d1"": ""a"", ""d2"": ""bbw"", ""d3"": false, ""d4"": false, ""adx_thr"": 20, ""dd_thr"": null}",1977
R1,AVAX,wvol315,"{""ma_fast"": 100, ""ma_slow"": 200, ""slope_k"": 10, ""adx_n"": 14, ""atr_n"": 14, ""w_vol"": 315, ""bb_n"": 20, ""bb_mult"": 2.0, ""w_dd"": 100, ""q_lo"": 0.2, ""q_hi"": 0.8, ""s_atr"": 0.7, ""vol_conf"": 0.5, ""f_thr"": 0.1, ""f_hours"": 168, ""d1"": ""a"", ""d2"": ""bbw"", ""d3"": false, ""d4"": false, ""adx_thr"": 20, ""dd_thr"": null}",1851
R1,LINK,base,"{""ma_fast"": 100, ""ma_slow"": 200, ""slope_k"": 10, ""adx_n"": 14, ""atr_n"": 14, ""w_vol"": 252, ""bb_n"": 20, ""bb_mult"": 2.0, ""w_dd"": 100, ""q_lo"": 0.2, ""q_hi"": 0.8, ""s_atr"": 0.7, ""vol_conf"": 0.5, ""f_thr"": 0.1, ""f_hours"": 168, ""d1"": ""a"", ""d2"": ""bbw"", ""d3"": false, ""d4"": false, ""adx_thr"": 20, ""dd_thr"": null}",2529
R1,LINK,adx-2,"{""ma_fast"": 100, ""ma_slow"": 200, ""slope_k"": 10, ""adx_n"": 14, ""atr_n"": 14, ""w_vol"": 252, ""bb_n"": 20, ""bb_mult"": 2.0, ""w_dd"": 100, ""q_lo"": 0.2, ""q_hi"": 0.8, ""s_atr"": 0.7, ""vol_conf"": 0.5, ""f_thr"": 0.1, ""f_hours"": 168, ""d1"": ""a"", ""d2"": ""bbw"", ""d3"": false, ""d4"": false, ""adx_thr"": 18, ""dd_thr"": null}",2529
R1,LINK,adx+2,"{""ma_fast"": 100, ""ma_slow"": 200, ""slope_k"": 10, ""adx_n"": 14, ""atr_n"": 14, ""w_vol"": 252, ""bb_n"": 20, ""bb_mult"": 2.0, ""w_dd"": 100, ""q_lo"": 0.2, ""q_hi"": 0.8, ""s_atr"": 0.7, ""vol_conf"": 0.5, ""f_thr"": 0.1, ""f_hours"": 168, ""d1"": ""a"", ""d2"": ""bbw"", ""d3"": false, ""d4"": false, ""adx_thr"": 22, ""dd_thr"": null}",2529
R1,LINK,ma90,"{""ma_fast"": 90, ""ma_slow"": 200, ""slope_k"": 10, ""adx_n"": 14, ""atr_n"": 14, ""w_vol"": 252, ""bb_n"": 20, ""bb_mult"": 2.0, ""w_dd"": 100, ""q_lo"": 0.2, ""q_hi"": 0.8, ""s_atr"": 0.7, ""vol_conf"": 0.5, ""f_thr"": 0.1, ""f_hours"": 168, ""d1"": ""a"", ""d2"": ""bbw"", ""d3"": false, ""d4"": false, ""adx_thr"": 20, ""dd_thr"": null}",2529
R1,LINK,ma110,"{""ma_fast"": 110, ""ma_slow"": 200, ""slope_k"": 10, ""adx_n"": 14, ""atr_n"": 14, ""w_vol"": 252, ""bb_n"": 20, ""bb_mult"": 2.0, ""w_dd"": 100, ""q_lo"": 0.2, ""q_hi"": 0.8, ""s_atr"": 0.7, ""vol_conf"": 0.5, ""f_thr"": 0.1, ""f_hours"": 168, ""d1"": ""a"", ""d2"": ""bbw"", ""d3"": false, ""d4"": false, ""adx_thr"": 20, ""dd_thr"": null}",2529
R1,LINK,band-0.05,"{""ma_fast"": 100, ""ma_slow"": 200, ""slope_k"": 10, ""adx_n"": 14, ""atr_n"": 14, ""w_vol"": 252, ""bb_n"": 20, ""bb_mult"": 2.0, ""w_dd"": 100, ""q_lo"": 0.15, ""q_hi"": 0.85, ""s_atr"": 0.7, ""vol_conf"": 0.5, ""f_thr"": 0.1, ""f_hours"": 168, ""d1"": ""a"", ""d2"": ""bbw"", ""d3"": false, ""d4"": false, ""adx_thr"": 20, ""dd_thr"": null}",2529
R1,LINK,band+0.05,"{""ma_fast"": 100, ""ma_slow"": 200, ""slope_k"": 10, ""adx_n"": 14, ""atr_n"": 14, ""w_vol"": 252, ""bb_n"": 20, ""bb_mult"": 2.0, ""w_dd"": 100, ""q_lo"": 0.25, ""q_hi"": 0.75, ""s_atr"": 0.7, ""vol_conf"": 0.5, ""f_thr"": 0.1, ""f_hours"": 168, ""d1"": ""a"", ""d2"": ""bbw"", ""d3"": false, ""d4"": false, ""adx_thr"": 20, ""dd_thr"": null}",2529
R1,LINK,wvol189,"{""ma_fast"": 100, ""ma_slow"": 200, ""slope_k"": 10, ""adx_n"": 14, ""atr_n"": 14, ""w_vol"": 189, ""bb_n"": 20, ""bb_mult"": 2.0, ""w_dd"": 100, ""q_lo"": 0.2, ""q_hi"": 0.8, ""s_atr"": 0.7, ""vol_conf"": 0.5, ""f_thr"": 0.1, ""f_hours"": 168, ""d1"": ""a"", ""d2"": ""bbw"", ""d3"": false, ""d4"": false, ""adx_thr"": 20, ""dd_thr"": null}",2592
R1,LINK,wvol315,"{""ma_fast"": 100, ""ma_slow"": 200, ""slope_k"": 10, ""adx_n"": 14, ""atr_n"": 14, ""w_vol"": 315, ""bb_n"": 20, ""bb_mult"": 2.0, ""w_dd"": 100, ""q_lo"": 0.2, ""q_hi"": 0.8, ""s_atr"": 0.7, ""vol_conf"": 0.5, ""f_thr"": 0.1, ""f_hours"": 168, ""d1"": ""a"", ""d2"": ""bbw"", ""d3"": false, ""d4"": false, ""adx_thr"": 20, ""dd_thr"": null}",2466
R1,DOT,base,"{""ma_fast"": 100, ""ma_slow"": 200, ""slope_k"": 10, ""adx_n"": 14, ""atr_n"": 14, ""w_vol"": 252, ""bb_n"": 20, ""bb_mult"": 2.0, ""w_dd"": 100, ""q_lo"": 0.2, ""q_hi"": 0.8, ""s_atr"": 0.7, ""vol_conf"": 0.5, ""f_thr"": 0.1, ""f_hours"": 168, ""d1"": ""a"", ""d2"": ""bbw"", ""d3"": false, ""d4"": false, ""adx_thr"": 20, ""dd_thr"": null}",1949
R1,DOT,adx-2,"{""ma_fast"": 100, ""ma_slow"": 200, ""slope_k"": 10, ""adx_n"": 14, ""atr_n"": 14, ""w_vol"": 252, ""bb_n"": 20, ""bb_mult"": 2.0, ""w_dd"": 100, ""q_lo"": 0.2, ""q_hi"": 0.8, ""s_atr"": 0.7, ""vol_conf"": 0.5, ""f_thr"": 0.1, ""f_hours"": 168, ""d1"": ""a"", ""d2"": ""bbw"", ""d3"": false, ""d4"": false, ""adx_thr"": 18, ""dd_thr"": null}",1949
R1,DOT,adx+2,"{""ma_fast"": 100, ""ma_slow"": 200, ""slope_k"": 10, ""adx_n"": 14, ""atr_n"": 14, ""w_vol"": 252, ""bb_n"": 20, ""bb_mult"": 2.0, ""w_dd"": 100, ""q_lo"": 0.2, ""q_hi"": 0.8, ""s_atr"": 0.7, ""vol_conf"": 0.5, ""f_thr"": 0.1, ""f_hours"": 168, ""d1"": ""a"", ""d2"": ""bbw"", ""d3"": false, ""d4"": false, ""adx_thr"": 22, ""dd_thr"": null}",1949
R1,DOT,ma90,"{""ma_fast"": 90, ""ma_slow"": 200, ""slope_k"": 10, ""adx_n"": 14, ""atr_n"": 14, ""w_vol"": 252, ""bb_n"": 20, ""bb_mult"": 2.0, ""w_dd"": 100, ""q_lo"": 0.2, ""q_hi"": 0.8, ""s_atr"": 0.7, ""vol_conf"": 0.5, ""f_thr"": 0.1, ""f_hours"": 168, ""d1"": ""a"", ""d2"": ""bbw"", ""d3"": false, ""d4"": false, ""adx_thr"": 20, ""dd_thr"": null}",1949
R1,DOT,ma110,"{""ma_fast"": 110, ""ma_slow"": 200, ""slope_k"": 10, ""adx_n"": 14, ""atr_n"": 14, ""w_vol"": 252, ""bb_n"": 20, ""bb_mult"": 2.0, ""w_dd"": 100, ""q_lo"": 0.2, ""q_hi"": 0.8, ""s_atr"": 0.7, ""vol_conf"": 0.5, ""f_thr"": 0.1, ""f_hours"": 168, ""d1"": ""a"", ""d2"": ""bbw"", ""d3"": false, ""d4"": false, ""adx_thr"": 20, ""dd_thr"": null}",1949
R1,DOT,band-0.05,"{""ma_fast"": 100, ""ma_slow"": 200, ""slope_k"": 10, ""adx_n"": 14, ""atr_n"": 14, ""w_vol"": 252, ""bb_n"": 20, ""bb_mult"": 2.0, ""w_dd"": 100, ""q_lo"": 0.15, ""q_hi"": 0.85, ""s_atr"": 0.7, ""vol_conf"": 0.5, ""f_thr"": 0.1, ""f_hours"": 168, ""d1"": ""a"", ""d2"": ""bbw"", ""d3"": false, ""d4"": false, ""adx_thr"": 20, ""dd_thr"": null}",1949
R1,DOT,band+0.05,"{""ma_fast"": 100, ""ma_slow"": 200, ""slope_k"": 10, ""adx_n"": 14, ""atr_n"": 14, ""w_vol"": 252, ""bb_n"": 20, ""bb_mult"": 2.0, ""w_dd"": 100, ""q_lo"": 0.25, ""q_hi"": 0.75, ""s_atr"": 0.7, ""vol_conf"": 0.5, ""f_thr"": 0.1, ""f_hours"": 168, ""d1"": ""a"", ""d2"": ""bbw"", ""d3"": false, ""d4"": false, ""adx_thr"": 20, ""dd_thr"": null}",1949
R1,DOT,wvol189,"{""ma_fast"": 100, ""ma_slow"": 200, ""slope_k"": 10, ""adx_n"": 14, ""atr_n"": 14, ""w_vol"": 189, ""bb_n"": 20, ""bb_mult"": 2.0, ""w_dd"": 100, ""q_lo"": 0.2, ""q_hi"": 0.8, ""s_atr"": 0.7, ""vol_conf"": 0.5, ""f_thr"": 0.1, ""f_hours"": 168, ""d1"": ""a"", ""d2"": ""bbw"", ""d3"": false, ""d4"": false, ""adx_thr"": 20, ""dd_thr"": null}",2012
R1,DOT,wvol315,"{""ma_fast"": 100, ""ma_slow"": 200, ""slope_k"": 10, ""adx_n"": 14, ""atr_n"": 14, ""w_vol"": 315, ""bb_n"": 20, ""bb_mult"": 2.0, ""w_dd"": 100, ""q_lo"": 0.2, ""q_hi"": 0.8, ""s_atr"": 0.7, ""vol_conf"": 0.5, ""f_thr"": 0.1, ""f_hours"": 168, ""d1"": ""a"", ""d2"": ""bbw"", ""d3"": false, ""d4"": false, ""adx_thr"": 20, ""dd_thr"": null}",1886
R1,BNB,base,"{""ma_fast"": 100, ""ma_slow"": 200, ""slope_k"": 10, ""adx_n"": 14, ""atr_n"": 14, ""w_vol"": 252, ""bb_n"": 20, ""bb_mult"": 2.0, ""w_dd"": 100, ""q_lo"": 0.2, ""q_hi"": 0.8, ""s_atr"": 0.7, ""vol_conf"": 0.5, ""f_thr"": 0.1, ""f_hours"": 168, ""d1"": ""a"", ""d2"": ""bbw"", ""d3"": false, ""d4"": false, ""adx_thr"": 20, ""dd_thr"": null}",2965
R1,BNB,adx-2,"{""ma_fast"": 100, ""ma_slow"": 200, ""slope_k"": 10, ""adx_n"": 14, ""atr_n"": 14, ""w_vol"": 252, ""bb_n"": 20, ""bb_mult"": 2.0, ""w_dd"": 100, ""q_lo"": 0.2, ""q_hi"": 0.8, ""s_atr"": 0.7, ""vol_conf"": 0.5, ""f_thr"": 0.1, ""f_hours"": 168, ""d1"": ""a"", ""d2"": ""bbw"", ""d3"": false, ""d4"": false, ""adx_thr"": 18, ""dd_thr"": null}",2965
R1,BNB,adx+2,"{""ma_fast"": 100, ""ma_slow"": 200, ""slope_k"": 10, ""adx_n"": 14, ""atr_n"": 14, ""w_vol"": 252, ""bb_n"": 20, ""bb_mult"": 2.0, ""w_dd"": 100, ""q_lo"": 0.2, ""q_hi"": 0.8, ""s_atr"": 0.7, ""vol_conf"": 0.5, ""f_thr"": 0.1, ""f_hours"": 168, ""d1"": ""a"", ""d2"": ""bbw"", ""d3"": false, ""d4"": false, ""adx_thr"": 22, ""dd_thr"": null}",2965
R1,BNB,ma90,"{""ma_fast"": 90, ""ma_slow"": 200, ""slope_k"": 10, ""adx_n"": 14, ""atr_n"": 14, ""w_vol"": 252, ""bb_n"": 20, ""bb_mult"": 2.0, ""w_dd"": 100, ""q_lo"": 0.2, ""q_hi"": 0.8, ""s_atr"": 0.7, ""vol_conf"": 0.5, ""f_thr"": 0.1, ""f_hours"": 168, ""d1"": ""a"", ""d2"": ""bbw"", ""d3"": false, ""d4"": false, ""adx_thr"": 20, ""dd_thr"": null}",2965
R1,BNB,ma110,"{""ma_fast"": 110, ""ma_slow"": 200, ""slope_k"": 10, ""adx_n"": 14, ""atr_n"": 14, ""w_vol"": 252, ""bb_n"": 20, ""bb_mult"": 2.0, ""w_dd"": 100, ""q_lo"": 0.2, ""q_hi"": 0.8, ""s_atr"": 0.7, ""vol_conf"": 0.5, ""f_thr"": 0.1, ""f_hours"": 168, ""d1"": ""a"", ""d2"": ""bbw"", ""d3"": false, ""d4"": false, ""adx_thr"": 20, ""dd_thr"": null}",2965
R1,BNB,band-0.05,"{""ma_fast"": 100, ""ma_slow"": 200, ""slope_k"": 10, ""adx_n"": 14, ""atr_n"": 14, ""w_vol"": 252, ""bb_n"": 20, ""bb_mult"": 2.0, ""w_dd"": 100, ""q_lo"": 0.15, ""q_hi"": 0.85, ""s_atr"": 0.7, ""vol_conf"": 0.5, ""f_thr"": 0.1, ""f_hours"": 168, ""d1"": ""a"", ""d2"": ""bbw"", ""d3"": false, ""d4"": false, ""adx_thr"": 20, ""dd_thr"": null}",2965
R1,BNB,band+0.05,"{""ma_fast"": 100, ""ma_slow"": 200, ""slope_k"": 10, ""adx_n"": 14, ""atr_n"": 14, ""w_vol"": 252, ""bb_n"": 20, ""bb_mult"": 2.0, ""w_dd"": 100, ""q_lo"": 0.25, ""q_hi"": 0.75, ""s_atr"": 0.7, ""vol_conf"": 0.5, ""f_thr"": 0.1, ""f_hours"": 168, ""d1"": ""a"", ""d2"": ""bbw"", ""d3"": false, ""d4"": false, ""adx_thr"": 20, ""dd_thr"": null}",2965
R1,BNB,wvol189,"{""ma_fast"": 100, ""ma_slow"": 200, ""slope_k"": 10, ""adx_n"": 14, ""atr_n"": 14, ""w_vol"": 189, ""bb_n"": 20, ""bb_mult"": 2.0, ""w_dd"": 100, ""q_lo"": 0.2, ""q_hi"": 0.8, ""s_atr"": 0.7, ""vol_conf"": 0.5, ""f_thr"": 0.1, ""f_hours"": 168, ""d1"": ""a"", ""d2"": ""bbw"", ""d3"": false, ""d4"": false, ""adx_thr"": 20, ""dd_thr"": null}",3028
R1,BNB,wvol315,"{""ma_fast"": 100, ""ma_slow"": 200, ""slope_k"": 10, ""adx_n"": 14, ""atr_n"": 14, ""w_vol"": 315, ""bb_n"": 20, ""bb_mult"": 2.0, ""w_dd"": 100, ""q_lo"": 0.2, ""q_hi"": 0.8, ""s_atr"": 0.7, ""vol_conf"": 0.5, ""f_thr"": 0.1, ""f_hours"": 168, ""d1"": ""a"", ""d2"": ""bbw"", ""d3"": false, ""d4"": false, ""adx_thr"": 20, ""dd_thr"": null}",2902
R1,LTC,base,"{""ma_fast"": 100, ""ma_slow"": 200, ""slope_k"": 10, ""adx_n"": 14, ""atr_n"": 14, ""w_vol"": 252, ""bb_n"": 20, ""bb_mult"": 2.0, ""w_dd"": 100, ""q_lo"": 0.2, ""q_hi"": 0.8, ""s_atr"": 0.7, ""vol_conf"": 0.5, ""f_thr"": 0.1, ""f_hours"": 168, ""d1"": ""a"", ""d2"": ""bbw"", ""d3"": false, ""d4"": false, ""adx_thr"": 20, ""dd_thr"": null}",2928
R1,LTC,adx-2,"{""ma_fast"": 100, ""ma_slow"": 200, ""slope_k"": 10, ""adx_n"": 14, ""atr_n"": 14, ""w_vol"": 252, ""bb_n"": 20, ""bb_mult"": 2.0, ""w_dd"": 100, ""q_lo"": 0.2, ""q_hi"": 0.8, ""s_atr"": 0.7, ""vol_conf"": 0.5, ""f_thr"": 0.1, ""f_hours"": 168, ""d1"": ""a"", ""d2"": ""bbw"", ""d3"": false, ""d4"": false, ""adx_thr"": 18, ""dd_thr"": null}",2928
R1,LTC,adx+2,"{""ma_fast"": 100, ""ma_slow"": 200, ""slope_k"": 10, ""adx_n"": 14, ""atr_n"": 14, ""w_vol"": 252, ""bb_n"": 20, ""bb_mult"": 2.0, ""w_dd"": 100, ""q_lo"": 0.2, ""q_hi"": 0.8, ""s_atr"": 0.7, ""vol_conf"": 0.5, ""f_thr"": 0.1, ""f_hours"": 168, ""d1"": ""a"", ""d2"": ""bbw"", ""d3"": false, ""d4"": false, ""adx_thr"": 22, ""dd_thr"": null}",2928
R1,LTC,ma90,"{""ma_fast"": 90, ""ma_slow"": 200, ""slope_k"": 10, ""adx_n"": 14, ""atr_n"": 14, ""w_vol"": 252, ""bb_n"": 20, ""bb_mult"": 2.0, ""w_dd"": 100, ""q_lo"": 0.2, ""q_hi"": 0.8, ""s_atr"": 0.7, ""vol_conf"": 0.5, ""f_thr"": 0.1, ""f_hours"": 168, ""d1"": ""a"", ""d2"": ""bbw"", ""d3"": false, ""d4"": false, ""adx_thr"": 20, ""dd_thr"": null}",2928
R1,LTC,ma110,"{""ma_fast"": 110, ""ma_slow"": 200, ""slope_k"": 10, ""adx_n"": 14, ""atr_n"": 14, ""w_vol"": 252, ""bb_n"": 20, ""bb_mult"": 2.0, ""w_dd"": 100, ""q_lo"": 0.2, ""q_hi"": 0.8, ""s_atr"": 0.7, ""vol_conf"": 0.5, ""f_thr"": 0.1, ""f_hours"": 168, ""d1"": ""a"", ""d2"": ""bbw"", ""d3"": false, ""d4"": false, ""adx_thr"": 20, ""dd_thr"": null}",2928
R1,LTC,band-0.05,"{""ma_fast"": 100, ""ma_slow"": 200, ""slope_k"": 10, ""adx_n"": 14, ""atr_n"": 14, ""w_vol"": 252, ""bb_n"": 20, ""bb_mult"": 2.0, ""w_dd"": 100, ""q_lo"": 0.15, ""q_hi"": 0.85, ""s_atr"": 0.7, ""vol_conf"": 0.5, ""f_thr"": 0.1, ""f_hours"": 168, ""d1"": ""a"", ""d2"": ""bbw"", ""d3"": false, ""d4"": false, ""adx_thr"": 20, ""dd_thr"": null}",2928
R1,LTC,band+0.05,"{""ma_fast"": 100, ""ma_slow"": 200, ""slope_k"": 10, ""adx_n"": 14, ""atr_n"": 14, ""w_vol"": 252, ""bb_n"": 20, ""bb_mult"": 2.0, ""w_dd"": 100, ""q_lo"": 0.25, ""q_hi"": 0.75, ""s_atr"": 0.7, ""vol_conf"": 0.5, ""f_thr"": 0.1, ""f_hours"": 168, ""d1"": ""a"", ""d2"": ""bbw"", ""d3"": false, ""d4"": false, ""adx_thr"": 20, ""dd_thr"": null}",2928
R1,LTC,wvol189,"{""ma_fast"": 100, ""ma_slow"": 200, ""slope_k"": 10, ""adx_n"": 14, ""atr_n"": 14, ""w_vol"": 189, ""bb_n"": 20, ""bb_mult"": 2.0, ""w_dd"": 100, ""q_lo"": 0.2, ""q_hi"": 0.8, ""s_atr"": 0.7, ""vol_conf"": 0.5, ""f_thr"": 0.1, ""f_hours"": 168, ""d1"": ""a"", ""d2"": ""bbw"", ""d3"": false, ""d4"": false, ""adx_thr"": 20, ""dd_thr"": null}",2991
R1,LTC,wvol315,"{""ma_fast"": 100, ""ma_slow"": 200, ""slope_k"": 10, ""adx_n"": 14, ""atr_n"": 14, ""w_vol"": 315, ""bb_n"": 20, ""bb_mult"": 2.0, ""w_dd"": 100, ""q_lo"": 0.2, ""q_hi"": 0.8, ""s_atr"": 0.7, ""vol_conf"": 0.5, ""f_thr"": 0.1, ""f_hours"": 168, ""d1"": ""a"", ""d2"": ""bbw"", ""d3"": false, ""d4"": false, ""adx_thr"": 20, ""dd_thr"": null}",2865
R2,BTC,base,"{""ma_fast"": 100, ""ma_slow"": 200, ""slope_k"": 10, ""adx_n"": 14, ""atr_n"": 14, ""w_vol"": 252, ""bb_n"": 20, ""bb_mult"": 2.0, ""w_dd"": 100, ""q_lo"": 0.2, ""q_hi"": 0.8, ""s_atr"": 0.7, ""vol_conf"": 0.5, ""f_thr"": 0.1, ""f_hours"": 168, ""d1"": ""b"", ""d2"": ""bbw"", ""d3"": true, ""d4"": false, ""adx_thr"": 20, ""dd_thr"": -0.3}",3046
R2,BTC,adx-2,"{""ma_fast"": 100, ""ma_slow"": 200, ""slope_k"": 10, ""adx_n"": 14, ""atr_n"": 14, ""w_vol"": 252, ""bb_n"": 20, ""bb_mult"": 2.0, ""w_dd"": 100, ""q_lo"": 0.2, ""q_hi"": 0.8, ""s_atr"": 0.7, ""vol_conf"": 0.5, ""f_thr"": 0.1, ""f_hours"": 168, ""d1"": ""b"", ""d2"": ""bbw"", ""d3"": true, ""d4"": false, ""adx_thr"": 18, ""dd_thr"": -0.3}",3046
R2,BTC,adx+2,"{""ma_fast"": 100, ""ma_slow"": 200, ""slope_k"": 10, ""adx_n"": 14, ""atr_n"": 14, ""w_vol"": 252, ""bb_n"": 20, ""bb_mult"": 2.0, ""w_dd"": 100, ""q_lo"": 0.2, ""q_hi"": 0.8, ""s_atr"": 0.7, ""vol_conf"": 0.5, ""f_thr"": 0.1, ""f_hours"": 168, ""d1"": ""b"", ""d2"": ""bbw"", ""d3"": true, ""d4"": false, ""adx_thr"": 22, ""dd_thr"": -0.3}",3046
R2,BTC,ma90,"{""ma_fast"": 90, ""ma_slow"": 200, ""slope_k"": 10, ""adx_n"": 14, ""atr_n"": 14, ""w_vol"": 252, ""bb_n"": 20, ""bb_mult"": 2.0, ""w_dd"": 100, ""q_lo"": 0.2, ""q_hi"": 0.8, ""s_atr"": 0.7, ""vol_conf"": 0.5, ""f_thr"": 0.1, ""f_hours"": 168, ""d1"": ""b"", ""d2"": ""bbw"", ""d3"": true, ""d4"": false, ""adx_thr"": 20, ""dd_thr"": -0.3}",3046
R2,BTC,ma110,"{""ma_fast"": 110, ""ma_slow"": 200, ""slope_k"": 10, ""adx_n"": 14, ""atr_n"": 14, ""w_vol"": 252, ""bb_n"": 20, ""bb_mult"": 2.0, ""w_dd"": 100, ""q_lo"": 0.2, ""q_hi"": 0.8, ""s_atr"": 0.7, ""vol_conf"": 0.5, ""f_thr"": 0.1, ""f_hours"": 168, ""d1"": ""b"", ""d2"": ""bbw"", ""d3"": true, ""d4"": false, ""adx_thr"": 20, ""dd_thr"": -0.3}",3046
R2,BTC,band-0.05,"{""ma_fast"": 100, ""ma_slow"": 200, ""slope_k"": 10, ""adx_n"": 14, ""atr_n"": 14, ""w_vol"": 252, ""bb_n"": 20, ""bb_mult"": 2.0, ""w_dd"": 100, ""q_lo"": 0.15, ""q_hi"": 0.85, ""s_atr"": 0.7, ""vol_conf"": 0.5, ""f_thr"": 0.1, ""f_hours"": 168, ""d1"": ""b"", ""d2"": ""bbw"", ""d3"": true, ""d4"": false, ""adx_thr"": 20, ""dd_thr"": -0.3}",3046
R2,BTC,band+0.05,"{""ma_fast"": 100, ""ma_slow"": 200, ""slope_k"": 10, ""adx_n"": 14, ""atr_n"": 14, ""w_vol"": 252, ""bb_n"": 20, ""bb_mult"": 2.0, ""w_dd"": 100, ""q_lo"": 0.25, ""q_hi"": 0.75, ""s_atr"": 0.7, ""vol_conf"": 0.5, ""f_thr"": 0.1, ""f_hours"": 168, ""d1"": ""b"", ""d2"": ""bbw"", ""d3"": true, ""d4"": false, ""adx_thr"": 20, ""dd_thr"": -0.3}",3046
R2,BTC,wvol189,"{""ma_fast"": 100, ""ma_slow"": 200, ""slope_k"": 10, ""adx_n"": 14, ""atr_n"": 14, ""w_vol"": 189, ""bb_n"": 20, ""bb_mult"": 2.0, ""w_dd"": 100, ""q_lo"": 0.2, ""q_hi"": 0.8, ""s_atr"": 0.7, ""vol_conf"": 0.5, ""f_thr"": 0.1, ""f_hours"": 168, ""d1"": ""b"", ""d2"": ""bbw"", ""d3"": true, ""d4"": false, ""adx_thr"": 20, ""dd_thr"": -0.3}",3109
R2,BTC,wvol315,"{""ma_fast"": 100, ""ma_slow"": 200, ""slope_k"": 10, ""adx_n"": 14, ""atr_n"": 14, ""w_vol"": 315, ""bb_n"": 20, ""bb_mult"": 2.0, ""w_dd"": 100, ""q_lo"": 0.2, ""q_hi"": 0.8, ""s_atr"": 0.7, ""vol_conf"": 0.5, ""f_thr"": 0.1, ""f_hours"": 168, ""d1"": ""b"", ""d2"": ""bbw"", ""d3"": true, ""d4"": false, ""adx_thr"": 20, ""dd_thr"": -0.3}",2983
R2,BTC,dd-0.05,"{""ma_fast"": 100, ""ma_slow"": 200, ""slope_k"": 10, ""adx_n"": 14, ""atr_n"": 14, ""w_vol"": 252, ""bb_n"": 20, ""bb_mult"": 2.0, ""w_dd"": 100, ""q_lo"": 0.2, ""q_hi"": 0.8, ""s_atr"": 0.7, ""vol_conf"": 0.5, ""f_thr"": 0.1, ""f_hours"": 168, ""d1"": ""b"", ""d2"": ""bbw"", ""d3"": true, ""d4"": false, ""adx_thr"": 20, ""dd_thr"": -0.35}",3046
R2,BTC,dd+0.05,"{""ma_fast"": 100, ""ma_slow"": 200, ""slope_k"": 10, ""adx_n"": 14, ""atr_n"": 14, ""w_vol"": 252, ""bb_n"": 20, ""bb_mult"": 2.0, ""w_dd"": 100, ""q_lo"": 0.2, ""q_hi"": 0.8, ""s_atr"": 0.7, ""vol_conf"": 0.5, ""f_thr"": 0.1, ""f_hours"": 168, ""d1"": ""b"", ""d2"": ""bbw"", ""d3"": true, ""d4"": false, ""adx_thr"": 20, ""dd_thr"": -0.25}",3046
R2,ETH,base,"{""ma_fast"": 100, ""ma_slow"": 200, ""slope_k"": 10, ""adx_n"": 14, ""atr_n"": 14, ""w_vol"": 252, ""bb_n"": 20, ""bb_mult"": 2.0, ""w_dd"": 100, ""q_lo"": 0.2, ""q_hi"": 0.8, ""s_atr"": 0.7, ""vol_conf"": 0.5, ""f_thr"": 0.1, ""f_hours"": 168, ""d1"": ""b"", ""d2"": ""bbw"", ""d3"": true, ""d4"": false, ""adx_thr"": 20, ""dd_thr"": -0.3}",3046
R2,ETH,adx-2,"{""ma_fast"": 100, ""ma_slow"": 200, ""slope_k"": 10, ""adx_n"": 14, ""atr_n"": 14, ""w_vol"": 252, ""bb_n"": 20, ""bb_mult"": 2.0, ""w_dd"": 100, ""q_lo"": 0.2, ""q_hi"": 0.8, ""s_atr"": 0.7, ""vol_conf"": 0.5, ""f_thr"": 0.1, ""f_hours"": 168, ""d1"": ""b"", ""d2"": ""bbw"", ""d3"": true, ""d4"": false, ""adx_thr"": 18, ""dd_thr"": -0.3}",3046
R2,ETH,adx+2,"{""ma_fast"": 100, ""ma_slow"": 200, ""slope_k"": 10, ""adx_n"": 14, ""atr_n"": 14, ""w_vol"": 252, ""bb_n"": 20, ""bb_mult"": 2.0, ""w_dd"": 100, ""q_lo"": 0.2, ""q_hi"": 0.8, ""s_atr"": 0.7, ""vol_conf"": 0.5, ""f_thr"": 0.1, ""f_hours"": 168, ""d1"": ""b"", ""d2"": ""bbw"", ""d3"": true, ""d4"": false, ""adx_thr"": 22, ""dd_thr"": -0.3}",3046
R2,ETH,ma90,"{""ma_fast"": 90, ""ma_slow"": 200, ""slope_k"": 10, ""adx_n"": 14, ""atr_n"": 14, ""w_vol"": 252, ""bb_n"": 20, ""bb_mult"": 2.0, ""w_dd"": 100, ""q_lo"": 0.2, ""q_hi"": 0.8, ""s_atr"": 0.7, ""vol_conf"": 0.5, ""f_thr"": 0.1, ""f_hours"": 168, ""d1"": ""b"", ""d2"": ""bbw"", ""d3"": true, ""d4"": false, ""adx_thr"": 20, ""dd_thr"": -0.3}",3046
R2,ETH,ma110,"{""ma_fast"": 110, ""ma_slow"": 200, ""slope_k"": 10, ""adx_n"": 14, ""atr_n"": 14, ""w_vol"": 252, ""bb_n"": 20, ""bb_mult"": 2.0, ""w_dd"": 100, ""q_lo"": 0.2, ""q_hi"": 0.8, ""s_atr"": 0.7, ""vol_conf"": 0.5, ""f_thr"": 0.1, ""f_hours"": 168, ""d1"": ""b"", ""d2"": ""bbw"", ""d3"": true, ""d4"": false, ""adx_thr"": 20, ""dd_thr"": -0.3}",3046
R2,ETH,band-0.05,"{""ma_fast"": 100, ""ma_slow"": 200, ""slope_k"": 10, ""adx_n"": 14, ""atr_n"": 14, ""w_vol"": 252, ""bb_n"": 20, ""bb_mult"": 2.0, ""w_dd"": 100, ""q_lo"": 0.15, ""q_hi"": 0.85, ""s_atr"": 0.7, ""vol_conf"": 0.5, ""f_thr"": 0.1, ""f_hours"": 168, ""d1"": ""b"", ""d2"": ""bbw"", ""d3"": true, ""d4"": false, ""adx_thr"": 20, ""dd_thr"": -0.3}",3046
R2,ETH,band+0.05,"{""ma_fast"": 100, ""ma_slow"": 200, ""slope_k"": 10, ""adx_n"": 14, ""atr_n"": 14, ""w_vol"": 252, ""bb_n"": 20, ""bb_mult"": 2.0, ""w_dd"": 100, ""q_lo"": 0.25, ""q_hi"": 0.75, ""s_atr"": 0.7, ""vol_conf"": 0.5, ""f_thr"": 0.1, ""f_hours"": 168, ""d1"": ""b"", ""d2"": ""bbw"", ""d3"": true, ""d4"": false, ""adx_thr"": 20, ""dd_thr"": -0.3}",3046
R2,ETH,wvol189,"{""ma_fast"": 100, ""ma_slow"": 200, ""slope_k"": 10, ""adx_n"": 14, ""atr_n"": 14, ""w_vol"": 189, ""bb_n"": 20, ""bb_mult"": 2.0, ""w_dd"": 100, ""q_lo"": 0.2, ""q_hi"": 0.8, ""s_atr"": 0.7, ""vol_conf"": 0.5, ""f_thr"": 0.1, ""f_hours"": 168, ""d1"": ""b"", ""d2"": ""bbw"", ""d3"": true, ""d4"": false, ""adx_thr"": 20, ""dd_thr"": -0.3}",3109
R2,ETH,wvol315,"{""ma_fast"": 100, ""ma_slow"": 200, ""slope_k"": 10, ""adx_n"": 14, ""atr_n"": 14, ""w_vol"": 315, ""bb_n"": 20, ""bb_mult"": 2.0, ""w_dd"": 100, ""q_lo"": 0.2, ""q_hi"": 0.8, ""s_atr"": 0.7, ""vol_conf"": 0.5, ""f_thr"": 0.1, ""f_hours"": 168, ""d1"": ""b"", ""d2"": ""bbw"", ""d3"": true, ""d4"": false, ""adx_thr"": 20, ""dd_thr"": -0.3}",2983
R2,ETH,dd-0.05,"{""ma_fast"": 100, ""ma_slow"": 200, ""slope_k"": 10, ""adx_n"": 14, ""atr_n"": 14, ""w_vol"": 252, ""bb_n"": 20, ""bb_mult"": 2.0, ""w_dd"": 100, ""q_lo"": 0.2, ""q_hi"": 0.8, ""s_atr"": 0.7, ""vol_conf"": 0.5, ""f_thr"": 0.1, ""f_hours"": 168, ""d1"": ""b"", ""d2"": ""bbw"", ""d3"": true, ""d4"": false, ""adx_thr"": 20, ""dd_thr"": -0.35}",3046
R2,ETH,dd+0.05,"{""ma_fast"": 100, ""ma_slow"": 200, ""slope_k"": 10, ""adx_n"": 14, ""atr_n"": 14, ""w_vol"": 252, ""bb_n"": 20, ""bb_mult"": 2.0, ""w_dd"": 100, ""q_lo"": 0.2, ""q_hi"": 0.8, ""s_atr"": 0.7, ""vol_conf"": 0.5, ""f_thr"": 0.1, ""f_hours"": 168, ""d1"": ""b"", ""d2"": ""bbw"", ""d3"": true, ""d4"": false, ""adx_thr"": 20, ""dd_thr"": -0.25}",3046
R2,SOL,base,"{""ma_fast"": 100, ""ma_slow"": 200, ""slope_k"": 10, ""adx_n"": 14, ""atr_n"": 14, ""w_vol"": 252, ""bb_n"": 20, ""bb_mult"": 2.0, ""w_dd"": 100, ""q_lo"": 0.2, ""q_hi"": 0.8, ""s_atr"": 0.7, ""vol_conf"": 0.5, ""f_thr"": 0.1, ""f_hours"": 168, ""d1"": ""b"", ""d2"": ""bbw"", ""d3"": true, ""d4"": false, ""adx_thr"": 20, ""dd_thr"": -0.3}",1956
R2,SOL,adx-2,"{""ma_fast"": 100, ""ma_slow"": 200, ""slope_k"": 10, ""adx_n"": 14, ""atr_n"": 14, ""w_vol"": 252, ""bb_n"": 20, ""bb_mult"": 2.0, ""w_dd"": 100, ""q_lo"": 0.2, ""q_hi"": 0.8, ""s_atr"": 0.7, ""vol_conf"": 0.5, ""f_thr"": 0.1, ""f_hours"": 168, ""d1"": ""b"", ""d2"": ""bbw"", ""d3"": true, ""d4"": false, ""adx_thr"": 18, ""dd_thr"": -0.3}",1956
R2,SOL,adx+2,"{""ma_fast"": 100, ""ma_slow"": 200, ""slope_k"": 10, ""adx_n"": 14, ""atr_n"": 14, ""w_vol"": 252, ""bb_n"": 20, ""bb_mult"": 2.0, ""w_dd"": 100, ""q_lo"": 0.2, ""q_hi"": 0.8, ""s_atr"": 0.7, ""vol_conf"": 0.5, ""f_thr"": 0.1, ""f_hours"": 168, ""d1"": ""b"", ""d2"": ""bbw"", ""d3"": true, ""d4"": false, ""adx_thr"": 22, ""dd_thr"": -0.3}",1956
R2,SOL,ma90,"{""ma_fast"": 90, ""ma_slow"": 200, ""slope_k"": 10, ""adx_n"": 14, ""atr_n"": 14, ""w_vol"": 252, ""bb_n"": 20, ""bb_mult"": 2.0, ""w_dd"": 100, ""q_lo"": 0.2, ""q_hi"": 0.8, ""s_atr"": 0.7, ""vol_conf"": 0.5, ""f_thr"": 0.1, ""f_hours"": 168, ""d1"": ""b"", ""d2"": ""bbw"", ""d3"": true, ""d4"": false, ""adx_thr"": 20, ""dd_thr"": -0.3}",1956
R2,SOL,ma110,"{""ma_fast"": 110, ""ma_slow"": 200, ""slope_k"": 10, ""adx_n"": 14, ""atr_n"": 14, ""w_vol"": 252, ""bb_n"": 20, ""bb_mult"": 2.0, ""w_dd"": 100, ""q_lo"": 0.2, ""q_hi"": 0.8, ""s_atr"": 0.7, ""vol_conf"": 0.5, ""f_thr"": 0.1, ""f_hours"": 168, ""d1"": ""b"", ""d2"": ""bbw"", ""d3"": true, ""d4"": false, ""adx_thr"": 20, ""dd_thr"": -0.3}",1956
R2,SOL,band-0.05,"{""ma_fast"": 100, ""ma_slow"": 200, ""slope_k"": 10, ""adx_n"": 14, ""atr_n"": 14, ""w_vol"": 252, ""bb_n"": 20, ""bb_mult"": 2.0, ""w_dd"": 100, ""q_lo"": 0.15, ""q_hi"": 0.85, ""s_atr"": 0.7, ""vol_conf"": 0.5, ""f_thr"": 0.1, ""f_hours"": 168, ""d1"": ""b"", ""d2"": ""bbw"", ""d3"": true, ""d4"": false, ""adx_thr"": 20, ""dd_thr"": -0.3}",1956
R2,SOL,band+0.05,"{""ma_fast"": 100, ""ma_slow"": 200, ""slope_k"": 10, ""adx_n"": 14, ""atr_n"": 14, ""w_vol"": 252, ""bb_n"": 20, ""bb_mult"": 2.0, ""w_dd"": 100, ""q_lo"": 0.25, ""q_hi"": 0.75, ""s_atr"": 0.7, ""vol_conf"": 0.5, ""f_thr"": 0.1, ""f_hours"": 168, ""d1"": ""b"", ""d2"": ""bbw"", ""d3"": true, ""d4"": false, ""adx_thr"": 20, ""dd_thr"": -0.3}",1956
R2,SOL,wvol189,"{""ma_fast"": 100, ""ma_slow"": 200, ""slope_k"": 10, ""adx_n"": 14, ""atr_n"": 14, ""w_vol"": 189, ""bb_n"": 20, ""bb_mult"": 2.0, ""w_dd"": 100, ""q_lo"": 0.2, ""q_hi"": 0.8, ""s_atr"": 0.7, ""vol_conf"": 0.5, ""f_thr"": 0.1, ""f_hours"": 168, ""d1"": ""b"", ""d2"": ""bbw"", ""d3"": true, ""d4"": false, ""adx_thr"": 20, ""dd_thr"": -0.3}",2019
R2,SOL,wvol315,"{""ma_fast"": 100, ""ma_slow"": 200, ""slope_k"": 10, ""adx_n"": 14, ""atr_n"": 14, ""w_vol"": 315, ""bb_n"": 20, ""bb_mult"": 2.0, ""w_dd"": 100, ""q_lo"": 0.2, ""q_hi"": 0.8, ""s_atr"": 0.7, ""vol_conf"": 0.5, ""f_thr"": 0.1, ""f_hours"": 168, ""d1"": ""b"", ""d2"": ""bbw"", ""d3"": true, ""d4"": false, ""adx_thr"": 20, ""dd_thr"": -0.3}",1893
R2,SOL,dd-0.05,"{""ma_fast"": 100, ""ma_slow"": 200, ""slope_k"": 10, ""adx_n"": 14, ""atr_n"": 14, ""w_vol"": 252, ""bb_n"": 20, ""bb_mult"": 2.0, ""w_dd"": 100, ""q_lo"": 0.2, ""q_hi"": 0.8, ""s_atr"": 0.7, ""vol_conf"": 0.5, ""f_thr"": 0.1, ""f_hours"": 168, ""d1"": ""b"", ""d2"": ""bbw"", ""d3"": true, ""d4"": false, ""adx_thr"": 20, ""dd_thr"": -0.35}",1956
R2,SOL,dd+0.05,"{""ma_fast"": 100, ""ma_slow"": 200, ""slope_k"": 10, ""adx_n"": 14, ""atr_n"": 14, ""w_vol"": 252, ""bb_n"": 20, ""bb_mult"": 2.0, ""w_dd"": 100, ""q_lo"": 0.2, ""q_hi"": 0.8, ""s_atr"": 0.7, ""vol_conf"": 0.5, ""f_thr"": 0.1, ""f_hours"": 168, ""d1"": ""b"", ""d2"": ""bbw"", ""d3"": true, ""d4"": false, ""adx_thr"": 20, ""dd_thr"": -0.25}",1956
R2,XRP,base,"{""ma_fast"": 100, ""ma_slow"": 200, ""slope_k"": 10, ""adx_n"": 14, ""atr_n"": 14, ""w_vol"": 252, ""bb_n"": 20, ""bb_mult"": 2.0, ""w_dd"": 100, ""q_lo"": 0.2, ""q_hi"": 0.8, ""s_atr"": 0.7, ""vol_conf"": 0.5, ""f_thr"": 0.1, ""f_hours"": 168, ""d1"": ""b"", ""d2"": ""bbw"", ""d3"": true, ""d4"": false, ""adx_thr"": 20, ""dd_thr"": -0.3}",2786
R2,XRP,adx-2,"{""ma_fast"": 100, ""ma_slow"": 200, ""slope_k"": 10, ""adx_n"": 14, ""atr_n"": 14, ""w_vol"": 252, ""bb_n"": 20, ""bb_mult"": 2.0, ""w_dd"": 100, ""q_lo"": 0.2, ""q_hi"": 0.8, ""s_atr"": 0.7, ""vol_conf"": 0.5, ""f_thr"": 0.1, ""f_hours"": 168, ""d1"": ""b"", ""d2"": ""bbw"", ""d3"": true, ""d4"": false, ""adx_thr"": 18, ""dd_thr"": -0.3}",2786
R2,XRP,adx+2,"{""ma_fast"": 100, ""ma_slow"": 200, ""slope_k"": 10, ""adx_n"": 14, ""atr_n"": 14, ""w_vol"": 252, ""bb_n"": 20, ""bb_mult"": 2.0, ""w_dd"": 100, ""q_lo"": 0.2, ""q_hi"": 0.8, ""s_atr"": 0.7, ""vol_conf"": 0.5, ""f_thr"": 0.1, ""f_hours"": 168, ""d1"": ""b"", ""d2"": ""bbw"", ""d3"": true, ""d4"": false, ""adx_thr"": 22, ""dd_thr"": -0.3}",2786
R2,XRP,ma90,"{""ma_fast"": 90, ""ma_slow"": 200, ""slope_k"": 10, ""adx_n"": 14, ""atr_n"": 14, ""w_vol"": 252, ""bb_n"": 20, ""bb_mult"": 2.0, ""w_dd"": 100, ""q_lo"": 0.2, ""q_hi"": 0.8, ""s_atr"": 0.7, ""vol_conf"": 0.5, ""f_thr"": 0.1, ""f_hours"": 168, ""d1"": ""b"", ""d2"": ""bbw"", ""d3"": true, ""d4"": false, ""adx_thr"": 20, ""dd_thr"": -0.3}",2786
R2,XRP,ma110,"{""ma_fast"": 110, ""ma_slow"": 200, ""slope_k"": 10, ""adx_n"": 14, ""atr_n"": 14, ""w_vol"": 252, ""bb_n"": 20, ""bb_mult"": 2.0, ""w_dd"": 100, ""q_lo"": 0.2, ""q_hi"": 0.8, ""s_atr"": 0.7, ""vol_conf"": 0.5, ""f_thr"": 0.1, ""f_hours"": 168, ""d1"": ""b"", ""d2"": ""bbw"", ""d3"": true, ""d4"": false, ""adx_thr"": 20, ""dd_thr"": -0.3}",2786
R2,XRP,band-0.05,"{""ma_fast"": 100, ""ma_slow"": 200, ""slope_k"": 10, ""adx_n"": 14, ""atr_n"": 14, ""w_vol"": 252, ""bb_n"": 20, ""bb_mult"": 2.0, ""w_dd"": 100, ""q_lo"": 0.15, ""q_hi"": 0.85, ""s_atr"": 0.7, ""vol_conf"": 0.5, ""f_thr"": 0.1, ""f_hours"": 168, ""d1"": ""b"", ""d2"": ""bbw"", ""d3"": true, ""d4"": false, ""adx_thr"": 20, ""dd_thr"": -0.3}",2786
R2,XRP,band+0.05,"{""ma_fast"": 100, ""ma_slow"": 200, ""slope_k"": 10, ""adx_n"": 14, ""atr_n"": 14, ""w_vol"": 252, ""bb_n"": 20, ""bb_mult"": 2.0, ""w_dd"": 100, ""q_lo"": 0.25, ""q_hi"": 0.75, ""s_atr"": 0.7, ""vol_conf"": 0.5, ""f_thr"": 0.1, ""f_hours"": 168, ""d1"": ""b"", ""d2"": ""bbw"", ""d3"": true, ""d4"": false, ""adx_thr"": 20, ""dd_thr"": -0.3}",2786
R2,XRP,wvol189,"{""ma_fast"": 100, ""ma_slow"": 200, ""slope_k"": 10, ""adx_n"": 14, ""atr_n"": 14, ""w_vol"": 189, ""bb_n"": 20, ""bb_mult"": 2.0, ""w_dd"": 100, ""q_lo"": 0.2, ""q_hi"": 0.8, ""s_atr"": 0.7, ""vol_conf"": 0.5, ""f_thr"": 0.1, ""f_hours"": 168, ""d1"": ""b"", ""d2"": ""bbw"", ""d3"": true, ""d4"": false, ""adx_thr"": 20, ""dd_thr"": -0.3}",2849
R2,XRP,wvol315,"{""ma_fast"": 100, ""ma_slow"": 200, ""slope_k"": 10, ""adx_n"": 14, ""atr_n"": 14, ""w_vol"": 315, ""bb_n"": 20, ""bb_mult"": 2.0, ""w_dd"": 100, ""q_lo"": 0.2, ""q_hi"": 0.8, ""s_atr"": 0.7, ""vol_conf"": 0.5, ""f_thr"": 0.1, ""f_hours"": 168, ""d1"": ""b"", ""d2"": ""bbw"", ""d3"": true, ""d4"": false, ""adx_thr"": 20, ""dd_thr"": -0.3}",2723
R2,XRP,dd-0.05,"{""ma_fast"": 100, ""ma_slow"": 200, ""slope_k"": 10, ""adx_n"": 14, ""atr_n"": 14, ""w_vol"": 252, ""bb_n"": 20, ""bb_mult"": 2.0, ""w_dd"": 100, ""q_lo"": 0.2, ""q_hi"": 0.8, ""s_atr"": 0.7, ""vol_conf"": 0.5, ""f_thr"": 0.1, ""f_hours"": 168, ""d1"": ""b"", ""d2"": ""bbw"", ""d3"": true, ""d4"": false, ""adx_thr"": 20, ""dd_thr"": -0.35}",2786
R2,XRP,dd+0.05,"{""ma_fast"": 100, ""ma_slow"": 200, ""slope_k"": 10, ""adx_n"": 14, ""atr_n"": 14, ""w_vol"": 252, ""bb_n"": 20, ""bb_mult"": 2.0, ""w_dd"": 100, ""q_lo"": 0.2, ""q_hi"": 0.8, ""s_atr"": 0.7, ""vol_conf"": 0.5, ""f_thr"": 0.1, ""f_hours"": 168, ""d1"": ""b"", ""d2"": ""bbw"", ""d3"": true, ""d4"": false, ""adx_thr"": 20, ""dd_thr"": -0.25}",2786
R2,ADA,base,"{""ma_fast"": 100, ""ma_slow"": 200, ""slope_k"": 10, ""adx_n"": 14, ""atr_n"": 14, ""w_vol"": 252, ""bb_n"": 20, ""bb_mult"": 2.0, ""w_dd"": 100, ""q_lo"": 0.2, ""q_hi"": 0.8, ""s_atr"": 0.7, ""vol_conf"": 0.5, ""f_thr"": 0.1, ""f_hours"": 168, ""d1"": ""b"", ""d2"": ""bbw"", ""d3"": true, ""d4"": false, ""adx_thr"": 20, ""dd_thr"": -0.3}",2803
R2,ADA,adx-2,"{""ma_fast"": 100, ""ma_slow"": 200, ""slope_k"": 10, ""adx_n"": 14, ""atr_n"": 14, ""w_vol"": 252, ""bb_n"": 20, ""bb_mult"": 2.0, ""w_dd"": 100, ""q_lo"": 0.2, ""q_hi"": 0.8, ""s_atr"": 0.7, ""vol_conf"": 0.5, ""f_thr"": 0.1, ""f_hours"": 168, ""d1"": ""b"", ""d2"": ""bbw"", ""d3"": true, ""d4"": false, ""adx_thr"": 18, ""dd_thr"": -0.3}",2803
R2,ADA,adx+2,"{""ma_fast"": 100, ""ma_slow"": 200, ""slope_k"": 10, ""adx_n"": 14, ""atr_n"": 14, ""w_vol"": 252, ""bb_n"": 20, ""bb_mult"": 2.0, ""w_dd"": 100, ""q_lo"": 0.2, ""q_hi"": 0.8, ""s_atr"": 0.7, ""vol_conf"": 0.5, ""f_thr"": 0.1, ""f_hours"": 168, ""d1"": ""b"", ""d2"": ""bbw"", ""d3"": true, ""d4"": false, ""adx_thr"": 22, ""dd_thr"": -0.3}",2803
R2,ADA,ma90,"{""ma_fast"": 90, ""ma_slow"": 200, ""slope_k"": 10, ""adx_n"": 14, ""atr_n"": 14, ""w_vol"": 252, ""bb_n"": 20, ""bb_mult"": 2.0, ""w_dd"": 100, ""q_lo"": 0.2, ""q_hi"": 0.8, ""s_atr"": 0.7, ""vol_conf"": 0.5, ""f_thr"": 0.1, ""f_hours"": 168, ""d1"": ""b"", ""d2"": ""bbw"", ""d3"": true, ""d4"": false, ""adx_thr"": 20, ""dd_thr"": -0.3}",2803
R2,ADA,ma110,"{""ma_fast"": 110, ""ma_slow"": 200, ""slope_k"": 10, ""adx_n"": 14, ""atr_n"": 14, ""w_vol"": 252, ""bb_n"": 20, ""bb_mult"": 2.0, ""w_dd"": 100, ""q_lo"": 0.2, ""q_hi"": 0.8, ""s_atr"": 0.7, ""vol_conf"": 0.5, ""f_thr"": 0.1, ""f_hours"": 168, ""d1"": ""b"", ""d2"": ""bbw"", ""d3"": true, ""d4"": false, ""adx_thr"": 20, ""dd_thr"": -0.3}",2803
R2,ADA,band-0.05,"{""ma_fast"": 100, ""ma_slow"": 200, ""slope_k"": 10, ""adx_n"": 14, ""atr_n"": 14, ""w_vol"": 252, ""bb_n"": 20, ""bb_mult"": 2.0, ""w_dd"": 100, ""q_lo"": 0.15, ""q_hi"": 0.85, ""s_atr"": 0.7, ""vol_conf"": 0.5, ""f_thr"": 0.1, ""f_hours"": 168, ""d1"": ""b"", ""d2"": ""bbw"", ""d3"": true, ""d4"": false, ""adx_thr"": 20, ""dd_thr"": -0.3}",2803
R2,ADA,band+0.05,"{""ma_fast"": 100, ""ma_slow"": 200, ""slope_k"": 10, ""adx_n"": 14, ""atr_n"": 14, ""w_vol"": 252, ""bb_n"": 20, ""bb_mult"": 2.0, ""w_dd"": 100, ""q_lo"": 0.25, ""q_hi"": 0.75, ""s_atr"": 0.7, ""vol_conf"": 0.5, ""f_thr"": 0.1, ""f_hours"": 168, ""d1"": ""b"", ""d2"": ""bbw"", ""d3"": true, ""d4"": false, ""adx_thr"": 20, ""dd_thr"": -0.3}",2803
R2,ADA,wvol189,"{""ma_fast"": 100, ""ma_slow"": 200, ""slope_k"": 10, ""adx_n"": 14, ""atr_n"": 14, ""w_vol"": 189, ""bb_n"": 20, ""bb_mult"": 2.0, ""w_dd"": 100, ""q_lo"": 0.2, ""q_hi"": 0.8, ""s_atr"": 0.7, ""vol_conf"": 0.5, ""f_thr"": 0.1, ""f_hours"": 168, ""d1"": ""b"", ""d2"": ""bbw"", ""d3"": true, ""d4"": false, ""adx_thr"": 20, ""dd_thr"": -0.3}",2866
R2,ADA,wvol315,"{""ma_fast"": 100, ""ma_slow"": 200, ""slope_k"": 10, ""adx_n"": 14, ""atr_n"": 14, ""w_vol"": 315, ""bb_n"": 20, ""bb_mult"": 2.0, ""w_dd"": 100, ""q_lo"": 0.2, ""q_hi"": 0.8, ""s_atr"": 0.7, ""vol_conf"": 0.5, ""f_thr"": 0.1, ""f_hours"": 168, ""d1"": ""b"", ""d2"": ""bbw"", ""d3"": true, ""d4"": false, ""adx_thr"": 20, ""dd_thr"": -0.3}",2740
R2,ADA,dd-0.05,"{""ma_fast"": 100, ""ma_slow"": 200, ""slope_k"": 10, ""adx_n"": 14, ""atr_n"": 14, ""w_vol"": 252, ""bb_n"": 20, ""bb_mult"": 2.0, ""w_dd"": 100, ""q_lo"": 0.2, ""q_hi"": 0.8, ""s_atr"": 0.7, ""vol_conf"": 0.5, ""f_thr"": 0.1, ""f_hours"": 168, ""d1"": ""b"", ""d2"": ""bbw"", ""d3"": true, ""d4"": false, ""adx_thr"": 20, ""dd_thr"": -0.35}",2803
R2,ADA,dd+0.05,"{""ma_fast"": 100, ""ma_slow"": 200, ""slope_k"": 10, ""adx_n"": 14, ""atr_n"": 14, ""w_vol"": 252, ""bb_n"": 20, ""bb_mult"": 2.0, ""w_dd"": 100, ""q_lo"": 0.2, ""q_hi"": 0.8, ""s_atr"": 0.7, ""vol_conf"": 0.5, ""f_thr"": 0.1, ""f_hours"": 168, ""d1"": ""b"", ""d2"": ""bbw"", ""d3"": true, ""d4"": false, ""adx_thr"": 20, ""dd_thr"": -0.25}",2803
R2,AVAX,base,"{""ma_fast"": 100, ""ma_slow"": 200, ""slope_k"": 10, ""adx_n"": 14, ""atr_n"": 14, ""w_vol"": 252, ""bb_n"": 20, ""bb_mult"": 2.0, ""w_dd"": 100, ""q_lo"": 0.2, ""q_hi"": 0.8, ""s_atr"": 0.7, ""vol_conf"": 0.5, ""f_thr"": 0.1, ""f_hours"": 168, ""d1"": ""b"", ""d2"": ""bbw"", ""d3"": true, ""d4"": false, ""adx_thr"": 20, ""dd_thr"": -0.3}",1914
R2,AVAX,adx-2,"{""ma_fast"": 100, ""ma_slow"": 200, ""slope_k"": 10, ""adx_n"": 14, ""atr_n"": 14, ""w_vol"": 252, ""bb_n"": 20, ""bb_mult"": 2.0, ""w_dd"": 100, ""q_lo"": 0.2, ""q_hi"": 0.8, ""s_atr"": 0.7, ""vol_conf"": 0.5, ""f_thr"": 0.1, ""f_hours"": 168, ""d1"": ""b"", ""d2"": ""bbw"", ""d3"": true, ""d4"": false, ""adx_thr"": 18, ""dd_thr"": -0.3}",1914
R2,AVAX,adx+2,"{""ma_fast"": 100, ""ma_slow"": 200, ""slope_k"": 10, ""adx_n"": 14, ""atr_n"": 14, ""w_vol"": 252, ""bb_n"": 20, ""bb_mult"": 2.0, ""w_dd"": 100, ""q_lo"": 0.2, ""q_hi"": 0.8, ""s_atr"": 0.7, ""vol_conf"": 0.5, ""f_thr"": 0.1, ""f_hours"": 168, ""d1"": ""b"", ""d2"": ""bbw"", ""d3"": true, ""d4"": false, ""adx_thr"": 22, ""dd_thr"": -0.3}",1914
R2,AVAX,ma90,"{""ma_fast"": 90, ""ma_slow"": 200, ""slope_k"": 10, ""adx_n"": 14, ""atr_n"": 14, ""w_vol"": 252, ""bb_n"": 20, ""bb_mult"": 2.0, ""w_dd"": 100, ""q_lo"": 0.2, ""q_hi"": 0.8, ""s_atr"": 0.7, ""vol_conf"": 0.5, ""f_thr"": 0.1, ""f_hours"": 168, ""d1"": ""b"", ""d2"": ""bbw"", ""d3"": true, ""d4"": false, ""adx_thr"": 20, ""dd_thr"": -0.3}",1914
R2,AVAX,ma110,"{""ma_fast"": 110, ""ma_slow"": 200, ""slope_k"": 10, ""adx_n"": 14, ""atr_n"": 14, ""w_vol"": 252, ""bb_n"": 20, ""bb_mult"": 2.0, ""w_dd"": 100, ""q_lo"": 0.2, ""q_hi"": 0.8, ""s_atr"": 0.7, ""vol_conf"": 0.5, ""f_thr"": 0.1, ""f_hours"": 168, ""d1"": ""b"", ""d2"": ""bbw"", ""d3"": true, ""d4"": false, ""adx_thr"": 20, ""dd_thr"": -0.3}",1914
R2,AVAX,band-0.05,"{""ma_fast"": 100, ""ma_slow"": 200, ""slope_k"": 10, ""adx_n"": 14, ""atr_n"": 14, ""w_vol"": 252, ""bb_n"": 20, ""bb_mult"": 2.0, ""w_dd"": 100, ""q_lo"": 0.15, ""q_hi"": 0.85, ""s_atr"": 0.7, ""vol_conf"": 0.5, ""f_thr"": 0.1, ""f_hours"": 168, ""d1"": ""b"", ""d2"": ""bbw"", ""d3"": true, ""d4"": false, ""adx_thr"": 20, ""dd_thr"": -0.3}",1914
R2,AVAX,band+0.05,"{""ma_fast"": 100, ""ma_slow"": 200, ""slope_k"": 10, ""adx_n"": 14, ""atr_n"": 14, ""w_vol"": 252, ""bb_n"": 20, ""bb_mult"": 2.0, ""w_dd"": 100, ""q_lo"": 0.25, ""q_hi"": 0.75, ""s_atr"": 0.7, ""vol_conf"": 0.5, ""f_thr"": 0.1, ""f_hours"": 168, ""d1"": ""b"", ""d2"": ""bbw"", ""d3"": true, ""d4"": false, ""adx_thr"": 20, ""dd_thr"": -0.3}",1914
R2,AVAX,wvol189,"{""ma_fast"": 100, ""ma_slow"": 200, ""slope_k"": 10, ""adx_n"": 14, ""atr_n"": 14, ""w_vol"": 189, ""bb_n"": 20, ""bb_mult"": 2.0, ""w_dd"": 100, ""q_lo"": 0.2, ""q_hi"": 0.8, ""s_atr"": 0.7, ""vol_conf"": 0.5, ""f_thr"": 0.1, ""f_hours"": 168, ""d1"": ""b"", ""d2"": ""bbw"", ""d3"": true, ""d4"": false, ""adx_thr"": 20, ""dd_thr"": -0.3}",1977
R2,AVAX,wvol315,"{""ma_fast"": 100, ""ma_slow"": 200, ""slope_k"": 10, ""adx_n"": 14, ""atr_n"": 14, ""w_vol"": 315, ""bb_n"": 20, ""bb_mult"": 2.0, ""w_dd"": 100, ""q_lo"": 0.2, ""q_hi"": 0.8, ""s_atr"": 0.7, ""vol_conf"": 0.5, ""f_thr"": 0.1, ""f_hours"": 168, ""d1"": ""b"", ""d2"": ""bbw"", ""d3"": true, ""d4"": false, ""adx_thr"": 20, ""dd_thr"": -0.3}",1851
R2,AVAX,dd-0.05,"{""ma_fast"": 100, ""ma_slow"": 200, ""slope_k"": 10, ""adx_n"": 14, ""atr_n"": 14, ""w_vol"": 252, ""bb_n"": 20, ""bb_mult"": 2.0, ""w_dd"": 100, ""q_lo"": 0.2, ""q_hi"": 0.8, ""s_atr"": 0.7, ""vol_conf"": 0.5, ""f_thr"": 0.1, ""f_hours"": 168, ""d1"": ""b"", ""d2"": ""bbw"", ""d3"": true, ""d4"": false, ""adx_thr"": 20, ""dd_thr"": -0.35}",1914
R2,AVAX,dd+0.05,"{""ma_fast"": 100, ""ma_slow"": 200, ""slope_k"": 10, ""adx_n"": 14, ""atr_n"": 14, ""w_vol"": 252, ""bb_n"": 20, ""bb_mult"": 2.0, ""w_dd"": 100, ""q_lo"": 0.2, ""q_hi"": 0.8, ""s_atr"": 0.7, ""vol_conf"": 0.5, ""f_thr"": 0.1, ""f_hours"": 168, ""d1"": ""b"", ""d2"": ""bbw"", ""d3"": true, ""d4"": false, ""adx_thr"": 20, ""dd_thr"": -0.25}",1914
R2,LINK,base,"{""ma_fast"": 100, ""ma_slow"": 200, ""slope_k"": 10, ""adx_n"": 14, ""atr_n"": 14, ""w_vol"": 252, ""bb_n"": 20, ""bb_mult"": 2.0, ""w_dd"": 100, ""q_lo"": 0.2, ""q_hi"": 0.8, ""s_atr"": 0.7, ""vol_conf"": 0.5, ""f_thr"": 0.1, ""f_hours"": 168, ""d1"": ""b"", ""d2"": ""bbw"", ""d3"": true, ""d4"": false, ""adx_thr"": 20, ""dd_thr"": -0.3}",2529
R2,LINK,adx-2,"{""ma_fast"": 100, ""ma_slow"": 200, ""slope_k"": 10, ""adx_n"": 14, ""atr_n"": 14, ""w_vol"": 252, ""bb_n"": 20, ""bb_mult"": 2.0, ""w_dd"": 100, ""q_lo"": 0.2, ""q_hi"": 0.8, ""s_atr"": 0.7, ""vol_conf"": 0.5, ""f_thr"": 0.1, ""f_hours"": 168, ""d1"": ""b"", ""d2"": ""bbw"", ""d3"": true, ""d4"": false, ""adx_thr"": 18, ""dd_thr"": -0.3}",2529
R2,LINK,adx+2,"{""ma_fast"": 100, ""ma_slow"": 200, ""slope_k"": 10, ""adx_n"": 14, ""atr_n"": 14, ""w_vol"": 252, ""bb_n"": 20, ""bb_mult"": 2.0, ""w_dd"": 100, ""q_lo"": 0.2, ""q_hi"": 0.8, ""s_atr"": 0.7, ""vol_conf"": 0.5, ""f_thr"": 0.1, ""f_hours"": 168, ""d1"": ""b"", ""d2"": ""bbw"", ""d3"": true, ""d4"": false, ""adx_thr"": 22, ""dd_thr"": -0.3}",2529
R2,LINK,ma90,"{""ma_fast"": 90, ""ma_slow"": 200, ""slope_k"": 10, ""adx_n"": 14, ""atr_n"": 14, ""w_vol"": 252, ""bb_n"": 20, ""bb_mult"": 2.0, ""w_dd"": 100, ""q_lo"": 0.2, ""q_hi"": 0.8, ""s_atr"": 0.7, ""vol_conf"": 0.5, ""f_thr"": 0.1, ""f_hours"": 168, ""d1"": ""b"", ""d2"": ""bbw"", ""d3"": true, ""d4"": false, ""adx_thr"": 20, ""dd_thr"": -0.3}",2529
R2,LINK,ma110,"{""ma_fast"": 110, ""ma_slow"": 200, ""slope_k"": 10, ""adx_n"": 14, ""atr_n"": 14, ""w_vol"": 252, ""bb_n"": 20, ""bb_mult"": 2.0, ""w_dd"": 100, ""q_lo"": 0.2, ""q_hi"": 0.8, ""s_atr"": 0.7, ""vol_conf"": 0.5, ""f_thr"": 0.1, ""f_hours"": 168, ""d1"": ""b"", ""d2"": ""bbw"", ""d3"": true, ""d4"": false, ""adx_thr"": 20, ""dd_thr"": -0.3}",2529
R2,LINK,band-0.05,"{""ma_fast"": 100, ""ma_slow"": 200, ""slope_k"": 10, ""adx_n"": 14, ""atr_n"": 14, ""w_vol"": 252, ""bb_n"": 20, ""bb_mult"": 2.0, ""w_dd"": 100, ""q_lo"": 0.15, ""q_hi"": 0.85, ""s_atr"": 0.7, ""vol_conf"": 0.5, ""f_thr"": 0.1, ""f_hours"": 168, ""d1"": ""b"", ""d2"": ""bbw"", ""d3"": true, ""d4"": false, ""adx_thr"": 20, ""dd_thr"": -0.3}",2529
R2,LINK,band+0.05,"{""ma_fast"": 100, ""ma_slow"": 200, ""slope_k"": 10, ""adx_n"": 14, ""atr_n"": 14, ""w_vol"": 252, ""bb_n"": 20, ""bb_mult"": 2.0, ""w_dd"": 100, ""q_lo"": 0.25, ""q_hi"": 0.75, ""s_atr"": 0.7, ""vol_conf"": 0.5, ""f_thr"": 0.1, ""f_hours"": 168, ""d1"": ""b"", ""d2"": ""bbw"", ""d3"": true, ""d4"": false, ""adx_thr"": 20, ""dd_thr"": -0.3}",2529
R2,LINK,wvol189,"{""ma_fast"": 100, ""ma_slow"": 200, ""slope_k"": 10, ""adx_n"": 14, ""atr_n"": 14, ""w_vol"": 189, ""bb_n"": 20, ""bb_mult"": 2.0, ""w_dd"": 100, ""q_lo"": 0.2, ""q_hi"": 0.8, ""s_atr"": 0.7, ""vol_conf"": 0.5, ""f_thr"": 0.1, ""f_hours"": 168, ""d1"": ""b"", ""d2"": ""bbw"", ""d3"": true, ""d4"": false, ""adx_thr"": 20, ""dd_thr"": -0.3}",2592
R2,LINK,wvol315,"{""ma_fast"": 100, ""ma_slow"": 200, ""slope_k"": 10, ""adx_n"": 14, ""atr_n"": 14, ""w_vol"": 315, ""bb_n"": 20, ""bb_mult"": 2.0, ""w_dd"": 100, ""q_lo"": 0.2, ""q_hi"": 0.8, ""s_atr"": 0.7, ""vol_conf"": 0.5, ""f_thr"": 0.1, ""f_hours"": 168, ""d1"": ""b"", ""d2"": ""bbw"", ""d3"": true, ""d4"": false, ""adx_thr"": 20, ""dd_thr"": -0.3}",2466
R2,LINK,dd-0.05,"{""ma_fast"": 100, ""ma_slow"": 200, ""slope_k"": 10, ""adx_n"": 14, ""atr_n"": 14, ""w_vol"": 252, ""bb_n"": 20, ""bb_mult"": 2.0, ""w_dd"": 100, ""q_lo"": 0.2, ""q_hi"": 0.8, ""s_atr"": 0.7, ""vol_conf"": 0.5, ""f_thr"": 0.1, ""f_hours"": 168, ""d1"": ""b"", ""d2"": ""bbw"", ""d3"": true, ""d4"": false, ""adx_thr"": 20, ""dd_thr"": -0.35}",2529
R2,LINK,dd+0.05,"{""ma_fast"": 100, ""ma_slow"": 200, ""slope_k"": 10, ""adx_n"": 14, ""atr_n"": 14, ""w_vol"": 252, ""bb_n"": 20, ""bb_mult"": 2.0, ""w_dd"": 100, ""q_lo"": 0.2, ""q_hi"": 0.8, ""s_atr"": 0.7, ""vol_conf"": 0.5, ""f_thr"": 0.1, ""f_hours"": 168, ""d1"": ""b"", ""d2"": ""bbw"", ""d3"": true, ""d4"": false, ""adx_thr"": 20, ""dd_thr"": -0.25}",2529
R2,DOT,base,"{""ma_fast"": 100, ""ma_slow"": 200, ""slope_k"": 10, ""adx_n"": 14, ""atr_n"": 14, ""w_vol"": 252, ""bb_n"": 20, ""bb_mult"": 2.0, ""w_dd"": 100, ""q_lo"": 0.2, ""q_hi"": 0.8, ""s_atr"": 0.7, ""vol_conf"": 0.5, ""f_thr"": 0.1, ""f_hours"": 168, ""d1"": ""b"", ""d2"": ""bbw"", ""d3"": true, ""d4"": false, ""adx_thr"": 20, ""dd_thr"": -0.3}",1949
R2,DOT,adx-2,"{""ma_fast"": 100, ""ma_slow"": 200, ""slope_k"": 10, ""adx_n"": 14, ""atr_n"": 14, ""w_vol"": 252, ""bb_n"": 20, ""bb_mult"": 2.0, ""w_dd"": 100, ""q_lo"": 0.2, ""q_hi"": 0.8, ""s_atr"": 0.7, ""vol_conf"": 0.5, ""f_thr"": 0.1, ""f_hours"": 168, ""d1"": ""b"", ""d2"": ""bbw"", ""d3"": true, ""d4"": false, ""adx_thr"": 18, ""dd_thr"": -0.3}",1949
R2,DOT,adx+2,"{""ma_fast"": 100, ""ma_slow"": 200, ""slope_k"": 10, ""adx_n"": 14, ""atr_n"": 14, ""w_vol"": 252, ""bb_n"": 20, ""bb_mult"": 2.0, ""w_dd"": 100, ""q_lo"": 0.2, ""q_hi"": 0.8, ""s_atr"": 0.7, ""vol_conf"": 0.5, ""f_thr"": 0.1, ""f_hours"": 168, ""d1"": ""b"", ""d2"": ""bbw"", ""d3"": true, ""d4"": false, ""adx_thr"": 22, ""dd_thr"": -0.3}",1949
R2,DOT,ma90,"{""ma_fast"": 90, ""ma_slow"": 200, ""slope_k"": 10, ""adx_n"": 14, ""atr_n"": 14, ""w_vol"": 252, ""bb_n"": 20, ""bb_mult"": 2.0, ""w_dd"": 100, ""q_lo"": 0.2, ""q_hi"": 0.8, ""s_atr"": 0.7, ""vol_conf"": 0.5, ""f_thr"": 0.1, ""f_hours"": 168, ""d1"": ""b"", ""d2"": ""bbw"", ""d3"": true, ""d4"": false, ""adx_thr"": 20, ""dd_thr"": -0.3}",1949
R2,DOT,ma110,"{""ma_fast"": 110, ""ma_slow"": 200, ""slope_k"": 10, ""adx_n"": 14, ""atr_n"": 14, ""w_vol"": 252, ""bb_n"": 20, ""bb_mult"": 2.0, ""w_dd"": 100, ""q_lo"": 0.2, ""q_hi"": 0.8, ""s_atr"": 0.7, ""vol_conf"": 0.5, ""f_thr"": 0.1, ""f_hours"": 168, ""d1"": ""b"", ""d2"": ""bbw"", ""d3"": true, ""d4"": false, ""adx_thr"": 20, ""dd_thr"": -0.3}",1949
R2,DOT,band-0.05,"{""ma_fast"": 100, ""ma_slow"": 200, ""slope_k"": 10, ""adx_n"": 14, ""atr_n"": 14, ""w_vol"": 252, ""bb_n"": 20, ""bb_mult"": 2.0, ""w_dd"": 100, ""q_lo"": 0.15, ""q_hi"": 0.85, ""s_atr"": 0.7, ""vol_conf"": 0.5, ""f_thr"": 0.1, ""f_hours"": 168, ""d1"": ""b"", ""d2"": ""bbw"", ""d3"": true, ""d4"": false, ""adx_thr"": 20, ""dd_thr"": -0.3}",1949
R2,DOT,band+0.05,"{""ma_fast"": 100, ""ma_slow"": 200, ""slope_k"": 10, ""adx_n"": 14, ""atr_n"": 14, ""w_vol"": 252, ""bb_n"": 20, ""bb_mult"": 2.0, ""w_dd"": 100, ""q_lo"": 0.25, ""q_hi"": 0.75, ""s_atr"": 0.7, ""vol_conf"": 0.5, ""f_thr"": 0.1, ""f_hours"": 168, ""d1"": ""b"", ""d2"": ""bbw"", ""d3"": true, ""d4"": false, ""adx_thr"": 20, ""dd_thr"": -0.3}",1949
R2,DOT,wvol189,"{""ma_fast"": 100, ""ma_slow"": 200, ""slope_k"": 10, ""adx_n"": 14, ""atr_n"": 14, ""w_vol"": 189, ""bb_n"": 20, ""bb_mult"": 2.0, ""w_dd"": 100, ""q_lo"": 0.2, ""q_hi"": 0.8, ""s_atr"": 0.7, ""vol_conf"": 0.5, ""f_thr"": 0.1, ""f_hours"": 168, ""d1"": ""b"", ""d2"": ""bbw"", ""d3"": true, ""d4"": false, ""adx_thr"": 20, ""dd_thr"": -0.3}",2012
R2,DOT,wvol315,"{""ma_fast"": 100, ""ma_slow"": 200, ""slope_k"": 10, ""adx_n"": 14, ""atr_n"": 14, ""w_vol"": 315, ""bb_n"": 20, ""bb_mult"": 2.0, ""w_dd"": 100, ""q_lo"": 0.2, ""q_hi"": 0.8, ""s_atr"": 0.7, ""vol_conf"": 0.5, ""f_thr"": 0.1, ""f_hours"": 168, ""d1"": ""b"", ""d2"": ""bbw"", ""d3"": true, ""d4"": false, ""adx_thr"": 20, ""dd_thr"": -0.3}",1886
R2,DOT,dd-0.05,"{""ma_fast"": 100, ""ma_slow"": 200, ""slope_k"": 10, ""adx_n"": 14, ""atr_n"": 14, ""w_vol"": 252, ""bb_n"": 20, ""bb_mult"": 2.0, ""w_dd"": 100, ""q_lo"": 0.2, ""q_hi"": 0.8, ""s_atr"": 0.7, ""vol_conf"": 0.5, ""f_thr"": 0.1, ""f_hours"": 168, ""d1"": ""b"", ""d2"": ""bbw"", ""d3"": true, ""d4"": false, ""adx_thr"": 20, ""dd_thr"": -0.35}",1949
R2,DOT,dd+0.05,"{""ma_fast"": 100, ""ma_slow"": 200, ""slope_k"": 10, ""adx_n"": 14, ""atr_n"": 14, ""w_vol"": 252, ""bb_n"": 20, ""bb_mult"": 2.0, ""w_dd"": 100, ""q_lo"": 0.2, ""q_hi"": 0.8, ""s_atr"": 0.7, ""vol_conf"": 0.5, ""f_thr"": 0.1, ""f_hours"": 168, ""d1"": ""b"", ""d2"": ""bbw"", ""d3"": true, ""d4"": false, ""adx_thr"": 20, ""dd_thr"": -0.25}",1949
R2,BNB,base,"{""ma_fast"": 100, ""ma_slow"": 200, ""slope_k"": 10, ""adx_n"": 14, ""atr_n"": 14, ""w_vol"": 252, ""bb_n"": 20, ""bb_mult"": 2.0, ""w_dd"": 100, ""q_lo"": 0.2, ""q_hi"": 0.8, ""s_atr"": 0.7, ""vol_conf"": 0.5, ""f_thr"": 0.1, ""f_hours"": 168, ""d1"": ""b"", ""d2"": ""bbw"", ""d3"": true, ""d4"": false, ""adx_thr"": 20, ""dd_thr"": -0.3}",2965
R2,BNB,adx-2,"{""ma_fast"": 100, ""ma_slow"": 200, ""slope_k"": 10, ""adx_n"": 14, ""atr_n"": 14, ""w_vol"": 252, ""bb_n"": 20, ""bb_mult"": 2.0, ""w_dd"": 100, ""q_lo"": 0.2, ""q_hi"": 0.8, ""s_atr"": 0.7, ""vol_conf"": 0.5, ""f_thr"": 0.1, ""f_hours"": 168, ""d1"": ""b"", ""d2"": ""bbw"", ""d3"": true, ""d4"": false, ""adx_thr"": 18, ""dd_thr"": -0.3}",2965
R2,BNB,adx+2,"{""ma_fast"": 100, ""ma_slow"": 200, ""slope_k"": 10, ""adx_n"": 14, ""atr_n"": 14, ""w_vol"": 252, ""bb_n"": 20, ""bb_mult"": 2.0, ""w_dd"": 100, ""q_lo"": 0.2, ""q_hi"": 0.8, ""s_atr"": 0.7, ""vol_conf"": 0.5, ""f_thr"": 0.1, ""f_hours"": 168, ""d1"": ""b"", ""d2"": ""bbw"", ""d3"": true, ""d4"": false, ""adx_thr"": 22, ""dd_thr"": -0.3}",2965
R2,BNB,ma90,"{""ma_fast"": 90, ""ma_slow"": 200, ""slope_k"": 10, ""adx_n"": 14, ""atr_n"": 14, ""w_vol"": 252, ""bb_n"": 20, ""bb_mult"": 2.0, ""w_dd"": 100, ""q_lo"": 0.2, ""q_hi"": 0.8, ""s_atr"": 0.7, ""vol_conf"": 0.5, ""f_thr"": 0.1, ""f_hours"": 168, ""d1"": ""b"", ""d2"": ""bbw"", ""d3"": true, ""d4"": false, ""adx_thr"": 20, ""dd_thr"": -0.3}",2965
R2,BNB,ma110,"{""ma_fast"": 110, ""ma_slow"": 200, ""slope_k"": 10, ""adx_n"": 14, ""atr_n"": 14, ""w_vol"": 252, ""bb_n"": 20, ""bb_mult"": 2.0, ""w_dd"": 100, ""q_lo"": 0.2, ""q_hi"": 0.8, ""s_atr"": 0.7, ""vol_conf"": 0.5, ""f_thr"": 0.1, ""f_hours"": 168, ""d1"": ""b"", ""d2"": ""bbw"", ""d3"": true, ""d4"": false, ""adx_thr"": 20, ""dd_thr"": -0.3}",2965
R2,BNB,band-0.05,"{""ma_fast"": 100, ""ma_slow"": 200, ""slope_k"": 10, ""adx_n"": 14, ""atr_n"": 14, ""w_vol"": 252, ""bb_n"": 20, ""bb_mult"": 2.0, ""w_dd"": 100, ""q_lo"": 0.15, ""q_hi"": 0.85, ""s_atr"": 0.7, ""vol_conf"": 0.5, ""f_thr"": 0.1, ""f_hours"": 168, ""d1"": ""b"", ""d2"": ""bbw"", ""d3"": true, ""d4"": false, ""adx_thr"": 20, ""dd_thr"": -0.3}",2965
R2,BNB,band+0.05,"{""ma_fast"": 100, ""ma_slow"": 200, ""slope_k"": 10, ""adx_n"": 14, ""atr_n"": 14, ""w_vol"": 252, ""bb_n"": 20, ""bb_mult"": 2.0, ""w_dd"": 100, ""q_lo"": 0.25, ""q_hi"": 0.75, ""s_atr"": 0.7, ""vol_conf"": 0.5, ""f_thr"": 0.1, ""f_hours"": 168, ""d1"": ""b"", ""d2"": ""bbw"", ""d3"": true, ""d4"": false, ""adx_thr"": 20, ""dd_thr"": -0.3}",2965
R2,BNB,wvol189,"{""ma_fast"": 100, ""ma_slow"": 200, ""slope_k"": 10, ""adx_n"": 14, ""atr_n"": 14, ""w_vol"": 189, ""bb_n"": 20, ""bb_mult"": 2.0, ""w_dd"": 100, ""q_lo"": 0.2, ""q_hi"": 0.8, ""s_atr"": 0.7, ""vol_conf"": 0.5, ""f_thr"": 0.1, ""f_hours"": 168, ""d1"": ""b"", ""d2"": ""bbw"", ""d3"": true, ""d4"": false, ""adx_thr"": 20, ""dd_thr"": -0.3}",3028
R2,BNB,wvol315,"{""ma_fast"": 100, ""ma_slow"": 200, ""slope_k"": 10, ""adx_n"": 14, ""atr_n"": 14, ""w_vol"": 315, ""bb_n"": 20, ""bb_mult"": 2.0, ""w_dd"": 100, ""q_lo"": 0.2, ""q_hi"": 0.8, ""s_atr"": 0.7, ""vol_conf"": 0.5, ""f_thr"": 0.1, ""f_hours"": 168, ""d1"": ""b"", ""d2"": ""bbw"", ""d3"": true, ""d4"": false, ""adx_thr"": 20, ""dd_thr"": -0.3}",2902
R2,BNB,dd-0.05,"{""ma_fast"": 100, ""ma_slow"": 200, ""slope_k"": 10, ""adx_n"": 14, ""atr_n"": 14, ""w_vol"": 252, ""bb_n"": 20, ""bb_mult"": 2.0, ""w_dd"": 100, ""q_lo"": 0.2, ""q_hi"": 0.8, ""s_atr"": 0.7, ""vol_conf"": 0.5, ""f_thr"": 0.1, ""f_hours"": 168, ""d1"": ""b"", ""d2"": ""bbw"", ""d3"": true, ""d4"": false, ""adx_thr"": 20, ""dd_thr"": -0.35}",2965
R2,BNB,dd+0.05,"{""ma_fast"": 100, ""ma_slow"": 200, ""slope_k"": 10, ""adx_n"": 14, ""atr_n"": 14, ""w_vol"": 252, ""bb_n"": 20, ""bb_mult"": 2.0, ""w_dd"": 100, ""q_lo"": 0.2, ""q_hi"": 0.8, ""s_atr"": 0.7, ""vol_conf"": 0.5, ""f_thr"": 0.1, ""f_hours"": 168, ""d1"": ""b"", ""d2"": ""bbw"", ""d3"": true, ""d4"": false, ""adx_thr"": 20, ""dd_thr"": -0.25}",2965
R2,LTC,base,"{""ma_fast"": 100, ""ma_slow"": 200, ""slope_k"": 10, ""adx_n"": 14, ""atr_n"": 14, ""w_vol"": 252, ""bb_n"": 20, ""bb_mult"": 2.0, ""w_dd"": 100, ""q_lo"": 0.2, ""q_hi"": 0.8, ""s_atr"": 0.7, ""vol_conf"": 0.5, ""f_thr"": 0.1, ""f_hours"": 168, ""d1"": ""b"", ""d2"": ""bbw"", ""d3"": true, ""d4"": false, ""adx_thr"": 20, ""dd_thr"": -0.3}",2928
R2,LTC,adx-2,"{""ma_fast"": 100, ""ma_slow"": 200, ""slope_k"": 10, ""adx_n"": 14, ""atr_n"": 14, ""w_vol"": 252, ""bb_n"": 20, ""bb_mult"": 2.0, ""w_dd"": 100, ""q_lo"": 0.2, ""q_hi"": 0.8, ""s_atr"": 0.7, ""vol_conf"": 0.5, ""f_thr"": 0.1, ""f_hours"": 168, ""d1"": ""b"", ""d2"": ""bbw"", ""d3"": true, ""d4"": false, ""adx_thr"": 18, ""dd_thr"": -0.3}",2928
R2,LTC,adx+2,"{""ma_fast"": 100, ""ma_slow"": 200, ""slope_k"": 10, ""adx_n"": 14, ""atr_n"": 14, ""w_vol"": 252, ""bb_n"": 20, ""bb_mult"": 2.0, ""w_dd"": 100, ""q_lo"": 0.2, ""q_hi"": 0.8, ""s_atr"": 0.7, ""vol_conf"": 0.5, ""f_thr"": 0.1, ""f_hours"": 168, ""d1"": ""b"", ""d2"": ""bbw"", ""d3"": true, ""d4"": false, ""adx_thr"": 22, ""dd_thr"": -0.3}",2928
R2,LTC,ma90,"{""ma_fast"": 90, ""ma_slow"": 200, ""slope_k"": 10, ""adx_n"": 14, ""atr_n"": 14, ""w_vol"": 252, ""bb_n"": 20, ""bb_mult"": 2.0, ""w_dd"": 100, ""q_lo"": 0.2, ""q_hi"": 0.8, ""s_atr"": 0.7, ""vol_conf"": 0.5, ""f_thr"": 0.1, ""f_hours"": 168, ""d1"": ""b"", ""d2"": ""bbw"", ""d3"": true, ""d4"": false, ""adx_thr"": 20, ""dd_thr"": -0.3}",2928
R2,LTC,ma110,"{""ma_fast"": 110, ""ma_slow"": 200, ""slope_k"": 10, ""adx_n"": 14, ""atr_n"": 14, ""w_vol"": 252, ""bb_n"": 20, ""bb_mult"": 2.0, ""w_dd"": 100, ""q_lo"": 0.2, ""q_hi"": 0.8, ""s_atr"": 0.7, ""vol_conf"": 0.5, ""f_thr"": 0.1, ""f_hours"": 168, ""d1"": ""b"", ""d2"": ""bbw"", ""d3"": true, ""d4"": false, ""adx_thr"": 20, ""dd_thr"": -0.3}",2928
R2,LTC,band-0.05,"{""ma_fast"": 100, ""ma_slow"": 200, ""slope_k"": 10, ""adx_n"": 14, ""atr_n"": 14, ""w_vol"": 252, ""bb_n"": 20, ""bb_mult"": 2.0, ""w_dd"": 100, ""q_lo"": 0.15, ""q_hi"": 0.85, ""s_atr"": 0.7, ""vol_conf"": 0.5, ""f_thr"": 0.1, ""f_hours"": 168, ""d1"": ""b"", ""d2"": ""bbw"", ""d3"": true, ""d4"": false, ""adx_thr"": 20, ""dd_thr"": -0.3}",2928
R2,LTC,band+0.05,"{""ma_fast"": 100, ""ma_slow"": 200, ""slope_k"": 10, ""adx_n"": 14, ""atr_n"": 14, ""w_vol"": 252, ""bb_n"": 20, ""bb_mult"": 2.0, ""w_dd"": 100, ""q_lo"": 0.25, ""q_hi"": 0.75, ""s_atr"": 0.7, ""vol_conf"": 0.5, ""f_thr"": 0.1, ""f_hours"": 168, ""d1"": ""b"", ""d2"": ""bbw"", ""d3"": true, ""d4"": false, ""adx_thr"": 20, ""dd_thr"": -0.3}",2928
R2,LTC,wvol189,"{""ma_fast"": 100, ""ma_slow"": 200, ""slope_k"": 10, ""adx_n"": 14, ""atr_n"": 14, ""w_vol"": 189, ""bb_n"": 20, ""bb_mult"": 2.0, ""w_dd"": 100, ""q_lo"": 0.2, ""q_hi"": 0.8, ""s_atr"": 0.7, ""vol_conf"": 0.5, ""f_thr"": 0.1, ""f_hours"": 168, ""d1"": ""b"", ""d2"": ""bbw"", ""d3"": true, ""d4"": false, ""adx_thr"": 20, ""dd_thr"": -0.3}",2991
R2,LTC,wvol315,"{""ma_fast"": 100, ""ma_slow"": 200, ""slope_k"": 10, ""adx_n"": 14, ""atr_n"": 14, ""w_vol"": 315, ""bb_n"": 20, ""bb_mult"": 2.0, ""w_dd"": 100, ""q_lo"": 0.2, ""q_hi"": 0.8, ""s_atr"": 0.7, ""vol_conf"": 0.5, ""f_thr"": 0.1, ""f_hours"": 168, ""d1"": ""b"", ""d2"": ""bbw"", ""d3"": true, ""d4"": false, ""adx_thr"": 20, ""dd_thr"": -0.3}",2865
R2,LTC,dd-0.05,"{""ma_fast"": 100, ""ma_slow"": 200, ""slope_k"": 10, ""adx_n"": 14, ""atr_n"": 14, ""w_vol"": 252, ""bb_n"": 20, ""bb_mult"": 2.0, ""w_dd"": 100, ""q_lo"": 0.2, ""q_hi"": 0.8, ""s_atr"": 0.7, ""vol_conf"": 0.5, ""f_thr"": 0.1, ""f_hours"": 168, ""d1"": ""b"", ""d2"": ""bbw"", ""d3"": true, ""d4"": false, ""adx_thr"": 20, ""dd_thr"": -0.35}",2928
R2,LTC,dd+0.05,"{""ma_fast"": 100, ""ma_slow"": 200, ""slope_k"": 10, ""adx_n"": 14, ""atr_n"": 14, ""w_vol"": 252, ""bb_n"": 20, ""bb_mult"": 2.0, ""w_dd"": 100, ""q_lo"": 0.2, ""q_hi"": 0.8, ""s_atr"": 0.7, ""vol_conf"": 0.5, ""f_thr"": 0.1, ""f_hours"": 168, ""d1"": ""b"", ""d2"": ""bbw"", ""d3"": true, ""d4"": false, ""adx_thr"": 20, ""dd_thr"": -0.25}",2928
R3,BTC,base,"{""ma_fast"": 100, ""ma_slow"": 200, ""slope_k"": 10, ""adx_n"": 14, ""atr_n"": 14, ""w_vol"": 252, ""bb_n"": 20, ""bb_mult"": 2.0, ""w_dd"": 100, ""q_lo"": 0.2, ""q_hi"": 0.8, ""s_atr"": 0.7, ""vol_conf"": 0.5, ""f_thr"": 0.1, ""f_hours"": 168, ""d1"": ""b"", ""d2"": ""bbw"", ""d3"": true, ""d4"": true, ""adx_thr"": 20, ""dd_thr"": -0.3}",3046
R3,BTC,adx-2,"{""ma_fast"": 100, ""ma_slow"": 200, ""slope_k"": 10, ""adx_n"": 14, ""atr_n"": 14, ""w_vol"": 252, ""bb_n"": 20, ""bb_mult"": 2.0, ""w_dd"": 100, ""q_lo"": 0.2, ""q_hi"": 0.8, ""s_atr"": 0.7, ""vol_conf"": 0.5, ""f_thr"": 0.1, ""f_hours"": 168, ""d1"": ""b"", ""d2"": ""bbw"", ""d3"": true, ""d4"": true, ""adx_thr"": 18, ""dd_thr"": -0.3}",3046
R3,BTC,adx+2,"{""ma_fast"": 100, ""ma_slow"": 200, ""slope_k"": 10, ""adx_n"": 14, ""atr_n"": 14, ""w_vol"": 252, ""bb_n"": 20, ""bb_mult"": 2.0, ""w_dd"": 100, ""q_lo"": 0.2, ""q_hi"": 0.8, ""s_atr"": 0.7, ""vol_conf"": 0.5, ""f_thr"": 0.1, ""f_hours"": 168, ""d1"": ""b"", ""d2"": ""bbw"", ""d3"": true, ""d4"": true, ""adx_thr"": 22, ""dd_thr"": -0.3}",3046
R3,BTC,ma90,"{""ma_fast"": 90, ""ma_slow"": 200, ""slope_k"": 10, ""adx_n"": 14, ""atr_n"": 14, ""w_vol"": 252, ""bb_n"": 20, ""bb_mult"": 2.0, ""w_dd"": 100, ""q_lo"": 0.2, ""q_hi"": 0.8, ""s_atr"": 0.7, ""vol_conf"": 0.5, ""f_thr"": 0.1, ""f_hours"": 168, ""d1"": ""b"", ""d2"": ""bbw"", ""d3"": true, ""d4"": true, ""adx_thr"": 20, ""dd_thr"": -0.3}",3046
R3,BTC,ma110,"{""ma_fast"": 110, ""ma_slow"": 200, ""slope_k"": 10, ""adx_n"": 14, ""atr_n"": 14, ""w_vol"": 252, ""bb_n"": 20, ""bb_mult"": 2.0, ""w_dd"": 100, ""q_lo"": 0.2, ""q_hi"": 0.8, ""s_atr"": 0.7, ""vol_conf"": 0.5, ""f_thr"": 0.1, ""f_hours"": 168, ""d1"": ""b"", ""d2"": ""bbw"", ""d3"": true, ""d4"": true, ""adx_thr"": 20, ""dd_thr"": -0.3}",3046
R3,BTC,band-0.05,"{""ma_fast"": 100, ""ma_slow"": 200, ""slope_k"": 10, ""adx_n"": 14, ""atr_n"": 14, ""w_vol"": 252, ""bb_n"": 20, ""bb_mult"": 2.0, ""w_dd"": 100, ""q_lo"": 0.15, ""q_hi"": 0.85, ""s_atr"": 0.7, ""vol_conf"": 0.5, ""f_thr"": 0.1, ""f_hours"": 168, ""d1"": ""b"", ""d2"": ""bbw"", ""d3"": true, ""d4"": true, ""adx_thr"": 20, ""dd_thr"": -0.3}",3046
R3,BTC,band+0.05,"{""ma_fast"": 100, ""ma_slow"": 200, ""slope_k"": 10, ""adx_n"": 14, ""atr_n"": 14, ""w_vol"": 252, ""bb_n"": 20, ""bb_mult"": 2.0, ""w_dd"": 100, ""q_lo"": 0.25, ""q_hi"": 0.75, ""s_atr"": 0.7, ""vol_conf"": 0.5, ""f_thr"": 0.1, ""f_hours"": 168, ""d1"": ""b"", ""d2"": ""bbw"", ""d3"": true, ""d4"": true, ""adx_thr"": 20, ""dd_thr"": -0.3}",3046
R3,BTC,wvol189,"{""ma_fast"": 100, ""ma_slow"": 200, ""slope_k"": 10, ""adx_n"": 14, ""atr_n"": 14, ""w_vol"": 189, ""bb_n"": 20, ""bb_mult"": 2.0, ""w_dd"": 100, ""q_lo"": 0.2, ""q_hi"": 0.8, ""s_atr"": 0.7, ""vol_conf"": 0.5, ""f_thr"": 0.1, ""f_hours"": 168, ""d1"": ""b"", ""d2"": ""bbw"", ""d3"": true, ""d4"": true, ""adx_thr"": 20, ""dd_thr"": -0.3}",3109
R3,BTC,wvol315,"{""ma_fast"": 100, ""ma_slow"": 200, ""slope_k"": 10, ""adx_n"": 14, ""atr_n"": 14, ""w_vol"": 315, ""bb_n"": 20, ""bb_mult"": 2.0, ""w_dd"": 100, ""q_lo"": 0.2, ""q_hi"": 0.8, ""s_atr"": 0.7, ""vol_conf"": 0.5, ""f_thr"": 0.1, ""f_hours"": 168, ""d1"": ""b"", ""d2"": ""bbw"", ""d3"": true, ""d4"": true, ""adx_thr"": 20, ""dd_thr"": -0.3}",2983
R3,BTC,dd-0.05,"{""ma_fast"": 100, ""ma_slow"": 200, ""slope_k"": 10, ""adx_n"": 14, ""atr_n"": 14, ""w_vol"": 252, ""bb_n"": 20, ""bb_mult"": 2.0, ""w_dd"": 100, ""q_lo"": 0.2, ""q_hi"": 0.8, ""s_atr"": 0.7, ""vol_conf"": 0.5, ""f_thr"": 0.1, ""f_hours"": 168, ""d1"": ""b"", ""d2"": ""bbw"", ""d3"": true, ""d4"": true, ""adx_thr"": 20, ""dd_thr"": -0.35}",3046
R3,BTC,dd+0.05,"{""ma_fast"": 100, ""ma_slow"": 200, ""slope_k"": 10, ""adx_n"": 14, ""atr_n"": 14, ""w_vol"": 252, ""bb_n"": 20, ""bb_mult"": 2.0, ""w_dd"": 100, ""q_lo"": 0.2, ""q_hi"": 0.8, ""s_atr"": 0.7, ""vol_conf"": 0.5, ""f_thr"": 0.1, ""f_hours"": 168, ""d1"": ""b"", ""d2"": ""bbw"", ""d3"": true, ""d4"": true, ""adx_thr"": 20, ""dd_thr"": -0.25}",3046
R3,ETH,base,"{""ma_fast"": 100, ""ma_slow"": 200, ""slope_k"": 10, ""adx_n"": 14, ""atr_n"": 14, ""w_vol"": 252, ""bb_n"": 20, ""bb_mult"": 2.0, ""w_dd"": 100, ""q_lo"": 0.2, ""q_hi"": 0.8, ""s_atr"": 0.7, ""vol_conf"": 0.5, ""f_thr"": 0.1, ""f_hours"": 168, ""d1"": ""b"", ""d2"": ""bbw"", ""d3"": true, ""d4"": true, ""adx_thr"": 20, ""dd_thr"": -0.3}",3046
R3,ETH,adx-2,"{""ma_fast"": 100, ""ma_slow"": 200, ""slope_k"": 10, ""adx_n"": 14, ""atr_n"": 14, ""w_vol"": 252, ""bb_n"": 20, ""bb_mult"": 2.0, ""w_dd"": 100, ""q_lo"": 0.2, ""q_hi"": 0.8, ""s_atr"": 0.7, ""vol_conf"": 0.5, ""f_thr"": 0.1, ""f_hours"": 168, ""d1"": ""b"", ""d2"": ""bbw"", ""d3"": true, ""d4"": true, ""adx_thr"": 18, ""dd_thr"": -0.3}",3046
R3,ETH,adx+2,"{""ma_fast"": 100, ""ma_slow"": 200, ""slope_k"": 10, ""adx_n"": 14, ""atr_n"": 14, ""w_vol"": 252, ""bb_n"": 20, ""bb_mult"": 2.0, ""w_dd"": 100, ""q_lo"": 0.2, ""q_hi"": 0.8, ""s_atr"": 0.7, ""vol_conf"": 0.5, ""f_thr"": 0.1, ""f_hours"": 168, ""d1"": ""b"", ""d2"": ""bbw"", ""d3"": true, ""d4"": true, ""adx_thr"": 22, ""dd_thr"": -0.3}",3046
R3,ETH,ma90,"{""ma_fast"": 90, ""ma_slow"": 200, ""slope_k"": 10, ""adx_n"": 14, ""atr_n"": 14, ""w_vol"": 252, ""bb_n"": 20, ""bb_mult"": 2.0, ""w_dd"": 100, ""q_lo"": 0.2, ""q_hi"": 0.8, ""s_atr"": 0.7, ""vol_conf"": 0.5, ""f_thr"": 0.1, ""f_hours"": 168, ""d1"": ""b"", ""d2"": ""bbw"", ""d3"": true, ""d4"": true, ""adx_thr"": 20, ""dd_thr"": -0.3}",3046
R3,ETH,ma110,"{""ma_fast"": 110, ""ma_slow"": 200, ""slope_k"": 10, ""adx_n"": 14, ""atr_n"": 14, ""w_vol"": 252, ""bb_n"": 20, ""bb_mult"": 2.0, ""w_dd"": 100, ""q_lo"": 0.2, ""q_hi"": 0.8, ""s_atr"": 0.7, ""vol_conf"": 0.5, ""f_thr"": 0.1, ""f_hours"": 168, ""d1"": ""b"", ""d2"": ""bbw"", ""d3"": true, ""d4"": true, ""adx_thr"": 20, ""dd_thr"": -0.3}",3046
R3,ETH,band-0.05,"{""ma_fast"": 100, ""ma_slow"": 200, ""slope_k"": 10, ""adx_n"": 14, ""atr_n"": 14, ""w_vol"": 252, ""bb_n"": 20, ""bb_mult"": 2.0, ""w_dd"": 100, ""q_lo"": 0.15, ""q_hi"": 0.85, ""s_atr"": 0.7, ""vol_conf"": 0.5, ""f_thr"": 0.1, ""f_hours"": 168, ""d1"": ""b"", ""d2"": ""bbw"", ""d3"": true, ""d4"": true, ""adx_thr"": 20, ""dd_thr"": -0.3}",3046
R3,ETH,band+0.05,"{""ma_fast"": 100, ""ma_slow"": 200, ""slope_k"": 10, ""adx_n"": 14, ""atr_n"": 14, ""w_vol"": 252, ""bb_n"": 20, ""bb_mult"": 2.0, ""w_dd"": 100, ""q_lo"": 0.25, ""q_hi"": 0.75, ""s_atr"": 0.7, ""vol_conf"": 0.5, ""f_thr"": 0.1, ""f_hours"": 168, ""d1"": ""b"", ""d2"": ""bbw"", ""d3"": true, ""d4"": true, ""adx_thr"": 20, ""dd_thr"": -0.3}",3046
R3,ETH,wvol189,"{""ma_fast"": 100, ""ma_slow"": 200, ""slope_k"": 10, ""adx_n"": 14, ""atr_n"": 14, ""w_vol"": 189, ""bb_n"": 20, ""bb_mult"": 2.0, ""w_dd"": 100, ""q_lo"": 0.2, ""q_hi"": 0.8, ""s_atr"": 0.7, ""vol_conf"": 0.5, ""f_thr"": 0.1, ""f_hours"": 168, ""d1"": ""b"", ""d2"": ""bbw"", ""d3"": true, ""d4"": true, ""adx_thr"": 20, ""dd_thr"": -0.3}",3109
R3,ETH,wvol315,"{""ma_fast"": 100, ""ma_slow"": 200, ""slope_k"": 10, ""adx_n"": 14, ""atr_n"": 14, ""w_vol"": 315, ""bb_n"": 20, ""bb_mult"": 2.0, ""w_dd"": 100, ""q_lo"": 0.2, ""q_hi"": 0.8, ""s_atr"": 0.7, ""vol_conf"": 0.5, ""f_thr"": 0.1, ""f_hours"": 168, ""d1"": ""b"", ""d2"": ""bbw"", ""d3"": true, ""d4"": true, ""adx_thr"": 20, ""dd_thr"": -0.3}",2983
R3,ETH,dd-0.05,"{""ma_fast"": 100, ""ma_slow"": 200, ""slope_k"": 10, ""adx_n"": 14, ""atr_n"": 14, ""w_vol"": 252, ""bb_n"": 20, ""bb_mult"": 2.0, ""w_dd"": 100, ""q_lo"": 0.2, ""q_hi"": 0.8, ""s_atr"": 0.7, ""vol_conf"": 0.5, ""f_thr"": 0.1, ""f_hours"": 168, ""d1"": ""b"", ""d2"": ""bbw"", ""d3"": true, ""d4"": true, ""adx_thr"": 20, ""dd_thr"": -0.35}",3046
R3,ETH,dd+0.05,"{""ma_fast"": 100, ""ma_slow"": 200, ""slope_k"": 10, ""adx_n"": 14, ""atr_n"": 14, ""w_vol"": 252, ""bb_n"": 20, ""bb_mult"": 2.0, ""w_dd"": 100, ""q_lo"": 0.2, ""q_hi"": 0.8, ""s_atr"": 0.7, ""vol_conf"": 0.5, ""f_thr"": 0.1, ""f_hours"": 168, ""d1"": ""b"", ""d2"": ""bbw"", ""d3"": true, ""d4"": true, ""adx_thr"": 20, ""dd_thr"": -0.25}",3046
R3,SOL,base,"{""ma_fast"": 100, ""ma_slow"": 200, ""slope_k"": 10, ""adx_n"": 14, ""atr_n"": 14, ""w_vol"": 252, ""bb_n"": 20, ""bb_mult"": 2.0, ""w_dd"": 100, ""q_lo"": 0.2, ""q_hi"": 0.8, ""s_atr"": 0.7, ""vol_conf"": 0.5, ""f_thr"": 0.1, ""f_hours"": 168, ""d1"": ""b"", ""d2"": ""bbw"", ""d3"": true, ""d4"": true, ""adx_thr"": 20, ""dd_thr"": -0.3}",1956
R3,SOL,adx-2,"{""ma_fast"": 100, ""ma_slow"": 200, ""slope_k"": 10, ""adx_n"": 14, ""atr_n"": 14, ""w_vol"": 252, ""bb_n"": 20, ""bb_mult"": 2.0, ""w_dd"": 100, ""q_lo"": 0.2, ""q_hi"": 0.8, ""s_atr"": 0.7, ""vol_conf"": 0.5, ""f_thr"": 0.1, ""f_hours"": 168, ""d1"": ""b"", ""d2"": ""bbw"", ""d3"": true, ""d4"": true, ""adx_thr"": 18, ""dd_thr"": -0.3}",1956
R3,SOL,adx+2,"{""ma_fast"": 100, ""ma_slow"": 200, ""slope_k"": 10, ""adx_n"": 14, ""atr_n"": 14, ""w_vol"": 252, ""bb_n"": 20, ""bb_mult"": 2.0, ""w_dd"": 100, ""q_lo"": 0.2, ""q_hi"": 0.8, ""s_atr"": 0.7, ""vol_conf"": 0.5, ""f_thr"": 0.1, ""f_hours"": 168, ""d1"": ""b"", ""d2"": ""bbw"", ""d3"": true, ""d4"": true, ""adx_thr"": 22, ""dd_thr"": -0.3}",1956
R3,SOL,ma90,"{""ma_fast"": 90, ""ma_slow"": 200, ""slope_k"": 10, ""adx_n"": 14, ""atr_n"": 14, ""w_vol"": 252, ""bb_n"": 20, ""bb_mult"": 2.0, ""w_dd"": 100, ""q_lo"": 0.2, ""q_hi"": 0.8, ""s_atr"": 0.7, ""vol_conf"": 0.5, ""f_thr"": 0.1, ""f_hours"": 168, ""d1"": ""b"", ""d2"": ""bbw"", ""d3"": true, ""d4"": true, ""adx_thr"": 20, ""dd_thr"": -0.3}",1956
R3,SOL,ma110,"{""ma_fast"": 110, ""ma_slow"": 200, ""slope_k"": 10, ""adx_n"": 14, ""atr_n"": 14, ""w_vol"": 252, ""bb_n"": 20, ""bb_mult"": 2.0, ""w_dd"": 100, ""q_lo"": 0.2, ""q_hi"": 0.8, ""s_atr"": 0.7, ""vol_conf"": 0.5, ""f_thr"": 0.1, ""f_hours"": 168, ""d1"": ""b"", ""d2"": ""bbw"", ""d3"": true, ""d4"": true, ""adx_thr"": 20, ""dd_thr"": -0.3}",1956
R3,SOL,band-0.05,"{""ma_fast"": 100, ""ma_slow"": 200, ""slope_k"": 10, ""adx_n"": 14, ""atr_n"": 14, ""w_vol"": 252, ""bb_n"": 20, ""bb_mult"": 2.0, ""w_dd"": 100, ""q_lo"": 0.15, ""q_hi"": 0.85, ""s_atr"": 0.7, ""vol_conf"": 0.5, ""f_thr"": 0.1, ""f_hours"": 168, ""d1"": ""b"", ""d2"": ""bbw"", ""d3"": true, ""d4"": true, ""adx_thr"": 20, ""dd_thr"": -0.3}",1956
R3,SOL,band+0.05,"{""ma_fast"": 100, ""ma_slow"": 200, ""slope_k"": 10, ""adx_n"": 14, ""atr_n"": 14, ""w_vol"": 252, ""bb_n"": 20, ""bb_mult"": 2.0, ""w_dd"": 100, ""q_lo"": 0.25, ""q_hi"": 0.75, ""s_atr"": 0.7, ""vol_conf"": 0.5, ""f_thr"": 0.1, ""f_hours"": 168, ""d1"": ""b"", ""d2"": ""bbw"", ""d3"": true, ""d4"": true, ""adx_thr"": 20, ""dd_thr"": -0.3}",1956
R3,SOL,wvol189,"{""ma_fast"": 100, ""ma_slow"": 200, ""slope_k"": 10, ""adx_n"": 14, ""atr_n"": 14, ""w_vol"": 189, ""bb_n"": 20, ""bb_mult"": 2.0, ""w_dd"": 100, ""q_lo"": 0.2, ""q_hi"": 0.8, ""s_atr"": 0.7, ""vol_conf"": 0.5, ""f_thr"": 0.1, ""f_hours"": 168, ""d1"": ""b"", ""d2"": ""bbw"", ""d3"": true, ""d4"": true, ""adx_thr"": 20, ""dd_thr"": -0.3}",2019
R3,SOL,wvol315,"{""ma_fast"": 100, ""ma_slow"": 200, ""slope_k"": 10, ""adx_n"": 14, ""atr_n"": 14, ""w_vol"": 315, ""bb_n"": 20, ""bb_mult"": 2.0, ""w_dd"": 100, ""q_lo"": 0.2, ""q_hi"": 0.8, ""s_atr"": 0.7, ""vol_conf"": 0.5, ""f_thr"": 0.1, ""f_hours"": 168, ""d1"": ""b"", ""d2"": ""bbw"", ""d3"": true, ""d4"": true, ""adx_thr"": 20, ""dd_thr"": -0.3}",1893
R3,SOL,dd-0.05,"{""ma_fast"": 100, ""ma_slow"": 200, ""slope_k"": 10, ""adx_n"": 14, ""atr_n"": 14, ""w_vol"": 252, ""bb_n"": 20, ""bb_mult"": 2.0, ""w_dd"": 100, ""q_lo"": 0.2, ""q_hi"": 0.8, ""s_atr"": 0.7, ""vol_conf"": 0.5, ""f_thr"": 0.1, ""f_hours"": 168, ""d1"": ""b"", ""d2"": ""bbw"", ""d3"": true, ""d4"": true, ""adx_thr"": 20, ""dd_thr"": -0.35}",1956
R3,SOL,dd+0.05,"{""ma_fast"": 100, ""ma_slow"": 200, ""slope_k"": 10, ""adx_n"": 14, ""atr_n"": 14, ""w_vol"": 252, ""bb_n"": 20, ""bb_mult"": 2.0, ""w_dd"": 100, ""q_lo"": 0.2, ""q_hi"": 0.8, ""s_atr"": 0.7, ""vol_conf"": 0.5, ""f_thr"": 0.1, ""f_hours"": 168, ""d1"": ""b"", ""d2"": ""bbw"", ""d3"": true, ""d4"": true, ""adx_thr"": 20, ""dd_thr"": -0.25}",1956
R3,XRP,base,"{""ma_fast"": 100, ""ma_slow"": 200, ""slope_k"": 10, ""adx_n"": 14, ""atr_n"": 14, ""w_vol"": 252, ""bb_n"": 20, ""bb_mult"": 2.0, ""w_dd"": 100, ""q_lo"": 0.2, ""q_hi"": 0.8, ""s_atr"": 0.7, ""vol_conf"": 0.5, ""f_thr"": 0.1, ""f_hours"": 168, ""d1"": ""b"", ""d2"": ""bbw"", ""d3"": true, ""d4"": true, ""adx_thr"": 20, ""dd_thr"": -0.3}",2786
R3,XRP,adx-2,"{""ma_fast"": 100, ""ma_slow"": 200, ""slope_k"": 10, ""adx_n"": 14, ""atr_n"": 14, ""w_vol"": 252, ""bb_n"": 20, ""bb_mult"": 2.0, ""w_dd"": 100, ""q_lo"": 0.2, ""q_hi"": 0.8, ""s_atr"": 0.7, ""vol_conf"": 0.5, ""f_thr"": 0.1, ""f_hours"": 168, ""d1"": ""b"", ""d2"": ""bbw"", ""d3"": true, ""d4"": true, ""adx_thr"": 18, ""dd_thr"": -0.3}",2786
R3,XRP,adx+2,"{""ma_fast"": 100, ""ma_slow"": 200, ""slope_k"": 10, ""adx_n"": 14, ""atr_n"": 14, ""w_vol"": 252, ""bb_n"": 20, ""bb_mult"": 2.0, ""w_dd"": 100, ""q_lo"": 0.2, ""q_hi"": 0.8, ""s_atr"": 0.7, ""vol_conf"": 0.5, ""f_thr"": 0.1, ""f_hours"": 168, ""d1"": ""b"", ""d2"": ""bbw"", ""d3"": true, ""d4"": true, ""adx_thr"": 22, ""dd_thr"": -0.3}",2786
R3,XRP,ma90,"{""ma_fast"": 90, ""ma_slow"": 200, ""slope_k"": 10, ""adx_n"": 14, ""atr_n"": 14, ""w_vol"": 252, ""bb_n"": 20, ""bb_mult"": 2.0, ""w_dd"": 100, ""q_lo"": 0.2, ""q_hi"": 0.8, ""s_atr"": 0.7, ""vol_conf"": 0.5, ""f_thr"": 0.1, ""f_hours"": 168, ""d1"": ""b"", ""d2"": ""bbw"", ""d3"": true, ""d4"": true, ""adx_thr"": 20, ""dd_thr"": -0.3}",2786
R3,XRP,ma110,"{""ma_fast"": 110, ""ma_slow"": 200, ""slope_k"": 10, ""adx_n"": 14, ""atr_n"": 14, ""w_vol"": 252, ""bb_n"": 20, ""bb_mult"": 2.0, ""w_dd"": 100, ""q_lo"": 0.2, ""q_hi"": 0.8, ""s_atr"": 0.7, ""vol_conf"": 0.5, ""f_thr"": 0.1, ""f_hours"": 168, ""d1"": ""b"", ""d2"": ""bbw"", ""d3"": true, ""d4"": true, ""adx_thr"": 20, ""dd_thr"": -0.3}",2786
R3,XRP,band-0.05,"{""ma_fast"": 100, ""ma_slow"": 200, ""slope_k"": 10, ""adx_n"": 14, ""atr_n"": 14, ""w_vol"": 252, ""bb_n"": 20, ""bb_mult"": 2.0, ""w_dd"": 100, ""q_lo"": 0.15, ""q_hi"": 0.85, ""s_atr"": 0.7, ""vol_conf"": 0.5, ""f_thr"": 0.1, ""f_hours"": 168, ""d1"": ""b"", ""d2"": ""bbw"", ""d3"": true, ""d4"": true, ""adx_thr"": 20, ""dd_thr"": -0.3}",2786
R3,XRP,band+0.05,"{""ma_fast"": 100, ""ma_slow"": 200, ""slope_k"": 10, ""adx_n"": 14, ""atr_n"": 14, ""w_vol"": 252, ""bb_n"": 20, ""bb_mult"": 2.0, ""w_dd"": 100, ""q_lo"": 0.25, ""q_hi"": 0.75, ""s_atr"": 0.7, ""vol_conf"": 0.5, ""f_thr"": 0.1, ""f_hours"": 168, ""d1"": ""b"", ""d2"": ""bbw"", ""d3"": true, ""d4"": true, ""adx_thr"": 20, ""dd_thr"": -0.3}",2786
R3,XRP,wvol189,"{""ma_fast"": 100, ""ma_slow"": 200, ""slope_k"": 10, ""adx_n"": 14, ""atr_n"": 14, ""w_vol"": 189, ""bb_n"": 20, ""bb_mult"": 2.0, ""w_dd"": 100, ""q_lo"": 0.2, ""q_hi"": 0.8, ""s_atr"": 0.7, ""vol_conf"": 0.5, ""f_thr"": 0.1, ""f_hours"": 168, ""d1"": ""b"", ""d2"": ""bbw"", ""d3"": true, ""d4"": true, ""adx_thr"": 20, ""dd_thr"": -0.3}",2849
R3,XRP,wvol315,"{""ma_fast"": 100, ""ma_slow"": 200, ""slope_k"": 10, ""adx_n"": 14, ""atr_n"": 14, ""w_vol"": 315, ""bb_n"": 20, ""bb_mult"": 2.0, ""w_dd"": 100, ""q_lo"": 0.2, ""q_hi"": 0.8, ""s_atr"": 0.7, ""vol_conf"": 0.5, ""f_thr"": 0.1, ""f_hours"": 168, ""d1"": ""b"", ""d2"": ""bbw"", ""d3"": true, ""d4"": true, ""adx_thr"": 20, ""dd_thr"": -0.3}",2723
R3,XRP,dd-0.05,"{""ma_fast"": 100, ""ma_slow"": 200, ""slope_k"": 10, ""adx_n"": 14, ""atr_n"": 14, ""w_vol"": 252, ""bb_n"": 20, ""bb_mult"": 2.0, ""w_dd"": 100, ""q_lo"": 0.2, ""q_hi"": 0.8, ""s_atr"": 0.7, ""vol_conf"": 0.5, ""f_thr"": 0.1, ""f_hours"": 168, ""d1"": ""b"", ""d2"": ""bbw"", ""d3"": true, ""d4"": true, ""adx_thr"": 20, ""dd_thr"": -0.35}",2786
R3,XRP,dd+0.05,"{""ma_fast"": 100, ""ma_slow"": 200, ""slope_k"": 10, ""adx_n"": 14, ""atr_n"": 14, ""w_vol"": 252, ""bb_n"": 20, ""bb_mult"": 2.0, ""w_dd"": 100, ""q_lo"": 0.2, ""q_hi"": 0.8, ""s_atr"": 0.7, ""vol_conf"": 0.5, ""f_thr"": 0.1, ""f_hours"": 168, ""d1"": ""b"", ""d2"": ""bbw"", ""d3"": true, ""d4"": true, ""adx_thr"": 20, ""dd_thr"": -0.25}",2786
R3,ADA,base,"{""ma_fast"": 100, ""ma_slow"": 200, ""slope_k"": 10, ""adx_n"": 14, ""atr_n"": 14, ""w_vol"": 252, ""bb_n"": 20, ""bb_mult"": 2.0, ""w_dd"": 100, ""q_lo"": 0.2, ""q_hi"": 0.8, ""s_atr"": 0.7, ""vol_conf"": 0.5, ""f_thr"": 0.1, ""f_hours"": 168, ""d1"": ""b"", ""d2"": ""bbw"", ""d3"": true, ""d4"": true, ""adx_thr"": 20, ""dd_thr"": -0.3}",2803
R3,ADA,adx-2,"{""ma_fast"": 100, ""ma_slow"": 200, ""slope_k"": 10, ""adx_n"": 14, ""atr_n"": 14, ""w_vol"": 252, ""bb_n"": 20, ""bb_mult"": 2.0, ""w_dd"": 100, ""q_lo"": 0.2, ""q_hi"": 0.8, ""s_atr"": 0.7, ""vol_conf"": 0.5, ""f_thr"": 0.1, ""f_hours"": 168, ""d1"": ""b"", ""d2"": ""bbw"", ""d3"": true, ""d4"": true, ""adx_thr"": 18, ""dd_thr"": -0.3}",2803
R3,ADA,adx+2,"{""ma_fast"": 100, ""ma_slow"": 200, ""slope_k"": 10, ""adx_n"": 14, ""atr_n"": 14, ""w_vol"": 252, ""bb_n"": 20, ""bb_mult"": 2.0, ""w_dd"": 100, ""q_lo"": 0.2, ""q_hi"": 0.8, ""s_atr"": 0.7, ""vol_conf"": 0.5, ""f_thr"": 0.1, ""f_hours"": 168, ""d1"": ""b"", ""d2"": ""bbw"", ""d3"": true, ""d4"": true, ""adx_thr"": 22, ""dd_thr"": -0.3}",2803
R3,ADA,ma90,"{""ma_fast"": 90, ""ma_slow"": 200, ""slope_k"": 10, ""adx_n"": 14, ""atr_n"": 14, ""w_vol"": 252, ""bb_n"": 20, ""bb_mult"": 2.0, ""w_dd"": 100, ""q_lo"": 0.2, ""q_hi"": 0.8, ""s_atr"": 0.7, ""vol_conf"": 0.5, ""f_thr"": 0.1, ""f_hours"": 168, ""d1"": ""b"", ""d2"": ""bbw"", ""d3"": true, ""d4"": true, ""adx_thr"": 20, ""dd_thr"": -0.3}",2803
R3,ADA,ma110,"{""ma_fast"": 110, ""ma_slow"": 200, ""slope_k"": 10, ""adx_n"": 14, ""atr_n"": 14, ""w_vol"": 252, ""bb_n"": 20, ""bb_mult"": 2.0, ""w_dd"": 100, ""q_lo"": 0.2, ""q_hi"": 0.8, ""s_atr"": 0.7, ""vol_conf"": 0.5, ""f_thr"": 0.1, ""f_hours"": 168, ""d1"": ""b"", ""d2"": ""bbw"", ""d3"": true, ""d4"": true, ""adx_thr"": 20, ""dd_thr"": -0.3}",2803
R3,ADA,band-0.05,"{""ma_fast"": 100, ""ma_slow"": 200, ""slope_k"": 10, ""adx_n"": 14, ""atr_n"": 14, ""w_vol"": 252, ""bb_n"": 20, ""bb_mult"": 2.0, ""w_dd"": 100, ""q_lo"": 0.15, ""q_hi"": 0.85, ""s_atr"": 0.7, ""vol_conf"": 0.5, ""f_thr"": 0.1, ""f_hours"": 168, ""d1"": ""b"", ""d2"": ""bbw"", ""d3"": true, ""d4"": true, ""adx_thr"": 20, ""dd_thr"": -0.3}",2803
R3,ADA,band+0.05,"{""ma_fast"": 100, ""ma_slow"": 200, ""slope_k"": 10, ""adx_n"": 14, ""atr_n"": 14, ""w_vol"": 252, ""bb_n"": 20, ""bb_mult"": 2.0, ""w_dd"": 100, ""q_lo"": 0.25, ""q_hi"": 0.75, ""s_atr"": 0.7, ""vol_conf"": 0.5, ""f_thr"": 0.1, ""f_hours"": 168, ""d1"": ""b"", ""d2"": ""bbw"", ""d3"": true, ""d4"": true, ""adx_thr"": 20, ""dd_thr"": -0.3}",2803
R3,ADA,wvol189,"{""ma_fast"": 100, ""ma_slow"": 200, ""slope_k"": 10, ""adx_n"": 14, ""atr_n"": 14, ""w_vol"": 189, ""bb_n"": 20, ""bb_mult"": 2.0, ""w_dd"": 100, ""q_lo"": 0.2, ""q_hi"": 0.8, ""s_atr"": 0.7, ""vol_conf"": 0.5, ""f_thr"": 0.1, ""f_hours"": 168, ""d1"": ""b"", ""d2"": ""bbw"", ""d3"": true, ""d4"": true, ""adx_thr"": 20, ""dd_thr"": -0.3}",2866
R3,ADA,wvol315,"{""ma_fast"": 100, ""ma_slow"": 200, ""slope_k"": 10, ""adx_n"": 14, ""atr_n"": 14, ""w_vol"": 315, ""bb_n"": 20, ""bb_mult"": 2.0, ""w_dd"": 100, ""q_lo"": 0.2, ""q_hi"": 0.8, ""s_atr"": 0.7, ""vol_conf"": 0.5, ""f_thr"": 0.1, ""f_hours"": 168, ""d1"": ""b"", ""d2"": ""bbw"", ""d3"": true, ""d4"": true, ""adx_thr"": 20, ""dd_thr"": -0.3}",2740
R3,ADA,dd-0.05,"{""ma_fast"": 100, ""ma_slow"": 200, ""slope_k"": 10, ""adx_n"": 14, ""atr_n"": 14, ""w_vol"": 252, ""bb_n"": 20, ""bb_mult"": 2.0, ""w_dd"": 100, ""q_lo"": 0.2, ""q_hi"": 0.8, ""s_atr"": 0.7, ""vol_conf"": 0.5, ""f_thr"": 0.1, ""f_hours"": 168, ""d1"": ""b"", ""d2"": ""bbw"", ""d3"": true, ""d4"": true, ""adx_thr"": 20, ""dd_thr"": -0.35}",2803
R3,ADA,dd+0.05,"{""ma_fast"": 100, ""ma_slow"": 200, ""slope_k"": 10, ""adx_n"": 14, ""atr_n"": 14, ""w_vol"": 252, ""bb_n"": 20, ""bb_mult"": 2.0, ""w_dd"": 100, ""q_lo"": 0.2, ""q_hi"": 0.8, ""s_atr"": 0.7, ""vol_conf"": 0.5, ""f_thr"": 0.1, ""f_hours"": 168, ""d1"": ""b"", ""d2"": ""bbw"", ""d3"": true, ""d4"": true, ""adx_thr"": 20, ""dd_thr"": -0.25}",2803
R3,AVAX,base,"{""ma_fast"": 100, ""ma_slow"": 200, ""slope_k"": 10, ""adx_n"": 14, ""atr_n"": 14, ""w_vol"": 252, ""bb_n"": 20, ""bb_mult"": 2.0, ""w_dd"": 100, ""q_lo"": 0.2, ""q_hi"": 0.8, ""s_atr"": 0.7, ""vol_conf"": 0.5, ""f_thr"": 0.1, ""f_hours"": 168, ""d1"": ""b"", ""d2"": ""bbw"", ""d3"": true, ""d4"": true, ""adx_thr"": 20, ""dd_thr"": -0.3}",1914
R3,AVAX,adx-2,"{""ma_fast"": 100, ""ma_slow"": 200, ""slope_k"": 10, ""adx_n"": 14, ""atr_n"": 14, ""w_vol"": 252, ""bb_n"": 20, ""bb_mult"": 2.0, ""w_dd"": 100, ""q_lo"": 0.2, ""q_hi"": 0.8, ""s_atr"": 0.7, ""vol_conf"": 0.5, ""f_thr"": 0.1, ""f_hours"": 168, ""d1"": ""b"", ""d2"": ""bbw"", ""d3"": true, ""d4"": true, ""adx_thr"": 18, ""dd_thr"": -0.3}",1914
R3,AVAX,adx+2,"{""ma_fast"": 100, ""ma_slow"": 200, ""slope_k"": 10, ""adx_n"": 14, ""atr_n"": 14, ""w_vol"": 252, ""bb_n"": 20, ""bb_mult"": 2.0, ""w_dd"": 100, ""q_lo"": 0.2, ""q_hi"": 0.8, ""s_atr"": 0.7, ""vol_conf"": 0.5, ""f_thr"": 0.1, ""f_hours"": 168, ""d1"": ""b"", ""d2"": ""bbw"", ""d3"": true, ""d4"": true, ""adx_thr"": 22, ""dd_thr"": -0.3}",1914
R3,AVAX,ma90,"{""ma_fast"": 90, ""ma_slow"": 200, ""slope_k"": 10, ""adx_n"": 14, ""atr_n"": 14, ""w_vol"": 252, ""bb_n"": 20, ""bb_mult"": 2.0, ""w_dd"": 100, ""q_lo"": 0.2, ""q_hi"": 0.8, ""s_atr"": 0.7, ""vol_conf"": 0.5, ""f_thr"": 0.1, ""f_hours"": 168, ""d1"": ""b"", ""d2"": ""bbw"", ""d3"": true, ""d4"": true, ""adx_thr"": 20, ""dd_thr"": -0.3}",1914
R3,AVAX,ma110,"{""ma_fast"": 110, ""ma_slow"": 200, ""slope_k"": 10, ""adx_n"": 14, ""atr_n"": 14, ""w_vol"": 252, ""bb_n"": 20, ""bb_mult"": 2.0, ""w_dd"": 100, ""q_lo"": 0.2, ""q_hi"": 0.8, ""s_atr"": 0.7, ""vol_conf"": 0.5, ""f_thr"": 0.1, ""f_hours"": 168, ""d1"": ""b"", ""d2"": ""bbw"", ""d3"": true, ""d4"": true, ""adx_thr"": 20, ""dd_thr"": -0.3}",1914
R3,AVAX,band-0.05,"{""ma_fast"": 100, ""ma_slow"": 200, ""slope_k"": 10, ""adx_n"": 14, ""atr_n"": 14, ""w_vol"": 252, ""bb_n"": 20, ""bb_mult"": 2.0, ""w_dd"": 100, ""q_lo"": 0.15, ""q_hi"": 0.85, ""s_atr"": 0.7, ""vol_conf"": 0.5, ""f_thr"": 0.1, ""f_hours"": 168, ""d1"": ""b"", ""d2"": ""bbw"", ""d3"": true, ""d4"": true, ""adx_thr"": 20, ""dd_thr"": -0.3}",1914
R3,AVAX,band+0.05,"{""ma_fast"": 100, ""ma_slow"": 200, ""slope_k"": 10, ""adx_n"": 14, ""atr_n"": 14, ""w_vol"": 252, ""bb_n"": 20, ""bb_mult"": 2.0, ""w_dd"": 100, ""q_lo"": 0.25, ""q_hi"": 0.75, ""s_atr"": 0.7, ""vol_conf"": 0.5, ""f_thr"": 0.1, ""f_hours"": 168, ""d1"": ""b"", ""d2"": ""bbw"", ""d3"": true, ""d4"": true, ""adx_thr"": 20, ""dd_thr"": -0.3}",1914
R3,AVAX,wvol189,"{""ma_fast"": 100, ""ma_slow"": 200, ""slope_k"": 10, ""adx_n"": 14, ""atr_n"": 14, ""w_vol"": 189, ""bb_n"": 20, ""bb_mult"": 2.0, ""w_dd"": 100, ""q_lo"": 0.2, ""q_hi"": 0.8, ""s_atr"": 0.7, ""vol_conf"": 0.5, ""f_thr"": 0.1, ""f_hours"": 168, ""d1"": ""b"", ""d2"": ""bbw"", ""d3"": true, ""d4"": true, ""adx_thr"": 20, ""dd_thr"": -0.3}",1977
R3,AVAX,wvol315,"{""ma_fast"": 100, ""ma_slow"": 200, ""slope_k"": 10, ""adx_n"": 14, ""atr_n"": 14, ""w_vol"": 315, ""bb_n"": 20, ""bb_mult"": 2.0, ""w_dd"": 100, ""q_lo"": 0.2, ""q_hi"": 0.8, ""s_atr"": 0.7, ""vol_conf"": 0.5, ""f_thr"": 0.1, ""f_hours"": 168, ""d1"": ""b"", ""d2"": ""bbw"", ""d3"": true, ""d4"": true, ""adx_thr"": 20, ""dd_thr"": -0.3}",1851
R3,AVAX,dd-0.05,"{""ma_fast"": 100, ""ma_slow"": 200, ""slope_k"": 10, ""adx_n"": 14, ""atr_n"": 14, ""w_vol"": 252, ""bb_n"": 20, ""bb_mult"": 2.0, ""w_dd"": 100, ""q_lo"": 0.2, ""q_hi"": 0.8, ""s_atr"": 0.7, ""vol_conf"": 0.5, ""f_thr"": 0.1, ""f_hours"": 168, ""d1"": ""b"", ""d2"": ""bbw"", ""d3"": true, ""d4"": true, ""adx_thr"": 20, ""dd_thr"": -0.35}",1914
R3,AVAX,dd+0.05,"{""ma_fast"": 100, ""ma_slow"": 200, ""slope_k"": 10, ""adx_n"": 14, ""atr_n"": 14, ""w_vol"": 252, ""bb_n"": 20, ""bb_mult"": 2.0, ""w_dd"": 100, ""q_lo"": 0.2, ""q_hi"": 0.8, ""s_atr"": 0.7, ""vol_conf"": 0.5, ""f_thr"": 0.1, ""f_hours"": 168, ""d1"": ""b"", ""d2"": ""bbw"", ""d3"": true, ""d4"": true, ""adx_thr"": 20, ""dd_thr"": -0.25}",1914
R3,LINK,base,"{""ma_fast"": 100, ""ma_slow"": 200, ""slope_k"": 10, ""adx_n"": 14, ""atr_n"": 14, ""w_vol"": 252, ""bb_n"": 20, ""bb_mult"": 2.0, ""w_dd"": 100, ""q_lo"": 0.2, ""q_hi"": 0.8, ""s_atr"": 0.7, ""vol_conf"": 0.5, ""f_thr"": 0.1, ""f_hours"": 168, ""d1"": ""b"", ""d2"": ""bbw"", ""d3"": true, ""d4"": true, ""adx_thr"": 20, ""dd_thr"": -0.3}",2529
R3,LINK,adx-2,"{""ma_fast"": 100, ""ma_slow"": 200, ""slope_k"": 10, ""adx_n"": 14, ""atr_n"": 14, ""w_vol"": 252, ""bb_n"": 20, ""bb_mult"": 2.0, ""w_dd"": 100, ""q_lo"": 0.2, ""q_hi"": 0.8, ""s_atr"": 0.7, ""vol_conf"": 0.5, ""f_thr"": 0.1, ""f_hours"": 168, ""d1"": ""b"", ""d2"": ""bbw"", ""d3"": true, ""d4"": true, ""adx_thr"": 18, ""dd_thr"": -0.3}",2529
R3,LINK,adx+2,"{""ma_fast"": 100, ""ma_slow"": 200, ""slope_k"": 10, ""adx_n"": 14, ""atr_n"": 14, ""w_vol"": 252, ""bb_n"": 20, ""bb_mult"": 2.0, ""w_dd"": 100, ""q_lo"": 0.2, ""q_hi"": 0.8, ""s_atr"": 0.7, ""vol_conf"": 0.5, ""f_thr"": 0.1, ""f_hours"": 168, ""d1"": ""b"", ""d2"": ""bbw"", ""d3"": true, ""d4"": true, ""adx_thr"": 22, ""dd_thr"": -0.3}",2529
R3,LINK,ma90,"{""ma_fast"": 90, ""ma_slow"": 200, ""slope_k"": 10, ""adx_n"": 14, ""atr_n"": 14, ""w_vol"": 252, ""bb_n"": 20, ""bb_mult"": 2.0, ""w_dd"": 100, ""q_lo"": 0.2, ""q_hi"": 0.8, ""s_atr"": 0.7, ""vol_conf"": 0.5, ""f_thr"": 0.1, ""f_hours"": 168, ""d1"": ""b"", ""d2"": ""bbw"", ""d3"": true, ""d4"": true, ""adx_thr"": 20, ""dd_thr"": -0.3}",2529
R3,LINK,ma110,"{""ma_fast"": 110, ""ma_slow"": 200, ""slope_k"": 10, ""adx_n"": 14, ""atr_n"": 14, ""w_vol"": 252, ""bb_n"": 20, ""bb_mult"": 2.0, ""w_dd"": 100, ""q_lo"": 0.2, ""q_hi"": 0.8, ""s_atr"": 0.7, ""vol_conf"": 0.5, ""f_thr"": 0.1, ""f_hours"": 168, ""d1"": ""b"", ""d2"": ""bbw"", ""d3"": true, ""d4"": true, ""adx_thr"": 20, ""dd_thr"": -0.3}",2529
R3,LINK,band-0.05,"{""ma_fast"": 100, ""ma_slow"": 200, ""slope_k"": 10, ""adx_n"": 14, ""atr_n"": 14, ""w_vol"": 252, ""bb_n"": 20, ""bb_mult"": 2.0, ""w_dd"": 100, ""q_lo"": 0.15, ""q_hi"": 0.85, ""s_atr"": 0.7, ""vol_conf"": 0.5, ""f_thr"": 0.1, ""f_hours"": 168, ""d1"": ""b"", ""d2"": ""bbw"", ""d3"": true, ""d4"": true, ""adx_thr"": 20, ""dd_thr"": -0.3}",2529
R3,LINK,band+0.05,"{""ma_fast"": 100, ""ma_slow"": 200, ""slope_k"": 10, ""adx_n"": 14, ""atr_n"": 14, ""w_vol"": 252, ""bb_n"": 20, ""bb_mult"": 2.0, ""w_dd"": 100, ""q_lo"": 0.25, ""q_hi"": 0.75, ""s_atr"": 0.7, ""vol_conf"": 0.5, ""f_thr"": 0.1, ""f_hours"": 168, ""d1"": ""b"", ""d2"": ""bbw"", ""d3"": true, ""d4"": true, ""adx_thr"": 20, ""dd_thr"": -0.3}",2529
R3,LINK,wvol189,"{""ma_fast"": 100, ""ma_slow"": 200, ""slope_k"": 10, ""adx_n"": 14, ""atr_n"": 14, ""w_vol"": 189, ""bb_n"": 20, ""bb_mult"": 2.0, ""w_dd"": 100, ""q_lo"": 0.2, ""q_hi"": 0.8, ""s_atr"": 0.7, ""vol_conf"": 0.5, ""f_thr"": 0.1, ""f_hours"": 168, ""d1"": ""b"", ""d2"": ""bbw"", ""d3"": true, ""d4"": true, ""adx_thr"": 20, ""dd_thr"": -0.3}",2592
R3,LINK,wvol315,"{""ma_fast"": 100, ""ma_slow"": 200, ""slope_k"": 10, ""adx_n"": 14, ""atr_n"": 14, ""w_vol"": 315, ""bb_n"": 20, ""bb_mult"": 2.0, ""w_dd"": 100, ""q_lo"": 0.2, ""q_hi"": 0.8, ""s_atr"": 0.7, ""vol_conf"": 0.5, ""f_thr"": 0.1, ""f_hours"": 168, ""d1"": ""b"", ""d2"": ""bbw"", ""d3"": true, ""d4"": true, ""adx_thr"": 20, ""dd_thr"": -0.3}",2466
R3,LINK,dd-0.05,"{""ma_fast"": 100, ""ma_slow"": 200, ""slope_k"": 10, ""adx_n"": 14, ""atr_n"": 14, ""w_vol"": 252, ""bb_n"": 20, ""bb_mult"": 2.0, ""w_dd"": 100, ""q_lo"": 0.2, ""q_hi"": 0.8, ""s_atr"": 0.7, ""vol_conf"": 0.5, ""f_thr"": 0.1, ""f_hours"": 168, ""d1"": ""b"", ""d2"": ""bbw"", ""d3"": true, ""d4"": true, ""adx_thr"": 20, ""dd_thr"": -0.35}",2529
R3,LINK,dd+0.05,"{""ma_fast"": 100, ""ma_slow"": 200, ""slope_k"": 10, ""adx_n"": 14, ""atr_n"": 14, ""w_vol"": 252, ""bb_n"": 20, ""bb_mult"": 2.0, ""w_dd"": 100, ""q_lo"": 0.2, ""q_hi"": 0.8, ""s_atr"": 0.7, ""vol_conf"": 0.5, ""f_thr"": 0.1, ""f_hours"": 168, ""d1"": ""b"", ""d2"": ""bbw"", ""d3"": true, ""d4"": true, ""adx_thr"": 20, ""dd_thr"": -0.25}",2529
R3,DOT,base,"{""ma_fast"": 100, ""ma_slow"": 200, ""slope_k"": 10, ""adx_n"": 14, ""atr_n"": 14, ""w_vol"": 252, ""bb_n"": 20, ""bb_mult"": 2.0, ""w_dd"": 100, ""q_lo"": 0.2, ""q_hi"": 0.8, ""s_atr"": 0.7, ""vol_conf"": 0.5, ""f_thr"": 0.1, ""f_hours"": 168, ""d1"": ""b"", ""d2"": ""bbw"", ""d3"": true, ""d4"": true, ""adx_thr"": 20, ""dd_thr"": -0.3}",1949
R3,DOT,adx-2,"{""ma_fast"": 100, ""ma_slow"": 200, ""slope_k"": 10, ""adx_n"": 14, ""atr_n"": 14, ""w_vol"": 252, ""bb_n"": 20, ""bb_mult"": 2.0, ""w_dd"": 100, ""q_lo"": 0.2, ""q_hi"": 0.8, ""s_atr"": 0.7, ""vol_conf"": 0.5, ""f_thr"": 0.1, ""f_hours"": 168, ""d1"": ""b"", ""d2"": ""bbw"", ""d3"": true, ""d4"": true, ""adx_thr"": 18, ""dd_thr"": -0.3}",1949
R3,DOT,adx+2,"{""ma_fast"": 100, ""ma_slow"": 200, ""slope_k"": 10, ""adx_n"": 14, ""atr_n"": 14, ""w_vol"": 252, ""bb_n"": 20, ""bb_mult"": 2.0, ""w_dd"": 100, ""q_lo"": 0.2, ""q_hi"": 0.8, ""s_atr"": 0.7, ""vol_conf"": 0.5, ""f_thr"": 0.1, ""f_hours"": 168, ""d1"": ""b"", ""d2"": ""bbw"", ""d3"": true, ""d4"": true, ""adx_thr"": 22, ""dd_thr"": -0.3}",1949
R3,DOT,ma90,"{""ma_fast"": 90, ""ma_slow"": 200, ""slope_k"": 10, ""adx_n"": 14, ""atr_n"": 14, ""w_vol"": 252, ""bb_n"": 20, ""bb_mult"": 2.0, ""w_dd"": 100, ""q_lo"": 0.2, ""q_hi"": 0.8, ""s_atr"": 0.7, ""vol_conf"": 0.5, ""f_thr"": 0.1, ""f_hours"": 168, ""d1"": ""b"", ""d2"": ""bbw"", ""d3"": true, ""d4"": true, ""adx_thr"": 20, ""dd_thr"": -0.3}",1949
R3,DOT,ma110,"{""ma_fast"": 110, ""ma_slow"": 200, ""slope_k"": 10, ""adx_n"": 14, ""atr_n"": 14, ""w_vol"": 252, ""bb_n"": 20, ""bb_mult"": 2.0, ""w_dd"": 100, ""q_lo"": 0.2, ""q_hi"": 0.8, ""s_atr"": 0.7, ""vol_conf"": 0.5, ""f_thr"": 0.1, ""f_hours"": 168, ""d1"": ""b"", ""d2"": ""bbw"", ""d3"": true, ""d4"": true, ""adx_thr"": 20, ""dd_thr"": -0.3}",1949
R3,DOT,band-0.05,"{""ma_fast"": 100, ""ma_slow"": 200, ""slope_k"": 10, ""adx_n"": 14, ""atr_n"": 14, ""w_vol"": 252, ""bb_n"": 20, ""bb_mult"": 2.0, ""w_dd"": 100, ""q_lo"": 0.15, ""q_hi"": 0.85, ""s_atr"": 0.7, ""vol_conf"": 0.5, ""f_thr"": 0.1, ""f_hours"": 168, ""d1"": ""b"", ""d2"": ""bbw"", ""d3"": true, ""d4"": true, ""adx_thr"": 20, ""dd_thr"": -0.3}",1949
R3,DOT,band+0.05,"{""ma_fast"": 100, ""ma_slow"": 200, ""slope_k"": 10, ""adx_n"": 14, ""atr_n"": 14, ""w_vol"": 252, ""bb_n"": 20, ""bb_mult"": 2.0, ""w_dd"": 100, ""q_lo"": 0.25, ""q_hi"": 0.75, ""s_atr"": 0.7, ""vol_conf"": 0.5, ""f_thr"": 0.1, ""f_hours"": 168, ""d1"": ""b"", ""d2"": ""bbw"", ""d3"": true, ""d4"": true, ""adx_thr"": 20, ""dd_thr"": -0.3}",1949
R3,DOT,wvol189,"{""ma_fast"": 100, ""ma_slow"": 200, ""slope_k"": 10, ""adx_n"": 14, ""atr_n"": 14, ""w_vol"": 189, ""bb_n"": 20, ""bb_mult"": 2.0, ""w_dd"": 100, ""q_lo"": 0.2, ""q_hi"": 0.8, ""s_atr"": 0.7, ""vol_conf"": 0.5, ""f_thr"": 0.1, ""f_hours"": 168, ""d1"": ""b"", ""d2"": ""bbw"", ""d3"": true, ""d4"": true, ""adx_thr"": 20, ""dd_thr"": -0.3}",2012
R3,DOT,wvol315,"{""ma_fast"": 100, ""ma_slow"": 200, ""slope_k"": 10, ""adx_n"": 14, ""atr_n"": 14, ""w_vol"": 315, ""bb_n"": 20, ""bb_mult"": 2.0, ""w_dd"": 100, ""q_lo"": 0.2, ""q_hi"": 0.8, ""s_atr"": 0.7, ""vol_conf"": 0.5, ""f_thr"": 0.1, ""f_hours"": 168, ""d1"": ""b"", ""d2"": ""bbw"", ""d3"": true, ""d4"": true, ""adx_thr"": 20, ""dd_thr"": -0.3}",1886
R3,DOT,dd-0.05,"{""ma_fast"": 100, ""ma_slow"": 200, ""slope_k"": 10, ""adx_n"": 14, ""atr_n"": 14, ""w_vol"": 252, ""bb_n"": 20, ""bb_mult"": 2.0, ""w_dd"": 100, ""q_lo"": 0.2, ""q_hi"": 0.8, ""s_atr"": 0.7, ""vol_conf"": 0.5, ""f_thr"": 0.1, ""f_hours"": 168, ""d1"": ""b"", ""d2"": ""bbw"", ""d3"": true, ""d4"": true, ""adx_thr"": 20, ""dd_thr"": -0.35}",1949
R3,DOT,dd+0.05,"{""ma_fast"": 100, ""ma_slow"": 200, ""slope_k"": 10, ""adx_n"": 14, ""atr_n"": 14, ""w_vol"": 252, ""bb_n"": 20, ""bb_mult"": 2.0, ""w_dd"": 100, ""q_lo"": 0.2, ""q_hi"": 0.8, ""s_atr"": 0.7, ""vol_conf"": 0.5, ""f_thr"": 0.1, ""f_hours"": 168, ""d1"": ""b"", ""d2"": ""bbw"", ""d3"": true, ""d4"": true, ""adx_thr"": 20, ""dd_thr"": -0.25}",1949
R3,BNB,base,"{""ma_fast"": 100, ""ma_slow"": 200, ""slope_k"": 10, ""adx_n"": 14, ""atr_n"": 14, ""w_vol"": 252, ""bb_n"": 20, ""bb_mult"": 2.0, ""w_dd"": 100, ""q_lo"": 0.2, ""q_hi"": 0.8, ""s_atr"": 0.7, ""vol_conf"": 0.5, ""f_thr"": 0.1, ""f_hours"": 168, ""d1"": ""b"", ""d2"": ""bbw"", ""d3"": true, ""d4"": true, ""adx_thr"": 20, ""dd_thr"": -0.3}",2965
R3,BNB,adx-2,"{""ma_fast"": 100, ""ma_slow"": 200, ""slope_k"": 10, ""adx_n"": 14, ""atr_n"": 14, ""w_vol"": 252, ""bb_n"": 20, ""bb_mult"": 2.0, ""w_dd"": 100, ""q_lo"": 0.2, ""q_hi"": 0.8, ""s_atr"": 0.7, ""vol_conf"": 0.5, ""f_thr"": 0.1, ""f_hours"": 168, ""d1"": ""b"", ""d2"": ""bbw"", ""d3"": true, ""d4"": true, ""adx_thr"": 18, ""dd_thr"": -0.3}",2965
R3,BNB,adx+2,"{""ma_fast"": 100, ""ma_slow"": 200, ""slope_k"": 10, ""adx_n"": 14, ""atr_n"": 14, ""w_vol"": 252, ""bb_n"": 20, ""bb_mult"": 2.0, ""w_dd"": 100, ""q_lo"": 0.2, ""q_hi"": 0.8, ""s_atr"": 0.7, ""vol_conf"": 0.5, ""f_thr"": 0.1, ""f_hours"": 168, ""d1"": ""b"", ""d2"": ""bbw"", ""d3"": true, ""d4"": true, ""adx_thr"": 22, ""dd_thr"": -0.3}",2965
R3,BNB,ma90,"{""ma_fast"": 90, ""ma_slow"": 200, ""slope_k"": 10, ""adx_n"": 14, ""atr_n"": 14, ""w_vol"": 252, ""bb_n"": 20, ""bb_mult"": 2.0, ""w_dd"": 100, ""q_lo"": 0.2, ""q_hi"": 0.8, ""s_atr"": 0.7, ""vol_conf"": 0.5, ""f_thr"": 0.1, ""f_hours"": 168, ""d1"": ""b"", ""d2"": ""bbw"", ""d3"": true, ""d4"": true, ""adx_thr"": 20, ""dd_thr"": -0.3}",2965
R3,BNB,ma110,"{""ma_fast"": 110, ""ma_slow"": 200, ""slope_k"": 10, ""adx_n"": 14, ""atr_n"": 14, ""w_vol"": 252, ""bb_n"": 20, ""bb_mult"": 2.0, ""w_dd"": 100, ""q_lo"": 0.2, ""q_hi"": 0.8, ""s_atr"": 0.7, ""vol_conf"": 0.5, ""f_thr"": 0.1, ""f_hours"": 168, ""d1"": ""b"", ""d2"": ""bbw"", ""d3"": true, ""d4"": true, ""adx_thr"": 20, ""dd_thr"": -0.3}",2965
R3,BNB,band-0.05,"{""ma_fast"": 100, ""ma_slow"": 200, ""slope_k"": 10, ""adx_n"": 14, ""atr_n"": 14, ""w_vol"": 252, ""bb_n"": 20, ""bb_mult"": 2.0, ""w_dd"": 100, ""q_lo"": 0.15, ""q_hi"": 0.85, ""s_atr"": 0.7, ""vol_conf"": 0.5, ""f_thr"": 0.1, ""f_hours"": 168, ""d1"": ""b"", ""d2"": ""bbw"", ""d3"": true, ""d4"": true, ""adx_thr"": 20, ""dd_thr"": -0.3}",2965
R3,BNB,band+0.05,"{""ma_fast"": 100, ""ma_slow"": 200, ""slope_k"": 10, ""adx_n"": 14, ""atr_n"": 14, ""w_vol"": 252, ""bb_n"": 20, ""bb_mult"": 2.0, ""w_dd"": 100, ""q_lo"": 0.25, ""q_hi"": 0.75, ""s_atr"": 0.7, ""vol_conf"": 0.5, ""f_thr"": 0.1, ""f_hours"": 168, ""d1"": ""b"", ""d2"": ""bbw"", ""d3"": true, ""d4"": true, ""adx_thr"": 20, ""dd_thr"": -0.3}",2965
R3,BNB,wvol189,"{""ma_fast"": 100, ""ma_slow"": 200, ""slope_k"": 10, ""adx_n"": 14, ""atr_n"": 14, ""w_vol"": 189, ""bb_n"": 20, ""bb_mult"": 2.0, ""w_dd"": 100, ""q_lo"": 0.2, ""q_hi"": 0.8, ""s_atr"": 0.7, ""vol_conf"": 0.5, ""f_thr"": 0.1, ""f_hours"": 168, ""d1"": ""b"", ""d2"": ""bbw"", ""d3"": true, ""d4"": true, ""adx_thr"": 20, ""dd_thr"": -0.3}",3028
R3,BNB,wvol315,"{""ma_fast"": 100, ""ma_slow"": 200, ""slope_k"": 10, ""adx_n"": 14, ""atr_n"": 14, ""w_vol"": 315, ""bb_n"": 20, ""bb_mult"": 2.0, ""w_dd"": 100, ""q_lo"": 0.2, ""q_hi"": 0.8, ""s_atr"": 0.7, ""vol_conf"": 0.5, ""f_thr"": 0.1, ""f_hours"": 168, ""d1"": ""b"", ""d2"": ""bbw"", ""d3"": true, ""d4"": true, ""adx_thr"": 20, ""dd_thr"": -0.3}",2902
R3,BNB,dd-0.05,"{""ma_fast"": 100, ""ma_slow"": 200, ""slope_k"": 10, ""adx_n"": 14, ""atr_n"": 14, ""w_vol"": 252, ""bb_n"": 20, ""bb_mult"": 2.0, ""w_dd"": 100, ""q_lo"": 0.2, ""q_hi"": 0.8, ""s_atr"": 0.7, ""vol_conf"": 0.5, ""f_thr"": 0.1, ""f_hours"": 168, ""d1"": ""b"", ""d2"": ""bbw"", ""d3"": true, ""d4"": true, ""adx_thr"": 20, ""dd_thr"": -0.35}",2965
R3,BNB,dd+0.05,"{""ma_fast"": 100, ""ma_slow"": 200, ""slope_k"": 10, ""adx_n"": 14, ""atr_n"": 14, ""w_vol"": 252, ""bb_n"": 20, ""bb_mult"": 2.0, ""w_dd"": 100, ""q_lo"": 0.2, ""q_hi"": 0.8, ""s_atr"": 0.7, ""vol_conf"": 0.5, ""f_thr"": 0.1, ""f_hours"": 168, ""d1"": ""b"", ""d2"": ""bbw"", ""d3"": true, ""d4"": true, ""adx_thr"": 20, ""dd_thr"": -0.25}",2965
R3,LTC,base,"{""ma_fast"": 100, ""ma_slow"": 200, ""slope_k"": 10, ""adx_n"": 14, ""atr_n"": 14, ""w_vol"": 252, ""bb_n"": 20, ""bb_mult"": 2.0, ""w_dd"": 100, ""q_lo"": 0.2, ""q_hi"": 0.8, ""s_atr"": 0.7, ""vol_conf"": 0.5, ""f_thr"": 0.1, ""f_hours"": 168, ""d1"": ""b"", ""d2"": ""bbw"", ""d3"": true, ""d4"": true, ""adx_thr"": 20, ""dd_thr"": -0.3}",2928
R3,LTC,adx-2,"{""ma_fast"": 100, ""ma_slow"": 200, ""slope_k"": 10, ""adx_n"": 14, ""atr_n"": 14, ""w_vol"": 252, ""bb_n"": 20, ""bb_mult"": 2.0, ""w_dd"": 100, ""q_lo"": 0.2, ""q_hi"": 0.8, ""s_atr"": 0.7, ""vol_conf"": 0.5, ""f_thr"": 0.1, ""f_hours"": 168, ""d1"": ""b"", ""d2"": ""bbw"", ""d3"": true, ""d4"": true, ""adx_thr"": 18, ""dd_thr"": -0.3}",2928
R3,LTC,adx+2,"{""ma_fast"": 100, ""ma_slow"": 200, ""slope_k"": 10, ""adx_n"": 14, ""atr_n"": 14, ""w_vol"": 252, ""bb_n"": 20, ""bb_mult"": 2.0, ""w_dd"": 100, ""q_lo"": 0.2, ""q_hi"": 0.8, ""s_atr"": 0.7, ""vol_conf"": 0.5, ""f_thr"": 0.1, ""f_hours"": 168, ""d1"": ""b"", ""d2"": ""bbw"", ""d3"": true, ""d4"": true, ""adx_thr"": 22, ""dd_thr"": -0.3}",2928
R3,LTC,ma90,"{""ma_fast"": 90, ""ma_slow"": 200, ""slope_k"": 10, ""adx_n"": 14, ""atr_n"": 14, ""w_vol"": 252, ""bb_n"": 20, ""bb_mult"": 2.0, ""w_dd"": 100, ""q_lo"": 0.2, ""q_hi"": 0.8, ""s_atr"": 0.7, ""vol_conf"": 0.5, ""f_thr"": 0.1, ""f_hours"": 168, ""d1"": ""b"", ""d2"": ""bbw"", ""d3"": true, ""d4"": true, ""adx_thr"": 20, ""dd_thr"": -0.3}",2928
R3,LTC,ma110,"{""ma_fast"": 110, ""ma_slow"": 200, ""slope_k"": 10, ""adx_n"": 14, ""atr_n"": 14, ""w_vol"": 252, ""bb_n"": 20, ""bb_mult"": 2.0, ""w_dd"": 100, ""q_lo"": 0.2, ""q_hi"": 0.8, ""s_atr"": 0.7, ""vol_conf"": 0.5, ""f_thr"": 0.1, ""f_hours"": 168, ""d1"": ""b"", ""d2"": ""bbw"", ""d3"": true, ""d4"": true, ""adx_thr"": 20, ""dd_thr"": -0.3}",2928
R3,LTC,band-0.05,"{""ma_fast"": 100, ""ma_slow"": 200, ""slope_k"": 10, ""adx_n"": 14, ""atr_n"": 14, ""w_vol"": 252, ""bb_n"": 20, ""bb_mult"": 2.0, ""w_dd"": 100, ""q_lo"": 0.15, ""q_hi"": 0.85, ""s_atr"": 0.7, ""vol_conf"": 0.5, ""f_thr"": 0.1, ""f_hours"": 168, ""d1"": ""b"", ""d2"": ""bbw"", ""d3"": true, ""d4"": true, ""adx_thr"": 20, ""dd_thr"": -0.3}",2928
R3,LTC,band+0.05,"{""ma_fast"": 100, ""ma_slow"": 200, ""slope_k"": 10, ""adx_n"": 14, ""atr_n"": 14, ""w_vol"": 252, ""bb_n"": 20, ""bb_mult"": 2.0, ""w_dd"": 100, ""q_lo"": 0.25, ""q_hi"": 0.75, ""s_atr"": 0.7, ""vol_conf"": 0.5, ""f_thr"": 0.1, ""f_hours"": 168, ""d1"": ""b"", ""d2"": ""bbw"", ""d3"": true, ""d4"": true, ""adx_thr"": 20, ""dd_thr"": -0.3}",2928
R3,LTC,wvol189,"{""ma_fast"": 100, ""ma_slow"": 200, ""slope_k"": 10, ""adx_n"": 14, ""atr_n"": 14, ""w_vol"": 189, ""bb_n"": 20, ""bb_mult"": 2.0, ""w_dd"": 100, ""q_lo"": 0.2, ""q_hi"": 0.8, ""s_atr"": 0.7, ""vol_conf"": 0.5, ""f_thr"": 0.1, ""f_hours"": 168, ""d1"": ""b"", ""d2"": ""bbw"", ""d3"": true, ""d4"": true, ""adx_thr"": 20, ""dd_thr"": -0.3}",2991
R3,LTC,wvol315,"{""ma_fast"": 100, ""ma_slow"": 200, ""slope_k"": 10, ""adx_n"": 14, ""atr_n"": 14, ""w_vol"": 315, ""bb_n"": 20, ""bb_mult"": 2.0, ""w_dd"": 100, ""q_lo"": 0.2, ""q_hi"": 0.8, ""s_atr"": 0.7, ""vol_conf"": 0.5, ""f_thr"": 0.1, ""f_hours"": 168, ""d1"": ""b"", ""d2"": ""bbw"", ""d3"": true, ""d4"": true, ""adx_thr"": 20, ""dd_thr"": -0.3}",2865
R3,LTC,dd-0.05,"{""ma_fast"": 100, ""ma_slow"": 200, ""slope_k"": 10, ""adx_n"": 14, ""atr_n"": 14, ""w_vol"": 252, ""bb_n"": 20, ""bb_mult"": 2.0, ""w_dd"": 100, ""q_lo"": 0.2, ""q_hi"": 0.8, ""s_atr"": 0.7, ""vol_conf"": 0.5, ""f_thr"": 0.1, ""f_hours"": 168, ""d1"": ""b"", ""d2"": ""bbw"", ""d3"": true, ""d4"": true, ""adx_thr"": 20, ""dd_thr"": -0.35}",2928
R3,LTC,dd+0.05,"{""ma_fast"": 100, ""ma_slow"": 200, ""slope_k"": 10, ""adx_n"": 14, ""atr_n"": 14, ""w_vol"": 252, ""bb_n"": 20, ""bb_mult"": 2.0, ""w_dd"": 100, ""q_lo"": 0.2, ""q_hi"": 0.8, ""s_atr"": 0.7, ""vol_conf"": 0.5, ""f_thr"": 0.1, ""f_hours"": 168, ""d1"": ""b"", ""d2"": ""bbw"", ""d3"": true, ""d4"": true, ""adx_thr"": 20, ""dd_thr"": -0.25}",2928
R4,BTC,base,"{""ma_fast"": 100, ""ma_slow"": 200, ""slope_k"": 10, ""adx_n"": 14, ""atr_n"": 14, ""w_vol"": 252, ""bb_n"": 20, ""bb_mult"": 2.0, ""w_dd"": 100, ""q_lo"": 0.2, ""q_hi"": 0.8, ""s_atr"": 0.7, ""vol_conf"": 0.5, ""f_thr"": 0.1, ""f_hours"": 168, ""d1"": ""b"", ""d2"": ""bbw"", ""d3"": true, ""d4"": false, ""adx_thr"": 25, ""dd_thr"": -0.3}",3046
R4,BTC,adx-2,"{""ma_fast"": 100, ""ma_slow"": 200, ""slope_k"": 10, ""adx_n"": 14, ""atr_n"": 14, ""w_vol"": 252, ""bb_n"": 20, ""bb_mult"": 2.0, ""w_dd"": 100, ""q_lo"": 0.2, ""q_hi"": 0.8, ""s_atr"": 0.7, ""vol_conf"": 0.5, ""f_thr"": 0.1, ""f_hours"": 168, ""d1"": ""b"", ""d2"": ""bbw"", ""d3"": true, ""d4"": false, ""adx_thr"": 23, ""dd_thr"": -0.3}",3046
R4,BTC,adx+2,"{""ma_fast"": 100, ""ma_slow"": 200, ""slope_k"": 10, ""adx_n"": 14, ""atr_n"": 14, ""w_vol"": 252, ""bb_n"": 20, ""bb_mult"": 2.0, ""w_dd"": 100, ""q_lo"": 0.2, ""q_hi"": 0.8, ""s_atr"": 0.7, ""vol_conf"": 0.5, ""f_thr"": 0.1, ""f_hours"": 168, ""d1"": ""b"", ""d2"": ""bbw"", ""d3"": true, ""d4"": false, ""adx_thr"": 27, ""dd_thr"": -0.3}",3046
R4,BTC,ma90,"{""ma_fast"": 90, ""ma_slow"": 200, ""slope_k"": 10, ""adx_n"": 14, ""atr_n"": 14, ""w_vol"": 252, ""bb_n"": 20, ""bb_mult"": 2.0, ""w_dd"": 100, ""q_lo"": 0.2, ""q_hi"": 0.8, ""s_atr"": 0.7, ""vol_conf"": 0.5, ""f_thr"": 0.1, ""f_hours"": 168, ""d1"": ""b"", ""d2"": ""bbw"", ""d3"": true, ""d4"": false, ""adx_thr"": 25, ""dd_thr"": -0.3}",3046
R4,BTC,ma110,"{""ma_fast"": 110, ""ma_slow"": 200, ""slope_k"": 10, ""adx_n"": 14, ""atr_n"": 14, ""w_vol"": 252, ""bb_n"": 20, ""bb_mult"": 2.0, ""w_dd"": 100, ""q_lo"": 0.2, ""q_hi"": 0.8, ""s_atr"": 0.7, ""vol_conf"": 0.5, ""f_thr"": 0.1, ""f_hours"": 168, ""d1"": ""b"", ""d2"": ""bbw"", ""d3"": true, ""d4"": false, ""adx_thr"": 25, ""dd_thr"": -0.3}",3046
R4,BTC,band-0.05,"{""ma_fast"": 100, ""ma_slow"": 200, ""slope_k"": 10, ""adx_n"": 14, ""atr_n"": 14, ""w_vol"": 252, ""bb_n"": 20, ""bb_mult"": 2.0, ""w_dd"": 100, ""q_lo"": 0.15, ""q_hi"": 0.85, ""s_atr"": 0.7, ""vol_conf"": 0.5, ""f_thr"": 0.1, ""f_hours"": 168, ""d1"": ""b"", ""d2"": ""bbw"", ""d3"": true, ""d4"": false, ""adx_thr"": 25, ""dd_thr"": -0.3}",3046
R4,BTC,band+0.05,"{""ma_fast"": 100, ""ma_slow"": 200, ""slope_k"": 10, ""adx_n"": 14, ""atr_n"": 14, ""w_vol"": 252, ""bb_n"": 20, ""bb_mult"": 2.0, ""w_dd"": 100, ""q_lo"": 0.25, ""q_hi"": 0.75, ""s_atr"": 0.7, ""vol_conf"": 0.5, ""f_thr"": 0.1, ""f_hours"": 168, ""d1"": ""b"", ""d2"": ""bbw"", ""d3"": true, ""d4"": false, ""adx_thr"": 25, ""dd_thr"": -0.3}",3046
R4,BTC,wvol189,"{""ma_fast"": 100, ""ma_slow"": 200, ""slope_k"": 10, ""adx_n"": 14, ""atr_n"": 14, ""w_vol"": 189, ""bb_n"": 20, ""bb_mult"": 2.0, ""w_dd"": 100, ""q_lo"": 0.2, ""q_hi"": 0.8, ""s_atr"": 0.7, ""vol_conf"": 0.5, ""f_thr"": 0.1, ""f_hours"": 168, ""d1"": ""b"", ""d2"": ""bbw"", ""d3"": true, ""d4"": false, ""adx_thr"": 25, ""dd_thr"": -0.3}",3109
R4,BTC,wvol315,"{""ma_fast"": 100, ""ma_slow"": 200, ""slope_k"": 10, ""adx_n"": 14, ""atr_n"": 14, ""w_vol"": 315, ""bb_n"": 20, ""bb_mult"": 2.0, ""w_dd"": 100, ""q_lo"": 0.2, ""q_hi"": 0.8, ""s_atr"": 0.7, ""vol_conf"": 0.5, ""f_thr"": 0.1, ""f_hours"": 168, ""d1"": ""b"", ""d2"": ""bbw"", ""d3"": true, ""d4"": false, ""adx_thr"": 25, ""dd_thr"": -0.3}",2983
R4,BTC,dd-0.05,"{""ma_fast"": 100, ""ma_slow"": 200, ""slope_k"": 10, ""adx_n"": 14, ""atr_n"": 14, ""w_vol"": 252, ""bb_n"": 20, ""bb_mult"": 2.0, ""w_dd"": 100, ""q_lo"": 0.2, ""q_hi"": 0.8, ""s_atr"": 0.7, ""vol_conf"": 0.5, ""f_thr"": 0.1, ""f_hours"": 168, ""d1"": ""b"", ""d2"": ""bbw"", ""d3"": true, ""d4"": false, ""adx_thr"": 25, ""dd_thr"": -0.35}",3046
R4,BTC,dd+0.05,"{""ma_fast"": 100, ""ma_slow"": 200, ""slope_k"": 10, ""adx_n"": 14, ""atr_n"": 14, ""w_vol"": 252, ""bb_n"": 20, ""bb_mult"": 2.0, ""w_dd"": 100, ""q_lo"": 0.2, ""q_hi"": 0.8, ""s_atr"": 0.7, ""vol_conf"": 0.5, ""f_thr"": 0.1, ""f_hours"": 168, ""d1"": ""b"", ""d2"": ""bbw"", ""d3"": true, ""d4"": false, ""adx_thr"": 25, ""dd_thr"": -0.25}",3046
R4,ETH,base,"{""ma_fast"": 100, ""ma_slow"": 200, ""slope_k"": 10, ""adx_n"": 14, ""atr_n"": 14, ""w_vol"": 252, ""bb_n"": 20, ""bb_mult"": 2.0, ""w_dd"": 100, ""q_lo"": 0.2, ""q_hi"": 0.8, ""s_atr"": 0.7, ""vol_conf"": 0.5, ""f_thr"": 0.1, ""f_hours"": 168, ""d1"": ""b"", ""d2"": ""bbw"", ""d3"": true, ""d4"": false, ""adx_thr"": 25, ""dd_thr"": -0.3}",3046
R4,ETH,adx-2,"{""ma_fast"": 100, ""ma_slow"": 200, ""slope_k"": 10, ""adx_n"": 14, ""atr_n"": 14, ""w_vol"": 252, ""bb_n"": 20, ""bb_mult"": 2.0, ""w_dd"": 100, ""q_lo"": 0.2, ""q_hi"": 0.8, ""s_atr"": 0.7, ""vol_conf"": 0.5, ""f_thr"": 0.1, ""f_hours"": 168, ""d1"": ""b"", ""d2"": ""bbw"", ""d3"": true, ""d4"": false, ""adx_thr"": 23, ""dd_thr"": -0.3}",3046
R4,ETH,adx+2,"{""ma_fast"": 100, ""ma_slow"": 200, ""slope_k"": 10, ""adx_n"": 14, ""atr_n"": 14, ""w_vol"": 252, ""bb_n"": 20, ""bb_mult"": 2.0, ""w_dd"": 100, ""q_lo"": 0.2, ""q_hi"": 0.8, ""s_atr"": 0.7, ""vol_conf"": 0.5, ""f_thr"": 0.1, ""f_hours"": 168, ""d1"": ""b"", ""d2"": ""bbw"", ""d3"": true, ""d4"": false, ""adx_thr"": 27, ""dd_thr"": -0.3}",3046
R4,ETH,ma90,"{""ma_fast"": 90, ""ma_slow"": 200, ""slope_k"": 10, ""adx_n"": 14, ""atr_n"": 14, ""w_vol"": 252, ""bb_n"": 20, ""bb_mult"": 2.0, ""w_dd"": 100, ""q_lo"": 0.2, ""q_hi"": 0.8, ""s_atr"": 0.7, ""vol_conf"": 0.5, ""f_thr"": 0.1, ""f_hours"": 168, ""d1"": ""b"", ""d2"": ""bbw"", ""d3"": true, ""d4"": false, ""adx_thr"": 25, ""dd_thr"": -0.3}",3046
R4,ETH,ma110,"{""ma_fast"": 110, ""ma_slow"": 200, ""slope_k"": 10, ""adx_n"": 14, ""atr_n"": 14, ""w_vol"": 252, ""bb_n"": 20, ""bb_mult"": 2.0, ""w_dd"": 100, ""q_lo"": 0.2, ""q_hi"": 0.8, ""s_atr"": 0.7, ""vol_conf"": 0.5, ""f_thr"": 0.1, ""f_hours"": 168, ""d1"": ""b"", ""d2"": ""bbw"", ""d3"": true, ""d4"": false, ""adx_thr"": 25, ""dd_thr"": -0.3}",3046
R4,ETH,band-0.05,"{""ma_fast"": 100, ""ma_slow"": 200, ""slope_k"": 10, ""adx_n"": 14, ""atr_n"": 14, ""w_vol"": 252, ""bb_n"": 20, ""bb_mult"": 2.0, ""w_dd"": 100, ""q_lo"": 0.15, ""q_hi"": 0.85, ""s_atr"": 0.7, ""vol_conf"": 0.5, ""f_thr"": 0.1, ""f_hours"": 168, ""d1"": ""b"", ""d2"": ""bbw"", ""d3"": true, ""d4"": false, ""adx_thr"": 25, ""dd_thr"": -0.3}",3046
R4,ETH,band+0.05,"{""ma_fast"": 100, ""ma_slow"": 200, ""slope_k"": 10, ""adx_n"": 14, ""atr_n"": 14, ""w_vol"": 252, ""bb_n"": 20, ""bb_mult"": 2.0, ""w_dd"": 100, ""q_lo"": 0.25, ""q_hi"": 0.75, ""s_atr"": 0.7, ""vol_conf"": 0.5, ""f_thr"": 0.1, ""f_hours"": 168, ""d1"": ""b"", ""d2"": ""bbw"", ""d3"": true, ""d4"": false, ""adx_thr"": 25, ""dd_thr"": -0.3}",3046
R4,ETH,wvol189,"{""ma_fast"": 100, ""ma_slow"": 200, ""slope_k"": 10, ""adx_n"": 14, ""atr_n"": 14, ""w_vol"": 189, ""bb_n"": 20, ""bb_mult"": 2.0, ""w_dd"": 100, ""q_lo"": 0.2, ""q_hi"": 0.8, ""s_atr"": 0.7, ""vol_conf"": 0.5, ""f_thr"": 0.1, ""f_hours"": 168, ""d1"": ""b"", ""d2"": ""bbw"", ""d3"": true, ""d4"": false, ""adx_thr"": 25, ""dd_thr"": -0.3}",3109
R4,ETH,wvol315,"{""ma_fast"": 100, ""ma_slow"": 200, ""slope_k"": 10, ""adx_n"": 14, ""atr_n"": 14, ""w_vol"": 315, ""bb_n"": 20, ""bb_mult"": 2.0, ""w_dd"": 100, ""q_lo"": 0.2, ""q_hi"": 0.8, ""s_atr"": 0.7, ""vol_conf"": 0.5, ""f_thr"": 0.1, ""f_hours"": 168, ""d1"": ""b"", ""d2"": ""bbw"", ""d3"": true, ""d4"": false, ""adx_thr"": 25, ""dd_thr"": -0.3}",2983
R4,ETH,dd-0.05,"{""ma_fast"": 100, ""ma_slow"": 200, ""slope_k"": 10, ""adx_n"": 14, ""atr_n"": 14, ""w_vol"": 252, ""bb_n"": 20, ""bb_mult"": 2.0, ""w_dd"": 100, ""q_lo"": 0.2, ""q_hi"": 0.8, ""s_atr"": 0.7, ""vol_conf"": 0.5, ""f_thr"": 0.1, ""f_hours"": 168, ""d1"": ""b"", ""d2"": ""bbw"", ""d3"": true, ""d4"": false, ""adx_thr"": 25, ""dd_thr"": -0.35}",3046
R4,ETH,dd+0.05,"{""ma_fast"": 100, ""ma_slow"": 200, ""slope_k"": 10, ""adx_n"": 14, ""atr_n"": 14, ""w_vol"": 252, ""bb_n"": 20, ""bb_mult"": 2.0, ""w_dd"": 100, ""q_lo"": 0.2, ""q_hi"": 0.8, ""s_atr"": 0.7, ""vol_conf"": 0.5, ""f_thr"": 0.1, ""f_hours"": 168, ""d1"": ""b"", ""d2"": ""bbw"", ""d3"": true, ""d4"": false, ""adx_thr"": 25, ""dd_thr"": -0.25}",3046
R4,SOL,base,"{""ma_fast"": 100, ""ma_slow"": 200, ""slope_k"": 10, ""adx_n"": 14, ""atr_n"": 14, ""w_vol"": 252, ""bb_n"": 20, ""bb_mult"": 2.0, ""w_dd"": 100, ""q_lo"": 0.2, ""q_hi"": 0.8, ""s_atr"": 0.7, ""vol_conf"": 0.5, ""f_thr"": 0.1, ""f_hours"": 168, ""d1"": ""b"", ""d2"": ""bbw"", ""d3"": true, ""d4"": false, ""adx_thr"": 25, ""dd_thr"": -0.3}",1956
R4,SOL,adx-2,"{""ma_fast"": 100, ""ma_slow"": 200, ""slope_k"": 10, ""adx_n"": 14, ""atr_n"": 14, ""w_vol"": 252, ""bb_n"": 20, ""bb_mult"": 2.0, ""w_dd"": 100, ""q_lo"": 0.2, ""q_hi"": 0.8, ""s_atr"": 0.7, ""vol_conf"": 0.5, ""f_thr"": 0.1, ""f_hours"": 168, ""d1"": ""b"", ""d2"": ""bbw"", ""d3"": true, ""d4"": false, ""adx_thr"": 23, ""dd_thr"": -0.3}",1956
R4,SOL,adx+2,"{""ma_fast"": 100, ""ma_slow"": 200, ""slope_k"": 10, ""adx_n"": 14, ""atr_n"": 14, ""w_vol"": 252, ""bb_n"": 20, ""bb_mult"": 2.0, ""w_dd"": 100, ""q_lo"": 0.2, ""q_hi"": 0.8, ""s_atr"": 0.7, ""vol_conf"": 0.5, ""f_thr"": 0.1, ""f_hours"": 168, ""d1"": ""b"", ""d2"": ""bbw"", ""d3"": true, ""d4"": false, ""adx_thr"": 27, ""dd_thr"": -0.3}",1956
R4,SOL,ma90,"{""ma_fast"": 90, ""ma_slow"": 200, ""slope_k"": 10, ""adx_n"": 14, ""atr_n"": 14, ""w_vol"": 252, ""bb_n"": 20, ""bb_mult"": 2.0, ""w_dd"": 100, ""q_lo"": 0.2, ""q_hi"": 0.8, ""s_atr"": 0.7, ""vol_conf"": 0.5, ""f_thr"": 0.1, ""f_hours"": 168, ""d1"": ""b"", ""d2"": ""bbw"", ""d3"": true, ""d4"": false, ""adx_thr"": 25, ""dd_thr"": -0.3}",1956
R4,SOL,ma110,"{""ma_fast"": 110, ""ma_slow"": 200, ""slope_k"": 10, ""adx_n"": 14, ""atr_n"": 14, ""w_vol"": 252, ""bb_n"": 20, ""bb_mult"": 2.0, ""w_dd"": 100, ""q_lo"": 0.2, ""q_hi"": 0.8, ""s_atr"": 0.7, ""vol_conf"": 0.5, ""f_thr"": 0.1, ""f_hours"": 168, ""d1"": ""b"", ""d2"": ""bbw"", ""d3"": true, ""d4"": false, ""adx_thr"": 25, ""dd_thr"": -0.3}",1956
R4,SOL,band-0.05,"{""ma_fast"": 100, ""ma_slow"": 200, ""slope_k"": 10, ""adx_n"": 14, ""atr_n"": 14, ""w_vol"": 252, ""bb_n"": 20, ""bb_mult"": 2.0, ""w_dd"": 100, ""q_lo"": 0.15, ""q_hi"": 0.85, ""s_atr"": 0.7, ""vol_conf"": 0.5, ""f_thr"": 0.1, ""f_hours"": 168, ""d1"": ""b"", ""d2"": ""bbw"", ""d3"": true, ""d4"": false, ""adx_thr"": 25, ""dd_thr"": -0.3}",1956
R4,SOL,band+0.05,"{""ma_fast"": 100, ""ma_slow"": 200, ""slope_k"": 10, ""adx_n"": 14, ""atr_n"": 14, ""w_vol"": 252, ""bb_n"": 20, ""bb_mult"": 2.0, ""w_dd"": 100, ""q_lo"": 0.25, ""q_hi"": 0.75, ""s_atr"": 0.7, ""vol_conf"": 0.5, ""f_thr"": 0.1, ""f_hours"": 168, ""d1"": ""b"", ""d2"": ""bbw"", ""d3"": true, ""d4"": false, ""adx_thr"": 25, ""dd_thr"": -0.3}",1956
R4,SOL,wvol189,"{""ma_fast"": 100, ""ma_slow"": 200, ""slope_k"": 10, ""adx_n"": 14, ""atr_n"": 14, ""w_vol"": 189, ""bb_n"": 20, ""bb_mult"": 2.0, ""w_dd"": 100, ""q_lo"": 0.2, ""q_hi"": 0.8, ""s_atr"": 0.7, ""vol_conf"": 0.5, ""f_thr"": 0.1, ""f_hours"": 168, ""d1"": ""b"", ""d2"": ""bbw"", ""d3"": true, ""d4"": false, ""adx_thr"": 25, ""dd_thr"": -0.3}",2019
R4,SOL,wvol315,"{""ma_fast"": 100, ""ma_slow"": 200, ""slope_k"": 10, ""adx_n"": 14, ""atr_n"": 14, ""w_vol"": 315, ""bb_n"": 20, ""bb_mult"": 2.0, ""w_dd"": 100, ""q_lo"": 0.2, ""q_hi"": 0.8, ""s_atr"": 0.7, ""vol_conf"": 0.5, ""f_thr"": 0.1, ""f_hours"": 168, ""d1"": ""b"", ""d2"": ""bbw"", ""d3"": true, ""d4"": false, ""adx_thr"": 25, ""dd_thr"": -0.3}",1893
R4,SOL,dd-0.05,"{""ma_fast"": 100, ""ma_slow"": 200, ""slope_k"": 10, ""adx_n"": 14, ""atr_n"": 14, ""w_vol"": 252, ""bb_n"": 20, ""bb_mult"": 2.0, ""w_dd"": 100, ""q_lo"": 0.2, ""q_hi"": 0.8, ""s_atr"": 0.7, ""vol_conf"": 0.5, ""f_thr"": 0.1, ""f_hours"": 168, ""d1"": ""b"", ""d2"": ""bbw"", ""d3"": true, ""d4"": false, ""adx_thr"": 25, ""dd_thr"": -0.35}",1956
R4,SOL,dd+0.05,"{""ma_fast"": 100, ""ma_slow"": 200, ""slope_k"": 10, ""adx_n"": 14, ""atr_n"": 14, ""w_vol"": 252, ""bb_n"": 20, ""bb_mult"": 2.0, ""w_dd"": 100, ""q_lo"": 0.2, ""q_hi"": 0.8, ""s_atr"": 0.7, ""vol_conf"": 0.5, ""f_thr"": 0.1, ""f_hours"": 168, ""d1"": ""b"", ""d2"": ""bbw"", ""d3"": true, ""d4"": false, ""adx_thr"": 25, ""dd_thr"": -0.25}",1956
R4,XRP,base,"{""ma_fast"": 100, ""ma_slow"": 200, ""slope_k"": 10, ""adx_n"": 14, ""atr_n"": 14, ""w_vol"": 252, ""bb_n"": 20, ""bb_mult"": 2.0, ""w_dd"": 100, ""q_lo"": 0.2, ""q_hi"": 0.8, ""s_atr"": 0.7, ""vol_conf"": 0.5, ""f_thr"": 0.1, ""f_hours"": 168, ""d1"": ""b"", ""d2"": ""bbw"", ""d3"": true, ""d4"": false, ""adx_thr"": 25, ""dd_thr"": -0.3}",2786
R4,XRP,adx-2,"{""ma_fast"": 100, ""ma_slow"": 200, ""slope_k"": 10, ""adx_n"": 14, ""atr_n"": 14, ""w_vol"": 252, ""bb_n"": 20, ""bb_mult"": 2.0, ""w_dd"": 100, ""q_lo"": 0.2, ""q_hi"": 0.8, ""s_atr"": 0.7, ""vol_conf"": 0.5, ""f_thr"": 0.1, ""f_hours"": 168, ""d1"": ""b"", ""d2"": ""bbw"", ""d3"": true, ""d4"": false, ""adx_thr"": 23, ""dd_thr"": -0.3}",2786
R4,XRP,adx+2,"{""ma_fast"": 100, ""ma_slow"": 200, ""slope_k"": 10, ""adx_n"": 14, ""atr_n"": 14, ""w_vol"": 252, ""bb_n"": 20, ""bb_mult"": 2.0, ""w_dd"": 100, ""q_lo"": 0.2, ""q_hi"": 0.8, ""s_atr"": 0.7, ""vol_conf"": 0.5, ""f_thr"": 0.1, ""f_hours"": 168, ""d1"": ""b"", ""d2"": ""bbw"", ""d3"": true, ""d4"": false, ""adx_thr"": 27, ""dd_thr"": -0.3}",2786
R4,XRP,ma90,"{""ma_fast"": 90, ""ma_slow"": 200, ""slope_k"": 10, ""adx_n"": 14, ""atr_n"": 14, ""w_vol"": 252, ""bb_n"": 20, ""bb_mult"": 2.0, ""w_dd"": 100, ""q_lo"": 0.2, ""q_hi"": 0.8, ""s_atr"": 0.7, ""vol_conf"": 0.5, ""f_thr"": 0.1, ""f_hours"": 168, ""d1"": ""b"", ""d2"": ""bbw"", ""d3"": true, ""d4"": false, ""adx_thr"": 25, ""dd_thr"": -0.3}",2786
R4,XRP,ma110,"{""ma_fast"": 110, ""ma_slow"": 200, ""slope_k"": 10, ""adx_n"": 14, ""atr_n"": 14, ""w_vol"": 252, ""bb_n"": 20, ""bb_mult"": 2.0, ""w_dd"": 100, ""q_lo"": 0.2, ""q_hi"": 0.8, ""s_atr"": 0.7, ""vol_conf"": 0.5, ""f_thr"": 0.1, ""f_hours"": 168, ""d1"": ""b"", ""d2"": ""bbw"", ""d3"": true, ""d4"": false, ""adx_thr"": 25, ""dd_thr"": -0.3}",2786
R4,XRP,band-0.05,"{""ma_fast"": 100, ""ma_slow"": 200, ""slope_k"": 10, ""adx_n"": 14, ""atr_n"": 14, ""w_vol"": 252, ""bb_n"": 20, ""bb_mult"": 2.0, ""w_dd"": 100, ""q_lo"": 0.15, ""q_hi"": 0.85, ""s_atr"": 0.7, ""vol_conf"": 0.5, ""f_thr"": 0.1, ""f_hours"": 168, ""d1"": ""b"", ""d2"": ""bbw"", ""d3"": true, ""d4"": false, ""adx_thr"": 25, ""dd_thr"": -0.3}",2786
R4,XRP,band+0.05,"{""ma_fast"": 100, ""ma_slow"": 200, ""slope_k"": 10, ""adx_n"": 14, ""atr_n"": 14, ""w_vol"": 252, ""bb_n"": 20, ""bb_mult"": 2.0, ""w_dd"": 100, ""q_lo"": 0.25, ""q_hi"": 0.75, ""s_atr"": 0.7, ""vol_conf"": 0.5, ""f_thr"": 0.1, ""f_hours"": 168, ""d1"": ""b"", ""d2"": ""bbw"", ""d3"": true, ""d4"": false, ""adx_thr"": 25, ""dd_thr"": -0.3}",2786
R4,XRP,wvol189,"{""ma_fast"": 100, ""ma_slow"": 200, ""slope_k"": 10, ""adx_n"": 14, ""atr_n"": 14, ""w_vol"": 189, ""bb_n"": 20, ""bb_mult"": 2.0, ""w_dd"": 100, ""q_lo"": 0.2, ""q_hi"": 0.8, ""s_atr"": 0.7, ""vol_conf"": 0.5, ""f_thr"": 0.1, ""f_hours"": 168, ""d1"": ""b"", ""d2"": ""bbw"", ""d3"": true, ""d4"": false, ""adx_thr"": 25, ""dd_thr"": -0.3}",2849
R4,XRP,wvol315,"{""ma_fast"": 100, ""ma_slow"": 200, ""slope_k"": 10, ""adx_n"": 14, ""atr_n"": 14, ""w_vol"": 315, ""bb_n"": 20, ""bb_mult"": 2.0, ""w_dd"": 100, ""q_lo"": 0.2, ""q_hi"": 0.8, ""s_atr"": 0.7, ""vol_conf"": 0.5, ""f_thr"": 0.1, ""f_hours"": 168, ""d1"": ""b"", ""d2"": ""bbw"", ""d3"": true, ""d4"": false, ""adx_thr"": 25, ""dd_thr"": -0.3}",2723
R4,XRP,dd-0.05,"{""ma_fast"": 100, ""ma_slow"": 200, ""slope_k"": 10, ""adx_n"": 14, ""atr_n"": 14, ""w_vol"": 252, ""bb_n"": 20, ""bb_mult"": 2.0, ""w_dd"": 100, ""q_lo"": 0.2, ""q_hi"": 0.8, ""s_atr"": 0.7, ""vol_conf"": 0.5, ""f_thr"": 0.1, ""f_hours"": 168, ""d1"": ""b"", ""d2"": ""bbw"", ""d3"": true, ""d4"": false, ""adx_thr"": 25, ""dd_thr"": -0.35}",2786
R4,XRP,dd+0.05,"{""ma_fast"": 100, ""ma_slow"": 200, ""slope_k"": 10, ""adx_n"": 14, ""atr_n"": 14, ""w_vol"": 252, ""bb_n"": 20, ""bb_mult"": 2.0, ""w_dd"": 100, ""q_lo"": 0.2, ""q_hi"": 0.8, ""s_atr"": 0.7, ""vol_conf"": 0.5, ""f_thr"": 0.1, ""f_hours"": 168, ""d1"": ""b"", ""d2"": ""bbw"", ""d3"": true, ""d4"": false, ""adx_thr"": 25, ""dd_thr"": -0.25}",2786
R4,ADA,base,"{""ma_fast"": 100, ""ma_slow"": 200, ""slope_k"": 10, ""adx_n"": 14, ""atr_n"": 14, ""w_vol"": 252, ""bb_n"": 20, ""bb_mult"": 2.0, ""w_dd"": 100, ""q_lo"": 0.2, ""q_hi"": 0.8, ""s_atr"": 0.7, ""vol_conf"": 0.5, ""f_thr"": 0.1, ""f_hours"": 168, ""d1"": ""b"", ""d2"": ""bbw"", ""d3"": true, ""d4"": false, ""adx_thr"": 25, ""dd_thr"": -0.3}",2803
R4,ADA,adx-2,"{""ma_fast"": 100, ""ma_slow"": 200, ""slope_k"": 10, ""adx_n"": 14, ""atr_n"": 14, ""w_vol"": 252, ""bb_n"": 20, ""bb_mult"": 2.0, ""w_dd"": 100, ""q_lo"": 0.2, ""q_hi"": 0.8, ""s_atr"": 0.7, ""vol_conf"": 0.5, ""f_thr"": 0.1, ""f_hours"": 168, ""d1"": ""b"", ""d2"": ""bbw"", ""d3"": true, ""d4"": false, ""adx_thr"": 23, ""dd_thr"": -0.3}",2803
R4,ADA,adx+2,"{""ma_fast"": 100, ""ma_slow"": 200, ""slope_k"": 10, ""adx_n"": 14, ""atr_n"": 14, ""w_vol"": 252, ""bb_n"": 20, ""bb_mult"": 2.0, ""w_dd"": 100, ""q_lo"": 0.2, ""q_hi"": 0.8, ""s_atr"": 0.7, ""vol_conf"": 0.5, ""f_thr"": 0.1, ""f_hours"": 168, ""d1"": ""b"", ""d2"": ""bbw"", ""d3"": true, ""d4"": false, ""adx_thr"": 27, ""dd_thr"": -0.3}",2803
R4,ADA,ma90,"{""ma_fast"": 90, ""ma_slow"": 200, ""slope_k"": 10, ""adx_n"": 14, ""atr_n"": 14, ""w_vol"": 252, ""bb_n"": 20, ""bb_mult"": 2.0, ""w_dd"": 100, ""q_lo"": 0.2, ""q_hi"": 0.8, ""s_atr"": 0.7, ""vol_conf"": 0.5, ""f_thr"": 0.1, ""f_hours"": 168, ""d1"": ""b"", ""d2"": ""bbw"", ""d3"": true, ""d4"": false, ""adx_thr"": 25, ""dd_thr"": -0.3}",2803
R4,ADA,ma110,"{""ma_fast"": 110, ""ma_slow"": 200, ""slope_k"": 10, ""adx_n"": 14, ""atr_n"": 14, ""w_vol"": 252, ""bb_n"": 20, ""bb_mult"": 2.0, ""w_dd"": 100, ""q_lo"": 0.2, ""q_hi"": 0.8, ""s_atr"": 0.7, ""vol_conf"": 0.5, ""f_thr"": 0.1, ""f_hours"": 168, ""d1"": ""b"", ""d2"": ""bbw"", ""d3"": true, ""d4"": false, ""adx_thr"": 25, ""dd_thr"": -0.3}",2803
R4,ADA,band-0.05,"{""ma_fast"": 100, ""ma_slow"": 200, ""slope_k"": 10, ""adx_n"": 14, ""atr_n"": 14, ""w_vol"": 252, ""bb_n"": 20, ""bb_mult"": 2.0, ""w_dd"": 100, ""q_lo"": 0.15, ""q_hi"": 0.85, ""s_atr"": 0.7, ""vol_conf"": 0.5, ""f_thr"": 0.1, ""f_hours"": 168, ""d1"": ""b"", ""d2"": ""bbw"", ""d3"": true, ""d4"": false, ""adx_thr"": 25, ""dd_thr"": -0.3}",2803
R4,ADA,band+0.05,"{""ma_fast"": 100, ""ma_slow"": 200, ""slope_k"": 10, ""adx_n"": 14, ""atr_n"": 14, ""w_vol"": 252, ""bb_n"": 20, ""bb_mult"": 2.0, ""w_dd"": 100, ""q_lo"": 0.25, ""q_hi"": 0.75, ""s_atr"": 0.7, ""vol_conf"": 0.5, ""f_thr"": 0.1, ""f_hours"": 168, ""d1"": ""b"", ""d2"": ""bbw"", ""d3"": true, ""d4"": false, ""adx_thr"": 25, ""dd_thr"": -0.3}",2803
R4,ADA,wvol189,"{""ma_fast"": 100, ""ma_slow"": 200, ""slope_k"": 10, ""adx_n"": 14, ""atr_n"": 14, ""w_vol"": 189, ""bb_n"": 20, ""bb_mult"": 2.0, ""w_dd"": 100, ""q_lo"": 0.2, ""q_hi"": 0.8, ""s_atr"": 0.7, ""vol_conf"": 0.5, ""f_thr"": 0.1, ""f_hours"": 168, ""d1"": ""b"", ""d2"": ""bbw"", ""d3"": true, ""d4"": false, ""adx_thr"": 25, ""dd_thr"": -0.3}",2866
R4,ADA,wvol315,"{""ma_fast"": 100, ""ma_slow"": 200, ""slope_k"": 10, ""adx_n"": 14, ""atr_n"": 14, ""w_vol"": 315, ""bb_n"": 20, ""bb_mult"": 2.0, ""w_dd"": 100, ""q_lo"": 0.2, ""q_hi"": 0.8, ""s_atr"": 0.7, ""vol_conf"": 0.5, ""f_thr"": 0.1, ""f_hours"": 168, ""d1"": ""b"", ""d2"": ""bbw"", ""d3"": true, ""d4"": false, ""adx_thr"": 25, ""dd_thr"": -0.3}",2740
R4,ADA,dd-0.05,"{""ma_fast"": 100, ""ma_slow"": 200, ""slope_k"": 10, ""adx_n"": 14, ""atr_n"": 14, ""w_vol"": 252, ""bb_n"": 20, ""bb_mult"": 2.0, ""w_dd"": 100, ""q_lo"": 0.2, ""q_hi"": 0.8, ""s_atr"": 0.7, ""vol_conf"": 0.5, ""f_thr"": 0.1, ""f_hours"": 168, ""d1"": ""b"", ""d2"": ""bbw"", ""d3"": true, ""d4"": false, ""adx_thr"": 25, ""dd_thr"": -0.35}",2803
R4,ADA,dd+0.05,"{""ma_fast"": 100, ""ma_slow"": 200, ""slope_k"": 10, ""adx_n"": 14, ""atr_n"": 14, ""w_vol"": 252, ""bb_n"": 20, ""bb_mult"": 2.0, ""w_dd"": 100, ""q_lo"": 0.2, ""q_hi"": 0.8, ""s_atr"": 0.7, ""vol_conf"": 0.5, ""f_thr"": 0.1, ""f_hours"": 168, ""d1"": ""b"", ""d2"": ""bbw"", ""d3"": true, ""d4"": false, ""adx_thr"": 25, ""dd_thr"": -0.25}",2803
R4,AVAX,base,"{""ma_fast"": 100, ""ma_slow"": 200, ""slope_k"": 10, ""adx_n"": 14, ""atr_n"": 14, ""w_vol"": 252, ""bb_n"": 20, ""bb_mult"": 2.0, ""w_dd"": 100, ""q_lo"": 0.2, ""q_hi"": 0.8, ""s_atr"": 0.7, ""vol_conf"": 0.5, ""f_thr"": 0.1, ""f_hours"": 168, ""d1"": ""b"", ""d2"": ""bbw"", ""d3"": true, ""d4"": false, ""adx_thr"": 25, ""dd_thr"": -0.3}",1914
R4,AVAX,adx-2,"{""ma_fast"": 100, ""ma_slow"": 200, ""slope_k"": 10, ""adx_n"": 14, ""atr_n"": 14, ""w_vol"": 252, ""bb_n"": 20, ""bb_mult"": 2.0, ""w_dd"": 100, ""q_lo"": 0.2, ""q_hi"": 0.8, ""s_atr"": 0.7, ""vol_conf"": 0.5, ""f_thr"": 0.1, ""f_hours"": 168, ""d1"": ""b"", ""d2"": ""bbw"", ""d3"": true, ""d4"": false, ""adx_thr"": 23, ""dd_thr"": -0.3}",1914
R4,AVAX,adx+2,"{""ma_fast"": 100, ""ma_slow"": 200, ""slope_k"": 10, ""adx_n"": 14, ""atr_n"": 14, ""w_vol"": 252, ""bb_n"": 20, ""bb_mult"": 2.0, ""w_dd"": 100, ""q_lo"": 0.2, ""q_hi"": 0.8, ""s_atr"": 0.7, ""vol_conf"": 0.5, ""f_thr"": 0.1, ""f_hours"": 168, ""d1"": ""b"", ""d2"": ""bbw"", ""d3"": true, ""d4"": false, ""adx_thr"": 27, ""dd_thr"": -0.3}",1914
R4,AVAX,ma90,"{""ma_fast"": 90, ""ma_slow"": 200, ""slope_k"": 10, ""adx_n"": 14, ""atr_n"": 14, ""w_vol"": 252, ""bb_n"": 20, ""bb_mult"": 2.0, ""w_dd"": 100, ""q_lo"": 0.2, ""q_hi"": 0.8, ""s_atr"": 0.7, ""vol_conf"": 0.5, ""f_thr"": 0.1, ""f_hours"": 168, ""d1"": ""b"", ""d2"": ""bbw"", ""d3"": true, ""d4"": false, ""adx_thr"": 25, ""dd_thr"": -0.3}",1914
R4,AVAX,ma110,"{""ma_fast"": 110, ""ma_slow"": 200, ""slope_k"": 10, ""adx_n"": 14, ""atr_n"": 14, ""w_vol"": 252, ""bb_n"": 20, ""bb_mult"": 2.0, ""w_dd"": 100, ""q_lo"": 0.2, ""q_hi"": 0.8, ""s_atr"": 0.7, ""vol_conf"": 0.5, ""f_thr"": 0.1, ""f_hours"": 168, ""d1"": ""b"", ""d2"": ""bbw"", ""d3"": true, ""d4"": false, ""adx_thr"": 25, ""dd_thr"": -0.3}",1914
R4,AVAX,band-0.05,"{""ma_fast"": 100, ""ma_slow"": 200, ""slope_k"": 10, ""adx_n"": 14, ""atr_n"": 14, ""w_vol"": 252, ""bb_n"": 20, ""bb_mult"": 2.0, ""w_dd"": 100, ""q_lo"": 0.15, ""q_hi"": 0.85, ""s_atr"": 0.7, ""vol_conf"": 0.5, ""f_thr"": 0.1, ""f_hours"": 168, ""d1"": ""b"", ""d2"": ""bbw"", ""d3"": true, ""d4"": false, ""adx_thr"": 25, ""dd_thr"": -0.3}",1914
R4,AVAX,band+0.05,"{""ma_fast"": 100, ""ma_slow"": 200, ""slope_k"": 10, ""adx_n"": 14, ""atr_n"": 14, ""w_vol"": 252, ""bb_n"": 20, ""bb_mult"": 2.0, ""w_dd"": 100, ""q_lo"": 0.25, ""q_hi"": 0.75, ""s_atr"": 0.7, ""vol_conf"": 0.5, ""f_thr"": 0.1, ""f_hours"": 168, ""d1"": ""b"", ""d2"": ""bbw"", ""d3"": true, ""d4"": false, ""adx_thr"": 25, ""dd_thr"": -0.3}",1914
R4,AVAX,wvol189,"{""ma_fast"": 100, ""ma_slow"": 200, ""slope_k"": 10, ""adx_n"": 14, ""atr_n"": 14, ""w_vol"": 189, ""bb_n"": 20, ""bb_mult"": 2.0, ""w_dd"": 100, ""q_lo"": 0.2, ""q_hi"": 0.8, ""s_atr"": 0.7, ""vol_conf"": 0.5, ""f_thr"": 0.1, ""f_hours"": 168, ""d1"": ""b"", ""d2"": ""bbw"", ""d3"": true, ""d4"": false, ""adx_thr"": 25, ""dd_thr"": -0.3}",1977
R4,AVAX,wvol315,"{""ma_fast"": 100, ""ma_slow"": 200, ""slope_k"": 10, ""adx_n"": 14, ""atr_n"": 14, ""w_vol"": 315, ""bb_n"": 20, ""bb_mult"": 2.0, ""w_dd"": 100, ""q_lo"": 0.2, ""q_hi"": 0.8, ""s_atr"": 0.7, ""vol_conf"": 0.5, ""f_thr"": 0.1, ""f_hours"": 168, ""d1"": ""b"", ""d2"": ""bbw"", ""d3"": true, ""d4"": false, ""adx_thr"": 25, ""dd_thr"": -0.3}",1851
R4,AVAX,dd-0.05,"{""ma_fast"": 100, ""ma_slow"": 200, ""slope_k"": 10, ""adx_n"": 14, ""atr_n"": 14, ""w_vol"": 252, ""bb_n"": 20, ""bb_mult"": 2.0, ""w_dd"": 100, ""q_lo"": 0.2, ""q_hi"": 0.8, ""s_atr"": 0.7, ""vol_conf"": 0.5, ""f_thr"": 0.1, ""f_hours"": 168, ""d1"": ""b"", ""d2"": ""bbw"", ""d3"": true, ""d4"": false, ""adx_thr"": 25, ""dd_thr"": -0.35}",1914
R4,AVAX,dd+0.05,"{""ma_fast"": 100, ""ma_slow"": 200, ""slope_k"": 10, ""adx_n"": 14, ""atr_n"": 14, ""w_vol"": 252, ""bb_n"": 20, ""bb_mult"": 2.0, ""w_dd"": 100, ""q_lo"": 0.2, ""q_hi"": 0.8, ""s_atr"": 0.7, ""vol_conf"": 0.5, ""f_thr"": 0.1, ""f_hours"": 168, ""d1"": ""b"", ""d2"": ""bbw"", ""d3"": true, ""d4"": false, ""adx_thr"": 25, ""dd_thr"": -0.25}",1914
R4,LINK,base,"{""ma_fast"": 100, ""ma_slow"": 200, ""slope_k"": 10, ""adx_n"": 14, ""atr_n"": 14, ""w_vol"": 252, ""bb_n"": 20, ""bb_mult"": 2.0, ""w_dd"": 100, ""q_lo"": 0.2, ""q_hi"": 0.8, ""s_atr"": 0.7, ""vol_conf"": 0.5, ""f_thr"": 0.1, ""f_hours"": 168, ""d1"": ""b"", ""d2"": ""bbw"", ""d3"": true, ""d4"": false, ""adx_thr"": 25, ""dd_thr"": -0.3}",2529
R4,LINK,adx-2,"{""ma_fast"": 100, ""ma_slow"": 200, ""slope_k"": 10, ""adx_n"": 14, ""atr_n"": 14, ""w_vol"": 252, ""bb_n"": 20, ""bb_mult"": 2.0, ""w_dd"": 100, ""q_lo"": 0.2, ""q_hi"": 0.8, ""s_atr"": 0.7, ""vol_conf"": 0.5, ""f_thr"": 0.1, ""f_hours"": 168, ""d1"": ""b"", ""d2"": ""bbw"", ""d3"": true, ""d4"": false, ""adx_thr"": 23, ""dd_thr"": -0.3}",2529
R4,LINK,adx+2,"{""ma_fast"": 100, ""ma_slow"": 200, ""slope_k"": 10, ""adx_n"": 14, ""atr_n"": 14, ""w_vol"": 252, ""bb_n"": 20, ""bb_mult"": 2.0, ""w_dd"": 100, ""q_lo"": 0.2, ""q_hi"": 0.8, ""s_atr"": 0.7, ""vol_conf"": 0.5, ""f_thr"": 0.1, ""f_hours"": 168, ""d1"": ""b"", ""d2"": ""bbw"", ""d3"": true, ""d4"": false, ""adx_thr"": 27, ""dd_thr"": -0.3}",2529
R4,LINK,ma90,"{""ma_fast"": 90, ""ma_slow"": 200, ""slope_k"": 10, ""adx_n"": 14, ""atr_n"": 14, ""w_vol"": 252, ""bb_n"": 20, ""bb_mult"": 2.0, ""w_dd"": 100, ""q_lo"": 0.2, ""q_hi"": 0.8, ""s_atr"": 0.7, ""vol_conf"": 0.5, ""f_thr"": 0.1, ""f_hours"": 168, ""d1"": ""b"", ""d2"": ""bbw"", ""d3"": true, ""d4"": false, ""adx_thr"": 25, ""dd_thr"": -0.3}",2529
R4,LINK,ma110,"{""ma_fast"": 110, ""ma_slow"": 200, ""slope_k"": 10, ""adx_n"": 14, ""atr_n"": 14, ""w_vol"": 252, ""bb_n"": 20, ""bb_mult"": 2.0, ""w_dd"": 100, ""q_lo"": 0.2, ""q_hi"": 0.8, ""s_atr"": 0.7, ""vol_conf"": 0.5, ""f_thr"": 0.1, ""f_hours"": 168, ""d1"": ""b"", ""d2"": ""bbw"", ""d3"": true, ""d4"": false, ""adx_thr"": 25, ""dd_thr"": -0.3}",2529
R4,LINK,band-0.05,"{""ma_fast"": 100, ""ma_slow"": 200, ""slope_k"": 10, ""adx_n"": 14, ""atr_n"": 14, ""w_vol"": 252, ""bb_n"": 20, ""bb_mult"": 2.0, ""w_dd"": 100, ""q_lo"": 0.15, ""q_hi"": 0.85, ""s_atr"": 0.7, ""vol_conf"": 0.5, ""f_thr"": 0.1, ""f_hours"": 168, ""d1"": ""b"", ""d2"": ""bbw"", ""d3"": true, ""d4"": false, ""adx_thr"": 25, ""dd_thr"": -0.3}",2529
R4,LINK,band+0.05,"{""ma_fast"": 100, ""ma_slow"": 200, ""slope_k"": 10, ""adx_n"": 14, ""atr_n"": 14, ""w_vol"": 252, ""bb_n"": 20, ""bb_mult"": 2.0, ""w_dd"": 100, ""q_lo"": 0.25, ""q_hi"": 0.75, ""s_atr"": 0.7, ""vol_conf"": 0.5, ""f_thr"": 0.1, ""f_hours"": 168, ""d1"": ""b"", ""d2"": ""bbw"", ""d3"": true, ""d4"": false, ""adx_thr"": 25, ""dd_thr"": -0.3}",2529
R4,LINK,wvol189,"{""ma_fast"": 100, ""ma_slow"": 200, ""slope_k"": 10, ""adx_n"": 14, ""atr_n"": 14, ""w_vol"": 189, ""bb_n"": 20, ""bb_mult"": 2.0, ""w_dd"": 100, ""q_lo"": 0.2, ""q_hi"": 0.8, ""s_atr"": 0.7, ""vol_conf"": 0.5, ""f_thr"": 0.1, ""f_hours"": 168, ""d1"": ""b"", ""d2"": ""bbw"", ""d3"": true, ""d4"": false, ""adx_thr"": 25, ""dd_thr"": -0.3}",2592
R4,LINK,wvol315,"{""ma_fast"": 100, ""ma_slow"": 200, ""slope_k"": 10, ""adx_n"": 14, ""atr_n"": 14, ""w_vol"": 315, ""bb_n"": 20, ""bb_mult"": 2.0, ""w_dd"": 100, ""q_lo"": 0.2, ""q_hi"": 0.8, ""s_atr"": 0.7, ""vol_conf"": 0.5, ""f_thr"": 0.1, ""f_hours"": 168, ""d1"": ""b"", ""d2"": ""bbw"", ""d3"": true, ""d4"": false, ""adx_thr"": 25, ""dd_thr"": -0.3}",2466
R4,LINK,dd-0.05,"{""ma_fast"": 100, ""ma_slow"": 200, ""slope_k"": 10, ""adx_n"": 14, ""atr_n"": 14, ""w_vol"": 252, ""bb_n"": 20, ""bb_mult"": 2.0, ""w_dd"": 100, ""q_lo"": 0.2, ""q_hi"": 0.8, ""s_atr"": 0.7, ""vol_conf"": 0.5, ""f_thr"": 0.1, ""f_hours"": 168, ""d1"": ""b"", ""d2"": ""bbw"", ""d3"": true, ""d4"": false, ""adx_thr"": 25, ""dd_thr"": -0.35}",2529
R4,LINK,dd+0.05,"{""ma_fast"": 100, ""ma_slow"": 200, ""slope_k"": 10, ""adx_n"": 14, ""atr_n"": 14, ""w_vol"": 252, ""bb_n"": 20, ""bb_mult"": 2.0, ""w_dd"": 100, ""q_lo"": 0.2, ""q_hi"": 0.8, ""s_atr"": 0.7, ""vol_conf"": 0.5, ""f_thr"": 0.1, ""f_hours"": 168, ""d1"": ""b"", ""d2"": ""bbw"", ""d3"": true, ""d4"": false, ""adx_thr"": 25, ""dd_thr"": -0.25}",2529
R4,DOT,base,"{""ma_fast"": 100, ""ma_slow"": 200, ""slope_k"": 10, ""adx_n"": 14, ""atr_n"": 14, ""w_vol"": 252, ""bb_n"": 20, ""bb_mult"": 2.0, ""w_dd"": 100, ""q_lo"": 0.2, ""q_hi"": 0.8, ""s_atr"": 0.7, ""vol_conf"": 0.5, ""f_thr"": 0.1, ""f_hours"": 168, ""d1"": ""b"", ""d2"": ""bbw"", ""d3"": true, ""d4"": false, ""adx_thr"": 25, ""dd_thr"": -0.3}",1949
R4,DOT,adx-2,"{""ma_fast"": 100, ""ma_slow"": 200, ""slope_k"": 10, ""adx_n"": 14, ""atr_n"": 14, ""w_vol"": 252, ""bb_n"": 20, ""bb_mult"": 2.0, ""w_dd"": 100, ""q_lo"": 0.2, ""q_hi"": 0.8, ""s_atr"": 0.7, ""vol_conf"": 0.5, ""f_thr"": 0.1, ""f_hours"": 168, ""d1"": ""b"", ""d2"": ""bbw"", ""d3"": true, ""d4"": false, ""adx_thr"": 23, ""dd_thr"": -0.3}",1949
R4,DOT,adx+2,"{""ma_fast"": 100, ""ma_slow"": 200, ""slope_k"": 10, ""adx_n"": 14, ""atr_n"": 14, ""w_vol"": 252, ""bb_n"": 20, ""bb_mult"": 2.0, ""w_dd"": 100, ""q_lo"": 0.2, ""q_hi"": 0.8, ""s_atr"": 0.7, ""vol_conf"": 0.5, ""f_thr"": 0.1, ""f_hours"": 168, ""d1"": ""b"", ""d2"": ""bbw"", ""d3"": true, ""d4"": false, ""adx_thr"": 27, ""dd_thr"": -0.3}",1949
R4,DOT,ma90,"{""ma_fast"": 90, ""ma_slow"": 200, ""slope_k"": 10, ""adx_n"": 14, ""atr_n"": 14, ""w_vol"": 252, ""bb_n"": 20, ""bb_mult"": 2.0, ""w_dd"": 100, ""q_lo"": 0.2, ""q_hi"": 0.8, ""s_atr"": 0.7, ""vol_conf"": 0.5, ""f_thr"": 0.1, ""f_hours"": 168, ""d1"": ""b"", ""d2"": ""bbw"", ""d3"": true, ""d4"": false, ""adx_thr"": 25, ""dd_thr"": -0.3}",1949
R4,DOT,ma110,"{""ma_fast"": 110, ""ma_slow"": 200, ""slope_k"": 10, ""adx_n"": 14, ""atr_n"": 14, ""w_vol"": 252, ""bb_n"": 20, ""bb_mult"": 2.0, ""w_dd"": 100, ""q_lo"": 0.2, ""q_hi"": 0.8, ""s_atr"": 0.7, ""vol_conf"": 0.5, ""f_thr"": 0.1, ""f_hours"": 168, ""d1"": ""b"", ""d2"": ""bbw"", ""d3"": true, ""d4"": false, ""adx_thr"": 25, ""dd_thr"": -0.3}",1949
R4,DOT,band-0.05,"{""ma_fast"": 100, ""ma_slow"": 200, ""slope_k"": 10, ""adx_n"": 14, ""atr_n"": 14, ""w_vol"": 252, ""bb_n"": 20, ""bb_mult"": 2.0, ""w_dd"": 100, ""q_lo"": 0.15, ""q_hi"": 0.85, ""s_atr"": 0.7, ""vol_conf"": 0.5, ""f_thr"": 0.1, ""f_hours"": 168, ""d1"": ""b"", ""d2"": ""bbw"", ""d3"": true, ""d4"": false, ""adx_thr"": 25, ""dd_thr"": -0.3}",1949
R4,DOT,band+0.05,"{""ma_fast"": 100, ""ma_slow"": 200, ""slope_k"": 10, ""adx_n"": 14, ""atr_n"": 14, ""w_vol"": 252, ""bb_n"": 20, ""bb_mult"": 2.0, ""w_dd"": 100, ""q_lo"": 0.25, ""q_hi"": 0.75, ""s_atr"": 0.7, ""vol_conf"": 0.5, ""f_thr"": 0.1, ""f_hours"": 168, ""d1"": ""b"", ""d2"": ""bbw"", ""d3"": true, ""d4"": false, ""adx_thr"": 25, ""dd_thr"": -0.3}",1949
R4,DOT,wvol189,"{""ma_fast"": 100, ""ma_slow"": 200, ""slope_k"": 10, ""adx_n"": 14, ""atr_n"": 14, ""w_vol"": 189, ""bb_n"": 20, ""bb_mult"": 2.0, ""w_dd"": 100, ""q_lo"": 0.2, ""q_hi"": 0.8, ""s_atr"": 0.7, ""vol_conf"": 0.5, ""f_thr"": 0.1, ""f_hours"": 168, ""d1"": ""b"", ""d2"": ""bbw"", ""d3"": true, ""d4"": false, ""adx_thr"": 25, ""dd_thr"": -0.3}",2012
R4,DOT,wvol315,"{""ma_fast"": 100, ""ma_slow"": 200, ""slope_k"": 10, ""adx_n"": 14, ""atr_n"": 14, ""w_vol"": 315, ""bb_n"": 20, ""bb_mult"": 2.0, ""w_dd"": 100, ""q_lo"": 0.2, ""q_hi"": 0.8, ""s_atr"": 0.7, ""vol_conf"": 0.5, ""f_thr"": 0.1, ""f_hours"": 168, ""d1"": ""b"", ""d2"": ""bbw"", ""d3"": true, ""d4"": false, ""adx_thr"": 25, ""dd_thr"": -0.3}",1886
R4,DOT,dd-0.05,"{""ma_fast"": 100, ""ma_slow"": 200, ""slope_k"": 10, ""adx_n"": 14, ""atr_n"": 14, ""w_vol"": 252, ""bb_n"": 20, ""bb_mult"": 2.0, ""w_dd"": 100, ""q_lo"": 0.2, ""q_hi"": 0.8, ""s_atr"": 0.7, ""vol_conf"": 0.5, ""f_thr"": 0.1, ""f_hours"": 168, ""d1"": ""b"", ""d2"": ""bbw"", ""d3"": true, ""d4"": false, ""adx_thr"": 25, ""dd_thr"": -0.35}",1949
R4,DOT,dd+0.05,"{""ma_fast"": 100, ""ma_slow"": 200, ""slope_k"": 10, ""adx_n"": 14, ""atr_n"": 14, ""w_vol"": 252, ""bb_n"": 20, ""bb_mult"": 2.0, ""w_dd"": 100, ""q_lo"": 0.2, ""q_hi"": 0.8, ""s_atr"": 0.7, ""vol_conf"": 0.5, ""f_thr"": 0.1, ""f_hours"": 168, ""d1"": ""b"", ""d2"": ""bbw"", ""d3"": true, ""d4"": false, ""adx_thr"": 25, ""dd_thr"": -0.25}",1949
R4,BNB,base,"{""ma_fast"": 100, ""ma_slow"": 200, ""slope_k"": 10, ""adx_n"": 14, ""atr_n"": 14, ""w_vol"": 252, ""bb_n"": 20, ""bb_mult"": 2.0, ""w_dd"": 100, ""q_lo"": 0.2, ""q_hi"": 0.8, ""s_atr"": 0.7, ""vol_conf"": 0.5, ""f_thr"": 0.1, ""f_hours"": 168, ""d1"": ""b"", ""d2"": ""bbw"", ""d3"": true, ""d4"": false, ""adx_thr"": 25, ""dd_thr"": -0.3}",2965
R4,BNB,adx-2,"{""ma_fast"": 100, ""ma_slow"": 200, ""slope_k"": 10, ""adx_n"": 14, ""atr_n"": 14, ""w_vol"": 252, ""bb_n"": 20, ""bb_mult"": 2.0, ""w_dd"": 100, ""q_lo"": 0.2, ""q_hi"": 0.8, ""s_atr"": 0.7, ""vol_conf"": 0.5, ""f_thr"": 0.1, ""f_hours"": 168, ""d1"": ""b"", ""d2"": ""bbw"", ""d3"": true, ""d4"": false, ""adx_thr"": 23, ""dd_thr"": -0.3}",2965
R4,BNB,adx+2,"{""ma_fast"": 100, ""ma_slow"": 200, ""slope_k"": 10, ""adx_n"": 14, ""atr_n"": 14, ""w_vol"": 252, ""bb_n"": 20, ""bb_mult"": 2.0, ""w_dd"": 100, ""q_lo"": 0.2, ""q_hi"": 0.8, ""s_atr"": 0.7, ""vol_conf"": 0.5, ""f_thr"": 0.1, ""f_hours"": 168, ""d1"": ""b"", ""d2"": ""bbw"", ""d3"": true, ""d4"": false, ""adx_thr"": 27, ""dd_thr"": -0.3}",2965
R4,BNB,ma90,"{""ma_fast"": 90, ""ma_slow"": 200, ""slope_k"": 10, ""adx_n"": 14, ""atr_n"": 14, ""w_vol"": 252, ""bb_n"": 20, ""bb_mult"": 2.0, ""w_dd"": 100, ""q_lo"": 0.2, ""q_hi"": 0.8, ""s_atr"": 0.7, ""vol_conf"": 0.5, ""f_thr"": 0.1, ""f_hours"": 168, ""d1"": ""b"", ""d2"": ""bbw"", ""d3"": true, ""d4"": false, ""adx_thr"": 25, ""dd_thr"": -0.3}",2965
R4,BNB,ma110,"{""ma_fast"": 110, ""ma_slow"": 200, ""slope_k"": 10, ""adx_n"": 14, ""atr_n"": 14, ""w_vol"": 252, ""bb_n"": 20, ""bb_mult"": 2.0, ""w_dd"": 100, ""q_lo"": 0.2, ""q_hi"": 0.8, ""s_atr"": 0.7, ""vol_conf"": 0.5, ""f_thr"": 0.1, ""f_hours"": 168, ""d1"": ""b"", ""d2"": ""bbw"", ""d3"": true, ""d4"": false, ""adx_thr"": 25, ""dd_thr"": -0.3}",2965
R4,BNB,band-0.05,"{""ma_fast"": 100, ""ma_slow"": 200, ""slope_k"": 10, ""adx_n"": 14, ""atr_n"": 14, ""w_vol"": 252, ""bb_n"": 20, ""bb_mult"": 2.0, ""w_dd"": 100, ""q_lo"": 0.15, ""q_hi"": 0.85, ""s_atr"": 0.7, ""vol_conf"": 0.5, ""f_thr"": 0.1, ""f_hours"": 168, ""d1"": ""b"", ""d2"": ""bbw"", ""d3"": true, ""d4"": false, ""adx_thr"": 25, ""dd_thr"": -0.3}",2965
R4,BNB,band+0.05,"{""ma_fast"": 100, ""ma_slow"": 200, ""slope_k"": 10, ""adx_n"": 14, ""atr_n"": 14, ""w_vol"": 252, ""bb_n"": 20, ""bb_mult"": 2.0, ""w_dd"": 100, ""q_lo"": 0.25, ""q_hi"": 0.75, ""s_atr"": 0.7, ""vol_conf"": 0.5, ""f_thr"": 0.1, ""f_hours"": 168, ""d1"": ""b"", ""d2"": ""bbw"", ""d3"": true, ""d4"": false, ""adx_thr"": 25, ""dd_thr"": -0.3}",2965
R4,BNB,wvol189,"{""ma_fast"": 100, ""ma_slow"": 200, ""slope_k"": 10, ""adx_n"": 14, ""atr_n"": 14, ""w_vol"": 189, ""bb_n"": 20, ""bb_mult"": 2.0, ""w_dd"": 100, ""q_lo"": 0.2, ""q_hi"": 0.8, ""s_atr"": 0.7, ""vol_conf"": 0.5, ""f_thr"": 0.1, ""f_hours"": 168, ""d1"": ""b"", ""d2"": ""bbw"", ""d3"": true, ""d4"": false, ""adx_thr"": 25, ""dd_thr"": -0.3}",3028
R4,BNB,wvol315,"{""ma_fast"": 100, ""ma_slow"": 200, ""slope_k"": 10, ""adx_n"": 14, ""atr_n"": 14, ""w_vol"": 315, ""bb_n"": 20, ""bb_mult"": 2.0, ""w_dd"": 100, ""q_lo"": 0.2, ""q_hi"": 0.8, ""s_atr"": 0.7, ""vol_conf"": 0.5, ""f_thr"": 0.1, ""f_hours"": 168, ""d1"": ""b"", ""d2"": ""bbw"", ""d3"": true, ""d4"": false, ""adx_thr"": 25, ""dd_thr"": -0.3}",2902
R4,BNB,dd-0.05,"{""ma_fast"": 100, ""ma_slow"": 200, ""slope_k"": 10, ""adx_n"": 14, ""atr_n"": 14, ""w_vol"": 252, ""bb_n"": 20, ""bb_mult"": 2.0, ""w_dd"": 100, ""q_lo"": 0.2, ""q_hi"": 0.8, ""s_atr"": 0.7, ""vol_conf"": 0.5, ""f_thr"": 0.1, ""f_hours"": 168, ""d1"": ""b"", ""d2"": ""bbw"", ""d3"": true, ""d4"": false, ""adx_thr"": 25, ""dd_thr"": -0.35}",2965
R4,BNB,dd+0.05,"{""ma_fast"": 100, ""ma_slow"": 200, ""slope_k"": 10, ""adx_n"": 14, ""atr_n"": 14, ""w_vol"": 252, ""bb_n"": 20, ""bb_mult"": 2.0, ""w_dd"": 100, ""q_lo"": 0.2, ""q_hi"": 0.8, ""s_atr"": 0.7, ""vol_conf"": 0.5, ""f_thr"": 0.1, ""f_hours"": 168, ""d1"": ""b"", ""d2"": ""bbw"", ""d3"": true, ""d4"": false, ""adx_thr"": 25, ""dd_thr"": -0.25}",2965
R4,LTC,base,"{""ma_fast"": 100, ""ma_slow"": 200, ""slope_k"": 10, ""adx_n"": 14, ""atr_n"": 14, ""w_vol"": 252, ""bb_n"": 20, ""bb_mult"": 2.0, ""w_dd"": 100, ""q_lo"": 0.2, ""q_hi"": 0.8, ""s_atr"": 0.7, ""vol_conf"": 0.5, ""f_thr"": 0.1, ""f_hours"": 168, ""d1"": ""b"", ""d2"": ""bbw"", ""d3"": true, ""d4"": false, ""adx_thr"": 25, ""dd_thr"": -0.3}",2928
R4,LTC,adx-2,"{""ma_fast"": 100, ""ma_slow"": 200, ""slope_k"": 10, ""adx_n"": 14, ""atr_n"": 14, ""w_vol"": 252, ""bb_n"": 20, ""bb_mult"": 2.0, ""w_dd"": 100, ""q_lo"": 0.2, ""q_hi"": 0.8, ""s_atr"": 0.7, ""vol_conf"": 0.5, ""f_thr"": 0.1, ""f_hours"": 168, ""d1"": ""b"", ""d2"": ""bbw"", ""d3"": true, ""d4"": false, ""adx_thr"": 23, ""dd_thr"": -0.3}",2928
R4,LTC,adx+2,"{""ma_fast"": 100, ""ma_slow"": 200, ""slope_k"": 10, ""adx_n"": 14, ""atr_n"": 14, ""w_vol"": 252, ""bb_n"": 20, ""bb_mult"": 2.0, ""w_dd"": 100, ""q_lo"": 0.2, ""q_hi"": 0.8, ""s_atr"": 0.7, ""vol_conf"": 0.5, ""f_thr"": 0.1, ""f_hours"": 168, ""d1"": ""b"", ""d2"": ""bbw"", ""d3"": true, ""d4"": false, ""adx_thr"": 27, ""dd_thr"": -0.3}",2928
R4,LTC,ma90,"{""ma_fast"": 90, ""ma_slow"": 200, ""slope_k"": 10, ""adx_n"": 14, ""atr_n"": 14, ""w_vol"": 252, ""bb_n"": 20, ""bb_mult"": 2.0, ""w_dd"": 100, ""q_lo"": 0.2, ""q_hi"": 0.8, ""s_atr"": 0.7, ""vol_conf"": 0.5, ""f_thr"": 0.1, ""f_hours"": 168, ""d1"": ""b"", ""d2"": ""bbw"", ""d3"": true, ""d4"": false, ""adx_thr"": 25, ""dd_thr"": -0.3}",2928
R4,LTC,ma110,"{""ma_fast"": 110, ""ma_slow"": 200, ""slope_k"": 10, ""adx_n"": 14, ""atr_n"": 14, ""w_vol"": 252, ""bb_n"": 20, ""bb_mult"": 2.0, ""w_dd"": 100, ""q_lo"": 0.2, ""q_hi"": 0.8, ""s_atr"": 0.7, ""vol_conf"": 0.5, ""f_thr"": 0.1, ""f_hours"": 168, ""d1"": ""b"", ""d2"": ""bbw"", ""d3"": true, ""d4"": false, ""adx_thr"": 25, ""dd_thr"": -0.3}",2928
R4,LTC,band-0.05,"{""ma_fast"": 100, ""ma_slow"": 200, ""slope_k"": 10, ""adx_n"": 14, ""atr_n"": 14, ""w_vol"": 252, ""bb_n"": 20, ""bb_mult"": 2.0, ""w_dd"": 100, ""q_lo"": 0.15, ""q_hi"": 0.85, ""s_atr"": 0.7, ""vol_conf"": 0.5, ""f_thr"": 0.1, ""f_hours"": 168, ""d1"": ""b"", ""d2"": ""bbw"", ""d3"": true, ""d4"": false, ""adx_thr"": 25, ""dd_thr"": -0.3}",2928
R4,LTC,band+0.05,"{""ma_fast"": 100, ""ma_slow"": 200, ""slope_k"": 10, ""adx_n"": 14, ""atr_n"": 14, ""w_vol"": 252, ""bb_n"": 20, ""bb_mult"": 2.0, ""w_dd"": 100, ""q_lo"": 0.25, ""q_hi"": 0.75, ""s_atr"": 0.7, ""vol_conf"": 0.5, ""f_thr"": 0.1, ""f_hours"": 168, ""d1"": ""b"", ""d2"": ""bbw"", ""d3"": true, ""d4"": false, ""adx_thr"": 25, ""dd_thr"": -0.3}",2928
R4,LTC,wvol189,"{""ma_fast"": 100, ""ma_slow"": 200, ""slope_k"": 10, ""adx_n"": 14, ""atr_n"": 14, ""w_vol"": 189, ""bb_n"": 20, ""bb_mult"": 2.0, ""w_dd"": 100, ""q_lo"": 0.2, ""q_hi"": 0.8, ""s_atr"": 0.7, ""vol_conf"": 0.5, ""f_thr"": 0.1, ""f_hours"": 168, ""d1"": ""b"", ""d2"": ""bbw"", ""d3"": true, ""d4"": false, ""adx_thr"": 25, ""dd_thr"": -0.3}",2991
R4,LTC,wvol315,"{""ma_fast"": 100, ""ma_slow"": 200, ""slope_k"": 10, ""adx_n"": 14, ""atr_n"": 14, ""w_vol"": 315, ""bb_n"": 20, ""bb_mult"": 2.0, ""w_dd"": 100, ""q_lo"": 0.2, ""q_hi"": 0.8, ""s_atr"": 0.7, ""vol_conf"": 0.5, ""f_thr"": 0.1, ""f_hours"": 168, ""d1"": ""b"", ""d2"": ""bbw"", ""d3"": true, ""d4"": false, ""adx_thr"": 25, ""dd_thr"": -0.3}",2865
R4,LTC,dd-0.05,"{""ma_fast"": 100, ""ma_slow"": 200, ""slope_k"": 10, ""adx_n"": 14, ""atr_n"": 14, ""w_vol"": 252, ""bb_n"": 20, ""bb_mult"": 2.0, ""w_dd"": 100, ""q_lo"": 0.2, ""q_hi"": 0.8, ""s_atr"": 0.7, ""vol_conf"": 0.5, ""f_thr"": 0.1, ""f_hours"": 168, ""d1"": ""b"", ""d2"": ""bbw"", ""d3"": true, ""d4"": false, ""adx_thr"": 25, ""dd_thr"": -0.35}",2928
R4,LTC,dd+0.05,"{""ma_fast"": 100, ""ma_slow"": 200, ""slope_k"": 10, ""adx_n"": 14, ""atr_n"": 14, ""w_vol"": 252, ""bb_n"": 20, ""bb_mult"": 2.0, ""w_dd"": 100, ""q_lo"": 0.2, ""q_hi"": 0.8, ""s_atr"": 0.7, ""vol_conf"": 0.5, ""f_thr"": 0.1, ""f_hours"": 168, ""d1"": ""b"", ""d2"": ""bbw"", ""d3"": true, ""d4"": false, ""adx_thr"": 25, ""dd_thr"": -0.25}",2928
R5,BTC,base,"{""ma_fast"": 100, ""ma_slow"": 200, ""slope_k"": 10, ""adx_n"": 14, ""atr_n"": 14, ""w_vol"": 252, ""bb_n"": 20, ""bb_mult"": 2.0, ""w_dd"": 100, ""q_lo"": 0.2, ""q_hi"": 0.8, ""s_atr"": 0.7, ""vol_conf"": 0.5, ""f_thr"": 0.1, ""f_hours"": 168, ""d1"": ""b"", ""d2"": ""atr"", ""d3"": true, ""d4"": false, ""adx_thr"": 15, ""dd_thr"": -0.2}",3051
R5,BTC,adx-2,"{""ma_fast"": 100, ""ma_slow"": 200, ""slope_k"": 10, ""adx_n"": 14, ""atr_n"": 14, ""w_vol"": 252, ""bb_n"": 20, ""bb_mult"": 2.0, ""w_dd"": 100, ""q_lo"": 0.2, ""q_hi"": 0.8, ""s_atr"": 0.7, ""vol_conf"": 0.5, ""f_thr"": 0.1, ""f_hours"": 168, ""d1"": ""b"", ""d2"": ""atr"", ""d3"": true, ""d4"": false, ""adx_thr"": 13, ""dd_thr"": -0.2}",3051
R5,BTC,adx+2,"{""ma_fast"": 100, ""ma_slow"": 200, ""slope_k"": 10, ""adx_n"": 14, ""atr_n"": 14, ""w_vol"": 252, ""bb_n"": 20, ""bb_mult"": 2.0, ""w_dd"": 100, ""q_lo"": 0.2, ""q_hi"": 0.8, ""s_atr"": 0.7, ""vol_conf"": 0.5, ""f_thr"": 0.1, ""f_hours"": 168, ""d1"": ""b"", ""d2"": ""atr"", ""d3"": true, ""d4"": false, ""adx_thr"": 17, ""dd_thr"": -0.2}",3051
R5,BTC,ma90,"{""ma_fast"": 90, ""ma_slow"": 200, ""slope_k"": 10, ""adx_n"": 14, ""atr_n"": 14, ""w_vol"": 252, ""bb_n"": 20, ""bb_mult"": 2.0, ""w_dd"": 100, ""q_lo"": 0.2, ""q_hi"": 0.8, ""s_atr"": 0.7, ""vol_conf"": 0.5, ""f_thr"": 0.1, ""f_hours"": 168, ""d1"": ""b"", ""d2"": ""atr"", ""d3"": true, ""d4"": false, ""adx_thr"": 15, ""dd_thr"": -0.2}",3051
R5,BTC,ma110,"{""ma_fast"": 110, ""ma_slow"": 200, ""slope_k"": 10, ""adx_n"": 14, ""atr_n"": 14, ""w_vol"": 252, ""bb_n"": 20, ""bb_mult"": 2.0, ""w_dd"": 100, ""q_lo"": 0.2, ""q_hi"": 0.8, ""s_atr"": 0.7, ""vol_conf"": 0.5, ""f_thr"": 0.1, ""f_hours"": 168, ""d1"": ""b"", ""d2"": ""atr"", ""d3"": true, ""d4"": false, ""adx_thr"": 15, ""dd_thr"": -0.2}",3051
R5,BTC,band-0.05,"{""ma_fast"": 100, ""ma_slow"": 200, ""slope_k"": 10, ""adx_n"": 14, ""atr_n"": 14, ""w_vol"": 252, ""bb_n"": 20, ""bb_mult"": 2.0, ""w_dd"": 100, ""q_lo"": 0.15, ""q_hi"": 0.85, ""s_atr"": 0.7, ""vol_conf"": 0.5, ""f_thr"": 0.1, ""f_hours"": 168, ""d1"": ""b"", ""d2"": ""atr"", ""d3"": true, ""d4"": false, ""adx_thr"": 15, ""dd_thr"": -0.2}",3051
R5,BTC,band+0.05,"{""ma_fast"": 100, ""ma_slow"": 200, ""slope_k"": 10, ""adx_n"": 14, ""atr_n"": 14, ""w_vol"": 252, ""bb_n"": 20, ""bb_mult"": 2.0, ""w_dd"": 100, ""q_lo"": 0.25, ""q_hi"": 0.75, ""s_atr"": 0.7, ""vol_conf"": 0.5, ""f_thr"": 0.1, ""f_hours"": 168, ""d1"": ""b"", ""d2"": ""atr"", ""d3"": true, ""d4"": false, ""adx_thr"": 15, ""dd_thr"": -0.2}",3051
R5,BTC,wvol189,"{""ma_fast"": 100, ""ma_slow"": 200, ""slope_k"": 10, ""adx_n"": 14, ""atr_n"": 14, ""w_vol"": 189, ""bb_n"": 20, ""bb_mult"": 2.0, ""w_dd"": 100, ""q_lo"": 0.2, ""q_hi"": 0.8, ""s_atr"": 0.7, ""vol_conf"": 0.5, ""f_thr"": 0.1, ""f_hours"": 168, ""d1"": ""b"", ""d2"": ""atr"", ""d3"": true, ""d4"": false, ""adx_thr"": 15, ""dd_thr"": -0.2}",3114
R5,BTC,wvol315,"{""ma_fast"": 100, ""ma_slow"": 200, ""slope_k"": 10, ""adx_n"": 14, ""atr_n"": 14, ""w_vol"": 315, ""bb_n"": 20, ""bb_mult"": 2.0, ""w_dd"": 100, ""q_lo"": 0.2, ""q_hi"": 0.8, ""s_atr"": 0.7, ""vol_conf"": 0.5, ""f_thr"": 0.1, ""f_hours"": 168, ""d1"": ""b"", ""d2"": ""atr"", ""d3"": true, ""d4"": false, ""adx_thr"": 15, ""dd_thr"": -0.2}",2988
R5,BTC,dd-0.05,"{""ma_fast"": 100, ""ma_slow"": 200, ""slope_k"": 10, ""adx_n"": 14, ""atr_n"": 14, ""w_vol"": 252, ""bb_n"": 20, ""bb_mult"": 2.0, ""w_dd"": 100, ""q_lo"": 0.2, ""q_hi"": 0.8, ""s_atr"": 0.7, ""vol_conf"": 0.5, ""f_thr"": 0.1, ""f_hours"": 168, ""d1"": ""b"", ""d2"": ""atr"", ""d3"": true, ""d4"": false, ""adx_thr"": 15, ""dd_thr"": -0.25}",3051
R5,BTC,dd+0.05,"{""ma_fast"": 100, ""ma_slow"": 200, ""slope_k"": 10, ""adx_n"": 14, ""atr_n"": 14, ""w_vol"": 252, ""bb_n"": 20, ""bb_mult"": 2.0, ""w_dd"": 100, ""q_lo"": 0.2, ""q_hi"": 0.8, ""s_atr"": 0.7, ""vol_conf"": 0.5, ""f_thr"": 0.1, ""f_hours"": 168, ""d1"": ""b"", ""d2"": ""atr"", ""d3"": true, ""d4"": false, ""adx_thr"": 15, ""dd_thr"": -0.15000000000000002}",3051
R5,ETH,base,"{""ma_fast"": 100, ""ma_slow"": 200, ""slope_k"": 10, ""adx_n"": 14, ""atr_n"": 14, ""w_vol"": 252, ""bb_n"": 20, ""bb_mult"": 2.0, ""w_dd"": 100, ""q_lo"": 0.2, ""q_hi"": 0.8, ""s_atr"": 0.7, ""vol_conf"": 0.5, ""f_thr"": 0.1, ""f_hours"": 168, ""d1"": ""b"", ""d2"": ""atr"", ""d3"": true, ""d4"": false, ""adx_thr"": 15, ""dd_thr"": -0.2}",3051
R5,ETH,adx-2,"{""ma_fast"": 100, ""ma_slow"": 200, ""slope_k"": 10, ""adx_n"": 14, ""atr_n"": 14, ""w_vol"": 252, ""bb_n"": 20, ""bb_mult"": 2.0, ""w_dd"": 100, ""q_lo"": 0.2, ""q_hi"": 0.8, ""s_atr"": 0.7, ""vol_conf"": 0.5, ""f_thr"": 0.1, ""f_hours"": 168, ""d1"": ""b"", ""d2"": ""atr"", ""d3"": true, ""d4"": false, ""adx_thr"": 13, ""dd_thr"": -0.2}",3051
R5,ETH,adx+2,"{""ma_fast"": 100, ""ma_slow"": 200, ""slope_k"": 10, ""adx_n"": 14, ""atr_n"": 14, ""w_vol"": 252, ""bb_n"": 20, ""bb_mult"": 2.0, ""w_dd"": 100, ""q_lo"": 0.2, ""q_hi"": 0.8, ""s_atr"": 0.7, ""vol_conf"": 0.5, ""f_thr"": 0.1, ""f_hours"": 168, ""d1"": ""b"", ""d2"": ""atr"", ""d3"": true, ""d4"": false, ""adx_thr"": 17, ""dd_thr"": -0.2}",3051
R5,ETH,ma90,"{""ma_fast"": 90, ""ma_slow"": 200, ""slope_k"": 10, ""adx_n"": 14, ""atr_n"": 14, ""w_vol"": 252, ""bb_n"": 20, ""bb_mult"": 2.0, ""w_dd"": 100, ""q_lo"": 0.2, ""q_hi"": 0.8, ""s_atr"": 0.7, ""vol_conf"": 0.5, ""f_thr"": 0.1, ""f_hours"": 168, ""d1"": ""b"", ""d2"": ""atr"", ""d3"": true, ""d4"": false, ""adx_thr"": 15, ""dd_thr"": -0.2}",3051
R5,ETH,ma110,"{""ma_fast"": 110, ""ma_slow"": 200, ""slope_k"": 10, ""adx_n"": 14, ""atr_n"": 14, ""w_vol"": 252, ""bb_n"": 20, ""bb_mult"": 2.0, ""w_dd"": 100, ""q_lo"": 0.2, ""q_hi"": 0.8, ""s_atr"": 0.7, ""vol_conf"": 0.5, ""f_thr"": 0.1, ""f_hours"": 168, ""d1"": ""b"", ""d2"": ""atr"", ""d3"": true, ""d4"": false, ""adx_thr"": 15, ""dd_thr"": -0.2}",3051
R5,ETH,band-0.05,"{""ma_fast"": 100, ""ma_slow"": 200, ""slope_k"": 10, ""adx_n"": 14, ""atr_n"": 14, ""w_vol"": 252, ""bb_n"": 20, ""bb_mult"": 2.0, ""w_dd"": 100, ""q_lo"": 0.15, ""q_hi"": 0.85, ""s_atr"": 0.7, ""vol_conf"": 0.5, ""f_thr"": 0.1, ""f_hours"": 168, ""d1"": ""b"", ""d2"": ""atr"", ""d3"": true, ""d4"": false, ""adx_thr"": 15, ""dd_thr"": -0.2}",3051
R5,ETH,band+0.05,"{""ma_fast"": 100, ""ma_slow"": 200, ""slope_k"": 10, ""adx_n"": 14, ""atr_n"": 14, ""w_vol"": 252, ""bb_n"": 20, ""bb_mult"": 2.0, ""w_dd"": 100, ""q_lo"": 0.25, ""q_hi"": 0.75, ""s_atr"": 0.7, ""vol_conf"": 0.5, ""f_thr"": 0.1, ""f_hours"": 168, ""d1"": ""b"", ""d2"": ""atr"", ""d3"": true, ""d4"": false, ""adx_thr"": 15, ""dd_thr"": -0.2}",3051
R5,ETH,wvol189,"{""ma_fast"": 100, ""ma_slow"": 200, ""slope_k"": 10, ""adx_n"": 14, ""atr_n"": 14, ""w_vol"": 189, ""bb_n"": 20, ""bb_mult"": 2.0, ""w_dd"": 100, ""q_lo"": 0.2, ""q_hi"": 0.8, ""s_atr"": 0.7, ""vol_conf"": 0.5, ""f_thr"": 0.1, ""f_hours"": 168, ""d1"": ""b"", ""d2"": ""atr"", ""d3"": true, ""d4"": false, ""adx_thr"": 15, ""dd_thr"": -0.2}",3114
R5,ETH,wvol315,"{""ma_fast"": 100, ""ma_slow"": 200, ""slope_k"": 10, ""adx_n"": 14, ""atr_n"": 14, ""w_vol"": 315, ""bb_n"": 20, ""bb_mult"": 2.0, ""w_dd"": 100, ""q_lo"": 0.2, ""q_hi"": 0.8, ""s_atr"": 0.7, ""vol_conf"": 0.5, ""f_thr"": 0.1, ""f_hours"": 168, ""d1"": ""b"", ""d2"": ""atr"", ""d3"": true, ""d4"": false, ""adx_thr"": 15, ""dd_thr"": -0.2}",2988
R5,ETH,dd-0.05,"{""ma_fast"": 100, ""ma_slow"": 200, ""slope_k"": 10, ""adx_n"": 14, ""atr_n"": 14, ""w_vol"": 252, ""bb_n"": 20, ""bb_mult"": 2.0, ""w_dd"": 100, ""q_lo"": 0.2, ""q_hi"": 0.8, ""s_atr"": 0.7, ""vol_conf"": 0.5, ""f_thr"": 0.1, ""f_hours"": 168, ""d1"": ""b"", ""d2"": ""atr"", ""d3"": true, ""d4"": false, ""adx_thr"": 15, ""dd_thr"": -0.25}",3051
R5,ETH,dd+0.05,"{""ma_fast"": 100, ""ma_slow"": 200, ""slope_k"": 10, ""adx_n"": 14, ""atr_n"": 14, ""w_vol"": 252, ""bb_n"": 20, ""bb_mult"": 2.0, ""w_dd"": 100, ""q_lo"": 0.2, ""q_hi"": 0.8, ""s_atr"": 0.7, ""vol_conf"": 0.5, ""f_thr"": 0.1, ""f_hours"": 168, ""d1"": ""b"", ""d2"": ""atr"", ""d3"": true, ""d4"": false, ""adx_thr"": 15, ""dd_thr"": -0.15000000000000002}",3051
R5,SOL,base,"{""ma_fast"": 100, ""ma_slow"": 200, ""slope_k"": 10, ""adx_n"": 14, ""atr_n"": 14, ""w_vol"": 252, ""bb_n"": 20, ""bb_mult"": 2.0, ""w_dd"": 100, ""q_lo"": 0.2, ""q_hi"": 0.8, ""s_atr"": 0.7, ""vol_conf"": 0.5, ""f_thr"": 0.1, ""f_hours"": 168, ""d1"": ""b"", ""d2"": ""atr"", ""d3"": true, ""d4"": false, ""adx_thr"": 15, ""dd_thr"": -0.2}",1961
R5,SOL,adx-2,"{""ma_fast"": 100, ""ma_slow"": 200, ""slope_k"": 10, ""adx_n"": 14, ""atr_n"": 14, ""w_vol"": 252, ""bb_n"": 20, ""bb_mult"": 2.0, ""w_dd"": 100, ""q_lo"": 0.2, ""q_hi"": 0.8, ""s_atr"": 0.7, ""vol_conf"": 0.5, ""f_thr"": 0.1, ""f_hours"": 168, ""d1"": ""b"", ""d2"": ""atr"", ""d3"": true, ""d4"": false, ""adx_thr"": 13, ""dd_thr"": -0.2}",1961
R5,SOL,adx+2,"{""ma_fast"": 100, ""ma_slow"": 200, ""slope_k"": 10, ""adx_n"": 14, ""atr_n"": 14, ""w_vol"": 252, ""bb_n"": 20, ""bb_mult"": 2.0, ""w_dd"": 100, ""q_lo"": 0.2, ""q_hi"": 0.8, ""s_atr"": 0.7, ""vol_conf"": 0.5, ""f_thr"": 0.1, ""f_hours"": 168, ""d1"": ""b"", ""d2"": ""atr"", ""d3"": true, ""d4"": false, ""adx_thr"": 17, ""dd_thr"": -0.2}",1961
R5,SOL,ma90,"{""ma_fast"": 90, ""ma_slow"": 200, ""slope_k"": 10, ""adx_n"": 14, ""atr_n"": 14, ""w_vol"": 252, ""bb_n"": 20, ""bb_mult"": 2.0, ""w_dd"": 100, ""q_lo"": 0.2, ""q_hi"": 0.8, ""s_atr"": 0.7, ""vol_conf"": 0.5, ""f_thr"": 0.1, ""f_hours"": 168, ""d1"": ""b"", ""d2"": ""atr"", ""d3"": true, ""d4"": false, ""adx_thr"": 15, ""dd_thr"": -0.2}",1961
R5,SOL,ma110,"{""ma_fast"": 110, ""ma_slow"": 200, ""slope_k"": 10, ""adx_n"": 14, ""atr_n"": 14, ""w_vol"": 252, ""bb_n"": 20, ""bb_mult"": 2.0, ""w_dd"": 100, ""q_lo"": 0.2, ""q_hi"": 0.8, ""s_atr"": 0.7, ""vol_conf"": 0.5, ""f_thr"": 0.1, ""f_hours"": 168, ""d1"": ""b"", ""d2"": ""atr"", ""d3"": true, ""d4"": false, ""adx_thr"": 15, ""dd_thr"": -0.2}",1961
R5,SOL,band-0.05,"{""ma_fast"": 100, ""ma_slow"": 200, ""slope_k"": 10, ""adx_n"": 14, ""atr_n"": 14, ""w_vol"": 252, ""bb_n"": 20, ""bb_mult"": 2.0, ""w_dd"": 100, ""q_lo"": 0.15, ""q_hi"": 0.85, ""s_atr"": 0.7, ""vol_conf"": 0.5, ""f_thr"": 0.1, ""f_hours"": 168, ""d1"": ""b"", ""d2"": ""atr"", ""d3"": true, ""d4"": false, ""adx_thr"": 15, ""dd_thr"": -0.2}",1961
R5,SOL,band+0.05,"{""ma_fast"": 100, ""ma_slow"": 200, ""slope_k"": 10, ""adx_n"": 14, ""atr_n"": 14, ""w_vol"": 252, ""bb_n"": 20, ""bb_mult"": 2.0, ""w_dd"": 100, ""q_lo"": 0.25, ""q_hi"": 0.75, ""s_atr"": 0.7, ""vol_conf"": 0.5, ""f_thr"": 0.1, ""f_hours"": 168, ""d1"": ""b"", ""d2"": ""atr"", ""d3"": true, ""d4"": false, ""adx_thr"": 15, ""dd_thr"": -0.2}",1961
R5,SOL,wvol189,"{""ma_fast"": 100, ""ma_slow"": 200, ""slope_k"": 10, ""adx_n"": 14, ""atr_n"": 14, ""w_vol"": 189, ""bb_n"": 20, ""bb_mult"": 2.0, ""w_dd"": 100, ""q_lo"": 0.2, ""q_hi"": 0.8, ""s_atr"": 0.7, ""vol_conf"": 0.5, ""f_thr"": 0.1, ""f_hours"": 168, ""d1"": ""b"", ""d2"": ""atr"", ""d3"": true, ""d4"": false, ""adx_thr"": 15, ""dd_thr"": -0.2}",2024
R5,SOL,wvol315,"{""ma_fast"": 100, ""ma_slow"": 200, ""slope_k"": 10, ""adx_n"": 14, ""atr_n"": 14, ""w_vol"": 315, ""bb_n"": 20, ""bb_mult"": 2.0, ""w_dd"": 100, ""q_lo"": 0.2, ""q_hi"": 0.8, ""s_atr"": 0.7, ""vol_conf"": 0.5, ""f_thr"": 0.1, ""f_hours"": 168, ""d1"": ""b"", ""d2"": ""atr"", ""d3"": true, ""d4"": false, ""adx_thr"": 15, ""dd_thr"": -0.2}",1898
R5,SOL,dd-0.05,"{""ma_fast"": 100, ""ma_slow"": 200, ""slope_k"": 10, ""adx_n"": 14, ""atr_n"": 14, ""w_vol"": 252, ""bb_n"": 20, ""bb_mult"": 2.0, ""w_dd"": 100, ""q_lo"": 0.2, ""q_hi"": 0.8, ""s_atr"": 0.7, ""vol_conf"": 0.5, ""f_thr"": 0.1, ""f_hours"": 168, ""d1"": ""b"", ""d2"": ""atr"", ""d3"": true, ""d4"": false, ""adx_thr"": 15, ""dd_thr"": -0.25}",1961
R5,SOL,dd+0.05,"{""ma_fast"": 100, ""ma_slow"": 200, ""slope_k"": 10, ""adx_n"": 14, ""atr_n"": 14, ""w_vol"": 252, ""bb_n"": 20, ""bb_mult"": 2.0, ""w_dd"": 100, ""q_lo"": 0.2, ""q_hi"": 0.8, ""s_atr"": 0.7, ""vol_conf"": 0.5, ""f_thr"": 0.1, ""f_hours"": 168, ""d1"": ""b"", ""d2"": ""atr"", ""d3"": true, ""d4"": false, ""adx_thr"": 15, ""dd_thr"": -0.15000000000000002}",1961
R5,XRP,base,"{""ma_fast"": 100, ""ma_slow"": 200, ""slope_k"": 10, ""adx_n"": 14, ""atr_n"": 14, ""w_vol"": 252, ""bb_n"": 20, ""bb_mult"": 2.0, ""w_dd"": 100, ""q_lo"": 0.2, ""q_hi"": 0.8, ""s_atr"": 0.7, ""vol_conf"": 0.5, ""f_thr"": 0.1, ""f_hours"": 168, ""d1"": ""b"", ""d2"": ""atr"", ""d3"": true, ""d4"": false, ""adx_thr"": 15, ""dd_thr"": -0.2}",2791
R5,XRP,adx-2,"{""ma_fast"": 100, ""ma_slow"": 200, ""slope_k"": 10, ""adx_n"": 14, ""atr_n"": 14, ""w_vol"": 252, ""bb_n"": 20, ""bb_mult"": 2.0, ""w_dd"": 100, ""q_lo"": 0.2, ""q_hi"": 0.8, ""s_atr"": 0.7, ""vol_conf"": 0.5, ""f_thr"": 0.1, ""f_hours"": 168, ""d1"": ""b"", ""d2"": ""atr"", ""d3"": true, ""d4"": false, ""adx_thr"": 13, ""dd_thr"": -0.2}",2791
R5,XRP,adx+2,"{""ma_fast"": 100, ""ma_slow"": 200, ""slope_k"": 10, ""adx_n"": 14, ""atr_n"": 14, ""w_vol"": 252, ""bb_n"": 20, ""bb_mult"": 2.0, ""w_dd"": 100, ""q_lo"": 0.2, ""q_hi"": 0.8, ""s_atr"": 0.7, ""vol_conf"": 0.5, ""f_thr"": 0.1, ""f_hours"": 168, ""d1"": ""b"", ""d2"": ""atr"", ""d3"": true, ""d4"": false, ""adx_thr"": 17, ""dd_thr"": -0.2}",2791
R5,XRP,ma90,"{""ma_fast"": 90, ""ma_slow"": 200, ""slope_k"": 10, ""adx_n"": 14, ""atr_n"": 14, ""w_vol"": 252, ""bb_n"": 20, ""bb_mult"": 2.0, ""w_dd"": 100, ""q_lo"": 0.2, ""q_hi"": 0.8, ""s_atr"": 0.7, ""vol_conf"": 0.5, ""f_thr"": 0.1, ""f_hours"": 168, ""d1"": ""b"", ""d2"": ""atr"", ""d3"": true, ""d4"": false, ""adx_thr"": 15, ""dd_thr"": -0.2}",2791
R5,XRP,ma110,"{""ma_fast"": 110, ""ma_slow"": 200, ""slope_k"": 10, ""adx_n"": 14, ""atr_n"": 14, ""w_vol"": 252, ""bb_n"": 20, ""bb_mult"": 2.0, ""w_dd"": 100, ""q_lo"": 0.2, ""q_hi"": 0.8, ""s_atr"": 0.7, ""vol_conf"": 0.5, ""f_thr"": 0.1, ""f_hours"": 168, ""d1"": ""b"", ""d2"": ""atr"", ""d3"": true, ""d4"": false, ""adx_thr"": 15, ""dd_thr"": -0.2}",2791
R5,XRP,band-0.05,"{""ma_fast"": 100, ""ma_slow"": 200, ""slope_k"": 10, ""adx_n"": 14, ""atr_n"": 14, ""w_vol"": 252, ""bb_n"": 20, ""bb_mult"": 2.0, ""w_dd"": 100, ""q_lo"": 0.15, ""q_hi"": 0.85, ""s_atr"": 0.7, ""vol_conf"": 0.5, ""f_thr"": 0.1, ""f_hours"": 168, ""d1"": ""b"", ""d2"": ""atr"", ""d3"": true, ""d4"": false, ""adx_thr"": 15, ""dd_thr"": -0.2}",2791
R5,XRP,band+0.05,"{""ma_fast"": 100, ""ma_slow"": 200, ""slope_k"": 10, ""adx_n"": 14, ""atr_n"": 14, ""w_vol"": 252, ""bb_n"": 20, ""bb_mult"": 2.0, ""w_dd"": 100, ""q_lo"": 0.25, ""q_hi"": 0.75, ""s_atr"": 0.7, ""vol_conf"": 0.5, ""f_thr"": 0.1, ""f_hours"": 168, ""d1"": ""b"", ""d2"": ""atr"", ""d3"": true, ""d4"": false, ""adx_thr"": 15, ""dd_thr"": -0.2}",2791
R5,XRP,wvol189,"{""ma_fast"": 100, ""ma_slow"": 200, ""slope_k"": 10, ""adx_n"": 14, ""atr_n"": 14, ""w_vol"": 189, ""bb_n"": 20, ""bb_mult"": 2.0, ""w_dd"": 100, ""q_lo"": 0.2, ""q_hi"": 0.8, ""s_atr"": 0.7, ""vol_conf"": 0.5, ""f_thr"": 0.1, ""f_hours"": 168, ""d1"": ""b"", ""d2"": ""atr"", ""d3"": true, ""d4"": false, ""adx_thr"": 15, ""dd_thr"": -0.2}",2854
R5,XRP,wvol315,"{""ma_fast"": 100, ""ma_slow"": 200, ""slope_k"": 10, ""adx_n"": 14, ""atr_n"": 14, ""w_vol"": 315, ""bb_n"": 20, ""bb_mult"": 2.0, ""w_dd"": 100, ""q_lo"": 0.2, ""q_hi"": 0.8, ""s_atr"": 0.7, ""vol_conf"": 0.5, ""f_thr"": 0.1, ""f_hours"": 168, ""d1"": ""b"", ""d2"": ""atr"", ""d3"": true, ""d4"": false, ""adx_thr"": 15, ""dd_thr"": -0.2}",2728
R5,XRP,dd-0.05,"{""ma_fast"": 100, ""ma_slow"": 200, ""slope_k"": 10, ""adx_n"": 14, ""atr_n"": 14, ""w_vol"": 252, ""bb_n"": 20, ""bb_mult"": 2.0, ""w_dd"": 100, ""q_lo"": 0.2, ""q_hi"": 0.8, ""s_atr"": 0.7, ""vol_conf"": 0.5, ""f_thr"": 0.1, ""f_hours"": 168, ""d1"": ""b"", ""d2"": ""atr"", ""d3"": true, ""d4"": false, ""adx_thr"": 15, ""dd_thr"": -0.25}",2791
R5,XRP,dd+0.05,"{""ma_fast"": 100, ""ma_slow"": 200, ""slope_k"": 10, ""adx_n"": 14, ""atr_n"": 14, ""w_vol"": 252, ""bb_n"": 20, ""bb_mult"": 2.0, ""w_dd"": 100, ""q_lo"": 0.2, ""q_hi"": 0.8, ""s_atr"": 0.7, ""vol_conf"": 0.5, ""f_thr"": 0.1, ""f_hours"": 168, ""d1"": ""b"", ""d2"": ""atr"", ""d3"": true, ""d4"": false, ""adx_thr"": 15, ""dd_thr"": -0.15000000000000002}",2791
R5,ADA,base,"{""ma_fast"": 100, ""ma_slow"": 200, ""slope_k"": 10, ""adx_n"": 14, ""atr_n"": 14, ""w_vol"": 252, ""bb_n"": 20, ""bb_mult"": 2.0, ""w_dd"": 100, ""q_lo"": 0.2, ""q_hi"": 0.8, ""s_atr"": 0.7, ""vol_conf"": 0.5, ""f_thr"": 0.1, ""f_hours"": 168, ""d1"": ""b"", ""d2"": ""atr"", ""d3"": true, ""d4"": false, ""adx_thr"": 15, ""dd_thr"": -0.2}",2808
R5,ADA,adx-2,"{""ma_fast"": 100, ""ma_slow"": 200, ""slope_k"": 10, ""adx_n"": 14, ""atr_n"": 14, ""w_vol"": 252, ""bb_n"": 20, ""bb_mult"": 2.0, ""w_dd"": 100, ""q_lo"": 0.2, ""q_hi"": 0.8, ""s_atr"": 0.7, ""vol_conf"": 0.5, ""f_thr"": 0.1, ""f_hours"": 168, ""d1"": ""b"", ""d2"": ""atr"", ""d3"": true, ""d4"": false, ""adx_thr"": 13, ""dd_thr"": -0.2}",2808
R5,ADA,adx+2,"{""ma_fast"": 100, ""ma_slow"": 200, ""slope_k"": 10, ""adx_n"": 14, ""atr_n"": 14, ""w_vol"": 252, ""bb_n"": 20, ""bb_mult"": 2.0, ""w_dd"": 100, ""q_lo"": 0.2, ""q_hi"": 0.8, ""s_atr"": 0.7, ""vol_conf"": 0.5, ""f_thr"": 0.1, ""f_hours"": 168, ""d1"": ""b"", ""d2"": ""atr"", ""d3"": true, ""d4"": false, ""adx_thr"": 17, ""dd_thr"": -0.2}",2808
R5,ADA,ma90,"{""ma_fast"": 90, ""ma_slow"": 200, ""slope_k"": 10, ""adx_n"": 14, ""atr_n"": 14, ""w_vol"": 252, ""bb_n"": 20, ""bb_mult"": 2.0, ""w_dd"": 100, ""q_lo"": 0.2, ""q_hi"": 0.8, ""s_atr"": 0.7, ""vol_conf"": 0.5, ""f_thr"": 0.1, ""f_hours"": 168, ""d1"": ""b"", ""d2"": ""atr"", ""d3"": true, ""d4"": false, ""adx_thr"": 15, ""dd_thr"": -0.2}",2808
R5,ADA,ma110,"{""ma_fast"": 110, ""ma_slow"": 200, ""slope_k"": 10, ""adx_n"": 14, ""atr_n"": 14, ""w_vol"": 252, ""bb_n"": 20, ""bb_mult"": 2.0, ""w_dd"": 100, ""q_lo"": 0.2, ""q_hi"": 0.8, ""s_atr"": 0.7, ""vol_conf"": 0.5, ""f_thr"": 0.1, ""f_hours"": 168, ""d1"": ""b"", ""d2"": ""atr"", ""d3"": true, ""d4"": false, ""adx_thr"": 15, ""dd_thr"": -0.2}",2808
R5,ADA,band-0.05,"{""ma_fast"": 100, ""ma_slow"": 200, ""slope_k"": 10, ""adx_n"": 14, ""atr_n"": 14, ""w_vol"": 252, ""bb_n"": 20, ""bb_mult"": 2.0, ""w_dd"": 100, ""q_lo"": 0.15, ""q_hi"": 0.85, ""s_atr"": 0.7, ""vol_conf"": 0.5, ""f_thr"": 0.1, ""f_hours"": 168, ""d1"": ""b"", ""d2"": ""atr"", ""d3"": true, ""d4"": false, ""adx_thr"": 15, ""dd_thr"": -0.2}",2808
R5,ADA,band+0.05,"{""ma_fast"": 100, ""ma_slow"": 200, ""slope_k"": 10, ""adx_n"": 14, ""atr_n"": 14, ""w_vol"": 252, ""bb_n"": 20, ""bb_mult"": 2.0, ""w_dd"": 100, ""q_lo"": 0.25, ""q_hi"": 0.75, ""s_atr"": 0.7, ""vol_conf"": 0.5, ""f_thr"": 0.1, ""f_hours"": 168, ""d1"": ""b"", ""d2"": ""atr"", ""d3"": true, ""d4"": false, ""adx_thr"": 15, ""dd_thr"": -0.2}",2808
R5,ADA,wvol189,"{""ma_fast"": 100, ""ma_slow"": 200, ""slope_k"": 10, ""adx_n"": 14, ""atr_n"": 14, ""w_vol"": 189, ""bb_n"": 20, ""bb_mult"": 2.0, ""w_dd"": 100, ""q_lo"": 0.2, ""q_hi"": 0.8, ""s_atr"": 0.7, ""vol_conf"": 0.5, ""f_thr"": 0.1, ""f_hours"": 168, ""d1"": ""b"", ""d2"": ""atr"", ""d3"": true, ""d4"": false, ""adx_thr"": 15, ""dd_thr"": -0.2}",2871
R5,ADA,wvol315,"{""ma_fast"": 100, ""ma_slow"": 200, ""slope_k"": 10, ""adx_n"": 14, ""atr_n"": 14, ""w_vol"": 315, ""bb_n"": 20, ""bb_mult"": 2.0, ""w_dd"": 100, ""q_lo"": 0.2, ""q_hi"": 0.8, ""s_atr"": 0.7, ""vol_conf"": 0.5, ""f_thr"": 0.1, ""f_hours"": 168, ""d1"": ""b"", ""d2"": ""atr"", ""d3"": true, ""d4"": false, ""adx_thr"": 15, ""dd_thr"": -0.2}",2745
R5,ADA,dd-0.05,"{""ma_fast"": 100, ""ma_slow"": 200, ""slope_k"": 10, ""adx_n"": 14, ""atr_n"": 14, ""w_vol"": 252, ""bb_n"": 20, ""bb_mult"": 2.0, ""w_dd"": 100, ""q_lo"": 0.2, ""q_hi"": 0.8, ""s_atr"": 0.7, ""vol_conf"": 0.5, ""f_thr"": 0.1, ""f_hours"": 168, ""d1"": ""b"", ""d2"": ""atr"", ""d3"": true, ""d4"": false, ""adx_thr"": 15, ""dd_thr"": -0.25}",2808
R5,ADA,dd+0.05,"{""ma_fast"": 100, ""ma_slow"": 200, ""slope_k"": 10, ""adx_n"": 14, ""atr_n"": 14, ""w_vol"": 252, ""bb_n"": 20, ""bb_mult"": 2.0, ""w_dd"": 100, ""q_lo"": 0.2, ""q_hi"": 0.8, ""s_atr"": 0.7, ""vol_conf"": 0.5, ""f_thr"": 0.1, ""f_hours"": 168, ""d1"": ""b"", ""d2"": ""atr"", ""d3"": true, ""d4"": false, ""adx_thr"": 15, ""dd_thr"": -0.15000000000000002}",2808
R5,AVAX,base,"{""ma_fast"": 100, ""ma_slow"": 200, ""slope_k"": 10, ""adx_n"": 14, ""atr_n"": 14, ""w_vol"": 252, ""bb_n"": 20, ""bb_mult"": 2.0, ""w_dd"": 100, ""q_lo"": 0.2, ""q_hi"": 0.8, ""s_atr"": 0.7, ""vol_conf"": 0.5, ""f_thr"": 0.1, ""f_hours"": 168, ""d1"": ""b"", ""d2"": ""atr"", ""d3"": true, ""d4"": false, ""adx_thr"": 15, ""dd_thr"": -0.2}",1919
R5,AVAX,adx-2,"{""ma_fast"": 100, ""ma_slow"": 200, ""slope_k"": 10, ""adx_n"": 14, ""atr_n"": 14, ""w_vol"": 252, ""bb_n"": 20, ""bb_mult"": 2.0, ""w_dd"": 100, ""q_lo"": 0.2, ""q_hi"": 0.8, ""s_atr"": 0.7, ""vol_conf"": 0.5, ""f_thr"": 0.1, ""f_hours"": 168, ""d1"": ""b"", ""d2"": ""atr"", ""d3"": true, ""d4"": false, ""adx_thr"": 13, ""dd_thr"": -0.2}",1919
R5,AVAX,adx+2,"{""ma_fast"": 100, ""ma_slow"": 200, ""slope_k"": 10, ""adx_n"": 14, ""atr_n"": 14, ""w_vol"": 252, ""bb_n"": 20, ""bb_mult"": 2.0, ""w_dd"": 100, ""q_lo"": 0.2, ""q_hi"": 0.8, ""s_atr"": 0.7, ""vol_conf"": 0.5, ""f_thr"": 0.1, ""f_hours"": 168, ""d1"": ""b"", ""d2"": ""atr"", ""d3"": true, ""d4"": false, ""adx_thr"": 17, ""dd_thr"": -0.2}",1919
R5,AVAX,ma90,"{""ma_fast"": 90, ""ma_slow"": 200, ""slope_k"": 10, ""adx_n"": 14, ""atr_n"": 14, ""w_vol"": 252, ""bb_n"": 20, ""bb_mult"": 2.0, ""w_dd"": 100, ""q_lo"": 0.2, ""q_hi"": 0.8, ""s_atr"": 0.7, ""vol_conf"": 0.5, ""f_thr"": 0.1, ""f_hours"": 168, ""d1"": ""b"", ""d2"": ""atr"", ""d3"": true, ""d4"": false, ""adx_thr"": 15, ""dd_thr"": -0.2}",1919
R5,AVAX,ma110,"{""ma_fast"": 110, ""ma_slow"": 200, ""slope_k"": 10, ""adx_n"": 14, ""atr_n"": 14, ""w_vol"": 252, ""bb_n"": 20, ""bb_mult"": 2.0, ""w_dd"": 100, ""q_lo"": 0.2, ""q_hi"": 0.8, ""s_atr"": 0.7, ""vol_conf"": 0.5, ""f_thr"": 0.1, ""f_hours"": 168, ""d1"": ""b"", ""d2"": ""atr"", ""d3"": true, ""d4"": false, ""adx_thr"": 15, ""dd_thr"": -0.2}",1919
R5,AVAX,band-0.05,"{""ma_fast"": 100, ""ma_slow"": 200, ""slope_k"": 10, ""adx_n"": 14, ""atr_n"": 14, ""w_vol"": 252, ""bb_n"": 20, ""bb_mult"": 2.0, ""w_dd"": 100, ""q_lo"": 0.15, ""q_hi"": 0.85, ""s_atr"": 0.7, ""vol_conf"": 0.5, ""f_thr"": 0.1, ""f_hours"": 168, ""d1"": ""b"", ""d2"": ""atr"", ""d3"": true, ""d4"": false, ""adx_thr"": 15, ""dd_thr"": -0.2}",1919
R5,AVAX,band+0.05,"{""ma_fast"": 100, ""ma_slow"": 200, ""slope_k"": 10, ""adx_n"": 14, ""atr_n"": 14, ""w_vol"": 252, ""bb_n"": 20, ""bb_mult"": 2.0, ""w_dd"": 100, ""q_lo"": 0.25, ""q_hi"": 0.75, ""s_atr"": 0.7, ""vol_conf"": 0.5, ""f_thr"": 0.1, ""f_hours"": 168, ""d1"": ""b"", ""d2"": ""atr"", ""d3"": true, ""d4"": false, ""adx_thr"": 15, ""dd_thr"": -0.2}",1919
R5,AVAX,wvol189,"{""ma_fast"": 100, ""ma_slow"": 200, ""slope_k"": 10, ""adx_n"": 14, ""atr_n"": 14, ""w_vol"": 189, ""bb_n"": 20, ""bb_mult"": 2.0, ""w_dd"": 100, ""q_lo"": 0.2, ""q_hi"": 0.8, ""s_atr"": 0.7, ""vol_conf"": 0.5, ""f_thr"": 0.1, ""f_hours"": 168, ""d1"": ""b"", ""d2"": ""atr"", ""d3"": true, ""d4"": false, ""adx_thr"": 15, ""dd_thr"": -0.2}",1982
R5,AVAX,wvol315,"{""ma_fast"": 100, ""ma_slow"": 200, ""slope_k"": 10, ""adx_n"": 14, ""atr_n"": 14, ""w_vol"": 315, ""bb_n"": 20, ""bb_mult"": 2.0, ""w_dd"": 100, ""q_lo"": 0.2, ""q_hi"": 0.8, ""s_atr"": 0.7, ""vol_conf"": 0.5, ""f_thr"": 0.1, ""f_hours"": 168, ""d1"": ""b"", ""d2"": ""atr"", ""d3"": true, ""d4"": false, ""adx_thr"": 15, ""dd_thr"": -0.2}",1856
R5,AVAX,dd-0.05,"{""ma_fast"": 100, ""ma_slow"": 200, ""slope_k"": 10, ""adx_n"": 14, ""atr_n"": 14, ""w_vol"": 252, ""bb_n"": 20, ""bb_mult"": 2.0, ""w_dd"": 100, ""q_lo"": 0.2, ""q_hi"": 0.8, ""s_atr"": 0.7, ""vol_conf"": 0.5, ""f_thr"": 0.1, ""f_hours"": 168, ""d1"": ""b"", ""d2"": ""atr"", ""d3"": true, ""d4"": false, ""adx_thr"": 15, ""dd_thr"": -0.25}",1919
R5,AVAX,dd+0.05,"{""ma_fast"": 100, ""ma_slow"": 200, ""slope_k"": 10, ""adx_n"": 14, ""atr_n"": 14, ""w_vol"": 252, ""bb_n"": 20, ""bb_mult"": 2.0, ""w_dd"": 100, ""q_lo"": 0.2, ""q_hi"": 0.8, ""s_atr"": 0.7, ""vol_conf"": 0.5, ""f_thr"": 0.1, ""f_hours"": 168, ""d1"": ""b"", ""d2"": ""atr"", ""d3"": true, ""d4"": false, ""adx_thr"": 15, ""dd_thr"": -0.15000000000000002}",1919
R5,LINK,base,"{""ma_fast"": 100, ""ma_slow"": 200, ""slope_k"": 10, ""adx_n"": 14, ""atr_n"": 14, ""w_vol"": 252, ""bb_n"": 20, ""bb_mult"": 2.0, ""w_dd"": 100, ""q_lo"": 0.2, ""q_hi"": 0.8, ""s_atr"": 0.7, ""vol_conf"": 0.5, ""f_thr"": 0.1, ""f_hours"": 168, ""d1"": ""b"", ""d2"": ""atr"", ""d3"": true, ""d4"": false, ""adx_thr"": 15, ""dd_thr"": -0.2}",2534
R5,LINK,adx-2,"{""ma_fast"": 100, ""ma_slow"": 200, ""slope_k"": 10, ""adx_n"": 14, ""atr_n"": 14, ""w_vol"": 252, ""bb_n"": 20, ""bb_mult"": 2.0, ""w_dd"": 100, ""q_lo"": 0.2, ""q_hi"": 0.8, ""s_atr"": 0.7, ""vol_conf"": 0.5, ""f_thr"": 0.1, ""f_hours"": 168, ""d1"": ""b"", ""d2"": ""atr"", ""d3"": true, ""d4"": false, ""adx_thr"": 13, ""dd_thr"": -0.2}",2534
R5,LINK,adx+2,"{""ma_fast"": 100, ""ma_slow"": 200, ""slope_k"": 10, ""adx_n"": 14, ""atr_n"": 14, ""w_vol"": 252, ""bb_n"": 20, ""bb_mult"": 2.0, ""w_dd"": 100, ""q_lo"": 0.2, ""q_hi"": 0.8, ""s_atr"": 0.7, ""vol_conf"": 0.5, ""f_thr"": 0.1, ""f_hours"": 168, ""d1"": ""b"", ""d2"": ""atr"", ""d3"": true, ""d4"": false, ""adx_thr"": 17, ""dd_thr"": -0.2}",2534
R5,LINK,ma90,"{""ma_fast"": 90, ""ma_slow"": 200, ""slope_k"": 10, ""adx_n"": 14, ""atr_n"": 14, ""w_vol"": 252, ""bb_n"": 20, ""bb_mult"": 2.0, ""w_dd"": 100, ""q_lo"": 0.2, ""q_hi"": 0.8, ""s_atr"": 0.7, ""vol_conf"": 0.5, ""f_thr"": 0.1, ""f_hours"": 168, ""d1"": ""b"", ""d2"": ""atr"", ""d3"": true, ""d4"": false, ""adx_thr"": 15, ""dd_thr"": -0.2}",2534
R5,LINK,ma110,"{""ma_fast"": 110, ""ma_slow"": 200, ""slope_k"": 10, ""adx_n"": 14, ""atr_n"": 14, ""w_vol"": 252, ""bb_n"": 20, ""bb_mult"": 2.0, ""w_dd"": 100, ""q_lo"": 0.2, ""q_hi"": 0.8, ""s_atr"": 0.7, ""vol_conf"": 0.5, ""f_thr"": 0.1, ""f_hours"": 168, ""d1"": ""b"", ""d2"": ""atr"", ""d3"": true, ""d4"": false, ""adx_thr"": 15, ""dd_thr"": -0.2}",2534
R5,LINK,band-0.05,"{""ma_fast"": 100, ""ma_slow"": 200, ""slope_k"": 10, ""adx_n"": 14, ""atr_n"": 14, ""w_vol"": 252, ""bb_n"": 20, ""bb_mult"": 2.0, ""w_dd"": 100, ""q_lo"": 0.15, ""q_hi"": 0.85, ""s_atr"": 0.7, ""vol_conf"": 0.5, ""f_thr"": 0.1, ""f_hours"": 168, ""d1"": ""b"", ""d2"": ""atr"", ""d3"": true, ""d4"": false, ""adx_thr"": 15, ""dd_thr"": -0.2}",2534
R5,LINK,band+0.05,"{""ma_fast"": 100, ""ma_slow"": 200, ""slope_k"": 10, ""adx_n"": 14, ""atr_n"": 14, ""w_vol"": 252, ""bb_n"": 20, ""bb_mult"": 2.0, ""w_dd"": 100, ""q_lo"": 0.25, ""q_hi"": 0.75, ""s_atr"": 0.7, ""vol_conf"": 0.5, ""f_thr"": 0.1, ""f_hours"": 168, ""d1"": ""b"", ""d2"": ""atr"", ""d3"": true, ""d4"": false, ""adx_thr"": 15, ""dd_thr"": -0.2}",2534
R5,LINK,wvol189,"{""ma_fast"": 100, ""ma_slow"": 200, ""slope_k"": 10, ""adx_n"": 14, ""atr_n"": 14, ""w_vol"": 189, ""bb_n"": 20, ""bb_mult"": 2.0, ""w_dd"": 100, ""q_lo"": 0.2, ""q_hi"": 0.8, ""s_atr"": 0.7, ""vol_conf"": 0.5, ""f_thr"": 0.1, ""f_hours"": 168, ""d1"": ""b"", ""d2"": ""atr"", ""d3"": true, ""d4"": false, ""adx_thr"": 15, ""dd_thr"": -0.2}",2597
R5,LINK,wvol315,"{""ma_fast"": 100, ""ma_slow"": 200, ""slope_k"": 10, ""adx_n"": 14, ""atr_n"": 14, ""w_vol"": 315, ""bb_n"": 20, ""bb_mult"": 2.0, ""w_dd"": 100, ""q_lo"": 0.2, ""q_hi"": 0.8, ""s_atr"": 0.7, ""vol_conf"": 0.5, ""f_thr"": 0.1, ""f_hours"": 168, ""d1"": ""b"", ""d2"": ""atr"", ""d3"": true, ""d4"": false, ""adx_thr"": 15, ""dd_thr"": -0.2}",2471
R5,LINK,dd-0.05,"{""ma_fast"": 100, ""ma_slow"": 200, ""slope_k"": 10, ""adx_n"": 14, ""atr_n"": 14, ""w_vol"": 252, ""bb_n"": 20, ""bb_mult"": 2.0, ""w_dd"": 100, ""q_lo"": 0.2, ""q_hi"": 0.8, ""s_atr"": 0.7, ""vol_conf"": 0.5, ""f_thr"": 0.1, ""f_hours"": 168, ""d1"": ""b"", ""d2"": ""atr"", ""d3"": true, ""d4"": false, ""adx_thr"": 15, ""dd_thr"": -0.25}",2534
R5,LINK,dd+0.05,"{""ma_fast"": 100, ""ma_slow"": 200, ""slope_k"": 10, ""adx_n"": 14, ""atr_n"": 14, ""w_vol"": 252, ""bb_n"": 20, ""bb_mult"": 2.0, ""w_dd"": 100, ""q_lo"": 0.2, ""q_hi"": 0.8, ""s_atr"": 0.7, ""vol_conf"": 0.5, ""f_thr"": 0.1, ""f_hours"": 168, ""d1"": ""b"", ""d2"": ""atr"", ""d3"": true, ""d4"": false, ""adx_thr"": 15, ""dd_thr"": -0.15000000000000002}",2534
R5,DOT,base,"{""ma_fast"": 100, ""ma_slow"": 200, ""slope_k"": 10, ""adx_n"": 14, ""atr_n"": 14, ""w_vol"": 252, ""bb_n"": 20, ""bb_mult"": 2.0, ""w_dd"": 100, ""q_lo"": 0.2, ""q_hi"": 0.8, ""s_atr"": 0.7, ""vol_conf"": 0.5, ""f_thr"": 0.1, ""f_hours"": 168, ""d1"": ""b"", ""d2"": ""atr"", ""d3"": true, ""d4"": false, ""adx_thr"": 15, ""dd_thr"": -0.2}",1954
R5,DOT,adx-2,"{""ma_fast"": 100, ""ma_slow"": 200, ""slope_k"": 10, ""adx_n"": 14, ""atr_n"": 14, ""w_vol"": 252, ""bb_n"": 20, ""bb_mult"": 2.0, ""w_dd"": 100, ""q_lo"": 0.2, ""q_hi"": 0.8, ""s_atr"": 0.7, ""vol_conf"": 0.5, ""f_thr"": 0.1, ""f_hours"": 168, ""d1"": ""b"", ""d2"": ""atr"", ""d3"": true, ""d4"": false, ""adx_thr"": 13, ""dd_thr"": -0.2}",1954
R5,DOT,adx+2,"{""ma_fast"": 100, ""ma_slow"": 200, ""slope_k"": 10, ""adx_n"": 14, ""atr_n"": 14, ""w_vol"": 252, ""bb_n"": 20, ""bb_mult"": 2.0, ""w_dd"": 100, ""q_lo"": 0.2, ""q_hi"": 0.8, ""s_atr"": 0.7, ""vol_conf"": 0.5, ""f_thr"": 0.1, ""f_hours"": 168, ""d1"": ""b"", ""d2"": ""atr"", ""d3"": true, ""d4"": false, ""adx_thr"": 17, ""dd_thr"": -0.2}",1954
R5,DOT,ma90,"{""ma_fast"": 90, ""ma_slow"": 200, ""slope_k"": 10, ""adx_n"": 14, ""atr_n"": 14, ""w_vol"": 252, ""bb_n"": 20, ""bb_mult"": 2.0, ""w_dd"": 100, ""q_lo"": 0.2, ""q_hi"": 0.8, ""s_atr"": 0.7, ""vol_conf"": 0.5, ""f_thr"": 0.1, ""f_hours"": 168, ""d1"": ""b"", ""d2"": ""atr"", ""d3"": true, ""d4"": false, ""adx_thr"": 15, ""dd_thr"": -0.2}",1954
R5,DOT,ma110,"{""ma_fast"": 110, ""ma_slow"": 200, ""slope_k"": 10, ""adx_n"": 14, ""atr_n"": 14, ""w_vol"": 252, ""bb_n"": 20, ""bb_mult"": 2.0, ""w_dd"": 100, ""q_lo"": 0.2, ""q_hi"": 0.8, ""s_atr"": 0.7, ""vol_conf"": 0.5, ""f_thr"": 0.1, ""f_hours"": 168, ""d1"": ""b"", ""d2"": ""atr"", ""d3"": true, ""d4"": false, ""adx_thr"": 15, ""dd_thr"": -0.2}",1954
R5,DOT,band-0.05,"{""ma_fast"": 100, ""ma_slow"": 200, ""slope_k"": 10, ""adx_n"": 14, ""atr_n"": 14, ""w_vol"": 252, ""bb_n"": 20, ""bb_mult"": 2.0, ""w_dd"": 100, ""q_lo"": 0.15, ""q_hi"": 0.85, ""s_atr"": 0.7, ""vol_conf"": 0.5, ""f_thr"": 0.1, ""f_hours"": 168, ""d1"": ""b"", ""d2"": ""atr"", ""d3"": true, ""d4"": false, ""adx_thr"": 15, ""dd_thr"": -0.2}",1954
R5,DOT,band+0.05,"{""ma_fast"": 100, ""ma_slow"": 200, ""slope_k"": 10, ""adx_n"": 14, ""atr_n"": 14, ""w_vol"": 252, ""bb_n"": 20, ""bb_mult"": 2.0, ""w_dd"": 100, ""q_lo"": 0.25, ""q_hi"": 0.75, ""s_atr"": 0.7, ""vol_conf"": 0.5, ""f_thr"": 0.1, ""f_hours"": 168, ""d1"": ""b"", ""d2"": ""atr"", ""d3"": true, ""d4"": false, ""adx_thr"": 15, ""dd_thr"": -0.2}",1954
R5,DOT,wvol189,"{""ma_fast"": 100, ""ma_slow"": 200, ""slope_k"": 10, ""adx_n"": 14, ""atr_n"": 14, ""w_vol"": 189, ""bb_n"": 20, ""bb_mult"": 2.0, ""w_dd"": 100, ""q_lo"": 0.2, ""q_hi"": 0.8, ""s_atr"": 0.7, ""vol_conf"": 0.5, ""f_thr"": 0.1, ""f_hours"": 168, ""d1"": ""b"", ""d2"": ""atr"", ""d3"": true, ""d4"": false, ""adx_thr"": 15, ""dd_thr"": -0.2}",2017
R5,DOT,wvol315,"{""ma_fast"": 100, ""ma_slow"": 200, ""slope_k"": 10, ""adx_n"": 14, ""atr_n"": 14, ""w_vol"": 315, ""bb_n"": 20, ""bb_mult"": 2.0, ""w_dd"": 100, ""q_lo"": 0.2, ""q_hi"": 0.8, ""s_atr"": 0.7, ""vol_conf"": 0.5, ""f_thr"": 0.1, ""f_hours"": 168, ""d1"": ""b"", ""d2"": ""atr"", ""d3"": true, ""d4"": false, ""adx_thr"": 15, ""dd_thr"": -0.2}",1891
R5,DOT,dd-0.05,"{""ma_fast"": 100, ""ma_slow"": 200, ""slope_k"": 10, ""adx_n"": 14, ""atr_n"": 14, ""w_vol"": 252, ""bb_n"": 20, ""bb_mult"": 2.0, ""w_dd"": 100, ""q_lo"": 0.2, ""q_hi"": 0.8, ""s_atr"": 0.7, ""vol_conf"": 0.5, ""f_thr"": 0.1, ""f_hours"": 168, ""d1"": ""b"", ""d2"": ""atr"", ""d3"": true, ""d4"": false, ""adx_thr"": 15, ""dd_thr"": -0.25}",1954
R5,DOT,dd+0.05,"{""ma_fast"": 100, ""ma_slow"": 200, ""slope_k"": 10, ""adx_n"": 14, ""atr_n"": 14, ""w_vol"": 252, ""bb_n"": 20, ""bb_mult"": 2.0, ""w_dd"": 100, ""q_lo"": 0.2, ""q_hi"": 0.8, ""s_atr"": 0.7, ""vol_conf"": 0.5, ""f_thr"": 0.1, ""f_hours"": 168, ""d1"": ""b"", ""d2"": ""atr"", ""d3"": true, ""d4"": false, ""adx_thr"": 15, ""dd_thr"": -0.15000000000000002}",1954
R5,BNB,base,"{""ma_fast"": 100, ""ma_slow"": 200, ""slope_k"": 10, ""adx_n"": 14, ""atr_n"": 14, ""w_vol"": 252, ""bb_n"": 20, ""bb_mult"": 2.0, ""w_dd"": 100, ""q_lo"": 0.2, ""q_hi"": 0.8, ""s_atr"": 0.7, ""vol_conf"": 0.5, ""f_thr"": 0.1, ""f_hours"": 168, ""d1"": ""b"", ""d2"": ""atr"", ""d3"": true, ""d4"": false, ""adx_thr"": 15, ""dd_thr"": -0.2}",2970
R5,BNB,adx-2,"{""ma_fast"": 100, ""ma_slow"": 200, ""slope_k"": 10, ""adx_n"": 14, ""atr_n"": 14, ""w_vol"": 252, ""bb_n"": 20, ""bb_mult"": 2.0, ""w_dd"": 100, ""q_lo"": 0.2, ""q_hi"": 0.8, ""s_atr"": 0.7, ""vol_conf"": 0.5, ""f_thr"": 0.1, ""f_hours"": 168, ""d1"": ""b"", ""d2"": ""atr"", ""d3"": true, ""d4"": false, ""adx_thr"": 13, ""dd_thr"": -0.2}",2970
R5,BNB,adx+2,"{""ma_fast"": 100, ""ma_slow"": 200, ""slope_k"": 10, ""adx_n"": 14, ""atr_n"": 14, ""w_vol"": 252, ""bb_n"": 20, ""bb_mult"": 2.0, ""w_dd"": 100, ""q_lo"": 0.2, ""q_hi"": 0.8, ""s_atr"": 0.7, ""vol_conf"": 0.5, ""f_thr"": 0.1, ""f_hours"": 168, ""d1"": ""b"", ""d2"": ""atr"", ""d3"": true, ""d4"": false, ""adx_thr"": 17, ""dd_thr"": -0.2}",2970
R5,BNB,ma90,"{""ma_fast"": 90, ""ma_slow"": 200, ""slope_k"": 10, ""adx_n"": 14, ""atr_n"": 14, ""w_vol"": 252, ""bb_n"": 20, ""bb_mult"": 2.0, ""w_dd"": 100, ""q_lo"": 0.2, ""q_hi"": 0.8, ""s_atr"": 0.7, ""vol_conf"": 0.5, ""f_thr"": 0.1, ""f_hours"": 168, ""d1"": ""b"", ""d2"": ""atr"", ""d3"": true, ""d4"": false, ""adx_thr"": 15, ""dd_thr"": -0.2}",2970
R5,BNB,ma110,"{""ma_fast"": 110, ""ma_slow"": 200, ""slope_k"": 10, ""adx_n"": 14, ""atr_n"": 14, ""w_vol"": 252, ""bb_n"": 20, ""bb_mult"": 2.0, ""w_dd"": 100, ""q_lo"": 0.2, ""q_hi"": 0.8, ""s_atr"": 0.7, ""vol_conf"": 0.5, ""f_thr"": 0.1, ""f_hours"": 168, ""d1"": ""b"", ""d2"": ""atr"", ""d3"": true, ""d4"": false, ""adx_thr"": 15, ""dd_thr"": -0.2}",2970
R5,BNB,band-0.05,"{""ma_fast"": 100, ""ma_slow"": 200, ""slope_k"": 10, ""adx_n"": 14, ""atr_n"": 14, ""w_vol"": 252, ""bb_n"": 20, ""bb_mult"": 2.0, ""w_dd"": 100, ""q_lo"": 0.15, ""q_hi"": 0.85, ""s_atr"": 0.7, ""vol_conf"": 0.5, ""f_thr"": 0.1, ""f_hours"": 168, ""d1"": ""b"", ""d2"": ""atr"", ""d3"": true, ""d4"": false, ""adx_thr"": 15, ""dd_thr"": -0.2}",2970
R5,BNB,band+0.05,"{""ma_fast"": 100, ""ma_slow"": 200, ""slope_k"": 10, ""adx_n"": 14, ""atr_n"": 14, ""w_vol"": 252, ""bb_n"": 20, ""bb_mult"": 2.0, ""w_dd"": 100, ""q_lo"": 0.25, ""q_hi"": 0.75, ""s_atr"": 0.7, ""vol_conf"": 0.5, ""f_thr"": 0.1, ""f_hours"": 168, ""d1"": ""b"", ""d2"": ""atr"", ""d3"": true, ""d4"": false, ""adx_thr"": 15, ""dd_thr"": -0.2}",2970
R5,BNB,wvol189,"{""ma_fast"": 100, ""ma_slow"": 200, ""slope_k"": 10, ""adx_n"": 14, ""atr_n"": 14, ""w_vol"": 189, ""bb_n"": 20, ""bb_mult"": 2.0, ""w_dd"": 100, ""q_lo"": 0.2, ""q_hi"": 0.8, ""s_atr"": 0.7, ""vol_conf"": 0.5, ""f_thr"": 0.1, ""f_hours"": 168, ""d1"": ""b"", ""d2"": ""atr"", ""d3"": true, ""d4"": false, ""adx_thr"": 15, ""dd_thr"": -0.2}",3033
R5,BNB,wvol315,"{""ma_fast"": 100, ""ma_slow"": 200, ""slope_k"": 10, ""adx_n"": 14, ""atr_n"": 14, ""w_vol"": 315, ""bb_n"": 20, ""bb_mult"": 2.0, ""w_dd"": 100, ""q_lo"": 0.2, ""q_hi"": 0.8, ""s_atr"": 0.7, ""vol_conf"": 0.5, ""f_thr"": 0.1, ""f_hours"": 168, ""d1"": ""b"", ""d2"": ""atr"", ""d3"": true, ""d4"": false, ""adx_thr"": 15, ""dd_thr"": -0.2}",2907
R5,BNB,dd-0.05,"{""ma_fast"": 100, ""ma_slow"": 200, ""slope_k"": 10, ""adx_n"": 14, ""atr_n"": 14, ""w_vol"": 252, ""bb_n"": 20, ""bb_mult"": 2.0, ""w_dd"": 100, ""q_lo"": 0.2, ""q_hi"": 0.8, ""s_atr"": 0.7, ""vol_conf"": 0.5, ""f_thr"": 0.1, ""f_hours"": 168, ""d1"": ""b"", ""d2"": ""atr"", ""d3"": true, ""d4"": false, ""adx_thr"": 15, ""dd_thr"": -0.25}",2970
R5,BNB,dd+0.05,"{""ma_fast"": 100, ""ma_slow"": 200, ""slope_k"": 10, ""adx_n"": 14, ""atr_n"": 14, ""w_vol"": 252, ""bb_n"": 20, ""bb_mult"": 2.0, ""w_dd"": 100, ""q_lo"": 0.2, ""q_hi"": 0.8, ""s_atr"": 0.7, ""vol_conf"": 0.5, ""f_thr"": 0.1, ""f_hours"": 168, ""d1"": ""b"", ""d2"": ""atr"", ""d3"": true, ""d4"": false, ""adx_thr"": 15, ""dd_thr"": -0.15000000000000002}",2970
R5,LTC,base,"{""ma_fast"": 100, ""ma_slow"": 200, ""slope_k"": 10, ""adx_n"": 14, ""atr_n"": 14, ""w_vol"": 252, ""bb_n"": 20, ""bb_mult"": 2.0, ""w_dd"": 100, ""q_lo"": 0.2, ""q_hi"": 0.8, ""s_atr"": 0.7, ""vol_conf"": 0.5, ""f_thr"": 0.1, ""f_hours"": 168, ""d1"": ""b"", ""d2"": ""atr"", ""d3"": true, ""d4"": false, ""adx_thr"": 15, ""dd_thr"": -0.2}",2933
R5,LTC,adx-2,"{""ma_fast"": 100, ""ma_slow"": 200, ""slope_k"": 10, ""adx_n"": 14, ""atr_n"": 14, ""w_vol"": 252, ""bb_n"": 20, ""bb_mult"": 2.0, ""w_dd"": 100, ""q_lo"": 0.2, ""q_hi"": 0.8, ""s_atr"": 0.7, ""vol_conf"": 0.5, ""f_thr"": 0.1, ""f_hours"": 168, ""d1"": ""b"", ""d2"": ""atr"", ""d3"": true, ""d4"": false, ""adx_thr"": 13, ""dd_thr"": -0.2}",2933
R5,LTC,adx+2,"{""ma_fast"": 100, ""ma_slow"": 200, ""slope_k"": 10, ""adx_n"": 14, ""atr_n"": 14, ""w_vol"": 252, ""bb_n"": 20, ""bb_mult"": 2.0, ""w_dd"": 100, ""q_lo"": 0.2, ""q_hi"": 0.8, ""s_atr"": 0.7, ""vol_conf"": 0.5, ""f_thr"": 0.1, ""f_hours"": 168, ""d1"": ""b"", ""d2"": ""atr"", ""d3"": true, ""d4"": false, ""adx_thr"": 17, ""dd_thr"": -0.2}",2933
R5,LTC,ma90,"{""ma_fast"": 90, ""ma_slow"": 200, ""slope_k"": 10, ""adx_n"": 14, ""atr_n"": 14, ""w_vol"": 252, ""bb_n"": 20, ""bb_mult"": 2.0, ""w_dd"": 100, ""q_lo"": 0.2, ""q_hi"": 0.8, ""s_atr"": 0.7, ""vol_conf"": 0.5, ""f_thr"": 0.1, ""f_hours"": 168, ""d1"": ""b"", ""d2"": ""atr"", ""d3"": true, ""d4"": false, ""adx_thr"": 15, ""dd_thr"": -0.2}",2933
R5,LTC,ma110,"{""ma_fast"": 110, ""ma_slow"": 200, ""slope_k"": 10, ""adx_n"": 14, ""atr_n"": 14, ""w_vol"": 252, ""bb_n"": 20, ""bb_mult"": 2.0, ""w_dd"": 100, ""q_lo"": 0.2, ""q_hi"": 0.8, ""s_atr"": 0.7, ""vol_conf"": 0.5, ""f_thr"": 0.1, ""f_hours"": 168, ""d1"": ""b"", ""d2"": ""atr"", ""d3"": true, ""d4"": false, ""adx_thr"": 15, ""dd_thr"": -0.2}",2933
R5,LTC,band-0.05,"{""ma_fast"": 100, ""ma_slow"": 200, ""slope_k"": 10, ""adx_n"": 14, ""atr_n"": 14, ""w_vol"": 252, ""bb_n"": 20, ""bb_mult"": 2.0, ""w_dd"": 100, ""q_lo"": 0.15, ""q_hi"": 0.85, ""s_atr"": 0.7, ""vol_conf"": 0.5, ""f_thr"": 0.1, ""f_hours"": 168, ""d1"": ""b"", ""d2"": ""atr"", ""d3"": true, ""d4"": false, ""adx_thr"": 15, ""dd_thr"": -0.2}",2933
R5,LTC,band+0.05,"{""ma_fast"": 100, ""ma_slow"": 200, ""slope_k"": 10, ""adx_n"": 14, ""atr_n"": 14, ""w_vol"": 252, ""bb_n"": 20, ""bb_mult"": 2.0, ""w_dd"": 100, ""q_lo"": 0.25, ""q_hi"": 0.75, ""s_atr"": 0.7, ""vol_conf"": 0.5, ""f_thr"": 0.1, ""f_hours"": 168, ""d1"": ""b"", ""d2"": ""atr"", ""d3"": true, ""d4"": false, ""adx_thr"": 15, ""dd_thr"": -0.2}",2933
R5,LTC,wvol189,"{""ma_fast"": 100, ""ma_slow"": 200, ""slope_k"": 10, ""adx_n"": 14, ""atr_n"": 14, ""w_vol"": 189, ""bb_n"": 20, ""bb_mult"": 2.0, ""w_dd"": 100, ""q_lo"": 0.2, ""q_hi"": 0.8, ""s_atr"": 0.7, ""vol_conf"": 0.5, ""f_thr"": 0.1, ""f_hours"": 168, ""d1"": ""b"", ""d2"": ""atr"", ""d3"": true, ""d4"": false, ""adx_thr"": 15, ""dd_thr"": -0.2}",2996
R5,LTC,wvol315,"{""ma_fast"": 100, ""ma_slow"": 200, ""slope_k"": 10, ""adx_n"": 14, ""atr_n"": 14, ""w_vol"": 315, ""bb_n"": 20, ""bb_mult"": 2.0, ""w_dd"": 100, ""q_lo"": 0.2, ""q_hi"": 0.8, ""s_atr"": 0.7, ""vol_conf"": 0.5, ""f_thr"": 0.1, ""f_hours"": 168, ""d1"": ""b"", ""d2"": ""atr"", ""d3"": true, ""d4"": false, ""adx_thr"": 15, ""dd_thr"": -0.2}",2870
R5,LTC,dd-0.05,"{""ma_fast"": 100, ""ma_slow"": 200, ""slope_k"": 10, ""adx_n"": 14, ""atr_n"": 14, ""w_vol"": 252, ""bb_n"": 20, ""bb_mult"": 2.0, ""w_dd"": 100, ""q_lo"": 0.2, ""q_hi"": 0.8, ""s_atr"": 0.7, ""vol_conf"": 0.5, ""f_thr"": 0.1, ""f_hours"": 168, ""d1"": ""b"", ""d2"": ""atr"", ""d3"": true, ""d4"": false, ""adx_thr"": 15, ""dd_thr"": -0.25}",2933
R5,LTC,dd+0.05,"{""ma_fast"": 100, ""ma_slow"": 200, ""slope_k"": 10, ""adx_n"": 14, ""atr_n"": 14, ""w_vol"": 252, ""bb_n"": 20, ""bb_mult"": 2.0, ""w_dd"": 100, ""q_lo"": 0.2, ""q_hi"": 0.8, ""s_atr"": 0.7, ""vol_conf"": 0.5, ""f_thr"": 0.1, ""f_hours"": 168, ""d1"": ""b"", ""d2"": ""atr"", ""d3"": true, ""d4"": false, ""adx_thr"": 15, ""dd_thr"": -0.15000000000000002}",2933
F1,BTC,base,"{""f_thr"": 0.1}",362
F1,BTC,f-0.025,"{""f_thr"": 0.075}",362
F1,BTC,f+0.025,"{""f_thr"": 0.125}",362
F1,ETH,base,"{""f_thr"": 0.1}",362
F1,ETH,f-0.025,"{""f_thr"": 0.075}",362
F1,ETH,f+0.025,"{""f_thr"": 0.125}",362
F1,SOL,base,"{""f_thr"": 0.1}",362
F1,SOL,f-0.025,"{""f_thr"": 0.075}",362
F1,SOL,f+0.025,"{""f_thr"": 0.125}",362
