,U1_LS,U2_LS,U1_L,U2_L
2020-04-04 00:00:00+00:00,2.7383608263154002e-06,2.7383608263154002e-06,2.7383608263154002e-06,2.7383608263154002e-06
2020-04-05 00:00:00+00:00,-0.012010375794010472,-0.012010375794010472,-0.02402348994884726,-0.02402348994884726
2020-04-06 00:00:00+00:00,0.053921501823814146,0.053921501823814146,0.10783889712926849,0.10783889712926849
2020-04-07 00:00:00+00:00,-0.01466860762028669,-0.01466860762028669,-0.029341048181929244,-0.029341048181929244
2020-04-08 00:00:00+00:00,0.023419500232894786,0.023419500232894786,0.0468329796708332,0.0468329796708332
2020-04-09 00:00:00+00:00,0.009705257397838356,0.009705257397838356,0.019403674004611324,0.019403674004611324
2020-04-10 00:00:00+00:00,-0.04638108783483977,-0.04638108783483977,-0.09276901646074492,-0.09276901646074492
2020-04-11 00:00:00+00:00,0.002936759276935802,0.002936759276935802,0.0058666777628062165,0.0058666777628062165
2020-04-12 00:00:00+00:00,0.004036683714891722,0.00511073985139649,0.010214638911727593,0.010214638911727593
2020-04-13 00:00:00+00:00,-0.007117338117826398,-0.007060867116480127,-0.014128848301682368,-0.014128848301682368
2020-04-14 00:00:00+00:00,0.0014801467843875392,0.0011154025512109906,0.002225331107541936,0.002225331107541936
2020-04-15 00:00:00+00:00,-0.0021161960819368122,-0.009439434551230117,-0.018882702043816098,-0.018882702043816098
2020-04-16 00:00:00+00:00,0.025489920119271852,0.03954990638551194,0.07909597982966801,0.07909597982966801
2020-04-17 00:00:00+00:00,-0.004659671892209,-0.0057761974453399145,-0.011555680596284534,-0.011555680596284534
2020-04-18 00:00:00+00:00,0.021990207573069742,0.029380253207955988,0.05875722071030727,0.05875722071030727
2020-04-19 00:00:00+00:00,-0.021231458655129785,-0.02111479198846312,-0.04223286968253095,-0.04223286968253095
2020-04-20 00:00:00+00:00,-0.024899362895821814,-0.024899362895821814,-0.04980201149724833,-0.04980201149724833
2020-04-21 00:00:00+00:00,0.0029679496218942935,0.0029679496218942935,0.0059328871969419805,0.0059328871969419805
2020-04-22 00:00:00+00:00,0.03704197838913509,0.03704197838913509,0.07408067107266547,0.07408067107266547
2020-04-23 00:00:00+00:00,0.018029135916739443,0.018029135916739443,0.03605525978663228,0.03605525978663228
2020-04-24 00:00:00+00:00,0.017202840156098083,0.017202840156098083,0.03440239460659146,0.03440239460659146
2020-04-25 00:00:00+00:00,0.014774341198274022,0.014774341198274022,0.02954539669094334,0.02954539669094334
2020-04-26 00:00:00+00:00,-0.007598077205520053,-0.007598077205520053,-0.015199440116644812,-0.015199440116644812
2020-04-27 00:00:00+00:00,0.008037164439206235,0.008037164439206235,0.016071043172807765,0.016071043172807765
2020-04-28 00:00:00+00:00,0.0050284423683565425,0.0050284423683565425,0.010053872689866478,0.010053872689866478
2020-04-29 00:00:00+00:00,0.032029100415280246,0.032029100415280246,0.06405546246973418,0.06405546246973418
2020-04-30 00:00:00+00:00,-0.029548933711566167,-0.029548933711566167,-0.05910033207067039,-0.05910033207067039
2020-05-01 00:00:00+00:00,0.018124199848560712,0.018124199848560712,0.03624511399151672,0.03624511399151672
2020-05-02 00:00:00+00:00,0.010660001230828105,0.010660001230828105,0.021316716756051506,0.021316716756051506
2020-05-03 00:00:00+00:00,-0.01911776604115427,-0.01911776604115427,-0.03823881778791324,-0.03823881778791324
2020-05-04 00:00:00+00:00,0.004575713814113349,0.004575713814113349,0.009147868291120758,0.009147868291120758
2020-05-05 00:00:00+00:00,-0.0044478527550834085,-0.0044478527550834085,-0.008899264847272758,-0.008899264847272758
2020-05-06 00:00:00+00:00,-0.013749849635781507,-0.013749849635781507,-0.02750298497716772,-0.02750298497716772
2020-05-07 00:00:00+00:00,0.017694903635682872,0.017694903635682872,0.03538679522451914,0.03538679522451914
2020-05-08 00:00:00+00:00,0.004826690201058689,0.004826690201058689,0.009650094696512672,0.009650094696512672
2020-05-09 00:00:00+00:00,-0.0011132063654984954,-0.0011132063654984954,-0.002229698436601696,-0.002229698436601696
2020-05-10 00:00:00+00:00,-0.03369864575038434,-0.03369864575038434,-0.09924107026793255,-0.09924107026793255
2020-05-11 00:00:00+00:00,8.008748373743284e-05,8.008748373743284e-05,-0.011130180089151046,-0.011130180089151046
2020-05-12 00:00:00+00:00,0.027443159062641633,0.027443159062641633,0.07205336735404766,0.07205336735404766
2020-05-13 00:00:00+00:00,0.005473186923293937,0.005473186923293937,0.013072590576323649,0.013072590576323649
2020-05-14 00:00:00+00:00,-0.00580783105495924,-0.00580783105495924,-0.00837457978733347,-0.00837457978733347
2020-05-15 00:00:00+00:00,-0.004195720794546935,-0.004195720794546935,-0.018379121413585366,-0.018379121413585366
2020-05-16 00:00:00+00:00,0.00010358576856039978,0.00010358576856039978,0.006307288764131599,0.006307288764131599
2020-05-17 00:00:00+00:00,0.005706949758891806,0.005706949758891806,0.016644330062389658,0.016644330062389658
2020-05-18 00:00:00+00:00,-0.002333805043260908,-0.002333805043260908,0.024646123202275237,0.024646123202275237
2020-05-19 00:00:00+00:00,0.0011014364337779687,0.0011014364337779687,0.01773105061857394,0.01773105061857394
2020-05-20 00:00:00+00:00,-0.01393357701980811,-0.01393357701980811,-0.014289131991978343,-0.014289131991978343
2020-05-21 00:00:00+00:00,0.0012573951835794031,0.0012573951835794031,-0.06353900321927515,-0.06353900321927515
2020-05-22 00:00:00+00:00,0.005110207013735386,0.005110207013735386,0.056427938075831414,0.056427938075831414
2020-05-23 00:00:00+00:00,0.0037767281285987224,0.0037767281285987224,-0.01053271226254745,-0.01053271226254745
2020-05-24 00:00:00+00:00,-0.02073988960994052,-0.018346387378577567,-0.05937981510541659,-0.054592810642690684
2020-05-25 00:00:00+00:00,0.011191617498367574,0.004172096766150643,0.048590447900597224,0.03455140643616337
2020-05-26 00:00:00+00:00,0.004528576562993842,0.004838902118845993,-0.0041905457308094194,-0.003569894619105118
2020-05-27 00:00:00+00:00,0.0001590251846255768,-0.00231351854490555,0.017586358934444844,0.01264127147538259
2020-05-28 00:00:00+00:00,0.03302347415853035,0.03679649817297469,0.08196566280756723,0.0895117108364559
2020-05-29 00:00:00+00:00,-0.013274369371796836,-0.013195957428857935,-0.013004888804662607,-0.01284806491878481
2020-05-30 00:00:00+00:00,0.02617017772790679,0.02572943639538547,0.10642024450734257,0.10553876184229993
2020-05-31 00:00:00+00:00,0.010667084575912165,0.0028652208768598225,-0.01601453437998066,-0.03161826177808534
2020-06-01 00:00:00+00:00,0.015547835728470587,0.01240425899518693,0.08335423877760469,0.07706708531103738
2020-06-02 00:00:00+00:00,0.015062726340787222,0.011603637404429256,0.004798930238972683,-0.002119247633743248
2020-06-03 00:00:00+00:00,0.011786069600019579,0.012511959335108036,0.02830669059235317,0.02975847006253008
2020-06-04 00:00:00+00:00,-0.0071960901212506385,-0.00714256155750005,-0.009105889591695721,-0.008998832464194542
2020-06-05 00:00:00+00:00,0.0014274811517217174,-0.0040679034772369005,-0.003437708735444389,-0.014428477993361624
2020-06-06 00:00:00+00:00,0.022915880364510786,0.017514360121581665,0.045529397716974424,0.034726357231116174
2020-06-07 00:00:00+00:00,-0.006362056751411659,-0.0031310191611835414,-0.012028220021183122,-0.005566144840726886
2020-06-08 00:00:00+00:00,0.015573586083232234,0.013149057447248369,0.031142518575812975,0.026293461303845245
2020-06-09 00:00:00+00:00,0.006218493191160571,-0.0003599468525567359,0.012431785828296611,-0.0007250942591380033
2020-06-10 00:00:00+00:00,0.02584196066595652,0.029051448917124592,0.051679267741261546,0.05809824424359769
2020-06-11 00:00:00+00:00,-0.03777193652437715,-0.038103259957017216,-0.0755485266394058,-0.07621117350468593
2020-06-12 00:00:00+00:00,0.04453182172739768,0.034008978472465146,0.08905926338667228,0.0680135768768072
2020-06-13 00:00:00+00:00,0.01024587704671331,0.001259507608607629,0.020487374025303533,0.002514635149092169
2020-06-14 00:00:00+00:00,-0.020936031970984367,-0.013663822543131494,-0.06817403163077566,-0.05362961277506991
2020-06-15 00:00:00+00:00,0.005526346786235652,0.007571813447507214,0.01531799998890332,0.01940893331144644
2020-06-16 00:00:00+00:00,0.015492379542219234,0.006826222222185855,0.029919817973774278,0.012587503333707516
2020-06-17 00:00:00+00:00,-0.0024489227230507847,0.0018725912821803757,0.005503716617336998,0.014146744627799317
2020-06-18 00:00:00+00:00,-0.004177164464965913,-0.0059996499410918305,-0.019898779074968228,-0.023543750027220065
2020-06-19 00:00:00+00:00,-0.0030047254482239083,-0.009580171307698827,-0.008563562977266735,-0.021714454696216575
2020-06-20 00:00:00+00:00,0.0048175253691039215,-0.0002999912927005396,0.00436818973304349,-0.0058668435905654326
2020-06-21 00:00:00+00:00,0.019122478363590288,0.018405878615704512,0.02846915169506556,0.02703595219929401
2020-06-22 00:00:00+00:00,0.022123841018966382,0.010484221074846842,0.07411624648535407,0.05083700659711498
2020-06-23 00:00:00+00:00,-0.012823160103285146,-0.009717469127647286,-0.0049126333394994845,0.0012987486117762377
2020-06-24 00:00:00+00:00,0.009448553797294834,0.013727679176661444,-0.016165983055745854,-0.0076077322970126374
2020-06-25 00:00:00+00:00,0.013195704863165335,0.016749652645756504,0.010990333609336492,0.018098229174518823
2020-06-26 00:00:00+00:00,0.013343477191159107,0.011937754326551479,0.006615198416872381,0.0038037526876571253
2020-06-27 00:00:00+00:00,0.013300618780229418,0.02299377422720846,-0.040942119637368685,-0.021555808743410607
2020-06-28 00:00:00+00:00,-0.013380321389035544,-0.017408539135876287,-0.0001515793217563073,-0.008817943001443205
2020-06-29 00:00:00+00:00,-0.015066604527441779,-0.0066729932036123495,-0.002188317986796159,0.000708280201782074
2020-06-30 00:00:00+00:00,-0.004608097298043253,-0.008712679976214568,-0.013783900894366093,-0.021549640479291116
2020-07-01 00:00:00+00:00,0.007831250880981149,0.010008181871375435,0.03790351192878042,0.03263071605329403
2020-07-02 00:00:00+00:00,-0.007109385710037424,-0.004830637093793385,-0.027371126708390557,-0.026770420746717555
2020-07-03 00:00:00+00:00,0.016123103375255972,0.0149742433748857,0.024127322118966253,0.01837315514522404
2020-07-04 00:00:00+00:00,0.03654895078788566,0.04150057812227176,0.09668850779528204,0.09875615114380511
2020-07-05 00:00:00+00:00,0.028391832878651636,0.028625166211984972,0.037005793104648875,0.037005793104648875
2020-07-06 00:00:00+00:00,0.0005723032899826207,0.0005723032899826207,0.07071194167909564,0.07071194167909564
2020-07-07 00:00:00+00:00,0.03719359855729133,0.03719359855729133,0.1284685389062009,0.1284685389062009
2020-07-08 00:00:00+00:00,0.04905211473241246,0.04905211473241246,0.13022340369141813,0.13022340369141813
2020-07-09 00:00:00+00:00,-0.01821853640197815,-0.01821853640197815,-0.06506858859342568,-0.06506858859342568
2020-07-10 00:00:00+00:00,-0.012340879480001695,-0.012340879480001695,-0.033707177345333864,-0.033707177345333864
2020-07-11 00:00:00+00:00,0.0033382343572247006,0.0033382343572247006,0.044149902682137795,0.044149902682137795
2020-07-12 00:00:00+00:00,0.0015751777805908043,0.030516956303199536,0.006407264993201464,0.06429082203841893
2020-07-13 00:00:00+00:00,-0.00711175156089577,-0.004122045968371859,-0.0164592311879707,-0.010479820002922875
2020-07-14 00:00:00+00:00,0.015465580268959693,0.033827262661254326,0.03129697774053231,0.06802034252512157
2020-07-15 00:00:00+00:00,0.006770119434252892,0.014475036295054103,0.011405081824346396,0.026814915545948816
2020-07-16 00:00:00+00:00,-0.012772690084968117,-0.018657399728169814,-0.02803021733510403,-0.03979963662150743
2020-07-17 00:00:00+00:00,-0.001416057899164539,-0.005450194010630112,-0.0022150407517385756,-0.010283312974669721
2020-07-18 00:00:00+00:00,0.00853281166066145,-0.006071237549563851,0.017695355476796685,-0.01151274294365392
2020-07-19 00:00:00+00:00,-0.008393844661240244,-0.0038390056670572544,-0.010089116117311964,-0.0009794381289459854
2020-07-20 00:00:00+00:00,-0.03828724137562156,-0.035087275395970854,-0.09712887056322425,-0.09072893860392285
2020-07-21 00:00:00+00:00,0.02007142255104734,0.018945302835879772,0.04255879597762845,0.04030655654729331
2020-07-22 00:00:00+00:00,0.002403674806042697,0.0035826482370266057,0.007718840007931731,0.010076786869899547
2020-07-23 00:00:00+00:00,0.004914985104517797,0.008207420829361082,0.012079326430666977,0.018664197880353544
2020-07-24 00:00:00+00:00,-0.015098837109768923,-0.013875631354870892,-0.039237245191353,-0.03679083368155694
2020-07-25 00:00:00+00:00,0.017759136802505866,0.022763706685680642,0.04369462542373539,0.05370376519008494
2020-07-26 00:00:00+00:00,-0.014828274539855215,-0.014594941206521881,-0.029426227793223705,-0.028959561126557037
2020-07-27 00:00:00+00:00,-0.03454827718538772,-0.03454827718538772,-0.06909956641762205,-0.06909956641762205
2020-07-28 00:00:00+00:00,0.010498119542463904,0.010498119542463904,0.0209932270380812,0.0209932270380812
2020-07-29 00:00:00+00:00,-0.011776077403830382,-0.011776077403830382,-0.02355516685450737,-0.02355516685450737
2020-07-30 00:00:00+00:00,0.02744401192766484,0.02744401192766484,0.054885559207791625,0.054885559207791625
2020-07-31 00:00:00+00:00,0.009098370551791954,0.009098370551791954,0.01819427645604585,0.01819427645604585
2020-08-01 00:00:00+00:00,0.03031654306557788,0.03031654306557788,0.060630621483617704,0.060630621483617704
2020-08-02 00:00:00+00:00,0.010385849195914081,0.016020300684526454,-0.039834239238503266,-0.04601923889767581
2020-08-03 00:00:00+00:00,0.01677651168485314,0.023917315208636953,0.027541834954104595,0.04567781242174365
2020-08-04 00:00:00+00:00,-0.022727909266907164,-0.02607634739994974,0.003761813545450714,-0.011803978341116163
2020-08-05 00:00:00+00:00,0.021027497533550717,-0.000550628193987486,0.057395164044082396,0.01549419326468151
2020-08-06 00:00:00+00:00,-0.0202139478035002,-0.0126810689885744,-0.007368435403782195,-0.0042415326736011125
2020-08-07 00:00:00+00:00,-0.019447257420855398,-0.0363216280207611,-0.033039790411107745,-0.03531011416648248
2020-08-08 00:00:00+00:00,-0.014926052868394265,-0.010997792065192141,0.025510752800370656,0.02378005434464555
2020-08-09 00:00:00+00:00,-0.042538223319823806,-0.03786550872336862,0.0032253820737834626,0.012570811266693847
2020-08-10 00:00:00+00:00,-0.01718280822313083,-0.007835503903805736,-0.015861628806846998,0.002832979831803186
2020-08-11 00:00:00+00:00,-0.014470115220010285,-0.005457115907603682,-0.05858170406794858,-0.04055570544313538
2020-08-12 00:00:00+00:00,0.007379679352035914,0.0018596017985291046,0.10588231494249838,0.09484215983548476
2020-08-13 00:00:00+00:00,0.034719429390601894,0.034530075882650065,0.060840252519972035,0.06046154550406838
2020-08-14 00:00:00+00:00,-0.009471874737896072,-0.0015054906018434182,-0.005611756985276873,0.010321011286828437
2020-08-15 00:00:00+00:00,0.023931189405494,0.022864440400682494,0.038818406904455455,0.03668490889483243
2020-08-16 00:00:00+00:00,-0.002815364479400972,-0.002815364479400972,-0.004756328584049566,-0.004756328584049566
2020-08-17 00:00:00+00:00,-0.040934751329853365,-0.040934751329853365,-0.07911415748815995,-0.07911415748815995
2020-08-18 00:00:00+00:00,-0.013903770353598905,-0.013903770353598905,-0.0373862819425324,-0.0373862819425324
2020-08-19 00:00:00+00:00,0.01594157311144401,0.01594157311144401,0.013963001233654973,0.013963001233654973
2020-08-20 00:00:00+00:00,0.020304423738010967,0.020304423738010967,0.05136430506879619,0.05136430506879619
2020-08-21 00:00:00+00:00,-0.053746788917963716,-0.053746788917963716,-0.13539198035942696,-0.13539198035942696
2020-08-22 00:00:00+00:00,0.054362401502623225,0.054362401502623225,0.11397132877378212,0.11397132877378212
2020-08-23 00:00:00+00:00,-0.004174676529721657,0.0694002102675068,0.01318731104310584,0.12625688304607227
2020-08-24 00:00:00+00:00,0.007756717690448034,-0.011110316316856049,0.008911560608279672,-0.005781812233212093
2020-08-25 00:00:00+00:00,-0.008607382797105096,0.006995556800814274,-0.09803636243217487,-0.053862790086449806
2020-08-26 00:00:00+00:00,0.005571558501469427,-0.005836820118190952,0.024783401192868877,-0.0075685309457400995
2020-08-27 00:00:00+00:00,-0.010903345686231854,-0.0057120088103034825,-0.061104703362269794,-0.050946744054878194
2020-08-28 00:00:00+00:00,0.0037910149750865767,0.006919924898843162,0.04003567583947025,0.033166649798667784
2020-08-29 00:00:00+00:00,0.0003835943143796444,-0.0017535588420859072,0.028507501285432845,0.012718862156922651
2020-08-30 00:00:00+00:00,-0.022407261928952274,0.016912511249997153,0.0029836097078267732,0.058072376744985096
2020-08-31 00:00:00+00:00,-0.02197283077004098,-0.0036452100678363297,-0.03719571219659526,0.0047501804567112275
2020-09-01 00:00:00+00:00,0.011247848217762967,0.006695997942021858,0.010821342790364119,0.03138505604673503
2020-09-02 00:00:00+00:00,-3.336315949771507e-05,-0.004933530851316893,-0.07205985758686786,-0.08977227937998385
2020-09-03 00:00:00+00:00,0.005586636599009345,-0.003913782174853801,-0.19969897532302527,-0.2083830992337569
2020-09-04 00:00:00+00:00,0.010304087596035799,-0.023689044874071905,0.11290980667031784,0.05490255407085792
2020-09-05 00:00:00+00:00,-0.0006365595500764835,-0.018034718827145087,-0.12301022697859743,-0.1305792193110555
2020-09-06 00:00:00+00:00,-0.00020712219424378264,-0.004211006551249312,0.06616525730283958,0.06616525730283958
2020-09-07 00:00:00+00:00,-0.0068635324519071795,-0.007808545285861108,-0.02087085499136467,-0.02087085499136467
2020-09-08 00:00:00+00:00,0.03376308686024533,0.032020282877424124,0.007263827344260384,0.007263827344260384
2020-09-09 00:00:00+00:00,-0.0005534870150943551,-0.009999828836504639,0.09443857181663586,0.09443857181663586
2020-09-10 00:00:00+00:00,-0.02545075842066585,-0.02380112797712485,-0.006224563751479903,-0.006224563751479903
2020-09-11 00:00:00+00:00,-0.003159602182086582,0.013490060132214345,0.011120970717447451,0.011120970717447451
2020-09-12 00:00:00+00:00,-0.004696678148304615,0.005167837746212993,0.05186632423884198,0.05186632423884198
2020-09-13 00:00:00+00:00,0.023339593038016724,0.02450018049164685,-0.018489239376771976,-0.018489239376771976
2020-09-14 00:00:00+00:00,-0.013945136589391522,-0.016711754709256284,-0.004254033463043311,-0.004254033463043311
2020-09-15 00:00:00+00:00,-0.008442123772622346,-0.007192876987661285,-0.11483536532530962,-0.11483536532530962
2020-09-16 00:00:00+00:00,0.017686049064889433,0.014176558379856418,0.005675217097774495,0.005675217097774495
2020-09-17 00:00:00+00:00,-0.004049203504077632,0.005344856374257226,-0.007880819779820357,-0.007880819779820357
2020-09-18 00:00:00+00:00,0.006218651403454931,0.03102744892837307,0.024991079499844266,0.024991079499844266
2020-09-19 00:00:00+00:00,-0.00032200736824259486,-0.013273924731924657,-0.00880374915753209,-0.00880374915753209
2020-09-20 00:00:00+00:00,0.008542963769651257,0.016292893333699224,-0.03541661631150369,-0.019916757183407754
2020-09-21 00:00:00+00:00,0.024961902441600927,0.03273945739709725,-0.08155982992902766,-0.06600472001803502
2020-09-22 00:00:00+00:00,-0.0396252792894945,-0.04427758029073005,0.02431148793408546,0.015006885931614372
2020-09-23 00:00:00+00:00,0.04468176231200091,0.05271567221456116,-0.03416236997367273,-0.018094550168552232
2020-09-24 00:00:00+00:00,-0.014392302098758561,-0.04884663037308859,0.11286483614372604,0.043956179595065994
2020-09-25 00:00:00+00:00,-0.010887072463350689,-0.009300779329914887,0.009501872912380001,0.012674459179251607
2020-09-26 00:00:00+00:00,0.009533063567444705,0.003595390426136048,0.03237003295277627,0.020494686670158954
2020-09-27 00:00:00+00:00,-0.014958781174003389,-0.01791429926269603,0.0318140580302845,0.025903021852899222
2020-09-28 00:00:00+00:00,-0.03401990088175285,-0.027619315120842373,-0.016783521157357047,-0.003982349635536079
2020-09-29 00:00:00+00:00,0.0020066966628157277,-0.013091696464972508,0.04784440189203791,0.017647615636461444
2020-09-30 00:00:00+00:00,-0.014699849614275291,-0.0046006696792988515,-0.014174102621333165,0.006024257248619719
2020-10-01 00:00:00+00:00,0.005027814912872677,0.018810602657628784,-0.031197999597756827,-0.0036324241082446107
2020-10-02 00:00:00+00:00,0.023118517612464366,0.012348008946555725,-0.022877969611922656,-0.04441898694373994
2020-10-03 00:00:00+00:00,0.02418100451903638,0.016694530630827077,0.03394736153364749,0.018974413757228883
2020-10-04 00:00:00+00:00,0.02048501072352094,0.012422320633440532,0.026393071351105038,0.0029265705364207696
2020-10-05 00:00:00+00:00,0.01978502311030892,0.020569907579804116,0.00993749018691421,0.003969930764850692
2020-10-06 00:00:00+00:00,0.0287768111182981,0.052708113373970876,-0.06550890845783963,-0.005906942366565111
2020-10-07 00:00:00+00:00,0.026301185403903637,0.02057785006682007,0.03993088271923893,0.002046202490905288
2020-10-08 00:00:00+00:00,-0.035427855708664344,-0.03794887306304118,0.003331567661486943,0.008105245764790842
2020-10-09 00:00:00+00:00,-0.025591491778639324,-0.05147050235499014,0.03399200088967535,0.003914017918858787
2020-10-10 00:00:00+00:00,0.054655203648513694,0.03940473833467605,0.03582160838221172,0.0072716545221814324
2020-10-11 00:00:00+00:00,-0.0009869595925079972,-0.007804990005542742,0.022204994649325658,0.00856893382325617
2020-10-12 00:00:00+00:00,-0.0004018493720730267,0.015236931488709986,0.0022499480118212487,0.03352750973338727
2020-10-13 00:00:00+00:00,0.01739552463834624,0.01355132494969377,-0.0025446036424789657,-0.010233003019783906
2020-10-14 00:00:00+00:00,0.018293762547318845,0.019243790368281513,-0.02464214026051517,-0.02274208461858983
2020-10-15 00:00:00+00:00,-0.004936665743693939,0.005318715599136823,-0.005424944815188168,0.015085817870473353
2020-10-16 00:00:00+00:00,0.01095019824347575,0.017860964807393923,-0.05551708134534515,-0.0416955482175088
2020-10-17 00:00:00+00:00,-0.019444475850533206,-0.007680492418105854,-0.013676022448758662,0.00985194441609604
2020-10-18 00:00:00+00:00,-0.019002599402061872,-0.020030051871197795,0.016746294146320593,0.014691389208048746
2020-10-19 00:00:00+00:00,0.025948161998421107,0.03578695473283096,-0.022693068907634225,-0.0030154834388145175
2020-10-20 00:00:00+00:00,0.01454246285634863,0.020977086372325125,-0.056530983926813536,-0.043661736894860546
2020-10-21 00:00:00+00:00,0.010999604607587391,0.00779017314903024,0.052420394009181207,0.046001531092066894
2020-10-22 00:00:00+00:00,-0.006175599152884683,-0.010004637480687351,0.044815796008983846,0.037157719353378506
2020-10-23 00:00:00+00:00,0.00045177106603408815,-0.006498346497821924,0.007482154538053889,-0.006418080589658136
2020-10-24 00:00:00+00:00,0.010780790833212034,0.0029362713605902585,0.0219122000910755,0.006223161145831947
2020-10-25 00:00:00+00:00,-0.002722688316642592,0.01540953047848042,-0.03299331520022424,-0.02363579369514921
2020-10-26 00:00:00+00:00,-0.030010615613616263,-0.035215786648916406,-0.03418430577305899,-0.03865197860364198
2020-10-27 00:00:00+00:00,-0.0890004784595408,-0.07776929837742802,0.01113863589496954,0.018279550363468705
2020-10-28 00:00:00+00:00,0.041906548055949705,0.05563830799841072,-0.03889518253239706,-0.021259157421258626
2020-10-29 00:00:00+00:00,0.038110981456329254,0.03120322761681271,-0.012643541849724969,-0.011343706811522193
2020-10-30 00:00:00+00:00,0.023148466686389035,0.011482387899716725,0.010622427313955404,-0.017693223658376864
2020-10-31 00:00:00+00:00,0.009608343717152952,0.008803850784134601,0.01596451886616322,0.014276732433709307
2020-11-01 00:00:00+00:00,-0.008004860696471156,-0.007718013352809946,2.9817436022626983e-05,0.005682683015381757
2020-11-02 00:00:00+00:00,-0.005800782302430289,0.009918218642167676,-0.027082399686661204,-0.029586016776138317
2020-11-03 00:00:00+00:00,0.04145038763213649,0.018417663883859382,0.016592373574612282,-0.004591290957271769
2020-11-04 00:00:00+00:00,0.018831961456451708,0.02215591549696246,0.013280992821249978,0.003139492620451634
2020-11-05 00:00:00+00:00,0.026042105344740066,0.02177889975167232,0.08433329048179951,0.07199295161230221
2020-11-06 00:00:00+00:00,-0.060024298815531375,-0.13247279483076121,0.037562795509430466,0.03469571666911228
2020-11-07 00:00:00+00:00,-0.021975705785522208,-0.05338357286927934,-0.051666509975747864,-0.04567330471748888
2020-11-08 00:00:00+00:00,-0.006762150723182086,-0.012581561966726022,0.0397316018635338,0.0397316018635338
2020-11-09 00:00:00+00:00,0.002197224142387764,0.014385009156975905,-0.020554882811994135,-0.020554882811994135
2020-11-10 00:00:00+00:00,-0.060086051276277454,-0.0575250267767316,-0.004150890982082343,-0.004150890982082343
2020-11-11 00:00:00+00:00,0.043608752805441874,0.04827023557380199,0.025087212322316754,0.025087212322316754
2020-11-12 00:00:00+00:00,0.039770320065331065,0.025582083006479323,0.020004208052229678,0.020004208052229678
2020-11-13 00:00:00+00:00,-0.018774939233048814,-0.06355912751604344,0.038770889673515316,0.038770889673515316
2020-11-14 00:00:00+00:00,-0.00993713852170381,-0.0014298700744738398,-0.027687379627397205,-0.027687379627397205
2020-11-15 00:00:00+00:00,0.05038936156271792,0.04359884972759255,0.12380140195810634,0.1027361274285914
2020-11-16 00:00:00+00:00,-0.03385059161492949,-0.024700642168146363,0.048532423005523885,0.013717367489907997
2020-11-17 00:00:00+00:00,0.012009504759726406,-0.02058410439834161,0.06411407139053558,0.050307497127016626
2020-11-18 00:00:00+00:00,-0.012249463047883382,-0.03644558223033895,-0.13216866308168485,-0.12441573609523916
2020-11-19 00:00:00+00:00,0.04769210013206925,0.06914504524777473,0.14719939734968318,0.17304549123237878
2020-11-20 00:00:00+00:00,0.010769835442280827,-0.0063254859869368565,0.03275215159993993,0.03216123941649173
2020-11-21 00:00:00+00:00,-0.04328516163002604,-0.020706874650140355,0.0125799734956331,0.014491405645628687
2020-11-22 00:00:00+00:00,-0.018073924610107057,-0.026862429812560366,-0.03544976635935111,-0.05302677676425773
2020-11-23 00:00:00+00:00,-0.00010909981823391561,-0.006985597211068279,-0.00022039054344478223,-0.013973385329113509
2020-11-24 00:00:00+00:00,-0.04612493198015835,-0.03813778155882341,-0.09225232860785476,-0.07627802776518487
2020-11-25 00:00:00+00:00,-0.056119526648597956,-0.04466389879557548,-0.11224151794473397,-0.08933026223868902
2020-11-26 00:00:00+00:00,0.007960064008060132,0.018665116092968146,0.015917663368582205,0.037327767538398234
2020-11-27 00:00:00+00:00,0.00023352512768078066,0.022525953089188498,0.0004645856078235028,0.04504944153083894
2020-11-28 00:00:00+00:00,-0.010797168116931348,-0.019154346758906687,-0.021596800881400754,-0.03831115816535143
2020-11-29 00:00:00+00:00,-0.007038890052491368,0.017491650144074056,-0.005445727455744752,0.02752817777475036
2020-11-30 00:00:00+00:00,0.025608367187874674,0.021632152578407022,0.08213674431379252,0.06919156097666268
2020-12-01 00:00:00+00:00,-0.009593569657258544,0.03037433283466343,0.01156009372568995,0.030217524645417396
2020-12-02 00:00:00+00:00,0.01002391361662703,0.024193599295763795,0.0575847068777303,0.06769740719367055
2020-12-03 00:00:00+00:00,-0.0062308814953191865,-0.003512162803266339,-0.009571192398105267,0.008160573146235861
2020-12-04 00:00:00+00:00,-0.005128589246162246,-0.027666787205325904,-0.11809627469852152,-0.08483780434882214
2020-12-05 00:00:00+00:00,0.024613020353475384,0.03908914480032327,0.11119566045713582,0.13320992404783527
2020-12-06 00:00:00+00:00,0.009151086805174622,0.008469743767474494,0.010855767791201093,0.010389101124534426
2020-12-07 00:00:00+00:00,0.0008862544335004839,0.00037509613166134714,0.011227201392539304,0.011227201392539304
2020-12-08 00:00:00+00:00,-0.009305602427213075,-0.017438174666396924,-0.09795559734559542,-0.09795559734559542
2020-12-09 00:00:00+00:00,0.03377289690827295,0.0330587505651829,0.07140354327992382,0.07140354327992382
2020-12-10 00:00:00+00:00,8.157866613064051e-05,-0.009992567814752414,-0.0372335363918287,-0.0372335363918287
2020-12-11 00:00:00+00:00,-0.014797091453739369,-0.020985461723079923,-0.08553535189277503,-0.08553535189277503
2020-12-12 00:00:00+00:00,-0.0028031195781210915,0.004731711028745991,0.052908567988237405,0.052908567988237405
2020-12-13 00:00:00+00:00,-0.0015467092512554202,0.04005252737514849,0.04461261187997044,0.09804358141514397
2020-12-14 00:00:00+00:00,0.0047662655079528425,0.008181971234489374,0.03773302594688268,0.023822913341171363
2020-12-15 00:00:00+00:00,0.02074313611293204,-0.0062315318506194015,0.10211236021104188,0.014199915187919802
2020-12-16 00:00:00+00:00,0.01950130136413979,0.023430523056014313,0.06192925649207688,0.07221969338233852
2020-12-17 00:00:00+00:00,0.02962438171962341,-0.011127788558574913,0.0014956555083036446,-0.04219766453990631
2020-12-18 00:00:00+00:00,0.006924464843379264,0.01750114038943349,0.07716362567197523,0.03597109393979963
2020-12-19 00:00:00+00:00,0.039590001074463005,-0.006621975993611124,0.05823029709475597,-0.008977193267350646
2020-12-20 00:00:00+00:00,-0.01387514778680653,-0.014901147628450807,-0.06015889685078928,-0.048140713577981414
2020-12-21 00:00:00+00:00,0.03940957360931487,0.005723709219161014,0.030074409684413106,-0.07397335710917964
2020-12-22 00:00:00+00:00,0.01889204081759456,0.06467562155631706,0.03987758429763835,0.0729617017987784
2020-12-23 00:00:00+00:00,0.04508789033645856,0.05464468291623231,-0.09803814030614744,-0.13210972400285034
2020-12-24 00:00:00+00:00,0.007753461213170554,-0.050477730989653566,0.1200241767061899,0.10776965558212952
2020-12-25 00:00:00+00:00,-0.019504732603995555,0.031478082942953435,-0.012430512091818577,0.03829227274840835
2020-12-26 00:00:00+00:00,0.07184726834425863,0.007059608722555751,0.11096753136075967,-0.03196195560412623
2020-12-27 00:00:00+00:00,-0.06212117198095124,-0.0007167771326247935,-0.11961962948628171,-0.008974839111077394
2020-12-28 00:00:00+00:00,0.07465841460306462,0.028165916190033016,0.16195013588551058,0.03714346456486613
2020-12-29 00:00:00+00:00,0.014175547325778692,0.04642831047082929,-0.0652153254196812,0.028198515874330494
2020-12-30 00:00:00+00:00,-0.02489201624679938,-0.030716401833285955,0.012753335749399386,0.011920142511402356
2020-12-31 00:00:00+00:00,0.015888536321053144,-0.05245074554679013,0.0894300441629478,-0.02290590238807757
2021-01-01 00:00:00+00:00,0.0028358307693595406,-0.0033838202381558857,0.025522900702531468,0.011639449416154767
2021-01-02 00:00:00+00:00,0.03498867448983241,0.056373248302375466,0.04088912272575522,0.06379089034642756
2021-01-03 00:00:00+00:00,-0.05248355166938729,-0.04592487502277591,-0.07770284366637387,-0.023415251542970784
2021-01-04 00:00:00+00:00,-0.022866134724334554,-0.0550844374682782,-0.022338453135096036,-0.0423313363982758
2021-01-05 00:00:00+00:00,0.021301986628795608,-0.00475752855190341,0.037033973388057036,0.03759316780305717
2021-01-06 00:00:00+00:00,-0.00467903687056094,-0.1278277417182798,0.05338064602861017,0.04916283360753215
2021-01-07 00:00:00+00:00,-0.07208958144785794,-0.11517967038018935,-0.06085514369876103,-0.05299518264588668
2021-01-08 00:00:00+00:00,0.000533542441350746,-0.01086084984419401,-0.014281450375805213,-0.026852036271444748
2021-01-09 00:00:00+00:00,-0.008513811898980785,0.006960437988920234,0.036123673253468096,0.03682248905878637
2021-01-10 00:00:00+00:00,-0.04297267367951004,-0.01917283449481421,-0.04547915318609619,-0.04972982839727738
2021-01-11 00:00:00+00:00,0.009498527747930191,-0.03625299938332661,-0.08239595229479894,-0.10204781700243817
2021-01-12 00:00:00+00:00,0.0012667096621463085,-8.887695880902344e-05,-0.005357773434439746,0.0051688159002553895
2021-01-13 00:00:00+00:00,0.025915401238086555,0.043828696749802,0.08934587914773919,0.10199052282383175
2021-01-14 00:00:00+00:00,0.03209101794981584,0.027880395411446147,0.05558256619403781,0.0450251885891748
2021-01-15 00:00:00+00:00,-0.013552102280972743,-0.015820617529229246,-0.05218649054050585,-0.05129575104218822
2021-01-16 00:00:00+00:00,-0.02991885503890186,0.03566879653333082,-0.003135439193783966,0.06987100438220273
2021-01-17 00:00:00+00:00,-0.007374347839051166,-0.004329839788997736,-0.008819898047110109,-0.011671452020688632
2021-01-18 00:00:00+00:00,-0.026688625990445948,-0.0013456437796906368,-0.0271371946281997,0.029175205008015254
2021-01-19 00:00:00+00:00,-0.026817070665991077,-0.027853695170003863,-0.07009175075956027,-0.07162252233826372
2021-01-20 00:00:00+00:00,0.03363539136099477,0.04149709305108341,0.06079148707203075,0.08644045665394741
2021-01-21 00:00:00+00:00,0.0032402389986633186,-0.040050965463235506,-0.12854076283851948,-0.16621031952064685
2021-01-22 00:00:00+00:00,0.020392395346629944,0.05238149100499247,0.08733399854144568,0.1385781900061576
2021-01-23 00:00:00+00:00,0.00934318744870529,0.03635460884827959,0.02834204985728427,0.07391463405222047
2021-01-24 00:00:00+00:00,0.028852704973228734,0.06267891130417957,0.07380787807913283,0.13782499158424555
2021-01-25 00:00:00+00:00,-0.04431441091873984,-0.036120818161067894,-0.09340709302981239,-0.06341115079156599
2021-01-26 00:00:00+00:00,0.08412917982762035,0.011135057804577327,0.20277025886316455,0.06408318049252175
2021-01-27 00:00:00+00:00,0.01641114121715638,0.013731409774990416,-0.07188272660238393,-0.06574797626201755
2021-01-28 00:00:00+00:00,-0.6028351957064704,0.04806134320863194,0.11370023817561431,0.1471676952903275
2021-01-29 00:00:00+00:00,-0.01542050314419398,-0.006555410866607161,0.0788674795073604,0.013560083149744075
2021-01-30 00:00:00+00:00,0.10378919205872333,0.04916004540008255,0.10106847992037328,0.12023269797036984
2021-01-31 00:00:00+00:00,0.0035805158456624357,-0.017012019290121683,-0.03680159346117934,-0.05888798175275469
2021-02-01 00:00:00+00:00,-0.04825769938849889,0.0541079165570981,-0.04452177131572459,0.13985077139302576
2021-02-02 00:00:00+00:00,-0.02387837407961014,-0.028051232782672457,0.02176442137911613,-0.027270540979320326
2021-02-03 00:00:00+00:00,0.012289102953720293,0.04603670600090161,0.055412426124041174,0.13969820439690264
2021-02-04 00:00:00+00:00,0.06900384622150553,0.07561001586310347,0.08034558445903821,0.10062751372334397
2021-02-05 00:00:00+00:00,0.02319735165796948,-0.020989646601404326,0.13830889319775613,0.0305541319560714
2021-02-06 00:00:00+00:00,-0.027151413646978702,-0.03874249662693369,-0.08628586894322363,-0.08264120933105919
2021-02-07 00:00:00+00:00,0.045814777718836006,0.05642608812944053,0.06428869469241286,0.09371028779453221
2021-02-08 00:00:00+00:00,-0.014092825311022794,-0.010823123484235185,0.03628820620766859,0.022968571727746297
2021-02-09 00:00:00+00:00,-0.07218490048758804,-0.039206479560941886,-0.06581375154635558,-0.03408580110382399
2021-02-10 00:00:00+00:00,-0.008327053305584612,0.013343163671750693,-0.004958968885124449,0.017508779943237473
2021-02-11 00:00:00+00:00,-0.04911680114588634,-0.029670316560583256,0.0636820307100383,0.029508215261876143
2021-02-12 00:00:00+00:00,-0.0207789065773574,-0.03310583014080241,0.00859318197687136,-0.015152217832876432
2021-02-13 00:00:00+00:00,-0.10412964349251755,-0.05421228143595493,-0.08255104435397782,-0.0582925280343822
2021-02-14 00:00:00+00:00,-0.03078806195676035,-0.023434298330170217,-0.06087721958541236,-0.04640302566556543
2021-02-15 00:00:00+00:00,-0.029031654173262308,-0.02685336335773832,-0.058064404018416275,-0.0537078223873683
2021-02-16 00:00:00+00:00,-0.014924536776604005,-0.014751063195742618,-0.02985016922509967,-0.029503222063376897
2021-02-17 00:00:00+00:00,-0.010636456093620674,0.04001272865011895,-0.02127400785913301,0.08002436162834624
2021-02-18 00:00:00+00:00,0.08008790005408271,0.06661984171380686,0.16017497831328262,0.1332388616327309
2021-02-19 00:00:00+00:00,-0.0011733742659555619,0.09514725940612721,-0.0023478442038027836,0.19029342314036277
2021-02-20 00:00:00+00:00,-0.016010894733376257,-0.04006005771841908,-0.03202288513864417,-0.08012121110872981
2021-02-21 00:00:00+00:00,0.04714093220537621,0.025802654097079554,0.09773559238207646,0.05160421252226745
2021-02-22 00:00:00+00:00,-0.03351243226791669,-0.03666940754610904,-0.09402266711801763,-0.07333963688710089
2021-02-23 00:00:00+00:00,-0.037543848426316084,-0.06897526035156701,-0.128779707616724,-0.13795161637502568
2021-02-24 00:00:00+00:00,0.026193036888486867,0.05058141061255348,0.12803795950509064,0.10116199943022415
2021-02-25 00:00:00+00:00,0.0007535048106574846,-0.02382196860565859,-0.023596507842551014,-0.04764503288320884
2021-02-26 00:00:00+00:00,0.02116179365018743,0.018368664137293267,0.012539488231760687,0.036736232602694874
2021-02-27 00:00:00+00:00,0.012777506958697149,0.008092108641938427,0.00963750911015372,0.016183121611985193
2021-02-28 00:00:00+00:00,0.003733986697987286,-0.02057764012592944,0.0050187056302012385,-0.03996706468882781
2021-03-01 00:00:00+00:00,0.02959168393515146,0.022408155161168713,0.2198848893541507,0.13867189784092548
2021-03-02 00:00:00+00:00,-0.07774206143867932,-0.07193533382626059,-0.08070880338260138,-0.05599399571600953
2021-03-03 00:00:00+00:00,-0.02896116528255986,0.020798751836668468,-0.012696331710316606,0.021762022519704747
2021-03-04 00:00:00+00:00,-0.011655422488968795,-0.006651125687280464,-0.09176571355593692,-0.05996242321256312
2021-03-05 00:00:00+00:00,0.0038424658889490964,0.018555458833947876,0.01646829600464067,0.0038363902944754356
2021-03-06 00:00:00+00:00,-0.0034022789826613957,-0.030810613685218508,-0.011599684357685979,-0.012882525865177848
2021-03-07 00:00:00+00:00,0.03723066085838865,0.022281574323690833,0.12068343663810153,0.08718688428845695
2021-03-08 00:00:00+00:00,0.11716400688991295,-0.004507714698142682,0.31346474912230127,-0.013549678031248347
2021-03-09 00:00:00+00:00,-0.009061507727846854,-0.026746763313540405,0.122918245189225,0.08958110933838098
2021-03-10 00:00:00+00:00,0.0010223385671474434,0.011590411461195476,-0.0848829954647512,-0.05903215675095336
2021-03-11 00:00:00+00:00,0.05010659105838122,0.002311645941260894,0.1599612859303629,0.010643940598033905
2021-03-12 00:00:00+00:00,0.21085104806471078,0.0006889166019520491,0.35231433274227253,-0.06219857053024004
2021-03-13 00:00:00+00:00,-0.05983843053081707,-0.02070253697629259,-0.04795935822479339,0.05305970619178959
2021-03-14 00:00:00+00:00,0.04205053846707412,0.01154479413470676,0.03253291916517878,-0.03168221786024483
2021-03-15 00:00:00+00:00,0.032117835757972064,-0.00850158659157352,0.030058730123619693,-0.02507286623711411
2021-03-16 00:00:00+00:00,-0.07276759098177477,0.012935478198461876,-0.08081484800662264,0.08060572783399486
2021-03-17 00:00:00+00:00,0.025330167518591247,0.058996298797825336,0.048755368688819425,0.11946970839554533
2021-03-18 00:00:00+00:00,0.017418402735192722,-0.01538592196742073,0.04416918179083433,-0.042401362414486395
2021-03-19 00:00:00+00:00,-0.02094766805822318,-0.004900232229212256,-0.023632639018924907,0.027904872501486763
2021-03-20 00:00:00+00:00,-0.04929492453033037,-0.003286310371269782,-0.09857837333858219,-0.01658934646023469
2021-03-21 00:00:00+00:00,0.036199333956052446,0.01928055009999568,0.05498676330725897,0.023359254586791632
2021-03-22 00:00:00+00:00,-0.023103724126746,-0.011597163067930249,-0.10670253219996605,-0.05860391080060138
2021-03-23 00:00:00+00:00,-0.024844499818510998,-0.0049242948400680655,-0.057771048097516216,-0.0043799586076673745
2021-03-24 00:00:00+00:00,0.03557591549810419,-0.0120092540392298,-0.010070411277500494,-0.06769822826695303
2021-03-25 00:00:00+00:00,-0.0022501428259051495,-0.004706428378883949,-0.009809662812156525,-0.0015473603258584472
2021-03-26 00:00:00+00:00,-0.0007985596358643512,0.06484385062581631,0.10092693279775207,0.18675997162496505
2021-03-27 00:00:00+00:00,0.012818080078717113,0.019395315868616154,0.0037294217514627142,0.024738734037447387
2021-03-28 00:00:00+00:00,-0.04754046497147323,-0.05602851306030815,-0.07794001252190254,-0.025448746678075368
2021-03-29 00:00:00+00:00,-0.05481902138416585,0.011670181667098697,-0.008115412350835375,0.03224123386201456
2021-03-30 00:00:00+00:00,0.017219987711043796,0.04634193653129805,0.019524431942123038,0.09763580502073424
2021-03-31 00:00:00+00:00,-0.021944252697245946,0.10722121145380499,-0.053955525564434954,0.21213706845855645
2021-04-01 00:00:00+00:00,-0.03245774453077708,-0.022318861241101173,0.018122306359740287,-0.023731945126601345
2021-04-02 00:00:00+00:00,-0.021001220138194988,-0.027202541087412182,0.00919840931778572,0.006310480987359485
2021-04-03 00:00:00+00:00,-0.00608259848398247,0.05319467341234897,-0.08848384784668237,0.005831577423374251
2021-04-04 00:00:00+00:00,-0.014779669464253454,0.029299778357199456,0.03913724978806476,0.10423062702998896
2021-04-05 00:00:00+00:00,-0.015779108711706995,-0.003406396159551671,-0.033918877460331696,-0.0015477306612622418
2021-04-06 00:00:00+00:00,-0.04886524251132252,-0.048455258218336135,-0.07232555212891882,-0.08529349937992906
2021-04-07 00:00:00+00:00,0.019378812968997357,-0.014891879430927771,-0.07719103710265426,-0.08616447772875636
2021-04-08 00:00:00+00:00,0.009183356355195606,0.010336029440926667,0.07295446468744134,0.06953625389416548
2021-04-09 00:00:00+00:00,0.017574208851434413,0.010732463542271985,0.037627798782141016,0.009578636066453629
2021-04-10 00:00:00+00:00,-0.014972466807402338,-0.006240551102359523,-0.025881188569533253,0.021629249859905844
2021-04-11 00:00:00+00:00,-0.021577876564859322,-0.0005751727924661749,-0.03721467716538704,-0.0071262054657271505
2021-04-12 00:00:00+00:00,-0.017004367489442115,-0.09021584863239195,0.017542759524276377,0.005959460529274645
2021-04-13 00:00:00+00:00,0.02147321648174117,0.057064155670634234,0.08162699377176422,0.06357903885842905
2021-04-14 00:00:00+00:00,-0.034456657594404104,-0.018900869013098027,-0.003948362276069954,-0.0141381640533694
2021-04-15 00:00:00+00:00,-0.013258318918102968,-0.018478969968607765,0.02576681186799807,-0.0056561623067200644
2021-04-16 00:00:00+00:00,0.027668575225749944,-0.06267822370150433,-0.031225266359018383,-0.022836111481339454
2021-04-17 00:00:00+00:00,-0.015224296929713256,0.041240466695049216,-0.027133132316585644,-0.010279525120641538
2021-04-18 00:00:00+00:00,0.06778015273989102,0.010237234070312278,0.010827229075663846,-0.06371147532737736
2021-04-19 00:00:00+00:00,0.04868433360537126,-0.003287708810461209,0.03200192643997869,-0.08250547154562385
2021-04-20 00:00:00+00:00,-0.03955309614899006,0.008154668612542826,-0.05342121563773461,0.04488242972510434
2021-04-21 00:00:00+00:00,-0.03663809715141037,-0.01874325605507353,-0.053279836325343256,-0.05977176401282885
2021-04-22 00:00:00+00:00,0.0007153065720813409,-0.02158277272252238,-0.06839018506119716,-0.09062646183302593
2021-04-23 00:00:00+00:00,-0.060370403704498754,-0.038214666453359226,-0.01899109995309928,-0.0042660321988565635
2021-04-24 00:00:00+00:00,0.0032952056962622252,-0.0024284168597273666,-0.037763867460560284,-0.08135284616963273
2021-04-25 00:00:00+00:00,-0.03852562143006779,-0.005150653821565348,-0.04681468125044968,-0.005098871092248025
2021-04-26 00:00:00+00:00,-0.05747853135198255,0.017887321666072365,0.10832903694444121,0.1643610655150478
2021-04-27 00:00:00+00:00,-0.01581491082777762,-0.026893959068788928,0.04445386827100266,0.04629299526536823
2021-04-28 00:00:00+00:00,0.042606528082960365,0.006071486961468482,0.05887027374224486,-0.007439704918564968
2021-04-29 00:00:00+00:00,-0.040845983371774794,0.0095332547703228,-0.037419434609872994,0.019667858421627465
2021-04-30 00:00:00+00:00,0.014188424592271352,0.03549697608904053,0.06904659749789532,0.10450847229186168
2021-05-01 00:00:00+00:00,0.052354838788511084,-0.01029833692041962,0.13469272107634628,0.00966116295877007
2021-05-02 00:00:00+00:00,0.0010051796073870256,-0.018869789638763436,-0.001421255239862722,-0.03557860171185852
2021-05-03 00:00:00+00:00,0.010057725529955172,0.05405032274664044,0.10109241185509314,0.10475960102785299
2021-05-04 00:00:00+00:00,0.12195473924621285,0.12614630592633078,0.14288662645164146,0.15736680321524846
2021-05-05 00:00:00+00:00,0.0673515297934221,0.02949701641316468,0.24200955839851335,0.20928308760188108
2021-05-06 00:00:00+00:00,0.05992170343881641,0.028770281218794824,0.08124963033612369,0.0906765498792708
2021-05-07 00:00:00+00:00,0.017205612605226413,0.028942043609482417,0.022031321689556484,0.02355178964079093
2021-05-08 00:00:00+00:00,0.009012260649589649,0.013799197654909973,0.037512657986465185,0.012491417728591584
2021-05-09 00:00:00+00:00,-0.011473838276082721,-0.029396666597522447,-0.014517298367015475,-0.07128415711292313
2021-05-10 00:00:00+00:00,-0.008241050602346783,-0.00979686330829829,-0.141523742296024,-0.11989783572172075
2021-05-11 00:00:00+00:00,0.032778486091266906,-0.0014349638916260916,0.1227929691095513,0.0643418401945428
2021-05-12 00:00:00+00:00,0.0012584036166130054,-0.013795232321220504,-0.1515109183258538,-0.1570759945753673
2021-05-13 00:00:00+00:00,-0.005782328707445665,0.03582218089092953,0.09645514992731077,0.07823650547010645
2021-05-14 00:00:00+00:00,0.1055244198786043,0.04769743057143586,0.23711461589056618,0.11771844503103938
2021-05-15 00:00:00+00:00,-0.012377531300032673,-0.00493578496130427,-0.029907131764682644,-0.05166219456054001
2021-05-16 00:00:00+00:00,-0.028064232337126023,0.006470212236022057,0.008583567184953777,0.009052319446593031
2021-05-17 00:00:00+00:00,0.032953314770891,-0.0016141699792821436,-0.039264399312555834,-0.08555255862327836
2021-05-18 00:00:00+00:00,0.06462093577120524,-0.004154240486553236,0.12799567611266977,-0.0026234481164187423
2021-05-19 00:00:00+00:00,0.01579332658264369,-0.02419834019161394,-0.33998412511194154,-0.3246808333340027
2021-05-20 00:00:00+00:00,0.028309378106651698,-0.010290498445924735,0.30855301818504954,0.21323491338646125
2021-05-21 00:00:00+00:00,0.006671633780607694,-0.007392734195237139,-0.13442505580377115,-0.1436278866628977
2021-05-22 00:00:00+00:00,-0.05008946463608971,-0.014151732431334722,-0.11769620944420968,-0.0737534289396202
2021-05-23 00:00:00+00:00,-0.06005960869888131,0.033129436723846786,-0.10331612674847278,-0.07338263727883611
2021-05-24 00:00:00+00:00,0.1060811940478696,-0.008787117302497156,0.3905138275570905,0.20429830608966093
2021-05-25 00:00:00+00:00,0.014604737399432592,0.014726873927927112,0.0316199130265206,0.021963291919623235
2021-05-26 00:00:00+00:00,-0.04518212327327536,-0.044629535345792434,0.07655532700654438,0.05448155652504424
2021-05-27 00:00:00+00:00,-0.02885924389419369,0.013912374621866442,-0.06541121446003494,-0.04419707854362784
2021-05-28 00:00:00+00:00,0.016150128165150573,0.010127990354244045,-0.10591370816839014,-0.056394741085534036
2021-05-29 00:00:00+00:00,0.022563918970764606,-0.004456793346641283,-0.05864703706496019,-0.04327967782799172
2021-05-30 00:00:00+00:00,-0.03733225712996465,-0.02309763794296948,0.03245561725447386,-0.00046639270772402407
2021-05-31 00:00:00+00:00,-0.03270547205636108,-0.05213398888623336,0.002106629510306768,2.739589426425937e-07
2021-06-01 00:00:00+00:00,0.008261666157915765,0.020730046513148897,-0.008081106323444434,5.478905682476665e-07
2021-06-02 00:00:00+00:00,-0.04876348584019086,-0.02008857280746255,-0.004918384055139716,5.478905682476665e-07
2021-06-03 00:00:00+00:00,-0.04464122049708353,-0.08080463256637561,0.004606944537705958,5.478905682476665e-07
2021-06-04 00:00:00+00:00,0.05165939757338607,0.03696291615952161,-0.035778162730163605,5.478905682476665e-07
2021-06-05 00:00:00+00:00,0.015401326468739512,0.010090116236082728,-0.021520614217995792,5.478905682476665e-07
2021-06-06 00:00:00+00:00,-0.034911701951684776,-0.007980394711576954,-0.00023278544276508566,5.478905682476665e-07
2021-06-07 00:00:00+00:00,0.057591358516621186,0.047411619750252876,5.478905682476665e-07,5.478905682476665e-07
2021-06-08 00:00:00+00:00,0.004405527516156724,-0.0006122521721816416,5.478905682476665e-07,5.478905682476665e-07
2021-06-09 00:00:00+00:00,-0.02755638813620228,-0.030482656099595065,8.217948828104227e-07,8.217948828104227e-07
2021-06-10 00:00:00+00:00,0.018339089272727697,0.024536318603728614,8.217948828104227e-07,8.217948828104227e-07
2021-06-11 00:00:00+00:00,0.03332360883120459,0.02998503450111691,8.217948828104227e-07,8.217948828104227e-07
2021-06-12 00:00:00+00:00,-0.0018044132124529276,-0.004113501922830347,8.217948828104227e-07,8.217948828104227e-07
2021-06-13 00:00:00+00:00,-0.013139555106709841,-0.011791098685997592,0.048640968375637424,0.07347971704516626
2021-06-14 00:00:00+00:00,-0.025856787411401683,0.0030949645106319035,0.01505728682862078,0.03053315071224764
2021-06-15 00:00:00+00:00,-0.0409744784657277,0.01746249741949568,-0.0436901363627904,0.013180026938494594
2021-06-16 00:00:00+00:00,-0.004101258354060335,0.006959974453710846,-0.06568364039852669,-0.047506890554765625
2021-06-17 00:00:00+00:00,0.008549656819081325,0.0030591998358289506,0.0004954747441139817,0.007861228634566465
2021-06-18 00:00:00+00:00,-0.009304569755239743,0.007695767120066959,-0.09414920855554555,-0.0636714004042152
2021-06-19 00:00:00+00:00,-0.008911383362161894,0.008161153230257737,-0.047100044087394474,-0.022362901734789
2021-06-20 00:00:00+00:00,0.0011533052471262627,-0.024786286440945087,0.003443357301263431,0.0066547505797596605
2021-06-21 00:00:00+00:00,0.015078361984846278,0.013300355817487435,-0.22323803676305612,-0.1866189848927287
2021-06-22 00:00:00+00:00,0.005435296628937649,0.0047357851597065025,-0.0038669933257601463,0.00479330595201941
2021-06-23 00:00:00+00:00,-0.02333465057023652,0.017051481134953805,0.09947486081349377,0.10275361652313711
2021-06-24 00:00:00+00:00,-0.014280648567414974,-0.005719002079442224,-0.0028978955660168607,0.028749151363119084
2021-06-25 00:00:00+00:00,0.0180393182948165,0.00873332891859201,-0.07973846389928047,-0.08703125121100626
2021-06-26 00:00:00+00:00,-6.665274660032369e-05,-0.012560576684393929,0.0019689372139222944,0.018082314631625077
2021-06-27 00:00:00+00:00,-0.04071480914490882,-0.03177995678499212,-0.0006983566559866865,-0.0006983566559866865
2021-06-28 00:00:00+00:00,-0.05960078045543418,-0.03371533061134878,1.3695215999032229e-06,1.3695215999032229e-06
2021-06-29 00:00:00+00:00,-0.02478935452977614,-0.03746709899969362,1.0956718916599328e-06,1.0956718916599328e-06
2021-06-30 00:00:00+00:00,-0.007753411953048527,-0.015670362439180647,1.3695215999032229e-06,1.3695215999032229e-06
2021-07-01 00:00:00+00:00,0.045325211553915216,0.04209431270209049,1.3695215999032229e-06,1.3695215999032229e-06
2021-07-02 00:00:00+00:00,0.001474434677353048,-0.007545398876822984,1.3695215999032229e-06,1.3695215999032229e-06
2021-07-03 00:00:00+00:00,-0.012957568219612968,-0.02382752471757765,1.3695215999032229e-06,1.3695215999032229e-06
2021-07-04 00:00:00+00:00,0.029682328158603093,-0.008704008754765393,0.10474025358342984,-0.0013633601804408208
2021-07-05 00:00:00+00:00,0.021685485943011246,0.012470719936663932,-0.004063657906071196,-0.030197145205366167
2021-07-06 00:00:00+00:00,0.014898077609210802,-0.022245853476994936,0.12788095073724484,0.023091894321996764
2021-07-07 00:00:00+00:00,0.0018685326308275903,-0.01895091384183847,0.050711274073393896,-0.018767079122313908
2021-07-08 00:00:00+00:00,0.007534264189977193,0.024209716507315033,-0.0761545916441765,-0.04172246539177183
2021-07-09 00:00:00+00:00,0.05817831831916613,-0.01503587805067652,0.133281478963695,-0.0007637862191574512
2021-07-10 00:00:00+00:00,0.003932244692136601,0.004832181894200964,0.007033303013857238,-0.01664743178686537
2021-07-11 00:00:00+00:00,0.012536898792609505,-0.0008598704498547036,0.03563645714399607,0.00902770875448914
2021-07-12 00:00:00+00:00,-0.02367229557404515,0.01901783837501438,-0.09240426817142308,-0.01303225773350132
2021-07-13 00:00:00+00:00,0.049903516613229844,0.011711070832418024,0.05893794789257196,-0.019165255916850595
2021-07-14 00:00:00+00:00,0.09999009018297494,0.012986056789101048,0.1812133371725439,0.00605788426187399
2021-07-15 00:00:00+00:00,-0.04570959386693027,7.950844306045983e-05,-0.023253428531556663,-0.014019857469240282
2021-07-16 00:00:00+00:00,0.0059628004883522994,0.03932408077134355,-0.10117496917893024,-0.013464062486637377
2021-07-17 00:00:00+00:00,-0.021907950538200754,-0.009926509013832584,-0.054986989594919974,0.010013690434453324
2021-07-18 00:00:00+00:00,0.03235363810574624,0.007512267490138782,0.05111291737218816,0.0009635094743065667
2021-07-19 00:00:00+00:00,0.0003536247293515235,0.008049252611970283,-0.0664532020215662,-0.05106194625632867
2021-07-20 00:00:00+00:00,-0.025605004441650637,0.004961614301739707,-0.11165758445994098,-0.0505243469731603
2021-07-21 00:00:00+00:00,0.034546766834183076,-0.035576662883419714,0.2752011687683589,0.13495430933315333
2021-07-22 00:00:00+00:00,0.028147312204562548,-0.011753250217869885,0.08644723090842081,0.006646106063555956
2021-07-23 00:00:00+00:00,0.1727077773734003,-0.005637618995675691,0.38942005615426856,0.032729263416116615
2021-07-24 00:00:00+00:00,-0.014130386387407767,0.027101022960919662,0.014213230052714285,0.09667604874936914
2021-07-25 00:00:00+00:00,0.03857686846824705,0.004545527927534212,0.06270974989366268,0.0028504439798577156
2021-07-26 00:00:00+00:00,-0.09260064869646421,-0.003946355468185957,-0.1311457182803127,-0.002280608048760363
2021-07-27 00:00:00+00:00,0.09919339047699005,0.00663259149953683,0.2107569716470772,0.015973948442361056
2021-07-28 00:00:00+00:00,-0.029425838622632563,0.005329256714194626,-0.0057095729227185045,0.0007507409059397285
2021-07-29 00:00:00+00:00,-0.02690170512657724,-0.017711542201599973,0.012807672881851757,0.010003108549006127
2021-07-30 00:00:00+00:00,-0.03308208720484244,8.019673004981982e-06,-0.009708613072890454,0.016827721010193385
2021-07-31 00:00:00+00:00,-0.02797586240254031,-0.01533421248583825,-0.043632184959412686,0.010296621012349615
2021-08-01 00:00:00+00:00,-0.056633461403413236,-0.024537076068785968,-0.09637813645839058,-0.02073215098827694
2021-08-02 00:00:00+00:00,0.018876314205273782,0.009610660770831754,0.04372512012157997,0.022073486297942185
2021-08-03 00:00:00+00:00,-0.006566305963286149,0.0001080788566740158,-0.04262155201331231,-0.014543096793574212
2021-08-04 00:00:00+00:00,0.01530059268599749,0.004029345378259278,0.10023400639801493,0.04562311446020274
2021-08-05 00:00:00+00:00,-0.031234864618428556,0.006033460648728113,-0.028905557653592397,0.019951367988412426
2021-08-06 00:00:00+00:00,-0.0021144360898325055,-0.01853841242086369,0.008591547043785838,0.020978157806607427
2021-08-07 00:00:00+00:00,-0.07883962161723605,-0.02891418916986253,-0.013747858191667763,0.0560148045656804
2021-08-08 00:00:00+00:00,-0.020810042803230497,-0.02489725482418574,-0.0409217289504743,-0.049096152992384796
2021-08-09 00:00:00+00:00,0.014167071263959758,0.0348069286792812,0.028332499183906203,0.06961221401454909
2021-08-10 00:00:00+00:00,0.1465853465159764,0.13260191105607597,0.2931693235103529,0.26520245259055203
2021-08-11 00:00:00+00:00,-0.005377605870482681,-0.018077639709735176,-0.010756581262565266,-0.036156648941070256
2021-08-12 00:00:00+00:00,-0.011429764943336772,-0.01567908331374989,-0.022861173230686857,-0.031359809971513095
2021-08-13 00:00:00+00:00,0.03217842976421938,0.030785878637412837,0.06435521618442544,0.06157011393081236
2021-08-14 00:00:00+00:00,-0.015289718545564731,-0.0212559069413839,-0.030581080435142776,-0.04251345722678111
2021-08-15 00:00:00+00:00,-0.0660351461208056,-0.04261551867606476,-0.04694747610557045,-0.00010822121608874686
2021-08-16 00:00:00+00:00,-0.01958992172625482,0.003370444774741857,-0.06943827873704195,-0.023517545735048603
2021-08-17 00:00:00+00:00,-0.0023334256135388596,-0.008133852150232013,-0.04944132035802536,-0.061042173431411675
2021-08-18 00:00:00+00:00,0.00834477960692297,0.0277350096028416,0.010380196413034148,0.049160656404871404
2021-08-19 00:00:00+00:00,0.032940601273296746,0.04595107381081574,0.09247918699475391,0.11850013206979193
2021-08-20 00:00:00+00:00,-0.0011982929714684546,0.009173368517673981,0.007052600287332198,0.02779592326561707
2021-08-21 00:00:00+00:00,-0.04043892862308119,-0.030390393915530462,-0.04024927437159859,-0.020152204956497114
2021-08-22 00:00:00+00:00,-0.01574484051145221,0.01551449089238538,-0.03102438387783766,0.03149427892983752
2021-08-23 00:00:00+00:00,0.013028122294618739,0.019804972903345076,0.026054875067637574,0.03960857628509025
2021-08-24 00:00:00+00:00,0.004831568614226317,-0.039814018897770455,0.00966176770685273,-0.07962940731714081
2021-08-25 00:00:00+00:00,-0.0054420402196187784,0.010888366292799607,-0.01088572378325087,0.0217750892415859
2021-08-26 00:00:00+00:00,-0.05913599424341786,-0.013139473806379432,-0.11827335800843562,-0.026280317134358768
2021-08-27 00:00:00+00:00,0.0675440896076373,0.0665465487097061,0.1350868096936747,0.1330917278978123
2021-08-28 00:00:00+00:00,0.011669419495744114,0.012248779303509323,0.023337469469888326,0.024496189085418743
2021-08-29 00:00:00+00:00,-0.02090356483132472,0.005704030725567465,-0.04422404867010773,0.008322131651373714
2021-08-30 00:00:00+00:00,0.018021050600579302,0.012589480139735189,0.015409268697625688,0.019165287621837456
2021-08-31 00:00:00+00:00,-0.0494398776964286,-0.018756467230864535,-0.04118060444644568,-0.006120572171923998
2021-09-01 00:00:00+00:00,-0.015348932163894418,0.004771161629341145,0.03414264102899777,0.027336604123367022
2021-09-02 00:00:00+00:00,0.0668182359514925,0.03308113573567854,0.10055064496970666,0.05483838447800759
2021-09-03 00:00:00+00:00,0.017970716763601048,0.02832553216462528,0.02163358354402342,0.05173189468632965
2021-09-04 00:00:00+00:00,-0.014741812888413192,0.0015540774218337705,-0.012833898923544664,0.00500796738215366
2021-09-05 00:00:00+00:00,-0.04546259697844216,0.013943153127588134,-0.05765248414853049,0.04201888256858768
2021-09-06 00:00:00+00:00,0.0703651270566716,0.0006872671790447608,0.10481519470112412,0.02145828878957704
2021-09-07 00:00:00+00:00,0.07021179614010643,-0.013749335486515078,-0.04557200810880532,-0.09037889787208418
2021-09-08 00:00:00+00:00,0.029751758978919848,0.02608174181739212,0.08545512703294196,0.043400688818678285
2021-09-09 00:00:00+00:00,0.009869558462945634,0.02216536783267285,0.04453160130894006,0.04045072435992007
2021-09-10 00:00:00+00:00,-0.01094624722969421,0.10172865624705987,-0.07836013145304477,0.19351912817329342
2021-09-11 00:00:00+00:00,0.003730249499416283,0.005821706083457711,0.008521776981197597,0.01908954980301436
2021-09-12 00:00:00+00:00,-0.04123139902920398,-0.010072163257920881,-0.031091340396772204,0.004091712012922909
2021-09-13 00:00:00+00:00,-9.55922380853752e-05,0.0035260415891096974,-0.07049808140590341,-0.06230574337626749
2021-09-14 00:00:00+00:00,-0.0292090065154,-0.03967764096504035,-0.009817598499401196,-0.04503744077168365
2021-09-15 00:00:00+00:00,0.0155482825504757,-0.003936763454875568,0.0896795376229942,0.05112732547613479
2021-09-16 00:00:00+00:00,-0.023357809870604207,0.021165106231442767,-0.07254730414633315,0.04757389911303013
2021-09-17 00:00:00+00:00,-0.002263048647698997,-0.0059360179398453145,-0.04427173764616588,-0.0249324746135785
2021-09-18 00:00:00+00:00,0.00870860076718515,0.029163813041626394,0.07405585160351306,0.04613078790057979
2021-09-19 00:00:00+00:00,0.022296049399151318,0.0015438151101793633,-0.017271021777394122,-0.03801122496135043
2021-09-20 00:00:00+00:00,0.00523217471913059,-0.01589408110948517,-0.16554799939659376,-0.15946664658268384
2021-09-21 00:00:00+00:00,-0.0008282402252894831,0.010216791620123823,-0.08707531187983733,-0.03486680291369174
2021-09-22 00:00:00+00:00,0.037595711742984525,0.0310951121351952,0.25100507275725453,0.21357863970265847
2021-09-23 00:00:00+00:00,0.04917625150139042,0.010419337150211459,0.12285500119480985,0.03428349332577091
2021-09-24 00:00:00+00:00,0.07820901438603577,-0.0012224718744975346,0.04085636409797966,-0.06837492959355987
2021-09-25 00:00:00+00:00,-0.0012122188883851052,-0.015217589925502683,-0.02959506607650823,-0.03671659426423623
2021-09-26 00:00:00+00:00,0.009079477145170206,0.0013938564711249296,-0.010002128523918722,-0.036277356373739654
2021-09-27 00:00:00+00:00,0.02555901130077792,0.011745425536209704,0.013694848336076404,0.017953963823967835
2021-09-28 00:00:00+00:00,-0.009196280617171471,-0.025538249461911564,-0.06114027934493281,-0.057539556903926745
2021-09-29 00:00:00+00:00,0.009100024330815668,-0.0051899100523889845,0.03560842013194089,0.031718041248519305
2021-09-30 00:00:00+00:00,-0.05080908002930091,-0.00897376699943826,-0.009711132143921514,0.05164977191155649
2021-10-01 00:00:00+00:00,-0.06430135207099838,-0.09719336296541613,0.00897310344296519,-0.004264137012421067
2021-10-02 00:00:00+00:00,0.000408735034245233,0.04545828454619692,0.004724754433057234,0.04034275504774675
2021-10-03 00:00:00+00:00,-0.019759116245966896,0.025170039948244363,-0.01424897878859786,0.0895453358707002
2021-10-04 00:00:00+00:00,0.0013586731134458605,-0.012663730168321473,-0.03738039993501258,-0.03874320984220142
2021-10-05 00:00:00+00:00,-0.0009230618097888953,-0.01586737810271926,0.008364439577987739,-0.018050598555809462
2021-10-06 00:00:00+00:00,-0.016146539055861598,-0.010795262211249846,-0.06043631615708048,-0.04494983861148999
2021-10-07 00:00:00+00:00,0.0313107833391846,-0.0017004933888085621,0.04179370800691507,0.018709323298220514
2021-10-08 00:00:00+00:00,0.03387194721676699,-0.024121558338726336,0.07291737856190221,-0.016615217228761876
2021-10-09 00:00:00+00:00,-0.024029178563424503,0.005639255893679416,-0.022971945811426295,0.003445091927749061
2021-10-10 00:00:00+00:00,0.00922464966897035,0.0027181679931425158,-0.056919535931112486,-0.07576930045857846
2021-10-11 00:00:00+00:00,0.05515902174192535,0.022471298547353694,0.10943523157074254,0.051367362109636994
2021-10-12 00:00:00+00:00,-0.019654213009414133,-0.011940465153589742,-0.03606944722419573,-0.03180605280068645
2021-10-13 00:00:00+00:00,-0.019529406613815695,-0.015061256742934874,-0.012714124781734257,-0.022871223294404913
2021-10-14 00:00:00+00:00,0.010567159973866225,0.0189869939273905,0.02428352275561244,0.04828810034509381
2021-10-15 00:00:00+00:00,-0.03758708355043102,-0.011441818979733578,-0.06942504874515862,-0.0446841509103302
2021-10-16 00:00:00+00:00,0.031587798027446275,0.014377492312988498,0.04015943895959951,0.03122755446112282
2021-10-17 00:00:00+00:00,0.018544384460672258,0.023335505602200202,0.009447843679340784,0.026621600386495012
2021-10-18 00:00:00+00:00,0.004600610546098277,-0.0009285027604637025,-0.007700016397732254,-0.017022656303414378
2021-10-19 00:00:00+00:00,-0.05016441232520285,-0.0022163494361640028,-0.046117345485030166,0.03293551755063834
2021-10-20 00:00:00+00:00,-0.005628695789253704,-0.0009152882810703427,0.018953098610360826,0.0352830060791594
2021-10-21 00:00:00+00:00,-0.02412559040246861,-0.026941874706704127,-0.06578871052189525,-0.06878231149595389
2021-10-22 00:00:00+00:00,-0.01071522747530213,0.028869824263651152,0.01095001220922361,0.07914635377881189
2021-10-23 00:00:00+00:00,0.03515514421275148,-0.016475559988440382,0.0753517603617539,-0.016844681972481672
2021-10-24 00:00:00+00:00,0.011429227763265921,0.020811535374831856,-0.013252135266312347,0.002909656261343061
2021-10-25 00:00:00+00:00,0.04316341673270901,0.023635714634030126,0.12181867173318768,0.07147847614594471
2021-10-26 00:00:00+00:00,0.0020031854993962477,-0.03780466460342735,0.009163414881302961,-0.0024674336209322893
2021-10-27 00:00:00+00:00,0.12118040485961264,0.042600807490183135,0.11904725395278283,-0.049267516421709415
2021-10-28 00:00:00+00:00,-0.05980778012710198,-0.01821241149885495,-0.0240105388045959,0.004612211464378312
2021-10-29 00:00:00+00:00,0.013052707305464074,-0.012990901628736264,0.06514980222619786,0.022190810099841817
2021-10-30 00:00:00+00:00,0.0010838224688909622,-0.006525431878873934,-0.04867658310624693,-0.0387412476120467
2021-10-31 00:00:00+00:00,-0.0662863142559524,-0.00021099600759475444,-0.1018085002547955,0.019064310044431328
2021-11-01 00:00:00+00:00,0.08555941228770775,0.012807889872855725,0.15807847551286577,0.012761728058626663
2021-11-02 00:00:00+00:00,0.05577601582611646,0.013922122951110468,0.13963934572858866,0.035340561256880725
2021-11-03 00:00:00+00:00,-0.04156633778222099,0.021782288136097464,-0.0759991215084516,0.05786649348013434
2021-11-04 00:00:00+00:00,-0.05243591781271482,0.0006205712044230416,-0.13403769751053804,-0.020912891261019823
2021-11-05 00:00:00+00:00,0.04107387082638465,-0.00018634226637457023,0.07965512265771824,0.009746781860575033
2021-11-06 00:00:00+00:00,0.030006972300350456,0.02632741881206862,0.026965414945411565,0.04626497901127827
2021-11-07 00:00:00+00:00,0.01208920569390036,-0.02382109269307314,0.05051642799725092,-0.020635083938881315
2021-11-08 00:00:00+00:00,0.04576295021506119,-0.0325005317850044,0.09612630294002483,-0.02990718412642665
2021-11-09 00:00:00+00:00,0.05714649929562581,-0.026896904055578225,0.09718649850009704,-0.03416223854975393
2021-11-10 00:00:00+00:00,0.0011672282493622496,0.016417802249154057,-0.008803872955044019,-0.04750318484922301
2021-11-11 00:00:00+00:00,0.033364709971832086,0.03667097860305715,0.06406325743961092,0.06710901049457413
2021-11-12 00:00:00+00:00,0.0675785650728453,0.029911037762218647,0.08967163303437979,0.04682635757247327
2021-11-13 00:00:00+00:00,-0.1075910237653286,-0.0005179891715469422,-0.024049706816361156,0.007190254057485799
2021-11-14 00:00:00+00:00,0.02467024160429985,0.0025039322113741286,0.04803633063556588,-0.002720171316686004
2021-11-15 00:00:00+00:00,0.00313040938227399,0.012469187048359053,-0.01413389890000408,0.003589043807791474
2021-11-16 00:00:00+00:00,0.060039642798945664,0.03707783932411216,0.01547704329034159,-0.024110220025043518
2021-11-17 00:00:00+00:00,0.014842723937613655,0.0034471600833283845,0.05034776817303632,0.043275650639461254
2021-11-18 00:00:00+00:00,0.05206886591016853,0.02725278105153758,0.04803694118226177,-0.020999074768159664
2021-11-19 00:00:00+00:00,0.015156600777092796,0.025812412646553016,0.12152644595845932,0.13179783364290995
2021-11-20 00:00:00+00:00,-0.029409175716880034,-0.0053016073367966494,-0.04675365384183798,0.014187675966537285
2021-11-21 00:00:00+00:00,-0.013291235542581588,0.005251780172141906,-0.05712035340512624,-0.012909670461769902
2021-11-22 00:00:00+00:00,0.0540843085192939,-0.0016678916819340996,0.07686903830800139,-0.016708650507905976
2021-11-23 00:00:00+00:00,0.021577945299964305,-0.023489711004659596,0.06824138916301062,0.003225318030101987
2021-11-24 00:00:00+00:00,0.12610619662900066,-0.0055068358165731085,0.1727669890277034,-0.030229403807426
2021-11-25 00:00:00+00:00,-4.29093165435208e-05,0.013214207240661002,0.06848271780765969,0.05505353644766305
2021-11-26 00:00:00+00:00,0.0009407729230565374,0.00032954952958591267,-0.10582170845052753,-0.11027355694186121
2021-11-27 00:00:00+00:00,-0.0546331434427625,0.02051884255098822,-0.028687811144814144,0.03512562912705788
2021-11-28 00:00:00+00:00,0.00010442059317944136,0.004207755821371845,0.04598205914237432,0.022183204260351894
2021-11-29 00:00:00+00:00,-0.04976775056131229,-0.030098720733783033,-0.06802190897814103,0.01279755977812833
2021-11-30 00:00:00+00:00,-0.02916034298181654,-0.016852618902091193,-0.034889859650682566,-0.01614275062060795
2021-12-01 00:00:00+00:00,0.008064533717383873,0.017462201625105648,-0.014016149912496887,-0.009465668654180739
2021-12-02 00:00:00+00:00,-0.008890084024273767,-0.020093787142644603,-0.041778949988782114,-0.043340588115482866
2021-12-03 00:00:00+00:00,-0.02687662416566153,-0.027831661604413985,-0.12311690048489103,-0.03771751686355911
2021-12-04 00:00:00+00:00,0.07362263881348831,0.047309581702625225,-0.0009469521027471477,-0.028102178356318605
2021-12-05 00:00:00+00:00,-0.020895641065300768,-0.01600486557714274,-0.11155527037260768,-0.1164882896812256
2021-12-06 00:00:00+00:00,-0.03167054715495807,-0.008465518834707048,0.013559548638954234,0.02750332704323213
2021-12-07 00:00:00+00:00,-0.019188834336975245,-0.013669167458773819,-0.02241994073607849,-0.027004492585379618
2021-12-08 00:00:00+00:00,-0.005883862725480151,-0.013167797122579403,0.050964701014898736,0.016540327198935594
2021-12-09 00:00:00+00:00,0.03823951255359951,0.010116224713243324,-0.05293085599085659,-0.042527943371342414
2021-12-10 00:00:00+00:00,-0.0004540262407634941,-0.015214837975863834,-0.06143263808788504,-0.054644069370037726
2021-12-11 00:00:00+00:00,-0.0064027577931467195,0.03172481005944252,0.0724703378590666,0.10196957079209248
2021-12-12 00:00:00+00:00,-0.025768035451365155,0.008110892395949698,-0.01617355686530697,0.039876871946147564
2021-12-13 00:00:00+00:00,-0.007341339887568078,0.019798636262036363,-0.14609660630883156,-0.08852593483343427
2021-12-14 00:00:00+00:00,-0.009184715624594216,-0.014840717939464051,0.011866822535736255,-0.0033505191513538467
2021-12-15 00:00:00+00:00,-0.017976821053515956,-0.0010857267162497045,0.007135041598452613,0.023233731896273552
2021-12-16 00:00:00+00:00,-0.04451270168256176,-0.0117051862588766,-0.030389152456351685,-0.03477397414239085
2021-12-17 00:00:00+00:00,0.001583406384180474,0.0015129262229355528,-0.021043281988315544,-0.01259093314424126
2021-12-18 00:00:00+00:00,-0.0024145569422962558,0.0005867498570866238,0.005396846881584486,0.025164674749858597
2021-12-19 00:00:00+00:00,0.026311845857156377,-0.005737751210134444,0.021606171559383297,-0.024799455115872164
2021-12-20 00:00:00+00:00,0.03727408830953406,0.02948348124904775,0.05405732923181742,0.018369176985737763
2021-12-21 00:00:00+00:00,-0.008996592359114257,-0.0338956840865695,0.03981845758980049,0.028235684497932057
2021-12-22 00:00:00+00:00,-0.04161779522067739,-0.02644108725876214,-0.017338294425065348,-0.01772445425395161
2021-12-23 00:00:00+00:00,-0.013837570533399233,-0.061323414527779986,0.05924268484561935,0.013636028505885845
2021-12-24 00:00:00+00:00,-0.04546731838296588,-0.032240567110400374,-0.01131081333910875,-0.018057138278803037
2021-12-25 00:00:00+00:00,-0.017243859992855208,-0.015412010758795712,0.018087714893843126,0.00020606535822600793
2021-12-26 00:00:00+00:00,-0.02734922477208802,0.00763536843365245,-0.0061618657505810885,0.03098291351203514
2021-12-27 00:00:00+00:00,-0.03036754978613412,-0.0225690357532891,-0.07859382708756753,-0.03938223295550965
2021-12-28 00:00:00+00:00,0.02156461991929494,0.02906001655105256,-0.05888022694926131,-0.043697318767887586
2021-12-29 00:00:00+00:00,0.016515872255145198,0.012228254347216447,0.024336587565408907,-0.015295228650190206
2021-12-30 00:00:00+00:00,0.006025341808807842,-0.006874231474747432,0.014719224209296689,0.003533191152008827
2021-12-31 00:00:00+00:00,0.008830922799047129,0.043516133002458456,-0.01148143587959886,0.07118522181150326
2022-01-01 00:00:00+00:00,0.02762115571474768,0.04442352366994102,0.09252547650925677,0.10844818966934493
2022-01-02 00:00:00+00:00,-0.008369887389504529,-0.017162257611153864,0.0007210972556056397,-0.029065088036413105
2022-01-03 00:00:00+00:00,0.04996199928298485,0.03087870184299273,0.07378731983416102,0.03323689515989768
2022-01-04 00:00:00+00:00,-0.02150322582489392,-0.009359622129274428,-0.041918172036603404,-0.0322076137903187
2022-01-05 00:00:00+00:00,0.007869091054017657,0.023098286276870165,-0.06573618437273253,-0.03578418156429967
2022-01-06 00:00:00+00:00,0.019964532822006886,-0.0031596257175143896,0.029314644655606445,-0.014861571596067451
2022-01-07 00:00:00+00:00,0.0061918794750868604,-0.007179755991038977,-0.05846814556478342,-0.08571061916588608
2022-01-08 00:00:00+00:00,-0.022217352955575066,-0.011834381964489995,-0.09336596413596755,-0.07863922289225195
2022-01-09 00:00:00+00:00,-0.016182748634939462,-0.01722814271918672,-0.0010294362685778558,-0.0010294362685778558
2022-01-10 00:00:00+00:00,0.06219114315682609,0.051780643026347904,0.0514965334220769,0.0514965334220769
2022-01-11 00:00:00+00:00,0.029207012254598427,0.035503609957269346,0.11742551305748035,0.11742551305748035
2022-01-12 00:00:00+00:00,-0.01430172094779345,-0.01960864302608996,0.050804754849400634,0.050804754849400634
2022-01-13 00:00:00+00:00,0.05267490015674419,0.04401335848633717,0.024106261641343826,0.024106261641343826
2022-01-14 00:00:00+00:00,0.012656750801296818,0.014187814235067413,0.028791617372107784,0.028791617372107784
2022-01-15 00:00:00+00:00,-0.024991106000868592,-0.022363687585308607,-0.020939893643219142,-0.020939893643219142
2022-01-16 00:00:00+00:00,0.03758671679936527,0.04381101506333742,0.06807323408345829,0.08706770213165693
2022-01-17 00:00:00+00:00,0.004981231731843375,-0.024792805051769704,-0.0888310929914947,-0.1143955323619731
2022-01-18 00:00:00+00:00,0.011074213041508981,0.003712696163659554,-0.014050890789544952,-0.004084019339562681
2022-01-19 00:00:00+00:00,-0.02706412986505395,-0.0008587392942477987,-0.0919667811316851,-0.059293945193928194
2022-01-20 00:00:00+00:00,0.0010119351247857076,0.02479196645207361,-0.06607169647003638,-0.011673229651443441
2022-01-21 00:00:00+00:00,0.01749191287654942,0.007572953850288193,-0.13662510196589653,-0.1337305058967333
2022-01-22 00:00:00+00:00,0.006113156068405794,-0.0010154248271593855,-0.1238339041479611,-0.14173639207330962
2022-01-23 00:00:00+00:00,-0.05753398752645823,-0.030300212125831137,-0.010194517035501711,-0.0006953464093485067
2022-01-24 00:00:00+00:00,0.026650062074064625,0.02496415889769796,0.02256091646297906,5.4739948800452964e-06
2022-01-25 00:00:00+00:00,-0.02435605080311301,-0.00980672398604364,0.02242676518577588,5.4739948800452964e-06
2022-01-26 00:00:00+00:00,-0.026242723631967352,-0.012496514918708037,0.013566316141903427,5.200554024531456e-06
2022-01-27 00:00:00+00:00,0.04424010156554266,0.008943890454210393,0.013993593356169813,5.4739948800452964e-06
2022-01-28 00:00:00+00:00,-0.017587022818154413,-0.010910811198508494,-0.0015780144454651368,5.200554024531456e-06
2022-01-29 00:00:00+00:00,-0.026518173208852008,-0.022949159051093238,-0.011733642963983645,5.200554024531456e-06
2022-01-30 00:00:00+00:00,0.01589544512975872,-0.009313759368150983,-0.007664402626903362,5.200554024531456e-06
2022-01-31 00:00:00+00:00,0.014710028359304544,-0.00739673555800862,0.05906303342528321,6.567486222630592e-06
2022-02-01 00:00:00+00:00,-0.028898846585069124,-0.009790235126415959,-0.023077901955482562,5.4739948800452964e-06
2022-02-02 00:00:00+00:00,0.008050918050691313,0.03765450592471946,-0.00553142833128195,5.4739948800452964e-06
2022-02-03 00:00:00+00:00,0.006320968145530196,-0.006437484238511272,0.014694380331628993,5.747408522216446e-06
2022-02-04 00:00:00+00:00,-0.02126138816796879,-0.040164123663059076,0.03906036405435772,6.294154188069001e-06
2022-02-05 00:00:00+00:00,-0.07520191998826511,-0.08546684600803572,0.007583296584647201,6.294154188069001e-06
2022-02-06 00:00:00+00:00,-0.04780025448657037,-0.007597863520722057,-0.042602226776660965,0.03140055720375822
2022-02-07 00:00:00+00:00,-0.029762856989001437,-0.018144643412706975,-0.01623440460438861,-0.0015204771374757666
2022-02-08 00:00:00+00:00,-0.012352824545763594,0.031238182058214214,-0.0735113007379483,0.018478388938777596
2022-02-09 00:00:00+00:00,0.00044142067663128235,-0.01985114416494931,0.05376128410667718,-0.012035048051983778
2022-02-10 00:00:00+00:00,-0.027280409129489754,0.03036194914589173,-0.09706724640774314,-0.02056563423032849
2022-02-11 00:00:00+00:00,0.02041014361090297,0.024035671250647685,-0.05500420711555755,-0.023292939730364625
2022-02-12 00:00:00+00:00,0.0032903857183200495,-0.006212407589463648,0.003316645517136468,-0.001106079272092147
2022-02-13 00:00:00+00:00,-0.031987162414029845,-0.001991844336996486,-0.08583065894976866,-0.03038511372987805
2022-02-14 00:00:00+00:00,0.01577600824956556,-0.00956664822114909,0.06254070794966178,0.013170475852503902
2022-02-15 00:00:00+00:00,0.005068773700306785,0.03748049713579692,0.06944250938101096,0.1464358628879898
2022-02-16 00:00:00+00:00,0.007425119447101999,-0.007447775308075266,-0.009344013352109696,-0.033607743997936375
2022-02-17 00:00:00+00:00,-0.011975198587939917,-0.008118208909044048,-0.10565232731882993,-0.07873556326469854
2022-02-18 00:00:00+00:00,-0.012740849184102064,-0.004722721955128003,-0.04851759634358714,-0.027247321568452283
2022-02-19 00:00:00+00:00,-0.0017052217065219645,-0.007320044889523807,-0.00469805136982465,-0.02541545744658345
2022-02-20 00:00:00+00:00,-0.005846594937881664,0.0030237355606545645,-0.09856979974583792,-0.08051110714688117
2022-02-21 00:00:00+00:00,-0.013753249250881993,0.006936403760134175,-0.1139594974236312,-0.08542906923549133
2022-02-22 00:00:00+00:00,0.007609028950259392,-0.003031149663719536,0.06703924858526775,0.0485260100064273
2022-02-23 00:00:00+00:00,-0.011561045510812586,-0.001237635303098758,-0.07612772021393065,-0.04591338699103733
2022-02-24 00:00:00+00:00,-0.007958211263981168,0.014459569938020908,0.001962358244350442,0.0008880455394960304
2022-02-25 00:00:00+00:00,-0.035014303961678504,-0.03232025104899644,0.07854616886867338,0.10088617406381209
2022-02-26 00:00:00+00:00,-0.01218143622027578,-0.008939018764081432,-0.03212394835996818,-0.017849584194829533
2022-02-27 00:00:00+00:00,0.004862138903173576,0.001239792953502594,-0.05671862867682834,-0.0418505975801398
2022-02-28 00:00:00+00:00,-0.00825509988183138,-0.014202826057747572,0.11395861592650158,0.07629936840037707
2022-03-01 00:00:00+00:00,0.006567731454077907,0.010686755677265609,0.02941484353342768,0.026304393645524074
2022-03-02 00:00:00+00:00,-0.004310878809830638,-0.0066562166881259785,-0.03287130649740303,-0.028652023611513883
2022-03-03 00:00:00+00:00,-0.004748777790639467,0.000715096569728884,-0.05325413793961926,-0.030765270619619773
2022-03-04 00:00:00+00:00,0.008823812130423879,0.01938801225782079,-0.045316764307281765,-0.031303756017358846
2022-03-05 00:00:00+00:00,-0.0034997514454624657,-0.003505868853627182,0.025644803540972445,0.018956181943017365
2022-03-06 00:00:00+00:00,-0.009625941041125227,0.015134807321533836,-0.07306262445047065,-0.02973611987804595
2022-03-07 00:00:00+00:00,-0.02100216722031082,0.004050711011400589,-0.05025099737374048,0.001670806036693634
2022-03-08 00:00:00+00:00,-0.024225277304669543,-0.01593227601905985,-0.017874633238646492,-0.0051623700075188695
2022-03-09 00:00:00+00:00,0.0390384146309478,-0.018061933825091983,0.15052450501015271,0.026205710122664972
2022-03-10 00:00:00+00:00,-0.003911392319447804,0.020518067278384726,-0.038395760783191214,-0.022540692999698658
2022-03-11 00:00:00+00:00,0.024491873744346703,0.013131335639387244,0.010026529827837668,-0.006003144605277728
2022-03-12 00:00:00+00:00,0.037132496657660934,-0.00802270951675281,0.0598671581578882,-0.0030615164806478226
2022-03-13 00:00:00+00:00,-0.0060471572417437405,0.008164376498915781,-0.02686756780708198,-0.0292815577473047
2022-03-14 00:00:00+00:00,0.003302368916675176,-0.005492994130479006,0.06667233324030819,0.016785132880560126
2022-03-15 00:00:00+00:00,-0.009520701333866762,-0.000786385748707424,-0.016537232598530637,0.0031864848965925353
2022-03-16 00:00:00+00:00,-0.005423073390952625,-0.007086462099676537,0.04137801524842687,0.04883690204475064
2022-03-17 00:00:00+00:00,0.007931249293567118,-0.010847010518333675,-0.004586589087529743,-0.014338350874324984
2022-03-18 00:00:00+00:00,0.012133949496312725,-0.01277286074039159,0.06179048493996286,0.008797367726923643
2022-03-19 00:00:00+00:00,-0.016464216407866175,-0.016760307832475195,0.022255903363747026,0.008268997480162864
2022-03-20 00:00:00+00:00,-0.0018485354447661587,0.020863639992076462,-0.042052070439128064,0.014952744070537795
2022-03-21 00:00:00+00:00,-0.04074099029881002,0.00039779095717075826,-0.026025732487946582,0.004827635415578324
2022-03-22 00:00:00+00:00,-0.008543255657812405,0.019409070223927457,-0.0023320434434687047,0.06675320760222435
2022-03-23 00:00:00+00:00,0.025869461132020106,-0.022202969978719442,0.08747567964383328,0.007045598389563527
2022-03-24 00:00:00+00:00,-0.021191894744051774,0.010425107528774557,-0.0072772547726631266,0.03992946851853896
2022-03-25 00:00:00+00:00,0.034337826868901265,0.0065307773659785484,0.040044528811007084,-0.015882865245374495
2022-03-26 00:00:00+00:00,-0.0003028024362521441,-0.020858357976586223,0.0418561866971003,0.00397102281431476
2022-03-27 00:00:00+00:00,-0.016508436705853162,-0.004828765816831976,0.006162706907492291,0.020860512830782132
2022-03-28 00:00:00+00:00,0.0011169445625120815,-0.012485341892355386,0.011708883564993715,-0.01915757793327743
2022-03-29 00:00:00+00:00,0.020999167644370126,-0.0047819256556280365,0.06926448636207394,0.009837417680880714
2022-03-30 00:00:00+00:00,0.010882151797691348,0.002884361647532859,0.018205703535467205,0.005114715874582085
2022-03-31 00:00:00+00:00,-0.001484149862799355,0.00041916487419388994,-0.0487721693271652,-0.03173665566749314
2022-04-01 00:00:00+00:00,0.01578825443873182,0.005040866174749403,0.04411231216113776,0.01984511192061125
2022-04-02 00:00:00+00:00,-0.03236863363240278,-0.01822187348418215,-0.051262000850601945,-0.019293875059029356
2022-04-03 00:00:00+00:00,-0.00370921231723091,0.005204423513107506,-0.006732634397576434,0.010861303929767063
2022-04-04 00:00:00+00:00,-0.005799124105296813,0.0013261747796496194,-0.01161654332247663,0.0026340544474162345
2022-04-05 00:00:00+00:00,-0.048068991489256245,-0.017793575891186592,-0.0961557337281038,-0.0356049025319645
2022-04-06 00:00:00+00:00,-0.06399571172956948,-0.06432908755874724,-0.12800971857102197,-0.12867647022937748
2022-04-07 00:00:00+00:00,0.020925926558562385,0.038544707332660126,0.041833285864538904,0.07707084741273439
2022-04-08 00:00:00+00:00,-0.043759187600774824,-0.04124563064735743,-0.08753721456788349,-0.0825101006610487
2022-04-09 00:00:00+00:00,0.016447073157353026,0.023261578805803974,0.03287530694837221,0.0465043182452741
2022-04-10 00:00:00+00:00,0.0054613757114683106,0.00021807823278271966,-0.04509625183387828,-0.05067495177287877
2022-04-11 00:00:00+00:00,0.00720843101289142,0.001615451611806967,-0.05447264889123321,-0.04673841738538959
2022-04-12 00:00:00+00:00,0.015632802055163212,0.0019529952886649313,0.013755419516704824,0.01093837838336642
2022-04-13 00:00:00+00:00,0.005880374262052352,0.003953732814032961,0.031640201201161254,0.022055702320361834
2022-04-14 00:00:00+00:00,-0.015258630752595025,0.010092463365603132,-0.013693733697407121,-0.012068724638370538
2022-04-15 00:00:00+00:00,-0.011938770290262498,-0.019835321104347138,-0.015197925770490898,-0.016031463968423258
2022-04-16 00:00:00+00:00,-0.007827913289070529,0.005227451112439876,-0.0073962020371484746,0.0037957585617825413
2022-04-17 00:00:00+00:00,0.002742304682881035,0.01499570440633977,-0.05215451108660926,-0.02152312231127356
2022-04-18 00:00:00+00:00,-0.01685540797921231,-0.014716631231382366,0.0275355987166061,0.012849004718789457
2022-04-19 00:00:00+00:00,-0.0008343947935814344,-0.008702043650689106,0.04572261363582183,0.04104476546917686
2022-04-20 00:00:00+00:00,0.008651954182106184,0.02252537832377177,-0.0101821585794901,0.020046425021855163
2022-04-21 00:00:00+00:00,0.0313328296951863,-0.005854752406693991,0.02550312603038318,-0.05582619724158359
2022-04-22 00:00:00+00:00,-0.0036860221768426765,-0.005713528114599252,-0.011327140994862053,-0.010035517617575221
2022-04-23 00:00:00+00:00,0.024259003372209903,0.007041889290904404,0.022355423995526546,-0.014203153777063044
2022-04-24 00:00:00+00:00,-0.0001839507395146496,0.010937392765271404,-0.023348302589282447,-0.0006776256054053736
2022-04-25 00:00:00+00:00,0.009363647667292231,-0.004869122396892938,0.023793568220458576,2.5362023700292724e-05
2022-04-26 00:00:00+00:00,0.01608506031197569,0.04732120033385045,-0.06541476712206092,2.291784160046717e-05
2022-04-27 00:00:00+00:00,-0.002719186074407504,-0.008492974419819903,0.032539340047331514,2.2374394594626423e-05
2022-04-28 00:00:00+00:00,0.020790407715428817,0.009604512182186867,0.02791612837941173,2.2102630773845888e-05
2022-04-29 00:00:00+00:00,0.013331790850375834,0.04545991067801763,-0.0485280022630836,2.264613153490913e-05
2022-04-30 00:00:00+00:00,-0.004840975178481035,0.07003604531924823,-0.12492727891402826,2.264613153490913e-05
2022-05-01 00:00:00+00:00,-0.03611152619656685,-0.04919402879469575,0.029111693771682344,2.264613153490913e-05
2022-05-02 00:00:00+00:00,-0.00033714057201854374,0.01933953825119526,-0.005947352317438651,2.454753792013875e-05
2022-05-03 00:00:00+00:00,-0.06108338244496163,0.017320624662446982,-0.12543874418305018,2.454753792013875e-05
2022-05-04 00:00:00+00:00,-0.061444183188229695,-0.0981013535914583,0.05385711774321899,2.4004413220701792e-05
2022-05-05 00:00:00+00:00,-0.008423511737738754,0.06363070045207742,-0.13678140090118815,2.291784160046717e-05
2022-05-06 00:00:00+00:00,-0.011721775651257437,0.0013269025314548476,-0.021905323133613652,2.291784160046717e-05
2022-05-07 00:00:00+00:00,-0.0046544953376998115,0.018460108329936845,-0.06509484808019574,2.291784160046717e-05
2022-05-08 00:00:00+00:00,-0.037635499408044074,-0.01366788522687198,-0.06325494836594434,-0.03046726358863476
2022-05-09 00:00:00+00:00,-0.014356777693927503,0.05248116135065858,-0.24022846003329199,-0.09638370578421475
2022-05-10 00:00:00+00:00,0.02781752258298839,0.0006736417324606708,0.0702651871197835,0.04371875501749943
2022-05-11 00:00:00+00:00,-0.006618651217695055,0.07413205517134419,-0.3062938245899481,-0.12153733289434167
2022-05-12 00:00:00+00:00,0.06772221178400023,0.06923960412753748,0.07044461161088247,0.12212114565514874
2022-05-13 00:00:00+00:00,-0.01067270311470151,-0.06393407834320879,0.09214327227802929,0.031181772866879797
2022-05-14 00:00:00+00:00,-0.02942822432865822,-0.028118501976811636,0.015087583989637617,0.004732081411606744
2022-05-15 00:00:00+00:00,-0.04703912775973469,-0.07856181784461609,-0.0006724671939846932,-0.0002058005273180265
2022-05-16 00:00:00+00:00,0.06494646213665785,0.05698273743215244,2.915976787343233e-05,2.915976787343233e-05
2022-05-17 00:00:00+00:00,-0.04537459694364829,-0.03942581977588171,2.8888674463267705e-05,2.8888674463267705e-05
2022-05-18 00:00:00+00:00,0.06212147518530303,0.04930347895668621,2.7804033242206927e-05,2.7804033242206927e-05
2022-05-19 00:00:00+00:00,-0.04318478597356656,-0.028413509191041974,2.8346407379586935e-05,2.8346407379586935e-05
2022-05-20 00:00:00+00:00,0.026677982260062467,0.011219713881599546,2.7532806015306832e-05,2.7532806015306832e-05
2022-05-21 00:00:00+00:00,-0.0701515944165401,-0.01744713068344108,2.7532806015306832e-05,2.7532806015306832e-05
2022-05-22 00:00:00+00:00,-0.0003324444027073935,-0.017839080430977042,2.7532806015306832e-05,2.7532806015306832e-05
2022-05-23 00:00:00+00:00,0.0153577202113547,0.026996148204593902,2.915976787343233e-05,2.915976787343233e-05
2022-05-24 00:00:00+00:00,-0.06827468411254989,-0.0009823903923723357,2.8617554300502945e-05,2.8617554300502945e-05
2022-05-25 00:00:00+00:00,0.03172570750685644,0.012576094478154581,2.8617554300502945e-05,2.8617554300502945e-05
2022-05-26 00:00:00+00:00,0.02863128478957338,0.06758913020907628,2.8888674463267705e-05,2.8888674463267705e-05
2022-05-27 00:00:00+00:00,0.051076049368118256,0.02813837661884997,2.8888674463267705e-05,2.8888674463267705e-05
2022-05-28 00:00:00+00:00,-0.010597768485625055,-0.029791414993186913,2.8888674463267705e-05,2.8888674463267705e-05
2022-05-29 00:00:00+00:00,-0.029526653120170998,-0.017549177841341263,2.8888674463267705e-05,2.8888674463267705e-05
2022-05-30 00:00:00+00:00,-0.06765057851093026,-0.07453610745494427,2.8888674463267705e-05,2.8888674463267705e-05
2022-05-31 00:00:00+00:00,0.020217319301301856,0.02567587757531952,3.078576681980749e-05,3.078576681980749e-05
2022-06-01 00:00:00+00:00,0.055203962137642205,0.05371837444621907,3.0514833815997733e-05,3.0514833815997733e-05
2022-06-02 00:00:00+00:00,-0.04093533888767101,-0.02208890177552431,3.078576681980749e-05,3.078576681980749e-05
2022-06-03 00:00:00+00:00,0.030683453152789867,0.028172602388388306,3.186923173026379e-05,3.186923173026379e-05
2022-06-04 00:00:00+00:00,-0.02230226721058133,-0.027357299143357123,3.186923173026379e-05,3.186923173026379e-05
2022-06-05 00:00:00+00:00,-0.02384501679685751,0.004822394753745721,-0.07057825230940665,-0.020700656395970303
2022-06-06 00:00:00+00:00,0.09861353224526578,-0.022473854748539388,0.25469425799729684,0.02138170528920933
2022-06-07 00:00:00+00:00,0.9540562475865895,0.00955990643531927,1.8623106771636833,-0.03315753515697001
2022-06-08 00:00:00+00:00,-0.15944811013872484,0.0019784981418135717,-0.3381913076148265,-0.01166526127935194
2022-06-09 00:00:00+00:00,0.013034209519767687,0.002665879248472333,0.03672583929233931,0.013664806789821087
2022-06-10 00:00:00+00:00,0.026063451453602147,0.013950696767743943,-0.037364836947060304,-0.06400658793211295
2022-06-11 00:00:00+00:00,0.008950807493985734,0.019196805106806363,-0.06856811983125222,-0.06115048342229527
2022-06-12 00:00:00+00:00,-0.03469588386487549,0.034050909296377115,-0.15453942405752383,-0.09063280274154642
2022-06-13 00:00:00+00:00,-0.001489186452934292,0.006527070699053292,-0.06039938685720704,-0.10164104807370113
2022-06-14 00:00:00+00:00,-0.05412034686260804,-0.04651142029851121,-0.014018792582656448,-0.02619982273566141
2022-06-15 00:00:00+00:00,-0.08111544277016425,-0.00664286742169122,0.020797435615167958,0.10657411412828512
2022-06-16 00:00:00+00:00,-0.013314904187514071,0.01684773171645185,-0.16323482980144635,-0.10782945032488228
2022-06-17 00:00:00+00:00,0.0007951295677987053,-0.011136556039461822,0.049939182452829224,0.03000346087097008
2022-06-18 00:00:00+00:00,-0.029356474963077302,0.016444981334844396,-0.07808344621762163,-0.01634463001542548
2022-06-19 00:00:00+00:00,-0.047826385638915274,-0.07858352148639355,0.010040028527815768,0.017647135543609464
2022-06-20 00:00:00+00:00,-0.057346618904891754,-0.014613519916492587,-0.010168070329365578,0.004588475560971171
2022-06-21 00:00:00+00:00,-0.055313377061928216,0.07346120208474653,-0.02902313630409831,0.14335621114865518
2022-06-22 00:00:00+00:00,0.040872876635925044,0.01000728224332742,0.047714070449853915,-0.050236041938447246
2022-06-23 00:00:00+00:00,0.002909870845429298,-0.03956197134722862,0.1308646983699766,0.024943963659925357
2022-06-24 00:00:00+00:00,-0.034170414196560514,-0.012236883384452887,-0.021504447556993263,0.014085702976938065
2022-06-25 00:00:00+00:00,-0.03469900958203601,-0.03857190427011102,-0.02183346186882761,-0.006486652156916524
2022-06-26 00:00:00+00:00,0.003326803345476671,0.011722478196938045,-0.04940619288973333,-0.022930807989011075
2022-06-27 00:00:00+00:00,-0.0002473797040593879,-0.0007024182322965385,-0.009971230986560014,-0.007186410068259562
2022-06-28 00:00:00+00:00,0.03475545687239313,0.010674124692944709,0.005404488606192897,-0.027513319855328858
2022-06-29 00:00:00+00:00,-0.006211093571580493,0.0015814399612172497,-0.033156161319191774,-0.012148827935278985
2022-06-30 00:00:00+00:00,-0.032207881818143554,0.014473954270035568,-0.06534964662939424,-0.0027787877270891797
2022-07-01 00:00:00+00:00,-0.0015257351192493286,-0.0030326292867648534,-0.04073543071780632,-0.008783634757920756
2022-07-02 00:00:00+00:00,0.042373920868082726,0.003364944409339728,0.10553323900214917,0.005368358573836789
2022-07-03 00:00:00+00:00,-0.022837653645051977,0.004584801726096574,-0.0250010506744583,-0.0006533080908425502
2022-07-04 00:00:00+00:00,-0.03296553526319694,-0.0007883694405422017,0.03656822613854577,0.04692996091327538
2022-07-05 00:00:00+00:00,0.03190265941564962,0.00786192491422636,0.00503394760184669,0.00025510618168740157
2022-07-06 00:00:00+00:00,-0.01045760970655972,0.0008098133324125315,0.013053785672006848,0.027835007794165922
2022-07-07 00:00:00+00:00,-0.03363919042957787,0.0009333173305248588,0.05661374784848057,0.043255323604940527
2022-07-08 00:00:00+00:00,-0.032544651162762096,0.006226579506870097,-0.06164806561490962,-0.005919063016227687
2022-07-09 00:00:00+00:00,-0.05192883759500143,0.003055142024105717,0.016034578159993828,0.012149100973154534
2022-07-10 00:00:00+00:00,0.0020538706806455176,-0.019805503786147222,-0.035607027509471374,-0.03896284421673264
2022-07-11 00:00:00+00:00,-0.01667168360993216,-0.0369214832364963,-0.11930606544671489,-0.07390071149798583
2022-07-12 00:00:00+00:00,0.010535229707818538,-0.010759973799709782,-0.0172267155141528,-0.021578497329103673
2022-07-13 00:00:00+00:00,0.003085034723713112,0.04982058573923085,0.07439588047847544,0.09957806620217298
2022-07-14 00:00:00+00:00,0.062430541615945426,0.030538557210066816,0.12785602194471613,0.06101400914384491
2022-07-15 00:00:00+00:00,-0.004051266507257215,-0.0017711226435446496,-0.008532191639901196,-0.0036042793494258127
2022-07-16 00:00:00+00:00,0.012766216024575004,0.011858885064112364,0.048432887425761864,0.023655736065888215
2022-07-17 00:00:00+00:00,-0.019242258125085412,0.00796820797910331,-0.06575154050589618,-0.006257934954456592
2022-07-18 00:00:00+00:00,0.05147537876003499,0.03772283907716908,0.17608941242455534,0.1712401250236958
2022-07-19 00:00:00+00:00,-0.03916513297771793,-0.06423902234043628,-0.047359385549945975,-0.022933972305280267
2022-07-20 00:00:00+00:00,-0.008007595225325225,0.00681746291764292,-0.08871026903435257,-0.0721278507230988
2022-07-21 00:00:00+00:00,0.056057892286132636,0.011513672195786312,0.12515785531568607,0.04830803960317107
2022-07-22 00:00:00+00:00,0.04844018422846541,0.007845673148951963,0.07354402534618756,-0.019094785645669334
2022-07-23 00:00:00+00:00,-0.07414896375698747,-0.005595919807809755,-0.10154065267684549,0.02084776858259524
2022-07-24 00:00:00+00:00,0.00033948945567293244,0.0032081225580018486,-0.010470521021037123,0.0035593302958661383
2022-07-25 00:00:00+00:00,-0.009172196297540606,-0.03623999182653825,-0.09328237466395736,-0.09728855257947522
2022-07-26 00:00:00+00:00,0.006634963177041833,-8.52866951499531e-05,0.029839702045612874,-0.0066940075681396986
2022-07-27 00:00:00+00:00,0.03300518949621115,0.06495428829082028,0.12859134971840724,0.1539034175358507
2022-07-28 00:00:00+00:00,0.04916371224547166,-0.008511832756932425,0.13760582486910403,0.036696344182406346
2022-07-29 00:00:00+00:00,0.05849820582132356,-0.014378060724235708,0.15273160210542633,-0.011394023673109446
2022-07-30 00:00:00+00:00,0.045328259038407565,-0.002456882141851401,0.099308963190615,-0.006520141803393948
2022-07-31 00:00:00+00:00,-0.0749907961047038,0.0018230952720833709,-0.12553130444220728,-0.004273987749002463
2022-08-01 00:00:00+00:00,-0.011542820834038922,-0.014885790157311478,-0.0025565170606407107,-0.026670384695084273
2022-08-02 00:00:00+00:00,0.046674655990743504,0.008104599035444035,0.03368256917945751,-0.00567549645314953
2022-08-03 00:00:00+00:00,0.03194962435495456,0.016275442698608155,0.06630698862744161,0.028474646234189993
2022-08-04 00:00:00+00:00,-0.018359793691994565,0.0023880669364616785,-0.019682536289441967,0.011679869730690276
2022-08-05 00:00:00+00:00,0.022262915961287284,0.01511654320289197,0.09342546009651621,0.04664729593198449
2022-08-06 00:00:00+00:00,-0.0013830529319002124,-0.011614627894755744,-0.01999659770842799,-0.030161374620769118
2022-08-07 00:00:00+00:00,0.0042954208141343765,-0.002664725438059931,0.007161056161054497,-0.002998726480623815
2022-08-08 00:00:00+00:00,-0.025828333551992606,0.0007098289807323954,-0.02528772179971471,0.005386122343109762
2022-08-09 00:00:00+00:00,0.04523226786416197,-0.039684319908164255,0.04159758406309796,-0.07674634860330118
2022-08-10 00:00:00+00:00,-0.023947304011648827,0.0026607182460174333,0.006056047508079709,0.016497223280006978
2022-08-11 00:00:00+00:00,-0.0011824541406030916,0.01053691583835733,0.0021368502530953156,0.016205301416749467
2022-08-12 00:00:00+00:00,0.018974719000578514,0.015031639458249427,0.06086855777631336,0.035276954251288996
2022-08-13 00:00:00+00:00,-0.0009549561423613049,-0.017947337929213537,-0.015082836692780443,-0.038743697131352256
2022-08-14 00:00:00+00:00,-0.01259975655549717,-0.03302469084297549,-0.04544774502738636,-0.06182378960761911
2022-08-15 00:00:00+00:00,0.03553882598068938,0.03919731121483652,0.051513031272216396,0.0707426685490382
2022-08-16 00:00:00+00:00,0.010853641404370853,-0.008067616876213626,-0.0007631520749026573,-0.026431492764544318
2022-08-17 00:00:00+00:00,-0.010352212333895367,-0.0284302334982545,-0.06105523001828165,-0.07020015922214588
2022-08-18 00:00:00+00:00,-0.004064519535674289,-0.030051678784132698,-0.06764492186351609,-0.07804974249919219
2022-08-19 00:00:00+00:00,-0.0005146532151232316,-0.028482251971848192,-0.05529149854224768,-0.08785281531027768
2022-08-20 00:00:00+00:00,-0.004881454764209013,-0.013028437093538656,-0.01942051859893939,-0.027703827822054158
2022-08-21 00:00:00+00:00,-0.0129264238578196,-0.014457421815859298,0.012661056630085238,0.0181034540108832
2022-08-22 00:00:00+00:00,0.05041440824220759,-0.027470045373156175,0.08477649687728434,-0.0295569441677958
2022-08-23 00:00:00+00:00,-0.035760944974536905,-0.04588558821447811,-0.0017912645406479482,-0.0005615670836403164
2022-08-24 00:00:00+00:00,0.021160352406358517,0.02528368757467158,0.01905917197949842,0.012841919604758058
2022-08-25 00:00:00+00:00,-0.01789254349077792,0.006146787574192391,-0.05374638538855485,0.008822317763076149
2022-08-26 00:00:00+00:00,0.022799697936468563,0.016580817167421803,-0.06380527278501182,-0.07802721297196992
2022-08-27 00:00:00+00:00,0.019886505711068453,0.010188933537824353,0.06263623717938038,0.01694065599138497
2022-08-28 00:00:00+00:00,-0.028390444844289802,0.006027726562550505,-0.08203362050798844,-0.009714009122003953
2022-08-29 00:00:00+00:00,-0.02516084258883608,-0.03310968210726544,0.04275348059901579,0.019298175183133773
2022-08-30 00:00:00+00:00,-0.009989857176424916,0.022539634209936793,-0.06901180286483362,-0.0074083148209968495
2022-08-31 00:00:00+00:00,0.0005254741403336776,-0.0051013353022960894,0.018237422835425645,-0.002593016576650311
2022-09-01 00:00:00+00:00,-0.00344212227621169,-0.006623893814982171,0.02111371586685592,0.005167607335665357
2022-09-02 00:00:00+00:00,0.0015548021769680588,-0.007251662151067441,0.012083946220772449,-0.0030055427380135595
2022-09-03 00:00:00+00:00,-0.0012038811475151507,0.0027127458018683073,0.0007269437752586499,0.004555808797644762
2022-09-04 00:00:00+00:00,-0.009993096796299833,-0.014442459437296674,-0.000979859038581071,-0.01245756872262412
2022-09-05 00:00:00+00:00,0.021952256522187037,0.010527434071773147,-0.0025062676252812902,0.008128998587265788
2022-09-06 00:00:00+00:00,0.010162148762240853,0.01583306441845727,-0.0958495859194467,-0.07327569154850469
2022-09-07 00:00:00+00:00,-0.05716854336581054,0.007824069170937415,0.11270567733771246,0.07999288170795421
2022-09-08 00:00:00+00:00,0.0249053894647174,-0.0005946261294021226,0.0012046896117514992,-0.023326329112680816
2022-09-09 00:00:00+00:00,0.026660589813892077,-0.02190172368560347,0.09872419747207609,0.04480854896480308
2022-09-10 00:00:00+00:00,-0.03220732876099885,0.007520325228900021,0.008370423416294594,0.011308785357586464
2022-09-11 00:00:00+00:00,0.001916144328642161,0.000261884064024471,-0.04453289126564528,-0.01072652150514376
2022-09-12 00:00:00+00:00,0.038468623600723145,-0.03106983116637762,0.08282689134603836,-0.04327807613285994
2022-09-13 00:00:00+00:00,0.0001885572729920012,0.008522146258194887,-0.10265570481619422,-0.08733486495955835
2022-09-14 00:00:00+00:00,0.0016523818859685488,-0.012113261699120453,0.05775619179969724,0.04800352065931999
2022-09-15 00:00:00+00:00,-0.0006904448280137918,-0.001002318027701204,-0.07261474804709138,-0.07378777484507411
2022-09-16 00:00:00+00:00,-0.012014017906747955,-0.015285803659240212,0.003802796406522244,-0.008397698581077457
2022-09-17 00:00:00+00:00,-0.02366837156815942,-0.0034470703263827624,-0.009817419874042922,0.02167081835026622
2022-09-18 00:00:00+00:00,0.00034128459878580335,0.02876202501850853,-0.11789431768579664,-0.08575545209653297
2022-09-19 00:00:00+00:00,-0.03009476898196303,0.02257769684087485,0.01349813595780103,0.08860268420156665
2022-09-20 00:00:00+00:00,-0.039611119186843714,0.01915942884264134,-0.07499766064191822,-0.002231865542351682
2022-09-21 00:00:00+00:00,0.030114998963456915,-0.001512549925401847,0.0009300911664702244,-0.028564779963586126
2022-09-22 00:00:00+00:00,-0.012351798804776336,0.006092420940792421,0.05915079937247077,0.10644796502935543
2022-09-23 00:00:00+00:00,-0.03167269512542921,-0.010276704330266898,-0.02299684662336456,-0.005139815704506759
2022-09-24 00:00:00+00:00,0.05320286683288781,-0.0053955089309179975,0.044388542198775145,-0.03523960268868558
2022-09-25 00:00:00+00:00,-0.013700124980963796,0.008014951605046504,-0.04713753507220005,0.00832412846756448
2022-09-26 00:00:00+00:00,-0.01987632703723088,-0.02166004690454827,-0.018016906206052917,-0.025128507342687276
2022-09-27 00:00:00+00:00,-0.005265793005124522,-0.013047342939317625,-0.028620625013364254,-0.03329978964626682
2022-09-28 00:00:00+00:00,0.01540590249521658,-0.010666989612415134,0.03369911375795263,-0.010719098059058317
2022-09-29 00:00:00+00:00,0.005079397186823843,0.012445380165648135,0.011236901716980515,0.03319010459067169
2022-09-30 00:00:00+00:00,-0.012280969953783449,-0.009966360999838723,-0.013162293514742013,-0.015408876451469235
2022-10-01 00:00:00+00:00,0.005511411350691581,0.0011247911148239815,0.0009874120094452584,-0.008333061843775798
2022-10-02 00:00:00+00:00,0.005113472904735534,-0.014053447633627274,-0.03827380852827517,-0.06665496291777825
2022-10-03 00:00:00+00:00,-0.008150503896076335,0.0026626398432995553,0.011668796000605048,0.02939360475834987
2022-10-04 00:00:00+00:00,-0.007487574914279686,0.0013747310888818974,-0.007975935267314093,0.014359657432324466
2022-10-05 00:00:00+00:00,0.01087353897385605,0.010423937311044636,0.006169013031673402,0.0010570856720803021
2022-10-06 00:00:00+00:00,0.01814272354819161,-0.00798164225623554,0.0448790943561826,-0.004528135398422418
2022-10-07 00:00:00+00:00,0.004727213858047768,0.021289221167915727,0.002804438146252367,0.02806519628767091
2022-10-08 00:00:00+00:00,-0.012233287778817799,0.003230527238812369,-0.03856623179879494,-0.010313637117086698
2022-10-09 00:00:00+00:00,0.01479614675965942,0.00014961103141375199,0.03883986371957146,0.0077429727816436455
2022-10-10 00:00:00+00:00,0.004243921997047069,0.02405930293116949,-0.06418440787643366,-0.03226378998014372
2022-10-11 00:00:00+00:00,0.017963283654275287,0.005753684337322555,0.004190653141205731,-0.0019603583904114416
2022-10-12 00:00:00+00:00,-0.015306398757275514,0.001277495181490152,-0.0341886521779825,0.0016297313652392537
2022-10-13 00:00:00+00:00,0.01848614290085264,0.015581348517439973,-0.007471483034273909,-0.002426057329737065
2022-10-14 00:00:00+00:00,0.00863527490131097,-0.002832848867713985,-0.011844327008128276,-0.009672528497876086
2022-10-15 00:00:00+00:00,0.01370452035376873,0.0014589701820210172,0.018264254542160577,0.007646396524818132
2022-10-16 00:00:00+00:00,-0.016858927023248964,-0.006044258688398119,-0.007148182530827158,0.007480497239997333
2022-10-17 00:00:00+00:00,0.007427349604458179,0.0043659864251131665,0.019718027349287386,0.03183512249761227
2022-10-18 00:00:00+00:00,0.009549088889193692,-0.004589454877485107,-0.014235298402125205,-0.011907310397423756
2022-10-19 00:00:00+00:00,0.01683995125300823,0.019449971156972348,-0.03177315496378746,-0.029335147344335226
2022-10-20 00:00:00+00:00,-0.011997123168704564,-0.020387135647648984,-0.03579734776658059,-0.019420864781569437
2022-10-21 00:00:00+00:00,-0.04276213844354077,-0.008983723297710411,-0.015485548136891545,0.010375477092174219
2022-10-22 00:00:00+00:00,0.011757220173092905,-0.0015927987410140176,-0.00610691918140191,0.004521339414671717
2022-10-23 00:00:00+00:00,0.012821894717607786,0.008325946588444317,0.03238947366356721,0.03872296246766081
2022-10-24 00:00:00+00:00,0.002853698443740301,0.0006045856315150774,-0.030786909086033563,-0.007146865031464787
2022-10-25 00:00:00+00:00,-0.006521246819421822,-0.011381968609068092,0.054569063826809,0.03788007788250076
2022-10-26 00:00:00+00:00,0.00751798818621459,0.00648517053032975,0.02792734780962092,0.03151180003083664
2022-10-27 00:00:00+00:00,0.005046188379608161,0.000739636488052307,-0.013755417072034423,-0.023086277859706378
2022-10-28 00:00:00+00:00,0.001761563317887316,-0.008083813603052955,0.02524283526387787,0.02369716927883199
2022-10-29 00:00:00+00:00,-0.01952661800824599,-0.0008092658065325097,0.03783070590212565,0.010062308668343437
2022-10-30 00:00:00+00:00,-0.05342643012044991,-0.02552294045875579,-0.09670303055800332,-0.041019460603712324
2022-10-31 00:00:00+00:00,0.011301989183799443,0.0009464260345627105,0.022299815019498345,0.008325232555419494
2022-11-01 00:00:00+00:00,0.024842170292701696,0.015326532133690212,0.029839133079997977,0.0011962964765190951
2022-11-02 00:00:00+00:00,0.1488243369316786,0.0033118246509492638,0.24470692674532618,-0.0411947008998918
2022-11-03 00:00:00+00:00,0.023571426553301033,-0.004247997932580099,0.06376260585703251,0.032028496766832684
2022-11-04 00:00:00+00:00,-0.057752959737371865,0.023443980711478393,-0.023843014179729716,0.12319055474644564
2022-11-05 00:00:00+00:00,-0.03053172792233346,-0.008656051092549216,-0.008248182499852763,-0.0010435183208683772
2022-11-06 00:00:00+00:00,0.008475742460039636,-0.012360595954681926,-0.03119436756648255,-0.057901624537250715
2022-11-07 00:00:00+00:00,-0.08554601467746673,-0.03084289881840896,-0.0774205861452723,0.02634611387343073
2022-11-08 00:00:00+00:00,0.005198958991988743,-0.013952256722989397,-0.20968611397591114,-0.18573287860140777
2022-11-09 00:00:00+00:00,-0.0067090422812080604,-0.04359088884252313,-0.21917610953302288,-0.18165993468390637
2022-11-10 00:00:00+00:00,0.12569072991417296,0.10352042151264135,0.4159553741275805,0.2880738402079566
2022-11-11 00:00:00+00:00,0.04304788607119081,-0.002858711695470985,-0.0012667105664612086,-0.047327041511219484
2022-11-12 00:00:00+00:00,0.01645901217404821,-0.0039903157003548,-0.012720741488967785,-0.039824416631973295
2022-11-13 00:00:00+00:00,0.14009192823588104,-0.012580878214723605,-0.07645876196590234,-0.04792043418286276
2022-11-14 00:00:00+00:00,-0.1955564702279023,-0.010866931387094807,0.008600960939982619,0.015132668810799116
2022-11-15 00:00:00+00:00,-0.08182165710205544,0.012141005935361712,-0.0027704110914248503,0.028631307143988507
2022-11-16 00:00:00+00:00,0.014652672899509287,0.010622201460097994,0.029194200001558274,-0.0002423172825785553
2022-11-17 00:00:00+00:00,-0.0010645966016699464,0.010579760601505162,-0.002240075877913602,0.0032665901866910825
2022-11-18 00:00:00+00:00,-0.009735515253828993,0.03177100601231551,-0.019582439402808807,0.05412227742564734
2022-11-19 00:00:00+00:00,-0.013372446167151116,-0.00913004350075929,-0.026856301229453053,-0.022804849588402246
2022-11-20 00:00:00+00:00,-0.0368925684412462,-0.009115992409441583,-0.13414720755595305,-0.06575676457693867
2022-11-21 00:00:00+00:00,-0.006817599333322376,0.01169376868343946,-0.041290998648271474,-0.018635629591370606
2022-11-22 00:00:00+00:00,-0.02035942573265344,-0.022020998481579134,-0.0007552812398573182,-0.005455975867265594
2022-11-23 00:00:00+00:00,-0.05298566973366321,-0.05301781051205906,-0.0004521490748497558,0.0033491351638197868
2022-11-24 00:00:00+00:00,0.003305008884448957,-0.0017615107039739245,-0.008604006169652912,-0.012276329472245604
2022-11-25 00:00:00+00:00,0.0030130754752692285,0.005992734118133507,-0.00191034825435214,-0.0015292101856705718
2022-11-26 00:00:00+00:00,0.0040532302712091225,-0.0077768356245846385,0.006441347290748552,-0.007053899587607812
2022-11-27 00:00:00+00:00,-0.005830955217484731,-0.006183247456197593,-0.009020963047905308,-0.00012008345942596049
2022-11-28 00:00:00+00:00,-0.003026086680129203,0.009706345673776706,-0.010528412513435732,0.00011535234029191876
2022-11-29 00:00:00+00:00,-0.0068344127016712365,-0.005523023802675427,-0.010310700655616685,0.0001145641039204115
2022-11-30 00:00:00+00:00,-0.02018289609104056,-0.02088584605367275,0.008246558570770467,0.0001145641039204115
2022-12-01 00:00:00+00:00,-0.002720482325172626,0.015831013757896747,-0.025858622031985985,0.00011324987390737284
2022-12-02 00:00:00+00:00,0.006383309732742214,-0.014159072607494529,0.025903518595475582,0.00011324987390737284
2022-12-03 00:00:00+00:00,-0.0427153761631825,0.019734517638782676,-0.12170830445304776,0.00011324987390737284
2022-12-04 00:00:00+00:00,0.04567735960134334,-0.0012356592328157095,0.01728710469271115,0.016085957481973414
2022-12-05 00:00:00+00:00,0.01545511093237118,0.0017288816624182314,-0.0064367828189076,-0.0039505471688423685
2022-12-06 00:00:00+00:00,0.014648587765665615,0.00232850924414152,0.02674880838615076,0.01620357123371181
2022-12-07 00:00:00+00:00,0.004555886278229547,-0.0006143681906758201,-0.04578605721399622,-0.05283123890108643
2022-12-08 00:00:00+00:00,0.02588046022040753,0.001967349463601997,0.03471902069653258,0.02039575746977043
2022-12-09 00:00:00+00:00,-0.0016634844868210097,-0.009069945168048103,-0.0009016794059478897,-0.027422000105303632
2022-12-10 00:00:00+00:00,0.018853961468550274,0.005669366148448823,0.021660566632516396,0.008450689894007626
2022-12-11 00:00:00+00:00,0.0038752369529163663,0.020961275410776154,-0.022040055168497497,0.013518576235242333
2022-12-12 00:00:00+00:00,-0.017582440925391813,-0.0051424629023208435,0.009951955020333244,0.0037100092631026753
2022-12-13 00:00:00+00:00,0.002177981268364816,-0.004076013680914847,0.017710281478176857,0.002565392652631752
2022-12-14 00:00:00+00:00,-0.01091860258046741,0.006129020663286423,-0.018037822555223577,-0.01584316350545058
2022-12-15 00:00:00+00:00,-0.012949843856757202,-0.020829412413730597,-0.015897812741838914,-0.03102240977727505
2022-12-16 00:00:00+00:00,0.00491572061894709,0.013088861965820622,-0.08342326762306533,-0.11122475542324871
2022-12-17 00:00:00+00:00,0.0025930238934049237,0.0035546769109898717,0.008687646139558323,0.014576935402337548
2022-12-18 00:00:00+00:00,-0.011698067069205856,-0.002406142943599127,-0.018100599306796653,-0.0016491395775410835
2022-12-19 00:00:00+00:00,-0.008268329632287876,0.029305832467154323,-0.00960670057094093,-0.005972690727569633
2022-12-20 00:00:00+00:00,0.01830194315232159,-0.016707708613027106,0.03221770987061948,0.00934045265406892
2022-12-21 00:00:00+00:00,0.010259489703186506,0.008376716381686505,0.014971636999216147,-0.00132250947664272
2022-12-22 00:00:00+00:00,0.018053235389467813,-0.0031332298828080753,0.004290116813895611,-6.832863529779465e-05
2022-12-23 00:00:00+00:00,-0.001260332607496408,-0.001475082494992376,-0.012713748531245619,-0.0007977289998360555
2022-12-24 00:00:00+00:00,0.008295826912582184,0.002734528265054732,-0.0029767660304169993,0.0010528872767651802
2022-12-25 00:00:00+00:00,0.004033355477192241,0.016141968767501187,0.01167789979143923,-0.00011982056312811811
2022-12-26 00:00:00+00:00,-0.04929701327717097,-0.009497676744185998,0.02628075372760879,0.00011351277020521522
2022-12-27 00:00:00+00:00,-0.00034105840779908875,0.011869198443604968,-0.0013566702696016066,0.00011666556526801486
2022-12-28 00:00:00+00:00,0.033813810538777356,0.035119516705616874,0.005717958141520858,0.00011666556526801486
2022-12-29 00:00:00+00:00,0.0016802876028919839,0.0018297029556119935,-0.01383870740257344,0.00011640297048121084
2022-12-30 00:00:00+00:00,0.0015905498361896365,0.0049567430071002765,-0.0123299819829133,0.00011535234029191876
2022-12-31 00:00:00+00:00,-0.00751431972227447,-0.01151908934478478,-0.0032303353750710046,0.00011535234029191876
2023-01-01 00:00:00+00:00,-0.02341581932728348,-0.011037784519671003,-0.02397926013783207,0.00011535234029191876
2023-01-02 00:00:00+00:00,-0.00780287631616023,-0.013433108313337869,0.015952959652202586,0.00011535234029191876
2023-01-03 00:00:00+00:00,-0.021592042821408617,-0.01856662699316133,-0.007677813564469164,0.0001179781628772858
2023-01-04 00:00:00+00:00,0.01663426935289248,-0.001416379824146902,0.03163525177773519,0.00011824060716802975
2023-01-05 00:00:00+00:00,0.012755634022937617,-0.007780853409339877,0.001628024595039195,0.00012086367224251049
2023-01-06 00:00:00+00:00,-0.014044211763665016,-0.00806789388215482,-0.008698032454225636,0.00012086367224251049
2023-01-07 00:00:00+00:00,0.019340392692142213,0.0032692390914340736,0.04360909012039179,0.00012086367224251049
2023-01-08 00:00:00+00:00,0.04519479120668766,-0.012272752939898181,0.13249584593514527,0.031061483752076194
2023-01-09 00:00:00+00:00,-0.032988980502193774,-0.031137911219552474,-0.027476165260899695,-0.010221129594961256
2023-01-10 00:00:00+00:00,0.01644465093180752,0.01169999176780788,0.04891398894620921,0.04804566693155121
2023-01-11 00:00:00+00:00,-0.009978057848605618,0.00196090314794241,-0.015207148503690909,0.003535877618441798
2023-01-12 00:00:00+00:00,0.01944848634911799,-0.0025554176374018704,0.07021408589527535,0.05083292100181918
2023-01-13 00:00:00+00:00,-0.012623452345756403,-0.006294583255470517,0.03905880928939901,0.03087017822632876
2023-01-14 00:00:00+00:00,-0.024159346120404396,-0.02769132539431417,0.02596700684847226,0.023302665136104517
2023-01-15 00:00:00+00:00,-0.008961612243777888,-0.018830038534874388,-0.017344088159798286,-0.03708094074199129
2023-01-16 00:00:00+00:00,-0.010270628623337415,-0.009618990278194345,-0.02066212091891734,-0.0193588442286312
2023-01-17 00:00:00+00:00,-0.004526249188966307,0.020735828108508384,-0.0091746726442384,0.04134948195071098
2023-01-18 00:00:00+00:00,-0.034383088914597786,-0.034820730415001624,-0.06888782793289182,-0.0697631109336995
2023-01-19 00:00:00+00:00,0.008457383662039731,0.004464586981908215,0.016792855126579,0.008807261766315968
2023-01-20 00:00:00+00:00,0.07644227236171151,0.06613487843417705,0.15276210841330592,0.132147320558237
2023-01-21 00:00:00+00:00,-0.01014893967588686,0.012417368140611477,-0.02042031566189082,0.024712299971105852
2023-01-22 00:00:00+00:00,0.014949123822240253,-0.004244829179193576,0.029775811334363404,-0.008612094668504254
2023-01-23 00:00:00+00:00,0.03075284377303841,0.030764287158675716,0.061382989217137744,0.06140587598841236
2023-01-24 00:00:00+00:00,-0.03170800900580573,-0.020787873193598996,-0.06353845432172857,-0.041698182697315095
2023-01-25 00:00:00+00:00,0.09928204161329258,0.020101992014855775,0.19844190896027938,0.040081809763405765
2023-01-26 00:00:00+00:00,-0.01718398250944467,0.012146572599094057,-0.034489877216389804,0.02417123300068765
2023-01-27 00:00:00+00:00,0.015942364163256197,0.025294763176414825,0.03176229201639529,0.05046709004271255
2023-01-28 00:00:00+00:00,0.0024162937850123953,-0.0003623460344556093,0.004710151259907688,-0.0008471283790283208
2023-01-29 00:00:00+00:00,0.017274329306978635,0.020088513319202982,0.03442622230384017,0.04005459032828886
2023-01-30 00:00:00+00:00,-0.04406011511114565,-0.008310051941188189,-0.08824319054506767,-0.016743064205152744
2023-01-31 00:00:00+00:00,-0.0016427547734324853,0.06911718738975213,-0.0034082078758040455,0.13811167645056519
2023-02-01 00:00:00+00:00,0.03178727661408986,0.02344563624242276,0.06345290312448347,0.046769622381149276
2023-02-02 00:00:00+00:00,-0.024919724071816793,0.003383332451849658,-0.04996083612852184,0.006645276918811061
2023-02-03 00:00:00+00:00,0.0060334919577606505,0.028138572042939673,0.011944547605404199,0.056154707775762244
2023-02-04 00:00:00+00:00,-0.006112265473145248,-0.013659908847521844,-0.012346967256407599,-0.02744225400516079
2023-02-05 00:00:00+00:00,-0.015987729148170315,-0.0317525648048703,-0.06200769637879096,-0.0636275659198577
2023-02-06 00:00:00+00:00,-0.009732307445296157,-0.021482546979539188,-0.030832881492590246,-0.04308805428185474
2023-02-07 00:00:00+00:00,0.018632250935624456,0.0463928121124081,0.11759488072131255,0.09266266390203984
2023-02-08 00:00:00+00:00,-0.029253763348992774,-0.04042823298371584,-0.07821515113623463,-0.08097942629020805
2023-02-09 00:00:00+00:00,-0.025576312191886212,-0.0672450835259314,-0.12575150084941197,-0.13461443696922462
2023-02-10 00:00:00+00:00,-0.013525986506274757,-0.005697973417846962,-0.017982432669048046,-0.011520740416165052
2023-02-11 00:00:00+00:00,0.011722695906442312,0.03216105057122266,0.059185197845082166,0.0641973075619742
2023-02-12 00:00:00+00:00,0.011523755274888622,-0.0216241011979309,0.00937220619981899,-0.046064788226809684
2023-02-13 00:00:00+00:00,-0.031991860286381305,0.009915987252443767,-0.06639947042316872,-0.008124601430067255
2023-02-14 00:00:00+00:00,0.04108201899596726,0.02126040347399336,0.10479702499934368,0.09305522680943377
2023-02-15 00:00:00+00:00,0.03971833031463614,-0.00021928935084443354,0.15551527025710346,0.09226779787872075
2023-02-16 00:00:00+00:00,-0.01261019678255866,0.017766374702424998,-0.09447409819570315,-0.027029044084608586
2023-02-17 00:00:00+00:00,-0.013908003761027425,0.019469360194799095,0.030532823024412993,0.08414472268891297
2023-02-18 00:00:00+00:00,0.022159379681923195,-0.01799481808464611,0.044323321936774324,-0.03206108275442095
2023-02-19 00:00:00+00:00,-0.018770844527737248,-0.0038540851176065375,-0.06143176012390559,-0.03206490797031084
2023-02-20 00:00:00+00:00,-0.010301438291766581,-0.009624510022610694,0.003678869358449819,0.005032725896761591
2023-02-21 00:00:00+00:00,-0.0006632817574934216,0.003745353301344526,-0.046791054060275464,-0.03797378394259957
2023-02-22 00:00:00+00:00,0.001265806652832482,-0.004019614173550845,-0.002822324316547843,-0.013393165969314497
2023-02-23 00:00:00+00:00,0.008895077291560268,0.0020728628243820157,-0.00881247566670909,-0.0224569046010656
2023-02-24 00:00:00+00:00,-0.0003616377567532414,0.011762278663693206,-0.06612501879914584,-0.041877185958252953
2023-02-25 00:00:00+00:00,-0.003144884127022923,0.02291982468110752,-0.03917508820089181,0.012954329415369076
2023-02-26 00:00:00+00:00,0.00452274554990332,-0.013499528632277722,0.04469594862654233,-0.0005736360287636682
2023-02-27 00:00:00+00:00,-0.0069968626877707565,0.004770701290741807,-0.011068485145212852,0.00012688723543097247
2023-02-28 00:00:00+00:00,-0.021997274360208947,0.024416125867345945,-0.07588030806489142,0.0001263639712363318
2023-03-01 00:00:00+00:00,-0.025362756460970692,-0.035051241993093715,0.018634059243051768,0.00012662561579035447
2023-03-02 00:00:00+00:00,-0.023376885718424223,-0.0003300221656538122,-0.057544857235022444,0.00012688723543097247
2023-03-03 00:00:00+00:00,-0.003622817401323534,0.028019877845631994,-0.07878879032552684,0.00012688723543097247
2023-03-04 00:00:00+00:00,-0.0031355690809486375,0.030562028696191984,-0.07186167310468866,0.00012688723543097247
2023-03-05 00:00:00+00:00,0.003262788997365456,0.014909138790878552,0.0024399446748043113,0.02265052151331973
2023-03-06 00:00:00+00:00,-0.005967702406406208,-0.016450565508733132,0.014183716990893453,-0.007017449687128814
2023-03-07 00:00:00+00:00,-0.009887491641934268,0.007623342848114537,-0.05046950921905642,-0.014537780673416064
2023-03-08 00:00:00+00:00,-0.03949339868111231,0.015151029183090536,-0.12443451151490113,-0.043570518133616995
2023-03-09 00:00:00+00:00,-0.00997709437826707,-0.012380740409880645,-0.08265157179479865,-0.04811281139709393
2023-03-10 00:00:00+00:00,-0.016953815578562393,-0.0037342078601528355,-0.015301262111060473,-0.011156568237164734
2023-03-11 00:00:00+00:00,3.7453378704384037e-05,-0.011273845803945783,-0.037519600702334586,-0.04285903744494745
2023-03-12 00:00:00+00:00,-0.08943511919561235,-0.0869459967212757,-0.0005707593081099798,-0.0005707593081099798
2023-03-13 00:00:00+00:00,-0.03125901576473064,-0.037613555569695346,0.0001258406073703089,0.0001258406073703089
2023-03-14 00:00:00+00:00,-0.06239329224362472,-0.03464415670402212,0.00012610230176468562,0.00012610230176468562
2023-03-15 00:00:00+00:00,0.04759058009136853,0.055149781827345895,0.00012296032277636648,0.00012296032277636648
2023-03-16 00:00:00+00:00,-0.009050179581062795,-0.029546154207540892,0.0001224363101171022,0.0001224363101171022
2023-03-17 00:00:00+00:00,-0.038411011129988064,-0.07582579380971463,0.00011692813496000376,0.00011692813496000376
2023-03-18 00:00:00+00:00,-0.013647255509031769,0.019187613005712364,0.00011692813496000376,0.00011692813496000376
2023-03-19 00:00:00+00:00,-0.03625854133797573,-0.0034251801652102447,-0.03047571039330626,0.022695317215710026
2023-03-20 00:00:00+00:00,-0.003915321444777271,0.027882717626423137,-0.07271242368144108,-0.014330927746664836
2023-03-21 00:00:00+00:00,-0.012981255783924351,-0.012236098459546985,-0.00833102155842054,0.021301188332195256
2023-03-22 00:00:00+00:00,-0.012386287142268842,-0.0011213352265042947,-0.06132483526796223,-0.0347353050278235
2023-03-23 00:00:00+00:00,0.06050672500269728,0.009357080092015106,0.15065943487187466,0.036432187189395726
2023-03-24 00:00:00+00:00,-0.029457866814901482,0.012277405942771583,-0.08710815626426378,-0.029103518989953114
2023-03-25 00:00:00+00:00,-0.014989033080118239,0.014334089626655964,-0.038251067698890535,-0.0010042695688896334
2023-03-26 00:00:00+00:00,0.02259519320480683,-0.01744614621228046,0.0740882703267482,0.015841040390114556
2023-03-27 00:00:00+00:00,-0.02331301364346124,0.02538701642474519,-0.06914795865313829,-0.005181238884531041
2023-03-28 00:00:00+00:00,-0.004185061805187208,-0.02043936612337657,0.05413971323590429,0.030114240778875992
2023-03-29 00:00:00+00:00,0.00980243124008549,0.004605549840952653,0.06250845686064681,0.03156135688936893
2023-03-30 00:00:00+00:00,-0.0181664114035537,-0.0005020083380257593,-0.06188257039517296,-0.007673150509095069
2023-03-31 00:00:00+00:00,-0.020734225700074806,-0.00706805937083024,-0.0013018188458012695,0.009666598597834105
2023-04-01 00:00:00+00:00,-0.015434888076712961,-0.00786863039943771,-0.04024014384791258,-0.0194501728702787
2023-04-02 00:00:00+00:00,-0.03006763385691352,-0.02527895461990863,-0.04169687214049433,-0.04998322638361175
2023-04-03 00:00:00+00:00,0.06901522841352974,0.00030806267382766115,0.11498221080882261,0.000488453402733408
2023-04-04 00:00:00+00:00,-0.020727769246518837,0.003724175213222662,-0.0273467925234749,0.007321463191014351
2023-04-05 00:00:00+00:00,-0.0172409246805827,-0.0003596339362558239,-0.020378046634987636,-0.0008456318437479796
2023-04-06 00:00:00+00:00,-0.013767516209492996,-0.019124161185633894,-0.027899324313536478,-0.0383759943161897
2023-04-07 00:00:00+00:00,-0.006108319729941537,-0.007545300862605564,-0.023917384330538825,-0.015219319600958325
2023-04-08 00:00:00+00:00,-0.00861982611572644,-0.0018379190071394122,-0.027093653392668993,-0.003804555890026022
2023-04-09 00:00:00+00:00,-0.03838716856745615,-0.023965077898348834,-0.019124773359999653,0.010007379861428209
2023-04-10 00:00:00+00:00,-0.00156925489107407,-0.008953811642975405,0.03617536950910803,0.021112671439956786
2023-04-11 00:00:00+00:00,-0.0328309216063923,0.0010911615371298454,-0.05782176465169682,9.90073648338635e-05
2023-04-12 00:00:00+00:00,-0.007819342375984053,0.014918264326756215,-0.03812153407657026,-0.007545269995593298
2023-04-13 00:00:00+00:00,0.009294134888619595,0.00412641137775219,0.027183717912081747,0.03721716942148499
2023-04-14 00:00:00+00:00,0.03783235655962385,-0.02050932933011253,0.1311944403405908,0.021854731326770422
2023-04-15 00:00:00+00:00,0.0032124390291575398,0.005848183746572319,-0.005504813321952799,0.009519330035916443
2023-04-16 00:00:00+00:00,-0.024491418660650393,-0.0016330504454634275,0.02948035700440191,-0.006368791341880349
2023-04-17 00:00:00+00:00,0.002387111859522777,-0.001821290519221586,-0.03074582445802934,-0.010761376365246317
2023-04-18 00:00:00+00:00,-0.025354232252158014,0.016169355481845137,-0.025137418844576386,0.04078734779163096
2023-04-19 00:00:00+00:00,0.012734392706529403,-0.02047880975651533,-0.06674336132557987,-0.08034915474004008
2023-04-20 00:00:00+00:00,-0.014628397669682557,-0.013111897065800135,-0.04862625125071054,-0.03771034315060972
2023-04-21 00:00:00+00:00,-0.0079660225876974,-0.021353599813289825,-0.059868720942953875,-0.06469816587413546
2023-04-22 00:00:00+00:00,0.03481891799786011,0.0022133965788674256,0.11653869590258173,0.025674559842011734
2023-04-23 00:00:00+00:00,-0.03569594124599278,0.0009554563365274255,-0.09097282736481435,-0.025209443381593505
2023-04-24 00:00:00+00:00,-0.0035230025694357897,-0.005561406138178832,0.020463825741587432,0.010802063165346125
2023-04-25 00:00:00+00:00,0.03239819169817688,-0.01239163350005728,0.12321340779950155,0.03018883863113945
2023-04-26 00:00:00+00:00,0.035323998047905085,-0.002245275019382009,0.03914930332801677,-0.023831025595228948
2023-04-27 00:00:00+00:00,0.0034900585074186382,0.004617853298506661,0.03144907524035509,0.03224062673446762
2023-04-28 00:00:00+00:00,-0.010099553950803057,0.016669427264833486,-0.039309853956427825,0.017715776201041023
2023-04-29 00:00:00+00:00,-0.00647334297022018,-0.0034371315552323136,-0.013404803428649595,-0.010687876018120478
2023-04-30 00:00:00+00:00,0.018135442358736504,0.0063331919105181315,0.005881435313154541,-0.015501305660676888
2023-05-01 00:00:00+00:00,-0.009056850313782814,-0.008869780228038953,-0.036955086321340945,-0.04431370984005465
2023-05-02 00:00:00+00:00,-0.03400617892466117,-0.004061635637627847,-0.03812206836139573,0.011234553326549684
2023-05-03 00:00:00+00:00,0.03834800640432407,0.003102333578813501,0.068850961674302,0.021136685724753978
2023-05-04 00:00:00+00:00,-0.008062608964519723,0.010231805767498268,-0.05341122337617075,-0.020212854425295322
2023-05-05 00:00:00+00:00,-0.017708489773126043,0.009936264475595414,0.017474791775524127,0.03361881261735788
2023-05-06 00:00:00+00:00,0.021811225081965133,0.0015722540065878834,-0.06347321831562583,-0.04597187890434935
2023-05-07 00:00:00+00:00,0.009833633077578556,-0.00946489575777738,0.00680176993128712,-0.013890681177766708
2023-05-08 00:00:00+00:00,0.015165466674959075,0.033481001913402746,-0.08287929551591172,-0.031579259450615633
2023-05-09 00:00:00+00:00,-0.022298548257697705,0.003393251405824625,-0.03285090088946712,0.006946855491841571
2023-05-10 00:00:00+00:00,0.017625877513830376,-0.013844817171824765,0.08734010820704483,-0.00035921665470434107
2023-05-11 00:00:00+00:00,-0.00817640114010819,0.03197350216285897,-0.07098954488768752,-0.023592440983194546
2023-05-12 00:00:00+00:00,-0.011315734275302912,-0.025156508108160374,0.02247713605317122,0.007461260165250599
2023-05-13 00:00:00+00:00,0.016226903024555397,-0.002403037125461428,-0.007914156497268442,-0.010844791712670176
2023-05-14 00:00:00+00:00,-0.01530739664677432,-0.015276171491846166,0.0022490014667007866,-9.756581959632709e-05
2023-05-15 00:00:00+00:00,-0.03383195413588542,0.0011797993076532723,-0.012645485824692878,0.00013524593816138797
2023-05-16 00:00:00+00:00,-0.02604039349038143,0.006539651403815031,-0.02698553845381156,0.0001355067383255193
2023-05-17 00:00:00+00:00,-0.02138051778526024,-0.04401846729640243,0.06606979836270038,0.000136288990322031
2023-05-18 00:00:00+00:00,0.020139826623112814,0.014654656099851322,-0.015735605085524303,0.0001373316466704022
2023-05-19 00:00:00+00:00,0.028477126380355062,-0.003695091531801198,0.03961111409609683,0.00013681036795398782
2023-05-20 00:00:00+00:00,0.03159224446026313,0.004005031543303075,0.052225843636338525,0.00013681036795398782
2023-05-21 00:00:00+00:00,0.019113872356427166,0.016400404480799803,-0.006112748519089608,-0.001041774813350986
2023-05-22 00:00:00+00:00,0.04328626576693818,-0.009416616750026667,0.0852938744035455,-0.004803312284645414
2023-05-23 00:00:00+00:00,0.04725324415914573,-0.02543236875708699,0.11464601247918986,0.0032323650828839476
2023-05-24 00:00:00+00:00,0.10854366781688617,0.015208678184140319,0.20248651581712432,-0.021424632774353553
2023-05-25 00:00:00+00:00,0.00947792555145679,0.00238225729022143,-0.005215397351980164,0.002931889164434388
2023-05-26 00:00:00+00:00,-0.009796718849368103,-0.0010947374090488815,-0.014077289413767454,0.001966685093245602
2023-05-27 00:00:00+00:00,-0.026706601412446577,-0.028036049863372332,-0.054978437490167884,0.005585464237280324
2023-05-28 00:00:00+00:00,0.030159675925187545,0.02822873606961368,0.08414648431414316,0.09672664600244454
2023-05-29 00:00:00+00:00,-0.03975400354544579,0.04693352150063584,-0.07847742892906903,0.04626826774372463
2023-05-30 00:00:00+00:00,-0.015523224116675075,0.07180776001213009,-0.012461457200785685,0.11481011152542177
2023-05-31 00:00:00+00:00,-0.003038770118166217,-0.006649942192216514,-0.03445285393171248,-0.0264959438583302
2023-06-01 00:00:00+00:00,-0.02123517032593146,0.005635559129824849,-0.04332824160946014,0.013376651412921424
2023-06-02 00:00:00+00:00,-0.09369973910777657,-0.01870060159201884,-0.0010695833098752223,0.0009496868936397888
2023-06-03 00:00:00+00:00,0.0012467777675526088,-0.050801334830253266,-0.033228202865228595,-0.07594358947826552
2023-06-04 00:00:00+00:00,-0.017806101592448838,-0.002010331480414407,-0.023880214213849456,-0.006400155555624933
2023-06-05 00:00:00+00:00,-0.022762260654982647,-0.009461170675749015,-0.13842071294950675,-0.1181097883590975
2023-06-06 00:00:00+00:00,-0.004684307605974091,0.006157883279251156,0.030403956497489427,0.06619206488807251
2023-06-07 00:00:00+00:00,-0.03214675133543202,-0.008309268827024662,-0.11376212980103281,-0.09664554046593246
2023-06-08 00:00:00+00:00,-0.005804672525399401,0.02134255500406792,0.00010918527905542415,0.042798440228374306
2023-06-09 00:00:00+00:00,0.018674794726695088,0.01072667234377531,0.013685418953022187,0.010940326731602723
2023-06-10 00:00:00+00:00,-0.02135812082441098,-0.00772745902485384,-0.19154972574295814,-0.1490964376077669
2023-06-11 00:00:00+00:00,0.017663572092365024,-0.0006660682775806985,0.012466713543405518,0.017773314419971417
2023-06-12 00:00:00+00:00,0.02290146251898054,0.008492737072788657,0.07415412840555528,0.037893733000588986
2023-06-13 00:00:00+00:00,-0.026457343393087585,-0.012258224883847871,-0.022286800791003654,-0.014747817813157746
2023-06-14 00:00:00+00:00,0.023531585120998618,0.019812014886362663,0.0024103722443824605,-0.010092428454380737
2023-06-15 00:00:00+00:00,-0.016812970538195342,0.004782243716015406,0.018828694115666633,0.006288388888615764
2023-06-16 00:00:00+00:00,-0.005931420126512338,-0.025480991094969003,-0.009243549281968919,-0.031722955473186744
2023-06-17 00:00:00+00:00,-0.013883039066275546,-0.017651508078377946,-0.01954471184270756,-0.019342654035727942
2023-06-18 00:00:00+00:00,-0.0034776518400590787,-0.005759966792226584,-0.03968784887024899,-0.046208269672376893
2023-06-19 00:00:00+00:00,0.0072052256389753735,-0.012628514953249358,0.03436801840736234,-0.006177071344716284
2023-06-20 00:00:00+00:00,-0.025591609822190393,-0.03407492743211158,0.03825658152232843,0.02308356373406866
2023-06-21 00:00:00+00:00,-0.019201515970023952,-0.02857801593732779,0.04042086209148027,0.02499728619633266
2023-06-22 00:00:00+00:00,0.013534173230381695,0.001940564435761819,0.01352083498966644,-0.022141292132151956
2023-06-23 00:00:00+00:00,0.003950794640129715,0.010927764208978633,0.020874695467938544,0.040276903851373974
2023-06-24 00:00:00+00:00,-0.04429399552694952,0.00519008391327843,-0.05865550604631099,-0.007035830316143183
2023-06-25 00:00:00+00:00,-0.03356936031824044,0.003138272025137193,-0.06374367167867334,0.01998423100691611
2023-06-26 00:00:00+00:00,0.023651616051376955,-0.014493675168613825,0.013230742899587715,-0.009885801055793269
2023-06-27 00:00:00+00:00,0.011261693917954807,0.0014776860810508073,0.01823384116231554,0.013655482865303594
2023-06-28 00:00:00+00:00,0.019267336124906817,0.039651704183169996,-0.053396165440809176,-0.003974228319095029
2023-06-29 00:00:00+00:00,0.02629309877683865,-0.03310638002251095,0.050285096295484014,-0.07942118462849324
2023-06-30 00:00:00+00:00,0.0406650637022156,-0.011862538575845304,0.0871949104950243,-0.015093597166132924
2023-07-01 00:00:00+00:00,-0.02639931464858968,-0.019250319622739733,-0.02077503266312283,0.007718984531382702
2023-07-02 00:00:00+00:00,0.053186857392101994,-0.004817973577744897,0.11127876394632728,0.004343432360772212
2023-07-03 00:00:00+00:00,-0.025842077561230782,0.029587230043408717,-0.053214109072611426,0.05028957031981193
2023-07-04 00:00:00+00:00,-0.030809739575659346,-0.0171687957663617,-0.04988940114239487,-0.052449716243701164
2023-07-05 00:00:00+00:00,0.0011131576296215557,0.006438515707004875,-0.023778398244241838,-0.004155513649953617
2023-07-06 00:00:00+00:00,0.027770807260759374,-0.001195008341803943,0.028812101831811213,-0.011887133958705267
2023-07-07 00:00:00+00:00,-0.0030945093823561685,-0.01184248781806307,0.02610519533223335,0.003688816344018849
2023-07-08 00:00:00+00:00,-0.03388925150634753,0.007894922498162767,-0.0400725690061316,0.03048756834240258
2023-07-09 00:00:00+00:00,-0.005227191489826013,-0.03064524315448349,0.018857298263352872,-0.025714207013193335
2023-07-10 00:00:00+00:00,0.017732850708061652,0.01735487244045426,0.02549018858874105,0.028863044962431274
2023-07-11 00:00:00+00:00,0.010412172044365068,-0.016196047577611436,0.021268341922987415,-0.015134413725402356
2023-07-12 00:00:00+00:00,0.01740664503541401,0.012694697362145992,0.03802326114698898,0.0017367386025927613
2023-07-13 00:00:00+00:00,-0.05538882649842808,-0.008299922898098342,-0.03703764587531575,0.04184187273242398
2023-07-14 00:00:00+00:00,0.004269109669517813,-0.0024412571595772235,-0.03329575101393513,-0.042126730827696225
2023-07-15 00:00:00+00:00,0.013769937218603714,-0.005017979719431467,0.02688058955635733,-0.01144140562314988
2023-07-16 00:00:00+00:00,0.016665510828377226,0.004418951649135593,0.02352814037507004,-0.0009649779834132274
2023-07-17 00:00:00+00:00,-0.020364253726672273,-0.015576753043093087,-0.016961944536630788,-0.007386943169472415
2023-07-18 00:00:00+00:00,-0.0036915544478453325,-0.00217897266410557,-0.017225264323197063,-0.014200100755717537
2023-07-19 00:00:00+00:00,0.006437935869620092,0.01144985156775972,0.019824306803341882,0.02984813819962114
2023-07-20 00:00:00+00:00,-0.00018774266021214647,-0.005037274695428766,-0.0018224096376773437,-0.011521473708110583
2023-07-21 00:00:00+00:00,-0.019313792190604754,-0.014037772287723387,-0.018167533717349766,-0.007615493911587028
2023-07-22 00:00:00+00:00,-0.01861471853113677,-0.022753736732676895,-0.0313871573342135,-0.039665193737293755
2023-07-23 00:00:00+00:00,-0.008162869339984405,-0.007097714439017074,0.010337678622858901,0.007829706385822073
2023-07-24 00:00:00+00:00,0.005493731526109633,-0.000213851166985653,-0.04335943225660355,-0.05083533815109837
2023-07-25 00:00:00+00:00,-0.005129473817619681,-0.0036305194129490938,-0.023488764572447328,-0.011224803229886112
2023-07-26 00:00:00+00:00,0.004860346766480421,0.014928414952771274,0.026288740049941296,0.04487258959021755
2023-07-27 00:00:00+00:00,-0.007495144754499494,-0.0034891715918271477,-0.0028923393986564454,-0.0057944327705245656
2023-07-28 00:00:00+00:00,0.024045302633241825,-0.005717972041765774,0.05895167607224945,-0.009160226543904323
2023-07-29 00:00:00+00:00,0.031368681995101365,-0.0057781069921989375,0.06632757811379077,0.011845438791009135
2023-07-30 00:00:00+00:00,-0.02420964751192647,0.004682587212080917,-0.04996463677146871,0.015089970373231048
2023-07-31 00:00:00+00:00,-0.013497168428846403,0.007428787982623316,-0.038356601857259455,-0.016983873010622045
2023-08-01 00:00:00+00:00,-0.008983833155843142,0.0009929660309709008,0.010488514224071785,0.016478465908154206
2023-08-02 00:00:00+00:00,0.008168334246216432,0.009238294263488997,-0.02325025612863855,-0.029531157861549893
2023-08-03 00:00:00+00:00,0.009255017018626462,0.021320854961380236,0.0070135614501893075,0.026502660394734756
2023-08-04 00:00:00+00:00,0.013085406940256322,0.000381220321840126,0.024846055761357802,-0.011133397259455264
2023-08-05 00:00:00+00:00,0.0031002290786626445,-0.00159863972065471,-0.018430362409393643,0.00022779166503439542
2023-08-06 00:00:00+00:00,-0.03679201754661675,-0.0064363332329078985,-0.010797179896523684,-0.007520260992289465
2023-08-07 00:00:00+00:00,0.009029798434396413,0.028292032857209246,-0.001246832402513836,0.029436199548648914
2023-08-08 00:00:00+00:00,-0.03280155039192098,-0.038248844121957885,-0.03496895928212983,-0.03305229139263035
2023-08-09 00:00:00+00:00,0.0005646770892376084,-0.02605570405966402,0.005971989876112475,-0.03537250792515756
2023-08-10 00:00:00+00:00,-0.0016758907913232604,0.004807819891495266,-0.007852147429761203,0.010557290630614155
2023-08-11 00:00:00+00:00,0.02627992889850111,0.018671925334947808,0.059849045094573165,0.041419193814260874
2023-08-12 00:00:00+00:00,-0.020947970318679298,-0.030196596230941057,-0.008634142194822114,-0.029284283933430872
2023-08-13 00:00:00+00:00,0.006592467227548122,-0.002927179894189712,0.0012281063193081232,-0.01331233053207234
2023-08-14 00:00:00+00:00,0.013175903759213419,0.001414150602460443,0.041125757819557116,0.014200344181699187
2023-08-15 00:00:00+00:00,0.02845549317239956,0.006234523338197369,-0.02747467085211084,-0.039490765068799526
2023-08-16 00:00:00+00:00,-0.0018195313223908086,0.009560477315404398,-0.05398631540741422,-0.05940012545956768
2023-08-17 00:00:00+00:00,0.033531671976911134,0.04307374793331381,-0.04932720145269078,-0.060759175487733304
2023-08-18 00:00:00+00:00,0.009182604989186572,-0.021563686273463355,0.04393088945963304,0.0018564076408859364
2023-08-19 00:00:00+00:00,-0.0090402132465676,0.002854734042921616,0.00701823309348397,0.021143415768215913
2023-08-20 00:00:00+00:00,-0.010761937590546302,-0.0004985952020649688,-0.021375685397504972,-0.0005590221687952972
2023-08-21 00:00:00+00:00,0.05619834435784311,-0.008557187779439212,0.1085972334956092,0.00014149831994814122
2023-08-22 00:00:00+00:00,-0.023839108732674655,0.006016222602642246,-0.0604046208836783,0.00014149831994814122
2023-08-23 00:00:00+00:00,0.020614414095784746,-0.007375412189061017,0.06133830475181554,0.00014149831994814122
2023-08-24 00:00:00+00:00,-0.0013267254290706696,0.003924540739024764,-0.003787114455606408,0.00014175852735065497
2023-08-25 00:00:00+00:00,-0.001173490094806131,0.005211524558940902,-0.01113741688719869,0.00014253900173777367
2023-08-26 00:00:00+00:00,0.01085747160265553,0.0026330896064627146,0.01802009865579265,0.00014253900173777367
2023-08-27 00:00:00+00:00,-0.006901372965610067,-0.01341520200860111,0.0304885791503788,0.00014253900173777367
2023-08-28 00:00:00+00:00,0.003638420066762062,0.016016611501108648,0.0242265601291665,0.00014253900173777367
2023-08-29 00:00:00+00:00,-0.009325614936353647,-0.01700314389665881,0.053657337449964954,0.00014227886824080826
2023-08-30 00:00:00+00:00,0.054776749596931795,0.01510545424032978,0.06004283422679507,0.000142018710113323
2023-08-31 00:00:00+00:00,0.02435505243583928,0.027432631813452384,0.02167635279058914,0.000142018710113323
2023-09-01 00:00:00+00:00,0.04003385124606168,0.013811354818696279,0.07932283880879337,0.00014149831994814122
2023-09-02 00:00:00+00:00,-0.036949331290702325,-0.0037933551966155775,-0.06210934475163843,0.00014149831994814122
2023-09-03 00:00:00+00:00,0.06565328972178278,0.009764749874709983,0.13898861709083354,0.02073505764231271
2023-09-04 00:00:00+00:00,-0.02665118950382094,0.01135085065595705,-0.07428589633939721,0.01432098255759409
2023-09-05 00:00:00+00:00,0.002258589384278035,0.016305865434859092,0.015568023986278406,0.04782868310644488
2023-09-06 00:00:00+00:00,0.0063044587160367305,-2.9800438288533243e-05,0.07920674518985137,0.0040394817383043475
2023-09-07 00:00:00+00:00,0.012637295939573764,-0.0016237046863121524,0.01619591325681363,-0.0013282460797405904
2023-09-08 00:00:00+00:00,-0.017137699849932117,8.366153348397398e-05,-0.06887903787404492,-0.01305480547831078
2023-09-09 00:00:00+00:00,-0.011741796621704666,-0.006866071900847368,-0.022747903589102787,-0.018687860727505803
2023-09-10 00:00:00+00:00,0.009755553084087362,0.045342501931096936,-0.026050301008556445,0.035151048387162806
2023-09-11 00:00:00+00:00,-0.008103124887127607,0.024432913439700887,-0.04695640830560929,0.006737416214558315
2023-09-12 00:00:00+00:00,0.02853390316750562,0.03219016361122464,0.05945668875231011,0.06400866489544002
2023-09-13 00:00:00+00:00,0.033417542369100356,-0.0018712104924328427,0.09580218345783423,0.018289196211577877
2023-09-14 00:00:00+00:00,0.018441716658378494,0.031977474572246326,0.0402977802880394,0.05442361885516667
2023-09-15 00:00:00+00:00,0.05150449582003944,0.025779345652699646,0.11554613196617773,0.06322434482515771
2023-09-16 00:00:00+00:00,0.008830951932923933,-0.018524020235348784,0.006303040673070182,-0.031242945185366796
2023-09-17 00:00:00+00:00,-0.04704783511880663,0.03185621443653932,-0.13130003633030765,0.00141080677137027
2023-09-18 00:00:00+00:00,0.019323838032975237,0.031019005891881033,0.04873319684377858,0.07087705904115002
2023-09-19 00:00:00+00:00,0.07432812525475747,0.030067623942228804,0.16017023117144172,0.08298692037597155
2023-09-20 00:00:00+00:00,0.02004740136568122,0.0031715261728444207,0.018342278937229457,-0.010469066238198842
2023-09-21 00:00:00+00:00,0.0011884488100829425,-0.004600651083204909,-0.03179143615485342,-0.03992119695928829
2023-09-22 00:00:00+00:00,0.04524345279300858,-0.045368263896748265,0.1610598383616815,-0.023275952176178314
2023-09-23 00:00:00+00:00,-0.04925708066053495,0.0106271034944301,-0.11765323259319686,0.000913716699007576
2023-09-24 00:00:00+00:00,-0.010584643393350066,0.0021115002550757597,-0.04477647648486925,-0.014249166275091235
2023-09-25 00:00:00+00:00,-0.012098482881878416,0.012049151111643005,-0.0071589198074058355,0.05022977433371217
2023-09-26 00:00:00+00:00,0.06535998552857031,-0.0023597292136837275,0.12810630649560362,-0.014166999195077754
2023-09-27 00:00:00+00:00,0.057658260666783145,0.0010880717262684628,0.10960962574808225,0.012662576928473106
2023-09-28 00:00:00+00:00,-0.03120754276877976,-0.005171180543688076,-0.03289043965918596,0.005046345157039205
2023-09-29 00:00:00+00:00,-0.00782814466843185,-0.028504632701952446,0.005935352366561306,-0.008648310608881018
2023-09-30 00:00:00+00:00,-0.0076339601647337305,0.016394866754474102,-0.0053370583480797,0.022881745964984202
2023-10-01 00:00:00+00:00,0.036557155200282423,-0.04506382133796277,0.13928583856602827,0.021361292625255403
2023-10-02 00:00:00+00:00,0.01789343717937623,-0.006206493489178558,-0.011284808603384381,-0.05091677968209314
2023-10-03 00:00:00+00:00,-0.05606929055849594,0.018408466361699106,-0.14685325660150955,-0.01306654279649427
2023-10-04 00:00:00+00:00,-0.041624342380858895,0.01670663281654099,-0.11637175373374123,0.024056128935323523
2023-10-05 00:00:00+00:00,-0.005297879507807083,0.006432177554314187,0.00045820377462108105,-0.006317325099450112
2023-10-06 00:00:00+00:00,0.01984350239794223,-0.03503359488133928,0.06735095753010528,-0.04103155297439422
2023-10-07 00:00:00+00:00,0.003451932962121983,-0.005954642774975491,-0.01924084257984278,-0.01691527224000633
2023-10-08 00:00:00+00:00,0.001115292506321228,-0.000277772136783963,0.004579639441125478,-0.0033590405451362974
2023-10-09 00:00:00+00:00,0.05837998075166668,0.024607236893338057,0.07061198365364146,-0.000987258610037575
2023-10-10 00:00:00+00:00,-0.02951384269367263,-0.022615069879581964,-0.04578861503222938,-0.038594504234721536
2023-10-11 00:00:00+00:00,-0.009670385465427781,-0.0031578843523335206,-0.018910552769131256,-0.014547347025942
2023-10-12 00:00:00+00:00,0.0035766523635554865,-0.003194781765294432,-0.03190954778701062,-0.032065016579513335
2023-10-13 00:00:00+00:00,-0.028043896142666263,0.00652233658691917,-0.0360515507282749,0.01421223775948941
2023-10-14 00:00:00+00:00,0.029670022954518246,0.004381315862681899,0.024379066233204783,0.00034245317337423337
2023-10-15 00:00:00+00:00,0.044015989782398846,0.01695689644055463,0.07750087308948746,0.038874760894717336
2023-10-16 00:00:00+00:00,-0.006607399811758751,-0.0018951356110103019,0.015877945865376383,0.037313088933795896
2023-10-17 00:00:00+00:00,-0.007811714971362343,-0.0022367488577580796,-0.028617834884705186,-0.033189116768608466
2023-10-18 00:00:00+00:00,-0.0227437177296188,-0.021978023556158494,-0.026481846779323675,-0.02119462581598137
2023-10-19 00:00:00+00:00,0.008698023253793201,0.027610646084298245,-0.003895586036344591,0.041925081632839464
2023-10-20 00:00:00+00:00,-0.0193470685702794,0.011270244950554054,0.04686374451057345,0.10487215617086315
2023-10-21 00:00:00+00:00,-0.020541305345863927,-0.014474685646833057,0.009425184576335325,0.031194481528185297
2023-10-22 00:00:00+00:00,-0.004556002139174216,-0.022178044936494036,-0.0035431251212486095,-0.01392270846497211
2023-10-23 00:00:00+00:00,0.07017146140552002,0.0461496330389615,0.19143957222545888,0.24211531180528814
2023-10-24 00:00:00+00:00,-0.028829194223432785,-0.017684768528685696,-0.005260778211773784,-0.02473267583695628
2023-10-25 00:00:00+00:00,0.09693352443410193,-0.03301078965802003,0.2294510976212407,0.1462398389148362
2023-10-26 00:00:00+00:00,0.009379962548139583,-0.005012511959316344,0.009102024586782135,0.009361337009548306
2023-10-27 00:00:00+00:00,-0.02865806368954928,-0.0075328813186862085,-0.08392985331199194,-0.0685260578016477
2023-10-28 00:00:00+00:00,-0.027274000543819663,-0.006117398744240636,-0.014592063290133015,-0.004810264130816119
2023-10-29 00:00:00+00:00,-0.016969708453325995,0.021558057874495096,-0.0034364043276078155,0.06862184304107544
2023-10-30 00:00:00+00:00,0.015592831996860675,0.04278168828444098,0.059219227542493244,0.09979993959654058
2023-10-31 00:00:00+00:00,0.01485826490120039,0.008958768331842138,-0.015482158459169712,0.00375286487075277
2023-11-01 00:00:00+00:00,-0.0237026407867114,-0.006052274623825431,0.01623245322676441,0.003529405106435036
2023-11-02 00:00:00+00:00,-0.013541758207187367,-0.03726147365190559,-0.05853228516712297,-0.0668857546044118
2023-11-03 00:00:00+00:00,0.018068065742889414,0.012195133749656025,0.03508879433306575,0.023687111837487587
2023-11-04 00:00:00+00:00,-0.0029245098774653227,0.011716731279920442,0.034318234677745814,0.02802558118017064
2023-11-05 00:00:00+00:00,-0.011122160427706805,-0.01453447690763118,-0.026456283301398553,-0.0289763380317837
2023-11-06 00:00:00+00:00,-0.003420346482817683,0.023128930327490162,0.024724598182402788,0.04611662256707943
2023-11-07 00:00:00+00:00,0.01001325214740819,-0.008020149854124782,-0.005003676268766926,-0.016181277539454267
2023-11-08 00:00:00+00:00,0.026505314586430864,0.01920267512319922,0.06542287230988054,0.03826437241519374
2023-11-09 00:00:00+00:00,-0.052162604226049666,0.004532452290312325,-0.09166700237905233,0.008924187030769975
2023-11-10 00:00:00+00:00,0.017553763101785438,0.014104509506086585,0.03192478901206713,0.028068561768327244
2023-11-11 00:00:00+00:00,-0.03661189431004782,-0.009630470465838932,-0.09881848542395393,-0.01940139817552379
2023-11-12 00:00:00+00:00,0.033574921197925475,0.08658249608116195,0.07551129994939572,0.17323286666637025
2023-11-13 00:00:00+00:00,-0.07237425958809567,-0.10584783007218562,-0.11977582106581348,-0.21567944530882047
2023-11-14 00:00:00+00:00,0.004224070223963893,0.012994307642316386,0.03181910337959975,0.023016130557150707
2023-11-15 00:00:00+00:00,0.0454265608331621,0.047762813594430235,0.10708406651804585,0.10373861085764675
2023-11-16 00:00:00+00:00,-0.01613146291295124,-0.020297047067835302,-0.057096605047746905,-0.04624009087794923
2023-11-17 00:00:00+00:00,0.020672924138909834,0.025621092112951827,0.04112439512272132,0.044835769320723376
2023-11-18 00:00:00+00:00,-0.017657322226822817,-0.028241073564517105,-0.03745095607951517,-0.059984151303943405
2023-11-19 00:00:00+00:00,0.008250306683879348,0.00622512097882381,0.016872526360273764,0.016872526360273764
2023-11-20 00:00:00+00:00,-0.01617717409841991,-0.011736912997987198,-0.0467293247393048,-0.0467293247393048
2023-11-21 00:00:00+00:00,0.007434283912110043,0.00015759939627198752,-0.06242209317710648,-0.06242209317710648
2023-11-22 00:00:00+00:00,0.010615303350789772,0.016902923807136476,0.10595123640419556,0.10595123640419556
2023-11-23 00:00:00+00:00,-0.006936816997112781,-0.009033028683769845,-0.03410217027503252,-0.03410217027503252
2023-11-24 00:00:00+00:00,0.0012164727922515273,0.008658235405928003,0.01967613022261768,0.01967613022261768
2023-11-25 00:00:00+00:00,-0.01597259789597721,-0.005518959650523851,-0.0006324744929070941,-0.0006324744929070941
2023-11-26 00:00:00+00:00,-0.009322646064722948,-0.0005388602189312847,-0.023099779926845594,-0.019098033143718798
2023-11-27 00:00:00+00:00,0.009755883353480344,0.027666341310008197,-0.03643599492722705,0.016646794191308212
2023-11-28 00:00:00+00:00,0.02978009841424979,0.005959948744503229,0.08857630325176816,0.035699101622610176
2023-11-29 00:00:00+00:00,-0.018276280272082515,0.0051617625162786555,-0.045168143755968455,0.009903187820658318
2023-11-30 00:00:00+00:00,-0.015578510672105209,0.010620040096475384,-0.021395843823019175,0.011750691972132967
2023-12-01 00:00:00+00:00,0.013300519897155675,-9.210714265047969e-05,0.0289080532116065,0.011606374716936933
2023-12-02 00:00:00+00:00,0.019391815108337134,0.007547694922535388,0.06736936610086199,0.04426981982953131
2023-12-03 00:00:00+00:00,0.01618140679649908,-0.007880648274653752,0.016677352456650533,-0.027724608631701873
2023-12-04 00:00:00+00:00,0.14586332425910023,0.01365992806597606,0.2832479752472573,0.0241381248528424
2023-12-05 00:00:00+00:00,0.041372484262541295,0.045952539936313166,0.06696777566021934,0.06993650607267433
2023-12-06 00:00:00+00:00,-0.04880256782182575,0.011489123610152523,-0.12802831590432587,0.0014964100231989808
2023-12-07 00:00:00+00:00,-0.007504851316861556,-0.005362548975651565,0.006218592615855483,0.0059770750202877
2023-12-08 00:00:00+00:00,-0.02101309483011774,0.011180763621968407,-0.020287308358396944,0.04268976460267802
2023-12-09 00:00:00+00:00,-0.012697644059905264,0.014959195792764383,-0.036364265086772006,0.016255144311724368
2023-12-10 00:00:00+00:00,0.01686189327635607,0.030736998019695067,0.06010847266635977,0.08167615751568728
2023-12-11 00:00:00+00:00,0.010962715248820839,0.01794383030827435,-0.06361520173188785,-0.049252324379403155
2023-12-12 00:00:00+00:00,0.042608286203072714,0.004318451541157919,0.08322385223245639,0.0010272957265759644
2023-12-13 00:00:00+00:00,-0.006620073256367053,0.029612290006698013,-0.00724385385401345,0.0646023281154227
2023-12-14 00:00:00+00:00,-0.004040355554343695,-0.012443754763082357,0.012763250628387365,-0.0035194208255927436
2023-12-15 00:00:00+00:00,-0.03569336299307039,-0.0052232122703320455,-0.11364601652375228,-0.04627007081311166
2023-12-16 00:00:00+00:00,-0.03153025314170883,-0.01344828486907421,0.009413323596150071,0.03511051762400215
2023-12-17 00:00:00+00:00,0.005008123996798271,-0.009659179953490808,-0.024016870168691244,-0.038230222842799075
2023-12-18 00:00:00+00:00,-0.03973342642927516,0.013717615122404896,-0.054993384374671564,0.02043594408964744
2023-12-19 00:00:00+00:00,-0.01873432946684011,-0.04522896964546038,-0.0021756570690265285,-0.05593031338331523
2023-12-20 00:00:00+00:00,0.010414752982202109,0.023426377479140555,0.040540396989484265,0.07553085505576644
2023-12-21 00:00:00+00:00,-0.00708241262981326,0.014746198826164373,-0.015364560874986501,0.04099151100715529
2023-12-22 00:00:00+00:00,0.003851017064058688,-0.022314020708314706,0.024904857382128266,-0.024447916920975435
2023-12-23 00:00:00+00:00,-0.023632258111560365,-0.007896177111388136,-0.019039948916781863,0.011493783652804429
2023-12-24 00:00:00+00:00,0.07786384807502415,0.035405370491477996,0.17492518566266962,0.02808132050703289
2023-12-25 00:00:00+00:00,0.004035310558412533,-0.0014409780334902035,0.020967734440400725,0.02879422091987205
2023-12-26 00:00:00+00:00,0.03774876311260553,-0.021735970625833653,0.02997727916034202,-0.04204198883360691
2023-12-27 00:00:00+00:00,-0.020909506367926052,-0.018343822279989604,-0.03483641302445756,-0.029771762376019834
2023-12-28 00:00:00+00:00,-0.04734698574044682,0.022864433232448012,-0.10704347512338393,0.01306834532161416
2023-12-29 00:00:00+00:00,-0.0008294256759844791,0.04516044329603973,-0.03950540375542228,0.06874932511383466
2023-12-30 00:00:00+00:00,0.005146901381216721,0.016438075276649016,0.004244310631614293,0.019034173574858697
2023-12-31 00:00:00+00:00,-0.043576212965968086,-0.028297316983158235,-0.10888211144690162,-0.06029467863924928
2024-01-01 00:00:00+00:00,0.052797888776409965,-0.004269610703268686,0.12859985225052392,0.0162086313276432
2024-01-02 00:00:00+00:00,-0.02012757185728628,-0.017013360283842004,-0.05890272063964153,-0.03647061102137632
2024-01-03 00:00:00+00:00,0.014847739967464952,-0.010893318453416807,-0.10560527746377256,-0.14724549129848422
2024-01-04 00:00:00+00:00,-0.03977655250883077,0.006459124448834053,-0.011120825009228424,0.03542059799369461
2024-01-05 00:00:00+00:00,0.025610371072698104,0.009369369373983524,0.012132546843795193,-0.0036445988430522775
2024-01-06 00:00:00+00:00,-0.02775479020548346,-0.02780067389144851,-0.08866525680772833,-0.08439499405442329
2024-01-07 00:00:00+00:00,-0.027025255390073746,0.012952331125970135,-0.1132549311045125,-0.03177967809193323
2024-01-08 00:00:00+00:00,-0.12027386044093141,-0.07837856856608391,-0.03490829704901145,0.05966904331610264
2024-01-09 00:00:00+00:00,-0.04473394062614818,0.003575744211119991,-0.11156980006272,-0.005058886783113387
2024-01-10 00:00:00+00:00,-0.030459298525340718,0.027836636674529187,0.06026403880843604,0.15217515322964326
2024-01-11 00:00:00+00:00,0.012832160928872025,0.009984199550210458,0.05523658891328208,0.05092310036888892
2024-01-12 00:00:00+00:00,-0.03036200012417542,0.022147453586530266,-0.06671028538386467,-0.02928040441027624
2024-01-13 00:00:00+00:00,-0.007139997760258856,-0.028472068554022362,0.02224827251366742,-0.023008656992524648
2024-01-14 00:00:00+00:00,0.007659892368224983,-0.0050369594682921105,-0.021839764533003563,-0.053455116613988274
2024-01-15 00:00:00+00:00,0.012960472036314691,-0.010046185466647537,0.05049494792952406,0.04595605746681881
2024-01-16 00:00:00+00:00,-0.02517759847480905,0.0015785766954130517,-0.02134609384898279,0.004584598649804239
2024-01-17 00:00:00+00:00,-0.03960869436909357,-0.05938351121141246,-0.006316489912842277,-0.039370303731169856
2024-01-18 00:00:00+00:00,0.008347451081645913,0.022046659017754988,-0.0706665454137516,-0.0571877404261306
2024-01-19 00:00:00+00:00,-0.0077233485261921355,0.022003679088372002,-0.030397787473430207,0.0030467762644068273
2024-01-20 00:00:00+00:00,-0.010265897831455146,-0.007495172352527404,0.0008292266566092412,-0.01645653684430864
2024-01-21 00:00:00+00:00,0.02889433403124114,-0.008266823952188721,0.05991637494368591,-0.01764665408774235
2024-01-22 00:00:00+00:00,0.014729150848090152,-0.0007867883507514868,-0.041936010873924005,-0.07419119379339971
2024-01-23 00:00:00+00:00,0.012716948279463378,0.029334402161078136,-0.0238023892034639,0.014868877043841558
2024-01-24 00:00:00+00:00,-0.011712114515232016,-0.011713829703143447,0.00950510643468351,0.008680899274290903
2024-01-25 00:00:00+00:00,-0.0002531324955655025,0.000457554603960017,-0.024805716882226832,-0.028196804620663686
2024-01-26 00:00:00+00:00,-0.016327435133129713,-0.010565856940220018,0.045377704004565395,0.054155908681601805
2024-01-27 00:00:00+00:00,-0.005679469665081409,-0.018644094768637626,0.012283572066285537,0.0072607817931986465
2024-01-28 00:00:00+00:00,-0.013296455133457757,-0.009929403102654222,-0.030143296127145423,-0.027413272379100902
2024-01-29 00:00:00+00:00,0.03928885178333542,-0.006236967200252531,0.10146155397483404,0.04530208817071372
2024-01-30 00:00:00+00:00,0.004672416422145534,-0.0049612451088297095,-0.009848756777039978,-0.03635295082468453
2024-01-31 00:00:00+00:00,-0.029473873608052772,-0.01626519878612968,-0.09568871874353727,-0.06516729419561376
2024-02-01 00:00:00+00:00,-0.00885055518046988,0.016223674446000657,-0.004405657599764001,0.022362519606219593
2024-02-02 00:00:00+00:00,0.05629607800338803,0.0040870436165377074,0.12262801030259601,0.014842478314042848
2024-02-03 00:00:00+00:00,0.0009677799331007288,-0.02299468230418832,-0.004837868922595481,-0.013241663506173035
2024-02-04 00:00:00+00:00,0.006890484071314203,0.005662556819240107,-0.016346835367489928,-0.0070294823503471715
2024-02-05 00:00:00+00:00,-0.024708091962677595,0.008555618440941309,-0.032036922652697454,0.04278272034922733
2024-02-06 00:00:00+00:00,0.01574891187843836,-0.022157524493083818,0.01848452176615232,-0.029697172336267227
2024-02-07 00:00:00+00:00,-0.02841281029109591,-0.01809675233970158,-0.0035440780918488527,0.01909129830857503
2024-02-08 00:00:00+00:00,-0.006223911831436651,-0.0068696348733773656,-0.018184525382113806,-0.017907719119355476
2024-02-09 00:00:00+00:00,-0.014165116207919659,0.00858514529950292,0.05785940390625355,0.06376940038479166
2024-02-10 00:00:00+00:00,-0.021468363377159377,0.004103387723759603,-0.024505141642449227,-0.0024905027308014913
2024-02-11 00:00:00+00:00,-0.01940511000156696,0.003414097762345773,-0.02325752383260728,0.0070039459145199425
2024-02-12 00:00:00+00:00,-0.0029623513054526734,-0.03409400676821871,0.030275735704071362,0.02896045629022633
2024-02-13 00:00:00+00:00,0.004598700807046366,0.008332693492932879,0.021371510552437172,-0.002175736273455948
2024-02-14 00:00:00+00:00,0.0035863194757383217,0.0016189838142839793,0.010719015833348203,0.036063197460536336
2024-02-15 00:00:00+00:00,-0.002545879839445358,0.0013402729539393784,-0.012513674374533757,-0.018528541343269207
2024-02-16 00:00:00+00:00,-0.024551412756505294,-0.012666323214583736,-0.037771288276138945,-0.027476687255783325
2024-02-17 00:00:00+00:00,-0.011176044568735896,0.0034319530324701487,-0.02633605274463213,-0.003661998837383159
2024-02-18 00:00:00+00:00,0.010534254752394657,0.010991117090571026,0.03564818934715663,0.026227355219613627
2024-02-19 00:00:00+00:00,0.0037141985195732127,-0.012776234324744656,0.0008236474232314039,-0.021992721034655275
2024-02-20 00:00:00+00:00,-0.031339411918545966,0.004724320634480668,-0.06789356830717651,-0.018410166885699755
2024-02-21 00:00:00+00:00,0.0016384020643119613,-0.02029504148406578,-0.012356364563961749,-0.03783738256912931
2024-02-22 00:00:00+00:00,0.007482655289537729,-0.005106086670707499,-0.005432404397741234,-0.0187915402454454
2024-02-23 00:00:00+00:00,-0.020523527018773993,-0.024202036002325716,-0.037438455326351365,-0.04630292525920818
2024-02-24 00:00:00+00:00,0.01852090550461771,0.020661698144334426,0.05487679780457284,0.04879451745240987
2024-02-25 00:00:00+00:00,0.02247383427353258,0.003268964621579092,0.05699511160228378,-0.0009022234461315049
2024-02-26 00:00:00+00:00,0.01719206274050333,0.0004982809845075897,0.0758768815642498,0.03355197348645252
2024-02-27 00:00:00+00:00,-0.06608405408010197,-0.0048308148041230166,-0.11574947645987231,-0.014518534021673943
2024-02-28 00:00:00+00:00,0.09716301708253046,0.019489615397215186,0.16009580422044248,0.006110611634610713
2024-02-29 00:00:00+00:00,-0.02925071929005183,0.004399699782040049,-0.054040147412366776,0.00019634730169557947
2024-03-01 00:00:00+00:00,0.0022133723256410735,-0.009519180062022969,0.03968847771355856,0.019999061897782586
2024-03-02 00:00:00+00:00,-0.006868811772195066,0.004230161170306575,-0.0031536533366102715,0.03767933161481909
2024-03-03 00:00:00+00:00,0.11594895453063887,0.0649624357464407,0.19955075705896122,0.11705506617725742
2024-03-04 00:00:00+00:00,0.032767044596061966,0.08743171375226653,0.023812880311252102,0.1581282186775276
2024-03-05 00:00:00+00:00,-0.015449204207916241,-0.05250343536508315,-0.089379373005473,-0.12681492291138075
2024-03-06 00:00:00+00:00,0.04941769194387262,0.04773070891865729,0.15259904821391407,0.11433706578870799
2024-03-07 00:00:00+00:00,-0.030550407259794476,-0.00875307301299024,-0.02310089677061736,0.005703755196207283
2024-03-08 00:00:00+00:00,0.22059656406588823,0.06444419872306885,0.4134501822145727,0.12023148757528022
2024-03-09 00:00:00+00:00,-0.010450793584159644,0.09295579438893464,-0.0016055327549213743,0.1938101749095924
2024-03-10 00:00:00+00:00,0.023038349252813856,-0.04851890731918183,0.030397842620523585,-0.08934110186001483
2024-03-11 00:00:00+00:00,0.0033330221744277163,0.022037850204912113,0.04415298565903291,0.05155776623585938
2024-03-12 00:00:00+00:00,-0.020041560177169303,-0.020686485685628565,-0.05331794361025182,-0.04534954346771645
2024-03-13 00:00:00+00:00,0.05886826408317924,0.0033867318379129365,0.10040499326883201,0.009748180106032681
2024-03-14 00:00:00+00:00,0.06476021111741827,0.057260453585803756,0.10573670449825928,0.09060801340734886
2024-03-15 00:00:00+00:00,-0.00428996561584589,-0.06441902665565652,-0.0857535376952564,-0.09363851345978928
2024-03-16 00:00:00+00:00,-0.058474506223877974,-0.051017052409932165,-0.19241045546310714,-0.14423372731953202
2024-03-17 00:00:00+00:00,0.06100347105443985,0.03568721487942822,0.1525793648604033,0.08081094584502013
2024-03-18 00:00:00+00:00,-0.04132568641036058,-0.011398282112811714,-0.14386653667380256,-0.07747906583749668
2024-03-19 00:00:00+00:00,0.00940464586247442,-0.038134262826895644,-0.06926107757181146,-0.09005935471051942
2024-03-20 00:00:00+00:00,0.06759185437657551,0.06312781241743926,0.23528192571527784,0.1930180187785189
2024-03-21 00:00:00+00:00,-0.05757193947981866,-0.005666384422825896,-0.08780909661090867,-0.03431593842399196
2024-03-22 00:00:00+00:00,0.00801241715118098,-0.007731913698934461,-0.009554768501639475,-0.0336752257782055
2024-03-23 00:00:00+00:00,0.01275513813649474,0.008790723002149784,0.0050358449460685805,0.009832931046291914
2024-03-24 00:00:00+00:00,0.003890138084110196,0.007579875961162392,0.04717027730477844,0.05311239836203462
2024-03-25 00:00:00+00:00,0.07956837549836594,0.0007755891786501675,0.1838078737107597,0.03183105982378486
2024-03-26 00:00:00+00:00,0.02162532503334939,0.0013970162165313398,0.07595748149102255,-0.0051922936455366135
2024-03-27 00:00:00+00:00,0.005906886744281119,0.003850780473245777,-0.031475241998488473,-0.028796384521858013
2024-03-28 00:00:00+00:00,-0.03416442534420633,0.007837274839287386,-0.04914910107314401,0.027734592220951496
2024-03-29 00:00:00+00:00,-0.015480677159873701,0.0025770354438105756,-0.03350181711934609,0.007168004473141485
2024-03-30 00:00:00+00:00,0.006639716055251927,-0.00237156499957956,-0.020126639632835164,0.012041623422938484
2024-03-31 00:00:00+00:00,-0.02714630351142992,0.006322137921596276,-0.009516450139515064,0.023370613032234446
2024-04-01 00:00:00+00:00,-0.0178006418566188,0.004875800588303423,-0.07943360525999785,-0.05092843278846083
2024-04-02 00:00:00+00:00,0.027507466225172115,0.015991201701252258,-0.04863022930508611,-0.06260916512174719
2024-04-03 00:00:00+00:00,-0.0090701835977627,0.006991713558115643,-0.07470754187057276,0.005201716502271551
2024-04-04 00:00:00+00:00,-0.004941005259791268,0.004310784589224954,0.01882315069952574,0.015465841931894257
2024-04-05 00:00:00+00:00,0.005295611201898904,0.0011965013097044249,-0.02064783499067191,-0.02973979018123466
2024-04-06 00:00:00+00:00,-0.027553920352105216,0.0010098863737364148,0.017734151979682696,0.03376843460944626
2024-04-07 00:00:00+00:00,-0.005744400504296849,0.006098602388675562,0.023308480683059525,0.035639325532145785
2024-04-08 00:00:00+00:00,-0.010323887345963107,0.008275772870881389,0.008648456932681271,0.04334378306675029
2024-04-09 00:00:00+00:00,2.127622130179856e-05,-0.00799300495393802,-0.04791952987796726,-0.07670111951310124
2024-04-10 00:00:00+00:00,0.022609212900682792,0.00631186906490904,0.011324240232125516,0.000707101250132998
2024-04-11 00:00:00+00:00,-0.005090756665388109,-0.005824874841913916,-0.03927005361402941,-0.033136101642753546
2024-04-12 00:00:00+00:00,0.018953266595763022,-0.0011724039748177487,-0.1383113545259814,-0.15571613743386334
2024-04-13 00:00:00+00:00,0.027707921938204226,0.013401784951007785,-0.09964616174387121,-0.11628284688979783
2024-04-14 00:00:00+00:00,-0.008465448596950583,0.007497074046814124,0.08682874814088444,0.1444655432143092
2024-04-15 00:00:00+00:00,0.033381569304198694,0.002992301747408709,0.030416570460595482,-0.052298177870363706
2024-04-16 00:00:00+00:00,-0.026963632292476742,-0.022368847489832352,-0.032301388793243395,-0.030613963363732764
2024-04-17 00:00:00+00:00,-0.026757718732133385,0.002655724940345127,-0.06498470398880243,-0.04935217105541093
2024-04-18 00:00:00+00:00,0.01425549490019924,0.0009696428781267325,0.04741717652593476,0.0453433715337267
2024-04-19 00:00:00+00:00,-0.02491733493392756,0.02403743032436725,-0.03347121551098124,0.042961326900571604
2024-04-20 00:00:00+00:00,-0.016810098187307245,-0.04906740327464311,0.05842726644176661,0.0490073686937646
2024-04-21 00:00:00+00:00,0.02736904588766743,0.0017518694289616723,0.017282852065963594,-0.0005598030868259823
2024-04-22 00:00:00+00:00,0.04022660648047139,-0.009845640188237496,0.11661672152781277,0.00013941577313203446
2024-04-23 00:00:00+00:00,0.00907043314706522,-0.005925673324270026,0.006456455488237816,0.00014019691317401772
2024-04-24 00:00:00+00:00,0.021450307077230793,0.031131232063935848,-0.0001470557923858003,0.00014045724384592617
2024-04-25 00:00:00+00:00,-0.046143708613020126,0.0025875753821333262,-0.07169930518767845,0.00014045724384592617
2024-04-26 00:00:00+00:00,0.034453907850065434,0.008164252936550306,0.018515727350846528,0.00014019691317401772
2024-04-27 00:00:00+00:00,-0.010580936125910144,0.005327212650441259,-0.021086618056337984,0.00014019691317401772
2024-04-28 00:00:00+00:00,0.005216384283612595,0.0041601766962166015,-0.014317164455306793,-0.0014719636860983795
2024-04-29 00:00:00+00:00,0.014100321125509078,-0.0027546299559661606,0.015114038923901051,-0.00537409195671641
2024-04-30 00:00:00+00:00,0.012477215484225574,0.015842889501474583,-0.07949662282854582,-0.07214634640509811
2024-05-01 00:00:00+00:00,0.012530488072922568,0.0012985836043765725,0.010248410782684068,0.004160736328296227
2024-05-02 00:00:00+00:00,0.003229145224221865,-0.0006348789840104879,0.01589210369365955,0.02267449485016123
2024-05-03 00:00:00+00:00,-0.008058834620912567,0.00040590978593281143,0.049280377840701266,0.0823314793714319
2024-05-04 00:00:00+00:00,0.020773476164932827,0.010896006528049635,0.03600607019743627,0.023480856300671774
2024-05-05 00:00:00+00:00,-0.020325672145497003,-0.006843914182904997,-0.049328095485243244,-0.005031180188531572
2024-05-06 00:00:00+00:00,-0.008160711775328034,0.009061250121150572,-0.03449155241253083,-0.006696970960491558
2024-05-07 00:00:00+00:00,-0.00872158245669583,-0.020673681389426456,-0.035947012223305895,-0.06303434155619705
2024-05-08 00:00:00+00:00,0.005583821971949967,0.0014024900095207398,0.005859410849405966,-0.029299901168442093
2024-05-09 00:00:00+00:00,0.023567329317547344,0.0171738019376376,0.07715864848100921,0.07353502118836773
2024-05-10 00:00:00+00:00,0.016499892638007215,0.011038583895564056,-0.031875859545363414,-0.03864249292261295
2024-05-11 00:00:00+00:00,0.005276462718388745,-0.0003250511421804099,0.003311334569414102,0.00024242283787753282
2024-05-12 00:00:00+00:00,0.0335948859149985,0.0024317568924575005,0.03829426539400257,0.0031858880718839944
2024-05-13 00:00:00+00:00,-0.006257302873503782,0.036339046475525334,-0.04721806918147967,0.06267897180978892
2024-05-14 00:00:00+00:00,-0.028303871703354275,0.016619820545407542,-0.07605368890269198,-0.004005358630622992
2024-05-15 00:00:00+00:00,-0.04099123734096855,-0.006202878595831088,0.031152423280245513,0.05624211203989679
2024-05-16 00:00:00+00:00,0.005346850695139481,-0.0022933559683900344,-0.03202144997443358,-0.02308485440716035
2024-05-17 00:00:00+00:00,-0.03685645172785909,-0.01915443669600331,-0.0014292054769566534,0.012156730187169005
2024-05-18 00:00:00+00:00,0.0035348411856734904,-0.00848452449067001,0.037667022618982346,-0.025797842499709796
2024-05-19 00:00:00+00:00,0.017576215532183238,0.006589373909976846,-0.033080841208092994,-0.03463612681507503
2024-05-20 00:00:00+00:00,-0.057111443026903165,0.010028660807546181,0.022492723811462386,0.16028697745610346
2024-05-21 00:00:00+00:00,0.01987446465539349,0.036922663736743216,0.06856960967957801,0.06801055530635886
2024-05-22 00:00:00+00:00,0.06451801280677304,0.010685669643899349,0.10277663796617198,-0.0019299782348925088
2024-05-23 00:00:00+00:00,0.035759388000102796,-0.016078479482950544,0.034456299716035844,0.021946504599999098
2024-05-24 00:00:00+00:00,0.0072553370995599616,-0.01652241417908641,0.011967768041788033,-0.035263299948293095
2024-05-25 00:00:00+00:00,-0.026582374165382814,0.0068425949735744515,-0.03375847202310022,0.024786111356695107
2024-05-26 00:00:00+00:00,0.010144404296740949,0.03699916811971233,0.005086088191358274,0.04188365222124044
2024-05-27 00:00:00+00:00,-0.007900471747261795,-0.03200063049490115,0.02659781824142205,0.011198424398945635
2024-05-28 00:00:00+00:00,-0.007333455450539304,-0.025169706766285514,-0.005113991311549894,-0.031298421962915816
2024-05-29 00:00:00+00:00,-0.029819771870687677,-0.021666744224604143,-0.06607155827781175,-0.04403719211977669
2024-05-30 00:00:00+00:00,-0.028482318923722914,0.010775053629618872,-0.03607690269425884,-0.01240962882905754
2024-05-31 00:00:00+00:00,0.043956449467709546,0.027313694066333667,0.06264374716914778,0.03388098389094751
2024-06-01 00:00:00+00:00,0.04818854068827332,0.0042590348077347325,0.09733334191306521,-0.0006947584505057655
2024-06-02 00:00:00+00:00,-0.03576259458675192,0.012425967733796428,-0.0074484850928243345,-0.002878799091351113
2024-06-03 00:00:00+00:00,0.0025840786926455733,-0.0035467015033243724,-0.03322171111632248,0.004804682973822809
2024-06-04 00:00:00+00:00,0.006118250800893971,0.010758322761182182,0.02104333865162082,0.025831639387486602
2024-06-05 00:00:00+00:00,0.014562549153490789,0.027530837570090443,0.03626038528772478,0.06659850023180998
2024-06-06 00:00:00+00:00,0.008249961684852099,0.0011469726350849178,-0.009234114728188778,-0.0051664293147147084
2024-06-07 00:00:00+00:00,0.03305108817791153,-0.009987977161485919,-0.0507000158256565,-0.09609101761763392
2024-06-08 00:00:00+00:00,0.011052500408110729,0.026323898019037055,0.04876350470533634,0.05859681058556746
2024-06-09 00:00:00+00:00,0.017076436852943577,-0.009970859629825468,0.04024278791349081,-0.016167952477373064
2024-06-10 00:00:00+00:00,0.0019183446511264277,0.0026861374652103662,-0.019467059493261288,-0.03310607000706766
2024-06-11 00:00:00+00:00,-0.04243646295185075,-0.02431052075196297,-0.10183734647378787,-0.09623885737081753
2024-06-12 00:00:00+00:00,0.006536932018606866,-0.05249185246118246,0.02491347421396506,-0.03882779171145352
2024-06-13 00:00:00+00:00,-0.004071884781358963,0.001845939630521081,-0.04039562867917475,-0.056722268314526265
2024-06-14 00:00:00+00:00,0.022247858095495655,0.02121485725082932,-0.0013658887133960792,0.001217823392140941
2024-06-15 00:00:00+00:00,-0.012140275974973417,-0.01099295701831411,-0.01521289499822479,-0.009594977535403238
2024-06-16 00:00:00+00:00,0.01891281846843995,-0.010206456794045074,0.011174079869643581,-0.0008842099613845048
2024-06-17 00:00:00+00:00,-0.02279339671373848,0.0006167017639282018,-0.10117061633454652,-0.09850948550019521
2024-06-18 00:00:00+00:00,0.015902477274282265,0.022944764082638052,-0.050000126389370424,-0.0320999538380528
2024-06-19 00:00:00+00:00,-0.042599717418854176,-0.013839829409099363,-0.08369938357599653,-0.014735072864873458
2024-06-20 00:00:00+00:00,-0.012486549497006248,-0.01656764188387671,-0.01681102004875675,0.009535751312664343
2024-06-21 00:00:00+00:00,0.02363808508453202,0.00034463204140834853,0.04377609181972749,-0.0017574105454436458
2024-06-22 00:00:00+00:00,0.022294811864589554,0.007138954670788257,0.036009333600164624,-0.00017772746104958344
2024-06-23 00:00:00+00:00,-0.01608422963971586,0.02691221849291863,-0.07853227816541239,-0.0005603238221781542
2024-06-24 00:00:00+00:00,-0.05139792071646482,-0.04511382566645985,-0.03537399111067641,0.00013993655783428594
2024-06-25 00:00:00+00:00,-0.008762592458870419,-0.027791170737554025,0.0022761846393529648,0.00013967617782184583
2024-06-26 00:00:00+00:00,0.019674825717610228,0.01656994830513871,0.01000295736588406,0.00013993655783428594
2024-06-27 00:00:00+00:00,-0.00867979601565403,-0.0300816237001762,0.013656480820908666,0.00013967617782184583
2024-06-28 00:00:00+00:00,0.01336563239023961,0.03129007842871419,-0.02241882017243204,0.00013941577313203446
2024-06-29 00:00:00+00:00,0.02218791470001947,4.8630683968248494e-05,0.017933451640926225,0.00013941577313203446
2024-06-30 00:00:00+00:00,0.034308019173125814,-0.016573923955453686,0.11755576182642566,0.0019482565940143574
2024-07-01 00:00:00+00:00,-0.004243995329163689,0.01608688965619977,-0.01712508800367516,-0.012944569010041828
2024-07-02 00:00:00+00:00,-0.003882578552139342,-0.01493543718050388,-0.02269320055886814,0.0011720883102796214
2024-07-03 00:00:00+00:00,0.0105279589316063,0.027762803654414876,-0.0752573723314382,-0.015262919180132646
2024-07-04 00:00:00+00:00,0.03573933609056785,0.039781037298212134,-0.09699299925475029,-0.02874572929121393
2024-07-05 00:00:00+00:00,0.0539913398603697,0.02773982135892283,0.0036091703786370116,-0.017845738713669627
2024-07-06 00:00:00+00:00,-0.03342810735577674,-0.02948823073012456,0.10422402425704559,0.0383174464116617
2024-07-07 00:00:00+00:00,-0.03314099466033371,0.04352670612063041,-0.09882125561258413,-9.36571555114875e-05
2024-07-08 00:00:00+00:00,-0.0148531441059569,-0.01248627763771268,0.02459790148776961,0.00013967617782184583
2024-07-09 00:00:00+00:00,0.03206805080444802,-0.020441343267165516,0.08757590715158334,0.00013967617782184583
2024-07-10 00:00:00+00:00,-0.0008548196837148094,-0.02050705860128229,-0.011740113984413481,0.00013967617782184583
2024-07-11 00:00:00+00:00,0.02389895120827051,0.04022659685455051,0.011695883413386648,0.00013915534376041094
2024-07-12 00:00:00+00:00,-0.021413950826451207,-0.0021426313265683426,-0.03751160388448651,0.00013915534376041094
2024-07-13 00:00:00+00:00,0.043284585922063586,-0.0003079032223781995,0.0837316697893399,0.00013915534376041094
2024-07-14 00:00:00+00:00,0.0035336087815880084,-0.03568135747809812,0.045619570784747654,0.008130987892770307
2024-07-15 00:00:00+00:00,-0.036874959017216796,-0.055116542520674064,0.05277050442128704,0.06000620812151295
2024-07-16 00:00:00+00:00,0.023541348258822408,-0.04334830957915905,0.03353510533259998,0.0055957104860101066
2024-07-17 00:00:00+00:00,-0.01753810738267564,-0.0020679594378154517,0.0048453799763443165,0.008830997022684226
2024-07-18 00:00:00+00:00,0.0088752024069199,-0.010977482897064763,0.01777605344361028,-0.006233761650154416
2024-07-19 00:00:00+00:00,-0.09645741710814629,-0.006259766839006951,-0.019773605863225064,0.02070567707315091
2024-07-20 00:00:00+00:00,0.005897441058522429,0.010964529083204676,0.029584644430178247,0.017538166310489517
2024-07-21 00:00:00+00:00,-0.03935677321534455,0.012723943709609598,0.00010540443094172092,0.04611387436859169
2024-07-22 00:00:00+00:00,0.03841997270588915,0.025061973945931112,-0.012422148752208617,-0.01547399390031572
2024-07-23 00:00:00+00:00,-0.023191248587265453,0.005030983786287843,-0.050244180620353476,-0.03920755850649599
2024-07-24 00:00:00+00:00,-0.02215239312226123,-0.0002669741852476982,-0.031311976983667826,0.013387990088516485
2024-07-25 00:00:00+00:00,-0.024625590624388072,-0.006518646700466948,-0.041698697362813175,-0.019325937453050526
2024-07-26 00:00:00+00:00,-0.04379231962179522,-0.038908454732816226,0.0255412416486902,0.04374294188245281
2024-07-27 00:00:00+00:00,-0.013262529720357824,-0.016411268099974743,-0.016432674776849555,-0.025441294975219242
2024-07-28 00:00:00+00:00,-0.012263317364767929,-0.007666535388926553,-0.03848587181877676,-0.019155758474459657
2024-07-29 00:00:00+00:00,-0.008534846680246684,-0.0063364389554506975,-0.00955023088746355,-0.01642421794912372
2024-07-30 00:00:00+00:00,0.0014289812533345887,0.003125842655314196,-0.01857609373930465,0.001765917889569577
2024-07-31 00:00:00+00:00,-0.017822830339966497,-0.017077556653952854,-0.017655548061360035,-0.04402278171908201
2024-08-01 00:00:00+00:00,0.010903067523529408,-0.03323110447737011,-0.026506311280359296,-0.069386033153468
2024-08-02 00:00:00+00:00,0.024138816902701563,-0.01267810489650112,-0.01867993763614078,-0.04949581527177766
2024-08-03 00:00:00+00:00,-0.002725855924736397,-0.03443422703692943,-0.054267406990990065,-0.0785101367730493
2024-08-04 00:00:00+00:00,-0.022091182664001677,-0.03139759621196639,-0.08019024554704446,-0.11368272050417245
2024-08-05 00:00:00+00:00,-0.005724406342008888,0.03193331289852668,-0.1408058952286637,-0.01909195310848809
2024-08-06 00:00:00+00:00,0.060046036674140955,0.03903954056637443,0.21105694838360156,0.1965128605429335
2024-08-07 00:00:00+00:00,-0.011447769247704654,0.04531267719688616,-0.06973181167748575,0.017036923095391808
2024-08-08 00:00:00+00:00,-0.05358559653648819,-0.04429807240471804,0.08283190761954809,0.07318646834300925
2024-08-09 00:00:00+00:00,0.003813995173245391,-0.003101387622565898,-0.0005832558486372084,-0.04058632297664229
2024-08-10 00:00:00+00:00,-0.05791077207374466,0.00402679742914101,0.012560170054573504,0.012341551201615676
2024-08-11 00:00:00+00:00,0.02514544468144418,0.039358693337680536,-0.062084861942747316,-0.0005639717355988221
2024-08-12 00:00:00+00:00,-0.05017435687690852,-0.03434282265372376,0.012229335091999062,0.0001355067383255193
2024-08-13 00:00:00+00:00,-0.02012277022567745,0.003420486926301896,-0.02719746512530272,0.00013524593816138797
2024-08-14 00:00:00+00:00,0.005639455339839582,0.020614985343570456,-0.01718275540790202,0.0001355067383255193
2024-08-15 00:00:00+00:00,-0.002089969142080834,0.01590872500292079,-0.03610585287551062,0.00013602826440117788
2024-08-16 00:00:00+00:00,-0.02303371735110022,0.012508648678961957,0.014607471042388487,0.00013576751373700624
2024-08-17 00:00:00+00:00,-0.012947989900384866,-0.013993119416732052,0.006177653507116048,0.00013576751373700624
2024-08-18 00:00:00+00:00,-0.006108649589109894,0.001195389490734011,-0.017932717432304606,0.00013576751373700624
2024-08-19 00:00:00+00:00,-0.010809844443675271,-0.017544393951036675,-0.014763186126064082,0.00013524593816138797
2024-08-20 00:00:00+00:00,-0.032536619681370865,-0.022051722692928977,-0.03823914278288258,0.00013472426355742861
2024-08-21 00:00:00+00:00,0.0028982927481677055,-0.01483598785478386,-0.0015494034665726822,0.00013420248988715855
2024-08-22 00:00:00+00:00,-0.008082563263247454,-0.010040735133812123,-0.00750355223566588,0.00013472426355742861
2024-08-23 00:00:00+00:00,-0.03911638417223014,-0.06737725313554531,0.03653668421208878,0.00013394156589074946
2024-08-24 00:00:00+00:00,-0.014571991137649993,-0.035582310971193444,0.007176036898627114,0.00013394156589074946
2024-08-25 00:00:00+00:00,0.013524393934839526,0.0008984277405777812,-0.02562701969707985,-0.024464487380220737
2024-08-26 00:00:00+00:00,-0.008010516901989768,-0.01002516368397427,-0.08313977892147856,-0.06987704861787328
2024-08-27 00:00:00+00:00,-0.01602847679945162,-0.03531608427434651,-0.09619111822549505,-0.08929734849040837
2024-08-28 00:00:00+00:00,-0.009948991134129417,-0.040999668270507446,-0.03885888622545864,-0.06264275743030054
2024-08-29 00:00:00+00:00,-0.006599664406706749,0.022238944673540626,-0.0034879158492045967,0.03072395582055667
2024-08-30 00:00:00+00:00,-0.0016920558616822388,0.011392157108456926,0.013688510978152855,0.014871769385653077
2024-08-31 00:00:00+00:00,-0.05826965176706514,-0.004697350222755218,-0.04000474964487306,-0.009688554121718528
2024-09-01 00:00:00+00:00,-0.009778630347355774,-0.027186158921574263,-0.03576924826065029,-0.11227669992111043
2024-09-02 00:00:00+00:00,-0.052832900642389914,0.00048438666125692065,0.0834989758380383,0.0721955194788865
2024-09-03 00:00:00+00:00,-0.010747614900657555,-0.012003638478538326,-0.0899986895362574,-0.07791948364328544
2024-09-04 00:00:00+00:00,0.020452435728099405,0.006454389275812448,0.06508817493266697,0.027758662314586253
2024-09-05 00:00:00+00:00,-0.026432329690673346,0.00023051403300805034,-0.048802121409348684,-0.022491106199235483
2024-09-06 00:00:00+00:00,-0.014759969657484797,-0.011197788540712626,-0.023690096585869524,-0.04142461087801283
2024-09-07 00:00:00+00:00,-0.011497530170632762,0.004340608706811741,0.0020391889008020275,0.035698549677509225
2024-09-08 00:00:00+00:00,0.04713287773703546,-0.010753608127645274,0.11094689041090496,0.011180336089987242
2024-09-09 00:00:00+00:00,-0.004836925464960008,-0.014937390728206395,0.04257541818937301,0.0320816014925075
2024-09-10 00:00:00+00:00,0.04375940663623021,-0.0009482943396070891,0.11739556698796552,0.014596226777217756
2024-09-11 00:00:00+00:00,-0.02455563079522875,0.01293275326426127,-0.08212030562104862,-0.015513401538602778
2024-09-12 00:00:00+00:00,-0.00036014667354851166,0.011080375336647064,0.03163675515784437,0.04776448518629095
2024-09-13 00:00:00+00:00,0.014059764768814263,-0.018233278294533004,0.05080742381160701,0.0025887277643577193
2024-09-14 00:00:00+00:00,0.012121926435577234,-0.008309429256342961,0.014873483614598938,-0.01702650894538195
2024-09-15 00:00:00+00:00,0.07967381005416527,0.019041421797613204,0.10887727105769196,0.018530108829369785
2024-09-16 00:00:00+00:00,0.015659312929744595,0.007231058471012593,0.0048815198118768305,-0.01861166221672698
2024-09-17 00:00:00+00:00,-0.002935104816127546,-0.012367657083514096,0.06780614517391396,0.04153733734305018
2024-09-18 00:00:00+00:00,0.019457112187078515,0.009104771722856338,0.09654109654093329,0.04417498067172084
2024-09-19 00:00:00+00:00,0.08367484302580672,-0.006527410773437969,0.19895468334313168,0.036789817397978486
2024-09-20 00:00:00+00:00,-0.02800079633521584,0.017349916471445802,-0.04077812363186392,0.028570402417927788
2024-09-21 00:00:00+00:00,-0.05482740359178383,-0.005540976166563765,-0.0564770442546276,0.005138787516451812
2024-09-22 00:00:00+00:00,0.014066290894267431,-0.010155721051006409,-5.3274262463947784e-05,-0.03374812771673418
2024-09-23 00:00:00+00:00,-0.004199396197793393,0.035194234037967544,0.03185401032508085,0.08470029637586465
2024-09-24 00:00:00+00:00,-0.0027778628068943767,0.018792345823623723,-0.006865005902704219,0.04585082497025403
2024-09-25 00:00:00+00:00,0.0021082395472004317,-0.025133762710036017,-0.004116280440486508,-0.025395022645303775
2024-09-26 00:00:00+00:00,0.0010086692317525636,0.012771157468407953,0.03853866721880617,0.028444486004931713
2024-09-27 00:00:00+00:00,-0.0006576320976490074,-0.017286537763010975,0.06608313445923257,0.02234130317062295
2024-09-28 00:00:00+00:00,0.01655932885644785,0.0019350023366645369,0.017507537951270854,-0.01892908596513587
2024-09-29 00:00:00+00:00,0.0036433453372656235,0.010911761003859053,-0.007933260626415124,0.02193625386265645
2024-09-30 00:00:00+00:00,0.02250516051610658,-0.010199557900049823,-0.022854402519430626,-0.02052024164117169
2024-10-01 00:00:00+00:00,0.011200661182007191,-0.024976158506096118,-0.06191317212431603,-0.050072918490587225
2024-10-02 00:00:00+00:00,0.009463769825366395,-0.005152106108588257,-0.012775137953387493,-0.010424289232803178
2024-10-03 00:00:00+00:00,0.013647129481304664,-0.04091351565690743,0.06506029443883883,-0.08194710832944152
2024-10-04 00:00:00+00:00,0.04695172849623586,0.047015845179568416,0.10765399661845432,0.09391030237424858
2024-10-05 00:00:00+00:00,0.002467838625090702,-0.005152628943284301,-0.026534522476375784,-0.010426645871456856
2024-10-06 00:00:00+00:00,0.044231772111079426,0.01825897554387492,0.118494717751476,0.08985605111325061
2024-10-07 00:00:00+00:00,-0.026589430893084597,0.005591251682447636,-0.07317728225363358,-0.00408817192905741
2024-10-08 00:00:00+00:00,-0.02323522718419452,-0.007313025459786274,-0.02193969197154531,-0.017665073035542152
2024-10-09 00:00:00+00:00,0.007659790160682494,0.01416263225230297,-0.01700770999404886,-0.016817553868762845
2024-10-10 00:00:00+00:00,0.021734083172718327,0.01588671627161735,0.05739168494620018,0.03616412565815403
2024-10-11 00:00:00+00:00,0.01596578748267758,0.018754816263816518,0.058020299865185254,0.08469610025868893
2024-10-12 00:00:00+00:00,0.000785093261723373,-0.018481805565006844,0.039584176473238065,0.011487950466374875
2024-10-13 00:00:00+00:00,0.00116535553886081,0.01609872746543545,-0.00866779885519638,0.012189523303345412
2024-10-14 00:00:00+00:00,0.05821237468845184,0.0577443569201156,0.1797009671069402,0.16779018499739928
2024-10-15 00:00:00+00:00,-0.1202806972536017,-0.11013700950701123,-0.24146579067667231,-0.2484016146360043
2024-10-16 00:00:00+00:00,-0.04698581319304987,-0.05973539792008573,-0.16880172375507083,-0.14921356117081747
2024-10-17 00:00:00+00:00,-0.0015988031715054988,-0.006231217892969486,-0.04095060654035245,-0.032987775765204355
2024-10-18 00:00:00+00:00,0.007868040792055265,0.017565725124943,0.0784251279280357,0.06938174769416804
2024-10-19 00:00:00+00:00,-0.0033458939660473918,-0.005668632614495814,-0.00968016340244188,-0.014977064912689018
2024-10-20 00:00:00+00:00,-0.02153304515435914,-0.013733102462312512,-0.01154581717949212,0.0007481198938483805
2024-10-21 00:00:00+00:00,0.015632113808722835,0.016426573402625867,-0.014383195871030808,-0.03647668506013438
2024-10-22 00:00:00+00:00,-0.022376834161853276,-0.01971776785153212,-0.004687665596903474,-0.016500899831588936
2024-10-23 00:00:00+00:00,0.03272301800670627,0.060528961696768704,-0.03408387537353163,-0.0013005524795935888
2024-10-24 00:00:00+00:00,0.06548134191815713,-0.016216738384168636,0.12412935716267927,-0.008850039216957333
2024-10-25 00:00:00+00:00,-0.0029429763989045534,0.022724708576629025,-0.10176411080373726,-0.10021865093240925
2024-10-26 00:00:00+00:00,-0.025692867706686953,-0.013646864046937813,0.003722086195840603,0.03935712266939204
2024-10-27 00:00:00+00:00,-0.0007933670044973364,-0.0012211809535514879,0.013816757215886995,0.03264637663209295
2024-10-28 00:00:00+00:00,0.007239800797108188,0.03713149327681196,-0.03716625620395209,0.04417281943716197
2024-10-29 00:00:00+00:00,0.011807270497160394,0.008212289628037469,0.04010170248156704,0.040053410352074846
2024-10-30 00:00:00+00:00,-0.023678794231179835,-0.013361233643212164,-0.04904725295866326,-0.03903659566140393
2024-10-31 00:00:00+00:00,0.005905982139229841,-0.0010448401757978116,-0.02936516539453515,-0.03869684285643367
2024-11-01 00:00:00+00:00,0.021939676052263865,0.005913581160044693,-0.003785637752087359,-0.01802217793761677
2024-11-02 00:00:00+00:00,-0.012903681613126286,0.00963362923939949,-0.036669733343109405,-0.011773253354305502
2024-11-03 00:00:00+00:00,-0.013345376472858791,-0.01109876657730217,-0.06913276708884124,-0.051979780020059485
2024-11-04 00:00:00+00:00,0.008829936320832465,0.024082647348704425,-0.012913953905386827,0.0012866345864710285
2024-11-05 00:00:00+00:00,-0.000881530902315381,-0.0007469282703633539,0.06287227766930767,0.06694673584981924
2024-11-06 00:00:00+00:00,0.020825707629633414,-0.07721098094241888,0.1650357251613365,0.12500989934186124
2024-11-07 00:00:00+00:00,-0.020281962405607833,0.00579718849791645,-0.024323904423503736,0.008556558436009252
2024-11-08 00:00:00+00:00,0.02820206319438333,0.0298563532483299,-0.00123831144129965,0.015647537529548547
2024-11-09 00:00:00+00:00,-0.14690930308567046,-0.04432976648163538,0.05558183245073404,0.048032035923977354
2024-11-10 00:00:00+00:00,0.05266258360501988,0.05405224137862751,0.14371043969091293,0.13710257270715345
2024-11-11 00:00:00+00:00,0.04520215263154413,0.010187683589106612,0.100702456563619,0.08475531937406025
2024-11-12 00:00:00+00:00,0.03526286806937969,0.04570274697011234,-0.0022472270202778654,0.05066677098688987
2024-11-13 00:00:00+00:00,-0.016376083698337447,-0.0009663267908781132,0.03345511102237432,0.0013501642308800443
2024-11-14 00:00:00+00:00,-0.0006922141933012056,-0.014243830602647717,-0.07095404020108545,-0.08488886913377962
2024-11-15 00:00:00+00:00,0.04788429008049982,0.024444878045471307,0.09891219602573771,0.06247576031208326
2024-11-16 00:00:00+00:00,-0.006490349454136036,-0.021265548837869613,-0.007914418800260314,-0.024401189751379754
2024-11-17 00:00:00+00:00,0.006424331528102246,0.013146788519535104,-0.03666392131868869,-0.019801432409632065
2024-11-18 00:00:00+00:00,-0.012831641229613881,-0.020424543920023564,0.05140037078820099,0.010376362563243577
2024-11-19 00:00:00+00:00,0.04513329044548132,0.03217583916366411,0.0036230909136401477,-0.0005109302667904058
2024-11-20 00:00:00+00:00,0.037552935868115395,0.01893457198626616,-0.004425037836555456,-0.025948553397023896
2024-11-21 00:00:00+00:00,-0.018091309256806767,0.0077467501563245975,0.06229333578366544,0.08525455050141637
2024-11-22 00:00:00+00:00,0.05569157819533578,0.02795797406619487,0.1194724260308942,0.08123701995321048
2024-11-23 00:00:00+00:00,0.04301961545818337,-0.0758131570477332,0.18864989596368967,0.009383779255316098
2024-11-24 00:00:00+00:00,-0.058652004088231006,0.0010395034532372643,-0.06253551112291933,-0.013474786804844293
2024-11-25 00:00:00+00:00,-0.007918655016617128,-0.012641736368702102,-0.06638150603389252,-0.05419181797514332
2024-11-26 00:00:00+00:00,-0.013254888829658756,0.0032864502886606264,-0.05241602823358409,-0.021164840857193397
2024-11-27 00:00:00+00:00,-0.003909284033547752,0.008464345463283158,0.051643006902560365,0.05542124872206392
2024-11-28 00:00:00+00:00,0.008821416967570425,0.015218761431089068,0.01245893055454391,0.01833883472928633
2024-11-29 00:00:00+00:00,0.06761144520434156,0.024815127960628687,0.15566585746622855,0.08584147076981591
2024-11-30 00:00:00+00:00,-0.031039782040349448,0.0017777494754547707,-0.03577867485331021,0.019018058483043245
2024-12-01 00:00:00+00:00,0.043640343946152585,0.03262115906457513,0.11208993267732902,0.1070909759440665
2024-12-02 00:00:00+00:00,0.06263532901745193,0.05123451890746536,0.061197057888631216,0.022210833681188896
2024-12-03 00:00:00+00:00,-0.013430771098524552,-0.014541230625472551,-0.0452705392383494,-0.043785144259078625
2024-12-04 00:00:00+00:00,-0.03593455974417892,-0.018400976626833532,-0.050751540333796835,0.025867874449989663
2024-12-05 00:00:00+00:00,-0.02291731261509754,-0.011680549569959005,-0.050089054074792284,-0.031778932205122755
2024-12-06 00:00:00+00:00,0.039767385544837906,0.004373839066295908,0.07956903086205627,0.037703248061725626
2024-12-07 00:00:00+00:00,-0.009328947291212931,-0.011700323365341034,0.036933942762238034,0.0903839571242924
2024-12-08 00:00:00+00:00,0.005024516666746678,0.012765646227376179,-0.01518028485007504,-0.01361781310258353
2024-12-09 00:00:00+00:00,0.01602724985610445,-0.006188262857698579,-0.1627722511625689,-0.17274646440368036
2024-12-10 00:00:00+00:00,0.0402943285459064,0.055612630627434295,0.01317143389104947,0.028564586214936738
2024-12-11 00:00:00+00:00,-0.06052350517105055,-0.05962170000059691,0.04625484505467688,0.0458109849935471
2024-12-12 00:00:00+00:00,0.008597647572388279,-0.008888727103349496,0.012277708716004185,-0.02295255441188462
2024-12-13 00:00:00+00:00,-0.035144273946494546,-0.028789931559291913,0.0008455687382927368,0.02617372017220874
2024-12-14 00:00:00+00:00,0.012645713737728725,0.017415302706876776,-0.04226599310076358,-0.036470861564219303
2024-12-15 00:00:00+00:00,-0.03104100367054417,0.011902862484600964,-0.017642878224985704,0.0396373849550322
2024-12-16 00:00:00+00:00,0.01466801356640047,-0.0005487908784653574,-0.03242290476130217,-0.02160696479673292
2024-12-17 00:00:00+00:00,0.01117998694651707,-0.007755695655017389,-0.01557175144203311,-0.005278010846786878
2024-12-18 00:00:00+00:00,0.010519393650256956,0.0026137724432879826,-0.09093965200337227,-0.09091901441408255
2024-12-19 00:00:00+00:00,-0.016937091707623586,-0.0013440124950264735,-0.09662786269416151,-0.06380481830096423
2024-12-20 00:00:00+00:00,-0.00996085263420163,0.017274428193327307,0.019954911697402,0.08718050143670587
2024-12-21 00:00:00+00:00,-0.006957873895916919,0.012854025031682275,-0.07593381109855185,-0.04788563588207831
2024-12-22 00:00:00+00:00,0.020616673730080495,-0.01767361428960509,0.06915549347489545,-0.015227615029041314
2024-12-23 00:00:00+00:00,0.02924054524800307,-0.009340652310803575,0.09788247997915338,0.062014881022882544
2024-12-24 00:00:00+00:00,0.11328296632774877,0.0016668262524531662,0.24234683042783092,0.002500079384930818
2024-12-25 00:00:00+00:00,-0.001615125220445125,0.02704344855896411,-0.04533044385294558,-0.008489383499654562
2024-12-26 00:00:00+00:00,0.041420480097995586,0.008523537046051443,0.036410546068455764,-0.048817390074778276
2024-12-27 00:00:00+00:00,-0.04740288378389566,0.003931596172916861,-0.09348964014166067,-0.009083373216859257
2024-12-28 00:00:00+00:00,0.00837944815693613,-0.004727912422982142,0.04834146785153503,0.03123842389269786
2024-12-29 00:00:00+00:00,-0.007722736357981907,0.037560549213538,-0.07075718655031325,-0.000587538965948508
2024-12-30 00:00:00+00:00,-0.0266931464779413,-0.01736321221023451,-0.04236269714926688,0.00011351277020521522
2024-12-31 00:00:00+00:00,0.007591046151835102,-0.005037252896293772,0.0188813241234344,0.00011351277020521522
2025-01-01 00:00:00+00:00,0.003679101699669245,-0.0039207057894256785,0.01814566190296659,0.00011351277020521522
2025-01-02 00:00:00+00:00,0.04737437089546721,-0.03328920450512002,0.148482459199219,0.00011324987390737284
2025-01-03 00:00:00+00:00,-0.09207532767103625,-0.04628338717105542,-0.032352451872054655,0.00011272400583539621
2025-01-04 00:00:00+00:00,0.003887309013477936,0.015293178273229588,-0.03526908046608192,0.00011272400583539621
2025-01-05 00:00:00+00:00,-0.03693119302339626,-0.0019865762214873696,-0.01696992480854886,-0.005907997717839556
2025-01-06 00:00:00+00:00,0.010472027652057868,-0.009193651342108585,-0.00540208427423408,-0.044327034718059904
2025-01-07 00:00:00+00:00,0.00488504828249864,0.04601219565671398,-0.07634781634894194,-0.04968873410718598
2025-01-08 00:00:00+00:00,0.007656485602020833,0.023284306951199887,-0.07595469763457417,-0.04747523739362668
2025-01-09 00:00:00+00:00,-0.016115350438786598,-0.013780236853499774,-0.06449192354533366,-0.07125941351305845
2025-01-10 00:00:00+00:00,0.0032918481963008827,0.013741081028640613,0.005332458666968368,0.03428046102921704
2025-01-11 00:00:00+00:00,0.02944512290030621,-0.009688309973407284,0.057941402049886494,-0.008084915330703057
2025-01-12 00:00:00+00:00,0.016679780107602658,-0.010104688329192294,-0.006316854716256454,-0.04260492760427855
2025-01-13 00:00:00+00:00,-0.012348974450176206,0.03348342123356084,-0.06670070117508838,-0.0002145403926908299
2025-01-14 00:00:00+00:00,-0.0008803391503000258,-0.017440858085647326,0.009967459171592955,0.022341774373036333
2025-01-15 00:00:00+00:00,-0.029511647689837252,0.02260989687341783,0.014489694118349978,0.11820789260290787
2025-01-16 00:00:00+00:00,0.0009316888622400516,0.03659043714335404,-0.03250837278198979,0.046389747426368824
2025-01-17 00:00:00+00:00,-0.030377215528383142,-0.018214796133105244,0.03408896866352748,0.021651910240977935
2025-01-18 00:00:00+00:00,0.0029753890967721326,0.056973764481041356,-0.0885134511702697,-0.008616489018035956
2025-01-19 00:00:00+00:00,0.009792717582337247,0.03751863485564622,-0.10410083095943357,-0.07123623341587544
2025-01-20 00:00:00+00:00,0.030455709729864045,0.039827951189777076,0.0044862460090926625,0.011356225822175934
2025-01-21 00:00:00+00:00,-0.012574211542757629,0.013526222691203085,0.010114491974872138,0.020433562297482118
2025-01-22 00:00:00+00:00,-0.015341585754755053,0.005812033251777171,-0.023504787378320555,-0.0006519996054045352
2025-01-23 00:00:00+00:00,0.033507073399995015,-0.007773878264290748,0.052654434488818784,-0.009184098384209742
2025-01-24 00:00:00+00:00,0.06042635864100222,0.030468968276505134,0.03573131140707896,0.004366677805891172
2025-01-25 00:00:00+00:00,-0.007821493693683262,0.011749484444119131,-0.024403545903430014,0.01972188272634155
2025-01-26 00:00:00+00:00,0.08953259089526878,-0.007926970366330359,0.15590611847782399,-0.048852253091681105
2025-01-27 00:00:00+00:00,0.005195952638817863,0.017048251470713476,-0.04790108393335068,-0.009736694695792247
2025-01-28 00:00:00+00:00,0.13071914931242823,0.04805332252329505,0.08522683269921687,-0.026104070000985448
2025-01-29 00:00:00+00:00,-0.040039348698714776,-0.03194010255566174,0.002582400474782783,0.020861768236679134
2025-01-30 00:00:00+00:00,-0.004920614150744863,0.01557735978695597,0.018921421454880235,0.062093046549144645
2025-01-31 00:00:00+00:00,-0.03215835029805736,-0.03672527668361688,-0.04714355122481337,-0.02450072806524307
2025-02-01 00:00:00+00:00,0.05885156808867128,0.04550723457018589,-0.09477542832045292,-0.07034636667353197
2025-02-02 00:00:00+00:00,-0.036608170936984576,0.015486774820766188,-0.10474252368149585,-0.05517080427207166
2025-02-03 00:00:00+00:00,-0.006306519986935557,0.03574213012631707,0.08006522707280106,0.07347815656297156
2025-02-04 00:00:00+00:00,-0.006760814102929929,0.0060545607353898225,-0.09044403499841956,-0.055951078993837666
2025-02-05 00:00:00+00:00,0.02587864978022226,-0.020809202027906256,0.0006567770523818696,-0.05628444267169039
2025-02-06 00:00:00+00:00,0.03543915441113293,0.02709420993086363,-0.0269791432135631,-0.04309777078217664
2025-02-07 00:00:00+00:00,0.01504892228021755,0.017353821013213384,0.003154361984517491,-0.010369126348106822
2025-02-08 00:00:00+00:00,-0.05046083365275396,-0.029655024675404033,0.012672165402451327,0.03047649949587292
2025-02-09 00:00:00+00:00,0.018823578477738082,0.0423479351580911,-0.0009729303390923019,-0.0005862243586494891
2025-02-10 00:00:00+00:00,-0.003444015207840969,-0.051151370446721446,0.0863137918676206,0.00011351277020521522
2025-02-11 00:00:00+00:00,-0.0010876491647797896,0.00399225624975288,-0.02145180788489384,0.00011351277020521522
2025-02-12 00:00:00+00:00,-0.011867814365725888,0.0069675486395703225,0.04748482503827709,0.00011351277020521522
2025-02-13 00:00:00+00:00,0.00806111383814861,0.05006200023826258,-0.06169807861260554,0.00011324987390737284
2025-02-14 00:00:00+00:00,0.02985202421060081,-0.04847927022602084,0.07374352715473775,0.00011324987390737284
2025-02-15 00:00:00+00:00,0.048670934852028974,0.062357605625562904,0.029681068255545503,0.00011324987390737284
2025-02-16 00:00:00+00:00,-0.003607990292500571,-0.0035499109391851752,-0.027122869963706994,-0.02046827966244259
2025-02-17 00:00:00+00:00,0.022355331349130928,0.03392289037771008,-0.044045235013185816,-0.008958134388423408
2025-02-18 00:00:00+00:00,0.0761700643532466,0.051115670961257145,0.049634741300308975,0.020255810687975887
2025-02-19 00:00:00+00:00,0.009379623514066574,0.027477704318579554,-0.02393595201528084,0.013214234138708914
2025-02-20 00:00:00+00:00,-0.009994414793964936,-0.05584566535896377,0.09849061323151896,-0.010055475147457568
2025-02-21 00:00:00+00:00,0.04417456999753759,0.013582299109629294,0.0424826664524125,-0.007021938793967266
2025-02-22 00:00:00+00:00,-0.048429609798907335,-0.134939735192883,0.014654560389262982,-0.005522204051963462
2025-02-23 00:00:00+00:00,0.011153047203657626,-0.007167477014635067,-0.027486258905053348,-0.05751239544731272
2025-02-24 00:00:00+00:00,-0.013463702164865213,0.022173916350863118,-0.2081148441209796,-0.11518896373744551
2025-02-25 00:00:00+00:00,0.0016988023365109542,-0.011014589170488916,0.04410261582742781,0.059855513667183606
2025-02-26 00:00:00+00:00,-0.012587950663939865,-0.008003592710423113,0.049452515462101256,0.0906093201613691
2025-02-27 00:00:00+00:00,-0.051348601718012574,0.011866120561163984,-0.12845668519348893,-0.035791209110057585
2025-02-28 00:00:00+00:00,-0.01672061643694301,0.06475695054155342,-0.03334369395332508,0.12956530256268223
2025-03-01 00:00:00+00:00,0.022749941331468772,0.01979226302462827,-0.03511125646797385,-0.04986671353177388
2025-03-02 00:00:00+00:00,-0.12299870612381168,-0.14001688681765556,-0.054562690120041474,-0.012179538658275956
2025-03-03 00:00:00+00:00,0.010119229515308126,0.028248919760075694,-0.13464256767457272,-0.14892762446187965
2025-03-04 00:00:00+00:00,-0.01618321954042237,0.016958596479193875,-0.01680610443894312,0.01960636821450408
2025-03-05 00:00:00+00:00,-0.03281426184342972,-0.07426356154610417,-0.005860816508404191,-0.02624669843979173
2025-03-06 00:00:00+00:00,0.007100646030980128,-0.0053317780686729845,-0.09364508346714855,-0.04956084473085048
2025-03-07 00:00:00+00:00,0.10313156482526271,0.08496052496612692,0.09856861759611114,0.08400794451814388
2025-03-08 00:00:00+00:00,0.0007510746006341001,0.010502535264427734,0.017661878460805767,-0.011476163473894399
2025-03-09 00:00:00+00:00,-0.0050080620306954746,-0.03688396908107954,-0.0172697131987812,-0.07636875149425984
2025-03-10 00:00:00+00:00,0.09199377228404398,0.014386905337888176,0.08513907388625294,-0.030574002439499447
2025-03-11 00:00:00+00:00,0.040746196482070285,-0.0018050105565002642,0.07615512260341503,0.04580294026058233
2025-03-12 00:00:00+00:00,-0.035548448412101696,-0.01271634453772644,0.0044028001299538655,0.013868783967710647
2025-03-13 00:00:00+00:00,0.02802003824092351,0.05495220709283421,-0.04510004439461896,-0.005237713902856994
2025-03-14 00:00:00+00:00,0.03154145005933287,0.01180705379223856,0.03574641960636128,0.07899299368182709
2025-03-15 00:00:00+00:00,-0.012402185229273352,-0.0213360241224319,-0.02595237411613728,0.0006327175121742555
2025-03-16 00:00:00+00:00,0.017384617817723488,-0.030900077662245333,0.08976398769940216,-0.00035394266083127045
2025-03-17 00:00:00+00:00,0.023044759618487707,-0.014632545732489424,0.09437271932371563,0.00011272400583539621
2025-03-18 00:00:00+00:00,0.0468506993016078,0.07373763964173763,0.017871234321955164,0.00011272400583539621
2025-03-19 00:00:00+00:00,-0.009429165931898843,-0.06257564784826328,0.06978666202243626,0.00011272400583539621
2025-03-20 00:00:00+00:00,-0.0017232108764729985,-0.017932644195736848,-0.007964516456448295,0.00011246103405149199
2025-03-21 00:00:00+00:00,0.02402690905705682,-0.006878685562743997,0.0774620288559058,0.00011246103405149199
2025-03-22 00:00:00+00:00,-0.048196066644984194,0.007877554347050258,-0.1107412003403052,0.00011246103405149199
2025-03-23 00:00:00+00:00,-0.023988977188773034,0.06248905340968341,-0.11574760047535851,0.09634773461170239
2025-03-24 00:00:00+00:00,-0.06183204229023357,-0.07186464999234014,0.03604056541896906,0.023638417667593045
2025-03-25 00:00:00+00:00,0.017822813239620424,0.015010059041508794,-0.015419948218286253,0.010896530839865803
2025-03-26 00:00:00+00:00,0.023210057828154995,0.026612401996839348,-0.07119613882107777,-0.05448251099712872
2025-03-27 00:00:00+00:00,-0.03945476955336297,0.007335580209361132,-0.03101449539321304,0.010411019526250785
2025-03-28 00:00:00+00:00,0.004601960098842313,0.003571589948308512,-0.03376075461066518,-0.07346730449303966
2025-03-29 00:00:00+00:00,0.011483444020670527,0.0007602544615152922,-0.021032064990194756,-0.061990145189234465
2025-03-30 00:00:00+00:00,-0.05614712370574565,-0.01683733363304886,0.029283575344304827,0.008604187900148955
2025-03-31 00:00:00+00:00,0.043229015914258546,0.040970677188073304,0.036803150768325445,0.018585809651988312
2025-04-01 00:00:00+00:00,-0.010866985843767425,0.03012420617082756,0.0060679560474097265,0.07716774456309572
2025-04-02 00:00:00+00:00,0.008805497003674164,0.008883434236613367,-0.09352893785809735,-0.1032366405276628
2025-04-03 00:00:00+00:00,-0.02161068262848559,0.0004965060319394413,-0.022551928250024535,-0.018850214986901113
2025-04-04 00:00:00+00:00,0.04900055133092649,0.03436601993459406,0.11699791592365597,0.10582223411972141
2025-04-05 00:00:00+00:00,-0.018476269871883215,-0.00830033135067605,-0.05470049695214529,-0.021521573478271137
2025-04-06 00:00:00+00:00,-0.021442196206137187,-0.0007232284985765606,-0.10723375424616531,-0.03533595067481764
2025-04-07 00:00:00+00:00,0.014261589559663605,0.04119595225948837,0.07537947586179848,0.08154579666914524
2025-04-08 00:00:00+00:00,-0.01082922958722115,0.02794575696254772,-0.12992436496008672,-0.02596113285357898
2025-04-09 00:00:00+00:00,0.07485774986329069,0.04001115825651154,0.2615411309102658,0.16506620614744946
2025-04-10 00:00:00+00:00,0.030179774811518983,0.035863626224910294,-0.006376828901870677,-0.003867966191678814
2025-04-11 00:00:00+00:00,0.019086430205781806,0.005343725284635532,0.048015197740188684,0.05516427783831993
2025-04-12 00:00:00+00:00,-0.1216441905857577,-0.01164626142327926,-0.23024850293814125,0.004359677524592677
2025-04-13 00:00:00+00:00,0.13838471830071064,0.017762753039948193,0.0636053603509405,-0.05500790397249776
2025-04-14 00:00:00+00:00,0.0198777632833666,0.03691554809993593,0.08973500473897664,0.06010315745810218
2025-04-15 00:00:00+00:00,-0.02594116193396018,-0.02103559908077494,-0.043686048625819984,-0.07249143392063394
2025-04-16 00:00:00+00:00,0.029563842253154622,0.03666985435536514,0.04970838431578535,0.03805754690525976
2025-04-17 00:00:00+00:00,-0.0068376460928750915,-0.018549860855171702,-0.010564620383827788,-0.013811950489530041
2025-04-18 00:00:00+00:00,-0.037537799659345686,-0.026373580874885547,-0.06891499932344913,-0.03537379281251717
2025-04-19 00:00:00+00:00,0.036689759854290856,0.015852390808804885,0.07226002929415662,0.05910584883256644
2025-04-20 00:00:00+00:00,0.028040970857571262,0.010949197304718926,0.028127035606226265,0.029021619935988518
2025-04-21 00:00:00+00:00,0.024620059834947562,0.009445100154777356,0.014661225638333717,0.020128537072383074
2025-04-22 00:00:00+00:00,0.05618914553630632,0.03175140991206469,0.19358427467525746,0.14538979969389215
2025-04-23 00:00:00+00:00,0.024358647696656133,-0.024905854095423934,0.016841800229895117,-0.005368507785074994
2025-04-24 00:00:00+00:00,0.024553307429655304,-0.01819817196631886,0.04230953633205754,0.013958722908129712
2025-04-25 00:00:00+00:00,-0.05788012517998313,-0.009375197875395059,-0.1018291821266116,-0.024850626309216316
2025-04-26 00:00:00+00:00,-0.013849729728669881,-0.028822608777579296,-0.012006847385140164,0.0006248306195738131
2025-04-27 00:00:00+00:00,-0.08168208599992265,-0.001157685320137309,-0.1814725207517474,-0.02205704283379511
2025-04-28 00:00:00+00:00,0.10743534659386833,-0.002544991718934667,0.21590256299094393,0.004603015268993435
2025-04-29 00:00:00+00:00,-0.01879125739295476,-0.015732377887575363,-0.0646924485428038,-0.042943024338545396
2025-04-30 00:00:00+00:00,0.8510486264779651,0.03397141835799178,1.6834496473567064,0.062086508393497275
2025-05-01 00:00:00+00:00,0.03258619538513951,-0.01726072820765891,0.04357624691783643,-0.03206549948644702
2025-05-02 00:00:00+00:00,0.0272255073159183,0.006410563160552405,0.017415135030457628,0.015673033133724614
2025-05-03 00:00:00+00:00,0.008960903101110708,-0.04426139251493335,-0.04944404283567041,-0.10495131544836557
2025-05-04 00:00:00+00:00,-0.02283416222237871,-0.0010842432077157146,-0.07192901636406132,-0.023778832523209708
2025-05-05 00:00:00+00:00,-0.025547029826271724,0.006070644623956179,-0.05514446440022191,-0.030496613764958217
2025-05-06 00:00:00+00:00,0.025183367070730624,-0.042010585775874465,0.020381171237053644,-0.10031629841119102
2025-05-07 00:00:00+00:00,0.037517596581517314,-0.00962993303913668,0.051021877868351447,-0.031199655212166034
2025-05-08 00:00:00+00:00,0.011906705579256627,-0.02242178092154777,0.0946076292179547,0.08766683270758976
2025-05-09 00:00:00+00:00,-0.05004855083542199,-0.03203354380992401,-0.019683629953905133,-0.0025509222723771718
2025-05-10 00:00:00+00:00,0.026876052385361428,-0.061855640435271225,0.1718766171441541,0.019120442750151338
2025-05-11 00:00:00+00:00,0.1605220176483768,0.00843860457807394,0.21885093414817813,-0.03770255679144869
2025-05-12 00:00:00+00:00,-0.04749824896137775,-0.010992754333773393,0.053706622360480225,-0.020635285789382674
2025-05-13 00:00:00+00:00,0.02712487131217574,0.012553129259308847,0.049220019180635066,0.04607716407396799
2025-05-14 00:00:00+00:00,-0.018849860178892137,-0.0024099684988861995,-0.11284080413601447,-0.034459948522003556
2025-05-15 00:00:00+00:00,0.029100973830164252,0.00213235527893941,-0.08860276409122271,-0.04190943862621831
2025-05-16 00:00:00+00:00,-0.01411309092329946,-0.005206701530207174,-0.04002710849866441,-0.02074885034660639
2025-05-17 00:00:00+00:00,-0.022920158340497158,0.00900573801563486,-0.060667044612976374,-0.009072801279512701
2025-05-18 00:00:00+00:00,0.07755337861913321,0.009924880291930317,0.18823563485301106,0.05141534699599574
2025-05-19 00:00:00+00:00,-0.01198625074201446,-7.278709336539199e-05,-0.07339222764458495,-0.02602402546770641
2025-05-20 00:00:00+00:00,-0.0020610096716659667,-0.015351748788339266,-0.010155823166845672,0.001204598922017656
2025-05-21 00:00:00+00:00,0.02289546395848769,-0.013056450731666109,0.037867708123271775,-0.0017217229705005408
2025-05-22 00:00:00+00:00,0.06021147735550303,0.01727966685936075,0.17157602273489145,0.060777875553254604
2025-05-23 00:00:00+00:00,-0.05914125155909171,-0.0014568302272292325,-0.1618144498548047,-0.054567316483428004
2025-05-24 00:00:00+00:00,-0.019531732455079227,-0.012584349266006578,0.001034660842728375,-0.0004494578954623823
2025-05-25 00:00:00+00:00,0.015089059502680642,0.024207994063352535,0.011617421342964108,0.00477513688073251
2025-05-26 00:00:00+00:00,-0.005570026344156626,0.005101575801801179,0.006088530056094955,-0.008470105952868335
2025-05-27 00:00:00+00:00,0.03775826026149147,-0.0038040485241295874,0.0817206221284599,0.007024698951862419
2025-05-28 00:00:00+00:00,-0.017055157080120995,0.004441746737893213,-0.026111740867043945,-0.011088739094291741
2025-05-29 00:00:00+00:00,-0.010812596507273415,0.0006169437466447131,-0.02990409530888145,-0.04211949300678343
2025-05-30 00:00:00+00:00,0.022330671526172477,0.03757215903871224,-0.15610302250871627,-0.10108679087259419
2025-05-31 00:00:00+00:00,0.0069885342123081695,-0.012178840266318207,0.03208616927562141,0.006245125157773967
2025-06-01 00:00:00+00:00,0.014232277531928605,-0.014385071790031779,0.0989116483181776,-0.0005859615126516331
2025-06-02 00:00:00+00:00,-0.01172250623004782,-0.008406838476804148,-0.031990315294931994,0.00011403848734836686
2025-06-03 00:00:00+00:00,0.022452391700542983,0.00014583509872190766,0.014448301132848475,0.00011377564135051088
2025-06-04 00:00:00+00:00,0.06512425229855656,0.02078427252731496,0.09538657131050933,0.00011403848734836686
2025-06-05 00:00:00+00:00,0.0011318865721508713,0.0451961510972567,-0.10530377265928217,0.00011403848734836686
2025-06-06 00:00:00+00:00,-0.06297266330661452,-0.016063764516555935,-0.1368546342671726,0.00011403848734836686
2025-06-07 00:00:00+00:00,0.027244194051127726,-0.015213201294821456,0.07600454849032529,0.00011403848734836686
2025-06-08 00:00:00+00:00,0.01382516216273637,-0.005813439037721496,0.022322455767957484,-0.0009922350135503567
2025-06-09 00:00:00+00:00,0.03838872632313297,-0.013452768770915191,0.1204129000867798,0.07134343597673806
2025-06-10 00:00:00+00:00,-0.0015843669765733563,-0.01963638227599666,-0.014856766428696079,0.012533752043862442
2025-06-11 00:00:00+00:00,0.023752973322250143,-0.01199372438077111,0.00029822085231120065,-0.04942461008446535
2025-06-12 00:00:00+00:00,-0.010664942616476861,-0.00192557267477988,-0.07549573008859267,-0.0736678517159267
2025-06-13 00:00:00+00:00,0.00488758496514642,-0.0034998722792311168,-0.032880067891654055,-0.0003656370593715392
2025-06-14 00:00:00+00:00,-0.03713622337316615,0.006232679472615904,-0.04942801432524526,-0.033292479279047854
2025-06-15 00:00:00+00:00,0.03506157175555192,-0.0029709827227330813,0.10551058614141638,0.0012802059701856137
2025-06-16 00:00:00+00:00,-0.006223813282494301,0.0008743600362656356,0.04539716122822418,-0.0004030071757716703
2025-06-17 00:00:00+00:00,-0.016272058840014775,0.02329853482805294,-0.09892423730498369,-0.004445379286926515
2025-06-18 00:00:00+00:00,0.039968978520350563,-0.004520451011286475,0.07388687873050673,0.0019535763800884996
2025-06-19 00:00:00+00:00,0.01923356949555986,0.00502142215862177,0.035654889336603574,-0.00041445341969146264
2025-06-20 00:00:00+00:00,-0.004887052476796529,0.007539130507289147,-0.06413219019757026,-0.015166560249331787
2025-06-21 00:00:00+00:00,0.004728847586980804,0.017341674303329016,-0.011946149272956674,-0.015272913068976476
2025-06-22 00:00:00+00:00,0.06746020919899456,0.023830323724316524,0.13374982690617518,-0.00012034638088079047
2025-06-23 00:00:00+00:00,0.11035018341983005,-0.06965341285399064,0.2321475589756713,0.00011246103405149199
2025-06-24 00:00:00+00:00,-0.005865336104586078,0.003975295828437992,-0.055649488635196934,0.00011246103405149199
2025-06-25 00:00:00+00:00,-0.007513238944618092,0.027378194462626085,-0.02953640697861329,0.00011246103405149199
2025-06-26 00:00:00+00:00,0.01800126036098133,0.01563147605594905,0.03650448303423509,0.00011298695245254287
2025-06-27 00:00:00+00:00,-0.014370062904283458,-0.02635990496863989,0.004689964826557582,0.00011272400583539621
2025-06-28 00:00:00+00:00,0.016331715812139658,-0.020803968238543392,0.04576318323492873,0.00011272400583539621
2025-06-29 00:00:00+00:00,0.011761883833109776,-0.017789178847579135,0.0752329902024925,0.025484563712479084
2025-06-30 00:00:00+00:00,0.007829871668724727,0.02609861783966325,-0.0322115436530696,-0.0038319546858217313
2025-07-01 00:00:00+00:00,0.024306343008105996,7.100990115697312e-06,-0.018814971067361234,-0.05760209329138251
2025-07-02 00:00:00+00:00,0.015265900950509628,-0.04008863894240377,0.06593921517817172,0.0639378798650283
2025-07-03 00:00:00+00:00,0.04891640476321651,0.0005756741137907087,0.07432444416137449,0.023149279389236038
2025-07-04 00:00:00+00:00,0.028380987828347692,0.01526978381263154,0.035503933081597626,-0.02693099296378974
2025-07-05 00:00:00+00:00,-0.0018937174052405786,-0.0007898633236582316,0.013070247564689368,0.0006172605460048359
2025-07-06 00:00:00+00:00,-0.016744161387737346,-0.010016032905532896,0.03045723971219319,0.0031981531049320357
2025-07-07 00:00:00+00:00,0.0018534287903225577,0.00908622844835816,-0.013739295916559837,0.004056969208340673
2025-07-08 00:00:00+00:00,0.06836677192594041,0.0022008739260503695,0.10462282846272941,0.01820915787245834
2025-07-09 00:00:00+00:00,-0.054973942363705605,-0.01940385598843304,-0.05678332920920436,0.021235386831387874
2025-07-10 00:00:00+00:00,0.06518711379358644,-0.025308904404274996,0.1792500965217905,0.02815174963736792
2025-07-11 00:00:00+00:00,-0.1095153852577144,0.02438400832722358,-0.12672892698115976,0.07694266434041118
2025-07-12 00:00:00+00:00,0.01985391237198197,0.018590349993707216,-0.029583463493674526,0.007464294885772381
2025-07-13 00:00:00+00:00,0.02316287962539996,0.028138277485414538,0.060565124534706596,0.05686251648348071
2025-07-14 00:00:00+00:00,-0.014702515310906808,0.04316202934701147,-0.040939561809032465,0.08620975738581972
2025-07-15 00:00:00+00:00,0.017561785516450847,-0.013510930856495322,0.03050412944820685,-0.02713590020033901
2025-07-16 00:00:00+00:00,-0.04259350077070927,0.0070460511615965124,-0.04058511908956362,0.013978326681842514
2025-07-17 00:00:00+00:00,-0.011797607684541429,-0.01249016088117797,-0.04694527617449065,-0.02509409740370645
2025-07-18 00:00:00+00:00,-0.0015327611658679213,-0.009627744817227496,0.0012132834289741903,-0.019369265275805504
2025-07-19 00:00:00+00:00,0.024081789589762675,0.010310525774732668,0.011754496308506876,0.020507275908114825
2025-07-20 00:00:00+00:00,0.0950075852487633,0.004795414726092407,0.13309907024053058,0.009477053810834303
2025-07-21 00:00:00+00:00,0.007422091121841734,0.006577191018158647,0.020921786617784054,0.013040606394966783
2025-07-22 00:00:00+00:00,0.0198657088972641,-0.004726572266132227,0.000520456287001624,-0.009566920173614966
2025-07-23 00:00:00+00:00,0.006124745961230466,-0.05802135202053552,0.0006192055738930174,-0.11615674252841941
2025-07-24 00:00:00+00:00,-0.024820822057054378,-0.0046699776353290815,-0.003060691641974549,-0.00945399375800653
2025-07-25 00:00:00+00:00,0.04141834295434003,0.03478676878033801,0.13579598463142123,0.06945949907332766
2025-07-26 00:00:00+00:00,0.002892208391855511,0.02076540227239093,-0.029778383502972065,0.041416766057433496
2025-07-27 00:00:00+00:00,0.05373344160060956,0.025858863910412644,0.09518631931945627,0.05160368933347692
2025-07-28 00:00:00+00:00,-0.009639206239295964,-0.02047319783454457,0.04412553292406873,-0.04106017131043965
2025-07-29 00:00:00+00:00,-0.010555996775601997,-0.01940760521704513,-0.0703654820024114,-0.03892898607544077
2025-07-30 00:00:00+00:00,0.010507762220848368,0.006900297913096958,0.02357922025853832,0.013686557338845549
2025-07-31 00:00:00+00:00,-0.02772697359847769,-0.02636272418103458,-0.07833796806116426,-0.05283922400341967
2025-08-01 00:00:00+00:00,-0.11596614290694184,-0.011731809380872819,-0.008312714771351273,-0.02357607979579713
2025-08-02 00:00:00+00:00,0.047734418957931325,-0.025670768591400772,-0.05149669937436066,-0.051453998216853036
2025-08-03 00:00:00+00:00,0.022968835852968533,0.02926556942979288,0.06316364582768674,0.08276864282161296
2025-08-04 00:00:00+00:00,0.045265777909282434,0.0174519630011566,0.12027241811552884,0.11926363175113801
2025-08-05 00:00:00+00:00,0.0503353699596687,0.006920532773350213,0.03222255584267008,-0.03867219403469001
2025-08-06 00:00:00+00:00,-0.08645556253561108,0.011810709970315669,-0.08386602875179315,0.012930607622073797
2025-08-07 00:00:00+00:00,0.10833396035564379,-0.010109088548775859,0.2768241481550187,0.04503082168270756
2025-08-08 00:00:00+00:00,0.024399219945699074,-0.005185320760872596,0.04051619568125235,0.00983171182999047
2025-08-09 00:00:00+00:00,0.016348991266079776,0.009254476762711298,0.04710370126858242,0.048499786525549586
2025-08-10 00:00:00+00:00,0.05264585048074109,0.020262170560448267,0.08344076450076592,0.034897469022860714
2025-08-11 00:00:00+00:00,-0.05743462794751764,0.02828328160698547,-0.06196782432704175,-0.06317494430225797
2025-08-12 00:00:00+00:00,-0.022620969963058242,-0.06211665494669354,-0.05676151760420167,-0.02037741028482434
2025-08-13 00:00:00+00:00,0.02032218833578907,-0.02482389104669547,0.03047487523549704,-0.0016625699565493198
2025-08-14 00:00:00+00:00,-0.02518385392435554,0.013566260412547678,-0.10360251477266386,-0.09265258654916048
2025-08-15 00:00:00+00:00,0.010666316444687237,0.00985087882623977,0.02945597696876283,-0.008548231643258158
2025-08-16 00:00:00+00:00,-0.05026041681240714,-0.004787494366297871,-0.018894588917345856,0.011280401798481984
2025-08-17 00:00:00+00:00,-0.0005661376241199036,0.015216298248472114,-0.012981942181456109,0.03626228129017508
2025-08-18 00:00:00+00:00,-0.03394934951306201,0.01737099134020871,-0.07785991816526663,-0.025463790044333873
2025-08-19 00:00:00+00:00,-0.03208664455434207,-0.0013612468552221656,-0.09855460839021801,-0.06720633766090017
2025-08-20 00:00:00+00:00,-0.03155173540184122,-0.007357924626662176,-0.023918704535389475,0.07268371582261834
2025-08-21 00:00:00+00:00,0.026698673991058595,0.006449270757602416,0.0292049893862845,-0.04370570594816921
2025-08-22 00:00:00+00:00,-0.04001015194206144,0.023727500593527913,-0.01909841756187743,0.14048140985265262
2025-08-23 00:00:00+00:00,0.01728115911055838,0.00509761052782069,0.0045465346337194845,-0.016099881751700025
2025-08-24 00:00:00+00:00,0.0494325794133631,0.007184750657591889,0.057358674516396396,-0.026734165164641548
2025-08-25 00:00:00+00:00,0.015747859676143044,-0.03878862179645311,-0.04116496570163796,-0.09488314767435939
2025-08-26 00:00:00+00:00,-0.007825354825913098,0.01320415389277725,-0.0111135605176091,0.03521122490712861
2025-08-27 00:00:00+00:00,-0.003850210710734655,-0.003602178591569038,-0.018447431323362417,-0.025155937677904305
2025-08-28 00:00:00+00:00,0.01621674795976978,0.028705142373565674,0.05132152175763755,0.056247204801810724
2025-08-29 00:00:00+00:00,-0.0035851695263746843,-0.034596870365924744,-0.0377253025142178,-0.05169927170523802
2025-08-30 00:00:00+00:00,-0.0021617616611225568,0.009352164043006124,-0.002352175450273086,0.00853983316410563
2025-08-31 00:00:00+00:00,0.00340013468542274,0.009529897109806356,-0.012597866499397283,-0.010415328043987005
2025-09-01 00:00:00+00:00,0.007954908977003178,0.002465927492585951,-0.024000894231560904,-0.02023282429384641
2025-09-02 00:00:00+00:00,-0.024334479974726528,0.00011908318952536575,-0.04708411071207502,0.037616773294634094
2025-09-03 00:00:00+00:00,0.04100236934595762,-0.011012712983035225,0.10102654821641663,0.005565963042130112
2025-09-04 00:00:00+00:00,-0.011908467947911287,-0.003095754576028088,-0.04637576107483035,-0.03741538562276064
2025-09-05 00:00:00+00:00,0.0046894683082669775,-0.006215132072777251,0.0089975125839467,0.004046014354539494
2025-09-06 00:00:00+00:00,0.0825459361719583,0.002244243283751549,0.15636838589663649,-0.0024590546696668237
2025-09-07 00:00:00+00:00,-0.04438167894200524,-0.28219247082230725,-0.027172063967986694,0.02677350911465797
2025-09-08 00:00:00+00:00,0.005795218217041395,-0.5336569094800687,-0.03229485339498521,-0.0033934788833707044
2025-09-09 00:00:00+00:00,0.019476651257580666,-0.04198081007758764,0.025209823290882095,-0.011721653526244642
2025-09-10 00:00:00+00:00,-0.42076753433756087,-0.028262386058138037,-0.03186103591601881,0.0614764354579673
2025-09-11 00:00:00+00:00,0.049522025968782524,0.030506766407447313,0.03001029240459889,0.038747606302399665
2025-09-12 00:00:00+00:00,-0.011891174595157133,-0.0219569021676016,0.09736249452629163,0.04317584740262143
2025-09-13 00:00:00+00:00,0.011978829530716857,0.0678083162026763,0.02817986439577652,0.10421826073547247
2025-09-14 00:00:00+00:00,-0.062026410383183336,0.00018728819098055328,-0.10977498321499748,-0.020501897558018047
2025-09-15 00:00:00+00:00,-0.10954264028563661,0.018770521583763192,-0.21569684310990023,-0.0026333932928367006
2025-09-16 00:00:00+00:00,-0.025320772569297184,-0.004087697719702074,-0.04412391163404808,-0.0019360506512334206
2025-09-17 00:00:00+00:00,0.1496101799311117,0.09452763342692708,0.29046897214739026,0.218334785876585
2025-09-18 00:00:00+00:00,0.018203612041756224,-0.04942192002560805,-0.008068361889585077,-0.06156785089029383
2025-09-19 00:00:00+00:00,-0.05931933603406233,-0.03235758832101882,-0.18280821789674043,-0.10819919023610088
2025-09-20 00:00:00+00:00,0.02728292625179104,-0.021395402228986893,0.03964106830162482,-0.027046054406122132
2025-09-21 00:00:00+00:00,-0.005432014162231195,-0.003084581340106975,-0.05779320958901069,-0.04853812543239483
2025-09-22 00:00:00+00:00,0.13158825977258046,0.02010699259672257,0.011812807308125535,-0.048046940612379914
2025-09-23 00:00:00+00:00,0.0421704171043306,0.00992673652919027,-0.07987405855322378,0.003048437740475373
2025-09-24 00:00:00+00:00,0.002652701701802476,-0.022942581471425843,0.010785487247034348,-0.04023208703555587
2025-09-25 00:00:00+00:00,0.04315836087522305,0.004054081089966546,-0.041895050144913876,-0.06655452294963025
2025-09-26 00:00:00+00:00,0.10137312369728586,0.007913683895309841,0.07756458989738609,0.06532189141991922
2025-09-27 00:00:00+00:00,0.09196668651767469,0.059610823836511416,0.15456601941142994,0.12056414593898919
2025-09-28 00:00:00+00:00,-0.028770099826303415,0.02693279993848459,0.02995975688714806,0.10221476882320613
2025-09-29 00:00:00+00:00,0.04365540477853712,0.008339583664109704,0.04654027278664405,-0.00591939381057927
2025-09-30 00:00:00+00:00,-0.03981742251676208,0.005450369342869537,-0.05839460538587327,-0.009468131606847768
2025-10-01 00:00:00+00:00,-0.11142158789041587,0.006491160192908057,-0.22067128061540928,0.09107107215834905
2025-10-02 00:00:00+00:00,-0.08955245170705614,-0.06575826802067279,-0.12418451875809208,-0.10245280776252808
2025-10-03 00:00:00+00:00,-0.042493859174325625,-0.012675514842642201,-0.04347675111937047,-0.039660732636055414
2025-10-04 00:00:00+00:00,-0.038075743746513784,-0.04774646346073334,-0.13447884595076587,-0.117451977958125
2025-10-05 00:00:00+00:00,0.03558285762224701,0.05028151557633197,0.002829308288930314,0.029248893496410664
2025-10-06 00:00:00+00:00,-0.060141446070502064,-0.019995155947866383,-0.039687086645397496,0.06026968272623587
2025-10-07 00:00:00+00:00,-0.056371973477127246,0.02335341916550202,-0.09047608198595203,-0.025509585675651713
2025-10-08 00:00:00+00:00,0.06685223118865594,-0.01573557016036523,0.1452651828339308,-0.008462993155390817
2025-10-09 00:00:00+00:00,0.07263159778530431,0.0005785845335884866,0.07374230099754281,-0.06942823407039382
2025-10-10 00:00:00+00:00,0.09653516329009706,0.07988802446665821,-0.16476571133895063,-0.18721951428059672
2025-10-11 00:00:00+00:00,0.021885852097721734,-0.08291066603617316,0.07729941379899342,-0.050451486809892025
2025-10-12 00:00:00+00:00,-0.07556734582856944,-0.01388843969122306,-0.00774190198464708,0.04895285226000819
2025-10-13 00:00:00+00:00,-0.08549239921819896,-0.030847125183452836,0.02480349786702575,-0.002187728450077983
2025-10-14 00:00:00+00:00,0.010066569031148161,0.019388526718709744,-0.10316143259600292,-0.021856492260412842
2025-10-15 00:00:00+00:00,-0.06826314337015917,0.01005120088521466,-0.0036984277741130517,-0.012262882549219577
2025-10-16 00:00:00+00:00,-0.007708271236794874,0.026114837801460327,-0.07433256970420445,-0.005215593822807452
2025-10-17 00:00:00+00:00,0.05311869611375129,0.009671095039424298,-0.004365893826410105,-0.0215266935337108
2025-10-18 00:00:00+00:00,0.006781637584273171,-0.010063792479751898,0.048736815946983376,0.006899757199085977
2025-10-19 00:00:00+00:00,-0.08902079007717623,0.014053204556092744,-0.20114443384179997,0.005310743463229464
2025-10-20 00:00:00+00:00,-0.0315498802685356,0.003433438533694102,-0.07491324588018505,-0.0025372938070634555
2025-10-21 00:00:00+00:00,-0.10637520558761597,-0.009112338065593858,-0.217971944522027,-0.013007286326731544
2025-10-22 00:00:00+00:00,0.07115590264316582,0.044989626529035556,0.05393413200990607,0.004819204479417518
2025-10-23 00:00:00+00:00,0.02499542628170233,-0.013899247786791538,0.0845909659712165,0.0169635774025834
2025-10-24 00:00:00+00:00,-0.03891444112474281,-0.044168952836922286,0.009816520155064758,-0.004949296113708365
2025-10-25 00:00:00+00:00,0.021936371841291654,0.007267953832453414,0.0265829219865989,0.002621405456901884
2025-10-26 00:00:00+00:00,-0.01469029708904951,-0.005016787269948185,0.020147470216643072,-0.00013193990397233695
2025-10-27 00:00:00+00:00,-0.06970709276151794,0.04507694560049937,-0.2007295250077783,0.00010033704289202916
2025-10-28 00:00:00+00:00,0.059200202703516024,0.007101468083743653,0.12521256748889725,0.00010033704289202916
2025-10-29 00:00:00+00:00,0.0017557694729705984,0.02287833324102855,-0.09159553947966646,0.00010139342936099638
2025-10-30 00:00:00+00:00,0.032996673339225506,0.05256619533947718,0.03716480930029677,0.00010112937081929729
2025-10-31 00:00:00+00:00,0.05793923968447644,0.008489668495394726,0.08934178572324745,0.00010033704289202916
2025-11-01 00:00:00+00:00,-0.056212608098346016,-0.06594099956727918,-0.06669795482384369,0.00010033704289202916
2025-11-02 00:00:00+00:00,-0.006225452662171503,-0.04159422654825157,-0.05659256573134072,-0.06594602162699711
2025-11-03 00:00:00+00:00,0.08173794824493356,0.05797228379503071,-0.02873865773287129,-0.03448408187403005
2025-11-04 00:00:00+00:00,-0.03811414625679498,0.20572908559046021,-0.14116702567260755,0.377138035891023
2025-11-05 00:00:00+00:00,-0.024515623438135483,-0.08510763164363856,-0.04492547300273763,-0.05104123343047119
2025-11-06 00:00:00+00:00,-0.05104343110695185,0.5868146380555785,-0.13137741469188569,1.1379031476765684
2025-11-07 00:00:00+00:00,0.1829481341193767,0.0034483108530901883,0.41625179418131414,0.1992366205907307
2025-11-08 00:00:00+00:00,-0.01164973604313557,-0.048141224965994114,-0.07190442002248856,-0.1827933201562955
2025-11-09 00:00:00+00:00,-0.01005424176229048,0.022539499721441585,-0.028810380286934778,0.04111284104380517
2025-11-10 00:00:00+00:00,-0.08721540229753763,-0.12448849963506785,-0.18815759253001355,-0.22824632472987147
2025-11-11 00:00:00+00:00,-0.008594990355930504,0.00022538511707157795,-0.11460213874549594,-0.14332746224613255
2025-11-12 00:00:00+00:00,-0.0008183818063432492,8.374388083040661e-05,-0.018566418371506885,-0.002445648842834682
2025-11-13 00:00:00+00:00,0.042092055719166944,0.04215352061919724,-0.040363988366971464,-0.0017142470150894413
2025-11-14 00:00:00+00:00,-0.19139233083311144,-0.01405763496519941,-0.39129122383645537,-0.04315572172527898
2025-11-15 00:00:00+00:00,-0.1087267679713446,-0.0179978803995021,-0.16036673185583486,-0.011233978293329876
2025-11-16 00:00:00+00:00,0.0324716781804526,0.014970243716091382,-0.014488337874132154,-0.004835035654003214
2025-11-17 00:00:00+00:00,-0.05097397637326468,-0.02017524266382214,-0.12563343812504266,-0.0573765056975209
2025-11-18 00:00:00+00:00,0.04426412347181459,-0.010131124864258975,0.02778483103595952,0.0235814203632083
2025-11-19 00:00:00+00:00,-0.00309627632324119,0.04576940644732353,-0.009558788365697742,0.01716484918432266
2025-11-20 00:00:00+00:00,-0.03304880994506647,0.036439392520267115,-0.11194138520462248,-0.029003698329027095
2025-11-21 00:00:00+00:00,-0.007133775663031736,-0.027789579277556445,-0.022244732682718888,-0.07074987119254353
2025-11-22 00:00:00+00:00,-0.02222767267346548,0.015446378627037825,-0.12328895121369042,-0.02215849891457502
2025-11-23 00:00:00+00:00,-0.12407983816871053,0.044975770950640585,-0.1020421011757553,0.023599969065202887
2025-11-24 00:00:00+00:00,0.033743458397297886,-0.03083878753629668,0.17745364293401217,-0.014706587422824477
2025-11-25 00:00:00+00:00,0.024185164789607444,-0.0073313608087008245,-0.00996426364008882,-0.003992358691800116
2025-11-26 00:00:00+00:00,-0.06162787949403695,0.00031820157509023894,-0.07486374804852931,-0.008697397133496286
2025-11-27 00:00:00+00:00,-0.05520048556155422,-0.015229404955368012,-0.056280832087183014,-0.027285365120486224
2025-11-28 00:00:00+00:00,0.0290673193649152,0.01343103770832391,0.04445922056022197,-0.025044249888896603
2025-11-29 00:00:00+00:00,0.07437243304943116,0.0005151539706062909,0.11326001815804868,-0.008485861398182621
2025-11-30 00:00:00+00:00,0.1317004494286511,0.010504913833687369,0.22939250385439883,0.0020926500969445194
2025-12-01 00:00:00+00:00,0.08982265507920227,0.0484108806786776,0.05727137646623586,-0.03138883563579403
2025-12-02 00:00:00+00:00,0.027294518540642545,-0.002802971731209934,0.08242685400124211,0.020197445935560724
2025-12-03 00:00:00+00:00,-0.008207570646727256,0.013509663644096422,0.005356732721135085,0.017417494922733093
2025-12-04 00:00:00+00:00,-0.026776518272065418,-0.03757295101063599,-0.013848944680769602,-0.012869774239869652
2025-12-05 00:00:00+00:00,0.026645804392848877,0.032190323827962504,0.029681560908049142,-0.0029988841221193635
2025-12-06 00:00:00+00:00,0.017694293276646192,-0.01944721821490406,0.05355111357225727,-0.013528473155176735
2025-12-07 00:00:00+00:00,-0.05769243181310719,0.004489231729347419,-0.1524505404771296,-0.014608012869836644
2025-12-08 00:00:00+00:00,0.028508496259535967,-0.04050120724883309,0.07782027066675475,-0.0030517892321848955
2025-12-09 00:00:00+00:00,0.14615963053238581,-0.005114014849463517,0.28619761564174956,0.002092330596024569
2025-12-10 00:00:00+00:00,0.0393618504380447,0.033339728915255065,0.013262211555291907,-0.012069078775553852
2025-12-11 00:00:00+00:00,-0.004582681055239995,0.03312549273002008,-0.07797093408999672,-0.017163414389431128
2025-12-12 00:00:00+00:00,-0.0039899565886013,0.0003398123718726566,-0.03943934156115958,-0.006561593510816794
2025-12-13 00:00:00+00:00,0.014945344174286071,0.03554965239159522,0.04785835345029383,0.0514053577615023
2025-12-14 00:00:00+00:00,-0.03166972995403966,0.0022218817589512805,-0.10908489835241991,-0.049807371098625965
2025-12-15 00:00:00+00:00,-0.02061692231673637,0.017902206377305236,-0.030110768541698568,-0.02775117948552164
2025-12-16 00:00:00+00:00,-0.2199581900434381,0.00018380657067211927,-0.11766153765412067,0.010423846195547141
2025-12-17 00:00:00+00:00,0.07561066627581266,0.013968063663790825,0.002403999647169166,-0.04893015248346708
2025-12-18 00:00:00+00:00,0.06612904262247536,0.016699548585496816,0.029851644428222933,-0.043909720940577705
2025-12-19 00:00:00+00:00,-0.0242348428925211,-0.010852977952622092,0.057591217266447545,0.061563766592277414
2025-12-20 00:00:00+00:00,0.025754787807259347,-0.02091007160502542,0.0662542863417383,-0.007562383992271293
2025-12-21 00:00:00+00:00,-0.10926105240393826,-0.0006221259464493572,-0.24140175839670963,-0.0006046863470226754
2025-12-22 00:00:00+00:00,-0.05393541500829894,-0.0008270033102684485,-0.08839952761690173,9.58428635797759e-05
2025-12-23 00:00:00+00:00,0.038283090030319565,0.010014102049580649,0.04581894201369493,9.58428635797759e-05
2025-12-24 00:00:00+00:00,0.012864011186981637,-0.00915534918635772,0.016781024331096513,9.690097908232609e-05
2025-12-25 00:00:00+00:00,-0.058938215675220215,0.018004814750456438,-0.14438764587394806,9.690097908232609e-05
2025-12-26 00:00:00+00:00,-0.011812282642338391,-0.027209222255305626,0.03756960191722363,9.58428635797759e-05
2025-12-27 00:00:00+00:00,-0.024946707133486207,-0.003975286105758366,-0.008661923395259528,9.58428635797759e-05
2025-12-28 00:00:00+00:00,0.013068844011431732,0.012345946298152605,-0.007142511134238255,0.008808640323474594
2025-12-29 00:00:00+00:00,0.0513852541169815,8.160440762692241e-05,0.030868837443027722,0.006666577223249207
2025-12-30 00:00:00+00:00,0.012129621771172161,-1.6640020045949713e-05,0.034842247486208094,-0.006493657873252497
2025-12-31 00:00:00+00:00,-0.4032778064270898,0.002858551782359093,-0.0009674261928021705,-0.010740388352096219
2026-01-01 00:00:00+00:00,0.07336182766374773,-0.005612633104996936,0.022837635029681544,0.009446961123752361
2026-01-02 00:00:00+00:00,-0.021818707528564553,-0.03419584295851755,-0.01640360299138946,-0.022930100909434953
2026-01-03 00:00:00+00:00,0.02565753399205508,0.01328722298516461,0.03489141770618458,0.01623499066322163
2026-01-04 00:00:00+00:00,-0.04086009631683231,0.06312532998747124,-0.10095449671932881,0.11233473544275369
2026-01-05 00:00:00+00:00,0.031939828061963375,-0.015655676997053974,0.009687559471201812,-0.07201923415030795
2026-01-06 00:00:00+00:00,0.024569881836156902,0.031041917924756413,-0.028693716045760667,-0.012174818450537394
2026-01-07 00:00:00+00:00,-0.013704715614782642,-0.014161965812422938,-0.05637021811723309,-0.06038680940340315
2026-01-08 00:00:00+00:00,0.06833448116000172,0.06088101156900028,0.032854831563897874,0.055031598681551094
2026-01-09 00:00:00+00:00,0.005924780751985194,0.02368382256972141,0.010473651891673607,0.04402152911084609
2026-01-10 00:00:00+00:00,-0.03024028977714375,-0.010254455739338718,-0.10244171315883721,-0.057804956336506105
2026-01-11 00:00:00+00:00,0.08686188974755732,-0.012120112354654192,0.1677674723497603,-0.024199330399861167
2026-01-12 00:00:00+00:00,0.0499985252838903,0.020277016751590285,0.04351241264210709,-0.011530656422401872
2026-01-13 00:00:00+00:00,0.022562233575290448,0.018834365143830727,0.055135930480668435,0.0821363577680726
2026-01-14 00:00:00+00:00,0.015112195106825427,0.011575980487470744,-0.011258128366830718,-0.020954116451155393
2026-01-15 00:00:00+00:00,0.05593774244071859,-0.007466280456090465,0.06697074638007845,-0.04619274923521971
2026-01-16 00:00:00+00:00,0.038171357286597055,-0.002412160699392918,0.08819241875491762,0.010392771305730093
2026-01-17 00:00:00+00:00,-0.07347342182162232,-0.007964587388567201,-0.13995769487848897,-0.01020381809971632
2026-01-18 00:00:00+00:00,0.09756935222682928,-0.017840900739822568,0.17365881850516862,-0.04998597119273789
2026-01-19 00:00:00+00:00,0.11981898702909166,0.022977497275046603,0.09976967013006703,-0.04733372874063318
2026-01-20 00:00:00+00:00,0.10476942140782573,0.01726606900796545,0.13122196937383035,-0.058441864958948125
2026-01-21 00:00:00+00:00,0.002023995694008747,-0.05386249415895868,0.030677745469618253,0.02950587757335345
2026-01-22 00:00:00+00:00,0.06324322159706494,-0.012811353828041532,0.07530619655342764,-0.018294364724904994
2026-01-23 00:00:00+00:00,-0.02526568999994817,-0.0018565578771491788,-0.04224830691468692,0.0004920817384294946
2026-01-24 00:00:00+00:00,0.0591636523817604,-0.0066325836917971925,0.12469504039054222,-0.0030009784568136603
2026-01-25 00:00:00+00:00,0.0043228155353473505,0.05062195847543533,-0.048039069988724356,-0.00877094200834814
2026-01-26 00:00:00+00:00,0.08657196852062599,-0.06383896010040027,0.20987935968785223,0.005157743008948904
2026-01-27 00:00:00+00:00,-0.0012421771211096472,-0.004621461092855533,0.008214066581026615,0.007190361847457513
2026-01-28 00:00:00+00:00,-0.051071650918814784,0.036836311824651156,-0.11529190775436243,0.0017415828781997618
2026-01-29 00:00:00+00:00,-0.24554968010927705,0.03136272302720891,-0.0508748105160878,-0.012713685722285201
2026-01-30 00:00:00+00:00,-0.08734148743111023,0.0053937126803767195,-0.06374418083471095,-0.0036952514679897313
2026-01-31 00:00:00+00:00,-0.28449283657444047,0.08117786533429937,-0.04861551210515423,-0.030114270097274815
2026-02-01 00:00:00+00:00,-0.1544979768974057,0.0018292974564664756,-0.28752141421515875,-0.005102505521438418
2026-02-02 00:00:00+00:00,-0.02223053381353919,0.006737052666980478,-0.05565852319383922,0.029548696098594257
2026-02-03 00:00:00+00:00,0.04917901285155691,0.010134568583597401,0.07922990638004923,-0.005754924014305653
2026-02-04 00:00:00+00:00,0.012411838939395122,0.010088033509118924,0.0012622529588293156,0.028527966014907435
2026-02-05 00:00:00+00:00,0.06348104154108838,0.0647989466476347,-0.02529315871330118,-0.022405508269774898
2026-02-06 00:00:00+00:00,-0.08458265838188962,-0.11538347132684092,-0.033118344894229684,-0.00704798442787164
2026-02-07 00:00:00+00:00,0.015361737194389572,0.007969433988070474,-0.0023654944412177126,-0.009905969322568752
2026-02-08 00:00:00+00:00,-0.009935793217850538,0.012372821913530676,-0.016610463199279273,0.011004588763503582
2026-02-09 00:00:00+00:00,0.06639179838894575,-0.0071310759095509465,0.14364704120748414,-0.011447858298811023
2026-02-10 00:00:00+00:00,-0.03626755259975798,-0.004380201845737834,-0.07501582512490222,-0.02639256343308029
2026-02-11 00:00:00+00:00,-0.09435946892440863,0.013310203253460289,-0.031361411413401596,0.006172158820162225
2026-02-12 00:00:00+00:00,-0.17985289737504984,0.015311963182342188,-0.005444363458755433,0.019461001072237236
2026-02-13 00:00:00+00:00,-0.04765245418359157,-0.025627555980768983,0.03340661942003955,0.005076089300903698
2026-02-14 00:00:00+00:00,0.04723097352555833,-0.01956109597451797,0.01903404670792451,0.0029134025164481957
2026-02-15 00:00:00+00:00,0.056373082191494325,0.027612719971850157,0.046751614589322955,-0.01325635058958528
2026-02-16 00:00:00+00:00,-0.03494551276131728,-0.01915021653762722,-0.05853806896676267,-0.009163447375294415
2026-02-17 00:00:00+00:00,-0.03847728920643496,-0.012166913683125757,-0.05888665108315481,-0.09782947695278416
2026-02-18 00:00:00+00:00,0.05947348532406816,0.024895903205721492,0.02471317442972932,-0.01592508875169876
2026-02-19 00:00:00+00:00,-0.026403806258021495,-0.01852448937365142,7.730788555061004e-05,-0.010550179125640902
2026-02-20 00:00:00+00:00,0.011831992066020206,-0.007501842224522058,0.008247095533615247,0.01285433881007114
2026-02-21 00:00:00+00:00,0.025119891248971,0.0005459263539804978,0.05199771949000382,-0.0010426421969282303
2026-02-22 00:00:00+00:00,0.07935577778127383,0.045189317964709444,0.09448182241801849,0.0857627290093924
2026-02-23 00:00:00+00:00,-0.006322752835212421,0.006770491900040435,0.11053054618464192,0.009921307911445215
2026-02-24 00:00:00+00:00,0.2451530028445974,0.00593512426124553,0.21053077632536144,0.022932827739975528
2026-02-25 00:00:00+00:00,0.06963949143856915,-0.03658698607241871,0.0884605767476637,-0.007881143476487086
2026-02-26 00:00:00+00:00,0.16093764125088125,-0.022923865020862345,0.3909406826342778,-0.004399125502620483
2026-02-27 00:00:00+00:00,-0.01640553910194573,-0.03661851943739545,-0.11536514620230251,-0.09148248618401258
2026-02-28 00:00:00+00:00,-0.0799617728520346,-0.03496947677160664,0.026000161772643044,-0.0332884114992513
2026-03-01 00:00:00+00:00,0.028394778213286006,0.011987158609094469,0.02315070535418161,-0.016860783316447178
2026-03-02 00:00:00+00:00,0.0413992490551521,-0.01129393941785974,0.07284054048224511,0.0008526526917296705
2026-03-03 00:00:00+00:00,-0.19540174842978456,-0.0612322060884663,-0.4435591014862279,-0.12803292452732049
2026-03-04 00:00:00+00:00,-0.028417869822981515,-0.013027734217873205,-0.03537530181975206,0.007209534009598207
2026-03-05 00:00:00+00:00,-0.07394490660282346,0.0006976104322270325,-0.06885533219343686,-0.01058034665558209
2026-03-06 00:00:00+00:00,0.030499172781496196,0.009492229302251447,-0.013889931293853613,-0.013408231310766577
2026-03-07 00:00:00+00:00,0.0020192052983825106,0.0004209408522206616,-0.055072345086869534,-0.014149579577317137
2026-03-08 00:00:00+00:00,0.004066603830657153,-0.012768389690562543,-0.014478682366980477,-0.00600380393038046
2026-03-09 00:00:00+00:00,-0.018328182875912726,-0.04832399396366119,0.012766417599704082,-0.03048956050975717
2026-03-10 00:00:00+00:00,-0.006376743191813649,0.047682931559414575,0.0548958039189801,0.07455426781654849
2026-03-11 00:00:00+00:00,0.02242649286562243,0.019833846045471396,0.025700614289907064,0.030096218475784656
2026-03-12 00:00:00+00:00,0.0186953328145468,0.0649788787579898,0.05634775131898038,0.1303447022096184
2026-03-13 00:00:00+00:00,0.020086362852519156,0.005944256571158049,0.03345878742187502,0.035893349306654276
2026-03-14 00:00:00+00:00,-0.0326090541139673,0.010278542180431182,0.018562975588987778,0.03561096931733751
2026-03-15 00:00:00+00:00,-0.009114912455240098,0.009734759626770033,0.015831731785152545,0.014830851512315574
2026-03-16 00:00:00+00:00,0.009684622066598423,0.032166458613950226,-0.0919038307090679,-0.0590630610680422
2026-03-17 00:00:00+00:00,0.1285886264488925,0.1549118023553674,0.22390299550513548,0.20170685788551213
2026-03-18 00:00:00+00:00,0.09933745687536114,0.13420035570909705,0.13177060095466225,0.1362949810549539
2026-03-19 00:00:00+00:00,-0.015736596512500284,-0.0386847891306782,-0.029175334066547334,-0.07983253094207983
2026-03-20 00:00:00+00:00,-0.01914512590905865,0.0011294916901485067,0.015456081599249166,0.02080880394512445
2026-03-21 00:00:00+00:00,0.04750581844772856,0.03164331959127252,0.08995055709867093,0.06032571260544084
2026-03-22 00:00:00+00:00,0.26948277126532905,0.30075470368135127,0.6400556514962654,0.5446816262453559
2026-03-23 00:00:00+00:00,0.0832977437945584,0.0062082434297562935,0.018428416910615652,-0.06184212966516014
2026-03-24 00:00:00+00:00,-0.11877468868267528,-0.10114882154811765,-0.20753949419451126,-0.1649821701842799
2026-03-25 00:00:00+00:00,0.2419677280818802,0.23061890167890478,0.35853405827098944,0.33484667540493046
2026-03-26 00:00:00+00:00,0.013367481083272273,-0.04201267348622161,-0.08013542411549429,-0.1305062141658885
2026-03-27 00:00:00+00:00,-0.08329297881583608,-0.1055309678984383,-0.14590362752016592,-0.23970430322918682
2026-03-28 00:00:00+00:00,0.192538294380058,0.20236762131509559,0.3611726116711593,0.40514730668356275
2026-03-29 00:00:00+00:00,0.05851195679687765,0.010832869543691358,0.10084631866943514,0.014642521953713798
2026-03-30 00:00:00+00:00,-0.057994448877859046,-0.008017590295560414,-0.09076111430044702,-0.0028295846121305845
2026-03-31 00:00:00+00:00,-0.10588129492403407,-0.07028833049072145,-0.2129144441132093,-0.19273186425214053
2026-04-01 00:00:00+00:00,-0.06852141945050055,-0.11689385264409616,-0.10138383582137124,-0.18291981832997578
2026-04-02 00:00:00+00:00,-0.06738953562565364,-0.06105357848708299,-0.06707551347545486,-0.103468753888964
2026-04-03 00:00:00+00:00,0.09350405371058945,0.041905723106542545,-0.02067363085029915,-0.10367754007100304
2026-04-04 00:00:00+00:00,0.3634487428038047,0.3835387296614026,0.9245935396251532,0.9455611686707396
2026-04-05 00:00:00+00:00,-0.1137275707264071,-0.0026287816980027326,-0.1755044878765441,0.009813434998904656
2026-04-06 00:00:00+00:00,0.039843864035781454,0.023428589052025012,-0.021290563821204533,-0.005112791007433351
2026-04-07 00:00:00+00:00,-0.03308505375503822,0.06382416916648144,-0.004432386646122918,0.15615581195111408
2026-04-08 00:00:00+00:00,0.03671198210162599,0.010057380236515819,0.05296684964731004,-0.02331077081743551
2026-04-09 00:00:00+00:00,-0.07944449506007722,-0.0018539456366147183,-0.1808507906419052,0.022109137928729945
2026-04-10 00:00:00+00:00,0.09042028788342509,0.035475594509002784,0.1834809261094211,-0.03209546030551147
2026-04-11 00:00:00+00:00,0.0071278894460102184,0.00775366102334921,0.032571077531395064,0.01761747048265747
2026-04-12 00:00:00+00:00,0.2867785736251491,-0.020883866274021844,0.524951552562997,-0.03788912959437344
2026-04-13 00:00:00+00:00,0.08516273837918434,0.04207238796356958,0.1454192397079827,0.060586856386967036
2026-04-14 00:00:00+00:00,0.04202937441246073,-0.025896538222392382,0.12115021690346899,-0.03622802122976317
2026-04-15 00:00:00+00:00,-0.042775511093691404,0.0198161403158582,-0.12977840532809098,0.012340519894046623
2026-04-16 00:00:00+00:00,0.06125552088276374,-0.3506634593785927,0.32935033276937214,0.01551288297881491
2026-04-17 00:00:00+00:00,0.0563649533127437,0.14428458044867074,0.057160249549774646,-0.003225930490966389
2026-04-18 00:00:00+00:00,-0.2019833146612386,0.019513845287276645,-0.44838111712134837,-0.03030742107335654
2026-04-19 00:00:00+00:00,-0.02976946422772163,0.028652198917081765,-0.1800997182140693,-0.04540130514764707
2026-04-20 00:00:00+00:00,0.07111478341755183,0.011022122258153808,0.16541693238043578,0.02882525854819892
2026-04-21 00:00:00+00:00,0.06749430334300502,-0.003573152396188906,0.19072933576236778,0.012423880824400204
2026-04-22 00:00:00+00:00,-0.06582044483590115,-0.0010129652264821893,-0.13978788088888072,0.004156979042214684
2026-04-23 00:00:00+00:00,0.035145898577040126,0.01992363302098758,0.03342896339588657,0.024521881326376702
2026-04-24 00:00:00+00:00,-0.02877647342565321,-0.029822442540351362,-0.04235504220898791,0.01709662877676427
2026-04-25 00:00:00+00:00,0.07329126647653242,-0.021977623763339404,0.14451591297083716,-0.0009326307637125244
2026-04-26 00:00:00+00:00,-0.027140360662617605,-0.005164744513557823,-0.053682281952096955,-0.011965043811073547
2026-04-27 00:00:00+00:00,-0.002163603654658113,0.026409546607461386,-0.04085043081986561,0.017370687001751393
2026-04-28 00:00:00+00:00,-0.028160373372740674,-0.010049821946401565,-0.03567867186525042,-0.029012501419211384
2026-04-29 00:00:00+00:00,-0.014686609690202978,-0.006626651319891981,-0.04372695586007522,-0.0016396648505465877
2026-04-30 00:00:00+00:00,0.004348152700763289,0.023827638321553466,-0.013002803789521337,0.01783453009484194
2026-05-01 00:00:00+00:00,0.10539745453994871,-0.008493375395301,0.22042107197183786,0.0313498498107858
2026-05-02 00:00:00+00:00,0.11642280126791475,-0.01632193127867078,0.20447259522907743,-0.006565132898542797
2026-05-03 00:00:00+00:00,-0.052343215232381085,0.007078495296517927,-0.08475867614779545,-0.0113856094275859
2026-05-04 00:00:00+00:00,0.03255572001075498,-0.0622714003715016,0.11580630336700459,-0.027537946621840375
2026-05-05 00:00:00+00:00,0.12960535618436209,0.026147213029386898,0.2246021092323848,0.009184114198031713
2026-05-06 00:00:00+00:00,0.15480555827432574,0.03193477893235851,0.2626062243037155,0.02670112890020808
2026-05-07 00:00:00+00:00,-0.0731941816634929,-0.028486503456056803,-0.11969697541101064,-0.04215568877167009
2026-05-08 00:00:00+00:00,-0.04199344221532407,-0.003123037292958119,-0.04626236933933454,0.04052355652366687
2026-05-09 00:00:00+00:00,0.015493856219829598,-0.01933334528959419,0.07439257683301681,-0.009727989209517002
2026-05-10 00:00:00+00:00,0.041262725742603826,0.02079446820386141,0.04888341428560096,-0.023129889166551683
2026-05-11 00:00:00+00:00,0.07825465967513898,0.006403533663732378,0.1861434498209117,-0.025445705780431795
2026-05-12 00:00:00+00:00,-0.00435811794269359,-0.006462228404908141,-0.03515625734654296,0.004118713022472213
2026-05-13 00:00:00+00:00,0.07687362794770997,0.001020463217272256,0.07510141442501782,-0.04895868292805712
2026-05-14 00:00:00+00:00,0.007087800269059967,-0.062417548265554866,0.010932968630030912,-0.13426299916237464
2026-05-15 00:00:00+00:00,-0.07140741449357467,-0.0030386170653520853,-0.12341448918453113,-0.06190371044099928
2026-05-16 00:00:00+00:00,0.008785828642227716,0.004686654730901438,-0.03454499763405339,-0.02246762547866995
2026-05-17 00:00:00+00:00,0.00534639682483249,0.024633359130624775,-0.04566034535910067,-0.0008614511728353873
2026-05-18 00:00:00+00:00,-0.024845321833868235,-0.00046722523494779986,-0.04836022210275583,0.02843448013621827
2026-05-19 00:00:00+00:00,-0.05163442901323655,-0.056005772559884225,-0.08522559951259995,-0.04693073444586608
2026-05-20 00:00:00+00:00,-0.029937042827688054,0.03847285319037812,0.017361378257767904,0.060531971681808606
2026-05-21 00:00:00+00:00,-0.07448582526203279,0.036135476683820805,-0.12256117480055086,0.04363372275643175
2026-05-22 00:00:00+00:00,0.06788006891739917,-0.02276880316888781,0.05181759597986187,-0.06912328310211276
2026-05-23 00:00:00+00:00,0.0004638413108962892,0.00030620637003352276,0.028721429907548626,0.031370325090412605
2026-05-24 00:00:00+00:00,-0.030174093601970042,0.025619271651214953,-0.051693926960288454,0.029010376375128263
2026-05-25 00:00:00+00:00,-0.044460206614692875,-0.0025991362976476536,-0.1106932893109617,-0.010844987331463652
2026-05-26 00:00:00+00:00,-0.0017860310371060738,-0.02443445773494193,-0.02675896522168996,-0.06483917092501554
2026-05-27 00:00:00+00:00,0.03133238943567196,-0.010305232634579185,0.052299729325248394,-0.0392405908552493
2026-05-28 00:00:00+00:00,0.01180850852498001,0.041593484710807656,-0.06658454049416328,0.01461252572165158
2026-05-29 00:00:00+00:00,0.0998211290037481,-0.0035203722072697885,0.15742411949705556,-0.00422681077290319
2026-05-30 00:00:00+00:00,0.05156031578054646,-0.0017850004471466215,0.11182527222643761,0.02049785942520958
2026-05-31 00:00:00+00:00,0.08179028058543264,0.005671096844008111,0.1810147594460383,0.011235101212876126
2026-06-01 00:00:00+00:00,-0.10818666881604068,-0.07388956384804364,-0.045123152999827595,-0.014811364897657142
2026-06-02 00:00:00+00:00,0.009309990806373056,0.008383343909630048,-0.012771389769742552,-0.10612614853755718
2026-06-03 00:00:00+00:00,0.052630387173090716,-0.016791005866188917,0.03777702164437728,0.018531214006077854
2026-06-04 00:00:00+00:00,0.0965294431082882,-0.037291260383381014,0.14306005113674275,-0.0605354358205062
2026-06-05 00:00:00+00:00,0.06728340617818686,0.002224526358415645,0.09929622922547982,-0.0603311129512683
2026-06-06 00:00:00+00:00,0.2282524608074149,-0.022305714248639467,0.49823512701646494,-0.008127010833621037
2026-06-07 00:00:00+00:00,-0.08407300821935654,-0.08280393833903656,-0.018114322233013347,0.021682265577856245
2026-06-08 00:00:00+00:00,0.10246311986604553,0.0006574118272150464,0.21722141322775004,-0.019162362433425232
2026-06-09 00:00:00+00:00,0.08134936549301323,-0.017187087881296765,0.0977026032729251,-0.07741232309794382
2026-06-10 00:00:00+00:00,0.023760303795009815,-0.04811162489047753,0.14460466862531987,-0.10642549338573526
2026-06-11 00:00:00+00:00,-0.18524461323159747,0.025144436612688142,0.08478390454997119,0.08437640546085441
2026-06-12 00:00:00+00:00,-0.07325950429253991,0.029316323635876617,-0.03208972362528199,0.015334298929181785
2026-06-13 00:00:00+00:00,0.10536739988831313,0.002442114778531341,0.010946562587128566,0.01533057645279233
2026-06-14 00:00:00+00:00,0.020970490103002525,-0.00471109950724801,-0.12984794463675792,0.08323583941621888
2026-06-15 00:00:00+00:00,-0.10668818589556842,-0.05128065670974533,-0.08521150475896465,0.03164536722369942
2026-06-16 00:00:00+00:00,-0.1012441674145384,0.02324970516551316,-0.05775679590161371,0.18579511243968685
2026-06-17 00:00:00+00:00,-0.38475692234423026,-0.004027150271593205,-0.1557627761404231,-0.00034599733613702394
2026-06-18 00:00:00+00:00,0.2560873194197642,0.128454957935333,0.1193428305029682,0.12365432651620287
2026-06-19 00:00:00+00:00,0.07735426871293966,-0.07162379957037746,0.015511760106061236,-0.1275806051169275
2026-06-20 00:00:00+00:00,0.017846896101018063,0.02080514119199193,0.008234374768581675,0.007990917857168421
2026-06-21 00:00:00+00:00,-0.10654593307645903,0.04470089200447852,-0.21544554550791759,0.06519284493041898
2026-06-22 00:00:00+00:00,0.02010572449254497,-0.013091605207400051,0.04932008916247,-0.006403079397153952
2026-06-23 00:00:00+00:00,-0.07559501860676195,-0.028973279675553278,-0.13579185952640763,-0.08633071255750337
2026-06-24 00:00:00+00:00,0.015654586270796415,0.00032480988422747825,-0.012065366610796678,-0.0244712593819789
2026-06-25 00:00:00+00:00,0.042140316210837726,0.03843828725195516,-0.021316960898814102,0.06572916023267673
2026-06-26 00:00:00+00:00,0.06788666544675079,0.055655616458132204,0.1092409790189063,0.1330708480916859
2026-06-27 00:00:00+00:00,0.1554554218303821,-0.05790092659984971,0.3269365844593632,-0.13589247072455737
2026-06-28 00:00:00+00:00,-0.004364170657113579,0.0708720500815842,-0.030050132756095554,-0.01644332869956017
2026-06-29 00:00:00+00:00,-0.00047408092128025937,0.0366679213002091,0.02646248521622974,0.04457057789754324
2026-06-30 00:00:00+00:00,-0.0674548247605712,0.01697808571361441,-0.011951658657228355,0.010782167696158515
2026-07-01 00:00:00+00:00,-0.09927069091515044,-0.029660933311528328,-0.023080071354159726,-0.05667726078628167
2026-07-02 00:00:00+00:00,-0.13068655060993248,0.09054187449451852,-0.18632490167435983,0.12733726908991977
2026-07-03 00:00:00+00:00,-0.02113439527465814,-0.07186023941860975,-0.04986485641534686,-0.09922016144098218
2026-07-04 00:00:00+00:00,0.013649057913383262,0.30398611860707137,0.07489488062946102,0.5370685149073307
2026-07-05 00:00:00+00:00,0.08585792464825276,0.055246450558845854,0.11287325983165292,0.04900251610789299
2026-07-06 00:00:00+00:00,0.03244263520416921,-0.013208057083685274,0.024726876333127066,-0.0645544903782252
2026-07-07 00:00:00+00:00,0.3342528378156752,-0.051877448642907276,0.4838619421357311,-0.147181512837937
2026-07-08 00:00:00+00:00,-0.006557812538899384,-0.13583581531882957,-0.018143959342612412,-0.27837969052751116
2026-07-09 00:00:00+00:00,-0.056560754007063264,0.039283091046613414,-0.06201633715904256,0.05603907460601201
2026-07-10 00:00:00+00:00,-0.01826606029299912,-0.10001957392397239,-0.07932082818105476,-0.1428146471835263
2026-07-11 00:00:00+00:00,-0.04817168245123029,-0.07144082573384443,-0.1174499892017042,-0.1578258905571981
2026-07-12 00:00:00+00:00,0.044482198158994984,0.07606245669439383,-0.018679994119514983,0.07346237343833108
2026-07-13 00:00:00+00:00,-0.018418770373318915,0.032011998610471444,-0.20312188592976446,-0.0908677892938997
2026-07-14 00:00:00+00:00,0.058747769171529025,0.026642512697461415,0.11543839839679755,0.0695886619147301
2026-07-15 00:00:00+00:00,-0.02549864601140185,0.025590754847255624,-0.06734236006729039,-0.016957853657213376
2026-07-16 00:00:00+00:00,-0.04350634698625843,-0.01589822432918922,-0.04617181950685222,-0.06906087900150881
2026-07-17 00:00:00+00:00,-0.002128856831566303,-0.007507203166481566,-0.12470870327473449,-0.07020128092662295
2026-07-18 00:00:00+00:00,0.013686971963529112,0.04621754667797478,0.061856878512698235,0.0908103335453189
2026-07-19 00:00:00+00:00,0.20912087250724654,0.04740199559616049,0.3285835338449188,0.0038295682830679465
2026-07-20 00:00:00+00:00,-0.006449891317120315,-0.004146764523135146,-0.0393858930308684,0.012922792576243125
2026-07-21 00:00:00+00:00,-0.03425302566049762,0.026764016434383312,-0.08552455757588524,-0.007261120590787359
2026-07-22 00:00:00+00:00,0.029920814419396823,-0.003771861473255477,0.11938345623343795,-0.009069161560899108
2026-07-23 00:00:00+00:00,0.12440684675676349,0.04471931618641247,0.22321529421730132,-0.02893931453800181
2026-07-24 00:00:00+00:00,0.01565777772695535,-0.023365030025040638,0.0869769453753676,-0.02154487086164092
2026-07-25 00:00:00+00:00,0.04943686603841408,-0.028925896445873928,0.0663242100000591,0.0029510013629770937
2026-07-26 00:00:00+00:00,-0.05903131201224066,0.053342368165691434,-0.15118935302107844,0.045973795301693376
2026-07-27 00:00:00+00:00,0.07827034003489267,-0.04756366531208455,0.0449003302389044,-0.12505945125148943
2026-07-28 00:00:00+00:00,-0.06438374332738392,0.05200551706650734,-0.10242534136797213,0.10694388471449176
2026-07-29 00:00:00+00:00,-0.07151209037629389,0.0033980489905921195,-0.13555261614617023,0.03508226577709992
2026-07-30 00:00:00+00:00,-0.05828098856365403,0.048080992877254494,-0.18469684732630215,0.0077898071613800865
2026-07-31 00:00:00+00:00,-0.0229034013946113,0.011016904547652417,-0.03976006434905016,0.00013632447038821572
2026-08-01 00:00:00+00:00,0.07524775219086167,0.042151451149803766,0.10989983490134247,0.03827044491344536
2026-08-02 00:00:00+00:00,-0.07856909749658351,-0.07708340556383063,-0.1123882496682703,-0.1356996598099727
2026-08-03 00:00:00+00:00,-0.017007501797094125,-0.02331606051628559,-0.031158643237324434,-0.035149902061355764
2026-08-04 00:00:00+00:00,-0.05137977491395305,0.02523906379921628,-0.03781608341315697,0.061265621821808884
2026-08-05 00:00:00+00:00,0.04828018668746382,-0.015938256219751857,0.036211213182031354,-0.06705880154056973
2026-08-06 00:00:00+00:00,0.032151149962685185,-0.003952556536789293,0.15653534309836103,-0.0038199243646217258
2026-08-07 00:00:00+00:00,-0.12345766374330562,-0.005140700543815497,-0.07259796224098009,-0.020537125592410607
2026-08-08 00:00:00+00:00,0.013821159737966491,-0.022864622422362854,-0.03943026832948387,-0.017579677749811527
2026-08-09 00:00:00+00:00,0.07603780381358331,0.0109966031294007,0.14916888995830901,-0.005421993999439495
2026-08-10 00:00:00+00:00,-0.0966299174110944,-0.004008821589145316,-0.20315507260379087,-0.042878695111524145
2026-08-11 00:00:00+00:00,-0.06665527738726615,0.03940929910746323,-0.1967639323227228,0.011258710384251764
2026-08-12 00:00:00+00:00,-0.05707163760875982,-0.036702327251713886,-0.07540813438834615,-0.02448762339166201
2026-08-13 00:00:00+00:00,-0.09563136158872428,0.11615580033728505,-0.22522565639367034,0.22495060347088175
2026-08-14 00:00:00+00:00,-0.09278999335483926,0.0909298545777505,-0.09472948576006393,0.18062049969394944
2026-08-15 00:00:00+00:00,-0.056750637739187926,-0.007501221616866106,-0.05943291754935275,-0.039022486620774614
2026-08-16 00:00:00+00:00,0.06332478606211982,0.01953230154627689,0.08938401781924192,-0.017153064153222597
2026-08-17 00:00:00+00:00,-0.002228927393339791,-0.03607533571377886,-0.10501371098884149,-0.03141058048473948
2026-08-18 00:00:00+00:00,0.005857156144631183,-0.0054288702767765,0.014495503886868273,0.004654112455692992
2026-08-19 00:00:00+00:00,0.019959879378770487,0.017939489188223984,-0.0718510470525196,0.022890358152209803
2026-08-20 00:00:00+00:00,0.057857898121418096,0.007942875397148485,0.05636521061117157,0.0315098598091475
2026-08-21 00:00:00+00:00,-0.03539443983913217,0.012227129558663438,0.023077467502207447,0.055516037031610795
2026-08-22 00:00:00+00:00,0.0356708523191297,0.04766432890099971,-0.03593441090025691,0.016746447920045524
2026-08-23 00:00:00+00:00,0.028660034099746604,0.024294753050770317,-0.004185328724977401,0.034427827638918065
2026-08-24 00:00:00+00:00,-0.025323405735933086,-0.0021762551117413542,-0.09876981762217668,-0.0274380633987237
2026-08-25 00:00:00+00:00,0.01852219398579091,-0.016573862951788396,-0.030431471382937357,-0.041039829209274105
2026-08-26 00:00:00+00:00,0.012371257075546132,0.008199788704403185,0.033095094846947185,0.03497460986251027
2026-08-27 00:00:00+00:00,-0.02490880173928745,0.005268730120382669,-0.023359977293359046,0.00955248377817816
2026-08-28 00:00:00+00:00,-0.06106553510110297,-0.028493336027432124,-0.06540680375551716,-0.03573189007158426
2026-08-29 00:00:00+00:00,-0.00011907864691461682,0.0004629114758021342,0.010418044542346407,0.023911286178841796
2026-08-30 00:00:00+00:00,-0.045694819562055164,-0.008217930988318942,-0.17717182022319827,-0.023729527303123627
2026-08-31 00:00:00+00:00,-0.047744978376667274,-0.01358382396245789,-0.08548497087020024,0.029943742176516866
2026-09-01 00:00:00+00:00,0.0512175895000249,0.05014244922686725,0.12727560140963215,0.01307374748173491
2026-09-02 00:00:00+00:00,-0.017298647718202213,0.14377727810618962,-0.05231864078128435,0.2878019084588588
2026-09-03 00:00:00+00:00,-0.03141165626898413,0.026115318856861774,-0.08661220604948319,0.04496759087023135
2026-09-04 00:00:00+00:00,0.027658603914588926,-0.006568206689934204,0.026565914851101692,-0.024302496726491478
2026-09-05 00:00:00+00:00,-0.05102787877901953,0.06732058387479635,-0.005016362828595245,0.14151031679540518
2026-09-06 00:00:00+00:00,-0.053466070470034086,0.020794622669600808,-0.1674861723280161,-0.009246436703995449
2026-09-07 00:00:00+00:00,0.0020220272967969933,0.028671438149391777,-0.0016018333277786918,0.02036712691807642
2026-09-08 00:00:00+00:00,0.07395529669453128,0.02771493476953336,0.08042580683115749,-0.003163379259515974
2026-09-09 00:00:00+00:00,0.04994028791109086,0.058614888716310806,-0.1200056107897744,0.003054167277061711
2026-09-10 00:00:00+00:00,0.05887473128548841,-0.03481241933602949,-0.010494736282517163,-0.08086033772431926
2026-09-11 00:00:00+00:00,-0.07352715213937881,-0.023270745790480864,0.012454414297070664,-0.008285792669961954
2026-09-12 00:00:00+00:00,0.05284710542558587,0.04790390655604783,0.023099982759152763,0.05207070397236625
2026-09-13 00:00:00+00:00,0.2873545669107375,0.06864131599356718,0.49454794090870696,0.06729841935414557
2026-09-14 00:00:00+00:00,-0.12884234145983398,-0.053669802783738736,-0.17098052271637854,-0.020979551538512366
