,gross,cost,funding,cash,net,expo,long
2020-04-04 00:00:00+00:00,0.0,0.0,0.0,2.7383608263154002e-06,2.7383608263154002e-06,0.0,0.0
2020-04-05 00:00:00+00:00,-0.011791458307756963,0.00035,0.00012971333333333337,1.3691804131577001e-06,-0.012010375794010472,0.5,0.5
2020-04-06 00:00:00+00:00,0.053983796897967576,0.0,-6.434833333333334e-05,2.053259179901623e-06,0.053921501823814146,0.5,0.5
2020-04-07 00:00:00+00:00,-0.014520524090964621,0.0,-0.00015000000000000001,1.9164706779317697e-06,-0.01466860762028669,0.5,0.5
2020-04-08 00:00:00+00:00,0.023597486502083265,0.0,-0.00018099666666666667,3.010397478186988e-06,0.023419500232894786,0.5,0.5
2020-04-09 00:00:00+00:00,0.009862862002305663,0.0,-0.000161025,3.4203955326939095e-06,0.009705257397838356,0.5,0.5
2020-04-10 00:00:00+00:00,-0.046234508230372465,0.0,-0.00015000000000000001,3.4203955326939095e-06,-0.04638108783483977,0.5,0.5
2020-04-11 00:00:00+00:00,0.003083338881403108,0.0,-0.00015000000000000001,3.4203955326939095e-06,0.002936759276935802,0.5,0.5
2020-04-12 00:00:00+00:00,0.004712975117869926,0.0005833333333333333,-9.523833333333333e-05,2.2802636884626066e-06,0.004036683714891722,0.6666666666666666,0.5
2020-04-13 00:00:00+00:00,-0.0076950961407337695,0.0,0.0005753866666666666,2.3713562407046145e-06,-0.007117338117826398,0.6666666666666666,0.5
2020-04-14 00:00:00+00:00,0.0008769771194275241,0.0,0.000601345,1.824664960015099e-06,0.0014801467843875392,0.6666666666666666,0.5
2020-04-15 00:00:00+00:00,-0.0027191453957221,0.0,0.0006016716666666667,1.27764711862118e-06,-0.0021161960819368122,0.6666666666666666,0.5
2020-04-16 00:00:00+00:00,0.025108199138819898,0.0,0.0003804433333333333,1.27764711862118e-06,0.025489920119271852,0.6666666666666666,0.5
2020-04-17 00:00:00+00:00,-0.004800163794077235,0.0,0.00013939666666666666,1.095235201568438e-06,-0.004659671892209,0.6666666666666666,0.5
2020-04-18 00:00:00+00:00,0.022145092337868173,0.0,-0.00015597999999999998,1.095235201568438e-06,0.021990207573069742,0.6666666666666666,0.5
2020-04-19 00:00:00+00:00,-0.020936509841265473,0.0005833333333333333,0.0002867416666666666,1.6428528023526567e-06,-0.021231458655129785,0.5,0.5
2020-04-20 00:00:00+00:00,-0.024956702415290834,0.0,5.569666666666665e-05,1.6428528023526567e-06,-0.024899362895821814,0.5,0.5
2020-04-21 00:00:00+00:00,0.00313303859847099,0.0,-0.000166595,1.5060234233033043e-06,0.0029679496218942935,0.5,0.5
2020-04-22 00:00:00+00:00,0.03692666886966607,0.0,0.00011366666666666665,1.6428528023526567e-06,0.03704197838913509,0.5,0.5
2020-04-23 00:00:00+00:00,0.01804659989331614,0.0,-1.897000000000001e-05,1.5060234233033043e-06,0.018029135916739443,0.5,0.5
2020-04-24 00:00:00+00:00,0.017067085636629065,0.0,0.00013411166666666669,1.6428528023526567e-06,0.017202840156098083,0.5,0.5
2020-04-25 00:00:00+00:00,0.014926253345471669,0.0,-0.000153555,1.6428528023526567e-06,0.014774341198274022,0.5,0.5
2020-04-26 00:00:00+00:00,-0.0075357567249890725,0.00023333333333333333,0.00016937,1.6428528023526567e-06,-0.007598077205520053,0.5,0.5
2020-04-27 00:00:00+00:00,0.008186239919737215,0.0,-0.00015071833333333334,1.6428528023526567e-06,0.008037164439206235,0.5,0.5
2020-04-28 00:00:00+00:00,0.004435446344933239,0.0,0.0005914899999999999,1.5060234233033043e-06,0.0050284423683565425,0.5,0.5
2020-04-29 00:00:00+00:00,0.03221771123486709,0.0,-0.00018998,1.3691804131577001e-06,0.032029100415280246,0.5,0.5
2020-04-30 00:00:00+00:00,-0.029229451035335197,0.0,-0.00032071499999999995,1.2323237690292643e-06,-0.029548933711566167,0.5,0.5
2020-05-01 00:00:00+00:00,0.018355913662425026,0.0,-0.0002333566666666667,1.6428528023526567e-06,0.018124199848560712,0.5,0.5
2020-05-02 00:00:00+00:00,0.010901211711359085,0.0,-0.00024285333333333333,1.6428528023526567e-06,0.010660001230828105,0.5,0.5
2020-05-03 00:00:00+00:00,-0.01844840556062329,0.00023333333333333333,-0.0004376699999999999,1.6428528023526567e-06,-0.01911776604115427,0.5,0.5
2020-05-04 00:00:00+00:00,0.004921367478893712,0.0,-0.0003474333333333333,1.7796685529702927e-06,0.004575713814113349,0.5,0.5
2020-05-05 00:00:00+00:00,-0.004235044090303046,0.0,-0.00021458833333333333,1.7796685529702927e-06,-0.0044478527550834085,0.5,0.5
2020-05-06 00:00:00+00:00,-0.013238524155250526,0.0,-0.0005129683333333333,1.6428528023526567e-06,-0.013749849635781507,0.5,0.5
2020-05-07 00:00:00+00:00,0.018091969278926236,0.0,-0.00039857166666666677,1.5060234233033043e-06,0.017694903635682872,0.5,0.5
2020-05-08 00:00:00+00:00,0.005741792348256336,0.0,-0.0009167450000000001,1.6428528023526567e-06,0.004826690201058689,0.5,0.5
2020-05-09 00:00:00+00:00,-0.00043052088496751484,0.0,-0.0006843283333333333,1.6428528023526567e-06,-0.0011132063654984954,0.5,0.5
2020-05-10 00:00:00+00:00,-0.0331380359855859,0.00035,-0.00021170499999999997,1.095235201568438e-06,-0.03369864575038434,0.6666666666666666,0.5
2020-05-11 00:00:00+00:00,0.0003221972485358644,0.0,-0.000243205,1.095235201568438e-06,8.008748373743284e-05,0.6666666666666666,0.5
2020-05-12 00:00:00+00:00,0.02773927095027299,0.0,-0.00029729833333333336,1.1864457019801953e-06,0.027443159062641633,0.6666666666666666,0.5
2020-05-13 00:00:00+00:00,0.00558450381092529,0.0,-0.00011250333333333334,1.1864457019801953e-06,0.005473186923293937,0.6666666666666666,0.5
2020-05-14 00:00:00+00:00,-0.005769931290160808,0.0,-3.8995e-05,1.095235201568438e-06,-0.00580783105495924,0.6666666666666666,0.5
2020-05-15 00:00:00+00:00,-0.004096816029748504,0.0,-0.0001,1.095235201568438e-06,-0.004195720794546935,0.6666666666666666,0.5
2020-05-16 00:00:00+00:00,0.000284237200025498,0.0,-0.00018174666666666669,1.095235201568438e-06,0.00010358576856039978,0.6666666666666666,0.5
2020-05-17 00:00:00+00:00,0.00643751309222514,0.00046666666666666666,-0.00026389666666666665,0.0,0.005706949758891806,1.0,0.5
2020-05-18 00:00:00+00:00,-0.0021616717099275746,0.0,-0.00017213333333333333,0.0,-0.002333805043260908,1.0,0.5
2020-05-19 00:00:00+00:00,0.001188199767111302,0.0,-8.67633333333333e-05,0.0,0.0011014364337779687,1.0,0.5
2020-05-20 00:00:00+00:00,-0.013903377019808111,0.0,-3.0199999999999995e-05,0.0,-0.01393357701980811,1.0,0.5
2020-05-21 00:00:00+00:00,0.0012911301835794031,0.0,-3.3735e-05,0.0,0.0012573951835794031,1.0,0.5
2020-05-22 00:00:00+00:00,0.004999792013735386,0.0,0.00011041500000000002,0.0,0.005110207013735386,1.0,0.5
2020-05-23 00:00:00+00:00,0.003572479795265389,0.0,0.00020424833333333332,0.0,0.0037767281285987224,1.0,0.5
2020-05-24 00:00:00+00:00,-0.019872162943273854,0.0006999999999999999,-0.00016772666666666665,3.647866014483762e-22,-0.02073988960994052,0.9999999999999999,0.5
2020-05-25 00:00:00+00:00,0.011191617498367574,0.0,6.776263578034403e-21,3.647866014483762e-22,0.011191617498367574,0.9999999999999999,0.5
2020-05-26 00:00:00+00:00,0.004493529896327175,0.0,3.504666666666668e-05,4.255419745317667e-22,0.004528576562993842,0.9999999999999999,0.5
2020-05-27 00:00:00+00:00,0.00020162185129224343,0.0,-4.2596666666666645e-05,4.559151234099497e-22,0.0001590251846255768,0.9999999999999999,0.5
2020-05-28 00:00:00+00:00,0.03302347415853035,0.0,6.776263578034403e-21,4.559151234099497e-22,0.03302347415853035,0.9999999999999999,0.5
2020-05-29 00:00:00+00:00,-0.013293469371796835,0.0,1.910000000000001e-05,4.255419745317667e-22,-0.013274369371796836,0.9999999999999999,0.5
2020-05-30 00:00:00+00:00,0.026298489394573455,0.0,-0.00012831166666666668,4.255419745317667e-22,0.02617017772790679,0.9999999999999999,0.5
2020-05-31 00:00:00+00:00,0.011593081242578832,0.0009333333333333333,7.336666666666667e-06,0.0,0.010667084575912165,1.0,0.5
2020-06-01 00:00:00+00:00,0.015547835728470587,0.0,0.0,0.0,0.015547835728470587,1.0,0.5
2020-06-02 00:00:00+00:00,0.015496828007453889,0.0,-0.00043410166666666675,0.0,0.015062726340787222,1.0,0.5
2020-06-03 00:00:00+00:00,0.012098471266686246,0.0,-0.00031240166666666655,0.0,0.011786069600019579,1.0,0.5
2020-06-04 00:00:00+00:00,-0.007161860121250639,0.0,-3.423000000000001e-05,0.0,-0.0071960901212506385,1.0,0.5
2020-06-05 00:00:00+00:00,0.0015153311517217174,0.0,-8.785e-05,0.0,0.0014274811517217174,1.0,0.5
2020-06-06 00:00:00+00:00,0.023093895364510786,0.0,-0.00017801499999999998,0.0,0.022915880364510786,1.0,0.5
2020-06-07 00:00:00+00:00,-0.005864110010591561,0.00035,-0.00015000000000000001,2.053259179901623e-06,-0.006362056751411659,0.5,0.5
2020-06-08 00:00:00+00:00,0.01579567262123982,0.0,-0.00022441333333333331,2.3267953257466445e-06,0.015573586083232234,0.5,0.5
2020-06-09 00:00:00+00:00,0.0060651479141483056,0.0,0.00015074499999999998,2.600277012265728e-06,0.006218493191160571,0.5,0.5
2020-06-10 00:00:00+00:00,0.025467312203964105,0.0,0.0003723216666666666,2.3267953257466445e-06,0.02584196066595652,0.5,0.5
2020-06-11 00:00:00+00:00,-0.03780209165303623,0.0,2.782833333333334e-05,2.3267953257466445e-06,-0.03777193652437715,0.5,0.5
2020-06-12 00:00:00+00:00,0.04455355336000281,0.0,-2.3921666666666658e-05,2.190034061544388e-06,0.04453182172739768,0.5,0.5
2020-06-13 00:00:00+00:00,0.0102020153459851,0.0,4.167166666666667e-05,2.190034061544388e-06,0.01024587704671331,0.5,0.5
2020-06-14 00:00:00+00:00,-0.020800651970984366,0.00035,0.00021462000000000003,0.0,-0.020936031970984367,1.0,0.5
2020-06-15 00:00:00+00:00,0.0055542867862356515,0.0,-2.793999999999998e-05,0.0,0.005526346786235652,1.0,0.5
2020-06-16 00:00:00+00:00,0.0152010862088859,0.0,0.0002912933333333333,0.0,0.015492379542219234,1.0,0.5
2020-06-17 00:00:00+00:00,-0.0026356693897174512,0.0,0.00018674666666666667,0.0,-0.0024489227230507847,1.0,0.5
2020-06-18 00:00:00+00:00,-0.00448061113163258,0.0,0.0003034466666666666,0.0,-0.004177164464965913,1.0,0.5
2020-06-19 00:00:00+00:00,-0.0033117954482239083,0.0,0.00030707,0.0,-0.0030047254482239083,1.0,0.5
2020-06-20 00:00:00+00:00,0.0044742420357705886,0.0,0.00034328333333333327,0.0,0.0048175253691039215,1.0,0.5
2020-06-21 00:00:00+00:00,0.018586615030256954,0.00046666666666666666,0.00100253,0.0,0.019122478363590288,1.0,0.5
2020-06-22 00:00:00+00:00,0.02009169768563305,0.0,0.0020321433333333333,0.0,0.022123841018966382,1.0,0.5
2020-06-23 00:00:00+00:00,-0.013713201769951814,0.0,0.0008900416666666668,0.0,-0.012823160103285146,1.0,0.5
2020-06-24 00:00:00+00:00,0.008787415463961501,0.0,0.0006611383333333334,0.0,0.009448553797294834,1.0,0.5
2020-06-25 00:00:00+00:00,0.013077884863165336,0.0,0.00011782000000000001,0.0,0.013195704863165335,1.0,0.5
2020-06-26 00:00:00+00:00,0.011952842191159108,0.0,0.001390635,0.0,0.013343477191159107,1.0,0.5
2020-06-27 00:00:00+00:00,0.010967407113562751,0.0,0.0023332116666666667,0.0,0.013300618780229418,1.0,0.5
2020-06-28 00:00:00+00:00,-0.013188449722368876,0.00046666666666666666,0.000274795,0.0,-0.013380321389035544,1.0,0.5
2020-06-29 00:00:00+00:00,-0.015212472860775112,0.0,0.00014586833333333333,0.0,-0.015066604527441779,1.0,0.5
2020-06-30 00:00:00+00:00,-0.004619627298043253,0.0,1.153e-05,0.0,-0.004608097298043253,1.0,0.5
2020-07-01 00:00:00+00:00,0.007779032547647816,0.0,5.221833333333334e-05,0.0,0.007831250880981149,1.0,0.5
2020-07-02 00:00:00+00:00,-0.007200060710037424,0.0,9.0675e-05,0.0,-0.007109385710037424,1.0,0.5
2020-07-03 00:00:00+00:00,0.015768696708589304,0.0,0.0003544066666666667,0.0,0.016123103375255972,1.0,0.5
2020-07-04 00:00:00+00:00,0.035594219121218997,0.0,0.0009547316666666664,0.0,0.03654895078788566,1.0,0.5
2020-07-05 00:00:00+00:00,0.027544944545318303,0.0009333333333333333,0.0017802216666666668,0.0,0.028391832878651636,1.0,0.5
2020-07-06 00:00:00+00:00,-0.0002944683766840459,0.0,0.0008667716666666667,0.0,0.0005723032899826207,1.0,0.5
2020-07-07 00:00:00+00:00,0.036756720223958,0.0,0.0004368783333333333,0.0,0.03719359855729133,1.0,0.5
2020-07-08 00:00:00+00:00,0.04875428473241246,0.0,0.00029783,0.0,0.04905211473241246,1.0,0.5
2020-07-09 00:00:00+00:00,-0.018223233068644817,0.0,4.696666666666801e-06,0.0,-0.01821853640197815,1.0,0.5
2020-07-10 00:00:00+00:00,-0.012405666146668362,0.0,6.47866666666667e-05,0.0,-0.012340879480001695,1.0,0.5
2020-07-11 00:00:00+00:00,0.003043267690558034,0.0,0.0002949666666666666,0.0,0.0033382343572247006,1.0,0.5
2020-07-12 00:00:00+00:00,0.0024620480015554906,0.0007,-0.00018805666666666664,1.1864457019801953e-06,0.0015751777805908043,0.6666666666666666,0.5
2020-07-13 00:00:00+00:00,-0.006567582541347724,0.0,-0.0005454466666666666,1.27764711862118e-06,-0.00711175156089577,0.6666666666666666,0.5
2020-07-14 00:00:00+00:00,0.015339696429506425,0.0,0.000124515,1.3688394532677488e-06,0.015465580268959693,0.6666666666666666,0.5
2020-07-15 00:00:00+00:00,0.0075136527448785295,0.0,-0.0007449933333333334,1.4600227076962589e-06,0.006770119434252892,0.6666666666666666,0.5
2020-07-16 00:00:00+00:00,-0.012458869100583653,0.0,-0.0003148249999999999,1.0040156155355364e-06,-0.012772690084968117,0.6666666666666666,0.5
2020-07-17 00:00:00+00:00,-0.0011014435814467411,0.0,-0.0003156183333333333,1.0040156155355364e-06,-0.001416057899164539,0.6666666666666666,0.5
2020-07-18 00:00:00+00:00,0.008693559311712581,0.0,-0.00016175166666666666,1.0040156155355364e-06,0.00853281166066145,0.6666666666666666,0.5
2020-07-19 00:00:00+00:00,-0.007955922010189112,0.00046666666666666666,2.7739999999999995e-05,1.0040156155355364e-06,-0.008393844661240244,0.6666666666666666,0.5
2020-07-20 00:00:00+00:00,-0.03812458282132354,0.0,-0.00016384500000000003,1.1864457019801953e-06,-0.03828724137562156,0.6666666666666666,0.5
2020-07-21 00:00:00+00:00,0.020098256105345363,0.0,-2.802000000000002e-05,1.1864457019801953e-06,0.02007142255104734,0.6666666666666666,0.5
2020-07-22 00:00:00+00:00,0.0024601450270073837,0.0,-5.765666666666665e-05,1.1864457019801953e-06,0.002403674806042697,0.6666666666666666,0.5
2020-07-23 00:00:00+00:00,0.005072288202649562,0.0,-0.00015839833333333334,1.095235201568438e-06,0.004914985104517797,0.6666666666666666,0.5
2020-07-24 00:00:00+00:00,-0.014937592792051126,0.0,-0.00016224833333333333,1.0040156155355364e-06,-0.015098837109768923,0.6666666666666666,0.5
2020-07-25 00:00:00+00:00,0.018091451120223662,0.0,-0.00033331833333333336,1.0040156155355364e-06,0.017759136802505866,0.6666666666666666,0.5
2020-07-26 00:00:00+00:00,-0.013414593896611851,0.00035,-0.0010651866666666666,1.5060234233033043e-06,-0.014828274539855215,0.5,0.5
2020-07-27 00:00:00+00:00,-0.034073153208811026,0.0,-0.00047663,1.5060234233033043e-06,-0.03454827718538772,0.5,0.5
2020-07-28 00:00:00+00:00,0.0106880535190406,0.0,-0.00019143999999999994,1.5060234233033043e-06,0.010498119542463904,0.5,0.5
2020-07-29 00:00:00+00:00,-0.011187213427253685,0.0,-0.00059037,1.5060234233033043e-06,-0.011776077403830382,0.5,0.5
2020-07-30 00:00:00+00:00,0.02811591960389581,0.0,-0.00067314,1.2323237690292643e-06,0.02744401192766484,0.5,0.5
2020-07-31 00:00:00+00:00,0.009212784894689591,0.0,-0.0001156466666666667,1.2323237690292643e-06,0.009098370551791954,0.5,0.5
2020-08-01 00:00:00+00:00,0.03105240074180885,0.0,-0.00073709,1.2323237690292643e-06,0.03031654306557788,0.5,0.5
2020-08-02 00:00:00+00:00,0.011077777529247415,0.00105,0.00035807166666666676,0.0,0.010385849195914081,1.0,0.5
2020-08-03 00:00:00+00:00,0.017119385018186474,0.0,-0.0003428733333333332,0.0,0.01677651168485314,1.0,0.5
2020-08-04 00:00:00+00:00,-0.022429639266907164,0.0,-0.00029826999999999995,0.0,-0.022727909266907164,1.0,0.5
2020-08-05 00:00:00+00:00,0.020930892533550717,0.0,9.66050000000001e-05,0.0,0.021027497533550717,1.0,0.5
2020-08-06 00:00:00+00:00,-0.020983212803500198,0.0,0.0007692649999999999,0.0,-0.0202139478035002,1.0,0.5
2020-08-07 00:00:00+00:00,-0.019641764087522065,0.0,0.00019450666666666672,0.0,-0.019447257420855398,1.0,0.5
2020-08-08 00:00:00+00:00,-0.015019742868394265,0.0,9.369e-05,0.0,-0.014926052868394265,1.0,0.5
2020-08-09 00:00:00+00:00,-0.042919041653157144,0.00046666666666666666,0.000847485,0.0,-0.042538223319823806,1.0,0.5
2020-08-10 00:00:00+00:00,-0.017757604889797496,0.0,0.0005747966666666666,0.0,-0.01718280822313083,1.0,0.5
2020-08-11 00:00:00+00:00,-0.01488035188667695,0.0,0.00041023666666666655,0.0,-0.014470115220010285,1.0,0.5
2020-08-12 00:00:00+00:00,0.01099810101870258,0.0,-0.0036184216666666665,0.0,0.007379679352035914,1.0,0.5
2020-08-13 00:00:00+00:00,0.037062584390601894,0.0,-0.0023431549999999995,0.0,0.034719429390601894,1.0,0.5
2020-08-14 00:00:00+00:00,-0.010808284737896072,0.0,0.0013364100000000003,0.0,-0.009471874737896072,1.0,0.5
2020-08-15 00:00:00+00:00,0.023476884405494003,0.0,0.000454305,0.0,0.023931189405494,1.0,0.5
2020-08-16 00:00:00+00:00,-0.0008560272663430775,0.0009333333333333333,-0.0010269166666666664,9.127869421051336e-07,-0.002815364479400972,0.6666666666666666,0.5
2020-08-17 00:00:00+00:00,-0.040131149116795474,0.0,-0.0008045149999999998,9.127869421051336e-07,-0.040934751329853365,0.6666666666666666,0.5
2020-08-18 00:00:00+00:00,-0.013084131902778257,0.0,-0.00082046,8.21549179352843e-07,-0.013903770353598905,0.6666666666666666,0.5
2020-08-19 00:00:00+00:00,0.016164190762495142,0.0,-0.00022362166666666663,1.0040156155355364e-06,0.01594157311144401,0.6666666666666666,0.5
2020-08-20 00:00:00+00:00,0.020334073055728763,0.0,-3.065333333333338e-05,1.0040156155355364e-06,0.020304423738010967,0.6666666666666666,0.5
2020-08-21 00:00:00+00:00,-0.053019236704905826,0.0,-0.000728465,9.127869421051336e-07,-0.053746788917963716,0.6666666666666666,0.5
2020-08-22 00:00:00+00:00,0.05460511204901445,0.0,-0.00024362333333333332,9.127869421051336e-07,0.054362401502623225,0.6666666666666666,0.5
2020-08-23 00:00:00+00:00,-0.00398602486305499,0.00046666666666666666,0.00027801499999999995,0.0,-0.004174676529721657,1.0,0.5
2020-08-24 00:00:00+00:00,0.0081480093571147,0.0,-0.00039129166666666663,0.0,0.007756717690448034,1.0,0.5
2020-08-25 00:00:00+00:00,-0.008146681130438429,0.0,-0.00046070166666666674,0.0,-0.008607382797105096,1.0,0.5
2020-08-26 00:00:00+00:00,0.0055654585014694264,0.0,6.10000000000004e-06,0.0,0.005571558501469427,1.0,0.5
2020-08-27 00:00:00+00:00,-0.010993464019565188,0.0,9.01183333333333e-05,0.0,-0.010903345686231854,1.0,0.5
2020-08-28 00:00:00+00:00,0.0036285999750865767,0.0,0.00016241500000000006,0.0,0.0037910149750865767,1.0,0.5
2020-08-29 00:00:00+00:00,-0.00016521235228702212,0.0,0.0005488066666666665,0.0,0.0003835943143796444,1.0,0.5
2020-08-30 00:00:00+00:00,-0.02146280359561894,0.0009333333333333333,-1.1125000000000067e-05,0.0,-0.022407261928952274,1.0,0.5
2020-08-31 00:00:00+00:00,-0.021564427436707646,0.0,-0.0004084033333333334,0.0,-0.02197283077004098,1.0,0.5
2020-09-01 00:00:00+00:00,0.011469289884429634,0.0,-0.0002214416666666666,0.0,0.011247848217762967,1.0,0.5
2020-09-02 00:00:00+00:00,-0.0006514598261643818,0.0,0.0006180966666666667,0.0,-3.336315949771507e-05,1.0,0.5
2020-09-03 00:00:00+00:00,0.005743856599009344,0.0,-0.00015721999999999996,0.0,0.005586636599009345,1.0,0.5
2020-09-04 00:00:00+00:00,0.010250467596035798,0.0,5.362e-05,0.0,0.010304087596035799,1.0,0.5
2020-09-05 00:00:00+00:00,-0.00031642455007648354,0.0,-0.00032013499999999993,0.0,-0.0006365595500764835,1.0,0.5
2020-09-06 00:00:00+00:00,0.0011320978057562173,0.0014,6.0780000000000004e-05,3.344043760352254e-22,-0.00020712219424378264,0.9999999999999999,0.5
2020-09-07 00:00:00+00:00,-0.007727584118573846,0.0,0.0008640516666666667,3.344043760352254e-22,-0.0068635324519071795,0.9999999999999999,0.5
2020-09-08 00:00:00+00:00,0.033117635193578666,0.0,0.0006454516666666668,3.951658007417908e-22,0.03376308686024533,0.9999999999999999,0.5
2020-09-09 00:00:00+00:00,-0.001209032015094355,0.0,0.000655545,3.647866014483762e-22,-0.0005534870150943551,0.9999999999999999,0.5
2020-09-10 00:00:00+00:00,-0.026338820087332515,0.0,0.0008880616666666665,3.647866014483762e-22,-0.02545075842066585,0.9999999999999999,0.5
2020-09-11 00:00:00+00:00,-0.004190147182086582,0.0,0.001030545,3.344043760352254e-22,-0.003159602182086582,0.9999999999999999,0.5
2020-09-12 00:00:00+00:00,-0.0053329781483046155,0.0,0.0006363000000000001,3.344043760352254e-22,-0.004696678148304615,0.9999999999999999,0.5
2020-09-13 00:00:00+00:00,0.02244047470468339,0.0007,0.0015991183333333332,3.344043760352254e-22,0.023339593038016724,0.9999999999999999,0.5
2020-09-14 00:00:00+00:00,-0.016110053256058188,0.0,0.0021649166666666666,3.344043760352254e-22,-0.013945136589391522,0.9999999999999999,0.5
2020-09-15 00:00:00+00:00,-0.01023071210595568,0.0,0.0017885883333333334,3.344043760352254e-22,-0.008442123772622346,0.9999999999999999,0.5
2020-09-16 00:00:00+00:00,0.0160159007315561,0.0,0.0016701483333333331,3.647866014483762e-22,0.017686049064889433,0.9999999999999999,0.5
2020-09-17 00:00:00+00:00,-0.004404561837410966,0.0,0.00035535833333333333,2.7363084443382853e-22,-0.004049203504077632,0.9999999999999999,0.5
2020-09-18 00:00:00+00:00,0.005933436403454931,0.0,0.000285215,3.0401912391069266e-22,0.006218651403454931,0.9999999999999999,0.5
2020-09-19 00:00:00+00:00,-0.0008522323682425949,0.0,0.000530225,3.0401912391069266e-22,-0.00032200736824259486,0.9999999999999999,0.5
2020-09-20 00:00:00+00:00,0.007774503769651256,0.0006999999999999999,0.0014684600000000002,0.0,0.008542963769651257,1.0,0.5
2020-09-21 00:00:00+00:00,0.023559274108267594,0.0,0.0014026283333333333,0.0,0.024961902441600927,1.0,0.5
2020-09-22 00:00:00+00:00,-0.04168824595616116,0.0,0.0020629666666666666,0.0,-0.0396252792894945,1.0,0.5
2020-09-23 00:00:00+00:00,0.04318266397866758,0.0,0.0014990983333333333,0.0,0.04468176231200091,1.0,0.5
2020-09-24 00:00:00+00:00,-0.015623445432091895,0.0,0.0012311433333333332,0.0,-0.014392302098758561,1.0,0.5
2020-09-25 00:00:00+00:00,-0.011976624130017356,0.0,0.0010895516666666668,0.0,-0.010887072463350689,1.0,0.5
2020-09-26 00:00:00+00:00,0.008662208567444705,0.0,0.000870855,0.0,0.009533063567444705,1.0,0.5
2020-09-27 00:00:00+00:00,-0.01703980117400339,0.0,0.00208102,0.0,-0.014958781174003389,1.0,0.5
2020-09-28 00:00:00+00:00,-0.03563535921508618,0.0,0.0016154583333333333,0.0,-0.03401990088175285,1.0,0.5
2020-09-29 00:00:00+00:00,-0.00015054167051760554,0.0,0.0021572383333333333,0.0,0.0020066966628157277,1.0,0.5
2020-09-30 00:00:00+00:00,-0.016778317947608624,0.0,0.002078468333333333,0.0,-0.014699849614275291,1.0,0.5
2020-10-01 00:00:00+00:00,0.0032441165795393436,0.0,0.0017836983333333332,0.0,0.005027814912872677,1.0,0.5
2020-10-02 00:00:00+00:00,0.02153842427913103,0.0,0.0015800933333333332,0.0,0.023118517612464366,1.0,0.5
2020-10-03 00:00:00+00:00,0.02234014951903638,0.0,0.0018408549999999997,0.0,0.02418100451903638,1.0,0.5
2020-10-04 00:00:00+00:00,0.01969888405685427,0.0011666666666666665,0.0019527933333333336,0.0,0.02048501072352094,1.0,0.5
2020-10-05 00:00:00+00:00,0.01858619311030892,0.0,0.00119883,0.0,0.01978502311030892,1.0,0.5
2020-10-06 00:00:00+00:00,0.028236019451631435,0.0,0.0005407916666666664,0.0,0.0287768111182981,1.0,0.5
2020-10-07 00:00:00+00:00,0.02723586873723697,0.0,-0.0009346833333333327,0.0,0.026301185403903637,1.0,0.5
2020-10-08 00:00:00+00:00,-0.034433329041997675,0.0,-0.0009945266666666669,0.0,-0.035427855708664344,1.0,0.5
2020-10-09 00:00:00+00:00,-0.02564168844530599,0.0,5.019666666666666e-05,0.0,-0.025591491778639324,1.0,0.5
2020-10-10 00:00:00+00:00,0.05438522531518036,0.0,0.0002699783333333333,0.0,0.054655203648513694,1.0,0.5
2020-10-11 00:00:00+00:00,-0.0009286545925079972,0.00046666666666666666,0.00040836166666666663,3.0401912391069266e-22,-0.0009869595925079972,0.9999999999999999,0.5
2020-10-12 00:00:00+00:00,-0.0005313810387396934,0.0,0.00012953166666666664,3.0401912391069266e-22,-0.0004018493720730267,0.9999999999999999,0.5
2020-10-13 00:00:00+00:00,0.01702381963834624,0.0,0.00037170499999999995,3.344043760352254e-22,0.01739552463834624,0.9999999999999999,0.5
2020-10-14 00:00:00+00:00,0.01803842421398551,0.0,0.0002553383333333333,3.647866014483762e-22,0.018293762547318845,0.9999999999999999,0.5
2020-10-15 00:00:00+00:00,-0.004575980743693938,0.0,-0.000360685,3.344043760352254e-22,-0.004936665743693939,0.9999999999999999,0.5
2020-10-16 00:00:00+00:00,0.010126731576809083,0.0,0.0008234666666666667,3.344043760352254e-22,0.01095019824347575,0.9999999999999999,0.5
2020-10-17 00:00:00+00:00,-0.019916810850533206,0.0,0.00047233499999999994,3.344043760352254e-22,-0.019444475850533206,0.9999999999999999,0.5
2020-10-18 00:00:00+00:00,-0.018979962735395206,0.0007,0.0006773633333333332,0.0,-0.019002599402061872,1.0,0.5
2020-10-19 00:00:00+00:00,0.025657231998421105,0.0,0.00029093,0.0,0.025948161998421107,1.0,0.5
2020-10-20 00:00:00+00:00,0.014720389523015296,0.0,-0.00017792666666666663,0.0,0.01454246285634863,1.0,0.5
2020-10-21 00:00:00+00:00,0.010213044607587391,0.0,0.00078656,0.0,0.010999604607587391,1.0,0.5
2020-10-22 00:00:00+00:00,-0.00615758081955135,0.0,-1.8018333333333337e-05,0.0,-0.006175599152884683,1.0,0.5
2020-10-23 00:00:00+00:00,0.00033081773270075485,0.0,0.0001209533333333333,0.0,0.00045177106603408815,1.0,0.5
2020-10-24 00:00:00+00:00,0.010611512499878701,0.0,0.00016927833333333335,0.0,0.010780790833212034,1.0,0.5
2020-10-25 00:00:00+00:00,-0.0017547666499759251,0.0007,-0.0002679216666666667,0.0,-0.002722688316642592,1.0,0.5
2020-10-26 00:00:00+00:00,-0.028358335613616264,0.0,-0.00165228,0.0,-0.030010615613616263,1.0,0.5
2020-10-27 00:00:00+00:00,-0.08682733512620747,0.0,-0.002173143333333333,0.0,-0.0890004784595408,1.0,0.5
2020-10-28 00:00:00+00:00,0.044768444722616374,0.0,-0.002861896666666666,0.0,0.041906548055949705,1.0,0.5
2020-10-29 00:00:00+00:00,0.039261694789662585,0.0,-0.0011507133333333332,0.0,0.038110981456329254,1.0,0.5
2020-10-30 00:00:00+00:00,0.02361990501972237,0.0,-0.00047143833333333323,0.0,0.023148466686389035,1.0,0.5
2020-10-31 00:00:00+00:00,0.010468268717152951,0.0,-0.0008599249999999999,0.0,0.009608343717152952,1.0,0.5
2020-11-01 00:00:00+00:00,-0.0073887356964711555,0.0007,8.387499999999997e-05,0.0,-0.008004860696471156,1.0,0.5
2020-11-02 00:00:00+00:00,-0.005544435635763623,0.0,-0.0002563466666666666,0.0,-0.005800782302430289,1.0,0.5
2020-11-03 00:00:00+00:00,0.04206607763213649,0.0,-0.0006156899999999999,0.0,0.04145038763213649,1.0,0.5
2020-11-04 00:00:00+00:00,0.01927201645645171,0.0,-0.0004400550000000002,0.0,0.018831961456451708,1.0,0.5
2020-11-05 00:00:00+00:00,0.026307120344740066,0.0,-0.000265015,0.0,0.026042105344740066,1.0,0.5
2020-11-06 00:00:00+00:00,-0.05989744048219804,0.0,-0.00012685833333333336,0.0,-0.060024298815531375,1.0,0.5
2020-11-07 00:00:00+00:00,-0.022116247452188875,0.0,0.00014054166666666666,0.0,-0.021975705785522208,1.0,0.5
2020-11-08 00:00:00+00:00,-0.005673205723182086,0.0007,-0.00038894499999999997,3.0401912391069266e-22,-0.006762150723182086,0.9999999999999999,0.5
2020-11-09 00:00:00+00:00,0.002619695809054431,0.0,-0.00042247166666666675,3.344043760352254e-22,0.002197224142387764,0.9999999999999999,0.5
2020-11-10 00:00:00+00:00,-0.05976111794294412,0.0,-0.0003249333333333333,3.0401912391069266e-22,-0.060086051276277454,0.9999999999999999,0.5
2020-11-11 00:00:00+00:00,0.04376475280544188,0.0,-0.00015600000000000002,3.0401912391069266e-22,0.043608752805441874,0.9999999999999999,0.5
2020-11-12 00:00:00+00:00,0.040001883398664395,0.0,-0.00023156333333333327,3.0401912391069266e-22,0.039770320065331065,0.9999999999999999,0.5
2020-11-13 00:00:00+00:00,-0.01854140756638215,0.0,-0.00023353166666666665,2.7363084443382853e-22,-0.018774939233048814,0.9999999999999999,0.5
2020-11-14 00:00:00+00:00,-0.009863876855037144,0.0,-7.326166666666667e-05,2.7363084443382853e-22,-0.00993713852170381,0.9999999999999999,0.5
2020-11-15 00:00:00+00:00,0.04896777156271792,0.0007,0.00212159,0.0,0.05038936156271792,1.0,0.5
2020-11-16 00:00:00+00:00,-0.03555631661492949,0.0,0.001705725,0.0,-0.03385059161492949,1.0,0.5
2020-11-17 00:00:00+00:00,0.010988719759726406,0.0,0.001020785,0.0,0.012009504759726406,1.0,0.5
2020-11-18 00:00:00+00:00,-0.012779181381216715,0.0,0.0005297183333333334,0.0,-0.012249463047883382,1.0,0.5
2020-11-19 00:00:00+00:00,0.04775001846540258,0.0,-5.7918333333333385e-05,0.0,0.04769210013206925,1.0,0.5
2020-11-20 00:00:00+00:00,0.010893335442280827,0.0,-0.00012350000000000002,0.0,0.010769835442280827,1.0,0.5
2020-11-21 00:00:00+00:00,-0.042962334963359376,0.0,-0.00032282666666666677,0.0,-0.04328516163002604,1.0,0.5
2020-11-22 00:00:00+00:00,-0.01597440984634222,0.0008166666666666666,-0.0012838066666666667,9.585695684988238e-07,-0.018073924610107057,0.5,0.5
2020-11-23 00:00:00+00:00,0.001780634728277609,0.0,-0.00189083,1.0954534884755063e-06,-0.00010909981823391561,0.5,0.5
2020-11-24 00:00:00+00:00,-0.04381734430392738,0.0,-0.00230882,1.2323237690292643e-06,-0.04612493198015835,0.5,0.5
2020-11-25 00:00:00+00:00,-0.054035543972366984,0.0,-0.002085215,1.2323237690292643e-06,-0.056119526648597956,0.5,0.5
2020-11-26 00:00:00+00:00,0.008257700017624436,0.0,-0.00029886833333333336,1.2323237690292643e-06,0.007960064008060132,0.5,0.5
2020-11-27 00:00:00+00:00,0.0001822428039117514,0.0,5.005000000000001e-05,1.2323237690292643e-06,0.00023352512768078066,0.5,0.5
2020-11-28 00:00:00+00:00,-0.01054207377403371,0.0,-0.00025632666666666667,1.2323237690292643e-06,-0.010797168116931348,0.5,0.5
2020-11-29 00:00:00+00:00,-0.005688570052491368,0.0008166666666666667,-0.0005336533333333332,0.0,-0.007038890052491368,1.0,0.5
2020-11-30 00:00:00+00:00,0.02626801052120801,0.0,-0.0006596433333333333,0.0,0.025608367187874674,1.0,0.5
2020-12-01 00:00:00+00:00,-0.009212824657258544,0.0,-0.000380745,0.0,-0.009593569657258544,1.0,0.5
2020-12-02 00:00:00+00:00,0.010127521949960363,0.0,-0.00010360833333333334,0.0,0.01002391361662703,1.0,0.5
2020-12-03 00:00:00+00:00,-0.006378036495319187,0.0,0.00014715500000000016,0.0,-0.0062308814953191865,1.0,0.5
2020-12-04 00:00:00+00:00,-0.00496539757949558,0.0,-0.00016319166666666673,0.0,-0.005128589246162246,1.0,0.5
2020-12-05 00:00:00+00:00,0.02459189702014205,0.0,2.1123333333333382e-05,0.0,0.024613020353475384,1.0,0.5
2020-12-06 00:00:00+00:00,0.009482276805174623,0.00046666666666666666,0.00013547666666666666,2.7363084443382853e-22,0.009151086805174622,0.9999999999999999,0.5
2020-12-07 00:00:00+00:00,0.0006039161001671506,0.0,0.0002823383333333333,2.4323953706229113e-22,0.0008862544335004839,0.9999999999999999,0.5
2020-12-08 00:00:00+00:00,-0.009560160760546409,0.0,0.00025455833333333337,2.7363084443382853e-22,-0.009305602427213075,0.9999999999999999,0.5
2020-12-09 00:00:00+00:00,0.03336511357493961,0.0,0.00040778333333333337,2.4323953706229113e-22,0.03377289690827295,0.9999999999999999,0.5
2020-12-10 00:00:00+00:00,-0.00029504633386935944,0.0,0.00037662499999999995,2.4323953706229113e-22,8.157866613064051e-05,0.9999999999999999,0.5
2020-12-11 00:00:00+00:00,-0.01650693645373937,0.0,0.0017098449999999998,2.4323953706229113e-22,-0.014797091453739369,0.9999999999999999,0.5
2020-12-12 00:00:00+00:00,-0.003745697911454425,0.0,0.0009425783333333333,2.4323953706229113e-22,-0.0028031195781210915,0.9999999999999999,0.5
2020-12-13 00:00:00+00:00,-0.001623212584588753,0.0011666666666666668,0.0012431699999999996,0.0,-0.0015467092512554202,1.0,0.5
2020-12-14 00:00:00+00:00,0.0034128155079528426,0.0,0.00135345,0.0,0.0047662655079528425,1.0,0.5
2020-12-15 00:00:00+00:00,0.019239234446265373,0.0,0.0015039016666666665,0.0,0.02074313611293204,1.0,0.5
2020-12-16 00:00:00+00:00,0.01838022136413979,0.0,0.0011210799999999998,0.0,0.01950130136413979,1.0,0.5
2020-12-17 00:00:00+00:00,0.029636015052956745,0.0,-1.1633333333333309e-05,0.0,0.02962438171962341,1.0,0.5
2020-12-18 00:00:00+00:00,0.007039821510045931,0.0,-0.00011535666666666658,0.0,0.006924464843379264,1.0,0.5
2020-12-19 00:00:00+00:00,0.03937190774112967,0.0,0.0002180933333333334,0.0,0.039590001074463005,1.0,0.5
2020-12-20 00:00:00+00:00,-0.013153006120139865,0.0007,-2.214166666666674e-05,2.4323953706229113e-22,-0.01387514778680653,0.9999999999999999,0.5
2020-12-21 00:00:00+00:00,0.039348058609314875,0.0,6.151499999999994e-05,2.7363084443382853e-22,0.03940957360931487,0.9999999999999999,0.5
2020-12-22 00:00:00+00:00,0.018814817484261226,0.0,7.722333333333334e-05,2.7363084443382853e-22,0.01889204081759456,0.9999999999999999,0.5
2020-12-23 00:00:00+00:00,0.04451957533645856,0.0,0.000568315,2.7363084443382853e-22,0.04508789033645856,0.9999999999999999,0.5
2020-12-24 00:00:00+00:00,0.007344139546503887,0.0,0.0004093216666666667,2.7363084443382853e-22,0.007753461213170554,0.9999999999999999,0.5
2020-12-25 00:00:00+00:00,-0.01934734427066222,0.0,-0.0001573883333333334,2.7363084443382853e-22,-0.019504732603995555,0.9999999999999999,0.5
2020-12-26 00:00:00+00:00,0.07200124834425863,0.0,-0.00015398000000000007,2.7363084443382853e-22,0.07184726834425863,0.9999999999999999,0.5
2020-12-27 00:00:00+00:00,-0.06210388698095124,0.0009333333333333333,0.0009160483333333332,0.0,-0.06212117198095124,1.0,0.5
2020-12-28 00:00:00+00:00,0.07388892460306462,0.0,0.0007694899999999998,0.0,0.07465841460306462,1.0,0.5
2020-12-29 00:00:00+00:00,0.013803632325778692,0.0,0.000371915,0.0,0.014175547325778692,1.0,0.5
2020-12-30 00:00:00+00:00,-0.024153487913466047,0.0,-0.0007385283333333335,0.0,-0.02489201624679938,1.0,0.5
2020-12-31 00:00:00+00:00,0.016278864654386476,0.0,-0.0003903283333333334,0.0,0.015888536321053144,1.0,0.5
2021-01-01 00:00:00+00:00,0.002625625769359541,0.0,0.00021020499999999998,0.0,0.0028358307693595406,1.0,0.5
2021-01-02 00:00:00+00:00,0.03561177782316574,0.0,-0.0006231033333333334,0.0,0.03498867448983241,1.0,0.5
2021-01-03 00:00:00+00:00,-0.05354908333605396,0.0006999999999999999,0.0017655316666666666,0.0,-0.05248355166938729,1.0,0.5
2021-01-04 00:00:00+00:00,-0.024866159724334553,0.0,0.002000025,0.0,-0.022866134724334554,1.0,0.5
2021-01-05 00:00:00+00:00,0.020467741628795607,0.0,0.000834245,0.0,0.021301986628795608,1.0,0.5
2021-01-06 00:00:00+00:00,-0.005666813537227607,0.0,0.0009877766666666664,0.0,-0.00467903687056094,1.0,0.5
2021-01-07 00:00:00+00:00,-0.07337229811452461,0.0,0.0012827166666666667,0.0,-0.07208958144785794,1.0,0.5
2021-01-08 00:00:00+00:00,-0.00030092589198258725,0.0,0.0008344683333333333,0.0,0.000533542441350746,1.0,0.5
2021-01-09 00:00:00+00:00,-0.009506558565647453,0.0,0.0009927466666666666,0.0,-0.008513811898980785,1.0,0.5
2021-01-10 00:00:00+00:00,-0.04481667701284338,0.00046666666666666666,0.0023106699999999995,0.0,-0.04297267367951004,1.0,0.5
2021-01-11 00:00:00+00:00,0.008839836081263524,0.0,0.0006586916666666667,0.0,0.009498527747930191,1.0,0.5
2021-01-12 00:00:00+00:00,0.0005420313288129752,0.0,0.0007246783333333332,0.0,0.0012667096621463085,1.0,0.5
2021-01-13 00:00:00+00:00,0.02533542790475322,0.0,0.0005799733333333333,0.0,0.025915401238086555,1.0,0.5
2021-01-14 00:00:00+00:00,0.031119652949815835,0.0,0.0009713650000000001,0.0,0.03209101794981584,1.0,0.5
2021-01-15 00:00:00+00:00,-0.013825817280972744,0.0,0.000273715,0.0,-0.013552102280972743,1.0,0.5
2021-01-16 00:00:00+00:00,-0.03052023337223519,0.0,0.0006013783333333332,0.0,-0.02991885503890186,1.0,0.5
2021-01-17 00:00:00+00:00,-0.007744749505717833,0.0011666666666666665,0.001537068333333333,0.0,-0.007374347839051166,1.0,0.5
2021-01-18 00:00:00+00:00,-0.028062809323779282,0.0,0.0013741833333333333,0.0,-0.026688625990445948,1.0,0.5
2021-01-19 00:00:00+00:00,-0.028444412332657744,0.0,0.0016273416666666666,0.0,-0.026817070665991077,1.0,0.5
2021-01-20 00:00:00+00:00,0.03224695302766144,0.0,0.0013884383333333332,0.0,0.03363539136099477,1.0,0.5
2021-01-21 00:00:00+00:00,0.0024767506653299853,0.0,0.0007634883333333332,0.0,0.0032402389986633186,1.0,0.5
2021-01-22 00:00:00+00:00,0.020164048679963277,0.0,0.00022834666666666663,0.0,0.020392395346629944,1.0,0.5
2021-01-23 00:00:00+00:00,0.009197062448705289,0.0,0.000146125,0.0,0.00934318744870529,1.0,0.5
2021-01-24 00:00:00+00:00,0.029886239973228736,0.0009333333333333333,-0.00010020166666666668,0.0,0.028852704973228734,1.0,0.5
2021-01-25 00:00:00+00:00,-0.04486935258540651,0.0,0.0005549416666666667,0.0,-0.04431441091873984,1.0,0.5
2021-01-26 00:00:00+00:00,0.08352599982762035,0.0,0.0006031799999999998,0.0,0.08412917982762035,1.0,0.5
2021-01-27 00:00:00+00:00,0.01626890788382305,0.0,0.00014223333333333334,0.0,0.01641114121715638,1.0,0.5
2021-01-28 00:00:00+00:00,-0.603025557373137,0.0,0.00019036166666666664,0.0,-0.6028351957064704,1.0,0.5
2021-01-29 00:00:00+00:00,-0.01303698314419398,0.0,-0.0023835199999999996,0.0,-0.01542050314419398,1.0,0.5
2021-01-30 00:00:00+00:00,0.10485274039205666,0.0,-0.0010635483333333333,0.0,0.10378919205872333,1.0,0.5
2021-01-31 00:00:00+00:00,0.005107390845662436,0.0009333333333333333,-0.0005935416666666667,0.0,0.0035805158456624357,1.0,0.5
2021-02-01 00:00:00+00:00,-0.047687961055165554,0.0,-0.0005697383333333335,0.0,-0.04825769938849889,1.0,0.5
2021-02-02 00:00:00+00:00,-0.02376568741294347,0.0,-0.00011268666666666661,0.0,-0.02387837407961014,1.0,0.5
2021-02-03 00:00:00+00:00,0.012910424620386959,0.0,-0.0006213216666666665,0.0,0.012289102953720293,1.0,0.5
2021-02-04 00:00:00+00:00,0.06995522622150553,0.0,-0.0009513799999999999,0.0,0.06900384622150553,1.0,0.5
2021-02-05 00:00:00+00:00,0.02440872165796948,0.0,-0.0012113699999999998,0.0,0.02319735165796948,1.0,0.5
2021-02-06 00:00:00+00:00,-0.027388551980312037,0.0,0.00023713833333333296,0.0,-0.027151413646978702,1.0,0.5
2021-02-07 00:00:00+00:00,0.046859254385502674,0.0007,-0.00034447666666666656,0.0,0.045814777718836006,1.0,0.5
2021-02-08 00:00:00+00:00,-0.013774608644356126,0.0,-0.0003182166666666668,0.0,-0.014092825311022794,1.0,0.5
2021-02-09 00:00:00+00:00,-0.07007386048758804,0.0,-0.00211104,0.0,-0.07218490048758804,1.0,0.5
2021-02-10 00:00:00+00:00,-0.0077826549722512794,0.0,-0.0005443983333333333,0.0,-0.008327053305584612,1.0,0.5
2021-02-11 00:00:00+00:00,-0.04759510781255301,0.0,-0.0015216933333333336,0.0,-0.04911680114588634,1.0,0.5
2021-02-12 00:00:00+00:00,-0.018110534910690736,0.0,-0.0026683716666666664,0.0,-0.0207789065773574,1.0,0.5
2021-02-13 00:00:00+00:00,-0.10069149182585088,0.0,-0.0034381516666666667,0.0,-0.10412964349251755,1.0,0.5
2021-02-14 00:00:00+00:00,-0.025360313126039515,0.0005833333333333333,-0.004844963333333333,5.478359458299664e-07,-0.03078806195676035,0.5,0.5
2021-02-15 00:00:00+00:00,-0.027611353675874806,0.0,-0.0014208483333333333,5.478359458299664e-07,-0.029031654173262308,0.5,0.5
2021-02-16 00:00:00+00:00,-0.013388896279216503,0.0,-0.0015361883333333331,5.478359458299664e-07,-0.014924536776604005,0.5,0.5
2021-02-17 00:00:00+00:00,-0.009004977262899838,0.0,-0.0016320266666666665,5.478359458299664e-07,-0.010636456093620674,0.5,0.5
2021-02-18 00:00:00+00:00,0.08364089082330797,0.0,-0.003553401666666666,4.1089744140521134e-07,0.08008790005408271,0.5,0.5
2021-02-19 00:00:00+00:00,0.0024818945647652746,0.0,-0.0036558166666666664,5.478359458299664e-07,-0.0011733742659555619,0.5,0.5
2021-02-20 00:00:00+00:00,-0.01021367090265542,0.0,-0.0057977716666666665,5.478359458299664e-07,-0.016010894733376257,0.5,0.5
2021-02-21 00:00:00+00:00,0.048576121981412326,0.0008166666666666667,-0.0006188883333333332,3.652239638866443e-07,0.04714093220537621,0.6666666666666666,0.5
2021-02-22 00:00:00+00:00,-0.0340883711995443,0.0,0.000575665,2.739316276034743e-07,-0.03351243226791669,0.6666666666666666,0.5
2021-02-23 00:00:00+00:00,-0.0384888619836133,0.0,0.0009446483333333333,3.652239638866443e-07,-0.037543848426316084,0.6666666666666666,0.5
2021-02-24 00:00:00+00:00,0.025622022956859263,0.0,0.00057074,2.739316276034743e-07,0.026193036888486867,0.6666666666666666,0.5
2021-02-25 00:00:00+00:00,0.00030069292002693135,0.0,0.00045244666666666665,3.652239638866443e-07,0.0007535048106574846,0.6666666666666666,0.5
2021-02-26 00:00:00+00:00,0.020434321759556874,0.0,0.0007271066666666666,3.652239638866443e-07,0.02116179365018743,0.6666666666666666,0.5
2021-02-27 00:00:00+00:00,0.012343780068066596,0.0,0.0004333616666666667,3.652239638866443e-07,0.012777506958697149,0.6666666666666666,0.5
2021-02-28 00:00:00+00:00,0.004725245031320619,0.00046666666666666666,-0.0005245916666666667,1.2164401615554575e-22,0.003733986697987286,0.9999999999999999,0.5
2021-03-01 00:00:00+00:00,0.029615665601818126,0.0,-2.398166666666664e-05,1.5204744129340396e-22,0.02959168393515146,0.9999999999999999,0.5
2021-03-02 00:00:00+00:00,-0.07750220810534598,0.0,-0.00023985333333333334,1.2164401615554575e-22,-0.07774206143867932,0.9999999999999999,0.5
2021-03-03 00:00:00+00:00,-0.028776698615893194,0.0,-0.00018446666666666663,1.5204744129340396e-22,-0.02896116528255986,0.9999999999999999,0.5
2021-03-04 00:00:00+00:00,-0.011289925822302128,0.0,-0.0003654966666666665,1.2164401615554575e-22,-0.011655422488968795,0.9999999999999999,0.5
2021-03-05 00:00:00+00:00,0.003895957555615763,0.0,-5.3491666666666634e-05,1.2164401615554575e-22,0.0038424658889490964,0.9999999999999999,0.5
2021-03-06 00:00:00+00:00,-0.0033603906493280622,0.0,-4.188833333333331e-05,1.2164401615554575e-22,-0.0034022789826613957,0.9999999999999999,0.5
2021-03-07 00:00:00+00:00,0.03871453085838865,0.0011666666666666665,-0.0003172033333333334,0.0,0.03723066085838865,1.0,0.5
2021-03-08 00:00:00+00:00,0.11754147355657962,0.0,-0.00037746666666666655,0.0,0.11716400688991295,1.0,0.5
2021-03-09 00:00:00+00:00,-0.009326657727846854,0.0,0.00026515,0.0,-0.009061507727846854,1.0,0.5
2021-03-10 00:00:00+00:00,0.0012820969004807767,0.0,-0.0002597583333333334,0.0,0.0010223385671474434,1.0,0.5
2021-03-11 00:00:00+00:00,0.05095423105838122,0.0,-0.0008476400000000001,0.0,0.05010659105838122,1.0,0.5
2021-03-12 00:00:00+00:00,0.21081873973137744,0.0,3.2308333333333364e-05,0.0,0.21085104806471078,1.0,0.5
2021-03-13 00:00:00+00:00,-0.059663898864150404,0.0,-0.00017453166666666687,0.0,-0.05983843053081707,1.0,0.5
2021-03-14 00:00:00+00:00,0.04380119513374079,0.0009333333333333333,-0.0008173233333333334,0.0,0.04205053846707412,1.0,0.5
2021-03-15 00:00:00+00:00,0.033021344091305395,0.0,-0.0009035083333333333,0.0,0.032117835757972064,1.0,0.5
2021-03-16 00:00:00+00:00,-0.0717749943151081,0.0,-0.0009925966666666666,0.0,-0.07276759098177477,1.0,0.5
2021-03-17 00:00:00+00:00,0.026025039185257913,0.0,-0.0006948716666666666,0.0,0.025330167518591247,1.0,0.5
2021-03-18 00:00:00+00:00,0.01796681273519272,0.0,-0.0005484099999999999,0.0,0.017418402735192722,1.0,0.5
2021-03-19 00:00:00+00:00,-0.021003394724889844,0.0,5.57266666666664e-05,0.0,-0.02094766805822318,1.0,0.5
2021-03-20 00:00:00+00:00,-0.04860330953033037,0.0,-0.0006916149999999998,0.0,-0.04929492453033037,1.0,0.5
2021-03-21 00:00:00+00:00,0.03676058562271911,0.0009333333333333333,0.00037208166666666655,0.0,0.036199333956052446,1.0,0.5
2021-03-22 00:00:00+00:00,-0.023669694126746,0.0,0.0005659699999999998,0.0,-0.023103724126746,1.0,0.5
2021-03-23 00:00:00+00:00,-0.02544515315184433,0.0,0.0006006533333333333,0.0,-0.024844499818510998,1.0,0.5
2021-03-24 00:00:00+00:00,0.03500895049810419,0.0,0.000566965,0.0,0.03557591549810419,1.0,0.5
2021-03-25 00:00:00+00:00,-0.002687341159238483,0.0,0.0004371983333333333,0.0,-0.0022501428259051495,1.0,0.5
2021-03-26 00:00:00+00:00,-0.0008639046358643512,0.0,6.534499999999998e-05,0.0,-0.0007985596358643512,1.0,0.5
2021-03-27 00:00:00+00:00,0.012658130078717113,0.0,0.00015995,0.0,0.012818080078717113,1.0,0.5
2021-03-28 00:00:00+00:00,-0.04659307997147323,0.0009333333333333333,-1.40516666666667e-05,0.0,-0.04754046497147323,1.0,0.5
2021-03-29 00:00:00+00:00,-0.054395641384165846,0.0,-0.00042338,0.0,-0.05481902138416585,1.0,0.5
2021-03-30 00:00:00+00:00,0.01815062104437713,0.0,-0.0009306333333333332,0.0,0.017219987711043796,1.0,0.5
2021-03-31 00:00:00+00:00,-0.020952119363912614,0.0,-0.0009921333333333332,0.0,-0.021944252697245946,1.0,0.5
2021-04-01 00:00:00+00:00,-0.03163056953077708,0.0,-0.0008271749999999997,0.0,-0.03245774453077708,1.0,0.5
2021-04-02 00:00:00+00:00,-0.01982560013819499,0.0,-0.0011756199999999996,0.0,-0.021001220138194988,1.0,0.5
2021-04-03 00:00:00+00:00,-0.004829306817315804,0.0,-0.0012532916666666664,0.0,-0.00608259848398247,1.0,0.5
2021-04-04 00:00:00+00:00,-0.01412408113092012,0.0009333333333333333,0.00027774500000000003,0.0,-0.014779669464253454,1.0,0.5
2021-04-05 00:00:00+00:00,-0.016168408711706994,0.0,0.0003893000000000002,0.0,-0.015779108711706995,1.0,0.5
2021-04-06 00:00:00+00:00,-0.049101397511322524,0.0,0.00023615500000000005,0.0,-0.04886524251132252,1.0,0.5
2021-04-07 00:00:00+00:00,0.019166837968997357,0.0,0.000211975,0.0,0.019378812968997357,1.0,0.5
2021-04-08 00:00:00+00:00,0.008155159688528939,0.0,0.0010281966666666664,0.0,0.009183356355195606,1.0,0.5
2021-04-09 00:00:00+00:00,0.016451903851434413,0.0,0.0011223049999999999,0.0,0.017574208851434413,1.0,0.5
2021-04-10 00:00:00+00:00,-0.015889571807402338,0.0,0.000917105,0.0,-0.014972466807402338,1.0,0.5
2021-04-11 00:00:00+00:00,-0.02075600656485932,0.0009333333333333333,0.0001114633333333336,6.0828072384352e-23,-0.021577876564859322,0.9999999999999999,0.5
2021-04-12 00:00:00+00:00,-0.017077000822775447,0.0,7.263333333333306e-05,6.0828072384352e-23,-0.017004367489442115,0.9999999999999999,0.5
2021-04-13 00:00:00+00:00,0.021900883148407838,0.0,-0.0004276666666666667,9.123756004152635e-23,0.02147321648174117,0.9999999999999999,0.5
2021-04-14 00:00:00+00:00,-0.034144407594404104,0.0,-0.0003122499999999999,6.0828072384352e-23,-0.034456657594404104,0.9999999999999999,0.5
2021-04-15 00:00:00+00:00,-0.013565858918102969,0.0,0.0003075399999999998,6.0828072384352e-23,-0.013258318918102968,0.9999999999999999,0.5
2021-04-16 00:00:00+00:00,0.027612773559083276,0.0,5.580166666666671e-05,6.0828072384352e-23,0.027668575225749944,0.9999999999999999,0.5
2021-04-17 00:00:00+00:00,-0.015297611929713257,0.0,7.331500000000001e-05,6.0828072384352e-23,-0.015224296929713256,0.9999999999999999,0.5
2021-04-18 00:00:00+00:00,0.06919283273989102,0.0009333333333333333,-0.0004793466666666667,0.0,0.06778015273989102,1.0,0.5
2021-04-19 00:00:00+00:00,0.04899260527203793,0.0,-0.00030827166666666663,0.0,0.04868433360537126,1.0,0.5
2021-04-20 00:00:00+00:00,-0.03934519781565673,0.0,-0.00020789833333333333,0.0,-0.03955309614899006,1.0,0.5
2021-04-21 00:00:00+00:00,-0.0364743304847437,0.0,-0.00016376666666666667,0.0,-0.03663809715141037,1.0,0.5
2021-04-22 00:00:00+00:00,0.0009640832387480076,0.0,-0.00024877666666666667,0.0,0.0007153065720813409,1.0,0.5
2021-04-23 00:00:00+00:00,-0.060189003704498756,0.0,-0.0001814,0.0,-0.060370403704498754,1.0,0.5
2021-04-24 00:00:00+00:00,0.003509352362928892,0.0,-0.0002141466666666667,0.0,0.0032952056962622252,1.0,0.5
2021-04-25 00:00:00+00:00,-0.03769428476340112,0.0009333333333333333,0.00010199666666666667,9.123756004152635e-23,-0.03852562143006779,0.9999999999999999,0.5
2021-04-26 00:00:00+00:00,-0.05740543801864921,0.0,-7.309333333333332e-05,9.123756004152635e-23,-0.05747853135198255,0.9999999999999999,0.5
2021-04-27 00:00:00+00:00,-0.015557252494444285,0.0,-0.0002576583333333333,3.0415552592377014e-23,-0.01581491082777762,0.9999999999999999,0.5
2021-04-28 00:00:00+00:00,0.04279180808296037,0.0,-0.00018528000000000007,3.0415552592377014e-23,0.042606528082960365,0.9999999999999999,0.5
2021-04-29 00:00:00+00:00,-0.040239231705108125,0.0,-0.0006067516666666666,3.0415552592377014e-23,-0.040845983371774794,0.9999999999999999,0.5
2021-04-30 00:00:00+00:00,0.014336291258938018,0.0,-0.0001478666666666666,3.0415552592377014e-23,0.014188424592271352,0.9999999999999999,0.5
2021-05-01 00:00:00+00:00,0.052224005455177754,0.0,0.00013083333333333322,3.0415552592377014e-23,0.052354838788511084,0.9999999999999999,0.5
2021-05-02 00:00:00+00:00,0.0021002346073870255,0.0009333333333333333,-0.00016172166666666662,0.0,0.0010051796073870256,1.0,0.5
2021-05-03 00:00:00+00:00,0.010057345529955172,0.0,3.800000000001285e-07,0.0,0.010057725529955172,1.0,0.5
2021-05-04 00:00:00+00:00,0.12205138591287952,0.0,-9.664666666666668e-05,0.0,0.12195473924621285,1.0,0.5
2021-05-05 00:00:00+00:00,0.06706312646008876,0.0,0.00028840333333333333,0.0,0.0673515297934221,1.0,0.5
2021-05-06 00:00:00+00:00,0.05839964343881641,0.0,0.00152206,0.0,0.05992170343881641,1.0,0.5
2021-05-07 00:00:00+00:00,0.016428445938559747,0.0,0.0007771666666666667,0.0,0.017205612605226413,1.0,0.5
2021-05-08 00:00:00+00:00,0.008934735649589649,0.0,7.7525e-05,0.0,0.009012260649589649,1.0,0.5
2021-05-09 00:00:00+00:00,-0.010921994942749386,0.00046666666666666666,-8.517666666666655e-05,0.0,-0.011473838276082721,1.0,0.5
2021-05-10 00:00:00+00:00,-0.008512268935680117,0.0,0.00027121833333333326,0.0,-0.008241050602346783,1.0,0.5
2021-05-11 00:00:00+00:00,0.03278109942460024,0.0,-2.613333333333324e-06,0.0,0.032778486091266906,1.0,0.5
2021-05-12 00:00:00+00:00,0.0012201536166130053,0.0,3.824999999999998e-05,0.0,0.0012584036166130054,1.0,0.5
2021-05-13 00:00:00+00:00,-0.005835882040778999,0.0,5.355333333333334e-05,0.0,-0.005782328707445665,1.0,0.5
2021-05-14 00:00:00+00:00,0.10548242821193762,0.0,4.1991666666666666e-05,0.0,0.1055244198786043,1.0,0.5
2021-05-15 00:00:00+00:00,-0.012316606300032673,0.0,-6.0925000000000004e-05,0.0,-0.012377531300032673,1.0,0.5
2021-05-16 00:00:00+00:00,-0.027257215670459356,0.0009333333333333333,0.00012631666666666666,0.0,-0.028064232337126023,1.0,0.5
2021-05-17 00:00:00+00:00,0.032778589770891,0.0,0.00017472499999999998,0.0,0.032953314770891,1.0,0.5
2021-05-18 00:00:00+00:00,0.06445573077120524,0.0,0.000165205,0.0,0.06462093577120524,1.0,0.5
2021-05-19 00:00:00+00:00,0.016226683249310356,0.0,-0.00043335666666666694,0.0,0.01579332658264369,1.0,0.5
2021-05-20 00:00:00+00:00,0.02752686643998503,0.0,0.0007825116666666666,0.0,0.028309378106651698,1.0,0.5
2021-05-21 00:00:00+00:00,0.005580298780607694,0.0,0.001091335,0.0,0.006671633780607694,1.0,0.5
2021-05-22 00:00:00+00:00,-0.050893679636089706,0.0,0.000804215,0.0,-0.05008946463608971,1.0,0.5
2021-05-23 00:00:00+00:00,-0.059959952032214645,0.0007,0.0006003433333333333,0.0,-0.06005960869888131,1.0,0.5
2021-05-24 00:00:00+00:00,0.10480927238120294,0.0,0.0012719216666666666,0.0,0.1060811940478696,1.0,0.5
2021-05-25 00:00:00+00:00,0.014113929066099259,0.0,0.0004908083333333333,0.0,0.014604737399432592,1.0,0.5
2021-05-26 00:00:00+00:00,-0.04542103993994202,0.0,0.00023891666666666663,0.0,-0.04518212327327536,1.0,0.5
2021-05-27 00:00:00+00:00,-0.029730657227527026,0.0,0.0008714133333333333,0.0,-0.02885924389419369,1.0,0.5
2021-05-28 00:00:00+00:00,0.015123004831817239,0.0,0.0010271233333333332,0.0,0.016150128165150573,1.0,0.5
2021-05-29 00:00:00+00:00,0.02163793563743127,0.0,0.0009259833333333333,0.0,0.022563918970764606,1.0,0.5
2021-05-30 00:00:00+00:00,-0.03668457178294553,0.0009333333333333333,0.00028555666666666666,9.131964754753123e-08,-0.03733225712996465,0.6666666666666666,0.16666666666666666
2021-05-31 00:00:00+00:00,-0.03270984670934196,0.0,4.283333333333327e-06,9.131964754753123e-08,-0.03270547205636108,0.6666666666666666,0.16666666666666666
2021-06-01 00:00:00+00:00,0.00816148352772635,0.0,0.0001,1.8263018941588885e-07,0.008261666157915765,0.6666666666666666,0.16666666666666666
2021-06-02 00:00:00+00:00,-0.048863668470380275,0.0,0.0001,1.8263018941588885e-07,-0.04876348584019086,0.6666666666666666,0.16666666666666666
2021-06-03 00:00:00+00:00,-0.04469627812727295,0.0,5.4875e-05,1.8263018941588885e-07,-0.04464122049708353,0.6666666666666666,0.16666666666666666
2021-06-04 00:00:00+00:00,0.05160621660986332,0.0,5.299833333333335e-05,1.8263018941588885e-07,0.05165939757338607,0.6666666666666666,0.16666666666666666
2021-06-05 00:00:00+00:00,0.015301143838550097,0.0,0.0001,1.8263018941588885e-07,0.015401326468739512,0.6666666666666666,0.16666666666666666
2021-06-06 00:00:00+00:00,-0.034478642563635566,0.0005833333333333333,0.00015000000000000001,2.7394528412383323e-07,-0.034911701951684776,0.5,0.0
2021-06-07 00:00:00+00:00,0.057441084571337064,0.0,0.00015000000000000001,2.7394528412383323e-07,0.057591358516621186,0.5,0.0
2021-06-08 00:00:00+00:00,0.004279535237539267,0.0,0.00012571833333333333,2.7394528412383323e-07,0.004405527516156724,0.5,0.0
2021-06-09 00:00:00+00:00,-0.02758046736697702,0.0,2.3668333333333325e-05,4.1089744140521134e-07,-0.02755638813620228,0.5,0.0
2021-06-10 00:00:00+00:00,0.018241993375286293,0.0,9.6685e-05,4.1089744140521134e-07,0.018339089272727697,0.5,0.0
2021-06-11 00:00:00+00:00,0.033175797933763185,0.0,0.0001474,4.1089744140521134e-07,0.03332360883120459,0.5,0.0
2021-06-12 00:00:00+00:00,-0.0018585107765609994,0.0,5.368666666666667e-05,4.1089744140521134e-07,-0.0018044132124529276,0.5,0.0
2021-06-13 00:00:00+00:00,-0.012131746773376507,0.00105,4.219166666666663e-05,0.0,-0.013139555106709841,1.0,0.5
2021-06-14 00:00:00+00:00,-0.025912187411401683,0.0,5.539999999999999e-05,0.0,-0.025856787411401683,1.0,0.5
2021-06-15 00:00:00+00:00,-0.040754855132394366,0.0,-0.00021962333333333333,0.0,-0.0409744784657277,1.0,0.5
2021-06-16 00:00:00+00:00,-0.004045715020727002,0.0,-5.554333333333333e-05,0.0,-0.004101258354060335,1.0,0.5
2021-06-17 00:00:00+00:00,0.008415551819081324,0.0,0.000134105,0.0,0.008549656819081325,1.0,0.5
2021-06-18 00:00:00+00:00,-0.009308223088573077,0.0,3.6533333333333345e-06,0.0,-0.009304569755239743,1.0,0.5
2021-06-19 00:00:00+00:00,-0.008820213362161895,0.0,-9.117000000000001e-05,0.0,-0.008911383362161894,1.0,0.5
2021-06-20 00:00:00+00:00,0.0028513919137929293,0.0014,-0.0002980866666666666,1.5204744129340396e-22,0.0011533052471262627,0.9999999999999999,0.5
2021-06-21 00:00:00+00:00,0.015472811984846277,0.0,-0.00039444999999999997,1.5204744129340396e-22,0.015078361984846278,0.9999999999999999,0.5
2021-06-22 00:00:00+00:00,0.005898388295604316,0.0,-0.0004630916666666666,1.2164401615554575e-22,0.005435296628937649,0.9999999999999999,0.5
2021-06-23 00:00:00+00:00,-0.023120237236903186,0.0,-0.00021441333333333326,1.5204744129340396e-22,-0.02333465057023652,0.9999999999999999,0.5
2021-06-24 00:00:00+00:00,-0.01398463023408164,0.0,-0.00029601833333333337,1.5204744129340396e-22,-0.014280648567414974,0.9999999999999999,0.5
2021-06-25 00:00:00+00:00,0.0183012782948165,0.0,-0.00026196,1.8244783609605047e-22,0.0180393182948165,0.9999999999999999,0.5
2021-06-26 00:00:00+00:00,3.953892006634298e-05,0.0,-0.00010619166666666667,1.8244783609605047e-22,-6.665274660032369e-05,0.9999999999999999,0.5
2021-06-27 00:00:00+00:00,-0.03963534248358214,0.00105,-3.0288333333333333e-05,8.216720066567262e-07,-0.04071480914490882,0.5,0.0
2021-06-28 00:00:00+00:00,-0.0595042818829008,0.0,-9.718333333333333e-05,6.847607999516114e-07,-0.05960078045543418,0.5,0.0
2021-06-29 00:00:00+00:00,-0.02470510236572197,0.0,-8.479999999999997e-05,5.478359458299664e-07,-0.02478935452977614,0.5,0.0
2021-06-30 00:00:00+00:00,-0.007878556713848479,0.0,0.00012446,6.847607999516114e-07,-0.007753411953048527,0.5,0.0
2021-07-01 00:00:00+00:00,0.04517452679311527,0.0,0.00015000000000000001,6.847607999516114e-07,0.045325211553915216,0.5,0.0
2021-07-02 00:00:00+00:00,0.0013237499165530964,0.0,0.00015000000000000001,6.847607999516114e-07,0.001474434677353048,0.5,0.0
2021-07-03 00:00:00+00:00,-0.013078379647079585,0.0,0.00012012666666666666,6.847607999516114e-07,-0.012957568219612968,0.5,0.0
2021-07-04 00:00:00+00:00,0.02870433982526976,0.0008166666666666665,0.001794655,1.5204744129340396e-22,0.029682328158603093,0.9999999999999999,0.5
2021-07-05 00:00:00+00:00,0.021041190943011247,0.0,0.0006442949999999999,1.5204744129340396e-22,0.021685485943011246,0.9999999999999999,0.5
2021-07-06 00:00:00+00:00,0.014183365942544136,0.0,0.0007147116666666667,1.5204744129340396e-22,0.014898077609210802,0.9999999999999999,0.5
2021-07-07 00:00:00+00:00,0.00010474763082759034,0.0,0.001763785,1.5204744129340396e-22,0.0018685326308275903,0.9999999999999999,0.5
2021-07-08 00:00:00+00:00,0.00705536085664386,0.0,0.0004789033333333333,1.8244783609605047e-22,0.007534264189977193,0.9999999999999999,0.5
2021-07-09 00:00:00+00:00,0.0572840499858328,0.0,0.0008942683333333333,1.8244783609605047e-22,0.05817831831916613,0.9999999999999999,0.5
2021-07-10 00:00:00+00:00,0.002549426358803268,0.0,0.001382818333333333,1.8244783609605047e-22,0.003932244692136601,0.9999999999999999,0.5
2021-07-11 00:00:00+00:00,0.011462495459276172,0.00046666666666666666,0.0015410699999999999,0.0,0.012536898792609505,1.0,0.5
2021-07-12 00:00:00+00:00,-0.024399383907378485,0.0,0.0007270883333333333,0.0,-0.02367229557404515,1.0,0.5
2021-07-13 00:00:00+00:00,0.04892983827989651,0.0,0.0009736783333333332,0.0,0.049903516613229844,1.0,0.5
2021-07-14 00:00:00+00:00,0.09893884351630827,0.0,0.0010512466666666668,0.0,0.09999009018297494,1.0,0.5
2021-07-15 00:00:00+00:00,-0.04708003386693027,0.0,0.0013704400000000001,0.0,-0.04570959386693027,1.0,0.5
2021-07-16 00:00:00+00:00,0.0053651454883522996,0.0,0.000597655,0.0,0.0059628004883522994,1.0,0.5
2021-07-17 00:00:00+00:00,-0.022392598871534088,0.0,0.00048464833333333333,0.0,-0.021907950538200754,1.0,0.5
2021-07-18 00:00:00+00:00,0.03209183477241291,0.0007,0.0009618033333333334,0.0,0.03235363810574624,1.0,0.5
2021-07-19 00:00:00+00:00,-0.0007875769373151429,0.0,0.0011412016666666664,0.0,0.0003536247293515235,1.0,0.5
2021-07-20 00:00:00+00:00,-0.02646335777498397,0.0,0.0008583533333333333,0.0,-0.025605004441650637,1.0,0.5
2021-07-21 00:00:00+00:00,0.03311611516751641,0.0,0.0014306516666666665,0.0,0.034546766834183076,1.0,0.5
2021-07-22 00:00:00+00:00,0.02652169053789588,0.0,0.0016256216666666666,0.0,0.028147312204562548,1.0,0.5
2021-07-23 00:00:00+00:00,0.1712968373734003,0.0,0.00141094,0.0,0.1727077773734003,1.0,0.5
2021-07-24 00:00:00+00:00,-0.0149156847207411,0.0,0.0007852983333333334,0.0,-0.014130386387407767,1.0,0.5
2021-07-25 00:00:00+00:00,0.03853483346824706,0.0009333333333333333,0.0009753683333333333,0.0,0.03857686846824705,1.0,0.5
2021-07-26 00:00:00+00:00,-0.09300075036313088,0.0,0.0004001016666666666,0.0,-0.09260064869646421,1.0,0.5
2021-07-27 00:00:00+00:00,0.09864025381032339,0.0,0.0005531366666666666,0.0,0.09919339047699005,1.0,0.5
2021-07-28 00:00:00+00:00,-0.029946808622632562,0.0,0.0005209699999999999,0.0,-0.029425838622632563,1.0,0.5
2021-07-29 00:00:00+00:00,-0.027126218459910572,0.0,0.00022451333333333332,0.0,-0.02690170512657724,1.0,0.5
2021-07-30 00:00:00+00:00,-0.03318788887150911,0.0,0.00010580166666666665,0.0,-0.03308208720484244,1.0,0.5
2021-07-31 00:00:00+00:00,-0.028068340735873644,0.0,9.247833333333333e-05,0.0,-0.02797586240254031,1.0,0.5
2021-08-01 00:00:00+00:00,-0.05596468473674657,0.0007,3.12233333333334e-05,0.0,-0.056633461403413236,1.0,0.5
2021-08-02 00:00:00+00:00,0.018764445871940448,0.0,0.0001118683333333333,0.0,0.018876314205273782,1.0,0.5
2021-08-03 00:00:00+00:00,-0.006632462629952816,0.0,6.615666666666664e-05,0.0,-0.006566305963286149,1.0,0.5
2021-08-04 00:00:00+00:00,0.014795844352664157,0.0,0.0005047483333333333,0.0,0.01530059268599749,1.0,0.5
2021-08-05 00:00:00+00:00,-0.03148662295176189,0.0,0.0002517583333333333,0.0,-0.031234864618428556,1.0,0.5
2021-08-06 00:00:00+00:00,-0.002350734423165839,0.0,0.00023629833333333337,0.0,-0.0021144360898325055,1.0,0.5
2021-08-07 00:00:00+00:00,-0.07901602995056939,0.0,0.00017640833333333332,0.0,-0.07883962161723605,1.0,0.5
2021-08-08 00:00:00+00:00,-0.019488119475237153,0.0005833333333333333,-0.0007394116666666667,8.216720066567262e-07,-0.020810042803230497,0.5,0.5
2021-08-09 00:00:00+00:00,0.014395537925286434,0.0,-0.0002292883333333333,8.216720066567262e-07,0.014167071263959758,0.5,0.5
2021-08-10 00:00:00+00:00,0.14686494175517645,0.0,-0.00028027999999999994,6.847607999516114e-07,0.1465853465159764,0.5,0.5
2021-08-11 00:00:00+00:00,-0.004758750631282633,0.0,-0.00061954,6.847607999516114e-07,-0.005377605870482681,0.5,0.5
2021-08-12 00:00:00+00:00,-0.011120906615343429,0.0,-0.00030968,8.216720066567262e-07,-0.011429764943336772,0.5,0.5
2021-08-13 00:00:00+00:00,0.032490131425546055,0.0,-0.00031252333333333336,8.216720066567262e-07,0.03217842976421938,0.5,0.5
2021-08-14 00:00:00+00:00,-0.014789553550904722,0.0,-0.0005009866666666667,8.216720066567262e-07,-0.015289718545564731,0.5,0.5
2021-08-15 00:00:00+00:00,-0.06471688001147449,0.0009333333333333333,-0.0003852066666666666,2.7389066888557555e-07,-0.0660351461208056,0.8333333333333333,0.5
2021-08-16 00:00:00+00:00,-0.019220573950257037,0.0,-0.0003696216666666667,2.7389066888557555e-07,-0.01958992172625482,0.8333333333333333,0.5
2021-08-17 00:00:00+00:00,-0.0022450318033950256,0.0,-8.871333333333331e-05,3.1952318949960806e-07,-0.0023334256135388596,0.8333333333333333,0.5
2021-08-18 00:00:00+00:00,0.008408511750400138,0.0,-6.405166666666667e-05,3.1952318949960806e-07,0.00834477960692297,0.8333333333333333,0.5
2021-08-19 00:00:00+00:00,0.03299032738262786,0.0,-5e-05,2.7389066888557555e-07,0.032940601273296746,0.8333333333333333,0.5
2021-08-20 00:00:00+00:00,-0.0008898245584017719,0.0,-0.00030869666666666665,2.2825359998387057e-07,-0.0011982929714684546,0.8333333333333333,0.5
2021-08-21 00:00:00+00:00,-0.04030986687668118,0.0,-0.00012929000000000006,2.2825359998387057e-07,-0.04043892862308119,0.8333333333333333,0.5
2021-08-22 00:00:00+00:00,-0.014092066938918828,0.0007,-0.0009534583333333333,6.847607999516114e-07,-0.01574484051145221,0.5,0.5
2021-08-23 00:00:00+00:00,0.01412850586715212,0.0,-0.0011010683333333333,6.847607999516114e-07,0.013028122294618739,0.5,0.5
2021-08-24 00:00:00+00:00,0.005959685520093032,0.0,-0.0011288016666666666,6.847607999516114e-07,0.004831568614226317,0.5,0.5
2021-08-25 00:00:00+00:00,-0.005157263558292102,0.0,-0.00028559833333333335,8.216720066567262e-07,-0.0054420402196187784,0.5,0.5
2021-08-26 00:00:00+00:00,-0.058882650670884475,0.0,-0.0002540283333333333,6.847607999516114e-07,-0.05913599424341786,0.5,0.5
2021-08-27 00:00:00+00:00,0.06774789818017068,0.0,-0.00020449333333333333,6.847607999516114e-07,0.0675440896076373,0.5,0.5
2021-08-28 00:00:00+00:00,0.01193136140161083,0.0,-0.00026262666666666666,6.847607999516114e-07,0.011669419495744114,0.5,0.5
2021-08-29 00:00:00+00:00,-0.020207483164658053,0.0008166666666666667,0.00012058499999999996,0.0,-0.02090356483132472,1.0,0.5
2021-08-30 00:00:00+00:00,0.018000507267245967,0.0,2.0543333333333276e-05,0.0,0.018021050600579302,1.0,0.5
2021-08-31 00:00:00+00:00,-0.04942662936309527,0.0,-1.3248333333333367e-05,0.0,-0.0494398776964286,1.0,0.5
2021-09-01 00:00:00+00:00,-0.015148305497227751,0.0,-0.00020062666666666672,0.0,-0.015348932163894418,1.0,0.5
2021-09-02 00:00:00+00:00,0.06694204761815917,0.0,-0.00012381166666666663,0.0,0.0668182359514925,1.0,0.5
2021-09-03 00:00:00+00:00,0.018043075096934383,0.0,-7.235833333333333e-05,0.0,0.017970716763601048,1.0,0.5
2021-09-04 00:00:00+00:00,-0.015238552888413193,0.0,0.0004967400000000001,0.0,-0.014741812888413192,1.0,0.5
2021-09-05 00:00:00+00:00,-0.044950528645108824,0.0009333333333333333,0.000421265,0.0,-0.04546259697844216,1.0,0.5
2021-09-06 00:00:00+00:00,0.07037184372333827,0.0,-6.716666666666785e-06,0.0,0.0703651270566716,1.0,0.5
2021-09-07 00:00:00+00:00,0.0721829028067731,0.0,-0.0019711066666666666,0.0,0.07021179614010643,1.0,0.5
2021-09-08 00:00:00+00:00,0.029654138978919848,0.0,9.762000000000006e-05,0.0,0.029751758978919848,1.0,0.5
2021-09-09 00:00:00+00:00,0.009903866796278967,0.0,-3.4308333333333325e-05,0.0,0.009869558462945634,1.0,0.5
2021-09-10 00:00:00+00:00,-0.010892633896360877,0.0,-5.361333333333333e-05,0.0,-0.01094624722969421,1.0,0.5
2021-09-11 00:00:00+00:00,0.0037372194994162826,0.0,-6.969999999999996e-06,0.0,0.003730249499416283,1.0,0.5
2021-09-12 00:00:00+00:00,-0.04014042736253731,0.0009333333333333333,-0.00015763833333333333,0.0,-0.04123139902920398,1.0,0.5
2021-09-13 00:00:00+00:00,3.858776191462479e-05,0.0,-0.00013418,0.0,-9.55922380853752e-05,1.0,0.5
2021-09-14 00:00:00+00:00,-0.029079308182066665,0.0,-0.00012969833333333332,0.0,-0.0292090065154,1.0,0.5
2021-09-15 00:00:00+00:00,0.0157324025504757,0.0,-0.00018412,0.0,0.0155482825504757,1.0,0.5
2021-09-16 00:00:00+00:00,-0.023099249870604206,0.0,-0.00025856,0.0,-0.023357809870604207,1.0,0.5
2021-09-17 00:00:00+00:00,-0.0019948919810323304,0.0,-0.0002681566666666667,0.0,-0.002263048647698997,1.0,0.5
2021-09-18 00:00:00+00:00,0.008846140767185151,0.0,-0.00013754000000000001,0.0,0.00870860076718515,1.0,0.5
2021-09-19 00:00:00+00:00,0.023323512732484654,0.0009333333333333333,-9.412999999999998e-05,1.2164401615554575e-22,0.022296049399151318,0.9999999999999999,0.5
2021-09-20 00:00:00+00:00,0.0053321747191305904,0.0,-0.0001,1.2164401615554575e-22,0.00523217471913059,0.9999999999999999,0.5
2021-09-21 00:00:00+00:00,-0.000728240225289483,0.0,-0.0001,9.123756004152635e-23,-0.0008282402252894831,0.9999999999999999,0.5
2021-09-22 00:00:00+00:00,0.03766892174298452,0.0,-7.321000000000001e-05,9.123756004152635e-23,0.037595711742984525,0.9999999999999999,0.5
2021-09-23 00:00:00+00:00,0.04878575150139042,0.0,0.00039049999999999995,9.123756004152635e-23,0.04917625150139042,0.9999999999999999,0.5
2021-09-24 00:00:00+00:00,0.07828983605270243,0.0,-8.082166666666666e-05,9.123756004152635e-23,0.07820901438603577,0.9999999999999999,0.5
2021-09-25 00:00:00+00:00,-0.0011524838883851052,0.0,-5.9735e-05,9.123756004152635e-23,-0.0012122188883851052,0.9999999999999999,0.5
2021-09-26 00:00:00+00:00,0.010129282145170206,0.0009333333333333333,-0.00011647166666666666,0.0,0.009079477145170206,1.0,0.5
2021-09-27 00:00:00+00:00,0.025553497967444588,0.0,5.513333333333327e-06,0.0,0.02555901130077792,1.0,0.5
2021-09-28 00:00:00+00:00,-0.009251652283838138,0.0,5.537166666666665e-05,0.0,-0.009196280617171471,1.0,0.5
2021-09-29 00:00:00+00:00,0.008953894330815669,0.0,0.00014612999999999996,0.0,0.009100024330815668,1.0,0.5
2021-09-30 00:00:00+00:00,-0.05077677336263424,0.0,-3.230666666666667e-05,0.0,-0.05080908002930091,1.0,0.5
2021-10-01 00:00:00+00:00,-0.06437644873766504,0.0,7.509666666666664e-05,0.0,-0.06430135207099838,1.0,0.5
2021-10-02 00:00:00+00:00,0.000507880034245233,0.0,-9.9145e-05,0.0,0.000408735034245233,1.0,0.5
2021-10-03 00:00:00+00:00,-0.018796596245966895,0.0009333333333333333,-2.9186666666666656e-05,0.0,-0.019759116245966896,1.0,0.5
2021-10-04 00:00:00+00:00,0.0013956531134458605,0.0,-3.697999999999998e-05,0.0,0.0013586731134458605,1.0,0.5
2021-10-05 00:00:00+00:00,-0.0008219418097888953,0.0,-0.00010112000000000002,0.0,-0.0009230618097888953,1.0,0.5
2021-10-06 00:00:00+00:00,-0.0159669190558616,0.0,-0.00017962000000000002,0.0,-0.016146539055861598,1.0,0.5
2021-10-07 00:00:00+00:00,0.031632660005851264,0.0,-0.00032187666666666666,0.0,0.0313107833391846,1.0,0.5
2021-10-08 00:00:00+00:00,0.03396279555010032,0.0,-9.084833333333333e-05,0.0,0.03387194721676699,1.0,0.5
2021-10-09 00:00:00+00:00,-0.023928703563424504,0.0,-0.00010047499999999998,0.0,-0.024029178563424503,1.0,0.5
2021-10-10 00:00:00+00:00,0.010002099668970348,0.0009333333333333333,0.00015588333333333337,0.0,0.00922464966897035,1.0,0.5
2021-10-11 00:00:00+00:00,0.05501085840859202,0.0,0.00014816333333333333,0.0,0.05515902174192535,1.0,0.5
2021-10-12 00:00:00+00:00,-0.019826091342747466,0.0,0.0001718783333333333,0.0,-0.019654213009414133,1.0,0.5
2021-10-13 00:00:00+00:00,-0.019811476613815694,0.0,0.00028207000000000004,0.0,-0.019529406613815695,1.0,0.5
2021-10-14 00:00:00+00:00,0.010373596640532891,0.0,0.00019356333333333332,0.0,0.010567159973866225,1.0,0.5
2021-10-15 00:00:00+00:00,-0.03773213521709769,0.0,0.00014505166666666669,0.0,-0.03758708355043102,1.0,0.5
2021-10-16 00:00:00+00:00,0.03125463969411294,0.0,0.0003331583333333333,0.0,0.031587798027446275,1.0,0.5
2021-10-17 00:00:00+00:00,0.01939615779400559,0.0011666666666666665,0.00031489333333333333,1.5204744129340396e-22,0.018544384460672258,0.9999999999999999,0.5
2021-10-18 00:00:00+00:00,0.00447255387943161,0.0,0.0001280566666666667,1.8244783609605047e-22,0.004600610546098277,0.9999999999999999,0.5
2021-10-19 00:00:00+00:00,-0.04994303899186952,0.0,-0.00022137333333333326,1.5204744129340396e-22,-0.05016441232520285,0.9999999999999999,0.5
2021-10-20 00:00:00+00:00,-0.005512079122587037,0.0,-0.00011661666666666666,1.5204744129340396e-22,-0.005628695789253704,0.9999999999999999,0.5
2021-10-21 00:00:00+00:00,-0.024123783735801943,0.0,-1.8066666666666166e-06,1.8244783609605047e-22,-0.02412559040246861,0.9999999999999999,0.5
2021-10-22 00:00:00+00:00,-0.01061877247530213,0.0,-9.645500000000006e-05,1.8244783609605047e-22,-0.01071522747530213,0.9999999999999999,0.5
2021-10-23 00:00:00+00:00,0.03530487087941815,0.0,-0.00014972666666666668,1.8244783609605047e-22,0.03515514421275148,0.9999999999999999,0.5
2021-10-24 00:00:00+00:00,0.012271856096599254,0.0007,-0.00014262833333333338,0.0,0.011429227763265921,1.0,0.5
2021-10-25 00:00:00+00:00,0.043203243399375674,0.0,-3.982666666666666e-05,0.0,0.04316341673270901,1.0,0.5
2021-10-26 00:00:00+00:00,0.0017576254993962477,0.0,0.00024556000000000003,0.0,0.0020031854993962477,1.0,0.5
2021-10-27 00:00:00+00:00,0.11995824985961263,0.0,0.0012221550000000002,0.0,0.12118040485961264,1.0,0.5
2021-10-28 00:00:00+00:00,-0.060115268460435314,0.0,0.0003074883333333334,0.0,-0.05980778012710198,1.0,0.5
2021-10-29 00:00:00+00:00,0.013045607305464075,0.0,7.10000000000001e-06,0.0,0.013052707305464074,1.0,0.5
2021-10-30 00:00:00+00:00,0.0007542174688909623,0.0,0.000329605,0.0,0.0010838224688909622,1.0,0.5
2021-10-31 00:00:00+00:00,-0.06525499592261906,0.0011666666666666665,0.00013534833333333335,0.0,-0.0662863142559524,1.0,0.5
2021-11-01 00:00:00+00:00,0.08561578728770775,0.0,-5.6375e-05,0.0,0.08555941228770775,1.0,0.5
2021-11-02 00:00:00+00:00,0.056043504159449795,0.0,-0.0002674883333333333,0.0,0.05577601582611646,1.0,0.5
2021-11-03 00:00:00+00:00,-0.04158030778222099,0.0,1.3970000000000085e-05,0.0,-0.04156633778222099,1.0,0.5
2021-11-04 00:00:00+00:00,-0.05225415614604815,0.0,-0.00018176166666666665,0.0,-0.05243591781271482,1.0,0.5
2021-11-05 00:00:00+00:00,0.04114016582638465,0.0,-6.629499999999985e-05,0.0,0.04107387082638465,1.0,0.5
2021-11-06 00:00:00+00:00,0.029760323967017124,0.0,0.0002466483333333333,0.0,0.030006972300350456,1.0,0.5
2021-11-07 00:00:00+00:00,0.012641122360567025,0.0006999999999999999,0.0001480833333333334,0.0,0.01208920569390036,1.0,0.5
2021-11-08 00:00:00+00:00,0.04547384188172785,0.0,0.0002891083333333334,0.0,0.04576295021506119,1.0,0.5
2021-11-09 00:00:00+00:00,0.05699260096229248,0.0,0.00015389833333333313,0.0,0.05714649929562581,1.0,0.5
2021-11-10 00:00:00+00:00,0.0002220049160289164,0.0,0.0009452233333333332,0.0,0.0011672282493622496,1.0,0.5
2021-11-11 00:00:00+00:00,0.03310028497183209,0.0,0.000264425,0.0,0.033364709971832086,1.0,0.5
2021-11-12 00:00:00+00:00,0.0673080900728453,0.0,0.00027047499999999995,0.0,0.0675785650728453,1.0,0.5
2021-11-13 00:00:00+00:00,-0.1075954037653286,0.0,4.380000000000009e-06,0.0,-0.1075910237653286,1.0,0.5
2021-11-14 00:00:00+00:00,0.025157518270966517,0.00046666666666666666,-2.060999999999998e-05,1.5204744129340396e-22,0.02467024160429985,0.9999999999999999,0.5
2021-11-15 00:00:00+00:00,0.00319470938227399,0.0,-6.429999999999999e-05,1.5204744129340396e-22,0.00313040938227399,0.9999999999999999,0.5
2021-11-16 00:00:00+00:00,0.06004346446561233,0.0,-3.821666666666671e-06,1.5204744129340396e-22,0.060039642798945664,0.9999999999999999,0.5
2021-11-17 00:00:00+00:00,0.014847827270946988,0.0,-5.103333333333329e-06,1.5204744129340396e-22,0.014842723937613655,0.9999999999999999,0.5
2021-11-18 00:00:00+00:00,0.05206886591016853,0.0,0.0,1.5204744129340396e-22,0.05206886591016853,0.9999999999999999,0.5
2021-11-19 00:00:00+00:00,0.015156600777092796,0.0,0.0,1.5204744129340396e-22,0.015156600777092796,0.9999999999999999,0.5
2021-11-20 00:00:00+00:00,-0.029405764050213366,0.0,-3.4116666666666732e-06,1.5204744129340396e-22,-0.029409175716880034,0.9999999999999999,0.5
2021-11-21 00:00:00+00:00,-0.012104908875914921,0.0011666666666666665,-1.965999999999999e-05,0.0,-0.013291235542581588,1.0,0.5
2021-11-22 00:00:00+00:00,0.05406342685262723,0.0,2.0881666666666653e-05,0.0,0.0540843085192939,1.0,0.5
2021-11-23 00:00:00+00:00,0.021495430299964306,0.0,8.251500000000002e-05,0.0,0.021577945299964305,1.0,0.5
2021-11-24 00:00:00+00:00,0.12597505329566733,0.0,0.00013114333333333328,0.0,0.12610619662900066,1.0,0.5
2021-11-25 00:00:00+00:00,-0.00014566098321018746,0.0,0.00010275166666666666,0.0,-4.29093165435208e-05,1.0,0.5
2021-11-26 00:00:00+00:00,0.0009177512563898708,0.0,2.3021666666666636e-05,0.0,0.0009407729230565374,1.0,0.5
2021-11-27 00:00:00+00:00,-0.05464281510942917,0.0,9.671666666666664e-06,0.0,-0.0546331434427625,1.0,0.5
2021-11-28 00:00:00+00:00,0.001049967259846108,0.0009333333333333333,-1.221333333333332e-05,0.0,0.00010442059317944136,1.0,0.5
2021-11-29 00:00:00+00:00,-0.049762952227978954,0.0,-4.798333333333338e-06,0.0,-0.04976775056131229,1.0,0.5
2021-11-30 00:00:00+00:00,-0.029096661315149874,0.0,-6.368166666666667e-05,0.0,-0.02916034298181654,1.0,0.5
2021-12-01 00:00:00+00:00,0.00820277038405054,0.0,-0.00013823666666666664,0.0,0.008064533717383873,1.0,0.5
2021-12-02 00:00:00+00:00,-0.0088383073576071,0.0,-5.1776666666666655e-05,0.0,-0.008890084024273767,1.0,0.5
2021-12-03 00:00:00+00:00,-0.026796757498994864,0.0,-7.986666666666669e-05,0.0,-0.02687662416566153,1.0,0.5
2021-12-04 00:00:00+00:00,0.07375210548015497,0.0,-0.00012946666666666665,0.0,0.07362263881348831,1.0,0.5
2021-12-05 00:00:00+00:00,-0.020402207731967433,0.00046666666666666666,-2.676666666666667e-05,1.8244783609605047e-22,-0.020895641065300768,0.9999999999999999,0.5
2021-12-06 00:00:00+00:00,-0.031724380488291404,0.0,5.383333333333334e-05,1.8244783609605047e-22,-0.03167054715495807,0.9999999999999999,0.5
2021-12-07 00:00:00+00:00,-0.019227024336975245,0.0,3.8190000000000005e-05,1.8244783609605047e-22,-0.019188834336975245,0.9999999999999999,0.5
2021-12-08 00:00:00+00:00,-0.005886046058813484,0.0,2.1833333333333435e-06,2.1284520113047907e-22,-0.005883862725480151,0.9999999999999999,0.5
2021-12-09 00:00:00+00:00,0.03823951255359951,0.0,0.0,1.8244783609605047e-22,0.03823951255359951,0.9999999999999999,0.5
2021-12-10 00:00:00+00:00,-0.0005194262407634941,0.0,6.540000000000002e-05,1.8244783609605047e-22,-0.0004540262407634941,0.9999999999999999,0.5
2021-12-11 00:00:00+00:00,-0.006479616126480053,0.0,7.685833333333334e-05,1.8244783609605047e-22,-0.0064027577931467195,0.9999999999999999,0.5
2021-12-12 00:00:00+00:00,-0.02471325878469849,0.0011666666666666665,0.00011188999999999999,1.8244783609605047e-22,-0.025768035451365155,0.9999999999999999,0.5
2021-12-13 00:00:00+00:00,-0.007359714887568078,0.0,1.837500000000002e-05,1.5204744129340396e-22,-0.007341339887568078,0.9999999999999999,0.5
2021-12-14 00:00:00+00:00,-0.009133730624594216,0.0,-5.098500000000001e-05,1.5204744129340396e-22,-0.009184715624594216,0.9999999999999999,0.5
2021-12-15 00:00:00+00:00,-0.017985801053515955,0.0,8.979999999999985e-06,1.8244783609605047e-22,-0.017976821053515956,0.9999999999999999,0.5
2021-12-16 00:00:00+00:00,-0.04452023001589509,0.0,7.528333333333334e-06,1.5204744129340396e-22,-0.04451270168256176,0.9999999999999999,0.5
2021-12-17 00:00:00+00:00,0.0016042497175138073,0.0,-2.0843333333333324e-05,1.5204744129340396e-22,0.001583406384180474,0.9999999999999999,0.5
2021-12-18 00:00:00+00:00,-0.0023998419422962556,0.0,-1.471500000000001e-05,1.5204744129340396e-22,-0.0024145569422962558,0.9999999999999999,0.5
2021-12-19 00:00:00+00:00,0.02732976252382304,0.0014,0.00038208333333333334,0.0,0.026311845857156377,1.0,0.5
2021-12-20 00:00:00+00:00,0.03698573997620073,0.0,0.00028834833333333333,0.0,0.03727408830953406,1.0,0.5
2021-12-21 00:00:00+00:00,-0.00956784069244759,0.0,0.0005712483333333334,0.0,-0.008996592359114257,1.0,0.5
2021-12-22 00:00:00+00:00,-0.04070968188734406,0.0,-0.0009081133333333333,0.0,-0.04161779522067739,1.0,0.5
2021-12-23 00:00:00+00:00,-0.0141586372000659,0.0,0.0003210666666666667,0.0,-0.013837570533399233,1.0,0.5
2021-12-24 00:00:00+00:00,-0.04575363504963255,0.0,0.00028631666666666664,0.0,-0.04546731838296588,1.0,0.5
2021-12-25 00:00:00+00:00,-0.017025606659521873,0.0,-0.00021825333333333341,0.0,-0.017243859992855208,1.0,0.5
2021-12-26 00:00:00+00:00,-0.025848269772088022,0.0014,-0.00010095500000000001,0.0,-0.02734922477208802,1.0,0.5
2021-12-27 00:00:00+00:00,-0.030161813119467452,0.0,-0.00020573666666666668,0.0,-0.03036754978613412,1.0,0.5
2021-12-28 00:00:00+00:00,0.021776743252628274,0.0,-0.0002121233333333333,0.0,0.02156461991929494,1.0,0.5
2021-12-29 00:00:00+00:00,0.016773833921811865,0.0,-0.00025796166666666666,0.0,0.016515872255145198,1.0,0.5
2021-12-30 00:00:00+00:00,0.006270351808807842,0.0,-0.00024501,0.0,0.006025341808807842,1.0,0.5
2021-12-31 00:00:00+00:00,0.00924515779904713,0.0,-0.00041423500000000005,0.0,0.008830922799047129,1.0,0.5
2022-01-01 00:00:00+00:00,0.028004222381414347,0.0,-0.0003830666666666667,0.0,0.02762115571474768,1.0,0.5
2022-01-02 00:00:00+00:00,-0.007570979056171195,0.0009333333333333333,0.000134425,0.0,-0.008369887389504529,1.0,0.5
2022-01-03 00:00:00+00:00,0.04996199928298485,0.0,0.0,0.0,0.04996199928298485,1.0,0.5
2022-01-04 00:00:00+00:00,-0.021525799158227256,0.0,2.2573333333333336e-05,0.0,-0.02150322582489392,1.0,0.5
2022-01-05 00:00:00+00:00,0.007869091054017657,0.0,0.0,0.0,0.007869091054017657,1.0,0.5
2022-01-06 00:00:00+00:00,0.019984149488673553,0.0,-1.9616666666666665e-05,0.0,0.019964532822006886,1.0,0.5
2022-01-07 00:00:00+00:00,0.006222851141753527,0.0,-3.097166666666667e-05,0.0,0.0061918794750868604,1.0,0.5
2022-01-08 00:00:00+00:00,-0.022153129622241734,0.0,-6.422333333333332e-05,0.0,-0.022217352955575066,1.0,0.5
2022-01-09 00:00:00+00:00,-0.015281168634939463,0.0009333333333333333,3.175333333333335e-05,0.0,-0.016182748634939462,1.0,0.5
2022-01-10 00:00:00+00:00,0.06213275815682609,0.0,5.8385000000000004e-05,0.0,0.06219114315682609,1.0,0.5
2022-01-11 00:00:00+00:00,0.029113652254598426,0.0,9.336000000000001e-05,0.0,0.029207012254598427,1.0,0.5
2022-01-12 00:00:00+00:00,-0.01453262094779345,0.0,0.00023089999999999997,0.0,-0.01430172094779345,1.0,0.5
2022-01-13 00:00:00+00:00,0.05268751182341086,0.0,-1.261166666666666e-05,0.0,0.05267490015674419,1.0,0.5
2022-01-14 00:00:00+00:00,0.012656750801296818,0.0,0.0,0.0,0.012656750801296818,1.0,0.5
2022-01-15 00:00:00+00:00,-0.025062474334201924,0.0,7.136833333333333e-05,0.0,-0.024991106000868592,1.0,0.5
2022-01-16 00:00:00+00:00,0.03815976846603193,0.0007,0.00012694833333333334,0.0,0.03758671679936527,1.0,0.5
2022-01-17 00:00:00+00:00,0.0048475600651767085,0.0,0.00013367166666666667,0.0,0.004981231731843375,1.0,0.5
2022-01-18 00:00:00+00:00,0.01105357304150898,0.0,2.064e-05,0.0,0.011074213041508981,1.0,0.5
2022-01-19 00:00:00+00:00,-0.027217816531720618,0.0,0.00015368666666666666,0.0,-0.02706412986505395,1.0,0.5
2022-01-20 00:00:00+00:00,0.000844183458119041,0.0,0.00016775166666666664,0.0,0.0010119351247857076,1.0,0.5
2022-01-21 00:00:00+00:00,0.017496674543216087,0.0,-4.761666666666669e-06,0.0,0.01749191287654942,1.0,0.5
2022-01-22 00:00:00+00:00,0.006107479401739127,0.0,5.676666666666646e-06,0.0,0.006113156068405794,1.0,0.5
2022-01-23 00:00:00+00:00,-0.0569423020566754,0.00046666666666666666,-0.00012657,1.5511968838310965e-06,-0.05753398752645823,0.6666666666666666,0.16666666666666666
2022-01-24 00:00:00+00:00,0.026605014075771278,0.0,4.322333333333338e-05,1.824664960015099e-06,0.026650062074064625,0.6666666666666666,0.16666666666666666
2022-01-25 00:00:00+00:00,-0.02432797213473969,0.0,-2.990333333333334e-05,1.824664960015099e-06,-0.02435605080311301,0.6666666666666666,0.16666666666666666
2022-01-26 00:00:00+00:00,-0.026126632149975532,0.0,-0.000117825,1.7335180081771524e-06,-0.026242723631967352,0.6666666666666666,0.16666666666666666
2022-01-27 00:00:00+00:00,0.04429554690058264,0.0,-5.727e-05,1.824664960015099e-06,0.04424010156554266,0.6666666666666666,0.16666666666666666
2022-01-28 00:00:00+00:00,-0.01731653633616259,0.0,-0.00027222,1.7335180081771524e-06,-0.017587022818154413,0.6666666666666666,0.16666666666666666
2022-01-29 00:00:00+00:00,-0.026177746726860185,0.0,-0.00034216,1.7335180081771524e-06,-0.026518173208852008,0.6666666666666666,0.16666666666666666
2022-01-30 00:00:00+00:00,0.016452966704087968,0.0005833333333333333,2.4944999999999992e-05,8.667590040885764e-07,0.01589544512975872,0.8333333333333333,0.3333333333333333
2022-01-31 00:00:00+00:00,0.014826278778267438,0.0,-0.000117345,1.0945810371050992e-06,0.014710028359304544,0.8333333333333333,0.3333333333333333
2022-02-01 00:00:00+00:00,-0.02882576391754913,0.0,-7.3995e-05,9.123324800075498e-07,-0.028898846585069124,0.8333333333333333,0.3333333333333333
2022-02-02 00:00:00+00:00,0.008067352384877971,0.0,-1.734666666666667e-05,9.123324800075498e-07,0.008050918050691313,0.8333333333333333,0.3333333333333333
2022-02-03 00:00:00+00:00,0.006462073577443161,0.0,-0.00014206333333333335,9.57901420369408e-07,0.006320968145530196,0.8333333333333333,0.3333333333333333
2022-02-04 00:00:00+00:00,-0.021484097193666802,0.0,0.00022166,1.0490256980115007e-06,-0.02126138816796879,0.8333333333333333,0.3333333333333333
2022-02-05 00:00:00+00:00,-0.07520176734729646,0.0,-1.2016666666666758e-06,1.0490256980115007e-06,-0.07520191998826511,0.8333333333333333,0.3333333333333333
2022-02-06 00:00:00+00:00,-0.047158619486570366,0.0005833333333333333,-5.8301666666666664e-05,6.987914900135063e-22,-0.04780025448657037,0.9999999999999999,0.5
2022-02-07 00:00:00+00:00,-0.02961328032233477,0.0,-0.00014957666666666665,8.504910662288512e-22,-0.029762856989001437,0.9999999999999999,0.5
2022-02-08 00:00:00+00:00,-0.012299426212430261,0.0,-5.339833333333334e-05,8.201571863534921e-22,-0.012352824545763594,0.9999999999999999,0.5
2022-02-09 00:00:00+00:00,0.0006339840099646157,0.0,-0.00019256333333333333,8.201571863534921e-22,0.00044142067663128235,0.9999999999999999,0.5
2022-02-10 00:00:00+00:00,-0.027237887462823088,0.0,-4.252166666666667e-05,1.244557223391016e-21,-0.027280409129489754,0.9999999999999999,0.5
2022-02-11 00:00:00+00:00,0.020674125277569635,0.0,-0.00026398166666666663,1.1233603155513563e-21,0.02041014361090297,0.9999999999999999,0.5
2022-02-12 00:00:00+00:00,0.0034870040516533827,0.0,-0.00019661833333333331,1.1233603155513563e-21,0.0032903857183200495,0.9999999999999999,0.5
2022-02-13 00:00:00+00:00,-0.03101506574736318,0.0011666666666666668,0.00019457,0.0,-0.031987162414029845,1.0,0.5
2022-02-14 00:00:00+00:00,0.015673866582898894,0.0,0.00010214166666666666,0.0,0.01577600824956556,1.0,0.5
2022-02-15 00:00:00+00:00,0.004800643700306785,0.0,0.00026813,0.0,0.005068773700306785,1.0,0.5
2022-02-16 00:00:00+00:00,0.007335866113768665,0.0,8.925333333333333e-05,0.0,0.007425119447101999,1.0,0.5
2022-02-17 00:00:00+00:00,-0.01206704692127325,0.0,9.184833333333333e-05,0.0,-0.011975198587939917,1.0,0.5
2022-02-18 00:00:00+00:00,-0.012512084184102063,0.0,-0.000228765,0.0,-0.012740849184102064,1.0,0.5
2022-02-19 00:00:00+00:00,-0.0016377317065219645,0.0,-6.749e-05,0.0,-0.0017052217065219645,1.0,0.5
2022-02-20 00:00:00+00:00,-0.004546861604548331,0.0011666666666666665,-0.00013306666666666666,0.0,-0.005846594937881664,1.0,0.5
2022-02-21 00:00:00+00:00,-0.013931189250881992,0.0,0.00017794,0.0,-0.013753249250881993,1.0,0.5
2022-02-22 00:00:00+00:00,0.007788625616926059,0.0,-0.00017959666666666663,0.0,0.007609028950259392,1.0,0.5
2022-02-23 00:00:00+00:00,-0.011613027177479252,0.0,5.1981666666666664e-05,0.0,-0.011561045510812586,1.0,0.5
2022-02-24 00:00:00+00:00,-0.007680846263981168,0.0,-0.00027736499999999996,0.0,-0.007958211263981168,1.0,0.5
2022-02-25 00:00:00+00:00,-0.03496028896167851,0.0,-5.4015000000000004e-05,0.0,-0.035014303961678504,1.0,0.5
2022-02-26 00:00:00+00:00,-0.01236044122027578,0.0,0.00017900499999999996,0.0,-0.01218143622027578,1.0,0.5
2022-02-27 00:00:00+00:00,0.006091530569840242,0.0011666666666666668,-6.272499999999999e-05,1.0021152304231449e-21,0.004862138903173576,0.9999999999999999,0.5
2022-02-28 00:00:00+00:00,-0.007962629881831381,0.0,-0.00029246999999999997,1.1233603155513563e-21,-0.00825509988183138,0.9999999999999999,0.5
2022-03-01 00:00:00+00:00,0.00654361478741124,0.0,2.4116666666666666e-05,9.717964269615835e-22,0.006567731454077907,0.9999999999999999,0.5
2022-03-02 00:00:00+00:00,-0.004293988809830638,0.0,-1.689e-05,1.0021152304231449e-21,-0.004310878809830638,0.9999999999999999,0.5
2022-03-03 00:00:00+00:00,-0.004652514457306134,0.0,-9.626333333333333e-05,1.1233603155513563e-21,-0.004748777790639467,0.9999999999999999,0.5
2022-03-04 00:00:00+00:00,0.008915915463757211,0.0,-9.210333333333333e-05,1.0021152304231449e-21,0.008823812130423879,0.9999999999999999,0.5
2022-03-05 00:00:00+00:00,-0.003306759778795799,0.0,-0.00019299166666666664,1.0021152304231449e-21,-0.0034997514454624657,0.9999999999999999,0.5
2022-03-06 00:00:00+00:00,-0.008060882707791893,0.0013999999999999998,-0.00016505833333333334,1.0021152304231449e-21,-0.009625941041125227,0.9999999999999999,0.5
2022-03-07 00:00:00+00:00,-0.020912910553644155,0.0,-8.925666666666666e-05,1.153664057636781e-21,-0.02100216722031082,0.9999999999999999,0.5
2022-03-08 00:00:00+00:00,-0.02427650230466954,0.0,5.1225000000000005e-05,1.0930535624085083e-21,-0.024225277304669543,0.9999999999999999,0.5
2022-03-09 00:00:00+00:00,0.0386685546309478,0.0,0.00036985999999999996,1.153664057636781e-21,0.0390384146309478,0.9999999999999999,0.5
2022-03-10 00:00:00+00:00,-0.004235593986114471,0.0,0.0003242016666666666,1.153664057636781e-21,-0.003911392319447804,0.9999999999999999,0.5
2022-03-11 00:00:00+00:00,0.02418419541101337,0.0,0.0003076783333333333,1.183964789231776e-21,0.024491873744346703,0.9999999999999999,0.5
2022-03-12 00:00:00+00:00,0.037072721657660936,0.0,5.977499999999999e-05,1.183964789231776e-21,0.037132496657660934,0.9999999999999999,0.5
2022-03-13 00:00:00+00:00,-0.005486060575077074,0.0009333333333333333,0.0003722366666666667,0.0,-0.0060471572417437405,1.0,0.5
2022-03-14 00:00:00+00:00,0.003083408916675176,0.0,0.00021895999999999992,0.0,0.003302368916675176,1.0,0.5
2022-03-15 00:00:00+00:00,-0.009775654667200095,0.0,0.0002549533333333333,0.0,-0.009520701333866762,1.0,0.5
2022-03-16 00:00:00+00:00,-0.005545068390952625,0.0,0.00012199500000000001,0.0,-0.005423073390952625,1.0,0.5
2022-03-17 00:00:00+00:00,0.007768142626900452,0.0,0.00016310666666666666,0.0,0.007931249293567118,1.0,0.5
2022-03-18 00:00:00+00:00,0.012067737829646059,0.0,6.621166666666669e-05,0.0,0.012133949496312725,1.0,0.5
2022-03-19 00:00:00+00:00,-0.016500098074532843,0.0,3.588166666666667e-05,0.0,-0.016464216407866175,1.0,0.5
2022-03-20 00:00:00+00:00,-0.0009276004447661586,0.0011666666666666668,0.00024573166666666665,0.0,-0.0018485354447661587,1.0,0.5
2022-03-21 00:00:00+00:00,-0.04095593363214336,0.0,0.00021494333333333337,0.0,-0.04074099029881002,1.0,0.5
2022-03-22 00:00:00+00:00,-0.008634290657812405,0.0,9.103500000000003e-05,0.0,-0.008543255657812405,1.0,0.5
2022-03-23 00:00:00+00:00,0.02568361446535344,0.0,0.00018584666666666668,0.0,0.025869461132020106,1.0,0.5
2022-03-24 00:00:00+00:00,-0.021191894744051774,0.0,1.3552527156068805e-20,0.0,-0.021191894744051774,1.0,0.5
2022-03-25 00:00:00+00:00,0.034320763535567934,0.0,1.7063333333333343e-05,0.0,0.034337826868901265,1.0,0.5
2022-03-26 00:00:00+00:00,-0.00030764576958547743,0.0,4.843333333333355e-06,0.0,-0.0003028024362521441,1.0,0.5
2022-03-27 00:00:00+00:00,-0.01552239170585316,0.0009333333333333331,-5.2711666666666665e-05,0.0,-0.016508436705853162,1.0,0.5
2022-03-28 00:00:00+00:00,0.0010952545625120816,0.0,2.1689999999999984e-05,0.0,0.0011169445625120815,1.0,0.5
2022-03-29 00:00:00+00:00,0.02100569097770346,0.0,-6.523333333333339e-06,0.0,0.020999167644370126,1.0,0.5
2022-03-30 00:00:00+00:00,0.010893325131024681,0.0,-1.1173333333333344e-05,0.0,0.010882151797691348,1.0,0.5
2022-03-31 00:00:00+00:00,-0.0014771631961326883,0.0,-6.986666666666665e-06,0.0,-0.001484149862799355,1.0,0.5
2022-04-01 00:00:00+00:00,0.01587886443873182,0.0,-9.061e-05,0.0,0.01578825443873182,1.0,0.5
2022-04-02 00:00:00+00:00,-0.03236863363240278,0.0,0.0,0.0,-0.03236863363240278,1.0,0.5
2022-04-03 00:00:00+00:00,-0.002516317198788217,0.00105,-0.00015000000000000001,7.104881557307152e-06,-0.00370921231723091,0.5,0.5
2022-04-04 00:00:00+00:00,-0.005658271661238315,0.0,-0.00015000000000000001,9.147555941502183e-06,-0.005799124105296813,0.5,0.5
2022-04-05 00:00:00+00:00,-0.047927866864051906,0.0,-0.00015000000000000001,8.875374795658253e-06,-0.048068991489256245,0.5,0.5
2022-04-06 00:00:00+00:00,-0.06385485928551099,0.0,-0.00015000000000000001,9.147555941502183e-06,-0.06399571172956948,0.5,0.5
2022-04-07 00:00:00+00:00,0.021066642932269453,0.0,-0.00015000000000000001,9.283626292933e-06,0.020925926558562385,0.5,0.5
2022-04-08 00:00:00+00:00,-0.04361860728394175,0.0,-0.00015000000000000001,9.419683166922432e-06,-0.043759187600774824,0.5,0.5
2022-04-09 00:00:00+00:00,0.016584196807519436,0.0,-0.00014654333333333333,9.419683166922432e-06,0.016447073157353026,0.5,0.5
2022-04-10 00:00:00+00:00,0.006454837378134978,0.0008166666666666666,-0.000176795,2.0915898273182592e-21,0.0054613757114683106,0.9999999999999999,0.5
2022-04-11 00:00:00+00:00,0.00736021601289142,0.0,-0.00015178499999999998,2.3633515120348333e-21,0.00720843101289142,0.9999999999999999,0.5
2022-04-12 00:00:00+00:00,0.015952573721829878,0.0,-0.00031977166666666664,2.242598433364188e-21,0.015632802055163212,0.9999999999999999,0.5
2022-04-13 00:00:00+00:00,0.006133385928719018,0.0,-0.0002530116666666667,2.2727911851114828e-21,0.005880374262052352,0.9999999999999999,0.5
2022-04-14 00:00:00+00:00,-0.014965990752595025,0.0,-0.00029264000000000004,2.3633515120348333e-21,-0.015258630752595025,0.9999999999999999,0.5
2022-04-15 00:00:00+00:00,-0.011778461956929165,0.0,-0.00016030833333333333,2.3633515120348333e-21,-0.011938770290262498,0.9999999999999999,0.5
2022-04-16 00:00:00+00:00,-0.0075326132890705284,0.0,-0.0002953,2.3633515120348333e-21,-0.007827913289070529,0.9999999999999999,0.5
2022-04-17 00:00:00+00:00,0.0033681346828810348,0.0007,7.416999999999998e-05,2.3633515120348333e-21,0.002742304682881035,0.9999999999999999,0.5
2022-04-18 00:00:00+00:00,-0.016905586312545646,0.0,5.017833333333335e-05,2.48405680410029e-21,-0.01685540797921231,0.9999999999999999,0.5
2022-04-19 00:00:00+00:00,-0.0007578864602481011,0.0,-7.650833333333333e-05,2.48405680410029e-21,-0.0008343947935814344,0.9999999999999999,0.5
2022-04-20 00:00:00+00:00,0.008692529182106183,0.0,-4.057500000000002e-05,2.48405680410029e-21,0.008651954182106184,0.9999999999999999,0.5
2022-04-21 00:00:00+00:00,0.031425734695186294,0.0,-9.290499999999998e-05,2.48405680410029e-21,0.0313328296951863,0.9999999999999999,0.5
2022-04-22 00:00:00+00:00,-0.0035345671768426765,0.0,-0.000151455,2.48405680410029e-21,-0.0036860221768426765,0.9999999999999999,0.5
2022-04-23 00:00:00+00:00,0.024229788372209904,0.0,2.921499999999999e-05,2.48405680410029e-21,0.024259003372209903,0.9999999999999999,0.5
2022-04-24 00:00:00+00:00,0.0008972575938186837,0.0014,0.00031879166666666666,0.0,-0.0001839507395146496,1.0,0.5
2022-04-25 00:00:00+00:00,0.009231401000625564,0.0,0.0001322466666666667,0.0,0.009363647667292231,1.0,0.5
2022-04-26 00:00:00+00:00,0.015883671978642357,0.0,0.0002013883333333333,0.0,0.01608506031197569,1.0,0.5
2022-04-27 00:00:00+00:00,-0.003034567741074171,0.0,0.00031538166666666664,0.0,-0.002719186074407504,1.0,0.5
2022-04-28 00:00:00+00:00,0.020644234382095485,0.0,0.0001461733333333333,0.0,0.020790407715428817,1.0,0.5
2022-04-29 00:00:00+00:00,0.013341464183709167,0.0,-9.673333333333321e-06,0.0,0.013331790850375834,1.0,0.5
2022-04-30 00:00:00+00:00,-0.004974771845147701,0.0,0.00013379666666666666,0.0,-0.004840975178481035,1.0,0.5
2022-05-01 00:00:00+00:00,-0.03457573952990019,0.0011666666666666665,-0.00036911999999999996,0.0,-0.03611152619656685,1.0,0.5
2022-05-02 00:00:00+00:00,-0.00047157557201854376,0.0,0.000134435,0.0,-0.00033714057201854374,1.0,0.5
2022-05-03 00:00:00+00:00,-0.06091867577829496,0.0,-0.00016470666666666667,0.0,-0.06108338244496163,1.0,0.5
2022-05-04 00:00:00+00:00,-0.061274758188229694,0.0,-0.000169425,0.0,-0.061444183188229695,1.0,0.5
2022-05-05 00:00:00+00:00,-0.008654620071072087,0.0,0.00023110833333333334,0.0,-0.008423511737738754,1.0,0.5
2022-05-06 00:00:00+00:00,-0.011513222317924104,0.0,-0.00020855333333333337,0.0,-0.011721775651257437,1.0,0.5
2022-05-07 00:00:00+00:00,-0.004609507004366478,0.0,-4.498833333333336e-05,0.0,-0.0046544953376998115,1.0,0.5
2022-05-08 00:00:00+00:00,-0.03605239940804408,0.0011666666666666665,-0.0004164333333333333,2.54439154195509e-21,-0.037635499408044074,0.9999999999999999,0.5
2022-05-09 00:00:00+00:00,-0.014005261027260837,0.0,-0.0003515166666666666,2.7856112160276985e-21,-0.014356777693927503,0.9999999999999999,0.5
2022-05-10 00:00:00+00:00,0.02778874924965506,0.0,2.8773333333333324e-05,2.6951761924361346e-21,0.02781752258298839,0.9999999999999999,0.5
2022-05-11 00:00:00+00:00,-0.006151721217695055,0.0,-0.0004669299999999999,2.725324179679717e-21,-0.006618651217695055,0.9999999999999999,0.5
2022-05-12 00:00:00+00:00,0.06837304011733357,0.0,-0.0006508283333333334,2.8760194340517472e-21,0.06772221178400023,0.9999999999999999,0.5
2022-05-13 00:00:00+00:00,-0.010123456448034845,0.0,-0.0005492466666666667,3.0567555170731655e-21,-0.01067270311470151,0.9999999999999999,0.5
2022-05-14 00:00:00+00:00,-0.02765027099532489,0.0,-0.0017779533333333332,3.0567555170731655e-21,-0.02942822432865822,0.9999999999999999,0.5
2022-05-15 00:00:00+00:00,-0.04620074749607568,0.0008166666666666667,-3.5480000000000006e-05,1.3766403007653416e-05,-0.04703912775973469,0.5,0.0
2022-05-16 00:00:00+00:00,0.06506683725272114,0.0,-0.00013495499999999997,1.4579883936716165e-05,0.06494646213665785,0.5,0.0
2022-05-17 00:00:00+00:00,-0.04508416128087992,0.0,-0.00030488,1.4444337231633853e-05,-0.04537459694364829,0.5,0.0
2022-05-18 00:00:00+00:00,0.06224339316868193,0.0,-0.00013581999999999998,1.3902016621103463e-05,0.06212147518530303,0.5,0.0
2022-05-19 00:00:00+00:00,-0.042761895843923016,0.0,-0.0004370633333333333,1.4173203689793468e-05,-0.04318478597356656,0.5,0.0
2022-05-20 00:00:00+00:00,0.026870500857054815,0.0,-0.00020628499999999998,1.3766403007653416e-05,0.026677982260062467,0.5,0.0
2022-05-21 00:00:00+00:00,-0.06970844248621443,0.0,-0.0004569183333333332,1.3766403007653416e-05,-0.0701515944165401,0.5,0.0
2022-05-22 00:00:00+00:00,0.0003444358609516196,0.0006999999999999999,9.353333333333338e-06,1.3766403007653416e-05,-0.0003324444027073935,0.5,0.0
2022-05-23 00:00:00+00:00,0.015268216994084649,0.0,7.492333333333333e-05,1.4579883936716165e-05,0.0153577202113547,0.5,0.0
2022-05-24 00:00:00+00:00,-0.06665504122303348,0.0,-0.0016339516666666663,1.4308777150251473e-05,-0.06827468411254989,0.5,0.0
2022-05-25 00:00:00+00:00,0.03300989372970618,0.0,-0.001298495,1.4308777150251473e-05,0.03172570750685644,0.5,0.0
2022-05-26 00:00:00+00:00,0.030061617119008413,0.0,-0.0014447766666666664,1.4444337231633853e-05,0.02863128478957338,0.5,0.0
2022-05-27 00:00:00+00:00,0.05248045086421996,0.0001833333333333333,-0.0012355125,1.4444337231633853e-05,0.051076049368118256,0.5,0.0
2022-05-28 00:00:00+00:00,-0.010039832601933899,0.0,-0.0005771950000000001,1.925911630884514e-05,-0.010597768485625055,0.3333333333333333,0.0
2022-05-29 00:00:00+00:00,-0.028901765790735962,0.0005833333333333333,-5.599833333333333e-05,1.4444337231633853e-05,-0.029526653120170998,0.5,0.0
2022-05-30 00:00:00+00:00,-0.0676109728481619,0.0,-5.405e-05,1.4444337231633853e-05,-0.06765057851093026,0.5,0.0
2022-05-31 00:00:00+00:00,0.02020841308455862,0.0,-6.486666666666667e-06,1.5392883409903746e-05,0.020217319301301856,0.5,0.0
2022-06-01 00:00:00+00:00,0.05525878305406754,0.0,-7.007833333333332e-05,1.5257416907998866e-05,0.055203962137642205,0.5,0.0
2022-06-02 00:00:00+00:00,-0.04084143677108091,0.0,-0.00010929499999999999,1.5392883409903746e-05,-0.04093533888767101,0.5,0.0
2022-06-03 00:00:00+00:00,0.030789327703591402,0.0,-0.00012180916666666666,1.5934615865131896e-05,0.030683453152789867,0.5,0.0
2022-06-04 00:00:00+00:00,-0.02215079349311313,0.0,-0.00016740833333333331,1.5934615865131896e-05,-0.02230226721058133,0.5,0.0
2022-06-05 00:00:00+00:00,-0.023204026796857513,0.00105,0.00040900999999999996,0.0,-0.02384501679685751,1.0,0.5
2022-06-06 00:00:00+00:00,0.09764561057859912,0.0,0.0009679216666666666,0.0,0.09861353224526578,1.0,0.5
2022-06-07 00:00:00+00:00,0.9538853992532561,0.0,0.00017084833333333335,0.0,0.9540562475865895,1.0,0.5
2022-06-08 00:00:00+00:00,-0.15866188847205817,0.0,-0.0007862216666666666,0.0,-0.15944811013872484,1.0,0.5
2022-06-09 00:00:00+00:00,0.013264707853101021,0.0,-0.0002304983333333333,0.0,0.013034209519767687,1.0,0.5
2022-06-10 00:00:00+00:00,0.026257994786935482,0.0,-0.00019454333333333336,0.0,0.026063451453602147,1.0,0.5
2022-06-11 00:00:00+00:00,0.009113895827319068,0.0,-0.00016308833333333336,0.0,0.008950807493985734,1.0,0.5
2022-06-12 00:00:00+00:00,-0.033628867198208824,0.0007,-0.0003670166666666666,0.0,-0.03469588386487549,1.0,0.5
2022-06-13 00:00:00+00:00,-0.0008399331196009586,0.0,-0.0006492533333333333,0.0,-0.001489186452934292,1.0,0.5
2022-06-14 00:00:00+00:00,-0.05370421686260804,0.0,-0.0004161299999999999,0.0,-0.05412034686260804,1.0,0.5
2022-06-15 00:00:00+00:00,-0.08068621777016424,0.0,-0.000429225,0.0,-0.08111544277016425,1.0,0.5
2022-06-16 00:00:00+00:00,-0.013113360854180738,0.0,-0.00020154333333333328,0.0,-0.013314904187514071,1.0,0.5
2022-06-17 00:00:00+00:00,0.0009161595677987053,0.0,-0.00012103,0.0,0.0007951295677987053,1.0,0.5
2022-06-18 00:00:00+00:00,-0.029303388296410635,0.0,-5.308666666666664e-05,0.0,-0.029356474963077302,1.0,0.5
2022-06-19 00:00:00+00:00,-0.04680719897224861,0.0009333333333333333,-8.585333333333333e-05,0.0,-0.047826385638915274,1.0,0.5
2022-06-20 00:00:00+00:00,-0.05732133223822509,0.0,-2.528666666666667e-05,0.0,-0.057346618904891754,1.0,0.5
2022-06-21 00:00:00+00:00,-0.05521982706192822,0.0,-9.355e-05,0.0,-0.055313377061928216,1.0,0.5
2022-06-22 00:00:00+00:00,0.04074341996925838,0.0,0.00012945666666666663,0.0,0.040872876635925044,1.0,0.5
2022-06-23 00:00:00+00:00,0.0026663825120959647,0.0,0.00024348833333333336,0.0,0.002909870845429298,1.0,0.5
2022-06-24 00:00:00+00:00,-0.03378325586322718,0.0,-0.00038715833333333334,0.0,-0.034170414196560514,1.0,0.5
2022-06-25 00:00:00+00:00,-0.03458890291536935,0.0,-0.00011010666666666669,0.0,-0.03469900958203601,1.0,0.5
2022-06-26 00:00:00+00:00,0.0044545783454766705,0.0009333333333333333,-0.00019444166666666667,5.007895876814992e-21,0.003326803345476671,0.9999999999999999,0.5
2022-06-27 00:00:00+00:00,0.00024188362927394548,0.0,-0.0004892633333333334,5.277072731916915e-21,-0.0002473797040593879,0.9999999999999999,0.5
2022-06-28 00:00:00+00:00,0.035268413539059795,0.0,-0.0005129566666666667,5.277072731916915e-21,0.03475545687239313,0.9999999999999999,0.5
2022-06-29 00:00:00+00:00,-0.005374458571580493,0.0,-0.0008366349999999999,5.217276178243054e-21,-0.006211093571580493,0.9999999999999999,0.5
2022-06-30 00:00:00+00:00,-0.03157061848481022,0.0,-0.0006372633333333334,5.007895876814992e-21,-0.032207881818143554,0.9999999999999999,0.5
2022-07-01 00:00:00+00:00,-0.0009091001192493287,0.0,-0.0006166349999999999,5.007895876814992e-21,-0.0015257351192493286,0.9999999999999999,0.5
2022-07-02 00:00:00+00:00,0.04264786420141606,0.0,-0.00027394333333333334,5.007895876814992e-21,0.042373920868082726,0.9999999999999999,0.5
2022-07-03 00:00:00+00:00,-0.021946668645051976,0.0009333333333333333,4.234833333333333e-05,0.0,-0.022837653645051977,1.0,0.5
2022-07-04 00:00:00+00:00,-0.03332653026319694,0.0,0.00036099499999999997,0.0,-0.03296553526319694,1.0,0.5
2022-07-05 00:00:00+00:00,0.03160791774898295,0.0,0.00029474166666666664,0.0,0.03190265941564962,1.0,0.5
2022-07-06 00:00:00+00:00,-0.01079879470655972,0.0,0.0003411849999999999,0.0,-0.01045760970655972,1.0,0.5
2022-07-07 00:00:00+00:00,-0.03417629876291121,0.0,0.0005371083333333334,0.0,-0.03363919042957787,1.0,0.5
2022-07-08 00:00:00+00:00,-0.032757272829428766,0.0,0.00021262166666666666,0.0,-0.032544651162762096,1.0,0.5
2022-07-09 00:00:00+00:00,-0.05219642592833476,0.0,0.00026758833333333335,0.0,-0.05192883759500143,1.0,0.5
2022-07-10 00:00:00+00:00,0.0031065856806455176,0.0011666666666666665,0.00011395166666666668,0.0,0.0020538706806455176,1.0,0.5
2022-07-11 00:00:00+00:00,-0.016707231943265493,0.0,3.554833333333333e-05,0.0,-0.01667168360993216,1.0,0.5
2022-07-12 00:00:00+00:00,0.010417938041151872,0.0,0.00011729166666666664,0.0,0.010535229707818538,1.0,0.5
2022-07-13 00:00:00+00:00,0.003199004723713112,0.0,-0.00011397000000000002,0.0,0.003085034723713112,1.0,0.5
2022-07-14 00:00:00+00:00,0.06241114994927876,0.0,1.939166666666666e-05,0.0,0.062430541615945426,1.0,0.5
2022-07-15 00:00:00+00:00,-0.004080568173923882,0.0,2.9301666666666678e-05,0.0,-0.004051266507257215,1.0,0.5
2022-07-16 00:00:00+00:00,0.012709991024575004,0.0,5.6225000000000005e-05,0.0,0.012766216024575004,1.0,0.5
2022-07-17 00:00:00+00:00,-0.018143544791752078,0.0011666666666666668,6.795333333333334e-05,0.0,-0.019242258125085412,1.0,0.5
2022-07-18 00:00:00+00:00,0.051389335426701654,0.0,8.604333333333332e-05,0.0,0.05147537876003499,1.0,0.5
2022-07-19 00:00:00+00:00,-0.03923558797771793,0.0,7.0455e-05,0.0,-0.03916513297771793,1.0,0.5
2022-07-20 00:00:00+00:00,-0.008209493558658559,0.0,0.00020189833333333332,0.0,-0.008007595225325225,1.0,0.5
2022-07-21 00:00:00+00:00,0.05598778561946597,0.0,7.010666666666665e-05,0.0,0.056057892286132636,1.0,0.5
2022-07-22 00:00:00+00:00,0.04844721256179874,0.0,-7.028333333333322e-06,0.0,0.04844018422846541,1.0,0.5
2022-07-23 00:00:00+00:00,-0.0740068070903208,0.0,-0.0001421566666666667,0.0,-0.07414896375698747,1.0,0.5
2022-07-24 00:00:00+00:00,0.001746351122339599,0.0011666666666666668,-0.000240195,7.243811330412536e-21,0.00033948945567293244,0.9999999999999999,0.5
2022-07-25 00:00:00+00:00,-0.008531594630873938,0.0,-0.0006406016666666667,7.659373016632624e-21,-0.009172196297540606,0.9999999999999999,0.5
2022-07-26 00:00:00+00:00,0.0077348648437085,0.0,-0.0010999016666666664,7.451662942517884e-21,0.006634963177041833,0.9999999999999999,0.5
2022-07-27 00:00:00+00:00,0.033465664496211155,0.0,-0.000460475,7.12497535862218e-21,0.03300518949621115,0.9999999999999999,0.5
2022-07-28 00:00:00+00:00,0.049355320578805,0.0,-0.00019160833333333328,7.065540006582797e-21,0.04916371224547166,0.9999999999999999,0.5
2022-07-29 00:00:00+00:00,0.05862987748799023,0.0,-0.00013167166666666665,7.035817987045657e-21,0.05849820582132356,0.9999999999999999,0.5
2022-07-30 00:00:00+00:00,0.04558438403840757,0.0,-0.000256125,7.035817987045657e-21,0.045328259038407565,0.9999999999999999,0.5
2022-07-31 00:00:00+00:00,-0.07428992277137046,0.0007,-8.733333333333374e-07,0.0,-0.0749907961047038,1.0,0.5
2022-08-01 00:00:00+00:00,-0.011542820834038922,0.0,0.0,0.0,-0.011542820834038922,1.0,0.5
2022-08-02 00:00:00+00:00,0.046664685990743505,0.0,9.970000000000008e-06,0.0,0.046674655990743504,1.0,0.5
2022-08-03 00:00:00+00:00,0.03182617602162123,0.0,0.00012344833333333334,0.0,0.03194962435495456,1.0,0.5
2022-08-04 00:00:00+00:00,-0.018535728691994564,0.0,0.000175935,0.0,-0.018359793691994565,1.0,0.5
2022-08-05 00:00:00+00:00,0.02228497429462062,0.0,-2.2058333333333325e-05,0.0,0.022262915961287284,1.0,0.5
2022-08-06 00:00:00+00:00,-0.0014314029319002124,0.0,4.834999999999999e-05,0.0,-0.0013830529319002124,1.0,0.5
2022-08-07 00:00:00+00:00,0.004987395814134377,0.0007,8.025000000000002e-06,0.0,0.0042954208141343765,1.0,0.5
2022-08-08 00:00:00+00:00,-0.02587038188532594,0.0,4.2048333333333335e-05,0.0,-0.025828333551992606,1.0,0.5
2022-08-09 00:00:00+00:00,0.045172264530828635,0.0,6.000333333333334e-05,0.0,0.04523226786416197,1.0,0.5
2022-08-10 00:00:00+00:00,-0.023691059011648828,0.0,-0.000256245,0.0,-0.023947304011648827,1.0,0.5
2022-08-11 00:00:00+00:00,-0.0011525941406030915,0.0,-2.9859999999999995e-05,0.0,-0.0011824541406030916,1.0,0.5
2022-08-12 00:00:00+00:00,0.01902687066724518,0.0,-5.215166666666666e-05,0.0,0.018974719000578514,1.0,0.5
2022-08-13 00:00:00+00:00,-0.000737476142361305,0.0,-0.00021747999999999998,0.0,-0.0009549561423613049,1.0,0.5
2022-08-14 00:00:00+00:00,-0.011314583222163836,0.0011666666666666668,-0.00011850666666666669,7.600041712560975e-21,-0.01259975655549717,0.9999999999999999,0.5
2022-08-15 00:00:00+00:00,0.035773174314022715,0.0,-0.00023434833333333332,7.89658289408396e-21,0.03553882598068938,0.9999999999999999,0.5
2022-08-16 00:00:00+00:00,0.01103292307103752,0.0,-0.00017928166666666666,7.837297716558331e-21,0.010853641404370853,0.9999999999999999,0.5
2022-08-17 00:00:00+00:00,-0.010028167333895367,0.0,-0.000324045,7.778001014144656e-21,-0.010352212333895367,0.9999999999999999,0.5
2022-08-18 00:00:00+00:00,-0.0037987495356742885,0.0,-0.00026576999999999997,7.837297716558331e-21,-0.004064519535674289,0.9999999999999999,0.5
2022-08-19 00:00:00+00:00,0.0006607101182101015,0.0,-0.0011753633333333332,7.926221162428159e-21,-0.0005146532151232316,0.9999999999999999,0.5
2022-08-20 00:00:00+00:00,-0.004112918097542347,0.0,-0.0007685366666666666,7.926221162428159e-21,-0.004881454764209013,0.9999999999999999,0.5
2022-08-21 00:00:00+00:00,-0.011696117191152933,0.0011666666666666668,-6.364000000000001e-05,0.0,-0.0129264238578196,1.0,0.5
2022-08-22 00:00:00+00:00,0.050326591575540924,0.0,8.781666666666664e-05,0.0,0.05041440824220759,1.0,0.5
2022-08-23 00:00:00+00:00,-0.03584841664120357,0.0,8.747166666666667e-05,0.0,-0.035760944974536905,1.0,0.5
2022-08-24 00:00:00+00:00,0.02111563907302518,0.0,4.4713333333333365e-05,0.0,0.021160352406358517,1.0,0.5
2022-08-25 00:00:00+00:00,-0.01762277349077792,0.0,-0.00026977,0.0,-0.01789254349077792,1.0,0.5
2022-08-26 00:00:00+00:00,0.02286018460313523,0.0,-6.048666666666667e-05,0.0,0.022799697936468563,1.0,0.5
2022-08-27 00:00:00+00:00,0.01923516737773512,0.0,0.0006513383333333333,0.0,0.019886505711068453,1.0,0.5
2022-08-28 00:00:00+00:00,-0.027856768177623135,0.00046666666666666666,-6.701000000000005e-05,0.0,-0.028390444844289802,1.0,0.5
2022-08-29 00:00:00+00:00,-0.025728374255502746,0.0,0.0005675316666666668,0.0,-0.02516084258883608,1.0,0.5
2022-08-30 00:00:00+00:00,-0.010303060509758249,0.0,0.00031320333333333334,0.0,-0.009989857176424916,1.0,0.5
2022-08-31 00:00:00+00:00,0.0002773574736670108,0.0,0.00024811666666666674,0.0,0.0005254741403336776,1.0,0.5
2022-09-01 00:00:00+00:00,-0.003555063942878357,0.0,0.00011294166666666667,0.0,-0.00344212227621169,1.0,0.5
2022-09-02 00:00:00+00:00,0.001246982176968059,0.0,0.00030782,0.0,0.0015548021769680588,1.0,0.5
2022-09-03 00:00:00+00:00,-0.0014917211475151508,0.0,0.00028784000000000004,0.0,-0.0012038811475151507,1.0,0.5
2022-09-04 00:00:00+00:00,-0.007516446796299834,0.0007,-0.00177665,8.547960484428126e-21,-0.009993096796299833,0.9999999999999999,0.5
2022-09-05 00:00:00+00:00,0.022655001522187038,0.0,-0.000702745,8.547960484428126e-21,0.021952256522187037,0.9999999999999999,0.5
2022-09-06 00:00:00+00:00,0.011164047095574187,0.0,-0.0010018983333333334,8.873128400143258e-21,0.010162148762240853,0.9999999999999999,0.5
2022-09-07 00:00:00+00:00,-0.05619053669914387,0.0,-0.0009780066666666665,8.932212615649104e-21,-0.05716854336581054,0.9999999999999999,0.5
2022-09-08 00:00:00+00:00,0.026015041131384066,0.0,-0.0011096516666666667,8.902671938446129e-21,0.0249053894647174,0.9999999999999999,0.5
2022-09-09 00:00:00+00:00,0.026736696480558743,0.0,-7.610666666666666e-05,8.932212615649104e-21,0.026660589813892077,0.9999999999999999,0.5
2022-09-10 00:00:00+00:00,-0.032113393760998844,0.0,-9.393500000000001e-05,8.932212615649104e-21,-0.03220732876099885,0.9999999999999999,0.5
2022-09-11 00:00:00+00:00,0.002962179328642161,0.0007,-0.00034603499999999996,0.0,0.001916144328642161,1.0,0.5
2022-09-12 00:00:00+00:00,0.039317280267389815,0.0,-0.0008486566666666667,0.0,0.038468623600723145,1.0,0.5
2022-09-13 00:00:00+00:00,0.0009164506063253346,0.0,-0.0007278933333333334,0.0,0.0001885572729920012,1.0,0.5
2022-09-14 00:00:00+00:00,0.0019261118859685488,0.0,-0.00027373,0.0,0.0016523818859685488,1.0,0.5
2022-09-15 00:00:00+00:00,-0.0010752164946804584,0.0,0.00038477166666666665,0.0,-0.0006904448280137918,1.0,0.5
2022-09-16 00:00:00+00:00,-0.012242896240081288,0.0,0.00022887833333333333,0.0,-0.012014017906747955,1.0,0.5
2022-09-17 00:00:00+00:00,-0.023863896568159418,0.0,0.000195525,0.0,-0.02366837156815942,1.0,0.5
2022-09-18 00:00:00+00:00,0.0004339529321191367,0.00046666666666666666,0.0003739983333333333,0.0,0.00034128459878580335,1.0,0.5
2022-09-19 00:00:00+00:00,-0.030633525648629697,0.0,0.0005387566666666667,0.0,-0.03009476898196303,1.0,0.5
2022-09-20 00:00:00+00:00,-0.04034769585351038,0.0,0.0007365766666666666,0.0,-0.039611119186843714,1.0,0.5
2022-09-21 00:00:00+00:00,0.02955773729679025,0.0,0.0005572616666666666,0.0,0.030114998963456915,1.0,0.5
2022-09-22 00:00:00+00:00,-0.013388728804776337,0.0,0.0010369300000000001,0.0,-0.012351798804776336,1.0,0.5
2022-09-23 00:00:00+00:00,-0.03235694512542921,0.0,0.0006842499999999999,0.0,-0.03167269512542921,1.0,0.5
2022-09-24 00:00:00+00:00,0.05247339183288781,0.0,0.0007294749999999999,0.0,0.05320286683288781,1.0,0.5
2022-09-25 00:00:00+00:00,-0.013264374980963795,0.0009333333333333333,0.0004975833333333334,0.0,-0.013700124980963796,1.0,0.5
2022-09-26 00:00:00+00:00,-0.020076148703897546,0.0,0.00019982166666666668,0.0,-0.01987632703723088,1.0,0.5
2022-09-27 00:00:00+00:00,-0.0056039963384578555,0.0,0.00033820333333333324,0.0,-0.005265793005124522,1.0,0.5
2022-09-28 00:00:00+00:00,0.014759784161883248,0.0,0.0006461183333333333,0.0,0.01540590249521658,1.0,0.5
2022-09-29 00:00:00+00:00,0.004879515520157176,0.0,0.00019988166666666665,0.0,0.005079397186823843,1.0,0.5
2022-09-30 00:00:00+00:00,-0.012344433287116782,0.0,6.346333333333333e-05,0.0,-0.012280969953783449,1.0,0.5
2022-10-01 00:00:00+00:00,0.005519514684024914,0.0,-8.103333333333334e-06,0.0,0.005511411350691581,1.0,0.5
2022-10-02 00:00:00+00:00,0.004468547904735534,0.0007,0.001344925,0.0,0.005113472904735534,1.0,0.5
2022-10-03 00:00:00+00:00,-0.008373347229409668,0.0,0.00022284333333333331,0.0,-0.008150503896076335,1.0,0.5
2022-10-04 00:00:00+00:00,-0.007582823247613019,0.0,9.524833333333333e-05,0.0,-0.007487574914279686,1.0,0.5
2022-10-05 00:00:00+00:00,0.010831757307189382,0.0,4.178166666666667e-05,0.0,0.01087353897385605,1.0,0.5
2022-10-06 00:00:00+00:00,0.016848045214858276,0.0,0.0012946783333333332,0.0,0.01814272354819161,1.0,0.5
2022-10-07 00:00:00+00:00,0.004317088858047768,0.0,0.000410125,0.0,0.004727213858047768,1.0,0.5
2022-10-08 00:00:00+00:00,-0.012765787778817799,0.0,0.0005325000000000001,0.0,-0.012233287778817799,1.0,0.5
2022-10-09 00:00:00+00:00,0.015163311759659421,0.00046666666666666666,9.950166666666666e-05,9.905453485656288e-21,0.01479614675965942,0.9999999999999999,0.5
2022-10-10 00:00:00+00:00,0.004005868663713736,0.0,0.0002380533333333333,9.905453485656288e-21,0.004243921997047069,0.9999999999999999,0.5
2022-10-11 00:00:00+00:00,0.01770853698760862,0.0,0.00025474666666666667,1.055255987547779e-20,0.017963283654275287,0.9999999999999999,0.5
2022-10-12 00:00:00+00:00,-0.015352778757275514,0.0,4.638e-05,1.0640695389227505e-20,-0.015306398757275514,0.9999999999999999,0.5
2022-10-13 00:00:00+00:00,0.018756186234185974,0.0,-0.00027004333333333335,1.087559900401508e-20,0.01848614290085264,0.9999999999999999,0.5
2022-10-14 00:00:00+00:00,0.008992598234644303,0.0,-0.00035732333333333326,1.0904949240729204e-20,0.00863527490131097,0.9999999999999999,0.5
2022-10-15 00:00:00+00:00,0.013622233687102062,0.0,8.228666666666663e-05,1.0904949240729204e-20,0.01370452035376873,0.9999999999999999,0.5
2022-10-16 00:00:00+00:00,-0.017107710356582297,0.0009333333333333333,0.0011821166666666665,0.0,-0.016858927023248964,1.0,0.5
2022-10-17 00:00:00+00:00,0.007535924604458178,0.0,-0.000108575,0.0,0.007427349604458179,1.0,0.5
2022-10-18 00:00:00+00:00,0.009450082222527025,0.0,9.900666666666668e-05,0.0,0.009549088889193692,1.0,0.5
2022-10-19 00:00:00+00:00,0.016977482919674897,0.0,-0.00013753166666666679,0.0,0.01683995125300823,1.0,0.5
2022-10-20 00:00:00+00:00,-0.011959056502037898,0.0,-3.806666666666668e-05,0.0,-0.011997123168704564,1.0,0.5
2022-10-21 00:00:00+00:00,-0.04276075511020744,0.0,-1.3833333333333308e-06,0.0,-0.04276213844354077,1.0,0.5
2022-10-22 00:00:00+00:00,0.011989020173092906,0.0,-0.00023180000000000002,0.0,0.011757220173092905,1.0,0.5
2022-10-23 00:00:00+00:00,0.014171073050941119,0.0009333333333333333,-0.000415845,0.0,0.012821894717607786,1.0,0.5
2022-10-24 00:00:00+00:00,0.0031118567770736343,0.0,-0.0002581583333333333,0.0,0.002853698443740301,1.0,0.5
2022-10-25 00:00:00+00:00,-0.006080895152755155,0.0,-0.00044035166666666665,0.0,-0.006521246819421822,1.0,0.5
2022-10-26 00:00:00+00:00,0.00781764818621459,0.0,-0.00029966,0.0,0.00751798818621459,1.0,0.5
2022-10-27 00:00:00+00:00,0.005204516712941494,0.0,-0.00015832833333333333,0.0,0.005046188379608161,1.0,0.5
2022-10-28 00:00:00+00:00,0.0018967083178873159,0.0,-0.00013514499999999998,0.0,0.001761563317887316,1.0,0.5
2022-10-29 00:00:00+00:00,-0.01947879300824599,0.0,-4.7825e-05,0.0,-0.01952661800824599,1.0,0.5
2022-10-30 00:00:00+00:00,-0.05246585678711657,0.0011666666666666668,0.00020609333333333334,0.0,-0.05342643012044991,1.0,0.5
2022-10-31 00:00:00+00:00,0.01151534085046611,0.0,-0.00021335166666666667,0.0,0.011301989183799443,1.0,0.5
2022-11-01 00:00:00+00:00,0.02497681862603503,0.0,-0.00013464833333333328,0.0,0.024842170292701696,1.0,0.5
2022-11-02 00:00:00+00:00,0.14758600359834526,0.0,0.0012383333333333335,0.0,0.1488243369316786,1.0,0.5
2022-11-03 00:00:00+00:00,0.0207573782199677,0.0,0.002814048333333333,0.0,0.023571426553301033,1.0,0.5
2022-11-04 00:00:00+00:00,-0.0593444980707052,0.0,0.0015915383333333331,0.0,-0.057752959737371865,1.0,0.5
2022-11-05 00:00:00+00:00,-0.03098657792233346,0.0,0.0004548499999999999,0.0,-0.03053172792233346,1.0,0.5
2022-11-06 00:00:00+00:00,0.00743873579337297,0.0009333333333333333,0.0019703399999999997,0.0,0.008475742460039636,1.0,0.5
2022-11-07 00:00:00+00:00,-0.0863086613441334,0.0,0.0007626466666666666,0.0,-0.08554601467746673,1.0,0.5
2022-11-08 00:00:00+00:00,0.006236192325322076,0.0,-0.0010372333333333332,0.0,0.005198958991988743,1.0,0.5
2022-11-09 00:00:00+00:00,-0.0068814639478747275,0.0,0.00017242166666666664,0.0,-0.0067090422812080604,1.0,0.5
2022-11-10 00:00:00+00:00,0.12423096824750629,0.0,0.0014597616666666665,0.0,0.12569072991417296,1.0,0.5
2022-11-11 00:00:00+00:00,0.036403407737857475,0.0,0.006644478333333334,0.0,0.04304788607119081,1.0,0.5
2022-11-12 00:00:00+00:00,0.01432434217404821,0.0,0.00213467,0.0,0.01645901217404821,1.0,0.5
2022-11-13 00:00:00+00:00,0.15534407490254773,0.0007,-0.014552146666666668,0.0,0.14009192823588104,1.0,0.5
2022-11-14 00:00:00+00:00,-0.1753962085612356,0.0001833333333333333,-0.019976928333333335,0.0,-0.1955564702279023,1.0,0.5
2022-11-15 00:00:00+00:00,-0.07383742306829882,0.0003666666666666666,-0.0076360916666666665,1.8524299576716536e-05,-0.08182165710205544,0.8333333333333333,0.5
2022-11-16 00:00:00+00:00,0.014558325000779138,0.0,3.877500000000001e-05,5.557289873014959e-05,0.014652672899509287,0.5,0.5
2022-11-17 00:00:00+00:00,-0.002221722938956801,0.0,0.001101685,5.544133728685452e-05,-0.0010645966016699464,0.5,0.5
2022-11-18 00:00:00+00:00,-0.010430928034737736,0.0,0.0006397083333333333,5.570444757541093e-05,-0.009735515253828993,0.5,0.5
2022-11-19 00:00:00+00:00,-0.01388951894805986,0.0,0.0004613683333333333,5.570444757541093e-05,-0.013372446167151116,0.5,0.5
2022-11-20 00:00:00+00:00,-0.03592917010791287,0.0008166666666666666,-0.00014673166666666663,0.0,-0.0368925684412462,1.0,0.5
2022-11-21 00:00:00+00:00,-0.006492190999989043,0.0,-0.0003254083333333333,0.0,-0.006817599333322376,1.0,0.5
2022-11-22 00:00:00+00:00,-0.02045376406598677,0.0,9.433833333333331e-05,0.0,-0.02035942573265344,1.0,0.5
2022-11-23 00:00:00+00:00,-0.05303012140032988,0.0,4.445166666666671e-05,0.0,-0.05298566973366321,1.0,0.5
2022-11-24 00:00:00+00:00,0.003575485551115624,0.0,-0.00027047666666666666,0.0,0.003305008884448957,1.0,0.5
2022-11-25 00:00:00+00:00,0.002988867141935895,0.0,2.4208333333333357e-05,0.0,0.0030130754752692285,1.0,0.5
2022-11-26 00:00:00+00:00,0.0040475986045424555,0.0,5.6316666666667265e-06,0.0,0.0040532302712091225,1.0,0.5
2022-11-27 00:00:00+00:00,-0.004794150217484731,0.0007,-0.000336805,1.2573261754786107e-20,-0.005830955217484731,0.9999999999999999,0.5
2022-11-28 00:00:00+00:00,-0.0016326383467958699,0.0,-0.0013934483333333332,1.2806682413648436e-20,-0.003026086680129203,0.9999999999999999,0.5
2022-11-29 00:00:00+00:00,-0.0063678360350045695,0.0,-0.00046657666666666665,1.2719170596799e-20,-0.0068344127016712365,0.9999999999999999,0.5
2022-11-30 00:00:00+00:00,-0.019859419424373893,0.0,-0.0003234766666666667,1.2719170596799e-20,-0.02018289609104056,0.9999999999999999,0.5
2022-12-01 00:00:00+00:00,-0.0025337406585059594,0.0,-0.00018674166666666662,1.2573261754786107e-20,-0.002720482325172626,0.9999999999999999,0.5
2022-12-02 00:00:00+00:00,0.0068340913994088814,0.0,-0.00045078166666666673,1.2573261754786107e-20,0.006383309732742214,0.9999999999999999,0.5
2022-12-03 00:00:00+00:00,-0.042676549496515837,0.0,-3.882666666666666e-05,1.2573261754786107e-20,-0.0427153761631825,0.9999999999999999,0.5
2022-12-04 00:00:00+00:00,0.04667095626801,0.0009333333333333333,-6.026333333333334e-05,0.0,0.04567735960134334,1.0,0.5
2022-12-05 00:00:00+00:00,0.01544339093237118,0.0,1.1719999999999996e-05,0.0,0.01545511093237118,1.0,0.5
2022-12-06 00:00:00+00:00,0.014582494432332282,0.0,6.609333333333333e-05,0.0,0.014648587765665615,1.0,0.5
2022-12-07 00:00:00+00:00,0.0044470512782295475,0.0,0.000108835,0.0,0.004555886278229547,1.0,0.5
2022-12-08 00:00:00+00:00,0.02595199522040753,0.0,-7.1535e-05,0.0,0.02588046022040753,1.0,0.5
2022-12-09 00:00:00+00:00,-0.0017467844868210096,0.0,8.329999999999999e-05,0.0,-0.0016634844868210097,1.0,0.5
2022-12-10 00:00:00+00:00,0.01878085813521694,0.0,7.310333333333331e-05,0.0,0.018853961468550274,1.0,0.5
2022-12-11 00:00:00+00:00,0.004197873619583033,0.0007,0.0003773633333333333,0.0,0.0038752369529163663,1.0,0.5
2022-12-12 00:00:00+00:00,-0.017645234258725145,0.0,6.279333333333337e-05,0.0,-0.017582440925391813,1.0,0.5
2022-12-13 00:00:00+00:00,0.0024095279350314826,0.0,-0.00023154666666666665,0.0,0.002177981268364816,1.0,0.5
2022-12-14 00:00:00+00:00,-0.011115210913800744,0.0,0.00019660833333333332,0.0,-0.01091860258046741,1.0,0.5
2022-12-15 00:00:00+00:00,-0.01378581052342387,0.0,0.0008359666666666667,0.0,-0.012949843856757202,1.0,0.5
2022-12-16 00:00:00+00:00,0.004288257285613757,0.0,0.0006274633333333332,0.0,0.00491572061894709,1.0,0.5
2022-12-17 00:00:00+00:00,0.0024462038934049235,0.0,0.00014681999999999998,0.0,0.0025930238934049237,1.0,0.5
2022-12-18 00:00:00+00:00,-0.01101419540253919,0.0007,1.6128333333333367e-05,0.0,-0.011698067069205856,1.0,0.5
2022-12-19 00:00:00+00:00,-0.008281447965621209,0.0,1.3118333333333333e-05,0.0,-0.008268329632287876,1.0,0.5
2022-12-20 00:00:00+00:00,0.01763083315232159,0.0,0.00067111,0.0,0.01830194315232159,1.0,0.5
2022-12-21 00:00:00+00:00,0.009977561369853172,0.0,0.00028192833333333324,0.0,0.010259489703186506,1.0,0.5
2022-12-22 00:00:00+00:00,0.016799805389467813,0.0,0.0012534299999999998,0.0,0.018053235389467813,1.0,0.5
2022-12-23 00:00:00+00:00,-0.000779262607496408,0.0,-0.00048107000000000005,0.0,-0.001260332607496408,1.0,0.5
2022-12-24 00:00:00+00:00,0.00914133857924885,0.0,-0.0008455116666666668,0.0,0.008295826912582184,1.0,0.5
2022-12-25 00:00:00+00:00,0.004829030477192241,0.0009333333333333333,0.0001376583333333333,0.0,0.004033355477192241,1.0,0.5
2022-12-26 00:00:00+00:00,-0.047015629943837636,0.0,-0.002281383333333333,0.0,-0.04929701327717097,1.0,0.5
2022-12-27 00:00:00+00:00,0.005389149925534244,0.0,-0.005730208333333333,0.0,-0.00034105840779908875,1.0,0.5
2022-12-28 00:00:00+00:00,0.03335268053877736,0.0,0.0004611299999999999,0.0,0.033813810538777356,1.0,0.5
2022-12-29 00:00:00+00:00,0.0013991142695586505,0.0,0.00028117333333333333,0.0,0.0016802876028919839,1.0,0.5
2022-12-30 00:00:00+00:00,0.0014130465028563033,0.0,0.00017750333333333326,0.0,0.0015905498361896365,1.0,0.5
2022-12-31 00:00:00+00:00,-0.007990578055607803,0.0,0.00047625833333333323,0.0,-0.00751431972227447,1.0,0.5
2023-01-01 00:00:00+00:00,-0.022778365993950146,0.0007,6.254666666666666e-05,0.0,-0.02341581932728348,1.0,0.5
2023-01-02 00:00:00+00:00,-0.008723747982826897,0.0,0.0009208716666666664,0.0,-0.00780287631616023,1.0,0.5
2023-01-03 00:00:00+00:00,-0.022266404488075285,0.0,0.0006743616666666666,0.0,-0.021592042821408617,1.0,0.5
2023-01-04 00:00:00+00:00,0.016260596019559145,0.0,0.0003736733333333333,0.0,0.01663426935289248,1.0,0.5
2023-01-05 00:00:00+00:00,0.012332875689604283,0.0,0.00042275833333333334,0.0,0.012755634022937617,1.0,0.5
2023-01-06 00:00:00+00:00,-0.014643198430331683,0.0,0.0005989866666666666,0.0,-0.014044211763665016,1.0,0.5
2023-01-07 00:00:00+00:00,0.018742242692142214,0.0,0.0005981499999999999,0.0,0.019340392692142213,1.0,0.5
2023-01-08 00:00:00+00:00,0.042451242873354327,0.0009333333333333333,0.003676881666666667,0.0,0.04519479120668766,1.0,0.5
2023-01-09 00:00:00+00:00,-0.03300494216886044,0.0,1.5961666666666667e-05,0.0,-0.032988980502193774,1.0,0.5
2023-01-10 00:00:00+00:00,0.01644465093180752,0.0,0.0,0.0,0.01644465093180752,1.0,0.5
2023-01-11 00:00:00+00:00,-0.010337029515272284,0.0,0.0003589716666666666,0.0,-0.009978057848605618,1.0,0.5
2023-01-12 00:00:00+00:00,0.018896604682451322,0.0,0.0005518816666666666,0.0,0.01944848634911799,1.0,0.5
2023-01-13 00:00:00+00:00,-0.012776880679089737,0.0,0.00015342833333333332,0.0,-0.012623452345756403,1.0,0.5
2023-01-14 00:00:00+00:00,-0.02401017445373773,0.0,-0.00014917166666666667,0.0,-0.024159346120404396,1.0,0.5
2023-01-15 00:00:00+00:00,-0.007835542413232475,0.0008166666666666667,-0.000369835,6.0431836121255245e-05,-0.008961612243777888,0.5,0.5
2023-01-16 00:00:00+00:00,-0.01003198045945867,0.0,-0.00029908,6.0431836121255245e-05,-0.010270628623337415,0.5,0.5
2023-01-17 00:00:00+00:00,-0.004433514655452534,0.0,-0.00015382166666666667,6.108713315289283e-05,-0.004526249188966307,0.5,0.5
2023-01-18 00:00:00+00:00,-0.03429391396644591,0.0,-0.00015000000000000001,6.082505184812348e-05,-0.034383088914597786,0.5,0.5
2023-01-19 00:00:00+00:00,0.008544444229956167,0.0,-0.00014801666666666667,6.0956098750231114e-05,0.008457383662039731,0.5,0.5
2023-01-20 00:00:00+00:00,0.07637361587331963,0.0,7.438333333333326e-06,6.12181550585511e-05,0.07644227236171151,0.5,0.5
2023-01-21 00:00:00+00:00,-0.009975237830945411,0.0,-0.00023491999999999998,6.12181550585511e-05,-0.01014893967588686,0.5,0.5
2023-01-22 00:00:00+00:00,0.015326070667181703,0.00023333333333333333,-0.00020483166666666669,6.12181550585511e-05,0.014949123822240253,0.5,0.5
2023-01-23 00:00:00+00:00,0.030794617941902205,0.0,-0.00010312333333333333,6.134916446953742e-05,0.03075284377303841,0.5,0.5
2023-01-24 00:00:00+00:00,-0.03159768216086428,0.0,-0.000171545,6.12181550585511e-05,-0.03170800900580573,0.5,0.5
2023-01-25 00:00:00+00:00,0.09893148281347303,0.0,0.00028947166666666666,6.108713315289283e-05,0.09928204161329258,0.5,0.5
2023-01-26 00:00:00+00:00,-0.017691146941528235,0.0,0.0004462083333333333,6.0956098750231114e-05,-0.01718398250944467,0.5,0.5
2023-01-27 00:00:00+00:00,0.015775057674864312,0.0,0.00010608833333333333,6.12181550585511e-05,0.015942364163256197,0.5,0.5
2023-01-28 00:00:00+00:00,0.002147240629953844,0.0,0.00020783500000000005,6.12181550585511e-05,0.0024162937850123953,0.5,0.5
2023-01-29 00:00:00+00:00,0.01756053281858675,0.00023333333333333333,-0.00011408833333333332,6.12181550585511e-05,0.017274329306978635,0.5,0.5
2023-01-30 00:00:00+00:00,-0.0440562369392005,0.0,-6.535833333333334e-05,6.148016138818324e-05,-0.04406011511114565,0.5,0.5
2023-01-31 00:00:00+00:00,-0.0016843206045686894,0.0,-1.978333333333333e-05,6.134916446953742e-05,-0.0016427547734324853,0.5,0.5
2023-02-01 00:00:00+00:00,0.03180782989557507,0.0,-8.137833333333334e-05,6.082505184812348e-05,0.03178727661408986,0.5,0.5
2023-02-02 00:00:00+00:00,-0.024681594730927587,0.0,-0.0002988233333333333,6.069399244412743e-05,-0.024919724071816793,0.5,0.5
2023-02-03 00:00:00+00:00,0.006021523802702099,0.0,-4.925000000000001e-05,6.12181550585511e-05,0.0060334919577606505,0.5,0.5
2023-02-04 00:00:00+00:00,-0.0059778536282038,0.0,-0.00019563,6.12181550585511e-05,-0.006112265473145248,0.5,0.5
2023-02-05 00:00:00+00:00,-0.015121370814836981,0.0008166666666666667,-4.969166666666662e-05,0.0,-0.015987729148170315,1.0,0.5
2023-02-06 00:00:00+00:00,-0.009665214111962823,0.0,-6.709333333333335e-05,0.0,-0.009732307445296157,1.0,0.5
2023-02-07 00:00:00+00:00,0.018638819268957788,0.0,-6.5683333333333295e-06,0.0,0.018632250935624456,1.0,0.5
2023-02-08 00:00:00+00:00,-0.02922933501565944,0.0,-2.4428333333333297e-05,0.0,-0.029253763348992774,1.0,0.5
2023-02-09 00:00:00+00:00,-0.025545610525219545,0.0,-3.070166666666667e-05,0.0,-0.025576312191886212,1.0,0.5
2023-02-10 00:00:00+00:00,-0.013482401506274756,0.0,-4.358500000000001e-05,0.0,-0.013525986506274757,1.0,0.5
2023-02-11 00:00:00+00:00,0.011526192573108978,0.0,0.0001965033333333333,0.0,0.011722695906442312,1.0,0.5
2023-02-12 00:00:00+00:00,0.008860290274888622,0.0011666666666666665,0.0038301316666666664,1.385487063644581e-20,0.011523755274888622,0.9999999999999999,0.5
2023-02-13 00:00:00+00:00,-0.031991860286381305,0.0,0.0,1.3912997842090435e-20,-0.031991860286381305,0.9999999999999999,0.5
2023-02-14 00:00:00+00:00,0.041018947329300594,0.0,6.307166666666666e-05,1.3883935623792966e-20,0.04108201899596726,0.9999999999999999,0.5
2023-02-15 00:00:00+00:00,0.03942132698130281,0.0,0.0002970033333333333,1.385487063644581e-20,0.03971833031463614,0.9999999999999999,0.5
2023-02-16 00:00:00+00:00,-0.01257911178255866,0.0,-3.1085e-05,1.397111397353311e-20,-0.01261019678255866,0.9999999999999999,0.5
2023-02-17 00:00:00+00:00,-0.013908003761027425,0.0,0.0,1.397111397353311e-20,-0.013908003761027425,0.9999999999999999,0.5
2023-02-18 00:00:00+00:00,0.02203942801525653,0.0,0.00011995166666666665,1.397111397353311e-20,0.022159379681923195,0.9999999999999999,0.5
2023-02-19 00:00:00+00:00,-0.01781143286107058,0.0009333333333333332,-2.6078333333333344e-05,1.397111397353311e-20,-0.018770844527737248,0.9999999999999999,0.5
2023-02-20 00:00:00+00:00,-0.01030672829176658,0.0,5.290000000000012e-06,1.397111397353311e-20,-0.010301438291766581,0.9999999999999999,0.5
2023-02-21 00:00:00+00:00,-0.0006835217574934216,0.0,2.0240000000000003e-05,1.4029219034964658e-20,-0.0006632817574934216,0.9999999999999999,0.5
2023-02-22 00:00:00+00:00,0.0012519183194991488,0.0,1.3888333333333327e-05,1.4000167887738348e-20,0.001265806652832482,0.9999999999999999,0.5
2023-02-23 00:00:00+00:00,0.008857718958226936,0.0,3.7358333333333345e-05,1.4000167887738348e-20,0.008895077291560268,0.9999999999999999,0.5
2023-02-24 00:00:00+00:00,-0.0003616377567532414,0.0,0.0,1.4029219034964658e-20,-0.0003616377567532414,0.9999999999999999,0.5
2023-02-25 00:00:00+00:00,-0.00310330079368959,0.0,-4.158333333333334e-05,1.4029219034964658e-20,-0.003144884127022923,0.9999999999999999,0.5
2023-02-26 00:00:00+00:00,0.005332757216569986,0.0007,-0.00011001166666666667,0.0,0.00452274554990332,1.0,0.5
2023-02-27 00:00:00+00:00,-0.00693438102110409,0.0,-6.248166666666667e-05,0.0,-0.0069968626877707565,1.0,0.5
2023-02-28 00:00:00+00:00,-0.02199086269354228,0.0,-6.411666666666672e-06,0.0,-0.021997274360208947,1.0,0.5
2023-03-01 00:00:00+00:00,-0.02531471812763736,0.0,-4.8038333333333344e-05,0.0,-0.025362756460970692,1.0,0.5
2023-03-02 00:00:00+00:00,-0.022397729051757555,0.0,-0.0009791566666666667,0.0,-0.023376885718424223,1.0,0.5
2023-03-03 00:00:00+00:00,-0.003173692401323534,0.0,-0.000449125,0.0,-0.003622817401323534,1.0,0.5
2023-03-04 00:00:00+00:00,-0.0029095390809486376,0.0,-0.00022603,0.0,-0.0031355690809486375,1.0,0.5
2023-03-05 00:00:00+00:00,0.004686367330698789,0.0014,-2.3578333333333344e-05,1.4087313030649858e-20,0.003262788997365456,0.9999999999999999,0.5
2023-03-06 00:00:00+00:00,-0.005982179073072875,0.0,1.4476666666666663e-05,1.4145395964804186e-20,-0.005967702406406208,0.9999999999999999,0.5
2023-03-07 00:00:00+00:00,-0.009900294975267602,0.0,1.2803333333333333e-05,1.4464654565756322e-20,-0.009887491641934268,0.9999999999999999,0.5
2023-03-08 00:00:00+00:00,-0.039494427014445645,0.0,1.0283333333333385e-06,1.452266570252422e-20,-0.03949339868111231,0.9999999999999999,0.5
2023-03-09 00:00:00+00:00,-0.009968257711600403,0.0,-8.836666666666656e-06,1.4464654565756322e-20,-0.00997709437826707,0.9999999999999999,0.5
2023-03-10 00:00:00+00:00,-0.01685555724522906,0.0,-9.825833333333331e-05,1.4348599185478615e-20,-0.016953815578562393,0.9999999999999999,0.5
2023-03-11 00:00:00+00:00,-3.403162129561599e-05,0.0,7.148500000000001e-05,1.4348599185478615e-20,3.7453378704384037e-05,0.9999999999999999,0.5
2023-03-12 00:00:00+00:00,-0.08816873454155737,0.0010500000000000002,-0.00028100499999999997,6.46203459450101e-05,-0.08943511919561235,0.5,0.0
2023-03-13 00:00:00+00:00,-0.03122083940174913,0.0,-0.00010109666666666665,6.292030368515444e-05,-0.03125901576473064,0.5,0.0
2023-03-14 00:00:00+00:00,-0.06260634339450706,0.0,0.00015000000000000001,6.305115088234281e-05,-0.06239329224362472,0.5,0.0
2023-03-15 00:00:00+00:00,0.047218619929980346,0.0,0.00031047999999999997,6.148016138818324e-05,0.04759058009136853,0.5,0.0
2023-03-16 00:00:00+00:00,-0.009230212736121346,0.0,0.000118815,6.12181550585511e-05,-0.009050179581062795,0.5,0.0
2023-03-17 00:00:00+00:00,-0.038563010197468064,0.0,9.3535e-05,5.846406748000188e-05,-0.038411011129988064,0.5,0.0
2023-03-18 00:00:00+00:00,-0.013855719576511771,0.0,0.00015000000000000001,5.846406748000188e-05,-0.013647255509031769,0.5,0.0
2023-03-19 00:00:00+00:00,-0.03401620467130906,0.00105,-0.0011923366666666665,0.0,-0.03625854133797573,1.0,0.5
2023-03-20 00:00:00+00:00,-0.005697329778110605,0.0001833333333333333,0.001965341666666667,0.0,-0.003915321444777271,1.0,0.5
2023-03-21 00:00:00+00:00,-0.013095981809662519,0.0,9.410166666666667e-05,2.0624359071500887e-05,-0.012981255783924351,0.8333333333333333,0.5
2023-03-22 00:00:00+00:00,-0.012411735150331468,0.0,4.780000000000005e-06,2.0668008062626114e-05,-0.012386287142268842,0.8333333333333333,0.5
2023-03-23 00:00:00+00:00,0.060371108951011096,0.0,0.00011521,2.0406051686183712e-05,0.06050672500269728,0.8333333333333333,0.5
2023-03-24 00:00:00+00:00,-0.029819801199921,0.0,0.0003415283333333334,2.0406051686183712e-05,-0.029457866814901482,0.8333333333333333,0.5
2023-03-25 00:00:00+00:00,-0.015091664131804423,0.0,8.2225e-05,2.0406051686183712e-05,-0.014989033080118239,0.8333333333333333,0.5
2023-03-26 00:00:00+00:00,0.023356066538140166,0.0008166666666666667,5.579333333333331e-05,0.0,0.02259519320480683,1.0,0.5
2023-03-27 00:00:00+00:00,-0.023447090310127906,0.0,0.00013407666666666668,0.0,-0.02331301364346124,1.0,0.5
2023-03-28 00:00:00+00:00,-0.004409865138520541,0.0,0.00022480333333333333,0.0,-0.004185061805187208,1.0,0.5
2023-03-29 00:00:00+00:00,0.009682517906752156,0.0,0.00011991333333333335,0.0,0.00980243124008549,1.0,0.5
2023-03-30 00:00:00+00:00,-0.01817358807022037,0.0,7.176666666666675e-06,0.0,-0.0181664114035537,1.0,0.5
2023-03-31 00:00:00+00:00,-0.020790365700074805,0.0,5.614000000000001e-05,0.0,-0.020734225700074806,1.0,0.5
2023-04-01 00:00:00+00:00,-0.015498421410046296,0.0,6.353333333333335e-05,0.0,-0.015434888076712961,1.0,0.5
2023-04-02 00:00:00+00:00,-0.031177098856913516,0.0009333333333333333,0.002042798333333333,0.0,-0.03006763385691352,1.0,0.5
2023-04-03 00:00:00+00:00,0.06528462341352974,0.0,0.003730605,0.0,0.06901522841352974,1.0,0.5
2023-04-04 00:00:00+00:00,-0.025331984246518835,0.0,0.004604214999999999,0.0,-0.020727769246518837,1.0,0.5
2023-04-05 00:00:00+00:00,-0.0198309596805827,0.0,0.002590035,0.0,-0.0172409246805827,1.0,0.5
2023-04-06 00:00:00+00:00,-0.015111956209492997,0.0,0.0013444399999999997,0.0,-0.013767516209492996,1.0,0.5
2023-04-07 00:00:00+00:00,-0.0064442663966082035,0.0,0.00033594666666666664,0.0,-0.006108319729941537,1.0,0.5
2023-04-08 00:00:00+00:00,-0.009465402782393106,0.0,0.0008455766666666667,0.0,-0.00861982611572644,1.0,0.5
2023-04-09 00:00:00+00:00,-0.037507538567456145,0.0011666666666666665,0.00028703666666666665,0.0,-0.03838716856745615,1.0,0.5
2023-04-10 00:00:00+00:00,-0.0019386732244074034,0.0,0.0003694183333333333,0.0,-0.00156925489107407,1.0,0.5
2023-04-11 00:00:00+00:00,-0.033207689939725636,0.0,0.00037676833333333336,0.0,-0.0328309216063923,1.0,0.5
2023-04-12 00:00:00+00:00,-0.008002050709317386,0.0,0.00018270833333333333,0.0,-0.007819342375984053,1.0,0.5
2023-04-13 00:00:00+00:00,0.009205121555286262,0.0,8.901333333333333e-05,0.0,0.009294134888619595,1.0,0.5
2023-04-14 00:00:00+00:00,0.03681834322629052,0.0,0.0010140133333333334,0.0,0.03783235655962385,1.0,0.5
2023-04-15 00:00:00+00:00,0.00267269402915754,0.0,0.0005397449999999999,0.0,0.0032124390291575398,1.0,0.5
2023-04-16 00:00:00+00:00,-0.02437181532731706,0.0011666666666666665,0.0010470633333333331,0.0,-0.024491418660650393,1.0,0.5
2023-04-17 00:00:00+00:00,0.001422208526189444,0.0,0.0009649033333333333,0.0,0.002387111859522777,1.0,0.5
2023-04-18 00:00:00+00:00,-0.02583664891882468,0.0,0.00048241666666666664,0.0,-0.025354232252158014,1.0,0.5
2023-04-19 00:00:00+00:00,0.012422957706529403,0.0,0.000311435,0.0,0.012734392706529403,1.0,0.5
2023-04-20 00:00:00+00:00,-0.014717052669682557,0.0,8.8655e-05,0.0,-0.014628397669682557,1.0,0.5
2023-04-21 00:00:00+00:00,-0.008094264254364068,0.0,0.00012824166666666666,0.0,-0.0079660225876974,1.0,0.5
2023-04-22 00:00:00+00:00,0.03471400466452678,0.0,0.00010491333333333334,0.0,0.03481891799786011,1.0,0.5
2023-04-23 00:00:00+00:00,-0.034581554579326115,0.0011666666666666665,5.228000000000001e-05,0.0,-0.03569594124599278,1.0,0.5
2023-04-24 00:00:00+00:00,-0.0035128642361024563,0.0,-1.0138333333333344e-05,0.0,-0.0035230025694357897,1.0,0.5
2023-04-25 00:00:00+00:00,0.03215416503151021,0.0,0.00024402666666666667,0.0,0.03239819169817688,1.0,0.5
2023-04-26 00:00:00+00:00,0.03496142638123842,0.0,0.00036257166666666665,0.0,0.035323998047905085,1.0,0.5
2023-04-27 00:00:00+00:00,0.0029407635074186382,0.0,0.0005492949999999999,0.0,0.0034900585074186382,1.0,0.5
2023-04-28 00:00:00+00:00,-0.010489138950803056,0.0,0.0003895849999999999,0.0,-0.010099553950803057,1.0,0.5
2023-04-29 00:00:00+00:00,-0.0068883296368868465,0.0,0.0004149866666666666,0.0,-0.00647334297022018,1.0,0.5
2023-04-30 00:00:00+00:00,0.018315995692069837,0.00046666666666666666,0.0002861133333333333,0.0,0.018135442358736504,1.0,0.5
2023-05-01 00:00:00+00:00,-0.009874995313782813,0.0,0.000818145,0.0,-0.009056850313782814,1.0,0.5
2023-05-02 00:00:00+00:00,-0.03441114559132784,0.0,0.0004049666666666667,0.0,-0.03400617892466117,1.0,0.5
2023-05-03 00:00:00+00:00,0.03792838307099074,0.0,0.00041962333333333337,0.0,0.03834800640432407,1.0,0.5
2023-05-04 00:00:00+00:00,-0.008442078964519723,0.0,0.00037947,0.0,-0.008062608964519723,1.0,0.5
2023-05-05 00:00:00+00:00,-0.01799864643979271,0.0,0.00029015666666666666,0.0,-0.017708489773126043,1.0,0.5
2023-05-06 00:00:00+00:00,0.02153806508196513,0.0,0.00027316,0.0,0.021811225081965133,1.0,0.5
2023-05-07 00:00:00+00:00,0.010602856410911889,0.0007,-6.922333333333333e-05,0.0,0.009833633077578556,1.0,0.5
2023-05-08 00:00:00+00:00,0.015108381674959075,0.0,5.7085000000000007e-05,0.0,0.015165466674959075,1.0,0.5
2023-05-09 00:00:00+00:00,-0.022376609924364372,0.0,7.806166666666665e-05,0.0,-0.022298548257697705,1.0,0.5
2023-05-10 00:00:00+00:00,0.017536864180497044,0.0,8.901333333333333e-05,0.0,0.017625877513830376,1.0,0.5
2023-05-11 00:00:00+00:00,-0.00826515114010819,0.0,8.875e-05,0.0,-0.00817640114010819,1.0,0.5
2023-05-12 00:00:00+00:00,-0.011485850941969578,0.0,0.0001701166666666667,0.0,-0.011315734275302912,1.0,0.5
2023-05-13 00:00:00+00:00,0.01607441135788873,0.0,0.00015249166666666663,0.0,0.016226903024555397,1.0,0.5
2023-05-14 00:00:00+00:00,-0.01622299164677432,0.0007,0.0016155949999999998,0.0,-0.01530739664677432,1.0,0.5
2023-05-15 00:00:00+00:00,-0.03485392580255209,0.0,0.0010219716666666665,0.0,-0.03383195413588542,1.0,0.5
2023-05-16 00:00:00+00:00,-0.02679774849038143,0.0,0.0007573549999999998,0.0,-0.02604039349038143,1.0,0.5
2023-05-17 00:00:00+00:00,-0.019412597785260242,0.0,-0.0019679199999999997,0.0,-0.02138051778526024,1.0,0.5
2023-05-18 00:00:00+00:00,0.02014817495644615,0.0,-8.34833333333333e-06,0.0,0.020139826623112814,1.0,0.5
2023-05-19 00:00:00+00:00,0.02747824638035506,0.0,0.00099888,0.0,0.028477126380355062,1.0,0.5
2023-05-20 00:00:00+00:00,0.03078323446026313,0.0,0.0008090099999999999,0.0,0.03159224446026313,1.0,0.5
2023-05-21 00:00:00+00:00,0.0186642756897605,0.00046666666666666666,0.0009162633333333333,0.0,0.019113872356427166,1.0,0.5
2023-05-22 00:00:00+00:00,0.041032245766938175,0.0,0.0022540200000000002,0.0,0.04328626576693818,1.0,0.5
2023-05-23 00:00:00+00:00,0.044102122492479065,0.0,0.003151121666666666,0.0,0.04725324415914573,1.0,0.5
2023-05-24 00:00:00+00:00,0.10592899448355284,0.0,0.0026146733333333332,0.0,0.10854366781688617,1.0,0.5
2023-05-25 00:00:00+00:00,0.00619912055145679,0.0,0.003278805,0.0,0.00947792555145679,1.0,0.5
2023-05-26 00:00:00+00:00,-0.011005308849368104,0.0,0.00120859,0.0,-0.009796718849368103,1.0,0.5
2023-05-27 00:00:00+00:00,-0.027755096412446577,0.0,0.001048495,0.0,-0.026706601412446577,1.0,0.5
2023-05-28 00:00:00+00:00,0.03040295925852088,0.00046666666666666666,0.00022338333333333333,0.0,0.030159675925187545,1.0,0.5
2023-05-29 00:00:00+00:00,-0.03983842687877912,0.0,8.442333333333334e-05,0.0,-0.03975400354544579,1.0,0.5
2023-05-30 00:00:00+00:00,-0.015588580783341742,0.0,6.535666666666667e-05,0.0,-0.015523224116675075,1.0,0.5
2023-05-31 00:00:00+00:00,-0.0032141484514995504,0.0,0.0001753783333333333,0.0,-0.003038770118166217,1.0,0.5
2023-06-01 00:00:00+00:00,-0.02135389865926479,0.0,0.00011872833333333334,0.0,-0.02123517032593146,1.0,0.5
2023-06-02 00:00:00+00:00,-0.09384179410777657,0.0,0.00014205499999999998,0.0,-0.09369973910777657,1.0,0.5
2023-06-03 00:00:00+00:00,0.0011585744342192754,0.0,8.82033333333333e-05,0.0,0.0012467777675526088,1.0,0.5
2023-06-04 00:00:00+00:00,-0.016412683259115508,0.0013999999999999998,6.581666666666665e-06,0.0,-0.017806101592448838,1.0,0.5
2023-06-05 00:00:00+00:00,-0.022814715654982647,0.0,5.2455e-05,0.0,-0.022762260654982647,1.0,0.5
2023-06-06 00:00:00+00:00,-0.004880509272640757,0.0,0.00019620166666666666,0.0,-0.004684307605974091,1.0,0.5
2023-06-07 00:00:00+00:00,-0.03223333633543202,0.0,8.6585e-05,0.0,-0.03214675133543202,1.0,0.5
2023-06-08 00:00:00+00:00,-0.005849212525399401,0.0,4.4540000000000004e-05,0.0,-0.005804672525399401,1.0,0.5
2023-06-09 00:00:00+00:00,0.018553039726695086,0.0,0.00012175500000000002,0.0,0.018674794726695088,1.0,0.5
2023-06-10 00:00:00+00:00,-0.02162418249107765,0.0,0.00026606166666666664,0.0,-0.02135812082441098,1.0,0.5
2023-06-11 00:00:00+00:00,0.018699407092365023,0.0014,0.000364165,0.0,0.017663572092365024,1.0,0.5
2023-06-12 00:00:00+00:00,0.022487694185647205,0.0,0.00041376833333333333,0.0,0.02290146251898054,1.0,0.5
2023-06-13 00:00:00+00:00,-0.026690598393087586,0.0,0.00023325500000000003,0.0,-0.026457343393087585,1.0,0.5
2023-06-14 00:00:00+00:00,0.023390161787665283,0.0,0.00014142333333333332,0.0,0.023531585120998618,1.0,0.5
2023-06-15 00:00:00+00:00,-0.01698169220486201,0.0,0.00016872166666666665,0.0,-0.016812970538195342,1.0,0.5
2023-06-16 00:00:00+00:00,-0.006293668459845671,0.0,0.0003622483333333333,0.0,-0.005931420126512338,1.0,0.5
2023-06-17 00:00:00+00:00,-0.014211500732942212,0.0,0.0003284616666666667,0.0,-0.013883039066275546,1.0,0.5
2023-06-18 00:00:00+00:00,-0.003404350173392412,0.0009333333333333333,0.0008600316666666666,0.0,-0.0034776518400590787,1.0,0.5
2023-06-19 00:00:00+00:00,0.006299365638975373,0.0,0.0009058600000000001,0.0,0.0072052256389753735,1.0,0.5
2023-06-20 00:00:00+00:00,-0.02619621648885706,0.0,0.0006046066666666666,0.0,-0.025591609822190393,1.0,0.5
2023-06-21 00:00:00+00:00,-0.019542119303357287,0.0,0.00034060333333333335,0.0,-0.019201515970023952,1.0,0.5
2023-06-22 00:00:00+00:00,0.013171663230381695,0.0,0.00036250999999999997,0.0,0.013534173230381695,1.0,0.5
2023-06-23 00:00:00+00:00,0.003000237973463049,0.0,0.0009505566666666667,0.0,0.003950794640129715,1.0,0.5
2023-06-24 00:00:00+00:00,-0.04452149552694952,0.0,0.0002275,0.0,-0.04429399552694952,1.0,0.5
2023-06-25 00:00:00+00:00,-0.032946728651573776,0.0009333333333333333,0.0003107016666666667,0.0,-0.03356936031824044,1.0,0.5
2023-06-26 00:00:00+00:00,0.023483581051376955,0.0,0.00016803499999999997,0.0,0.023651616051376955,1.0,0.5
2023-06-27 00:00:00+00:00,0.010906200584621474,0.0,0.0003554933333333334,0.0,0.011261693917954807,1.0,0.5
2023-06-28 00:00:00+00:00,0.018667662791573482,0.0,0.0005996733333333334,0.0,0.019267336124906817,1.0,0.5
2023-06-29 00:00:00+00:00,0.025951845443505317,0.0,0.00034125333333333334,0.0,0.02629309877683865,1.0,0.5
2023-06-30 00:00:00+00:00,0.0398852587022156,0.0,0.0007798049999999998,0.0,0.0406650637022156,1.0,0.5
2023-07-01 00:00:00+00:00,-0.026927137981923012,0.0,0.0005278233333333332,0.0,-0.02639931464858968,1.0,0.5
2023-07-02 00:00:00+00:00,0.053802699058768666,0.0011666666666666665,0.0005508249999999999,0.0,0.053186857392101994,1.0,0.5
2023-07-03 00:00:00+00:00,-0.026308760894564114,0.0,0.00046668333333333334,0.0,-0.025842077561230782,1.0,0.5
2023-07-04 00:00:00+00:00,-0.031150536242326013,0.0,0.0003407966666666666,0.0,-0.030809739575659346,1.0,0.5
2023-07-05 00:00:00+00:00,0.0009774392962882223,0.0,0.00013571833333333332,0.0,0.0011131576296215557,1.0,0.5
2023-07-06 00:00:00+00:00,0.02635276392742604,0.0,0.0014180433333333333,0.0,0.027770807260759374,1.0,0.5
2023-07-07 00:00:00+00:00,-0.005208574382356168,0.0,0.0021140649999999996,0.0,-0.0030945093823561685,1.0,0.5
2023-07-08 00:00:00+00:00,-0.03486557650634753,0.0,0.0009763249999999999,0.0,-0.03388925150634753,1.0,0.5
2023-07-09 00:00:00+00:00,-0.005805776489826013,0.00046666666666666666,0.0010452516666666664,0.0,-0.005227191489826013,1.0,0.5
2023-07-10 00:00:00+00:00,0.016684379041394987,0.0,0.0010484716666666666,0.0,0.017732850708061652,1.0,0.5
2023-07-11 00:00:00+00:00,0.009186347044365068,0.0,0.0012258249999999998,0.0,0.010412172044365068,1.0,0.5
2023-07-12 00:00:00+00:00,0.016674258368747343,0.0,0.0007323866666666667,0.0,0.01740664503541401,1.0,0.5
2023-07-13 00:00:00+00:00,-0.05640533483176141,0.0,0.0010165083333333333,0.0,-0.05538882649842808,1.0,0.5
2023-07-14 00:00:00+00:00,0.0036894513361844794,0.0,0.0005796583333333333,0.0,0.004269109669517813,1.0,0.5
2023-07-15 00:00:00+00:00,0.01298196388527038,0.0,0.0007879733333333333,0.0,0.013769937218603714,1.0,0.5
2023-07-16 00:00:00+00:00,0.015626752495043895,0.0009333333333333333,0.0019720916666666664,0.0,0.016665510828377226,1.0,0.5
2023-07-17 00:00:00+00:00,-0.020998598726672275,0.0,0.0006343449999999999,0.0,-0.020364253726672273,1.0,0.5
2023-07-18 00:00:00+00:00,-0.004338142781178666,0.0,0.0006465883333333333,0.0,-0.0036915544478453325,1.0,0.5
2023-07-19 00:00:00+00:00,0.005777549202953425,0.0,0.0006603866666666666,0.0,0.006437935869620092,1.0,0.5
2023-07-20 00:00:00+00:00,-0.0006061809935454798,0.0,0.00041843833333333336,0.0,-0.00018774266021214647,1.0,0.5
2023-07-21 00:00:00+00:00,-0.019688157190604755,0.0,0.000374365,0.0,-0.019313792190604754,1.0,0.5
2023-07-22 00:00:00+00:00,-0.019028900197803435,0.0,0.0004141816666666667,0.0,-0.01861471853113677,1.0,0.5
2023-07-23 00:00:00+00:00,-0.029163007673317733,0.0011666666666666665,0.022166804999999994,0.0,-0.008162869339984405,1.0,0.5
2023-07-24 00:00:00+00:00,-0.005685760140557033,0.0,0.011179491666666666,0.0,0.005493731526109633,1.0,0.5
2023-07-25 00:00:00+00:00,-0.006174417150953015,0.0,0.0010449433333333332,0.0,-0.005129473817619681,1.0,0.5
2023-07-26 00:00:00+00:00,0.0026073717664804215,0.0,0.002252975,0.0,0.004860346766480421,1.0,0.5
2023-07-27 00:00:00+00:00,-0.008727158087832827,0.0,0.001232013333333333,0.0,-0.007495144754499494,1.0,0.5
2023-07-28 00:00:00+00:00,0.019621440966575157,0.0,0.004423861666666667,0.0,0.024045302633241825,1.0,0.5
2023-07-29 00:00:00+00:00,0.025165836995101366,0.0,0.006202845,0.0,0.031368681995101365,1.0,0.5
2023-07-30 00:00:00+00:00,-0.024182177511926473,0.0006999999999999999,0.0006725299999999999,0.0,-0.02420964751192647,1.0,0.5
2023-07-31 00:00:00+00:00,-0.013509758428846403,0.0,1.2589999999999986e-05,0.0,-0.013497168428846403,1.0,0.5
2023-08-01 00:00:00+00:00,-0.009156346489176476,0.0,0.00017251333333333333,0.0,-0.008983833155843142,1.0,0.5
2023-08-02 00:00:00+00:00,0.006982860912883099,0.0,0.0011854733333333332,0.0,0.008168334246216432,1.0,0.5
2023-08-03 00:00:00+00:00,0.007999222018626462,0.0,0.0012557949999999999,0.0,0.009255017018626462,1.0,0.5
2023-08-04 00:00:00+00:00,0.008530671940256323,0.0,0.004554735,0.0,0.013085406940256322,1.0,0.5
2023-08-05 00:00:00+00:00,-0.0008451725880040221,0.0,0.003945401666666667,0.0,0.0031002290786626445,1.0,0.5
2023-08-06 00:00:00+00:00,-0.03683730087995009,0.0011666666666666665,0.00121195,1.5651683416517987e-20,-0.03679201754661675,0.9999999999999999,0.5
2023-08-07 00:00:00+00:00,0.00821609510106308,0.0,0.0008137033333333333,1.5680577714160733e-20,0.009029798434396413,0.9999999999999999,0.5
2023-08-08 00:00:00+00:00,-0.033324325391920984,0.0,0.000522775,1.5709469275220346e-20,-0.03280155039192098,0.9999999999999999,0.5
2023-08-09 00:00:00+00:00,5.5948755904275047e-05,0.0,0.0005087283333333333,1.5651683416517987e-20,0.0005646770892376084,0.9999999999999999,0.5
2023-08-10 00:00:00+00:00,-0.0019977457913232604,0.0,0.000321855,1.5651683416517987e-20,-0.0016758907913232604,0.9999999999999999,0.5
2023-08-11 00:00:00+00:00,0.025399223898501112,0.0,0.0008807050000000001,1.5651683416517987e-20,0.02627992889850111,0.9999999999999999,0.5
2023-08-12 00:00:00+00:00,-0.0216491003186793,0.0,0.00070113,1.5651683416517987e-20,-0.020947970318679298,0.9999999999999999,0.5
2023-08-13 00:00:00+00:00,-0.007409834439118542,0.0014,0.015402301666666665,0.0,0.006592467227548122,1.0,0.5
2023-08-14 00:00:00+00:00,0.0007449820925467527,0.0,0.012430921666666666,0.0,0.013175903759213419,1.0,0.5
2023-08-15 00:00:00+00:00,0.02297069317239956,0.0,0.0054848,0.0,0.02845549317239956,1.0,0.5
2023-08-16 00:00:00+00:00,-0.003547324655724142,0.0,0.0017277933333333332,0.0,-0.0018195313223908086,1.0,0.5
2023-08-17 00:00:00+00:00,0.030826838643577804,0.0,0.002704833333333333,0.0,0.033531671976911134,1.0,0.5
2023-08-18 00:00:00+00:00,0.006913719989186572,0.0,0.002268885,0.0,0.009182604989186572,1.0,0.5
2023-08-19 00:00:00+00:00,-0.010694524913234266,0.0,0.0016543116666666664,0.0,-0.0090402132465676,1.0,0.5
2023-08-20 00:00:00+00:00,-0.015194099257212969,0.0009333333333333333,0.005365495,0.0,-0.010761937590546302,1.0,0.5
2023-08-21 00:00:00+00:00,0.049211751024509774,0.0,0.006986593333333333,0.0,0.05619834435784311,1.0,0.5
2023-08-22 00:00:00+00:00,-0.03127235039934132,0.0,0.0074332416666666665,0.0,-0.023839108732674655,1.0,0.5
2023-08-23 00:00:00+00:00,0.014756502429118079,0.0,0.005857911666666667,0.0,0.020614414095784746,1.0,0.5
2023-08-24 00:00:00+00:00,-0.005658233762404003,0.0,0.0043315083333333336,0.0,-0.0013267254290706696,1.0,0.5
2023-08-25 00:00:00+00:00,-0.014354211761472797,0.0,0.013180721666666666,0.0,-0.001173490094806131,1.0,0.5
2023-08-26 00:00:00+00:00,-5.878506401113537e-05,0.0,0.010916256666666665,0.0,0.01085747160265553,1.0,0.5
2023-08-27 00:00:00+00:00,-0.012335387965610067,0.0009333333333333333,0.006367348333333333,0.0,-0.006901372965610067,1.0,0.5
2023-08-28 00:00:00+00:00,-0.001571929933237938,0.0,0.00521035,0.0,0.003638420066762062,1.0,0.5
2023-08-29 00:00:00+00:00,-0.016312839936353647,0.0,0.006987225,0.0,-0.009325614936353647,1.0,0.5
2023-08-30 00:00:00+00:00,0.0501450145969318,0.0,0.004631735,0.0,0.054776749596931795,1.0,0.5
2023-08-31 00:00:00+00:00,0.020171535769172612,0.0,0.004183516666666667,0.0,0.02435505243583928,1.0,0.5
2023-09-01 00:00:00+00:00,0.03460622124606168,0.0,0.005427629999999999,0.0,0.04003385124606168,1.0,0.5
2023-09-02 00:00:00+00:00,-0.03826054795736899,0.0,0.0013112166666666666,0.0,-0.036949331290702325,1.0,0.5
2023-09-03 00:00:00+00:00,0.056762306388449445,0.0009333333333333333,0.009824316666666664,0.0,0.06565328972178278,1.0,0.5
2023-09-04 00:00:00+00:00,-0.033846511170487606,0.0,0.0071953216666666665,0.0,-0.02665118950382094,1.0,0.5
2023-09-05 00:00:00+00:00,-0.0056883806157219646,0.0,0.00794697,0.0,0.002258589384278035,1.0,0.5
2023-09-06 00:00:00+00:00,0.0027130120493700643,0.0,0.003591446666666666,0.0,0.0063044587160367305,1.0,0.5
2023-09-07 00:00:00+00:00,0.0023439492729070994,0.0,0.010293346666666665,0.0,0.012637295939573764,1.0,0.5
2023-09-08 00:00:00+00:00,-0.026640433183265453,0.0,0.009502733333333334,0.0,-0.017137699849932117,1.0,0.5
2023-09-09 00:00:00+00:00,-0.013795834955038,0.0,0.0020540383333333334,0.0,-0.011741796621704666,1.0,0.5
2023-09-10 00:00:00+00:00,-0.004674830249245972,0.0009333333333333333,0.015363716666666668,0.0,0.009755553084087362,1.0,0.5
2023-09-11 00:00:00+00:00,-0.01647088322046094,0.0,0.008367758333333333,0.0,-0.008103124887127607,1.0,0.5
2023-09-12 00:00:00+00:00,0.022210269834172288,0.0,0.0063236333333333335,0.0,0.02853390316750562,1.0,0.5
2023-09-13 00:00:00+00:00,0.022306450702433686,0.0,0.011111091666666666,0.0,0.033417542369100356,1.0,0.5
2023-09-14 00:00:00+00:00,0.005840806658378491,0.0,0.012600910000000002,0.0,0.018441716658378494,1.0,0.5
2023-09-15 00:00:00+00:00,0.040808569153372776,0.0,0.010695926666666668,0.0,0.05150449582003944,1.0,0.5
2023-09-16 00:00:00+00:00,-0.004187068067076065,0.0,0.013018019999999998,0.0,0.008830951932923933,1.0,0.5
2023-09-17 00:00:00+00:00,-0.06048791678547329,0.0007,0.014140081666666665,0.0,-0.04704783511880663,1.0,0.5
2023-09-18 00:00:00+00:00,0.01357290636630857,0.0,0.005750931666666666,0.0,0.019323838032975237,1.0,0.5
2023-09-19 00:00:00+00:00,0.06833037858809081,0.0,0.005997746666666665,0.0,0.07432812525475747,1.0,0.5
2023-09-20 00:00:00+00:00,0.015230274699014557,0.0,0.004817126666666665,0.0,0.02004740136568122,1.0,0.5
2023-09-21 00:00:00+00:00,-0.001688762856583724,0.0,0.0028772116666666665,0.0,0.0011884488100829425,1.0,0.5
2023-09-22 00:00:00+00:00,0.04356260612634191,0.0,0.0016808466666666665,0.0,0.04524345279300858,1.0,0.5
2023-09-23 00:00:00+00:00,-0.05169192399386828,0.0,0.0024348433333333335,0.0,-0.04925708066053495,1.0,0.5
2023-09-24 00:00:00+00:00,-0.011318026726683398,0.00046666666666666666,0.00120005,0.0,-0.010584643393350066,1.0,0.5
2023-09-25 00:00:00+00:00,-0.012920479548545083,0.0,0.0008219966666666666,0.0,-0.012098482881878416,1.0,0.5
2023-09-26 00:00:00+00:00,0.06216041552857031,0.0,0.0031995700000000005,0.0,0.06535998552857031,1.0,0.5
2023-09-27 00:00:00+00:00,0.04639474233344981,0.0,0.011263518333333332,0.0,0.057658260666783145,1.0,0.5
2023-09-28 00:00:00+00:00,-0.03921001276877976,0.0,0.008002469999999998,0.0,-0.03120754276877976,1.0,0.5
2023-09-29 00:00:00+00:00,-0.010168324668431851,0.0,0.00234018,0.0,-0.00782814466843185,1.0,0.5
2023-09-30 00:00:00+00:00,-0.011321146831400397,0.0,0.0036871866666666666,0.0,-0.0076339601647337305,1.0,0.5
2023-10-01 00:00:00+00:00,0.035863396866949095,0.0011666666666666665,0.001860425,1.5767244189537678e-20,0.036557155200282423,0.9999999999999999,0.5
2023-10-02 00:00:00+00:00,0.0165881438460429,0.0,0.001305293333333333,1.5853886049422197e-20,0.01789343717937623,0.9999999999999999,0.5
2023-10-03 00:00:00+00:00,-0.0569485272251626,0.0,0.0008792366666666667,1.5853886049422197e-20,-0.05606929055849594,0.9999999999999999,0.5
2023-10-04 00:00:00+00:00,-0.041938140714192225,0.0,0.00031379833333333333,1.5825008163636153e-20,-0.041624342380858895,0.9999999999999999,0.5
2023-10-05 00:00:00+00:00,-0.00546916117447375,0.0,0.00017128166666666666,1.5825008163636153e-20,-0.005297879507807083,0.9999999999999999,0.5
2023-10-06 00:00:00+00:00,0.01975084239794223,0.0,9.266000000000001e-05,1.5882761201681944e-20,0.01984350239794223,0.9999999999999999,0.5
2023-10-07 00:00:00+00:00,0.0031173179621219833,0.0,0.000334615,1.5882761201681944e-20,0.003451932962121983,0.9999999999999999,0.5
2023-10-08 00:00:00+00:00,0.0020373508396545614,0.0009333333333333333,1.127500000000001e-05,0.0,0.001115292506321228,1.0,0.5
2023-10-09 00:00:00+00:00,0.05822535241833335,0.0,0.00015462833333333332,0.0,0.05837998075166668,1.0,0.5
2023-10-10 00:00:00+00:00,-0.030444467693672633,0.0,0.0009306249999999999,0.0,-0.02951384269367263,1.0,0.5
2023-10-11 00:00:00+00:00,-0.010105612132094448,0.0,0.00043522666666666657,0.0,-0.009670385465427781,1.0,0.5
2023-10-12 00:00:00+00:00,0.0032869990302221534,0.0,0.0002896533333333333,0.0,0.0035766523635554865,1.0,0.5
2023-10-13 00:00:00+00:00,-0.028131657809332928,0.0,8.776166666666666e-05,0.0,-0.028043896142666263,1.0,0.5
2023-10-14 00:00:00+00:00,0.029705869621184912,0.0,-3.5846666666666663e-05,0.0,0.029670022954518246,1.0,0.5
2023-10-15 00:00:00+00:00,0.045181643115732174,0.0011666666666666665,1.0133333333333327e-06,0.0,0.044015989782398846,1.0,0.5
2023-10-16 00:00:00+00:00,-0.006641423145092085,0.0,3.402333333333333e-05,0.0,-0.006607399811758751,1.0,0.5
2023-10-17 00:00:00+00:00,-0.007854629971362343,0.0,4.2915000000000005e-05,0.0,-0.007811714971362343,1.0,0.5
2023-10-18 00:00:00+00:00,-0.022844904396285465,0.0,0.00010118666666666667,0.0,-0.0227437177296188,1.0,0.5
2023-10-19 00:00:00+00:00,0.008629291587126534,0.0,6.873166666666667e-05,0.0,0.008698023253793201,1.0,0.5
2023-10-20 00:00:00+00:00,-0.019916795236946064,0.0,0.0005697266666666666,0.0,-0.0193470685702794,1.0,0.5
2023-10-21 00:00:00+00:00,-0.021411907012530592,0.0,0.0008706016666666666,0.0,-0.020541305345863927,1.0,0.5
2023-10-22 00:00:00+00:00,-0.00408492547250755,0.0007,0.00022892333333333334,1.5738358100165214e-20,-0.004556002139174216,0.9999999999999999,0.5
2023-10-23 00:00:00+00:00,0.06579028473885336,0.0,0.004381176666666666,1.5767244189537678e-20,0.07017146140552002,0.9999999999999999,0.5
2023-10-24 00:00:00+00:00,-0.03156357255676612,0.0,0.002734378333333333,1.5738358100165214e-20,-0.028829194223432785,0.9999999999999999,0.5
2023-10-25 00:00:00+00:00,0.08675858943410193,0.0,0.010174935,1.5767244189537678e-20,0.09693352443410193,0.9999999999999999,0.5
2023-10-26 00:00:00+00:00,0.000362209214806249,0.0,0.009017753333333333,1.5767244189537678e-20,0.009379962548139583,0.9999999999999999,0.5
2023-10-27 00:00:00+00:00,-0.03106854868954928,0.0,0.002410485,1.5767244189537678e-20,-0.02865806368954928,0.9999999999999999,0.5
2023-10-28 00:00:00+00:00,-0.027767248877152997,0.0,0.0004932483333333333,1.5767244189537678e-20,-0.027274000543819663,0.9999999999999999,0.5
2023-10-29 00:00:00+00:00,-0.017021583453325995,0.0009333333333333333,0.0009852083333333334,0.0,-0.016969708453325995,1.0,0.5
2023-10-30 00:00:00+00:00,0.01227200033019401,0.0,0.0033208316666666665,0.0,0.015592831996860675,1.0,0.5
2023-10-31 00:00:00+00:00,0.011471806567867057,0.0,0.003386458333333333,0.0,0.01485826490120039,1.0,0.5
2023-11-01 00:00:00+00:00,-0.024373617453378068,0.0,0.0006709766666666666,0.0,-0.0237026407867114,1.0,0.5
2023-11-02 00:00:00+00:00,-0.0143736615405207,0.0,0.0008319033333333332,0.0,-0.013541758207187367,1.0,0.5
2023-11-03 00:00:00+00:00,0.01772245407622275,0.0,0.00034561166666666665,0.0,0.018068065742889414,1.0,0.5
2023-11-04 00:00:00+00:00,-0.0030966965441319894,0.0,0.00017218666666666665,0.0,-0.0029245098774653227,1.0,0.5
2023-11-05 00:00:00+00:00,-0.010274693761040139,0.0009333333333333333,8.586666666666668e-05,0.0,-0.011122160427706805,1.0,0.5
2023-11-06 00:00:00+00:00,-0.004571779816151016,0.0,0.0011514333333333333,0.0,-0.003420346482817683,1.0,0.5
2023-11-07 00:00:00+00:00,0.00735133714740819,0.0,0.002661915,0.0,0.01001325214740819,1.0,0.5
2023-11-08 00:00:00+00:00,0.022165039586430867,0.0,0.004340274999999999,0.0,0.026505314586430864,1.0,0.5
2023-11-09 00:00:00+00:00,-0.057270327559383,0.0,0.005107723333333333,0.0,-0.052162604226049666,1.0,0.5
2023-11-10 00:00:00+00:00,0.016110979768452105,0.0,0.0014427833333333334,0.0,0.017553763101785438,1.0,0.5
2023-11-11 00:00:00+00:00,-0.03672173764338115,0.0,0.00010984333333333336,0.0,-0.03661189431004782,1.0,0.5
2023-11-12 00:00:00+00:00,0.03487141619792548,0.0007,-0.000596495,0.0,0.033574921197925475,1.0,0.5
2023-11-13 00:00:00+00:00,-0.072188347921429,0.0,-0.00018591166666666664,0.0,-0.07237425958809567,1.0,0.5
2023-11-14 00:00:00+00:00,0.004530050223963893,0.0001833333333333333,-0.00012264666666666666,0.0,0.004224070223963893,1.0,0.5
2023-11-15 00:00:00+00:00,0.04572764795918778,0.0,-0.0003244966666666666,2.3409540640987707e-05,0.0454265608331621,0.8333333333333333,0.5
2023-11-16 00:00:00+00:00,-0.015800952398480245,0.0,-0.0003538766666666667,2.336615219566963e-05,-0.01613146291295124,0.8333333333333333,0.5
2023-11-17 00:00:00+00:00,0.02077407965338083,0.0,-0.00012452166666666666,2.336615219566963e-05,0.020672924138909834,0.8333333333333333,0.5
2023-11-18 00:00:00+00:00,-0.017529080045685153,0.0,-0.0001516083333333333,2.336615219566963e-05,-0.017657322226822817,0.8333333333333333,0.5
2023-11-19 00:00:00+00:00,0.00902064001721268,0.0008166666666666667,4.6333333333333326e-05,0.0,0.008250306683879348,1.0,0.5
2023-11-20 00:00:00+00:00,-0.016138690765086578,0.0,-3.848333333333331e-05,0.0,-0.01617717409841991,1.0,0.5
2023-11-21 00:00:00+00:00,0.007411275578776709,0.0,2.3008333333333328e-05,0.0,0.007434283912110043,1.0,0.5
2023-11-22 00:00:00+00:00,0.010609356684123106,0.0,5.946666666666682e-06,0.0,0.010615303350789772,1.0,0.5
2023-11-23 00:00:00+00:00,-0.006946351997112781,0.0,9.534999999999996e-06,0.0,-0.006936816997112781,1.0,0.5
2023-11-24 00:00:00+00:00,0.0011992127922515273,0.0,1.726e-05,0.0,0.0012164727922515273,1.0,0.5
2023-11-25 00:00:00+00:00,-0.016610079562643876,0.0,0.0006374816666666666,0.0,-0.01597259789597721,1.0,0.5
2023-11-26 00:00:00+00:00,-0.008601414398056282,0.0007,-2.1231666666666662e-05,0.0,-0.009322646064722948,1.0,0.5
2023-11-27 00:00:00+00:00,0.009865413353480344,0.0,-0.00010952999999999996,0.0,0.009755883353480344,1.0,0.5
2023-11-28 00:00:00+00:00,0.029775200080916456,0.0,4.898333333333327e-06,0.0,0.02978009841424979,1.0,0.5
2023-11-29 00:00:00+00:00,-0.01834712693874918,0.0,7.084666666666667e-05,0.0,-0.018276280272082515,1.0,0.5
2023-11-30 00:00:00+00:00,-0.015611917338771875,0.0,3.340666666666665e-05,0.0,-0.015578510672105209,1.0,0.5
2023-12-01 00:00:00+00:00,0.013294211563822341,0.0,6.3083333333333286e-06,0.0,0.013300519897155675,1.0,0.5
2023-12-02 00:00:00+00:00,0.019334265108337134,0.0,5.755e-05,0.0,0.019391815108337134,1.0,0.5
2023-12-03 00:00:00+00:00,0.017221380129832414,0.0011666666666666668,0.00012669333333333334,0.0,0.01618140679649908,1.0,0.5
2023-12-04 00:00:00+00:00,0.14617220259243358,0.0,-0.0003088783333333333,0.0,0.14586332425910023,1.0,0.5
2023-12-05 00:00:00+00:00,0.04160449092920796,0.0,-0.00023200666666666668,0.0,0.041372484262541295,1.0,0.5
2023-12-06 00:00:00+00:00,-0.048361101155159084,0.0,-0.0004414666666666666,0.0,-0.04880256782182575,1.0,0.5
2023-12-07 00:00:00+00:00,-0.007666977983528223,0.0,0.00016212666666666665,0.0,-0.007504851316861556,1.0,0.5
2023-12-08 00:00:00+00:00,-0.02098012149678441,0.0,-3.297333333333332e-05,0.0,-0.02101309483011774,1.0,0.5
2023-12-09 00:00:00+00:00,-0.012729267393238597,0.0,3.162333333333326e-05,0.0,-0.012697644059905264,1.0,0.5
2023-12-10 00:00:00+00:00,0.017939844943022736,0.0007,-0.0003779516666666666,0.0,0.01686189327635607,1.0,0.5
2023-12-11 00:00:00+00:00,0.010903296915487505,0.0,5.941833333333334e-05,0.0,0.010962715248820839,1.0,0.5
2023-12-12 00:00:00+00:00,0.042869026203072716,0.0,-0.0002607399999999999,0.0,0.042608286203072714,1.0,0.5
2023-12-13 00:00:00+00:00,-0.006640616589700387,0.0,2.054333333333337e-05,0.0,-0.006620073256367053,1.0,0.5
2023-12-14 00:00:00+00:00,-0.0037250372210103615,0.0,-0.00031531833333333335,0.0,-0.004040355554343695,1.0,0.5
2023-12-15 00:00:00+00:00,-0.03519986632640372,0.0,-0.0004934966666666667,0.0,-0.03569336299307039,1.0,0.5
2023-12-16 00:00:00+00:00,-0.03120978647504217,0.0,-0.00032046666666666663,0.0,-0.03153025314170883,1.0,0.5
2023-12-17 00:00:00+00:00,0.005830605663464938,0.0007,-0.00012248166666666672,0.0,0.005008123996798271,1.0,0.5
2023-12-18 00:00:00+00:00,-0.039648579762608493,0.0,-8.484666666666666e-05,0.0,-0.03973342642927516,1.0,0.5
2023-12-19 00:00:00+00:00,-0.01874041946684011,0.0,6.0900000000000315e-06,0.0,-0.01873432946684011,1.0,0.5
2023-12-20 00:00:00+00:00,0.010363036315535442,0.0,5.171666666666663e-05,0.0,0.010414752982202109,1.0,0.5
2023-12-21 00:00:00+00:00,-0.0070456359631465935,0.0,-3.6776666666666724e-05,0.0,-0.00708241262981326,1.0,0.5
2023-12-22 00:00:00+00:00,0.003976463730725355,0.0,-0.00012544666666666662,0.0,0.003851017064058688,1.0,0.5
2023-12-23 00:00:00+00:00,-0.023596131444893698,0.0,-3.612666666666668e-05,0.0,-0.023632258111560365,1.0,0.5
2023-12-24 00:00:00+00:00,0.07856894640835749,0.0011666666666666665,0.00046156833333333325,0.0,0.07786384807502415,1.0,0.5
2023-12-25 00:00:00+00:00,0.003659668891745866,0.0,0.00037564166666666655,0.0,0.004035310558412533,1.0,0.5
2023-12-26 00:00:00+00:00,0.03700578144593886,0.0,0.0007429816666666665,0.0,0.03774876311260553,1.0,0.5
2023-12-27 00:00:00+00:00,-0.023729878034592717,0.0,0.0028203716666666667,0.0,-0.020909506367926052,1.0,0.5
2023-12-28 00:00:00+00:00,-0.05555567240711349,0.0,0.008208686666666666,0.0,-0.04734698574044682,1.0,0.5
2023-12-29 00:00:00+00:00,-0.0008451156759844789,0.0,1.5689999999999845e-05,0.0,-0.0008294256759844791,1.0,0.5
2023-12-30 00:00:00+00:00,0.005276628047883388,0.0,-0.00012972666666666668,0.0,0.005146901381216721,1.0,0.5
2023-12-31 00:00:00+00:00,-0.05672496629930142,0.0011666666666666665,0.014315419999999999,0.0,-0.043576212965968086,1.0,0.5
2024-01-01 00:00:00+00:00,0.04695080377640996,0.0,0.005847084999999999,0.0,0.052797888776409965,1.0,0.5
2024-01-02 00:00:00+00:00,-0.02034616852395295,0.0,0.00021859666666666663,0.0,-0.02012757185728628,1.0,0.5
2024-01-03 00:00:00+00:00,0.014899638300798285,0.0,-5.1898333333333304e-05,0.0,0.014847739967464952,1.0,0.5
2024-01-04 00:00:00+00:00,-0.039647080842164104,0.0,-0.00012947166666666665,0.0,-0.03977655250883077,1.0,0.5
2024-01-05 00:00:00+00:00,0.025704012739364773,0.0,-9.364166666666666e-05,0.0,0.025610371072698104,1.0,0.5
2024-01-06 00:00:00+00:00,-0.027699565205483462,0.0,-5.5225e-05,0.0,-0.02775479020548346,1.0,0.5
2024-01-07 00:00:00+00:00,-0.028789000390073746,0.0011666666666666665,0.0029304116666666663,0.0,-0.027025255390073746,1.0,0.5
2024-01-08 00:00:00+00:00,-0.12124581210759808,0.0,0.0009719516666666665,0.0,-0.12027386044093141,1.0,0.5
2024-01-09 00:00:00+00:00,-0.046178382292814846,0.0,0.0014444416666666668,0.0,-0.04473394062614818,1.0,0.5
2024-01-10 00:00:00+00:00,-0.030623940192007384,0.0,0.00016464166666666665,0.0,-0.030459298525340718,1.0,0.5
2024-01-11 00:00:00+00:00,0.012664549262205359,0.0,0.00016761166666666666,0.0,0.012832160928872025,1.0,0.5
2024-01-12 00:00:00+00:00,-0.03057359512417542,0.0,0.00021159500000000002,0.0,-0.03036200012417542,1.0,0.5
2024-01-13 00:00:00+00:00,-0.0072138194269255225,0.0,7.382166666666665e-05,0.0,-0.007139997760258856,1.0,0.5
2024-01-14 00:00:00+00:00,0.008568557368224983,0.0009333333333333333,2.466833333333333e-05,1.5478260132710193e-20,0.007659892368224983,0.9999999999999999,0.5
2024-01-15 00:00:00+00:00,0.012948345369648024,0.0,1.212666666666666e-05,1.5478260132710193e-20,0.012960472036314691,0.9999999999999999,0.5
2024-01-16 00:00:00+00:00,-0.025183126808142383,0.0,5.528333333333339e-06,1.5478260132710193e-20,-0.02517759847480905,0.9999999999999999,0.5
2024-01-17 00:00:00+00:00,-0.0396333127024269,0.0,2.4618333333333328e-05,1.5536078849441408e-20,-0.03960869436909357,0.9999999999999999,0.5
2024-01-18 00:00:00+00:00,0.00835022274831258,0.0,-2.7716666666666726e-06,1.5478260132710193e-20,0.008347451081645913,0.9999999999999999,0.5
2024-01-19 00:00:00+00:00,-0.007705173526192136,0.0,-1.8175000000000008e-05,1.5478260132710193e-20,-0.0077233485261921355,0.9999999999999999,0.5
2024-01-20 00:00:00+00:00,-0.010282236164788478,0.0,1.6338333333333332e-05,1.5478260132710193e-20,-0.010265897831455146,0.9999999999999999,0.5
2024-01-21 00:00:00+00:00,0.020263550697907806,0.0006999999999999999,0.009330783333333332,0.0,0.02889433403124114,1.0,0.5
2024-01-22 00:00:00+00:00,0.013163055848090152,0.0,0.0015660949999999998,0.0,0.014729150848090152,1.0,0.5
2024-01-23 00:00:00+00:00,0.010427193279463377,0.0,0.002289755,0.0,0.012716948279463378,1.0,0.5
2024-01-24 00:00:00+00:00,-0.013161927848565349,0.0,0.001449813333333333,0.0,-0.011712114515232016,1.0,0.5
2024-01-25 00:00:00+00:00,-0.0005053324955655025,0.0,0.0002522,0.0,-0.0002531324955655025,1.0,0.5
2024-01-26 00:00:00+00:00,-0.019956075133129712,0.0,0.0036286400000000003,0.0,-0.016327435133129713,1.0,0.5
2024-01-27 00:00:00+00:00,-0.006022786331748076,0.0,0.00034331666666666667,0.0,-0.005679469665081409,1.0,0.5
2024-01-28 00:00:00+00:00,-0.013195965133457757,0.0011666666666666668,0.0010661766666666666,1.5449346664243684e-20,-0.013296455133457757,0.9999999999999999,0.5
2024-01-29 00:00:00+00:00,0.039256838450002086,0.0,3.201333333333334e-05,1.5478260132710193e-20,0.03928885178333542,0.9999999999999999,0.5
2024-01-30 00:00:00+00:00,0.005348959755478867,0.0,-0.0006765433333333333,1.5449346664243684e-20,0.004672416422145534,0.9999999999999999,0.5
2024-01-31 00:00:00+00:00,-0.029234101941386106,0.0,-0.00023977166666666662,1.5478260132710193e-20,-0.029473873608052772,0.9999999999999999,0.5
2024-02-01 00:00:00+00:00,-0.00885055518046988,0.0,0.0,1.5478260132710193e-20,-0.00885055518046988,0.9999999999999999,0.5
2024-02-02 00:00:00+00:00,0.0561761246700547,0.0,0.0001199533333333333,1.5507170860945088e-20,0.05629607800338803,0.9999999999999999,0.5
2024-02-03 00:00:00+00:00,0.0009677799331007288,0.0,0.0,1.5507170860945088e-20,0.0009677799331007288,0.9999999999999999,0.5
2024-02-04 00:00:00+00:00,0.007517957404647536,0.0007,7.252666666666666e-05,0.0,0.006890484071314203,1.0,0.5
2024-02-05 00:00:00+00:00,-0.024778281962677597,0.0,7.018999999999999e-05,0.0,-0.024708091962677595,1.0,0.5
2024-02-06 00:00:00+00:00,0.015560240211771695,0.0,0.00018867166666666665,0.0,0.01574891187843836,1.0,0.5
2024-02-07 00:00:00+00:00,-0.028898646957762578,0.0,0.0004858366666666667,0.0,-0.02841281029109591,1.0,0.5
2024-02-08 00:00:00+00:00,-0.006546135164769984,0.0,0.0003222233333333333,0.0,-0.006223911831436651,1.0,0.5
2024-02-09 00:00:00+00:00,-0.014390142874586325,0.0,0.0002250266666666666,0.0,-0.014165116207919659,1.0,0.5
2024-02-10 00:00:00+00:00,-0.02189803671049271,0.0,0.0004296733333333333,0.0,-0.021468363377159377,1.0,0.5
2024-02-11 00:00:00+00:00,-0.01737494166823363,0.0014,-0.0006301683333333332,0.0,-0.01940511000156696,1.0,0.5
2024-02-12 00:00:00+00:00,-0.00271556797211934,0.0,-0.0002467833333333333,0.0,-0.0029623513054526734,1.0,0.5
2024-02-13 00:00:00+00:00,0.004292949140379699,0.0,0.0003057516666666667,0.0,0.004598700807046366,1.0,0.5
2024-02-14 00:00:00+00:00,0.003758192809071655,0.0,-0.00017187333333333333,0.0,0.0035863194757383217,1.0,0.5
2024-02-15 00:00:00+00:00,-0.002670304839445358,0.0,0.00012442499999999995,0.0,-0.002545879839445358,1.0,0.5
2024-02-16 00:00:00+00:00,-0.024728861089838627,0.0,0.0001774483333333334,0.0,-0.024551412756505294,1.0,0.5
2024-02-17 00:00:00+00:00,-0.011380274568735896,0.0,0.00020423,0.0,-0.011176044568735896,1.0,0.5
2024-02-18 00:00:00+00:00,0.010839554752394657,0.0009333333333333333,0.0006280333333333333,0.0,0.010534254752394657,1.0,0.5
2024-02-19 00:00:00+00:00,0.003290936852906546,0.0,0.0004232616666666667,0.0,0.0037141985195732127,1.0,0.5
2024-02-20 00:00:00+00:00,-0.0318322652518793,0.0,0.0004928533333333333,0.0,-0.031339411918545966,1.0,0.5
2024-02-21 00:00:00+00:00,0.0015264420643119614,0.0,0.00011195999999999998,0.0,0.0016384020643119613,1.0,0.5
2024-02-22 00:00:00+00:00,0.007405653622871063,0.0,7.700166666666663e-05,0.0,0.007482655289537729,1.0,0.5
2024-02-23 00:00:00+00:00,-0.020539355352107325,0.0,1.582833333333336e-05,0.0,-0.020523527018773993,1.0,0.5
2024-02-24 00:00:00+00:00,0.018494563837951044,0.0,2.6341666666666625e-05,0.0,0.01852090550461771,1.0,0.5
2024-02-25 00:00:00+00:00,0.02088283427353258,0.0009333333333333333,0.0025243333333333333,0.0,0.02247383427353258,1.0,0.5
2024-02-26 00:00:00+00:00,0.01663930774050333,0.0,0.0005527549999999999,0.0,0.01719206274050333,1.0,0.5
2024-02-27 00:00:00+00:00,-0.06685666574676864,0.0,0.0007726116666666666,0.0,-0.06608405408010197,1.0,0.5
2024-02-28 00:00:00+00:00,0.09684585374919713,0.0,0.00031716333333333335,0.0,0.09716301708253046,1.0,0.5
2024-02-29 00:00:00+00:00,-0.0294971459567185,0.0,0.00024642666666666664,0.0,-0.02925071929005183,1.0,0.5
2024-03-01 00:00:00+00:00,0.0018541906589744066,0.0,0.00035918166666666667,0.0,0.0022133723256410735,1.0,0.5
2024-03-02 00:00:00+00:00,-0.007324048438861733,0.0,0.00045523666666666656,0.0,-0.006868811772195066,1.0,0.5
2024-03-03 00:00:00+00:00,0.1179762578639722,0.0011666666666666665,-0.0008606366666666669,0.0,0.11594895453063887,1.0,0.5
2024-03-04 00:00:00+00:00,0.0340480829293953,0.0,-0.0012810383333333331,0.0,0.032767044596061966,1.0,0.5
2024-03-05 00:00:00+00:00,-0.014764240874582907,0.0,-0.000684963333333333,0.0,-0.015449204207916241,1.0,0.5
2024-03-06 00:00:00+00:00,0.05053832027720595,0.0,-0.0011206283333333332,0.0,0.04941769194387262,1.0,0.5
2024-03-07 00:00:00+00:00,-0.029994627259794477,0.0,-0.0005557800000000001,0.0,-0.030550407259794476,1.0,0.5
2024-03-08 00:00:00+00:00,0.22147773239922156,0.0,-0.0008811683333333334,0.0,0.22059656406588823,1.0,0.5
2024-03-09 00:00:00+00:00,-0.010114621917492978,0.0,-0.00033617166666666666,0.0,-0.010450793584159644,1.0,0.5
2024-03-10 00:00:00+00:00,0.023738047586147188,0.0007,3.0166666666660985e-07,0.0,0.023038349252813856,1.0,0.5
2024-03-11 00:00:00+00:00,0.003194523841094383,0.0,0.0001384983333333334,0.0,0.0033330221744277163,1.0,0.5
2024-03-12 00:00:00+00:00,-0.020114715177169302,0.0,7.315500000000004e-05,0.0,-0.020041560177169303,1.0,0.5
2024-03-13 00:00:00+00:00,0.05905073241651257,0.0,-0.0001824683333333333,0.0,0.05886826408317924,1.0,0.5
2024-03-14 00:00:00+00:00,0.06554578778408493,0.0,-0.0007855766666666667,0.0,0.06476021111741827,1.0,0.5
2024-03-15 00:00:00+00:00,-0.004325948949179223,0.0,3.5983333333333304e-05,0.0,-0.00428996561584589,1.0,0.5
2024-03-16 00:00:00+00:00,-0.05819596622387797,0.0,-0.00027853999999999997,0.0,-0.058474506223877974,1.0,0.5
2024-03-17 00:00:00+00:00,0.062200447721106514,0.00046666666666666666,-0.0007303100000000001,0.0,0.06100347105443985,1.0,0.5
2024-03-18 00:00:00+00:00,-0.04110565474369391,0.0,-0.00022003166666666662,0.0,-0.04132568641036058,1.0,0.5
2024-03-19 00:00:00+00:00,0.009982410862474419,0.0,-0.0005777649999999999,0.0,0.00940464586247442,1.0,0.5
2024-03-20 00:00:00+00:00,0.06785378104324218,0.0,-0.0002619266666666667,0.0,0.06759185437657551,1.0,0.5
2024-03-21 00:00:00+00:00,-0.05726236781315199,0.0,-0.00030957166666666666,0.0,-0.05757193947981866,1.0,0.5
2024-03-22 00:00:00+00:00,0.00808238715118098,0.0,-6.997000000000001e-05,0.0,0.00801241715118098,1.0,0.5
2024-03-23 00:00:00+00:00,0.012656829803161407,0.0,9.830833333333334e-05,0.0,0.01275513813649474,1.0,0.5
2024-03-24 00:00:00+00:00,0.0052578897507768625,0.0014,3.2248333333333314e-05,0.0,0.003890138084110196,1.0,0.5
2024-03-25 00:00:00+00:00,0.07973210716503261,0.0,-0.00016373166666666666,0.0,0.07956837549836594,1.0,0.5
2024-03-26 00:00:00+00:00,0.022562318366682724,0.0,-0.0009369933333333332,0.0,0.02162532503334939,1.0,0.5
2024-03-27 00:00:00+00:00,0.006176955077614452,0.0,-0.0002700683333333335,0.0,0.005906886744281119,1.0,0.5
2024-03-28 00:00:00+00:00,-0.03420381034420633,0.0,3.938499999999991e-05,0.0,-0.03416442534420633,1.0,0.5
2024-03-29 00:00:00+00:00,-0.016163210493207035,0.0,0.0006825333333333333,0.0,-0.015480677159873701,1.0,0.5
2024-03-30 00:00:00+00:00,0.006304702721918593,0.0,0.00033501333333333327,0.0,0.006639716055251927,1.0,0.5
2024-03-31 00:00:00+00:00,-0.026830856844763253,0.0009333333333333333,0.0006178866666666663,0.0,-0.02714630351142992,1.0,0.5
2024-04-01 00:00:00+00:00,-0.018438163523285468,0.0,0.0006375216666666668,0.0,-0.0178006418566188,1.0,0.5
2024-04-02 00:00:00+00:00,0.02738975789183878,0.0,0.00011770833333333338,0.0,0.027507466225172115,1.0,0.5
2024-04-03 00:00:00+00:00,-0.0091933635977627,0.0,0.00012317999999999991,0.0,-0.0090701835977627,1.0,0.5
2024-04-04 00:00:00+00:00,-0.005306330259791268,0.0,0.00036532500000000006,0.0,-0.004941005259791268,1.0,0.5
2024-04-05 00:00:00+00:00,0.004907711201898904,0.0,0.00038789999999999994,0.0,0.005295611201898904,1.0,0.5
2024-04-06 00:00:00+00:00,-0.028023768685438547,0.0,0.0004698483333333333,0.0,-0.027553920352105216,1.0,0.5
2024-04-07 00:00:00+00:00,-0.004616378837630182,0.0009333333333333333,-0.0001946883333333333,0.0,-0.005744400504296849,1.0,0.5
2024-04-08 00:00:00+00:00,-0.009975147345963107,0.0,-0.00034873999999999994,0.0,-0.010323887345963107,1.0,0.5
2024-04-09 00:00:00+00:00,0.00018882122130179854,0.0,-0.00016754499999999998,0.0,2.127622130179856e-05,1.0,0.5
2024-04-10 00:00:00+00:00,0.022774461234016125,0.0,-0.0001652483333333333,0.0,0.022609212900682792,1.0,0.5
2024-04-11 00:00:00+00:00,-0.00499632666538811,0.0,-9.442999999999995e-05,0.0,-0.005090756665388109,1.0,0.5
2024-04-12 00:00:00+00:00,0.019038503262429687,0.0,-8.523666666666665e-05,0.0,0.018953266595763022,1.0,0.5
2024-04-13 00:00:00+00:00,0.027711023604870894,0.0,-3.1016666666666644e-06,0.0,0.027707921938204226,1.0,0.5
2024-04-14 00:00:00+00:00,-0.0072987819302839175,0.0011666666666666665,0.0,0.0,-0.008465448596950583,1.0,0.5
2024-04-15 00:00:00+00:00,0.03335268263753203,0.0,2.8886666666666662e-05,0.0,0.033381569304198694,1.0,0.5
2024-04-16 00:00:00+00:00,-0.026989435625810076,0.0,2.5803333333333344e-05,0.0,-0.026963632292476742,1.0,0.5
2024-04-17 00:00:00+00:00,-0.02684429706546672,0.0,8.657833333333333e-05,0.0,-0.026757718732133385,1.0,0.5
2024-04-18 00:00:00+00:00,0.014077923233532574,0.0,0.00017757166666666665,0.0,0.01425549490019924,1.0,0.5
2024-04-19 00:00:00+00:00,-0.025411598267260894,0.0,0.0004942633333333334,0.0,-0.02491733493392756,1.0,0.5
2024-04-20 00:00:00+00:00,-0.017027904853973912,0.0,0.00021780666666666666,0.0,-0.016810098187307245,1.0,0.5
2024-04-21 00:00:00+00:00,0.027064092554334097,0.0007,0.0010049533333333332,0.0,0.02736904588766743,1.0,0.5
2024-04-22 00:00:00+00:00,0.03964551648047139,0.0,0.00058109,0.0,0.04022660648047139,1.0,0.5
2024-04-23 00:00:00+00:00,0.00762192314706522,0.0,0.0014485099999999999,0.0,0.00907043314706522,1.0,0.5
2024-04-24 00:00:00+00:00,0.01913997374389746,0.0,0.002310333333333333,0.0,0.021450307077230793,1.0,0.5
2024-04-25 00:00:00+00:00,-0.047682200279686796,0.0,0.0015384916666666667,0.0,-0.046143708613020126,1.0,0.5
2024-04-26 00:00:00+00:00,0.03411156118339877,0.0,0.00034234666666666663,0.0,0.034453907850065434,1.0,0.5
2024-04-27 00:00:00+00:00,-0.010643624459243477,0.0,6.268833333333333e-05,0.0,-0.010580936125910144,1.0,0.5
2024-04-28 00:00:00+00:00,0.004635320950279262,0.0007,0.0012810633333333334,0.0,0.005216384283612595,1.0,0.5
2024-04-29 00:00:00+00:00,0.013940571125509078,0.0,0.00015974999999999998,0.0,0.014100321125509078,1.0,0.5
2024-04-30 00:00:00+00:00,0.012345202150892241,0.0,0.00013201333333333332,0.0,0.012477215484225574,1.0,0.5
2024-05-01 00:00:00+00:00,0.012487116406255902,0.0,4.337166666666668e-05,0.0,0.012530488072922568,1.0,0.5
2024-05-02 00:00:00+00:00,0.003135225224221865,0.0,9.392e-05,0.0,0.003229145224221865,1.0,0.5
2024-05-03 00:00:00+00:00,-0.008076044620912567,0.0,1.7210000000000013e-05,0.0,-0.008058834620912567,1.0,0.5
2024-05-04 00:00:00+00:00,0.020540937831599493,0.0,0.00023253833333333334,0.0,0.020773476164932827,1.0,0.5
2024-05-05 00:00:00+00:00,-0.01920176381216367,0.0011666666666666668,4.275833333333334e-05,1.556498409871684e-20,-0.020325672145497003,0.9999999999999999,0.5
2024-05-06 00:00:00+00:00,-0.008199883441994701,0.0,3.917166666666666e-05,1.556498409871684e-20,-0.008160711775328034,0.9999999999999999,0.5
2024-05-07 00:00:00+00:00,-0.008724295790029164,0.0,2.7133333333333333e-06,1.556498409871684e-20,-0.00872158245669583,0.9999999999999999,0.5
2024-05-08 00:00:00+00:00,0.0055853269719499665,0.0,-1.5050000000000068e-06,1.556498409871684e-20,0.005583821971949967,0.9999999999999999,0.5
2024-05-09 00:00:00+00:00,0.02356088765088068,0.0,6.441666666666656e-06,1.556498409871684e-20,0.023567329317547344,0.9999999999999999,0.5
2024-05-10 00:00:00+00:00,0.01650446930467388,0.0,-4.576666666666673e-06,1.559388660931373e-20,0.016499892638007215,0.9999999999999999,0.5
2024-05-11 00:00:00+00:00,0.005268959385055412,0.0,7.503333333333333e-06,1.559388660931373e-20,0.005276462718388745,0.9999999999999999,0.5
2024-05-12 00:00:00+00:00,0.0347321959149985,0.0011666666666666665,2.9356666666666656e-05,0.0,0.0335948859149985,1.0,0.5
2024-05-13 00:00:00+00:00,-0.007059417873503782,0.0,0.000802115,0.0,-0.006257302873503782,1.0,0.5
2024-05-14 00:00:00+00:00,-0.028339853370020943,0.0,3.598166666666667e-05,0.0,-0.028303871703354275,1.0,0.5
2024-05-15 00:00:00+00:00,-0.04067224567430189,0.0,-0.00031899166666666666,0.0,-0.04099123734096855,1.0,0.5
2024-05-16 00:00:00+00:00,0.004706349028472815,0.0,0.0006405016666666666,0.0,0.005346850695139481,1.0,0.5
2024-05-17 00:00:00+00:00,-0.036547016727859094,0.0,-0.00030943499999999994,0.0,-0.03685645172785909,1.0,0.5
2024-05-18 00:00:00+00:00,0.0043177211856734905,0.0,-0.0007828800000000001,0.0,0.0035348411856734904,1.0,0.5
2024-05-19 00:00:00+00:00,0.020367345532183237,0.0009333333333333333,-0.0018577966666666662,0.0,0.017576215532183238,1.0,0.5
2024-05-20 00:00:00+00:00,-0.0566912063602365,0.0,-0.00042023666666666663,0.0,-0.057111443026903165,1.0,0.5
2024-05-21 00:00:00+00:00,0.01987393965539349,0.0,5.249999999999992e-07,0.0,0.01987446465539349,1.0,0.5
2024-05-22 00:00:00+00:00,0.06450184614010637,0.0,1.6166666666666662e-05,0.0,0.06451801280677304,1.0,0.5
2024-05-23 00:00:00+00:00,0.03570657133343613,0.0,5.281666666666666e-05,0.0,0.035759388000102796,1.0,0.5
2024-05-24 00:00:00+00:00,0.007197352099559962,0.0,5.7984999999999995e-05,0.0,0.0072553370995599616,1.0,0.5
2024-05-25 00:00:00+00:00,-0.02658508749871615,0.0,2.713333333333347e-06,0.0,-0.026582374165382814,1.0,0.5
2024-05-26 00:00:00+00:00,0.011083010963407615,0.0009333333333333333,-5.273333333333336e-06,1.559388660931373e-20,0.010144404296740949,0.9999999999999999,0.5
2024-05-27 00:00:00+00:00,-0.008005468413928461,0.0,0.00010499666666666664,1.559388660931373e-20,-0.007900471747261795,0.9999999999999999,0.5
2024-05-28 00:00:00+00:00,-0.007506755450539304,0.0,0.00017329999999999998,1.559388660931373e-20,-0.007333455450539304,0.9999999999999999,0.5
2024-05-29 00:00:00+00:00,-0.02977698020402101,0.0,-4.279166666666665e-05,1.559388660931373e-20,-0.029819771870687677,0.9999999999999999,0.5
2024-05-30 00:00:00+00:00,-0.02849101559038958,0.0,8.69666666666664e-06,1.559388660931373e-20,-0.028482318923722914,0.9999999999999999,0.5
2024-05-31 00:00:00+00:00,0.04390135280104288,0.0,5.5096666666666664e-05,1.556498409871684e-20,0.043956449467709546,0.9999999999999999,0.5
2024-06-01 00:00:00+00:00,0.04813528068827332,0.0,5.326000000000001e-05,1.556498409871684e-20,0.04818854068827332,0.9999999999999999,0.5
2024-06-02 00:00:00+00:00,-0.03509142458675192,0.0006999999999999999,2.8830000000000007e-05,0.0,-0.03576259458675192,1.0,0.5
2024-06-03 00:00:00+00:00,0.00247432035931224,0.0,0.00010975833333333334,0.0,0.0025840786926455733,1.0,0.5
2024-06-04 00:00:00+00:00,0.005924322467560638,0.0,0.00019392833333333332,0.0,0.006118250800893971,1.0,0.5
2024-06-05 00:00:00+00:00,0.014327612486824123,0.0,0.00023493666666666668,0.0,0.014562549153490789,1.0,0.5
2024-06-06 00:00:00+00:00,0.008128208351518765,0.0,0.00012175333333333332,0.0,0.008249961684852099,1.0,0.5
2024-06-07 00:00:00+00:00,0.0328788748445782,0.0,0.00017221333333333332,0.0,0.03305108817791153,1.0,0.5
2024-06-08 00:00:00+00:00,0.011065057074777396,0.0,-1.2556666666666675e-05,0.0,0.011052500408110729,1.0,0.5
2024-06-09 00:00:00+00:00,0.018050283519610244,0.0009333333333333333,-4.051333333333334e-05,1.559388660931373e-20,0.017076436852943577,0.9999999999999999,0.5
2024-06-10 00:00:00+00:00,0.0019183446511264277,0.0,0.0,1.556498409871684e-20,0.0019183446511264277,0.9999999999999999,0.5
2024-06-11 00:00:00+00:00,-0.04225312961851742,0.0001833333333333333,0.0,1.556498409871684e-20,-0.04243646295185075,0.9999999999999999,0.5
2024-06-12 00:00:00+00:00,0.006563565866411196,0.0,-5e-05,2.336615219566963e-05,0.006536932018606866,0.8333333333333333,0.5
2024-06-13 00:00:00+00:00,-0.004074075933554633,0.0,-2.1175000000000013e-05,2.336615219566963e-05,-0.004071884781358963,0.8333333333333333,0.5
2024-06-14 00:00:00+00:00,0.022085056943299985,0.0,0.000139435,2.336615219566963e-05,0.022247858095495655,0.8333333333333333,0.5
2024-06-15 00:00:00+00:00,-0.012205277127169087,0.0,4.163499999999998e-05,2.336615219566963e-05,-0.012140275974973417,0.8333333333333333,0.5
2024-06-16 00:00:00+00:00,0.018920006801773283,0.00035,0.00034281166666666674,0.0,0.01891281846843995,1.0,0.5
2024-06-17 00:00:00+00:00,-0.023278121713738477,0.0,0.00048472500000000003,0.0,-0.02279339671373848,1.0,0.5
2024-06-18 00:00:00+00:00,0.015886773940948933,0.0,1.570333333333333e-05,0.0,0.015902477274282265,1.0,0.5
2024-06-19 00:00:00+00:00,-0.04269688575218751,0.0,9.716833333333334e-05,0.0,-0.042599717418854176,1.0,0.5
2024-06-20 00:00:00+00:00,-0.012532666163672915,0.0,4.611666666666667e-05,0.0,-0.012486549497006248,1.0,0.5
2024-06-21 00:00:00+00:00,0.02356889008453202,0.0,6.9195e-05,0.0,0.02363808508453202,1.0,0.5
2024-06-22 00:00:00+00:00,0.022202075197922888,0.0,9.273666666666667e-05,0.0,0.022294811864589554,1.0,0.5
2024-06-23 00:00:00+00:00,-0.015492899639715858,0.0007,0.00010866999999999999,0.0,-0.01608422963971586,1.0,0.5
2024-06-24 00:00:00+00:00,-0.05173343238313149,0.0,0.0003355116666666666,0.0,-0.05139792071646482,1.0,0.5
2024-06-25 00:00:00+00:00,-0.008934389125537085,0.0,0.00017179666666666666,0.0,-0.008762592458870419,1.0,0.5
2024-06-26 00:00:00+00:00,0.019660590717610227,0.0,1.4234999999999995e-05,0.0,0.019674825717610228,1.0,0.5
2024-06-27 00:00:00+00:00,-0.008660624348987364,0.0,-1.9171666666666665e-05,0.0,-0.00867979601565403,1.0,0.5
2024-06-28 00:00:00+00:00,0.013194999056906277,0.0,0.00017063333333333335,0.0,0.01336563239023961,1.0,0.5
2024-06-29 00:00:00+00:00,0.022113846366686136,0.0,7.406833333333332e-05,0.0,0.02218791470001947,1.0,0.5
2024-06-30 00:00:00+00:00,0.03539733583979249,0.0011666666666666668,7.734999999999998e-05,0.0,0.034308019173125814,1.0,0.5
2024-07-01 00:00:00+00:00,-0.004216573662497022,0.0,-2.7421666666666655e-05,0.0,-0.004243995329163689,1.0,0.5
2024-07-02 00:00:00+00:00,-0.0038701318854726754,0.0,-1.244666666666667e-05,0.0,-0.003882578552139342,1.0,0.5
2024-07-03 00:00:00+00:00,0.010556815598272967,0.0,-2.885666666666665e-05,0.0,0.0105279589316063,1.0,0.5
2024-07-04 00:00:00+00:00,0.03582612775723452,0.0,-8.679166666666666e-05,0.0,0.03573933609056785,1.0,0.5
2024-07-05 00:00:00+00:00,0.0540706598603697,0.0,-7.932e-05,0.0,0.0539913398603697,1.0,0.5
2024-07-06 00:00:00+00:00,-0.03339306068911008,0.0,-3.5046666666666664e-05,0.0,-0.03342810735577674,1.0,0.5
2024-07-07 00:00:00+00:00,-0.03199635299366704,0.0011666666666666665,2.2024999999999993e-05,0.0,-0.03314099466033371,1.0,0.5
2024-07-08 00:00:00+00:00,-0.0149185941059569,0.0,6.545e-05,0.0,-0.0148531441059569,1.0,0.5
2024-07-09 00:00:00+00:00,0.032363984137781354,0.0,-0.00029593333333333333,0.0,0.03206805080444802,1.0,0.5
2024-07-10 00:00:00+00:00,-0.0008989130170481427,0.0,4.409333333333334e-05,0.0,-0.0008548196837148094,1.0,0.5
2024-07-11 00:00:00+00:00,0.022586144541603844,0.0,0.0013128066666666667,0.0,0.02389895120827051,1.0,0.5
2024-07-12 00:00:00+00:00,-0.02202696415978454,0.0,0.0006130133333333333,0.0,-0.021413950826451207,1.0,0.5
2024-07-13 00:00:00+00:00,0.04308222425539692,0.0,0.0002023616666666666,0.0,0.043284585922063586,1.0,0.5
2024-07-14 00:00:00+00:00,0.0040779771149213415,0.00046666666666666666,-7.770166666666668e-05,0.0,0.0035336087815880084,1.0,0.5
2024-07-15 00:00:00+00:00,-0.03667717568388346,0.0,-0.00019778333333333333,0.0,-0.036874959017216796,1.0,0.5
2024-07-16 00:00:00+00:00,0.023531089925489076,0.0,1.0258333333333316e-05,0.0,0.023541348258822408,1.0,0.5
2024-07-17 00:00:00+00:00,-0.016807494049342304,0.0,-0.0007306133333333333,0.0,-0.01753810738267564,1.0,0.5
2024-07-18 00:00:00+00:00,0.009710230740253232,0.0,-0.0008350283333333333,0.0,0.0088752024069199,1.0,0.5
2024-07-19 00:00:00+00:00,-0.09603737044147961,0.0,-0.0004200466666666667,0.0,-0.09645741710814629,1.0,0.5
2024-07-20 00:00:00+00:00,0.0059091327251890955,0.0,-1.1691666666666658e-05,0.0,0.005897441058522429,1.0,0.5
2024-07-21 00:00:00+00:00,-0.03878523321534455,0.0009333333333333332,0.00036179333333333333,0.0,-0.03935677321534455,1.0,0.5
2024-07-22 00:00:00+00:00,0.03792117270588915,0.0,0.0004988,0.0,0.03841997270588915,1.0,0.5
2024-07-23 00:00:00+00:00,-0.02319898525393212,0.0,7.736666666666663e-06,0.0,-0.023191248587265453,1.0,0.5
2024-07-24 00:00:00+00:00,-0.022419558122261228,0.0,0.0002671650000000001,0.0,-0.02215239312226123,1.0,0.5
2024-07-25 00:00:00+00:00,-0.024843363957721406,0.0,0.00021777333333333336,0.0,-0.024625590624388072,1.0,0.5
2024-07-26 00:00:00+00:00,-0.044175409621795225,0.0,0.00038308999999999994,0.0,-0.04379231962179522,1.0,0.5
2024-07-27 00:00:00+00:00,-0.013968004720357825,0.0,0.000705475,0.0,-0.013262529720357824,1.0,0.5
2024-07-28 00:00:00+00:00,-0.010864059031434595,0.0013999999999999998,7.416666666666598e-07,0.0,-0.012263317364767929,1.0,0.5
2024-07-29 00:00:00+00:00,-0.008575875013580017,0.0,4.1028333333333335e-05,0.0,-0.008534846680246684,1.0,0.5
2024-07-30 00:00:00+00:00,0.0013744945866679221,0.0,5.448666666666667e-05,0.0,0.0014289812533345887,1.0,0.5
2024-07-31 00:00:00+00:00,-0.0178282853399665,0.0,5.454999999999994e-06,0.0,-0.017822830339966497,1.0,0.5
2024-08-01 00:00:00+00:00,0.010816697523529407,0.0,8.637e-05,0.0,0.010903067523529408,1.0,0.5
2024-08-02 00:00:00+00:00,0.02405939856936823,0.0,7.941833333333334e-05,0.0,0.024138816902701563,1.0,0.5
2024-08-03 00:00:00+00:00,-0.0029299625914030636,0.0,0.00020410666666666663,0.0,-0.002725855924736397,1.0,0.5
2024-08-04 00:00:00+00:00,-0.02642025599733501,0.0011666666666666665,0.00549574,1.4986358070087233e-20,-0.022091182664001677,0.9999999999999999,0.5
2024-08-05 00:00:00+00:00,-0.007969031342008888,0.0,0.002244625,1.510217111379862e-20,-0.005724406342008888,0.9999999999999999,0.5
2024-08-06 00:00:00+00:00,0.05961796500747429,0.0,0.0004280716666666666,1.510217111379862e-20,0.060046036674140955,0.9999999999999999,0.5
2024-08-07 00:00:00+00:00,-0.01157271091437132,0.0,0.0001249416666666667,1.510217111379862e-20,-0.011447769247704654,0.9999999999999999,0.5
2024-08-08 00:00:00+00:00,-0.054359416536488195,0.0,0.0007738199999999999,1.510217111379862e-20,-0.05358559653648819,0.9999999999999999,0.5
2024-08-09 00:00:00+00:00,0.003705040173245391,0.0,0.00010895499999999999,1.510217111379862e-20,0.003813995173245391,0.9999999999999999,0.5
2024-08-10 00:00:00+00:00,-0.05795374874041133,0.0,4.297666666666677e-05,1.510217111379862e-20,-0.05791077207374466,0.9999999999999999,0.5
2024-08-11 00:00:00+00:00,0.026111186348110844,0.0011666666666666665,0.00020092499999999996,0.0,0.02514544468144418,1.0,0.5
2024-08-12 00:00:00+00:00,-0.05030586354357519,0.0,0.00013150666666666668,0.0,-0.05017435687690852,1.0,0.5
2024-08-13 00:00:00+00:00,-0.020451448559010783,0.0,0.0003286783333333333,0.0,-0.02012277022567745,1.0,0.5
2024-08-14 00:00:00+00:00,0.005236387006506248,0.0,0.0004030683333333333,0.0,0.005639455339839582,1.0,0.5
2024-08-15 00:00:00+00:00,-0.002301109142080834,0.0,0.00021114000000000001,0.0,-0.002089969142080834,1.0,0.5
2024-08-16 00:00:00+00:00,-0.023627384017766886,0.0,0.0005936666666666666,0.0,-0.02303371735110022,1.0,0.5
2024-08-17 00:00:00+00:00,-0.0128423382337182,0.0,-0.00010565166666666665,0.0,-0.012947989900384866,1.0,0.5
2024-08-18 00:00:00+00:00,-0.005006066255776561,0.0011666666666666665,6.408333333333332e-05,0.0,-0.006108649589109894,1.0,0.5
2024-08-19 00:00:00+00:00,-0.010983584443675271,0.0,0.00017373999999999997,0.0,-0.010809844443675271,1.0,0.5
2024-08-20 00:00:00+00:00,-0.0330646830147042,0.0,0.0005280633333333333,0.0,-0.032536619681370865,1.0,0.5
2024-08-21 00:00:00+00:00,0.002388281081501039,0.0,0.0005100116666666667,0.0,0.0028982927481677055,1.0,0.5
2024-08-22 00:00:00+00:00,-0.008623628263247455,0.0,0.000541065,0.0,-0.008082563263247454,1.0,0.5
2024-08-23 00:00:00+00:00,-0.0390768658388968,0.0,-3.951833333333336e-05,0.0,-0.03911638417223014,1.0,0.5
2024-08-24 00:00:00+00:00,-0.014849984470983327,0.0,0.0002779933333333333,0.0,-0.014571991137649993,1.0,0.5
2024-08-25 00:00:00+00:00,0.014530952268172859,0.0011666666666666665,0.00016010833333333333,1.4870501040625756e-20,0.013524393934839526,0.9999999999999999,0.5
2024-08-26 00:00:00+00:00,-0.008216090235323102,0.0,0.00020557333333333329,1.478357938269895e-20,-0.008010516901989768,0.9999999999999999,0.5
2024-08-27 00:00:00+00:00,-0.015704005132784953,0.0,-0.00032447166666666665,1.478357938269895e-20,-0.01602847679945162,0.9999999999999999,0.5
2024-08-28 00:00:00+00:00,-0.009729352800796084,0.0,-0.00021963833333333335,1.4725617847754485e-20,-0.009948991134129417,0.9999999999999999,0.5
2024-08-29 00:00:00+00:00,-0.006692221073373416,0.0,9.255666666666668e-05,1.478357938269895e-20,-0.006599664406706749,0.9999999999999999,0.5
2024-08-30 00:00:00+00:00,-0.0018345591950155722,0.0,0.00014250333333333336,1.478357938269895e-20,-0.0016920558616822388,0.9999999999999999,0.5
2024-08-31 00:00:00+00:00,-0.05835175510039847,0.0,8.210333333333344e-05,1.478357938269895e-20,-0.05826965176706514,0.9999999999999999,0.5
2024-09-01 00:00:00+00:00,-0.009412057014022441,0.0011666666666666668,0.0008000933333333334,0.0,-0.009778630347355774,1.0,0.5
2024-09-02 00:00:00+00:00,-0.05348172564238991,0.0,0.000648825,0.0,-0.052832900642389914,1.0,0.5
2024-09-03 00:00:00+00:00,-0.011218513233990889,0.0,0.00047089833333333324,0.0,-0.010747614900657555,1.0,0.5
2024-09-04 00:00:00+00:00,0.01989349739476607,0.0,0.0005589383333333333,0.0,0.020452435728099405,1.0,0.5
2024-09-05 00:00:00+00:00,-0.026806321357340013,0.0,0.0003739916666666667,0.0,-0.026432329690673346,1.0,0.5
2024-09-06 00:00:00+00:00,-0.014749394657484797,0.0,-1.0575e-05,0.0,-0.014759969657484797,1.0,0.5
2024-09-07 00:00:00+00:00,-0.011402406837299428,0.0,-9.512333333333334e-05,0.0,-0.011497530170632762,1.0,0.5
2024-09-08 00:00:00+00:00,0.04558759273703546,0.0011666666666666668,0.002711951666666667,0.0,0.04713287773703546,1.0,0.5
2024-09-09 00:00:00+00:00,-0.004852845464960008,0.0,1.592000000000001e-05,0.0,-0.004836925464960008,1.0,0.5
2024-09-10 00:00:00+00:00,0.04343357163623021,0.0,0.000325835,0.0,0.04375940663623021,1.0,0.5
2024-09-11 00:00:00+00:00,-0.025338827461895416,0.0,0.0007831966666666666,0.0,-0.02455563079522875,1.0,0.5
2024-09-12 00:00:00+00:00,-0.0036429650068818447,0.0,0.003282818333333333,0.0,-0.00036014667354851166,1.0,0.5
2024-09-13 00:00:00+00:00,0.008909209768814264,0.0,0.005150554999999999,0.0,0.014059764768814263,1.0,0.5
2024-09-14 00:00:00+00:00,0.010451148102243901,0.0,0.001670778333333333,0.0,0.012121926435577234,1.0,0.5
2024-09-15 00:00:00+00:00,0.07762662505416526,0.0009333333333333333,0.0029805183333333333,0.0,0.07967381005416527,1.0,0.5
2024-09-16 00:00:00+00:00,0.013887411263077928,0.0,0.0017719016666666665,0.0,0.015659312929744595,1.0,0.5
2024-09-17 00:00:00+00:00,-0.004610128149460879,0.0,0.001675023333333333,0.0,-0.002935104816127546,1.0,0.5
2024-09-18 00:00:00+00:00,0.018178677187078513,0.0,0.001278435,0.0,0.019457112187078515,1.0,0.5
2024-09-19 00:00:00+00:00,0.08207974635914005,0.0,0.0015950966666666666,0.0,0.08367484302580672,1.0,0.5
2024-09-20 00:00:00+00:00,-0.028276919668549172,0.0,0.00027612333333333335,0.0,-0.02800079633521584,1.0,0.5
2024-09-21 00:00:00+00:00,-0.05487971192511716,0.0,5.230833333333334e-05,0.0,-0.05482740359178383,1.0,0.5
2024-09-22 00:00:00+00:00,0.014962265894267432,0.0009333333333333333,3.7358333333333324e-05,0.0,0.014066290894267431,1.0,0.5
2024-09-23 00:00:00+00:00,-0.0052370595311267264,0.0,0.0010376633333333332,0.0,-0.004199396197793393,1.0,0.5
2024-09-24 00:00:00+00:00,-0.0032826628068943764,0.0,0.0005047999999999999,0.0,-0.0027778628068943767,1.0,0.5
2024-09-25 00:00:00+00:00,0.0019850312138670985,0.0,0.00012320833333333332,0.0,0.0021082395472004317,1.0,0.5
2024-09-26 00:00:00+00:00,0.0009632275650858968,0.0,4.544166666666667e-05,0.0,0.0010086692317525636,1.0,0.5
2024-09-27 00:00:00+00:00,-0.002277380430982341,0.0,0.0016197483333333334,0.0,-0.0006576320976490074,1.0,0.5
2024-09-28 00:00:00+00:00,0.01616236385644785,0.0,0.000396965,0.0,0.01655932885644785,1.0,0.5
2024-09-29 00:00:00+00:00,0.004477613670598957,0.0007,-0.00013426833333333332,0.0,0.0036433453372656235,1.0,0.5
2024-09-30 00:00:00+00:00,0.022613472182773247,0.0,-0.00010831166666666671,0.0,0.02250516051610658,1.0,0.5
2024-10-01 00:00:00+00:00,0.011411382848673858,0.0,-0.00021072166666666667,0.0,0.011200661182007191,1.0,0.5
2024-10-02 00:00:00+00:00,0.008434504825366396,0.0,0.0010292650000000001,0.0,0.009463769825366395,1.0,0.5
2024-10-03 00:00:00+00:00,0.01223590114797133,0.0,0.0014112283333333334,0.0,0.013647129481304664,1.0,0.5
2024-10-04 00:00:00+00:00,0.043129358496235864,0.0,0.0038223699999999994,0.0,0.04695172849623586,1.0,0.5
2024-10-05 00:00:00+00:00,0.0021537319584240353,0.0,0.00031410666666666667,0.0,0.002467838625090702,1.0,0.5
2024-10-06 00:00:00+00:00,0.04485550544441276,0.0007,7.626666666666669e-05,0.0,0.044231772111079426,1.0,0.5
2024-10-07 00:00:00+00:00,-0.02658381922641793,0.0,-5.61166666666672e-06,0.0,-0.026589430893084597,1.0,0.5
2024-10-08 00:00:00+00:00,-0.02296475885086119,0.0,-0.0002704683333333333,0.0,-0.02323522718419452,1.0,0.5
2024-10-09 00:00:00+00:00,0.007793570160682494,0.0,-0.00013378,0.0,0.007659790160682494,1.0,0.5
2024-10-10 00:00:00+00:00,0.02181744650605166,0.0,-8.336333333333333e-05,0.0,0.021734083172718327,1.0,0.5
2024-10-11 00:00:00+00:00,0.01589234914934425,0.0,7.343833333333333e-05,0.0,0.01596578748267758,1.0,0.5
2024-10-12 00:00:00+00:00,0.0009484815950567063,0.0,-0.00016338833333333334,0.0,0.000785093261723373,1.0,0.5
2024-10-13 00:00:00+00:00,0.0018409605388608101,0.0007,2.4395e-05,0.0,0.00116535553886081,1.0,0.5
2024-10-14 00:00:00+00:00,0.051943343021785174,0.0,0.006269031666666665,0.0,0.05821237468845184,1.0,0.5
2024-10-15 00:00:00+00:00,-0.12579195558693504,0.0,0.005511258333333333,0.0,-0.1202806972536017,1.0,0.5
2024-10-16 00:00:00+00:00,-0.050882179859716534,0.0,0.003896366666666667,0.0,-0.04698581319304987,1.0,0.5
2024-10-17 00:00:00+00:00,-0.000983736504838832,0.0,-0.0006150666666666667,0.0,-0.0015988031715054988,1.0,0.5
2024-10-18 00:00:00+00:00,0.008271000792055266,0.0,-0.00040295999999999995,0.0,0.007868040792055265,1.0,0.5
2024-10-19 00:00:00+00:00,-0.0029437556327140584,0.0,-0.00040213833333333334,0.0,-0.0033458939660473918,1.0,0.5
2024-10-20 00:00:00+00:00,-0.020910651821025805,0.0009333333333333333,0.00031094,0.0,-0.02153304515435914,1.0,0.5
2024-10-21 00:00:00+00:00,0.015236775475389503,0.0,0.00039533833333333334,0.0,0.015632113808722835,1.0,0.5
2024-10-22 00:00:00+00:00,-0.022815625828519943,0.0,0.0004387916666666666,0.0,-0.022376834161853276,1.0,0.5
2024-10-23 00:00:00+00:00,0.0324032263400396,0.0,0.00031979166666666663,0.0,0.03272301800670627,1.0,0.5
2024-10-24 00:00:00+00:00,0.0654702635848238,0.0,1.107833333333338e-05,0.0,0.06548134191815713,1.0,0.5
2024-10-25 00:00:00+00:00,-0.00305984306557122,0.0,0.00011686666666666664,0.0,-0.0029429763989045534,1.0,0.5
2024-10-26 00:00:00+00:00,-0.02583419437335362,0.0,0.00014132666666666666,0.0,-0.025692867706686953,1.0,0.5
2024-10-27 00:00:00+00:00,0.00012955799550266357,0.0007,-0.000222925,1.3447669763527187e-20,-0.0007933670044973364,0.9999999999999999,0.5
2024-10-28 00:00:00+00:00,0.007353909130441521,0.0,-0.00011410833333333333,1.336034166905457e-20,0.007239800797108188,0.9999999999999999,0.5
2024-10-29 00:00:00+00:00,0.011764120497160394,0.0,4.3149999999999985e-05,1.336034166905457e-20,0.011807270497160394,0.9999999999999999,0.5
2024-10-30 00:00:00+00:00,-0.023967760897846503,0.0,0.0002889666666666666,1.3302109047212274e-20,-0.023678794231179835,0.9999999999999999,0.5
2024-10-31 00:00:00+00:00,0.005928908805896508,0.0,-2.2926666666666672e-05,1.3214739265533032e-20,0.005905982139229841,0.9999999999999999,0.5
2024-11-01 00:00:00+00:00,0.02207592271893053,0.0,-0.00013624666666666664,1.3127344452360496e-20,0.021939676052263865,0.9999999999999999,0.5
2024-11-02 00:00:00+00:00,-0.012687911613126285,0.0,-0.00021576999999999998,1.3127344452360496e-20,-0.012903681613126286,0.9999999999999999,0.5
2024-11-03 00:00:00+00:00,-0.012539401472858792,0.0009333333333333333,0.00012735833333333334,1.3127344452360496e-20,-0.013345376472858791,0.9999999999999999,0.5
2024-11-04 00:00:00+00:00,0.008815381320832465,0.0,1.4555000000000005e-05,1.3214739265533032e-20,0.008829936320832465,0.9999999999999999,0.5
2024-11-05 00:00:00+00:00,-0.0009226475689820476,0.0,4.1116666666666645e-05,1.318561044311769e-20,-0.000881530902315381,0.9999999999999999,0.5
2024-11-06 00:00:00+00:00,0.020713965962966745,0.0,0.00011174166666666664,1.3214739265533032e-20,0.020825707629633414,0.9999999999999999,0.5
2024-11-07 00:00:00+00:00,-0.0203837590722745,0.0,0.00010179666666666667,1.318561044311769e-20,-0.020281962405607833,0.9999999999999999,0.5
2024-11-08 00:00:00+00:00,0.02810952319438333,0.0,9.254e-05,1.318561044311769e-20,0.02820206319438333,0.9999999999999999,0.5
2024-11-09 00:00:00+00:00,-0.14703871308567046,0.0,0.00012941,1.318561044311769e-20,-0.14690930308567046,0.9999999999999999,0.5
2024-11-10 00:00:00+00:00,0.05328202193835321,0.0009333333333333333,0.00031389499999999996,0.0,0.05266258360501988,1.0,0.5
2024-11-11 00:00:00+00:00,0.0448948542982108,0.0,0.00030729833333333333,0.0,0.04520215263154413,1.0,0.5
2024-11-12 00:00:00+00:00,0.03499538973604636,0.0,0.0002674783333333333,0.0,0.03526286806937969,1.0,0.5
2024-11-13 00:00:00+00:00,-0.016986153698337447,0.0,0.00061007,0.0,-0.016376083698337447,1.0,0.5
2024-11-14 00:00:00+00:00,-0.0013150391933012054,0.0,0.0006228249999999998,0.0,-0.0006922141933012056,1.0,0.5
2024-11-15 00:00:00+00:00,0.047687626747166485,0.0,0.00019666333333333334,0.0,0.04788429008049982,1.0,0.5
2024-11-16 00:00:00+00:00,-0.006909276120802703,0.0,0.0004189266666666666,0.0,-0.006490349454136036,1.0,0.5
2024-11-17 00:00:00+00:00,0.006991509861435579,0.0009333333333333333,0.000366155,0.0,0.006424331528102246,1.0,0.5
2024-11-18 00:00:00+00:00,-0.01331011622961388,0.0,0.00047847499999999985,0.0,-0.012831641229613881,1.0,0.5
2024-11-19 00:00:00+00:00,0.044825377112147985,0.0,0.00030791333333333326,0.0,0.04513329044548132,1.0,0.5
2024-11-20 00:00:00+00:00,0.037408719201448726,0.0,0.00014421666666666668,0.0,0.037552935868115395,1.0,0.5
2024-11-21 00:00:00+00:00,-0.018356660923473433,0.0,0.0002653516666666667,0.0,-0.018091309256806767,1.0,0.5
2024-11-22 00:00:00+00:00,0.05541614152866912,0.0,0.0002754366666666666,0.0,0.05569157819533578,1.0,0.5
2024-11-23 00:00:00+00:00,0.04257970545818337,0.0,0.0004399099999999999,0.0,0.04301961545818337,1.0,0.5
2024-11-24 00:00:00+00:00,-0.060621577421564335,0.0009333333333333333,0.002902906666666666,0.0,-0.058652004088231006,1.0,0.5
2024-11-25 00:00:00+00:00,-0.008822320016617128,0.0,0.000903665,0.0,-0.007918655016617128,1.0,0.5
2024-11-26 00:00:00+00:00,-0.01357534216299209,0.0,0.0003204533333333333,0.0,-0.013254888829658756,1.0,0.5
2024-11-27 00:00:00+00:00,-0.004335299033547752,0.0,0.00042601499999999997,0.0,-0.003909284033547752,1.0,0.5
2024-11-28 00:00:00+00:00,0.008355643634237093,0.0,0.0004657733333333332,0.0,0.008821416967570425,1.0,0.5
2024-11-29 00:00:00+00:00,0.0670133685376749,0.0,0.0005980766666666667,0.0,0.06761144520434156,1.0,0.5
2024-11-30 00:00:00+00:00,-0.03163920704034945,0.0,0.000599425,0.0,-0.031039782040349448,1.0,0.5
2024-12-01 00:00:00+00:00,0.044144418946152585,0.0009333333333333333,0.00042925833333333323,1.3069067330110327e-20,0.043640343946152585,0.9999999999999999,0.5
2024-12-02 00:00:00+00:00,0.061854852350785264,0.0,0.0007804766666666666,1.3039924593371908e-20,0.06263532901745193,0.9999999999999999,0.5
2024-12-03 00:00:00+00:00,-0.016691684431857885,0.0001833333333333333,0.0034442466666666665,1.2981630765907388e-20,-0.013430771098524552,0.9999999999999999,0.5
2024-12-04 00:00:00+00:00,-0.03666180400505692,0.0,0.0007078,1.9444260878002484e-05,-0.03593455974417892,0.8333333333333333,0.5
2024-12-05 00:00:00+00:00,-0.023205718110177742,0.0,0.00026900499999999984,1.9400495080201817e-05,-0.02291731261509754,0.8333333333333333,0.5
2024-12-06 00:00:00+00:00,0.03951933303892036,0.0,0.00022878333333333333,1.9269172584213134e-05,0.039767385544837906,0.8333333333333333,0.5
2024-12-07 00:00:00+00:00,-0.00967864313046381,0.0,0.00033042666666666657,1.9269172584213134e-05,-0.009328947291212931,0.8333333333333333,0.5
2024-12-08 00:00:00+00:00,0.005836363333413345,0.0012833333333333334,0.00047148666666666655,0.0,0.005024516666746678,1.0,0.5
2024-12-09 00:00:00+00:00,0.015726433189437786,0.0,0.0003008166666666667,0.0,0.01602724985610445,1.0,0.5
2024-12-10 00:00:00+00:00,0.040430065212573064,0.0,-0.00013573666666666668,0.0,0.0402943285459064,1.0,0.5
2024-12-11 00:00:00+00:00,-0.06063373350438388,0.0,0.00011022833333333332,0.0,-0.06052350517105055,1.0,0.5
2024-12-12 00:00:00+00:00,0.008452760905721612,0.0,0.00014488666666666666,0.0,0.008597647572388279,1.0,0.5
2024-12-13 00:00:00+00:00,-0.035239008946494545,0.0,9.473500000000001e-05,0.0,-0.035144273946494546,1.0,0.5
2024-12-14 00:00:00+00:00,0.012498573737728724,0.0,0.00014713999999999998,0.0,0.012645713737728725,1.0,0.5
2024-12-15 00:00:00+00:00,-0.031478920337210836,0.0011666666666666665,0.0016045833333333333,0.0,-0.03104100367054417,1.0,0.5
2024-12-16 00:00:00+00:00,0.010316160233067138,0.0001833333333333333,0.004535186666666666,0.0,0.01466801356640047,1.0,0.5
2024-12-17 00:00:00+00:00,0.010272938395149868,0.0,0.0008879983333333332,1.905021803387068e-05,0.01117998694651707,0.8333333333333333,0.5
2024-12-18 00:00:00+00:00,0.010367483902365561,0.0,0.00013290333333333335,1.9006414558061152e-05,0.010519393650256956,0.8333333333333333,0.5
2024-12-19 00:00:00+00:00,-0.01694322883599112,0.0,-1.2781666666666653e-05,1.8918795034202545e-05,-0.016937091707623586,0.8333333333333333,0.5
2024-12-20 00:00:00+00:00,-0.0100036880959025,0.0,2.391666666666666e-05,1.8918795034202545e-05,-0.00996085263420163,0.8333333333333333,0.5
2024-12-21 00:00:00+00:00,-0.007271736024284454,0.0,0.0002949433333333333,1.8918795034202545e-05,-0.006957873895916919,0.8333333333333333,0.5
2024-12-22 00:00:00+00:00,0.02037008039674716,0.0008166666666666667,0.00106326,1.2602449107081439e-20,0.020616673730080495,0.9999999999999999,0.5
2024-12-23 00:00:00+00:00,0.020927591914669735,0.0001833333333333333,0.008496286666666667,1.2631633666883122e-20,0.02924054524800307,0.9999999999999999,0.5
2024-12-24 00:00:00+00:00,0.11200541684866475,0.0,0.0012584116666666666,1.9137812417358023e-05,0.11328296632774877,0.8333333333333333,0.5
2024-12-25 00:00:00+00:00,-0.008647906366195817,0.0,0.007013643333333334,1.9137812417358023e-05,-0.001615125220445125,0.8333333333333333,0.5
2024-12-26 00:00:00+00:00,0.024731052491103838,0.0,0.016670464999999995,1.896260689175182e-05,0.041420480097995586,0.8333333333333333,0.5
2024-12-27 00:00:00+00:00,-0.05606809395623757,0.0,0.008646466666666667,1.8743505675248673e-05,-0.04740288378389566,0.8333333333333333,0.5
2024-12-28 00:00:00+00:00,0.003839274651260882,0.0,0.00452143,1.8743505675248673e-05,0.00837944815693613,0.8333333333333333,0.5
2024-12-29 00:00:00+00:00,-0.011158523024648573,0.0005833333333333333,0.004019119999999999,1.2485682937712016e-20,-0.007722736357981907,0.9999999999999999,0.5
2024-12-30 00:00:00+00:00,-0.02865048481127463,0.0,0.001957338333333333,1.2602449107081439e-20,-0.0266931464779413,0.9999999999999999,0.5
2024-12-31 00:00:00+00:00,0.006957697818501769,0.0,0.0006333483333333333,1.2602449107081439e-20,0.007591046151835102,0.9999999999999999,0.5
2025-01-01 00:00:00+00:00,0.002945468366335912,0.0,0.0007336333333333334,1.2602449107081439e-20,0.003679101699669245,0.9999999999999999,0.5
2025-01-02 00:00:00+00:00,0.04713240089546721,0.0,0.00024196999999999993,1.2573261754786107e-20,0.04737437089546721,0.9999999999999999,0.5
2025-01-03 00:00:00+00:00,-0.09354743433770292,0.0,0.0014721066666666665,1.2514878670643738e-20,-0.09207532767103625,0.9999999999999999,0.5
2025-01-04 00:00:00+00:00,0.0024818523468112695,0.0,0.0014054566666666668,1.2514878670643738e-20,0.003887309013477936,0.9999999999999999,0.5
2025-01-05 00:00:00+00:00,-0.03675878635672959,0.0009333333333333333,0.0007609266666666666,0.0,-0.03693119302339626,1.0,0.5
2025-01-06 00:00:00+00:00,0.009830874318724534,0.0,0.0006411533333333334,0.0,0.010472027652057868,1.0,0.5
2025-01-07 00:00:00+00:00,0.0043261366158319735,0.0,0.0005589116666666667,0.0,0.00488504828249864,1.0,0.5
2025-01-08 00:00:00+00:00,0.007536042268687499,0.0,0.00012044333333333332,0.0,0.007656485602020833,1.0,0.5
2025-01-09 00:00:00+00:00,-0.016307767105453265,0.0,0.00019241666666666664,0.0,-0.016115350438786598,1.0,0.5
2025-01-10 00:00:00+00:00,0.0031649481963008826,0.0,0.0001269,0.0,0.0032918481963008827,1.0,0.5
2025-01-11 00:00:00+00:00,0.02895358290030621,0.0,0.0004915399999999999,0.0,0.02944512290030621,1.0,0.5
2025-01-12 00:00:00+00:00,0.017029805107602655,0.0014,0.001049975,0.0,0.016679780107602658,1.0,0.5
2025-01-13 00:00:00+00:00,-0.012825229450176206,0.0,0.000476255,0.0,-0.012348974450176206,1.0,0.5
2025-01-14 00:00:00+00:00,-0.0011016074836333592,0.0,0.00022126833333333332,0.0,-0.0008803391503000258,1.0,0.5
2025-01-15 00:00:00+00:00,-0.02981059268983725,0.0,0.000298945,0.0,-0.029511647689837252,1.0,0.5
2025-01-16 00:00:00+00:00,0.00040113719557338494,0.0,0.0005305516666666666,0.0,0.0009316888622400516,1.0,0.5
2025-01-17 00:00:00+00:00,-0.030649812195049808,0.0,0.0002725966666666667,0.0,-0.030377215528383142,1.0,0.5
2025-01-18 00:00:00+00:00,0.002509715763438799,0.0,0.00046567333333333326,0.0,0.0029753890967721326,1.0,0.5
2025-01-19 00:00:00+00:00,0.00896232091567058,0.0011666666666666665,0.001997063333333333,0.0,0.009792717582337247,1.0,0.5
2025-01-20 00:00:00+00:00,0.029806754729864045,0.0,0.000648955,0.0,0.030455709729864045,1.0,0.5
2025-01-21 00:00:00+00:00,-0.012686103209424296,0.0,0.00011189166666666667,0.0,-0.012574211542757629,1.0,0.5
2025-01-22 00:00:00+00:00,-0.015383384088088387,0.0,4.179833333333333e-05,0.0,-0.015341585754755053,1.0,0.5
2025-01-23 00:00:00+00:00,0.033342081733328345,0.0,0.00016499166666666666,0.0,0.033507073399995015,1.0,0.5
2025-01-24 00:00:00+00:00,0.05637738530766889,0.0,0.004048973333333332,0.0,0.06042635864100222,1.0,0.5
2025-01-25 00:00:00+00:00,-0.009230107027016597,0.0,0.0014086133333333336,0.0,-0.007821493693683262,1.0,0.5
2025-01-26 00:00:00+00:00,0.08948093756193545,0.0007,0.0007516533333333334,0.0,0.08953259089526878,1.0,0.5
2025-01-27 00:00:00+00:00,0.000647905972151197,0.0,0.004548046666666666,0.0,0.005195952638817863,1.0,0.5
2025-01-28 00:00:00+00:00,0.12895950931242822,0.0,0.00175964,0.0,0.13071914931242823,1.0,0.5
2025-01-29 00:00:00+00:00,-0.04292584036538144,0.0,0.0028864916666666665,0.0,-0.040039348698714776,1.0,0.5
2025-01-30 00:00:00+00:00,-0.007030222484078196,0.0,0.002109608333333333,0.0,-0.004920614150744863,1.0,0.5
2025-01-31 00:00:00+00:00,-0.032944646964724024,0.0,0.0007862966666666667,0.0,-0.03215835029805736,1.0,0.5
2025-02-01 00:00:00+00:00,0.05871118975533794,0.0,0.00014037833333333335,0.0,0.05885156808867128,1.0,0.5
2025-02-02 00:00:00+00:00,-0.03615014260365124,0.0009333333333333333,0.000475305,0.0,-0.036608170936984576,1.0,0.5
2025-02-03 00:00:00+00:00,-0.006427961653602224,0.0,0.00012144166666666667,0.0,-0.006306519986935557,1.0,0.5
2025-02-04 00:00:00+00:00,-0.007121877436263262,0.0,0.0003610633333333333,0.0,-0.006760814102929929,1.0,0.5
2025-02-05 00:00:00+00:00,0.024571456446888924,0.0,0.0013071933333333335,0.0,0.02587864978022226,1.0,0.5
2025-02-06 00:00:00+00:00,0.03352585441113293,0.0,0.0019133000000000002,0.0,0.03543915441113293,1.0,0.5
2025-02-07 00:00:00+00:00,0.013951213946884217,0.0,0.0010977083333333333,0.0,0.01504892228021755,1.0,0.5
2025-02-08 00:00:00+00:00,-0.05133285865275396,0.0,0.000872025,0.0,-0.05046083365275396,1.0,0.5
2025-02-09 00:00:00+00:00,0.01952939514440475,0.0009333333333333333,0.00022751666666666668,0.0,0.018823578477738082,1.0,0.5
2025-02-10 00:00:00+00:00,-0.0043703168745076355,0.0,0.0009263016666666666,0.0,-0.003444015207840969,1.0,0.5
2025-02-11 00:00:00+00:00,-0.0013035808314464563,0.0,0.00021593166666666663,0.0,-0.0010876491647797896,1.0,0.5
2025-02-12 00:00:00+00:00,-0.011779902699059222,0.0,-8.791166666666667e-05,0.0,-0.011867814365725888,1.0,0.5
2025-02-13 00:00:00+00:00,0.008102177171481944,0.0,-4.106333333333333e-05,0.0,0.00806111383814861,1.0,0.5
2025-02-14 00:00:00+00:00,0.02984092921060081,0.0,1.1094999999999995e-05,0.0,0.02985202421060081,1.0,0.5
2025-02-15 00:00:00+00:00,0.048850219852028975,0.0,-0.000179285,0.0,0.048670934852028974,1.0,0.5
2025-02-16 00:00:00+00:00,-0.002785753625833904,0.0007,-0.00012223666666666665,0.0,-0.003607990292500571,1.0,0.5
2025-02-17 00:00:00+00:00,0.022463363015797596,0.0,-0.00010803166666666666,0.0,0.022355331349130928,1.0,0.5
2025-02-18 00:00:00+00:00,0.07613213601991325,0.0,3.792833333333332e-05,0.0,0.0761700643532466,1.0,0.5
2025-02-19 00:00:00+00:00,0.008959450180733242,0.0,0.0004201733333333333,0.0,0.009379623514066574,1.0,0.5
2025-02-20 00:00:00+00:00,-0.010372906460631602,0.0,0.00037849166666666665,0.0,-0.009994414793964936,1.0,0.5
2025-02-21 00:00:00+00:00,0.04370896499753759,0.0,0.00046560499999999996,0.0,0.04417456999753759,1.0,0.5
2025-02-22 00:00:00+00:00,-0.04942474979890733,0.0,0.0009951399999999998,0.0,-0.048429609798907335,1.0,0.5
2025-02-23 00:00:00+00:00,0.005791548870324292,0.0009333333333333333,0.006294831666666667,0.0,0.011153047203657626,1.0,0.5
2025-02-24 00:00:00+00:00,-0.020607467164865213,0.0,0.007143765,0.0,-0.013463702164865213,1.0,0.5
2025-02-25 00:00:00+00:00,0.001402229003177621,0.0,0.0002965733333333333,0.0,0.0016988023365109542,1.0,0.5
2025-02-26 00:00:00+00:00,-0.013078888997273198,0.0,0.0004909383333333333,0.0,-0.012587950663939865,1.0,0.5
2025-02-27 00:00:00+00:00,-0.051306630051345906,0.0,-4.197166666666664e-05,0.0,-0.051348601718012574,1.0,0.5
2025-02-28 00:00:00+00:00,-0.016644754770276344,0.0,-7.586166666666667e-05,0.0,-0.01672061643694301,1.0,0.5
2025-03-01 00:00:00+00:00,0.022662246331468773,0.0,8.769500000000002e-05,0.0,0.022749941331468772,1.0,0.5
2025-03-02 00:00:00+00:00,-0.12186410279047835,0.0011666666666666665,3.206333333333334e-05,0.0,-0.12299870612381168,1.0,0.5
2025-03-03 00:00:00+00:00,0.010028214515308127,0.0,9.101500000000001e-05,0.0,0.010119229515308126,1.0,0.5
2025-03-04 00:00:00+00:00,-0.016338589540422367,0.0,0.00015537,0.0,-0.01618321954042237,1.0,0.5
2025-03-05 00:00:00+00:00,-0.03300999017676305,0.0,0.00019572833333333334,0.0,-0.03281426184342972,1.0,0.5
2025-03-06 00:00:00+00:00,0.006948052697646794,0.0,0.00015259333333333334,0.0,0.007100646030980128,1.0,0.5
2025-03-07 00:00:00+00:00,0.10313535815859605,0.0,-3.7933333333333298e-06,0.0,0.10313156482526271,1.0,0.5
2025-03-08 00:00:00+00:00,0.0008297412673007667,0.0,-7.866666666666665e-05,0.0,0.0007510746006341001,1.0,0.5
2025-03-09 00:00:00+00:00,-0.005405252030695475,0.0009333333333333333,0.0013305233333333333,0.0,-0.0050080620306954746,1.0,0.5
2025-03-10 00:00:00+00:00,0.09099973895071065,0.0,0.0009940333333333332,0.0,0.09199377228404398,1.0,0.5
2025-03-11 00:00:00+00:00,0.040097481482070284,0.0,0.000648715,0.0,0.040746196482070285,1.0,0.5
2025-03-12 00:00:00+00:00,-0.035858371745435026,0.0,0.0003099233333333333,0.0,-0.035548448412101696,1.0,0.5
2025-03-13 00:00:00+00:00,0.02780528324092351,0.0,0.000214755,0.0,0.02802003824092351,1.0,0.5
2025-03-14 00:00:00+00:00,0.030969561725999534,0.0,0.0005718883333333334,0.0,0.03154145005933287,1.0,0.5
2025-03-15 00:00:00+00:00,-0.013071860229273351,0.0,0.0006696749999999999,0.0,-0.012402185229273352,1.0,0.5
2025-03-16 00:00:00+00:00,0.014376577817723486,0.00023333333333333333,0.0032413733333333332,0.0,0.017384617817723488,1.0,0.5
2025-03-17 00:00:00+00:00,0.02192789795182104,0.0,0.0011168616666666663,0.0,0.023044759618487707,1.0,0.5
2025-03-18 00:00:00+00:00,0.04609542263494113,0.0,0.0007552766666666667,0.0,0.0468506993016078,1.0,0.5
2025-03-19 00:00:00+00:00,-0.011017775931898843,0.0,0.00158861,0.0,-0.009429165931898843,1.0,0.5
2025-03-20 00:00:00+00:00,-0.0062399658764729984,0.0,0.004516755,0.0,-0.0017232108764729985,1.0,0.5
2025-03-21 00:00:00+00:00,0.020286230723723486,0.0,0.0037406783333333335,0.0,0.02402690905705682,1.0,0.5
2025-03-22 00:00:00+00:00,-0.06360546331165086,0.0,0.015409396666666665,0.0,-0.048196066644984194,1.0,0.5
2025-03-23 00:00:00+00:00,-0.023895355522106365,0.0009333333333333333,0.0008397116666666667,0.0,-0.023988977188773034,1.0,0.5
2025-03-24 00:00:00+00:00,-0.06486849395690024,0.0,0.0030364516666666662,0.0,-0.06183204229023357,1.0,0.5
2025-03-25 00:00:00+00:00,0.016164136572953756,0.0,0.0016586766666666667,0.0,0.017822813239620424,1.0,0.5
2025-03-26 00:00:00+00:00,0.022528201161488327,0.0,0.0006818566666666666,0.0,0.023210057828154995,1.0,0.5
2025-03-27 00:00:00+00:00,-0.044659589553362966,0.0001833333333333333,0.005388153333333332,0.0,-0.03945476955336297,1.0,0.5
2025-03-28 00:00:00+00:00,0.004213127764536414,0.0,0.000370045,1.8787334305899378e-05,0.004601960098842313,0.8333333333333333,0.5
2025-03-29 00:00:00+00:00,0.011049298353031294,0.0,0.00041535833333333327,1.8787334305899378e-05,0.011483444020670527,0.8333333333333333,0.5
2025-03-30 00:00:00+00:00,-0.05244828703907898,0.0010499999999999997,-0.0026488366666666666,0.0,-0.05614712370574565,1.0,0.5
2025-03-31 00:00:00+00:00,0.04626787758092521,0.0,-0.0030388616666666662,0.0,0.043229015914258546,1.0,0.5
2025-04-01 00:00:00+00:00,-0.005820595843767425,0.0,-0.0050463899999999996,0.0,-0.010866985843767425,1.0,0.5
2025-04-02 00:00:00+00:00,0.00954155867034083,0.0,-0.0007360616666666666,0.0,0.008805497003674164,1.0,0.5
2025-04-03 00:00:00+00:00,-0.02165163262848559,0.0,4.094999999999999e-05,0.0,-0.02161068262848559,1.0,0.5
2025-04-04 00:00:00+00:00,0.04902015299759316,0.0,-1.9601666666666645e-05,0.0,0.04900055133092649,1.0,0.5
2025-04-05 00:00:00+00:00,-0.016238349871883214,0.0,-0.0022379199999999996,0.0,-0.018476269871883215,1.0,0.5
2025-04-06 00:00:00+00:00,-0.020208169539470522,0.0011666666666666665,-6.735999999999998e-05,0.0,-0.021442196206137187,1.0,0.5
2025-04-07 00:00:00+00:00,0.014247274559663604,0.0,1.4314999999999998e-05,0.0,0.014261589559663605,1.0,0.5
2025-04-08 00:00:00+00:00,-0.01407096958722115,0.0,0.00324174,0.0,-0.01082922958722115,1.0,0.5
2025-04-09 00:00:00+00:00,0.05399020486329069,0.0,0.020867545,0.0,0.07485774986329069,1.0,0.5
2025-04-10 00:00:00+00:00,0.026731678144852316,0.0,0.0034480966666666666,0.0,0.030179774811518983,1.0,0.5
2025-04-11 00:00:00+00:00,0.01633341353911514,0.0,0.0027530166666666664,0.0,0.019086430205781806,1.0,0.5
2025-04-12 00:00:00+00:00,-0.1289111905857577,0.0,0.007266999999999999,0.0,-0.1216441905857577,1.0,0.5
2025-04-13 00:00:00+00:00,0.154667346634044,0.0011666666666666665,-0.015115961666666665,0.0,0.13838471830071064,1.0,0.5
2025-04-14 00:00:00+00:00,0.031013601616699932,0.0003666666666666666,-0.010769171666666666,0.0,0.0198777632833666,1.0,0.5
2025-04-15 00:00:00+00:00,-0.026012206891929304,0.0,3.3295e-05,3.774995796912429e-05,-0.02594116193396018,0.6666666666666666,0.5
2025-04-16 00:00:00+00:00,0.02931996493567044,0.0,0.00020621499999999994,3.766231748418096e-05,0.029563842253154622,0.6666666666666666,0.5
2025-04-17 00:00:00+00:00,-0.00670898701627683,0.0,-0.0001664966666666667,3.783759006840508e-05,-0.0068376460928750915,0.6666666666666666,0.5
2025-04-18 00:00:00+00:00,-0.03771643724941409,0.0,0.00014079999999999998,3.783759006840508e-05,-0.037537799659345686,0.6666666666666666,0.5
2025-04-19 00:00:00+00:00,0.03658122059755579,0.0,7.070166666666667e-05,3.783759006840508e-05,0.036689759854290856,0.6666666666666666,0.5
2025-04-20 00:00:00+00:00,0.028704344190904597,0.00046666666666666666,-0.00019670666666666664,1.2602449107081439e-20,0.028040970857571262,0.9999999999999999,0.5
2025-04-21 00:00:00+00:00,0.025386658168280896,0.0,-0.0007665983333333332,1.2573261754786107e-20,0.024620059834947562,0.9999999999999999,0.5
2025-04-22 00:00:00+00:00,0.056861437202972986,0.0,-0.0006722916666666666,1.2573261754786107e-20,0.05618914553630632,0.9999999999999999,0.5
2025-04-23 00:00:00+00:00,0.024896684363322798,0.0,-0.0005380366666666666,1.2573261754786107e-20,0.024358647696656133,0.9999999999999999,0.5
2025-04-24 00:00:00+00:00,0.025155064096321973,0.0,-0.0006017566666666667,1.2544071609504089e-20,0.024553307429655304,0.9999999999999999,0.5
2025-04-25 00:00:00+00:00,-0.0576316118466498,0.0,-0.00024851333333333333,1.2544071609504089e-20,-0.05788012517998313,0.9999999999999999,0.5
2025-04-26 00:00:00+00:00,-0.013271399728669881,0.0,-0.0005783299999999998,1.2544071609504089e-20,-0.013849729728669881,0.9999999999999999,0.5
2025-04-27 00:00:00+00:00,-0.10574996599992265,0.0009333333333333332,0.02500121333333333,0.0,-0.08168208599992265,1.0,0.5
2025-04-28 00:00:00+00:00,0.07211157492720166,0.0,0.03532377166666666,0.0,0.10743534659386833,1.0,0.5
2025-04-29 00:00:00+00:00,-0.04492339905962143,0.0,0.026132141666666667,0.0,-0.01879125739295476,1.0,0.5
2025-04-30 00:00:00+00:00,0.8773813014779651,0.0001833333333333333,-0.026149341666666662,0.0,0.8510486264779651,1.0,0.5
2025-05-01 00:00:00+00:00,0.03300603805083361,0.0,-0.00043862999999999997,1.8787334305899378e-05,0.03258619538513951,0.8333333333333333,0.3333333333333333
2025-05-02 00:00:00+00:00,0.027428634003600405,0.0,-0.00022200166666666658,1.8874978984562148e-05,0.0272255073159183,0.8333333333333333,0.3333333333333333
2025-05-03 00:00:00+00:00,0.009763061455459479,0.0,-0.0008210333333333333,1.8874978984562148e-05,0.008960903101110708,0.8333333333333333,0.3333333333333333
2025-05-04 00:00:00+00:00,-0.019290185555712047,0.0005833333333333333,-0.002960643333333333,0.0,-0.02283416222237871,1.0,0.5
2025-05-05 00:00:00+00:00,-0.02200883649293839,0.0,-0.003538193333333334,0.0,-0.025547029826271724,1.0,0.5
2025-05-06 00:00:00+00:00,0.02761710540406396,0.0,-0.002433738333333333,0.0,0.025183367070730624,1.0,0.5
2025-05-07 00:00:00+00:00,0.04189296324818398,0.0,-0.0043753666666666675,0.0,0.037517596581517314,1.0,0.5
2025-05-08 00:00:00+00:00,0.014108985579256626,0.0,-0.0022022799999999996,0.0,0.011906705579256627,1.0,0.5
2025-05-09 00:00:00+00:00,-0.049554354168755324,0.0,-0.0004941966666666667,0.0,-0.05004855083542199,1.0,0.5
2025-05-10 00:00:00+00:00,0.026969327385361428,0.0,-9.3275e-05,0.0,0.026876052385361428,1.0,0.5
2025-05-11 00:00:00+00:00,0.16473839264837684,0.0009333333333333333,-0.0032830416666666667,1.2573261754786107e-20,0.1605220176483768,0.9999999999999999,0.5
2025-05-12 00:00:00+00:00,-0.043961228961377746,0.0,-0.00353702,1.2835847441081543e-20,-0.04749824896137775,0.9999999999999999,0.5
2025-05-13 00:00:00+00:00,0.0327870729788424,0.0,-0.005662201666666666,1.277751459746877e-20,0.02712487131217574,0.9999999999999999,0.5
2025-05-14 00:00:00+00:00,-0.011505775178892137,0.0,-0.007344085,1.277751459746877e-20,-0.018849860178892137,0.9999999999999999,0.5
2025-05-15 00:00:00+00:00,0.03844217799683092,0.0,-0.009341204166666664,1.2719170596799e-20,0.029100973830164252,0.9999999999999999,0.5
2025-05-16 00:00:00+00:00,-0.01790318592329946,0.0,0.003790095,1.266081543475815e-20,-0.01411309092329946,0.9999999999999999,0.5
2025-05-17 00:00:00+00:00,-0.023964740007163823,0.0,0.001044581666666667,1.266081543475815e-20,-0.022920158340497158,0.9999999999999999,0.5
2025-05-18 00:00:00+00:00,0.07662667361913321,0.0007,0.001626705,0.0,0.07755337861913321,1.0,0.5
2025-05-19 00:00:00+00:00,-0.012441364075347794,0.0,0.00045511333333333337,0.0,-0.01198625074201446,1.0,0.5
2025-05-20 00:00:00+00:00,-0.0029550013383326332,0.0,0.0008939916666666665,0.0,-0.0020610096716659667,1.0,0.5
2025-05-21 00:00:00+00:00,0.022146970625154357,0.0,0.0007484933333333334,0.0,0.02289546395848769,1.0,0.5
2025-05-22 00:00:00+00:00,0.059164670688836365,0.0,0.0010468066666666665,0.0,0.06021147735550303,1.0,0.5
2025-05-23 00:00:00+00:00,-0.05921676822575837,0.0,7.551666666666672e-05,0.0,-0.05914125155909171,1.0,0.5
2025-05-24 00:00:00+00:00,-0.020008537455079228,0.0,0.00047680499999999996,0.0,-0.019531732455079227,1.0,0.5
2025-05-25 00:00:00+00:00,0.016307197836013976,0.0006999999999999999,-0.0005181383333333333,0.0,0.015089059502680642,1.0,0.5
2025-05-26 00:00:00+00:00,-0.005176608010823293,0.0,-0.00039341833333333335,0.0,-0.005570026344156626,1.0,0.5
2025-05-27 00:00:00+00:00,0.03781377192815814,0.0,-5.5511666666666645e-05,0.0,0.03775826026149147,1.0,0.5
2025-05-28 00:00:00+00:00,-0.016471900413454327,0.0,-0.0005832566666666666,0.0,-0.017055157080120995,1.0,0.5
2025-05-29 00:00:00+00:00,-0.010171751507273414,0.0,-0.0006408450000000001,0.0,-0.010812596507273415,1.0,0.5
2025-05-30 00:00:00+00:00,0.022267368192839143,0.0,6.330333333333331e-05,0.0,0.022330671526172477,1.0,0.5
2025-05-31 00:00:00+00:00,0.007394937545641503,0.0,-0.00040640333333333327,0.0,0.0069885342123081695,1.0,0.5
2025-06-01 00:00:00+00:00,0.012004002531928605,0.0011666666666666668,0.003394941666666666,0.0,0.014232277531928605,1.0,0.5
2025-06-02 00:00:00+00:00,-0.012991277896714486,0.0,0.0012687716666666665,0.0,-0.01172250623004782,1.0,0.5
2025-06-03 00:00:00+00:00,0.02234657336720965,0.0,0.0001058183333333333,0.0,0.022452391700542983,1.0,0.5
2025-06-04 00:00:00+00:00,0.061941782298556555,0.0,0.0031824699999999997,0.0,0.06512425229855656,1.0,0.5
2025-06-05 00:00:00+00:00,-0.002082361761182462,0.0,0.0032142483333333334,0.0,0.0011318865721508713,1.0,0.5
2025-06-06 00:00:00+00:00,-0.06563200330661452,0.0,0.00265934,0.0,-0.06297266330661452,1.0,0.5
2025-06-07 00:00:00+00:00,0.01286570405112773,0.0,0.014378489999999999,0.0,0.027244194051127726,1.0,0.5
2025-06-08 00:00:00+00:00,0.015122400496069704,0.0013999999999999998,0.00010276166666666668,0.0,0.01382516216273637,1.0,0.5
2025-06-09 00:00:00+00:00,0.03779611298979964,0.0,0.0005926133333333332,0.0,0.03838872632313297,1.0,0.5
2025-06-10 00:00:00+00:00,-0.0020791919765733562,0.0,0.0004948250000000001,0.0,-0.0015843669765733563,1.0,0.5
2025-06-11 00:00:00+00:00,0.023298971655583478,0.0,0.00045400166666666674,0.0,0.023752973322250143,1.0,0.5
2025-06-12 00:00:00+00:00,-0.011224510949810194,0.0,0.0005595683333333334,0.0,-0.010664942616476861,1.0,0.5
2025-06-13 00:00:00+00:00,0.0037002732984797535,0.0,0.0011873116666666665,0.0,0.00488758496514642,1.0,0.5
2025-06-14 00:00:00+00:00,-0.03634772170649948,0.0,-0.0007885016666666666,0.0,-0.03713622337316615,1.0,0.5
2025-06-15 00:00:00+00:00,0.03317651175555192,0.0009333333333333333,0.0028183933333333334,0.0,0.03506157175555192,1.0,0.5
2025-06-16 00:00:00+00:00,-0.013586393282494301,0.0,0.00736258,0.0,-0.006223813282494301,1.0,0.5
2025-06-17 00:00:00+00:00,-0.018162588840014777,0.0,0.00189053,0.0,-0.016272058840014775,1.0,0.5
2025-06-18 00:00:00+00:00,0.0389668018536839,0.0,0.0010021766666666666,0.0,0.039968978520350563,1.0,0.5
2025-06-19 00:00:00+00:00,0.009164156162226527,0.0,0.010069413333333332,0.0,0.01923356949555986,1.0,0.5
2025-06-20 00:00:00+00:00,-0.012668217476796528,0.0,0.007781165,0.0,-0.004887052476796529,1.0,0.5
2025-06-21 00:00:00+00:00,0.001802267586980804,0.0,0.0029265800000000002,0.0,0.004728847586980804,1.0,0.5
2025-06-22 00:00:00+00:00,0.05283557586566123,0.0009333333333333333,0.015557966666666664,1.2544071609504089e-20,0.06746020919899456,0.9999999999999999,0.5
2025-06-23 00:00:00+00:00,0.08929874508649671,0.0,0.021051438333333332,1.2485682937712016e-20,0.11035018341983005,0.9999999999999999,0.5
2025-06-24 00:00:00+00:00,-0.010936322771252744,0.0,0.005070986666666666,1.2485682937712016e-20,-0.005865336104586078,0.9999999999999999,0.5
2025-06-25 00:00:00+00:00,-0.016253707277951425,0.0,0.008740468333333333,1.2485682937712016e-20,-0.007513238944618092,0.9999999999999999,0.5
2025-06-26 00:00:00+00:00,0.014542613694314662,0.0,0.0034586466666666664,1.2544071609504089e-20,0.01800126036098133,0.9999999999999999,0.5
2025-06-27 00:00:00+00:00,-0.015487942904283458,0.0,0.00111788,1.2514878670643738e-20,-0.014370062904283458,0.9999999999999999,0.5
2025-06-28 00:00:00+00:00,0.012896852478806325,0.0,0.0034348633333333334,1.2514878670643738e-20,0.016331715812139658,0.9999999999999999,0.5
2025-06-29 00:00:00+00:00,0.009430208833109778,0.00046666666666666666,0.0027983416666666665,0.0,0.011761883833109776,1.0,0.5
2025-06-30 00:00:00+00:00,0.00564689500205806,0.0,0.0021829766666666664,0.0,0.007829871668724727,1.0,0.5
2025-07-01 00:00:00+00:00,0.020580519674772663,0.0,0.0037258233333333332,0.0,0.024306343008105996,1.0,0.5
2025-07-02 00:00:00+00:00,0.012352649283842962,0.0,0.002913251666666667,0.0,0.015265900950509628,1.0,0.5
2025-07-03 00:00:00+00:00,0.036603831429883174,0.0,0.012312573333333332,0.0,0.04891640476321651,1.0,0.5
2025-07-04 00:00:00+00:00,0.015575327828347692,0.0,0.01280566,0.0,0.028380987828347692,1.0,0.5
2025-07-05 00:00:00+00:00,-0.012117372405240577,0.0,0.010223654999999998,0.0,-0.0018937174052405786,1.0,0.5
2025-07-06 00:00:00+00:00,-0.017648979721070678,0.0009333333333333333,0.0018381516666666664,0.0,-0.016744161387737346,1.0,0.5
2025-07-07 00:00:00+00:00,0.0005729287903225577,0.0,0.0012805,0.0,0.0018534287903225577,1.0,0.5
2025-07-08 00:00:00+00:00,0.06675596859260709,0.0,0.0016108033333333332,0.0,0.06836677192594041,1.0,0.5
2025-07-09 00:00:00+00:00,-0.0564154573637056,0.0,0.0014415149999999998,0.0,-0.054973942363705605,1.0,0.5
2025-07-10 00:00:00+00:00,0.0630914554602531,0.0,0.0020956583333333334,0.0,0.06518711379358644,1.0,0.5
2025-07-11 00:00:00+00:00,-0.1099851652577144,0.0,0.00046977999999999994,0.0,-0.1095153852577144,1.0,0.5
2025-07-12 00:00:00+00:00,0.01838964737198197,0.0,0.0014642649999999998,0.0,0.01985391237198197,1.0,0.5
2025-07-13 00:00:00+00:00,0.022987256292066625,0.0009333333333333333,0.0011089566666666667,1.266081543475815e-20,0.02316287962539996,0.9999999999999999,0.5
2025-07-14 00:00:00+00:00,-0.014287338644240142,0.0,-0.00041517666666666665,1.2689994411199561e-20,-0.014702515310906808,0.9999999999999999,0.5
2025-07-15 00:00:00+00:00,0.017386492183117514,0.0,0.00017529333333333335,1.266081543475815e-20,0.017561785516450847,0.9999999999999999,0.5
2025-07-16 00:00:00+00:00,-0.04294065577070927,0.0,0.0003471549999999999,1.2631633666883122e-20,-0.04259350077070927,0.9999999999999999,0.5
2025-07-17 00:00:00+00:00,-0.012290124351208095,0.0,0.0004925166666666667,1.2631633666883122e-20,-0.011797607684541429,0.9999999999999999,0.5
2025-07-18 00:00:00+00:00,-0.001422962832534588,0.0,-0.00010979833333333332,1.2631633666883122e-20,-0.0015327611658679213,0.9999999999999999,0.5
2025-07-19 00:00:00+00:00,0.02409078125642934,0.0,-8.991666666666644e-06,1.2631633666883122e-20,0.024081789589762675,0.9999999999999999,0.5
2025-07-20 00:00:00+00:00,0.09464589358209663,0.0011666666666666665,0.0015283583333333332,1.2631633666883122e-20,0.0950075852487633,0.9999999999999999,0.5
2025-07-21 00:00:00+00:00,0.006589382788508401,0.0,0.0008327083333333332,1.2631633666883122e-20,0.007422091121841734,0.9999999999999999,0.5
2025-07-22 00:00:00+00:00,0.018166977230597434,0.0,0.0016987316666666665,1.2631633666883122e-20,0.0198657088972641,0.9999999999999999,0.5
2025-07-23 00:00:00+00:00,0.003780552627897133,0.0,0.0023441933333333328,1.266081543475815e-20,0.006124745961230466,0.9999999999999999,0.5
2025-07-24 00:00:00+00:00,-0.02795123705705438,0.0,0.0031304149999999997,1.266081543475815e-20,-0.024820822057054378,0.9999999999999999,0.5
2025-07-25 00:00:00+00:00,0.035119144621006695,0.0,0.006299198333333333,1.266081543475815e-20,0.04141834295434003,0.9999999999999999,0.5
2025-07-26 00:00:00+00:00,-6.728494147782249e-05,0.0,0.0029594933333333333,1.266081543475815e-20,0.002892208391855511,0.9999999999999999,0.5
2025-07-27 00:00:00+00:00,0.051952018267276225,0.0006999999999999999,0.002481423333333333,0.0,0.05373344160060956,1.0,0.5
2025-07-28 00:00:00+00:00,-0.01192350290596263,0.0,0.0022842966666666666,0.0,-0.009639206239295964,1.0,0.5
2025-07-29 00:00:00+00:00,-0.01307005510893533,0.0,0.0025140583333333327,0.0,-0.010555996775601997,1.0,0.5
2025-07-30 00:00:00+00:00,0.0063937222208483675,0.0,0.00411404,0.0,0.010507762220848368,1.0,0.5
2025-07-31 00:00:00+00:00,-0.030650235265144356,0.0,0.0029232616666666662,0.0,-0.02772697359847769,1.0,0.5
2025-08-01 00:00:00+00:00,-0.1188266845736085,0.0,0.0028605416666666666,0.0,-0.11596614290694184,1.0,0.5
2025-08-02 00:00:00+00:00,0.04367522895793133,0.0,0.00405919,0.0,0.047734418957931325,1.0,0.5
2025-08-03 00:00:00+00:00,0.023351765852968533,0.0009333333333333333,0.0005504033333333334,1.2485682937712016e-20,0.022968835852968533,0.9999999999999999,0.5
2025-08-04 00:00:00+00:00,0.04473565124261577,0.0,0.0005301266666666667,1.2398078969065209e-20,0.045265777909282434,0.9999999999999999,0.5
2025-08-05 00:00:00+00:00,0.049818629959668695,0.0,0.00051674,1.2398078969065209e-20,0.0503353699596687,0.9999999999999999,0.5
2025-08-06 00:00:00+00:00,-0.08707766420227775,0.0,0.0006221016666666667,1.233966234307484e-20,-0.08645556253561108,0.9999999999999999,0.5
2025-08-07 00:00:00+00:00,0.10783004702231046,0.0,0.0005039133333333333,1.233966234307484e-20,0.10833396035564379,0.9999999999999999,0.5
2025-08-08 00:00:00+00:00,0.023511328279032406,0.0,0.0008878916666666666,1.233966234307484e-20,0.024399219945699074,0.9999999999999999,0.5
2025-08-09 00:00:00+00:00,0.015961616266079778,0.0,0.0003873750000000001,1.233966234307484e-20,0.016348991266079776,0.9999999999999999,0.5
2025-08-10 00:00:00+00:00,0.05467315881407442,0.0009333333333333333,-0.0010939749999999999,0.0,0.05264585048074109,1.0,0.5
2025-08-11 00:00:00+00:00,-0.05650000961418431,0.0,-0.0009346183333333333,0.0,-0.05743462794751764,1.0,0.5
2025-08-12 00:00:00+00:00,-0.021083619963058242,0.0,-0.0015373499999999998,0.0,-0.022620969963058242,1.0,0.5
2025-08-13 00:00:00+00:00,0.019725826669122405,0.0,0.0005963616666666664,0.0,0.02032218833578907,1.0,0.5
2025-08-14 00:00:00+00:00,-0.031951695591022206,0.0,0.006767841666666667,0.0,-0.02518385392435554,1.0,0.5
2025-08-15 00:00:00+00:00,0.011652256444687236,0.0,-0.0009859399999999998,0.0,0.010666316444687237,1.0,0.5
2025-08-16 00:00:00+00:00,-0.04975739181240714,0.0,-0.000503025,0.0,-0.05026041681240714,1.0,0.5
2025-08-17 00:00:00+00:00,-0.021538002624119902,0.0007,0.021671865,0.0,-0.0005661376241199036,1.0,0.5
2025-08-18 00:00:00+00:00,-0.03908608617972868,0.0,0.005136736666666667,0.0,-0.03394934951306201,1.0,0.5
2025-08-19 00:00:00+00:00,-0.03148245955434207,0.0,-0.0006041849999999999,0.0,-0.03208664455434207,1.0,0.5
2025-08-20 00:00:00+00:00,-0.031062847068507884,0.0,-0.0004888883333333333,0.0,-0.03155173540184122,1.0,0.5
2025-08-21 00:00:00+00:00,0.02739380732439193,0.0,-0.0006951333333333333,0.0,0.026698673991058595,1.0,0.5
2025-08-22 00:00:00+00:00,-0.03970275027539477,0.0,-0.00030740166666666665,0.0,-0.04001015194206144,1.0,0.5
2025-08-23 00:00:00+00:00,0.017877495777225045,0.0,-0.0005963366666666667,0.0,0.01728115911055838,1.0,0.5
2025-08-24 00:00:00+00:00,0.048554096080029766,0.0009333333333333333,0.0018118166666666667,0.0,0.0494325794133631,1.0,0.5
2025-08-25 00:00:00+00:00,0.013631143009476376,0.0,0.0021167166666666666,0.0,0.015747859676143044,1.0,0.5
2025-08-26 00:00:00+00:00,-0.011822091492579765,0.0,0.003996736666666667,0.0,-0.007825354825913098,1.0,0.5
2025-08-27 00:00:00+00:00,-0.013374612377401321,0.0,0.009524401666666666,0.0,-0.003850210710734655,1.0,0.5
2025-08-28 00:00:00+00:00,0.005946476293103113,0.0,0.010270271666666667,0.0,0.01621674795976978,1.0,0.5
2025-08-29 00:00:00+00:00,-0.008043924526374684,0.0,0.004458755,0.0,-0.0035851695263746843,1.0,0.5
2025-08-30 00:00:00+00:00,-0.008635656661122556,0.0,0.0064738949999999995,0.0,-0.0021617616611225568,1.0,0.5
2025-08-31 00:00:00+00:00,-0.0008510586479105933,0.0009333333333333333,0.005184526666666666,0.0,0.00340013468542274,1.0,0.5
2025-09-01 00:00:00+00:00,0.007062805643669845,0.0,0.0008921033333333332,0.0,0.007954908977003178,1.0,0.5
2025-09-02 00:00:00+00:00,-0.02582060497472653,0.0,0.001486125,0.0,-0.024334479974726528,1.0,0.5
2025-09-03 00:00:00+00:00,0.04112296934595762,0.0,-0.0001206,0.0,0.04100236934595762,1.0,0.5
2025-09-04 00:00:00+00:00,-0.011316147947911286,0.0,-0.0005923199999999997,0.0,-0.011908467947911287,1.0,0.5
2025-09-05 00:00:00+00:00,0.005383539974933644,0.0,-0.0006940716666666667,0.0,0.0046894683082669775,1.0,0.5
2025-09-06 00:00:00+00:00,0.08030578450529163,0.0,0.0022401516666666664,0.0,0.0825459361719583,1.0,0.5
2025-09-07 00:00:00+00:00,-0.05291897394200523,0.0009333333333333333,0.009470628333333331,0.0,-0.04438167894200524,1.0,0.5
2025-09-08 00:00:00+00:00,0.0021977865503747286,0.0,0.003597431666666666,0.0,0.005795218217041395,1.0,0.5
2025-09-09 00:00:00+00:00,0.016528331257580665,0.0,0.00294832,0.0,0.019476651257580666,1.0,0.5
2025-09-10 00:00:00+00:00,-0.4238531243375609,0.0,0.00308559,0.0,-0.42076753433756087,1.0,0.5
2025-09-11 00:00:00+00:00,0.04600184430211586,0.0,0.003520181666666666,0.0,0.049522025968782524,1.0,0.5
2025-09-12 00:00:00+00:00,-0.014683767928490465,0.0,0.0027925933333333326,0.0,-0.011891174595157133,1.0,0.5
2025-09-13 00:00:00+00:00,0.008605639530716858,0.0,0.00337319,0.0,0.011978829530716857,1.0,0.5
2025-09-14 00:00:00+00:00,-0.06080522538318333,0.0011666666666666665,-5.4518333333333357e-05,0.0,-0.062026410383183336,1.0,0.5
2025-09-15 00:00:00+00:00,-0.10815640028563661,0.0,-0.00138624,0.0,-0.10954264028563661,1.0,0.5
2025-09-16 00:00:00+00:00,-0.024344600902630516,0.0,-0.0009761716666666667,0.0,-0.025320772569297184,1.0,0.5
2025-09-17 00:00:00+00:00,0.13356790159777837,0.0,0.016042278333333337,0.0,0.1496101799311117,1.0,0.5
2025-09-18 00:00:00+00:00,0.012592475375089555,0.0,0.005611136666666667,0.0,0.018203612041756224,1.0,0.5
2025-09-19 00:00:00+00:00,-0.059314229367395666,0.0,-5.106666666666643e-06,0.0,-0.05931933603406233,1.0,0.5
2025-09-20 00:00:00+00:00,0.02728951458512437,0.0,-6.588333333333238e-06,0.0,0.02728292625179104,1.0,0.5
2025-09-21 00:00:00+00:00,-0.0045069908288978625,0.00046666666666666666,-0.0004583566666666665,0.0,-0.005432014162231195,1.0,0.5
2025-09-22 00:00:00+00:00,0.13130479810591378,0.0,0.0002834616666666668,0.0,0.13158825977258046,1.0,0.5
2025-09-23 00:00:00+00:00,0.03971834877099727,0.0,0.002452068333333333,0.0,0.0421704171043306,1.0,0.5
2025-09-24 00:00:00+00:00,0.0001472467018024757,0.0,0.002505455,0.0,0.002652701701802476,1.0,0.5
2025-09-25 00:00:00+00:00,0.037437689208556384,0.0,0.0057206716666666655,0.0,0.04315836087522305,1.0,0.5
2025-09-26 00:00:00+00:00,0.09888992369728586,0.0001833333333333333,0.0026665333333333336,0.0,0.10137312369728586,1.0,0.5
2025-09-27 00:00:00+00:00,0.09242303108102032,0.0,-0.0004736833333333333,1.733876998769961e-05,0.09196668651767469,0.8333333333333333,0.5
2025-09-28 00:00:00+00:00,-0.027572779826303413,0.0005833333333333333,-0.0006139866666666667,0.0,-0.028770099826303415,1.0,0.5
2025-09-29 00:00:00+00:00,0.044296711445203786,0.0,-0.0006413066666666667,0.0,0.04365540477853712,1.0,0.5
2025-09-30 00:00:00+00:00,-0.03998626085009541,0.0,0.0001688383333333333,0.0,-0.03981742251676208,1.0,0.5
2025-10-01 00:00:00+00:00,-0.12018586039041587,0.0,0.008764272499999998,0.0,-0.11142158789041587,1.0,0.5
2025-10-02 00:00:00+00:00,-0.0979598833737228,0.0,0.008407431666666666,0.0,-0.08955245170705614,1.0,0.5
2025-10-03 00:00:00+00:00,-0.04960483250765896,0.0,0.007110973333333334,0.0,-0.042493859174325625,1.0,0.5
2025-10-04 00:00:00+00:00,-0.03999419707984712,0.0,0.0019184533333333332,0.0,-0.038075743746513784,1.0,0.5
2025-10-05 00:00:00+00:00,0.037245590955580346,0.0011666666666666665,-0.0004960666666666666,0.0,0.03558285762224701,1.0,0.5
2025-10-06 00:00:00+00:00,-0.05953367273716873,0.0,-0.0006077733333333332,0.0,-0.060141446070502064,1.0,0.5
2025-10-07 00:00:00+00:00,-0.056237283477127246,0.0,-0.00013468999999999997,0.0,-0.056371973477127246,1.0,0.5
2025-10-08 00:00:00+00:00,0.06610010452198926,0.0,0.0007521266666666666,0.0,0.06685223118865594,1.0,0.5
2025-10-09 00:00:00+00:00,0.07286947278530431,0.0,-0.00023787499999999997,0.0,0.07263159778530431,1.0,0.5
2025-10-10 00:00:00+00:00,0.09670809995676373,0.0,-0.00017293666666666664,0.0,0.09653516329009706,1.0,0.5
2025-10-11 00:00:00+00:00,0.023218730431055067,0.0,-0.0013328783333333332,0.0,0.021885852097721734,1.0,0.5
2025-10-12 00:00:00+00:00,-0.07527550582856946,0.0009333333333333333,0.0006414933333333334,1.1520652756314041e-20,-0.07556734582856944,0.9999999999999999,0.5
2025-10-13 00:00:00+00:00,-0.08614111088486562,0.0,0.0006487116666666666,1.1520652756314041e-20,-0.08549239921819896,0.9999999999999999,0.5
2025-10-14 00:00:00+00:00,0.009847032364481494,0.0,0.00021953666666666663,1.1491361704826104e-20,0.010066569031148161,0.9999999999999999,0.5
2025-10-15 00:00:00+00:00,-0.0686549017034925,0.0,0.0003917583333333333,1.1549940995414244e-20,-0.06826314337015917,0.9999999999999999,0.5
2025-10-16 00:00:00+00:00,-0.00858817790346154,0.0,0.0008799066666666668,1.1520652756314041e-20,-0.007708271236794874,0.9999999999999999,0.5
2025-10-17 00:00:00+00:00,0.05277484444708463,0.0,0.0003438516666666667,1.1462067840432742e-20,0.05311869611375129,0.9999999999999999,0.5
2025-10-18 00:00:00+00:00,0.006648127584273171,0.0,0.00013351000000000001,1.1462067840432742e-20,0.006781637584273171,0.9999999999999999,0.5
2025-10-19 00:00:00+00:00,-0.08791168841050956,0.0007,-0.0004091016666666667,0.0,-0.08902079007717623,1.0,0.5
2025-10-20 00:00:00+00:00,-0.031195746935202266,0.0,-0.0003541333333333333,0.0,-0.0315498802685356,1.0,0.5
2025-10-21 00:00:00+00:00,-0.10617487225428264,0.0,-0.00020033333333333334,0.0,-0.10637520558761597,1.0,0.5
2025-10-22 00:00:00+00:00,0.07113026430983249,0.0,2.5638333333333335e-05,0.0,0.07115590264316582,1.0,0.5
2025-10-23 00:00:00+00:00,0.024786677948368994,0.0,0.0002087483333333333,0.0,0.02499542628170233,1.0,0.5
2025-10-24 00:00:00+00:00,-0.03925255779140947,0.0,0.00033811666666666665,0.0,-0.03891444112474281,1.0,0.5
2025-10-25 00:00:00+00:00,0.021572171841291655,0.0,0.0003642,0.0,0.021936371841291654,1.0,0.5
2025-10-26 00:00:00+00:00,-0.01120525708904951,0.0013999999999999998,-0.00208504,0.0,-0.01469029708904951,1.0,0.5
2025-10-27 00:00:00+00:00,-0.0686324344281846,0.0,-0.0010746583333333332,0.0,-0.06970709276151794,1.0,0.5
2025-10-28 00:00:00+00:00,0.05981473937018269,0.0,-0.0006145366666666666,0.0,0.059200202703516024,1.0,0.5
2025-10-29 00:00:00+00:00,0.002208086139637265,0.0,-0.00045231666666666667,0.0,0.0017557694729705984,1.0,0.5
2025-10-30 00:00:00+00:00,0.03369189333922551,0.0,-0.00069522,0.0,0.032996673339225506,1.0,0.5
2025-10-31 00:00:00+00:00,0.058449246351143104,0.0,-0.0005100066666666667,0.0,0.05793923968447644,1.0,0.5
2025-11-01 00:00:00+00:00,-0.056277903098346016,0.0,6.529500000000002e-05,0.0,-0.056212608098346016,1.0,0.5
2025-11-02 00:00:00+00:00,-0.005365575995504836,0.0009333333333333333,7.345666666666665e-05,0.0,-0.006225452662171503,1.0,0.5
2025-11-03 00:00:00+00:00,0.08176927324493356,0.0,-3.1325000000000016e-05,0.0,0.08173794824493356,1.0,0.5
2025-11-04 00:00:00+00:00,-0.038647561256794985,0.0,0.000533415,0.0,-0.03811414625679498,1.0,0.5
2025-11-05 00:00:00+00:00,-0.025055090104802148,0.0,0.0005394666666666665,0.0,-0.024515623438135483,1.0,0.5
2025-11-06 00:00:00+00:00,-0.050804394440285186,0.0001833333333333333,-5.5703333333333366e-05,0.0,-0.05104343110695185,1.0,0.5
2025-11-07 00:00:00+00:00,0.18332746521448318,0.0,-0.00039622999999999997,1.6898904893499406e-05,0.1829481341193767,0.8333333333333333,0.5
2025-11-08 00:00:00+00:00,-0.01073730994802907,0.0,-0.000929325,1.6898904893499406e-05,-0.01164973604313557,0.8333333333333333,0.5
2025-11-09 00:00:00+00:00,-0.01616814509562381,0.0008166666666666666,0.006930569999999998,1.1256931982228255e-20,-0.01005424176229048,0.9999999999999999,0.5
2025-11-10 00:00:00+00:00,-0.09255364396420429,0.0,0.005338241666666667,1.131555630558212e-20,-0.08721540229753763,0.9999999999999999,0.5
2025-11-11 00:00:00+00:00,-0.010609865355930503,0.0,0.002014875,1.131555630558212e-20,-0.008594990355930504,0.9999999999999999,0.5
2025-11-12 00:00:00+00:00,-0.000896918473009916,0.0,7.853666666666674e-05,1.131555630558212e-20,-0.0008183818063432492,0.9999999999999999,0.5
2025-11-13 00:00:00+00:00,0.043009614052500277,0.0,-0.0009175583333333332,1.1344864242736341e-20,0.042092055719166944,0.9999999999999999,0.5
2025-11-14 00:00:00+00:00,-0.19022757083311145,0.0,-0.00116476,1.1344864242736341e-20,-0.19139233083311144,0.9999999999999999,0.5
2025-11-15 00:00:00+00:00,-0.1069687229713446,0.0,-0.0017580450000000004,1.1344864242736341e-20,-0.1087267679713446,0.9999999999999999,0.5
2025-11-16 00:00:00+00:00,0.01339703984711927,0.0011666666666666668,0.020241305,0.0,0.0324716781804526,1.0,0.5
2025-11-17 00:00:00+00:00,-0.05811201303993135,0.0,0.007138036666666667,0.0,-0.05097397637326468,1.0,0.5
2025-11-18 00:00:00+00:00,0.03385806180514792,0.0,0.010406061666666667,0.0,0.04426412347181459,1.0,0.5
2025-11-19 00:00:00+00:00,-0.0073280546565745236,0.0,0.004231778333333333,0.0,-0.00309627632324119,1.0,0.5
2025-11-20 00:00:00+00:00,-0.04611230161173313,0.0,0.013063491666666666,0.0,-0.03304880994506647,1.0,0.5
2025-11-21 00:00:00+00:00,-0.010613382329698402,0.0,0.0034796066666666664,0.0,-0.007133775663031736,1.0,0.5
2025-11-22 00:00:00+00:00,-0.022666377673465483,0.0,0.00043870499999999995,0.0,-0.02222767267346548,1.0,0.5
2025-11-23 00:00:00+00:00,-0.12285832816871053,0.0011166666666666666,-0.00010484333333333324,0.0,-0.12407983816871053,1.0,0.5
2025-11-24 00:00:00+00:00,0.03287085584948168,0.0,0.0008557916666666668,1.6810881149538964e-05,0.033743458397297886,0.8333333333333333,0.5
2025-11-25 00:00:00+00:00,0.02068294626000916,0.0,0.003485451666666667,1.676686293161645e-05,0.024185164789607444,0.8333333333333333,0.5
2025-11-26 00:00:00+00:00,-0.07209383272250683,0.0,0.01044909833333333,1.6854895136549558e-05,-0.06162787949403695,0.8333333333333333,0.5
2025-11-27 00:00:00+00:00,-0.07141944045669077,0.0,0.0162021,1.6854895136549558e-05,-0.05520048556155422,0.8333333333333333,0.5
2025-11-28 00:00:00+00:00,0.02323004819109986,0.0,0.005820548333333333,1.672284048200487e-05,0.0290673193649152,0.8333333333333333,0.5
2025-11-29 00:00:00+00:00,0.0723718335422825,0.0,0.0019838766666666666,1.672284048200487e-05,0.07437243304943116,0.8333333333333333,0.5
2025-11-30 00:00:00+00:00,0.1266786844286511,0.0012833333333333334,0.0063050983333333335,0.0,0.1317004494286511,1.0,0.5
2025-12-01 00:00:00+00:00,0.07770905174586894,0.0,0.012113603333333334,0.0,0.08982265507920227,1.0,0.5
2025-12-02 00:00:00+00:00,0.010752785207309212,0.0,0.016541733333333333,0.0,0.027294518540642545,1.0,0.5
2025-12-03 00:00:00+00:00,-0.027740605646727253,0.0,0.019533034999999997,0.0,-0.008207570646727256,1.0,0.5
2025-12-04 00:00:00+00:00,-0.042718184938732084,0.0,0.015941666666666666,0.0,-0.026776518272065418,1.0,0.5
2025-12-05 00:00:00+00:00,0.01866459772618221,0.0,0.007981206666666667,0.0,0.026645804392848877,1.0,0.5
2025-12-06 00:00:00+00:00,0.006912839943312855,0.0,0.010781453333333335,0.0,0.017694293276646192,1.0,0.5
2025-12-07 00:00:00+00:00,-0.06472512681310719,0.0006999999999999999,0.0077326949999999995,0.0,-0.05769243181310719,1.0,0.5
2025-12-08 00:00:00+00:00,0.025676236259535967,0.0,0.00283226,0.0,0.028508496259535967,1.0,0.5
2025-12-09 00:00:00+00:00,0.1457959105323858,0.0,0.0003637199999999999,0.0,0.14615963053238581,1.0,0.5
2025-12-10 00:00:00+00:00,0.0393700504380447,0.0,-8.200000000000152e-06,0.0,0.0393618504380447,1.0,0.5
2025-12-11 00:00:00+00:00,-0.0031334560552399946,0.0,-0.001449225,0.0,-0.004582681055239995,1.0,0.5
2025-12-12 00:00:00+00:00,-0.0041116165886013,0.0,0.0001216600000000001,0.0,-0.0039899565886013,1.0,0.5
2025-12-13 00:00:00+00:00,0.01132682917428607,0.0,0.003618515,0.0,0.014945344174286071,1.0,0.5
2025-12-14 00:00:00+00:00,-0.03915144995403966,0.0007,0.00818172,0.0,-0.03166972995403966,1.0,0.5
2025-12-15 00:00:00+00:00,-0.02431067731673637,0.0,0.0036937550000000004,0.0,-0.02061692231673637,1.0,0.5
2025-12-16 00:00:00+00:00,-0.25017702337677145,0.0,0.030218833333333334,0.0,-0.2199581900434381,1.0,0.5
2025-12-17 00:00:00+00:00,0.061697709609145994,0.0,0.013912956666666669,0.0,0.07561066627581266,1.0,0.5
2025-12-18 00:00:00+00:00,0.0622150059558087,0.0,0.003914036666666666,0.0,0.06612904262247536,1.0,0.5
2025-12-19 00:00:00+00:00,-0.02885715955918777,0.0,0.004622316666666667,0.0,-0.0242348428925211,1.0,0.5
2025-12-20 00:00:00+00:00,0.02327001114059268,0.0,0.0024847766666666665,0.0,0.025754787807259347,1.0,0.5
2025-12-21 00:00:00+00:00,-0.12415221573727159,0.0009333333333333333,0.015824496666666667,0.0,-0.10926105240393826,1.0,0.5
2025-12-22 00:00:00+00:00,-0.05667876000829894,0.0,0.002743345,0.0,-0.05393541500829894,1.0,0.5
2025-12-23 00:00:00+00:00,0.03829444669698623,0.0,-1.1356666666666659e-05,0.0,0.038283090030319565,1.0,0.5
2025-12-24 00:00:00+00:00,0.007091512853648302,0.0,0.005772498333333334,0.0,0.012864011186981637,1.0,0.5
2025-12-25 00:00:00+00:00,-0.06277815400855355,0.0,0.003839938333333333,0.0,-0.058938215675220215,1.0,0.5
2025-12-26 00:00:00+00:00,-0.016703349309005057,0.0,0.004891066666666666,0.0,-0.011812282642338391,1.0,0.5
2025-12-27 00:00:00+00:00,-0.02909576546681954,0.0,0.004149058333333333,0.0,-0.024946707133486207,1.0,0.5
2025-12-28 00:00:00+00:00,0.023469745678098397,0.0009333333333333333,-0.009467568333333332,0.0,0.013068844011431732,1.0,0.5
2025-12-29 00:00:00+00:00,0.05217072245031483,0.0,-0.0007854683333333328,0.0,0.0513852541169815,1.0,0.5
2025-12-30 00:00:00+00:00,0.01338120677117216,0.0,-0.0012515849999999997,0.0,0.012129621771172161,1.0,0.5
2025-12-31 00:00:00+00:00,-0.39368583976042315,0.0,-0.009591966666666663,0.0,-0.4032778064270898,1.0,0.5
2026-01-01 00:00:00+00:00,0.10301756599708106,0.0,-0.029655738333333334,0.0,0.07336182766374773,1.0,0.5
2026-01-02 00:00:00+00:00,-0.019165485861897886,0.0,-0.002653221666666666,0.0,-0.021818707528564553,1.0,0.5
2026-01-03 00:00:00+00:00,0.026662757325388413,0.0,-0.0010052233333333331,0.0,0.02565753399205508,1.0,0.5
2026-01-04 00:00:00+00:00,-0.04120361965016564,0.0009333333333333333,0.0012768566666666666,0.0,-0.04086009631683231,1.0,0.5
2026-01-05 00:00:00+00:00,0.027004575561963375,0.0,0.0049352525,0.0,0.031939828061963375,1.0,0.5
2026-01-06 00:00:00+00:00,0.02376772850282357,0.0,0.0008021533333333332,0.0,0.024569881836156902,1.0,0.5
2026-01-07 00:00:00+00:00,-0.014248790614782642,0.0,0.000544075,0.0,-0.013704715614782642,1.0,0.5
2026-01-08 00:00:00+00:00,0.0683986178266684,0.0,-6.41366666666666e-05,0.0,0.06833448116000172,1.0,0.5
2026-01-09 00:00:00+00:00,0.006198457418651861,0.0,-0.0002736766666666667,0.0,0.005924780751985194,1.0,0.5
2026-01-10 00:00:00+00:00,-0.029126393110477083,0.0,-0.0011138966666666666,0.0,-0.03024028977714375,1.0,0.5
2026-01-11 00:00:00+00:00,0.07698602308089064,0.0009333333333333333,0.010809200000000003,0.0,0.08686188974755732,1.0,0.5
2026-01-12 00:00:00+00:00,0.04485693195055697,0.0,0.005141593333333333,0.0,0.0499985252838903,1.0,0.5
2026-01-13 00:00:00+00:00,0.00925271357529045,0.0,0.013309519999999997,0.0,0.022562233575290448,1.0,0.5
2026-01-14 00:00:00+00:00,-0.0018118307265079046,0.0,0.01692402583333333,0.0,0.015112195106825427,1.0,0.5
2026-01-15 00:00:00+00:00,0.04390589077405193,0.0,0.012031851666666664,0.0,0.05593774244071859,1.0,0.5
2026-01-16 00:00:00+00:00,0.013233997286597056,0.0,0.02493736,0.0,0.038171357286597055,1.0,0.5
2026-01-17 00:00:00+00:00,-0.07670197515495565,0.0,0.003228553333333333,0.0,-0.07347342182162232,1.0,0.5
2026-01-18 00:00:00+00:00,0.09836836389349594,0.00046666666666666666,-0.00033234499999999995,0.0,0.09756935222682928,1.0,0.5
2026-01-19 00:00:00+00:00,0.12023287869575833,0.0,-0.0004138916666666666,0.0,0.11981898702909166,1.0,0.5
2026-01-20 00:00:00+00:00,0.10223428640782574,0.0,0.0025351350000000004,0.0,0.10476942140782573,1.0,0.5
2026-01-21 00:00:00+00:00,-0.015124267639324583,0.0,0.01714826333333333,0.0,0.002023995694008747,1.0,0.5
2026-01-22 00:00:00+00:00,0.023734018263731615,0.0,0.03950920333333333,0.0,0.06324322159706494,1.0,0.5
2026-01-23 00:00:00+00:00,-0.044626228333281504,0.0,0.019360538333333333,0.0,-0.02526568999994817,1.0,0.5
2026-01-24 00:00:00+00:00,0.05582050071509373,0.0,0.0033431516666666663,0.0,0.0591636523817604,1.0,0.5
2026-01-25 00:00:00+00:00,0.0022946405353473504,0.0007,0.0027281750000000002,0.0,0.0043228155353473505,1.0,0.5
2026-01-26 00:00:00+00:00,0.06347997768729266,0.0,0.023091990833333333,0.0,0.08657196852062599,1.0,0.5
2026-01-27 00:00:00+00:00,-0.03273943545444298,0.0,0.03149725833333333,0.0,-0.0012421771211096472,1.0,0.5
2026-01-28 00:00:00+00:00,-0.06409964091881479,0.0,0.01302799,0.0,-0.051071650918814784,1.0,0.5
2026-01-29 00:00:00+00:00,-0.24519711510927705,0.0,-0.00035256499999999945,0.0,-0.24554968010927705,1.0,0.5
2026-01-30 00:00:00+00:00,-0.0847460790977769,0.0,-0.0025954083333333336,0.0,-0.08734148743111023,1.0,0.5
2026-01-31 00:00:00+00:00,-0.26060916824110714,0.0,-0.023883668333333333,0.0,-0.28449283657444047,1.0,0.5
2026-02-01 00:00:00+00:00,-0.15847577856407236,0.0009333333333333333,0.0049111350000000005,0.0,-0.1544979768974057,1.0,0.5
2026-02-02 00:00:00+00:00,-0.018048917146872526,0.0,-0.004181616666666666,0.0,-0.02223053381353919,1.0,0.5
2026-02-03 00:00:00+00:00,0.05006990118489024,0.0,-0.0008908883333333334,0.0,0.04917901285155691,1.0,0.5
2026-02-04 00:00:00+00:00,0.013557842272728455,0.0,-0.0011460033333333332,0.0,0.012411838939395122,1.0,0.5
2026-02-05 00:00:00+00:00,0.06531245070775506,0.0,-0.0018314091666666666,0.0,0.06348104154108838,1.0,0.5
2026-02-06 00:00:00+00:00,-0.08571956671522296,0.0,0.001136908333333333,0.0,-0.08458265838188962,1.0,0.5
2026-02-07 00:00:00+00:00,0.015470895527722905,0.0,-0.0001091583333333332,0.0,0.015361737194389572,1.0,0.5
2026-02-08 00:00:00+00:00,-0.012252366551183872,0.0009333333333333333,0.0032499066666666666,0.0,-0.009935793217850538,1.0,0.5
2026-02-09 00:00:00+00:00,0.06258830505561241,0.0,0.003803493333333333,0.0,0.06639179838894575,1.0,0.5
2026-02-10 00:00:00+00:00,-0.03832980093309132,0.0,0.002062248333333333,0.0,-0.03626755259975798,1.0,0.5
2026-02-11 00:00:00+00:00,-0.09504120392440864,0.0,0.0006817349999999999,0.0,-0.09435946892440863,1.0,0.5
2026-02-12 00:00:00+00:00,-0.1814140840417165,0.0,0.0015611866666666665,0.0,-0.17985289737504984,1.0,0.5
2026-02-13 00:00:00+00:00,-0.049266900850258234,0.0,0.0016144466666666666,0.0,-0.04765245418359157,1.0,0.5
2026-02-14 00:00:00+00:00,0.04549908685889166,0.0,0.0017318866666666667,0.0,0.04723097352555833,1.0,0.5
2026-02-15 00:00:00+00:00,0.06306707052482766,0.0011666666666666665,-0.005527321666666667,0.0,0.056373082191494325,1.0,0.5
2026-02-16 00:00:00+00:00,-0.03166390776131728,0.0,-0.003281605,0.0,-0.03494551276131728,1.0,0.5
2026-02-17 00:00:00+00:00,-0.03333898753976829,0.0,-0.005138301666666667,0.0,-0.03847728920643496,1.0,0.5
2026-02-18 00:00:00+00:00,0.06609218865740149,0.0,-0.006618703333333332,0.0,0.05947348532406816,1.0,0.5
2026-02-19 00:00:00+00:00,-0.02075264292468816,0.0,-0.005651163333333333,0.0,-0.026403806258021495,1.0,0.5
2026-02-20 00:00:00+00:00,0.014275370399353539,0.0,-0.002443378333333333,0.0,0.011831992066020206,1.0,0.5
2026-02-21 00:00:00+00:00,0.026538986248970997,0.0,-0.001419095,0.0,0.025119891248971,1.0,0.5
2026-02-22 00:00:00+00:00,0.08053114278127382,0.0009333333333333333,-0.00024203166666666667,1.075816980859191e-20,0.07935577778127383,0.9999999999999999,0.5
2026-02-23 00:00:00+00:00,-0.013127011168545755,0.0,0.006804258333333334,1.075816980859191e-20,-0.006322752835212421,0.9999999999999999,0.5
2026-02-24 00:00:00+00:00,0.2553425328445974,0.0,-0.010189529999999999,1.075816980859191e-20,0.2451530028445974,0.9999999999999999,0.5
2026-02-25 00:00:00+00:00,0.05949752977190248,0.0,0.010141961666666666,1.075816980859191e-20,0.06963949143856915,0.9999999999999999,0.5
2026-02-26 00:00:00+00:00,0.13031077458421458,0.0,0.03062686666666667,1.075816980859191e-20,0.16093764125088125,0.9999999999999999,0.5
2026-02-27 00:00:00+00:00,-0.029080437435279063,0.0,0.012674898333333334,1.0728805444858087e-20,-0.01640553910194573,0.9999999999999999,0.5
2026-02-28 00:00:00+00:00,-0.0830165578520346,0.0,0.0030547849999999995,1.0728805444858087e-20,-0.0799617728520346,0.9999999999999999,0.5
2026-03-01 00:00:00+00:00,0.024423763213286005,0.00046666666666666666,0.004437681666666667,1.0728805444858087e-20,0.028394778213286006,0.9999999999999999,0.5
2026-03-02 00:00:00+00:00,0.032684665721818766,0.0,0.008714583333333333,1.0787531345837109e-20,0.0413992490551521,0.9999999999999999,0.5
2026-03-03 00:00:00+00:00,-0.20249468842978455,0.0,0.00709294,1.075816980859191e-20,-0.19540174842978456,0.9999999999999999,0.5
2026-03-04 00:00:00+00:00,-0.02714437315631485,0.0,-0.0012734966666666668,1.075816980859191e-20,-0.028417869822981515,0.9999999999999999,0.5
2026-03-05 00:00:00+00:00,-0.07492475826949013,0.0,0.0009798516666666669,1.0728805444858087e-20,-0.07394490660282346,0.9999999999999999,0.5
2026-03-06 00:00:00+00:00,0.029367629448162864,0.0,0.0011315433333333332,1.0699438254068648e-20,0.030499172781496196,0.9999999999999999,0.5
2026-03-07 00:00:00+00:00,0.0016248302983825104,0.0,0.0003943750000000001,1.0699438254068648e-20,0.0020192052983825106,0.9999999999999999,0.5
2026-03-08 00:00:00+00:00,0.004488743830657152,0.0009333333333333333,0.0005111933333333333,0.0,0.004066603830657153,1.0,0.5
2026-03-09 00:00:00+00:00,-0.018324564542579393,0.0,-3.6183333333333255e-06,0.0,-0.018328182875912726,1.0,0.5
2026-03-10 00:00:00+00:00,-0.006385189858480316,0.0,8.446666666666655e-06,0.0,-0.006376743191813649,1.0,0.5
2026-03-11 00:00:00+00:00,0.022497967865622432,0.0,-7.147499999999993e-05,0.0,0.02242649286562243,1.0,0.5
2026-03-12 00:00:00+00:00,0.0186455728145468,0.0,4.976000000000001e-05,0.0,0.0186953328145468,1.0,0.5
2026-03-13 00:00:00+00:00,0.019220572852519158,0.0,0.0008657899999999997,0.0,0.020086362852519156,1.0,0.5
2026-03-14 00:00:00+00:00,-0.03355503744730063,0.0,0.0009459833333333332,0.0,-0.0326090541139673,1.0,0.5
2026-03-15 00:00:00+00:00,-0.009288249121906766,0.0009333333333333333,0.00110667,0.0,-0.009114912455240098,1.0,0.5
2026-03-16 00:00:00+00:00,0.007155265399931757,0.0,0.0025293566666666663,0.0,0.009684622066598423,1.0,0.5
2026-03-17 00:00:00+00:00,0.12756841478222583,0.0,0.0010202116666666666,0.0,0.1285886264488925,1.0,0.5
2026-03-18 00:00:00+00:00,0.09731869687536114,0.0,0.0020187599999999997,0.0,0.09933745687536114,1.0,0.5
2026-03-19 00:00:00+00:00,-0.01795543817916695,0.0,0.0022188416666666664,0.0,-0.015736596512500284,1.0,0.5
2026-03-20 00:00:00+00:00,-0.02134541090905865,0.0,0.0022002849999999997,0.0,-0.01914512590905865,1.0,0.5
2026-03-21 00:00:00+00:00,0.04651207511439523,0.0,0.0009937433333333332,0.0,0.04750581844772856,1.0,0.5
2026-03-22 00:00:00+00:00,0.2631851220986624,0.0009333333333333333,0.007230982500000001,0.0,0.26948277126532905,1.0,0.5
2026-03-23 00:00:00+00:00,0.07927415212789174,0.0,0.004023591666666666,0.0,0.0832977437945584,1.0,0.5
2026-03-24 00:00:00+00:00,-0.12162163034934195,0.0,0.0028469416666666663,0.0,-0.11877468868267528,1.0,0.5
2026-03-25 00:00:00+00:00,0.2382938430818802,0.0,0.003673885,0.0,0.2419677280818802,1.0,0.5
2026-03-26 00:00:00+00:00,0.008635951083272274,0.0,0.004731529999999999,0.0,0.013367481083272273,1.0,0.5
2026-03-27 00:00:00+00:00,-0.08457218381583609,0.0,0.0012792049999999998,0.0,-0.08329297881583608,1.0,0.5
2026-03-28 00:00:00+00:00,0.187127889380058,0.0,0.005410405,0.0,0.192538294380058,1.0,0.5
2026-03-29 00:00:00+00:00,0.05490167679687765,0.00046666666666666666,0.004076946666666666,0.0,0.05851195679687765,1.0,0.5
2026-03-30 00:00:00+00:00,-0.06074707387785905,0.0,0.002752625,0.0,-0.057994448877859046,1.0,0.5
2026-03-31 00:00:00+00:00,-0.10637809325736741,0.0,0.0004967983333333333,0.0,-0.10588129492403407,1.0,0.5
2026-04-01 00:00:00+00:00,-0.07415240611716722,0.0,0.0056309866666666665,0.0,-0.06852141945050055,1.0,0.5
2026-04-02 00:00:00+00:00,-0.06915530062565364,0.0,0.0017657649999999999,0.0,-0.06738953562565364,1.0,0.5
2026-04-03 00:00:00+00:00,0.10138246037725612,0.0,-0.007878406666666667,0.0,0.09350405371058945,1.0,0.5
2026-04-04 00:00:00+00:00,0.3542276178038047,0.0,0.009221125000000002,0.0,0.3634487428038047,1.0,0.5
2026-04-05 00:00:00+00:00,-0.10953920739307377,0.0009333333333333333,-0.0032550300000000008,1.0816890057111374e-20,-0.1137275707264071,0.9999999999999999,0.5
2026-04-06 00:00:00+00:00,0.04008715570244812,0.0,-0.00024329166666666678,1.087559900401508e-20,0.039843864035781454,0.9999999999999999,0.5
2026-04-07 00:00:00+00:00,-0.03444002042170489,0.0,0.001354966666666667,1.0816890057111374e-20,-0.03308505375503822,0.9999999999999999,0.5
2026-04-08 00:00:00+00:00,0.031127418768292656,0.0,0.005584563333333334,1.0787531345837109e-20,0.03671198210162599,0.9999999999999999,0.5
2026-04-09 00:00:00+00:00,-0.08625961339341055,0.0,0.006815118333333334,1.075816980859191e-20,-0.07944449506007722,0.9999999999999999,0.5
2026-04-10 00:00:00+00:00,0.09008833955009175,0.0,0.00033194833333333347,1.075816980859191e-20,0.09042028788342509,0.9999999999999999,0.5
2026-04-11 00:00:00+00:00,0.008368034446010218,0.0,-0.0012401449999999998,1.075816980859191e-20,0.0071278894460102184,0.9999999999999999,0.5
2026-04-12 00:00:00+00:00,0.2775004469584824,0.0007,0.00997812666666667,0.0,0.2867785736251491,1.0,0.5
2026-04-13 00:00:00+00:00,0.06073078671251767,0.0,0.02443195166666667,0.0,0.08516273837918434,1.0,0.5
2026-04-14 00:00:00+00:00,-0.0017796322542059373,0.0,0.043809006666666664,0.0,0.04202937441246073,1.0,0.5
2026-04-15 00:00:00+00:00,-0.060825525260358074,0.0,0.018050014166666666,0.0,-0.042775511093691404,1.0,0.5
2026-04-16 00:00:00+00:00,0.0563091825494304,0.0,0.004946338333333333,0.0,0.06125552088276374,1.0,0.5
2026-04-17 00:00:00+00:00,0.0524994433127437,0.0,0.003865509999999999,0.0,0.0563649533127437,1.0,0.5
2026-04-18 00:00:00+00:00,-0.21455756799457193,0.0,0.012574253333333332,0.0,-0.2019833146612386,1.0,0.5
2026-04-19 00:00:00+00:00,-0.031824200894388296,0.0007,0.0027547366666666666,0.0,-0.02976946422772163,1.0,0.5
2026-04-20 00:00:00+00:00,0.06998886508421849,0.0,0.0011259183333333334,0.0,0.07111478341755183,1.0,0.5
2026-04-21 00:00:00+00:00,0.06857930000967169,0.0,-0.0010849966666666663,0.0,0.06749430334300502,1.0,0.5
2026-04-22 00:00:00+00:00,-0.06666256483590115,0.0,0.0008421199999999999,0.0,-0.06582044483590115,1.0,0.5
2026-04-23 00:00:00+00:00,0.03465276357704013,0.0,0.000493135,0.0,0.035145898577040126,1.0,0.5
2026-04-24 00:00:00+00:00,-0.03166167175898654,0.0,0.002885198333333333,0.0,-0.02877647342565321,1.0,0.5
2026-04-25 00:00:00+00:00,0.07246623147653242,0.0,0.000825035,0.0,0.07329126647653242,1.0,0.5
2026-04-26 00:00:00+00:00,-0.026878480662617606,0.0006999999999999999,0.00043811999999999996,0.0,-0.027140360662617605,1.0,0.5
2026-04-27 00:00:00+00:00,-0.002612503654658113,0.0,0.0004489,0.0,-0.002163603654658113,1.0,0.5
2026-04-28 00:00:00+00:00,-0.028389256706074006,0.0,0.0002288833333333332,0.0,-0.028160373372740674,1.0,0.5
2026-04-29 00:00:00+00:00,-0.01421822302353631,0.0,-0.00046838666666666664,0.0,-0.014686609690202978,1.0,0.5
2026-04-30 00:00:00+00:00,0.0038477693674299554,0.0,0.0005003833333333333,0.0,0.004348152700763289,1.0,0.5
2026-05-01 00:00:00+00:00,0.10469818620661538,0.0,0.0006992683333333333,0.0,0.10539745453994871,1.0,0.5
2026-05-02 00:00:00+00:00,0.11710021960124808,0.0,-0.0006774183333333331,0.0,0.11642280126791475,1.0,0.5
2026-05-03 00:00:00+00:00,-0.05123151689904775,0.0006999999999999999,-0.0004116983333333332,1.0728805444858087e-20,-0.052343215232381085,0.9999999999999999,0.5
2026-05-04 00:00:00+00:00,0.03368787167742164,0.0,-0.0011321516666666664,1.0787531345837109e-20,0.03255572001075498,0.9999999999999999,0.5
2026-05-05 00:00:00+00:00,0.13118786785102876,0.0,-0.0015825116666666667,1.0787531345837109e-20,0.12960535618436209,0.9999999999999999,0.5
2026-05-06 00:00:00+00:00,0.15545057160765907,0.0,-0.0006450133333333338,1.0787531345837109e-20,0.15480555827432574,0.9999999999999999,0.5
2026-05-07 00:00:00+00:00,-0.0740775816634929,0.0,0.0008834,1.0787531345837109e-20,-0.0731941816634929,0.9999999999999999,0.5
2026-05-08 00:00:00+00:00,-0.04318492388199074,0.0,0.0011914816666666666,1.075816980859191e-20,-0.04199344221532407,0.9999999999999999,0.5
2026-05-09 00:00:00+00:00,0.014212002886496265,0.0,0.0012818533333333333,1.075816980859191e-20,0.015493856219829598,0.9999999999999999,0.5
2026-05-10 00:00:00+00:00,0.04157704907593716,0.0007,0.00038567666666666675,0.0,0.041262725742603826,1.0,0.5
2026-05-11 00:00:00+00:00,0.0785823980084723,0.0,-0.0003277383333333333,0.0,0.07825465967513898,1.0,0.5
2026-05-12 00:00:00+00:00,-0.003999184609360256,0.0,-0.00035893333333333324,0.0,-0.00435811794269359,1.0,0.5
2026-05-13 00:00:00+00:00,0.07714206294770996,0.0,-0.00026843500000000014,0.0,0.07687362794770997,1.0,0.5
2026-05-14 00:00:00+00:00,0.006532008602393301,0.0,0.0005557916666666666,0.0,0.007087800269059967,1.0,0.5
2026-05-15 00:00:00+00:00,-0.07165931116024134,0.0,0.0002518966666666667,0.0,-0.07140741449357467,1.0,0.5
2026-05-16 00:00:00+00:00,0.008690128642227716,0.0,9.570000000000001e-05,0.0,0.008785828642227716,1.0,0.5
2026-05-17 00:00:00+00:00,0.006248828491499157,0.0009333333333333333,3.090166666666667e-05,0.0,0.00534639682483249,1.0,0.5
2026-05-18 00:00:00+00:00,-0.024821063500534903,0.0,-2.4258333333333335e-05,0.0,-0.024845321833868235,1.0,0.5
2026-05-19 00:00:00+00:00,-0.05165457234656989,0.0,2.014333333333333e-05,0.0,-0.05163442901323655,1.0,0.5
2026-05-20 00:00:00+00:00,-0.029882074494354722,0.0,-5.496833333333335e-05,0.0,-0.029937042827688054,1.0,0.5
2026-05-21 00:00:00+00:00,-0.07445360192869946,0.0,-3.222333333333334e-05,0.0,-0.07448582526203279,1.0,0.5
2026-05-22 00:00:00+00:00,0.0678954472507325,0.0,-1.5378333333333335e-05,0.0,0.06788006891739917,1.0,0.5
2026-05-23 00:00:00+00:00,0.0004435363108962892,0.0,2.0304999999999996e-05,0.0,0.0004638413108962892,1.0,0.5
2026-05-24 00:00:00+00:00,-0.02910304026863671,0.0011666666666666665,9.561333333333336e-05,0.0,-0.030174093601970042,1.0,0.5
2026-05-25 00:00:00+00:00,-0.045310321614692874,0.0,0.000850115,0.0,-0.044460206614692875,1.0,0.5
2026-05-26 00:00:00+00:00,-0.0021907227037727406,0.0,0.00040469166666666663,0.0,-0.0017860310371060738,1.0,0.5
2026-05-27 00:00:00+00:00,0.031064616102338627,0.0,0.0002677733333333333,0.0,0.03133238943567196,1.0,0.5
2026-05-28 00:00:00+00:00,0.011631731858313343,0.0,0.0001767766666666667,0.0,0.01180850852498001,1.0,0.5
2026-05-29 00:00:00+00:00,0.0990005690037481,0.0,0.0008205599999999999,0.0,0.0998211290037481,1.0,0.5
2026-05-30 00:00:00+00:00,0.0502400341138798,0.0,0.0013202816666666663,0.0,0.05156031578054646,1.0,0.5
2026-05-31 00:00:00+00:00,0.07958627558543264,0.0007,0.0029040049999999994,0.0,0.08179028058543264,1.0,0.5
2026-06-01 00:00:00+00:00,-0.11526110048270735,0.0,0.007074431666666667,0.0,-0.10818666881604068,1.0,0.5
2026-06-02 00:00:00+00:00,0.002913372473039723,0.0,0.006396618333333333,0.0,0.009309990806373056,1.0,0.5
2026-06-03 00:00:00+00:00,0.04800267050642405,0.0,0.004627716666666666,0.0,0.052630387173090716,1.0,0.5
2026-06-04 00:00:00+00:00,0.1069193831082882,0.0,-0.010389939999999997,0.0,0.0965294431082882,1.0,0.5
2026-06-05 00:00:00+00:00,0.05486131284485353,0.0,0.012422093333333334,0.0,0.06728340617818686,1.0,0.5
2026-06-06 00:00:00+00:00,0.21134849247408158,0.0,0.016903968333333335,0.0,0.2282524608074149,1.0,0.5
2026-06-07 00:00:00+00:00,-0.10906223821935654,0.00046666666666666666,0.025455896666666665,0.0,-0.08407300821935654,1.0,0.5
2026-06-08 00:00:00+00:00,0.08293501319937886,0.0,0.01952810666666667,0.0,0.10246311986604553,1.0,0.5
2026-06-09 00:00:00+00:00,0.07456744382634657,0.0,0.006781921666666666,0.0,0.08134936549301323,1.0,0.5
2026-06-10 00:00:00+00:00,0.016662008795009814,0.0,0.007098295,0.0,0.023760303795009815,1.0,0.5
2026-06-11 00:00:00+00:00,-0.20189916989826412,0.0,0.016654556666666667,0.0,-0.18524461323159747,1.0,0.5
2026-06-12 00:00:00+00:00,-0.08740528762587324,0.0,0.014145783333333332,0.0,-0.07325950429253991,1.0,0.5
2026-06-13 00:00:00+00:00,0.1174250165549798,0.0,-0.012057616666666677,0.0,0.10536739988831313,1.0,0.5
2026-06-14 00:00:00+00:00,0.02133623676966919,0.0007,0.00033425333333333366,0.0,0.020970490103002525,1.0,0.5
2026-06-15 00:00:00+00:00,-0.10970027756223508,0.0,0.0030120916666666665,0.0,-0.10668818589556842,1.0,0.5
2026-06-16 00:00:00+00:00,-0.10433692408120507,0.0,0.0030927566666666666,0.0,-0.1012441674145384,1.0,0.5
2026-06-17 00:00:00+00:00,-0.3872496906775636,0.0,0.002492768333333333,0.0,-0.38475692234423026,1.0,0.5
2026-06-18 00:00:00+00:00,0.25818283108643086,0.0,-0.002095511666666667,0.0,0.2560873194197642,1.0,0.5
2026-06-19 00:00:00+00:00,0.07208819704627299,0.0,0.005266071666666667,0.0,0.07735426871293966,1.0,0.5
2026-06-20 00:00:00+00:00,0.013772454434351395,0.0,0.004074441666666667,0.0,0.017846896101018063,1.0,0.5
2026-06-21 00:00:00+00:00,-0.10628422307645903,0.0009333333333333333,0.0006716233333333333,0.0,-0.10654593307645903,1.0,0.5
2026-06-22 00:00:00+00:00,0.020669349492544967,0.0,-0.0005636249999999999,0.0,0.02010572449254497,1.0,0.5
2026-06-23 00:00:00+00:00,-0.07563823194009528,0.0,4.321333333333338e-05,0.0,-0.07559501860676195,1.0,0.5
2026-06-24 00:00:00+00:00,0.016084829604129748,0.0,-0.0004302433333333332,0.0,0.015654586270796415,1.0,0.5
2026-06-25 00:00:00+00:00,0.04129944121083773,0.0,0.0008408749999999999,0.0,0.042140316210837726,1.0,0.5
2026-06-26 00:00:00+00:00,0.06663987044675079,0.0,0.0012467950000000002,0.0,0.06788666544675079,1.0,0.5
2026-06-27 00:00:00+00:00,0.15403829183038212,0.0,0.0014171299999999997,0.0,0.1554554218303821,1.0,0.5
2026-06-28 00:00:00+00:00,-0.0035487223237802464,0.0009333333333333333,0.00011788500000000004,0.0,-0.004364170657113579,1.0,0.5
2026-06-29 00:00:00+00:00,-0.00023005092128025942,0.0,-0.00024402999999999995,0.0,-0.00047408092128025937,1.0,0.5
2026-06-30 00:00:00+00:00,-0.06733701809390454,0.0,-0.0001178066666666667,0.0,-0.0674548247605712,1.0,0.5
2026-07-01 00:00:00+00:00,-0.09932850424848377,0.0,5.781333333333337e-05,0.0,-0.09927069091515044,1.0,0.5
2026-07-02 00:00:00+00:00,-0.13098987227659914,0.0,0.0003033216666666667,0.0,-0.13068655060993248,1.0,0.5
2026-07-03 00:00:00+00:00,-0.02163416027465814,0.0,0.0004997649999999999,0.0,-0.02113439527465814,1.0,0.5
2026-07-04 00:00:00+00:00,0.012735156246716596,0.0,0.0009139016666666667,0.0,0.013649057913383262,1.0,0.5
2026-07-05 00:00:00+00:00,0.08625219631491943,0.0009333333333333333,0.0005390616666666666,0.0,0.08585792464825276,1.0,0.5
2026-07-06 00:00:00+00:00,0.03227700520416921,0.0,0.00016563000000000003,0.0,0.03244263520416921,1.0,0.5
2026-07-07 00:00:00+00:00,0.3341103994823419,0.0,0.0001424383333333334,0.0,0.3342528378156752,1.0,0.5
2026-07-08 00:00:00+00:00,-0.006697625872232717,0.0,0.00013981333333333343,0.0,-0.006557812538899384,1.0,0.5
2026-07-09 00:00:00+00:00,-0.0568139673403966,0.0,0.00025321333333333334,0.0,-0.056560754007063264,1.0,0.5
2026-07-10 00:00:00+00:00,-0.019200026959665786,0.0,0.0009339666666666666,0.0,-0.01826606029299912,1.0,0.5
2026-07-11 00:00:00+00:00,-0.04940889245123029,0.0,0.0012372099999999999,0.0,-0.04817168245123029,1.0,0.5
2026-07-12 00:00:00+00:00,0.044932476492328316,0.00046666666666666666,1.6388333333333368e-05,0.0,0.044482198158994984,1.0,0.5
2026-07-13 00:00:00+00:00,-0.01885631703998558,0.0,0.00043754666666666656,0.0,-0.018418770373318915,1.0,0.5
2026-07-14 00:00:00+00:00,0.05863139750486236,0.0,0.00011637166666666657,0.0,0.058747769171529025,1.0,0.5
2026-07-15 00:00:00+00:00,-0.025802669344735185,0.0,0.0003040233333333333,0.0,-0.02549864601140185,1.0,0.5
2026-07-16 00:00:00+00:00,-0.04404741698625843,0.0,0.0005410699999999999,0.0,-0.04350634698625843,1.0,0.5
2026-07-17 00:00:00+00:00,-0.0025165018315663028,0.0,0.00038764499999999994,0.0,-0.002128856831566303,1.0,0.5
2026-07-18 00:00:00+00:00,0.013272931963529112,0.0,0.00041403999999999996,0.0,0.013686971963529112,1.0,0.5
2026-07-19 00:00:00+00:00,0.21049954084057987,0.0009333333333333333,-0.00044533500000000005,0.0,0.20912087250724654,1.0,0.5
2026-07-20 00:00:00+00:00,-0.005965722983786982,0.0,-0.00048416833333333336,0.0,-0.006449891317120315,1.0,0.5
2026-07-21 00:00:00+00:00,-0.033939178993830955,0.0,-0.00031384666666666664,0.0,-0.03425302566049762,1.0,0.5
2026-07-22 00:00:00+00:00,0.029939527752730156,0.0,-1.871333333333333e-05,0.0,0.029920814419396823,1.0,0.5
2026-07-23 00:00:00+00:00,0.12438857842343015,0.0,1.826833333333333e-05,0.0,0.12440684675676349,1.0,0.5
2026-07-24 00:00:00+00:00,0.01125067772695535,0.0,0.004407100000000001,0.0,0.01565777772695535,1.0,0.5
2026-07-25 00:00:00+00:00,0.04789120103841408,0.0,0.001545665,0.0,0.04943686603841408,1.0,0.5
2026-07-26 00:00:00+00:00,-0.059117700345573995,0.00046666666666666666,0.000553055,0.0,-0.05903131201224066,1.0,0.5
2026-07-27 00:00:00+00:00,0.07704898003489266,0.0,0.00122136,0.0,0.07827034003489267,1.0,0.5
2026-07-28 00:00:00+00:00,-0.06561516332738392,0.0,0.00123142,0.0,-0.06438374332738392,1.0,0.5
2026-07-29 00:00:00+00:00,-0.07294165704296056,0.0,0.0014295666666666667,0.0,-0.07151209037629389,1.0,0.5
2026-07-30 00:00:00+00:00,-0.06517365856365404,0.0,0.00689267,0.0,-0.05828098856365403,1.0,0.5
2026-07-31 00:00:00+00:00,-0.0299308763946113,0.0,0.007027475,0.0,-0.0229034013946113,1.0,0.5
2026-08-01 00:00:00+00:00,0.07217500385752834,0.0,0.0030727483333333333,0.0,0.07524775219086167,1.0,0.5
2026-08-02 00:00:00+00:00,-0.0748189274965835,0.0007,-0.0030501699999999996,0.0,-0.07856909749658351,1.0,0.5
2026-08-03 00:00:00+00:00,-0.008288345130427458,0.0,-0.008719156666666667,0.0,-0.017007501797094125,1.0,0.5
2026-08-04 00:00:00+00:00,-0.048912534913953046,0.0,-0.00246724,0.0,-0.05137977491395305,1.0,0.5
2026-08-05 00:00:00+00:00,0.04983572668746382,0.0,-0.0015555399999999998,0.0,0.04828018668746382,1.0,0.5
2026-08-06 00:00:00+00:00,0.03439737662935185,0.0,-0.002246226666666667,0.0,0.032151149962685185,1.0,0.5
2026-08-07 00:00:00+00:00,-0.12185171540997229,0.0,-0.001605948333333333,0.0,-0.12345766374330562,1.0,0.5
2026-08-08 00:00:00+00:00,0.014649213071299825,0.0,-0.0008280533333333334,0.0,0.013821159737966491,1.0,0.5
2026-08-09 00:00:00+00:00,0.0802650738135833,0.0011666666666666665,-0.003060603333333333,0.0,0.07603780381358331,1.0,0.5
2026-08-10 00:00:00+00:00,-0.09518502907776107,0.0,-0.0014448883333333332,0.0,-0.0966299174110944,1.0,0.5
2026-08-11 00:00:00+00:00,-0.06559305738726615,0.0,-0.0010622199999999998,0.0,-0.06665527738726615,1.0,0.5
2026-08-12 00:00:00+00:00,-0.05551348427542649,0.0,-0.0015581533333333332,0.0,-0.05707163760875982,1.0,0.5
2026-08-13 00:00:00+00:00,-0.09536365825539095,0.0,-0.0002677033333333333,0.0,-0.09563136158872428,1.0,0.5
2026-08-14 00:00:00+00:00,-0.09360823002150592,0.0,0.0008182366666666664,0.0,-0.09278999335483926,1.0,0.5
2026-08-15 00:00:00+00:00,-0.058699252739187927,0.0,0.001948615,0.0,-0.056750637739187926,1.0,0.5
2026-08-16 00:00:00+00:00,0.06472800606211981,0.0011666666666666665,-0.00023655333333333305,1.1080991380705371e-20,0.06332478606211982,0.9999999999999999,0.5
2026-08-17 00:00:00+00:00,-0.002000195726673124,0.0,-0.00022873166666666691,1.111032186241958e-20,-0.002228927393339791,0.9999999999999999,0.5
2026-08-18 00:00:00+00:00,0.00544743281129785,0.0,0.0004097233333333333,1.1080991380705371e-20,0.005857156144631183,0.9999999999999999,0.5
2026-08-19 00:00:00+00:00,0.02017845771210382,0.0,-0.0002185783333333334,1.1080991380705371e-20,0.019959879378770487,0.9999999999999999,0.5
2026-08-20 00:00:00+00:00,0.05782558978808476,0.0,3.230833333333331e-05,1.1080991380705371e-20,0.057857898121418096,0.9999999999999999,0.5
2026-08-21 00:00:00+00:00,-0.03542581317246551,0.0,3.137333333333336e-05,1.111032186241958e-20,-0.03539443983913217,0.9999999999999999,0.5
2026-08-22 00:00:00+00:00,0.036021932319129694,0.0,-0.00035108000000000003,1.111032186241958e-20,0.0356708523191297,0.9999999999999999,0.5
2026-08-23 00:00:00+00:00,0.02740588743307994,0.0009333333333333333,0.00218748,0.0,0.028660034099746604,1.0,0.5
2026-08-24 00:00:00+00:00,-0.027505845735933086,0.0,0.00218244,0.0,-0.025323405735933086,1.0,0.5
2026-08-25 00:00:00+00:00,0.01653715898579091,0.0,0.0019850350000000004,0.0,0.01852219398579091,1.0,0.5
2026-08-26 00:00:00+00:00,0.010356483742212798,0.0,0.0020147733333333332,0.0,0.012371257075546132,1.0,0.5
2026-08-27 00:00:00+00:00,-0.026754030072620782,0.0,0.0018452283333333333,0.0,-0.02490880173928745,1.0,0.5
2026-08-28 00:00:00+00:00,-0.06249682010110297,0.0,0.0014312849999999998,0.0,-0.06106553510110297,1.0,0.5
2026-08-29 00:00:00+00:00,-0.0036784669802479505,0.0,0.0035593883333333337,0.0,-0.00011907864691461682,1.0,0.5
2026-08-30 00:00:00+00:00,-0.0480450628953885,0.0011666666666666665,0.00351691,0.0,-0.045694819562055164,1.0,0.5
2026-08-31 00:00:00+00:00,-0.05231460504333394,0.0,0.004569626666666666,0.0,-0.047744978376667274,1.0,0.5
2026-09-01 00:00:00+00:00,0.04107972116669156,0.0,0.010137868333333333,0.0,0.0512175895000249,1.0,0.5
2026-09-02 00:00:00+00:00,-0.020426461051535547,0.0,0.003127813333333333,0.0,-0.017298647718202213,1.0,0.5
2026-09-03 00:00:00+00:00,-0.03501055960231746,0.0,0.0035989033333333332,0.0,-0.03141165626898413,1.0,0.5
2026-09-04 00:00:00+00:00,0.021887623914588927,0.0,0.005770979999999999,0.0,0.027658603914588926,1.0,0.5
2026-09-05 00:00:00+00:00,-0.05471158211235286,0.0,0.0036837033333333327,0.0,-0.05102787877901953,1.0,0.5
2026-09-06 00:00:00+00:00,-0.051585190470034084,0.0009333333333333333,-0.0009475466666666666,0.0,-0.053466070470034086,1.0,0.5
2026-09-07 00:00:00+00:00,0.002243172296796993,0.0,-0.00022114500000000004,0.0,0.0020220272967969933,1.0,0.5
2026-09-08 00:00:00+00:00,0.07382951002786461,0.0,0.00012578666666666671,0.0,0.07395529669453128,1.0,0.5
2026-09-09 00:00:00+00:00,0.050312866244424194,0.0,-0.0003725783333333333,0.0,0.04994028791109086,1.0,0.5
2026-09-10 00:00:00+00:00,0.05918984128548841,0.0,-0.00031510999999999996,0.0,0.05887473128548841,1.0,0.5
2026-09-11 00:00:00+00:00,-0.07322533713937882,0.0,-0.000301815,0.0,-0.07352715213937881,1.0,0.5
2026-09-12 00:00:00+00:00,0.0531992637589192,0.0,-0.0003521583333333333,0.0,0.05284710542558587,1.0,0.5
2026-09-13 00:00:00+00:00,0.2743846369107375,0.00046666666666666666,0.013436596666666668,0.0,0.2873545669107375,1.0,0.5
2026-09-14 00:00:00+00:00,-0.15558707812650063,0.0,0.02674473666666666,0.0,-0.12884234145983398,1.0,0.5
