sym,entry_date,exit_date,w,side,hold,pnl_gross,funding,cost,pnl_net,delist_exit
1000BONKUSDT,2024-01-07 00:00:00+00:00,2024-01-14 00:00:00+00:00,-0.16666666666666666,-1,7,-0.06994698167612312,0.00026687833333333334,0.00023333333333333333,-0.06991343667612313,False
1000BONKUSDT,2024-01-28 00:00:00+00:00,2024-02-04 00:00:00+00:00,0.16666666666666666,1,7,-0.018489874251668537,-0.00035000000000000005,0.00023333333333333333,-0.019073207585001868,False
1000BONKUSDT,2024-06-16 00:00:00+00:00,2024-06-30 00:00:00+00:00,-0.16666666666666666,-1,14,0.01449097551665851,0.0004282816666666667,0.00023333333333333333,0.014685923849991844,False
1000BONKUSDT,2024-08-11 00:00:00+00:00,2024-08-18 00:00:00+00:00,-0.16666666666666666,-1,7,0.02022451743436617,-0.0006136433333333332,0.00023333333333333333,0.019377540767699503,False
1000BONKUSDT,2024-12-15 00:00:00+00:00,2024-12-22 00:00:00+00:00,-0.16666666666666666,-1,7,0.029619575152645256,0.00021795,0.00023333333333333333,0.029604191819311926,False
1000BONKUSDT,2025-08-10 00:00:00+00:00,2025-08-31 00:00:00+00:00,-0.16666666666666666,-1,21,0.029678523407896357,0.0005323983333333333,0.00023333333333333333,0.02997758840789636,False
1000FLOKIUSDT,2024-04-14 00:00:00+00:00,2024-04-28 00:00:00+00:00,-0.16666666666666666,-1,14,-0.04897119341563794,-0.00023837499999999995,0.00023333333333333333,-0.04944290174897127,False
1000FLOKIUSDT,2024-06-02 00:00:00+00:00,2024-06-16 00:00:00+00:00,0.16666666666666666,1,14,-0.0331341590492395,-0.0009464216666666668,0.00023333333333333333,-0.0343139140492395,False
1000FLOKIUSDT,2024-06-30 00:00:00+00:00,2024-07-07 00:00:00+00:00,-0.16666666666666666,-1,7,0.012187932015938891,4.676166666666669e-05,0.00023333333333333333,0.012001360349272225,False
1000LUNCUSDT,2022-11-06 00:00:00+00:00,2022-11-13 00:00:00+00:00,-0.16666666666666666,-1,7,0.043174732275992944,-0.00012202833333333331,0.00023333333333333333,0.04281937060932627,False
1000LUNCUSDT,2024-01-07 00:00:00+00:00,2024-01-14 00:00:00+00:00,-0.16666666666666666,-1,7,-0.00644115691489359,0.00027146500000000003,0.00023333333333333333,-0.006403025248226923,False
1000LUNCUSDT,2024-01-28 00:00:00+00:00,2024-02-04 00:00:00+00:00,-0.16666666666666666,-1,7,-0.02163039517705123,0.0003368016666666667,0.00023333333333333333,-0.021526926843717896,False
1000LUNCUSDT,2026-01-11 00:00:00+00:00,2026-01-18 00:00:00+00:00,0.16666666666666666,1,7,-0.008370702541106112,0.0005887699999999999,0.00023333333333333333,-0.008015265874439445,False
1000PEPEUSDT,2023-07-02 00:00:00+00:00,2023-07-16 00:00:00+00:00,0.16666666666666666,1,14,0.00950635543266239,-0.0005129350000000001,0.00023333333333333333,0.008760087099329055,False
1000PEPEUSDT,2023-07-30 00:00:00+00:00,2023-08-13 00:00:00+00:00,-0.16666666666666666,-1,14,-0.0006931550934521358,0.0004127833333333334,0.00023333333333333333,-0.0005137050934521357,False
1000PEPEUSDT,2023-08-27 00:00:00+00:00,2023-10-01 00:00:00+00:00,-0.16666666666666666,-1,35,0.013209506229810819,0.0004673166666666668,0.00023333333333333333,0.013443489563144152,False
1000PEPEUSDT,2023-10-22 00:00:00+00:00,2023-10-29 00:00:00+00:00,-0.16666666666666666,-1,7,-0.10607362841999712,0.0004886466666666667,0.00023333333333333333,-0.1058183150866638,False
1000PEPEUSDT,2023-10-29 00:00:00+00:00,2023-11-05 00:00:00+00:00,0.16666666666666666,1,7,-0.0036910597572362147,-0.0007579333333333334,0.00023333333333333333,-0.004682326423902882,False
1000PEPEUSDT,2024-03-03 00:00:00+00:00,2024-03-31 00:00:00+00:00,0.16666666666666666,1,28,0.142900106593574,-0.009781828333333333,0.00023333333333333333,0.13288494492690733,False
1000PEPEUSDT,2024-04-28 00:00:00+00:00,2024-06-09 00:00:00+00:00,0.16666666666666666,1,42,0.11366192294342244,-0.0025002616666666665,0.00023333333333333333,0.11092832794342243,False
1000PEPEUSDT,2024-08-18 00:00:00+00:00,2024-08-25 00:00:00+00:00,-0.16666666666666666,-1,7,-0.04469143063371339,0.00025162,0.00023333333333333333,-0.044673143967046726,False
1000PEPEUSDT,2024-09-29 00:00:00+00:00,2024-10-06 00:00:00+00:00,0.16666666666666666,1,7,-0.0297526470717455,-0.00017694833333333333,0.00023333333333333333,-0.030162928738412163,False
1000PEPEUSDT,2024-11-17 00:00:00+00:00,2024-12-08 00:00:00+00:00,0.16666666666666666,1,21,0.028357160513528063,-0.0028075549999999998,0.00023333333333333333,0.02531627218019473,False
1000PEPEUSDT,2025-02-02 00:00:00+00:00,2025-02-09 00:00:00+00:00,-0.16666666666666666,-1,7,0.036465781409601605,3.605000000000001e-05,0.00023333333333333333,0.03626849807626827,False
1000PEPEUSDT,2025-03-30 00:00:00+00:00,2025-04-06 00:00:00+00:00,0.16666666666666666,1,7,-0.003702728423464622,4.965666666666666e-05,0.00023333333333333333,-0.0038864050901312886,False
1000PEPEUSDT,2025-04-13 00:00:00+00:00,2025-04-27 00:00:00+00:00,0.16666666666666666,1,14,0.0387621916236374,-0.0004158083333333333,0.00023333333333333333,0.038113049956970735,False
1000PEPEUSDT,2025-05-11 00:00:00+00:00,2025-06-01 00:00:00+00:00,0.16666666666666666,1,21,-0.02498879862856253,-0.000593235,0.00023333333333333333,-0.025815366961895864,False
1000PEPEUSDT,2025-08-03 00:00:00+00:00,2025-08-17 00:00:00+00:00,-0.16666666666666666,-1,14,-0.015711252653927844,0.00039869166666666676,0.00023333333333333333,-0.01554589432059451,False
1000PEPEUSDT,2026-01-04 00:00:00+00:00,2026-01-25 00:00:00+00:00,0.16666666666666666,1,21,-0.030206525417253383,-0.00043981166666666666,0.00023333333333333333,-0.030879670417253383,False
1000PEPEUSDT,2026-02-22 00:00:00+00:00,2026-03-01 00:00:00+00:00,0.16666666666666666,1,7,-0.019965947057311768,0.000264845,0.00023333333333333333,-0.0199344353906451,False
1000PEPEUSDT,2026-03-15 00:00:00+00:00,2026-03-22 00:00:00+00:00,-0.16666666666666666,-1,7,0.0021025319853269866,-0.00047820499999999994,0.00023333333333333333,0.0013909936519936534,False
1000PEPEUSDT,2026-04-05 00:00:00+00:00,2026-04-26 00:00:00+00:00,0.16666666666666666,1,21,0.021727851199216865,0.00016459333333333336,0.00023333333333333333,0.021659111199216867,False
1000PEPEUSDT,2026-06-28 00:00:00+00:00,2026-07-05 00:00:00+00:00,-0.16666666666666666,-1,7,-0.025382172764570294,-0.00027121666666666665,0.00023333333333333333,-0.025886722764570293,False
1000PEPEUSDT,2026-07-19 00:00:00+00:00,2026-07-26 00:00:00+00:00,0.16666666666666666,1,7,-0.0009732801354128684,-0.00027679,0.00023333333333333333,-0.0014834034687462017,False
1000PEPEUSDT,2026-08-23 00:00:00+00:00,2026-08-30 00:00:00+00:00,0.16666666666666666,1,7,-0.01695234353257043,-0.00041740833333333335,0.00023333333333333333,-0.017603085199237097,False
1000RATSUSDT,2024-07-21 00:00:00+00:00,2024-07-28 00:00:00+00:00,-0.16666666666666666,-1,7,-0.021698295627192644,0.0008692650000000001,0.00023333333333333333,-0.021062363960525975,False
1000RATSUSDT,2024-07-28 00:00:00+00:00,2024-08-04 00:00:00+00:00,0.16666666666666666,1,7,-0.05917289925208975,-0.00023869166666666666,0.00023333333333333333,-0.059644924252089754,False
1000SATSUSDT,2024-08-04 00:00:00+00:00,2024-08-11 00:00:00+00:00,0.16666666666666666,1,7,0.03414634146341462,-8.844333333333333e-05,0.00023333333333333333,0.033824564796747954,False
1000SATSUSDT,2024-08-25 00:00:00+00:00,2024-09-15 00:00:00+00:00,0.16666666666666666,1,21,-0.039430494009519146,-0.0004604900000000001,0.00023333333333333333,-0.04012431734285248,False
1000SATSUSDT,2024-09-15 00:00:00+00:00,2024-09-22 00:00:00+00:00,-0.16666666666666666,-1,7,0.00026873051703750017,0.00014318666666666665,0.00023333333333333333,0.0001785838503708335,False
1000SATSUSDT,2024-10-06 00:00:00+00:00,2024-11-03 00:00:00+00:00,-0.16666666666666666,-1,28,0.027300995024875596,0.0012682549999999998,0.00023333333333333333,0.028335916691542264,False
1000SHIBUSDT,2021-07-04 00:00:00+00:00,2021-07-18 00:00:00+00:00,0.16666666666666666,1,14,-0.03559739709676174,0.0012127016666666664,0.00023333333333333333,-0.03461802876342841,False
1000SHIBUSDT,2021-07-25 00:00:00+00:00,2021-08-08 00:00:00+00:00,-0.16666666666666666,-1,14,-0.03493246390312066,0.0024200233333333335,0.00023333333333333333,-0.03274577390312066,False
1000SHIBUSDT,2021-11-07 00:00:00+00:00,2021-11-21 00:00:00+00:00,0.16666666666666666,1,14,-0.03126863256162582,-0.0032724883333333336,0.00023333333333333333,-0.03477445422829249,False
1000SHIBUSDT,2021-11-21 00:00:00+00:00,2021-12-05 00:00:00+00:00,-0.16666666666666666,-1,14,0.03948931946541408,0.0015569516666666663,0.00023333333333333333,0.04081293779874741,False
1000SHIBUSDT,2022-02-13 00:00:00+00:00,2022-03-06 00:00:00+00:00,0.16666666666666666,1,21,-0.025863252557149698,0.00018193166666666667,0.00023333333333333333,-0.025914654223816364,False
1000SHIBUSDT,2022-03-27 00:00:00+00:00,2022-04-03 00:00:00+00:00,-0.16666666666666666,-1,7,-0.0094203195132266,0.00038433,0.00023333333333333333,-0.009269322846559933,False
1000SHIBUSDT,2022-04-17 00:00:00+00:00,2022-04-24 00:00:00+00:00,0.16666666666666666,1,7,-0.009685151171727469,-0.0003113016666666667,0.00023333333333333333,-0.010229786171727468,False
1000SHIBUSDT,2022-07-03 00:00:00+00:00,2022-07-17 00:00:00+00:00,0.16666666666666666,1,14,0.015940013904062002,0.0004764083333333333,0.00023333333333333333,0.016183088904062004,False
1000SHIBUSDT,2022-08-21 00:00:00+00:00,2022-09-04 00:00:00+00:00,0.16666666666666666,1,14,-0.007147296457426936,0.00039127833333333327,0.00023333333333333333,-0.006989351457426936,False
1000SHIBUSDT,2022-10-30 00:00:00+00:00,2022-11-06 00:00:00+00:00,0.16666666666666666,1,7,-0.005900733395310405,-0.00024947833333333335,0.00023333333333333333,-0.006383545061977072,False
1000SHIBUSDT,2023-03-19 00:00:00+00:00,2023-03-26 00:00:00+00:00,-0.16666666666666666,-1,7,0.0031290864935550147,0.00030584000000000004,0.00023333333333333333,0.0032015931602216814,False
1000SHIBUSDT,2023-09-03 00:00:00+00:00,2023-09-10 00:00:00+00:00,-0.16666666666666666,-1,7,0.005664877757900995,-0.00031183166666666663,0.00023333333333333333,0.005119712757900995,False
1000SHIBUSDT,2023-10-01 00:00:00+00:00,2023-10-08 00:00:00+00:00,-0.16666666666666666,-1,7,0.002271591476988799,0.0003105866666666667,0.00023333333333333333,0.0023488448103221324,False
1000SHIBUSDT,2024-07-28 00:00:00+00:00,2024-08-11 00:00:00+00:00,-0.16666666666666666,-1,14,0.028708602782676857,-0.0002738083333333333,0.00023333333333333333,0.02820146111601019,False
1MBABYDOGEUSDT,2024-11-03 00:00:00+00:00,2024-11-24 00:00:00+00:00,-0.16666666666666666,-1,21,-0.02767560852009876,0.0022541299999999996,0.00023333333333333333,-0.025654811853432092,False
AAVEUSDT,2020-12-13 00:00:00+00:00,2020-12-27 00:00:00+00:00,0.16666666666666666,1,14,-0.0057285244554048,-0.0023709050000000004,0.00023333333333333333,-0.008332762788738134,False
AAVEUSDT,2021-01-24 00:00:00+00:00,2021-02-14 00:00:00+00:00,0.16666666666666666,1,21,0.2208461825232298,-0.01647669333333333,0.00023333333333333333,0.20413615585656314,False
AAVEUSDT,2021-02-28 00:00:00+00:00,2021-03-07 00:00:00+00:00,-0.16666666666666666,-1,7,-0.027636367276859215,0.0005510483333333333,0.00023333333333333333,-0.027318652276859215,False
AAVEUSDT,2021-03-28 00:00:00+00:00,2021-04-04 00:00:00+00:00,-0.16666666666666666,-1,7,-0.013181729470191805,0.004308723333333334,0.00023333333333333333,-0.009106339470191805,False
AAVEUSDT,2021-06-13 00:00:00+00:00,2021-06-20 00:00:00+00:00,-0.16666666666666666,-1,7,0.014372978799856235,0.00026304000000000003,0.00023333333333333333,0.014402685466522902,False
AAVEUSDT,2021-06-27 00:00:00+00:00,2021-07-04 00:00:00+00:00,-0.16666666666666666,-1,7,-0.0642990654205607,0.0002821833333333333,0.00023333333333333333,-0.0642502154205607,False
AAVEUSDT,2021-08-29 00:00:00+00:00,2021-09-05 00:00:00+00:00,-0.16666666666666666,-1,7,-0.014077419003835634,0.0018449316666666665,0.00023333333333333333,-0.012465820670502302,False
AAVEUSDT,2024-09-08 00:00:00+00:00,2024-09-22 00:00:00+00:00,0.16666666666666666,1,14,0.03926429428228713,0.0002538849999999999,0.00023333333333333333,0.039284845948953796,False
ACEUSDT,2026-09-13 00:00:00+00:00,2026-09-15 00:00:00+00:00,-0.16666666666666666,-1,2,0.007548328357576924,-0.0012931366666666666,0.00023333333333333333,0.0060218583575769235,False
ADAUSDT,2020-05-03 00:00:00+00:00,2020-06-28 00:00:00+00:00,0.16666666666666666,1,56,0.08568443051201675,-0.003664423333333333,0.00023333333333333333,0.08178667384535009,False
ADAUSDT,2020-07-05 00:00:00+00:00,2020-07-19 00:00:00+00:00,0.16666666666666666,1,14,0.03751457604531068,-0.0008602433333333334,0.00023333333333333333,0.03642099937864401,False
ADAUSDT,2020-08-16 00:00:00+00:00,2020-09-06 00:00:00+00:00,-0.16666666666666666,-1,21,0.05850526619535418,0.004491789999999999,0.00023333333333333333,0.06276372286202084,False
ADAUSDT,2020-09-27 00:00:00+00:00,2020-10-04 00:00:00+00:00,0.16666666666666666,1,7,-0.0037716081718176713,-0.00035000000000000005,0.00023333333333333333,-0.004354941505151005,False
ADAUSDT,2020-10-11 00:00:00+00:00,2020-10-25 00:00:00+00:00,0.16666666666666666,1,14,0.00508323802262034,-0.0012699900000000001,0.00023333333333333333,0.003579914689287006,False
ADAUSDT,2021-01-10 00:00:00+00:00,2021-01-17 00:00:00+00:00,0.16666666666666666,1,7,0.010104669887278575,-0.0018444849999999999,0.00023333333333333333,0.008026851553945242,False
ADAUSDT,2021-02-21 00:00:00+00:00,2021-03-14 00:00:00+00:00,0.16666666666666666,1,21,-0.002112825478224685,-0.003837863333333333,0.00023333333333333333,-0.0061840221448913515,False
ADAUSDT,2021-03-21 00:00:00+00:00,2021-03-28 00:00:00+00:00,-0.16666666666666666,-1,7,0.003458936394388157,0.002088126666666667,0.00023333333333333333,0.00531372972772149,False
ADAUSDT,2021-05-16 00:00:00+00:00,2021-05-30 00:00:00+00:00,0.16666666666666666,1,14,-0.05933008488860281,0.00057088,0.00023333333333333333,-0.05899253822193614,False
ADAUSDT,2021-08-15 00:00:00+00:00,2021-09-05 00:00:00+00:00,0.16666666666666666,1,21,0.049105104556661616,-0.003875168333333333,0.00023333333333333333,0.04499660288999495,False
ADAUSDT,2021-09-19 00:00:00+00:00,2021-09-26 00:00:00+00:00,-0.16666666666666666,-1,7,0.005220189416294337,0.00020629,0.00023333333333333333,0.005193146082961003,False
ADAUSDT,2021-10-03 00:00:00+00:00,2021-10-10 00:00:00+00:00,-0.16666666666666666,-1,7,-0.0016528068068957975,0.0008374449999999999,0.00023333333333333333,-0.001048695140229131,False
ADAUSDT,2021-10-17 00:00:00+00:00,2021-10-24 00:00:00+00:00,-0.16666666666666666,-1,7,0.0008865654759174964,0.0015319399999999999,0.00023333333333333333,0.0021851721425841628,False
ADAUSDT,2021-10-31 00:00:00+00:00,2021-11-21 00:00:00+00:00,-0.16666666666666666,-1,21,0.0030643513789581447,0.0034432000000000004,0.00023333333333333333,0.006274218045624812,False
ADAUSDT,2022-02-27 00:00:00+00:00,2022-03-06 00:00:00+00:00,-0.16666666666666666,-1,7,0.004173246108730007,-0.00016176166666666665,0.00023333333333333333,0.0037781511087300068,False
ADAUSDT,2022-03-27 00:00:00+00:00,2022-04-10 00:00:00+00:00,0.16666666666666666,1,14,-0.015533165407220828,-0.0005867483333333335,0.00023333333333333333,-0.016353247073887495,False
ADAUSDT,2022-06-12 00:00:00+00:00,2022-06-19 00:00:00+00:00,0.16666666666666666,1,7,-0.02988983203901028,0.00044189333333333327,0.00023333333333333333,-0.02968127203901028,False
ADAUSDT,2022-10-23 00:00:00+00:00,2022-10-30 00:00:00+00:00,-0.16666666666666666,-1,7,-0.03266856600189934,-0.00015154833333333331,0.00023333333333333333,-0.03305344766856601,False
ADAUSDT,2022-12-11 00:00:00+00:00,2022-12-18 00:00:00+00:00,-0.16666666666666666,-1,7,0.024228839790799445,3.344166666666666e-05,0.00023333333333333333,0.02402894812413278,False
ADAUSDT,2023-04-09 00:00:00+00:00,2023-04-23 00:00:00+00:00,0.16666666666666666,1,14,0.004502164502164452,-0.0006224783333333335,0.00023333333333333333,0.003646352835497785,False
ADAUSDT,2023-12-10 00:00:00+00:00,2023-12-24 00:00:00+00:00,0.16666666666666666,1,14,0.00974810213940654,-0.000994365,0.00023333333333333333,0.008520403806073206,False
ADAUSDT,2024-03-24 00:00:00+00:00,2024-03-31 00:00:00+00:00,-0.16666666666666666,-1,7,-0.005505666025229875,0.0011893016666666666,0.00023333333333333333,-0.004549697691896542,False
ADAUSDT,2024-04-07 00:00:00+00:00,2024-04-14 00:00:00+00:00,-0.16666666666666666,-1,7,0.03976948533607216,0.0005415883333333332,0.00023333333333333333,0.040077740336072164,False
ADAUSDT,2025-03-09 00:00:00+00:00,2025-03-16 00:00:00+00:00,0.16666666666666666,1,7,-0.0121178225205071,0.00018084833333333332,0.00023333333333333333,-0.0121703075205071,False
ADAUSDT,2025-03-23 00:00:00+00:00,2025-03-30 00:00:00+00:00,0.16666666666666666,1,7,-0.006705664146097801,-3.585666666666666e-05,0.00023333333333333333,-0.006974854146097801,False
ADAUSDT,2026-03-01 00:00:00+00:00,2026-03-08 00:00:00+00:00,0.16666666666666666,1,7,-0.01572886989553653,0.00010244833333333333,0.00023333333333333333,-0.015859754895536527,False
ADAUSDT,2026-06-07 00:00:00+00:00,2026-06-28 00:00:00+00:00,-0.16666666666666666,-1,21,0.012722646310432498,-0.00048186333333333323,0.00023333333333333333,0.01200744964376583,False
ADAUSDT,2026-08-09 00:00:00+00:00,2026-08-23 00:00:00+00:00,0.16666666666666666,1,14,0.02241177454423826,-0.00032860999999999996,0.00023333333333333333,0.02184983121090493,False
AGIXUSDT,2023-04-09 00:00:00+00:00,2023-04-16 00:00:00+00:00,-0.16666666666666666,-1,7,-0.027035370909411622,0.0003871533333333333,0.00023333333333333333,-0.02688155090941162,False
AIAUSDT,2025-11-02 00:00:00+00:00,2025-11-16 00:00:00+00:00,0.16666666666666666,1,14,-0.06337471520900168,0.049934336666666655,0.00023333333333333333,-0.013673711875668355,False
AIAUSDT,2025-11-23 00:00:00+00:00,2025-12-12 00:00:00+00:00,-0.16666666666666666,-1,19,0.12339216272808853,0.004360946666666666,0.0003,0.1274531093947552,True
AIXBTUSDT,2025-02-09 00:00:00+00:00,2025-03-02 00:00:00+00:00,-0.16666666666666666,-1,21,0.04201504743212292,0.00023748833333333335,0.00023333333333333333,0.04201920243212292,False
AKEUSDT,2026-08-02 00:00:00+00:00,2026-08-23 00:00:00+00:00,0.16666666666666666,1,21,0.07626730555509012,-0.0030348999999999992,0.00023333333333333333,0.07299907222175679,False
AKEUSDT,2026-08-30 00:00:00+00:00,2026-09-15 00:00:00+00:00,0.16666666666666666,1,16,0.15954908253106231,0.0065681816666666665,0.00023333333333333333,0.16588393086439565,False
ALGOUSDT,2020-08-16 00:00:00+00:00,2020-08-30 00:00:00+00:00,0.16666666666666666,1,14,-0.0268193224592221,-0.004299934999999999,0.00023333333333333333,-0.03135259079255543,False
ALGOUSDT,2020-09-06 00:00:00+00:00,2020-09-20 00:00:00+00:00,-0.16666666666666666,-1,14,-0.0001463700234192178,0.0007000000000000001,0.00023333333333333333,0.000320296643247449,False
ALGOUSDT,2021-10-03 00:00:00+00:00,2021-10-10 00:00:00+00:00,-0.16666666666666666,-1,7,-0.011770909844247335,0.0008851566666666665,0.00023333333333333333,-0.011119086510914002,False
ALICEUSDT,2021-08-08 00:00:00+00:00,2021-08-15 00:00:00+00:00,0.16666666666666666,1,7,0.009213410179397658,-0.0013728083333333333,0.00023333333333333333,0.007607268512730992,False
ALICEUSDT,2021-09-12 00:00:00+00:00,2021-10-03 00:00:00+00:00,-0.16666666666666666,-1,21,-0.004906911105932406,0.0010884016666666664,0.00023333333333333333,-0.004051842772599073,False
ALICEUSDT,2022-03-13 00:00:00+00:00,2022-03-27 00:00:00+00:00,-0.16666666666666666,-1,14,-0.03838227717671294,0.00048169166666666677,0.00023333333333333333,-0.03813391884337961,False
APEUSDT,2022-05-08 00:00:00+00:00,2022-05-15 00:00:00+00:00,0.16666666666666666,1,7,-0.04984209247712368,0.0006862516666666666,0.00023333333333333333,-0.04938917414379035,False
APEUSDT,2022-05-22 00:00:00+00:00,2022-06-26 00:00:00+00:00,-0.16666666666666666,-1,35,0.0721197773901487,-0.0013479016666666666,0.00023333333333333333,0.0705385423901487,False
APEUSDT,2022-07-24 00:00:00+00:00,2022-08-14 00:00:00+00:00,0.16666666666666666,1,21,0.00032645271457987235,-0.00037522499999999997,0.00023333333333333333,-0.00028210561875346095,False
APEUSDT,2022-08-28 00:00:00+00:00,2022-09-04 00:00:00+00:00,-0.16666666666666666,-1,7,-0.00024556233775345027,-0.00031211000000000005,0.00023333333333333333,-0.0007910056710867836,False
APEUSDT,2022-09-18 00:00:00+00:00,2022-10-09 00:00:00+00:00,0.16666666666666666,1,21,-0.013767987209095778,-0.00018187166666666662,0.00023333333333333333,-0.014183192209095778,False
APEUSDT,2022-12-04 00:00:00+00:00,2022-12-18 00:00:00+00:00,0.16666666666666666,1,14,-0.01374881475734844,0.005799708333333333,0.00023333333333333333,-0.00818243975734844,False
APEUSDT,2024-11-03 00:00:00+00:00,2024-11-10 00:00:00+00:00,0.16666666666666666,1,7,0.017828685258964156,-0.00034738166666666665,0.00023333333333333333,0.017247970258964157,False
APTUSDT,2023-02-05 00:00:00+00:00,2023-02-12 00:00:00+00:00,0.16666666666666666,1,7,-0.0263971859174576,-0.00015920166666666673,0.00023333333333333333,-0.0267897209174576,False
APTUSDT,2023-02-19 00:00:00+00:00,2023-02-26 00:00:00+00:00,-0.16666666666666666,-1,7,0.02529803160521212,0.000318845,0.00023333333333333333,0.02538354327187879,False
APTUSDT,2023-03-05 00:00:00+00:00,2023-03-12 00:00:00+00:00,-0.16666666666666666,-1,7,0.012214622012969726,-0.000358135,0.00023333333333333333,0.011623153679636391,False
APTUSDT,2023-05-07 00:00:00+00:00,2023-05-14 00:00:00+00:00,-0.16666666666666666,-1,7,0.01671193192105741,0.0002109183333333333,0.00023333333333333333,0.016689516921057412,False
ARBUSDT,2024-01-07 00:00:00+00:00,2024-01-28 00:00:00+00:00,0.16666666666666666,1,21,0.004243739057623504,-0.00105,0.00023333333333333333,0.0029604057242901705,False
ARBUSDT,2024-03-17 00:00:00+00:00,2024-04-14 00:00:00+00:00,-0.16666666666666666,-1,28,0.06891581801976066,0.00386332,0.00023333333333333333,0.07254580468642732,False
ARBUSDT,2025-09-14 00:00:00+00:00,2025-09-28 00:00:00+00:00,-0.16666666666666666,-1,14,0.0361167559578792,0.00027797499999999997,0.00023333333333333333,0.036161397624545864,False
ARCUSDT,2025-03-09 00:00:00+00:00,2025-04-06 00:00:00+00:00,-0.16666666666666666,-1,28,0.07819011273413169,0.0018352399999999997,0.00023333333333333333,0.07979201940079836,False
ARIAUSDT,2026-05-03 00:00:00+00:00,2026-05-17 00:00:00+00:00,-0.16666666666666666,-1,14,0.030380465644520183,0.006230008333333334,0.00023333333333333333,0.03637714064452018,False
ARKUSDT,2023-11-05 00:00:00+00:00,2023-11-26 00:00:00+00:00,0.16666666666666666,1,21,-0.0029587031712296485,-0.0027606033333333335,0.00023333333333333333,-0.005952639837896316,False
ARKUSDT,2023-12-03 00:00:00+00:00,2024-01-07 00:00:00+00:00,-0.16666666666666666,-1,35,0.04988962472406179,0.006585478333333332,0.00023333333333333333,0.05624176972406179,False
ARPAUSDT,2023-06-18 00:00:00+00:00,2023-06-25 00:00:00+00:00,-0.16666666666666666,-1,7,-0.023687798227675527,0.00023479333333333333,0.00023333333333333333,-0.023686338227675525,False
ASTERUSDT,2025-11-02 00:00:00+00:00,2025-11-09 00:00:00+00:00,-0.16666666666666666,-1,7,-0.012613452048176136,-0.0003301483333333333,0.00023333333333333333,-0.013176933714842803,False
ASTERUSDT,2025-11-23 00:00:00+00:00,2025-12-07 00:00:00+00:00,0.16666666666666666,1,14,-0.026565246203935855,-0.000440335,0.00023333333333333333,-0.027238914537269187,False
ASTERUSDT,2025-12-14 00:00:00+00:00,2026-01-04 00:00:00+00:00,-0.16666666666666666,-1,21,0.03631538515259447,0.0006781516666666666,0.00023333333333333333,0.0367602034859278,False
ATOMUSDT,2020-05-17 00:00:00+00:00,2020-05-24 00:00:00+00:00,-0.16666666666666666,-1,7,-0.002412623891497138,0.0005005733333333333,0.00023333333333333333,-0.0021453838914971377,False
ATOMUSDT,2020-08-16 00:00:00+00:00,2020-09-06 00:00:00+00:00,0.16666666666666666,1,21,-0.031875239818012435,-0.003337488333333333,0.00023333333333333333,-0.0354460614846791,False
ATOMUSDT,2021-10-03 00:00:00+00:00,2021-10-10 00:00:00+00:00,0.16666666666666666,1,7,-0.014829375959167463,-0.0009181899999999999,0.00023333333333333333,-0.015980899292500798,False
ATOMUSDT,2021-10-10 00:00:00+00:00,2021-10-31 00:00:00+00:00,-0.16666666666666666,-1,21,-0.009936971211174834,0.004101415,0.00023333333333333333,-0.006068889544508168,False
ATOMUSDT,2021-11-14 00:00:00+00:00,2021-12-05 00:00:00+00:00,-0.16666666666666666,-1,21,0.022497464425116,0.0017787666666666663,0.00023333333333333333,0.024042897758449335,False
ATOMUSDT,2022-01-09 00:00:00+00:00,2022-01-23 00:00:00+00:00,0.16666666666666666,1,14,-0.030631032751213462,-0.000369785,0.00023333333333333333,-0.031234151084546795,False
ATOMUSDT,2022-02-13 00:00:00+00:00,2022-02-20 00:00:00+00:00,-0.16666666666666666,-1,7,0.0023673016460143783,1.4496666666666673e-05,0.00023333333333333333,0.002148464979347712,False
ATOMUSDT,2022-03-06 00:00:00+00:00,2022-03-20 00:00:00+00:00,0.16666666666666666,1,14,-0.011902445352532837,0.00012178833333333322,0.00023333333333333333,-0.012013990352532838,False
ATOMUSDT,2022-03-27 00:00:00+00:00,2022-04-03 00:00:00+00:00,-0.16666666666666666,-1,7,-0.01480541455160748,0.0002452566666666667,0.00023333333333333333,-0.014793491218274146,False
ATOMUSDT,2022-05-08 00:00:00+00:00,2022-05-22 00:00:00+00:00,-0.16666666666666666,-1,14,0.054598226065071344,-0.0024200099999999998,0.00023333333333333333,0.05194488273173801,False
AUCTIONUSDT,2025-04-06 00:00:00+00:00,2025-05-04 00:00:00+00:00,-0.16666666666666666,-1,28,0.04233715206498471,-0.007501779999999999,0.00023333333333333333,0.03460203873165137,False
AVAXUSDT,2021-03-07 00:00:00+00:00,2021-03-21 00:00:00+00:00,-0.16666666666666666,-1,14,-0.06210844025444617,0.008222341666666666,0.00023333333333333333,-0.05411943192111284,False
AVAXUSDT,2021-09-05 00:00:00+00:00,2021-10-10 00:00:00+00:00,0.16666666666666666,1,35,0.047490072437701494,-0.0031209483333333337,0.00023333333333333333,0.04413579077103483,False
AVAXUSDT,2021-10-10 00:00:00+00:00,2021-10-24 00:00:00+00:00,-0.16666666666666666,-1,14,-0.013146699602030965,0.002160945,0.00023333333333333333,-0.011219087935364299,False
AVAXUSDT,2021-11-14 00:00:00+00:00,2021-12-05 00:00:00+00:00,0.16666666666666666,1,21,-0.007988915848493816,-0.001271008333333333,0.00023333333333333333,-0.009493257515160483,False
AVAXUSDT,2021-12-19 00:00:00+00:00,2022-01-02 00:00:00+00:00,0.16666666666666666,1,14,-0.0026200521709620244,-0.0006821750000000001,0.00023333333333333333,-0.0035355605042953577,False
AVAXUSDT,2022-01-09 00:00:00+00:00,2022-01-16 00:00:00+00:00,-0.16666666666666666,-1,7,-0.01819844535893922,0.000246145,0.00023333333333333333,-0.01818563369227255,False
AVAXUSDT,2022-02-27 00:00:00+00:00,2022-03-06 00:00:00+00:00,0.16666666666666666,1,7,-0.010457436399217219,3.8066666666666856e-06,0.00023333333333333333,-0.010686963065883886,False
AVAXUSDT,2022-03-20 00:00:00+00:00,2022-03-27 00:00:00+00:00,0.16666666666666666,1,7,-0.0068141197497765815,-0.00012301500000000003,0.00023333333333333333,-0.007170468083109915,False
AVAXUSDT,2022-05-22 00:00:00+00:00,2022-06-12 00:00:00+00:00,-0.16666666666666666,-1,21,0.05568574935833052,-0.00104232,0.00023333333333333333,0.05441009602499718,False
AVAXUSDT,2022-09-04 00:00:00+00:00,2022-09-25 00:00:00+00:00,-0.16666666666666666,-1,21,0.011305423070128957,-0.0012501249999999997,0.00023333333333333333,0.009821964736795624,False
AVAXUSDT,2023-11-19 00:00:00+00:00,2023-12-31 00:00:00+00:00,0.16666666666666666,1,42,0.13167265178720272,-0.003958546666666667,0.00023333333333333333,0.1274807717872027,False
AVAXUSDT,2024-01-14 00:00:00+00:00,2024-01-21 00:00:00+00:00,-0.16666666666666666,-1,7,0.016434563298426463,0.00035000000000000005,0.00023333333333333333,0.01655122996509313,False
AVAXUSDT,2024-02-11 00:00:00+00:00,2024-02-18 00:00:00+00:00,0.16666666666666666,1,7,-0.0017330447689412054,-0.0005656133333333333,0.00023333333333333333,-0.0025319914356078718,False
AVAXUSDT,2024-03-31 00:00:00+00:00,2024-04-07 00:00:00+00:00,0.16666666666666666,1,7,-0.015005662514156304,-0.0008800283333333332,0.00023333333333333333,-0.01611902418082297,False
AVAXUSDT,2024-04-14 00:00:00+00:00,2024-04-21 00:00:00+00:00,-0.16666666666666666,-1,7,-0.021633716927313786,0.00010041666666666666,0.00023333333333333333,-0.021766633593980452,False
AVAXUSDT,2025-04-13 00:00:00+00:00,2025-04-20 00:00:00+00:00,0.16666666666666666,1,7,-0.004865823691191077,0.0002569033333333333,0.00023333333333333333,-0.004842253691191077,False
AVAXUSDT,2025-09-21 00:00:00+00:00,2025-10-05 00:00:00+00:00,0.16666666666666666,1,14,-0.015388250434852535,-0.00031191499999999996,0.00023333333333333333,-0.01593349876818587,False
AXSUSDT,2021-08-08 00:00:00+00:00,2021-08-15 00:00:00+00:00,0.16666666666666666,1,7,0.1066102378073357,-0.0009557566666666667,0.00023333333333333333,0.10542114780733569,False
AXSUSDT,2021-08-22 00:00:00+00:00,2021-09-05 00:00:00+00:00,0.16666666666666666,1,14,0.012463692721203363,-0.0028325516666666667,0.00023333333333333333,0.009397807721203362,False
AXSUSDT,2021-10-03 00:00:00+00:00,2021-10-24 00:00:00+00:00,0.16666666666666666,1,21,0.02740658252907694,0.004885261666666666,0.00023333333333333333,0.032058510862410274,False
AXSUSDT,2021-12-26 00:00:00+00:00,2022-01-02 00:00:00+00:00,-0.16666666666666666,-1,7,0.022944199706314228,-0.002734849999999999,0.00023333333333333333,0.019976016372980895,False
AXSUSDT,2022-03-27 00:00:00+00:00,2022-04-03 00:00:00+00:00,0.16666666666666666,1,7,-0.004086921850079731,0.0022334783333333337,0.00023333333333333333,-0.002086776850079731,False
AXSUSDT,2022-04-17 00:00:00+00:00,2022-05-15 00:00:00+00:00,-0.16666666666666666,-1,28,0.09242840053479698,-0.010666301666666666,0.00023333333333333333,0.08152876553479697,False
AXSUSDT,2026-02-15 00:00:00+00:00,2026-02-22 00:00:00+00:00,-0.16666666666666666,-1,7,0.018270944741532975,-0.026153271666666665,0.00023333333333333333,-0.008115660258467022,False
BAKEUSDT,2024-01-07 00:00:00+00:00,2024-01-14 00:00:00+00:00,0.16666666666666666,1,7,0.015533625730994111,-0.00035893500000000006,0.00023333333333333333,0.014941357397660778,False
BAKEUSDT,2024-01-21 00:00:00+00:00,2024-01-28 00:00:00+00:00,-0.16666666666666666,-1,7,-0.007163471449185757,0.00035000000000000005,0.00023333333333333333,-0.0070468047825190915,False
BANDUSDT,2020-09-20 00:00:00+00:00,2020-10-11 00:00:00+00:00,-0.16666666666666666,-1,21,0.016093738970847815,-0.001376205,0.00023333333333333333,0.014484200637514483,False
BANDUSDT,2020-11-01 00:00:00+00:00,2020-11-08 00:00:00+00:00,-0.16666666666666666,-1,7,-0.03247536312033853,1.843500000000003e-05,0.00023333333333333333,-0.03269026145367187,False
BANKUSDT,2026-08-02 00:00:00+00:00,2026-08-09 00:00:00+00:00,0.16666666666666666,1,7,-0.03502034921885255,0.005589138333333334,0.00023333333333333333,-0.029664544218852555,False
BANKUSDT,2026-08-09 00:00:00+00:00,2026-08-30 00:00:00+00:00,-0.16666666666666666,-1,21,0.014086262777362246,-0.0005709233333333331,0.00023333333333333333,0.01328200611069558,False
BATUSDT,2020-06-21 00:00:00+00:00,2020-07-05 00:00:00+00:00,0.16666666666666666,1,14,0.01388286334056395,0.005037996666666667,0.00023333333333333333,0.018687526673897285,False
BATUSDT,2020-07-19 00:00:00+00:00,2020-07-26 00:00:00+00:00,-0.16666666666666666,-1,7,0.0034000989119683522,0.00083888,0.00023333333333333333,0.004005645578635019,False
BBUSDT,2024-07-14 00:00:00+00:00,2024-07-21 00:00:00+00:00,0.16666666666666666,1,7,0.0003148614609571979,-0.00026934333333333333,0.00023333333333333333,-0.00018781520570946875,False
BCHUSDT,2020-04-05 00:00:00+00:00,2020-04-12 00:00:00+00:00,0.16666666666666666,1,7,-0.0038405036726128676,-0.00036169,0.00023333333333333333,-0.004435527005946202,False
BCHUSDT,2020-05-31 00:00:00+00:00,2020-06-07 00:00:00+00:00,-0.16666666666666666,-1,7,-0.0004684242472224505,0.0005293183333333334,0.00023333333333333333,-0.00017243924722245055,False
BCHUSDT,2020-08-23 00:00:00+00:00,2020-09-06 00:00:00+00:00,-0.16666666666666666,-1,14,0.03542080732708023,0.002238626666666667,0.00023333333333333333,0.03742610066041356,False
BCHUSDT,2020-10-18 00:00:00+00:00,2020-11-08 00:00:00+00:00,0.16666666666666666,1,21,0.005989328106283201,-0.0015936583333333336,0.00023333333333333333,0.004162336439616534,False
BCHUSDT,2021-01-31 00:00:00+00:00,2021-02-14 00:00:00+00:00,-0.16666666666666666,-1,14,-0.1002273815222594,0.008576543333333332,0.00023333333333333333,-0.09188417152225942,False
BCHUSDT,2021-04-18 00:00:00+00:00,2021-05-02 00:00:00+00:00,0.16666666666666666,1,14,0.0019719595739896194,-0.0011684516666666668,0.00023333333333333333,0.0005701745739896194,False
BCHUSDT,2021-06-06 00:00:00+00:00,2021-06-13 00:00:00+00:00,-0.16666666666666666,-1,7,0.017763458761747692,0.0002645383333333333,0.00023333333333333333,0.017794663761747695,False
BCHUSDT,2023-07-02 00:00:00+00:00,2023-07-16 00:00:00+00:00,0.16666666666666666,1,14,-0.0217587979981906,0.0022953116666666667,0.00023333333333333333,-0.019696819664857264,False
BCHUSDT,2023-07-23 00:00:00+00:00,2023-08-06 00:00:00+00:00,-0.16666666666666666,-1,14,0.008736727698352967,-0.0003205233333333333,0.00023333333333333333,0.0081828710316863,False
BCHUSDT,2023-09-10 00:00:00+00:00,2023-09-17 00:00:00+00:00,0.16666666666666666,1,7,0.018693203413841952,0.0006486066666666666,0.00023333333333333333,0.019108476747175286,False
BCHUSDT,2023-11-12 00:00:00+00:00,2023-12-03 00:00:00+00:00,-0.16666666666666666,-1,21,0.005833121988333763,0.000754285,0.00023333333333333333,0.00635407365500043,False
BCHUSDT,2024-04-07 00:00:00+00:00,2024-04-21 00:00:00+00:00,0.16666666666666666,1,14,-0.043072078040537344,0.001211093333333333,0.00023333333333333333,-0.04209431804053734,False
BCHUSDT,2024-04-28 00:00:00+00:00,2024-05-12 00:00:00+00:00,-0.16666666666666666,-1,14,0.016565970182652247,-0.0011464616666666666,0.00023333333333333333,0.015186175182652249,False
BCHUSDT,2025-07-06 00:00:00+00:00,2025-07-13 00:00:00+00:00,0.16666666666666666,1,7,0.005764170109488487,0.00018459666666666662,0.00023333333333333333,0.00571543344282182,False
BCHUSDT,2026-02-22 00:00:00+00:00,2026-03-01 00:00:00+00:00,0.16666666666666666,1,7,-0.031519946077301034,0.00027379499999999996,0.00023333333333333333,-0.03147948441063437,False
BCHUSDT,2026-03-01 00:00:00+00:00,2026-03-08 00:00:00+00:00,-0.16666666666666666,-1,7,0.0026759998541689423,-0.0003211483333333333,0.00023333333333333333,0.0021215181875022756,False
BEATUSDT,2026-01-04 00:00:00+00:00,2026-02-08 00:00:00+00:00,-0.16666666666666666,-1,35,0.12653345137220184,0.0058079,0.00023333333333333333,0.1321080180388685,False
BEATUSDT,2026-07-05 00:00:00+00:00,2026-07-12 00:00:00+00:00,-0.16666666666666666,-1,7,0.030928431032489285,0.0003589433333333334,0.00023333333333333333,0.031054041032489287,False
BEATUSDT,2026-07-12 00:00:00+00:00,2026-07-19 00:00:00+00:00,0.16666666666666666,1,7,0.0004968767745599696,-0.0004001033333333334,0.00023333333333333333,-0.00013655989210669713,False
BEATUSDT,2026-07-26 00:00:00+00:00,2026-08-02 00:00:00+00:00,0.16666666666666666,1,7,0.06286680592857859,-8.195166666666668e-05,0.00023333333333333333,0.06255152092857859,False
BELUSDT,2022-07-03 00:00:00+00:00,2022-07-10 00:00:00+00:00,-0.16666666666666666,-1,7,0.0032944850700791966,1.3450000000000015e-05,0.00023333333333333333,0.0030746017367458633,False
BELUSDT,2022-07-17 00:00:00+00:00,2022-07-31 00:00:00+00:00,-0.16666666666666666,-1,14,-0.02018600718664132,-0.00027550666666666655,0.00023333333333333333,-0.02069484718664132,False
BERAUSDT,2026-03-22 00:00:00+00:00,2026-04-05 00:00:00+00:00,-0.16666666666666666,-1,14,0.04088404708239418,-0.003376018333333333,0.00023333333333333333,0.03727469541572751,False
BIGTIMEUSDT,2024-01-07 00:00:00+00:00,2024-01-28 00:00:00+00:00,-0.16666666666666666,-1,21,-0.011689291101055727,0.0013857933333333331,0.00023333333333333333,-0.010536831101055728,False
BIGTIMEUSDT,2024-01-28 00:00:00+00:00,2024-02-04 00:00:00+00:00,0.16666666666666666,1,7,-0.019423890063424966,-0.0004883649999999999,0.00023333333333333333,-0.0201455883967583,False
BIOUSDT,2025-09-07 00:00:00+00:00,2025-09-14 00:00:00+00:00,0.16666666666666666,1,7,0.00319296343153197,0.0034710666666666664,0.00023333333333333333,0.006430696764865303,False
BIOUSDT,2025-09-14 00:00:00+00:00,2025-09-21 00:00:00+00:00,-0.16666666666666666,-1,7,-0.013467714921873486,-0.0026212049999999997,0.00023333333333333333,-0.01632225325520682,False
BIOUSDT,2025-09-28 00:00:00+00:00,2025-10-05 00:00:00+00:00,-0.16666666666666666,-1,7,-0.011625247751181603,-0.0016471083333333332,0.00023333333333333333,-0.01350568941784827,False
BLURUSDT,2023-12-10 00:00:00+00:00,2023-12-17 00:00:00+00:00,0.16666666666666666,1,7,-0.01753160345974717,-0.00033258000000000007,0.00023333333333333333,-0.0180975167930805,False
BLURUSDT,2023-12-17 00:00:00+00:00,2023-12-24 00:00:00+00:00,-0.16666666666666666,-1,7,-0.03163804000297421,0.0006787816666666667,0.00023333333333333333,-0.03119259166964088,False
BLZUSDT,2023-09-03 00:00:00+00:00,2023-10-01 00:00:00+00:00,0.16666666666666666,1,28,0.050507703081232494,0.07017107999999998,0.00023333333333333333,0.12044544974789914,False
BLZUSDT,2023-10-08 00:00:00+00:00,2023-10-22 00:00:00+00:00,-0.16666666666666666,-1,14,-0.06587971186106178,0.00038775250000000006,0.00023333333333333333,-0.06572529269439512,False
BLZUSDT,2023-10-22 00:00:00+00:00,2023-11-05 00:00:00+00:00,0.16666666666666666,1,14,0.08282501458653793,-0.0013801716666666662,0.00023333333333333333,0.08121150958653793,False
BNBUSDT,2020-09-13 00:00:00+00:00,2020-10-04 00:00:00+00:00,0.16666666666666666,1,21,-0.0015494594499418182,0.006911541666666668,0.00023333333333333333,0.005128748883391517,False
BNBUSDT,2020-10-11 00:00:00+00:00,2020-10-25 00:00:00+00:00,0.16666666666666666,1,14,0.013340855930510005,0.0016320766666666664,0.00023333333333333333,0.014739599263843337,False
BNBUSDT,2020-12-27 00:00:00+00:00,2021-01-03 00:00:00+00:00,0.16666666666666666,1,7,0.022938279678566837,-0.0020362016666666664,0.00023333333333333333,0.020668744678566837,False
BNBUSDT,2021-02-14 00:00:00+00:00,2021-03-14 00:00:00+00:00,0.16666666666666666,1,28,0.179143570536829,-0.009512131666666665,0.00023333333333333333,0.169398105536829,False
BNBUSDT,2021-04-25 00:00:00+00:00,2021-05-02 00:00:00+00:00,0.16666666666666666,1,7,0.04144181833662848,-0.0010373316666666666,0.00023333333333333333,0.040171153336628476,False
BNBUSDT,2021-06-13 00:00:00+00:00,2021-06-27 00:00:00+00:00,0.16666666666666666,1,14,-0.031140861466821913,0.0008004266666666666,0.00023333333333333333,-0.030573768133488582,False
BNBUSDT,2021-07-18 00:00:00+00:00,2021-08-01 00:00:00+00:00,0.16666666666666666,1,14,0.01798784889984787,0.00151126,0.00023333333333333333,0.01926577556651454,False
BNBUSDT,2021-10-31 00:00:00+00:00,2021-11-07 00:00:00+00:00,0.16666666666666666,1,7,0.03421493748739664,0.00012555666666666664,0.00023333333333333333,0.03410716082072997,False
BNBUSDT,2021-11-21 00:00:00+00:00,2021-11-28 00:00:00+00:00,0.16666666666666666,1,7,-0.0012239092322450795,-0.0004006,0.00023333333333333333,-0.0018578425655784128,False
BNBUSDT,2022-01-02 00:00:00+00:00,2022-01-09 00:00:00+00:00,-0.16666666666666666,-1,7,0.03089603559870548,1.2259999999999998e-05,0.00023333333333333333,0.030674962265372148,False
BNBUSDT,2022-12-18 00:00:00+00:00,2022-12-25 00:00:00+00:00,-0.16666666666666666,-1,7,-0.0017718761203496802,-0.0009663550000000001,0.00023333333333333333,-0.0029715644536830134,False
BNBUSDT,2023-03-19 00:00:00+00:00,2023-04-02 00:00:00+00:00,0.16666666666666666,1,14,-0.008106120145900082,0.0035763849999999996,0.00023333333333333333,-0.004763068479233416,False
BNBUSDT,2023-04-23 00:00:00+00:00,2023-04-30 00:00:00+00:00,0.16666666666666666,1,7,-0.005067856030698444,0.002317141666666666,0.00023333333333333333,-0.0029840476973651115,False
BNBUSDT,2023-06-04 00:00:00+00:00,2023-06-11 00:00:00+00:00,-0.16666666666666666,-1,7,0.036942252939514475,-1.1096666666666665e-05,0.00023333333333333333,0.03669782293951447,False
BNBUSDT,2023-12-03 00:00:00+00:00,2023-12-10 00:00:00+00:00,-0.16666666666666666,-1,7,-0.006274629556922521,0.0009345433333333333,0.00023333333333333333,-0.005573419556922521,False
BNBUSDT,2024-03-24 00:00:00+00:00,2024-04-07 00:00:00+00:00,0.16666666666666666,1,14,0.009918802257840623,-0.00062121,0.00023333333333333333,0.009064258924507289,False
BNBUSDT,2024-04-14 00:00:00+00:00,2024-04-21 00:00:00+00:00,0.16666666666666666,1,7,0.005129456271611099,0.0010210349999999998,0.00023333333333333333,0.0059171579382777655,False
BNBUSDT,2024-04-28 00:00:00+00:00,2024-05-05 00:00:00+00:00,0.16666666666666666,1,7,-0.003063416926847288,0.0013271483333333334,0.00023333333333333333,-0.001969601926847288,False
BNBUSDT,2024-05-12 00:00:00+00:00,2024-05-19 00:00:00+00:00,0.16666666666666666,1,7,-0.0033106430417377633,0.0011148516666666668,0.00023333333333333333,-0.0024291247084044297,False
BNBUSDT,2024-06-16 00:00:00+00:00,2024-06-23 00:00:00+00:00,0.16666666666666666,1,7,-0.004662905639895354,0.0,0.00023333333333333333,-0.0048962389732286875,False
BNBUSDT,2024-12-22 00:00:00+00:00,2024-12-29 00:00:00+00:00,0.16666666666666666,1,7,0.014664376613332492,0.00019728333333333335,0.00023333333333333333,0.014628326613332491,False
BNBUSDT,2025-02-23 00:00:00+00:00,2025-03-02 00:00:00+00:00,0.16666666666666666,1,7,-0.015181676220695606,0.0003825433333333333,0.00023333333333333333,-0.015032466220695605,False
BNBUSDT,2025-03-30 00:00:00+00:00,2025-04-06 00:00:00+00:00,0.16666666666666666,1,7,-0.002624737249695789,0.000490455,0.00023333333333333333,-0.0023676155830291224,False
BNBUSDT,2025-08-31 00:00:00+00:00,2025-09-07 00:00:00+00:00,0.16666666666666666,1,7,-0.00021833217404743088,-1.7026666666666667e-05,0.00023333333333333333,-0.00046869217404743086,False
BNBUSDT,2025-10-05 00:00:00+00:00,2025-10-26 00:00:00+00:00,0.16666666666666666,1,21,-0.005080550610100339,0.00048688833333333326,0.00023333333333333333,-0.004826995610100339,False
BNBUSDT,2026-01-25 00:00:00+00:00,2026-02-01 00:00:00+00:00,0.16666666666666666,1,7,-0.019962823184813867,-6.750833333333333e-05,0.00023333333333333333,-0.020263664851480533,False
BNBUSDT,2026-05-31 00:00:00+00:00,2026-06-07 00:00:00+00:00,0.16666666666666666,1,7,-0.03344413383216736,-9.196e-05,0.00023333333333333333,-0.033769427165500694,False
BNBUSDT,2026-06-21 00:00:00+00:00,2026-06-28 00:00:00+00:00,-0.16666666666666666,-1,7,0.008758958669726091,3.7618333333333325e-05,0.00023333333333333333,0.00856324366972609,False
BNBUSDT,2026-08-16 00:00:00+00:00,2026-08-23 00:00:00+00:00,0.16666666666666666,1,7,0.02401273955181334,-0.0002628616666666666,0.00023333333333333333,0.023516544551813342,False
BNTUSDT,2023-11-12 00:00:00+00:00,2023-11-19 00:00:00+00:00,0.16666666666666666,1,7,-0.05484719692369967,-0.000605955,0.00023333333333333333,-0.05568648525703301,False
BNXUSDT,2025-03-02 00:00:00+00:00,2025-03-09 00:00:00+00:00,0.16666666666666666,1,7,-0.021350546176762686,-0.00041773833333333334,0.00023333333333333333,-0.022001617843429352,False
BOMEUSDT,2024-05-19 00:00:00+00:00,2024-05-26 00:00:00+00:00,0.16666666666666666,1,7,0.020290229143365125,-0.000347795,0.00023333333333333333,0.019709100810031792,False
BOMEUSDT,2024-09-01 00:00:00+00:00,2024-09-08 00:00:00+00:00,-0.16666666666666666,-1,7,0.0070321151716500885,0.00014948833333333335,0.00023333333333333333,0.0069482701716500886,False
BSBUSDT,2026-06-07 00:00:00+00:00,2026-06-21 00:00:00+00:00,-0.16666666666666666,-1,14,-0.09865214909777412,0.0034752549999999996,0.00023333333333333333,-0.09541022743110746,False
BTCUSDT,2020-05-17 00:00:00+00:00,2020-05-24 00:00:00+00:00,0.16666666666666666,1,7,-0.003531914878486956,-0.00015869833333333332,0.00023333333333333333,-0.003923946545153623,False
BTCUSDT,2020-07-12 00:00:00+00:00,2020-07-19 00:00:00+00:00,-0.16666666666666666,-1,7,0.0011138788108517685,0.00035000000000000005,0.00023333333333333333,0.0012305454775184354,False
BTCUSDT,2020-10-04 00:00:00+00:00,2020-10-11 00:00:00+00:00,0.16666666666666666,1,7,0.011969742404285721,-8.888666666666666e-05,0.00023333333333333333,0.011647522404285722,False
BTCUSDT,2020-11-01 00:00:00+00:00,2020-11-15 00:00:00+00:00,0.16666666666666666,1,14,0.027578166432453366,-0.0005634416666666667,0.00023333333333333333,0.026781391432453366,False
BTCUSDT,2020-12-27 00:00:00+00:00,2021-01-03 00:00:00+00:00,0.16666666666666666,1,7,0.03577152627827799,-0.0016037116666666664,0.00023333333333333333,0.033934481278277986,False
BTCUSDT,2021-01-24 00:00:00+00:00,2021-01-31 00:00:00+00:00,-0.16666666666666666,-1,7,-0.011418516459268908,0.0010710316666666666,0.00023333333333333333,-0.010580818125935575,False
BTCUSDT,2021-05-16 00:00:00+00:00,2021-05-23 00:00:00+00:00,-0.16666666666666666,-1,7,0.03333225058778129,0.0005263283333333333,0.00023333333333333333,0.03362524558778129,False
BTCUSDT,2021-06-20 00:00:00+00:00,2021-06-27 00:00:00+00:00,0.16666666666666666,1,7,-0.01518501389820089,0.00014514166666666664,0.00023333333333333333,-0.015273205564867557,False
BTCUSDT,2021-08-01 00:00:00+00:00,2021-08-08 00:00:00+00:00,0.16666666666666666,1,7,0.012678546583960837,-0.00033545333333333336,0.00023333333333333333,0.01210975991729417,False
BTCUSDT,2021-10-17 00:00:00+00:00,2021-10-31 00:00:00+00:00,0.16666666666666666,1,14,0.0026524992137946972,-0.0020953716666666663,0.00023333333333333333,0.00032379421379469774,False
BTCUSDT,2022-03-20 00:00:00+00:00,2022-03-27 00:00:00+00:00,0.16666666666666666,1,7,0.00909061459523434,-0.00020930166666666665,0.00023333333333333333,0.00864797959523434,False
BTCUSDT,2022-06-26 00:00:00+00:00,2022-07-10 00:00:00+00:00,-0.16666666666666666,-1,14,-0.0007611058612133995,0.00027642499999999996,0.00023333333333333333,-0.0007180141945467329,False
BTCUSDT,2022-10-16 00:00:00+00:00,2022-10-23 00:00:00+00:00,0.16666666666666666,1,7,0.001177834672934456,-0.00018999333333333333,0.00023333333333333333,0.0007545080062677893,False
BTCUSDT,2022-12-18 00:00:00+00:00,2022-12-25 00:00:00+00:00,0.16666666666666666,1,7,0.0006053160465407196,-0.00020528333333333333,0.00023333333333333333,0.00016669937987405292,False
BTCUSDT,2023-03-05 00:00:00+00:00,2023-03-12 00:00:00+00:00,0.16666666666666666,1,7,-0.014091727182370912,-0.000106125,0.00023333333333333333,-0.014431185515704246,False
BTCUSDT,2023-03-19 00:00:00+00:00,2023-04-02 00:00:00+00:00,0.16666666666666666,1,14,0.009518588719168589,-0.0003430633333333334,0.00023333333333333333,0.008942192052501921,False
BTCUSDT,2023-04-30 00:00:00+00:00,2023-05-07 00:00:00+00:00,0.16666666666666666,1,7,-0.002138339375226043,-0.00018974499999999998,0.00023333333333333333,-0.002561417708559376,False
BTCUSDT,2023-06-25 00:00:00+00:00,2023-07-02 00:00:00+00:00,0.16666666666666666,1,7,0.0002697313388502579,-0.0003329566666666667,0.00023333333333333333,-0.00029655866114974215,False
BTCUSDT,2025-06-08 00:00:00+00:00,2025-06-15 00:00:00+00:00,0.16666666666666666,1,7,-0.00023331674683474413,-0.00012920166666666665,0.00023333333333333333,-0.0005958517468347441,False
BTCUSDT,2025-06-29 00:00:00+00:00,2025-07-06 00:00:00+00:00,0.16666666666666666,1,7,0.0014181467456290489,-0.00012505833333333331,0.00023333333333333333,0.0010597550789623823,False
BTCUSDT,2025-10-05 00:00:00+00:00,2025-10-12 00:00:00+00:00,0.16666666666666666,1,7,-0.0160260916285771,-0.00021409666666666666,0.00023333333333333333,-0.016473521628577098,False
BTWUSDT,2026-09-13 00:00:00+00:00,2026-09-15 00:00:00+00:00,0.16666666666666666,1,2,0.010151776788148676,-0.0010268983333333332,0.00023333333333333333,0.00889154512148201,False
CFXUSDT,2023-04-02 00:00:00+00:00,2023-04-09 00:00:00+00:00,0.16666666666666666,1,7,-0.011624968410411957,-0.00019417166666666668,0.00023333333333333333,-0.012052473410411957,False
CFXUSDT,2023-04-23 00:00:00+00:00,2023-04-30 00:00:00+00:00,-0.16666666666666666,-1,7,-0.017194875252865817,0.00015121833333333335,0.00023333333333333333,-0.017276990252865814,False
CFXUSDT,2023-05-28 00:00:00+00:00,2023-06-04 00:00:00+00:00,0.16666666666666666,1,7,-0.025177973199330034,-0.00029671,0.00023333333333333333,-0.025708016532663365,False
CFXUSDT,2023-06-11 00:00:00+00:00,2023-06-25 00:00:00+00:00,-0.16666666666666666,-1,14,-0.055091044221478924,0.0004942066666666667,0.00023333333333333333,-0.054830170888145596,False
CFXUSDT,2023-07-16 00:00:00+00:00,2023-07-30 00:00:00+00:00,-0.16666666666666666,-1,14,0.008808651665794512,0.0006103283333333334,0.00023333333333333333,0.009185646665794512,False
CHRUSDT,2021-08-15 00:00:00+00:00,2021-08-22 00:00:00+00:00,-0.16666666666666666,-1,7,-0.032355265757755415,0.0011022983333333334,0.00023333333333333333,-0.031486300757755416,False
CHRUSDT,2021-12-05 00:00:00+00:00,2021-12-26 00:00:00+00:00,-0.16666666666666666,-1,21,-0.033754963965289056,0.0006990733333333334,0.00023333333333333333,-0.03328922396528906,False
CHRUSDT,2021-12-26 00:00:00+00:00,2022-01-02 00:00:00+00:00,0.16666666666666666,1,7,0.020976027397260306,-0.000335765,0.00023333333333333333,0.020406929063926972,False
CHZUSDT,2021-04-04 00:00:00+00:00,2021-04-18 00:00:00+00:00,-0.16666666666666666,-1,14,-0.060991296933345075,0.012301803333333331,0.00023333333333333333,-0.04892282693334508,False
CHZUSDT,2021-05-09 00:00:00+00:00,2021-05-16 00:00:00+00:00,-0.16666666666666666,-1,7,0.02166181050939414,0.0013127949999999996,0.00023333333333333333,0.022741272176060808,False
CHZUSDT,2021-05-23 00:00:00+00:00,2021-05-30 00:00:00+00:00,-0.16666666666666666,-1,7,-0.012151060827828093,0.00025263833333333334,0.00023333333333333333,-0.012131755827828094,False
CHZUSDT,2021-07-25 00:00:00+00:00,2021-08-01 00:00:00+00:00,0.16666666666666666,1,7,0.011439818360135856,-0.0003410866666666667,0.00023333333333333333,0.010865398360135855,False
CHZUSDT,2022-09-04 00:00:00+00:00,2022-09-11 00:00:00+00:00,0.16666666666666666,1,7,-0.011752235229053368,-0.00011478666666666666,0.00023333333333333333,-0.012100355229053368,False
CHZUSDT,2022-09-25 00:00:00+00:00,2022-10-09 00:00:00+00:00,0.16666666666666666,1,14,-0.03140551952948274,-0.0004802666666666666,0.00023333333333333333,-0.032119119529482744,False
CHZUSDT,2022-10-16 00:00:00+00:00,2022-10-30 00:00:00+00:00,-0.16666666666666666,-1,14,-0.015727634378758494,0.0003523333333333334,0.00023333333333333333,-0.015608634378758493,False
CHZUSDT,2022-11-13 00:00:00+00:00,2022-11-27 00:00:00+00:00,0.16666666666666666,1,14,-0.03292544859566683,0.00023730999999999996,0.00023333333333333333,-0.03292147192900017,False
CHZUSDT,2022-12-04 00:00:00+00:00,2023-01-08 00:00:00+00:00,-0.16666666666666666,-1,35,0.057019137596899264,-0.00043699833333333323,0.00023333333333333333,0.056348805930232594,False
CKBUSDT,2024-03-03 00:00:00+00:00,2024-03-10 00:00:00+00:00,0.16666666666666666,1,7,0.07176894841908679,-0.002681508333333334,0.00023333333333333333,0.06885410675242012,False
COAIUSDT,2025-11-02 00:00:00+00:00,2025-12-07 00:00:00+00:00,-0.16666666666666666,-1,35,0.10696173351775008,0.003943703333333334,0.00023333333333333333,0.11067210351775009,False
COMPUSDT,2020-08-02 00:00:00+00:00,2020-08-16 00:00:00+00:00,-0.16666666666666666,-1,14,-0.07028476197376998,-0.004875175000000001,0.00023333333333333333,-0.07539327030710331,False
COMPUSDT,2020-08-30 00:00:00+00:00,2020-09-06 00:00:00+00:00,0.16666666666666666,1,7,-0.03086004825922095,0.009433061666666666,0.00023333333333333333,-0.021660319925887617,False
COMPUSDT,2020-10-18 00:00:00+00:00,2020-10-25 00:00:00+00:00,-0.16666666666666666,-1,7,-0.0032302871725296,0.00035000000000000005,0.00023333333333333333,-0.0031136205058629332,False
COMPUSDT,2023-08-06 00:00:00+00:00,2023-09-03 00:00:00+00:00,-0.16666666666666666,-1,28,0.04958557931953861,0.00038304666666666675,0.00023333333333333333,0.04973529265287194,False
CRVUSDT,2020-10-04 00:00:00+00:00,2020-11-01 00:00:00+00:00,-0.16666666666666666,-1,28,0.07613438045375216,-0.018295974999999996,0.00023333333333333333,0.057605072120418835,False
CRVUSDT,2020-11-15 00:00:00+00:00,2020-11-29 00:00:00+00:00,0.16666666666666666,1,14,-0.023943661971831065,0.0018378116666666667,0.00023333333333333333,-0.02233918363849773,False
CRVUSDT,2020-12-13 00:00:00+00:00,2020-12-20 00:00:00+00:00,-0.16666666666666666,-1,7,-0.020236087689713373,0.0020071716666666666,0.00023333333333333333,-0.018462249356380037,False
CRVUSDT,2020-12-27 00:00:00+00:00,2021-01-03 00:00:00+00:00,-0.16666666666666666,-1,7,-0.05070921985815602,-0.0029121066666666666,0.00023333333333333333,-0.05385465985815602,False
CRVUSDT,2021-02-07 00:00:00+00:00,2021-02-14 00:00:00+00:00,0.16666666666666666,1,7,0.007501320655044977,-0.006488878333333332,0.00023333333333333333,0.0007791089883783112,False
CRVUSDT,2021-02-28 00:00:00+00:00,2021-03-07 00:00:00+00:00,-0.16666666666666666,-1,7,-0.00732039496084443,1.62e-05,0.00023333333333333333,-0.007537528294177764,False
CRVUSDT,2022-03-13 00:00:00+00:00,2022-03-27 00:00:00+00:00,-0.16666666666666666,-1,14,-0.03681188787571769,0.00026107999999999996,0.00023333333333333333,-0.036784141209051026,False
CRVUSDT,2022-08-21 00:00:00+00:00,2022-08-28 00:00:00+00:00,-0.16666666666666666,-1,7,-0.008016032064128301,-0.0007295816666666668,0.00023333333333333333,-0.008978947064128301,False
CRVUSDT,2022-12-11 00:00:00+00:00,2022-12-18 00:00:00+00:00,0.16666666666666666,1,7,-0.020637408568443018,0.00032459666666666666,0.00023333333333333333,-0.020546145235109683,False
CRVUSDT,2022-12-18 00:00:00+00:00,2022-12-25 00:00:00+00:00,-0.16666666666666666,-1,7,0.010733452593917742,-0.0007665733333333333,0.00023333333333333333,0.009733545927251076,False
CRVUSDT,2023-09-03 00:00:00+00:00,2023-09-10 00:00:00+00:00,-0.16666666666666666,-1,7,-0.0026758409785933393,0.00010583499999999999,0.00023333333333333333,-0.0028033393119266726,False
CTSIUSDT,2023-05-07 00:00:00+00:00,2023-05-14 00:00:00+00:00,0.16666666666666666,1,7,-0.030793492695883124,-0.00026772833333333333,0.00023333333333333333,-0.03129455436254979,False
CTSIUSDT,2023-05-14 00:00:00+00:00,2023-05-21 00:00:00+00:00,-0.16666666666666666,-1,7,-0.024842190999796343,-0.0028497916666666667,0.00023333333333333333,-0.027925315999796342,False
CYBERUSDT,2023-10-22 00:00:00+00:00,2023-10-29 00:00:00+00:00,-0.16666666666666666,-1,7,-0.07007310623736203,0.0004111133333333333,0.00023333333333333333,-0.06989532623736203,False
CYSUSDT,2026-09-06 00:00:00+00:00,2026-09-15 00:00:00+00:00,-0.16666666666666666,-1,9,0.06374340235485179,0.00046799000000000005,0.00023333333333333333,0.06397805902151846,False
DASHUSDT,2020-04-05 00:00:00+00:00,2020-04-12 00:00:00+00:00,0.16666666666666666,1,7,0.015961070559610713,-0.0003959450000000001,0.00023333333333333333,0.01533179222627738,False
DASHUSDT,2020-05-10 00:00:00+00:00,2020-06-07 00:00:00+00:00,-0.16666666666666666,-1,28,0.00282131661442007,0.001525688333333333,0.00023333333333333333,0.00411367161442007,False
DASHUSDT,2020-06-21 00:00:00+00:00,2020-06-28 00:00:00+00:00,-0.16666666666666666,-1,7,0.009595533033033028,0.0003586916666666667,0.00023333333333333333,0.00972089136636636,False
DASHUSDT,2025-12-07 00:00:00+00:00,2025-12-21 00:00:00+00:00,-0.16666666666666666,-1,14,0.025895433115192452,-0.0013395233333333336,0.00023333333333333333,0.024322576448525784,False
DASHUSDT,2026-02-08 00:00:00+00:00,2026-02-15 00:00:00+00:00,-0.16666666666666666,-1,7,-0.01493753394894078,-0.00012789333333333334,0.00023333333333333333,-0.015298760615607447,False
DASHUSDT,2026-03-01 00:00:00+00:00,2026-03-08 00:00:00+00:00,-0.16666666666666666,-1,7,0.005379618351603721,0.00011316666666666665,0.00023333333333333333,0.005259451684937054,False
DEXEUSDT,2026-08-02 00:00:00+00:00,2026-08-23 00:00:00+00:00,-0.16666666666666666,-1,21,0.03257608229747107,-0.024261601666666667,0.00023333333333333333,0.008081147297471065,False
DOGEUSDT,2021-02-07 00:00:00+00:00,2021-02-21 00:00:00+00:00,0.16666666666666666,1,14,-0.010285998105666863,-0.013715586666666666,0.00023333333333333333,-0.024234918105666865,False
DOGEUSDT,2021-03-14 00:00:00+00:00,2021-03-21 00:00:00+00:00,0.16666666666666666,1,7,-0.010243226895036761,-0.003835081666666667,0.00023333333333333333,-0.014311641895036762,False
DOGEUSDT,2021-05-02 00:00:00+00:00,2021-05-16 00:00:00+00:00,0.16666666666666666,1,14,0.04989070116522949,-0.0030677866666666675,0.00023333333333333333,0.04658958116522949,False
DOGEUSDT,2021-07-04 00:00:00+00:00,2021-08-01 00:00:00+00:00,-0.16666666666666666,-1,28,0.026090311053358295,0.0010937183333333332,0.00023333333333333333,0.026950696053358297,False
DOGEUSDT,2021-09-12 00:00:00+00:00,2021-09-26 00:00:00+00:00,-0.16666666666666666,-1,14,0.022633915605161682,0.00070083,0.00023333333333333333,0.02310141227182835,False
DOGEUSDT,2022-11-06 00:00:00+00:00,2022-11-20 00:00:00+00:00,0.16666666666666666,1,14,-0.05344268446302698,-0.00021629166666666666,0.00023333333333333333,-0.053892309463026984,False
DOGEUSDT,2023-04-09 00:00:00+00:00,2023-04-16 00:00:00+00:00,0.16666666666666666,1,7,0.015602575142493968,-0.00034653666666666663,0.00023333333333333333,0.015022705142493969,False
DOGEUSDT,2023-08-13 00:00:00+00:00,2023-08-20 00:00:00+00:00,0.16666666666666666,1,7,-0.02804591703626404,-6.9645e-05,0.00023333333333333333,-0.028348895369597372,False
DOGEUSDT,2023-12-31 00:00:00+00:00,2024-01-07 00:00:00+00:00,-0.16666666666666666,-1,7,0.017578920099182122,0.0008667966666666666,0.00023333333333333333,0.018212383432515456,False
DOGEUSDT,2024-03-10 00:00:00+00:00,2024-03-24 00:00:00+00:00,0.16666666666666666,1,14,-0.015818483138744528,-0.0024619916666666665,0.00023333333333333333,-0.018513808138744526,False
DOGEUSDT,2024-04-07 00:00:00+00:00,2024-04-14 00:00:00+00:00,0.16666666666666666,1,7,-0.029852218515728703,-0.0005479883333333334,0.00023333333333333333,-0.030633540182395367,False
DOGEUSDT,2024-10-20 00:00:00+00:00,2024-12-08 00:00:00+00:00,0.16666666666666666,1,49,0.3579843992315347,-0.004434646666666667,0.00023333333333333333,0.35331641923153473,False
DOGEUSDT,2025-09-14 00:00:00+00:00,2025-09-21 00:00:00+00:00,0.16666666666666666,1,7,-0.012592746209502754,-0.00020981499999999997,0.00023333333333333333,-0.013035894542836088,False
DOGEUSDT,2026-05-03 00:00:00+00:00,2026-05-10 00:00:00+00:00,0.16666666666666666,1,7,0.00036883356385430943,-7.137999999999998e-05,0.00023333333333333333,6.412023052097612e-05,False
DOGSUSDT,2024-10-06 00:00:00+00:00,2024-11-03 00:00:00+00:00,-0.16666666666666666,-1,28,0.026485979462875266,0.0012904199999999996,0.00023333333333333333,0.027543066129541934,False
DOTUSDT,2021-01-03 00:00:00+00:00,2021-01-10 00:00:00+00:00,0.16666666666666666,1,7,0.009931618365353351,-0.004144235,0.00023333333333333333,0.005554050032020018,False
DOTUSDT,2021-01-17 00:00:00+00:00,2021-01-24 00:00:00+00:00,0.16666666666666666,1,7,0.007689735874289523,-0.0012198966666666666,0.00023333333333333333,0.0062365058742895225,False
DOTUSDT,2021-04-25 00:00:00+00:00,2021-05-09 00:00:00+00:00,-0.16666666666666666,-1,14,-0.06296551724137933,0.0036383633333333327,0.00023333333333333333,-0.059560487241379335,False
DOTUSDT,2021-06-06 00:00:00+00:00,2021-06-13 00:00:00+00:00,-0.16666666666666666,-1,7,0.021188641372243484,0.00021586166666666667,0.00023333333333333333,0.02117116970557682,False
DOTUSDT,2021-07-04 00:00:00+00:00,2021-07-11 00:00:00+00:00,-0.16666666666666666,-1,7,0.00265266232789918,0.00031776000000000005,0.00023333333333333333,0.0027370889945658467,False
DOTUSDT,2021-08-15 00:00:00+00:00,2021-08-22 00:00:00+00:00,0.16666666666666666,1,7,0.03668781448260772,-0.00092963,0.00023333333333333333,0.03552485114927438,False
DOTUSDT,2021-09-19 00:00:00+00:00,2021-09-26 00:00:00+00:00,0.16666666666666666,1,7,-0.024317096466093608,-0.0002942266666666667,0.00023333333333333333,-0.024844656466093608,False
DOTUSDT,2021-10-24 00:00:00+00:00,2021-10-31 00:00:00+00:00,0.16666666666666666,1,7,-0.004540458593898048,-0.0007448116666666667,0.00023333333333333333,-0.005518603593898048,False
DOTUSDT,2021-11-28 00:00:00+00:00,2021-12-05 00:00:00+00:00,-0.16666666666666666,-1,7,0.027363467304262052,-0.0003421866666666666,0.00023333333333333333,0.026787947304262053,False
DOTUSDT,2021-12-12 00:00:00+00:00,2021-12-19 00:00:00+00:00,-0.16666666666666666,-1,7,0.01395583051579019,7.135166666666668e-05,0.00023333333333333333,0.013793848849123524,False
DOTUSDT,2022-02-27 00:00:00+00:00,2022-03-06 00:00:00+00:00,-0.16666666666666666,-1,7,0.006585641082560989,-0.00017802833333333332,0.00023333333333333333,0.006174279415894322,False
DOTUSDT,2022-03-13 00:00:00+00:00,2022-03-20 00:00:00+00:00,0.16666666666666666,1,7,0.01149837313185901,0.0002668533333333333,0.00023333333333333333,0.011531893131859011,False
DYDXUSDT,2021-11-07 00:00:00+00:00,2021-11-21 00:00:00+00:00,-0.16666666666666666,-1,14,0.018688241366959547,0.002125503333333334,0.00023333333333333333,0.02058041136695955,False
DYDXUSDT,2022-03-06 00:00:00+00:00,2022-03-20 00:00:00+00:00,-0.16666666666666666,-1,14,-0.003148328464784115,0.0004927166666666667,0.00023333333333333333,-0.0028889451314507817,False
DYDXUSDT,2022-08-21 00:00:00+00:00,2022-09-04 00:00:00+00:00,-0.16666666666666666,-1,14,0.0037570444583593745,-0.0011891266666666667,0.00023333333333333333,0.0023345844583593746,False
DYDXUSDT,2022-12-11 00:00:00+00:00,2022-12-18 00:00:00+00:00,-0.16666666666666666,-1,7,0.019186890686579545,-0.0005013533333333333,0.00023333333333333333,0.01845220401991288,False
DYDXUSDT,2022-12-25 00:00:00+00:00,2023-01-01 00:00:00+00:00,-0.16666666666666666,-1,7,0.014876033057851196,-8.904166666666667e-05,0.00023333333333333333,0.014553658057851197,False
DYDXUSDT,2023-01-08 00:00:00+00:00,2023-01-15 00:00:00+00:00,-0.16666666666666666,-1,7,-0.044407894736842105,0.000328065,0.00023333333333333333,-0.04431316307017544,False
DYDXUSDT,2023-01-29 00:00:00+00:00,2023-02-26 00:00:00+00:00,0.16666666666666666,1,28,0.03925409955013792,-0.001647183333333333,0.00023333333333333333,0.03737358288347126,False
DYDXUSDT,2023-03-12 00:00:00+00:00,2023-03-19 00:00:00+00:00,-0.16666666666666666,-1,7,-0.06982942430703634,0.00018973833333333335,0.00023333333333333333,-0.06987301930703635,False
DYDXUSDT,2023-04-16 00:00:00+00:00,2023-05-07 00:00:00+00:00,0.16666666666666666,1,21,-0.028940027894002757,-0.0010411733333333332,0.00023333333333333333,-0.030214534560669422,False
DYDXUSDT,2023-12-10 00:00:00+00:00,2023-12-17 00:00:00+00:00,-0.16666666666666666,-1,7,-0.012103648141834289,0.0006873749999999999,0.00023333333333333333,-0.011649606475167622,False
DYDXUSDT,2023-12-24 00:00:00+00:00,2023-12-31 00:00:00+00:00,-0.16666666666666666,-1,7,0.007063040269871368,0.0014602966666666668,0.00023333333333333333,0.0082900036032047,False
EDUUSDT,2023-06-04 00:00:00+00:00,2023-06-11 00:00:00+00:00,-0.16666666666666666,-1,7,0.046136309095272346,7.44016666666667e-05,0.00023333333333333333,0.04597737742860568,False
EDUUSDT,2023-06-18 00:00:00+00:00,2023-07-02 00:00:00+00:00,-0.16666666666666666,-1,14,0.024072409808704565,0.00044804333333333334,0.00023333333333333333,0.024287119808704564,False
ENAUSDT,2024-06-30 00:00:00+00:00,2024-07-07 00:00:00+00:00,-0.16666666666666666,-1,7,0.025992632009823952,-0.0023564566666666666,0.00023333333333333333,0.023402842009823954,False
ENAUSDT,2025-01-05 00:00:00+00:00,2025-01-12 00:00:00+00:00,0.16666666666666666,1,7,-0.043997621750175686,0.00067181,0.00023333333333333333,-0.04355914508350902,False
ENAUSDT,2025-02-23 00:00:00+00:00,2025-03-02 00:00:00+00:00,-0.16666666666666666,-1,7,0.01737509321401942,-0.0025533816666666667,0.00023333333333333333,0.014588378214019423,False
ENAUSDT,2025-04-20 00:00:00+00:00,2025-04-27 00:00:00+00:00,-0.16666666666666666,-1,7,-0.046741546741546736,-0.00016314833333333332,0.00023333333333333333,-0.047138028408213406,False
ENAUSDT,2025-05-04 00:00:00+00:00,2025-05-11 00:00:00+00:00,-0.16666666666666666,-1,7,-0.07277720562993484,9.685500000000001e-05,0.00023333333333333333,-0.07291368396326817,False
ENAUSDT,2025-06-29 00:00:00+00:00,2025-07-13 00:00:00+00:00,-0.16666666666666666,-1,14,-0.03608701119074549,0.00026503500000000005,0.00023333333333333333,-0.03605530952407883,False
ENAUSDT,2025-07-20 00:00:00+00:00,2025-08-31 00:00:00+00:00,0.16666666666666666,1,42,0.08452380952380956,0.0016489299999999998,0.00023333333333333333,0.08593940619047621,False
ENAUSDT,2025-09-28 00:00:00+00:00,2025-10-05 00:00:00+00:00,-0.16666666666666666,-1,7,-0.003114725731095354,-5.266666666666651e-06,0.00023333333333333333,-0.003353325731095354,False
ENAUSDT,2025-11-09 00:00:00+00:00,2025-11-23 00:00:00+00:00,-0.16666666666666666,-1,14,0.04553023207409718,-0.0011243933333333334,0.00023333333333333333,0.04417250540743051,False
ENAUSDT,2026-07-26 00:00:00+00:00,2026-08-02 00:00:00+00:00,0.16666666666666666,1,7,-0.013102298716905084,4.4028333333333306e-05,0.00023333333333333333,-0.013291603716905085,False
ENAUSDT,2026-09-06 00:00:00+00:00,2026-09-13 00:00:00+00:00,0.16666666666666666,1,7,-0.028631583032561005,-0.00010705166666666666,0.00023333333333333333,-0.028971968032561003,False
ENJUSDT,2026-05-03 00:00:00+00:00,2026-05-10 00:00:00+00:00,0.16666666666666666,1,7,-0.013634140376620214,0.0031210999999999995,0.00023333333333333333,-0.010746373709953547,False
ENJUSDT,2026-05-10 00:00:00+00:00,2026-05-24 00:00:00+00:00,-0.16666666666666666,-1,14,0.026501531495538667,-0.00672431,0.00023333333333333333,0.019543888162205335,False
ENSUSDT,2024-08-04 00:00:00+00:00,2024-08-11 00:00:00+00:00,-0.16666666666666666,-1,7,0.011626028083442356,0.00013758666666666665,0.00023333333333333333,0.011530281416775688,False
EOSUSDT,2020-05-24 00:00:00+00:00,2020-05-31 00:00:00+00:00,-0.16666666666666666,-1,7,-0.013796693999739706,0.00035000000000000005,0.00023333333333333333,-0.01368002733307304,False
EOSUSDT,2021-01-31 00:00:00+00:00,2021-02-07 00:00:00+00:00,-0.16666666666666666,-1,7,-0.01607589184276296,0.004129803333333333,0.00023333333333333333,-0.012179421842762958,False
EOSUSDT,2021-03-07 00:00:00+00:00,2021-03-14 00:00:00+00:00,-0.16666666666666666,-1,7,-0.025517056137523454,0.0018799783333333332,0.00023333333333333333,-0.023870411137523452,False
EOSUSDT,2021-05-16 00:00:00+00:00,2021-05-23 00:00:00+00:00,0.16666666666666666,1,7,-0.08360196672202143,0.0003179333333333333,0.00023333333333333333,-0.08351736672202142,False
EOSUSDT,2021-06-20 00:00:00+00:00,2021-06-27 00:00:00+00:00,-0.16666666666666666,-1,7,0.03329596412556053,0.00018062666666666667,0.00023333333333333333,0.033243257458893866,False
EOSUSDT,2022-09-04 00:00:00+00:00,2022-09-18 00:00:00+00:00,0.16666666666666666,1,14,-0.0051637002856515695,0.000501215,0.00023333333333333333,-0.004895818618984903,False
EOSUSDT,2022-09-25 00:00:00+00:00,2022-10-16 00:00:00+00:00,-0.16666666666666666,-1,21,0.020328599275967696,-0.0002672950000000001,0.00023333333333333333,0.019827970942634363,False
EOSUSDT,2023-04-30 00:00:00+00:00,2023-05-07 00:00:00+00:00,-0.16666666666666666,-1,7,0.009436980166346753,0.00033940833333333335,0.00023333333333333333,0.009543055166346752,False
EOSUSDT,2025-05-18 00:00:00+00:00,2025-05-22 00:00:00+00:00,0.16666666666666666,1,4,-0.012598099958694764,-7.631166666666666e-05,0.0003,-0.012974411625361431,True
ESPORTSUSDT,2026-08-02 00:00:00+00:00,2026-08-09 00:00:00+00:00,0.16666666666666666,1,7,-0.011508736559139754,-0.005402,0.00023333333333333333,-0.017144069892473086,False
ESPORTSUSDT,2026-08-09 00:00:00+00:00,2026-09-06 00:00:00+00:00,-0.16666666666666666,-1,28,0.033026529507309166,0.016267853333333332,0.00023333333333333333,0.04906104950730916,False
ETCUSDT,2020-05-24 00:00:00+00:00,2020-05-31 00:00:00+00:00,-0.16666666666666666,-1,7,-0.023773201118738818,0.0003170116666666667,0.00023333333333333333,-0.023689522785405485,False
ETCUSDT,2020-06-14 00:00:00+00:00,2020-07-12 00:00:00+00:00,-0.16666666666666666,-1,28,-0.00043636736998812575,0.0014209116666666665,0.00023333333333333333,0.0007512109633452074,False
ETCUSDT,2020-08-23 00:00:00+00:00,2020-08-30 00:00:00+00:00,-0.16666666666666666,-1,7,0.00682030826808494,0.0019648033333333334,0.00023333333333333333,0.008551778268084939,False
ETCUSDT,2021-05-02 00:00:00+00:00,2021-05-30 00:00:00+00:00,0.16666666666666666,1,28,0.07229197796561022,0.0018768733333333332,0.00023333333333333333,0.07393551796561022,False
ETCUSDT,2021-07-04 00:00:00+00:00,2021-07-11 00:00:00+00:00,0.16666666666666666,1,7,-0.022611547170696817,0.0005396983333333333,0.00023333333333333333,-0.022305182170696814,False
ETCUSDT,2022-03-20 00:00:00+00:00,2022-04-17 00:00:00+00:00,0.16666666666666666,1,28,0.02027821892829836,-0.0005346433333333334,0.00023333333333333333,0.019510242261631693,False
ETCUSDT,2022-08-07 00:00:00+00:00,2022-08-21 00:00:00+00:00,0.16666666666666666,1,14,-0.0224716625240185,-9.495833333333334e-05,0.00023333333333333333,-0.022799954190685163,False
ETCUSDT,2022-09-11 00:00:00+00:00,2022-09-18 00:00:00+00:00,0.16666666666666666,1,7,-0.020531308653299014,0.0013569866666666667,0.00023333333333333333,-0.01940765531996568,False
ETCUSDT,2022-10-02 00:00:00+00:00,2022-10-16 00:00:00+00:00,-0.16666666666666666,-1,14,0.028849180407254094,-0.0008784983333333333,0.00023333333333333333,0.027737348740587427,False
ETCUSDT,2022-12-04 00:00:00+00:00,2022-12-11 00:00:00+00:00,-0.16666666666666666,-1,7,0.0006766956431211353,-0.000267475,0.00023333333333333333,0.00017588730978780197,False
ETCUSDT,2023-01-08 00:00:00+00:00,2023-01-15 00:00:00+00:00,0.16666666666666666,1,7,0.020661569979513256,-0.0003286183333333333,0.00023333333333333333,0.020099618312846592,False
ETHFIUSDT,2024-05-05 00:00:00+00:00,2024-05-12 00:00:00+00:00,-0.16666666666666666,-1,7,0.017184265010351973,-0.0007993633333333332,0.00023333333333333333,0.016151568343685307,False
ETHFIUSDT,2024-05-19 00:00:00+00:00,2024-05-26 00:00:00+00:00,-0.16666666666666666,-1,7,-0.07257828504536137,-0.0006680416666666666,0.00023333333333333333,-0.07347966004536137,False
ETHFIUSDT,2024-05-26 00:00:00+00:00,2024-06-02 00:00:00+00:00,0.16666666666666666,1,7,-0.002990146109412191,-0.00017336499999999998,0.00023333333333333333,-0.0033968444427455243,False
ETHUSDT,2020-04-19 00:00:00+00:00,2020-04-26 00:00:00+00:00,0.16666666666666666,1,7,0.0059549203640500235,-0.00035000000000000005,0.00023333333333333333,0.00537158703071669,False
ETHUSDT,2020-06-14 00:00:00+00:00,2020-06-21 00:00:00+00:00,0.16666666666666666,1,7,-0.006508776350046153,-0.00035000000000000005,0.00023333333333333333,-0.007092109683379486,False
ETHUSDT,2020-08-02 00:00:00+00:00,2020-08-16 00:00:00+00:00,0.16666666666666666,1,14,0.019595437916935632,-0.0042017516666666655,0.00023333333333333333,0.015160352916935634,False
ETHUSDT,2020-11-08 00:00:00+00:00,2020-11-15 00:00:00+00:00,0.16666666666666666,1,7,0.0097098521715178,-0.0010323833333333334,0.00023333333333333333,0.008444135504851133,False
ETHUSDT,2021-01-10 00:00:00+00:00,2021-01-17 00:00:00+00:00,0.16666666666666666,1,7,-0.006463743658656059,-0.002877648333333333,0.00023333333333333333,-0.009574725325322726,False
ETHUSDT,2021-07-18 00:00:00+00:00,2021-07-25 00:00:00+00:00,0.16666666666666666,1,7,0.02501821565580753,-6.921666666666692e-06,0.00023333333333333333,0.02477796065580753,False
ETHUSDT,2021-08-01 00:00:00+00:00,2021-08-08 00:00:00+00:00,0.16666666666666666,1,7,0.04168626195642007,-0.00033104,0.00023333333333333333,0.04112188862308674,False
ETHUSDT,2022-01-02 00:00:00+00:00,2022-01-09 00:00:00+00:00,-0.16666666666666666,-1,7,0.030258699724957185,0.00027324500000000003,0.00023333333333333333,0.03029861139162385,False
ETHUSDT,2022-06-19 00:00:00+00:00,2022-07-10 00:00:00+00:00,-0.16666666666666666,-1,21,-0.03728703303188511,5.201666666666668e-05,0.00023333333333333333,-0.03746834969855178,False
ETHUSDT,2022-07-17 00:00:00+00:00,2022-08-07 00:00:00+00:00,0.16666666666666666,1,21,0.04112745749039637,-0.00071338,0.00023333333333333333,0.040180744157063034,False
ETHUSDT,2022-10-23 00:00:00+00:00,2022-11-06 00:00:00+00:00,0.16666666666666666,1,14,0.03971656589347994,-0.00027765166666666666,0.00023333333333333333,0.03920558089347993,False
ETHUSDT,2023-02-12 00:00:00+00:00,2023-02-19 00:00:00+00:00,-0.16666666666666666,-1,7,-0.016693330905370136,0.0002500333333333333,0.00023333333333333333,-0.016676630905370134,False
ETHUSDT,2023-03-19 00:00:00+00:00,2023-03-26 00:00:00+00:00,0.16666666666666666,1,7,-0.0016585916945310122,-0.00023582333333333332,0.00023333333333333333,-0.0021277483611976786,False
ETHUSDT,2024-01-21 00:00:00+00:00,2024-01-28 00:00:00+00:00,0.16666666666666666,1,7,-0.013837541358918588,-0.000344795,0.00023333333333333333,-0.014415669692251921,False
ETHUSDT,2024-02-25 00:00:00+00:00,2024-03-03 00:00:00+00:00,0.16666666666666666,1,7,0.02393587119023684,-0.0015116166666666667,0.00023333333333333333,0.022190921190236843,False
ETHUSDT,2024-05-26 00:00:00+00:00,2024-06-02 00:00:00+00:00,0.16666666666666666,1,7,0.00294708836733167,-0.0004507483333333333,0.00023333333333333333,0.002263006700665003,False
ETHUSDT,2024-08-25 00:00:00+00:00,2024-09-01 00:00:00+00:00,-0.16666666666666666,-1,7,0.015332200694042822,0.00011202166666666666,0.00023333333333333333,0.015210889027376155,False
ETHUSDT,2025-05-18 00:00:00+00:00,2025-06-01 00:00:00+00:00,0.16666666666666666,1,14,0.0035696626503751343,-0.00043086999999999997,0.00023333333333333333,0.0029054593170418012,False
ETHUSDT,2025-06-15 00:00:00+00:00,2025-06-22 00:00:00+00:00,0.16666666666666666,1,7,-0.015484294332044604,-0.00016333166666666665,0.00023333333333333333,-0.015880959332044604,False
ETHUSDT,2025-07-27 00:00:00+00:00,2025-08-03 00:00:00+00:00,0.16666666666666666,1,7,-0.015489304812834207,-0.00020404666666666669,0.00023333333333333333,-0.015926684812834206,False
ETHUSDT,2025-08-17 00:00:00+00:00,2025-08-31 00:00:00+00:00,0.16666666666666666,1,14,-0.0018181598804283272,-0.00035879333333333326,0.00023333333333333333,-0.0024102865470949936,False
ETHUSDT,2026-04-12 00:00:00+00:00,2026-04-26 00:00:00+00:00,0.16666666666666666,1,14,0.002506721077474109,0.00011383666666666664,0.00023333333333333333,0.0023872244108074426,False
ETHUSDT,2026-07-19 00:00:00+00:00,2026-08-02 00:00:00+00:00,0.16666666666666666,1,14,-0.0015737881025915852,-0.00018714499999999997,0.00023333333333333333,-0.0019942664359249187,False
EVAAUSDT,2026-08-02 00:00:00+00:00,2026-08-09 00:00:00+00:00,-0.16666666666666666,-1,7,-0.009364391899800983,0.0007540116666666667,0.00023333333333333333,-0.00884371356646765,False
EVAAUSDT,2026-08-09 00:00:00+00:00,2026-08-16 00:00:00+00:00,0.16666666666666666,1,7,-0.02696811851195091,-0.0013314933333333332,0.00023333333333333333,-0.028532945178617576,False
EVAAUSDT,2026-08-30 00:00:00+00:00,2026-09-06 00:00:00+00:00,-0.16666666666666666,-1,7,0.0164395268294877,0.0006035283333333333,0.00023333333333333333,0.0168097218294877,False
FARTCOINUSDT,2025-02-09 00:00:00+00:00,2025-03-16 00:00:00+00:00,-0.16666666666666666,-1,35,0.06353013530135299,0.0023852983333333333,0.00023333333333333333,0.06568210030135298,False
FARTCOINUSDT,2025-03-23 00:00:00+00:00,2025-05-04 00:00:00+00:00,0.16666666666666666,1,42,0.2436651583710408,-0.0016670216666666666,0.00023333333333333333,0.2417648033710408,False
FARTCOINUSDT,2025-05-25 00:00:00+00:00,2025-06-01 00:00:00+00:00,0.16666666666666666,1,7,-0.04157051954408784,-0.0004934733333333333,0.00023333333333333333,-0.04229732621075451,False
FARTCOINUSDT,2025-06-08 00:00:00+00:00,2025-06-15 00:00:00+00:00,-0.16666666666666666,-1,7,-0.030149253731343324,0.000359315,0.00023333333333333333,-0.030023272064676657,False
FARTCOINUSDT,2025-06-29 00:00:00+00:00,2025-07-06 00:00:00+00:00,0.16666666666666666,1,7,0.01236088305053821,-0.00034150833333333334,0.00023333333333333333,0.011786041383871543,False
FARTCOINUSDT,2025-07-13 00:00:00+00:00,2025-07-20 00:00:00+00:00,0.16666666666666666,1,7,0.02316189253523763,-0.000843845,0.00023333333333333333,0.022084714201904297,False
FARTCOINUSDT,2025-08-03 00:00:00+00:00,2025-08-24 00:00:00+00:00,-0.16666666666666666,-1,21,-0.010092015434847093,0.0017302633333333333,0.00023333333333333333,-0.008595085434847095,False
FARTCOINUSDT,2025-08-31 00:00:00+00:00,2025-09-14 00:00:00+00:00,-0.16666666666666666,-1,14,-0.035173642030276064,0.0012739233333333329,0.00023333333333333333,-0.03413305203027607,False
FARTCOINUSDT,2025-09-21 00:00:00+00:00,2025-10-05 00:00:00+00:00,-0.16666666666666666,-1,14,0.025044068962552124,0.0013278766666666663,0.00023333333333333333,0.026138612295885457,False
FILUSDT,2020-12-20 00:00:00+00:00,2020-12-27 00:00:00+00:00,-0.16666666666666666,-1,7,0.027372974506258196,-0.002161545,0.00023333333333333333,0.024978096172924864,False
FILUSDT,2021-03-14 00:00:00+00:00,2021-04-18 00:00:00+00:00,0.16666666666666666,1,35,0.4425970792112524,-0.011811078333333334,0.00023333333333333333,0.43055266754458577,False
FILUSDT,2021-05-02 00:00:00+00:00,2021-06-06 00:00:00+00:00,-0.16666666666666666,-1,35,0.07732480228359662,0.003682956666666667,0.00023333333333333333,0.08077442561692995,False
FILUSDT,2021-08-01 00:00:00+00:00,2021-08-08 00:00:00+00:00,-0.16666666666666666,-1,7,-0.05531102440399538,0.00037413,0.00023333333333333333,-0.055170227737328714,False
FILUSDT,2021-09-26 00:00:00+00:00,2021-10-17 00:00:00+00:00,-0.16666666666666666,-1,21,-0.01728898165634074,0.0017202299999999995,0.00023333333333333333,-0.015802084989674073,False
FILUSDT,2021-10-24 00:00:00+00:00,2021-11-14 00:00:00+00:00,-0.16666666666666666,-1,21,0.004973513982870104,0.00404279,0.00023333333333333333,0.00878297064953677,False
FILUSDT,2023-03-05 00:00:00+00:00,2023-03-12 00:00:00+00:00,0.16666666666666666,1,7,-0.027068177973270175,-0.00020281,0.00023333333333333333,-0.027504321306603508,False
FILUSDT,2023-03-19 00:00:00+00:00,2023-04-02 00:00:00+00:00,-0.16666666666666666,-1,14,0.003401360544217672,0.0004736850000000001,0.00023333333333333333,0.003641712210884339,False
FILUSDT,2024-02-25 00:00:00+00:00,2024-03-03 00:00:00+00:00,0.16666666666666666,1,7,0.025386040765904744,-0.0018724949999999998,0.00023333333333333333,0.023280212432571414,False
FILUSDT,2024-04-21 00:00:00+00:00,2024-05-05 00:00:00+00:00,-0.16666666666666666,-1,14,0.01482317531978929,0.00046416166666666674,0.00023333333333333333,0.015054003653122624,False
FLMUSDT,2023-10-08 00:00:00+00:00,2023-10-22 00:00:00+00:00,-0.16666666666666666,-1,14,0.011540168664003553,0.0006826425000000001,0.00023333333333333333,0.01198947783067022,False
FOLKSUSDT,2026-01-04 00:00:00+00:00,2026-01-18 00:00:00+00:00,-0.16666666666666666,-1,14,0.03271064869551508,0.0033124683333333334,0.00023333333333333333,0.035789783695515075,False
FOLKSUSDT,2026-01-25 00:00:00+00:00,2026-02-08 00:00:00+00:00,-0.16666666666666666,-1,14,0.06796448087431696,0.002794573333333333,0.00023333333333333333,0.07052572087431695,False
FTMUSDT,2021-10-10 00:00:00+00:00,2021-10-31 00:00:00+00:00,0.16666666666666666,1,21,0.03877715787738293,-0.0034247716666666664,0.00023333333333333333,0.03511905287738293,False
FTMUSDT,2021-11-21 00:00:00+00:00,2021-11-28 00:00:00+00:00,-0.16666666666666666,-1,7,0.007422306212750862,0.0007198733333333334,0.00023333333333333333,0.007908846212750863,False
FTMUSDT,2021-12-19 00:00:00+00:00,2021-12-26 00:00:00+00:00,-0.16666666666666666,-1,7,-0.08098153752316602,0.00032899500000000006,0.00023333333333333333,-0.08088587585649935,False
FTMUSDT,2021-12-26 00:00:00+00:00,2022-01-23 00:00:00+00:00,0.16666666666666666,1,28,-0.011470026366061942,-0.0009515933333333335,0.00023333333333333333,-0.01265495303272861,False
FTMUSDT,2022-02-20 00:00:00+00:00,2022-02-27 00:00:00+00:00,-0.16666666666666666,-1,7,0.008292847863612951,-0.00027291499999999993,0.00023333333333333333,0.007786599530279617,False
FTMUSDT,2022-05-01 00:00:00+00:00,2022-05-08 00:00:00+00:00,-0.16666666666666666,-1,7,-2.439857512322637e-05,5.1763333333333374e-05,0.00023333333333333333,-0.0002059685751232263,False
FTMUSDT,2022-07-17 00:00:00+00:00,2022-07-24 00:00:00+00:00,-0.16666666666666666,-1,7,-0.04965211891208095,0.00035000000000000005,0.00023333333333333333,-0.04953545224541428,False
FTMUSDT,2023-01-15 00:00:00+00:00,2023-01-22 00:00:00+00:00,0.16666666666666666,1,7,-0.0025493025493025416,-0.0004358266666666667,0.00023333333333333333,-0.0032184625493025414,False
FTMUSDT,2023-01-29 00:00:00+00:00,2023-02-26 00:00:00+00:00,0.16666666666666666,1,28,0.002971547433325912,-0.0016380749999999997,0.00023333333333333333,0.0011001390999925793,False
FTMUSDT,2023-02-26 00:00:00+00:00,2023-03-19 00:00:00+00:00,-0.16666666666666666,-1,21,-0.009634333260345943,0.0007840400000000001,0.00023333333333333333,-0.009083626593679277,False
FTMUSDT,2023-05-28 00:00:00+00:00,2023-06-04 00:00:00+00:00,-0.16666666666666666,-1,7,0.004894540316883633,0.0003470683333333334,0.00023333333333333333,0.005008275316883633,False
FUNUSDT,2025-07-06 00:00:00+00:00,2025-07-27 00:00:00+00:00,0.16666666666666666,1,21,0.005055032621146519,0.004112503333333333,0.00023333333333333333,0.008934202621146518,False
GALAUSDT,2021-12-05 00:00:00+00:00,2021-12-19 00:00:00+00:00,0.16666666666666666,1,14,-0.02797171500179015,-0.00042055000000000006,0.00023333333333333333,-0.02862559833512348,False
GALAUSDT,2021-12-19 00:00:00+00:00,2022-02-06 00:00:00+00:00,-0.16666666666666666,-1,49,0.0618765910150228,0.0016261266666666666,0.00023333333333333333,0.06326938434835613,False
GALAUSDT,2022-02-13 00:00:00+00:00,2022-02-27 00:00:00+00:00,0.16666666666666666,1,14,-0.032422085624932574,-0.00024140499999999998,0.00023333333333333333,-0.03289682395826591,False
GALAUSDT,2022-03-06 00:00:00+00:00,2022-03-13 00:00:00+00:00,-0.16666666666666666,-1,7,0.012903504229242191,-0.0001511466666666667,0.00023333333333333333,0.012519024229242191,False
GALAUSDT,2022-04-10 00:00:00+00:00,2022-04-17 00:00:00+00:00,-0.16666666666666666,-1,7,0.01712126579289175,0.0003299016666666667,0.00023333333333333333,0.017217834126225084,False
GALAUSDT,2022-04-24 00:00:00+00:00,2022-05-01 00:00:00+00:00,-0.16666666666666666,-1,7,0.05004173103901408,0.000221135,0.00023333333333333333,0.050029532705680745,False
GALAUSDT,2022-05-08 00:00:00+00:00,2022-05-15 00:00:00+00:00,-0.16666666666666666,-1,7,0.04414367900870336,-0.0005538433333333332,0.00023333333333333333,0.043356502342036696,False
GALAUSDT,2023-02-19 00:00:00+00:00,2023-03-05 00:00:00+00:00,-0.16666666666666666,-1,14,0.044192713796237994,0.0004927916666666668,0.00023333333333333333,0.044452172129571324,False
GASUSDT,2023-12-03 00:00:00+00:00,2023-12-17 00:00:00+00:00,-0.16666666666666666,-1,14,0.02083081996219891,0.0029243216666666673,0.00023333333333333333,0.023521808295532246,False
GASUSDT,2023-12-24 00:00:00+00:00,2024-01-07 00:00:00+00:00,-0.16666666666666666,-1,14,0.028675093632958816,0.0034835383333333336,0.00023333333333333333,0.031925298632958815,False
GIGGLEUSDT,2025-12-14 00:00:00+00:00,2026-01-04 00:00:00+00:00,-0.16666666666666666,-1,21,0.008039162849187135,0.0008946366666666668,0.00023333333333333333,0.008700466182520468,False
GMTUSDT,2022-06-05 00:00:00+00:00,2022-06-26 00:00:00+00:00,-0.16666666666666666,-1,21,0.0018212197159565753,-0.00366866,0.00023333333333333333,-0.002080773617376758,False
GMTUSDT,2022-07-03 00:00:00+00:00,2022-07-17 00:00:00+00:00,0.16666666666666666,1,14,0.02523379887117368,0.00118879,0.00023333333333333333,0.026189255537840347,False
GMTUSDT,2022-07-31 00:00:00+00:00,2022-08-14 00:00:00+00:00,-0.16666666666666666,-1,14,0.0005454979373358815,-9.27433333333333e-05,0.00023333333333333333,0.00021942127066921485,False
GMTUSDT,2022-10-23 00:00:00+00:00,2022-11-06 00:00:00+00:00,-0.16666666666666666,-1,14,-0.034750265674814054,-0.0004208766666666667,0.00023333333333333333,-0.03540447567481406,False
GMTUSDT,2023-01-01 00:00:00+00:00,2023-01-08 00:00:00+00:00,-0.16666666666666666,-1,7,-0.023654041503410217,-0.0005204599999999999,0.00023333333333333333,-0.02440783483674355,False
GMTUSDT,2023-02-12 00:00:00+00:00,2023-03-05 00:00:00+00:00,-0.16666666666666666,-1,21,0.0242410338762713,-0.0006852016666666666,0.00023333333333333333,0.023322498876271303,False
GMTUSDT,2023-12-17 00:00:00+00:00,2023-12-24 00:00:00+00:00,-0.16666666666666666,-1,7,-0.011111111111111108,0.000933465,0.00023333333333333333,-0.010410979444444442,False
GOATUSDT,2024-12-08 00:00:00+00:00,2024-12-15 00:00:00+00:00,-0.16666666666666666,-1,7,-0.007030178326474679,0.0013006849999999998,0.00023333333333333333,-0.005962826659808013,False
GOATUSDT,2024-12-22 00:00:00+00:00,2024-12-29 00:00:00+00:00,-0.16666666666666666,-1,7,0.009773449371460166,0.00045341500000000004,0.00023333333333333333,0.009993531038126833,False
GRTUSDT,2021-02-14 00:00:00+00:00,2021-03-07 00:00:00+00:00,0.16666666666666666,1,21,-0.03917504080437221,-0.0023777399999999993,0.00023333333333333333,-0.04178611413770554,False
GRTUSDT,2021-03-14 00:00:00+00:00,2021-03-21 00:00:00+00:00,-0.16666666666666666,-1,7,0.007265430005614451,0.004704704999999999,0.00023333333333333333,0.011736801672281118,False
GRTUSDT,2021-03-28 00:00:00+00:00,2021-04-04 00:00:00+00:00,-0.16666666666666666,-1,7,-0.024059659245550015,0.005555696666666666,0.00023333333333333333,-0.01873729591221668,False
GRTUSDT,2023-03-12 00:00:00+00:00,2023-03-19 00:00:00+00:00,-0.16666666666666666,-1,7,-0.05952589734596051,0.00028111333333333336,0.00023333333333333333,-0.059478117345960514,False
GUNUSDT,2025-05-04 00:00:00+00:00,2025-05-11 00:00:00+00:00,-0.16666666666666666,-1,7,-0.03130423174476034,3.2916666666666676e-05,0.00023333333333333333,-0.03150464841142701,False
HBARUSDT,2025-01-12 00:00:00+00:00,2025-01-19 00:00:00+00:00,0.16666666666666666,1,7,0.035661701763396704,-0.0002642566666666667,0.00023333333333333333,0.035164111763396705,False
HIGHUSDT,2024-07-07 00:00:00+00:00,2024-07-21 00:00:00+00:00,-0.16666666666666666,-1,14,-0.0453481443649983,0.0006510950000000001,0.00023333333333333333,-0.04493038269833164,False
HNTUSDT,2022-10-09 00:00:00+00:00,2022-10-23 00:00:00+00:00,0.16666666666666666,1,14,-0.016212710765239946,-9.590166666666671e-05,0.00023333333333333333,-0.016541945765239943,False
HNTUSDT,2022-10-30 00:00:00+00:00,2022-11-06 00:00:00+00:00,-0.16666666666666666,-1,7,-0.004464285714285698,0.0003889066666666667,0.00023333333333333333,-0.004308712380952365,False
HUSDT,2026-07-05 00:00:00+00:00,2026-07-19 00:00:00+00:00,-0.16666666666666666,-1,14,0.047508643481797785,0.0030517183333333333,0.00023333333333333333,0.050327028481797785,False
HUSDT,2026-07-26 00:00:00+00:00,2026-08-02 00:00:00+00:00,-0.16666666666666666,-1,7,-0.01398912247672838,0.0009987916666666665,0.00023333333333333333,-0.013223664143395047,False
HYPERUSDT,2025-08-03 00:00:00+00:00,2025-08-10 00:00:00+00:00,-0.16666666666666666,-1,7,-0.00849588209796274,-0.001054835,0.00023333333333333333,-0.009784050431296074,False
HYPERUSDT,2025-08-17 00:00:00+00:00,2025-09-07 00:00:00+00:00,-0.16666666666666666,-1,21,0.025885431268105753,-0.0012000233333333335,0.00023333333333333333,0.024452074601439087,False
HYPEUSDT,2025-07-13 00:00:00+00:00,2025-07-20 00:00:00+00:00,0.16666666666666666,1,7,-0.009244708713810426,-0.0006234049999999999,0.00023333333333333333,-0.01010144704714376,False
HYPEUSDT,2025-12-21 00:00:00+00:00,2025-12-28 00:00:00+00:00,-0.16666666666666666,-1,7,-0.013678170501278212,0.00029047000000000003,0.00023333333333333333,-0.013621033834611546,False
HYPEUSDT,2026-02-01 00:00:00+00:00,2026-02-22 00:00:00+00:00,0.16666666666666666,1,21,-0.006879279395483291,-0.00013631833333333334,0.00023333333333333333,-0.007248931062149958,False
HYPEUSDT,2026-03-15 00:00:00+00:00,2026-04-05 00:00:00+00:00,0.16666666666666666,1,21,-0.006315102444015193,-0.000514975,0.00023333333333333333,-0.007063410777348527,False
HYPEUSDT,2026-05-24 00:00:00+00:00,2026-06-07 00:00:00+00:00,0.16666666666666666,1,14,-0.006303176846538527,-0.00027811166666666664,0.00023333333333333333,-0.0068146218465385275,False
HYPEUSDT,2026-08-23 00:00:00+00:00,2026-09-06 00:00:00+00:00,0.16666666666666666,1,14,0.012705935739225849,-0.000511395,0.00023333333333333333,0.011961207405892516,False
ICPUSDT,2021-07-18 00:00:00+00:00,2021-07-25 00:00:00+00:00,0.16666666666666666,1,7,0.057878975629904995,-0.00039218000000000006,0.00023333333333333333,0.05725346229657166,False
ICPUSDT,2021-08-08 00:00:00+00:00,2021-08-15 00:00:00+00:00,0.16666666666666666,1,7,0.006467259498787384,-0.0006815349999999999,0.00023333333333333333,0.005552391165454051,False
ICPUSDT,2021-09-26 00:00:00+00:00,2021-10-03 00:00:00+00:00,-0.16666666666666666,-1,7,-0.013952641165755933,-0.0003425166666666667,0.00023333333333333333,-0.014528491165755934,False
IDUSDT,2023-05-07 00:00:00+00:00,2023-05-28 00:00:00+00:00,-0.16666666666666666,-1,21,0.018365817091454295,0.0007954800000000001,0.00023333333333333333,0.018927963758120964,False
INJUSDT,2024-01-28 00:00:00+00:00,2024-02-04 00:00:00+00:00,-0.16666666666666666,-1,7,0.009596910726854258,0.00030670333333333334,0.00023333333333333333,0.009670280726854257,False
IOSTUSDT,2020-08-02 00:00:00+00:00,2020-08-09 00:00:00+00:00,-0.16666666666666666,-1,7,-0.0022615698604446415,0.0025416466666666666,0.00023333333333333333,4.674347288869188e-05,False
IOTXUSDT,2021-12-05 00:00:00+00:00,2021-12-19 00:00:00+00:00,-0.16666666666666666,-1,14,0.01827583484645136,0.00028175833333333333,0.00023333333333333333,0.018324259846451363,False
IPUSDT,2026-02-08 00:00:00+00:00,2026-03-08 00:00:00+00:00,-0.16666666666666666,-1,28,0.06161381799432848,-0.006373381666666667,0.00023333333333333333,0.05500710299432848,False
JUPUSDT,2025-02-02 00:00:00+00:00,2025-02-09 00:00:00+00:00,0.16666666666666666,1,7,-0.015141671178487673,-1.6800000000000178e-06,0.00023333333333333333,-0.015376684511821007,False
KAITOUSDT,2025-04-06 00:00:00+00:00,2025-04-27 00:00:00+00:00,-0.16666666666666666,-1,21,-0.0122042680848163,0.0004252966666666667,0.00023333333333333333,-0.012012304751482968,False
KAITOUSDT,2025-06-22 00:00:00+00:00,2025-06-29 00:00:00+00:00,-0.16666666666666666,-1,7,-0.02460841620486346,-1.630666666666665e-05,0.00023333333333333333,-0.02485805620486346,False
KAVAUSDT,2020-09-06 00:00:00+00:00,2020-09-13 00:00:00+00:00,-0.16666666666666666,-1,7,-0.05109328160818201,0.00035000000000000005,0.00023333333333333333,-0.05097661494151534,False
KLAYUSDT,2022-11-06 00:00:00+00:00,2022-11-20 00:00:00+00:00,0.16666666666666666,1,14,-0.04110967370993238,-0.0006062216666666667,0.00023333333333333333,-0.04194922870993238,False
KLAYUSDT,2022-11-20 00:00:00+00:00,2022-11-27 00:00:00+00:00,-0.16666666666666666,-1,7,-0.006487311581759266,0.0003300133333333333,0.00023333333333333333,-0.006390631581759266,False
KNCUSDT,2020-08-02 00:00:00+00:00,2020-08-16 00:00:00+00:00,-0.16666666666666666,-1,14,-0.04073036867085037,0.008403953333333334,0.00023333333333333333,-0.032559748670850375,False
KNCUSDT,2022-06-05 00:00:00+00:00,2022-06-12 00:00:00+00:00,0.16666666666666666,1,7,-0.022496498599439786,4.9353333333333314e-05,0.00023333333333333333,-0.022680478599439786,False
KNCUSDT,2022-06-12 00:00:00+00:00,2022-06-19 00:00:00+00:00,-0.16666666666666666,-1,7,0.04047763610605137,-0.00044625833333333337,0.00023333333333333333,0.03979804443938471,False
KSMUSDT,2021-07-04 00:00:00+00:00,2021-07-18 00:00:00+00:00,-0.16666666666666666,-1,14,0.022377103399319177,0.0004860816666666667,0.00023333333333333333,0.02262985173265251,False
KSMUSDT,2021-08-01 00:00:00+00:00,2021-08-08 00:00:00+00:00,-0.16666666666666666,-1,7,-0.03059512424288191,0.00042137,0.00023333333333333333,-0.03040708757621524,False
LABUSDT,2026-06-07 00:00:00+00:00,2026-07-12 00:00:00+00:00,0.16666666666666666,1,35,-0.1596002482929857,0.19165288666666666,0.00023333333333333333,0.031819305040347634,False
LABUSDT,2026-07-12 00:00:00+00:00,2026-08-09 00:00:00+00:00,-0.16666666666666666,-1,28,0.12918716327008664,0.005421141666666665,0.00023333333333333333,0.13437497160341996,False
LABUSDT,2026-08-23 00:00:00+00:00,2026-09-06 00:00:00+00:00,-0.16666666666666666,-1,14,0.002343370031392289,0.0015172166666666668,0.00023333333333333333,0.0036272533647256225,False
LAYERUSDT,2025-05-04 00:00:00+00:00,2025-05-11 00:00:00+00:00,0.16666666666666666,1,7,-0.09804846828082965,0.058981269999999995,0.00023333333333333333,-0.03930053161416299,False
LAYERUSDT,2025-05-11 00:00:00+00:00,2025-06-08 00:00:00+00:00,-0.16666666666666666,-1,28,0.06721471293441894,-0.004524339999999999,0.00023333333333333333,0.062457039601085604,False
LDOUSDT,2023-03-05 00:00:00+00:00,2023-03-12 00:00:00+00:00,0.16666666666666666,1,7,-0.027748390214594465,0.0003884666666666666,0.00023333333333333333,-0.02759325688126113,False
LDOUSDT,2023-03-19 00:00:00+00:00,2023-04-02 00:00:00+00:00,-0.16666666666666666,-1,14,0.00476401954055472,0.000206595,0.00023333333333333333,0.004737281207221387,False
LDOUSDT,2023-04-30 00:00:00+00:00,2023-05-07 00:00:00+00:00,-0.16666666666666666,-1,7,0.020625178418498424,0.00015168333333333335,0.00023333333333333333,0.020543528418498425,False
LENDUSDT,2020-09-06 00:00:00+00:00,2020-09-20 00:00:00+00:00,0.16666666666666666,1,14,0.022226419846367047,0.0004805466666666665,0.00023333333333333333,0.022473633179700383,False
LENDUSDT,2020-09-27 00:00:00+00:00,2020-10-04 00:00:00+00:00,0.16666666666666666,1,7,-0.006331735605657085,0.00047578833333333326,0.00023333333333333333,-0.006089280605657085,False
LIGHTUSDT,2026-01-11 00:00:00+00:00,2026-01-18 00:00:00+00:00,-0.16666666666666666,-1,7,0.012127065893968687,0.0016419816666666666,0.00023333333333333333,0.01353571422730202,False
LINAUSDT,2023-05-21 00:00:00+00:00,2023-05-28 00:00:00+00:00,-0.16666666666666666,-1,7,-0.03473581213307238,-0.00018925666666666654,0.00023333333333333333,-0.03515840213307238,False
LINAUSDT,2023-05-28 00:00:00+00:00,2023-06-11 00:00:00+00:00,0.16666666666666666,1,14,-0.031848852901484516,0.02366938499999999,0.00023333333333333333,-0.00841280123481786,False
LINAUSDT,2023-06-18 00:00:00+00:00,2023-06-25 00:00:00+00:00,0.16666666666666666,1,7,-0.0069096974029068114,0.0014256283333333331,0.00023333333333333333,-0.005717402402906812,False
LINAUSDT,2023-06-25 00:00:00+00:00,2023-07-02 00:00:00+00:00,-0.16666666666666666,-1,7,-0.012055679840914749,-0.0008321583333333334,0.00023333333333333333,-0.013121171507581415,False
LINAUSDT,2023-07-09 00:00:00+00:00,2023-07-16 00:00:00+00:00,-0.16666666666666666,-1,7,-0.010894064613072888,0.00036703833333333335,0.00023333333333333333,-0.010760359613072888,False
LINEAUSDT,2025-10-26 00:00:00+00:00,2025-11-02 00:00:00+00:00,-0.16666666666666666,-1,7,0.000775709219858145,0.0001602933333333333,0.00023333333333333333,0.000702669219858145,False
LINKUSDT,2020-04-12 00:00:00+00:00,2020-05-03 00:00:00+00:00,0.16666666666666666,1,21,0.026983160884560688,0.000588948333333333,0.00023333333333333333,0.027338775884560688,False
LINKUSDT,2020-05-24 00:00:00+00:00,2020-05-31 00:00:00+00:00,0.16666666666666666,1,7,0.010774582166793945,-4.8906666666666664e-05,0.00023333333333333333,0.010492342166793945,False
LINKUSDT,2020-07-05 00:00:00+00:00,2020-08-02 00:00:00+00:00,0.16666666666666666,1,28,0.12116808525361562,0.001131435,0.00023333333333333333,0.12206618692028229,False
LINKUSDT,2020-08-09 00:00:00+00:00,2020-09-06 00:00:00+00:00,0.16666666666666666,1,28,-0.027745013236874484,-0.0053344583333333325,0.00023333333333333333,-0.033312804903541146,False
LINKUSDT,2020-10-25 00:00:00+00:00,2020-11-01 00:00:00+00:00,0.16666666666666666,1,7,-0.019303498266624603,-0.00017614333333333334,0.00023333333333333333,-0.01971297493329127,False
LINKUSDT,2021-08-01 00:00:00+00:00,2021-08-08 00:00:00+00:00,0.16666666666666666,1,7,0.014583333333333354,-0.00035297333333333334,0.00023333333333333333,0.013997026666666688,False
LINKUSDT,2021-12-05 00:00:00+00:00,2021-12-12 00:00:00+00:00,-0.16666666666666666,-1,7,0.005451373746184059,0.00032821166666666666,0.00023333333333333333,0.005546252079517392,False
LINKUSDT,2022-01-30 00:00:00+00:00,2022-02-06 00:00:00+00:00,-0.16666666666666666,-1,7,-0.01571396271402429,0.00020646166666666666,0.00023333333333333333,-0.015740834380690953,False
LINKUSDT,2022-02-27 00:00:00+00:00,2022-03-06 00:00:00+00:00,-0.16666666666666666,-1,7,0.007842603925835263,0.0003352416666666667,0.00023333333333333333,0.007944512259168595,False
LINKUSDT,2023-09-24 00:00:00+00:00,2023-10-15 00:00:00+00:00,0.16666666666666666,1,21,0.0032948164648012312,-0.00047674333333333333,0.00023333333333333333,0.0025847397981345645,False
LINKUSDT,2024-02-04 00:00:00+00:00,2024-02-25 00:00:00+00:00,0.16666666666666666,1,21,0.00838004642998702,-0.0014564916666666664,0.00023333333333333333,0.0066902214299870205,False
LINKUSDT,2024-03-10 00:00:00+00:00,2024-03-24 00:00:00+00:00,-0.16666666666666666,-1,14,0.016009133790022834,0.002224521666666666,0.00023333333333333333,0.018000322123356168,False
LINKUSDT,2025-02-02 00:00:00+00:00,2025-02-09 00:00:00+00:00,0.16666666666666666,1,7,-0.03288031246823773,5.146000000000001e-05,0.00023333333333333333,-0.03306218580157106,False
LINKUSDT,2025-08-17 00:00:00+00:00,2025-09-07 00:00:00+00:00,0.16666666666666666,1,21,-0.0032113605562430294,-0.0006320916666666666,0.00023333333333333333,-0.004076785556243029,False
LINKUSDT,2025-09-14 00:00:00+00:00,2025-09-28 00:00:00+00:00,-0.16666666666666666,-1,14,0.02659189580318379,0.00029818833333333333,0.00023333333333333333,0.026656750803183794,False
LINKUSDT,2025-12-14 00:00:00+00:00,2025-12-21 00:00:00+00:00,0.16666666666666666,1,7,-0.014304796599878506,-0.000160355,0.00023333333333333333,-0.014698484933211839,False
LPTUSDT,2023-09-17 00:00:00+00:00,2023-10-08 00:00:00+00:00,-0.16666666666666666,-1,21,0.0031855879606744555,6.588833333333335e-05,0.00023333333333333333,0.0030181429606744555,False
LQTYUSDT,2023-11-19 00:00:00+00:00,2023-12-03 00:00:00+00:00,-0.16666666666666666,-1,14,-0.007878956909775395,0.0007105583333333334,0.00023333333333333333,-0.007401731909775396,False
LTCUSDT,2020-08-02 00:00:00+00:00,2020-08-09 00:00:00+00:00,0.16666666666666666,1,7,-0.0085373102069487,-0.0019909066666666665,0.00023333333333333333,-0.010761550206948701,False
LTCUSDT,2020-10-25 00:00:00+00:00,2020-11-15 00:00:00+00:00,0.16666666666666666,1,21,0.012939521800281201,-0.0019826266666666667,0.00023333333333333333,0.010723561800281202,False
LTCUSDT,2020-12-20 00:00:00+00:00,2021-01-03 00:00:00+00:00,0.16666666666666666,1,14,0.023863130976206404,-0.0023060766666666665,0.00023333333333333333,0.021323720976206405,False
LTCUSDT,2021-01-31 00:00:00+00:00,2021-02-07 00:00:00+00:00,-0.16666666666666666,-1,7,-0.02781314757945715,0.004322786666666667,0.00023333333333333333,-0.023723694246123812,False
LTCUSDT,2021-04-04 00:00:00+00:00,2021-04-11 00:00:00+00:00,-0.16666666666666666,-1,7,-0.052554396016642725,0.004169396666666667,0.00023333333333333333,-0.048618332683309395,False
LTCUSDT,2021-11-21 00:00:00+00:00,2021-11-28 00:00:00+00:00,0.16666666666666666,1,7,-0.023226574907358372,-0.00047731166666666665,0.00023333333333333333,-0.02393721990735837,False
LTCUSDT,2022-12-04 00:00:00+00:00,2022-12-18 00:00:00+00:00,0.16666666666666666,1,14,-0.025233359504492753,-0.00033003,0.00023333333333333333,-0.025796722837826084,False
LTCUSDT,2023-01-08 00:00:00+00:00,2023-01-15 00:00:00+00:00,0.16666666666666666,1,7,0.02518440923573828,-0.000362495,0.00023333333333333333,0.024588580902404948,False
LTCUSDT,2023-05-21 00:00:00+00:00,2023-06-04 00:00:00+00:00,0.16666666666666666,1,14,0.006641400469229453,-0.0006336400000000001,0.00023333333333333333,0.0057744271358961185,False
LTCUSDT,2023-07-23 00:00:00+00:00,2023-07-30 00:00:00+00:00,-0.16666666666666666,-1,7,-0.004019554589896815,0.00021533000000000001,0.00023333333333333333,-0.004037557923230149,False
LTCUSDT,2023-08-20 00:00:00+00:00,2023-08-27 00:00:00+00:00,-0.16666666666666666,-1,7,-0.002262090483619287,-0.00011565166666666669,0.00023333333333333333,-0.002611075483619287,False
LTCUSDT,2025-01-19 00:00:00+00:00,2025-02-02 00:00:00+00:00,0.16666666666666666,1,14,-0.00974604440898813,-0.0006088166666666667,0.00023333333333333333,-0.01058819440898813,False
LTCUSDT,2025-02-16 00:00:00+00:00,2025-03-09 00:00:00+00:00,0.16666666666666666,1,21,-0.039196631033365736,-0.00023412333333333336,0.00023333333333333333,-0.03966408770003241,False
LTCUSDT,2025-03-23 00:00:00+00:00,2025-03-30 00:00:00+00:00,-0.16666666666666666,-1,7,0.010819193577814318,0.000140295,0.00023333333333333333,0.010726155244480985,False
LTCUSDT,2025-11-09 00:00:00+00:00,2025-11-23 00:00:00+00:00,0.16666666666666666,1,14,-0.03871581376492973,-0.0002713733333333333,0.00023333333333333333,-0.0392205204315964,False
LUNA2USDT,2026-01-04 00:00:00+00:00,2026-01-11 00:00:00+00:00,-0.16666666666666666,-1,7,0.009775424755181856,-0.004083303333333333,0.00023333333333333333,0.005458788088515189,False
LUNAUSDT,2021-09-05 00:00:00+00:00,2021-09-19 00:00:00+00:00,0.16666666666666666,1,14,0.01786452865005883,-0.0016329666666666663,0.00023333333333333333,0.015998228650058833,False
LUNAUSDT,2021-09-26 00:00:00+00:00,2021-10-03 00:00:00+00:00,0.16666666666666666,1,7,0.0163706992230855,-0.000384045,0.00023333333333333333,0.01575332088975217,False
LUNAUSDT,2021-10-10 00:00:00+00:00,2021-10-17 00:00:00+00:00,0.16666666666666666,1,7,-0.023004176166858605,-0.0013066833333333333,0.00023333333333333333,-0.02454419283352527,False
LUNAUSDT,2022-01-02 00:00:00+00:00,2022-01-09 00:00:00+00:00,0.16666666666666666,1,7,-0.04494970433568261,-0.00028911000000000003,0.00023333333333333333,-0.045472147669015944,False
LUNAUSDT,2022-02-06 00:00:00+00:00,2022-02-20 00:00:00+00:00,-0.16666666666666666,-1,14,0.014710046693779195,0.00046522500000000005,0.00023333333333333333,0.01494193836044586,False
MANAUSDT,2021-11-07 00:00:00+00:00,2021-11-21 00:00:00+00:00,0.16666666666666666,1,14,0.07136676149834038,-0.0022313966666666673,0.00023333333333333333,0.06890203149834039,False
MANAUSDT,2021-11-28 00:00:00+00:00,2021-12-12 00:00:00+00:00,0.16666666666666666,1,14,-0.04320264639279914,-0.00022939499999999994,0.00023333333333333333,-0.04366537472613247,False
MANAUSDT,2021-12-26 00:00:00+00:00,2022-01-02 00:00:00+00:00,-0.16666666666666666,-1,7,0.017916988914668714,0.00035000000000000005,0.00023333333333333333,0.018033655581335382,False
MANAUSDT,2022-02-06 00:00:00+00:00,2022-02-20 00:00:00+00:00,0.16666666666666666,1,14,-0.00699447746162446,-0.00040245499999999997,0.00023333333333333333,-0.007630265794957794,False
MASKUSDT,2022-12-04 00:00:00+00:00,2022-12-11 00:00:00+00:00,0.16666666666666666,1,7,-0.020695437295913905,7.985333333333333e-05,0.00023333333333333333,-0.020848917295913903,False
MASKUSDT,2022-12-25 00:00:00+00:00,2023-01-15 00:00:00+00:00,-0.16666666666666666,-1,21,-0.04507608383577366,0.00020877,0.00023333333333333333,-0.045100647169107,False
MASKUSDT,2023-04-02 00:00:00+00:00,2023-04-09 00:00:00+00:00,0.16666666666666666,1,7,-0.019443522513552376,1.7221666666666665e-05,0.00023333333333333333,-0.01965963418021904,False
MASKUSDT,2023-04-23 00:00:00+00:00,2023-05-07 00:00:00+00:00,-0.16666666666666666,-1,14,0.016378266752118453,0.0002889816666666667,0.00023333333333333333,0.01643391508545179,False
MASKUSDT,2025-07-06 00:00:00+00:00,2025-07-13 00:00:00+00:00,-0.16666666666666666,-1,7,-0.01865162278868922,0.000217755,0.00023333333333333333,-0.018667201122022553,False
MATICUSDT,2021-06-13 00:00:00+00:00,2021-06-20 00:00:00+00:00,0.16666666666666666,1,7,0.0026306602832635675,0.00035732999999999994,0.00023333333333333333,0.002754656949930234,False
MATICUSDT,2021-07-18 00:00:00+00:00,2021-07-25 00:00:00+00:00,-0.16666666666666666,-1,7,-0.030590585591209897,-0.00012547333333333332,0.00023333333333333333,-0.030949392257876563,False
MATICUSDT,2021-09-12 00:00:00+00:00,2021-09-19 00:00:00+00:00,-0.16666666666666666,-1,7,-0.00634209327054532,0.00040538,0.00023333333333333333,-0.006170046603878653,False
MATICUSDT,2021-10-31 00:00:00+00:00,2021-11-07 00:00:00+00:00,0.16666666666666666,1,7,0.0012910923531716707,-0.0012284833333333332,0.00023333333333333333,-0.00017072431349499594,False
MATICUSDT,2022-07-10 00:00:00+00:00,2022-08-07 00:00:00+00:00,0.16666666666666666,1,28,0.08989367718583885,0.000269705,0.00023333333333333333,0.08993004885250551,False
MATICUSDT,2022-10-16 00:00:00+00:00,2022-11-13 00:00:00+00:00,0.16666666666666666,1,28,0.031605188659314755,-0.00033997000000000004,0.00023333333333333333,0.03103188532598142,False
MATICUSDT,2023-02-12 00:00:00+00:00,2023-02-26 00:00:00+00:00,0.16666666666666666,1,14,-0.0003070351087972415,-0.0006449816666666667,0.00023333333333333333,-0.0011853501087972416,False
MATICUSDT,2023-06-11 00:00:00+00:00,2023-06-18 00:00:00+00:00,-0.16666666666666666,-1,7,-0.0012597217658013211,-0.00026647500000000007,0.00023333333333333333,-0.0017595300991346545,False
MATICUSDT,2023-06-25 00:00:00+00:00,2023-07-02 00:00:00+00:00,-0.16666666666666666,-1,7,-0.00581395348837214,0.000175085,0.00023333333333333333,-0.005872201821705473,False
MATICUSDT,2023-07-16 00:00:00+00:00,2023-07-23 00:00:00+00:00,0.16666666666666666,1,7,-0.011156990323656985,-0.000253535,0.00023333333333333333,-0.011643858656990318,False
MEWUSDT,2024-08-04 00:00:00+00:00,2024-08-11 00:00:00+00:00,0.16666666666666666,1,7,-0.0009376010345942449,-0.00035000000000000005,0.00023333333333333333,-0.0015209343679275784,False
MEWUSDT,2024-09-01 00:00:00+00:00,2024-09-08 00:00:00+00:00,-0.16666666666666666,-1,7,0.0019631901840490755,0.00029872000000000004,0.00023333333333333333,0.0020285768507157425,False
MKRUSDT,2021-02-28 00:00:00+00:00,2021-03-07 00:00:00+00:00,-0.16666666666666666,-1,7,-0.023376463401875748,-0.00048519166666666664,0.00023333333333333333,-0.024094988401875746,False
MKRUSDT,2023-08-06 00:00:00+00:00,2023-08-20 00:00:00+00:00,0.16666666666666666,1,14,-0.019380467057218444,-0.0006851933333333335,0.00023333333333333333,-0.02029899372388511,False
MKRUSDT,2023-09-10 00:00:00+00:00,2023-10-08 00:00:00+00:00,0.16666666666666666,1,28,0.0409722222222223,-0.0007068483333333334,0.00023333333333333333,0.04003204055555563,False
MOODENGUSDT,2024-12-08 00:00:00+00:00,2024-12-15 00:00:00+00:00,-0.16666666666666666,-1,7,0.04525847633591874,0.0010291366666666667,0.00023333333333333333,0.046054279669252074,False
MOODENGUSDT,2024-12-29 00:00:00+00:00,2025-01-05 00:00:00+00:00,-0.16666666666666666,-1,7,-0.007810588852000699,0.0006669916666666667,0.00023333333333333333,-0.007376930518667366,False
MOODENGUSDT,2025-06-08 00:00:00+00:00,2025-06-15 00:00:00+00:00,0.16666666666666666,1,7,-0.03684097692903907,0.0011620299999999999,0.00023333333333333333,-0.035912280262372406,False
MOODENGUSDT,2025-06-15 00:00:00+00:00,2025-07-06 00:00:00+00:00,-0.16666666666666666,-1,21,-0.025669524716841363,-0.0005367649999999999,0.00023333333333333333,-0.026439623050174697,False
MTLUSDT,2022-05-15 00:00:00+00:00,2022-05-22 00:00:00+00:00,-0.16666666666666666,-1,7,-0.05372023809523807,-0.0018843866666666664,0.00023333333333333333,-0.055837958095238074,False
MYXUSDT,2025-09-07 00:00:00+00:00,2025-09-14 00:00:00+00:00,-0.16666666666666666,-1,7,-1.3809432759719567,-0.09206282999999998,0.00023333333333333333,-1.4732394393052899,False
MYXUSDT,2025-09-14 00:00:00+00:00,2025-10-05 00:00:00+00:00,0.16666666666666666,1,21,-0.08616808060840678,0.04751077333333333,0.00023333333333333333,-0.03889064060840678,False
MYXUSDT,2025-10-05 00:00:00+00:00,2025-11-02 00:00:00+00:00,-0.16666666666666666,-1,28,0.09748749431559794,0.002285273333333334,0.00023333333333333333,0.09953943431559795,False
NEARUSDT,2022-01-09 00:00:00+00:00,2022-01-23 00:00:00+00:00,0.16666666666666666,1,14,-0.029193328893650245,-0.00016797000000000003,0.00023333333333333333,-0.029594632226983577,False
NEARUSDT,2022-02-06 00:00:00+00:00,2022-02-20 00:00:00+00:00,-0.16666666666666666,-1,14,0.036087702871410776,-4.200666666666665e-05,0.00023333333333333333,0.03581236287141078,False
NEARUSDT,2022-04-10 00:00:00+00:00,2022-04-24 00:00:00+00:00,0.16666666666666666,1,14,-0.021105346180892083,-0.0005148033333333335,0.00023333333333333333,-0.02185348284755875,False
NEARUSDT,2022-09-18 00:00:00+00:00,2022-09-25 00:00:00+00:00,0.16666666666666666,1,7,-0.026039287345820023,0.00017577166666666666,0.00023333333333333333,-0.026096849012486687,False
NEARUSDT,2022-10-16 00:00:00+00:00,2022-10-23 00:00:00+00:00,-0.16666666666666666,-1,7,0.00022815423226102416,0.00026476833333333334,0.00023333333333333333,0.00025958923226102417,False
NEARUSDT,2022-10-30 00:00:00+00:00,2022-11-06 00:00:00+00:00,-0.16666666666666666,-1,7,-0.01317779217973647,0.00013878,0.00023333333333333333,-0.013272345513069803,False
NEARUSDT,2024-04-28 00:00:00+00:00,2024-05-05 00:00:00+00:00,0.16666666666666666,1,7,-0.006353655687923324,-0.00022247,0.00023333333333333333,-0.006809459021256657,False
NEARUSDT,2024-05-12 00:00:00+00:00,2024-05-19 00:00:00+00:00,0.16666666666666666,1,7,0.021376656690893503,-0.000260995,0.00023333333333333333,0.02088232835756017,False
NEARUSDT,2024-06-09 00:00:00+00:00,2024-06-23 00:00:00+00:00,-0.16666666666666666,-1,14,0.03513582127443513,0.00053935,0.00023333333333333333,0.0354418379411018,False
NEIROETHUSDT,2024-11-24 00:00:00+00:00,2024-12-08 00:00:00+00:00,-0.16666666666666666,-1,14,-0.009665786052752959,0.00675442,0.00023333333333333333,-0.003144699386086293,False
NEIROUSDT,2024-11-03 00:00:00+00:00,2024-11-10 00:00:00+00:00,-0.16666666666666666,-1,7,-0.13900258762644083,0.0005202133333333333,0.00023333333333333333,-0.13871570762644084,False
NEIROUSDT,2024-11-10 00:00:00+00:00,2024-11-17 00:00:00+00:00,0.16666666666666666,1,7,-0.035760094402544754,-0.0011662866666666666,0.00023333333333333333,-0.03715971440254476,False
NEIROUSDT,2024-12-01 00:00:00+00:00,2024-12-15 00:00:00+00:00,-0.16666666666666666,-1,14,0.022185395060408432,0.0023147466666666667,0.00023333333333333333,0.024266808393741766,False
NEIROUSDT,2024-12-22 00:00:00+00:00,2025-02-02 00:00:00+00:00,-0.16666666666666666,-1,42,0.07779062029350982,0.0019942299999999996,0.00023333333333333333,0.07955151696017648,False
NEIROUSDT,2025-03-16 00:00:00+00:00,2025-04-06 00:00:00+00:00,-0.16666666666666666,-1,21,0.056869164544682896,0.00045462500000000006,0.00023333333333333333,0.05709045621134956,False
NEOUSDT,2020-05-10 00:00:00+00:00,2020-05-31 00:00:00+00:00,0.16666666666666666,1,21,0.000849256900212314,-0.001508648333333333,0.00023333333333333333,-0.0008927247664543523,False
NEOUSDT,2020-10-11 00:00:00+00:00,2020-10-18 00:00:00+00:00,-0.16666666666666666,-1,7,0.003325921280194636,0.00022709166666666668,0.00023333333333333333,0.0033196796135279696,False
NEOUSDT,2024-05-12 00:00:00+00:00,2024-05-26 00:00:00+00:00,-0.16666666666666666,-1,14,-0.003623664389560373,0.0006270000000000002,0.00023333333333333333,-0.003229997722893706,False
NOTUSDT,2024-08-04 00:00:00+00:00,2024-08-11 00:00:00+00:00,-0.16666666666666666,-1,7,-0.0171715311665593,0.00014436833333333335,0.00023333333333333333,-0.0172604961665593,False
NOTUSDT,2024-08-25 00:00:00+00:00,2024-09-29 00:00:00+00:00,-0.16666666666666666,-1,35,0.017527823214342986,0.0009731766666666667,0.00023333333333333333,0.01826766654767632,False
OCEANUSDT,2023-01-08 00:00:00+00:00,2023-01-29 00:00:00+00:00,0.16666666666666666,1,21,0.1451493676581657,0.0023188366666666667,0.00023333333333333333,0.147234870991499,False
OMGUSDT,2020-09-06 00:00:00+00:00,2020-09-13 00:00:00+00:00,0.16666666666666666,1,7,0.015665009790631085,-0.000348665,0.00023333333333333333,0.015083011457297752,False
OMGUSDT,2020-09-13 00:00:00+00:00,2020-10-04 00:00:00+00:00,-0.16666666666666666,-1,21,0.015752686865741772,0.0012607350000000002,0.00023333333333333333,0.01678008853240844,False
OMGUSDT,2020-10-11 00:00:00+00:00,2020-10-18 00:00:00+00:00,0.16666666666666666,1,7,-0.017108045977011505,-0.000281215,0.00023333333333333333,-0.01762259431034484,False
OMUSDT,2025-05-04 00:00:00+00:00,2025-06-08 00:00:00+00:00,-0.16666666666666666,-1,35,0.047285795347077775,0.00034462666666666675,0.00023333333333333333,0.047397088680411106,False
ONDOUSDT,2025-03-02 00:00:00+00:00,2025-03-09 00:00:00+00:00,-0.16666666666666666,-1,7,0.012481286207120985,0.00015520666666666669,0.00023333333333333333,0.012403159540454317,False
ONEUSDT,2022-02-06 00:00:00+00:00,2022-02-13 00:00:00+00:00,-0.16666666666666666,-1,7,0.00574509009921037,-0.00059317,0.00023333333333333333,0.004918586765877037,False
ONEUSDT,2022-02-20 00:00:00+00:00,2022-02-27 00:00:00+00:00,-0.16666666666666666,-1,7,0.010285965860198901,-0.00024136166666666666,0.00023333333333333333,0.0098112708601989,False
ONGUSDT,2024-05-05 00:00:00+00:00,2024-05-12 00:00:00+00:00,0.16666666666666666,1,7,-0.01610164069815458,0.002177223333333333,0.00023333333333333333,-0.01415775069815458,False
ONGUSDT,2024-05-12 00:00:00+00:00,2024-06-02 00:00:00+00:00,-0.16666666666666666,-1,21,0.02871987021013598,0.0012690916666666665,0.00023333333333333333,0.029755628543469314,False
ONTUSDT,2020-06-28 00:00:00+00:00,2020-07-05 00:00:00+00:00,0.16666666666666666,1,7,-0.006893279749944173,-0.0015832766666666667,0.00023333333333333333,-0.008709889749944173,False
ONTUSDT,2020-08-09 00:00:00+00:00,2020-08-16 00:00:00+00:00,-0.16666666666666666,-1,7,-0.02300186932932117,0.00403915,0.00023333333333333333,-0.0191960526626545,False
OPUSDT,2022-08-07 00:00:00+00:00,2022-08-21 00:00:00+00:00,0.16666666666666666,1,14,-0.06745822802583541,-0.0005577550000000002,0.00023333333333333333,-0.06824931635916875,False
OPUSDT,2022-08-21 00:00:00+00:00,2022-09-04 00:00:00+00:00,-0.16666666666666666,-1,14,-0.00921421200058973,-0.00029255,0.00023333333333333333,-0.009740095333923065,False
OPUSDT,2022-09-11 00:00:00+00:00,2022-09-18 00:00:00+00:00,0.16666666666666666,1,7,-0.030669167327899205,-4.8261666666666666e-05,0.00023333333333333333,-0.030950762327899204,False
OPUSDT,2022-09-25 00:00:00+00:00,2022-10-02 00:00:00+00:00,-0.16666666666666666,-1,7,0.004396003633060808,5.158833333333334e-05,0.00023333333333333333,0.004214258633060807,False
OPUSDT,2023-03-26 00:00:00+00:00,2023-04-02 00:00:00+00:00,-0.16666666666666666,-1,7,-0.007799331923630951,-0.0004582899999999999,0.00023333333333333333,-0.008490955256964285,False
OPUSDT,2023-04-09 00:00:00+00:00,2023-04-16 00:00:00+00:00,-0.16666666666666666,-1,7,-0.03542990068891479,0.000201185,0.00023333333333333333,-0.03546204902224812,False
OPUSDT,2023-04-16 00:00:00+00:00,2023-04-23 00:00:00+00:00,0.16666666666666666,1,7,-0.024828451265402507,-0.0006932383333333334,0.00023333333333333333,-0.02575502293206917,False
OPUSDT,2023-05-07 00:00:00+00:00,2023-05-14 00:00:00+00:00,-0.16666666666666666,-1,7,0.020476139448492636,8.789833333333331e-05,0.00023333333333333333,0.020330704448492637,False
OPUSDT,2023-05-21 00:00:00+00:00,2023-06-18 00:00:00+00:00,-0.16666666666666666,-1,28,0.05495090500414055,0.001073218333333333,0.00023333333333333333,0.05579079000414055,False
OPUSDT,2023-07-23 00:00:00+00:00,2023-08-13 00:00:00+00:00,0.16666666666666666,1,21,-0.00183968183074934,-0.0007220983333333333,0.00023333333333333333,-0.0027951134974160065,False
OPUSDT,2024-01-07 00:00:00+00:00,2024-01-14 00:00:00+00:00,0.16666666666666666,1,7,0.030029657645368985,-0.00035000000000000005,0.00023333333333333333,0.029446324312035654,False
OPUSDT,2024-02-04 00:00:00+00:00,2024-02-11 00:00:00+00:00,-0.16666666666666666,-1,7,-0.022755165231098363,0.00035000000000000005,0.00023333333333333333,-0.022638498564431696,False
OPUSDT,2024-03-17 00:00:00+00:00,2024-03-24 00:00:00+00:00,-0.16666666666666666,-1,7,0.005904681568958237,0.0007106999999999999,0.00023333333333333333,0.006382048235624903,False
OPUSDT,2024-03-31 00:00:00+00:00,2024-04-07 00:00:00+00:00,-0.16666666666666666,-1,7,0.030323315118397087,0.0009012866666666666,0.00023333333333333333,0.030991268451730423,False
ORDIUSDT,2024-01-14 00:00:00+00:00,2024-01-21 00:00:00+00:00,0.16666666666666666,1,7,-0.019990799763422513,-0.0005034433333333333,0.00023333333333333333,-0.020727576430089177,False
ORDIUSDT,2024-01-28 00:00:00+00:00,2024-02-18 00:00:00+00:00,-0.16666666666666666,-1,21,-0.03325885133510446,0.0019730050000000003,0.00023333333333333333,-0.03151917966843779,False
ORDIUSDT,2024-03-24 00:00:00+00:00,2024-03-31 00:00:00+00:00,-0.16666666666666666,-1,7,-0.019973867968984295,0.0014377883333333333,0.00023333333333333333,-0.018769412968984295,False
ORDIUSDT,2024-04-28 00:00:00+00:00,2024-05-19 00:00:00+00:00,-0.16666666666666666,-1,21,0.005542006691054646,0.0009004183333333333,0.00023333333333333333,0.006209091691054646,False
ORDIUSDT,2024-06-09 00:00:00+00:00,2024-06-23 00:00:00+00:00,0.16666666666666666,1,14,-0.048737300764362224,-0.00047411,0.00023333333333333333,-0.04944474409769556,False
ORDIUSDT,2024-08-25 00:00:00+00:00,2024-09-01 00:00:00+00:00,0.16666666666666666,1,7,-0.04000165695506889,-6.687666666666666e-05,0.00023333333333333333,-0.04030186695506889,False
ORDIUSDT,2024-09-22 00:00:00+00:00,2024-09-29 00:00:00+00:00,0.16666666666666666,1,7,0.021391127895834562,-0.0003243133333333334,0.00023333333333333333,0.020833481229167897,False
ORDIUSDT,2026-05-03 00:00:00+00:00,2026-05-10 00:00:00+00:00,0.16666666666666666,1,7,0.0015861395802830487,-0.00010936833333333333,0.00023333333333333333,0.001243437913616382,False
ORDIUSDT,2026-05-24 00:00:00+00:00,2026-06-07 00:00:00+00:00,-0.16666666666666666,-1,14,0.04510779436152573,0.0004183566666666667,0.00023333333333333333,0.045292817694859065,False
PENGUUSDT,2025-08-03 00:00:00+00:00,2025-08-17 00:00:00+00:00,0.16666666666666666,1,14,-0.00048630329282476714,0.0012094199999999997,0.00023333333333333333,0.0004897833738418992,False
PENGUUSDT,2025-09-07 00:00:00+00:00,2025-09-14 00:00:00+00:00,-0.16666666666666666,-1,7,-0.04616990993513455,0.0003171816666666667,0.00023333333333333333,-0.04608606160180122,False
PEOPLEUSDT,2024-02-04 00:00:00+00:00,2024-02-18 00:00:00+00:00,-0.16666666666666666,-1,14,-0.032947976878612874,0.0012592916666666666,0.00023333333333333333,-0.03192201854527954,False
PEOPLEUSDT,2024-06-02 00:00:00+00:00,2024-06-23 00:00:00+00:00,0.16666666666666666,1,21,-0.045930091920658,-0.0009955283333333332,0.00023333333333333333,-0.04715895358732467,False
PEOPLEUSDT,2024-07-07 00:00:00+00:00,2024-07-28 00:00:00+00:00,-0.16666666666666666,-1,21,-0.06417885073104386,0.0005773266666666666,0.00023333333333333333,-0.06383485739771053,False
PEOPLEUSDT,2024-07-28 00:00:00+00:00,2024-08-04 00:00:00+00:00,0.16666666666666666,1,7,-0.04895462542449162,-0.00015829666666666666,0.00023333333333333333,-0.04934625542449162,False
PEOPLEUSDT,2024-08-18 00:00:00+00:00,2024-08-25 00:00:00+00:00,-0.16666666666666666,-1,7,-0.07992202729044828,0.00024498666666666663,0.00023333333333333333,-0.07991037395711495,False
PEOPLEUSDT,2024-08-25 00:00:00+00:00,2024-09-08 00:00:00+00:00,0.16666666666666666,1,14,-0.05382081686429513,-3.0748333333333345e-05,0.00023333333333333333,-0.054084898530961795,False
PERPUSDT,2023-10-22 00:00:00+00:00,2023-10-29 00:00:00+00:00,-0.16666666666666666,-1,7,-0.025037091988130568,0.0004361083333333333,0.00023333333333333333,-0.024834316988130566,False
PIPPINUSDT,2026-01-04 00:00:00+00:00,2026-01-11 00:00:00+00:00,0.16666666666666666,1,7,-0.011801882634428901,0.04481027666666666,0.00023333333333333333,0.03277506069890443,False
PIPPINUSDT,2026-01-18 00:00:00+00:00,2026-01-25 00:00:00+00:00,-0.16666666666666666,-1,7,-0.030480819839623436,-0.010892945000000001,0.00023333333333333333,-0.04160709817295677,False
PIPPINUSDT,2026-02-01 00:00:00+00:00,2026-02-08 00:00:00+00:00,-0.16666666666666666,-1,7,-0.0011492423840591126,0.0008491500000000002,0.00023333333333333333,-0.0005334257173924456,False
PIPPINUSDT,2026-02-15 00:00:00+00:00,2026-03-08 00:00:00+00:00,0.16666666666666666,1,21,-0.08368297707471041,-0.0033736549999999997,0.00023333333333333333,-0.08728996540804375,False
PIPPINUSDT,2026-03-08 00:00:00+00:00,2026-05-03 00:00:00+00:00,-0.16666666666666666,-1,56,0.15440604300707927,-0.03073867083333333,0.00023333333333333333,0.12343403884041261,False
PIXELUSDT,2026-04-05 00:00:00+00:00,2026-04-12 00:00:00+00:00,-0.16666666666666666,-1,7,-0.012828470929029574,-0.010696601666666666,0.00023333333333333333,-0.023758405929029572,False
PIXELUSDT,2026-04-26 00:00:00+00:00,2026-05-03 00:00:00+00:00,0.16666666666666666,1,7,-0.0056177471603724065,-0.00018694666666666665,0.00023333333333333333,-0.006038027160372407,False
PNUTUSDT,2025-01-05 00:00:00+00:00,2025-01-12 00:00:00+00:00,-0.16666666666666666,-1,7,0.04346109772712917,0.00034052500000000005,0.00023333333333333333,0.04356828939379584,False
PNUTUSDT,2025-01-19 00:00:00+00:00,2025-02-23 00:00:00+00:00,-0.16666666666666666,-1,35,0.09489163076119601,0.0008943583333333335,0.00023333333333333333,0.09555265576119601,False
PNUTUSDT,2025-02-23 00:00:00+00:00,2025-03-16 00:00:00+00:00,0.16666666666666666,1,21,-0.014492094532114547,0.0003362316666666667,0.00023333333333333333,-0.014389196198781214,False
PNUTUSDT,2025-04-13 00:00:00+00:00,2025-04-20 00:00:00+00:00,-0.16666666666666666,-1,7,0.014031368257876245,4.105000000000019e-06,0.00023333333333333333,0.013802139924542912,False
PNUTUSDT,2025-06-15 00:00:00+00:00,2025-06-22 00:00:00+00:00,-0.16666666666666666,-1,7,0.014636134578331073,1.0710000000000025e-05,0.00023333333333333333,0.01441351124499774,False
POWERUSDT,2026-03-08 00:00:00+00:00,2026-04-05 00:00:00+00:00,-0.16666666666666666,-1,28,0.04780261030261029,0.009606713333333333,0.00023333333333333333,0.057175990302610294,False
PUMPUSDT,2025-09-07 00:00:00+00:00,2025-10-05 00:00:00+00:00,0.16666666666666666,1,28,0.0788930650748029,-0.0018898816666666665,0.00023333333333333333,0.0767698500748029,False
PUMPUSDT,2025-11-02 00:00:00+00:00,2025-11-09 00:00:00+00:00,0.16666666666666666,1,7,-0.0315653854412712,-0.0002495933333333333,0.00023333333333333333,-0.03204831210793787,False
RAREUSDT,2025-04-06 00:00:00+00:00,2025-04-13 00:00:00+00:00,-0.16666666666666666,-1,7,0.00297665674447752,-0.012842946666666665,0.00023333333333333333,-0.010099623255522478,False
RAVEUSDT,2026-05-03 00:00:00+00:00,2026-05-24 00:00:00+00:00,-0.16666666666666666,-1,21,0.02064451158106745,0.005839331666666667,0.00023333333333333333,0.026250509914400783,False
RAVEUSDT,2026-05-31 00:00:00+00:00,2026-06-07 00:00:00+00:00,-0.16666666666666666,-1,7,0.051667026715633335,0.0010196866666666666,0.00023333333333333333,0.052453380048966665,False
REEFUSDT,2022-11-06 00:00:00+00:00,2022-12-04 00:00:00+00:00,-0.16666666666666666,-1,28,0.0688943894389439,-0.0004748416666666666,0.00023333333333333333,0.06818621443894389,False
REEFUSDT,2024-10-06 00:00:00+00:00,2024-10-20 00:00:00+00:00,0.16666666666666666,1,14,-0.1123082448309476,0.01417482833333333,0.00023333333333333333,-0.0983667498309476,False
REEFUSDT,2024-10-20 00:00:00+00:00,2024-11-24 00:00:00+00:00,-0.16666666666666666,-1,35,0.040742488595249315,0.010891081666666667,0.00023333333333333333,0.05140023692858264,False
RIVERUSDT,2026-02-15 00:00:00+00:00,2026-03-01 00:00:00+00:00,-0.16666666666666666,-1,14,0.02078762113731939,-0.030522808333333335,0.00023333333333333333,-0.009968520529347276,False
RIVERUSDT,2026-03-08 00:00:00+00:00,2026-03-29 00:00:00+00:00,0.16666666666666666,1,21,-0.020250306023384474,0.024923088333333333,0.00023333333333333333,0.004439448976615527,False
RIVERUSDT,2026-04-05 00:00:00+00:00,2026-05-03 00:00:00+00:00,-0.16666666666666666,-1,28,0.07390523552976931,0.008823341666666666,0.00023333333333333333,0.08249524386310264,False
RIVERUSDT,2026-05-17 00:00:00+00:00,2026-05-24 00:00:00+00:00,0.16666666666666666,1,7,-0.01878812163305288,-0.0005374566666666667,0.00023333333333333333,-0.01955891163305288,False
RIVERUSDT,2026-05-31 00:00:00+00:00,2026-06-07 00:00:00+00:00,0.16666666666666666,1,7,-0.0419626998223801,-0.0006985466666666666,0.00023333333333333333,-0.042894579822380104,False
RNDRUSDT,2023-06-04 00:00:00+00:00,2023-06-11 00:00:00+00:00,0.16666666666666666,1,7,-0.04523699836199838,0.0004478716666666666,0.00023333333333333333,-0.04502246002866505,False
RSRUSDT,2022-11-13 00:00:00+00:00,2022-11-20 00:00:00+00:00,-0.16666666666666666,-1,7,-0.005408306498224731,0.000286935,0.00023333333333333333,-0.005354704831558065,False
RSRUSDT,2022-11-27 00:00:00+00:00,2022-12-04 00:00:00+00:00,-0.16666666666666666,-1,7,-0.002019691996970422,0.00028851,0.00023333333333333333,-0.0019645153303037553,False
RUNEUSDT,2022-04-03 00:00:00+00:00,2022-04-10 00:00:00+00:00,0.16666666666666666,1,7,-0.02998776009791922,-0.00034009833333333337,0.00023333333333333333,-0.030561191764585886,False
RUNEUSDT,2022-04-17 00:00:00+00:00,2022-05-01 00:00:00+00:00,-0.16666666666666666,-1,14,0.04034076672513148,0.0006684166666666668,0.00023333333333333333,0.04077585005846481,False
RUNEUSDT,2022-05-15 00:00:00+00:00,2022-06-05 00:00:00+00:00,-0.16666666666666666,-1,21,0.02286437050009732,-8.169166666666664e-05,0.00023333333333333333,0.02254934550009732,False
RUNEUSDT,2023-09-03 00:00:00+00:00,2023-09-10 00:00:00+00:00,0.16666666666666666,1,7,-0.001603592046183396,0.0006637283333333332,0.00023333333333333333,-0.001173197046183396,False
RUNEUSDT,2023-09-17 00:00:00+00:00,2023-09-24 00:00:00+00:00,0.16666666666666666,1,7,-0.01871012243490257,0.0003583466666666667,0.00023333333333333333,-0.018585109101569238,False
RUNEUSDT,2023-10-01 00:00:00+00:00,2023-10-08 00:00:00+00:00,0.16666666666666666,1,7,-0.01593901593901594,0.00032549499999999997,0.00023333333333333333,-0.015846854272349272,False
RUNEUSDT,2023-11-05 00:00:00+00:00,2023-12-03 00:00:00+00:00,0.16666666666666666,1,28,0.18036395656002352,-0.00205821,0.00023333333333333333,0.17807241322669018,False
RVNUSDT,2022-10-02 00:00:00+00:00,2022-10-23 00:00:00+00:00,-0.16666666666666666,-1,21,0.01990534521158125,0.0006623166666666666,0.00023333333333333333,0.020334328544914584,False
SANDUSDT,2021-08-15 00:00:00+00:00,2021-08-22 00:00:00+00:00,-0.16666666666666666,-1,7,-0.0064203148700245904,0.0015318999999999997,0.00023333333333333333,-0.005121748203357925,False
SANDUSDT,2021-12-05 00:00:00+00:00,2021-12-19 00:00:00+00:00,0.16666666666666666,1,14,-0.025125779945513682,-0.0004457583333333334,0.00023333333333333333,-0.025804871612180348,False
SANDUSDT,2022-01-16 00:00:00+00:00,2022-01-30 00:00:00+00:00,-0.16666666666666666,-1,14,0.03288984381456074,-0.001055295,0.00023333333333333333,0.03160121548122741,False
SANDUSDT,2022-02-20 00:00:00+00:00,2022-02-27 00:00:00+00:00,-0.16666666666666666,-1,7,0.013841654520686253,6.125333333333333e-05,0.00023333333333333333,0.013669574520686253,False
SANDUSDT,2022-04-10 00:00:00+00:00,2022-04-17 00:00:00+00:00,-0.16666666666666666,-1,7,0.010367065143795835,-0.00015730666666666663,0.00023333333333333333,0.009976425143795833,False
SANDUSDT,2022-08-14 00:00:00+00:00,2022-08-21 00:00:00+00:00,-0.16666666666666666,-1,7,0.036088050314465395,-0.0005158000000000001,0.00023333333333333333,0.03533891698113206,False
SANDUSDT,2023-03-05 00:00:00+00:00,2023-03-12 00:00:00+00:00,-0.16666666666666666,-1,7,0.025222472391980312,-0.0002624833333333333,0.00023333333333333333,0.024726655725313646,False
SANDUSDT,2024-12-08 00:00:00+00:00,2024-12-22 00:00:00+00:00,0.16666666666666666,1,14,-0.064886402902557,-0.00095359,0.00023333333333333333,-0.06607332623589034,False
SEIUSDT,2024-02-18 00:00:00+00:00,2024-03-03 00:00:00+00:00,0.16666666666666666,1,14,-0.01072425444395475,-0.00276709,0.00023333333333333333,-0.013724677777288084,False
SEIUSDT,2024-03-10 00:00:00+00:00,2024-03-17 00:00:00+00:00,-0.16666666666666666,-1,7,-0.0006097560975610131,0.0023011866666666665,0.00023333333333333333,0.00145809723577232,False
SIRENUSDT,2026-03-08 00:00:00+00:00,2026-04-05 00:00:00+00:00,0.16666666666666666,1,28,0.03898292665054588,0.03997749416666666,0.00023333333333333333,0.07872708748387922,False
SIRENUSDT,2026-04-12 00:00:00+00:00,2026-04-26 00:00:00+00:00,-0.16666666666666666,-1,14,0.0008523938059383784,-0.021321736666666667,0.00023333333333333333,-0.02070267619406162,False
SIRENUSDT,2026-04-26 00:00:00+00:00,2026-05-03 00:00:00+00:00,0.16666666666666666,1,7,-0.0039030891522681315,0.003575743333333333,0.00023333333333333333,-0.0005606791522681323,False
SIRENUSDT,2026-05-10 00:00:00+00:00,2026-05-17 00:00:00+00:00,0.16666666666666666,1,7,-0.10018646569808094,0.0035282750000000004,0.00023333333333333333,-0.09689152403141428,False
SIRENUSDT,2026-05-17 00:00:00+00:00,2026-06-07 00:00:00+00:00,-0.16666666666666666,-1,21,-0.11381638748214525,0.00071262,0.00023333333333333333,-0.11333710081547858,False
SKYAIUSDT,2026-06-21 00:00:00+00:00,2026-06-28 00:00:00+00:00,0.16666666666666666,1,7,-0.0496855691839466,-0.0006383000000000001,0.00023333333333333333,-0.05055720251727994,False
SKYAIUSDT,2026-06-28 00:00:00+00:00,2026-07-05 00:00:00+00:00,-0.16666666666666666,-1,7,0.1266946164093723,0.000592095,0.00023333333333333333,0.12705337807603895,False
SOLUSDT,2021-05-02 00:00:00+00:00,2021-05-16 00:00:00+00:00,0.16666666666666666,1,14,-0.020771393972554175,-0.0037344999999999995,0.00023333333333333333,-0.024739227305887505,False
SOLUSDT,2021-06-13 00:00:00+00:00,2021-06-27 00:00:00+00:00,0.16666666666666666,1,14,-0.031130859321429595,2.9664999999999964e-05,0.00023333333333333333,-0.03133452765476293,False
SOLUSDT,2021-07-25 00:00:00+00:00,2021-08-01 00:00:00+00:00,-0.16666666666666666,-1,7,-0.04725977156030599,0.00035000000000000005,0.00023333333333333333,-0.04714310489363932,False
SOLUSDT,2021-08-22 00:00:00+00:00,2021-09-26 00:00:00+00:00,0.16666666666666666,1,35,0.14023620058102837,-0.004679883333333332,0.00023333333333333333,0.1353229839143617,False
SOLUSDT,2021-10-31 00:00:00+00:00,2021-11-14 00:00:00+00:00,0.16666666666666666,1,14,0.038891782052852965,-0.001632513333333333,0.00023333333333333333,0.037025935386186294,False
SOLUSDT,2022-01-09 00:00:00+00:00,2022-01-23 00:00:00+00:00,-0.16666666666666666,-1,14,0.055868280326484665,0.00066976,0.00023333333333333333,0.05630470699315133,False
SOLUSDT,2022-06-26 00:00:00+00:00,2022-07-03 00:00:00+00:00,0.16666666666666666,1,7,-0.03495260663507108,0.00012355333333333334,0.00023333333333333333,-0.03506238663507109,False
SOLUSDT,2022-11-13 00:00:00+00:00,2022-12-11 00:00:00+00:00,-0.16666666666666666,-1,28,0.011447672688142452,-0.013788874999999999,0.00023333333333333333,-0.002574535645190881,False
SOLUSDT,2023-01-15 00:00:00+00:00,2023-01-29 00:00:00+00:00,0.16666666666666666,1,14,-0.0019354307362871581,-0.0008738616666666667,0.00023333333333333333,-0.003042625736287158,False
SOLUSDT,2023-02-12 00:00:00+00:00,2023-02-19 00:00:00+00:00,-0.16666666666666666,-1,7,-0.021499943864376293,-0.0001469233333333333,0.00023333333333333333,-0.02188020053104296,False
SOLUSDT,2023-04-23 00:00:00+00:00,2023-05-07 00:00:00+00:00,0.16666666666666666,1,14,0.0009640545379424603,-0.00036010499999999994,0.00023333333333333333,0.00037061620460912705,False
SOLUSDT,2023-07-16 00:00:00+00:00,2023-07-30 00:00:00+00:00,0.16666666666666666,1,14,-0.013965768390386027,-0.0005297233333333333,0.00023333333333333333,-0.014728825057052693,False
SOLUSDT,2023-08-06 00:00:00+00:00,2023-08-13 00:00:00+00:00,-0.16666666666666666,-1,7,-0.016643111621470363,0.000287225,0.00023333333333333333,-0.016589219954803697,False
SOLUSDT,2023-08-13 00:00:00+00:00,2023-08-20 00:00:00+00:00,0.16666666666666666,1,7,-0.020231832844770998,-0.00011122,0.00023333333333333333,-0.02057638617810433,False
SOLUSDT,2023-10-08 00:00:00+00:00,2023-10-29 00:00:00+00:00,0.16666666666666666,1,21,0.05968183054827669,0.00028802166666666665,0.00023333333333333333,0.05973651888161002,False
SOLUSDT,2023-12-24 00:00:00+00:00,2024-01-07 00:00:00+00:00,0.16666666666666666,1,14,-0.021871082871768255,-0.002322593333333334,0.00023333333333333333,-0.02442700953843492,False
SOLUSDT,2024-03-17 00:00:00+00:00,2024-04-07 00:00:00+00:00,0.16666666666666666,1,21,-0.003122335539917901,-0.002598323333333333,0.00023333333333333333,-0.005953992206584567,False
SOLUSDT,2024-05-19 00:00:00+00:00,2024-05-26 00:00:00+00:00,0.16666666666666666,1,7,-0.003813160918873182,-0.00031871833333333333,0.00023333333333333333,-0.004365212585539849,False
SOLUSDT,2024-07-14 00:00:00+00:00,2024-07-28 00:00:00+00:00,0.16666666666666666,1,14,0.04948061747635797,-0.00047045166666666673,0.00023333333333333333,0.048776832476357966,False
SOLUSDT,2024-10-27 00:00:00+00:00,2024-11-10 00:00:00+00:00,0.16666666666666666,1,14,0.02843315184513014,-0.0005490033333333334,0.00023333333333333333,0.027650815178463475,False
SOLUSDT,2024-12-15 00:00:00+00:00,2024-12-22 00:00:00+00:00,-0.16666666666666666,-1,7,0.029178985672049053,8.208499999999998e-05,0.00023333333333333333,0.02902773733871572,False
SOLUSDT,2025-01-19 00:00:00+00:00,2025-02-09 00:00:00+00:00,0.16666666666666666,1,21,-0.039892838506866216,0.00014396666666666665,0.00023333333333333333,-0.03998220517353288,False
SOLUSDT,2025-03-02 00:00:00+00:00,2025-03-09 00:00:00+00:00,-0.16666666666666666,-1,7,0.007708202735018913,-0.00010285499999999999,0.00023333333333333333,0.007372014401685579,False
SOLUSDT,2025-04-20 00:00:00+00:00,2025-04-27 00:00:00+00:00,0.16666666666666666,1,7,0.011185042092962264,9.065999999999998e-05,0.00023333333333333333,0.01104236875962893,False
SOLUSDT,2025-06-29 00:00:00+00:00,2025-07-06 00:00:00+00:00,0.16666666666666666,1,7,-0.003506559589389613,-3.3336666666666676e-05,0.00023333333333333333,-0.003773229589389613,False
SOLUSDT,2025-08-31 00:00:00+00:00,2025-09-14 00:00:00+00:00,0.16666666666666666,1,14,0.03261924741267256,-0.00039214,0.00023333333333333333,0.031993774079339225,False
SOLUSDT,2026-01-18 00:00:00+00:00,2026-01-25 00:00:00+00:00,0.16666666666666666,1,7,-0.019166956723517793,2.1805000000000002e-05,0.00023333333333333333,-0.019378485056851125,False
SOLUSDT,2026-06-28 00:00:00+00:00,2026-07-05 00:00:00+00:00,0.16666666666666666,1,7,0.02667801901518374,-0.00015590833333333333,0.00023333333333333333,0.026288777348517076,False
SOMIUSDT,2025-10-05 00:00:00+00:00,2025-10-26 00:00:00+00:00,-0.16666666666666666,-1,21,0.07075836185009385,-0.008700468333333333,0.00023333333333333333,0.06182456018342718,False
SPKUSDT,2025-08-03 00:00:00+00:00,2025-08-17 00:00:00+00:00,0.16666666666666666,1,14,-0.009020715630885115,0.0026053516666666664,0.00023333333333333333,-0.006648697297551782,False
SPKUSDT,2025-08-24 00:00:00+00:00,2025-09-07 00:00:00+00:00,-0.16666666666666666,-1,14,0.028198711710459252,-0.01856207833333333,0.00023333333333333333,0.009403300043792591,False
STMXUSDT,2023-08-06 00:00:00+00:00,2023-08-13 00:00:00+00:00,0.16666666666666666,1,7,-0.0014598540145985641,0.004757766666666666,0.00023333333333333333,0.003064579318734769,False
STMXUSDT,2023-08-13 00:00:00+00:00,2023-09-03 00:00:00+00:00,-0.16666666666666666,-1,21,0.052528227785959704,-0.0024069783333333333,0.00023333333333333333,0.04988791611929304,False
STORJUSDT,2021-04-04 00:00:00+00:00,2021-04-18 00:00:00+00:00,0.16666666666666666,1,14,-0.026763990267639887,-0.010991036666666667,0.00023333333333333333,-0.03798836026763989,False
STORJUSDT,2021-04-18 00:00:00+00:00,2021-05-02 00:00:00+00:00,-0.16666666666666666,-1,14,0.011855779427359454,0.0007686366666666667,0.00023333333333333333,0.012391082760692786,False
STORJUSDT,2023-10-08 00:00:00+00:00,2023-10-22 00:00:00+00:00,0.16666666666666666,1,14,-0.03334027199555928,0.0017560250000000003,0.00023333333333333333,-0.03181758032889261,False
STORJUSDT,2023-10-29 00:00:00+00:00,2023-11-05 00:00:00+00:00,-0.16666666666666666,-1,7,-0.027931323283082083,0.000582615,0.00023333333333333333,-0.027582041616415413,False
STORJUSDT,2023-11-26 00:00:00+00:00,2023-12-03 00:00:00+00:00,0.16666666666666666,1,7,0.003230148048452193,-0.0003676716666666667,0.00023333333333333333,0.0026291430484521932,False
STOUSDT,2026-05-03 00:00:00+00:00,2026-05-10 00:00:00+00:00,-0.16666666666666666,-1,7,0.003486594324495662,0.0003089166666666667,0.00023333333333333333,0.0035621776578289954,False
STOUSDT,2026-05-24 00:00:00+00:00,2026-05-31 00:00:00+00:00,-0.16666666666666666,-1,7,0.017957020900794797,0.00032517166666666666,0.00023333333333333333,0.01804885923412813,False
STXUSDT,2023-04-02 00:00:00+00:00,2023-04-09 00:00:00+00:00,0.16666666666666666,1,7,-0.01713360866168099,-0.00010352000000000003,0.00023333333333333333,-0.01747046199501432,False
STXUSDT,2023-04-09 00:00:00+00:00,2023-04-30 00:00:00+00:00,-0.16666666666666666,-1,21,0.01685742722070162,0.0008193433333333334,0.00023333333333333333,0.017443437220701623,False
SUIUSDT,2023-07-09 00:00:00+00:00,2023-07-16 00:00:00+00:00,-0.16666666666666666,-1,7,-0.0077673871940313974,-1.9096666666666683e-05,0.00023333333333333333,-0.008019817194031397,False
SUIUSDT,2023-09-10 00:00:00+00:00,2023-10-08 00:00:00+00:00,-0.16666666666666666,-1,28,0.01337213330561915,0.00026842666666666664,0.00023333333333333333,0.013407226638952482,False
SUIUSDT,2024-02-04 00:00:00+00:00,2024-02-25 00:00:00+00:00,0.16666666666666666,1,21,0.023147182233349585,-0.0015988616666666666,0.00023333333333333333,0.021314987233349587,False
SUIUSDT,2024-03-03 00:00:00+00:00,2024-03-17 00:00:00+00:00,-0.16666666666666666,-1,14,-0.0012114492217979074,0.004908081666666665,0.00023333333333333333,0.0034632991115354245,False
SUIUSDT,2024-09-08 00:00:00+00:00,2024-10-27 00:00:00+00:00,0.16666666666666666,1,49,0.1691184727681078,-5.328000000000008e-05,0.00023333333333333333,0.16883185943477447,False
SUIUSDT,2024-11-10 00:00:00+00:00,2024-11-17 00:00:00+00:00,0.16666666666666666,1,7,0.0613400249724213,-0.0007066033333333334,0.00023333333333333333,0.060400088305754634,False
SUIUSDT,2024-12-15 00:00:00+00:00,2024-12-29 00:00:00+00:00,0.16666666666666666,1,14,-0.009165563508268082,0.000729605,0.00023333333333333333,-0.008669291841601416,False
SUIUSDT,2025-01-05 00:00:00+00:00,2025-01-19 00:00:00+00:00,0.16666666666666666,1,14,-0.008982696258207615,-0.00037936666666666676,0.00023333333333333333,-0.009595396258207616,False
SUIUSDT,2025-03-16 00:00:00+00:00,2025-03-23 00:00:00+00:00,-0.16666666666666666,-1,7,0.006330100941363326,-9.434e-05,0.00023333333333333333,0.006002427608029992,False
SUIUSDT,2025-05-04 00:00:00+00:00,2025-05-18 00:00:00+00:00,0.16666666666666666,1,14,0.023276741256224143,-0.0004528533333333334,0.00023333333333333333,0.022590554589557478,False
SUIUSDT,2025-06-08 00:00:00+00:00,2025-06-15 00:00:00+00:00,-0.16666666666666666,-1,7,0.015194989510058005,0.00016616666666666665,0.00023333333333333333,0.015127822843391339,False
SUIUSDT,2025-11-23 00:00:00+00:00,2025-11-30 00:00:00+00:00,-0.16666666666666666,-1,7,-0.01912202380952373,-2.388333333333333e-05,0.00023333333333333333,-0.019379240476190395,False
SUIUSDT,2025-12-14 00:00:00+00:00,2025-12-21 00:00:00+00:00,0.16666666666666666,1,7,-0.015647403528458337,-0.00011269833333333335,0.00023333333333333333,-0.015993435195125003,False
SUIUSDT,2026-01-11 00:00:00+00:00,2026-01-25 00:00:00+00:00,0.16666666666666666,1,14,-0.028770560356844128,-0.00011426833333333335,0.00023333333333333333,-0.029118162023510794,False
SUIUSDT,2026-05-17 00:00:00+00:00,2026-05-31 00:00:00+00:00,0.16666666666666666,1,14,-0.023993589139247668,-0.00018165000000000002,0.00023333333333333333,-0.024408572472581,False
SUIUSDT,2026-06-07 00:00:00+00:00,2026-06-14 00:00:00+00:00,-0.16666666666666666,-1,7,-0.011634387627142232,0.00013847333333333333,0.00023333333333333333,-0.011729247627142232,False
SUIUSDT,2026-06-21 00:00:00+00:00,2026-06-28 00:00:00+00:00,-0.16666666666666666,-1,7,0.006888982298818347,5.074333333333334e-05,0.00023333333333333333,0.006706392298818346,False
SUSHIUSDT,2020-11-15 00:00:00+00:00,2020-12-27 00:00:00+00:00,0.16666666666666666,1,42,0.21411540295660472,-0.002128231666666667,0.00023333333333333333,0.2117538379566047,False
SUSHIUSDT,2021-01-17 00:00:00+00:00,2021-02-07 00:00:00+00:00,0.16666666666666666,1,21,0.15536663916814655,-0.006879265,0.00023333333333333333,0.14825404083481322,False
SUSHIUSDT,2021-03-14 00:00:00+00:00,2021-03-21 00:00:00+00:00,0.16666666666666666,1,7,-0.024436809615210442,-0.0012888983333333333,0.00023333333333333333,-0.025959041281877107,False
SUSHIUSDT,2021-04-04 00:00:00+00:00,2021-05-02 00:00:00+00:00,-0.16666666666666666,-1,28,0.0004119522270116434,0.013338264999999998,0.00023333333333333333,0.013516883893678309,False
SUSHIUSDT,2021-06-13 00:00:00+00:00,2021-07-04 00:00:00+00:00,-0.16666666666666666,-1,21,0.00480258404522077,0.001045885,0.00023333333333333333,0.005615135711887436,False
SUSHIUSDT,2022-01-02 00:00:00+00:00,2022-01-09 00:00:00+00:00,0.16666666666666666,1,7,-0.04699872286079182,-0.00035000000000000005,0.00023333333333333333,-0.04758205619412516,False
SUSHIUSDT,2022-01-23 00:00:00+00:00,2022-02-06 00:00:00+00:00,-0.16666666666666666,-1,14,-0.010213345438039052,0.00026665166666666666,0.00023333333333333333,-0.01018002710470572,False
SXPUSDT,2020-09-06 00:00:00+00:00,2020-10-04 00:00:00+00:00,-0.16666666666666666,-1,28,0.029563954066909443,0.0017920516666666668,0.00023333333333333333,0.031122672400242777,False
SXPUSDT,2020-10-25 00:00:00+00:00,2020-11-22 00:00:00+00:00,-0.16666666666666666,-1,28,-0.0027080915394458076,0.006629871666666665,0.00023333333333333333,0.0036884467938875245,False
SXPUSDT,2020-11-29 00:00:00+00:00,2020-12-20 00:00:00+00:00,-0.16666666666666666,-1,21,0.005289078486456396,0.004813348333333332,0.00023333333333333333,0.009869093486456395,False
SXPUSDT,2021-03-21 00:00:00+00:00,2021-04-04 00:00:00+00:00,0.16666666666666666,1,14,-0.008990105288681178,-0.005981083333333333,0.00023333333333333333,-0.015204521955347845,False
SXPUSDT,2021-05-23 00:00:00+00:00,2021-06-06 00:00:00+00:00,-0.16666666666666666,-1,14,-0.00032299741602063536,0.0007000000000000001,0.00023333333333333333,0.0001436692506460314,False
SXPUSDT,2023-05-14 00:00:00+00:00,2023-05-21 00:00:00+00:00,-0.16666666666666666,-1,7,-0.004464632347231934,-0.00023235833333333324,0.00023333333333333333,-0.004930324013898601,False
SXPUSDT,2023-05-28 00:00:00+00:00,2023-06-04 00:00:00+00:00,-0.16666666666666666,-1,7,-0.025493146104981546,0.0003138216666666667,0.00023333333333333333,-0.025412657771648212,False
SYNUSDT,2026-07-05 00:00:00+00:00,2026-07-19 00:00:00+00:00,0.16666666666666666,1,14,-0.0622331142549478,-0.00042914666666666674,0.00023333333333333333,-0.0628955942549478,False
SYNUSDT,2026-07-19 00:00:00+00:00,2026-08-02 00:00:00+00:00,-0.16666666666666666,-1,14,0.1020740740740741,-0.0025981849999999994,0.00023333333333333333,0.09924255574074076,False
TAOUSDT,2026-04-05 00:00:00+00:00,2026-04-12 00:00:00+00:00,0.16666666666666666,1,7,-0.015258215962441275,0.00040193,0.00023333333333333333,-0.015089619295774608,False
TAOUSDT,2026-04-26 00:00:00+00:00,2026-05-03 00:00:00+00:00,-0.16666666666666666,-1,7,-0.026539792853583283,8.074499999999999e-05,0.00023333333333333333,-0.026692381186916615,False
TAOUSDT,2026-05-10 00:00:00+00:00,2026-05-17 00:00:00+00:00,0.16666666666666666,1,7,-0.01859495179287185,-7.369000000000002e-05,0.00023333333333333333,-0.018901975126205183,False
THETAUSDT,2020-07-05 00:00:00+00:00,2020-07-12 00:00:00+00:00,-0.16666666666666666,-1,7,-0.022415847482871655,0.00263912,0.00023333333333333333,-0.02001006081620499,False
THETAUSDT,2020-11-15 00:00:00+00:00,2020-11-22 00:00:00+00:00,-0.16666666666666666,-1,7,-0.024334476563775964,0.0002793316666666667,0.00023333333333333333,-0.02428847823044263,False
THETAUSDT,2020-11-29 00:00:00+00:00,2020-12-06 00:00:00+00:00,-0.16666666666666666,-1,7,-0.030706681645535767,-0.0017925283333333332,0.00023333333333333333,-0.03273254331220243,False
THETAUSDT,2021-01-03 00:00:00+00:00,2021-01-17 00:00:00+00:00,0.16666666666666666,1,14,-0.024498545398866978,0.0012968816666666665,0.00023333333333333333,-0.023434997065533644,False
THETAUSDT,2021-01-24 00:00:00+00:00,2021-01-31 00:00:00+00:00,-0.16666666666666666,-1,7,-0.006724128978659372,-0.00043042666666666667,0.00023333333333333333,-0.007387888978659372,False
THETAUSDT,2021-07-11 00:00:00+00:00,2021-07-25 00:00:00+00:00,-0.16666666666666666,-1,14,0.008303677342823241,0.0005519733333333335,0.00023333333333333333,0.008622317342823241,False
THETAUSDT,2022-03-06 00:00:00+00:00,2022-03-13 00:00:00+00:00,-0.16666666666666666,-1,7,0.002551612154952439,0.00030504500000000004,0.00023333333333333333,0.0026233238216191055,False
TIAUSDT,2023-12-03 00:00:00+00:00,2023-12-10 00:00:00+00:00,0.16666666666666666,1,7,0.00874480371687077,-0.00118365,0.00023333333333333333,0.007327820383537437,False
TIAUSDT,2023-12-17 00:00:00+00:00,2023-12-24 00:00:00+00:00,0.16666666666666666,1,7,-0.010417778862433483,-0.0006507916666666667,0.00023333333333333333,-0.011301903862433484,False
TIAUSDT,2024-01-14 00:00:00+00:00,2024-02-04 00:00:00+00:00,0.16666666666666666,1,21,-0.006732384556115523,0.004494646666666666,0.00023333333333333333,-0.0024710712227821903,False
TIAUSDT,2024-02-25 00:00:00+00:00,2024-03-03 00:00:00+00:00,-0.16666666666666666,-1,7,0.0028744560321563584,0.0030059116666666667,0.00023333333333333333,0.005647034365489692,False
TIAUSDT,2024-09-08 00:00:00+00:00,2024-09-22 00:00:00+00:00,-0.16666666666666666,-1,14,-0.08731527510060524,-0.007049695,0.00023333333333333333,-0.09459830343393857,False
TIAUSDT,2024-09-22 00:00:00+00:00,2024-09-29 00:00:00+00:00,0.16666666666666666,1,7,-0.0006213523289616736,0.002014955,0.00023333333333333333,0.001160269337704993,False
TIAUSDT,2024-11-17 00:00:00+00:00,2024-11-24 00:00:00+00:00,-0.16666666666666666,-1,7,-0.06037138892071858,0.0008499466666666666,0.00023333333333333333,-0.059754775587385255,False
TIAUSDT,2024-12-22 00:00:00+00:00,2024-12-29 00:00:00+00:00,-0.16666666666666666,-1,7,0.0005196733481811118,0.00030654499999999997,0.00023333333333333333,0.0005928850148477784,False
TNSRUSDT,2025-12-07 00:00:00+00:00,2025-12-21 00:00:00+00:00,0.16666666666666666,1,14,-0.04130709929812454,0.020302124999999997,0.00023333333333333333,-0.021238307631457877,False
TNSRUSDT,2025-12-28 00:00:00+00:00,2026-01-04 00:00:00+00:00,-0.16666666666666666,-1,7,0.0053253253253253505,-0.0034549199999999998,0.00023333333333333333,0.001637071991992017,False
TOMOUSDT,2023-06-04 00:00:00+00:00,2023-07-02 00:00:00+00:00,0.16666666666666666,1,28,-0.032089776309863316,0.0011595149999999999,0.00023333333333333333,-0.03116359464319665,False
TOMOUSDT,2023-07-02 00:00:00+00:00,2023-07-23 00:00:00+00:00,-0.16666666666666666,-1,21,-0.024790059186266422,0.0009275283333333334,0.00023333333333333333,-0.02409586418626642,False
TOMOUSDT,2023-07-30 00:00:00+00:00,2023-08-06 00:00:00+00:00,0.16666666666666666,1,7,0.0013951204267952377,-0.00025993,0.00023333333333333333,0.0009018570934619045,False
TOMOUSDT,2023-09-10 00:00:00+00:00,2023-09-17 00:00:00+00:00,-0.16666666666666666,-1,7,0.006408709409272517,0.00013876666666666666,0.00023333333333333333,0.00631414274260585,False
TONUSDT,2024-09-08 00:00:00+00:00,2024-09-15 00:00:00+00:00,-0.16666666666666666,-1,7,-0.0358946338397366,-0.0002174183333333333,0.00023333333333333333,-0.03634538550640327,False
TRBUSDT,2022-09-04 00:00:00+00:00,2022-10-02 00:00:00+00:00,-0.16666666666666666,-1,28,0.02905441098784996,-0.005161141666666667,0.00023333333333333333,0.02365993598784996,False
TRBUSDT,2023-10-15 00:00:00+00:00,2023-11-12 00:00:00+00:00,0.16666666666666666,1,28,0.11771778160274882,0.054521364999999995,0.00023333333333333333,0.17200581326941547,False
TRBUSDT,2023-11-19 00:00:00+00:00,2023-12-03 00:00:00+00:00,-0.16666666666666666,-1,14,0.017651048580734536,0.00110906,0.00023333333333333333,0.018526775247401202,False
TRBUSDT,2023-12-24 00:00:00+00:00,2024-01-07 00:00:00+00:00,0.16666666666666666,1,14,-0.040567056392155944,0.032770226666666666,0.00023333333333333333,-0.008030163058822613,False
TRBUSDT,2024-01-14 00:00:00+00:00,2024-01-28 00:00:00+00:00,-0.16666666666666666,-1,14,0.004768811533052086,0.0008012016666666668,0.00023333333333333333,0.0053366798663854196,False
TRBUSDT,2024-02-25 00:00:00+00:00,2024-03-03 00:00:00+00:00,-0.16666666666666666,-1,7,-0.014011364162384835,0.00326014,0.00023333333333333333,-0.010984557495718169,False
TRBUSDT,2024-06-02 00:00:00+00:00,2024-06-16 00:00:00+00:00,-0.16666666666666666,-1,14,0.01242491832409374,0.001027715,0.00023333333333333333,0.013219299990760406,False
TRBUSDT,2024-06-30 00:00:00+00:00,2024-07-07 00:00:00+00:00,0.16666666666666666,1,7,-0.01779678483099752,-0.00031352,0.00023333333333333333,-0.018343638164330853,False
TRUMPUSDT,2025-03-09 00:00:00+00:00,2025-03-16 00:00:00+00:00,-0.16666666666666666,-1,7,-0.0021627017135252093,-8.795333333333332e-05,0.00023333333333333333,-0.0024839883801918757,False
TRUMPUSDT,2025-04-27 00:00:00+00:00,2025-05-04 00:00:00+00:00,0.16666666666666666,1,7,-0.0458992928710291,0.0012798033333333333,0.00023333333333333333,-0.0448528228710291,False
TRUMPUSDT,2025-05-11 00:00:00+00:00,2025-05-18 00:00:00+00:00,0.16666666666666666,1,7,-0.02554402410445259,0.00020241833333333332,0.00023333333333333333,-0.02557493910445259,False
TRUMPUSDT,2025-05-18 00:00:00+00:00,2025-05-25 00:00:00+00:00,-0.16666666666666666,-1,7,-0.0035847962465075005,1.4315000000000001e-05,0.00023333333333333333,-0.0038038145798408337,False
TRUMPUSDT,2025-06-08 00:00:00+00:00,2025-06-15 00:00:00+00:00,-0.16666666666666666,-1,7,0.005765401169139835,2.7814999999999977e-05,0.00023333333333333333,0.005559882835806501,False
TRUMPUSDT,2025-07-06 00:00:00+00:00,2025-07-13 00:00:00+00:00,-0.16666666666666666,-1,7,-0.020950594121325827,4.782333333333336e-05,0.00023333333333333333,-0.021136104121325827,False
TRXUSDT,2020-09-06 00:00:00+00:00,2020-09-27 00:00:00+00:00,0.16666666666666666,1,21,-0.015222482435597207,0.006432210000000001,0.00023333333333333333,-0.00902360576893054,False
TRXUSDT,2021-03-28 00:00:00+00:00,2021-04-11 00:00:00+00:00,0.16666666666666666,1,14,0.16567085953878402,-0.006487883333333333,0.00023333333333333333,0.15894964287211735,False
TRXUSDT,2021-04-18 00:00:00+00:00,2021-04-25 00:00:00+00:00,0.16666666666666666,1,7,-0.05679115510702577,-0.00035647166666666666,0.00023333333333333333,-0.05738096010702577,False
TRXUSDT,2021-05-09 00:00:00+00:00,2021-05-16 00:00:00+00:00,-0.16666666666666666,-1,7,0.02611297382881624,0.0013548733333333333,0.00023333333333333333,0.02723451382881624,False
TRXUSDT,2022-06-05 00:00:00+00:00,2022-06-19 00:00:00+00:00,0.16666666666666666,1,14,-0.040520924059557886,0.004679233333333333,0.00023333333333333333,-0.03607502405955789,False
TRXUSDT,2022-07-31 00:00:00+00:00,2022-08-07 00:00:00+00:00,-0.16666666666666666,-1,7,-0.0007962936151730086,-0.00043420666666666666,0.00023333333333333333,-0.0014638336151730086,False
TURBOUSDT,2024-11-24 00:00:00+00:00,2024-12-08 00:00:00+00:00,-0.16666666666666666,-1,14,-0.0715356339117175,0.002420278333333333,0.00023333333333333333,-0.0693486889117175,False
TUTUSDT,2026-09-06 00:00:00+00:00,2026-09-15 00:00:00+00:00,-0.16666666666666666,-1,9,0.054108693066952054,-0.0036630716666666663,0.00023333333333333333,0.050212288066952056,False
UMAUSDT,2024-02-04 00:00:00+00:00,2024-02-11 00:00:00+00:00,0.16666666666666666,1,7,-0.0111568045084152,-0.00037427166666666666,0.00023333333333333333,-0.0117644095084152,False
UMAUSDT,2024-02-11 00:00:00+00:00,2024-03-03 00:00:00+00:00,-0.16666666666666666,-1,21,-0.017058439438459007,0.005557463333333333,0.00023333333333333333,-0.011734309438459007,False
UNFIUSDT,2022-07-17 00:00:00+00:00,2022-07-24 00:00:00+00:00,0.16666666666666666,1,7,-0.0026844251716482597,-0.0003340783333333334,0.00023333333333333333,-0.0032518368383149263,False
UNFIUSDT,2022-08-14 00:00:00+00:00,2022-08-28 00:00:00+00:00,0.16666666666666666,1,14,-0.05919258046917623,-0.000404215,0.00023333333333333333,-0.05983012880250956,False
UNFIUSDT,2022-09-04 00:00:00+00:00,2022-09-25 00:00:00+00:00,-0.16666666666666666,-1,21,0.028570199216901127,0.0006421883333333334,0.00023333333333333333,0.02897905421690113,False
UNFIUSDT,2023-10-08 00:00:00+00:00,2023-10-22 00:00:00+00:00,-0.16666666666666666,-1,14,0.012146643109540611,0.0002635308333333334,0.00023333333333333333,0.01217684060954061,False
UNIUSDT,2020-11-08 00:00:00+00:00,2020-11-15 00:00:00+00:00,-0.16666666666666666,-1,7,-0.08996567736725214,8.154166666666672e-05,0.00023333333333333333,-0.0901174690339188,False
UNIUSDT,2020-11-15 00:00:00+00:00,2020-11-22 00:00:00+00:00,0.16666666666666666,1,7,0.001534104319093695,-0.0013711383333333332,0.00023333333333333333,-7.03673475729717e-05,False
UNIUSDT,2020-12-06 00:00:00+00:00,2020-12-13 00:00:00+00:00,-0.16666666666666666,-1,7,0.0252970937757383,0.0004927866666666667,0.00023333333333333333,0.025556547109071636,False
UNIUSDT,2021-01-17 00:00:00+00:00,2021-01-24 00:00:00+00:00,0.16666666666666666,1,7,0.01863411888738283,-0.0014523883333333334,0.00023333333333333333,0.016948397220716165,False
UNIUSDT,2021-01-31 00:00:00+00:00,2021-02-07 00:00:00+00:00,0.16666666666666666,1,7,-0.002325102250011072,-0.0046005433333333335,0.00023333333333333333,-0.007158978916677739,False
UNIUSDT,2021-03-07 00:00:00+00:00,2021-03-14 00:00:00+00:00,0.16666666666666666,1,7,0.023357515011331504,-0.0033421349999999996,0.00023333333333333333,0.019782046677998173,False
UNIUSDT,2021-03-21 00:00:00+00:00,2021-03-28 00:00:00+00:00,0.16666666666666666,1,7,-0.020175263746919227,-0.0014520433333333332,0.00023333333333333333,-0.021860640413585892,False
UNIUSDT,2021-04-11 00:00:00+00:00,2021-04-18 00:00:00+00:00,-0.16666666666666666,-1,7,-0.027706238863962097,0.005879514999999999,0.00023333333333333333,-0.02206005719729543,False
UNIUSDT,2025-07-27 00:00:00+00:00,2025-08-03 00:00:00+00:00,0.16666666666666666,1,7,-0.0284564393939394,-0.00032763833333333337,0.00023333333333333333,-0.029017411060606065,False
UXLINKUSDT,2025-01-05 00:00:00+00:00,2025-01-12 00:00:00+00:00,0.16666666666666666,1,7,-0.037033701569004165,0.0010608933333333334,0.00023333333333333333,-0.03620614156900417,False
UXLINKUSDT,2025-01-12 00:00:00+00:00,2025-02-02 00:00:00+00:00,-0.16666666666666666,-1,21,0.07259745272095715,-0.006695515000000001,0.00023333333333333333,0.06566860438762381,False
VELVETUSDT,2026-07-05 00:00:00+00:00,2026-07-12 00:00:00+00:00,0.16666666666666666,1,7,-0.02821869488536155,-4.326500000000003e-05,0.00023333333333333333,-0.028495293218694883,False
VELVETUSDT,2026-07-19 00:00:00+00:00,2026-07-26 00:00:00+00:00,-0.16666666666666666,-1,7,0.015500896746092802,-0.0005363483333333332,0.00023333333333333333,0.014731215079426135,False
VETUSDT,2020-04-12 00:00:00+00:00,2020-04-19 00:00:00+00:00,0.16666666666666666,1,7,0.013235427431783148,-0.00036515666666666675,0.00023333333333333333,0.012636937431783148,False
VETUSDT,2020-05-31 00:00:00+00:00,2020-08-02 00:00:00+00:00,0.16666666666666666,1,63,0.29909996785599435,-0.001271435,0.00023333333333333333,0.29759519952266106,False
VETUSDT,2020-08-30 00:00:00+00:00,2020-09-06 00:00:00+00:00,-0.16666666666666666,-1,7,0.046383037969648114,0.0017356083333333332,0.00023333333333333333,0.04788531296964811,False
VETUSDT,2021-05-16 00:00:00+00:00,2021-05-23 00:00:00+00:00,-0.16666666666666666,-1,7,0.07076317768905861,-0.0005047,0.00023333333333333333,0.07002514435572528,False
VETUSDT,2021-05-30 00:00:00+00:00,2021-06-06 00:00:00+00:00,-0.16666666666666666,-1,7,-0.04425583510154592,0.000282405,0.00023333333333333333,-0.044206763434879254,False
VETUSDT,2021-06-27 00:00:00+00:00,2021-07-04 00:00:00+00:00,-0.16666666666666666,-1,7,-0.03015336039693276,0.0003152816666666667,0.00023333333333333333,-0.030071412063599427,False
VIRTUALUSDT,2025-06-08 00:00:00+00:00,2025-06-15 00:00:00+00:00,0.16666666666666666,1,7,-0.0017157668017377021,0.00030804,0.00023333333333333333,-0.0016410601350710357,False
VOXELUSDT,2025-05-04 00:00:00+00:00,2025-05-11 00:00:00+00:00,0.16666666666666666,1,7,-0.0191108140793075,0.0013187449999999999,0.00023333333333333333,-0.01802540241264083,False
VOXELUSDT,2025-05-25 00:00:00+00:00,2025-06-08 00:00:00+00:00,-0.16666666666666666,-1,14,0.04787417161545741,-0.0009054699999999999,0.00023333333333333333,0.04673536828212407,False
WAVESUSDT,2020-11-29 00:00:00+00:00,2020-12-06 00:00:00+00:00,0.16666666666666666,1,7,0.03913127110193219,-4.6333333333333285e-06,0.00023333333333333333,0.03889330443526552,False
WAVESUSDT,2022-04-10 00:00:00+00:00,2022-04-24 00:00:00+00:00,-0.16666666666666666,-1,14,0.0422882555083889,-0.0017288766666666666,0.00023333333333333333,0.0403260455083889,False
WAVESUSDT,2022-05-01 00:00:00+00:00,2022-05-08 00:00:00+00:00,-0.16666666666666666,-1,7,-0.00664876109224007,-0.0023465583333333335,0.00023333333333333333,-0.009228652758906736,False
WAVESUSDT,2022-06-05 00:00:00+00:00,2022-06-26 00:00:00+00:00,0.16666666666666666,1,21,-0.04529702037895052,0.010211025,0.00023333333333333333,-0.035319328712283854,False
WAVESUSDT,2022-06-26 00:00:00+00:00,2022-07-03 00:00:00+00:00,-0.16666666666666666,-1,7,0.03251086281812539,-0.0009064333333333333,0.00023333333333333333,0.03137109615145872,False
WAVESUSDT,2022-07-17 00:00:00+00:00,2022-07-24 00:00:00+00:00,-0.16666666666666666,-1,7,-0.012733060482037298,0.00027242,0.00023333333333333333,-0.012693973815370631,False
WAVESUSDT,2023-01-08 00:00:00+00:00,2023-01-15 00:00:00+00:00,-0.16666666666666666,-1,7,-0.08968152261616591,0.00035000000000000005,0.00023333333333333333,-0.08956485594949924,False
WAVESUSDT,2023-01-22 00:00:00+00:00,2023-02-05 00:00:00+00:00,0.16666666666666666,1,14,0.04467561521252794,-0.000984845,0.00023333333333333333,0.04345743687919461,False
WAVESUSDT,2023-07-02 00:00:00+00:00,2023-07-16 00:00:00+00:00,0.16666666666666666,1,14,0.003146109796660153,0.000986126666666667,0.00023333333333333333,0.003898903129993487,False
WAVESUSDT,2023-07-16 00:00:00+00:00,2023-07-23 00:00:00+00:00,-0.16666666666666666,-1,7,-0.003954431487371031,0.0003377566666666667,0.00023333333333333333,-0.003850008154037698,False
WAVESUSDT,2023-07-30 00:00:00+00:00,2023-08-06 00:00:00+00:00,-0.16666666666666666,-1,7,0.007370362848632517,0.0003498516666666667,0.00023333333333333333,0.007486881181965849,False
WCTUSDT,2025-06-15 00:00:00+00:00,2025-07-06 00:00:00+00:00,-0.16666666666666666,-1,21,0.0343450479233226,-0.002017088333333333,0.00023333333333333333,0.032094626256655934,False
WIFUSDT,2024-04-07 00:00:00+00:00,2024-04-21 00:00:00+00:00,0.16666666666666666,1,14,-0.025403854957909457,-0.0010539866666666666,0.00023333333333333333,-0.026691174957909455,False
WIFUSDT,2024-05-05 00:00:00+00:00,2024-05-12 00:00:00+00:00,0.16666666666666666,1,7,-0.018990202725941686,-0.0003363783333333333,0.00023333333333333333,-0.019559914392608353,False
WIFUSDT,2024-05-26 00:00:00+00:00,2024-06-02 00:00:00+00:00,-0.16666666666666666,-1,7,-0.009957003847024174,0.0008113983333333332,0.00023333333333333333,-0.009378938847024175,False
WIFUSDT,2024-06-23 00:00:00+00:00,2024-06-30 00:00:00+00:00,-0.16666666666666666,-1,7,-0.033300807408257804,0.000246795,0.00023333333333333333,-0.03328734574159114,False
WIFUSDT,2024-07-21 00:00:00+00:00,2024-07-28 00:00:00+00:00,0.16666666666666666,1,7,-0.009747438375721765,-0.00029808,0.00023333333333333333,-0.010278851709055098,False
WIFUSDT,2024-08-18 00:00:00+00:00,2024-08-25 00:00:00+00:00,-0.16666666666666666,-1,7,-0.06440889014190398,7.738333333333334e-05,0.00023333333333333333,-0.06456484014190399,False
WIFUSDT,2024-09-29 00:00:00+00:00,2024-10-20 00:00:00+00:00,0.16666666666666666,1,21,0.019333361485297663,-0.0009045183333333335,0.00023333333333333333,0.018195509818631,False
WIFUSDT,2024-12-29 00:00:00+00:00,2025-01-19 00:00:00+00:00,-0.16666666666666666,-1,21,0.01336518818600474,0.00097319,0.00023333333333333333,0.014105044852671406,False
WIFUSDT,2025-02-02 00:00:00+00:00,2025-02-09 00:00:00+00:00,-0.16666666666666666,-1,7,0.04814557715192386,5.607833333333335e-05,0.00023333333333333333,0.047968322151923856,False
WIFUSDT,2025-03-30 00:00:00+00:00,2025-04-06 00:00:00+00:00,-0.16666666666666666,-1,7,0.017742806449124383,-8.188333333333331e-06,0.00023333333333333333,0.01750128478245772,False
WIFUSDT,2025-04-27 00:00:00+00:00,2025-05-04 00:00:00+00:00,0.16666666666666666,1,7,-0.02124935995903739,9.090333333333333e-05,0.00023333333333333333,-0.02139178995903739,False
WLDUSDT,2023-12-03 00:00:00+00:00,2023-12-10 00:00:00+00:00,0.16666666666666666,1,7,-0.004393684567345957,-0.0007074949999999999,0.00023333333333333333,-0.00533451290067929,False
WLDUSDT,2023-12-31 00:00:00+00:00,2024-01-07 00:00:00+00:00,0.16666666666666666,1,7,-0.04049241391841557,-0.001137333333333333,0.00023333333333333333,-0.04186308058508224,False
WLDUSDT,2024-03-03 00:00:00+00:00,2024-03-17 00:00:00+00:00,0.16666666666666666,1,14,0.016626072912460765,-0.005392201666666666,0.00023333333333333333,0.011000537912460768,False
WLDUSDT,2024-03-31 00:00:00+00:00,2024-04-28 00:00:00+00:00,-0.16666666666666666,-1,28,0.06663834921572975,0.0023835349999999996,0.00023333333333333333,0.06878855088239642,False
WLDUSDT,2024-05-26 00:00:00+00:00,2024-07-21 00:00:00+00:00,-0.16666666666666666,-1,56,0.07328397052375486,0.0009025600000000002,0.00023333333333333333,0.07395319719042152,False
WLDUSDT,2024-08-11 00:00:00+00:00,2024-08-18 00:00:00+00:00,-0.16666666666666666,-1,7,0.02373625121103325,-0.000553355,0.00023333333333333333,0.02294956287769992,False
WLDUSDT,2024-10-20 00:00:00+00:00,2024-11-03 00:00:00+00:00,0.16666666666666666,1,14,-0.04394888906974849,-0.0005918850000000001,0.00023333333333333333,-0.044774107403081825,False
WLDUSDT,2024-11-10 00:00:00+00:00,2024-11-17 00:00:00+00:00,-0.16666666666666666,-1,7,-0.023423726640382093,0.0006532083333333333,0.00023333333333333333,-0.023003851640382093,False
WLDUSDT,2025-10-05 00:00:00+00:00,2025-10-12 00:00:00+00:00,-0.16666666666666666,-1,7,0.046418819575719375,2.081833333333335e-05,0.00023333333333333333,0.04620630457571937,False
WLDUSDT,2026-06-07 00:00:00+00:00,2026-06-28 00:00:00+00:00,0.16666666666666666,1,21,0.014221255338006555,0.0005739666666666668,0.00023333333333333333,0.014561888671339888,False
WLDUSDT,2026-07-05 00:00:00+00:00,2026-07-19 00:00:00+00:00,-0.16666666666666666,-1,14,0.019285042333019788,1.6794999999999998e-05,0.00023333333333333333,0.019068503999686456,False
XLMUSDT,2020-04-26 00:00:00+00:00,2020-05-17 00:00:00+00:00,0.16666666666666666,1,21,0.016950067476383168,-0.00035684500000000006,0.00023333333333333333,0.016359889143049835,False
XLMUSDT,2020-06-28 00:00:00+00:00,2020-07-05 00:00:00+00:00,-0.16666666666666666,-1,7,-0.014023904382470143,0.00035000000000000005,0.00023333333333333333,-0.013907237715803477,False
XLMUSDT,2020-07-19 00:00:00+00:00,2020-08-02 00:00:00+00:00,0.16666666666666666,1,14,0.011265279154278144,-0.003930738333333334,0.00023333333333333333,0.007101207487611476,False
XLMUSDT,2020-12-06 00:00:00+00:00,2020-12-20 00:00:00+00:00,0.16666666666666666,1,14,0.00950607224614904,-0.0015446,0.00023333333333333333,0.007728138912815706,False
XLMUSDT,2020-12-20 00:00:00+00:00,2020-12-27 00:00:00+00:00,-0.16666666666666666,-1,7,0.03180633557244059,0.0007330533333333334,0.00023333333333333333,0.03230605557244059,False
XLMUSDT,2021-01-03 00:00:00+00:00,2021-01-10 00:00:00+00:00,-0.16666666666666666,-1,7,-0.23954174169472045,0.003229616666666667,0.00023333333333333333,-0.23654545836138713,False
XLMUSDT,2021-01-24 00:00:00+00:00,2021-01-31 00:00:00+00:00,0.16666666666666666,1,7,0.03618254702436015,-0.0030436116666666666,0.00023333333333333333,0.032905602024360145,False
XLMUSDT,2021-03-07 00:00:00+00:00,2021-04-04 00:00:00+00:00,-0.16666666666666666,-1,28,-0.0026907131011608687,0.015786373333333333,0.00023333333333333333,0.01286232689883913,False
XLMUSDT,2021-05-02 00:00:00+00:00,2021-05-09 00:00:00+00:00,-0.16666666666666666,-1,7,-0.022832991392960356,0.00277575,0.00023333333333333333,-0.020290574726293687,False
XLMUSDT,2021-06-06 00:00:00+00:00,2021-06-27 00:00:00+00:00,-0.16666666666666666,-1,21,0.05576155289389202,0.00105,0.00023333333333333333,0.05657821956055869,False
XLMUSDT,2024-12-08 00:00:00+00:00,2024-12-15 00:00:00+00:00,0.16666666666666666,1,7,-0.02649809948768796,-0.00059121,0.00023333333333333333,-0.027322642821021294,False
XLMUSDT,2024-12-15 00:00:00+00:00,2024-12-22 00:00:00+00:00,-0.16666666666666666,-1,7,0.02679132868012324,8.881666666666694e-06,0.00023333333333333333,0.026566877013456572,False
XLMUSDT,2026-06-07 00:00:00+00:00,2026-06-21 00:00:00+00:00,0.16666666666666666,1,14,0.0032238787192551133,0.0006965400000000002,0.00023333333333333333,0.0036870853859217803,False
XLMUSDT,2026-06-28 00:00:00+00:00,2026-07-05 00:00:00+00:00,-0.16666666666666666,-1,7,-0.03142862623240117,-0.0001400033333333333,0.00023333333333333333,-0.03180196289906784,False
XMRUSDT,2020-04-05 00:00:00+00:00,2020-04-19 00:00:00+00:00,0.16666666666666666,1,14,0.012442880079041707,9.129666666666671e-05,0.00023333333333333333,0.012300843412375041,False
XMRUSDT,2026-02-08 00:00:00+00:00,2026-02-15 00:00:00+00:00,-0.16666666666666666,-1,7,-0.01445671074447008,0.00035000000000000005,0.00023333333333333333,-0.014340044077803414,False
XMRUSDT,2026-02-22 00:00:00+00:00,2026-03-01 00:00:00+00:00,-0.16666666666666666,-1,7,-0.005089019559802417,0.00035000000000000005,0.00023333333333333333,-0.0049723528931357504,False
XMRUSDT,2026-03-01 00:00:00+00:00,2026-03-08 00:00:00+00:00,0.16666666666666666,1,7,0.003962475358356439,-0.00035000000000000005,0.00023333333333333333,0.003379142025023106,False
XPLUSDT,2025-10-05 00:00:00+00:00,2025-10-12 00:00:00+00:00,0.16666666666666666,1,7,-0.09046464179851407,-0.0004385716666666667,0.00023333333333333333,-0.09113654679851407,False
XPLUSDT,2025-10-12 00:00:00+00:00,2025-11-23 00:00:00+00:00,-0.16666666666666666,-1,42,0.08074429569756672,0.0011670916666666666,0.00023333333333333333,0.08167805403090005,False
XPLUSDT,2025-11-30 00:00:00+00:00,2025-12-07 00:00:00+00:00,-0.16666666666666666,-1,7,0.02598950882212688,0.00022156833333333332,0.00023333333333333333,0.02597774382212688,False
XRPUSDT,2020-05-31 00:00:00+00:00,2020-06-07 00:00:00+00:00,-0.16666666666666666,-1,7,0.0028139572278501426,0.00037395500000000003,0.00023333333333333333,0.0029545788945168094,False
XRPUSDT,2020-06-14 00:00:00+00:00,2020-06-21 00:00:00+00:00,-0.16666666666666666,-1,7,0.003986826139712241,0.00022721,0.00023333333333333333,0.003980702806378907,False
XRPUSDT,2020-08-02 00:00:00+00:00,2020-08-16 00:00:00+00:00,0.16666666666666666,1,14,0.004693223443223463,-0.003877533333333334,0.00023333333333333333,0.0005823567765567954,False
XRPUSDT,2020-11-29 00:00:00+00:00,2020-12-13 00:00:00+00:00,0.16666666666666666,1,14,-0.03175110542858667,0.0012344916666666666,0.00023333333333333333,-0.030749947095253336,False
XRPUSDT,2020-12-20 00:00:00+00:00,2021-01-24 00:00:00+00:00,-0.16666666666666666,-1,35,0.08809771309771311,0.009395406666666667,0.00023333333333333333,0.09725978643104644,False
XRPUSDT,2021-04-11 00:00:00+00:00,2021-05-02 00:00:00+00:00,0.16666666666666666,1,21,0.03354891844100483,-0.009077988333333332,0.00023333333333333333,0.02423759677433816,False
XRPUSDT,2021-08-15 00:00:00+00:00,2021-08-22 00:00:00+00:00,0.16666666666666666,1,7,-0.008265000650787427,-0.0010676016666666666,0.00023333333333333333,-0.009565935650787427,False
XRPUSDT,2021-09-05 00:00:00+00:00,2021-09-12 00:00:00+00:00,-0.16666666666666666,-1,7,0.02337527875119468,0.0009568600000000001,0.00023333333333333333,0.024098805417861347,False
XRPUSDT,2022-02-20 00:00:00+00:00,2022-02-27 00:00:00+00:00,0.16666666666666666,1,7,-0.008257252992493413,0.0001030883333333333,0.00023333333333333333,-0.008387497992493415,False
XRPUSDT,2022-09-18 00:00:00+00:00,2022-10-16 00:00:00+00:00,0.16666666666666666,1,28,0.046751750420987226,0.0003350849999999999,0.00023333333333333333,0.04685350208765389,False
XRPUSDT,2023-03-26 00:00:00+00:00,2023-04-02 00:00:00+00:00,0.16666666666666666,1,7,0.025035765379113152,-0.00015914166666666665,0.00023333333333333333,0.024643290379113152,False
XRPUSDT,2023-04-09 00:00:00+00:00,2023-04-16 00:00:00+00:00,0.16666666666666666,1,7,0.004989426381178866,-0.00013485500000000002,0.00023333333333333333,0.004621238047845533,False
XRPUSDT,2023-06-11 00:00:00+00:00,2023-06-25 00:00:00+00:00,0.16666666666666666,1,14,-0.006646923330042723,0.00020373833333333334,0.00023333333333333333,-0.006676518330042723,False
XRPUSDT,2023-07-02 00:00:00+00:00,2023-07-09 00:00:00+00:00,-0.16666666666666666,-1,7,0.0010214144829529905,0.00021749333333333332,0.00023333333333333333,0.0010055744829529905,False
XRPUSDT,2023-07-16 00:00:00+00:00,2023-08-06 00:00:00+00:00,0.16666666666666666,1,21,-0.020037322136692366,-0.0008497033333333333,0.00023333333333333333,-0.02112035880335903,False
XRPUSDT,2023-08-13 00:00:00+00:00,2023-08-20 00:00:00+00:00,-0.16666666666666666,-1,7,0.02858812901854509,0.00017084166666666667,0.00023333333333333333,0.028525637351878425,False
XRPUSDT,2024-07-14 00:00:00+00:00,2024-08-11 00:00:00+00:00,0.16666666666666666,1,28,0.01849032667300976,-0.0008136716666666667,0.00023333333333333333,0.01744332167300976,False
XRPUSDT,2024-10-06 00:00:00+00:00,2024-10-20 00:00:00+00:00,-0.16666666666666666,-1,14,-0.004630504630504628,0.0006347316666666668,0.00023333333333333333,-0.004229106297171295,False
XRPUSDT,2024-11-17 00:00:00+00:00,2024-12-29 00:00:00+00:00,0.16666666666666666,1,42,0.15772350476869626,-0.00294656,0.00023333333333333333,0.15454361143536294,False
XRPUSDT,2025-01-12 00:00:00+00:00,2025-02-02 00:00:00+00:00,0.16666666666666666,1,21,0.01944800279492261,-0.000740855,0.00023333333333333333,0.01847381446158928,False
XRPUSDT,2025-03-23 00:00:00+00:00,2025-03-30 00:00:00+00:00,0.16666666666666666,1,7,-0.016611809716713073,6.882499999999999e-05,0.00023333333333333333,-0.016776318050046403,False
XRPUSDT,2025-07-06 00:00:00+00:00,2025-07-13 00:00:00+00:00,0.16666666666666666,1,7,0.0393373339950969,-0.0002957583333333334,0.00023333333333333333,0.038808242328430234,False
XRPUSDT,2025-07-20 00:00:00+00:00,2025-07-27 00:00:00+00:00,0.16666666666666666,1,7,-0.012647571218624327,-0.00036655500000000007,0.00023333333333333333,-0.01324745955195766,False
XTZUSDT,2020-04-19 00:00:00+00:00,2020-05-10 00:00:00+00:00,0.16666666666666666,1,21,0.03558616731238347,-0.0008422900000000004,0.00023333333333333333,0.03451054397905013,False
XTZUSDT,2020-05-17 00:00:00+00:00,2020-05-24 00:00:00+00:00,-0.16666666666666666,-1,7,-0.008574695121951154,3.0363333333333335e-05,0.00023333333333333333,-0.008777665121951155,False
XTZUSDT,2020-06-14 00:00:00+00:00,2020-07-12 00:00:00+00:00,-0.16666666666666666,-1,28,0.0008024691358024711,0.002741118333333334,0.00023333333333333333,0.0033102541358024716,False
XTZUSDT,2021-10-24 00:00:00+00:00,2021-11-07 00:00:00+00:00,-0.16666666666666666,-1,14,0.00731405979738083,0.00296771,0.00023333333333333333,0.010048436464047496,False
XTZUSDT,2022-03-20 00:00:00+00:00,2022-03-27 00:00:00+00:00,-0.16666666666666666,-1,7,-0.020430107526881715,0.00019157833333333335,0.00023333333333333333,-0.020471862526881712,False
YFIIUSDT,2020-11-08 00:00:00+00:00,2020-11-22 00:00:00+00:00,-0.16666666666666666,-1,14,-0.08888011060635984,0.0010617716666666667,0.00023333333333333333,-0.0880516722730265,False
YFIIUSDT,2020-12-13 00:00:00+00:00,2020-12-20 00:00:00+00:00,-0.16666666666666666,-1,7,-0.003998172264107813,0.001951543333333333,0.00023333333333333333,-0.0022799622641078137,False
YFIIUSDT,2020-12-27 00:00:00+00:00,2021-01-03 00:00:00+00:00,-0.16666666666666666,-1,7,-0.006892098156627982,0.0005730966666666667,0.00023333333333333333,-0.006552334823294649,False
YFIUSDT,2020-10-04 00:00:00+00:00,2020-11-08 00:00:00+00:00,-0.16666666666666666,-1,35,0.04051710421638821,0.0007370833333333334,0.00023333333333333333,0.04102085421638821,False
YFIUSDT,2020-11-22 00:00:00+00:00,2020-11-29 00:00:00+00:00,0.16666666666666666,1,7,-0.00814908950692709,-0.002137705,0.00023333333333333333,-0.010520127840260424,False
YFIUSDT,2021-01-03 00:00:00+00:00,2021-01-10 00:00:00+00:00,-0.16666666666666666,-1,7,-0.11081374349912028,0.0056283800000000005,0.00023333333333333333,-0.10541869683245361,False
YFIUSDT,2021-02-07 00:00:00+00:00,2021-02-14 00:00:00+00:00,-0.16666666666666666,-1,7,-0.08229108793373399,0.00797535,0.00023333333333333333,-0.07454907126706732,False
ZECUSDT,2020-05-31 00:00:00+00:00,2020-06-14 00:00:00+00:00,0.16666666666666666,1,14,-0.005460979925559864,-0.0013482566666666665,0.00023333333333333333,-0.007042569925559864,False
ZECUSDT,2025-11-02 00:00:00+00:00,2025-11-30 00:00:00+00:00,0.16666666666666666,1,28,0.019613317794826852,0.00840541,0.00023333333333333333,0.027785394461493522,False
ZECUSDT,2025-12-07 00:00:00+00:00,2025-12-14 00:00:00+00:00,-0.16666666666666666,-1,7,-0.04950495049504947,-0.0003145033333333333,0.00023333333333333333,-0.05005278716171614,False
ZECUSDT,2025-12-28 00:00:00+00:00,2026-01-11 00:00:00+00:00,0.16666666666666666,1,14,-0.04531562964398781,0.0012581916666666668,0.00023333333333333333,-0.04429077131065448,False
ZECUSDT,2026-01-18 00:00:00+00:00,2026-02-01 00:00:00+00:00,-0.16666666666666666,-1,14,0.04045898250264666,-0.0007650283333333332,0.00023333333333333333,0.03946062083597999,False
ZECUSDT,2026-03-08 00:00:00+00:00,2026-03-15 00:00:00+00:00,-0.16666666666666666,-1,7,-0.013493633642773784,-0.00022791166666666658,0.00023333333333333333,-0.013954878642773784,False
ZECUSDT,2026-03-29 00:00:00+00:00,2026-05-03 00:00:00+00:00,0.16666666666666666,1,35,0.1360150563833442,0.000395865,0.00023333333333333333,0.13617758805001087,False
ZECUSDT,2026-05-10 00:00:00+00:00,2026-05-31 00:00:00+00:00,0.16666666666666666,1,21,-0.018534410230523247,0.00018340166666666664,0.00023333333333333333,-0.018584341897189913,False
ZECUSDT,2026-06-14 00:00:00+00:00,2026-06-21 00:00:00+00:00,-0.16666666666666666,-1,7,-0.019684259721331067,-0.00043689,0.00023333333333333333,-0.020354483054664398,False
ZECUSDT,2026-06-28 00:00:00+00:00,2026-07-05 00:00:00+00:00,0.16666666666666666,1,7,0.028451072075487617,-0.000198185,0.00023333333333333333,0.028019553742154285,False
ZECUSDT,2026-07-12 00:00:00+00:00,2026-07-26 00:00:00+00:00,0.16666666666666666,1,14,-0.007665585160423445,-0.00037741166666666666,0.00023333333333333333,-0.008276330160423446,False
ZECUSDT,2026-08-23 00:00:00+00:00,2026-09-15 00:00:00+00:00,0.16666666666666666,1,23,0.07504904894918862,-0.0005461483333333334,0.00023333333333333333,0.07426956728252196,False
ZILUSDT,2021-01-03 00:00:00+00:00,2021-01-10 00:00:00+00:00,0.16666666666666666,1,7,0.008924865089248649,-0.004638858333333333,0.00023333333333333333,0.004052673422581982,False
ZILUSDT,2021-01-17 00:00:00+00:00,2021-01-31 00:00:00+00:00,-0.16666666666666666,-1,14,6.803646754664308e-05,0.003476895,0.00023333333333333333,0.0033115981342133095,False
ZILUSDT,2022-04-10 00:00:00+00:00,2022-04-24 00:00:00+00:00,0.16666666666666666,1,14,-0.013535605430867348,-0.0006508066666666667,0.00023333333333333333,-0.014419745430867348,False
ZROUSDT,2024-08-11 00:00:00+00:00,2024-08-18 00:00:00+00:00,-0.16666666666666666,-1,7,0.002228544333807499,9.212333333333333e-05,0.00023333333333333333,0.002087334333807499,False
ZROUSDT,2024-09-01 00:00:00+00:00,2024-09-08 00:00:00+00:00,0.16666666666666666,1,7,-0.0317205628239941,0.00020216,0.00023333333333333333,-0.03175173615732744,False
