,gross,cost,funding,cash,net,expo,long
2020-04-04 00:00:00+00:00,0.0,0.0,0.0,2.7383608263154002e-06,2.7383608263154002e-06,0.0,0.0
2020-04-05 00:00:00+00:00,-0.011791458307756963,0.00035,0.00012971333333333337,1.3691804131577001e-06,-0.012010375794010472,0.5,0.5
2020-04-06 00:00:00+00:00,0.053983796897967576,0.0,-6.434833333333334e-05,2.053259179901623e-06,0.053921501823814146,0.5,0.5
2020-04-07 00:00:00+00:00,-0.014520524090964621,0.0,-0.00015000000000000001,1.9164706779317697e-06,-0.01466860762028669,0.5,0.5
2020-04-08 00:00:00+00:00,0.023597486502083265,0.0,-0.00018099666666666667,3.010397478186988e-06,0.023419500232894786,0.5,0.5
2020-04-09 00:00:00+00:00,0.009862862002305663,0.0,-0.000161025,3.4203955326939095e-06,0.009705257397838356,0.5,0.5
2020-04-10 00:00:00+00:00,-0.046234508230372465,0.0,-0.00015000000000000001,3.4203955326939095e-06,-0.04638108783483977,0.5,0.5
2020-04-11 00:00:00+00:00,0.003083338881403108,0.0,-0.00015000000000000001,3.4203955326939095e-06,0.002936759276935802,0.5,0.5
2020-04-12 00:00:00+00:00,0.005719224455863796,0.00046666666666666666,-0.00014523833333333333,3.4203955326939095e-06,0.00511073985139649,0.5,0.5
2020-04-13 00:00:00+00:00,-0.00758981081750785,0.0,0.0005253866666666666,3.557034361056921e-06,-0.007060867116480127,0.5,0.5
2020-04-14 00:00:00+00:00,0.000561320553770968,0.0,0.000551345,2.7369974400226482e-06,0.0011154025512109906,0.5,0.5
2020-04-15 00:00:00+00:00,-0.009993022688574715,0.0,0.0005516716666666666,1.9164706779317697e-06,-0.009439434551230117,0.5,0.5
2020-04-16 00:00:00+00:00,0.03921754658150067,0.0,0.0003304433333333333,1.9164706779317697e-06,0.03954990638551194,0.5,0.5
2020-04-17 00:00:00+00:00,-0.005867236964808934,0.0,8.939666666666665e-05,1.6428528023526567e-06,-0.0057761974453399145,0.5,0.5
2020-04-18 00:00:00+00:00,0.029611595355153637,0.0,-0.00023298499999999998,1.6428528023526567e-06,0.029380253207955988,0.5,0.5
2020-04-19 00:00:00+00:00,-0.020936509841265473,0.00046666666666666666,0.0002867416666666666,1.6428528023526567e-06,-0.02111479198846312,0.5,0.5
2020-04-20 00:00:00+00:00,-0.024956702415290834,0.0,5.569666666666665e-05,1.6428528023526567e-06,-0.024899362895821814,0.5,0.5
2020-04-21 00:00:00+00:00,0.00313303859847099,0.0,-0.000166595,1.5060234233033043e-06,0.0029679496218942935,0.5,0.5
2020-04-22 00:00:00+00:00,0.03692666886966607,0.0,0.00011366666666666665,1.6428528023526567e-06,0.03704197838913509,0.5,0.5
2020-04-23 00:00:00+00:00,0.01804659989331614,0.0,-1.897000000000001e-05,1.5060234233033043e-06,0.018029135916739443,0.5,0.5
2020-04-24 00:00:00+00:00,0.017067085636629065,0.0,0.00013411166666666669,1.6428528023526567e-06,0.017202840156098083,0.5,0.5
2020-04-25 00:00:00+00:00,0.014926253345471669,0.0,-0.000153555,1.6428528023526567e-06,0.014774341198274022,0.5,0.5
2020-04-26 00:00:00+00:00,-0.0075357567249890725,0.00023333333333333333,0.00016937,1.6428528023526567e-06,-0.007598077205520053,0.5,0.5
2020-04-27 00:00:00+00:00,0.008186239919737215,0.0,-0.00015071833333333334,1.6428528023526567e-06,0.008037164439206235,0.5,0.5
2020-04-28 00:00:00+00:00,0.004435446344933239,0.0,0.0005914899999999999,1.5060234233033043e-06,0.0050284423683565425,0.5,0.5
2020-04-29 00:00:00+00:00,0.03221771123486709,0.0,-0.00018998,1.3691804131577001e-06,0.032029100415280246,0.5,0.5
2020-04-30 00:00:00+00:00,-0.029229451035335197,0.0,-0.00032071499999999995,1.2323237690292643e-06,-0.029548933711566167,0.5,0.5
2020-05-01 00:00:00+00:00,0.018355913662425026,0.0,-0.0002333566666666667,1.6428528023526567e-06,0.018124199848560712,0.5,0.5
2020-05-02 00:00:00+00:00,0.010901211711359085,0.0,-0.00024285333333333333,1.6428528023526567e-06,0.010660001230828105,0.5,0.5
2020-05-03 00:00:00+00:00,-0.01844840556062329,0.00023333333333333333,-0.0004376699999999999,1.6428528023526567e-06,-0.01911776604115427,0.5,0.5
2020-05-04 00:00:00+00:00,0.004921367478893712,0.0,-0.0003474333333333333,1.7796685529702927e-06,0.004575713814113349,0.5,0.5
2020-05-05 00:00:00+00:00,-0.004235044090303046,0.0,-0.00021458833333333333,1.7796685529702927e-06,-0.0044478527550834085,0.5,0.5
2020-05-06 00:00:00+00:00,-0.013238524155250526,0.0,-0.0005129683333333333,1.6428528023526567e-06,-0.013749849635781507,0.5,0.5
2020-05-07 00:00:00+00:00,0.018091969278926236,0.0,-0.00039857166666666677,1.5060234233033043e-06,0.017694903635682872,0.5,0.5
2020-05-08 00:00:00+00:00,0.005741792348256336,0.0,-0.0009167450000000001,1.6428528023526567e-06,0.004826690201058689,0.5,0.5
2020-05-09 00:00:00+00:00,-0.00043052088496751484,0.0,-0.0006843283333333333,1.6428528023526567e-06,-0.0011132063654984954,0.5,0.5
2020-05-10 00:00:00+00:00,-0.0331380359855859,0.00035,-0.00021170499999999997,1.095235201568438e-06,-0.03369864575038434,0.6666666666666666,0.5
2020-05-11 00:00:00+00:00,0.0003221972485358644,0.0,-0.000243205,1.095235201568438e-06,8.008748373743284e-05,0.6666666666666666,0.5
2020-05-12 00:00:00+00:00,0.02773927095027299,0.0,-0.00029729833333333336,1.1864457019801953e-06,0.027443159062641633,0.6666666666666666,0.5
2020-05-13 00:00:00+00:00,0.00558450381092529,0.0,-0.00011250333333333334,1.1864457019801953e-06,0.005473186923293937,0.6666666666666666,0.5
2020-05-14 00:00:00+00:00,-0.005769931290160808,0.0,-3.8995e-05,1.095235201568438e-06,-0.00580783105495924,0.6666666666666666,0.5
2020-05-15 00:00:00+00:00,-0.004096816029748504,0.0,-0.0001,1.095235201568438e-06,-0.004195720794546935,0.6666666666666666,0.5
2020-05-16 00:00:00+00:00,0.000284237200025498,0.0,-0.00018174666666666669,1.095235201568438e-06,0.00010358576856039978,0.6666666666666666,0.5
2020-05-17 00:00:00+00:00,0.00643751309222514,0.00046666666666666666,-0.00026389666666666665,0.0,0.005706949758891806,1.0,0.5
2020-05-18 00:00:00+00:00,-0.0021616717099275746,0.0,-0.00017213333333333333,0.0,-0.002333805043260908,1.0,0.5
2020-05-19 00:00:00+00:00,0.001188199767111302,0.0,-8.67633333333333e-05,0.0,0.0011014364337779687,1.0,0.5
2020-05-20 00:00:00+00:00,-0.013903377019808111,0.0,-3.0199999999999995e-05,0.0,-0.01393357701980811,1.0,0.5
2020-05-21 00:00:00+00:00,0.0012911301835794031,0.0,-3.3735e-05,0.0,0.0012573951835794031,1.0,0.5
2020-05-22 00:00:00+00:00,0.004999792013735386,0.0,0.00011041500000000002,0.0,0.005110207013735386,1.0,0.5
2020-05-23 00:00:00+00:00,0.003572479795265389,0.0,0.00020424833333333332,0.0,0.0037767281285987224,1.0,0.5
2020-05-24 00:00:00+00:00,-0.017544899045244235,0.0007,-0.00010148833333333332,0.0,-0.018346387378577567,1.0,0.5
2020-05-25 00:00:00+00:00,0.004122096766150643,0.0,5.0000000000000016e-05,0.0,0.004172096766150643,1.0,0.5
2020-05-26 00:00:00+00:00,0.004770302118845993,0.0,6.860000000000001e-05,0.0,0.004838902118845993,1.0,0.5
2020-05-27 00:00:00+00:00,-0.0023568668782388835,0.0,4.334833333333334e-05,0.0,-0.00231351854490555,1.0,0.5
2020-05-28 00:00:00+00:00,0.03676635817297469,0.0,3.014000000000002e-05,0.0,0.03679649817297469,1.0,0.5
2020-05-29 00:00:00+00:00,-0.013265057428857936,0.0,6.910000000000003e-05,0.0,-0.013195957428857935,1.0,0.5
2020-05-30 00:00:00+00:00,0.025673108062052134,0.0,5.6328333333333334e-05,0.0,0.02572943639538547,1.0,0.5
2020-05-31 00:00:00+00:00,0.003777009210193156,0.0009333333333333333,2.154499999999999e-05,0.0,0.0028652208768598225,1.0,0.5
2020-06-01 00:00:00+00:00,0.01240425899518693,0.0,0.0,0.0,0.01240425899518693,1.0,0.5
2020-06-02 00:00:00+00:00,0.011959067404429256,0.0,-0.00035543,0.0,0.011603637404429256,1.0,0.5
2020-06-03 00:00:00+00:00,0.012818621001774702,0.0,-0.0003066616666666666,0.0,0.012511959335108036,1.0,0.5
2020-06-04 00:00:00+00:00,-0.00710833155750005,0.0,-3.423e-05,0.0,-0.00714256155750005,1.0,0.5
2020-06-05 00:00:00+00:00,-0.0038747484772369,0.0,-0.000193155,0.0,-0.0040679034772369005,1.0,0.5
2020-06-06 00:00:00+00:00,0.01782622178824833,0.0,-0.0003118616666666666,0.0,0.017514360121581665,1.0,0.5
2020-06-07 00:00:00+00:00,-0.002633072420363443,0.00035,-0.00015000000000000001,2.053259179901623e-06,-0.0031310191611835414,0.5,0.5
2020-06-08 00:00:00+00:00,0.013335455651922623,0.0,-0.000188725,2.3267953257466445e-06,0.013149057447248369,0.5,0.5
2020-06-09 00:00:00+00:00,-0.0005132921295690016,0.0,0.00015074499999999998,2.600277012265728e-06,-0.0003599468525567359,0.5,0.5
2020-06-10 00:00:00+00:00,0.02887316045513218,0.0,0.0001759616666666666,2.3267953257466445e-06,0.029051448917124592,0.5,0.5
2020-06-11 00:00:00+00:00,-0.0380978300856763,0.0,-7.75666666666666e-06,2.3267953257466445e-06,-0.038103259957017216,0.5,0.5
2020-06-12 00:00:00+00:00,0.03401280677173694,0.0,-6.01833333333333e-06,2.190034061544388e-06,0.034008978472465146,0.5,0.5
2020-06-13 00:00:00+00:00,0.0012809425745460845,0.0,-2.362499999999999e-05,2.190034061544388e-06,0.001259507608607629,0.5,0.5
2020-06-14 00:00:00+00:00,-0.013191979209798161,0.0005833333333333333,0.00011149000000000003,0.0,-0.013663822543131494,1.0,0.5
2020-06-15 00:00:00+00:00,0.007546790114173881,0.0,2.5023333333333335e-05,0.0,0.007571813447507214,1.0,0.5
2020-06-16 00:00:00+00:00,0.006641117222185855,0.0,0.000185105,0.0,0.006826222222185855,1.0,0.5
2020-06-17 00:00:00+00:00,0.0017531762821803758,0.0,0.000119415,0.0,0.0018725912821803757,1.0,0.5
2020-06-18 00:00:00+00:00,-0.006183576607758497,0.0,0.00018392666666666664,0.0,-0.0059996499410918305,1.0,0.5
2020-06-19 00:00:00+00:00,-0.009593511307698827,0.0,1.3339999999999998e-05,0.0,-0.009580171307698827,1.0,0.5
2020-06-20 00:00:00+00:00,-0.0005379679593672062,0.0,0.00023797666666666663,0.0,-0.0002999912927005396,1.0,0.5
2020-06-21 00:00:00+00:00,0.018068796949037846,0.00046666666666666666,0.0008037483333333333,0.0,0.018405878615704512,1.0,0.5
2020-06-22 00:00:00+00:00,0.009568564408180175,0.0,0.0009156566666666666,0.0,0.010484221074846842,1.0,0.5
2020-06-23 00:00:00+00:00,-0.01002278746098062,0.0,0.0003053183333333333,0.0,-0.009717469127647286,1.0,0.5
2020-06-24 00:00:00+00:00,0.013063849176661443,0.0,0.0006638300000000001,0.0,0.013727679176661444,1.0,0.5
2020-06-25 00:00:00+00:00,0.016578982645756503,0.0,0.00017067000000000002,0.0,0.016749652645756504,1.0,0.5
2020-06-26 00:00:00+00:00,0.010458027659884812,0.0,0.0014797266666666668,0.0,0.011937754326551479,1.0,0.5
2020-06-27 00:00:00+00:00,0.020653264227208458,0.0,0.0023405099999999996,0.0,0.02299377422720846,1.0,0.5
2020-06-28 00:00:00+00:00,-0.016869805802542954,0.00046666666666666666,-7.206666666666668e-05,0.0,-0.017408539135876287,1.0,0.5
2020-06-29 00:00:00+00:00,-0.006770661536945683,0.0,9.766833333333332e-05,0.0,-0.0066729932036123495,1.0,0.5
2020-06-30 00:00:00+00:00,-0.008609506642881236,0.0,-0.0001031733333333333,0.0,-0.008712679976214568,1.0,0.5
2020-07-01 00:00:00+00:00,0.009913061871375434,0.0,9.512000000000001e-05,0.0,0.010008181871375435,1.0,0.5
2020-07-02 00:00:00+00:00,-0.004759932093793385,0.0,-7.070499999999998e-05,0.0,-0.004830637093793385,1.0,0.5
2020-07-03 00:00:00+00:00,0.014825490041552368,0.0,0.00014875333333333332,0.0,0.0149742433748857,1.0,0.5
2020-07-04 00:00:00+00:00,0.04093925312227176,0.0,0.0005613249999999999,0.0,0.04150057812227176,1.0,0.5
2020-07-05 00:00:00+00:00,0.027544944545318303,0.0007,0.0017802216666666668,0.0,0.028625166211984972,1.0,0.5
2020-07-06 00:00:00+00:00,-0.0002944683766840459,0.0,0.0008667716666666667,0.0,0.0005723032899826207,1.0,0.5
2020-07-07 00:00:00+00:00,0.036756720223958,0.0,0.0004368783333333333,0.0,0.03719359855729133,1.0,0.5
2020-07-08 00:00:00+00:00,0.04875428473241246,0.0,0.00029783,0.0,0.04905211473241246,1.0,0.5
2020-07-09 00:00:00+00:00,-0.018223233068644817,0.0,4.696666666666801e-06,0.0,-0.01821853640197815,1.0,0.5
2020-07-10 00:00:00+00:00,-0.012405666146668362,0.0,6.47866666666667e-05,0.0,-0.012340879480001695,1.0,0.5
2020-07-11 00:00:00+00:00,0.003043267690558034,0.0,0.0002949666666666666,0.0,0.0033382343572247006,1.0,0.5
2020-07-12 00:00:00+00:00,0.031032436524164226,0.00046666666666666666,-5e-05,1.1864457019801953e-06,0.030516956303199536,0.6666666666666666,0.5
2020-07-13 00:00:00+00:00,-0.003838285282157146,0.0,-0.00028503833333333337,1.27764711862118e-06,-0.004122045968371859,0.6666666666666666,0.5
2020-07-14 00:00:00+00:00,0.033685272155134394,0.0,0.00014062166666666668,1.3688394532677488e-06,0.033827262661254326,0.6666666666666666,0.5
2020-07-15 00:00:00+00:00,0.01438666460567974,0.0,8.691166666666662e-05,1.4600227076962589e-06,0.014475036295054103,0.6666666666666666,0.5
2020-07-16 00:00:00+00:00,-0.019031452077118684,0.0,0.0003730483333333333,1.0040156155355364e-06,-0.018657399728169814,0.6666666666666666,0.5
2020-07-17 00:00:00+00:00,-0.005457643026245647,0.0,6.444999999999997e-06,1.0040156155355364e-06,-0.005450194010630112,0.6666666666666666,0.5
2020-07-18 00:00:00+00:00,-0.006022241565179387,0.0,-5e-05,1.0040156155355364e-06,-0.006071237549563851,0.6666666666666666,0.5
2020-07-19 00:00:00+00:00,-0.003322298016006123,0.00046666666666666666,-5.1045e-05,1.0040156155355364e-06,-0.0038390056670572544,0.6666666666666666,0.5
2020-07-20 00:00:00+00:00,-0.035026226841672836,0.0,-6.223499999999998e-05,1.1864457019801953e-06,-0.035087275395970854,0.6666666666666666,0.5
2020-07-21 00:00:00+00:00,0.018929976390177794,0.0,1.4139999999999997e-05,1.1864457019801953e-06,0.018945302835879772,0.6666666666666666,0.5
2020-07-22 00:00:00+00:00,0.0038595317913246254,0.0,-0.00027807,1.1864457019801953e-06,0.0035826482370266057,0.6666666666666666,0.5
2020-07-23 00:00:00+00:00,0.008345553927492847,0.0,-0.0001392283333333334,1.095235201568438e-06,0.008207420829361082,0.6666666666666666,0.5
2020-07-24 00:00:00+00:00,-0.013545088703819761,0.0,-0.00033154666666666664,1.0040156155355364e-06,-0.013875631354870892,0.6666666666666666,0.5
2020-07-25 00:00:00+00:00,0.023074737670065106,0.0,-0.000312035,1.0040156155355364e-06,0.022763706685680642,0.6666666666666666,0.5
2020-07-26 00:00:00+00:00,-0.013414593896611851,0.00011666666666666667,-0.0010651866666666666,1.5060234233033043e-06,-0.014594941206521881,0.5,0.5
2020-07-27 00:00:00+00:00,-0.034073153208811026,0.0,-0.00047663,1.5060234233033043e-06,-0.03454827718538772,0.5,0.5
2020-07-28 00:00:00+00:00,0.0106880535190406,0.0,-0.00019143999999999994,1.5060234233033043e-06,0.010498119542463904,0.5,0.5
2020-07-29 00:00:00+00:00,-0.011187213427253685,0.0,-0.00059037,1.5060234233033043e-06,-0.011776077403830382,0.5,0.5
2020-07-30 00:00:00+00:00,0.02811591960389581,0.0,-0.00067314,1.2323237690292643e-06,0.02744401192766484,0.5,0.5
2020-07-31 00:00:00+00:00,0.009212784894689591,0.0,-0.0001156466666666667,1.2323237690292643e-06,0.009098370551791954,0.5,0.5
2020-08-01 00:00:00+00:00,0.03105240074180885,0.0,-0.00073709,1.2323237690292643e-06,0.03031654306557788,0.5,0.5
2020-08-02 00:00:00+00:00,0.016708269017859788,0.00105,0.0003620316666666668,0.0,0.016020300684526454,1.0,0.5
2020-08-03 00:00:00+00:00,0.02418225687530362,0.0,-0.00026494166666666657,0.0,0.023917315208636953,1.0,0.5
2020-08-04 00:00:00+00:00,-0.025653939066616407,0.0,-0.00042240833333333325,0.0,-0.02607634739994974,1.0,0.5
2020-08-05 00:00:00+00:00,-0.0003381098606541526,0.0,-0.00021251833333333335,0.0,-0.000550628193987486,1.0,0.5
2020-08-06 00:00:00+00:00,-0.013363952321907733,0.0,0.0006828833333333334,0.0,-0.0126810689885744,1.0,0.5
2020-08-07 00:00:00+00:00,-0.03617518468742777,0.0,-0.00014644333333333327,0.0,-0.0363216280207611,1.0,0.5
2020-08-08 00:00:00+00:00,-0.011249238731858808,0.0,0.00025144666666666665,0.0,-0.010997792065192141,1.0,0.5
2020-08-09 00:00:00+00:00,-0.03826344539003529,0.00046666666666666666,0.0008646033333333334,0.0,-0.03786550872336862,1.0,0.5
2020-08-10 00:00:00+00:00,-0.008555448903805735,0.0,0.0007199449999999998,0.0,-0.007835503903805736,1.0,0.5
2020-08-11 00:00:00+00:00,-0.006263012574270348,0.0,0.0008058966666666666,0.0,-0.005457115907603682,1.0,0.5
2020-08-12 00:00:00+00:00,0.005170231798529105,0.0,-0.00331063,0.0,0.0018596017985291046,1.0,0.5
2020-08-13 00:00:00+00:00,0.0364917792159834,0.0,-0.0019617033333333327,0.0,0.034530075882650065,1.0,0.5
2020-08-14 00:00:00+00:00,-0.002978887268510085,0.0,0.001473396666666667,0.0,-0.0015054906018434182,1.0,0.5
2020-08-15 00:00:00+00:00,0.02240070206734916,0.0,0.0004637383333333335,0.0,0.022864440400682494,1.0,0.5
2020-08-16 00:00:00+00:00,-0.0008560272663430775,0.0009333333333333333,-0.0010269166666666664,9.127869421051336e-07,-0.002815364479400972,0.6666666666666666,0.5
2020-08-17 00:00:00+00:00,-0.040131149116795474,0.0,-0.0008045149999999998,9.127869421051336e-07,-0.040934751329853365,0.6666666666666666,0.5
2020-08-18 00:00:00+00:00,-0.013084131902778257,0.0,-0.00082046,8.21549179352843e-07,-0.013903770353598905,0.6666666666666666,0.5
2020-08-19 00:00:00+00:00,0.016164190762495142,0.0,-0.00022362166666666663,1.0040156155355364e-06,0.01594157311144401,0.6666666666666666,0.5
2020-08-20 00:00:00+00:00,0.020334073055728763,0.0,-3.065333333333338e-05,1.0040156155355364e-06,0.020304423738010967,0.6666666666666666,0.5
2020-08-21 00:00:00+00:00,-0.053019236704905826,0.0,-0.000728465,9.127869421051336e-07,-0.053746788917963716,0.6666666666666666,0.5
2020-08-22 00:00:00+00:00,0.05460511204901445,0.0,-0.00024362333333333332,9.127869421051336e-07,0.054362401502623225,0.6666666666666666,0.5
2020-08-23 00:00:00+00:00,0.0693655452675068,0.00023333333333333333,0.0002679983333333333,3.0401912391069266e-22,0.0694002102675068,0.9999999999999999,0.5
2020-08-24 00:00:00+00:00,-0.011193916316856048,0.0,8.360000000000003e-05,3.647866014483762e-22,-0.011110316316856049,0.9999999999999999,0.5
2020-08-25 00:00:00+00:00,0.007175410134147608,0.0,-0.0001798533333333334,3.344043760352254e-22,0.006995556800814274,0.9999999999999999,0.5
2020-08-26 00:00:00+00:00,-0.005796171784857619,0.0,-4.0648333333333274e-05,3.344043760352254e-22,-0.005836820118190952,0.9999999999999999,0.5
2020-08-27 00:00:00+00:00,-0.005655722143636816,0.0,-5.6286666666666705e-05,3.344043760352254e-22,-0.0057120088103034825,0.9999999999999999,0.5
2020-08-28 00:00:00+00:00,0.006931468232176496,0.0,-1.1543333333333274e-05,3.0401912391069266e-22,0.006919924898843162,0.9999999999999999,0.5
2020-08-29 00:00:00+00:00,-0.002302480508752574,0.0,0.0005489216666666666,3.0401912391069266e-22,-0.0017535588420859072,0.9999999999999999,0.5
2020-08-30 00:00:00+00:00,0.016931351249997152,0.00046666666666666666,0.00044782666666666666,0.0,0.016912511249997153,1.0,0.5
2020-08-31 00:00:00+00:00,-0.0053153250678363295,0.0,0.0016701149999999996,0.0,-0.0036452100678363297,1.0,0.5
2020-09-01 00:00:00+00:00,0.003940701275355191,0.0,0.0027552966666666663,0.0,0.006695997942021858,1.0,0.5
2020-09-02 00:00:00+00:00,-0.007071334184650226,0.0,0.002137803333333333,0.0,-0.004933530851316893,1.0,0.5
2020-09-03 00:00:00+00:00,-0.005270193841520467,0.0,0.0013564116666666666,0.0,-0.003913782174853801,1.0,0.5
2020-09-04 00:00:00+00:00,-0.025240298207405237,0.0,0.0015512533333333334,0.0,-0.023689044874071905,1.0,0.5
2020-09-05 00:00:00+00:00,-0.01900817382714509,0.0,0.000973455,0.0,-0.018034718827145087,1.0,0.5
2020-09-06 00:00:00+00:00,-0.0028717865512493113,0.0014,6.0780000000000004e-05,0.0,-0.004211006551249312,1.0,0.5
2020-09-07 00:00:00+00:00,-0.008672596952527775,0.0,0.0008640516666666667,0.0,-0.007808545285861108,1.0,0.5
2020-09-08 00:00:00+00:00,0.03137483121075746,0.0,0.0006454516666666668,0.0,0.032020282877424124,1.0,0.5
2020-09-09 00:00:00+00:00,-0.010655373836504639,0.0,0.000655545,0.0,-0.009999828836504639,1.0,0.5
2020-09-10 00:00:00+00:00,-0.024689189643791517,0.0,0.0008880616666666665,0.0,-0.02380112797712485,1.0,0.5
2020-09-11 00:00:00+00:00,0.012459515132214345,0.0,0.001030545,0.0,0.013490060132214345,1.0,0.5
2020-09-12 00:00:00+00:00,0.004531537746212993,0.0,0.0006363000000000001,0.0,0.005167837746212993,1.0,0.5
2020-09-13 00:00:00+00:00,0.023367728824980186,0.00046666666666666666,0.0015991183333333332,0.0,0.02450018049164685,1.0,0.5
2020-09-14 00:00:00+00:00,-0.01887667137592295,0.0,0.0021649166666666666,0.0,-0.016711754709256284,1.0,0.5
2020-09-15 00:00:00+00:00,-0.008981465320994619,0.0,0.0017885883333333334,0.0,-0.007192876987661285,1.0,0.5
2020-09-16 00:00:00+00:00,0.012506410046523085,0.0,0.0016701483333333334,0.0,0.014176558379856418,1.0,0.5
2020-09-17 00:00:00+00:00,0.004989498040923893,0.0,0.00035535833333333333,0.0,0.005344856374257226,1.0,0.5
2020-09-18 00:00:00+00:00,0.03074223392837307,0.0,0.000285215,0.0,0.03102744892837307,1.0,0.5
2020-09-19 00:00:00+00:00,-0.013804149731924658,0.0,0.000530225,0.0,-0.013273924731924657,1.0,0.5
2020-09-20 00:00:00+00:00,0.016357395273561504,0.00035,0.00028504166666666673,4.563934710525669e-07,0.016292893333699224,0.8333333333333333,0.3333333333333333
2020-09-21 00:00:00+00:00,0.03255955933695953,0.0,0.00017944166666666666,4.563934710525669e-07,0.03273945739709725,0.8333333333333333,0.3333333333333333
2020-09-22 00:00:00+00:00,-0.04456970001753443,0.0,0.0002916633333333333,4.563934710525669e-07,-0.04427758029073005,0.8333333333333333,0.3333333333333333
2020-09-23 00:00:00+00:00,0.05246821187342006,0.0,0.0002469583333333333,5.020078077677683e-07,0.05271567221456116,0.8333333333333333,0.3333333333333333
2020-09-24 00:00:00+00:00,-0.04916805509989297,0.0,0.0003209683333333334,4.563934710525669e-07,-0.04884663037308859,0.8333333333333333,0.3333333333333333
2020-09-25 00:00:00+00:00,-0.00945316072338594,0.0,0.000151925,4.563934710525669e-07,-0.009300779329914887,0.8333333333333333,0.3333333333333333
2020-09-26 00:00:00+00:00,0.0034718540326649956,0.0,0.00012308,4.563934710525669e-07,0.003595390426136048,0.8333333333333333,0.3333333333333333
2020-09-27 00:00:00+00:00,-0.018340297596029363,0.00035,0.0007759983333333333,0.0,-0.01791429926269603,1.0,0.5
2020-09-28 00:00:00+00:00,-0.027978065120842374,0.0,0.00035875,0.0,-0.027619315120842373,1.0,0.5
2020-09-29 00:00:00+00:00,-0.013759909798305842,0.0,0.0006682133333333332,0.0,-0.013091696464972508,1.0,0.5
2020-09-30 00:00:00+00:00,-0.005271889679298852,0.0,0.0006712199999999999,0.0,-0.0046006696792988515,1.0,0.5
2020-10-01 00:00:00+00:00,0.018530000990962116,0.0,0.0002806016666666666,0.0,0.018810602657628784,1.0,0.5
2020-10-02 00:00:00+00:00,0.012501367279889057,0.0,-0.00015335833333333324,0.0,0.012348008946555725,1.0,0.5
2020-10-03 00:00:00+00:00,0.016145402297493745,0.0,0.0005491283333333332,0.0,0.016694530630827077,1.0,0.5
2020-10-04 00:00:00+00:00,0.013279274084261179,0.0009333333333333333,7.555833333333333e-05,8.21549179352843e-07,0.012422320633440532,0.6666666666666666,0.16666666666666666
2020-10-05 00:00:00+00:00,0.021130416459528678,0.0,-0.0005614216666666666,9.127869421051336e-07,0.020569907579804116,0.6666666666666666,0.16666666666666666
2020-10-06 00:00:00+00:00,0.053608697253695436,0.0,-0.0009014966666666666,9.127869421051336e-07,0.052708113373970876,0.6666666666666666,0.16666666666666666
2020-10-07 00:00:00+00:00,0.023301657279877964,0.0,-0.0027247199999999995,9.127869421051336e-07,0.02057785006682007,0.6666666666666666,0.16666666666666666
2020-10-08 00:00:00+00:00,-0.03521967461222053,0.0,-0.00273002,8.21549179352843e-07,-0.03794887306304118,0.6666666666666666,0.16666666666666666
2020-10-09 00:00:00+00:00,-0.050958896808598914,0.0,-0.0005125183333333333,9.127869421051336e-07,-0.05147050235499014,0.6666666666666666,0.16666666666666666
2020-10-10 00:00:00+00:00,0.03974089888106728,0.0,-0.0003370733333333333,9.127869421051336e-07,0.03940473833467605,0.6666666666666666,0.16666666666666666
2020-10-11 00:00:00+00:00,-0.006802673338876075,0.0007,-0.0003023166666666667,0.0,-0.007804990005542742,1.0,0.5
2020-10-12 00:00:00+00:00,0.015329056488709986,0.0,-9.212500000000003e-05,0.0,0.015236931488709986,1.0,0.5
2020-10-13 00:00:00+00:00,0.01296930994969377,0.0,0.000582015,0.0,0.01355132494969377,1.0,0.5
2020-10-14 00:00:00+00:00,0.01914961703494818,0.0,9.417333333333329e-05,0.0,0.019243790368281513,1.0,0.5
2020-10-15 00:00:00+00:00,0.00561521226580349,0.0,-0.0002964966666666667,0.0,0.005318715599136823,1.0,0.5
2020-10-16 00:00:00+00:00,0.01824651147406059,0.0,-0.00038554666666666665,0.0,0.017860964807393923,1.0,0.5
2020-10-17 00:00:00+00:00,-0.006765129084772521,0.0,-0.0009153633333333333,0.0,-0.007680492418105854,1.0,0.5
2020-10-18 00:00:00+00:00,-0.019525861871197793,0.00046666666666666666,-3.752333333333334e-05,3.344043760352254e-22,-0.020030051871197795,0.9999999999999999,0.5
2020-10-19 00:00:00+00:00,0.03588036473283096,0.0,-9.341000000000002e-05,3.344043760352254e-22,0.03578695473283096,0.9999999999999999,0.5
2020-10-20 00:00:00+00:00,0.02136697470565846,0.0,-0.0003898883333333333,3.0401912391069266e-22,0.020977086372325125,0.9999999999999999,0.5
2020-10-21 00:00:00+00:00,0.00789315314903024,0.0,-0.00010297999999999999,3.0401912391069266e-22,0.00779017314903024,0.9999999999999999,0.5
2020-10-22 00:00:00+00:00,-0.009493164147354018,0.0,-0.0005114733333333333,2.7363084443382853e-22,-0.010004637480687351,0.9999999999999999,0.5
2020-10-23 00:00:00+00:00,-0.006138408164488591,0.0,-0.0003599383333333333,3.0401912391069266e-22,-0.006498346497821924,0.9999999999999999,0.5
2020-10-24 00:00:00+00:00,0.0030183963605902586,0.0,-8.212500000000003e-05,3.0401912391069266e-22,0.0029362713605902585,0.9999999999999999,0.5
2020-10-25 00:00:00+00:00,0.01636950047848042,0.0007,-0.00025997,0.0,0.01540953047848042,1.0,0.5
2020-10-26 00:00:00+00:00,-0.03347219498224974,0.0,-0.0017435916666666666,0.0,-0.035215786648916406,1.0,0.5
2020-10-27 00:00:00+00:00,-0.07612196837742802,0.0,-0.00164733,0.0,-0.07776929837742802,1.0,0.5
2020-10-28 00:00:00+00:00,0.058472974665077386,0.0,-0.0028346666666666663,0.0,0.05563830799841072,1.0,0.5
2020-10-29 00:00:00+00:00,0.03230861761681271,0.0,-0.0011053899999999997,0.0,0.03120322761681271,1.0,0.5
2020-10-30 00:00:00+00:00,0.012215294566383391,0.0,-0.0007329066666666665,0.0,0.011482387899716725,1.0,0.5
2020-10-31 00:00:00+00:00,0.009713332450801268,0.0,-0.0009094816666666665,0.0,0.008803850784134601,1.0,0.5
2020-11-01 00:00:00+00:00,-0.0074453666861432795,0.00046666666666666666,0.00019402,0.0,-0.007718013352809946,1.0,0.5
2020-11-02 00:00:00+00:00,0.009843465308834343,0.0,7.475333333333333e-05,0.0,0.009918218642167676,1.0,0.5
2020-11-03 00:00:00+00:00,0.018380702217192714,0.0,3.6961666666666676e-05,0.0,0.018417663883859382,1.0,0.5
2020-11-04 00:00:00+00:00,0.021994077163629125,0.0,0.00016183833333333335,0.0,0.02215591549696246,1.0,0.5
2020-11-05 00:00:00+00:00,0.021677089751672318,0.0,0.00010181,0.0,0.02177889975167232,1.0,0.5
2020-11-06 00:00:00+00:00,-0.13239804316409454,0.0,-7.475166666666668e-05,0.0,-0.13247279483076121,1.0,0.5
2020-11-07 00:00:00+00:00,-0.053130026202612674,0.0,-0.00025354666666666664,0.0,-0.05338357286927934,1.0,0.5
2020-11-08 00:00:00+00:00,-0.011736395300059356,0.0007,-0.0001451666666666666,0.0,-0.012581561966726022,1.0,0.5
2020-11-09 00:00:00+00:00,0.014441285823642572,0.0,-5.6276666666666656e-05,0.0,0.014385009156975905,1.0,0.5
2020-11-10 00:00:00+00:00,-0.0575895367767316,0.0,6.450999999999996e-05,0.0,-0.0575250267767316,1.0,0.5
2020-11-11 00:00:00+00:00,0.048328810573801985,0.0,-5.8575e-05,0.0,0.04827023557380199,1.0,0.5
2020-11-12 00:00:00+00:00,0.025543971339812656,0.0,3.8111666666666656e-05,0.0,0.025582083006479323,1.0,0.5
2020-11-13 00:00:00+00:00,-0.06354301084937677,0.0,-1.6116666666666634e-05,0.0,-0.06355912751604344,1.0,0.5
2020-11-14 00:00:00+00:00,-0.0012901567411405064,0.0,-0.00013971333333333337,0.0,-0.0014298700744738398,1.0,0.5
2020-11-15 00:00:00+00:00,0.04283222472759255,0.0009333333333333333,0.0016999583333333333,2.7363084443382853e-22,0.04359884972759255,0.9999999999999999,0.5
2020-11-16 00:00:00+00:00,-0.02660288883481303,0.0,0.0019022466666666665,2.7363084443382853e-22,-0.024700642168146363,0.9999999999999999,0.5
2020-11-17 00:00:00+00:00,-0.02209275439834161,0.0,0.0015086500000000003,2.7363084443382853e-22,-0.02058410439834161,0.9999999999999999,0.5
2020-11-18 00:00:00+00:00,-0.036666457230338956,0.0,0.00022087500000000004,2.7363084443382853e-22,-0.03644558223033895,0.9999999999999999,0.5
2020-11-19 00:00:00+00:00,0.06897121524777473,0.0,0.00017382999999999998,2.1284520113047907e-22,0.06914504524777473,0.9999999999999999,0.5
2020-11-20 00:00:00+00:00,-0.006334122653603523,0.0,8.63666666666655e-06,2.1284520113047907e-22,-0.0063254859869368565,0.9999999999999999,0.5
2020-11-21 00:00:00+00:00,-0.02042146131680702,0.0,-0.00028541333333333325,2.1284520113047907e-22,-0.020706874650140355,0.9999999999999999,0.5
2020-11-22 00:00:00+00:00,-0.025381948382128868,0.0005833333333333333,-0.0008981066666666667,9.585695684988238e-07,-0.026862429812560366,0.5,0.5
2020-11-23 00:00:00+00:00,-0.005346325997890088,0.0,-0.0016403666666666666,1.0954534884755063e-06,-0.006985597211068279,0.5,0.5
2020-11-24 00:00:00+00:00,-0.03617069388259243,0.0,-0.00196832,1.2323237690292643e-06,-0.03813778155882341,0.5,0.5
2020-11-25 00:00:00+00:00,-0.04313848945267784,0.0,-0.0015266416666666668,1.2323237690292643e-06,-0.04466389879557548,0.5,0.5
2020-11-26 00:00:00+00:00,0.018282625435865785,0.0,0.00038125833333333336,1.2323237690292643e-06,0.018665116092968146,0.5,0.5
2020-11-27 00:00:00+00:00,0.021516995765419468,0.0,0.0010077250000000001,1.2323237690292643e-06,0.022525953089188498,0.5,0.5
2020-11-28 00:00:00+00:00,-0.019184049082675715,0.0,2.8469999999999963e-05,1.2323237690292643e-06,-0.019154346758906687,0.5,0.5
2020-11-29 00:00:00+00:00,0.018392176036151044,0.0006999999999999999,-0.00020093666666666664,4.107745896764216e-07,0.017491650144074056,0.8333333333333333,0.5
2020-11-30 00:00:00+00:00,0.022044479093910864,0.0,-0.00041269166666666666,3.651511628251689e-07,0.021632152578407022,0.8333333333333333,0.5
2020-12-01 00:00:00+00:00,0.03008898372674042,0.0,0.0002849383333333333,4.107745896764216e-07,0.03037433283466343,0.8333333333333333,0.5
2020-12-02 00:00:00+00:00,0.02419162685450745,0.0,1.5616666666666893e-06,4.107745896764216e-07,0.024193599295763795,0.8333333333333333,0.5
2020-12-03 00:00:00+00:00,-0.003049929621095831,0.0,-0.00046259833333333326,3.651511628251689e-07,-0.003512162803266339,0.8333333333333333,0.5
2020-12-04 00:00:00+00:00,-0.027183366313248913,0.0,-0.00048383166666666675,4.107745896764216e-07,-0.027666787205325904,0.8333333333333333,0.5
2020-12-05 00:00:00+00:00,0.03893315569240026,0.0,0.00015557833333333331,4.107745896764216e-07,0.03908914480032327,0.8333333333333333,0.5
2020-12-06 00:00:00+00:00,0.008870842992884818,0.00046666666666666666,6.515666666666667e-05,4.107745896764216e-07,0.008469743767474494,0.8333333333333333,0.5
2020-12-07 00:00:00+00:00,0.00019479264716518868,0.0,0.0001799383333333333,3.651511628251689e-07,0.00037509613166134714,0.8333333333333333,0.5
2020-12-08 00:00:00+00:00,-0.017643143774319935,0.0,0.00020455833333333335,4.107745896764216e-07,-0.017438174666396924,0.8333333333333333,0.5
2020-12-09 00:00:00+00:00,0.03270060208068674,0.0,0.00035778333333333335,3.651511628251689e-07,0.0330587505651829,0.8333333333333333,0.5
2020-12-10 00:00:00+00:00,-0.010302619632581906,0.0,0.00030968666666666663,3.651511628251689e-07,-0.009992567814752414,0.8333333333333333,0.5
2020-12-11 00:00:00+00:00,-0.022645671874242747,0.0,0.0016598449999999999,3.651511628251689e-07,-0.020985461723079923,0.8333333333333333,0.5
2020-12-12 00:00:00+00:00,0.0038427342109165,0.0,0.0008886116666666666,3.651511628251689e-07,0.004731711028745991,0.8333333333333333,0.5
2020-12-13 00:00:00+00:00,0.04023838737514849,0.0005833333333333333,0.0003974733333333334,0.0,0.04005252737514849,1.0,0.5
2020-12-14 00:00:00+00:00,0.008007374567822707,0.0,0.00017459666666666665,0.0,0.008181971234489374,1.0,0.5
2020-12-15 00:00:00+00:00,-0.006689753517286068,0.0,0.0004582216666666666,0.0,-0.0062315318506194015,1.0,0.5
2020-12-16 00:00:00+00:00,0.02282794972268098,0.0,0.0006025733333333333,0.0,0.023430523056014313,1.0,0.5
2020-12-17 00:00:00+00:00,-0.011906203558574913,0.0,0.0007784149999999997,0.0,-0.011127788558574913,1.0,0.5
2020-12-18 00:00:00+00:00,0.01713025538943349,0.0,0.00037088499999999994,0.0,0.01750114038943349,1.0,0.5
2020-12-19 00:00:00+00:00,-0.007209590993611125,0.0,0.0005876150000000001,0.0,-0.006621975993611124,1.0,0.5
2020-12-20 00:00:00+00:00,-0.013737002628450807,0.0009333333333333332,-0.00023081166666666662,0.0,-0.014901147628450807,1.0,0.5
2020-12-21 00:00:00+00:00,0.0068438892191610146,0.0,-0.0011201800000000001,0.0,0.005723709219161014,1.0,0.5
2020-12-22 00:00:00+00:00,0.06516241155631707,0.0,-0.00048679,0.0,0.06467562155631706,1.0,0.5
2020-12-23 00:00:00+00:00,0.05543340791623231,0.0,-0.0007887249999999999,0.0,0.05464468291623231,1.0,0.5
2020-12-24 00:00:00+00:00,-0.04929587765632023,0.0,-0.0011818533333333332,0.0,-0.050477730989653566,1.0,0.5
2020-12-25 00:00:00+00:00,0.03165050127628677,0.0,-0.00017241833333333332,0.0,0.031478082942953435,1.0,0.5
2020-12-26 00:00:00+00:00,0.007157780389222417,0.0,-9.817166666666665e-05,0.0,0.007059608722555751,1.0,0.5
2020-12-27 00:00:00+00:00,0.0005538628673752064,0.0009333333333333333,-0.00033730666666666653,0.0,-0.0007167771326247935,1.0,0.5
2020-12-28 00:00:00+00:00,0.028618956190033015,0.0,-0.0004530399999999998,0.0,0.028165916190033016,1.0,0.5
2020-12-29 00:00:00+00:00,0.04767095547082929,0.0,-0.001242645,0.0,0.04642831047082929,1.0,0.5
2020-12-30 00:00:00+00:00,-0.02884816849995262,0.0,-0.0018682333333333331,0.0,-0.030716401833285955,1.0,0.5
2020-12-31 00:00:00+00:00,-0.050733537213456796,0.0,-0.0017172083333333334,0.0,-0.05245074554679013,1.0,0.5
2021-01-01 00:00:00+00:00,-0.002107290238155886,0.0,-0.0012765299999999997,0.0,-0.0033838202381558857,1.0,0.5
2021-01-02 00:00:00+00:00,0.05758070996904213,0.0,-0.0012074616666666667,0.0,0.056373248302375466,1.0,0.5
2021-01-03 00:00:00+00:00,-0.04551223168944257,0.0011666666666666665,0.0007540233333333331,2.7363084443382853e-22,-0.04592487502277591,0.9999999999999999,0.5
2021-01-04 00:00:00+00:00,-0.055968579134944865,0.0,0.0008841416666666663,2.7363084443382853e-22,-0.0550844374682782,0.9999999999999999,0.5
2021-01-05 00:00:00+00:00,-0.005475530218570076,0.0,0.0007180016666666667,2.7363084443382853e-22,-0.00475752855190341,0.9999999999999999,0.5
2021-01-06 00:00:00+00:00,-0.12765945338494647,0.0,-0.0001682883333333331,2.7363084443382853e-22,-0.1278277417182798,0.9999999999999999,0.5
2021-01-07 00:00:00+00:00,-0.11578277871352269,0.0,0.0006031083333333336,2.7363084443382853e-22,-0.11517967038018935,0.9999999999999999,0.5
2021-01-08 00:00:00+00:00,-0.011993356510860677,0.0,0.0011325066666666667,2.4323953706229113e-22,-0.01086084984419401,0.9999999999999999,0.5
2021-01-09 00:00:00+00:00,0.0056747796555869,0.0,0.0012856583333333332,2.4323953706229113e-22,0.006960437988920234,0.9999999999999999,0.5
2021-01-10 00:00:00+00:00,-0.017610718130473196,0.0007,-0.000862846666666667,7.303023256503376e-07,-0.01917283449481421,0.6666666666666666,0.5
2021-01-11 00:00:00+00:00,-0.03627882801898559,0.0,2.5098333333333465e-05,7.303023256503376e-07,-0.03625299938332661,0.6666666666666666,0.5
2021-01-12 00:00:00+00:00,-0.0003614885079883763,0.0,0.00027179,8.21549179352843e-07,-8.887695880902344e-05,0.6666666666666666,0.5
2021-01-13 00:00:00+00:00,0.043782525200622646,0.0,4.534999999999999e-05,8.21549179352843e-07,0.043828696749802,0.6666666666666666,0.5
2021-01-14 00:00:00+00:00,0.027952957195600127,0.0,-7.338333333333332e-05,8.21549179352843e-07,0.027880395411446147,0.6666666666666666,0.5
2021-01-15 00:00:00+00:00,-0.015724635745075266,0.0,-9.680333333333334e-05,8.21549179352843e-07,-0.015820617529229246,0.6666666666666666,0.5
2021-01-16 00:00:00+00:00,0.035758066650818134,0.0,-9.009166666666679e-05,8.21549179352843e-07,0.03566879653333082,0.6666666666666666,0.5
2021-01-17 00:00:00+00:00,-0.003679057230254079,0.0008166666666666667,0.00016547333333333337,4.107745896764216e-07,-0.004329839788997736,0.8333333333333333,0.5
2021-01-18 00:00:00+00:00,-0.0016392562209469799,0.0,0.00029320166666666663,4.107745896764216e-07,-0.0013456437796906368,0.8333333333333333,0.5
2021-01-19 00:00:00+00:00,-0.028048885944593538,0.0,0.00019477999999999987,4.107745896764216e-07,-0.027853695170003863,0.8333333333333333,0.5
2021-01-20 00:00:00+00:00,0.04116728456658725,0.0,0.00032944333333333333,3.651511628251689e-07,0.04149709305108341,0.8333333333333333,0.5
2021-01-21 00:00:00+00:00,-0.040264602904491846,0.0,0.0002132266666666666,4.107745896764216e-07,-0.040050965463235506,0.8333333333333333,0.5
2021-01-22 00:00:00+00:00,0.05241575918716297,0.0,-3.463333333333334e-05,3.651511628251689e-07,0.05238149100499247,0.8333333333333333,0.5
2021-01-23 00:00:00+00:00,0.036285757030450096,0.0,6.848666666666665e-05,3.651511628251689e-07,0.03635460884827959,0.8333333333333333,0.5
2021-01-24 00:00:00+00:00,0.06399881130417957,0.0008166666666666667,-0.0005032333333333333,0.0,0.06267891130417957,1.0,0.5
2021-01-25 00:00:00+00:00,-0.03574802482773456,0.0,-0.0003727933333333333,0.0,-0.036120818161067894,1.0,0.5
2021-01-26 00:00:00+00:00,0.011392169471243994,0.0,-0.0002571116666666666,0.0,0.011135057804577327,1.0,0.5
2021-01-27 00:00:00+00:00,0.013939766441657082,0.0,-0.00020835666666666665,0.0,0.013731409774990416,1.0,0.5
2021-01-28 00:00:00+00:00,0.048631693208631935,0.0,-0.0005703499999999999,0.0,0.04806134320863194,1.0,0.5
2021-01-29 00:00:00+00:00,-0.0051048641999404945,0.0,-0.0014505466666666666,0.0,-0.006555410866607161,1.0,0.5
2021-01-30 00:00:00+00:00,0.05030551373341589,0.0,-0.0011454683333333333,0.0,0.04916004540008255,1.0,0.5
2021-01-31 00:00:00+00:00,-0.015816597623455015,0.0009333333333333333,-0.0002620883333333333,0.0,-0.017012019290121683,1.0,0.5
2021-02-01 00:00:00+00:00,0.05398740489043143,0.0,0.00012051166666666665,0.0,0.0541079165570981,1.0,0.5
2021-02-02 00:00:00+00:00,-0.028363309449339125,0.0,0.00031207666666666664,0.0,-0.028051232782672457,1.0,0.5
2021-02-03 00:00:00+00:00,0.045431094334234944,0.0,0.0006056116666666668,0.0,0.04603670600090161,1.0,0.5
2021-02-04 00:00:00+00:00,0.07626873252977014,0.0,-0.0006587166666666669,0.0,0.07561001586310347,1.0,0.5
2021-02-05 00:00:00+00:00,-0.019070438268070995,0.0,-0.001919208333333333,0.0,-0.020989646601404326,1.0,0.5
2021-02-06 00:00:00+00:00,-0.038338021626933685,0.0,-0.00040447500000000006,0.0,-0.03874249662693369,1.0,0.5
2021-02-07 00:00:00+00:00,0.05785987449696006,0.0008166666666666667,-0.0006172566666666667,1.3696581380173717e-07,0.05642608812944053,0.8333333333333333,0.5
2021-02-08 00:00:00+00:00,-0.010168603404501837,0.0,-0.0006547483333333332,2.2825359998387057e-07,-0.010823123484235185,0.8333333333333333,0.5
2021-02-09 00:00:00+00:00,-0.037648477172923835,0.0,-0.0015581849999999997,1.8261198194332223e-07,-0.039206479560941886,0.8333333333333333,0.5
2021-02-10 00:00:00+00:00,0.013679713751484041,0.0,-0.0003367783333333334,2.2825359998387057e-07,0.013343163671750693,0.8333333333333333,0.5
2021-02-11 00:00:00+00:00,-0.028747696480849905,0.0,-0.0009228483333333331,2.2825359998387057e-07,-0.029670316560583256,0.8333333333333333,0.5
2021-02-12 00:00:00+00:00,-0.030817017752784354,0.0,-0.0022889950000000003,1.8261198194332223e-07,-0.03310583014080241,0.8333333333333333,0.5
2021-02-13 00:00:00+00:00,-0.05073115571460354,0.0,-0.0034813083333333334,1.8261198194332223e-07,-0.05421228143595493,0.8333333333333333,0.5
2021-02-14 00:00:00+00:00,-0.01873499616611605,0.0006999999999999999,-0.003999849999999999,5.478359458299664e-07,-0.023434298330170217,0.5,0.5
2021-02-15 00:00:00+00:00,-0.02571826619368415,0.0,-0.0011356449999999998,5.478359458299664e-07,-0.02685336335773832,0.5,0.5
2021-02-16 00:00:00+00:00,-0.013775967698355115,0.0,-0.0009756433333333333,5.478359458299664e-07,-0.014751063195742618,0.5,0.5
2021-02-17 00:00:00+00:00,0.041517174147506455,0.0,-0.0015049933333333332,5.478359458299664e-07,0.04001272865011895,0.5,0.5
2021-02-18 00:00:00+00:00,0.0701380641496988,0.0,-0.0035186333333333333,4.1089744140521134e-07,0.06661984171380686,0.5,0.5
2021-02-19 00:00:00+00:00,0.09853991323684805,0.0,-0.003393201666666666,5.478359458299664e-07,0.09514725940612721,0.5,0.5
2021-02-20 00:00:00+00:00,-0.03492883388769824,0.0,-0.0051317716666666666,5.478359458299664e-07,-0.04006005771841908,0.5,0.5
2021-02-21 00:00:00+00:00,0.027259032927800388,0.00023333333333333333,-0.0012235933333333332,5.478359458299664e-07,0.025802654097079554,0.5,0.5
2021-02-22 00:00:00+00:00,-0.036892410110217114,0.0,0.00022259166666666676,4.1089744140521134e-07,-0.03666940754610904,0.5,0.5
2021-02-23 00:00:00+00:00,-0.06938409318751283,0.0,0.00040828500000000004,5.478359458299664e-07,-0.06897526035156701,0.5,0.5
2021-02-24 00:00:00+00:00,0.050140759715112074,0.0,0.00044023999999999995,4.1089744140521134e-07,0.05058141061255348,0.5,0.5
2021-02-25 00:00:00+00:00,-0.02404682310827109,0.0,0.00022430666666666666,5.478359458299664e-07,-0.02382196860565859,0.5,0.5
2021-02-26 00:00:00+00:00,0.01772264963468077,0.0,0.0006454666666666666,5.478359458299664e-07,0.018368664137293267,0.5,0.5
2021-02-27 00:00:00+00:00,0.007784202472659263,0.0,0.00030735833333333335,5.478359458299664e-07,0.008092108641938427,0.5,0.5
2021-02-28 00:00:00+00:00,-0.020208565125929442,0.00035,-1.9074999999999908e-05,1.2164401615554575e-22,-0.02057764012592944,0.9999999999999999,0.5
2021-03-01 00:00:00+00:00,0.02201831682783538,0.0,0.00038983833333333336,1.5204744129340396e-22,0.022408155161168713,0.9999999999999999,0.5
2021-03-02 00:00:00+00:00,-0.07203183215959393,0.0,9.649833333333336e-05,1.2164401615554575e-22,-0.07193533382626059,0.9999999999999999,0.5
2021-03-03 00:00:00+00:00,0.02051512683666847,0.0,0.000283625,1.5204744129340396e-22,0.020798751836668468,0.9999999999999999,0.5
2021-03-04 00:00:00+00:00,-0.006598969020613798,0.0,-5.215666666666665e-05,1.2164401615554575e-22,-0.006651125687280464,0.9999999999999999,0.5
2021-03-05 00:00:00+00:00,0.01806131716728121,0.0,0.0004941416666666667,1.2164401615554575e-22,0.018555458833947876,0.9999999999999999,0.5
2021-03-06 00:00:00+00:00,-0.031016980351885173,0.0,0.00020636666666666668,1.2164401615554575e-22,-0.030810613685218508,0.9999999999999999,0.5
2021-03-07 00:00:00+00:00,0.02266126265702417,0.0009333333333333333,0.000553645,0.0,0.022281574323690833,1.0,0.5
2021-03-08 00:00:00+00:00,-0.004792913031476016,0.0,0.00028519833333333334,0.0,-0.004507714698142682,1.0,0.5
2021-03-09 00:00:00+00:00,-0.027011123313540407,0.0,0.00026436000000000016,0.0,-0.026746763313540405,1.0,0.5
2021-03-10 00:00:00+00:00,0.011217656461195475,0.0,0.0003727550000000001,0.0,0.011590411461195476,1.0,0.5
2021-03-11 00:00:00+00:00,0.0022657509412608943,0.0,4.58949999999999e-05,0.0,0.002311645941260894,1.0,0.5
2021-03-12 00:00:00+00:00,0.0010096599352853826,0.0,-0.0003207433333333334,0.0,0.0006889166019520491,1.0,0.5
2021-03-13 00:00:00+00:00,-0.020583641976292588,0.0,-0.00011889500000000016,0.0,-0.02070253697629259,1.0,0.5
2021-03-14 00:00:00+00:00,0.01162529913470676,0.0009333333333333333,0.0008528283333333332,0.0,0.01154479413470676,1.0,0.5
2021-03-15 00:00:00+00:00,-0.009094953258240186,0.0,0.0005933666666666665,0.0,-0.00850158659157352,1.0,0.5
2021-03-16 00:00:00+00:00,0.012304001531795209,0.0,0.0006314766666666667,0.0,0.012935478198461876,1.0,0.5
2021-03-17 00:00:00+00:00,0.058527840464492005,0.0,0.00046845833333333326,0.0,0.058996298797825336,1.0,0.5
2021-03-18 00:00:00+00:00,-0.016570498634087397,0.0,0.0011845766666666664,0.0,-0.01538592196742073,1.0,0.5
2021-03-19 00:00:00+00:00,-0.005932573895878922,0.0,0.0010323416666666663,0.0,-0.004900232229212256,1.0,0.5
2021-03-20 00:00:00+00:00,-0.004566308704603115,0.0,0.0012799983333333334,0.0,-0.003286310371269782,1.0,0.5
2021-03-21 00:00:00+00:00,0.02015025277350524,0.0008166666666666667,-5.308166666666666e-05,4.5659823773765636e-08,0.01928055009999568,0.8333333333333333,0.5
2021-03-22 00:00:00+00:00,-0.012021623367077384,0.0,0.00042432333333333326,1.3696581380173717e-07,-0.011597163067930249,0.8333333333333333,0.5
2021-03-23 00:00:00+00:00,-0.005174172166558506,0.0,0.0002498316666666666,4.5659823773765636e-08,-0.0049242948400680655,0.8333333333333333,0.5
2021-03-24 00:00:00+00:00,-0.01237696535432451,0.0,0.0003676199999999999,9.131509470794445e-08,-0.0120092540392298,0.8333333333333333,0.5
2021-03-25 00:00:00+00:00,-0.004749561360645324,0.0,4.3041666666666644e-05,9.131509470794445e-08,-0.004706428378883949,0.8333333333333333,0.5
2021-03-26 00:00:00+00:00,0.06467566097738826,0.0,0.0001680983333333333,9.131509470794445e-08,0.06484385062581631,0.8333333333333333,0.5
2021-03-27 00:00:00+00:00,0.019466784553521445,0.0,-7.155999999999995e-05,9.131509470794445e-08,0.019395315868616154,0.8333333333333333,0.5
2021-03-28 00:00:00+00:00,-0.05613367972697482,0.0005833333333333333,0.0006885000000000001,0.0,-0.05602851306030815,1.0,0.5
2021-03-29 00:00:00+00:00,0.010675316667098698,0.0,0.0009948649999999997,0.0,0.011670181667098697,1.0,0.5
2021-03-30 00:00:00+00:00,0.04535683986463138,0.0,0.0009850966666666667,0.0,0.04634193653129805,1.0,0.5
2021-03-31 00:00:00+00:00,0.10666582812047165,0.0,0.0005553833333333332,0.0,0.10722121145380499,1.0,0.5
2021-04-01 00:00:00+00:00,-0.022956394574434505,0.0,0.0006375333333333334,0.0,-0.022318861241101173,1.0,0.5
2021-04-02 00:00:00+00:00,-0.028387371087412183,0.0,0.00118483,0.0,-0.027202541087412182,1.0,0.5
2021-04-03 00:00:00+00:00,0.052864076745682304,0.0,0.0003305966666666664,0.0,0.05319467341234897,1.0,0.5
2021-04-04 00:00:00+00:00,0.02985777835719946,0.0009333333333333333,0.0003753333333333334,0.0,0.029299778357199456,1.0,0.5
2021-04-05 00:00:00+00:00,-0.004270479492885004,0.0,0.0008640833333333335,0.0,-0.003406396159551671,1.0,0.5
2021-04-06 00:00:00+00:00,-0.0491466798850028,0.0,0.0006914216666666669,0.0,-0.048455258218336135,1.0,0.5
2021-04-07 00:00:00+00:00,-0.01532964443092777,0.0,0.00043776499999999995,0.0,-0.014891879430927771,1.0,0.5
2021-04-08 00:00:00+00:00,0.00980506277426,0.0,0.0005309666666666665,0.0,0.010336029440926667,1.0,0.5
2021-04-09 00:00:00+00:00,0.010116433542271985,0.0,0.00061603,0.0,0.010732463542271985,1.0,0.5
2021-04-10 00:00:00+00:00,-0.00681514276902619,0.0,0.0005745916666666667,0.0,-0.006240551102359523,1.0,0.5
2021-04-11 00:00:00+00:00,-0.0003650444591328417,0.00046666666666666666,0.00025653833333333343,0.0,-0.0005751727924661749,1.0,0.5
2021-04-12 00:00:00+00:00,-0.09061566029905861,0.0,0.00039981166666666634,0.0,-0.09021584863239195,1.0,0.5
2021-04-13 00:00:00+00:00,0.05661063900396757,0.0,0.0004535166666666666,0.0,0.057064155670634234,1.0,0.5
2021-04-14 00:00:00+00:00,-0.019015575679764692,0.0,0.00011470666666666643,0.0,-0.018900869013098027,1.0,0.5
2021-04-15 00:00:00+00:00,-0.018954916635274432,0.0,0.0004759466666666665,0.0,-0.018478969968607765,1.0,0.5
2021-04-16 00:00:00+00:00,-0.062399650368171,0.0,-0.0002785733333333332,0.0,-0.06267822370150433,1.0,0.5
2021-04-17 00:00:00+00:00,0.04139169669504922,0.0,-0.0001512299999999998,0.0,0.041240466695049216,1.0,0.5
2021-04-18 00:00:00+00:00,0.011117719421884237,0.0008166666666666667,-6.391000000000003e-05,9.131509470794445e-08,0.010237234070312278,0.8333333333333333,0.5
2021-04-19 00:00:00+00:00,-0.0033051951255559167,0.0,1.7394999999999985e-05,9.131509470794445e-08,-0.003287708810461209,0.8333333333333333,0.5
2021-04-20 00:00:00+00:00,0.00826166331339569,0.0,-0.00010713166666666667,1.3696581380173717e-07,0.008154668612542826,0.8333333333333333,0.5
2021-04-21 00:00:00+00:00,-0.018609464687554,0.0,-0.00013392833333333333,1.3696581380173717e-07,-0.01874325605507353,0.8333333333333333,0.5
2021-04-22 00:00:00+00:00,-0.021538306355002847,0.0,-4.4603333333333354e-05,1.3696581380173717e-07,-0.02158277272252238,0.8333333333333333,0.5
2021-04-23 00:00:00+00:00,-0.038105820085839695,0.0,-0.00010898333333333333,1.3696581380173717e-07,-0.038214666453359226,0.8333333333333333,0.5
2021-04-24 00:00:00+00:00,-0.0021805538255411684,0.0,-0.00024800000000000007,1.3696581380173717e-07,-0.0024284168597273666,0.8333333333333333,0.5
2021-04-25 00:00:00+00:00,-0.004675225488232015,0.00035,-0.00012542833333333329,0.0,-0.005150653821565348,1.0,0.5
2021-04-26 00:00:00+00:00,0.018005183332739032,0.0,-0.00011786166666666667,0.0,0.017887321666072365,1.0,0.5
2021-04-27 00:00:00+00:00,-0.02691103240212226,0.0,1.707333333333331e-05,0.0,-0.026893959068788928,1.0,0.5
2021-04-28 00:00:00+00:00,0.006192808628135149,0.0,-0.0001213216666666667,0.0,0.006071486961468482,1.0,0.5
2021-04-29 00:00:00+00:00,0.009552706436989467,0.0,-1.945166666666664e-05,0.0,0.0095332547703228,1.0,0.5
2021-04-30 00:00:00+00:00,0.0353921177557072,0.0,0.00010485833333333334,0.0,0.03549697608904053,1.0,0.5
2021-05-01 00:00:00+00:00,-0.010218590253752954,0.0,-7.974666666666659e-05,0.0,-0.01029833692041962,1.0,0.5
2021-05-02 00:00:00+00:00,-0.017666349638763436,0.0011666666666666665,-3.677333333333341e-05,0.0,-0.018869789638763436,1.0,0.5
2021-05-03 00:00:00+00:00,0.05385325441330711,0.0,0.00019706833333333332,0.0,0.05405032274664044,1.0,0.5
2021-05-04 00:00:00+00:00,0.12626680259299744,0.0,-0.00012049666666666666,0.0,0.12614630592633078,1.0,0.5
2021-05-05 00:00:00+00:00,0.029274914746498015,0.0,0.00022210166666666674,0.0,0.02949701641316468,1.0,0.5
2021-05-06 00:00:00+00:00,0.02752766455212816,0.0,0.0012426166666666665,0.0,0.028770281218794824,1.0,0.5
2021-05-07 00:00:00+00:00,0.028587388609482418,0.0,0.0003546550000000001,0.0,0.028942043609482417,1.0,0.5
2021-05-08 00:00:00+00:00,0.013792759321576639,0.0,6.4383333333333155e-06,0.0,0.013799197654909973,1.0,0.5
2021-05-09 00:00:00+00:00,-0.02925209326418911,0.00046666666666666666,0.00032209333333333334,0.0,-0.029396666597522447,1.0,0.5
2021-05-10 00:00:00+00:00,-0.01028108830829829,0.0,0.0004842249999999999,0.0,-0.00979686330829829,1.0,0.5
2021-05-11 00:00:00+00:00,-0.0014266388916260916,0.0,-8.324999999999992e-06,0.0,-0.0014349638916260916,1.0,0.5
2021-05-12 00:00:00+00:00,-0.013964952321220504,0.0,0.00016972000000000002,0.0,-0.013795232321220504,1.0,0.5
2021-05-13 00:00:00+00:00,0.035776080890929526,0.0,4.609999999999999e-05,0.0,0.03582218089092953,1.0,0.5
2021-05-14 00:00:00+00:00,0.04766747723810253,0.0,2.9953333333333323e-05,0.0,0.04769743057143586,1.0,0.5
2021-05-15 00:00:00+00:00,-0.004927306627970937,0.0,-8.478333333333357e-06,0.0,-0.00493578496130427,1.0,0.5
2021-05-16 00:00:00+00:00,0.0070475172360220575,0.0009333333333333333,0.00035602833333333325,3.0415552592377014e-23,0.006470212236022057,0.9999999999999999,0.5
2021-05-17 00:00:00+00:00,-0.0018999816459488103,0.0,0.0002858116666666667,6.0828072384352e-23,-0.0016141699792821436,0.9999999999999999,0.5
2021-05-18 00:00:00+00:00,-0.004245905486553236,0.0,9.166499999999998e-05,6.0828072384352e-23,-0.004154240486553236,0.9999999999999999,0.5
2021-05-19 00:00:00+00:00,-0.024149656858280605,0.0,-4.868333333333326e-05,3.0415552592377014e-23,-0.02419834019161394,0.9999999999999999,0.5
2021-05-20 00:00:00+00:00,-0.010787713445924735,0.0,0.000497215,3.0415552592377014e-23,-0.010290498445924735,0.9999999999999999,0.5
2021-05-21 00:00:00+00:00,-0.008039655861903805,0.0,0.0006469216666666667,3.0415552592377014e-23,-0.007392734195237139,0.9999999999999999,0.5
2021-05-22 00:00:00+00:00,-0.014753715764668055,0.0,0.0006019833333333334,3.0415552592377014e-23,-0.014151732431334722,0.9999999999999999,0.5
2021-05-23 00:00:00+00:00,0.03329964773068968,0.0005833333333333333,0.0004130766666666667,4.5659823773765636e-08,0.033129436723846786,0.8333333333333333,0.3333333333333333
2021-05-24 00:00:00+00:00,-0.009353255284258531,0.0,0.0005660466666666666,9.131509470794445e-08,-0.008787117302497156,0.8333333333333333,0.3333333333333333
2021-05-25 00:00:00+00:00,0.014519610946165737,0.0,0.00020717166666666667,9.131509470794445e-08,0.014726873927927112,0.8333333333333333,0.3333333333333333
2021-05-26 00:00:00+00:00,-0.044813029994220474,0.0,0.00018340333333333333,9.131509470794445e-08,-0.044629535345792434,0.8333333333333333,0.3333333333333333
2021-05-27 00:00:00+00:00,0.013483133306771734,0.0,0.00042915000000000005,9.131509470794445e-08,0.013912374621866442,0.8333333333333333,0.3333333333333333
2021-05-28 00:00:00+00:00,0.009681811361086938,0.0,0.0004461333333333334,4.5659823773765636e-08,0.010127990354244045,0.8333333333333333,0.3333333333333333
2021-05-29 00:00:00+00:00,-0.0048448940064650566,0.0,0.000388055,4.5659823773765636e-08,-0.004456793346641283,0.8333333333333333,0.3333333333333333
2021-05-30 00:00:00+00:00,-0.022781108255774136,0.00046666666666666666,0.00015000000000000001,1.3697947132129684e-07,-0.02309763794296948,0.5,0.0
2021-05-31 00:00:00+00:00,-0.05227916753237134,0.0,0.00014504166666666666,1.3697947132129684e-07,-0.05213398888623336,0.5,0.0
2021-06-01 00:00:00+00:00,0.02058682923453144,0.0,0.00014294333333333332,2.7394528412383323e-07,0.020730046513148897,0.5,0.0
2021-06-02 00:00:00+00:00,-0.020238846752746675,0.0,0.00015000000000000001,2.7394528412383323e-07,-0.02008857280746255,0.5,0.0
2021-06-03 00:00:00+00:00,-0.08095490651165974,0.0,0.00015000000000000001,2.7394528412383323e-07,-0.08080463256637561,0.5,0.0
2021-06-04 00:00:00+00:00,0.03686822221423749,0.0,9.442000000000001e-05,2.7394528412383323e-07,0.03696291615952161,0.5,0.0
2021-06-05 00:00:00+00:00,0.009939842290798603,0.0,0.00015000000000000001,2.7394528412383323e-07,0.010090116236082728,0.5,0.0
2021-06-06 00:00:00+00:00,-0.007355910323527744,0.0007,7.524166666666668e-05,2.7394528412383323e-07,-0.007980394711576954,0.5,0.0
2021-06-07 00:00:00+00:00,0.04727743247163542,0.0,0.00013391333333333334,2.7394528412383323e-07,0.047411619750252876,0.5,0.0
2021-06-08 00:00:00+00:00,-0.0007459994507990988,0.0,0.00013347333333333335,2.7394528412383323e-07,-0.0006122521721816416,0.5,0.0
2021-06-09 00:00:00+00:00,-0.03055601699703647,0.0,7.295e-05,4.1089744140521134e-07,-0.030482656099595065,0.5,0.0
2021-06-10 00:00:00+00:00,0.024395097706287207,0.0,0.00014081,4.1089744140521134e-07,0.024536318603728614,0.5,0.0
2021-06-11 00:00:00+00:00,0.029834623603675503,0.0,0.00015000000000000001,4.1089744140521134e-07,0.02998503450111691,0.5,0.0
2021-06-12 00:00:00+00:00,-0.004237924486938419,0.0,0.00012401166666666666,4.1089744140521134e-07,-0.004113501922830347,0.5,0.0
2021-06-13 00:00:00+00:00,-0.011037233685997593,0.0008166666666666667,6.280166666666667e-05,0.0,-0.011791098685997592,1.0,0.5
2021-06-14 00:00:00+00:00,0.0030196978439652367,0.0,7.526666666666668e-05,0.0,0.0030949645106319035,1.0,0.5
2021-06-15 00:00:00+00:00,0.017301347419495683,0.0,0.00016115,0.0,0.01746249741949568,1.0,0.5
2021-06-16 00:00:00+00:00,0.006909974453710846,0.0,5e-05,0.0,0.006959974453710846,1.0,0.5
2021-06-17 00:00:00+00:00,0.0027769198358289504,0.0,0.00028228,0.0,0.0030591998358289506,1.0,0.5
2021-06-18 00:00:00+00:00,0.007644558786733625,0.0,5.1208333333333336e-05,0.0,0.007695767120066959,1.0,0.5
2021-06-19 00:00:00+00:00,0.007791846563591071,0.0,0.00036930666666666666,0.0,0.008161153230257737,1.0,0.5
2021-06-20 00:00:00+00:00,-0.024575433107611754,0.00046666666666666666,0.0002558133333333333,0.0,-0.024786286440945087,1.0,0.5
2021-06-21 00:00:00+00:00,0.013072482484154102,0.0,0.00022787333333333334,0.0,0.013300355817487435,1.0,0.5
2021-06-22 00:00:00+00:00,0.0041677034930398356,0.0,0.0005680816666666665,0.0,0.0047357851597065025,1.0,0.5
2021-06-23 00:00:00+00:00,0.016678664468287138,0.0,0.00037281666666666663,0.0,0.017051481134953805,1.0,0.5
2021-06-24 00:00:00+00:00,-0.0060463220794422234,0.0,0.00032732,0.0,-0.005719002079442224,1.0,0.5
2021-06-25 00:00:00+00:00,0.00862903891859201,0.0,0.00010429000000000002,0.0,0.00873332891859201,1.0,0.5
2021-06-26 00:00:00+00:00,-0.012826993351060596,0.0,0.00026641666666666665,0.0,-0.012560576684393929,1.0,0.5
2021-06-27 00:00:00+00:00,-0.03109044845699878,0.0008166666666666667,0.00012633666666666667,8.216720066567262e-07,-0.03177995678499212,0.5,0.0
2021-06-28 00:00:00+00:00,-0.03384913537214873,0.0,0.00013312,6.847607999516114e-07,-0.03371533061134878,0.5,0.0
2021-06-29 00:00:00+00:00,-0.03756415016897278,0.0,9.650333333333334e-05,5.478359458299664e-07,-0.03746709899969362,0.5,0.0
2021-06-30 00:00:00+00:00,-0.0158210471999806,0.0,0.00015000000000000001,6.847607999516114e-07,-0.015670362439180647,0.5,0.0
2021-07-01 00:00:00+00:00,0.04194362794129054,0.0,0.00015000000000000001,6.847607999516114e-07,0.04209431270209049,0.5,0.0
2021-07-02 00:00:00+00:00,-0.007694591970956269,0.0,0.00014850833333333334,6.847607999516114e-07,-0.007545398876822984,0.5,0.0
2021-07-03 00:00:00+00:00,-0.023968696145044266,0.0,0.00014048666666666666,6.847607999516114e-07,-0.02382752471757765,0.5,0.0
2021-07-04 00:00:00+00:00,-0.007889513675032043,0.0009333333333333333,0.00011861,2.2825359998387057e-07,-0.008704008754765393,0.8333333333333333,0.3333333333333333
2021-07-05 00:00:00+00:00,0.01229045001639728,0.0,0.00018004166666666665,2.2825359998387057e-07,0.012470719936663932,0.8333333333333333,0.3333333333333333
2021-07-06 00:00:00+00:00,-0.022422535063928252,0.0,0.00017645333333333335,2.2825359998387057e-07,-0.022245853476994936,0.8333333333333333,0.3333333333333333
2021-07-07 00:00:00+00:00,-0.019151737095438454,0.0,0.000200595,2.2825359998387057e-07,-0.01895091384183847,0.8333333333333333,0.3333333333333333
2021-07-08 00:00:00+00:00,0.024116429283312816,0.0,9.301333333333333e-05,2.7389066888557555e-07,0.024209716507315033,0.8333333333333333,0.3333333333333333
2021-07-09 00:00:00+00:00,-0.01516868527467874,0.0,0.00013253333333333332,2.7389066888557555e-07,-0.01503587805067652,0.8333333333333333,0.3333333333333333
2021-07-10 00:00:00+00:00,0.004561674670198745,0.0,0.0002702333333333333,2.7389066888557555e-07,0.004832181894200964,0.8333333333333333,0.3333333333333333
2021-07-11 00:00:00+00:00,-0.0007835332311924748,0.00035,0.000273115,5.477813377711509e-07,-0.0008598704498547036,0.6666666666666666,0.16666666666666666
2021-07-12 00:00:00+00:00,0.018854670201147745,0.0,0.00016271166666666668,4.56507199967741e-07,0.01901783837501438,0.6666666666666666,0.16666666666666666
2021-07-13 00:00:00+00:00,0.01136962765855139,0.0,0.0003409866666666667,4.56507199967741e-07,0.011711070832418024,0.6666666666666666,0.16666666666666666
2021-07-14 00:00:00+00:00,0.012483694007763278,0.0,0.000501815,5.477813377711509e-07,0.012986056789101048,0.6666666666666666,0.16666666666666666
2021-07-15 00:00:00+00:00,-0.0002798647308061746,0.0,0.00035891666666666667,4.56507199967741e-07,7.950844306045983e-05,0.6666666666666666,0.16666666666666666
2021-07-16 00:00:00+00:00,0.03896075926414359,0.0,0.00036286500000000003,4.56507199967741e-07,0.03932408077134355,0.6666666666666666,0.16666666666666666
2021-07-17 00:00:00+00:00,-0.010215760521032551,0.0,0.000288795,4.56507199967741e-07,-0.009926509013832584,0.6666666666666666,0.16666666666666666
2021-07-18 00:00:00+00:00,0.007784902490138782,0.0007,0.00042736499999999997,0.0,0.007512267490138782,1.0,0.5
2021-07-19 00:00:00+00:00,0.007756980945303617,0.0,0.0002922716666666666,0.0,0.008049252611970283,1.0,0.5
2021-07-20 00:00:00+00:00,0.004675299301739707,0.0,0.000286315,0.0,0.004961614301739707,1.0,0.5
2021-07-21 00:00:00+00:00,-0.03557553121675305,0.0,-1.1316666666667222e-06,0.0,-0.035576662883419714,1.0,0.5
2021-07-22 00:00:00+00:00,-0.011737773551203218,0.0,-1.5476666666666667e-05,0.0,-0.011753250217869885,1.0,0.5
2021-07-23 00:00:00+00:00,-0.005804073995675691,0.0,0.000166455,0.0,-0.005637618995675691,1.0,0.5
2021-07-24 00:00:00+00:00,0.02702999962758633,0.0,7.102333333333333e-05,0.0,0.027101022960919662,1.0,0.5
2021-07-25 00:00:00+00:00,0.005240171340600896,0.0008166666666666667,0.00012179500000000001,2.2825359998387057e-07,0.004545527927534212,0.8333333333333333,0.3333333333333333
2021-07-26 00:00:00+00:00,-0.004111753721785941,0.0,0.00016516999999999997,2.2825359998387057e-07,-0.003946355468185957,0.8333333333333333,0.3333333333333333
2021-07-27 00:00:00+00:00,0.006462004912603513,0.0,0.00017035833333333333,2.2825359998387057e-07,0.00663259149953683,0.8333333333333333,0.3333333333333333
2021-07-28 00:00:00+00:00,0.0052290284605946424,0.0,0.0001,2.2825359998387057e-07,0.005329256714194626,0.8333333333333333,0.3333333333333333
2021-07-29 00:00:00+00:00,-0.017811816092268857,0.0,0.0001,2.7389066888557555e-07,-0.017711542201599973,0.8333333333333333,0.3333333333333333
2021-07-30 00:00:00+00:00,-0.0001192292176639036,0.0,0.000126975,2.7389066888557555e-07,8.019673004981982e-06,0.8333333333333333,0.3333333333333333
2021-07-31 00:00:00+00:00,-0.01552783970984047,0.0,0.00019335333333333332,2.7389066888557555e-07,-0.01533421248583825,0.8333333333333333,0.3333333333333333
2021-08-01 00:00:00+00:00,-0.023657402735452637,0.00105,0.00017032666666666666,0.0,-0.024537076068785968,1.0,0.5
2021-08-02 00:00:00+00:00,0.009535584104165088,0.0,7.507666666666665e-05,0.0,0.009610660770831754,1.0,0.5
2021-08-03 00:00:00+00:00,-3.272280999265086e-05,0.0,0.00014080166666666666,0.0,0.0001080788566740158,1.0,0.5
2021-08-04 00:00:00+00:00,0.0038749937115926114,0.0,0.00015435166666666667,0.0,0.004029345378259278,1.0,0.5
2021-08-05 00:00:00+00:00,0.0057489089820614465,0.0,0.0002845516666666666,0.0,0.006033460648728113,1.0,0.5
2021-08-06 00:00:00+00:00,-0.018927217420863687,0.0,0.000388805,0.0,-0.01853841242086369,1.0,0.5
2021-08-07 00:00:00+00:00,-0.029428705836529196,0.0,0.0005145166666666667,0.0,-0.02891418916986253,1.0,0.5
2021-08-08 00:00:00+00:00,-0.0232487014961924,0.0010500000000000002,-0.000599375,8.216720066567262e-07,-0.02489725482418574,0.5,0.5
2021-08-09 00:00:00+00:00,0.03503539534060788,0.0,-0.0002292883333333333,8.216720066567262e-07,0.0348069286792812,0.5,0.5
2021-08-10 00:00:00+00:00,0.132822821295276,0.0,-0.000221595,6.847607999516114e-07,0.13260191105607597,0.5,0.5
2021-08-11 00:00:00+00:00,-0.017436942803868462,0.0,-0.0006413816666666666,6.847607999516114e-07,-0.018077639709735176,0.5,0.5
2021-08-12 00:00:00+00:00,-0.015290739985756547,0.0,-0.00038916499999999996,8.216720066567262e-07,-0.01567908331374989,0.5,0.5
2021-08-13 00:00:00+00:00,0.031124140298739514,0.0,-0.0003390833333333333,8.216720066567262e-07,0.030785878637412837,0.5,0.5
2021-08-14 00:00:00+00:00,-0.02066651694672389,0.0,-0.0005902116666666666,8.216720066567262e-07,-0.0212559069413839,0.5,0.5
2021-08-15 00:00:00+00:00,-0.041491567566733646,0.0009333333333333333,-0.00019089166666666664,2.7389066888557555e-07,-0.04261551867606476,0.8333333333333333,0.5
2021-08-16 00:00:00+00:00,0.003300137550739638,0.0,7.003333333333332e-05,2.7389066888557555e-07,0.003370444774741857,0.8333333333333333,0.5
2021-08-17 00:00:00+00:00,-0.00820902334008818,0.0,7.485166666666666e-05,3.1952318949960806e-07,-0.008133852150232013,0.8333333333333333,0.5
2021-08-18 00:00:00+00:00,0.027786376746318765,0.0,-5.168666666666666e-05,3.1952318949960806e-07,0.0277350096028416,0.8333333333333333,0.5
2021-08-19 00:00:00+00:00,0.046000799920146856,0.0,-5e-05,2.7389066888557555e-07,0.04595107381081574,0.8333333333333333,0.5
2021-08-20 00:00:00+00:00,0.009541841930740664,0.0,-0.00036870166666666657,2.2825359998387057e-07,0.009173368517673981,0.8333333333333333,0.5
2021-08-21 00:00:00+00:00,-0.030278658835797112,0.0,-0.00011196333333333337,2.2825359998387057e-07,-0.030390393915530462,0.8333333333333333,0.5
2021-08-22 00:00:00+00:00,0.01655577946491876,0.0007,-0.00034197333333333324,6.847607999516114e-07,0.01551449089238538,0.5,0.5
2021-08-23 00:00:00+00:00,0.02036378980921179,0.0,-0.0005595016666666668,6.847607999516114e-07,0.019804972903345076,0.5,0.5
2021-08-24 00:00:00+00:00,-0.039007840325237075,0.0,-0.0008068633333333333,6.847607999516114e-07,-0.039814018897770455,0.5,0.5
2021-08-25 00:00:00+00:00,0.011075412954126285,0.0,-0.00018786833333333335,8.216720066567262e-07,0.010888366292799607,0.5,0.5
2021-08-26 00:00:00+00:00,-0.012919346900512718,0.0,-0.00022081166666666665,6.847607999516114e-07,-0.013139473806379432,0.5,0.5
2021-08-27 00:00:00+00:00,0.06669586394890614,0.0,-0.00015000000000000001,6.847607999516114e-07,0.0665465487097061,0.5,0.5
2021-08-28 00:00:00+00:00,0.012576722876042706,0.0,-0.00032862833333333335,6.847607999516114e-07,0.012248779303509323,0.5,0.5
2021-08-29 00:00:00+00:00,0.005988239218367497,0.00011666666666666667,-0.0001679983333333333,4.56507199967741e-07,0.005704030725567465,0.6666666666666666,0.5
2021-08-30 00:00:00+00:00,0.012799530299201889,0.0,-0.00021050666666666668,4.56507199967741e-07,0.012589480139735189,0.6666666666666666,0.5
2021-08-31 00:00:00+00:00,-0.01832653245482842,0.0,-0.0004303,3.652239638866443e-07,-0.018756467230864535,0.6666666666666666,0.5
2021-09-01 00:00:00+00:00,0.005048625122141177,0.0,-0.00027792,4.56507199967741e-07,0.004771161629341145,0.6666666666666666,0.5
2021-09-02 00:00:00+00:00,0.0340164825618119,0.0,-0.0009358033333333332,4.56507199967741e-07,0.03308113573567854,0.6666666666666666,0.5
2021-09-03 00:00:00+00:00,0.028758473990758645,0.0,-0.0004333983333333333,4.56507199967741e-07,0.02832553216462528,0.6666666666666666,0.5
2021-09-04 00:00:00+00:00,0.002312584247967136,0.0,-0.0007589633333333332,4.56507199967741e-07,0.0015540774218337705,0.6666666666666666,0.5
2021-09-05 00:00:00+00:00,0.015958558287054832,0.0007,-0.0013158616666666665,4.56507199967741e-07,0.013943153127588134,0.6666666666666666,0.5
2021-09-06 00:00:00+00:00,0.001651375671844793,0.0,-0.0009645649999999999,4.56507199967741e-07,0.0006872671790447608,0.6666666666666666,0.5
2021-09-07 00:00:00+00:00,-0.014315185327048379,0.0,0.0005653933333333332,4.56507199967741e-07,-0.013749335486515078,0.6666666666666666,0.5
2021-09-08 00:00:00+00:00,0.02633860697685882,0.0,-0.00025732166666666667,4.56507199967741e-07,0.02608174181739212,0.6666666666666666,0.5
2021-09-09 00:00:00+00:00,0.022327589275375627,0.0,-0.00016258666666666666,3.652239638866443e-07,0.02216536783267285,0.6666666666666666,0.5
2021-09-10 00:00:00+00:00,0.10193352307319323,0.0,-0.00020532333333333333,4.56507199967741e-07,0.10172865624705987,0.6666666666666666,0.5
2021-09-11 00:00:00+00:00,0.005960409576257743,0.0,-0.00013916,4.56507199967741e-07,0.005821706083457711,0.6666666666666666,0.5
2021-09-12 00:00:00+00:00,-0.009492456591254214,0.00046666666666666666,-0.00011304,0.0,-0.010072163257920881,1.0,0.5
2021-09-13 00:00:00+00:00,0.0035971749224430307,0.0,-7.113333333333333e-05,0.0,0.0035260415891096974,1.0,0.5
2021-09-14 00:00:00+00:00,-0.03967764096504035,0.0,0.0,0.0,-0.03967764096504035,1.0,0.5
2021-09-15 00:00:00+00:00,-0.0038472367882089013,0.0,-8.952666666666668e-05,0.0,-0.003936763454875568,1.0,0.5
2021-09-16 00:00:00+00:00,0.0214816595647761,0.0,-0.00031655333333333334,0.0,0.021165106231442767,1.0,0.5
2021-09-17 00:00:00+00:00,-0.005785257939845315,0.0,-0.00015075999999999997,0.0,-0.0059360179398453145,1.0,0.5
2021-09-18 00:00:00+00:00,0.029159038041626395,0.0,4.774999999999994e-06,0.0,0.029163813041626394,1.0,0.5
2021-09-19 00:00:00+00:00,0.0019989534435126965,0.00046666666666666666,1.152833333333335e-05,1.2164401615554575e-22,0.0015438151101793633,0.9999999999999999,0.5
2021-09-20 00:00:00+00:00,-0.0158665644428185,0.0,-2.751666666666666e-05,1.2164401615554575e-22,-0.01589408110948517,0.9999999999999999,0.5
2021-09-21 00:00:00+00:00,0.010216791620123823,0.0,0.0,9.123756004152635e-23,0.010216791620123823,0.9999999999999999,0.5
2021-09-22 00:00:00+00:00,0.031113060468528533,0.0,-1.7948333333333332e-05,9.123756004152635e-23,0.0310951121351952,0.9999999999999999,0.5
2021-09-23 00:00:00+00:00,0.010479673816878126,0.0,-6.0336666666666675e-05,9.123756004152635e-23,0.010419337150211459,0.9999999999999999,0.5
2021-09-24 00:00:00+00:00,-0.001194695207830868,0.0,-2.7776666666666675e-05,9.123756004152635e-23,-0.0012224718744975346,0.9999999999999999,0.5
2021-09-25 00:00:00+00:00,-0.015185043258836017,0.0,-3.2546666666666665e-05,9.123756004152635e-23,-0.015217589925502683,0.9999999999999999,0.5
2021-09-26 00:00:00+00:00,0.0022868611719777943,0.0008166666666666666,-7.6475e-05,1.3696581380173717e-07,0.0013938564711249296,0.8333333333333333,0.3333333333333333
2021-09-27 00:00:00+00:00,0.011802859590894426,0.0,-5.761666666666668e-05,1.8261198194332223e-07,0.011745425536209704,0.8333333333333333,0.3333333333333333
2021-09-28 00:00:00+00:00,-0.025488432073893504,0.0,-5e-05,1.8261198194332223e-07,-0.025538249461911564,0.8333333333333333,0.3333333333333333
2021-09-29 00:00:00+00:00,-0.005106392664370928,0.0,-8.37e-05,1.8261198194332223e-07,-0.0051899100523889845,0.8333333333333333,0.3333333333333333
2021-09-30 00:00:00+00:00,-0.008909056278086872,0.0,-6.489333333333334e-05,1.8261198194332223e-07,-0.00897376699943826,0.8333333333333333,0.3333333333333333
2021-10-01 00:00:00+00:00,-0.09714354557739807,0.0,-5e-05,1.8261198194332223e-07,-0.09719336296541613,0.8333333333333333,0.3333333333333333
2021-10-02 00:00:00+00:00,0.04557515860088164,0.0,-0.00011705666666666665,1.8261198194332223e-07,0.04545828454619692,0.8333333333333333,0.3333333333333333
2021-10-03 00:00:00+00:00,0.025531753281577696,0.0008166666666666665,0.00045495333333333334,1.2164401615554575e-22,0.025170039948244363,0.9999999999999999,0.5
2021-10-04 00:00:00+00:00,-0.013264823501654806,0.0,0.0006010933333333333,1.2164401615554575e-22,-0.012663730168321473,0.9999999999999999,0.5
2021-10-05 00:00:00+00:00,-0.01611000310271926,0.0,0.00024262499999999995,1.2164401615554575e-22,-0.01586737810271926,0.9999999999999999,0.5
2021-10-06 00:00:00+00:00,-0.011049628877916513,0.0,0.0002543666666666667,1.2164401615554575e-22,-0.010795262211249846,0.9999999999999999,0.5
2021-10-07 00:00:00+00:00,-0.002197583388808562,0.0,0.0004970899999999999,1.5204744129340396e-22,-0.0017004933888085621,0.9999999999999999,0.5
2021-10-08 00:00:00+00:00,-0.024649643338726338,0.0,0.000528085,1.5204744129340396e-22,-0.024121558338726336,0.9999999999999999,0.5
2021-10-09 00:00:00+00:00,0.005212397560346083,0.0,0.0004268583333333333,1.5204744129340396e-22,0.005639255893679416,0.9999999999999999,0.5
2021-10-10 00:00:00+00:00,0.0035254046598091823,0.0009333333333333333,0.00012609666666666672,1.5204744129340396e-22,0.0027181679931425158,0.9999999999999999,0.5
2021-10-11 00:00:00+00:00,0.022140506880687028,0.0,0.0003307916666666666,1.5204744129340396e-22,0.022471298547353694,0.9999999999999999,0.5
2021-10-12 00:00:00+00:00,-0.012272620153589743,0.0,0.000332155,1.8244783609605047e-22,-0.011940465153589742,0.9999999999999999,0.5
2021-10-13 00:00:00+00:00,-0.01521136840960154,0.0,0.00015011166666666664,1.5204744129340396e-22,-0.015061256742934874,0.9999999999999999,0.5
2021-10-14 00:00:00+00:00,0.0187927439273905,0.0,0.00019425000000000003,1.5204744129340396e-22,0.0189869939273905,0.9999999999999999,0.5
2021-10-15 00:00:00+00:00,-0.011691772313066912,0.0,0.0002499533333333334,1.5204744129340396e-22,-0.011441818979733578,0.9999999999999999,0.5
2021-10-16 00:00:00+00:00,0.013911968979655165,0.0,0.0004655233333333334,1.5204744129340396e-22,0.014377492312988498,0.9999999999999999,0.5
2021-10-17 00:00:00+00:00,0.023269888935533535,0.00046666666666666666,0.0005322833333333333,1.5204744129340396e-22,0.023335505602200202,0.9999999999999999,0.5
2021-10-18 00:00:00+00:00,-0.0011049527604637026,0.0,0.00017645000000000003,1.8244783609605047e-22,-0.0009285027604637025,0.9999999999999999,0.5
2021-10-19 00:00:00+00:00,-0.0028071461028306693,0.0,0.0005907966666666666,1.5204744129340396e-22,-0.0022163494361640028,0.9999999999999999,0.5
2021-10-20 00:00:00+00:00,-0.001369336614403676,0.0,0.00045404833333333335,1.5204744129340396e-22,-0.0009152882810703427,0.9999999999999999,0.5
2021-10-21 00:00:00+00:00,-0.02768581804003746,0.0,0.0007439433333333332,1.8244783609605047e-22,-0.026941874706704127,0.9999999999999999,0.5
2021-10-22 00:00:00+00:00,0.028481369263651152,0.0,0.00038845499999999995,1.8244783609605047e-22,0.028869824263651152,0.9999999999999999,0.5
2021-10-23 00:00:00+00:00,-0.017007889988440383,0.0,0.0005323299999999999,1.8244783609605047e-22,-0.016475559988440382,0.9999999999999999,0.5
2021-10-24 00:00:00+00:00,0.020990637041498523,0.0006999999999999999,0.0005208983333333333,1.8244783609605047e-22,0.020811535374831856,0.9999999999999999,0.5
2021-10-25 00:00:00+00:00,0.023323391300696793,0.0,0.0003123233333333333,1.8244783609605047e-22,0.023635714634030126,0.9999999999999999,0.5
2021-10-26 00:00:00+00:00,-0.03824762960342735,0.0,0.0004429649999999999,1.8244783609605047e-22,-0.03780466460342735,0.9999999999999999,0.5
2021-10-27 00:00:00+00:00,0.04235472749018313,0.0,0.00024608,1.8244783609605047e-22,0.042600807490183135,0.9999999999999999,0.5
2021-10-28 00:00:00+00:00,-0.01820066316552162,0.0,-1.1748333333333324e-05,1.8244783609605047e-22,-0.01821241149885495,0.9999999999999999,0.5
2021-10-29 00:00:00+00:00,-0.012841306628736263,0.0,-0.000149595,1.5204744129340396e-22,-0.012990901628736264,0.9999999999999999,0.5
2021-10-30 00:00:00+00:00,-0.006477181878873934,0.0,-4.825000000000006e-05,1.5204744129340396e-22,-0.006525431878873934,0.9999999999999999,0.5
2021-10-31 00:00:00+00:00,0.00048509065907191215,0.0009333333333333333,0.00023724666666666668,0.0,-0.00021099600759475444,1.0,0.5
2021-11-01 00:00:00+00:00,0.012467021539522392,0.0,0.0003408683333333333,0.0,0.012807889872855725,1.0,0.5
2021-11-02 00:00:00+00:00,0.013509457951110469,0.0,0.0004126650000000001,0.0,0.013922122951110468,1.0,0.5
2021-11-03 00:00:00+00:00,0.0213967514694308,0.0,0.0003855366666666666,0.0,0.021782288136097464,1.0,0.5
2021-11-04 00:00:00+00:00,-6.519379557695833e-05,0.0,0.000685765,0.0,0.0006205712044230416,1.0,0.5
2021-11-05 00:00:00+00:00,-0.0005489355997079035,0.0,0.0003625933333333333,0.0,-0.00018634226637457023,1.0,0.5
2021-11-06 00:00:00+00:00,0.025930958812068618,0.0,0.00039645999999999995,0.0,0.02632741881206862,1.0,0.5
2021-11-07 00:00:00+00:00,-0.02317655769307314,0.0007,5.5464999999999985e-05,0.0,-0.02382109269307314,1.0,0.5
2021-11-08 00:00:00+00:00,-0.0322998917850044,0.0,-0.00020064000000000003,0.0,-0.0325005317850044,1.0,0.5
2021-11-09 00:00:00+00:00,-0.026456034055578226,0.0,-0.00044087,0.0,-0.026896904055578225,1.0,0.5
2021-11-10 00:00:00+00:00,0.016639398915820725,0.0,-0.0002215966666666667,0.0,0.016417802249154057,1.0,0.5
2021-11-11 00:00:00+00:00,0.03671488026972382,0.0,-4.3901666666666694e-05,0.0,0.03667097860305715,1.0,0.5
2021-11-12 00:00:00+00:00,0.03003946109555198,0.0,-0.00012842333333333333,0.0,0.029911037762218647,1.0,0.5
2021-11-13 00:00:00+00:00,-0.00034365250488027545,0.0,-0.00017433666666666667,0.0,-0.0005179891715469422,1.0,0.5
2021-11-14 00:00:00+00:00,0.003129605544707462,0.00046666666666666666,-0.00015900666666666664,1.5204744129340396e-22,0.0025039322113741286,0.9999999999999999,0.5
2021-11-15 00:00:00+00:00,0.012493525381692386,0.0,-2.433833333333337e-05,1.5204744129340396e-22,0.012469187048359053,0.9999999999999999,0.5
2021-11-16 00:00:00+00:00,0.037017912657445494,0.0,5.992666666666666e-05,1.5204744129340396e-22,0.03707783932411216,0.9999999999999999,0.5
2021-11-17 00:00:00+00:00,0.0034471600833283845,0.0,0.0,1.5204744129340396e-22,0.0034471600833283845,0.9999999999999999,0.5
2021-11-18 00:00:00+00:00,0.02727020105153758,0.0,-1.742e-05,1.5204744129340396e-22,0.02725278105153758,0.9999999999999999,0.5
2021-11-19 00:00:00+00:00,0.025812412646553016,0.0,0.0,1.5204744129340396e-22,0.025812412646553016,0.9999999999999999,0.5
2021-11-20 00:00:00+00:00,-0.005303440670129983,0.0,1.8333333333333282e-06,1.5204744129340396e-22,-0.0053016073367966494,0.9999999999999999,0.5
2021-11-21 00:00:00+00:00,0.0059975268388085725,0.0009333333333333333,0.00018758666666666664,1.5204744129340396e-22,0.005251780172141906,0.9999999999999999,0.5
2021-11-22 00:00:00+00:00,-0.0017796416819340997,0.0,0.00011175,1.5204744129340396e-22,-0.0016678916819340996,0.9999999999999999,0.5
2021-11-23 00:00:00+00:00,-0.02364826933799293,0.0,0.00015855833333333334,1.8244783609605047e-22,-0.023489711004659596,0.9999999999999999,0.5
2021-11-24 00:00:00+00:00,-0.005791272483239775,0.0,0.0002844366666666666,1.8244783609605047e-22,-0.0055068358165731085,0.9999999999999999,0.5
2021-11-25 00:00:00+00:00,0.013124238907327668,0.0,8.996833333333335e-05,1.8244783609605047e-22,0.013214207240661002,0.9999999999999999,0.5
2021-11-26 00:00:00+00:00,7.132786291924598e-05,0.0,0.0002582216666666667,1.8244783609605047e-22,0.00032954952958591267,0.9999999999999999,0.5
2021-11-27 00:00:00+00:00,0.020459170884321552,0.0,5.9671666666666667e-05,1.8244783609605047e-22,0.02051884255098822,0.9999999999999999,0.5
2021-11-28 00:00:00+00:00,0.004912875264036293,0.0005833333333333333,-0.00012206000000000001,2.7389066888557555e-07,0.004207755821371845,0.8333333333333333,0.3333333333333333
2021-11-29 00:00:00+00:00,-0.030066326291118585,0.0,-3.266833333333333e-05,2.7389066888557555e-07,-0.030098720733783033,0.8333333333333333,0.3333333333333333
2021-11-30 00:00:00+00:00,-0.016797707155691177,0.0,-5.514e-05,2.2825359998387057e-07,-0.016852618902091193,0.8333333333333333,0.3333333333333333
2021-12-01 00:00:00+00:00,0.0173547610677701,0.0,0.00010716666666666665,2.7389066888557555e-07,0.017462201625105648,0.8333333333333333,0.3333333333333333
2021-12-02 00:00:00+00:00,-0.020246197062911253,0.0,0.00015218166666666668,2.2825359998387057e-07,-0.020093787142644603,0.8333333333333333,0.3333333333333333
2021-12-03 00:00:00+00:00,-0.027879048828416204,0.0,4.711333333333334e-05,2.7389066888557555e-07,-0.027831661604413985,0.8333333333333333,0.3333333333333333
2021-12-04 00:00:00+00:00,0.047465319478623,0.0,-0.00015601166666666654,2.7389066888557555e-07,0.047309581702625225,0.8333333333333333,0.3333333333333333
2021-12-05 00:00:00+00:00,-0.014961448910476075,0.0010500000000000002,6.583333333333342e-06,0.0,-0.01600486557714274,1.0,0.5
2021-12-06 00:00:00+00:00,-0.008640363834707048,0.0,0.000174845,0.0,-0.008465518834707048,1.0,0.5
2021-12-07 00:00:00+00:00,-0.013875450792107152,0.0,0.00020628333333333335,0.0,-0.013669167458773819,1.0,0.5
2021-12-08 00:00:00+00:00,-0.013182102122579403,0.0,1.4305000000000013e-05,0.0,-0.013167797122579403,1.0,0.5
2021-12-09 00:00:00+00:00,0.01013831637990999,0.0,-2.2091666666666667e-05,0.0,0.010116224713243324,1.0,0.5
2021-12-10 00:00:00+00:00,-0.014953512975863835,0.0,-0.000261325,0.0,-0.015214837975863834,1.0,0.5
2021-12-11 00:00:00+00:00,0.03167168005944252,0.0,5.313000000000001e-05,0.0,0.03172481005944252,1.0,0.5
2021-12-12 00:00:00+00:00,0.008349196838614145,0.00035,0.00011142166666666667,2.7389066888557555e-07,0.008110892395949698,0.8333333333333333,0.3333333333333333
2021-12-13 00:00:00+00:00,0.01976276300843638,0.0,3.564500000000001e-05,2.2825359998387057e-07,0.019798636262036363,0.8333333333333333,0.3333333333333333
2021-12-14 00:00:00+00:00,-0.014860092859730703,0.0,1.9146666666666664e-05,2.2825359998387057e-07,-0.014840717939464051,0.8333333333333333,0.3333333333333333
2021-12-15 00:00:00+00:00,-0.0011046022735852565,0.0,1.860166666666667e-05,2.7389066888557555e-07,-0.0010857267162497045,0.8333333333333333,0.3333333333333333
2021-12-16 00:00:00+00:00,-0.011744736179143251,0.0,3.9321666666666667e-05,2.2825359998387057e-07,-0.0117051862588766,0.8333333333333333,0.3333333333333333
2021-12-17 00:00:00+00:00,0.001486302969335569,0.0,2.6395e-05,2.2825359998387057e-07,0.0015129262229355528,0.8333333333333333,0.3333333333333333
2021-12-18 00:00:00+00:00,0.0005481982701533066,0.0,3.832333333333333e-05,2.2825359998387057e-07,0.0005867498570866238,0.8333333333333333,0.3333333333333333
2021-12-19 00:00:00+00:00,-0.005021541050667746,0.0008166666666666665,0.0001,4.56507199967741e-07,-0.005737751210134444,0.6666666666666666,0.16666666666666666
2021-12-20 00:00:00+00:00,0.029382842202668753,0.0,0.0001,6.390463789992159e-07,0.02948348124904775,0.6666666666666666,0.16666666666666666
2021-12-21 00:00:00+00:00,-0.03389183146628183,0.0,-4.491666666666649e-06,6.390463789992159e-07,-0.0338956840865695,0.6666666666666666,0.16666666666666666
2021-12-22 00:00:00+00:00,-0.02649245756108779,0.0,5.064e-05,7.303023256503376e-07,-0.02644108725876214,0.6666666666666666,0.16666666666666666
2021-12-23 00:00:00+00:00,-0.06140582316343897,0.0,8.167833333333333e-05,7.303023256503376e-07,-0.061323414527779986,0.6666666666666666,0.16666666666666666
2021-12-24 00:00:00+00:00,-0.03230404074605935,0.0,6.274333333333334e-05,7.303023256503376e-07,-0.032240567110400374,0.6666666666666666,0.16666666666666666
2021-12-25 00:00:00+00:00,-0.015512741061121361,0.0,0.0001,7.303023256503376e-07,-0.015412010758795712,0.6666666666666666,0.16666666666666666
2021-12-26 00:00:00+00:00,0.008750960100319116,0.0006999999999999999,-0.0004155916666666666,2.4323953706229113e-22,0.00763536843365245,0.9999999999999999,0.5
2021-12-27 00:00:00+00:00,-0.022091957419955767,0.0,-0.0004770783333333333,1.8244783609605047e-22,-0.0225690357532891,0.9999999999999999,0.5
2021-12-28 00:00:00+00:00,0.029541866551052558,0.0,-0.00048185000000000003,1.8244783609605047e-22,0.02906001655105256,0.9999999999999999,0.5
2021-12-29 00:00:00+00:00,0.012639976013883114,0.0,-0.0004117216666666666,1.5204744129340396e-22,0.012228254347216447,0.9999999999999999,0.5
2021-12-30 00:00:00+00:00,-0.006497609808080765,0.0,-0.00037662166666666664,1.5204744129340396e-22,-0.006874231474747432,0.9999999999999999,0.5
2021-12-31 00:00:00+00:00,0.04396622466912512,0.0,-0.00045009166666666665,1.8244783609605047e-22,0.043516133002458456,0.9999999999999999,0.5
2022-01-01 00:00:00+00:00,0.04488118366994102,0.0,-0.0004576599999999999,1.8244783609605047e-22,0.04442352366994102,0.9999999999999999,0.5
2022-01-02 00:00:00+00:00,-0.016181435944487194,0.0009333333333333333,-4.748833333333334e-05,0.0,-0.017162257611153864,1.0,0.5
2022-01-03 00:00:00+00:00,0.03093071184299273,0.0,-5.201e-05,0.0,0.03087870184299273,1.0,0.5
2022-01-04 00:00:00+00:00,-0.009321882129274428,0.0,-3.774e-05,0.0,-0.009359622129274428,1.0,0.5
2022-01-05 00:00:00+00:00,0.023148286276870166,0.0,-5e-05,0.0,0.023098286276870165,1.0,0.5
2022-01-06 00:00:00+00:00,-0.003076469050847723,0.0,-8.315666666666667e-05,0.0,-0.0031596257175143896,1.0,0.5
2022-01-07 00:00:00+00:00,-0.0071305426577056435,0.0,-4.921333333333334e-05,0.0,-0.007179755991038977,1.0,0.5
2022-01-08 00:00:00+00:00,-0.011784381964489995,0.0,-5e-05,0.0,-0.011834381964489995,1.0,0.5
2022-01-09 00:00:00+00:00,-0.016325442719186716,0.0009333333333333333,3.063333333333335e-05,0.0,-0.01722814271918672,1.0,0.5
2022-01-10 00:00:00+00:00,0.05175946969301457,0.0,2.1173333333333336e-05,0.0,0.051780643026347904,1.0,0.5
2022-01-11 00:00:00+00:00,0.03543958162393601,0.0,6.402833333333334e-05,0.0,0.035503609957269346,1.0,0.5
2022-01-12 00:00:00+00:00,-0.019803351359423293,0.0,0.00019470833333333335,0.0,-0.01960864302608996,1.0,0.5
2022-01-13 00:00:00+00:00,0.044025970153003836,0.0,-1.261166666666666e-05,0.0,0.04401335848633717,1.0,0.5
2022-01-14 00:00:00+00:00,0.014187814235067413,0.0,0.0,0.0,0.014187814235067413,1.0,0.5
2022-01-15 00:00:00+00:00,-0.02243505591864194,0.0,7.136833333333335e-05,0.0,-0.022363687585308607,1.0,0.5
2022-01-16 00:00:00+00:00,0.04403745173000409,0.00023333333333333333,6.896666666666671e-06,0.0,0.04381101506333742,1.0,0.5
2022-01-17 00:00:00+00:00,-0.024792805051769704,0.0,0.0,0.0,-0.024792805051769704,1.0,0.5
2022-01-18 00:00:00+00:00,0.0036877561636595537,0.0,2.4940000000000002e-05,0.0,0.003712696163659554,1.0,0.5
2022-01-19 00:00:00+00:00,-0.0011073292942477986,0.0,0.00024859,0.0,-0.0008587392942477987,1.0,0.5
2022-01-20 00:00:00+00:00,0.02450492145207361,0.0,0.000287045,0.0,0.02479196645207361,1.0,0.5
2022-01-21 00:00:00+00:00,0.00763365051695486,0.0,-6.0696666666666664e-05,0.0,0.007572953850288193,1.0,0.5
2022-01-22 00:00:00+00:00,-0.0010434481604927187,0.0,2.8023333333333313e-05,0.0,-0.0010154248271593855,1.0,0.5
2022-01-23 00:00:00+00:00,-0.029414608921156882,0.0005833333333333333,-0.00030459666666666666,2.3267953257466445e-06,-0.030300212125831137,0.5,0.0
2022-01-24 00:00:00+00:00,0.025279843566924604,0.0,-0.00031842166666666663,2.7369974400226482e-06,0.02496415889769796,0.5,0.0
2022-01-25 00:00:00+00:00,-0.009696269316816997,0.0,-0.00011319166666666665,2.7369974400226482e-06,-0.00980672398604364,0.5,0.0
2022-01-26 00:00:00+00:00,-0.012375535195720303,0.0,-0.00012358,2.600277012265728e-06,-0.012496514918708037,0.5,0.0
2022-01-27 00:00:00+00:00,0.008919355123437037,0.0,2.179833333333333e-05,2.7369974400226482e-06,0.008943890454210393,0.5,0.0
2022-01-28 00:00:00+00:00,-0.01084465647552076,0.0,-6.875499999999999e-05,2.600277012265728e-06,-0.010910811198508494,0.5,0.0
2022-01-29 00:00:00+00:00,-0.022723992661438836,0.0,-0.00022776666666666668,2.600277012265728e-06,-0.022949159051093238,0.5,0.0
2022-01-30 00:00:00+00:00,-0.009216599645163248,0.00023333333333333333,0.00013357333333333332,2.600277012265728e-06,-0.009313759368150983,0.5,0.0
2022-01-31 00:00:00+00:00,-0.007374825967786602,0.0,-2.5193333333333335e-05,3.283743111315296e-06,-0.00739673555800862,0.5,0.0
2022-02-01 00:00:00+00:00,-0.009866583790522649,0.0,7.361166666666668e-05,2.7369974400226482e-06,-0.009790235126415959,0.5,0.0
2022-02-02 00:00:00+00:00,0.03751165892727944,0.0,0.00014010999999999998,2.7369974400226482e-06,0.03765450592471946,0.5,0.0
2022-02-03 00:00:00+00:00,-0.006392594609439047,0.0,-4.776333333333333e-05,2.873704261108223e-06,-0.006437484238511272,0.5,0.0
2022-02-04 00:00:00+00:00,-0.04016527740681978,0.0,-1.99333333333333e-06,3.1470770940345005e-06,-0.040164123663059076,0.5,0.0
2022-02-05 00:00:00+00:00,-0.08556456808512976,0.0,9.4575e-05,3.1470770940345005e-06,-0.08546684600803572,0.5,0.0
2022-02-06 00:00:00+00:00,-0.006818234905451414,0.0008166666666666665,3.494e-05,2.0980513960230005e-06,-0.007597863520722057,0.6666666666666666,0.16666666666666666
2022-02-07 00:00:00+00:00,-0.018080771926872942,0.0,-6.642499999999997e-05,2.5535141659667935e-06,-0.018144643412706975,0.6666666666666666,0.16666666666666666
2022-02-08 00:00:00+00:00,0.03125828961848165,0.0,-2.2569999999999996e-05,2.462439732564548e-06,0.031238182058214214,0.6666666666666666,0.16666666666666666
2022-02-09 00:00:00+00:00,-0.019736444938015206,0.0,-0.00011716166666666665,2.462439732564548e-06,-0.01985114416494931,0.6666666666666666,0.16666666666666666
2022-02-10 00:00:00+00:00,0.03030357248759339,0.0,5.463999999999999e-05,3.736658298336693e-06,0.03036194914589173,0.6666666666666666,0.16666666666666666
2022-02-11 00:00:00+00:00,0.024222238473915338,0.0,-0.00018994,3.3727767323465945e-06,0.024035671250647685,0.6666666666666666,0.16666666666666666
2022-02-12 00:00:00+00:00,-0.006068253699529328,0.0,-0.00014752666666666665,3.3727767323465945e-06,-0.006212407589463648,0.6666666666666666,0.16666666666666666
2022-02-13 00:00:00+00:00,-0.0014815476703298192,0.00046666666666666666,-4.363e-05,0.0,-0.001991844336996486,1.0,0.5
2022-02-14 00:00:00+00:00,-0.009554208221149088,0.0,-1.2439999999999996e-05,0.0,-0.00956664822114909,1.0,0.5
2022-02-15 00:00:00+00:00,0.037628408802463584,0.0,-0.00014791166666666667,0.0,0.03748049713579692,1.0,0.5
2022-02-16 00:00:00+00:00,-0.0074500636414086,0.0,2.2883333333333366e-06,0.0,-0.007447775308075266,1.0,0.5
2022-02-17 00:00:00+00:00,-0.008096883909044048,0.0,-2.1325000000000003e-05,0.0,-0.008118208909044048,1.0,0.5
2022-02-18 00:00:00+00:00,-0.004606561955128003,0.0,-0.00011616,0.0,-0.004722721955128003,1.0,0.5
2022-02-19 00:00:00+00:00,-0.007371046556190474,0.0,5.1001666666666656e-05,0.0,-0.007320044889523807,1.0,0.5
2022-02-20 00:00:00+00:00,0.0039847288939878975,0.0009333333333333333,-2.7660000000000003e-05,0.0,0.0030237355606545645,1.0,0.5
2022-02-21 00:00:00+00:00,0.006973137093467509,0.0,-3.673333333333334e-05,0.0,0.006936403760134175,1.0,0.5
2022-02-22 00:00:00+00:00,-0.0030734213303862026,0.0,4.227166666666666e-05,0.0,-0.003031149663719536,1.0,0.5
2022-02-23 00:00:00+00:00,-0.0011451586364320913,0.0,-9.247666666666667e-05,0.0,-0.001237635303098758,1.0,0.5
2022-02-24 00:00:00+00:00,0.014517801604687575,0.0,-5.823166666666668e-05,0.0,0.014459569938020908,1.0,0.5
2022-02-25 00:00:00+00:00,-0.032246329382329776,0.0,-7.392166666666665e-05,0.0,-0.03232025104899644,1.0,0.5
2022-02-26 00:00:00+00:00,-0.0089225254307481,0.0,-1.649333333333334e-05,0.0,-0.008939018764081432,1.0,0.5
2022-02-27 00:00:00+00:00,0.002154490244909822,0.00105,0.00013379833333333332,1.5043752594386585e-06,0.001239792953502594,0.8333333333333333,0.3333333333333333
2022-02-28 00:00:00+00:00,-0.014437447446113746,0.0,0.00023293499999999998,1.6863883661732979e-06,-0.014202826057747572,0.8333333333333333,0.3333333333333333
2022-03-01 00:00:00+00:00,0.01070647181659016,0.0,-2.1175000000000006e-05,1.4588606754480562e-06,0.010686755677265609,0.8333333333333333,0.3333333333333333
2022-03-02 00:00:00+00:00,-0.006643072730052084,0.0,-1.4648333333333327e-05,1.5043752594386585e-06,-0.0066562166881259785,0.8333333333333333,0.3333333333333333
2022-03-03 00:00:00+00:00,0.0008369585146960441,0.0,-0.00012354833333333334,1.6863883661732979e-06,0.000715096569728884,0.8333333333333333,0.3333333333333333
2022-03-04 00:00:00+00:00,0.01944200288256135,0.0,-5.549499999999999e-05,1.5043752594386585e-06,0.01938801225782079,0.8333333333333333,0.3333333333333333
2022-03-05 00:00:00+00:00,-0.0033929115622199544,0.0,-0.00011446166666666666,1.5043752594386585e-06,-0.003505868853627182,0.8333333333333333,0.3333333333333333
2022-03-06 00:00:00+00:00,0.01613309357101496,0.0010500000000000002,4.8704999999999995e-05,3.0087505188773162e-06,0.015134807321533836,0.6666666666666666,0.16666666666666666
2022-03-07 00:00:00+00:00,0.0040532539173872,0.0,-6.0066666666666645e-06,3.463760680055828e-06,0.004050711011400589,0.6666666666666666,0.16666666666666666
2022-03-08 00:00:00+00:00,-0.01595658113613742,0.0,2.1023333333333333e-05,3.281783744239301e-06,-0.01593227601905985,0.6666666666666666,0.16666666666666666
2022-03-09 00:00:00+00:00,-0.018162017585772038,0.0,9.661999999999999e-05,3.463760680055828e-06,-0.018061933825091983,0.6666666666666666,0.16666666666666666
2022-03-10 00:00:00+00:00,0.020347575184371337,0.0,0.00016702833333333332,3.463760680055828e-06,0.020518067278384726,0.6666666666666666,0.16666666666666666
2022-03-11 00:00:00+00:00,0.012875895903798174,0.0,0.000251885,3.5547355890693435e-06,0.013131335639387244,0.6666666666666666,0.16666666666666666
2022-03-12 00:00:00+00:00,-0.008103100919008547,0.0,7.683666666666666e-05,3.5547355890693435e-06,-0.00802270951675281,0.6666666666666666,0.16666666666666666
2022-03-13 00:00:00+00:00,0.008739300797787914,0.0005833333333333333,6.631666666666666e-06,1.7773677945346722e-06,0.008164376498915781,0.8333333333333333,0.3333333333333333
2022-03-14 00:00:00+00:00,-0.005518162661478272,0.0,2.3118333333333332e-05,2.0501976659333593e-06,-0.005492994130479006,0.8333333333333333,0.3333333333333333
2022-03-15 00:00:00+00:00,-0.0010162397355510016,0.0,0.00022775833333333332,2.095653510244175e-06,-0.000786385748707424,0.8333333333333333,0.3333333333333333
2022-03-16 00:00:00+00:00,-0.007261598038780421,0.0,0.00017317666666666668,1.959272437216757e-06,-0.007086462099676537,0.8333333333333333,0.3333333333333333
2022-03-17 00:00:00+00:00,-0.010875821702397627,0.0,2.698833333333334e-05,1.8228507306187569e-06,-0.010847010518333675,0.8333333333333333,0.3333333333333333
2022-03-18 00:00:00+00:00,-0.01283814406954076,0.0,6.3415e-05,1.868329149168347e-06,-0.01277286074039159,0.8333333333333333,0.3333333333333333
2022-03-19 00:00:00+00:00,-0.01683325282829103,0.0,7.107666666666668e-05,1.868329149168347e-06,-0.016760307832475195,0.8333333333333333,0.3333333333333333
2022-03-20 00:00:00+00:00,0.021704384992076463,0.0008166666666666667,-2.4078333333333336e-05,1.244557223391016e-21,0.020863639992076462,0.9999999999999999,0.5
2022-03-21 00:00:00+00:00,0.0003546392905040916,0.0,4.315166666666667e-05,1.6683675574675147e-21,0.00039779095717075826,0.9999999999999999,0.5
2022-03-22 00:00:00+00:00,0.019408090223927456,0.0,9.800000000000008e-07,1.5473389686819868e-21,0.019409070223927457,0.9999999999999999,0.5
2022-03-23 00:00:00+00:00,-0.02233545664538611,0.0,0.0001324866666666667,1.5170743161828338e-21,-0.022202969978719442,0.9999999999999999,0.5
2022-03-24 00:00:00+00:00,0.01031882086210789,0.0,0.00010628666666666667,1.5170743161828338e-21,0.010425107528774557,0.9999999999999999,0.5
2022-03-25 00:00:00+00:00,0.006458780699311882,0.0,7.199666666666667e-05,1.6078592660966983e-21,0.0065307773659785484,0.9999999999999999,0.5
2022-03-26 00:00:00+00:00,-0.020927907976586224,0.0,6.955000000000001e-05,1.6078592660966983e-21,-0.020858357976586223,0.9999999999999999,0.5
2022-03-27 00:00:00+00:00,-0.0037974312016291955,0.00105,1.6251666666666672e-05,2.413718130552431e-06,-0.004828765816831976,0.8333333333333333,0.5
2022-03-28 00:00:00+00:00,-0.012625436787651562,0.0,0.00013736333333333334,2.731561962843189e-06,-0.012485341892355386,0.8333333333333333,0.5
2022-03-29 00:00:00+00:00,-0.005138828952894562,0.0,0.0003543533333333333,2.5499639331923646e-06,-0.0047819256556280365,0.8333333333333333,0.5
2022-03-30 00:00:00+00:00,0.002223228761029483,0.0,0.0006586283333333333,2.5045531700425756e-06,0.002884361647532859,0.8333333333333333,0.5
2022-03-31 00:00:00+00:00,-0.0002393629908737007,0.0,0.000656205,2.322865067590682e-06,0.00041916487419388994,0.8333333333333333,0.5
2022-04-01 00:00:00+00:00,0.004722444547563634,0.0,0.0003160533333333333,2.3682938524357184e-06,0.005040866174749403,0.8333333333333333,0.5
2022-04-02 00:00:00+00:00,-0.018277076778034584,0.0,5.2835e-05,2.3682938524357184e-06,-0.01822187348418215,0.8333333333333333,0.5
2022-04-03 00:00:00+00:00,0.005804083631550198,0.00046666666666666666,-0.00014009833333333333,7.104881557307152e-06,0.005204423513107506,0.5,0.5
2022-04-04 00:00:00+00:00,0.0014670272237081172,0.0,-0.00015000000000000001,9.147555941502183e-06,0.0013261747796496194,0.5,0.5
2022-04-05 00:00:00+00:00,-0.01765245126598225,0.0,-0.00015000000000000001,8.875374795658253e-06,-0.017793575891186592,0.5,0.5
2022-04-06 00:00:00+00:00,-0.06420819178135541,0.0,-0.00013004333333333334,9.147555941502183e-06,-0.06432908755874724,0.5,0.5
2022-04-07 00:00:00+00:00,0.038539182039700526,0.0,-3.758333333333341e-06,9.283626292933e-06,0.038544707332660126,0.5,0.5
2022-04-08 00:00:00+00:00,-0.041114486997191016,0.0,-0.00014056333333333334,9.419683166922432e-06,-0.04124563064735743,0.5,0.5
2022-04-09 00:00:00+00:00,0.023382072455970383,0.0,-0.00012991333333333335,9.419683166922432e-06,0.023261578805803974,0.5,0.5
2022-04-10 00:00:00+00:00,0.0010512548994493862,0.0008166666666666666,-1.6509999999999996e-05,0.0,0.00021807823278271966,1.0,0.5
2022-04-11 00:00:00+00:00,0.0018661649451403002,0.0,-0.00025071333333333333,0.0,0.001615451611806967,1.0,0.5
2022-04-12 00:00:00+00:00,0.0022606086219982644,0.0,-0.00030761333333333325,0.0,0.0019529952886649313,1.0,0.5
2022-04-13 00:00:00+00:00,0.004159644480699628,0.0,-0.0002059116666666667,0.0,0.003953732814032961,1.0,0.5
2022-04-14 00:00:00+00:00,0.0103930550322698,0.0,-0.00030059166666666676,0.0,0.010092463365603132,1.0,0.5
2022-04-15 00:00:00+00:00,-0.019679734437680473,0.0,-0.00015558666666666662,0.0,-0.019835321104347138,1.0,0.5
2022-04-16 00:00:00+00:00,0.0053997944457732094,0.0,-0.0001723433333333333,0.0,0.005227451112439876,1.0,0.5
2022-04-17 00:00:00+00:00,0.0160643927396731,0.0007,-0.0003686883333333333,0.0,0.01499570440633977,1.0,0.5
2022-04-18 00:00:00+00:00,-0.014239527898049033,0.0,-0.0004771033333333333,0.0,-0.014716631231382366,1.0,0.5
2022-04-19 00:00:00+00:00,-0.008371130317355773,0.0,-0.00033091333333333333,0.0,-0.008702043650689106,1.0,0.5
2022-04-20 00:00:00+00:00,0.0229351966571051,0.0,-0.0004098183333333333,0.0,0.02252537832377177,1.0,0.5
2022-04-21 00:00:00+00:00,-0.0054973424066939915,0.0,-0.00035741,0.0,-0.005854752406693991,1.0,0.5
2022-04-22 00:00:00+00:00,-0.005290181447932585,0.0,-0.00042334666666666665,0.0,-0.005713528114599252,1.0,0.5
2022-04-23 00:00:00+00:00,0.0073247809575710705,0.0,-0.00028289166666666665,0.0,0.007041889290904404,1.0,0.5
2022-04-24 00:00:00+00:00,0.011599967234640757,0.0005833333333333333,-9.04283333333333e-05,1.1187197297313212e-05,0.010937392765271404,0.5,0.0
2022-04-25 00:00:00+00:00,-0.0046296784087430844,0.0,-0.00025212499999999996,1.2681011850146362e-05,-0.004869122396892938,0.5,0.0
2022-04-26 00:00:00+00:00,0.04759286307971688,0.0,-0.00028312166666666664,1.1458920800233585e-05,0.04732120033385045,0.5,0.0
2022-04-27 00:00:00+00:00,-0.008165716617117217,0.0,-0.000338445,1.1187197297313212e-05,-0.008492974419819903,0.5,0.0
2022-04-28 00:00:00+00:00,0.009903734200133277,0.0,-0.00031027333333333334,1.1051315386922944e-05,0.009604512182186867,0.5,0.0
2022-04-29 00:00:00+00:00,0.04562685261225017,0.0,-0.00017826500000000002,1.1323065767454565e-05,0.04545991067801763,0.5,0.0
2022-04-30 00:00:00+00:00,0.07028820225348077,0.0,-0.0002634799999999999,1.1323065767454565e-05,0.07003604531924823,0.5,0.0
2022-05-01 00:00:00+00:00,-0.04811233519379654,0.00046666666666666666,-0.0006263499999999999,1.1323065767454565e-05,-0.04919402879469575,0.5,0.0
2022-05-02 00:00:00+00:00,0.019865562815568522,0.0,-0.0005382983333333334,1.2273768960069376e-05,0.01933953825119526,0.5,0.0
2022-05-03 00:00:00+00:00,0.01780701256015358,0.0,-0.0004986616666666666,1.2273768960069376e-05,0.017320624662446982,0.5,0.0
2022-05-04 00:00:00+00:00,-0.09740227079806865,0.0,-0.000711085,1.2002206610350896e-05,-0.0981013535914583,0.5,0.0
2022-05-05 00:00:00+00:00,0.06412810319794385,0.0,-0.0005088616666666666,1.1458920800233585e-05,0.06363070045207742,0.5,0.0
2022-05-06 00:00:00+00:00,0.0022160019439879473,0.0,-0.0009005583333333332,1.1458920800233585e-05,0.0013269025314548476,0.5,0.0
2022-05-07 00:00:00+00:00,0.019246202742469944,0.0,-0.0007975533333333333,1.1458920800233585e-05,0.018460108329936845,0.5,0.0
2022-05-08 00:00:00+00:00,-0.01266255950740547,0.0005833333333333333,-0.0004296316666666667,7.639280533489058e-06,-0.01366788522687198,0.6666666666666666,0.16666666666666666
2022-05-09 00:00:00+00:00,0.052850342832235574,0.0,-0.00037754499999999996,8.363518423000945e-06,0.05248116135065858,0.6666666666666666,0.16666666666666666
2022-05-10 00:00:00+00:00,0.0008845964027967019,0.0,-0.00021904666666666667,8.091996330635473e-06,0.0006736417324606708,0.6666666666666666,0.16666666666666666
2022-05-11 00:00:00+00:00,0.07528067265870414,0.0,-0.0011568,8.182512640046252e-06,0.07413205517134419,0.6666666666666666,0.16666666666666666
2022-05-12 00:00:00+00:00,0.07073157416750314,0.0,-0.001500605,8.63496003433717e-06,0.06923960412753748,0.6666666666666666,0.16666666666666666
2022-05-13 00:00:00+00:00,-0.06323049761188056,0.0,-0.0007127583333333333,9.177602005102278e-06,-0.06393407834320879,0.6666666666666666,0.16666666666666666
2022-05-14 00:00:00+00:00,-0.02640719791215007,0.0,-0.0017204816666666664,9.177602005102278e-06,-0.028118501976811636,0.6666666666666666,0.16666666666666666
2022-05-15 00:00:00+00:00,-0.0773276059142904,0.0005833333333333333,-0.0006646449999999998,1.3766403007653416e-05,-0.07856181784461609,0.5,0.0
2022-05-16 00:00:00+00:00,0.057087000881549055,0.0,-0.00011884333333333332,1.4579883936716165e-05,0.05698273743215244,0.5,0.0
2022-05-17 00:00:00+00:00,-0.03890427911311334,0.0,-0.000535985,1.4444337231633853e-05,-0.03942581977588171,0.5,0.0
2022-05-18 00:00:00+00:00,0.04960557360673177,0.0,-0.00031599666666666667,1.3902016621103463e-05,0.04930347895668621,0.5,0.0
2022-05-19 00:00:00+00:00,-0.028034875728065102,0.0,-0.00039280666666666663,1.4173203689793468e-05,-0.028413509191041974,0.5,0.0
2022-05-20 00:00:00+00:00,0.011627475811925227,0.0,-0.0004215283333333333,1.3766403007653416e-05,0.011219713881599546,0.5,0.0
2022-05-21 00:00:00+00:00,-0.0170152737531154,0.0,-0.0004456233333333333,1.3766403007653416e-05,-0.01744713068344108,0.5,0.0
2022-05-22 00:00:00+00:00,-0.017384461833984694,0.00046666666666666666,-1.7183333333333335e-06,1.3766403007653416e-05,-0.017839080430977042,0.5,0.0
2022-05-23 00:00:00+00:00,0.027003594987323853,0.0,-2.2026666666666657e-05,1.4579883936716165e-05,0.026996148204593902,0.5,0.0
2022-05-24 00:00:00+00:00,-0.0006942175028559205,0.0,-0.0003024816666666667,1.4308777150251473e-05,-0.0009823903923723357,0.5,0.0
2022-05-25 00:00:00+00:00,0.012828342367670997,0.0,-0.0002665566666666667,1.4308777150251473e-05,0.012576094478154581,0.5,0.0
2022-05-26 00:00:00+00:00,0.06784179587184465,0.0,-0.00026711000000000004,1.4444337231633853e-05,0.06758913020907628,0.5,0.0
2022-05-27 00:00:00+00:00,0.02836757061495167,0.0,-0.00024363833333333333,1.4444337231633853e-05,0.02813837661884997,0.5,0.0
2022-05-28 00:00:00+00:00,-0.029652345997085213,0.0,-0.00015351333333333333,1.4444337231633853e-05,-0.029791414993186913,0.5,0.0
2022-05-29 00:00:00+00:00,-0.01748779551190623,0.0,-7.582666666666667e-05,1.4444337231633853e-05,-0.017549177841341263,0.5,0.0
2022-05-30 00:00:00+00:00,-0.07451438345884256,0.0,-3.616833333333333e-05,1.4444337231633853e-05,-0.07453610745494427,0.5,0.0
2022-05-31 00:00:00+00:00,0.02562273802524295,0.0,3.774666666666667e-05,1.5392883409903746e-05,0.02567587757531952,0.5,0.0
2022-06-01 00:00:00+00:00,0.05374265869597773,0.0,-3.954166666666666e-05,1.5257416907998866e-05,0.05371837444621907,0.5,0.0
2022-06-02 00:00:00+00:00,-0.02198947132560088,0.0,-0.00011482333333333333,1.5392883409903746e-05,-0.02208890177552431,0.5,0.0
2022-06-03 00:00:00+00:00,0.028251432772523174,0.0,-9.476499999999999e-05,1.5934615865131896e-05,0.028172602388388306,0.5,0.0
2022-06-04 00:00:00+00:00,-0.027205388759222255,0.0,-0.00016784499999999996,1.5934615865131896e-05,-0.027357299143357123,0.5,0.0
2022-06-05 00:00:00+00:00,0.004315136420412388,0.0005833333333333333,0.0010905916666666664,0.0,0.004822394753745721,1.0,0.5
2022-06-06 00:00:00+00:00,-0.023343209748539387,0.0,0.000869355,0.0,-0.022473854748539388,1.0,0.5
2022-06-07 00:00:00+00:00,0.008794593101985937,0.0,0.0007653133333333333,0.0,0.00955990643531927,1.0,0.5
2022-06-08 00:00:00+00:00,0.0010634714751469052,0.0,0.0009150266666666665,0.0,0.0019784981418135717,1.0,0.5
2022-06-09 00:00:00+00:00,0.0021339109151389994,0.0,0.0005319683333333333,0.0,0.002665879248472333,1.0,0.5
2022-06-10 00:00:00+00:00,0.013546971767743943,0.0,0.00040372499999999996,0.0,0.013950696767743943,1.0,0.5
2022-06-11 00:00:00+00:00,0.018807663440139698,0.0,0.0003891416666666667,0.0,0.019196805106806363,1.0,0.5
2022-06-12 00:00:00+00:00,0.03410197096304378,0.00046666666666666666,0.0004156049999999999,0.0,0.034050909296377115,1.0,0.5
2022-06-13 00:00:00+00:00,0.005446215699053292,0.0,0.001080855,0.0,0.006527070699053292,1.0,0.5
2022-06-14 00:00:00+00:00,-0.046833051965177876,0.0,0.0003216316666666666,0.0,-0.04651142029851121,1.0,0.5
2022-06-15 00:00:00+00:00,-0.008284434088357887,0.0,0.0016415666666666664,0.0,-0.00664286742169122,1.0,0.5
2022-06-16 00:00:00+00:00,0.015893245049785183,0.0,0.0009544866666666666,0.0,0.01684773171645185,1.0,0.5
2022-06-17 00:00:00+00:00,-0.011998266039461821,0.0,0.00086171,0.0,-0.011136556039461822,1.0,0.5
2022-06-18 00:00:00+00:00,0.016117713001511064,0.0,0.0003272683333333333,0.0,0.016444981334844396,1.0,0.5
2022-06-19 00:00:00+00:00,-0.07815963821336742,0.00046666666666666666,2.8466666666666636e-05,1.4316726973865695e-05,-0.07858352148639355,0.6666666666666666,0.16666666666666666
2022-06-20 00:00:00+00:00,-0.014619606643466452,0.0,-8.230000000000008e-06,1.4316726973865695e-05,-0.014613519916492587,0.6666666666666666,0.16666666666666666
2022-06-21 00:00:00+00:00,0.07314772637941004,0.0,0.00029843999999999997,1.5035705336489496e-05,0.07346120208474653,0.6666666666666666,0.16666666666666666
2022-06-22 00:00:00+00:00,0.010107798761683995,0.0,-0.00011474333333333333,1.4226814976758819e-05,0.01000728224332742,0.6666666666666666,0.16666666666666666
2022-06-23 00:00:00+00:00,-0.039460434644039616,0.0,-0.00011594333333333332,1.4406630144329451e-05,-0.03956197134722862,0.6666666666666666,0.16666666666666666
2022-06-24 00:00:00+00:00,-0.012245315756456042,0.0,-6.603333333333332e-06,1.5035705336489496e-05,-0.012236883384452887,0.6666666666666666,0.16666666666666666
2022-06-25 00:00:00+00:00,-0.03860009497544751,0.0,1.3154999999999999e-05,1.5035705336489496e-05,-0.03857190427011102,0.6666666666666666,0.16666666666666666
2022-06-26 00:00:00+00:00,0.012481775824934888,0.0007,-7.433333333333333e-05,1.5035705336489496e-05,0.011722478196938045,0.6666666666666666,0.16666666666666666
2022-06-27 00:00:00+00:00,-0.0006449587808225838,0.0,-7.330333333333333e-05,1.5843881859378687e-05,-0.0007024182322965385,0.6666666666666666,0.16666666666666666
2022-06-28 00:00:00+00:00,0.01079352081108533,0.0,-0.00013524,1.5843881859378687e-05,0.010674124692944709,0.6666666666666666,0.16666666666666666
2022-06-29 00:00:00+00:00,0.0016869772791824333,0.0,-0.00012120166666666663,1.5664348701482925e-05,0.0015814399612172497,0.6666666666666666,0.16666666666666666
2022-06-30 00:00:00+00:00,0.014626816898032411,0.0,-0.00016789833333333333,1.5035705336489496e-05,0.014473954270035568,0.6666666666666666,0.16666666666666666
2022-07-01 00:00:00+00:00,-0.0028619766587680093,0.0,-0.00018568833333333334,1.5035705336489496e-05,-0.0030326292867648534,0.6666666666666666,0.16666666666666666
2022-07-02 00:00:00+00:00,0.003433980370669905,0.0,-8.407166666666666e-05,1.5035705336489496e-05,0.003364944409339728,0.6666666666666666,0.16666666666666666
2022-07-03 00:00:00+00:00,0.004987845540094996,0.0005833333333333333,0.00017277166666666664,7.5178526682447505e-06,0.004584801726096574,0.8333333333333333,0.3333333333333333
2022-07-04 00:00:00+00:00,-0.0009779089598771131,0.0,0.00018202166666666668,7.5178526682447505e-06,-0.0007883694405422017,0.8333333333333333,0.3333333333333333
2022-07-05 00:00:00+00:00,0.007744462904762012,0.0,0.00010904666666666667,8.415342797681491e-06,0.00786192491422636,0.8333333333333333,0.3333333333333333
2022-07-06 00:00:00+00:00,0.000543309489033879,0.0,0.00025813333333333334,8.370510045319083e-06,0.0008098133324125315,0.8333333333333333,0.3333333333333333
2022-07-07 00:00:00+00:00,0.000655285849134768,0.0,0.00026948166666666666,8.549814723424202e-06,0.0009333173305248588,0.8333333333333333,0.3333333333333333
2022-07-08 00:00:00+00:00,0.0060085167327970646,0.0,0.00020942333333333335,8.63944073969947e-06,0.006226579506870097,0.8333333333333333,0.3333333333333333
2022-07-09 00:00:00+00:00,0.0028988575833660173,0.0,0.000147645,8.63944073969947e-06,0.003055142024105717,0.8333333333333333,0.3333333333333333
2022-07-10 00:00:00+00:00,-0.01932738210836632,0.00046666666666666666,-3.737333333333333e-05,2.59183222190984e-05,-0.019805503786147222,0.5,0.5
2022-07-11 00:00:00+00:00,-0.03700562741565958,0.0,5.527166666666666e-05,2.8872512496613822e-05,-0.0369214832364963,0.5,0.5
2022-07-12 00:00:00+00:00,-0.01101630199788517,0.0,0.00022705333333333333,2.9274864842054882e-05,-0.010759973799709782,0.5,0.5
2022-07-13 00:00:00+00:00,0.049528311434419825,0.0,0.00026072166666666664,3.1552638144360934e-05,0.04982058573923085,0.5,0.5
2022-07-14 00:00:00+00:00,0.030389286238589122,0.0,0.00011771833333333332,3.1552638144360934e-05,0.030538557210066816,0.5,0.5
2022-07-15 00:00:00+00:00,-0.0018690530080462397,0.0,6.691333333333334e-05,3.1017031168256715e-05,-0.0017711226435446496,0.5,0.5
2022-07-16 00:00:00+00:00,0.011753963032944107,0.0,7.390499999999999e-05,3.1017031168256715e-05,0.011858885064112364,0.5,0.5
2022-07-17 00:00:00+00:00,0.00866185797910331,0.0008166666666666666,0.00012301666666666666,0.0,0.00796820797910331,1.0,0.5
2022-07-18 00:00:00+00:00,0.03761374907716908,0.0,0.00010909,0.0,0.03772283907716908,1.0,0.5
2022-07-19 00:00:00+00:00,-0.06423162400710294,0.0,-7.398333333333333e-06,0.0,-0.06423902234043628,1.0,0.5
2022-07-20 00:00:00+00:00,0.00670161791764292,0.0,0.00011584500000000001,0.0,0.00681746291764292,1.0,0.5
2022-07-21 00:00:00+00:00,0.011580948862452978,0.0,-6.727666666666667e-05,0.0,0.011513672195786312,1.0,0.5
2022-07-22 00:00:00+00:00,0.007736296482285297,0.0,0.00010937666666666666,0.0,0.007845673148951963,1.0,0.5
2022-07-23 00:00:00+00:00,-0.005615714807809756,0.0,1.979500000000001e-05,0.0,-0.005595919807809755,1.0,0.5
2022-07-24 00:00:00+00:00,0.0036816420739962563,0.00046666666666666666,-2.8601666666666668e-05,2.1748817338925384e-05,0.0032081225580018486,0.6666666666666666,0.5
2022-07-25 00:00:00+00:00,-0.036128528326180645,0.0,-0.00013445999999999998,2.299649964239888e-05,-0.03623999182653825,0.6666666666666666,0.5
2022-07-26 00:00:00+00:00,0.00013701043388257084,0.0,-0.00024467,2.2372870967476054e-05,-8.52866951499531e-05,0.6666666666666666,0.5
2022-07-27 00:00:00+00:00,0.06485515459990687,0.0,7.774166666666668e-05,2.139202424674321e-05,0.06495428829082028,0.6666666666666666,0.5
2022-07-28 00:00:00+00:00,-0.008321114665826303,0.0,-0.00021193166666666667,2.1213575560545077e-05,-0.008511832756932425,0.6666666666666666,0.5
2022-07-29 00:00:00+00:00,-0.014299185062412179,0.0,-0.0001,2.1124338176470306e-05,-0.014378060724235708,0.6666666666666666,0.5
2022-07-30 00:00:00+00:00,-0.002386258146694538,0.0,-9.174833333333334e-05,2.1124338176470306e-05,-0.002456882141851401,0.6666666666666666,0.5
2022-07-31 00:00:00+00:00,0.002317051436328469,0.00035,-0.00015451833333333335,1.0562169088235157e-05,0.0018230952720833709,0.8333333333333333,0.5
2022-08-01 00:00:00+00:00,-0.014673468259461881,0.0,-0.00022350833333333335,1.118643548373803e-05,-0.014885790157311478,0.8333333333333333,0.5
2022-08-02 00:00:00+00:00,0.008284249266626964,0.0,-0.00019083666666666664,1.118643548373803e-05,0.008104599035444035,0.8333333333333333,0.5
2022-08-03 00:00:00+00:00,0.016374746204791662,0.0,-0.00011031166666666666,1.1008160483161338e-05,0.016275442698608155,0.8333333333333333,0.5
2022-08-04 00:00:00+00:00,0.002584887527792216,0.0,-0.00020769499999999998,1.0874408669462696e-05,0.0023880669364616785,0.8333333333333333,0.5
2022-08-05 00:00:00+00:00,0.0152761384340749,0.0,-0.00017078166666666664,1.118643548373803e-05,0.01511654320289197,0.8333333333333333,0.5
2022-08-06 00:00:00+00:00,-0.011533457663572815,0.0,-9.235666666666668e-05,1.118643548373803e-05,-0.011614627894755744,0.8333333333333333,0.5
2022-08-07 00:00:00+00:00,-0.0020597266423607406,0.0005833333333333333,-4.4038333333333335e-05,2.2372870967476054e-05,-0.002664725438059931,0.6666666666666666,0.5
2022-08-08 00:00:00+00:00,0.0006769927127735313,0.0,9.661666666666663e-06,2.3174601292197398e-05,0.0007098289807323954,0.6666666666666666,0.5
2022-08-09 00:00:00+00:00,-0.03972540021396111,0.0,1.781666666666667e-05,2.326363913018881e-05,-0.039684319908164255,0.6666666666666666,0.5
2022-08-10 00:00:00+00:00,0.0026756910245540055,0.0,-3.805833333333333e-05,2.3085554796760853e-05,0.0026607182460174333,0.6666666666666666,0.5
2022-08-11 00:00:00+00:00,0.010586143222815777,0.0,-7.195666666666667e-05,2.272928220821887e-05,0.01053691583835733,0.6666666666666666,0.5
2022-08-12 00:00:00+00:00,0.0150881427615663,0.0,-7.932166666666666e-05,2.2818363349793223e-05,0.015031639458249427,0.6666666666666666,0.5
2022-08-13 00:00:00+00:00,-0.01786951462589666,0.0,-0.00010064166666666667,2.2818363349793223e-05,-0.017947337929213537,0.6666666666666666,0.5
2022-08-14 00:00:00+00:00,-0.032461267539658625,0.00046666666666666666,-0.000119575,2.2818363349793223e-05,-0.03302469084297549,0.6666666666666666,0.5
2022-08-15 00:00:00+00:00,0.039322244182983655,0.0,-0.00014864166666666667,2.3708698519531172e-05,0.03919731121483652,0.6666666666666666,0.5
2022-08-16 00:00:00+00:00,-0.007868869243597549,0.0,-0.00022227833333333334,2.353070071725583e-05,-0.008067616876213626,0.6666666666666666,0.5
2022-08-17 00:00:00+00:00,-0.02823157449990049,0.0,-0.00022201166666666665,2.3352668312659478e-05,-0.0284302334982545,0.6666666666666666,0.5
2022-08-18 00:00:00+00:00,-0.02989566615151662,0.0,-0.00017954333333333332,2.353070071725583e-05,-0.030051678784132698,0.6666666666666666,0.5
2022-08-19 00:00:00+00:00,-0.02834876298963057,0.0,-0.00015728666666666667,2.3797684449045068e-05,-0.028482251971848192,0.6666666666666666,0.5
2022-08-20 00:00:00+00:00,-0.013024648111321036,0.0,-2.7586666666666685e-05,2.3797684449045068e-05,-0.013028437093538656,0.6666666666666666,0.5
2022-08-21 00:00:00+00:00,-0.013391723991417154,0.0008166666666666667,-0.00026092999999999993,1.1898842224522537e-05,-0.014457421815859298,0.8333333333333333,0.3333333333333333
2022-08-22 00:00:00+00:00,-0.027137368907414375,0.0,-0.00034502000000000003,1.2343534258200494e-05,-0.027470045373156175,0.8333333333333333,0.3333333333333333
2022-08-23 00:00:00+00:00,-0.0457081967197986,0.0,-0.00018960166666666666,1.221017198715924e-05,-0.04588558821447811,0.8333333333333333,0.3333333333333333
2022-08-24 00:00:00+00:00,0.025585210156854905,0.0,-0.0003138216666666667,1.229908448333965e-05,0.02528368757467158,0.8333333333333333,0.3333333333333333
2022-08-25 00:00:00+00:00,0.0063677129506367605,0.0,-0.00023344666666666664,1.2521290222296723e-05,0.006146787574192391,0.8333333333333333,0.3333333333333333
2022-08-26 00:00:00+00:00,0.016576035877199507,0.0,-7.74000000000001e-06,1.2521290222296723e-05,0.016580817167421803,0.8333333333333333,0.3333333333333333
2022-08-27 00:00:00+00:00,0.010236558914268723,0.0,-6.0146666666666685e-05,1.2521290222296723e-05,0.010188933537824353,0.8333333333333333,0.3333333333333333
2022-08-28 00:00:00+00:00,0.006409355648772578,0.00035,-5.6671666666666675e-05,2.5042580444593437e-05,0.006027726562550505,0.6666666666666666,0.16666666666666666
2022-08-29 00:00:00+00:00,-0.032920278301183416,0.0,-0.00021542333333333333,2.601952725130493e-05,-0.03310968210726544,0.6666666666666666,0.16666666666666666
2022-08-30 00:00:00+00:00,0.022752535119646606,0.0,-0.00023883166666666665,2.5930756956856392e-05,0.022539634209936793,0.6666666666666666,0.16666666666666666
2022-08-31 00:00:00+00:00,-0.005026793947019825,0.0,-0.00010038333333333332,2.584197805706919e-05,-0.0051013353022960894,0.6666666666666666,0.16666666666666666
2022-09-01 00:00:00+00:00,-0.006603919571939027,0.0,-4.5904999999999995e-05,2.5930756956856392e-05,-0.006623893814982171,0.6666666666666666,0.16666666666666666
2022-09-02 00:00:00+00:00,-0.0071948998788357406,0.0,-8.242666666666667e-05,2.566439443496549e-05,-0.007251662151067441,0.6666666666666666,0.16666666666666666
2022-09-03 00:00:00+00:00,0.0027410664074333417,0.0,-5.3985000000000006e-05,2.566439443496549e-05,0.0027127458018683073,0.6666666666666666,0.16666666666666666
2022-09-04 00:00:00+00:00,-0.012036651634514155,0.00105,-0.00136864,1.2832197217482749e-05,-0.014442459437296674,0.8333333333333333,0.3333333333333333
2022-09-05 00:00:00+00:00,0.011320460207888997,0.0,-0.0008058583333333333,1.2832197217482749e-05,0.010527434071773147,0.8333333333333333,0.3333333333333333
2022-09-06 00:00:00+00:00,0.016707319079205106,0.0,-0.0008875749999999999,1.3320339252165253e-05,0.01583306441845727,0.8333333333333333,0.3333333333333333
2022-09-07 00:00:00+00:00,0.008229326801134938,0.0,-0.00041866666666666663,1.3409036469143789e-05,0.007824069170937415,0.8333333333333333,0.3333333333333333
2022-09-08 00:00:00+00:00,-0.0004857091527436519,0.0,-0.00012228166666666669,1.3364690008195925e-05,-0.0005946261294021226,0.8333333333333333,0.3333333333333333
2022-09-09 00:00:00+00:00,-0.021935957722072612,0.0,2.0825000000000005e-05,1.3409036469143789e-05,-0.02190172368560347,0.8333333333333333,0.3333333333333333
2022-09-10 00:00:00+00:00,0.007538574525764211,0.0,-3.165833333333333e-05,1.3409036469143789e-05,0.007520325228900021,0.8333333333333333,0.3333333333333333
2022-09-11 00:00:00+00:00,0.0009086157306911376,0.00035,-0.0002967316666666666,0.0,0.000261884064024471,1.0,0.5
2022-09-12 00:00:00+00:00,-0.030351284499710952,0.0,-0.0007185466666666668,0.0,-0.03106983116637762,1.0,0.5
2022-09-13 00:00:00+00:00,0.00936492959152822,0.0,-0.0008427833333333333,0.0,0.008522146258194887,1.0,0.5
2022-09-14 00:00:00+00:00,-0.011862516699120453,0.0,-0.00025074499999999997,0.0,-0.012113261699120453,1.0,0.5
2022-09-15 00:00:00+00:00,-0.0012698063610345374,0.0,0.00026748833333333324,0.0,-0.001002318027701204,1.0,0.5
2022-09-16 00:00:00+00:00,-0.01600928865924021,0.0,0.0007234850000000001,0.0,-0.015285803659240212,1.0,0.5
2022-09-17 00:00:00+00:00,-0.003984030326382762,0.0,0.0005369600000000001,0.0,-0.0034470703263827624,1.0,0.5
2022-09-18 00:00:00+00:00,0.029443148351841864,0.0007,1.8876666666666682e-05,0.0,0.02876202501850853,1.0,0.5
2022-09-19 00:00:00+00:00,0.02268695684087485,0.0,-0.00010926,0.0,0.02257769684087485,1.0,0.5
2022-09-20 00:00:00+00:00,0.019239350509308008,0.0,-7.992166666666666e-05,0.0,0.01915942884264134,1.0,0.5
2022-09-21 00:00:00+00:00,-0.0015017982587351804,0.0,-1.0751666666666674e-05,0.0,-0.001512549925401847,1.0,0.5
2022-09-22 00:00:00+00:00,0.005989422607459088,0.0,0.00010299833333333335,0.0,0.006092420940792421,1.0,0.5
2022-09-23 00:00:00+00:00,-0.010410530996933565,0.0,0.00013382666666666667,0.0,-0.010276704330266898,1.0,0.5
2022-09-24 00:00:00+00:00,-0.005660880597584664,0.0,0.0002653716666666666,0.0,-0.0053955089309179975,1.0,0.5
2022-09-25 00:00:00+00:00,0.008711943271713169,0.0007,3.0083333333333297e-06,0.0,0.008014951605046504,1.0,0.5
2022-09-26 00:00:00+00:00,-0.02159885690454827,0.0,-6.118999999999999e-05,0.0,-0.02166004690454827,1.0,0.5
2022-09-27 00:00:00+00:00,-0.013092999605984292,0.0,4.565666666666665e-05,0.0,-0.013047342939317625,1.0,0.5
2022-09-28 00:00:00+00:00,-0.010636597945748467,0.0,-3.039166666666667e-05,0.0,-0.010666989612415134,1.0,0.5
2022-09-29 00:00:00+00:00,0.012294246832314802,0.0,0.00015113333333333334,0.0,0.012445380165648135,1.0,0.5
2022-09-30 00:00:00+00:00,-0.009973104333172056,0.0,6.743333333333334e-06,0.0,-0.009966360999838723,1.0,0.5
2022-10-01 00:00:00+00:00,0.0011424011148239814,0.0,-1.761000000000001e-05,0.0,0.0011247911148239815,1.0,0.5
2022-10-02 00:00:00+00:00,-0.01347090430029394,0.00046666666666666666,-0.00011587666666666667,0.0,-0.014053447633627274,1.0,0.5
2022-10-03 00:00:00+00:00,0.0026263581766328885,0.0,3.628166666666666e-05,0.0,0.0026626398432995553,1.0,0.5
2022-10-04 00:00:00+00:00,0.0013717844222152307,0.0,2.94666666666667e-06,0.0,0.0013747310888818974,1.0,0.5
2022-10-05 00:00:00+00:00,0.010478693977711302,0.0,-5.475666666666665e-05,0.0,0.010423937311044636,1.0,0.5
2022-10-06 00:00:00+00:00,-0.00792424225623554,0.0,-5.739999999999999e-05,0.0,-0.00798164225623554,1.0,0.5
2022-10-07 00:00:00+00:00,0.021328867834582394,0.0,-3.964666666666667e-05,0.0,0.021289221167915727,1.0,0.5
2022-10-08 00:00:00+00:00,0.0033335655721457025,0.0,-0.00010303833333333333,0.0,0.003230527238812369,1.0,0.5
2022-10-09 00:00:00+00:00,0.0005800992992047729,0.00035,-9.535833333333335e-05,1.4870065542312486e-05,0.00014961103141375199,0.8333333333333333,0.3333333333333333
2022-10-10 00:00:00+00:00,0.024108261198960514,0.0,-6.382833333333333e-05,1.4870065542312486e-05,0.02405930293116949,0.8333333333333333,0.3333333333333333
2022-10-11 00:00:00+00:00,0.005911424502414886,0.0,-0.00017358166666666669,1.584150157433555e-05,0.005753684337322555,0.8333333333333333,0.3333333333333333
2022-10-12 00:00:00+00:00,0.0013252097042268558,0.0,-6.368833333333332e-05,1.5973810596629324e-05,0.001277495181490152,0.8333333333333333,0.3333333333333333
2022-10-13 00:00:00+00:00,0.01579990373623267,0.0,-0.00023488166666666666,1.632644787397109e-05,0.015581348517439973,0.8333333333333333,0.3333333333333333
2022-10-14 00:00:00+00:00,-0.002797784376159666,0.0,-5.143499999999998e-05,1.6370508445680745e-05,-0.002832848867713985,0.8333333333333333,0.3333333333333333
2022-10-15 00:00:00+00:00,0.0012613180069086698,0.0,0.00018128166666666668,1.6370508445680745e-05,0.0014589701820210172,0.8333333333333333,0.3333333333333333
2022-10-16 00:00:00+00:00,-0.005233373688398119,0.0008166666666666667,5.781666666666673e-06,0.0,-0.006044258688398119,1.0,0.5
2022-10-17 00:00:00+00:00,0.004315641425113166,0.0,5.034500000000001e-05,0.0,0.0043659864251131665,1.0,0.5
2022-10-18 00:00:00+00:00,-0.0045517815441517735,0.0,-3.7673333333333344e-05,0.0,-0.004589454877485107,1.0,0.5
2022-10-19 00:00:00+00:00,0.01947140949030568,0.0,-2.1438333333333334e-05,0.0,0.019449971156972348,1.0,0.5
2022-10-20 00:00:00+00:00,-0.020311023980982317,0.0,-7.611166666666669e-05,0.0,-0.020387135647648984,1.0,0.5
2022-10-21 00:00:00+00:00,-0.00887932829771041,0.0,-0.00010439499999999999,0.0,-0.008983723297710411,1.0,0.5
2022-10-22 00:00:00+00:00,-0.0016822987410140175,0.0,8.95e-05,0.0,-0.0015927987410140176,1.0,0.5
2022-10-23 00:00:00+00:00,0.009240514274610773,0.0008166666666666666,-0.00011537166666666666,1.7470647166876563e-05,0.008325946588444317,0.8333333333333333,0.3333333333333333
2022-10-24 00:00:00+00:00,0.0007785390011771,0.0,-0.0001918633333333333,1.7909963671310563e-05,0.0006045856315150774,0.8333333333333333,0.3333333333333333
2022-10-25 00:00:00+00:00,-0.011255008488702907,0.0,-0.00014473833333333332,1.7778212968148455e-05,-0.011381968609068092,0.8333333333333333,0.3333333333333333
2022-10-26 00:00:00+00:00,0.0065713824393153954,0.0,-0.00010385833333333333,1.7646424347687418e-05,0.00648517053032975,0.8333333333333333,0.3333333333333333
2022-10-27 00:00:00+00:00,0.0007703744632834297,0.0,-4.842833333333333e-05,1.769035810221069e-05,0.000739636488052307,0.8333333333333333,0.3333333333333333
2022-10-28 00:00:00+00:00,-0.008020399654034893,0.0,-8.128e-05,1.7866050981936915e-05,-0.008083813603052955,0.8333333333333333,0.3333333333333333
2022-10-29 00:00:00+00:00,-0.0008974085241811134,0.0,7.027666666666668e-05,1.7866050981936915e-05,-0.0008092658065325097,0.8333333333333333,0.3333333333333333
2022-10-30 00:00:00+00:00,-0.024923403792089127,0.0005833333333333333,-1.6203333333333328e-05,0.0,-0.02552294045875579,1.0,0.5
2022-10-31 00:00:00+00:00,0.0009465043678960438,0.0,-7.833333333332214e-08,0.0,0.0009464260345627105,1.0,0.5
2022-11-01 00:00:00+00:00,0.015339852133690213,0.0,-1.3320000000000005e-05,0.0,0.015326532133690212,1.0,0.5
2022-11-02 00:00:00+00:00,0.003386447984282597,0.0,-7.462333333333333e-05,0.0,0.0033118246509492638,1.0,0.5
2022-11-03 00:00:00+00:00,-0.004216112932580099,0.0,-3.1885e-05,0.0,-0.004247997932580099,1.0,0.5
2022-11-04 00:00:00+00:00,0.023468709044811728,0.0,-2.472833333333333e-05,0.0,0.023443980711478393,1.0,0.5
2022-11-05 00:00:00+00:00,-0.008650496092549215,0.0,-5.5550000000000036e-06,0.0,-0.008656051092549216,1.0,0.5
2022-11-06 00:00:00+00:00,-0.011279635397767643,0.00105,-4.895833333333333e-05,1.799777641905051e-05,-0.012360595954681926,0.8333333333333333,0.5
2022-11-07 00:00:00+00:00,-0.030856927072823392,0.0,-4.408333333333337e-06,1.8436587747768435e-05,-0.03084289881840896,0.8333333333333333,0.5
2022-11-08 00:00:00+00:00,-0.012541522248771253,0.0,-0.0014290833333333332,1.834885911518777e-05,-0.013952256722989397,0.8333333333333333,0.5
2022-11-09 00:00:00+00:00,-0.043490816568055486,0.0,-0.000118465,1.8392725532353132e-05,-0.04359088884252313,0.8333333333333333,0.5
2022-11-10 00:00:00+00:00,0.10356981985747919,0.0,-6.770333333333333e-05,1.8304988495495194e-05,0.10352042151264135,0.8333333333333333,0.5
2022-11-11 00:00:00+00:00,-0.0029186650172998135,0.0,4.1648333333333326e-05,1.8304988495495194e-05,-0.002858711695470985,0.8333333333333333,0.5
2022-11-12 00:00:00+00:00,-0.004047387355516961,0.0,3.876666666666667e-05,1.8304988495495194e-05,-0.0039903157003548,0.8333333333333333,0.5
2022-11-13 00:00:00+00:00,-0.010508693214723605,0.0005833333333333333,-0.0014888516666666666,0.0,-0.012580878214723605,1.0,0.5
2022-11-14 00:00:00+00:00,-0.008433258053761473,0.0,-0.002433673333333333,0.0,-0.010866931387094807,1.0,0.5
2022-11-15 00:00:00+00:00,0.013013509268695045,0.0,-0.0008725033333333333,0.0,0.012141005935361712,1.0,0.5
2022-11-16 00:00:00+00:00,0.011929454793431327,0.0,-0.0013072533333333331,0.0,0.010622201460097994,1.0,0.5
2022-11-17 00:00:00+00:00,0.01186020726817183,0.0,-0.0012804466666666667,0.0,0.010579760601505162,1.0,0.5
2022-11-18 00:00:00+00:00,0.032308501012315506,0.0,-0.0005374949999999999,0.0,0.03177100601231551,1.0,0.5
2022-11-19 00:00:00+00:00,-0.008711035167425957,0.0,-0.0004190083333333333,0.0,-0.00913004350075929,1.0,0.5
2022-11-20 00:00:00+00:00,-0.008417472041158523,0.00046666666666666666,-0.00026899,3.713629838360729e-05,-0.009115992409441583,0.6666666666666666,0.16666666666666666
2022-11-21 00:00:00+00:00,0.011919317760037722,0.0,-0.00026338666666666664,3.783759006840508e-05,0.01169376868343946,0.6666666666666666,0.16666666666666666
2022-11-22 00:00:00+00:00,-0.02190135413239665,0.0,-0.00015730666666666668,3.766231748418096e-05,-0.022020998481579134,0.6666666666666666,0.16666666666666666
2022-11-23 00:00:00+00:00,-0.05315449949620991,0.0,9.902666666666669e-05,3.766231748418096e-05,-0.05301781051205906,0.6666666666666666,0.16666666666666666
2022-11-24 00:00:00+00:00,-0.001325511354791439,0.0,-0.00047366166666666654,3.766231748418096e-05,-0.0017615107039739245,0.6666666666666666,0.16666666666666666
2022-11-25 00:00:00+00:00,0.006064005826831049,0.0,-0.00010902166666666663,3.774995796912429e-05,0.005992734118133507,0.6666666666666666,0.16666666666666666
2022-11-26 00:00:00+00:00,-0.00773287724922043,0.0,-8.170833333333328e-05,3.774995796912429e-05,-0.0077768356245846385,0.6666666666666666,0.16666666666666666
2022-11-27 00:00:00+00:00,-0.005583537393151279,0.00035,-0.00030633500000000003,5.662493695368642e-05,-0.006183247456197593,0.5,0.0
2022-11-28 00:00:00+00:00,0.01102761783696408,0.0,-0.0013789483333333334,5.767617014595938e-05,0.009706345673776706,0.5,0.0
2022-11-29 00:00:00+00:00,-0.005440875854635633,0.0,-0.00013943,5.728205196020575e-05,-0.005523023802675427,0.5,0.0
2022-11-30 00:00:00+00:00,-0.020636764772299622,0.0,-0.0003063633333333333,5.728205196020575e-05,-0.02088584605367275,0.5,0.0
2022-12-01 00:00:00+00:00,0.015871510487609725,0.0,-9.712166666666665e-05,5.662493695368642e-05,0.015831013757896747,0.5,0.0
2022-12-02 00:00:00+00:00,-0.013834679211114882,0.0,-0.0003810183333333334,5.662493695368642e-05,-0.014159072607494529,0.5,0.0
2022-12-03 00:00:00+00:00,0.019665231035162323,0.0,1.2661666666666674e-05,5.662493695368642e-05,0.019734517638782676,0.5,0.0
2022-12-04 00:00:00+00:00,-0.0003239692328157093,0.0008166666666666667,-9.502333333333331e-05,0.0,-0.0012356592328157095,1.0,0.5
2022-12-05 00:00:00+00:00,0.0017057633290848981,0.0,2.3118333333333342e-05,0.0,0.0017288816624182314,1.0,0.5
2022-12-06 00:00:00+00:00,0.0022992959108081865,0.0,2.9213333333333334e-05,0.0,0.00232850924414152,1.0,0.5
2022-12-07 00:00:00+00:00,-0.0006132298573424868,0.0,-1.1383333333333357e-06,0.0,-0.0006143681906758201,1.0,0.5
2022-12-08 00:00:00+00:00,0.0020671527969353303,0.0,-9.980333333333333e-05,0.0,0.001967349463601997,1.0,0.5
2022-12-09 00:00:00+00:00,-0.009169601834714769,0.0,9.965666666666666e-05,0.0,-0.009069945168048103,1.0,0.5
2022-12-10 00:00:00+00:00,0.00557582781511549,0.0,9.353833333333333e-05,0.0,0.005669366148448823,1.0,0.5
2022-12-11 00:00:00+00:00,0.020978023744109488,0.0007,0.0006832516666666666,1.2485682937712016e-20,0.020961275410776154,0.9999999999999999,0.5
2022-12-12 00:00:00+00:00,-0.00615225456898751,0.0,0.0010097916666666666,1.277751459746877e-20,-0.0051424629023208435,0.9999999999999999,0.5
2022-12-13 00:00:00+00:00,-0.004784557014248181,0.0,0.0007085433333333334,1.2689994411199561e-20,-0.004076013680914847,0.9999999999999999,0.5
2022-12-14 00:00:00+00:00,0.005257188996619757,0.0,0.0008718316666666666,1.2602449107081439e-20,0.006129020663286423,0.9999999999999999,0.5
2022-12-15 00:00:00+00:00,-0.021464542413730598,0.0,0.00063513,1.2573261754786107e-20,-0.020829412413730597,0.9999999999999999,0.5
2022-12-16 00:00:00+00:00,0.012682526965820621,0.0,0.00040633499999999996,1.2514878670643738e-20,0.013088861965820622,0.9999999999999999,0.5
2022-12-17 00:00:00+00:00,0.002849516910989872,0.0,0.00070516,1.2514878670643738e-20,0.0035546769109898717,0.9999999999999999,0.5
2022-12-18 00:00:00+00:00,-0.0008444009455442587,0.0009333333333333333,-0.0006659833333333332,3.757466861179874e-05,-0.002406142943599127,0.6666666666666666,0.16666666666666666
2022-12-19 00:00:00+00:00,0.02982924517565294,0.0,-0.0005616883333333333,3.8275624834716033e-05,0.029305832467154323,0.6666666666666666,0.16666666666666666
2022-12-20 00:00:00+00:00,-0.016298309775476562,0.0,-0.00044741166666666663,3.801282911612229e-05,-0.016707708613027106,0.6666666666666666,0.16666666666666666
2022-12-21 00:00:00+00:00,0.00867208642371738,0.0,-0.00033312,3.774995796912429e-05,0.008376716381686505,0.6666666666666666,0.16666666666666666
2022-12-22 00:00:00+00:00,-0.0027983034299249123,0.0,-0.00037285166666666664,3.792521378350363e-05,-0.0031332298828080753,0.6666666666666666,0.16666666666666666
2022-12-23 00:00:00+00:00,-0.0014782267517274479,0.0,-3.4693333333333335e-05,3.783759006840508e-05,-0.001475082494992376,0.6666666666666666,0.16666666666666666
2022-12-24 00:00:00+00:00,0.0028391190083196603,0.0,-0.00014242833333333332,3.783759006840508e-05,0.002734528265054732,0.6666666666666666,0.16666666666666666
2022-12-25 00:00:00+00:00,0.016644344049065247,0.0005833333333333333,2.4201666666666662e-05,5.675638510260761e-05,0.016141968767501187,0.5,0.0
2022-12-26 00:00:00+00:00,-0.009467186462621938,0.0,-8.724666666666667e-05,5.675638510260761e-05,-0.009497676744185998,0.5,0.0
2022-12-27 00:00:00+00:00,0.011783823994304294,0.0,2.704166666666667e-05,5.833278263400743e-05,0.011869198443604968,0.5,0.0
2022-12-28 00:00:00+00:00,0.035160783922982865,0.0,-9.960000000000001e-05,5.833278263400743e-05,0.035119516705616874,0.5,0.0
2022-12-29 00:00:00+00:00,0.0018027381370380546,0.0,-3.1236666666666665e-05,5.820148524060542e-05,0.0018297029556119935,0.5,0.0
2022-12-30 00:00:00+00:00,0.005039423503620984,0.0,-0.00014035666666666668,5.767617014595938e-05,0.0049567430071002765,0.5,0.0
2022-12-31 00:00:00+00:00,-0.011458778848264073,0.0,-0.00011798666666666665,5.767617014595938e-05,-0.01151908934478478,0.5,0.0
2023-01-01 00:00:00+00:00,-0.010666654023150295,0.00023333333333333333,-0.0001954733333333333,5.767617014595938e-05,-0.011037784519671003,0.5,0.0
2023-01-02 00:00:00+00:00,-0.013342384483483828,0.0,-0.0001484,5.767617014595938e-05,-0.013433108313337869,0.5,0.0
2023-01-03 00:00:00+00:00,-0.018624494407933307,0.0,-1.1216666666666596e-06,5.89890814386429e-05,-0.01856662699316133,0.5,0.0
2023-01-04 00:00:00+00:00,-0.0015437551277309167,0.0,6.8255e-05,5.912030358401488e-05,-0.001416379824146902,0.5,0.0
2023-01-05 00:00:00+00:00,-0.007790776912127799,0.0,-5.0508333333333346e-05,6.0431836121255245e-05,-0.007780853409339877,0.5,0.0
2023-01-06 00:00:00+00:00,-0.008194124051609408,0.0,6.579833333333333e-05,6.0431836121255245e-05,-0.00806789388215482,0.5,0.0
2023-01-07 00:00:00+00:00,0.003110177255312818,0.0,9.863e-05,6.0431836121255245e-05,0.0032692390914340736,0.5,0.0
2023-01-08 00:00:00+00:00,-0.013541249606564849,0.0008166666666666667,0.0020851633333333333,0.0,-0.012272752939898181,1.0,0.5
2023-01-09 00:00:00+00:00,-0.031153872886219142,0.0,1.5961666666666667e-05,0.0,-0.031137911219552474,1.0,0.5
2023-01-10 00:00:00+00:00,0.01169999176780788,0.0,0.0,0.0,0.01169999176780788,1.0,0.5
2023-01-11 00:00:00+00:00,0.0015990998146090765,0.0,0.0003618033333333333,0.0,0.00196090314794241,1.0,0.5
2023-01-12 00:00:00+00:00,-0.003107299304068537,0.0,0.0005518816666666666,0.0,-0.0025554176374018704,1.0,0.5
2023-01-13 00:00:00+00:00,-0.006448011588803851,0.0,0.00015342833333333332,0.0,-0.006294583255470517,1.0,0.5
2023-01-14 00:00:00+00:00,-0.027688178727647506,0.0,-3.1466666666666817e-06,0.0,-0.02769132539431417,1.0,0.5
2023-01-15 00:00:00+00:00,-0.017718945370995644,0.0008166666666666667,-0.0003548583333333333,6.0431836121255245e-05,-0.018830038534874388,0.5,0.5
2023-01-16 00:00:00+00:00,-0.009448660447648933,0.0,-0.00023076166666666668,6.0431836121255245e-05,-0.009618990278194345,0.5,0.5
2023-01-17 00:00:00+00:00,0.02079772264202216,0.0,-0.00012298166666666668,6.108713315289283e-05,0.020735828108508384,0.5,0.5
2023-01-18 00:00:00+00:00,-0.03515728213351641,0.0,0.0002757266666666666,6.082505184812348e-05,-0.034820730415001624,0.5,0.5
2023-01-19 00:00:00+00:00,0.004553630883157984,0.0,-0.00015000000000000001,6.0956098750231114e-05,0.004464586981908215,0.5,0.5
2023-01-20 00:00:00+00:00,0.0662165452791185,0.0,-0.000142885,6.12181550585511e-05,0.06613487843417705,0.5,0.5
2023-01-21 00:00:00+00:00,0.012555481652219593,0.0,-0.00019933166666666666,6.12181550585511e-05,0.012417368140611477,0.5,0.5
2023-01-22 00:00:00+00:00,-0.003841827334252127,0.00023333333333333333,-0.00023088666666666667,6.12181550585511e-05,-0.004244829179193576,0.5,0.5
2023-01-23 00:00:00+00:00,0.030999824660872845,0.0,-0.00029688666666666664,6.134916446953742e-05,0.030764287158675716,0.5,0.5
2023-01-24 00:00:00+00:00,-0.02063128468199088,0.0,-0.00021780666666666666,6.12181550585511e-05,-0.020787873193598996,0.5,0.5
2023-01-25 00:00:00+00:00,0.020179893215036215,0.0,-0.00013898833333333334,6.108713315289283e-05,0.020101992014855775,0.5,0.5
2023-01-26 00:00:00+00:00,0.012235616500343827,0.0,-0.00015000000000000001,6.0956098750231114e-05,0.012146572599094057,0.5,0.5
2023-01-27 00:00:00+00:00,0.025383545021356275,0.0,-0.00015000000000000001,6.12181550585511e-05,0.025294763176414825,0.5,0.5
2023-01-28 00:00:00+00:00,-0.0002453841895141604,0.0,-0.00017818,6.12181550585511e-05,-0.0003623460344556093,0.5,0.5
2023-01-29 00:00:00+00:00,0.02068992016414443,0.00046666666666666666,-0.00019595833333333333,6.12181550585511e-05,0.020088513319202982,0.5,0.5
2023-01-30 00:00:00+00:00,-0.008130733769243038,0.0,-0.00024079833333333331,6.148016138818324e-05,-0.008310051941188189,0.5,0.5
2023-01-31 00:00:00+00:00,0.06921933655861592,0.0,-0.00016349833333333333,6.134916446953742e-05,0.06911718738975213,0.5,0.5
2023-02-01 00:00:00+00:00,0.023540604523907972,0.0,-0.00015579333333333334,6.082505184812348e-05,0.02344563624242276,0.5,0.5
2023-02-02 00:00:00+00:00,0.003579336792738864,0.0,-0.0002566983333333333,6.069399244412743e-05,0.003383332451849658,0.5,0.5
2023-02-03 00:00:00+00:00,0.028395477221214455,0.0,-0.00031812333333333334,6.12181550585511e-05,0.028138572042939673,0.5,0.5
2023-02-04 00:00:00+00:00,-0.013428820335913728,0.0,-0.00029230666666666663,6.12181550585511e-05,-0.013659908847521844,0.5,0.5
2023-02-05 00:00:00+00:00,-0.03140887295992885,0.00023333333333333333,-0.00017157666666666667,6.12181550585511e-05,-0.0317525648048703,0.5,0.5
2023-02-06 00:00:00+00:00,-0.021345365474260705,0.0,-0.00019866166666666668,6.148016138818324e-05,-0.021482546979539188,0.5,0.5
2023-02-07 00:00:00+00:00,0.046481331951019916,0.0,-0.00015000000000000001,6.148016138818324e-05,0.0463928121124081,0.5,0.5
2023-02-08 00:00:00+00:00,-0.04029325981177069,0.0,-0.00019645333333333335,6.148016138818324e-05,-0.04042823298371584,0.5,0.5
2023-02-09 00:00:00+00:00,-0.06715721848461231,0.0,-0.00015000000000000001,6.21349586809039e-05,-0.0672450835259314,0.5,0.5
2023-02-10 00:00:00+00:00,-0.005610370208082526,0.0,-0.00015000000000000001,6.239679023556377e-05,-0.005697973417846962,0.5,0.5
2023-02-11 00:00:00+00:00,0.031987107114320436,0.0,0.0001115466666666666,6.239679023556377e-05,0.03216105057122266,0.5,0.5
2023-02-12 00:00:00+00:00,-0.020733811197930902,0.0005833333333333333,-0.0003069566666666667,0.0,-0.0216241011979309,1.0,0.5
2023-02-13 00:00:00+00:00,0.010097027252443767,0.0,-0.00018104000000000001,0.0,0.009915987252443767,1.0,0.5
2023-02-14 00:00:00+00:00,0.021417395140660024,0.0,-0.00015699166666666668,0.0,0.02126040347399336,1.0,0.5
2023-02-15 00:00:00+00:00,-0.00015881768417776686,0.0,-6.0471666666666666e-05,0.0,-0.00021928935084443354,1.0,0.5
2023-02-16 00:00:00+00:00,0.017778218035758332,0.0,-1.1843333333333336e-05,0.0,0.017766374702424998,1.0,0.5
2023-02-17 00:00:00+00:00,0.019469360194799095,0.0,0.0,0.0,0.019469360194799095,1.0,0.5
2023-02-18 00:00:00+00:00,-0.01799481808464611,0.0,0.0,0.0,-0.01799481808464611,1.0,0.5
2023-02-19 00:00:00+00:00,-0.0033839717842732045,0.00046666666666666666,-3.446666666666689e-06,1.397111397353311e-20,-0.0038540851176065375,0.9999999999999999,0.5
2023-02-20 00:00:00+00:00,-0.00963760668927736,0.0,1.3096666666666673e-05,1.397111397353311e-20,-0.009624510022610694,0.9999999999999999,0.5
2023-02-21 00:00:00+00:00,0.003725113301344526,0.0,2.0240000000000003e-05,1.4029219034964658e-20,0.003745353301344526,0.9999999999999999,0.5
2023-02-22 00:00:00+00:00,-0.004019614173550845,0.0,0.0,1.4000167887738348e-20,-0.004019614173550845,0.9999999999999999,0.5
2023-02-23 00:00:00+00:00,0.0020728628243820157,0.0,0.0,1.4000167887738348e-20,0.0020728628243820157,0.9999999999999999,0.5
2023-02-24 00:00:00+00:00,0.011762278663693206,0.0,0.0,1.4029219034964658e-20,0.011762278663693206,0.9999999999999999,0.5
2023-02-25 00:00:00+00:00,0.022959514681107518,0.0,-3.969e-05,1.4029219034964658e-20,0.02291982468110752,0.9999999999999999,0.5
2023-02-26 00:00:00+00:00,-0.013019365617895887,0.0005833333333333333,3.998833333333334e-05,6.31819856181659e-05,-0.013499528632277722,0.5,0.0
2023-02-27 00:00:00+00:00,0.004637934339692987,0.0,6.932333333333333e-05,6.344361771548623e-05,0.004770701290741807,0.5,0.0
2023-02-28 00:00:00+00:00,0.024209355548394446,0.0,0.00014358833333333334,6.31819856181659e-05,0.024416125867345945,0.5,0.0
2023-03-01 00:00:00+00:00,-0.035216516467655556,0.0,0.00010196166666666666,6.331280789517724e-05,-0.035051241993093715,0.5,0.0
2023-03-02 00:00:00+00:00,0.00043569088329736827,0.0,-0.0008291566666666667,6.344361771548623e-05,-0.0003300221656538122,0.5,0.0
2023-03-03 00:00:00+00:00,0.028220940894583175,0.0,-0.0002645066666666666,6.344361771548623e-05,0.028019877845631994,0.5,0.0
2023-03-04 00:00:00+00:00,0.03051318841180983,0.0,-1.4603333333333323e-05,6.344361771548623e-05,0.030562028696191984,0.5,0.0
2023-03-05 00:00:00+00:00,0.015713122124211887,0.0008166666666666666,1.2683333333333307e-05,0.0,0.014909138790878552,1.0,0.5
2023-03-06 00:00:00+00:00,-0.016430395508733132,0.0,-2.0170000000000005e-05,0.0,-0.016450565508733132,1.0,0.5
2023-03-07 00:00:00+00:00,0.007586219514781204,0.0,3.712333333333334e-05,0.0,0.007623342848114537,1.0,0.5
2023-03-08 00:00:00+00:00,0.015223230849757203,0.0,-7.220166666666665e-05,0.0,0.015151029183090536,1.0,0.5
2023-03-09 00:00:00+00:00,-0.012209157076547312,0.0,-0.00017158333333333332,0.0,-0.012380740409880645,1.0,0.5
2023-03-10 00:00:00+00:00,-0.003656291193486169,0.0,-7.791666666666666e-05,0.0,-0.0037342078601528355,1.0,0.5
2023-03-11 00:00:00+00:00,-0.011224937470612449,0.0,-4.890833333333335e-05,0.0,-0.011273845803945783,1.0,0.5
2023-03-12 00:00:00+00:00,-0.08625870540055405,0.0008166666666666666,6.4755e-05,6.46203459450101e-05,-0.0869459967212757,0.5,0.0
2023-03-13 00:00:00+00:00,-0.03781693420671384,0.0,0.00014045833333333334,6.292030368515444e-05,-0.037613555569695346,0.5,0.0
2023-03-14 00:00:00+00:00,-0.03485720785490446,0.0,0.00015000000000000001,6.305115088234281e-05,-0.03464415670402212,0.5,0.0
2023-03-15 00:00:00+00:00,0.054938301665957714,0.0,0.00015000000000000001,6.148016138818324e-05,0.055149781827345895,0.5,0.0
2023-03-16 00:00:00+00:00,-0.02966577902926611,0.0,5.8406666666666664e-05,6.12181550585511e-05,-0.029546154207540892,0.5,0.0
2023-03-17 00:00:00+00:00,-0.07590841787719463,0.0,2.4160000000000006e-05,5.846406748000188e-05,-0.07582579380971463,0.5,0.0
2023-03-18 00:00:00+00:00,0.01897914893823236,0.0,0.00015000000000000001,5.846406748000188e-05,0.019187613005712364,0.5,0.0
2023-03-19 00:00:00+00:00,-0.003183563498543578,0.00105,0.0008083833333333333,1.2981630765907388e-20,-0.0034251801652102447,0.9999999999999999,0.5
2023-03-20 00:00:00+00:00,0.027045249293089803,0.0,0.0008374683333333334,1.3825802879457317e-20,0.027882717626423137,0.9999999999999999,0.5
2023-03-21 00:00:00+00:00,-0.012743835126213651,0.0,0.0005077366666666666,1.3738582985590195e-20,-0.012236098459546985,0.9999999999999999,0.5
2023-03-22 00:00:00+00:00,-0.001826748559837628,0.0,0.0007054133333333333,1.3767659054559526e-20,-0.0011213352265042947,0.9999999999999999,0.5
2023-03-23 00:00:00+00:00,0.009236928425348439,0.0,0.00012015166666666665,1.3593161054215287e-20,0.009357080092015106,0.9999999999999999,0.5
2023-03-24 00:00:00+00:00,0.012110109276104916,0.0,0.00016729666666666666,1.3593161054215287e-20,0.012277405942771583,0.9999999999999999,0.5
2023-03-25 00:00:00+00:00,0.014305134626655964,0.0,2.8954999999999996e-05,1.3593161054215287e-20,0.014334089626655964,0.9999999999999999,0.5
2023-03-26 00:00:00+00:00,-0.016681479545613793,0.00046666666666666666,-0.000298,0.0,-0.01744614621228046,1.0,0.5
2023-03-27 00:00:00+00:00,0.025328233091411856,0.0,5.8783333333333317e-05,0.0,0.02538701642474519,1.0,0.5
2023-03-28 00:00:00+00:00,-0.02048616112337657,0.0,4.6794999999999975e-05,0.0,-0.02043936612337657,1.0,0.5
2023-03-29 00:00:00+00:00,0.004580068174285986,0.0,2.5481666666666677e-05,0.0,0.004605549840952653,1.0,0.5
2023-03-30 00:00:00+00:00,-0.0005548866713590925,0.0,5.287833333333334e-05,0.0,-0.0005020083380257593,1.0,0.5
2023-03-31 00:00:00+00:00,-0.007161766037496907,0.0,9.370666666666668e-05,0.0,-0.00706805937083024,1.0,0.5
2023-04-01 00:00:00+00:00,-0.008079767066104377,0.0,0.00021113666666666665,0.0,-0.00786863039943771,1.0,0.5
2023-04-02 00:00:00+00:00,-0.02431375652513921,0.00105,2.214333333333333e-05,6.2658571897245e-05,-0.02527895461990863,0.5,0.5
2023-04-03 00:00:00+00:00,0.0001757400347000373,0.0,6.848666666666666e-05,6.383597246095718e-05,0.00030806267382766115,0.5,0.5
2023-04-04 00:00:00+00:00,0.003623019928840509,0.0,3.771166666666666e-05,6.344361771548623e-05,0.003724175213222662,0.5,0.5
2023-04-05 00:00:00+00:00,-0.00032636425520732315,0.0,-9.645166666666667e-05,6.31819856181659e-05,-0.0003596339362558239,0.5,0.5
2023-04-06 00:00:00+00:00,-0.019115950491428186,0.0,-7.204666666666668e-05,6.383597246095718e-05,-0.019124161185633894,0.5,0.5
2023-04-07 00:00:00+00:00,-0.0075029864671458295,0.0,-0.00010667333333333335,6.43589378735987e-05,-0.007545300862605564,0.5,0.5
2023-04-08 00:00:00+00:00,-0.001768637945013011,0.0,-0.00013364,6.43589378735987e-05,-0.0018379190071394122,0.5,0.5
2023-04-09 00:00:00+00:00,-0.0229533295650155,0.00105,3.825166666666667e-05,0.0,-0.023965077898348834,1.0,0.5
2023-04-10 00:00:00+00:00,-0.008999573309642071,0.0,4.576166666666667e-05,0.0,-0.008953811642975405,1.0,0.5
2023-04-11 00:00:00+00:00,0.0010841165371298454,0.0,7.044999999999998e-06,0.0,0.0010911615371298454,1.0,0.5
2023-04-12 00:00:00+00:00,0.015010729326756215,0.0,-9.2465e-05,0.0,0.014918264326756215,1.0,0.5
2023-04-13 00:00:00+00:00,0.004086874711085523,0.0,3.953666666666667e-05,0.0,0.00412641137775219,1.0,0.5
2023-04-14 00:00:00+00:00,-0.020503717663445865,0.0,-5.611666666666666e-06,0.0,-0.02050932933011253,1.0,0.5
2023-04-15 00:00:00+00:00,0.005740000413238985,0.0,0.00010818333333333332,0.0,0.005848183746572319,1.0,0.5
2023-04-16 00:00:00+00:00,-0.0007144783271961774,0.0007,-0.00026295833333333336,4.438621506608343e-05,-0.0016330504454634275,0.6666666666666666,0.5
2023-04-17 00:00:00+00:00,-0.0016396258319420487,0.0,-0.00022674666666666664,4.508197938712933e-05,-0.001821290519221586,0.6666666666666666,0.5
2023-04-18 00:00:00+00:00,0.016292072393992663,0.0,-0.00016762500000000002,4.490808785247621e-05,0.016169355481845137,0.6666666666666666,0.5
2023-04-19 00:00:00+00:00,-0.020349475278478912,0.0,-0.00017398166666666667,4.464718863024982e-05,-0.02047880975651533,0.6666666666666666,0.5
2023-04-20 00:00:00+00:00,-0.013056196273150373,0.0,-0.0001,4.429920735023648e-05,-0.013111897065800135,0.6666666666666666,0.5
2023-04-21 00:00:00+00:00,-0.021306531028355908,0.0,-9.1455e-05,4.438621506608343e-05,-0.021353599813289825,0.6666666666666666,0.5
2023-04-22 00:00:00+00:00,0.002211192030468009,0.0,-4.2181666666666656e-05,4.438621506608343e-05,0.0022133965788674256,0.6666666666666666,0.5
2023-04-23 00:00:00+00:00,0.0014237730031940923,0.0007,0.00023168333333333332,0.0,0.0009554563365274255,1.0,0.5
2023-04-24 00:00:00+00:00,-0.005895579471512165,0.0,0.0003341733333333333,0.0,-0.005561406138178832,1.0,0.5
2023-04-25 00:00:00+00:00,-0.01268006850005728,0.0,0.0002884349999999999,0.0,-0.01239163350005728,1.0,0.5
2023-04-26 00:00:00+00:00,-0.002505886686048676,0.0,0.00026061166666666664,0.0,-0.002245275019382009,1.0,0.5
2023-04-27 00:00:00+00:00,0.004192636631839995,0.0,0.00042521666666666655,0.0,0.004617853298506661,1.0,0.5
2023-04-28 00:00:00+00:00,0.016157017264833484,0.0,0.0005124099999999998,0.0,0.016669427264833486,1.0,0.5
2023-04-29 00:00:00+00:00,-0.0034894065552323137,0.0,5.2275000000000003e-05,0.0,-0.0034371315552323136,1.0,0.5
2023-04-30 00:00:00+00:00,0.006991946910518132,0.0007,4.1245000000000016e-05,0.0,0.0063331919105181315,1.0,0.5
2023-05-01 00:00:00+00:00,-0.008915763561372286,0.0,4.598333333333334e-05,0.0,-0.008869780228038953,1.0,0.5
2023-05-02 00:00:00+00:00,-0.0041274273042945136,0.0,6.579166666666668e-05,0.0,-0.004061635637627847,1.0,0.5
2023-05-03 00:00:00+00:00,0.003036893578813501,0.0,6.544000000000001e-05,0.0,0.003102333578813501,1.0,0.5
2023-05-04 00:00:00+00:00,0.010213595767498269,0.0,1.8210000000000004e-05,0.0,0.010231805767498268,1.0,0.5
2023-05-05 00:00:00+00:00,0.00998502614226208,0.0,-4.876166666666667e-05,0.0,0.009936264475595414,1.0,0.5
2023-05-06 00:00:00+00:00,0.0016727373399212167,0.0,-0.00010048333333333333,0.0,0.0015722540065878834,1.0,0.5
2023-05-07 00:00:00+00:00,-0.008432752087884724,0.0011666666666666665,8.909333333333333e-05,4.542966344067701e-05,-0.00946489575777738,0.6666666666666666,0.16666666666666666
2023-05-08 00:00:00+00:00,0.03334924616375373,0.0,8.589166666666666e-05,4.586408298234979e-05,0.033481001913402746,0.6666666666666666,0.16666666666666666
2023-05-09 00:00:00+00:00,0.003282672732599893,0.0,6.488833333333333e-05,4.5690339891398445e-05,0.003393251405824625,0.6666666666666666,0.16666666666666666
2023-05-10 00:00:00+00:00,-0.013888599676403768,0.0,-1.4733333333333452e-06,4.5255837912335416e-05,-0.013844817171824765,0.6666666666666666,0.16666666666666666
2023-05-11 00:00:00+00:00,0.03194277574167316,0.0,-1.418166666666667e-05,4.490808785247621e-05,0.03197350216285897,0.6666666666666666,0.16666666666666666
2023-05-12 00:00:00+00:00,-0.025213957279406042,0.0,1.2193333333333339e-05,4.5255837912335416e-05,-0.025156508108160374,0.6666666666666666,0.16666666666666666
2023-05-13 00:00:00+00:00,-0.0024946912967070967,0.0,4.6398333333333326e-05,4.5255837912335416e-05,-0.002403037125461428,0.6666666666666666,0.16666666666666666
2023-05-14 00:00:00+00:00,-0.01448035024871467,0.0005833333333333333,-0.0002803716666666666,6.788375686850312e-05,-0.015276171491846166,0.5,0.0
2023-05-15 00:00:00+00:00,0.001180008005239245,0.0,-6.783166666666666e-05,6.762296908069398e-05,0.0011797993076532723,0.5,0.0
2023-05-16 00:00:00+00:00,0.0064509513679856054,0.0,2.0946666666666674e-05,6.775336916275965e-05,0.006539651403815031,0.5,0.0
2023-05-17 00:00:00+00:00,-0.04169166012489678,0.0,-0.002394951666666666,6.81444951610155e-05,-0.04401846729640243,0.5,0.0
2023-05-18 00:00:00+00:00,0.01495025027651612,0.0,-0.00036426,6.86658233352011e-05,0.014654656099851322,0.5,0.0
2023-05-19 00:00:00+00:00,-0.0038343850491115252,0.0,7.088833333333334e-05,6.840518397699391e-05,-0.003695091531801198,0.5,0.0
2023-05-20 00:00:00+00:00,0.003800781359326081,0.0,0.000135845,6.840518397699391e-05,0.004005031543303075,0.5,0.0
2023-05-21 00:00:00+00:00,0.016827417691481807,0.0005833333333333333,0.00011071666666666668,4.560345598466261e-05,0.016400404480799803,0.6666666666666666,0.16666666666666666
2023-05-22 00:00:00+00:00,-0.009561940602638095,0.0,9.867833333333334e-05,4.6645519278095314e-05,-0.009416616750026667,0.6666666666666666,0.16666666666666666
2023-05-23 00:00:00+00:00,-0.025566251726255967,0.0,8.775833333333334e-05,4.612463583564264e-05,-0.02543236875708699,0.6666666666666666,0.16666666666666666
2023-05-24 00:00:00+00:00,0.015062293069553517,0.0,0.0001,4.638511458680365e-05,0.015208678184140319,0.6666666666666666,0.16666666666666666
2023-05-25 00:00:00+00:00,0.0022585121756346265,0.0,7.736e-05,4.638511458680365e-05,0.00238225729022143,0.6666666666666666,0.16666666666666666
2023-05-26 00:00:00+00:00,-0.0012411066845518146,0.0,0.00010041833333333333,4.5950942169599905e-05,-0.0010947374090488815,0.6666666666666666,0.16666666666666666
2023-05-27 00:00:00+00:00,-0.027644575805541933,0.0,-0.00043742499999999986,4.5950942169599905e-05,-0.028036049863372332,0.6666666666666666,0.16666666666666666
2023-05-28 00:00:00+00:00,0.027263934402947013,0.0007,0.0016648016666666666,0.0,0.02822873606961368,1.0,0.5
2023-05-29 00:00:00+00:00,0.04450102483396917,0.0,0.0024324966666666665,0.0,0.04693352150063584,1.0,0.5
2023-05-30 00:00:00+00:00,0.06616460501213009,0.0,0.0056431549999999995,0.0,0.07180776001213009,1.0,0.5
2023-05-31 00:00:00+00:00,-0.010460040525549847,0.0,0.003810098333333333,0.0,-0.006649942192216514,1.0,0.5
2023-06-01 00:00:00+00:00,0.003794540796491516,0.0,0.0018410183333333334,0.0,0.005635559129824849,1.0,0.5
2023-06-02 00:00:00+00:00,-0.023799044925352175,0.0,0.0050984433333333325,0.0,-0.01870060159201884,1.0,0.5
2023-06-03 00:00:00+00:00,-0.0546284181635866,0.0,0.003827083333333334,0.0,-0.050801334830253266,1.0,0.5
2023-06-04 00:00:00+00:00,-0.0010654848137477402,0.0009333333333333333,-1.151333333333333e-05,0.0,-0.002010331480414407,1.0,0.5
2023-06-05 00:00:00+00:00,-0.009480500675749015,0.0,1.9329999999999993e-05,0.0,-0.009461170675749015,1.0,0.5
2023-06-06 00:00:00+00:00,0.006063493279251157,0.0,9.439000000000002e-05,0.0,0.006157883279251156,1.0,0.5
2023-06-07 00:00:00+00:00,-0.008299453827024662,0.0,-9.815000000000007e-06,0.0,-0.008309268827024662,1.0,0.5
2023-06-08 00:00:00+00:00,0.021388741670734585,0.0,-4.618666666666666e-05,0.0,0.02134255500406792,1.0,0.5
2023-06-09 00:00:00+00:00,0.010647390677108643,0.0,7.928166666666667e-05,0.0,0.01072667234377531,1.0,0.5
2023-06-10 00:00:00+00:00,-0.00792982902485384,0.0,0.00020237000000000003,0.0,-0.00772745902485384,1.0,0.5
2023-06-11 00:00:00+00:00,0.0002029817738351525,0.0008166666666666667,-7.51416666666667e-05,2.2758281917482463e-05,-0.0006660682775806985,0.8333333333333333,0.3333333333333333
2023-06-12 00:00:00+00:00,0.00850127179834359,0.0,-3.1423333333333335e-05,2.2888607778400377e-05,0.008492737072788657,0.8333333333333333,0.3333333333333333
2023-06-13 00:00:00+00:00,-0.012344253165765354,0.0,6.327000000000001e-05,2.2758281917482463e-05,-0.012258224883847871,0.8333333333333333,0.3333333333333333
2023-06-14 00:00:00+00:00,0.01965330338797566,0.0,0.00013599666666666669,2.2714831720338512e-05,0.019812014886362663,0.8333333333333333,0.3333333333333333
2023-06-15 00:00:00+00:00,0.0045646209262944866,0.0,0.0001950383333333333,2.258445638758656e-05,0.004782243716015406,0.8333333333333333,0.3333333333333333
2023-06-16 00:00:00+00:00,-0.025692244139035866,0.0,0.00018858166666666667,2.2671377400196323e-05,-0.025480991094969003,0.8333333333333333,0.3333333333333333
2023-06-17 00:00:00+00:00,-0.018016412789111477,0.0,0.0003422333333333334,2.2671377400196323e-05,-0.017651508078377946,0.8333333333333333,0.3333333333333333
2023-06-18 00:00:00+00:00,-0.005839843458893251,0.0005833333333333333,0.0006632099999999999,0.0,-0.005759966792226584,1.0,0.5
2023-06-19 00:00:00+00:00,-0.013446818286582691,0.0,0.0008183033333333333,0.0,-0.012628514953249358,1.0,0.5
2023-06-20 00:00:00+00:00,-0.03482306743211158,0.0,0.0007481399999999999,0.0,-0.03407492743211158,1.0,0.5
2023-06-21 00:00:00+00:00,-0.028788082603994458,0.0,0.00021006666666666666,0.0,-0.02857801593732779,1.0,0.5
2023-06-22 00:00:00+00:00,0.0016754177690951524,0.0,0.0002651466666666667,0.0,0.001940564435761819,1.0,0.5
2023-06-23 00:00:00+00:00,0.010802837542311965,0.0,0.00012492666666666667,0.0,0.010927764208978633,1.0,0.5
2023-06-24 00:00:00+00:00,0.005141475579945097,0.0,4.860833333333333e-05,0.0,0.00519008391327843,1.0,0.5
2023-06-25 00:00:00+00:00,0.003979578316979352,0.0008166666666666667,-4.757166666666668e-05,2.2932041491174903e-05,0.003138272025137193,0.8333333333333333,0.3333333333333333
2023-06-26 00:00:00+00:00,-0.014350864594919539,0.0,-0.00016613333333333332,2.3322759639047667e-05,-0.014493675168613825,0.8333333333333333,0.3333333333333333
2023-06-27 00:00:00+00:00,0.0015711053458920352,0.0,-0.00011652500000000001,2.310573515877195e-05,0.0014776860810508073,0.8333333333333333,0.3333333333333333
2023-06-28 00:00:00+00:00,0.03970588686525217,0.0,-7.724499999999998e-05,2.3062317917821328e-05,0.039651704183169996,0.8333333333333333,0.3333333333333333
2023-06-29 00:00:00+00:00,-0.03283270250412797,0.0,-0.0002968266666666667,2.3149148283681725e-05,-0.03310638002251095,0.8333333333333333,0.3333333333333333
2023-06-30 00:00:00+00:00,-0.011926472472405395,0.0,4.091500000000003e-05,2.3018896560089718e-05,-0.011862538575845304,0.8333333333333333,0.3333333333333333
2023-07-01 00:00:00+00:00,-0.01930313518596649,0.0,2.9796666666666665e-05,2.3018896560089718e-05,-0.019250319622739733,0.8333333333333333,0.3333333333333333
2023-07-02 00:00:00+00:00,-0.0038106591409716537,0.0011666666666666665,0.00013633333333333333,2.3018896560089718e-05,-0.004817973577744897,0.8333333333333333,0.5
2023-07-03 00:00:00+00:00,0.029327564152781982,0.0,0.00023647333333333333,2.3192557293401833e-05,0.029587230043408717,0.8333333333333333,0.5
2023-07-04 00:00:00+00:00,-0.017375706656988434,0.0,0.0001837183333333333,2.3192557293401833e-05,-0.0171687957663617,0.8333333333333333,0.5
2023-07-05 00:00:00+00:00,0.006421163149711474,0.0,-5.840000000000002e-06,2.3192557293401833e-05,0.006438515707004875,0.8333333333333333,0.5
2023-07-06 00:00:00+00:00,-0.0021827643714409173,0.0,0.0009644766666666667,2.3279362970307648e-05,-0.001195008341803943,0.8333333333333333,0.5
2023-07-07 00:00:00+00:00,-0.012362320446918408,0.0,0.0004965966666666666,2.323596218867242e-05,-0.01184248781806307,0.8333333333333333,0.5
2023-07-08 00:00:00+00:00,0.007376541535974094,0.0,0.000495145,2.323596218867242e-05,0.007894922498162767,0.8333333333333333,0.5
2023-07-09 00:00:00+00:00,-0.03061980815448349,0.00035,0.00032456499999999997,0.0,-0.03064524315448349,1.0,0.5
2023-07-10 00:00:00+00:00,0.016771590773787592,0.0,0.0005832816666666666,0.0,0.01735487244045426,1.0,0.5
2023-07-11 00:00:00+00:00,-0.016371689244278103,0.0,0.00017564166666666668,0.0,-0.016196047577611436,1.0,0.5
2023-07-12 00:00:00+00:00,0.012570464028812659,0.0,0.00012423333333333334,0.0,0.012694697362145992,1.0,0.5
2023-07-13 00:00:00+00:00,-0.008460434564765008,0.0,0.00016051166666666668,0.0,-0.008299922898098342,1.0,0.5
2023-07-14 00:00:00+00:00,-0.00229508882624389,0.0,-0.00014616833333333336,0.0,-0.0024412571595772235,1.0,0.5
2023-07-15 00:00:00+00:00,-0.005200478052764801,0.0,0.00018249833333333333,0.0,-0.005017979719431467,1.0,0.5
2023-07-16 00:00:00+00:00,0.005574646649135593,0.0011666666666666665,1.0971666666666665e-05,1.556498409871684e-20,0.004418951649135593,0.9999999999999999,0.5
2023-07-17 00:00:00+00:00,-0.015616308043093087,0.0,3.9555e-05,1.559388660931373e-20,-0.015576753043093087,0.9999999999999999,0.5
2023-07-18 00:00:00+00:00,-0.00218780766410557,0.0,8.835000000000006e-06,1.556498409871684e-20,-0.00217897266410557,0.9999999999999999,0.5
2023-07-19 00:00:00+00:00,0.01144985156775972,0.0,0.0,1.559388660931373e-20,0.01144985156775972,0.9999999999999999,0.5
2023-07-20 00:00:00+00:00,-0.0050518346954287665,0.0,1.4560000000000003e-05,1.559388660931373e-20,-0.005037274695428766,0.9999999999999999,0.5
2023-07-21 00:00:00+00:00,-0.014087722287723387,0.0,4.995000000000001e-05,1.5622786381749767e-20,-0.014037772287723387,0.9999999999999999,0.5
2023-07-22 00:00:00+00:00,-0.022789945066010227,0.0,3.620833333333334e-05,1.5622786381749767e-20,-0.022753736732676895,0.9999999999999999,0.5
2023-07-23 00:00:00+00:00,-0.006370447772350407,0.0006999999999999999,-2.7266666666666668e-05,0.0,-0.007097714439017074,1.0,0.5
2023-07-24 00:00:00+00:00,-0.0001348245003189863,0.0,-7.902666666666668e-05,0.0,-0.000213851166985653,1.0,0.5
2023-07-25 00:00:00+00:00,-0.003529197746282427,0.0,-0.00010132166666666667,0.0,-0.0036305194129490938,1.0,0.5
2023-07-26 00:00:00+00:00,0.014992558286104608,0.0,-6.414333333333333e-05,0.0,0.014928414952771274,1.0,0.5
2023-07-27 00:00:00+00:00,-0.0034057832584938144,0.0,-8.338833333333332e-05,0.0,-0.0034891715918271477,1.0,0.5
2023-07-28 00:00:00+00:00,-0.005720642041765774,0.0,2.6699999999999863e-06,0.0,-0.005717972041765774,1.0,0.5
2023-07-29 00:00:00+00:00,-0.005803523658865604,0.0,2.5416666666666657e-05,0.0,-0.0057781069921989375,1.0,0.5
2023-07-30 00:00:00+00:00,0.005415883878747584,0.0007,-3.3296666666666676e-05,0.0,0.004682587212080917,1.0,0.5
2023-07-31 00:00:00+00:00,0.007553836315956649,0.0,-0.00012504833333333335,0.0,0.007428787982623316,1.0,0.5
2023-08-01 00:00:00+00:00,0.001137424364304234,0.0,-0.00014445833333333335,0.0,0.0009929660309709008,1.0,0.5
2023-08-02 00:00:00+00:00,0.00924546259682233,0.0,-7.168333333333337e-06,0.0,0.009238294263488997,1.0,0.5
2023-08-03 00:00:00+00:00,0.0213683416280469,0.0,-4.7486666666666654e-05,0.0,0.021320854961380236,1.0,0.5
2023-08-04 00:00:00+00:00,0.0005790519885067926,0.0,-0.00019783166666666665,0.0,0.000381220321840126,1.0,0.5
2023-08-05 00:00:00+00:00,-0.0015254413873213766,0.0,-7.319833333333333e-05,0.0,-0.00159863972065471,1.0,0.5
2023-08-06 00:00:00+00:00,-0.006804356566241232,0.0009333333333333332,0.0013013566666666668,0.0,-0.0064363332329078985,1.0,0.5
2023-08-07 00:00:00+00:00,0.027495862857209247,0.0,0.0007961699999999999,0.0,0.028292032857209246,1.0,0.5
2023-08-08 00:00:00+00:00,-0.038774875788624555,0.0,0.0005260316666666667,0.0,-0.038248844121957885,1.0,0.5
2023-08-09 00:00:00+00:00,-0.026543760726330686,0.0,0.00048805666666666665,0.0,-0.02605570405966402,1.0,0.5
2023-08-10 00:00:00+00:00,0.004407234891495266,0.0,0.000400585,0.0,0.004807819891495266,1.0,0.5
2023-08-11 00:00:00+00:00,0.017799348668281142,0.0,0.0008725766666666668,0.0,0.018671925334947808,1.0,0.5
2023-08-12 00:00:00+00:00,-0.03089772623094106,0.0,0.00070113,0.0,-0.030196596230941057,1.0,0.5
2023-08-13 00:00:00+00:00,-0.0017207915608563789,0.0009333333333333332,-0.000273055,0.0,-0.002927179894189712,1.0,0.5
2023-08-14 00:00:00+00:00,0.0014418922691271097,0.0,-2.7741666666666666e-05,0.0,0.001414150602460443,1.0,0.5
2023-08-15 00:00:00+00:00,0.006356790004864036,0.0,-0.00012226666666666664,0.0,0.006234523338197369,1.0,0.5
2023-08-16 00:00:00+00:00,0.009518728982071066,0.0,4.174833333333333e-05,0.0,0.009560477315404398,1.0,0.5
2023-08-17 00:00:00+00:00,0.04304379459998048,0.0,2.995333333333335e-05,0.0,0.04307374793331381,1.0,0.5
2023-08-18 00:00:00+00:00,-0.021415381273463353,0.0,-0.000148305,0.0,-0.021563686273463355,1.0,0.5
2023-08-19 00:00:00+00:00,0.0030088357095882827,0.0,-0.00015410166666666666,0.0,0.002854734042921616,1.0,0.5
2023-08-20 00:00:00+00:00,0.00027012588233267976,0.0005833333333333333,-0.0002558766666666667,7.048891560235138e-05,-0.0004985952020649688,0.5,0.0
2023-08-21 00:00:00+00:00,-0.008341531939413283,0.0,-0.000286405,7.074915997407061e-05,-0.008557187779439212,0.5,0.0
2023-08-22 00:00:00+00:00,0.006365256776001508,0.0,-0.0004197833333333333,7.074915997407061e-05,0.006016222602642246,0.5,0.0
2023-08-23 00:00:00+00:00,-0.006876971349035088,0.0,-0.00056919,7.074915997407061e-05,-0.007375412189061017,0.5,0.0
2023-08-24 00:00:00+00:00,0.0040101831420161025,0.0,-0.00015652166666666666,7.087926367532749e-05,0.003924540739024764,0.5,0.0
2023-08-25 00:00:00+00:00,0.005271268391405348,0.0,-0.00013101333333333332,7.126950086888684e-05,0.005211524558940902,0.5,0.0
2023-08-26 00:00:00+00:00,0.0024303151055938277,0.0,0.000131505,7.126950086888684e-05,0.0026330896064627146,0.5,0.0
2023-08-27 00:00:00+00:00,-0.012796066509469997,0.00023333333333333333,-0.0004570716666666666,7.126950086888684e-05,-0.01341520200860111,0.5,0.0
2023-08-28 00:00:00+00:00,0.015931395333573094,0.0,1.3946666666666673e-05,7.126950086888684e-05,0.016016611501108648,0.5,0.0
2023-08-29 00:00:00+00:00,-0.016717144997445883,0.0,-0.0003571383333333333,7.113943412040413e-05,-0.01700314389665881,0.5,0.0
2023-08-30 00:00:00+00:00,0.01496284321860645,0.0,7.160166666666668e-05,7.10093550566615e-05,0.01510545424032978,0.5,0.0
2023-08-31 00:00:00+00:00,0.027286705791729055,0.0,7.491666666666667e-05,7.10093550566615e-05,0.027432631813452384,0.5,0.0
2023-09-01 00:00:00+00:00,0.013787985658722208,0.0,-4.738e-05,7.074915997407061e-05,0.013811354818696279,0.5,0.0
2023-09-02 00:00:00+00:00,-0.0038369576899229814,0.0,-2.714666666666667e-05,7.074915997407061e-05,-0.0037933551966155775,0.5,0.0
2023-09-03 00:00:00+00:00,0.009853360154718625,0.0007,0.0005878066666666666,2.358305332469021e-05,0.009764749874709983,0.8333333333333333,0.3333333333333333
2023-09-04 00:00:00+00:00,0.007347425935965694,0.0,0.003979841666666666,2.358305332469021e-05,0.01135085065595705,0.8333333333333333,0.3333333333333333
2023-09-05 00:00:00+00:00,0.009427380649840205,0.0,0.006854815,2.366978501888718e-05,0.016305865434859092,0.8333333333333333,0.3333333333333333
2023-09-06 00:00:00+00:00,-0.001469633526180309,0.0,0.0014162066666666667,2.3626421225109172e-05,-2.9800438288533243e-05,0.8333333333333333,0.3333333333333333
2023-09-07 00:00:00+00:00,-0.0025327527396368423,0.0,0.0008854649999999999,2.358305332469021e-05,-0.0016237046863121524,0.8333333333333333,0.3333333333333333
2023-09-08 00:00:00+00:00,-0.0006619498877411352,0.0,0.000721985,2.3626421225109172e-05,8.366153348397398e-05,0.8333333333333333,0.3333333333333333
2023-09-09 00:00:00+00:00,-0.007839029988739143,0.0,0.0009493316666666667,2.3626421225109172e-05,-0.006866071900847368,0.8333333333333333,0.3333333333333333
2023-09-10 00:00:00+00:00,0.043934396931096936,0.0008166666666666667,0.0022247716666666667,0.0,0.045342501931096936,1.0,0.5
2023-09-11 00:00:00+00:00,0.012349341773034223,0.0,0.012083571666666666,0.0,0.024432913439700887,1.0,0.5
2023-09-12 00:00:00+00:00,0.025384436944557977,0.0,0.006805726666666666,0.0,0.03219016361122464,1.0,0.5
2023-09-13 00:00:00+00:00,-0.005108023825766176,0.0,0.003236813333333333,0.0,-0.0018712104924328427,1.0,0.5
2023-09-14 00:00:00+00:00,0.03055698790557966,0.0,0.0014204866666666666,0.0,0.031977474572246326,1.0,0.5
2023-09-15 00:00:00+00:00,0.02317752898603298,0.0,0.0026018166666666666,0.0,0.025779345652699646,1.0,0.5
2023-09-16 00:00:00+00:00,-0.02023186690201545,0.0,0.0017078466666666666,0.0,-0.018524020235348784,1.0,0.5
2023-09-17 00:00:00+00:00,0.02979165443653932,0.00046666666666666666,0.0025312266666666665,0.0,0.03185621443653932,1.0,0.5
2023-09-18 00:00:00+00:00,0.0252488575585477,0.0,0.005770148333333333,0.0,0.031019005891881033,1.0,0.5
2023-09-19 00:00:00+00:00,0.022190138942228804,0.0,0.007877485,0.0,0.030067623942228804,1.0,0.5
2023-09-20 00:00:00+00:00,-0.001426222160488913,0.0,0.004597748333333334,0.0,0.0031715261728444207,1.0,0.5
2023-09-21 00:00:00+00:00,-0.005550501083204909,0.0,0.00094985,0.0,-0.004600651083204909,1.0,0.5
2023-09-22 00:00:00+00:00,-0.04579917556341493,0.0,0.0004309116666666666,0.0,-0.045368263896748265,1.0,0.5
2023-09-23 00:00:00+00:00,0.009892565161096767,0.0,0.0007345383333333333,0.0,0.0106271034944301,1.0,0.5
2023-09-24 00:00:00+00:00,0.0014878702550757594,0.00023333333333333333,0.0008569633333333333,0.0,0.0021115002550757597,1.0,0.5
2023-09-25 00:00:00+00:00,0.011394216111643004,0.0,0.000654935,0.0,0.012049151111643005,1.0,0.5
2023-09-26 00:00:00+00:00,-0.0029795308803503943,0.0,0.0006198016666666667,0.0,-0.0023597292136837275,1.0,0.5
2023-09-27 00:00:00+00:00,0.0004205667262684627,0.0,0.0006675050000000001,0.0,0.0010880717262684628,1.0,0.5
2023-09-28 00:00:00+00:00,-0.005845732210354743,0.0,0.0006745516666666667,0.0,-0.005171180543688076,1.0,0.5
2023-09-29 00:00:00+00:00,-0.02883251103528578,0.0,0.00032787833333333335,0.0,-0.028504632701952446,1.0,0.5
2023-09-30 00:00:00+00:00,0.016210513421140767,0.0,0.00018435333333333332,0.0,0.016394866754474102,1.0,0.5
2023-10-01 00:00:00+00:00,-0.04433639467129611,0.00046666666666666666,-0.00026075999999999996,1.5767244189537678e-20,-0.04506382133796277,0.9999999999999999,0.5
2023-10-02 00:00:00+00:00,-0.006099990155845225,0.0,-0.00010650333333333335,1.5853886049422197e-20,-0.006206493489178558,0.9999999999999999,0.5
2023-10-03 00:00:00+00:00,0.01835376969503244,0.0,5.469666666666667e-05,1.5853886049422197e-20,0.018408466361699106,0.9999999999999999,0.5
2023-10-04 00:00:00+00:00,0.016560966149874325,0.0,0.00014566666666666667,1.5825008163636153e-20,0.01670663281654099,0.9999999999999999,0.5
2023-10-05 00:00:00+00:00,0.006335504220980854,0.0,9.667333333333335e-05,1.5825008163636153e-20,0.006432177554314187,0.9999999999999999,0.5
2023-10-06 00:00:00+00:00,-0.035145901548005946,0.0,0.00011230666666666667,1.5882761201681944e-20,-0.03503359488133928,0.9999999999999999,0.5
2023-10-07 00:00:00+00:00,-0.006162389441642158,0.0,0.00020774666666666664,1.5882761201681944e-20,-0.005954642774975491,0.9999999999999999,0.5
2023-10-08 00:00:00+00:00,0.0008379211965493702,0.0011666666666666665,5.097333333333334e-05,0.0,-0.000277772136783963,1.0,0.5
2023-10-09 00:00:00+00:00,0.024380716893338057,0.0,0.00022652,0.0,0.024607236893338057,1.0,0.5
2023-10-10 00:00:00+00:00,-0.023626209879581965,0.0,0.00101114,0.0,-0.022615069879581964,1.0,0.5
2023-10-11 00:00:00+00:00,-0.0036389460190001874,0.0,0.0004810616666666667,0.0,-0.0031578843523335206,1.0,0.5
2023-10-12 00:00:00+00:00,-0.0034995542652944316,0.0,0.0003047725,0.0,-0.003194781765294432,1.0,0.5
2023-10-13 00:00:00+00:00,0.0063608165869191696,0.0,0.00016152,0.0,0.00652233658691917,1.0,0.5
2023-10-14 00:00:00+00:00,0.004217852529348566,0.0,0.00016346333333333335,0.0,0.004381315862681899,1.0,0.5
2023-10-15 00:00:00+00:00,0.017153038107221297,0.00023333333333333333,3.719166666666667e-05,0.0,0.01695689644055463,1.0,0.5
2023-10-16 00:00:00+00:00,-0.001995530611010302,0.0,0.000100395,0.0,-0.0018951356110103019,1.0,0.5
2023-10-17 00:00:00+00:00,-0.002255957191091413,0.0,1.920833333333333e-05,0.0,-0.0022367488577580796,1.0,0.5
2023-10-18 00:00:00+00:00,-0.021936958556158494,0.0,-4.1065e-05,0.0,-0.021978023556158494,1.0,0.5
2023-10-19 00:00:00+00:00,0.02750552775096491,0.0,0.00010511833333333334,0.0,0.027610646084298245,1.0,0.5
2023-10-20 00:00:00+00:00,0.010447821617220722,0.0,0.0008224233333333332,0.0,0.011270244950554054,1.0,0.5
2023-10-21 00:00:00+00:00,-0.015438365646833057,0.0,0.0009636799999999999,0.0,-0.014474685646833057,1.0,0.5
2023-10-22 00:00:00+00:00,-0.021471378269827368,0.0009333333333333333,0.00022666666666666663,0.0,-0.022178044936494036,1.0,0.5
2023-10-23 00:00:00+00:00,0.041768456372294836,0.0,0.004381176666666666,0.0,0.0461496330389615,1.0,0.5
2023-10-24 00:00:00+00:00,-0.020311503528685694,0.0,0.002626735,0.0,-0.017684768528685696,1.0,0.5
2023-10-25 00:00:00+00:00,-0.04309707465802003,0.0,0.010086285,0.0,-0.03301078965802003,1.0,0.5
2023-10-26 00:00:00+00:00,-0.013976730292649677,0.0,0.008964218333333333,0.0,-0.005012511959316344,1.0,0.5
2023-10-27 00:00:00+00:00,-0.009952221318686208,0.0,0.00241934,0.0,-0.0075328813186862085,1.0,0.5
2023-10-28 00:00:00+00:00,-0.006725080410907303,0.0,0.0006076816666666666,0.0,-0.006117398744240636,1.0,0.5
2023-10-29 00:00:00+00:00,0.02154252330445732,0.0007,0.0006681950000000001,4.7339570037774343e-05,0.021558057874495096,0.6666666666666666,0.5
2023-10-30 00:00:00+00:00,0.039766406995027384,0.0,0.002967855,4.742628941360276e-05,0.04278168828444098,0.6666666666666666,0.5
2023-10-31 00:00:00+00:00,0.00571156037576187,0.0,0.0031997816666666664,4.742628941360276e-05,0.008958768331842138,0.6666666666666666,0.5
2023-11-01 00:00:00+00:00,-0.006630654132942317,0.0,0.0005311266666666667,4.725284245021833e-05,-0.006052274623825431,0.6666666666666666,0.5
2023-11-02 00:00:00+00:00,-0.03769676459564049,0.0,0.00038829833333333324,4.699261040156759e-05,-0.03726147365190559,0.6666666666666666,0.5
2023-11-03 00:00:00+00:00,0.011927604566371134,0.0,0.00022062333333333333,4.6905849951558075e-05,0.012195133749656025,0.6666666666666666,0.5
2023-11-04 00:00:00+00:00,0.01172086209663555,0.0,-5.103666666666666e-05,4.6905849951558075e-05,0.011716731279920442,0.6666666666666666,0.5
2023-11-05 00:00:00+00:00,-0.014005792349225183,0.0005833333333333333,-1.571000000000005e-05,7.035877492733711e-05,-0.01453447690763118,0.5,0.5
2023-11-06 00:00:00+00:00,0.022111566283539715,0.0,0.0009467449999999999,7.061904395044838e-05,0.023128930327490162,0.5,0.5
2023-11-07 00:00:00+00:00,-0.0105547004363938,0.0,0.0024640616666666663,7.048891560235138e-05,-0.008020149854124782,0.5,0.5
2023-11-08 00:00:00+00:00,0.014931661207596869,0.0,0.004200525,7.048891560235138e-05,0.01920267512319922,0.5,0.5
2023-11-09 00:00:00+00:00,-0.0002825398179483445,0.0,0.004744633333333332,7.035877492733711e-05,0.004532452290312325,0.5,0.5
2023-11-10 00:00:00+00:00,0.012743730884163623,0.0,0.0012905500000000001,7.022862192296309e-05,0.014104509506086585,0.5,0.5
2023-11-11 00:00:00+00:00,-0.009548919087761894,0.0,-0.00015178,7.022862192296309e-05,-0.009630470465838932,0.5,0.5
2023-11-12 00:00:00+00:00,0.08772304533321332,0.00035,-0.0008373683333333333,4.681908128197539e-05,0.08658249608116195,0.6666666666666666,0.5
2023-11-13 00:00:00+00:00,-0.10559272434925386,0.0,-0.0003020983333333333,4.699261040156759e-05,-0.10584783007218562,0.6666666666666666,0.5
2023-11-14 00:00:00+00:00,0.013031931894367743,0.0,-8.444333333333334e-05,4.681908128197539e-05,0.012994307642316386,0.6666666666666666,0.5
2023-11-15 00:00:00+00:00,0.04797686117981492,0.0,-0.00026086666666666665,4.681908128197539e-05,0.047762813594430235,0.6666666666666666,0.5
2023-11-16 00:00:00+00:00,-0.020005651038893308,0.0,-0.0003381283333333333,4.673230439133925e-05,-0.020297047067835302,0.6666666666666666,0.5
2023-11-17 00:00:00+00:00,0.02573058314189382,0.0,-0.00015622333333333333,4.673230439133925e-05,0.025621092112951827,0.6666666666666666,0.5
2023-11-18 00:00:00+00:00,-0.028082429202241778,0.0,-0.00020537666666666665,4.673230439133925e-05,-0.028241073564517105,0.6666666666666666,0.5
2023-11-19 00:00:00+00:00,0.006690390978823809,0.00046666666666666666,1.3966666666666663e-06,0.0,0.00622512097882381,1.0,0.5
2023-11-20 00:00:00+00:00,-0.011695834664653865,0.0,-4.107833333333332e-05,0.0,-0.011736912997987198,1.0,0.5
2023-11-21 00:00:00+00:00,0.00013459106293865417,0.0,2.300833333333334e-05,0.0,0.00015759939627198752,1.0,0.5
2023-11-22 00:00:00+00:00,0.017024183807136477,0.0,-0.00012125999999999997,0.0,0.016902923807136476,1.0,0.5
2023-11-23 00:00:00+00:00,-0.008941310350436512,0.0,-9.171833333333334e-05,0.0,-0.009033028683769845,1.0,0.5
2023-11-24 00:00:00+00:00,0.008652883739261336,0.0,5.351666666666658e-06,0.0,0.008658235405928003,1.0,0.5
2023-11-25 00:00:00+00:00,-0.006152046317190518,0.0,0.0006330866666666667,0.0,-0.005518959650523851,1.0,0.5
2023-11-26 00:00:00+00:00,-0.000308223552264618,0.00023333333333333333,2.696666666666664e-06,0.0,-0.0005388602189312847,1.0,0.5
2023-11-27 00:00:00+00:00,0.02764712464334153,0.0,1.921666666666666e-05,0.0,0.027666341310008197,1.0,0.5
2023-11-28 00:00:00+00:00,0.005926423744503228,0.0,3.3524999999999995e-05,0.0,0.005959948744503229,1.0,0.5
2023-11-29 00:00:00+00:00,0.005121787516278655,0.0,3.9975e-05,0.0,0.0051617625162786555,1.0,0.5
2023-11-30 00:00:00+00:00,0.010586950096475384,0.0,3.308999999999999e-05,0.0,0.010620040096475384,1.0,0.5
2023-12-01 00:00:00+00:00,-9.801880931714635e-05,0.0,5.911666666666666e-06,0.0,-9.210714265047969e-05,1.0,0.5
2023-12-02 00:00:00+00:00,0.007534539922535388,0.0,1.3155000000000012e-05,0.0,0.007547694922535388,1.0,0.5
2023-12-03 00:00:00+00:00,-0.006925364941320418,0.0011666666666666665,0.00021138333333333337,0.0,-0.007880648274653752,1.0,0.5
2023-12-04 00:00:00+00:00,0.013594743065976059,0.0,6.5185e-05,0.0,0.01365992806597606,1.0,0.5
2023-12-05 00:00:00+00:00,0.04586410493631317,0.0,8.843499999999999e-05,0.0,0.045952539936313166,1.0,0.5
2023-12-06 00:00:00+00:00,0.011567463610152522,0.0,-7.833999999999999e-05,0.0,0.011489123610152523,1.0,0.5
2023-12-07 00:00:00+00:00,-0.005644625642318231,0.0,0.0002820766666666666,0.0,-0.005362548975651565,1.0,0.5
2023-12-08 00:00:00+00:00,0.010862131955301741,0.0,0.00031863166666666674,0.0,0.011180763621968407,1.0,0.5
2023-12-09 00:00:00+00:00,0.014678045792764383,0.0,0.00028115,0.0,0.014959195792764383,1.0,0.5
2023-12-10 00:00:00+00:00,0.031207381353028397,0.0007,0.00022961666666666662,0.0,0.030736998019695067,1.0,0.5
2023-12-11 00:00:00+00:00,0.01772705030827435,0.0,0.00021678,0.0,0.01794383030827435,1.0,0.5
2023-12-12 00:00:00+00:00,0.0042127715411579185,0.0,0.00010567999999999999,0.0,0.004318451541157919,1.0,0.5
2023-12-13 00:00:00+00:00,0.029299910006698012,0.0,0.00031237999999999996,0.0,0.029612290006698013,1.0,0.5
2023-12-14 00:00:00+00:00,-0.01276687809641569,0.0,0.0003231233333333333,0.0,-0.012443754763082357,1.0,0.5
2023-12-15 00:00:00+00:00,-0.005589915603665379,0.0,0.00036670333333333334,0.0,-0.0052232122703320455,1.0,0.5
2023-12-16 00:00:00+00:00,-0.013658813202407543,0.0,0.00021052833333333335,0.0,-0.01344828486907421,1.0,0.5
2023-12-17 00:00:00+00:00,-0.009244364953490809,0.0006999999999999999,0.0002851850000000001,1.5536078849441408e-20,-0.009659179953490808,0.9999999999999999,0.5
2023-12-18 00:00:00+00:00,0.013658190122404896,0.0,5.942500000000002e-05,1.559388660931373e-20,0.013717615122404896,0.9999999999999999,0.5
2023-12-19 00:00:00+00:00,-0.04524539797879371,0.0,1.6428333333333347e-05,1.5507170860945088e-20,-0.04522896964546038,0.9999999999999999,0.5
2023-12-20 00:00:00+00:00,0.023324297479140554,0.0,0.00010207999999999997,1.5536078849441408e-20,0.023426377479140555,0.9999999999999999,0.5
2023-12-21 00:00:00+00:00,0.01471927049283104,0.0,2.6928333333333304e-05,1.5478260132710193e-20,0.014746198826164373,0.9999999999999999,0.5
2023-12-22 00:00:00+00:00,-0.02246476404164804,0.0,0.00015074333333333327,1.5536078849441408e-20,-0.022314020708314706,0.9999999999999999,0.5
2023-12-23 00:00:00+00:00,-0.008301822111388135,0.0,0.000405645,1.5536078849441408e-20,-0.007896177111388136,0.9999999999999999,0.5
2023-12-24 00:00:00+00:00,0.036056140491478,0.0009333333333333333,0.00028256333333333326,0.0,0.035405370491477996,1.0,0.5
2023-12-25 00:00:00+00:00,-0.0020284030334902035,0.0,0.0005874249999999999,0.0,-0.0014409780334902035,1.0,0.5
2023-12-26 00:00:00+00:00,-0.022640128959166984,0.0,0.0009041583333333332,0.0,-0.021735970625833653,1.0,0.5
2023-12-27 00:00:00+00:00,-0.018650617279989602,0.0,0.000306795,0.0,-0.018343822279989604,1.0,0.5
2023-12-28 00:00:00+00:00,0.022491496565781345,0.0,0.0003729366666666667,0.0,0.022864433232448012,1.0,0.5
2023-12-29 00:00:00+00:00,0.03851861829603973,0.0,0.006641825,0.0,0.04516044329603973,1.0,0.5
2023-12-30 00:00:00+00:00,0.008556543609982351,0.0,0.007881531666666665,0.0,0.016438075276649016,1.0,0.5
2023-12-31 00:00:00+00:00,-0.0422191636498249,0.00046666666666666666,0.014388513333333334,0.0,-0.028297316983158235,1.0,0.5
2024-01-01 00:00:00+00:00,-0.010153375703268686,0.0,0.005883764999999999,0.0,-0.004269610703268686,1.0,0.5
2024-01-02 00:00:00+00:00,-0.016658035283842004,0.0,-0.00035532499999999987,0.0,-0.017013360283842004,1.0,0.5
2024-01-03 00:00:00+00:00,-0.010801455120083472,0.0,-9.186333333333335e-05,0.0,-0.010893318453416807,1.0,0.5
2024-01-04 00:00:00+00:00,0.006477884448834053,0.0,-1.875999999999999e-05,0.0,0.006459124448834053,1.0,0.5
2024-01-05 00:00:00+00:00,0.009377937707316857,0.0,-8.568333333333324e-06,0.0,0.009369369373983524,1.0,0.5
2024-01-06 00:00:00+00:00,-0.027804390558115177,0.0,3.7166666666666576e-06,0.0,-0.02780067389144851,1.0,0.5
2024-01-07 00:00:00+00:00,0.014311439459303469,0.0014,4.0891666666666646e-05,1.5536078849441408e-20,0.012952331125970135,0.9999999999999999,0.5
2024-01-08 00:00:00+00:00,-0.07835100189941724,0.0,-2.7566666666666675e-05,1.556498409871684e-20,-0.07837856856608391,0.9999999999999999,0.5
2024-01-09 00:00:00+00:00,0.0036056475444533245,0.0,-2.9903333333333336e-05,1.5536078849441408e-20,0.003575744211119991,0.9999999999999999,0.5
2024-01-10 00:00:00+00:00,0.027858836674529187,0.0,-2.2200000000000004e-05,1.5507170860945088e-20,0.027836636674529187,0.9999999999999999,0.5
2024-01-11 00:00:00+00:00,0.009961106216877125,0.0,2.309333333333333e-05,1.5507170860945088e-20,0.009984199550210458,0.9999999999999999,0.5
2024-01-12 00:00:00+00:00,0.0220647919198636,0.0,8.266166666666668e-05,1.5478260132710193e-20,0.022147453586530266,0.9999999999999999,0.5
2024-01-13 00:00:00+00:00,-0.02843856522068903,0.0,-3.3503333333333335e-05,1.5478260132710193e-20,-0.028472068554022362,0.9999999999999999,0.5
2024-01-14 00:00:00+00:00,-0.004342986134958777,0.0009333333333333333,0.00023935999999999996,0.0,-0.0050369594682921105,1.0,0.5
2024-01-15 00:00:00+00:00,-0.01025520379998087,0.0,0.0002090183333333333,0.0,-0.010046185466647537,1.0,0.5
2024-01-16 00:00:00+00:00,0.001259600028746385,0.0,0.00031897666666666664,0.0,0.0015785766954130517,1.0,0.5
2024-01-17 00:00:00+00:00,-0.05940948787807912,0.0,2.5976666666666665e-05,0.0,-0.05938351121141246,1.0,0.5
2024-01-18 00:00:00+00:00,0.022026504017754987,0.0,2.0155000000000006e-05,0.0,0.022046659017754988,1.0,0.5
2024-01-19 00:00:00+00:00,0.02190946075503867,0.0,9.421833333333332e-05,0.0,0.022003679088372002,1.0,0.5
2024-01-20 00:00:00+00:00,-0.007656505685860737,0.0,0.00016133333333333334,0.0,-0.007495172352527404,1.0,0.5
2024-01-21 00:00:00+00:00,-0.008031697285522055,0.00046666666666666666,0.00023154,0.0,-0.008266823952188721,1.0,0.5
2024-01-22 00:00:00+00:00,-0.0009912783507514868,0.0,0.00020449,0.0,-0.0007867883507514868,1.0,0.5
2024-01-23 00:00:00+00:00,0.0291478988277448,0.0,0.00018650333333333332,0.0,0.029334402161078136,1.0,0.5
2024-01-24 00:00:00+00:00,-0.01253279803647678,0.0,0.0008189683333333334,0.0,-0.011713829703143447,1.0,0.5
2024-01-25 00:00:00+00:00,0.00019848960396001702,0.0,0.000259065,0.0,0.000457554603960017,1.0,0.5
2024-01-26 00:00:00+00:00,-0.010812405273553352,0.0,0.00024654833333333335,0.0,-0.010565856940220018,1.0,0.5
2024-01-27 00:00:00+00:00,-0.018948463101970958,0.0,0.00030436833333333333,0.0,-0.018644094768637626,1.0,0.5
2024-01-28 00:00:00+00:00,-0.009061929769320888,0.0011666666666666665,0.0002991933333333334,0.0,-0.009929403102654222,1.0,0.5
2024-01-29 00:00:00+00:00,-0.0064489238669191975,0.0,0.00021195666666666668,0.0,-0.006236967200252531,1.0,0.5
2024-01-30 00:00:00+00:00,-0.005140263442163043,0.0,0.00017901833333333335,0.0,-0.0049612451088297095,1.0,0.5
2024-01-31 00:00:00+00:00,-0.01637131378612968,0.0,0.000106115,0.0,-0.01626519878612968,1.0,0.5
2024-02-01 00:00:00+00:00,0.01584041277933399,0.0,0.00038326166666666667,0.0,0.016223674446000657,1.0,0.5
2024-02-02 00:00:00+00:00,0.0035711652832043743,0.0,0.0005158783333333334,0.0,0.0040870436165377074,1.0,0.5
2024-02-03 00:00:00+00:00,-0.02341321563752165,0.0,0.00041853333333333333,0.0,-0.02299468230418832,1.0,0.5
2024-02-04 00:00:00+00:00,0.006829223485906774,0.0011666666666666665,1.3552527156068805e-20,0.0,0.005662556819240107,1.0,0.5
2024-02-05 00:00:00+00:00,0.008555618440941309,0.0,1.3552527156068805e-20,0.0,0.008555618440941309,1.0,0.5
2024-02-06 00:00:00+00:00,-0.022157524493083818,0.0,1.3552527156068805e-20,0.0,-0.022157524493083818,1.0,0.5
2024-02-07 00:00:00+00:00,-0.01812557233970158,0.0,2.8820000000000012e-05,0.0,-0.01809675233970158,1.0,0.5
2024-02-08 00:00:00+00:00,-0.006925476540044032,0.0,5.584166666666666e-05,0.0,-0.0068696348733773656,1.0,0.5
2024-02-09 00:00:00+00:00,0.008554598632836252,0.0,3.05466666666667e-05,0.0,0.00858514529950292,1.0,0.5
2024-02-10 00:00:00+00:00,0.004107501057092936,0.0,-4.113333333333327e-06,0.0,0.004103387723759603,1.0,0.5
2024-02-11 00:00:00+00:00,0.0038163544290124394,0.00046666666666666666,6.441000000000002e-05,1.5536078849441408e-20,0.003414097762345773,0.9999999999999999,0.5
2024-02-12 00:00:00+00:00,-0.03391560510155204,0.0,-0.0001784016666666667,1.5507170860945088e-20,-0.03409400676821871,0.9999999999999999,0.5
2024-02-13 00:00:00+00:00,0.008038441826266212,0.0,0.0002942516666666667,1.556498409871684e-20,0.008332693492932879,0.9999999999999999,0.5
2024-02-14 00:00:00+00:00,0.0013612721476173126,0.0,0.00025771166666666663,1.5507170860945088e-20,0.0016189838142839793,0.9999999999999999,0.5
2024-02-15 00:00:00+00:00,0.0010005712872727117,0.0,0.0003397016666666666,1.5507170860945088e-20,0.0013402729539393784,0.9999999999999999,0.5
2024-02-16 00:00:00+00:00,-0.013144894881250403,0.0,0.00047857166666666665,1.5536078849441408e-20,-0.012666323214583736,0.9999999999999999,0.5
2024-02-17 00:00:00+00:00,0.0031475613658034822,0.0,0.0002843916666666667,1.5536078849441408e-20,0.0034319530324701487,0.9999999999999999,0.5
2024-02-18 00:00:00+00:00,0.011553996571292932,0.00046666666666666666,-0.00014285833333333331,4.6645519278095314e-05,0.010991117090571026,0.6666666666666666,0.5
2024-02-19 00:00:00+00:00,-0.012803293177356085,0.0,-1.958666666666668e-05,4.6645519278095314e-05,-0.012776234324744656,0.6666666666666666,0.5
2024-02-20 00:00:00+00:00,0.004931133448535906,0.0,-0.0002534583333333333,4.6645519278095314e-05,0.004724320634480668,0.6666666666666666,0.5
2024-02-21 00:00:00+00:00,-0.020154052003343876,0.0,-0.00018763500000000002,4.6645519278095314e-05,-0.02029504148406578,0.6666666666666666,0.5
2024-02-22 00:00:00+00:00,-0.005076233975098839,0.0,-7.658500000000001e-05,4.673230439133925e-05,-0.005106086670707499,0.6666666666666666,0.5
2024-02-23 00:00:00+00:00,-0.02412145508360769,0.0,-0.00012739999999999995,4.681908128197539e-05,-0.024202036002325716,0.6666666666666666,0.5
2024-02-24 00:00:00+00:00,0.020670674063052452,0.0,-5.5794999999999977e-05,4.681908128197539e-05,0.020661698144334426,0.6666666666666666,0.5
2024-02-25 00:00:00+00:00,0.003604611288245759,0.0007,0.00036435333333333336,0.0,0.003268964621579092,1.0,0.5
2024-02-26 00:00:00+00:00,-6.844901549241025e-05,0.0,0.00056673,0.0,0.0004982809845075897,1.0,0.5
2024-02-27 00:00:00+00:00,-0.00537684813745635,0.0,0.0005460333333333334,0.0,-0.0048308148041230166,1.0,0.5
2024-02-28 00:00:00+00:00,0.018903357063881854,0.0,0.0005862583333333332,0.0,0.019489615397215186,1.0,0.5
2024-02-29 00:00:00+00:00,0.0037983331153733824,0.0,0.0006013666666666664,0.0,0.004399699782040049,1.0,0.5
2024-03-01 00:00:00+00:00,-0.010047371728689636,0.0,0.0005281916666666667,0.0,-0.009519180062022969,1.0,0.5
2024-03-02 00:00:00+00:00,0.003302136170306575,0.0,0.0009280249999999999,0.0,0.004230161170306575,1.0,0.5
2024-03-03 00:00:00+00:00,0.06722607868716675,0.0011666666666666665,-0.0011435349999999998,4.655872594061528e-05,0.0649624357464407,0.6666666666666666,0.5
2024-03-04 00:00:00+00:00,0.08837202323298844,0.0,-0.0009869549999999999,4.6645519278095314e-05,0.08743171375226653,0.6666666666666666,0.5
2024-03-05 00:00:00+00:00,-0.05103036409102377,0.0,-0.0015196300000000001,4.655872594061528e-05,-0.05250343536508315,0.6666666666666666,0.5
2024-03-06 00:00:00+00:00,0.04839005673271253,0.0,-0.0007059933333333333,4.6645519278095314e-05,0.04773070891865729,0.6666666666666666,0.5
2024-03-07 00:00:00+00:00,-0.008153435198935001,0.0,-0.0006462833333333333,4.6645519278095314e-05,-0.00875307301299024,0.6666666666666666,0.5
2024-03-08 00:00:00+00:00,0.06527575320379075,0.0,-0.0008782,4.6645519278095314e-05,0.06444419872306885,0.6666666666666666,0.5
2024-03-09 00:00:00+00:00,0.09390410053632321,0.0,-0.0009949516666666665,4.6645519278095314e-05,0.09295579438893464,0.6666666666666666,0.5
2024-03-10 00:00:00+00:00,-0.0478296589858485,0.00046666666666666666,-0.00022258166666666666,0.0,-0.04851890731918183,1.0,0.5
2024-03-11 00:00:00+00:00,0.022111716871578778,0.0,-7.386666666666676e-05,0.0,0.022037850204912113,1.0,0.5
2024-03-12 00:00:00+00:00,-0.0206665340189619,0.0,-1.995166666666679e-05,0.0,-0.020686485685628565,1.0,0.5
2024-03-13 00:00:00+00:00,0.0035562485045796035,0.0,-0.00016951666666666673,0.0,0.0033867318379129365,1.0,0.5
2024-03-14 00:00:00+00:00,0.057809378585803754,0.0,-0.0005489249999999999,0.0,0.057260453585803756,1.0,0.5
2024-03-15 00:00:00+00:00,-0.06446607498898985,0.0,4.704833333333332e-05,0.0,-0.06441902665565652,1.0,0.5
2024-03-16 00:00:00+00:00,-0.0510235407432655,0.0,6.4883333333332896e-06,0.0,-0.051017052409932165,1.0,0.5
2024-03-17 00:00:00+00:00,0.03659310821276155,0.0006999999999999999,-0.00020589333333333334,0.0,0.03568721487942822,1.0,0.5
2024-03-18 00:00:00+00:00,-0.011345668779478381,0.0,-5.2613333333333354e-05,0.0,-0.011398282112811714,1.0,0.5
2024-03-19 00:00:00+00:00,-0.03804686449356231,0.0,-8.739833333333334e-05,0.0,-0.038134262826895644,1.0,0.5
2024-03-20 00:00:00+00:00,0.06321899741743925,0.0,-9.1185e-05,0.0,0.06312781241743926,1.0,0.5
2024-03-21 00:00:00+00:00,-0.005661101089492563,0.0,-5.283333333333344e-06,0.0,-0.005666384422825896,1.0,0.5
2024-03-22 00:00:00+00:00,-0.00784733369893446,0.0,0.00011541999999999995,0.0,-0.007731913698934461,1.0,0.5
2024-03-23 00:00:00+00:00,0.00872300966881645,0.0,6.771333333333333e-05,0.0,0.008790723002149784,1.0,0.5
2024-03-24 00:00:00+00:00,0.008183554294495726,0.0007,9.632166666666663e-05,0.0,0.007579875961162392,1.0,0.5
2024-03-25 00:00:00+00:00,0.0008250041786501674,0.0,-4.941499999999997e-05,0.0,0.0007755891786501675,1.0,0.5
2024-03-26 00:00:00+00:00,0.0015196178831980065,0.0,-0.00012260166666666674,0.0,0.0013970162165313398,1.0,0.5
2024-03-27 00:00:00+00:00,0.0038696688065791105,0.0,-1.888833333333332e-05,0.0,0.003850780473245777,1.0,0.5
2024-03-28 00:00:00+00:00,0.007775931505954053,0.0,6.134333333333335e-05,0.0,0.007837274839287386,1.0,0.5
2024-03-29 00:00:00+00:00,0.0025309504438105757,0.0,4.6084999999999936e-05,0.0,0.0025770354438105756,1.0,0.5
2024-03-30 00:00:00+00:00,-0.002501498332912893,0.0,0.00012993333333333323,0.0,-0.00237156499957956,1.0,0.5
2024-03-31 00:00:00+00:00,0.006561767921596276,0.0007,0.00046037,0.0,0.006322137921596276,1.0,0.5
2024-04-01 00:00:00+00:00,0.004590308921636756,0.0,0.00028549166666666666,0.0,0.004875800588303423,1.0,0.5
2024-04-02 00:00:00+00:00,0.015897133367918925,0.0,9.406833333333334e-05,0.0,0.015991201701252258,1.0,0.5
2024-04-03 00:00:00+00:00,0.006977816891448977,0.0,1.3896666666666672e-05,0.0,0.006991713558115643,1.0,0.5
2024-04-04 00:00:00+00:00,0.0041341595892249545,0.0,0.000176625,0.0,0.004310784589224954,1.0,0.5
2024-04-05 00:00:00+00:00,0.0008680396430377582,0.0,0.0003284616666666667,0.0,0.0011965013097044249,1.0,0.5
2024-04-06 00:00:00+00:00,0.0006446013737364149,0.0,0.00036528499999999997,0.0,0.0010098863737364148,1.0,0.5
2024-04-07 00:00:00+00:00,0.006933997388675561,0.0009333333333333333,9.793833333333332e-05,0.0,0.006098602388675562,1.0,0.5
2024-04-08 00:00:00+00:00,0.008220651204214722,0.0,5.5121666666666644e-05,0.0,0.008275772870881389,1.0,0.5
2024-04-09 00:00:00+00:00,-0.00785957495393802,0.0,-0.00013342999999999997,0.0,-0.00799300495393802,1.0,0.5
2024-04-10 00:00:00+00:00,0.005936557398242373,0.0,0.0003753116666666666,0.0,0.00631186906490904,1.0,0.5
2024-04-11 00:00:00+00:00,-0.00606418817524725,0.0,0.00023931333333333335,0.0,-0.005824874841913916,1.0,0.5
2024-04-12 00:00:00+00:00,-0.0012806506414844154,0.0,0.00010824666666666667,0.0,-0.0011724039748177487,1.0,0.5
2024-04-13 00:00:00+00:00,0.013399284951007784,0.0,2.4999999999999998e-06,0.0,0.013401784951007785,1.0,0.5
2024-04-14 00:00:00+00:00,0.007715602380147457,0.0006999999999999999,0.0004814716666666666,0.0,0.007497074046814124,1.0,0.5
2024-04-15 00:00:00+00:00,0.0025666750807420424,0.0,0.00042562666666666666,0.0,0.002992301747408709,1.0,0.5
2024-04-16 00:00:00+00:00,-0.02294253915649902,0.0,0.0005736916666666666,0.0,-0.022368847489832352,1.0,0.5
2024-04-17 00:00:00+00:00,0.002408514940345127,0.0,0.00024721,0.0,0.002655724940345127,1.0,0.5
2024-04-18 00:00:00+00:00,0.0007568345447933993,0.0,0.0002128083333333333,0.0,0.0009696428781267325,1.0,0.5
2024-04-19 00:00:00+00:00,0.023808773657700583,0.0,0.00022865666666666666,0.0,0.02403743032436725,1.0,0.5
2024-04-20 00:00:00+00:00,-0.049191266607976444,0.0,0.00012386333333333334,0.0,-0.04906740327464311,1.0,0.5
2024-04-21 00:00:00+00:00,0.0023832543057079967,0.0005833333333333333,-0.00011815000000000001,7.009845658700886e-05,0.0017518694289616723,0.5,0.0
2024-04-22 00:00:00+00:00,-0.009872673074803513,0.0,-4.2674999999999994e-05,6.970788656601723e-05,-0.009845640188237496,0.5,0.0
2024-04-23 00:00:00+00:00,-0.005971870114190368,0.0,-2.390166666666665e-05,7.009845658700886e-05,-0.005925673324270026,0.5,0.0
2024-04-24 00:00:00+00:00,0.031005986775346217,0.0,5.501666666666667e-05,7.022862192296309e-05,0.031131232063935848,0.5,0.0
2024-04-25 00:00:00+00:00,0.0024482467602103633,0.0,6.909999999999999e-05,7.022862192296309e-05,0.0025875753821333262,0.5,0.0
2024-04-26 00:00:00+00:00,0.008151742813296631,0.0,-5.758833333333333e-05,7.009845658700886e-05,0.008164252936550306,0.5,0.0
2024-04-27 00:00:00+00:00,0.005203337527187583,0.0,5.377666666666666e-05,7.009845658700886e-05,0.005327212650441259,0.5,0.0
2024-04-28 00:00:00+00:00,0.004648941696216602,0.0008166666666666667,0.00032790166666666666,0.0,0.0041601766962166015,1.0,0.5
2024-04-29 00:00:00+00:00,-0.0031205449559661607,0.0,0.00036591499999999997,0.0,-0.0027546299559661606,1.0,0.5
2024-04-30 00:00:00+00:00,0.01564413116814125,0.0,0.00019875833333333334,0.0,0.015842889501474583,1.0,0.5
2024-05-01 00:00:00+00:00,0.0012695369377099057,0.0,2.904666666666668e-05,0.0,0.0012985836043765725,1.0,0.5
2024-05-02 00:00:00+00:00,-0.0006716856506771545,0.0,3.680666666666666e-05,0.0,-0.0006348789840104879,1.0,0.5
2024-05-03 00:00:00+00:00,0.0004256064525994781,0.0,-1.9696666666666674e-05,0.0,0.00040590978593281143,1.0,0.5
2024-05-04 00:00:00+00:00,0.011025483194716301,0.0,-0.00012947666666666665,0.0,0.010896006528049635,1.0,0.5
2024-05-05 00:00:00+00:00,-0.00761589751623833,0.0007,0.0014719833333333332,0.0,-0.006843914182904997,1.0,0.5
2024-05-06 00:00:00+00:00,0.008872278454483906,0.0,0.0001889716666666667,0.0,0.009061250121150572,1.0,0.5
2024-05-07 00:00:00+00:00,-0.02050085472275979,0.0,-0.00017282666666666667,0.0,-0.020673681389426456,1.0,0.5
2024-05-08 00:00:00+00:00,0.0016803550095207398,0.0,-0.000277865,0.0,0.0014024900095207398,1.0,0.5
2024-05-09 00:00:00+00:00,0.017426158604304263,0.0,-0.00025235666666666666,0.0,0.0171738019376376,1.0,0.5
2024-05-10 00:00:00+00:00,0.011353938895564056,0.0,-0.000315355,0.0,0.011038583895564056,1.0,0.5
2024-05-11 00:00:00+00:00,-0.00017209280884707655,0.0,-0.00015295833333333334,0.0,-0.0003250511421804099,1.0,0.5
2024-05-12 00:00:00+00:00,0.003267435225790834,0.0009333333333333333,9.7655e-05,0.0,0.0024317568924575005,1.0,0.5
2024-05-13 00:00:00+00:00,0.036132554808858665,0.0,0.00020649166666666664,0.0,0.036339046475525334,1.0,0.5
2024-05-14 00:00:00+00:00,0.016292390545407542,0.0,0.00032743000000000003,0.0,0.016619820545407542,1.0,0.5
2024-05-15 00:00:00+00:00,-0.006811286929164421,0.0,0.0006084083333333333,0.0,-0.006202878595831088,1.0,0.5
2024-05-16 00:00:00+00:00,-0.002499109301723368,0.0,0.00020575333333333333,0.0,-0.0022933559683900344,1.0,0.5
2024-05-17 00:00:00+00:00,-0.019353863362669976,0.0,0.00019942666666666667,0.0,-0.01915443669600331,1.0,0.5
2024-05-18 00:00:00+00:00,-0.008562982824003343,0.0,7.845833333333333e-05,0.0,-0.00848452449067001,1.0,0.5
2024-05-19 00:00:00+00:00,0.0072562139099768466,0.0007,3.316e-05,0.0,0.006589373909976846,1.0,0.5
2024-05-20 00:00:00+00:00,0.01004100080754618,0.0,-1.2339999999999997e-05,0.0,0.010028660807546181,1.0,0.5
2024-05-21 00:00:00+00:00,0.037059540403409884,0.0,-0.00013687666666666666,0.0,0.036922663736743216,1.0,0.5
2024-05-22 00:00:00+00:00,0.010768971310566016,0.0,-8.330166666666665e-05,0.0,0.010685669643899349,1.0,0.5
2024-05-23 00:00:00+00:00,-0.015704752816283876,0.0,-0.0003737266666666666,0.0,-0.016078479482950544,1.0,0.5
2024-05-24 00:00:00+00:00,-0.01612591417908641,0.0,-0.00039649999999999993,0.0,-0.01652241417908641,1.0,0.5
2024-05-25 00:00:00+00:00,0.007062309973574451,0.0,-0.00021971499999999994,0.0,0.0068425949735744515,1.0,0.5
2024-05-26 00:00:00+00:00,0.03781022311971233,0.0009333333333333333,0.00012227833333333332,0.0,0.03699916811971233,1.0,0.5
2024-05-27 00:00:00+00:00,-0.03236747049490115,0.0,0.00036684,0.0,-0.03200063049490115,1.0,0.5
2024-05-28 00:00:00+00:00,-0.02534501343295218,0.0,0.00017530666666666666,0.0,-0.025169706766285514,1.0,0.5
2024-05-29 00:00:00+00:00,-0.021645642557937477,0.0,-2.1101666666666682e-05,0.0,-0.021666744224604143,1.0,0.5
2024-05-30 00:00:00+00:00,0.010798676962952206,0.0,-2.3623333333333335e-05,0.0,0.010775053629618872,1.0,0.5
2024-05-31 00:00:00+00:00,0.027276557399667,0.0,3.713666666666667e-05,0.0,0.027313694066333667,1.0,0.5
2024-06-01 00:00:00+00:00,0.004222409807734732,0.0,3.662500000000001e-05,0.0,0.0042590348077347325,1.0,0.5
2024-06-02 00:00:00+00:00,0.013304951581600758,0.0008166666666666667,-8.568333333333329e-05,2.336615219566963e-05,0.012425967733796428,0.8333333333333333,0.5
2024-06-03 00:00:00+00:00,-0.00350032104396536,0.0,-6.978999999999994e-05,2.3409540640987707e-05,-0.0035467015033243724,0.8333333333333333,0.5
2024-06-04 00:00:00+00:00,0.010790651608986512,0.0,-5.5695000000000015e-05,2.336615219566963e-05,0.010758322761182182,0.8333333333333333,0.5
2024-06-05 00:00:00+00:00,0.027565314751228105,0.0,-5.784333333333329e-05,2.336615219566963e-05,0.027530837570090443,0.8333333333333333,0.5
2024-06-06 00:00:00+00:00,0.0011290348162225814,0.0,-5.428333333333296e-06,2.336615219566963e-05,0.0011469726350849178,0.8333333333333333,0.5
2024-06-07 00:00:00+00:00,-0.009997558368793572,0.0,-1.3828333333333338e-05,2.3409540640987707e-05,-0.009987977161485919,0.8333333333333333,0.5
2024-06-08 00:00:00+00:00,0.0263745718117294,0.0,-7.408333333333334e-05,2.3409540640987707e-05,0.026323898019037055,0.8333333333333333,0.5
2024-06-09 00:00:00+00:00,-0.009620859629825469,0.00035,0.0,1.559388660931373e-20,-0.009970859629825468,0.9999999999999999,0.5
2024-06-10 00:00:00+00:00,0.0026863324652103664,0.0,-1.949999999999939e-07,1.556498409871684e-20,0.0026861374652103662,0.9999999999999999,0.5
2024-06-11 00:00:00+00:00,-0.024309577418629637,0.0,-9.433333333333283e-07,1.556498409871684e-20,-0.02431052075196297,0.9999999999999999,0.5
2024-06-12 00:00:00+00:00,-0.05249185246118246,0.0,0.0,1.556498409871684e-20,-0.05249185246118246,0.9999999999999999,0.5
2024-06-13 00:00:00+00:00,0.001845939630521081,0.0,0.0,1.556498409871684e-20,0.001845939630521081,0.9999999999999999,0.5
2024-06-14 00:00:00+00:00,0.02121485725082932,0.0,0.0,1.556498409871684e-20,0.02121485725082932,0.9999999999999999,0.5
2024-06-15 00:00:00+00:00,-0.010968183684980776,0.0,-2.4773333333333342e-05,1.556498409871684e-20,-0.01099295701831411,0.9999999999999999,0.5
2024-06-16 00:00:00+00:00,-0.009831955127378406,0.00046666666666666666,9.216500000000001e-05,0.0,-0.010206456794045074,1.0,0.5
2024-06-17 00:00:00+00:00,0.0005685067639282018,0.0,4.8195e-05,0.0,0.0006167017639282018,1.0,0.5
2024-06-18 00:00:00+00:00,0.02288886074930472,0.0,5.590333333333333e-05,0.0,0.022944764082638052,1.0,0.5
2024-06-19 00:00:00+00:00,-0.01385974607576603,0.0,1.9916666666666672e-05,0.0,-0.013839829409099363,1.0,0.5
2024-06-20 00:00:00+00:00,-0.01659990688387671,0.0,3.2265e-05,0.0,-0.01656764188387671,1.0,0.5
2024-06-21 00:00:00+00:00,0.00030835537474168187,0.0,3.627666666666667e-05,0.0,0.00034463204140834853,1.0,0.5
2024-06-22 00:00:00+00:00,0.007076931337454923,0.0,6.202333333333335e-05,0.0,0.007138954670788257,1.0,0.5
2024-06-23 00:00:00+00:00,0.027277040404007708,0.0005833333333333333,0.00014867333333333334,6.983808891092291e-05,0.02691221849291863,0.5,0.0
2024-06-24 00:00:00+00:00,-0.04533379394537699,0.0,0.00015000000000000001,6.996827891714297e-05,-0.04511382566645985,0.5,0.0
2024-06-25 00:00:00+00:00,-0.027966890493131613,0.0,0.00010588166666666667,6.983808891092291e-05,-0.027791170737554025,0.5,0.0
2024-06-26 00:00:00+00:00,0.016380545026221566,0.0,0.00011943499999999998,6.996827891714297e-05,0.01656994830513871,0.5,0.0
2024-06-27 00:00:00+00:00,-0.030277801789087122,0.0,0.00012633999999999999,6.983808891092291e-05,-0.0300816237001762,0.5,0.0
2024-06-28 00:00:00+00:00,0.031156227208814835,0.0,6.414333333333333e-05,6.970788656601723e-05,0.03129007842871419,0.5,0.0
2024-06-29 00:00:00+00:00,-0.00010153220259776874,0.0,8.0455e-05,6.970788656601723e-05,4.8630683968248494e-05,0.5,0.0
2024-06-30 00:00:00+00:00,-0.015596430879831034,0.0005833333333333333,-0.00044063166666666667,4.647192437734483e-05,-0.016573923955453686,0.6666666666666666,0.16666666666666666
2024-07-01 00:00:00+00:00,0.016352974136921678,0.0,-0.00031273,4.6645519278095314e-05,0.01608688965619977,0.6666666666666666,0.16666666666666666
2024-07-02 00:00:00+00:00,-0.014678337699781977,0.0,-0.00030374499999999996,4.6645519278095314e-05,-0.01493543718050388,0.6666666666666666,0.16666666666666666
2024-07-03 00:00:00+00:00,0.02781915480180345,0.0,-0.00010299666666666664,4.6645519278095314e-05,0.027762803654414876,0.6666666666666666,0.16666666666666666
2024-07-04 00:00:00+00:00,0.039811693445600704,0.0,-7.730166666666667e-05,4.6645519278095314e-05,0.039781037298212134,0.6666666666666666,0.16666666666666666
2024-07-05 00:00:00+00:00,0.028387830966315548,0.0,-0.0006945683333333333,4.655872594061528e-05,0.02773982135892283,0.6666666666666666,0.16666666666666666
2024-07-06 00:00:00+00:00,-0.028659064456065173,0.0,-0.0008757249999999998,4.655872594061528e-05,-0.02948823073012456,0.6666666666666666,0.16666666666666666
2024-07-07 00:00:00+00:00,0.043914668031719485,0.0005833333333333333,0.00012553333333333334,6.983808891092291e-05,0.04352670612063041,0.5,0.0
2024-07-08 00:00:00+00:00,-0.012653034059956936,0.0,9.691833333333333e-05,6.983808891092291e-05,-0.01248627763771268,0.5,0.0
2024-07-09 00:00:00+00:00,-0.020603013022743106,0.0,9.183166666666668e-05,6.983808891092291e-05,-0.020441343267165516,0.5,0.0
2024-07-10 00:00:00+00:00,-0.020694321690193213,0.0,0.000117425,6.983808891092291e-05,-0.02050705860128229,0.5,0.0
2024-07-11 00:00:00+00:00,0.0401256891826703,0.0,3.133e-05,6.957767188020547e-05,0.04022659685455051,0.5,0.0
2024-07-12 00:00:00+00:00,-0.0019991406651152146,0.0,-0.00021306833333333333,6.957767188020547e-05,-0.0021426313265683426,0.5,0.0
2024-07-13 00:00:00+00:00,-0.0003423742275917383,0.0,-3.510666666666666e-05,6.957767188020547e-05,-0.0003079032223781995,0.5,0.0
2024-07-14 00:00:00+00:00,-0.03531996081143145,0.00035,-1.1396666666666665e-05,0.0,-0.03568135747809812,1.0,0.5
2024-07-15 00:00:00+00:00,-0.054961290854007396,0.0,-0.00015525166666666666,0.0,-0.055116542520674064,1.0,0.5
2024-07-16 00:00:00+00:00,-0.04309143457915905,0.0,-0.000256875,0.0,-0.04334830957915905,1.0,0.5
2024-07-17 00:00:00+00:00,-0.0017577177711487852,0.0,-0.00031024166666666664,0.0,-0.0020679594378154517,1.0,0.5
2024-07-18 00:00:00+00:00,-0.010883277897064763,0.0,-9.420499999999998e-05,0.0,-0.010977482897064763,1.0,0.5
2024-07-19 00:00:00+00:00,-0.006140743505673617,0.0,-0.0001190233333333333,0.0,-0.006259766839006951,1.0,0.5
2024-07-20 00:00:00+00:00,0.01111881741653801,0.0,-0.00015428833333333333,0.0,0.010964529083204676,1.0,0.5
2024-07-21 00:00:00+00:00,0.013191446227992582,0.0005833333333333333,9.268166666666664e-05,2.3149148283681725e-05,0.012723943709609598,0.8333333333333333,0.5
2024-07-22 00:00:00+00:00,0.025004164877439006,0.0,3.470333333333333e-05,2.310573515877195e-05,0.025061973945931112,0.8333333333333333,0.5
2024-07-23 00:00:00+00:00,0.005058464801703355,0.0,-5.054333333333332e-05,2.3062317917821328e-05,0.005030983786287843,0.8333333333333333,0.5
2024-07-24 00:00:00+00:00,-0.00025413150316551955,0.0,-3.5904999999999996e-05,2.3062317917821328e-05,-0.0002669741852476982,0.8333333333333333,0.5
2024-07-25 00:00:00+00:00,-0.006508715597027037,0.0,-3.2949999999999995e-05,2.3018896560089718e-05,-0.006518646700466948,0.8333333333333333,0.5
2024-07-26 00:00:00+00:00,-0.03899454687056769,0.0,6.311666666666666e-05,2.2975471084799963e-05,-0.038908454732816226,0.8333333333333333,0.5
2024-07-27 00:00:00+00:00,-0.01668574023772621,0.0,0.0002514966666666667,2.2975471084799963e-05,-0.016411268099974743,0.8333333333333333,0.5
2024-07-28 00:00:00+00:00,-0.006813269664429486,0.0008166666666666667,-8.255e-05,4.5950942169599905e-05,-0.007666535388926553,0.6666666666666666,0.5
2024-07-29 00:00:00+00:00,-0.006336816371766381,0.0,-4.548666666666667e-05,4.586408298234979e-05,-0.0063364389554506975,0.6666666666666666,0.5
2024-07-30 00:00:00+00:00,0.003170437106424062,0.0,-9.037166666666666e-05,4.577721555680074e-05,0.003125842655314196,0.6666666666666666,0.5
2024-07-31 00:00:00+00:00,-0.017013694070268537,0.0,-0.00010972666666666667,4.586408298234979e-05,-0.017077556653952854,0.6666666666666666,0.5
2024-08-01 00:00:00+00:00,-0.03321776960002144,0.0,-5.893833333333334e-05,4.560345598466261e-05,-0.03323110447737011,0.6666666666666666,0.5
2024-08-02 00:00:00+00:00,-0.012767603267581177,0.0,4.4503333333333325e-05,4.4995037746723795e-05,-0.01267810489650112,0.6666666666666666,0.5
2024-08-03 00:00:00+00:00,-0.034369663741342815,0.0,-0.00010955833333333333,4.4995037746723795e-05,-0.03443422703692943,0.6666666666666666,0.5
2024-08-04 00:00:00+00:00,-0.03063613621196639,0.0007,-6.146e-05,0.0,-0.03139759621196639,1.0,0.5
2024-08-05 00:00:00+00:00,0.03190448789852668,0.0,2.8825000000000003e-05,0.0,0.03193331289852668,1.0,0.5
2024-08-06 00:00:00+00:00,0.039300462233041095,0.0,-0.00026092166666666665,0.0,0.03903954056637443,1.0,0.5
2024-08-07 00:00:00+00:00,0.045430020530219495,0.0,-0.00011734333333333328,0.0,0.04531267719688616,1.0,0.5
2024-08-08 00:00:00+00:00,-0.04414901073805137,0.0,-0.00014906166666666667,0.0,-0.04429807240471804,1.0,0.5
2024-08-09 00:00:00+00:00,-0.0030554076225658977,0.0,-4.5980000000000004e-05,0.0,-0.003101387622565898,1.0,0.5
2024-08-10 00:00:00+00:00,0.004074655762474344,0.0,-4.785833333333334e-05,0.0,0.00402679742914101,1.0,0.5
2024-08-11 00:00:00+00:00,0.04051636420547995,0.00105,-0.000175685,6.801413220058894e-05,0.039358693337680536,0.5,0.0
2024-08-12 00:00:00+00:00,-0.03433210268955318,0.0,-7.847333333333333e-05,6.775336916275965e-05,-0.03434282265372376,0.5,0.0
2024-08-13 00:00:00+00:00,0.003335657290554535,0.0,1.720666666666667e-05,6.762296908069398e-05,0.003420486926301896,0.5,0.0
2024-08-14 00:00:00+00:00,0.020690458641074362,0.0,-0.00014322666666666666,6.775336916275965e-05,0.020614985343570456,0.5,0.0
2024-08-15 00:00:00+00:00,0.015922699204053536,0.0,-8.198833333333332e-05,6.801413220058894e-05,0.01590872500292079,0.5,0.0
2024-08-16 00:00:00+00:00,0.012751713255426787,0.0,-0.0003109483333333333,6.788375686850312e-05,0.012508648678961957,0.5,0.0
2024-08-17 00:00:00+00:00,-0.013759243173600555,0.0,-0.00030176,6.788375686850312e-05,-0.013993119416732052,0.5,0.0
2024-08-18 00:00:00+00:00,0.001754270733865508,0.0007,7.3235e-05,6.788375686850312e-05,0.001195389490734011,0.5,0.0
2024-08-19 00:00:00+00:00,-0.017718690253450704,0.0,0.00010667333333333333,6.762296908069398e-05,-0.017544393951036675,0.5,0.0
2024-08-20 00:00:00+00:00,-0.022263518158041024,0.0,0.00014443333333333334,6.736213177871431e-05,-0.022051722692928977,0.5,0.0
2024-08-21 00:00:00+00:00,-0.014936502433060772,0.0,3.3413333333333334e-05,6.710124494357927e-05,-0.01483598785478386,0.5,0.0
2024-08-22 00:00:00+00:00,-0.010192027265590837,0.0,8.392999999999999e-05,6.736213177871431e-05,-0.010040735133812123,0.5,0.0
2024-08-23 00:00:00+00:00,-0.06743195391849069,0.0,-1.2270000000000006e-05,6.697078294537473e-05,-0.06737725313554531,0.5,0.0
2024-08-24 00:00:00+00:00,-0.03579385675413882,0.0,0.000144575,6.697078294537473e-05,-0.035582310971193444,0.5,0.0
2024-08-25 00:00:00+00:00,0.0019972324795959895,0.0009333333333333333,-0.000187795,2.232359431512492e-05,0.0008984277405777812,0.8333333333333333,0.5
2024-08-26 00:00:00+00:00,-0.010006013458173977,0.0,-4.1343333333333334e-05,2.2193107533041722e-05,-0.01002516368397427,0.8333333333333333,0.5
2024-08-27 00:00:00+00:00,-0.035264170715212886,0.0,-7.410666666666667e-05,2.2193107533041722e-05,-0.03531608427434651,0.8333333333333333,0.5
2024-08-28 00:00:00+00:00,-0.04100641936619143,0.0,-1.5355e-05,2.2106095683982484e-05,-0.040999668270507446,0.8333333333333333,0.5
2024-08-29 00:00:00+00:00,0.02215820989934092,0.0,5.854166666666665e-05,2.2193107533041722e-05,0.022238944673540626,0.8333333333333333,0.5
2024-08-30 00:00:00+00:00,0.01141362066759055,0.0,-4.365666666666667e-05,2.2193107533041722e-05,0.011392157108456926,0.8333333333333333,0.5
2024-08-31 00:00:00+00:00,-0.0047348899969549265,0.0,1.5346666666666663e-05,2.2193107533041722e-05,-0.004697350222755218,0.8333333333333333,0.5
2024-09-01 00:00:00+00:00,-0.026745043921574264,0.0005833333333333333,0.00014221833333333332,0.0,-0.027186158921574263,1.0,0.5
2024-09-02 00:00:00+00:00,0.0004085783279235873,0.0,7.580833333333335e-05,0.0,0.00048438666125692065,1.0,0.5
2024-09-03 00:00:00+00:00,-0.012104330145204992,0.0,0.00010069166666666666,0.0,-0.012003638478538326,1.0,0.5
2024-09-04 00:00:00+00:00,0.006436572609145781,0.0,1.7816666666666675e-05,0.0,0.006454389275812448,1.0,0.5
2024-09-05 00:00:00+00:00,0.00012889403300805034,0.0,0.00010161999999999999,0.0,0.00023051403300805034,1.0,0.5
2024-09-06 00:00:00+00:00,-0.011268098540712626,0.0,7.031000000000001e-05,0.0,-0.011197788540712626,1.0,0.5
2024-09-07 00:00:00+00:00,0.0042008420401450745,0.0,0.00013976666666666663,0.0,0.004340608706811741,1.0,0.5
2024-09-08 00:00:00+00:00,-0.009934453127645274,0.0009333333333333333,0.00011417833333333332,0.0,-0.010753608127645274,1.0,0.5
2024-09-09 00:00:00+00:00,-0.014921879061539727,0.0,-1.5511666666666662e-05,0.0,-0.014937390728206395,1.0,0.5
2024-09-10 00:00:00+00:00,-0.0008237793396070892,0.0,-0.00012451499999999996,0.0,-0.0009482943396070891,1.0,0.5
2024-09-11 00:00:00+00:00,0.012947198264261271,0.0,-1.4445000000000001e-05,0.0,0.01293275326426127,1.0,0.5
2024-09-12 00:00:00+00:00,0.011383053669980398,0.0,-0.0003026783333333333,0.0,0.011080375336647064,1.0,0.5
2024-09-13 00:00:00+00:00,-0.018143641627866337,0.0,-8.963666666666668e-05,0.0,-0.018233278294533004,1.0,0.5
2024-09-14 00:00:00+00:00,-0.007489562589676294,0.0,-0.0008198666666666666,0.0,-0.008309429256342961,1.0,0.5
2024-09-15 00:00:00+00:00,0.020930467886786947,0.00035,-0.0015603683333333333,2.1322244159590248e-05,0.019041421797613204,0.8333333333333333,0.3333333333333333
2024-09-16 00:00:00+00:00,0.007728676999318673,0.0,-0.00051881,2.119147169391915e-05,0.007231058471012593,0.8333333333333333,0.3333333333333333
2024-09-17 00:00:00+00:00,-0.011640628555208013,0.0,-0.0007482200000000001,2.119147169391915e-05,-0.012367657083514096,0.8333333333333333,0.3333333333333333
2024-09-18 00:00:00+00:00,0.009865713095957664,0.0,-0.0007816966666666664,2.0755293565340643e-05,0.009104771722856338,0.8333333333333333,0.3333333333333333
2024-09-19 00:00:00+00:00,-0.00571320314602408,0.0,-0.0008347883333333333,2.0580705919444803e-05,-0.006527410773437969,0.8333333333333333,0.3333333333333333
2024-09-20 00:00:00+00:00,0.01769334076039484,0.0,-0.00036378666666666664,2.0362377717630952e-05,0.017349916471445802,0.8333333333333333,0.3333333333333333
2024-09-21 00:00:00+00:00,-0.0051847818776147294,0.0,-0.00037655666666666665,2.0362377717630952e-05,-0.005540976166563765,0.8333333333333333,0.3333333333333333
2024-09-22 00:00:00+00:00,-0.009705655806441671,0.0005833333333333333,9.254333333333332e-05,4.072475543526189e-05,-0.010155721051006409,0.6666666666666666,0.5
2024-09-23 00:00:00+00:00,0.034706933043004796,0.0,0.0004468383333333333,4.046266162941829e-05,0.035194234037967544,0.6666666666666666,0.5
2024-09-24 00:00:00+00:00,0.018195403664158727,0.0,0.0005567416666666667,4.020049279832942e-05,0.018792345823623723,0.6666666666666666,0.5
2024-09-25 00:00:00+00:00,-0.025464247267450186,0.0,0.0002901966666666666,4.02878907475035e-05,-0.025133762710036017,0.6666666666666666,0.5
2024-09-26 00:00:00+00:00,0.012410755308942957,0.0,0.00032020166666666663,4.020049279832942e-05,0.012771157468407953,0.6666666666666666,0.5
2024-09-27 00:00:00+00:00,-0.01736970158914264,0.0,4.296333333333334e-05,4.020049279832942e-05,-0.017286537763010975,0.6666666666666666,0.5
2024-09-28 00:00:00+00:00,0.0018469451771995406,0.0,4.785666666666668e-05,4.020049279832942e-05,0.0019350023366645369,0.6666666666666666,0.5
2024-09-29 00:00:00+00:00,0.011573145264661558,0.0005833333333333333,-0.00013835166666666666,6.0300739197494124e-05,0.010911761003859053,0.5,0.5
2024-09-30 00:00:00+00:00,-0.010141205820585844,0.0,-0.00011891500000000001,6.0562920536022524e-05,-0.010199557900049823,0.5,0.5
2024-10-01 00:00:00+00:00,-0.02495756591196028,0.0,-7.889333333333334e-05,6.0300739197494124e-05,-0.024976158506096118,0.5,0.5
2024-10-02 00:00:00+00:00,-0.0052200212830682555,0.0,7.876666666666665e-06,6.003850781333142e-05,-0.005152106108588257,0.5,0.5
2024-10-03 00:00:00+00:00,-0.04098813749805409,0.0,1.4583333333333326e-05,6.003850781333142e-05,-0.04091351565690743,0.5,0.5
2024-10-04 00:00:00+00:00,0.046500552853790955,0.0,0.0004545983333333333,6.069399244412743e-05,0.047015845179568416,0.5,0.5
2024-10-05 00:00:00+00:00,-0.005315646269061762,0.0,0.00010232333333333332,6.069399244412743e-05,-0.005152628943284301,0.5,0.5
2024-10-06 00:00:00+00:00,0.01860679887720825,0.0005833333333333333,0.00023551,0.0,0.01825897554387492,1.0,0.5
2024-10-07 00:00:00+00:00,0.005194200015780969,0.0,0.00039705166666666663,0.0,0.005591251682447636,1.0,0.5
2024-10-08 00:00:00+00:00,-0.007349515459786274,0.0,3.649e-05,0.0,-0.007313025459786274,1.0,0.5
2024-10-09 00:00:00+00:00,0.01413727225230297,0.0,2.5359999999999994e-05,0.0,0.01416263225230297,1.0,0.5
2024-10-10 00:00:00+00:00,0.01591639127161735,0.0,-2.967500000000001e-05,0.0,0.01588671627161735,1.0,0.5
2024-10-11 00:00:00+00:00,0.01856320459714985,0.0,0.00019161166666666667,0.0,0.018754816263816518,1.0,0.5
2024-10-12 00:00:00+00:00,-0.018584335565006844,0.0,0.00010253000000000001,0.0,-0.018481805565006844,1.0,0.5
2024-10-13 00:00:00+00:00,0.016118635798768783,0.0,-1.990833333333332e-05,0.0,0.01609872746543545,1.0,0.5
2024-10-14 00:00:00+00:00,0.051492648586782264,0.0,0.006251708333333333,0.0,0.0577443569201156,1.0,0.5
2024-10-15 00:00:00+00:00,-0.11565604450701124,0.0,0.005519035,0.0,-0.11013700950701123,1.0,0.5
2024-10-16 00:00:00+00:00,-0.06359185625341907,0.0,0.0038564583333333333,0.0,-0.05973539792008573,1.0,0.5
2024-10-17 00:00:00+00:00,-0.0056659012263028195,0.0,-0.0005653166666666667,0.0,-0.006231217892969486,1.0,0.5
2024-10-18 00:00:00+00:00,0.017942638458276334,0.0,-0.0003769133333333333,0.0,0.017565725124943,1.0,0.5
2024-10-19 00:00:00+00:00,-0.005287169281162481,0.0,-0.0003814633333333334,0.0,-0.005668632614495814,1.0,0.5
2024-10-20 00:00:00+00:00,-0.01346261412897918,0.0006999999999999999,0.0004295116666666667,0.0,-0.013733102462312512,1.0,0.5
2024-10-21 00:00:00+00:00,0.016074413402625866,0.0,0.00035216,0.0,0.016426573402625867,1.0,0.5
2024-10-22 00:00:00+00:00,-0.02016684285153212,0.0,0.000449075,0.0,-0.01971776785153212,1.0,0.5
2024-10-23 00:00:00+00:00,0.06027270669676871,0.0,0.000256255,0.0,0.060528961696768704,1.0,0.5
2024-10-24 00:00:00+00:00,-0.016475918384168637,0.0,0.00025918,0.0,-0.016216738384168636,1.0,0.5
2024-10-25 00:00:00+00:00,0.022448206909962357,0.0,0.0002765016666666666,0.0,0.022724708576629025,1.0,0.5
2024-10-26 00:00:00+00:00,-0.01378961071360448,0.0,0.0001427466666666667,0.0,-0.013646864046937813,1.0,0.5
2024-10-27 00:00:00+00:00,-0.0010323976202181546,0.00023333333333333333,4.4549999999999985e-05,0.0,-0.0012211809535514879,1.0,0.5
2024-10-28 00:00:00+00:00,0.03705564661014529,0.0,7.584666666666666e-05,0.0,0.03713149327681196,1.0,0.5
2024-10-29 00:00:00+00:00,0.008153827961370801,0.0,5.8461666666666656e-05,0.0,0.008212289628037469,1.0,0.5
2024-10-30 00:00:00+00:00,-0.013669931976545497,0.0,0.00030869833333333337,0.0,-0.013361233643212164,1.0,0.5
2024-10-31 00:00:00+00:00,-0.001261198509131145,0.0,0.00021635833333333334,0.0,-0.0010448401757978116,1.0,0.5
2024-11-01 00:00:00+00:00,0.005764276160044693,0.0,0.00014930500000000002,0.0,0.005913581160044693,1.0,0.5
2024-11-02 00:00:00+00:00,0.009580662572732823,0.0,5.296666666666666e-05,0.0,0.00963362923939949,1.0,0.5
2024-11-03 00:00:00+00:00,-0.010550733243968838,0.0007,0.00015196666666666668,0.0,-0.01109876657730217,1.0,0.5
2024-11-04 00:00:00+00:00,0.024055042348704425,0.0,2.7605000000000004e-05,0.0,0.024082647348704425,1.0,0.5
2024-11-05 00:00:00+00:00,-0.0008195532703633539,0.0,7.262499999999999e-05,0.0,-0.0007469282703633539,1.0,0.5
2024-11-06 00:00:00+00:00,-0.07733640260908554,0.0,0.0001254216666666666,0.0,-0.07721098094241888,1.0,0.5
2024-11-07 00:00:00+00:00,0.00551754849791645,0.0,0.00027963999999999995,0.0,0.00579718849791645,1.0,0.5
2024-11-08 00:00:00+00:00,0.029707344914996568,0.0,0.00014900833333333333,0.0,0.0298563532483299,1.0,0.5
2024-11-09 00:00:00+00:00,-0.04474412314830204,0.0,0.00041435666666666664,0.0,-0.04432976648163538,1.0,0.5
2024-11-10 00:00:00+00:00,0.05476512637862751,0.0006999999999999999,-1.2884999999999996e-05,0.0,0.05405224137862751,1.0,0.5
2024-11-11 00:00:00+00:00,0.009935736922439944,0.0,0.00025194666666666666,0.0,0.010187683589106612,1.0,0.5
2024-11-12 00:00:00+00:00,0.045477823636779005,0.0,0.00022492333333333338,0.0,0.04570274697011234,1.0,0.5
2024-11-13 00:00:00+00:00,-0.0014965984575447799,0.0,0.0005302716666666667,0.0,-0.0009663267908781132,1.0,0.5
2024-11-14 00:00:00+00:00,-0.01478483393598105,0.0,0.0005410033333333332,0.0,-0.014243830602647717,1.0,0.5
2024-11-15 00:00:00+00:00,0.024219124712137975,0.0,0.0002257533333333333,0.0,0.024444878045471307,1.0,0.5
2024-11-16 00:00:00+00:00,-0.021718640504536278,0.0,0.0004530916666666666,0.0,-0.021265548837869613,1.0,0.5
2024-11-17 00:00:00+00:00,0.013475055186201769,0.0006999999999999999,0.0003717333333333334,0.0,0.013146788519535104,1.0,0.5
2024-11-18 00:00:00+00:00,-0.020931007253356896,0.0,0.0005064633333333331,0.0,-0.020424543920023564,1.0,0.5
2024-11-19 00:00:00+00:00,0.03190320249699744,0.0,0.0002726366666666666,0.0,0.03217583916366411,1.0,0.5
2024-11-20 00:00:00+00:00,0.018807548652932826,0.0,0.0001270233333333333,0.0,0.01893457198626616,1.0,0.5
2024-11-21 00:00:00+00:00,0.0074418001563245975,0.0,0.00030495,0.0,0.0077467501563245975,1.0,0.5
2024-11-22 00:00:00+00:00,0.027673097399528203,0.0,0.00028487666666666663,0.0,0.02795797406619487,1.0,0.5
2024-11-23 00:00:00+00:00,-0.07622774871439987,0.0,0.0004145916666666666,0.0,-0.0758131570477332,1.0,0.5
2024-11-24 00:00:00+00:00,0.001235372549811172,0.0005833333333333333,0.0003676699999999999,1.9794236759425793e-05,0.0010395034532372643,0.8333333333333333,0.5
2024-11-25 00:00:00+00:00,-0.01303677520643424,0.0,0.0003752883333333334,1.9750504398804075e-05,-0.012641736368702102,0.8333333333333333,0.5
2024-11-26 00:00:00+00:00,0.003092217261514412,0.0,0.00017457,1.9663027146214307e-05,0.0032864502886606264,0.8333333333333333,0.5
2024-11-27 00:00:00+00:00,0.008262910769470277,0.0,0.00018177166666666665,1.9663027146214307e-05,0.008464345463283158,0.8333333333333333,0.5
2024-11-28 00:00:00+00:00,0.014970733403942855,0.0,0.000228365,1.9663027146214307e-05,0.015218761431089068,0.8333333333333333,0.5
2024-11-29 00:00:00+00:00,0.0246342453450427,0.0,0.0001612633333333333,1.961928225265494e-05,0.024815127960628687,0.8333333333333333,0.5
2024-11-30 00:00:00+00:00,0.0014331685265354492,0.0,0.00032496166666666666,1.961928225265494e-05,0.0017777494754547707,0.8333333333333333,0.5
2024-12-01 00:00:00+00:00,0.032310309064575125,0.00011666666666666667,0.0004275166666666666,0.0,0.03262115906457513,1.0,0.5
2024-12-02 00:00:00+00:00,0.05103330890746536,0.0,0.00020120999999999995,0.0,0.05123451890746536,1.0,0.5
2024-12-03 00:00:00+00:00,-0.015321722292139218,0.0,0.0007804916666666667,0.0,-0.014541230625472551,1.0,0.5
2024-12-04 00:00:00+00:00,-0.019194091626833533,0.0,0.0007931149999999998,0.0,-0.018400976626833532,1.0,0.5
2024-12-05 00:00:00+00:00,-0.012171029569959005,0.0,0.0004904799999999998,0.0,-0.011680549569959005,1.0,0.5
2024-12-06 00:00:00+00:00,0.0037992473996292415,0.0,0.0005745916666666666,0.0,0.004373839066295908,1.0,0.5
2024-12-07 00:00:00+00:00,-0.012158693365341033,0.0,0.0004583699999999999,0.0,-0.011700323365341034,1.0,0.5
2024-12-08 00:00:00+00:00,0.013126422894042845,0.0009333333333333333,0.0005725566666666666,1.2835847441081543e-20,0.012765646227376179,0.9999999999999999,0.5
2024-12-09 00:00:00+00:00,-0.006528987857698579,0.0,0.000340725,1.2806682413648436e-20,-0.006188262857698579,0.9999999999999999,0.5
2024-12-10 00:00:00+00:00,0.05564059729410096,0.0,-2.796666666666669e-05,1.277751459746877e-20,0.055612630627434295,0.9999999999999999,0.5
2024-12-11 00:00:00+00:00,-0.059764943333930245,0.0,0.0001432433333333333,1.2689994411199561e-20,-0.05962170000059691,0.9999999999999999,0.5
2024-12-12 00:00:00+00:00,-0.009001543770016163,0.0,0.00011281666666666665,1.2602449107081439e-20,-0.008888727103349496,0.9999999999999999,0.5
2024-12-13 00:00:00+00:00,-0.02888055822595858,0.0,9.062666666666668e-05,1.2602449107081439e-20,-0.028789931559291913,0.9999999999999999,0.5
2024-12-14 00:00:00+00:00,0.01725571604021011,0.0,0.00015958666666666664,1.2602449107081439e-20,0.017415302706876776,0.9999999999999999,0.5
2024-12-15 00:00:00+00:00,0.012822977484600963,0.0009333333333333333,1.3218333333333335e-05,1.2602449107081439e-20,0.011902862484600964,0.9999999999999999,0.5
2024-12-16 00:00:00+00:00,-0.0006264692117986907,0.0,7.767833333333333e-05,1.266081543475815e-20,-0.0005487908784653574,0.9999999999999999,0.5
2024-12-17 00:00:00+00:00,-0.007745802321684056,0.0,-9.893333333333336e-06,1.2689994411199561e-20,-0.007755695655017389,0.9999999999999999,0.5
2024-12-18 00:00:00+00:00,0.002673135776621316,0.0,-5.9363333333333335e-05,1.266081543475815e-20,0.0026137724432879826,0.9999999999999999,0.5
2024-12-19 00:00:00+00:00,-0.00136326916169314,0.0,1.925666666666666e-05,1.2602449107081439e-20,-0.0013440124950264735,0.9999999999999999,0.5
2024-12-20 00:00:00+00:00,0.017338533193327305,0.0,-6.410499999999998e-05,1.2602449107081439e-20,0.017274428193327307,0.9999999999999999,0.5
2024-12-21 00:00:00+00:00,0.013036058365015608,0.0,-0.00018203333333333333,1.2602449107081439e-20,0.012854025031682275,0.9999999999999999,0.5
2024-12-22 00:00:00+00:00,-0.017077420956271756,0.0009333333333333333,0.00033714,0.0,-0.01767361428960509,1.0,0.5
2024-12-23 00:00:00+00:00,-0.009666160644136909,0.0,0.00032550833333333334,0.0,-0.009340652310803575,1.0,0.5
2024-12-24 00:00:00+00:00,0.001482712919119833,0.0,0.00018411333333333334,0.0,0.0016668262524531662,1.0,0.5
2024-12-25 00:00:00+00:00,0.026821873558964107,0.0,0.000221575,0.0,0.02704344855896411,1.0,0.5
2024-12-26 00:00:00+00:00,0.008309152046051444,0.0,0.00021438500000000002,0.0,0.008523537046051443,1.0,0.5
2024-12-27 00:00:00+00:00,0.0036108561729168613,0.0,0.00032074,0.0,0.003931596172916861,1.0,0.5
2024-12-28 00:00:00+00:00,-0.004865960756315475,0.0,0.00013804833333333334,0.0,-0.004727912422982142,1.0,0.5
2024-12-29 00:00:00+00:00,0.03815459702984558,0.0008166666666666666,0.00016638833333333333,5.6230517025745996e-05,0.037560549213538,0.5,0.0
2024-12-30 00:00:00+00:00,-0.01767942692867045,0.0,0.00025945833333333333,5.675638510260761e-05,-0.01736321221023451,0.5,0.0
2024-12-31 00:00:00+00:00,-0.005278359281396379,0.0,0.00018434999999999998,5.675638510260761e-05,-0.005037252896293772,0.5,0.0
2025-01-01 00:00:00+00:00,-0.004140052174528286,0.0,0.00016259,5.675638510260761e-05,-0.0039207057894256785,0.5,0.0
2025-01-02 00:00:00+00:00,-0.03354324110874037,0.0,0.00019741166666666665,5.662493695368642e-05,-0.03328920450512002,0.5,0.0
2025-01-03 00:00:00+00:00,-0.04651007417397312,0.0,0.000170325,5.6362002917698106e-05,-0.04628338717105542,0.5,0.0
2025-01-04 00:00:00+00:00,0.015024689603645223,0.0,0.00021212666666666665,5.6362002917698106e-05,0.015293178273229588,0.5,0.0
2025-01-05 00:00:00+00:00,-0.0017981728881540362,0.0005833333333333333,0.00039493,1.2514878670643738e-20,-0.0019865762214873696,0.9999999999999999,0.5
2025-01-06 00:00:00+00:00,-0.009442341342108584,0.0,0.00024869,1.2544071609504089e-20,-0.009193651342108585,0.9999999999999999,0.5
2025-01-07 00:00:00+00:00,0.04557627565671398,0.0,0.00043591999999999996,1.2544071609504089e-20,0.04601219565671398,0.9999999999999999,0.5
2025-01-08 00:00:00+00:00,0.023065726951199888,0.0,0.00021857999999999998,1.2544071609504089e-20,0.023284306951199887,0.9999999999999999,0.5
2025-01-09 00:00:00+00:00,-0.014231175186833107,0.0,0.0004509383333333333,1.2544071609504089e-20,-0.013780236853499774,0.9999999999999999,0.5
2025-01-10 00:00:00+00:00,0.013189371028640613,0.0,0.00055171,1.2573261754786107e-20,0.013741081028640613,0.9999999999999999,0.5
2025-01-11 00:00:00+00:00,-0.00998911164007395,0.0,0.00030080166666666665,1.2573261754786107e-20,-0.009688309973407284,0.9999999999999999,0.5
2025-01-12 00:00:00+00:00,-0.009288946662525627,0.0007,-0.00011574166666666666,1.2573261754786107e-20,-0.010104688329192294,0.9999999999999999,0.5
2025-01-13 00:00:00+00:00,0.03351372956689417,0.0,-3.030833333333334e-05,1.2602449107081439e-20,0.03348342123356084,0.9999999999999999,0.5
2025-01-14 00:00:00+00:00,-0.016015223085647325,0.0,-0.0014256350000000002,1.2573261754786107e-20,-0.017440858085647326,0.9999999999999999,0.5
2025-01-15 00:00:00+00:00,0.023227573540084496,0.0,-0.0006176766666666666,1.2544071609504089e-20,0.02260989687341783,0.9999999999999999,0.5
2025-01-16 00:00:00+00:00,0.03733569214335404,0.0,-0.000745255,1.2544071609504089e-20,0.03659043714335404,0.9999999999999999,0.5
2025-01-17 00:00:00+00:00,-0.017253816133105244,0.0,-0.0009609800000000001,1.2514878670643738e-20,-0.018214796133105244,0.9999999999999999,0.5
2025-01-18 00:00:00+00:00,0.06032835781437469,0.0,-0.003354593333333334,1.2514878670643738e-20,0.056973764481041356,0.9999999999999999,0.5
2025-01-19 00:00:00+00:00,0.038833313188979555,0.0006999999999999999,-0.0006146783333333333,0.0,0.03751863485564622,1.0,0.5
2025-01-20 00:00:00+00:00,0.03965128452311041,0.0,0.00017666666666666663,0.0,0.039827951189777076,1.0,0.5
2025-01-21 00:00:00+00:00,0.013278234357869751,0.0,0.00024798833333333336,0.0,0.013526222691203085,1.0,0.5
2025-01-22 00:00:00+00:00,0.005653656585110504,0.0,0.00015837666666666664,0.0,0.005812033251777171,1.0,0.5
2025-01-23 00:00:00+00:00,-0.007824343264290748,0.0,5.046500000000001e-05,0.0,-0.007773878264290748,1.0,0.5
2025-01-24 00:00:00+00:00,0.030445823276505135,0.0,2.314500000000001e-05,0.0,0.030468968276505134,1.0,0.5
2025-01-25 00:00:00+00:00,0.011631457777452465,0.0,0.00011802666666666667,0.0,0.011749484444119131,1.0,0.5
2025-01-26 00:00:00+00:00,-0.00794191536633036,0.0,1.4945000000000007e-05,0.0,-0.007926970366330359,1.0,0.5
2025-01-27 00:00:00+00:00,0.01688600980404681,0.0,0.00016224166666666668,0.0,0.017048251470713476,1.0,0.5
2025-01-28 00:00:00+00:00,0.04800036585662838,0.0,5.295666666666668e-05,0.0,0.04805332252329505,1.0,0.5
2025-01-29 00:00:00+00:00,-0.03201019088899507,0.0,7.008833333333334e-05,0.0,-0.03194010255566174,1.0,0.5
2025-01-30 00:00:00+00:00,0.015541583120289304,0.0,3.577666666666667e-05,0.0,0.01557735978695597,1.0,0.5
2025-01-31 00:00:00+00:00,-0.03677080001695021,0.0,4.5523333333333325e-05,0.0,-0.03672527668361688,1.0,0.5
2025-02-01 00:00:00+00:00,0.04538671457018589,0.0,0.00012052000000000002,0.0,0.04550723457018589,1.0,0.5
2025-02-02 00:00:00+00:00,0.016341403154099522,0.0009333333333333333,7.870499999999999e-05,0.0,0.015486774820766188,1.0,0.5
2025-02-03 00:00:00+00:00,0.03571380179298374,0.0,2.8328333333333338e-05,0.0,0.03574213012631707,1.0,0.5
2025-02-04 00:00:00+00:00,0.005865544068723156,0.0,0.00018901666666666666,0.0,0.0060545607353898225,1.0,0.5
2025-02-05 00:00:00+00:00,-0.020957787027906256,0.0,0.00014858500000000001,0.0,-0.020809202027906256,1.0,0.5
2025-02-06 00:00:00+00:00,0.02708687993086363,0.0,7.330000000000003e-06,0.0,0.02709420993086363,1.0,0.5
2025-02-07 00:00:00+00:00,0.01735026767988005,0.0,3.5533333333333304e-06,0.0,0.017353821013213384,1.0,0.5
2025-02-08 00:00:00+00:00,-0.029740659675404034,0.0,8.5635e-05,0.0,-0.029655024675404033,1.0,0.5
2025-02-09 00:00:00+00:00,0.04299731233741584,0.0008166666666666667,0.00011040166666666667,5.688782067525544e-05,0.0423479351580911,0.5,0.0
2025-02-10 00:00:00+00:00,-0.051371236831824055,0.0,0.00016311,5.675638510260761e-05,-0.051151370446721446,0.5,0.0
2025-02-11 00:00:00+00:00,0.003900476531316939,0.0,3.5023333333333334e-05,5.675638510260761e-05,0.00399225624975288,0.5,0.0
2025-02-12 00:00:00+00:00,0.0069983422544677145,0.0,-8.754999999999999e-05,5.675638510260761e-05,0.0069675486395703225,0.5,0.0
2025-02-13 00:00:00+00:00,0.05000320863464223,0.0,2.166666666666674e-06,5.662493695368642e-05,0.05006200023826258,0.5,0.0
2025-02-14 00:00:00+00:00,-0.04867483182964119,0.0,0.00013893666666666668,5.662493695368642e-05,-0.04847927022602084,0.5,0.0
2025-02-15 00:00:00+00:00,0.06244488735527588,0.0,-0.00014390666666666666,5.662493695368642e-05,0.062357605625562904,0.5,0.0
2025-02-16 00:00:00+00:00,-0.0032206608971542994,0.00011666666666666667,-0.0002503333333333333,3.774995796912429e-05,-0.0035499109391851752,0.6666666666666666,0.16666666666666666
2025-02-17 00:00:00+00:00,0.033914228753074295,0.0,-2.9088333333333324e-05,3.774995796912429e-05,0.03392289037771008,0.6666666666666666,0.16666666666666666
2025-02-18 00:00:00+00:00,0.050973151704522074,0.0,0.00010468166666666666,3.783759006840508e-05,0.051115670961257145,0.6666666666666666,0.16666666666666666
2025-02-19 00:00:00+00:00,0.02735053769394376,0.0,8.941666666666667e-05,3.774995796912429e-05,0.027477704318579554,0.6666666666666666,0.16666666666666666
2025-02-20 00:00:00+00:00,-0.05602436267644795,0.0,0.000141035,3.766231748418096e-05,-0.05584566535896377,0.6666666666666666,0.16666666666666666
2025-02-21 00:00:00+00:00,0.013437020125478448,0.0,0.00010761666666666668,3.766231748418096e-05,0.013582299109629294,0.6666666666666666,0.16666666666666666
2025-02-22 00:00:00+00:00,-0.13505222751036716,0.0,7.483e-05,3.766231748418096e-05,-0.134939735192883,0.6666666666666666,0.16666666666666666
2025-02-23 00:00:00+00:00,-0.0062567153479684,0.00046666666666666666,-0.00044409500000000004,0.0,-0.007167477014635067,1.0,0.5
2025-02-24 00:00:00+00:00,0.022567231350863116,0.0,-0.00039331499999999993,0.0,0.022173916350863118,1.0,0.5
2025-02-25 00:00:00+00:00,-0.010520940837155584,0.0,-0.0004936483333333333,0.0,-0.011014589170488916,1.0,0.5
2025-02-26 00:00:00+00:00,-0.007976832710423112,0.0,-2.675999999999998e-05,0.0,-0.008003592710423113,1.0,0.5
2025-02-27 00:00:00+00:00,0.011926730561163983,0.0,-6.0609999999999984e-05,0.0,0.011866120561163984,1.0,0.5
2025-02-28 00:00:00+00:00,0.06495833887488675,0.0,-0.00020138833333333336,0.0,0.06475695054155342,1.0,0.5
2025-03-01 00:00:00+00:00,0.019913464691294937,0.0,-0.00012120166666666663,0.0,0.01979226302462827,1.0,0.5
2025-03-02 00:00:00+00:00,-0.13944099848432223,0.0007,0.00012411166666666666,0.0,-0.14001688681765556,1.0,0.5
2025-03-03 00:00:00+00:00,0.028086499760075694,0.0,0.00016242,0.0,0.028248919760075694,1.0,0.5
2025-03-04 00:00:00+00:00,0.016963386479193876,0.0,-4.79e-06,0.0,0.016958596479193875,1.0,0.5
2025-03-05 00:00:00+00:00,-0.07428411154610416,0.0,2.0549999999999998e-05,0.0,-0.07426356154610417,1.0,0.5
2025-03-06 00:00:00+00:00,-0.005585006402006318,0.0,0.00025322833333333336,0.0,-0.0053317780686729845,1.0,0.5
2025-03-07 00:00:00+00:00,0.0848450316327936,0.0,0.00011549333333333332,0.0,0.08496052496612692,1.0,0.5
2025-03-08 00:00:00+00:00,0.010543230264427734,0.0,-4.069499999999999e-05,0.0,0.010502535264427734,1.0,0.5
2025-03-09 00:00:00+00:00,-0.03642952308205211,0.0008166666666666667,0.00034343333333333335,1.8787334305899378e-05,-0.03688396908107954,0.8333333333333333,0.3333333333333333
2025-03-10 00:00:00+00:00,0.014065778498879595,0.0,0.00030238333333333336,1.8743505675248673e-05,0.014386905337888176,0.8333333333333333,0.3333333333333333
2025-03-11 00:00:00+00:00,-0.00209661955747283,0.0,0.00027282166666666666,1.8787334305899378e-05,-0.0018050105565002642,0.8333333333333333,0.3333333333333333
2025-03-12 00:00:00+00:00,-0.012906997363135199,0.0,0.00017182166666666668,1.8831158742090487e-05,-0.01271634453772644,0.8333333333333333,0.3333333333333333
2025-03-13 00:00:00+00:00,0.05468081309186164,0.0,0.0002526066666666667,1.8787334305899378e-05,0.05495220709283421,0.8333333333333333,0.3333333333333333
2025-03-14 00:00:00+00:00,0.011296006457932661,0.0,0.00049226,1.8787334305899378e-05,0.01180705379223856,0.8333333333333333,0.3333333333333333
2025-03-15 00:00:00+00:00,-0.0215624664567378,0.0,0.000207655,1.8787334305899378e-05,-0.0213360241224319,0.8333333333333333,0.3333333333333333
2025-03-16 00:00:00+00:00,-0.0303747613318297,0.0007,0.00011832166666666666,5.6362002917698106e-05,-0.030900077662245333,0.5,0.0
2025-03-17 00:00:00+00:00,-0.014899662735407122,0.0,0.000210755,5.6362002917698106e-05,-0.014632545732489424,0.5,0.0
2025-03-18 00:00:00+00:00,0.0737895393054866,0.0,-0.00010826166666666665,5.6362002917698106e-05,0.07373763964173763,0.5,0.0
2025-03-19 00:00:00+00:00,-0.0626957931845143,0.0,6.378333333333334e-05,5.6362002917698106e-05,-0.06257564784826328,0.5,0.0
2025-03-20 00:00:00+00:00,-0.018093214712762595,0.0,0.00010434,5.6230517025745996e-05,-0.017932644195736848,0.5,0.0
2025-03-21 00:00:00+00:00,-0.007031759413103076,0.0,9.684333333333331e-05,5.6230517025745996e-05,-0.006878685562743997,0.5,0.0
2025-03-22 00:00:00+00:00,0.00772962049669118,0.0,9.170333333333332e-05,5.6230517025745996e-05,0.007877554347050258,0.5,0.0
2025-03-23 00:00:00+00:00,0.06286635507635008,0.0005833333333333333,0.00020603166666666666,0.0,0.06248905340968341,1.0,0.5
2025-03-24 00:00:00+00:00,-0.07195990999234014,0.0,9.526e-05,0.0,-0.07186464999234014,1.0,0.5
2025-03-25 00:00:00+00:00,0.014903457374842128,0.0,0.00010660166666666667,0.0,0.015010059041508794,1.0,0.5
2025-03-26 00:00:00+00:00,0.026637110330172683,0.0,-2.4708333333333315e-05,0.0,0.026612401996839348,1.0,0.5
2025-03-27 00:00:00+00:00,0.007451178542694466,0.0,-0.00011559833333333333,0.0,0.007335580209361132,1.0,0.5
2025-03-28 00:00:00+00:00,0.0036528816149751786,0.0,-8.129166666666666e-05,0.0,0.003571589948308512,1.0,0.5
2025-03-29 00:00:00+00:00,0.0006814094615152921,0.0,7.884500000000002e-05,0.0,0.0007602544615152922,1.0,0.5
2025-03-30 00:00:00+00:00,-0.016300725299715525,0.0007,0.00016339166666666668,0.0,-0.01683733363304886,1.0,0.5
2025-03-31 00:00:00+00:00,0.040893085521406636,0.0,7.759166666666668e-05,0.0,0.040970677188073304,1.0,0.5
2025-04-01 00:00:00+00:00,0.030079869504160896,0.0,4.433666666666667e-05,0.0,0.03012420617082756,1.0,0.5
2025-04-02 00:00:00+00:00,0.008916449236613368,0.0,-3.3015e-05,0.0,0.008883434236613367,1.0,0.5
2025-04-03 00:00:00+00:00,0.00014249936527277463,0.0,0.00035400666666666667,0.0,0.0004965060319394413,1.0,0.5
2025-04-04 00:00:00+00:00,0.034097671601260725,0.0,0.00026834833333333333,0.0,0.03436601993459406,1.0,0.5
2025-04-05 00:00:00+00:00,-0.008427443017342717,0.0,0.00012711166666666668,0.0,-0.00830033135067605,1.0,0.5
2025-04-06 00:00:00+00:00,0.008187576496435481,0.0009333333333333333,-0.008014783333333332,3.7311671654623645e-05,-0.0007232284985765606,0.6666666666666666,0.16666666666666666
2025-04-07 00:00:00+00:00,0.042098290587833744,0.0,-0.0009396499999999998,3.7311671654623645e-05,0.04119595225948837,0.6666666666666666,0.16666666666666666
2025-04-08 00:00:00+00:00,0.029862188284530557,0.0,-0.0019539183333333334,3.748701135049733e-05,0.02794575696254772,0.6666666666666666,0.16666666666666666
2025-04-09 00:00:00+00:00,0.0407765047093947,0.0,-0.0008032716666666666,3.792521378350363e-05,0.04001115825651154,0.6666666666666666,0.16666666666666666
2025-04-10 00:00:00+00:00,0.0369823646002745,0.0,-0.0011564883333333334,3.774995796912429e-05,0.035863626224910294,0.6666666666666666,0.16666666666666666
2025-04-11 00:00:00+00:00,0.00705600102790046,0.0,-0.0017501133333333333,3.783759006840508e-05,0.005343725284635532,0.6666666666666666,0.16666666666666666
2025-04-12 00:00:00+00:00,-0.009179022346680998,0.0,-0.0025050766666666665,3.783759006840508e-05,-0.01164626142327926,0.6666666666666666,0.16666666666666666
2025-04-13 00:00:00+00:00,0.018924911373281526,0.00046666666666666666,-0.0006954916666666668,1.2602449107081439e-20,0.017762753039948193,0.9999999999999999,0.5
2025-04-14 00:00:00+00:00,0.03770855643326926,0.0,-0.0007930083333333334,1.2573261754786107e-20,0.03691554809993593,0.9999999999999999,0.5
2025-04-15 00:00:00+00:00,-0.020883987414108275,0.0,-0.00015161166666666665,1.2573261754786107e-20,-0.02103559908077494,0.9999999999999999,0.5
2025-04-16 00:00:00+00:00,0.03702117935536514,0.0,-0.00035132499999999993,1.2544071609504089e-20,0.03666985435536514,0.9999999999999999,0.5
2025-04-17 00:00:00+00:00,-0.0181015258551717,0.0,-0.00044833499999999985,1.2602449107081439e-20,-0.018549860855171702,0.9999999999999999,0.5
2025-04-18 00:00:00+00:00,-0.02614367920821888,0.0,-0.0002299016666666667,1.2602449107081439e-20,-0.026373580874885547,0.9999999999999999,0.5
2025-04-19 00:00:00+00:00,0.016200405808804885,0.0,-0.000348015,1.2602449107081439e-20,0.015852390808804885,0.9999999999999999,0.5
2025-04-20 00:00:00+00:00,0.011634127304718926,0.00046666666666666666,-0.00021826333333333335,1.2602449107081439e-20,0.010949197304718926,0.9999999999999999,0.5
2025-04-21 00:00:00+00:00,0.00951820848811069,0.0,-7.310833333333337e-05,1.2573261754786107e-20,0.009445100154777356,0.9999999999999999,0.5
2025-04-22 00:00:00+00:00,0.03183117657873136,0.0,-7.976666666666666e-05,1.2573261754786107e-20,0.03175140991206469,0.9999999999999999,0.5
2025-04-23 00:00:00+00:00,-0.024844172428757267,0.0,-6.168166666666666e-05,1.2573261754786107e-20,-0.024905854095423934,0.9999999999999999,0.5
2025-04-24 00:00:00+00:00,-0.018147353632985527,0.0,-5.0818333333333334e-05,1.2544071609504089e-20,-0.01819817196631886,0.9999999999999999,0.5
2025-04-25 00:00:00+00:00,-0.009106151208728392,0.0,-0.00026904666666666664,1.2544071609504089e-20,-0.009375197875395059,0.9999999999999999,0.5
2025-04-26 00:00:00+00:00,-0.02848704211091263,0.0,-0.0003355666666666666,1.2544071609504089e-20,-0.028822608777579296,0.9999999999999999,0.5
2025-04-27 00:00:00+00:00,-0.0002737376376214899,0.0007,-0.00022161,3.766231748418096e-05,-0.001157685320137309,0.6666666666666666,0.5
2025-04-28 00:00:00+00:00,-0.0026739513875464653,0.0,9.138500000000001e-05,3.757466861179874e-05,-0.002544991718934667,0.6666666666666666,0.5
2025-04-29 00:00:00+00:00,-0.01592813422285383,0.0,0.00015818166666666666,3.757466861179874e-05,-0.015732377887575363,0.6666666666666666,0.5
2025-04-30 00:00:00+00:00,0.03401080202271332,0.0,-7.695833333333335e-05,3.757466861179874e-05,0.03397141835799178,0.6666666666666666,0.5
2025-05-01 00:00:00+00:00,-0.017330816209604045,0.0,3.251333333333331e-05,3.757466861179874e-05,-0.01726072820765891,0.6666666666666666,0.5
2025-05-02 00:00:00+00:00,0.006194101535916614,0.0,0.00017871166666666669,3.774995796912429e-05,0.006410563160552405,0.6666666666666666,0.5
2025-05-03 00:00:00+00:00,-0.04482230913956914,0.0,0.0005231666666666667,3.774995796912429e-05,-0.04426139251493335,0.6666666666666666,0.5
2025-05-04 00:00:00+00:00,-0.0013129965410490479,0.0011666666666666665,0.0013954199999999999,0.0,-0.0010842432077157146,1.0,0.5
2025-05-05 00:00:00+00:00,0.004623279623956179,0.0,0.0014473649999999997,0.0,0.006070644623956179,1.0,0.5
2025-05-06 00:00:00+00:00,-0.06852894744254114,0.0,0.02651836166666667,0.0,-0.042010585775874465,1.0,0.5
2025-05-07 00:00:00+00:00,-0.02750817303913668,0.0,0.01787824,0.0,-0.00962993303913668,1.0,0.5
2025-05-08 00:00:00+00:00,-0.03136277592154777,0.0,0.008940994999999998,0.0,-0.02242178092154777,1.0,0.5
2025-05-09 00:00:00+00:00,-0.03470943714325734,0.0,0.002675893333333333,0.0,-0.03203354380992401,1.0,0.5
2025-05-10 00:00:00+00:00,-0.06346844043527122,0.0,0.0016128,0.0,-0.061855640435271225,1.0,0.5
2025-05-11 00:00:00+00:00,0.009999964599089379,0.0008166666666666667,-0.0007635683333333334,1.8874978984562148e-05,0.00843860457807394,0.8333333333333333,0.5
2025-05-12 00:00:00+00:00,-0.011066345173024272,0.0,5.432166666666666e-05,1.9269172584213134e-05,-0.010992754333773393,0.8333333333333333,0.5
2025-05-13 00:00:00+00:00,0.012588190989315554,0.0,-5.424333333333333e-05,1.918160332662715e-05,0.012553129259308847,0.8333333333333333,0.5
2025-05-14 00:00:00+00:00,-0.0023543851022128264,0.0,-7.476499999999999e-05,1.918160332662715e-05,-0.0024099684988861995,0.8333333333333333,0.5
2025-05-15 00:00:00+00:00,0.0022398712616193417,0.0,-0.00012660999999999998,1.909401732006859e-05,0.00213235527893941,0.8333333333333333,0.5
2025-05-16 00:00:00+00:00,-0.0051221229447652354,0.0,-0.00010358499999999999,1.9006414558061152e-05,-0.005206701530207174,0.8333333333333333,0.5
2025-05-17 00:00:00+00:00,0.009177336601076799,0.0,-0.000190605,1.9006414558061152e-05,0.00900573801563486,0.8333333333333333,0.5
2025-05-18 00:00:00+00:00,0.01073355862526365,0.0005833333333333333,-0.000225345,0.0,0.009924880291930317,1.0,0.5
2025-05-19 00:00:00+00:00,-6.420376003205865e-05,0.0,-8.583333333333336e-06,0.0,-7.278709336539199e-05,1.0,0.5
2025-05-20 00:00:00+00:00,-0.015292858788339265,0.0,-5.8889999999999994e-05,0.0,-0.015351748788339266,1.0,0.5
2025-05-21 00:00:00+00:00,-0.012453615731666107,0.0001833333333333333,-0.0004195016666666666,0.0,-0.013056450731666109,1.0,0.5
2025-05-22 00:00:00+00:00,0.017245192111469354,0.0,1.5468333333333356e-05,1.9006414558061152e-05,0.01727966685936075,0.8333333333333333,0.3333333333333333
2025-05-23 00:00:00+00:00,-0.0010457928341209843,0.0,-0.00043,1.896260689175182e-05,-0.0014568302272292325,0.8333333333333333,0.3333333333333333
2025-05-24 00:00:00+00:00,-0.012158110206231662,0.0,-0.00044520166666666664,1.896260689175182e-05,-0.012584349266006578,0.8333333333333333,0.3333333333333333
2025-05-25 00:00:00+00:00,0.025505175730019203,0.00035,-0.0009471816666666666,0.0,0.024207994063352535,1.0,0.5
2025-05-26 00:00:00+00:00,0.005588019135134513,0.0,-0.0004864433333333333,0.0,0.005101575801801179,1.0,0.5
2025-05-27 00:00:00+00:00,-0.003595720190796254,0.0,-0.00020832833333333332,0.0,-0.0038040485241295874,1.0,0.5
2025-05-28 00:00:00+00:00,0.005025980071226546,0.0,-0.0005842333333333332,0.0,0.004441746737893213,1.0,0.5
2025-05-29 00:00:00+00:00,0.0008091570799780463,0.0,-0.0001922133333333333,0.0,0.0006169437466447131,1.0,0.5
2025-05-30 00:00:00+00:00,0.037972132372045574,0.0,-0.00039997333333333324,0.0,0.03757215903871224,1.0,0.5
2025-05-31 00:00:00+00:00,-0.011270901932984873,0.0,-0.0009079383333333332,0.0,-0.012178840266318207,1.0,0.5
2025-06-01 00:00:00+00:00,-0.013917184367039296,0.00035,-0.00017490666666666665,5.701924367418343e-05,-0.014385071790031779,0.5,0.0
2025-06-02 00:00:00+00:00,-0.008445476053811666,0.0,-1.8381666666666654e-05,5.701924367418343e-05,-0.008406838476804148,0.5,0.0
2025-06-03 00:00:00+00:00,-4.656438862001445e-05,0.0,0.00013551166666666667,5.688782067525544e-05,0.00014583509872190766,0.5,0.0
2025-06-04 00:00:00+00:00,0.02064228995030744,0.0,8.496333333333334e-05,5.701924367418343e-05,0.02078427252731496,0.5,0.0
2025-06-05 00:00:00+00:00,0.04514702685358252,0.0,-7.894999999999998e-06,5.701924367418343e-05,0.0451961510972567,0.5,0.0
2025-06-06 00:00:00+00:00,-0.015649100426896784,0.0,-0.0004716833333333333,5.701924367418343e-05,-0.016063764516555935,0.5,0.0
2025-06-07 00:00:00+00:00,-0.015325550538495639,0.0,5.533000000000001e-05,5.701924367418343e-05,-0.015213201294821456,0.5,0.0
2025-06-08 00:00:00+00:00,-0.004947219037721495,0.0010500000000000002,0.00018377999999999998,0.0,-0.005813439037721496,1.0,0.5
2025-06-09 00:00:00+00:00,-0.01361763877091519,0.0,0.00016486999999999999,0.0,-0.013452768770915191,1.0,0.5
2025-06-10 00:00:00+00:00,-0.019814450609329994,0.0,0.00017806833333333332,0.0,-0.01963638227599666,1.0,0.5
2025-06-11 00:00:00+00:00,-0.012132147714104443,0.0,0.00013842333333333336,0.0,-0.01199372438077111,1.0,0.5
2025-06-12 00:00:00+00:00,-0.00284962767477988,0.0,0.0009240549999999999,0.0,-0.00192557267477988,1.0,0.5
2025-06-13 00:00:00+00:00,-0.0037342789458977834,0.0,0.00023440666666666666,0.0,-0.0034998722792311168,1.0,0.5
2025-06-14 00:00:00+00:00,0.006162117805949238,0.0,7.056166666666666e-05,0.0,0.006232679472615904,1.0,0.5
2025-06-15 00:00:00+00:00,-0.0017475281588008227,0.0011666666666666668,-9.488833333333332e-05,3.810043606774135e-05,-0.0029709827227330813,0.6666666666666666,0.16666666666666666
2025-06-16 00:00:00+00:00,0.0007527381558154652,0.0,8.369666666666667e-05,3.792521378350363e-05,0.0008743600362656356,0.6666666666666666,0.16666666666666666
2025-06-17 00:00:00+00:00,0.023189385571317868,0.0,7.131166666666668e-05,3.783759006840508e-05,0.02329853482805294,0.6666666666666666,0.16666666666666666
2025-06-18 00:00:00+00:00,-0.004540981934688214,0.0,-1.730666666666666e-05,3.783759006840508e-05,-0.004520451011286475,0.6666666666666666,0.16666666666666666
2025-06-19 00:00:00+00:00,0.005009422901886698,0.0,-2.5838333333333333e-05,3.783759006840508e-05,0.00502142215862177,0.6666666666666666,0.16666666666666666
2025-06-20 00:00:00+00:00,0.007682854856471633,0.0,-0.00018138666666666663,3.766231748418096e-05,0.007539130507289147,0.6666666666666666,0.16666666666666666
2025-06-21 00:00:00+00:00,0.0177559986525115,0.0,-0.0004519866666666666,3.766231748418096e-05,0.017341674303329016,0.6666666666666666,0.16666666666666666
2025-06-22 00:00:00+00:00,0.024346885248090252,0.00035,-0.00022305499999999994,5.649347622627143e-05,0.023830323724316524,0.5,0.0
2025-06-23 00:00:00+00:00,-0.06967166337101638,0.0,-3.798e-05,5.6230517025745996e-05,-0.06965341285399064,0.5,0.0
2025-06-24 00:00:00+00:00,0.003848810311412246,0.0,7.025500000000001e-05,5.6230517025745996e-05,0.003975295828437992,0.5,0.0
2025-06-25 00:00:00+00:00,0.027782940612267007,0.0,-0.0004609766666666666,5.6230517025745996e-05,0.027378194462626085,0.5,0.0
2025-06-26 00:00:00+00:00,0.015833659246389443,0.0,-0.00025867666666666664,5.649347622627143e-05,0.01563147605594905,0.5,0.0
2025-06-27 00:00:00+00:00,-0.026289726971557587,0.0,-0.00012654000000000002,5.6362002917698106e-05,-0.02635990496863989,0.5,0.0
2025-06-28 00:00:00+00:00,-0.02085916690812776,0.0,-1.1633333333333397e-06,5.6362002917698106e-05,-0.020803968238543392,0.5,0.0
2025-06-29 00:00:00+00:00,-0.0172084805142458,0.0005833333333333333,2.6349999999999976e-06,0.0,-0.017789178847579135,1.0,0.5
2025-06-30 00:00:00+00:00,0.02612873283966325,0.0,-3.0114999999999992e-05,0.0,0.02609861783966325,1.0,0.5
2025-07-01 00:00:00+00:00,4.6227656782363985e-05,0.0,-3.912666666666667e-05,0.0,7.100990115697312e-06,1.0,0.5
2025-07-02 00:00:00+00:00,-0.0400719122757371,0.0,-1.6726666666666657e-05,0.0,-0.04008863894240377,1.0,0.5
2025-07-03 00:00:00+00:00,0.0012238291137907087,0.0,-0.000648155,0.0,0.0005756741137907087,1.0,0.5
2025-07-04 00:00:00+00:00,0.01540875881263154,0.0,-0.000138975,0.0,0.01526978381263154,1.0,0.5
2025-07-05 00:00:00+00:00,-0.00018779165699156497,0.0,-0.0006020716666666667,0.0,-0.0007898633236582316,1.0,0.5
2025-07-06 00:00:00+00:00,-0.009740087905532897,0.0011666666666666665,0.0008907216666666667,0.0,-0.010016032905532896,1.0,0.5
2025-07-07 00:00:00+00:00,0.00827007844835816,0.0,0.00081615,0.0,0.00908622844835816,1.0,0.5
2025-07-08 00:00:00+00:00,0.0020329539260503697,0.0,0.00016791999999999995,0.0,0.0022008739260503695,1.0,0.5
2025-07-09 00:00:00+00:00,-0.01987802265509971,0.0,0.00047416666666666663,0.0,-0.01940385598843304,1.0,0.5
2025-07-10 00:00:00+00:00,-0.02662402273760833,0.0,0.0013151183333333333,0.0,-0.025308904404274996,1.0,0.5
2025-07-11 00:00:00+00:00,0.024108156660556913,0.0,0.00027585166666666667,0.0,0.02438400832722358,1.0,0.5
2025-07-12 00:00:00+00:00,0.017471964993707217,0.0,0.001118385,0.0,0.018590349993707216,1.0,0.5
2025-07-13 00:00:00+00:00,0.029024888241740356,0.0008166666666666667,-0.00012696333333333333,5.701924367418343e-05,0.028138277485414538,0.5,0.5
2025-07-14 00:00:00+00:00,0.043312765359576524,0.0,-0.00020788666666666665,5.715065410161202e-05,0.04316202934701147,0.5,0.5
2025-07-15 00:00:00+00:00,-0.013225335100169506,0.0,-0.000342615,5.701924367418343e-05,-0.013510930856495322,0.5,0.5
2025-07-16 00:00:00+00:00,0.007202230007587924,0.0,-0.00021306666666666668,5.688782067525544e-05,0.0070460511615965124,0.5,0.5
2025-07-17 00:00:00+00:00,-0.012234023701853225,0.0,-0.000313025,5.688782067525544e-05,-0.01249016088117797,0.5,0.5
2025-07-18 00:00:00+00:00,-0.009282844304569418,0.0,-0.0004017883333333333,5.688782067525544e-05,-0.009627744817227496,0.5,0.5
2025-07-19 00:00:00+00:00,0.010436446287390745,0.0,-0.00018280833333333334,5.688782067525544e-05,0.010310525774732668,0.5,0.5
2025-07-20 00:00:00+00:00,0.005367211905417151,0.00046666666666666666,-0.0001620183333333333,5.688782067525544e-05,0.004795414726092407,0.5,0.5
2025-07-21 00:00:00+00:00,0.006616159864150058,0.0,-9.585666666666668e-05,5.688782067525544e-05,0.006577191018158647,0.5,0.5
2025-07-22 00:00:00+00:00,-0.00468758175347415,0.0,-9.587833333333333e-05,5.688782067525544e-05,-0.004726572266132227,0.5,0.5
2025-07-23 00:00:00+00:00,-0.05800463959754304,0.0,-7.373166666666667e-05,5.701924367418343e-05,-0.05802135202053552,0.5,0.5
2025-07-24 00:00:00+00:00,-0.004984898545669932,0.0,0.0002579016666666666,5.701924367418343e-05,-0.0046699776353290815,0.5,0.5
2025-07-25 00:00:00+00:00,0.034771486203330496,0.0,-4.1736666666666676e-05,5.701924367418343e-05,0.03478676878033801,0.5,0.5
2025-07-26 00:00:00+00:00,0.02085838302871675,0.0,-0.00015000000000000001,5.701924367418343e-05,0.02076540227239093,0.5,0.5
2025-07-27 00:00:00+00:00,0.026415513000071795,0.00046666666666666666,-0.00014700166666666668,5.701924367418343e-05,0.025858863910412644,0.5,0.5
2025-07-28 00:00:00+00:00,-0.020366653988553158,0.0,-0.00016343166666666666,5.688782067525544e-05,-0.02047319783454457,0.5,0.5
2025-07-29 00:00:00+00:00,-0.01932366970438705,0.0,-0.00014082333333333334,5.688782067525544e-05,-0.01940760521704513,0.5,0.5
2025-07-30 00:00:00+00:00,0.006864532002756108,0.0,-2.1253333333333335e-05,5.701924367418343e-05,0.006900297913096958,0.5,0.5
2025-07-31 00:00:00+00:00,-0.02652129033504317,0.0,0.00010167833333333335,5.688782067525544e-05,-0.02636272418103458,0.5,0.5
2025-08-01 00:00:00+00:00,-0.012184503231231898,0.0,0.0003964633333333333,5.6230517025745996e-05,-0.011731809380872819,0.5,0.5
2025-08-02 00:00:00+00:00,-0.026203305775093184,0.0,0.00047630666666666666,5.6230517025745996e-05,-0.025670768591400772,0.5,0.5
2025-08-03 00:00:00+00:00,0.029224731096459546,0.0008166666666666667,0.0008575049999999999,0.0,0.02926556942979288,1.0,0.5
2025-08-04 00:00:00+00:00,0.0168059130011566,0.0,0.0006460499999999998,0.0,0.0174519630011566,1.0,0.5
2025-08-05 00:00:00+00:00,0.0066323361066835465,0.0,0.00028819666666666664,0.0,0.006920532773350213,1.0,0.5
2025-08-06 00:00:00+00:00,0.011438691636982336,0.0,0.0003720183333333333,0.0,0.011810709970315669,1.0,0.5
2025-08-07 00:00:00+00:00,-0.010458845215442525,0.0,0.0003497566666666666,0.0,-0.010109088548775859,1.0,0.5
2025-08-08 00:00:00+00:00,-0.0057489907608725965,0.0,0.0005636700000000001,0.0,-0.005185320760872596,1.0,0.5
2025-08-09 00:00:00+00:00,0.009060335096044632,0.0,0.00019414166666666666,0.0,0.009254476762711298,1.0,0.5
2025-08-10 00:00:00+00:00,0.0202807338937816,0.00023333333333333333,0.00021477,0.0,0.020262170560448267,1.0,0.5
2025-08-11 00:00:00+00:00,0.028030604940318803,0.0,0.00025267666666666666,0.0,0.02828328160698547,1.0,0.5
2025-08-12 00:00:00+00:00,-0.06243941828002687,0.0,0.00032276333333333327,0.0,-0.06211665494669354,1.0,0.5
2025-08-13 00:00:00+00:00,-0.025293069380028805,0.0,0.0004691783333333334,0.0,-0.02482389104669547,1.0,0.5
2025-08-14 00:00:00+00:00,0.013349617079214345,0.0,0.00021664333333333333,0.0,0.013566260412547678,1.0,0.5
2025-08-15 00:00:00+00:00,0.00964299382623977,0.0,0.00020788499999999994,0.0,0.00985087882623977,1.0,0.5
2025-08-16 00:00:00+00:00,-0.004845451032964538,0.0,5.795666666666666e-05,0.0,-0.004787494366297871,1.0,0.5
2025-08-17 00:00:00+00:00,0.015813498248472113,0.0007,0.0001028,1.2281234527856738e-20,0.015216298248472114,0.9999999999999999,0.5
2025-08-18 00:00:00+00:00,0.01761766634020871,0.0,-0.000246675,1.233966234307484e-20,0.01737099134020871,0.9999999999999999,0.5
2025-08-19 00:00:00+00:00,-0.0013440301885554989,0.0,-1.7216666666666667e-05,1.2281234527856738e-20,-0.0013612468552221656,0.9999999999999999,0.5
2025-08-20 00:00:00+00:00,-0.006931706293328843,0.0,-0.00042621833333333334,1.2281234527856738e-20,-0.007357924626662176,0.9999999999999999,0.5
2025-08-21 00:00:00+00:00,0.006459549090935749,0.0,-1.0278333333333326e-05,1.233966234307484e-20,0.006449270757602416,0.9999999999999999,0.5
2025-08-22 00:00:00+00:00,0.023681305593527914,0.0,4.6195e-05,1.2222795519170778e-20,0.023727500593527913,0.9999999999999999,0.5
2025-08-23 00:00:00+00:00,0.004838182194487357,0.0,0.0002594283333333333,1.2222795519170778e-20,0.00509761052782069,0.9999999999999999,0.5
2025-08-24 00:00:00+00:00,0.007640468990925223,0.00023333333333333333,-0.00022238500000000002,0.0,0.007184750657591889,1.0,0.5
2025-08-25 00:00:00+00:00,-0.035294711796453104,0.0,-0.0034939100000000002,0.0,-0.03878862179645311,1.0,0.5
2025-08-26 00:00:00+00:00,0.016231200559443916,0.0,-0.003027046666666666,0.0,0.01320415389277725,1.0,0.5
2025-08-27 00:00:00+00:00,-0.0011857302582357048,0.0,-0.002416448333333333,0.0,-0.003602178591569038,1.0,0.5
2025-08-28 00:00:00+00:00,0.03036502570689901,0.0,-0.0016598833333333332,0.0,0.028705142373565674,1.0,0.5
2025-08-29 00:00:00+00:00,-0.03306980536592474,0.0,-0.001527065,0.0,-0.034596870365924744,1.0,0.5
2025-08-30 00:00:00+00:00,0.010290097376339458,0.0,-0.0009379333333333333,0.0,0.009352164043006124,1.0,0.5
2025-08-31 00:00:00+00:00,0.010842317109806356,0.0006999999999999999,-0.0006124199999999999,0.0,0.009529897109806356,1.0,0.5
2025-09-01 00:00:00+00:00,0.0034452424925859506,0.0,-0.000979315,0.0,0.002465927492585951,1.0,0.5
2025-09-02 00:00:00+00:00,0.0005554981895253656,0.0,-0.0004364149999999999,0.0,0.00011908318952536575,1.0,0.5
2025-09-03 00:00:00+00:00,-0.010333842983035225,0.0,-0.00067887,0.0,-0.011012712983035225,1.0,0.5
2025-09-04 00:00:00+00:00,-0.0010276229093614218,0.0,-0.0020681316666666663,0.0,-0.003095754576028088,1.0,0.5
2025-09-05 00:00:00+00:00,-0.005124183739443918,0.0,-0.0010909483333333334,0.0,-0.006215132072777251,1.0,0.5
2025-09-06 00:00:00+00:00,0.0025637582837515493,0.0,-0.00031951500000000003,0.0,0.002244243283751549,1.0,0.5
2025-09-07 00:00:00+00:00,-0.2827124941556406,0.0009333333333333333,0.0014533566666666666,0.0,-0.28219247082230725,1.0,0.5
2025-09-08 00:00:00+00:00,-0.5296931111467353,0.0,-0.0039637983333333324,0.0,-0.5336569094800687,1.0,0.5
2025-09-09 00:00:00+00:00,-0.014517085077587644,0.0,-0.027463724999999998,0.0,-0.04198081007758764,1.0,0.5
2025-09-10 00:00:00+00:00,-0.008363267724804703,0.0,-0.019899118333333334,0.0,-0.028262386058138037,1.0,0.5
2025-09-11 00:00:00+00:00,0.04820833307411398,0.0,-0.017701566666666665,0.0,0.030506766407447313,1.0,0.5
2025-09-12 00:00:00+00:00,-0.0008537155009349375,0.0,-0.021103186666666662,0.0,-0.0219569021676016,1.0,0.5
2025-09-13 00:00:00+00:00,0.0674366862026763,0.0,0.00037162999999999996,0.0,0.0678083162026763,1.0,0.5
2025-09-14 00:00:00+00:00,0.0022372848576472197,0.0011666666666666665,-0.0008833299999999999,0.0,0.00018728819098055328,1.0,0.5
2025-09-15 00:00:00+00:00,0.01946096325042986,0.0,-0.0006904416666666665,0.0,0.018770521583763192,1.0,0.5
2025-09-16 00:00:00+00:00,-0.002783824386368741,0.0,-0.0013038733333333333,0.0,-0.004087697719702074,1.0,0.5
2025-09-17 00:00:00+00:00,0.07831670009359375,0.0,0.016210933333333333,0.0,0.09452763342692708,1.0,0.5
2025-09-18 00:00:00+00:00,-0.05550856669227472,0.0,0.006086646666666667,0.0,-0.04942192002560805,1.0,0.5
2025-09-19 00:00:00+00:00,-0.032152664987685486,0.0,-0.0002049233333333333,0.0,-0.03235758832101882,1.0,0.5
2025-09-20 00:00:00+00:00,-0.020612612228986894,0.0,-0.00078279,0.0,-0.021395402228986893,1.0,0.5
2025-09-21 00:00:00+00:00,-0.0025377113401069754,0.00046666666666666666,-8.020333333333331e-05,0.0,-0.003084581340106975,1.0,0.5
2025-09-22 00:00:00+00:00,0.02025654259672257,0.0,-0.00014954999999999998,0.0,0.02010699259672257,1.0,0.5
2025-09-23 00:00:00+00:00,0.01003469152919027,0.0,-0.000107955,0.0,0.00992673652919027,1.0,0.5
2025-09-24 00:00:00+00:00,-0.02298936813809251,0.0,4.6786666666666664e-05,0.0,-0.022942581471425843,1.0,0.5
2025-09-25 00:00:00+00:00,0.0039691927566332125,0.0,8.488833333333332e-05,0.0,0.004054081089966546,1.0,0.5
2025-09-26 00:00:00+00:00,0.008060253895309842,0.0,-0.00014656999999999995,0.0,0.007913683895309841,1.0,0.5
2025-09-27 00:00:00+00:00,0.059791215503178084,0.0,-0.0001803916666666667,0.0,0.059610823836511416,1.0,0.5
2025-09-28 00:00:00+00:00,0.027594863271817923,0.00046666666666666666,-0.00019539666666666667,0.0,0.02693279993848459,1.0,0.5
2025-09-29 00:00:00+00:00,0.008738006997443037,0.0,-0.0003984233333333333,0.0,0.008339583664109704,1.0,0.5
2025-09-30 00:00:00+00:00,0.004966211009536203,0.0,0.0004841583333333332,0.0,0.005450369342869537,1.0,0.5
2025-10-01 00:00:00+00:00,-0.0027253064737586055,0.0,0.009216466666666662,0.0,0.006491160192908057,1.0,0.5
2025-10-02 00:00:00+00:00,-0.07404174802067279,0.0,0.00828348,0.0,-0.06575826802067279,1.0,0.5
2025-10-03 00:00:00+00:00,-0.019198468175975536,0.0,0.006522953333333334,0.0,-0.012675514842642201,1.0,0.5
2025-10-04 00:00:00+00:00,-0.04928654846073334,0.0,0.0015400849999999998,0.0,-0.04774646346073334,1.0,0.5
2025-10-05 00:00:00+00:00,0.05436523057633197,0.0014,-0.0026837149999999997,0.0,0.05028151557633197,1.0,0.5
2025-10-06 00:00:00+00:00,-0.01824517761453305,0.0,-0.0017499783333333333,0.0,-0.019995155947866383,1.0,0.5
2025-10-07 00:00:00+00:00,0.02463626749883535,0.0,-0.0012828483333333332,0.0,0.02335341916550202,1.0,0.5
2025-10-08 00:00:00+00:00,-0.015349315160365229,0.0,-0.00038625499999999995,0.0,-0.01573557016036523,1.0,0.5
2025-10-09 00:00:00+00:00,0.0009257912002551532,0.0,-0.00034720666666666666,0.0,0.0005785845335884866,1.0,0.5
2025-10-10 00:00:00+00:00,0.08016882446665821,0.0,-0.0002808,0.0,0.07988802446665821,1.0,0.5
2025-10-11 00:00:00+00:00,-0.08186781603617316,0.0,-0.00104285,0.0,-0.08291066603617316,1.0,0.5
2025-10-12 00:00:00+00:00,-0.013234835962863328,0.00046666666666666666,-0.00022152666666666666,3.4589604973600536e-05,-0.01388843969122306,0.6666666666666666,0.16666666666666666
2025-10-13 00:00:00+00:00,-0.03062817812175977,0.0,-0.0002535366666666666,3.4589604973600536e-05,-0.030847125183452836,0.6666666666666666,0.16666666666666666
2025-10-14 00:00:00+00:00,0.019339163390515186,0.0,1.4861666666666667e-05,3.4501661527889624e-05,0.019388526718709744,0.6666666666666666,0.16666666666666666
2025-10-15 00:00:00+00:00,0.009873431678572594,0.0,0.00014309166666666667,3.4677539975399206e-05,0.01005120088521466,0.6666666666666666,0.16666666666666666
2025-10-16 00:00:00+00:00,0.025995974863153394,0.0,8.427333333333335e-05,3.4589604973600536e-05,0.026114837801460327,0.6666666666666666,0.16666666666666666
2025-10-17 00:00:00+00:00,0.009510526329787586,0.0,0.000126155,3.441370963671216e-05,0.009671095039424298,0.6666666666666666,0.16666666666666666
2025-10-18 00:00:00+00:00,-0.010273982856055278,0.0,0.00017577666666666663,3.441370963671216e-05,-0.010063792479751898,0.6666666666666666,0.16666666666666666
2025-10-19 00:00:00+00:00,0.013872185846456032,0.0,0.00014660499999999998,3.441370963671216e-05,0.014053204556092744,0.6666666666666666,0.16666666666666666
2025-10-20 00:00:00+00:00,0.0031918020637537823,0.0,0.00020748666666666664,3.414980327365314e-05,0.003433438533694102,0.6666666666666666,0.16666666666666666
2025-10-21 00:00:00+00:00,-0.00918530154984463,0.0,3.8901666666666654e-05,3.406181758410417e-05,-0.009112338065593858,0.6666666666666666,0.16666666666666666
2025-10-22 00:00:00+00:00,0.045008463044784786,0.0,-5.289833333333333e-05,3.406181758410417e-05,0.044989626529035556,0.6666666666666666,0.16666666666666666
2025-10-23 00:00:00+00:00,-0.013911869604375644,0.0,-2.1439999999999998e-05,3.406181758410417e-05,-0.013899247786791538,0.6666666666666666,0.16666666666666666
2025-10-24 00:00:00+00:00,-0.044511998980042614,0.0,0.0003092483333333333,3.37978097869988e-05,-0.044168952836922286,0.6666666666666666,0.16666666666666666
2025-10-25 00:00:00+00:00,0.007026517689333081,0.0,0.00020763833333333335,3.37978097869988e-05,0.007267953832453414,0.6666666666666666,0.16666666666666666
2025-10-26 00:00:00+00:00,-0.00500846565129535,0.00035,0.0002909816666666667,5.069671468049819e-05,-0.005016787269948185,0.5,0.0
2025-10-27 00:00:00+00:00,0.044743438745720024,0.0,0.0002833383333333334,5.016852144601458e-05,0.04507694560049937,0.5,0.0
2025-10-28 00:00:00+00:00,0.006983149562297638,0.0,6.815e-05,5.016852144601458e-05,0.007101468083743653,0.5,0.0
2025-10-29 00:00:00+00:00,0.022740978193014717,0.0,8.665833333333333e-05,5.069671468049819e-05,0.02287833324102855,0.5,0.0
2025-10-30 00:00:00+00:00,0.05242857732073419,0.0,8.705333333333333e-05,5.0564685409648646e-05,0.05256619533947718,0.5,0.0
2025-10-31 00:00:00+00:00,0.008311461640615378,0.0,0.00012803833333333334,5.016852144601458e-05,0.008489668495394726,0.5,0.0
2025-11-01 00:00:00+00:00,-0.06612631642205853,0.0,0.00013514833333333332,5.016852144601458e-05,-0.06594099956727918,0.5,0.0
2025-11-02 00:00:00+00:00,-0.04133631821491823,0.0008166666666666667,0.0005587583333333333,0.0,-0.04159422654825157,1.0,0.5
2025-11-03 00:00:00+00:00,0.05744558379503071,0.0,0.0005267,0.0,0.05797228379503071,1.0,0.5
2025-11-04 00:00:00+00:00,0.2062639105904602,0.0,-0.0005348250000000001,0.0,0.20572908559046021,1.0,0.5
2025-11-05 00:00:00+00:00,-0.0844233999769719,0.0,-0.0006842316666666665,0.0,-0.08510763164363856,1.0,0.5
2025-11-06 00:00:00+00:00,0.5739498930555785,0.0,0.012864745000000002,0.0,0.5868146380555785,1.0,0.5
2025-11-07 00:00:00+00:00,-0.02424139914690981,0.0,0.02768971,0.0,0.0034483108530901883,1.0,0.5
2025-11-08 00:00:00+00:00,-0.051007823299327446,0.0,0.0028665983333333333,0.0,-0.048141224965994114,1.0,0.5
2025-11-09 00:00:00+00:00,0.01470619305477492,0.00046666666666666666,0.008299973333333332,0.0,0.022539499721441585,1.0,0.5
2025-11-10 00:00:00+00:00,-0.13059394130173452,0.0,0.006105441666666667,0.0,-0.12448849963506785,1.0,0.5
2025-11-11 00:00:00+00:00,-0.0022620165495950886,0.0,0.0024874016666666665,0.0,0.00022538511707157795,1.0,0.5
2025-11-12 00:00:00+00:00,-0.00021228611916959336,0.0,0.00029602999999999997,0.0,8.374388083040661e-05,1.0,0.5
2025-11-13 00:00:00+00:00,0.04276399895253057,0.0,-0.0006104783333333333,0.0,0.04215352061919724,1.0,0.5
2025-11-14 00:00:00+00:00,-0.012904244965199409,0.0,-0.00115339,0.0,-0.01405763496519941,1.0,0.5
2025-11-15 00:00:00+00:00,-0.01617334373283543,0.0,-0.0018245366666666668,0.0,-0.0179978803995021,1.0,0.5
2025-11-16 00:00:00+00:00,0.014587384473965997,0.00011666666666666667,0.000482495,1.703090879205209e-05,0.014970243716091382,0.8333333333333333,0.3333333333333333
2025-11-17 00:00:00+00:00,-0.020546810239280858,0.0,0.00035453666666666666,1.703090879205209e-05,-0.02017524266382214,0.8333333333333333,0.3333333333333333
2025-11-18 00:00:00+00:00,-0.010364577774680177,0.0,0.00021651,1.694291042120267e-05,-0.010131124864258975,0.8333333333333333,0.3333333333333333
2025-11-19 00:00:00+00:00,0.04527704953560309,0.0,0.00047536999999999997,1.698691172043651e-05,0.04576940644732353,0.8333333333333333,0.3333333333333333
2025-11-20 00:00:00+00:00,0.036078094609845915,0.0,0.0003443550000000001,1.694291042120267e-05,0.036439392520267115,0.8333333333333333,0.3333333333333333
2025-11-21 00:00:00+00:00,-0.02792711682537265,0.0,0.00012072666666666666,1.6810881149538964e-05,-0.027789579277556445,0.8333333333333333,0.3333333333333333
2025-11-22 00:00:00+00:00,0.015361716079221618,0.0,6.785166666666668e-05,1.6810881149538964e-05,0.015446378627037825,0.8333333333333333,0.3333333333333333
2025-11-23 00:00:00+00:00,0.045075625069491046,0.0007,0.000583335,1.6810881149538964e-05,0.044975770950640585,0.8333333333333333,0.3333333333333333
2025-11-24 00:00:00+00:00,-0.031138410084112885,0.0,0.00028281166666666664,1.6810881149538964e-05,-0.03083878753629668,0.8333333333333333,0.3333333333333333
2025-11-25 00:00:00+00:00,-0.008037354338299108,0.0,0.0006892266666666666,1.676686293161645e-05,-0.0073313608087008245,0.8333333333333333,0.3333333333333333
2025-11-26 00:00:00+00:00,4.363834662035604e-05,0.0,0.0002577083333333333,1.6854895136549558e-05,0.00031820157509023894,0.8333333333333333,0.3333333333333333
2025-11-27 00:00:00+00:00,-0.016410913183837895,0.0,0.0011646533333333335,1.6854895136549558e-05,-0.015229404955368012,0.8333333333333333,0.3333333333333333
2025-11-28 00:00:00+00:00,0.012171883201175238,0.0,0.0012424316666666668,1.672284048200487e-05,0.01343103770832391,0.8333333333333333,0.3333333333333333
2025-11-29 00:00:00+00:00,-0.00028996053654238053,0.0,0.0007883916666666666,1.672284048200487e-05,0.0005151539706062909,0.8333333333333333,0.3333333333333333
2025-11-30 00:00:00+00:00,0.010050978152723359,0.00035,0.00077049,3.3445680964009725e-05,0.010504913833687369,0.6666666666666666,0.16666666666666666
2025-12-01 00:00:00+00:00,0.04812266111290891,0.0,0.00025495,3.3269565768693596e-05,0.0484108806786776,0.6666666666666666,0.16666666666666666
2025-12-02 00:00:00+00:00,-0.00350935706066935,0.0,0.00067338,3.3005329459416074e-05,-0.002802971731209934,0.6666666666666666,0.16666666666666666
2025-12-03 00:00:00+00:00,0.013124914081681814,0.0,0.0003520966666666667,3.2652895747942175e-05,0.013509663644096422,0.6666666666666666,0.16666666666666666
2025-12-04 00:00:00+00:00,-0.03633613411009419,0.0,-0.0012693816666666667,3.256476612486144e-05,-0.03757295101063599,0.6666666666666666,0.16666666666666666
2025-12-05 00:00:00+00:00,0.032825872199942166,0.0,-0.0006680249999999999,3.247662802034294e-05,0.032190323827962504,0.6666666666666666,0.16666666666666666
2025-12-06 00:00:00+00:00,-0.017875214842924404,0.0,-0.00160448,3.247662802034294e-05,-0.01944721821490406,0.6666666666666666,0.16666666666666666
2025-12-07 00:00:00+00:00,0.004408500101327076,0.0007,0.0007482549999999998,3.247662802034294e-05,0.004489231729347419,0.6666666666666666,0.16666666666666666
2025-12-08 00:00:00+00:00,-0.0434857968112477,0.0,0.002951936666666667,3.2652895747942175e-05,-0.04050120724883309,0.6666666666666666,0.16666666666666666
2025-12-09 00:00:00+00:00,-0.007266212745211459,0.0,0.002119545,3.2652895747942175e-05,-0.005114014849463517,0.6666666666666666,0.16666666666666666
2025-12-10 00:00:00+00:00,0.02906372692222762,0.0,0.004243701666666666,3.2300326360775365e-05,0.033339728915255065,0.6666666666666666,0.16666666666666666
2025-12-11 00:00:00+00:00,0.03218524707259735,0.0001833333333333333,0.0010914549999999996,3.21239907560648e-05,0.03312549273002008,0.6666666666666666,0.16666666666666666
2025-12-12 00:00:00+00:00,0.0004281872120506609,0.0,-0.00013603166666666667,4.765682648866232e-05,0.0003398123718726566,0.5,0.16666666666666666
2025-12-13 00:00:00+00:00,0.032353458898439894,0.0,0.0031485366666666667,4.765682648866232e-05,0.03554965239159522,0.5,0.16666666666666666
2025-12-14 00:00:00+00:00,-0.0006362399077153857,0.0005833333333333333,0.0034414549999999995,0.0,0.0022218817589512805,1.0,0.5
2025-12-15 00:00:00+00:00,0.01728114471063857,0.0,0.0006210616666666666,0.0,0.017902206377305236,1.0,0.5
2025-12-16 00:00:00+00:00,-0.0005729434293278808,0.0,0.00075675,0.0,0.00018380657067211927,1.0,0.5
2025-12-17 00:00:00+00:00,0.013579970330457491,0.0,0.0003880933333333334,0.0,0.013968063663790825,1.0,0.5
2025-12-18 00:00:00+00:00,0.016155463585496816,0.0,0.0005440849999999999,0.0,0.016699548585496816,1.0,0.5
2025-12-19 00:00:00+00:00,-0.011600842952622092,0.0,0.0007478649999999999,0.0,-0.010852977952622092,1.0,0.5
2025-12-20 00:00:00+00:00,-0.021514814938358755,0.0,0.0006047433333333333,0.0,-0.02091007160502542,1.0,0.5
2025-12-21 00:00:00+00:00,-0.00016647277293801955,0.0005833333333333333,8.002333333333332e-05,4.765682648866232e-05,-0.0006221259464493572,0.5,0.0
2025-12-22 00:00:00+00:00,-0.0009801480753916698,0.0,0.00010522333333333333,4.792143178988795e-05,-0.0008270033102684485,0.5,0.0
2025-12-23 00:00:00+00:00,0.009851773951124094,0.0,0.00011440666666666666,4.792143178988795e-05,0.010014102049580649,0.5,0.0
2025-12-24 00:00:00+00:00,-0.009315243009232217,0.0,0.00011144333333333333,4.8450489541163044e-05,-0.00915534918635772,0.5,0.0
2025-12-25 00:00:00+00:00,0.017810920927581943,0.0,0.00014544333333333333,4.8450489541163044e-05,0.018004814750456438,0.5,0.0
2025-12-26 00:00:00+00:00,-0.02739882535376218,0.0,0.00014168166666666667,4.792143178988795e-05,-0.027209222255305626,0.5,0.0
2025-12-27 00:00:00+00:00,-0.004157677537548254,0.0,0.00013446999999999998,4.792143178988795e-05,-0.003975286105758366,0.5,0.0
2025-12-28 00:00:00+00:00,0.013913958676959345,0.00035,-0.00124996,3.1947621193258634e-05,0.012345946298152605,0.6666666666666666,0.16666666666666666
2025-12-29 00:00:00+00:00,0.0012378652640733603,0.0,-0.0011882966666666665,3.2035810220228576e-05,8.160440762692241e-05,0.6666666666666666,0.16666666666666666
2025-12-30 00:00:00+00:00,-4.59111038599502e-06,0.0,-4.390833333333331e-05,3.1859423673378614e-05,-1.6640020045949713e-05,0.6666666666666666,0.16666666666666666
2025-12-31 00:00:00+00:00,0.002871490972138864,0.0,-4.497499999999998e-05,3.2035810220228576e-05,0.002858551782359093,0.6666666666666666,0.16666666666666666
2026-01-01 00:00:00+00:00,-0.005908005581883831,0.0,0.00026333666666666667,3.2035810220228576e-05,-0.005612633104996936,0.6666666666666666,0.16666666666666666
2026-01-02 00:00:00+00:00,-0.03444370917617665,0.0,0.00021609500000000002,3.177121765910822e-05,-0.03419584295851755,0.6666666666666666,0.16666666666666666
2026-01-03 00:00:00+00:00,0.012976065100838836,0.0,0.00027938666666666665,3.177121765910822e-05,0.01328722298516461,0.6666666666666666,0.16666666666666666
2026-01-04 00:00:00+00:00,0.058914553320804565,0.0009333333333333333,0.0051441099999999995,0.0,0.06312532998747124,1.0,0.5
2026-01-05 00:00:00+00:00,-0.0344158953303873,0.0,0.01876021833333333,0.0,-0.015655676997053974,1.0,0.5
2026-01-06 00:00:00+00:00,0.023280101258089745,0.0,0.0077618166666666676,0.0,0.031041917924756413,1.0,0.5
2026-01-07 00:00:00+00:00,-0.02208596414575627,0.0,0.007923998333333333,0.0,-0.014161965812422938,1.0,0.5
2026-01-08 00:00:00+00:00,0.05980259490233362,0.0,0.0010784166666666665,0.0,0.06088101156900028,1.0,0.5
2026-01-09 00:00:00+00:00,0.021133540903054745,0.0,0.002550281666666666,0.0,0.02368382256972141,1.0,0.5
2026-01-10 00:00:00+00:00,-0.012414980739338718,0.0,0.002160525,0.0,-0.010254455739338718,1.0,0.5
2026-01-11 00:00:00+00:00,-0.01232842902132086,0.0006999999999999999,0.0009083166666666666,0.0,-0.012120112354654192,1.0,0.5
2026-01-12 00:00:00+00:00,0.01937296008492362,0.0,0.0009040566666666668,0.0,0.020277016751590285,1.0,0.5
2026-01-13 00:00:00+00:00,0.01827885514383073,0.0,0.0005555099999999999,0.0,0.018834365143830727,1.0,0.5
2026-01-14 00:00:00+00:00,0.011257250487470744,0.0,0.00031873,0.0,0.011575980487470744,1.0,0.5
2026-01-15 00:00:00+00:00,-0.007867315456090465,0.0,0.000401035,0.0,-0.007466280456090465,1.0,0.5
2026-01-16 00:00:00+00:00,-0.0029850573660595847,0.0,0.0005728966666666667,0.0,-0.002412160699392918,1.0,0.5
2026-01-17 00:00:00+00:00,-0.008538727388567202,0.0,0.00057414,0.0,-0.007964587388567201,1.0,0.5
2026-01-18 00:00:00+00:00,-0.013673959073155901,0.0007,-0.003466941666666667,0.0,-0.017840900739822568,1.0,0.5
2026-01-19 00:00:00+00:00,0.026106762275046602,0.0,-0.003129265,0.0,0.022977497275046603,1.0,0.5
2026-01-20 00:00:00+00:00,0.01769015234129878,0.0,-0.0004240833333333333,0.0,0.01726606900796545,1.0,0.5
2026-01-21 00:00:00+00:00,-0.05400345249229202,0.0,0.00014095833333333332,0.0,-0.05386249415895868,1.0,0.5
2026-01-22 00:00:00+00:00,-0.012098895494708198,0.0,-0.0007124583333333334,0.0,-0.012811353828041532,1.0,0.5
2026-01-23 00:00:00+00:00,-0.00029554121048251236,0.0,-0.0015610166666666665,0.0,-0.0018565578771491788,1.0,0.5
2026-01-24 00:00:00+00:00,-0.0048073986917971925,0.0,-0.0018251849999999998,0.0,-0.0066325836917971925,1.0,0.5
2026-01-25 00:00:00+00:00,0.051046847979299606,0.0007,0.00024289833333333328,3.2212162802395625e-05,0.05062195847543533,0.6666666666666666,0.16666666666666666
2026-01-26 00:00:00+00:00,-0.06417124726320267,0.0,0.000300075,3.2212162802395625e-05,-0.06383896010040027,0.6666666666666666,0.16666666666666666
2026-01-27 00:00:00+00:00,-0.004888783416944931,0.0,0.00023519833333333331,3.21239907560648e-05,-0.004621461092855533,0.6666666666666666,0.16666666666666666
2026-01-28 00:00:00+00:00,0.036470384661848765,0.0,0.00033371499999999994,3.2212162802395625e-05,0.036836311824651156,0.6666666666666666,0.16666666666666666
2026-01-29 00:00:00+00:00,0.031007152531073185,0.0,0.0003233583333333333,3.2212162802395625e-05,0.03136272302720891,0.6666666666666666,0.16666666666666666
2026-01-30 00:00:00+00:00,0.005010787022953988,0.0,0.0003508016666666666,3.21239907560648e-05,0.0053937126803767195,0.6666666666666666,0.16666666666666666
2026-01-31 00:00:00+00:00,0.08083730801020997,0.0,0.0003084333333333333,3.21239907560648e-05,0.08117786533429937,0.6666666666666666,0.16666666666666666
2026-02-01 00:00:00+00:00,0.002920406799043744,0.00046666666666666666,-0.0006565666666666665,3.21239907560648e-05,0.0018292974564664756,0.6666666666666666,0.16666666666666666
2026-02-02 00:00:00+00:00,0.006465482340619703,0.0,0.00023926999999999998,3.2300326360775365e-05,0.006737052666980478,0.6666666666666666,0.16666666666666666
2026-02-03 00:00:00+00:00,0.009544481590569958,0.0,0.0005577866666666668,3.2300326360775365e-05,0.010134568583597401,0.6666666666666666,0.16666666666666666
2026-02-04 00:00:00+00:00,0.009215656516091481,0.0,0.0008400766666666667,3.2300326360775365e-05,0.010088033509118924,0.6666666666666666,0.16666666666666666
2026-02-05 00:00:00+00:00,0.06406130281816563,0.0,0.0007054316666666667,3.2212162802395625e-05,0.0647989466476347,0.6666666666666666,0.16666666666666666
2026-02-06 00:00:00+00:00,-0.11615262331986835,0.0,0.0007368516666666667,3.2300326360775365e-05,-0.11538347132684092,0.6666666666666666,0.16666666666666666
2026-02-07 00:00:00+00:00,0.0072970786617096986,0.0,0.0006400549999999999,3.2300326360775365e-05,0.007969433988070474,0.6666666666666666,0.16666666666666666
2026-02-08 00:00:00+00:00,0.013515993253836565,0.0007,-0.00047547166666666663,3.2300326360775365e-05,0.012372821913530676,0.6666666666666666,0.16666666666666666
2026-02-09 00:00:00+00:00,-0.007031569569245055,0.0,-0.00013180666666666666,3.2300326360775365e-05,-0.0071310759095509465,0.6666666666666666,0.16666666666666666
2026-02-10 00:00:00+00:00,-0.004452257172098609,0.0,3.9755e-05,3.2300326360775365e-05,-0.004380201845737834,0.6666666666666666,0.16666666666666666
2026-02-11 00:00:00+00:00,0.013397223105360715,0.0,-0.00011940833333333334,3.238848143290637e-05,0.013310203253460289,0.6666666666666666,0.16666666666666666
2026-02-12 00:00:00+00:00,0.015235058034242615,0.0,4.4516666666666674e-05,3.238848143290637e-05,0.015311963182342188,0.6666666666666666,0.16666666666666666
2026-02-13 00:00:00+00:00,-0.02560295630712976,0.0,-5.6899999999999994e-05,3.2300326360775365e-05,-0.025627555980768983,0.6666666666666666,0.16666666666666666
2026-02-14 00:00:00+00:00,-0.019589347967545412,0.0,-4.0483333333333265e-06,3.2300326360775365e-05,-0.01956109597451797,0.6666666666666666,0.16666666666666666
2026-02-15 00:00:00+00:00,0.038062636475336434,0.0005833333333333333,-0.009882733333333334,1.615016318038769e-05,0.027612719971850157,0.8333333333333333,0.3333333333333333
2026-02-16 00:00:00+00:00,-0.01184239336747428,0.0,-0.007323973333333332,1.615016318038769e-05,-0.01915021653762722,0.8333333333333333,0.3333333333333333
2026-02-17 00:00:00+00:00,-0.003258736257175542,0.0,-0.008924371666666667,1.619424071645319e-05,-0.012166913683125757,0.8333333333333333,0.3333333333333333
2026-02-18 00:00:00+00:00,0.03603667729833837,0.0,-0.011156968333333333,1.619424071645319e-05,0.024895903205721492,0.8333333333333333,0.3333333333333333
2026-02-19 00:00:00+00:00,-0.008536513614367875,0.0,-0.01000417,1.619424071645319e-05,-0.01852448937365142,0.8333333333333333,0.3333333333333333
2026-02-20 00:00:00+00:00,0.001185042612297552,0.0,-0.008703034999999998,1.615016318038769e-05,-0.007501842224522058,0.8333333333333333,0.3333333333333333
2026-02-21 00:00:00+00:00,0.004834442857466777,0.0,-0.004304666666666667,1.615016318038769e-05,0.0005459263539804978,0.8333333333333333,0.3333333333333333
2026-02-22 00:00:00+00:00,0.04688908296470944,0.0005833333333333333,-0.0011164316666666667,0.0,0.045189317964709444,1.0,0.5
2026-02-23 00:00:00+00:00,0.0072944052333737686,0.0,-0.0005239133333333331,0.0,0.006770491900040435,1.0,0.5
2026-02-24 00:00:00+00:00,0.006205982594578864,0.0,-0.0002708583333333333,0.0,0.00593512426124553,1.0,0.5
2026-02-25 00:00:00+00:00,-0.036267416072418714,0.0,-0.00031957,0.0,-0.03658698607241871,1.0,0.5
2026-02-26 00:00:00+00:00,-0.023276555020862344,0.0,0.00035268999999999996,0.0,-0.022923865020862345,1.0,0.5
2026-02-27 00:00:00+00:00,-0.03666595277072878,0.0,4.743333333333334e-05,0.0,-0.03661851943739545,1.0,0.5
2026-02-28 00:00:00+00:00,-0.03485789177160664,0.0,-0.00011158499999999998,0.0,-0.03496947677160664,1.0,0.5
2026-03-01 00:00:00+00:00,0.013176360275761134,0.0009333333333333333,-0.00025586833333333334,0.0,0.011987158609094469,1.0,0.5
2026-03-02 00:00:00+00:00,-0.010603947751193072,0.0,-0.0006899916666666666,0.0,-0.01129393941785974,1.0,0.5
2026-03-03 00:00:00+00:00,-0.0601956360884663,0.0,-0.0010365700000000001,0.0,-0.0612322060884663,1.0,0.5
2026-03-04 00:00:00+00:00,-0.012887889217873205,0.0,-0.00013984500000000001,0.0,-0.013027734217873205,1.0,0.5
2026-03-05 00:00:00+00:00,0.0010655637655603658,0.0,-0.00036795333333333334,0.0,0.0006976104322270325,1.0,0.5
2026-03-06 00:00:00+00:00,0.009771580968918114,0.0,-0.0002793516666666667,0.0,0.009492229302251447,1.0,0.5
2026-03-07 00:00:00+00:00,0.0007179125188873283,0.0,-0.0002969716666666667,0.0,0.0004209408522206616,1.0,0.5
2026-03-08 00:00:00+00:00,-0.016566005019273907,0.0012833333333333334,0.005064886666666666,1.6061995378032403e-05,-0.012768389690562543,0.8333333333333333,0.3333333333333333
2026-03-09 00:00:00+00:00,-0.05030331320437764,0.0,0.001963125,1.619424071645319e-05,-0.04832399396366119,0.8333333333333333,0.3333333333333333
2026-03-10 00:00:00+00:00,0.047419134729567526,0.0,0.00024764666666666666,1.615016318038769e-05,0.047682931559414575,0.8333333333333333,0.3333333333333333
2026-03-11 00:00:00+00:00,0.02121534847142161,0.0,-0.0013976966666666667,1.619424071645319e-05,0.019833846045471396,0.8333333333333333,0.3333333333333333
2026-03-12 00:00:00+00:00,0.06752830618394001,0.0,-0.002565621666666667,1.619424071645319e-05,0.0649788787579898,0.8333333333333333,0.3333333333333333
2026-03-13 00:00:00+00:00,0.008546288997108261,0.0,-0.002618226666666666,1.619424071645319e-05,0.005944256571158049,0.8333333333333333,0.3333333333333333
2026-03-14 00:00:00+00:00,0.010944969606381395,0.0,-0.0006826216666666667,1.619424071645319e-05,0.010278542180431182,0.8333333333333333,0.3333333333333333
2026-03-15 00:00:00+00:00,0.012897129626770032,0.00035,-0.00281237,0.0,0.009734759626770033,1.0,0.5
2026-03-16 00:00:00+00:00,0.04119711528061689,0.0,-0.009030656666666664,0.0,0.032166458613950226,1.0,0.5
2026-03-17 00:00:00+00:00,0.16393197235536738,0.0,-0.009020170000000001,0.0,0.1549118023553674,1.0,0.5
2026-03-18 00:00:00+00:00,0.13740086570909704,0.0,-0.0032005099999999997,0.0,0.13420035570909705,1.0,0.5
2026-03-19 00:00:00+00:00,-0.03940981579734487,0.0,0.0007250266666666667,0.0,-0.0386847891306782,1.0,0.5
2026-03-20 00:00:00+00:00,-2.64049765181599e-05,0.0,0.0011558966666666668,0.0,0.0011294916901485067,1.0,0.5
2026-03-21 00:00:00+00:00,0.03099188459127252,0.0,0.0006514349999999999,0.0,0.03164331959127252,1.0,0.5
2026-03-22 00:00:00+00:00,0.29288201951468457,0.00023333333333333333,0.008106017499999996,0.0,0.30075470368135127,1.0,0.5
2026-03-23 00:00:00+00:00,0.0021824267630896274,0.0,0.004025816666666666,0.0,0.0062082434297562935,1.0,0.5
2026-03-24 00:00:00+00:00,-0.10485326988145098,0.0,0.003704448333333333,0.0,-0.10114882154811765,1.0,0.5
2026-03-25 00:00:00+00:00,0.21957821834557145,0.0,0.011040683333333334,0.0,0.23061890167890478,1.0,0.5
2026-03-26 00:00:00+00:00,-0.055526736819554945,0.0,0.013514063333333333,0.0,-0.04201267348622161,1.0,0.5
2026-03-27 00:00:00+00:00,-0.10764876123177163,0.0,0.002117793333333333,0.0,-0.1055309678984383,1.0,0.5
2026-03-28 00:00:00+00:00,0.1970492013150956,0.0,0.005318419999999999,0.0,0.20236762131509559,1.0,0.5
2026-03-29 00:00:00+00:00,0.007304072877024691,0.00023333333333333333,0.0037621300000000002,0.0,0.010832869543691358,1.0,0.5
2026-03-30 00:00:00+00:00,-0.009710068628893748,0.0,0.0016924783333333332,0.0,-0.008017590295560414,1.0,0.5
2026-03-31 00:00:00+00:00,-0.07009541882405478,0.0,-0.00019291166666666668,0.0,-0.07028833049072145,1.0,0.5
2026-04-01 00:00:00+00:00,-0.11571673264409615,0.0,-0.00117712,0.0,-0.11689385264409616,1.0,0.5
2026-04-02 00:00:00+00:00,-0.060659091820416323,0.0,-0.00039448666666666663,0.0,-0.06105357848708299,1.0,0.5
2026-04-03 00:00:00+00:00,0.04926736893987588,0.0,-0.007361645833333334,0.0,0.041905723106542545,1.0,0.5
2026-04-04 00:00:00+00:00,0.37518829799473596,0.0,0.008350431666666666,0.0,0.3835387296614026,1.0,0.5
2026-04-05 00:00:00+00:00,0.0004076566353306008,0.0009333333333333333,-0.002103105,1.0816890057111374e-20,-0.0026287816980027326,0.9999999999999999,0.5
2026-04-06 00:00:00+00:00,0.026592399052025012,0.0,-0.0031638100000000004,1.087559900401508e-20,0.023428589052025012,0.9999999999999999,0.5
2026-04-07 00:00:00+00:00,0.06517580749981478,0.0,-0.0013516383333333334,1.0816890057111374e-20,0.06382416916648144,0.9999999999999999,0.5
2026-04-08 00:00:00+00:00,0.010780313569849152,0.0,-0.0007229333333333334,1.0787531345837109e-20,0.010057380236515819,0.9999999999999999,0.5
2026-04-09 00:00:00+00:00,-0.001923090636614718,0.0,6.914499999999994e-05,1.075816980859191e-20,-0.0018539456366147183,0.9999999999999999,0.5
2026-04-10 00:00:00+00:00,0.03482209617566945,0.0,0.0006534983333333332,1.075816980859191e-20,0.035475594509002784,0.9999999999999999,0.5
2026-04-11 00:00:00+00:00,0.006744829356682543,0.0,0.0010088316666666667,1.075816980859191e-20,0.00775366102334921,0.9999999999999999,0.5
2026-04-12 00:00:00+00:00,-0.017611606274021842,0.00046666666666666666,-0.0028055933333333335,0.0,-0.020883866274021844,1.0,0.5
2026-04-13 00:00:00+00:00,0.04555732296356958,0.0,-0.0034849349999999993,0.0,0.04207238796356958,1.0,0.5
2026-04-14 00:00:00+00:00,-0.024520486555725717,0.0,-0.0013760516666666666,0.0,-0.025896538222392382,1.0,0.5
2026-04-15 00:00:00+00:00,0.023119741982524866,0.0,-0.003303601666666667,0.0,0.0198161403158582,1.0,0.5
2026-04-16 00:00:00+00:00,-0.35074696771192604,0.0,8.35083333333332e-05,0.0,-0.3506634593785927,1.0,0.5
2026-04-17 00:00:00+00:00,0.1479889221153374,0.0,-0.003704341666666666,0.0,0.14428458044867074,1.0,0.5
2026-04-18 00:00:00+00:00,0.019761525287276645,0.0,-0.00024768000000000023,0.0,0.019513845287276645,1.0,0.5
2026-04-19 00:00:00+00:00,0.0287565922504151,0.0,-0.00010439333333333332,0.0,0.028652198917081765,1.0,0.5
2026-04-20 00:00:00+00:00,0.01051674059148714,0.0,0.0005053816666666667,0.0,0.011022122258153808,1.0,0.5
2026-04-21 00:00:00+00:00,-0.0042208990628555725,0.0,0.0006477466666666667,0.0,-0.003573152396188906,1.0,0.5
2026-04-22 00:00:00+00:00,-0.001748146893148856,0.0,0.0007351816666666666,0.0,-0.0010129652264821893,1.0,0.5
2026-04-23 00:00:00+00:00,0.01931570635432091,0.0,0.0006079266666666667,0.0,0.01992363302098758,1.0,0.5
2026-04-24 00:00:00+00:00,-0.030760035873684696,0.0,0.0009375933333333333,0.0,-0.029822442540351362,1.0,0.5
2026-04-25 00:00:00+00:00,-0.022102857096672736,0.0,0.00012523333333333336,0.0,-0.021977623763339404,1.0,0.5
2026-04-26 00:00:00+00:00,-0.005545821180224489,0.0007,0.0010810766666666666,0.0,-0.005164744513557823,1.0,0.5
2026-04-27 00:00:00+00:00,0.023524428274128054,0.0,0.0028851183333333335,0.0,0.026409546607461386,1.0,0.5
2026-04-28 00:00:00+00:00,-0.010211406946401566,0.0,0.00016158500000000003,0.0,-0.010049821946401565,1.0,0.5
2026-04-29 00:00:00+00:00,-0.007504586319891981,0.0,0.0008779349999999999,0.0,-0.006626651319891981,1.0,0.5
2026-04-30 00:00:00+00:00,0.0233090816548868,0.0,0.0005185566666666666,0.0,0.023827638321553466,1.0,0.5
2026-05-01 00:00:00+00:00,-0.008844115395301,0.0,0.00035074,0.0,-0.008493375395301,1.0,0.5
2026-05-02 00:00:00+00:00,-0.016976979612004114,0.0,0.0006550483333333332,0.0,-0.01632193127867078,1.0,0.5
2026-05-03 00:00:00+00:00,0.006288580296517927,0.0014,0.002189915,0.0,0.007078495296517927,1.0,0.5
2026-05-04 00:00:00+00:00,-0.06413773370483493,0.0,0.0018663333333333331,0.0,-0.0622714003715016,1.0,0.5
2026-05-05 00:00:00+00:00,0.025161224696053565,0.0,0.0009859883333333333,0.0,0.026147213029386898,1.0,0.5
2026-05-06 00:00:00+00:00,0.03052192393235851,0.0,0.001412855,0.0,0.03193477893235851,1.0,0.5
2026-05-07 00:00:00+00:00,-0.030432198456056804,0.0,0.0019456949999999999,0.0,-0.028486503456056803,1.0,0.5
2026-05-08 00:00:00+00:00,-0.004577978959624786,0.0,0.0014549416666666667,0.0,-0.003123037292958119,1.0,0.5
2026-05-09 00:00:00+00:00,-0.020650586956260857,0.0,0.0013172416666666666,0.0,-0.01933334528959419,1.0,0.5
2026-05-10 00:00:00+00:00,0.02092050487052808,0.0009333333333333333,0.0008072966666666666,0.0,0.02079446820386141,1.0,0.5
2026-05-11 00:00:00+00:00,0.006410503663732379,0.0,-6.9700000000000095e-06,0.0,0.006403533663732378,1.0,0.5
2026-05-12 00:00:00+00:00,-0.006346745071574808,0.0,-0.00011548333333333338,0.0,-0.006462228404908141,1.0,0.5
2026-05-13 00:00:00+00:00,0.0005126032172722561,0.0,0.00050786,0.0,0.001020463217272256,1.0,0.5
2026-05-14 00:00:00+00:00,-0.06481210826555486,0.0,0.00239456,0.0,-0.062417548265554866,1.0,0.5
2026-05-15 00:00:00+00:00,-0.004062248732018752,0.0,0.0010236316666666669,0.0,-0.0030386170653520853,1.0,0.5
2026-05-16 00:00:00+00:00,0.004510843064234771,0.0,0.00017581166666666667,0.0,0.004686654730901438,1.0,0.5
2026-05-17 00:00:00+00:00,0.025841849130624775,0.0006999999999999999,-0.0005084899999999999,1.075816980859191e-20,0.024633359130624775,0.9999999999999999,0.5
2026-05-18 00:00:00+00:00,0.0001058797650522001,0.0,-0.000573105,1.075816980859191e-20,-0.00046722523494779986,0.9999999999999999,0.5
2026-05-19 00:00:00+00:00,-0.05375848589321756,0.0,-0.0022472866666666666,1.0728805444858087e-20,-0.056005772559884225,0.9999999999999999,0.5
2026-05-20 00:00:00+00:00,0.03948295152371145,0.0,-0.0010100983333333332,1.0670068235705901e-20,0.03847285319037812,0.9999999999999999,0.5
2026-05-21 00:00:00+00:00,0.036566016683820805,0.0,-0.00043054,1.0728805444858087e-20,0.036135476683820805,0.9999999999999999,0.5
2026-05-22 00:00:00+00:00,-0.02273812316888781,0.0,-3.067999999999997e-05,1.0728805444858087e-20,-0.02276880316888781,0.9999999999999999,0.5
2026-05-23 00:00:00+00:00,0.0002905163700335228,0.0,1.568999999999998e-05,1.0728805444858087e-20,0.00030620637003352276,0.9999999999999999,0.5
2026-05-24 00:00:00+00:00,0.026116439984548285,0.0007,0.00020283166666666666,1.0728805444858087e-20,0.025619271651214953,0.9999999999999999,0.5
2026-05-25 00:00:00+00:00,-0.002726264630980987,0.0,0.00012712833333333335,1.0728805444858087e-20,-0.0025991362976476536,0.9999999999999999,0.5
2026-05-26 00:00:00+00:00,-0.024515334401608597,0.0,8.087666666666666e-05,1.075816980859191e-20,-0.02443445773494193,0.9999999999999999,0.5
2026-05-27 00:00:00+00:00,-0.010499595967912518,0.0,0.00019436333333333332,1.0728805444858087e-20,-0.010305232634579185,0.9999999999999999,0.5
2026-05-28 00:00:00+00:00,0.04156687304414099,0.0,2.661166666666667e-05,1.075816980859191e-20,0.041593484710807656,0.9999999999999999,0.5
2026-05-29 00:00:00+00:00,-0.003573598873936455,0.0,5.322666666666666e-05,1.075816980859191e-20,-0.0035203722072697885,0.9999999999999999,0.5
2026-05-30 00:00:00+00:00,-0.0019606204471466215,0.0,0.00017562,1.075816980859191e-20,-0.0017850004471466215,0.9999999999999999,0.5
2026-05-31 00:00:00+00:00,0.006256730177341445,0.0006999999999999999,0.00011436666666666665,0.0,0.005671096844008111,1.0,0.5
2026-06-01 00:00:00+00:00,-0.07435213218137697,0.0,0.0004625683333333334,0.0,-0.07388956384804364,1.0,0.5
2026-06-02 00:00:00+00:00,0.008042510576296714,0.0,0.00034083333333333334,0.0,0.008383343909630048,1.0,0.5
2026-06-03 00:00:00+00:00,-0.017036322532855582,0.0,0.0002453166666666666,0.0,-0.016791005866188917,1.0,0.5
2026-06-04 00:00:00+00:00,-0.03674156871671435,0.0,-0.0005496916666666667,0.0,-0.037291260383381014,1.0,0.5
2026-06-05 00:00:00+00:00,0.002053004691748978,0.0,0.0001715216666666667,0.0,0.002224526358415645,1.0,0.5
2026-06-06 00:00:00+00:00,-0.022405369248639468,0.0,9.965500000000003e-05,0.0,-0.022305714248639467,1.0,0.5
2026-06-07 00:00:00+00:00,-0.08194763833903655,0.0014,0.0005436999999999999,0.0,-0.08280393833903656,1.0,0.5
2026-06-08 00:00:00+00:00,0.0004348651605483797,0.0,0.0002225466666666667,0.0,0.0006574118272150464,1.0,0.5
2026-06-09 00:00:00+00:00,-0.017213892881296766,0.0,2.680499999999997e-05,0.0,-0.017187087881296765,1.0,0.5
2026-06-10 00:00:00+00:00,-0.04814864489047753,0.0,3.702000000000001e-05,0.0,-0.04811162489047753,1.0,0.5
2026-06-11 00:00:00+00:00,0.025146596612688144,0.0,-2.16000000000002e-06,0.0,0.025144436612688142,1.0,0.5
2026-06-12 00:00:00+00:00,0.02927647696920995,0.0,3.9846666666666706e-05,0.0,0.029316323635876617,1.0,0.5
2026-06-13 00:00:00+00:00,0.0023242847785313408,0.0,0.00011783000000000003,0.0,0.002442114778531341,1.0,0.5
2026-06-14 00:00:00+00:00,-0.00452653450724801,0.00023333333333333333,4.876833333333334e-05,0.0,-0.00471109950724801,1.0,0.5
2026-06-15 00:00:00+00:00,-0.05174371170974533,0.0,0.00046305499999999987,0.0,-0.05128065670974533,1.0,0.5
2026-06-16 00:00:00+00:00,0.02276928016551316,0.0,0.000480425,0.0,0.02324970516551316,1.0,0.5
2026-06-17 00:00:00+00:00,-0.0041609169382598715,0.0,0.00013376666666666665,0.0,-0.004027150271593205,1.0,0.5
2026-06-18 00:00:00+00:00,0.12832200626866633,0.0,0.00013295166666666672,0.0,0.128454957935333,1.0,0.5
2026-06-19 00:00:00+00:00,-0.07166887457037746,0.0,4.507499999999999e-05,0.0,-0.07162379957037746,1.0,0.5
2026-06-20 00:00:00+00:00,0.020936297858658595,0.0,-0.00013115666666666664,0.0,0.02080514119199193,1.0,0.5
2026-06-21 00:00:00+00:00,0.045328885337811854,0.0007,7.200666666666667e-05,0.0,0.04470089200447852,1.0,0.5
2026-06-22 00:00:00+00:00,-0.013264013540733385,0.0,0.00017240833333333335,0.0,-0.013091605207400051,1.0,0.5
2026-06-23 00:00:00+00:00,-0.03017134300888661,0.0,0.0011980633333333332,0.0,-0.028973279675553278,1.0,0.5
2026-06-24 00:00:00+00:00,-0.00890752511577251,0.0,0.009232334999999989,0.0,0.00032480988422747825,1.0,0.5
2026-06-25 00:00:00+00:00,0.03220408558528849,0.0,0.006234201666666666,0.0,0.03843828725195516,1.0,0.5
2026-06-26 00:00:00+00:00,0.044431134791465536,0.0,0.011224481666666666,0.0,0.055655616458132204,1.0,0.5
2026-06-27 00:00:00+00:00,-0.07673078493318304,0.0,0.01882985833333333,0.0,-0.05790092659984971,1.0,0.5
2026-06-28 00:00:00+00:00,0.0645175300815842,0.0011666666666666668,0.007521186666666666,1.09636412433444e-20,0.0708720500815842,0.9999999999999999,0.5
2026-06-29 00:00:00+00:00,0.020697632966875767,0.0,0.015970288333333332,1.1168974366448777e-20,0.0366679213002091,0.9999999999999999,0.5
2026-06-30 00:00:00+00:00,-0.005614792619718919,0.0,0.02259287833333333,1.1168974366448777e-20,0.01697808571361441,0.9999999999999999,0.5
2026-07-01 00:00:00+00:00,-0.03870730664486166,0.0,0.009046373333333333,1.1080991380705371e-20,-0.029660933311528328,0.9999999999999999,0.5
2026-07-02 00:00:00+00:00,0.08151495449451852,0.0,0.009026919999999999,1.0992983010354808e-20,0.09054187449451852,0.9999999999999999,0.5
2026-07-03 00:00:00+00:00,-0.08557323275194309,0.0,0.013712993333333333,1.0992983010354808e-20,-0.07186023941860975,0.9999999999999999,0.5
2026-07-04 00:00:00+00:00,0.3031163186070714,0.0,0.0008698,1.0992983010354808e-20,0.30398611860707137,0.9999999999999999,0.5
2026-07-05 00:00:00+00:00,0.054512327225512525,0.0011666666666666668,0.00190079,0.0,0.055246450558845854,1.0,0.5
2026-07-06 00:00:00+00:00,-0.02778697375035194,0.0,0.014578916666666665,0.0,-0.013208057083685274,1.0,0.5
2026-07-07 00:00:00+00:00,-0.10011213197624061,0.0,0.048234683333333334,0.0,-0.051877448642907276,1.0,0.5
2026-07-08 00:00:00+00:00,-0.14030526198549623,0.0,0.004469446666666666,0.0,-0.13583581531882957,1.0,0.5
2026-07-09 00:00:00+00:00,0.03947435771328008,0.0,-0.0001912666666666667,0.0,0.039283091046613414,1.0,0.5
2026-07-10 00:00:00+00:00,-0.09969910392397238,0.0,-0.00032047,0.0,-0.10001957392397239,1.0,0.5
2026-07-11 00:00:00+00:00,-0.07115071406717777,0.0,-0.0002901116666666666,0.0,-0.07144082573384443,1.0,0.5
2026-07-12 00:00:00+00:00,0.0762406533610605,0.0007,0.0005218033333333333,0.0,0.07606245669439383,1.0,0.5
2026-07-13 00:00:00+00:00,0.031620623610471445,0.0,0.000391375,0.0,0.032011998610471444,1.0,0.5
2026-07-14 00:00:00+00:00,0.02605630936412808,0.0,0.0005862033333333333,0.0,0.026642512697461415,1.0,0.5
2026-07-15 00:00:00+00:00,0.025479193180588958,0.0,0.00011156166666666668,0.0,0.025590754847255624,1.0,0.5
2026-07-16 00:00:00+00:00,-0.01646993932918922,0.0,0.000571715,0.0,-0.01589822432918922,1.0,0.5
2026-07-17 00:00:00+00:00,-0.008024488166481566,0.0,0.0005172849999999999,0.0,-0.007507203166481566,1.0,0.5
2026-07-18 00:00:00+00:00,0.04616577001130811,0.0,5.177666666666663e-05,0.0,0.04621754667797478,1.0,0.5
2026-07-19 00:00:00+00:00,0.04808458726282716,0.0009333333333333333,0.0002507416666666666,0.0,0.04740199559616049,1.0,0.5
2026-07-20 00:00:00+00:00,-0.004381626189801813,0.0,0.00023486166666666667,0.0,-0.004146764523135146,1.0,0.5
2026-07-21 00:00:00+00:00,0.026619601434383314,0.0,0.000144415,0.0,0.026764016434383312,1.0,0.5
2026-07-22 00:00:00+00:00,-0.00388537480658881,0.0,0.00011351333333333336,0.0,-0.003771861473255477,1.0,0.5
2026-07-23 00:00:00+00:00,0.04489217118641247,0.0,-0.000172855,0.0,0.04471931618641247,1.0,0.5
2026-07-24 00:00:00+00:00,-0.022479006691707305,0.0,-0.0008860233333333333,0.0,-0.023365030025040638,1.0,0.5
2026-07-25 00:00:00+00:00,-0.02855142144587393,0.0,-0.000374475,0.0,-0.028925896445873928,1.0,0.5
2026-07-26 00:00:00+00:00,0.05387097149902477,0.0007,0.00017139666666666665,0.0,0.053342368165691434,1.0,0.5
2026-07-27 00:00:00+00:00,-0.04774006697875122,0.0,0.00017640166666666666,0.0,-0.04756366531208455,1.0,0.5
2026-07-28 00:00:00+00:00,0.051629475399840676,0.0,0.0003760416666666666,0.0,0.05200551706650734,1.0,0.5
2026-07-29 00:00:00+00:00,0.0029492739905921193,0.0,0.000448775,0.0,0.0033980489905921195,1.0,0.5
2026-07-30 00:00:00+00:00,0.047848596210587825,0.0,0.00023239666666666664,0.0,0.048080992877254494,1.0,0.5
2026-07-31 00:00:00+00:00,0.011230994547652418,0.0,-0.00021409000000000006,0.0,0.011016904547652417,1.0,0.5
2026-08-01 00:00:00+00:00,0.043239367816470434,0.0,-0.0010879166666666663,0.0,0.042151451149803766,1.0,0.5
2026-08-02 00:00:00+00:00,-0.0740033222304973,0.0011666666666666665,-0.0019134166666666663,1.1022321955215327e-20,-0.07708340556383063,0.9999999999999999,0.5
2026-08-03 00:00:00+00:00,-0.014872252182952257,0.0,-0.008443808333333332,1.11982963898731e-20,-0.02331606051628559,0.9999999999999999,0.5
2026-08-04 00:00:00+00:00,0.02575515379921628,0.0,-0.0005160899999999998,1.1168974366448777e-20,0.02523906379921628,0.9999999999999999,0.5
2026-08-05 00:00:00+00:00,-0.013713036219751857,0.0,-0.00222522,1.1168974366448777e-20,-0.015938256219751857,0.9999999999999999,0.5
2026-08-06 00:00:00+00:00,-0.0025405832034559594,0.0,-0.0014119733333333331,1.1168974366448777e-20,-0.003952556536789293,0.9999999999999999,0.5
2026-08-07 00:00:00+00:00,-0.00393239387714883,0.0,-0.0012083066666666665,1.111032186241958e-20,-0.005140700543815497,0.9999999999999999,0.5
2026-08-08 00:00:00+00:00,-0.02253398908902952,0.0,-0.00033063333333333336,1.111032186241958e-20,-0.022864622422362854,0.9999999999999999,0.5
2026-08-09 00:00:00+00:00,0.014826561462734034,0.0009333333333333333,-0.0028966249999999995,0.0,0.0109966031294007,1.0,0.5
2026-08-10 00:00:00+00:00,-0.0024739732558119827,0.0,-0.0015348483333333333,0.0,-0.004008821589145316,1.0,0.5
2026-08-11 00:00:00+00:00,0.040517299107463225,0.0,-0.001108,0.0,0.03940929910746323,1.0,0.5
2026-08-12 00:00:00+00:00,-0.03548617558504722,0.0,-0.0012161516666666667,0.0,-0.036702327251713886,1.0,0.5
2026-08-13 00:00:00+00:00,0.11535094200395171,0.0,0.0008048583333333334,0.0,0.11615580033728505,1.0,0.5
2026-08-14 00:00:00+00:00,0.0908746295777505,0.0,5.522499999999989e-05,0.0,0.0909298545777505,1.0,0.5
2026-08-15 00:00:00+00:00,-0.008174868283532772,0.0,0.0006736466666666665,0.0,-0.007501221616866106,1.0,0.5
2026-08-16 00:00:00+00:00,0.019411943212943556,0.00023333333333333333,0.00035369166666666664,0.0,0.01953230154627689,1.0,0.5
2026-08-17 00:00:00+00:00,-0.03633206738044553,0.0,0.00025673166666666654,0.0,-0.03607533571377886,1.0,0.5
2026-08-18 00:00:00+00:00,-0.0058139202767764995,0.0,0.00038504999999999995,0.0,-0.0054288702767765,1.0,0.5
2026-08-19 00:00:00+00:00,0.01765132252155732,0.0,0.0002881666666666666,0.0,0.017939489188223984,1.0,0.5
2026-08-20 00:00:00+00:00,0.007699418730481819,0.0,0.00024345666666666666,0.0,0.007942875397148485,1.0,0.5
2026-08-21 00:00:00+00:00,0.011944899558663439,0.0,0.00028222999999999996,0.0,0.012227129558663438,1.0,0.5
2026-08-22 00:00:00+00:00,0.04793008390099971,0.0,-0.00026575499999999995,0.0,0.04766432890099971,1.0,0.5
2026-08-23 00:00:00+00:00,0.025219476384103653,0.0009333333333333333,8.610000000000014e-06,0.0,0.024294753050770317,1.0,0.5
2026-08-24 00:00:00+00:00,-0.0027033251117413544,0.0,0.00052707,0.0,-0.0021762551117413542,1.0,0.5
2026-08-25 00:00:00+00:00,-0.01728398128512173,0.0,0.0007101183333333333,0.0,-0.016573862951788396,1.0,0.5
2026-08-26 00:00:00+00:00,0.007530455371069852,0.0,0.0006693333333333333,0.0,0.008199788704403185,1.0,0.5
2026-08-27 00:00:00+00:00,0.004894363453716003,0.0,0.0003743666666666667,0.0,0.005268730120382669,1.0,0.5
2026-08-28 00:00:00+00:00,-0.028845961027432122,0.0,0.000352625,0.0,-0.028493336027432124,1.0,0.5
2026-08-29 00:00:00+00:00,-0.00012561519086453244,0.0,0.0005885266666666667,0.0,0.0004629114758021342,1.0,0.5
2026-08-30 00:00:00+00:00,-0.00887599765498561,0.00046666666666666666,0.001124733333333333,0.0,-0.008217930988318942,1.0,0.5
2026-08-31 00:00:00+00:00,-0.014121025629124555,0.0,0.0005372016666666665,0.0,-0.01358382396245789,1.0,0.5
2026-09-01 00:00:00+00:00,0.04954517756020058,0.0,0.0005972716666666666,0.0,0.05014244922686725,1.0,0.5
2026-09-02 00:00:00+00:00,0.14330934310618962,0.0,0.000467935,0.0,0.14377727810618962,1.0,0.5
2026-09-03 00:00:00+00:00,0.025223637190195106,0.0,0.0008916816666666666,0.0,0.026115318856861774,1.0,0.5
2026-09-04 00:00:00+00:00,-0.007689298356600871,0.0,0.0011210916666666666,0.0,-0.006568206689934204,1.0,0.5
2026-09-05 00:00:00+00:00,0.06555738220812968,0.0,0.0017632016666666666,0.0,0.06732058387479635,1.0,0.5
2026-09-06 00:00:00+00:00,0.020369117098040644,0.0008166666666666666,0.0012252733333333332,1.6898904893499406e-05,0.020794622669600808,0.8333333333333333,0.5
2026-09-07 00:00:00+00:00,0.027214864244498278,0.0,0.001439675,1.6898904893499406e-05,0.028671438149391777,0.8333333333333333,0.5
2026-09-08 00:00:00+00:00,0.027982173860741307,0.0,-0.00028427,1.703090879205209e-05,0.02771493476953336,0.8333333333333333,0.5
2026-09-09 00:00:00+00:00,0.056875970481340646,0.0,0.0017218433333333332,1.7074901636826574e-05,0.058614888716310806,0.8333333333333333,0.5
2026-09-10 00:00:00+00:00,-0.03398347580518296,0.0,-0.0008462383333333332,1.729480248680027e-05,-0.03481241933602949,0.8333333333333333,0.5
2026-09-11 00:00:00+00:00,-0.02332581766800562,0.0,3.751333333333335e-05,1.7558544191424264e-05,-0.023270745790480864,0.8333333333333333,0.5
2026-09-12 00:00:00+00:00,0.04798834634518974,0.0,-0.00010199833333333327,1.7558544191424264e-05,0.04790390655604783,0.8333333333333333,0.5
2026-09-13 00:00:00+00:00,0.07040276432690051,0.00035,-0.0014114483333333332,0.0,0.06864131599356718,1.0,0.5
2026-09-14 00:00:00+00:00,-0.05234100111707207,0.0,-0.0013288016666666669,0.0,-0.053669802783738736,1.0,0.5
