T,n_basis,n_U1,n_U2,U2,U1
2020-02-01,3,3,3,BTCUSDT BCHUSDT ETHUSDT,BCHUSDT BTCUSDT ETHUSDT
2020-02-08,3,3,3,BTCUSDT BCHUSDT ETHUSDT,BCHUSDT BTCUSDT ETHUSDT
2020-02-15,3,3,3,BTCUSDT BCHUSDT ETHUSDT,BCHUSDT BTCUSDT ETHUSDT
2020-02-22,3,3,3,BTCUSDT BCHUSDT ETHUSDT,BCHUSDT BTCUSDT ETHUSDT
2020-02-29,3,3,3,BTCUSDT BCHUSDT ETHUSDT,BCHUSDT BTCUSDT ETHUSDT
2020-03-07,11,11,11,BTCUSDT ETHUSDT BCHUSDT ETCUSDT LTCUSDT XRPUSDT LINKUSDT EOSUSDT TRXUSDT ADAUSDT XLMUSDT,ADAUSDT BCHUSDT BTCUSDT EOSUSDT ETCUSDT ETHUSDT LINKUSDT LTCUSDT TRXUSDT XLMUSDT XRPUSDT
2020-03-14,11,11,11,BTCUSDT ETHUSDT BCHUSDT ETCUSDT LTCUSDT XRPUSDT LINKUSDT EOSUSDT TRXUSDT ADAUSDT XLMUSDT,ADAUSDT BCHUSDT BTCUSDT EOSUSDT ETCUSDT ETHUSDT LINKUSDT LTCUSDT TRXUSDT XLMUSDT XRPUSDT
2020-03-21,11,11,11,BTCUSDT ETHUSDT BCHUSDT ETCUSDT LTCUSDT XRPUSDT LINKUSDT EOSUSDT TRXUSDT ADAUSDT XLMUSDT,ADAUSDT BCHUSDT BTCUSDT EOSUSDT ETCUSDT ETHUSDT LINKUSDT LTCUSDT TRXUSDT XLMUSDT XRPUSDT
2020-03-28,11,11,11,BTCUSDT ETHUSDT BCHUSDT ETCUSDT LTCUSDT XRPUSDT LINKUSDT EOSUSDT TRXUSDT ADAUSDT XLMUSDT,ADAUSDT BCHUSDT BTCUSDT EOSUSDT ETCUSDT ETHUSDT LINKUSDT LTCUSDT TRXUSDT XLMUSDT XRPUSDT
2020-04-04,24,21,20,BTCUSDT ETHUSDT BCHUSDT LINKUSDT LTCUSDT ETCUSDT EOSUSDT XTZUSDT XRPUSDT BNBUSDT TRXUSDT ADAUSDT DASHUSDT XMRUSDT ATOMUSDT XLMUSDT ZECUSDT NEOUSDT VETUSDT ONTUSDT,ADAUSDT ATOMUSDT BCHUSDT BNBUSDT BTCUSDT DASHUSDT EOSUSDT ETCUSDT ETHUSDT IOSTUSDT LINKUSDT LTCUSDT NEOUSDT ONTUSDT TRXUSDT VETUSDT XLMUSDT XMRUSDT XRPUSDT XTZUSDT ZECUSDT
2020-04-11,24,21,20,BTCUSDT ETHUSDT BCHUSDT LINKUSDT LTCUSDT ETCUSDT EOSUSDT XTZUSDT XRPUSDT BNBUSDT TRXUSDT ADAUSDT DASHUSDT XMRUSDT ATOMUSDT XLMUSDT ZECUSDT NEOUSDT VETUSDT ONTUSDT,ADAUSDT ATOMUSDT BCHUSDT BNBUSDT BTCUSDT DASHUSDT EOSUSDT ETCUSDT ETHUSDT IOSTUSDT LINKUSDT LTCUSDT NEOUSDT ONTUSDT TRXUSDT VETUSDT XLMUSDT XMRUSDT XRPUSDT XTZUSDT ZECUSDT
2020-04-18,24,21,20,BTCUSDT ETHUSDT BCHUSDT LINKUSDT LTCUSDT ETCUSDT EOSUSDT XTZUSDT XRPUSDT BNBUSDT TRXUSDT ADAUSDT DASHUSDT XMRUSDT ATOMUSDT XLMUSDT ZECUSDT NEOUSDT VETUSDT ONTUSDT,ADAUSDT ATOMUSDT BCHUSDT BNBUSDT BTCUSDT DASHUSDT EOSUSDT ETCUSDT ETHUSDT IOSTUSDT LINKUSDT LTCUSDT NEOUSDT ONTUSDT TRXUSDT VETUSDT XLMUSDT XMRUSDT XRPUSDT XTZUSDT ZECUSDT
2020-04-25,24,21,20,BTCUSDT ETHUSDT BCHUSDT LINKUSDT LTCUSDT ETCUSDT EOSUSDT XTZUSDT XRPUSDT BNBUSDT TRXUSDT ADAUSDT DASHUSDT XMRUSDT ATOMUSDT XLMUSDT ZECUSDT NEOUSDT VETUSDT ONTUSDT,ADAUSDT ATOMUSDT BCHUSDT BNBUSDT BTCUSDT DASHUSDT EOSUSDT ETCUSDT ETHUSDT IOSTUSDT LINKUSDT LTCUSDT NEOUSDT ONTUSDT TRXUSDT VETUSDT XLMUSDT XMRUSDT XRPUSDT XTZUSDT ZECUSDT
2020-05-02,24,22,20,BTCUSDT ETHUSDT LINKUSDT BCHUSDT XTZUSDT LTCUSDT BNBUSDT XRPUSDT EOSUSDT ETCUSDT XLMUSDT DASHUSDT ZECUSDT ADAUSDT TRXUSDT ATOMUSDT XMRUSDT NEOUSDT ONTUSDT VETUSDT,ADAUSDT ATOMUSDT BATUSDT BCHUSDT BNBUSDT BTCUSDT DASHUSDT EOSUSDT ETCUSDT ETHUSDT IOSTUSDT LINKUSDT LTCUSDT NEOUSDT ONTUSDT TRXUSDT VETUSDT XLMUSDT XMRUSDT XRPUSDT XTZUSDT ZECUSDT
2020-05-09,24,22,20,BTCUSDT ETHUSDT LINKUSDT BCHUSDT XTZUSDT LTCUSDT BNBUSDT XRPUSDT EOSUSDT ETCUSDT XLMUSDT DASHUSDT ZECUSDT ADAUSDT TRXUSDT ATOMUSDT XMRUSDT NEOUSDT ONTUSDT VETUSDT,ADAUSDT ATOMUSDT BATUSDT BCHUSDT BNBUSDT BTCUSDT DASHUSDT EOSUSDT ETCUSDT ETHUSDT IOSTUSDT LINKUSDT LTCUSDT NEOUSDT ONTUSDT TRXUSDT VETUSDT XLMUSDT XMRUSDT XRPUSDT XTZUSDT ZECUSDT
2020-05-16,24,22,20,BTCUSDT ETHUSDT LINKUSDT BCHUSDT XTZUSDT LTCUSDT BNBUSDT XRPUSDT EOSUSDT ETCUSDT XLMUSDT DASHUSDT ZECUSDT ADAUSDT TRXUSDT ATOMUSDT XMRUSDT NEOUSDT ONTUSDT VETUSDT,ADAUSDT ATOMUSDT BATUSDT BCHUSDT BNBUSDT BTCUSDT DASHUSDT EOSUSDT ETCUSDT ETHUSDT IOSTUSDT LINKUSDT LTCUSDT NEOUSDT ONTUSDT TRXUSDT VETUSDT XLMUSDT XMRUSDT XRPUSDT XTZUSDT ZECUSDT
2020-05-23,24,22,20,BTCUSDT ETHUSDT LINKUSDT BCHUSDT XTZUSDT LTCUSDT BNBUSDT XRPUSDT EOSUSDT ETCUSDT XLMUSDT DASHUSDT ZECUSDT ADAUSDT TRXUSDT ATOMUSDT XMRUSDT NEOUSDT ONTUSDT VETUSDT,ADAUSDT ATOMUSDT BATUSDT BCHUSDT BNBUSDT BTCUSDT DASHUSDT EOSUSDT ETCUSDT ETHUSDT IOSTUSDT LINKUSDT LTCUSDT NEOUSDT ONTUSDT TRXUSDT VETUSDT XLMUSDT XMRUSDT XRPUSDT XTZUSDT ZECUSDT
2020-05-30,24,22,20,BTCUSDT ETHUSDT LINKUSDT BCHUSDT XTZUSDT LTCUSDT BNBUSDT XRPUSDT EOSUSDT ETCUSDT XLMUSDT DASHUSDT ZECUSDT ADAUSDT TRXUSDT ATOMUSDT XMRUSDT NEOUSDT ONTUSDT VETUSDT,ADAUSDT ATOMUSDT BATUSDT BCHUSDT BNBUSDT BTCUSDT DASHUSDT EOSUSDT ETCUSDT ETHUSDT IOSTUSDT LINKUSDT LTCUSDT NEOUSDT ONTUSDT TRXUSDT VETUSDT XLMUSDT XMRUSDT XRPUSDT XTZUSDT ZECUSDT
2020-06-06,24,24,20,BTCUSDT ETHUSDT BCHUSDT LINKUSDT ETCUSDT XTZUSDT ADAUSDT LTCUSDT XRPUSDT EOSUSDT BNBUSDT XLMUSDT TRXUSDT VETUSDT NEOUSDT ZECUSDT DASHUSDT XMRUSDT BATUSDT ONTUSDT,ADAUSDT ATOMUSDT BATUSDT BCHUSDT BNBUSDT BTCUSDT DASHUSDT EOSUSDT ETCUSDT ETHUSDT IOSTUSDT IOTAUSDT LINKUSDT LTCUSDT NEOUSDT ONTUSDT QTUMUSDT TRXUSDT VETUSDT XLMUSDT XMRUSDT XRPUSDT XTZUSDT ZECUSDT
2020-06-13,24,24,20,BTCUSDT ETHUSDT BCHUSDT LINKUSDT ETCUSDT XTZUSDT ADAUSDT LTCUSDT XRPUSDT EOSUSDT BNBUSDT XLMUSDT TRXUSDT VETUSDT NEOUSDT ZECUSDT DASHUSDT XMRUSDT BATUSDT ONTUSDT,ADAUSDT ATOMUSDT BATUSDT BCHUSDT BNBUSDT BTCUSDT DASHUSDT EOSUSDT ETCUSDT ETHUSDT IOSTUSDT IOTAUSDT LINKUSDT LTCUSDT NEOUSDT ONTUSDT QTUMUSDT TRXUSDT VETUSDT XLMUSDT XMRUSDT XRPUSDT XTZUSDT ZECUSDT
2020-06-20,24,24,20,BTCUSDT ETHUSDT BCHUSDT LINKUSDT ETCUSDT XTZUSDT ADAUSDT LTCUSDT XRPUSDT EOSUSDT BNBUSDT XLMUSDT TRXUSDT VETUSDT NEOUSDT ZECUSDT DASHUSDT XMRUSDT BATUSDT ONTUSDT,ADAUSDT ATOMUSDT BATUSDT BCHUSDT BNBUSDT BTCUSDT DASHUSDT EOSUSDT ETCUSDT ETHUSDT IOSTUSDT IOTAUSDT LINKUSDT LTCUSDT NEOUSDT ONTUSDT QTUMUSDT TRXUSDT VETUSDT XLMUSDT XMRUSDT XRPUSDT XTZUSDT ZECUSDT
2020-06-27,24,24,20,BTCUSDT ETHUSDT BCHUSDT LINKUSDT ETCUSDT XTZUSDT ADAUSDT LTCUSDT XRPUSDT EOSUSDT BNBUSDT XLMUSDT TRXUSDT VETUSDT NEOUSDT ZECUSDT DASHUSDT XMRUSDT BATUSDT ONTUSDT,ADAUSDT ATOMUSDT BATUSDT BCHUSDT BNBUSDT BTCUSDT DASHUSDT EOSUSDT ETCUSDT ETHUSDT IOSTUSDT IOTAUSDT LINKUSDT LTCUSDT NEOUSDT ONTUSDT QTUMUSDT TRXUSDT VETUSDT XLMUSDT XMRUSDT XRPUSDT XTZUSDT ZECUSDT
2020-07-04,25,25,20,BTCUSDT ETHUSDT ADAUSDT BCHUSDT LINKUSDT VETUSDT EOSUSDT XRPUSDT XTZUSDT LTCUSDT ETCUSDT IOSTUSDT TRXUSDT XLMUSDT BNBUSDT ONTUSDT BATUSDT ZECUSDT NEOUSDT THETAUSDT,ADAUSDT ATOMUSDT BATUSDT BCHUSDT BNBUSDT BTCUSDT DASHUSDT EOSUSDT ETCUSDT ETHUSDT IOSTUSDT IOTAUSDT LINKUSDT LTCUSDT NEOUSDT ONTUSDT QTUMUSDT THETAUSDT TRXUSDT VETUSDT XLMUSDT XMRUSDT XRPUSDT XTZUSDT ZECUSDT
2020-07-11,25,25,20,BTCUSDT ETHUSDT ADAUSDT BCHUSDT LINKUSDT VETUSDT EOSUSDT XRPUSDT XTZUSDT LTCUSDT ETCUSDT IOSTUSDT TRXUSDT XLMUSDT BNBUSDT ONTUSDT BATUSDT ZECUSDT NEOUSDT THETAUSDT,ADAUSDT ATOMUSDT BATUSDT BCHUSDT BNBUSDT BTCUSDT DASHUSDT EOSUSDT ETCUSDT ETHUSDT IOSTUSDT IOTAUSDT LINKUSDT LTCUSDT NEOUSDT ONTUSDT QTUMUSDT THETAUSDT TRXUSDT VETUSDT XLMUSDT XMRUSDT XRPUSDT XTZUSDT ZECUSDT
2020-07-18,25,25,20,BTCUSDT ETHUSDT ADAUSDT BCHUSDT LINKUSDT VETUSDT EOSUSDT XRPUSDT XTZUSDT LTCUSDT ETCUSDT IOSTUSDT TRXUSDT XLMUSDT BNBUSDT ONTUSDT BATUSDT ZECUSDT NEOUSDT THETAUSDT,ADAUSDT ATOMUSDT BATUSDT BCHUSDT BNBUSDT BTCUSDT DASHUSDT EOSUSDT ETCUSDT ETHUSDT IOSTUSDT IOTAUSDT LINKUSDT LTCUSDT NEOUSDT ONTUSDT QTUMUSDT THETAUSDT TRXUSDT VETUSDT XLMUSDT XMRUSDT XRPUSDT XTZUSDT ZECUSDT
2020-07-25,25,25,20,BTCUSDT ETHUSDT ADAUSDT BCHUSDT LINKUSDT VETUSDT EOSUSDT XRPUSDT XTZUSDT LTCUSDT ETCUSDT IOSTUSDT TRXUSDT XLMUSDT BNBUSDT ONTUSDT BATUSDT ZECUSDT NEOUSDT THETAUSDT,ADAUSDT ATOMUSDT BATUSDT BCHUSDT BNBUSDT BTCUSDT DASHUSDT EOSUSDT ETCUSDT ETHUSDT IOSTUSDT IOTAUSDT LINKUSDT LTCUSDT NEOUSDT ONTUSDT QTUMUSDT THETAUSDT TRXUSDT VETUSDT XLMUSDT XMRUSDT XRPUSDT XTZUSDT ZECUSDT
2020-08-01,30,30,20,BTCUSDT ETHUSDT LINKUSDT ADAUSDT VETUSDT XTZUSDT XRPUSDT BCHUSDT XLMUSDT LTCUSDT EOSUSDT BNBUSDT ATOMUSDT ETCUSDT KNCUSDT TRXUSDT ALGOUSDT COMPUSDT ONTUSDT IOSTUSDT,ADAUSDT ALGOUSDT ATOMUSDT BATUSDT BCHUSDT BNBUSDT BTCUSDT COMPUSDT DASHUSDT EOSUSDT ETCUSDT ETHUSDT IOSTUSDT IOTAUSDT KNCUSDT LINKUSDT LTCUSDT NEOUSDT ONTUSDT QTUMUSDT THETAUSDT TRXUSDT VETUSDT XLMUSDT XMRUSDT XRPUSDT XTZUSDT ZECUSDT ZILUSDT ZRXUSDT
2020-08-08,30,30,20,BTCUSDT ETHUSDT LINKUSDT ADAUSDT VETUSDT XTZUSDT XRPUSDT BCHUSDT XLMUSDT LTCUSDT EOSUSDT BNBUSDT ATOMUSDT ETCUSDT KNCUSDT TRXUSDT ALGOUSDT COMPUSDT ONTUSDT IOSTUSDT,ADAUSDT ALGOUSDT ATOMUSDT BATUSDT BCHUSDT BNBUSDT BTCUSDT COMPUSDT DASHUSDT EOSUSDT ETCUSDT ETHUSDT IOSTUSDT IOTAUSDT KNCUSDT LINKUSDT LTCUSDT NEOUSDT ONTUSDT QTUMUSDT THETAUSDT TRXUSDT VETUSDT XLMUSDT XMRUSDT XRPUSDT XTZUSDT ZECUSDT ZILUSDT ZRXUSDT
2020-08-15,30,30,20,BTCUSDT ETHUSDT LINKUSDT ADAUSDT VETUSDT XTZUSDT XRPUSDT BCHUSDT XLMUSDT LTCUSDT EOSUSDT BNBUSDT ATOMUSDT ETCUSDT KNCUSDT TRXUSDT ALGOUSDT COMPUSDT ONTUSDT IOSTUSDT,ADAUSDT ALGOUSDT ATOMUSDT BATUSDT BCHUSDT BNBUSDT BTCUSDT COMPUSDT DASHUSDT EOSUSDT ETCUSDT ETHUSDT IOSTUSDT IOTAUSDT KNCUSDT LINKUSDT LTCUSDT NEOUSDT ONTUSDT QTUMUSDT THETAUSDT TRXUSDT VETUSDT XLMUSDT XMRUSDT XRPUSDT XTZUSDT ZECUSDT ZILUSDT ZRXUSDT
2020-08-22,30,30,20,BTCUSDT ETHUSDT LINKUSDT ADAUSDT VETUSDT XTZUSDT XRPUSDT BCHUSDT XLMUSDT LTCUSDT EOSUSDT BNBUSDT ATOMUSDT ETCUSDT KNCUSDT TRXUSDT ALGOUSDT COMPUSDT ONTUSDT IOSTUSDT,ADAUSDT ALGOUSDT ATOMUSDT BATUSDT BCHUSDT BNBUSDT BTCUSDT COMPUSDT DASHUSDT EOSUSDT ETCUSDT ETHUSDT IOSTUSDT IOTAUSDT KNCUSDT LINKUSDT LTCUSDT NEOUSDT ONTUSDT QTUMUSDT THETAUSDT TRXUSDT VETUSDT XLMUSDT XMRUSDT XRPUSDT XTZUSDT ZECUSDT ZILUSDT ZRXUSDT
2020-08-29,30,30,20,BTCUSDT ETHUSDT LINKUSDT ADAUSDT VETUSDT XTZUSDT XRPUSDT BCHUSDT XLMUSDT LTCUSDT EOSUSDT BNBUSDT ATOMUSDT ETCUSDT KNCUSDT TRXUSDT ALGOUSDT COMPUSDT ONTUSDT IOSTUSDT,ADAUSDT ALGOUSDT ATOMUSDT BATUSDT BCHUSDT BNBUSDT BTCUSDT COMPUSDT DASHUSDT EOSUSDT ETCUSDT ETHUSDT IOSTUSDT IOTAUSDT KNCUSDT LINKUSDT LTCUSDT NEOUSDT ONTUSDT QTUMUSDT THETAUSDT TRXUSDT VETUSDT XLMUSDT XMRUSDT XRPUSDT XTZUSDT ZECUSDT ZILUSDT ZRXUSDT
2020-09-05,37,37,20,BTCUSDT ETHUSDT LINKUSDT XRPUSDT BANDUSDT BCHUSDT SXPUSDT XTZUSDT LTCUSDT EOSUSDT OMGUSDT ADAUSDT KAVAUSDT TRXUSDT ALGOUSDT ATOMUSDT LENDUSDT BNBUSDT COMPUSDT ZECUSDT,ADAUSDT ALGOUSDT ATOMUSDT BANDUSDT BATUSDT BCHUSDT BNBUSDT BTCUSDT COMPUSDT DASHUSDT DOGEUSDT EOSUSDT ETCUSDT ETHUSDT IOSTUSDT IOTAUSDT KAVAUSDT KNCUSDT LENDUSDT LINKUSDT LTCUSDT NEOUSDT OMGUSDT ONTUSDT QTUMUSDT RLCUSDT SXPUSDT THETAUSDT TRXUSDT VETUSDT XLMUSDT XMRUSDT XRPUSDT XTZUSDT ZECUSDT ZILUSDT ZRXUSDT
2020-09-12,37,37,20,BTCUSDT ETHUSDT LINKUSDT XRPUSDT BANDUSDT BCHUSDT SXPUSDT XTZUSDT LTCUSDT EOSUSDT OMGUSDT ADAUSDT KAVAUSDT TRXUSDT ALGOUSDT ATOMUSDT LENDUSDT BNBUSDT COMPUSDT ZECUSDT,ADAUSDT ALGOUSDT ATOMUSDT BANDUSDT BATUSDT BCHUSDT BNBUSDT BTCUSDT COMPUSDT DASHUSDT DOGEUSDT EOSUSDT ETCUSDT ETHUSDT IOSTUSDT IOTAUSDT KAVAUSDT KNCUSDT LENDUSDT LINKUSDT LTCUSDT NEOUSDT OMGUSDT ONTUSDT QTUMUSDT RLCUSDT SXPUSDT THETAUSDT TRXUSDT VETUSDT XLMUSDT XMRUSDT XRPUSDT XTZUSDT ZECUSDT ZILUSDT ZRXUSDT
2020-09-19,37,37,20,BTCUSDT ETHUSDT LINKUSDT XRPUSDT BANDUSDT BCHUSDT SXPUSDT XTZUSDT LTCUSDT EOSUSDT OMGUSDT ADAUSDT KAVAUSDT TRXUSDT ALGOUSDT ATOMUSDT LENDUSDT BNBUSDT COMPUSDT ZECUSDT,ADAUSDT ALGOUSDT ATOMUSDT BANDUSDT BATUSDT BCHUSDT BNBUSDT BTCUSDT COMPUSDT DASHUSDT DOGEUSDT EOSUSDT ETCUSDT ETHUSDT IOSTUSDT IOTAUSDT KAVAUSDT KNCUSDT LENDUSDT LINKUSDT LTCUSDT NEOUSDT OMGUSDT ONTUSDT QTUMUSDT RLCUSDT SXPUSDT THETAUSDT TRXUSDT VETUSDT XLMUSDT XMRUSDT XRPUSDT XTZUSDT ZECUSDT ZILUSDT ZRXUSDT
2020-09-26,37,37,20,BTCUSDT ETHUSDT LINKUSDT XRPUSDT BANDUSDT BCHUSDT SXPUSDT XTZUSDT LTCUSDT EOSUSDT OMGUSDT ADAUSDT KAVAUSDT TRXUSDT ALGOUSDT ATOMUSDT LENDUSDT BNBUSDT COMPUSDT ZECUSDT,ADAUSDT ALGOUSDT ATOMUSDT BANDUSDT BATUSDT BCHUSDT BNBUSDT BTCUSDT COMPUSDT DASHUSDT DOGEUSDT EOSUSDT ETCUSDT ETHUSDT IOSTUSDT IOTAUSDT KAVAUSDT KNCUSDT LENDUSDT LINKUSDT LTCUSDT NEOUSDT OMGUSDT ONTUSDT QTUMUSDT RLCUSDT SXPUSDT THETAUSDT TRXUSDT VETUSDT XLMUSDT XMRUSDT XRPUSDT XTZUSDT ZECUSDT ZILUSDT ZRXUSDT
2020-10-03,44,44,20,BTCUSDT ETHUSDT LINKUSDT TRXUSDT BNBUSDT YFIUSDT DOTUSDT BCHUSDT XRPUSDT EOSUSDT SXPUSDT LTCUSDT ADAUSDT NEOUSDT OMGUSDT BANDUSDT CRVUSDT LENDUSDT XTZUSDT COMPUSDT,ADAUSDT ALGOUSDT ATOMUSDT BALUSDT BANDUSDT BATUSDT BCHUSDT BNBUSDT BTCUSDT COMPUSDT CRVUSDT DASHUSDT DOGEUSDT DOTUSDT EOSUSDT ETCUSDT ETHUSDT IOSTUSDT IOTAUSDT KAVAUSDT KNCUSDT LENDUSDT LINKUSDT LTCUSDT MKRUSDT NEOUSDT OMGUSDT ONTUSDT QTUMUSDT RLCUSDT SNXUSDT SXPUSDT THETAUSDT TRXUSDT VETUSDT WAVESUSDT XLMUSDT XMRUSDT XRPUSDT XTZUSDT YFIUSDT ZECUSDT ZILUSDT ZRXUSDT
2020-10-10,44,44,20,BTCUSDT ETHUSDT LINKUSDT TRXUSDT BNBUSDT YFIUSDT DOTUSDT BCHUSDT XRPUSDT EOSUSDT SXPUSDT LTCUSDT ADAUSDT NEOUSDT OMGUSDT BANDUSDT CRVUSDT LENDUSDT XTZUSDT COMPUSDT,ADAUSDT ALGOUSDT ATOMUSDT BALUSDT BANDUSDT BATUSDT BCHUSDT BNBUSDT BTCUSDT COMPUSDT CRVUSDT DASHUSDT DOGEUSDT DOTUSDT EOSUSDT ETCUSDT ETHUSDT IOSTUSDT IOTAUSDT KAVAUSDT KNCUSDT LENDUSDT LINKUSDT LTCUSDT MKRUSDT NEOUSDT OMGUSDT ONTUSDT QTUMUSDT RLCUSDT SNXUSDT SXPUSDT THETAUSDT TRXUSDT VETUSDT WAVESUSDT XLMUSDT XMRUSDT XRPUSDT XTZUSDT YFIUSDT ZECUSDT ZILUSDT ZRXUSDT
2020-10-17,44,44,20,BTCUSDT ETHUSDT LINKUSDT TRXUSDT BNBUSDT YFIUSDT DOTUSDT BCHUSDT XRPUSDT EOSUSDT SXPUSDT LTCUSDT ADAUSDT NEOUSDT OMGUSDT BANDUSDT CRVUSDT LENDUSDT XTZUSDT COMPUSDT,ADAUSDT ALGOUSDT ATOMUSDT BALUSDT BANDUSDT BATUSDT BCHUSDT BNBUSDT BTCUSDT COMPUSDT CRVUSDT DASHUSDT DOGEUSDT DOTUSDT EOSUSDT ETCUSDT ETHUSDT IOSTUSDT IOTAUSDT KAVAUSDT KNCUSDT LENDUSDT LINKUSDT LTCUSDT MKRUSDT NEOUSDT OMGUSDT ONTUSDT QTUMUSDT RLCUSDT SNXUSDT SXPUSDT THETAUSDT TRXUSDT VETUSDT WAVESUSDT XLMUSDT XMRUSDT XRPUSDT XTZUSDT YFIUSDT ZECUSDT ZILUSDT ZRXUSDT
2020-10-24,44,44,20,BTCUSDT ETHUSDT LINKUSDT TRXUSDT BNBUSDT YFIUSDT DOTUSDT BCHUSDT XRPUSDT EOSUSDT SXPUSDT LTCUSDT ADAUSDT NEOUSDT OMGUSDT BANDUSDT CRVUSDT LENDUSDT XTZUSDT COMPUSDT,ADAUSDT ALGOUSDT ATOMUSDT BALUSDT BANDUSDT BATUSDT BCHUSDT BNBUSDT BTCUSDT COMPUSDT CRVUSDT DASHUSDT DOGEUSDT DOTUSDT EOSUSDT ETCUSDT ETHUSDT IOSTUSDT IOTAUSDT KAVAUSDT KNCUSDT LENDUSDT LINKUSDT LTCUSDT MKRUSDT NEOUSDT OMGUSDT ONTUSDT QTUMUSDT RLCUSDT SNXUSDT SXPUSDT THETAUSDT TRXUSDT VETUSDT WAVESUSDT XLMUSDT XMRUSDT XRPUSDT XTZUSDT YFIUSDT ZECUSDT ZILUSDT ZRXUSDT
2020-10-31,44,44,20,BTCUSDT ETHUSDT LINKUSDT TRXUSDT BNBUSDT YFIUSDT DOTUSDT BCHUSDT XRPUSDT EOSUSDT SXPUSDT LTCUSDT ADAUSDT NEOUSDT OMGUSDT BANDUSDT CRVUSDT LENDUSDT XTZUSDT COMPUSDT,ADAUSDT ALGOUSDT ATOMUSDT BALUSDT BANDUSDT BATUSDT BCHUSDT BNBUSDT BTCUSDT COMPUSDT CRVUSDT DASHUSDT DOGEUSDT DOTUSDT EOSUSDT ETCUSDT ETHUSDT IOSTUSDT IOTAUSDT KAVAUSDT KNCUSDT LENDUSDT LINKUSDT LTCUSDT MKRUSDT NEOUSDT OMGUSDT ONTUSDT QTUMUSDT RLCUSDT SNXUSDT SXPUSDT THETAUSDT TRXUSDT VETUSDT WAVESUSDT XLMUSDT XMRUSDT XRPUSDT XTZUSDT YFIUSDT ZECUSDT ZILUSDT ZRXUSDT
2020-11-07,60,59,20,BTCUSDT ETHUSDT LINKUSDT YFIUSDT YFIIUSDT BCHUSDT UNIUSDT BNBUSDT LTCUSDT XRPUSDT DOTUSDT EOSUSDT ADAUSDT SUSHIUSDT XMRUSDT TRXUSDT SXPUSDT CRVUSDT THETAUSDT WAVESUSDT,ADAUSDT ALGOUSDT ATOMUSDT AVAXUSDT BALUSDT BANDUSDT BATUSDT BCHUSDT BLZUSDT BNBUSDT BTCUSDT BZRXUSDT COMPUSDT CRVUSDT DASHUSDT DOGEUSDT DOTUSDT EGLDUSDT EOSUSDT ETCUSDT ETHUSDT FLMUSDT FTMUSDT HNTUSDT ICXUSDT IOSTUSDT IOTAUSDT KAVAUSDT KNCUSDT LINKUSDT LTCUSDT MKRUSDT NEOUSDT OMGUSDT ONTUSDT QTUMUSDT RLCUSDT RUNEUSDT SNXUSDT SOLUSDT SRMUSDT STORJUSDT SUSHIUSDT SXPUSDT THETAUSDT TRBUSDT TRXUSDT UNIUSDT VETUSDT WAVESUSDT XLMUSDT XMRUSDT XRPUSDT XTZUSDT YFIIUSDT YFIUSDT ZECUSDT ZILUSDT ZRXUSDT
2020-11-14,60,59,20,BTCUSDT ETHUSDT LINKUSDT YFIUSDT YFIIUSDT BCHUSDT UNIUSDT BNBUSDT LTCUSDT XRPUSDT DOTUSDT EOSUSDT ADAUSDT SUSHIUSDT XMRUSDT TRXUSDT SXPUSDT CRVUSDT THETAUSDT WAVESUSDT,ADAUSDT ALGOUSDT ATOMUSDT AVAXUSDT BALUSDT BANDUSDT BATUSDT BCHUSDT BLZUSDT BNBUSDT BTCUSDT BZRXUSDT COMPUSDT CRVUSDT DASHUSDT DOGEUSDT DOTUSDT EGLDUSDT EOSUSDT ETCUSDT ETHUSDT FLMUSDT FTMUSDT HNTUSDT ICXUSDT IOSTUSDT IOTAUSDT KAVAUSDT KNCUSDT LINKUSDT LTCUSDT MKRUSDT NEOUSDT OMGUSDT ONTUSDT QTUMUSDT RLCUSDT RUNEUSDT SNXUSDT SOLUSDT SRMUSDT STORJUSDT SUSHIUSDT SXPUSDT THETAUSDT TRBUSDT TRXUSDT UNIUSDT VETUSDT WAVESUSDT XLMUSDT XMRUSDT XRPUSDT XTZUSDT YFIIUSDT YFIUSDT ZECUSDT ZILUSDT ZRXUSDT
2020-11-21,60,59,20,BTCUSDT ETHUSDT LINKUSDT YFIUSDT YFIIUSDT BCHUSDT UNIUSDT BNBUSDT LTCUSDT XRPUSDT DOTUSDT EOSUSDT ADAUSDT SUSHIUSDT XMRUSDT TRXUSDT SXPUSDT CRVUSDT THETAUSDT WAVESUSDT,ADAUSDT ALGOUSDT ATOMUSDT AVAXUSDT BALUSDT BANDUSDT BATUSDT BCHUSDT BLZUSDT BNBUSDT BTCUSDT BZRXUSDT COMPUSDT CRVUSDT DASHUSDT DOGEUSDT DOTUSDT EGLDUSDT EOSUSDT ETCUSDT ETHUSDT FLMUSDT FTMUSDT HNTUSDT ICXUSDT IOSTUSDT IOTAUSDT KAVAUSDT KNCUSDT LINKUSDT LTCUSDT MKRUSDT NEOUSDT OMGUSDT ONTUSDT QTUMUSDT RLCUSDT RUNEUSDT SNXUSDT SOLUSDT SRMUSDT STORJUSDT SUSHIUSDT SXPUSDT THETAUSDT TRBUSDT TRXUSDT UNIUSDT VETUSDT WAVESUSDT XLMUSDT XMRUSDT XRPUSDT XTZUSDT YFIIUSDT YFIUSDT ZECUSDT ZILUSDT ZRXUSDT
2020-11-28,60,59,20,BTCUSDT ETHUSDT LINKUSDT YFIUSDT YFIIUSDT BCHUSDT UNIUSDT BNBUSDT LTCUSDT XRPUSDT DOTUSDT EOSUSDT ADAUSDT SUSHIUSDT XMRUSDT TRXUSDT SXPUSDT CRVUSDT THETAUSDT WAVESUSDT,ADAUSDT ALGOUSDT ATOMUSDT AVAXUSDT BALUSDT BANDUSDT BATUSDT BCHUSDT BLZUSDT BNBUSDT BTCUSDT BZRXUSDT COMPUSDT CRVUSDT DASHUSDT DOGEUSDT DOTUSDT EGLDUSDT EOSUSDT ETCUSDT ETHUSDT FLMUSDT FTMUSDT HNTUSDT ICXUSDT IOSTUSDT IOTAUSDT KAVAUSDT KNCUSDT LINKUSDT LTCUSDT MKRUSDT NEOUSDT OMGUSDT ONTUSDT QTUMUSDT RLCUSDT RUNEUSDT SNXUSDT SOLUSDT SRMUSDT STORJUSDT SUSHIUSDT SXPUSDT THETAUSDT TRBUSDT TRXUSDT UNIUSDT VETUSDT WAVESUSDT XLMUSDT XMRUSDT XRPUSDT XTZUSDT YFIIUSDT YFIUSDT ZECUSDT ZILUSDT ZRXUSDT
2020-12-05,69,69,20,BTCUSDT ETHUSDT XRPUSDT LINKUSDT YFIUSDT LTCUSDT BCHUSDT XLMUSDT UNIUSDT EOSUSDT ADAUSDT YFIIUSDT BNBUSDT SUSHIUSDT AAVEUSDT CRVUSDT DOTUSDT TRXUSDT SXPUSDT FILUSDT,AAVEUSDT ADAUSDT ALGOUSDT ATOMUSDT AVAXUSDT BALUSDT BANDUSDT BATUSDT BCHUSDT BLZUSDT BNBUSDT BTCUSDT BZRXUSDT COMPUSDT CRVUSDT DASHUSDT DOGEUSDT DOTUSDT EGLDUSDT ENJUSDT EOSUSDT ETCUSDT ETHUSDT FILUSDT FLMUSDT FTMUSDT HNTUSDT ICXUSDT IOSTUSDT IOTAUSDT KAVAUSDT KNCUSDT KSMUSDT LINKUSDT LRCUSDT LTCUSDT MATICUSDT MKRUSDT NEARUSDT NEOUSDT OMGUSDT ONTUSDT QTUMUSDT RENUSDT RLCUSDT RSRUSDT RUNEUSDT SNXUSDT SOLUSDT SRMUSDT STORJUSDT SUSHIUSDT SXPUSDT THETAUSDT TOMOUSDT TRBUSDT TRXUSDT UNIUSDT VETUSDT WAVESUSDT XLMUSDT XMRUSDT XRPUSDT XTZUSDT YFIIUSDT YFIUSDT ZECUSDT ZILUSDT ZRXUSDT
2020-12-12,69,69,20,BTCUSDT ETHUSDT XRPUSDT LINKUSDT YFIUSDT LTCUSDT BCHUSDT XLMUSDT UNIUSDT EOSUSDT ADAUSDT YFIIUSDT BNBUSDT SUSHIUSDT AAVEUSDT CRVUSDT DOTUSDT TRXUSDT SXPUSDT FILUSDT,AAVEUSDT ADAUSDT ALGOUSDT ATOMUSDT AVAXUSDT BALUSDT BANDUSDT BATUSDT BCHUSDT BLZUSDT BNBUSDT BTCUSDT BZRXUSDT COMPUSDT CRVUSDT DASHUSDT DOGEUSDT DOTUSDT EGLDUSDT ENJUSDT EOSUSDT ETCUSDT ETHUSDT FILUSDT FLMUSDT FTMUSDT HNTUSDT ICXUSDT IOSTUSDT IOTAUSDT KAVAUSDT KNCUSDT KSMUSDT LINKUSDT LRCUSDT LTCUSDT MATICUSDT MKRUSDT NEARUSDT NEOUSDT OMGUSDT ONTUSDT QTUMUSDT RENUSDT RLCUSDT RSRUSDT RUNEUSDT SNXUSDT SOLUSDT SRMUSDT STORJUSDT SUSHIUSDT SXPUSDT THETAUSDT TOMOUSDT TRBUSDT TRXUSDT UNIUSDT VETUSDT WAVESUSDT XLMUSDT XMRUSDT XRPUSDT XTZUSDT YFIIUSDT YFIUSDT ZECUSDT ZILUSDT ZRXUSDT
2020-12-19,69,69,20,BTCUSDT ETHUSDT XRPUSDT LINKUSDT YFIUSDT LTCUSDT BCHUSDT XLMUSDT UNIUSDT EOSUSDT ADAUSDT YFIIUSDT BNBUSDT SUSHIUSDT AAVEUSDT CRVUSDT DOTUSDT TRXUSDT SXPUSDT FILUSDT,AAVEUSDT ADAUSDT ALGOUSDT ATOMUSDT AVAXUSDT BALUSDT BANDUSDT BATUSDT BCHUSDT BLZUSDT BNBUSDT BTCUSDT BZRXUSDT COMPUSDT CRVUSDT DASHUSDT DOGEUSDT DOTUSDT EGLDUSDT ENJUSDT EOSUSDT ETCUSDT ETHUSDT FILUSDT FLMUSDT FTMUSDT HNTUSDT ICXUSDT IOSTUSDT IOTAUSDT KAVAUSDT KNCUSDT KSMUSDT LINKUSDT LRCUSDT LTCUSDT MATICUSDT MKRUSDT NEARUSDT NEOUSDT OMGUSDT ONTUSDT QTUMUSDT RENUSDT RLCUSDT RSRUSDT RUNEUSDT SNXUSDT SOLUSDT SRMUSDT STORJUSDT SUSHIUSDT SXPUSDT THETAUSDT TOMOUSDT TRBUSDT TRXUSDT UNIUSDT VETUSDT WAVESUSDT XLMUSDT XMRUSDT XRPUSDT XTZUSDT YFIIUSDT YFIUSDT ZECUSDT ZILUSDT ZRXUSDT
2020-12-26,69,69,20,BTCUSDT ETHUSDT XRPUSDT LINKUSDT YFIUSDT LTCUSDT BCHUSDT XLMUSDT UNIUSDT EOSUSDT ADAUSDT YFIIUSDT BNBUSDT SUSHIUSDT AAVEUSDT CRVUSDT DOTUSDT TRXUSDT SXPUSDT FILUSDT,AAVEUSDT ADAUSDT ALGOUSDT ATOMUSDT AVAXUSDT BALUSDT BANDUSDT BATUSDT BCHUSDT BLZUSDT BNBUSDT BTCUSDT BZRXUSDT COMPUSDT CRVUSDT DASHUSDT DOGEUSDT DOTUSDT EGLDUSDT ENJUSDT EOSUSDT ETCUSDT ETHUSDT FILUSDT FLMUSDT FTMUSDT HNTUSDT ICXUSDT IOSTUSDT IOTAUSDT KAVAUSDT KNCUSDT KSMUSDT LINKUSDT LRCUSDT LTCUSDT MATICUSDT MKRUSDT NEARUSDT NEOUSDT OMGUSDT ONTUSDT QTUMUSDT RENUSDT RLCUSDT RSRUSDT RUNEUSDT SNXUSDT SOLUSDT SRMUSDT STORJUSDT SUSHIUSDT SXPUSDT THETAUSDT TOMOUSDT TRBUSDT TRXUSDT UNIUSDT VETUSDT WAVESUSDT XLMUSDT XMRUSDT XRPUSDT XTZUSDT YFIIUSDT YFIUSDT ZECUSDT ZILUSDT ZRXUSDT
2021-01-02,76,76,20,BTCUSDT ETHUSDT XRPUSDT LTCUSDT LINKUSDT BCHUSDT YFIUSDT SUSHIUSDT XLMUSDT ADAUSDT EOSUSDT BNBUSDT DOTUSDT UNIUSDT ZILUSDT AAVEUSDT EGLDUSDT THETAUSDT TRXUSDT ETCUSDT,AAVEUSDT ADAUSDT ALGOUSDT ALPHAUSDT ATOMUSDT AVAXUSDT AXSUSDT BALUSDT BANDUSDT BATUSDT BCHUSDT BELUSDT BLZUSDT BNBUSDT BTCUSDT BZRXUSDT COMPUSDT CRVUSDT CTKUSDT CVCUSDT DASHUSDT DOGEUSDT DOTUSDT EGLDUSDT ENJUSDT EOSUSDT ETCUSDT ETHUSDT FILUSDT FLMUSDT FTMUSDT HNTUSDT ICXUSDT IOSTUSDT IOTAUSDT KAVAUSDT KNCUSDT KSMUSDT LINKUSDT LRCUSDT LTCUSDT MATICUSDT MKRUSDT NEARUSDT NEOUSDT OCEANUSDT OMGUSDT ONTUSDT QTUMUSDT RENUSDT RLCUSDT RSRUSDT RUNEUSDT SNXUSDT SOLUSDT SRMUSDT STORJUSDT SUSHIUSDT SXPUSDT THETAUSDT TOMOUSDT TRBUSDT TRXUSDT UNIUSDT VETUSDT WAVESUSDT XLMUSDT XMRUSDT XRPUSDT XTZUSDT YFIIUSDT YFIUSDT ZECUSDT ZENUSDT ZILUSDT ZRXUSDT
2021-01-09,76,76,20,BTCUSDT ETHUSDT XRPUSDT LTCUSDT LINKUSDT BCHUSDT YFIUSDT SUSHIUSDT XLMUSDT ADAUSDT EOSUSDT BNBUSDT DOTUSDT UNIUSDT ZILUSDT AAVEUSDT EGLDUSDT THETAUSDT TRXUSDT ETCUSDT,AAVEUSDT ADAUSDT ALGOUSDT ALPHAUSDT ATOMUSDT AVAXUSDT AXSUSDT BALUSDT BANDUSDT BATUSDT BCHUSDT BELUSDT BLZUSDT BNBUSDT BTCUSDT BZRXUSDT COMPUSDT CRVUSDT CTKUSDT CVCUSDT DASHUSDT DOGEUSDT DOTUSDT EGLDUSDT ENJUSDT EOSUSDT ETCUSDT ETHUSDT FILUSDT FLMUSDT FTMUSDT HNTUSDT ICXUSDT IOSTUSDT IOTAUSDT KAVAUSDT KNCUSDT KSMUSDT LINKUSDT LRCUSDT LTCUSDT MATICUSDT MKRUSDT NEARUSDT NEOUSDT OCEANUSDT OMGUSDT ONTUSDT QTUMUSDT RENUSDT RLCUSDT RSRUSDT RUNEUSDT SNXUSDT SOLUSDT SRMUSDT STORJUSDT SUSHIUSDT SXPUSDT THETAUSDT TOMOUSDT TRBUSDT TRXUSDT UNIUSDT VETUSDT WAVESUSDT XLMUSDT XMRUSDT XRPUSDT XTZUSDT YFIIUSDT YFIUSDT ZECUSDT ZENUSDT ZILUSDT ZRXUSDT
2021-01-16,76,76,20,BTCUSDT ETHUSDT XRPUSDT LTCUSDT LINKUSDT BCHUSDT YFIUSDT SUSHIUSDT XLMUSDT ADAUSDT EOSUSDT BNBUSDT DOTUSDT UNIUSDT ZILUSDT AAVEUSDT EGLDUSDT THETAUSDT TRXUSDT ETCUSDT,AAVEUSDT ADAUSDT ALGOUSDT ALPHAUSDT ATOMUSDT AVAXUSDT AXSUSDT BALUSDT BANDUSDT BATUSDT BCHUSDT BELUSDT BLZUSDT BNBUSDT BTCUSDT BZRXUSDT COMPUSDT CRVUSDT CTKUSDT CVCUSDT DASHUSDT DOGEUSDT DOTUSDT EGLDUSDT ENJUSDT EOSUSDT ETCUSDT ETHUSDT FILUSDT FLMUSDT FTMUSDT HNTUSDT ICXUSDT IOSTUSDT IOTAUSDT KAVAUSDT KNCUSDT KSMUSDT LINKUSDT LRCUSDT LTCUSDT MATICUSDT MKRUSDT NEARUSDT NEOUSDT OCEANUSDT OMGUSDT ONTUSDT QTUMUSDT RENUSDT RLCUSDT RSRUSDT RUNEUSDT SNXUSDT SOLUSDT SRMUSDT STORJUSDT SUSHIUSDT SXPUSDT THETAUSDT TOMOUSDT TRBUSDT TRXUSDT UNIUSDT VETUSDT WAVESUSDT XLMUSDT XMRUSDT XRPUSDT XTZUSDT YFIIUSDT YFIUSDT ZECUSDT ZENUSDT ZILUSDT ZRXUSDT
2021-01-23,76,76,20,BTCUSDT ETHUSDT XRPUSDT LTCUSDT LINKUSDT BCHUSDT YFIUSDT SUSHIUSDT XLMUSDT ADAUSDT EOSUSDT BNBUSDT DOTUSDT UNIUSDT ZILUSDT AAVEUSDT EGLDUSDT THETAUSDT TRXUSDT ETCUSDT,AAVEUSDT ADAUSDT ALGOUSDT ALPHAUSDT ATOMUSDT AVAXUSDT AXSUSDT BALUSDT BANDUSDT BATUSDT BCHUSDT BELUSDT BLZUSDT BNBUSDT BTCUSDT BZRXUSDT COMPUSDT CRVUSDT CTKUSDT CVCUSDT DASHUSDT DOGEUSDT DOTUSDT EGLDUSDT ENJUSDT EOSUSDT ETCUSDT ETHUSDT FILUSDT FLMUSDT FTMUSDT HNTUSDT ICXUSDT IOSTUSDT IOTAUSDT KAVAUSDT KNCUSDT KSMUSDT LINKUSDT LRCUSDT LTCUSDT MATICUSDT MKRUSDT NEARUSDT NEOUSDT OCEANUSDT OMGUSDT ONTUSDT QTUMUSDT RENUSDT RLCUSDT RSRUSDT RUNEUSDT SNXUSDT SOLUSDT SRMUSDT STORJUSDT SUSHIUSDT SXPUSDT THETAUSDT TOMOUSDT TRBUSDT TRXUSDT UNIUSDT VETUSDT WAVESUSDT XLMUSDT XMRUSDT XRPUSDT XTZUSDT YFIIUSDT YFIUSDT ZECUSDT ZENUSDT ZILUSDT ZRXUSDT
2021-01-30,76,76,20,BTCUSDT ETHUSDT XRPUSDT LTCUSDT LINKUSDT BCHUSDT YFIUSDT SUSHIUSDT XLMUSDT ADAUSDT EOSUSDT BNBUSDT DOTUSDT UNIUSDT ZILUSDT AAVEUSDT EGLDUSDT THETAUSDT TRXUSDT ETCUSDT,AAVEUSDT ADAUSDT ALGOUSDT ALPHAUSDT ATOMUSDT AVAXUSDT AXSUSDT BALUSDT BANDUSDT BATUSDT BCHUSDT BELUSDT BLZUSDT BNBUSDT BTCUSDT BZRXUSDT COMPUSDT CRVUSDT CTKUSDT CVCUSDT DASHUSDT DOGEUSDT DOTUSDT EGLDUSDT ENJUSDT EOSUSDT ETCUSDT ETHUSDT FILUSDT FLMUSDT FTMUSDT HNTUSDT ICXUSDT IOSTUSDT IOTAUSDT KAVAUSDT KNCUSDT KSMUSDT LINKUSDT LRCUSDT LTCUSDT MATICUSDT MKRUSDT NEARUSDT NEOUSDT OCEANUSDT OMGUSDT ONTUSDT QTUMUSDT RENUSDT RLCUSDT RSRUSDT RUNEUSDT SNXUSDT SOLUSDT SRMUSDT STORJUSDT SUSHIUSDT SXPUSDT THETAUSDT TOMOUSDT TRBUSDT TRXUSDT UNIUSDT VETUSDT WAVESUSDT XLMUSDT XMRUSDT XRPUSDT XTZUSDT YFIIUSDT YFIUSDT ZECUSDT ZENUSDT ZILUSDT ZRXUSDT
2021-02-06,79,79,20,BTCUSDT ETHUSDT XRPUSDT LINKUSDT LTCUSDT DOGEUSDT DOTUSDT BCHUSDT XLMUSDT ADAUSDT EOSUSDT UNIUSDT SUSHIUSDT YFIUSDT BNBUSDT TRXUSDT CRVUSDT MKRUSDT AAVEUSDT GRTUSDT,1INCHUSDT AAVEUSDT ADAUSDT ALGOUSDT ALPHAUSDT ATOMUSDT AVAXUSDT AXSUSDT BALUSDT BANDUSDT BATUSDT BCHUSDT BELUSDT BLZUSDT BNBUSDT BTCUSDT BZRXUSDT COMPUSDT CRVUSDT CTKUSDT CVCUSDT DASHUSDT DOGEUSDT DOTUSDT EGLDUSDT ENJUSDT EOSUSDT ETCUSDT ETHUSDT FILUSDT FLMUSDT FTMUSDT GRTUSDT HNTUSDT ICXUSDT IOSTUSDT IOTAUSDT KAVAUSDT KNCUSDT KSMUSDT LINKUSDT LRCUSDT LTCUSDT MATICUSDT MKRUSDT NEARUSDT NEOUSDT OCEANUSDT OMGUSDT ONTUSDT QTUMUSDT RENUSDT RLCUSDT RSRUSDT RUNEUSDT SKLUSDT SNXUSDT SOLUSDT SRMUSDT STORJUSDT SUSHIUSDT SXPUSDT THETAUSDT TOMOUSDT TRBUSDT TRXUSDT UNIUSDT VETUSDT WAVESUSDT XLMUSDT XMRUSDT XRPUSDT XTZUSDT YFIIUSDT YFIUSDT ZECUSDT ZENUSDT ZILUSDT ZRXUSDT
2021-02-13,79,79,20,BTCUSDT ETHUSDT XRPUSDT LINKUSDT LTCUSDT DOGEUSDT DOTUSDT BCHUSDT XLMUSDT ADAUSDT EOSUSDT UNIUSDT SUSHIUSDT YFIUSDT BNBUSDT TRXUSDT CRVUSDT MKRUSDT AAVEUSDT GRTUSDT,1INCHUSDT AAVEUSDT ADAUSDT ALGOUSDT ALPHAUSDT ATOMUSDT AVAXUSDT AXSUSDT BALUSDT BANDUSDT BATUSDT BCHUSDT BELUSDT BLZUSDT BNBUSDT BTCUSDT BZRXUSDT COMPUSDT CRVUSDT CTKUSDT CVCUSDT DASHUSDT DOGEUSDT DOTUSDT EGLDUSDT ENJUSDT EOSUSDT ETCUSDT ETHUSDT FILUSDT FLMUSDT FTMUSDT GRTUSDT HNTUSDT ICXUSDT IOSTUSDT IOTAUSDT KAVAUSDT KNCUSDT KSMUSDT LINKUSDT LRCUSDT LTCUSDT MATICUSDT MKRUSDT NEARUSDT NEOUSDT OCEANUSDT OMGUSDT ONTUSDT QTUMUSDT RENUSDT RLCUSDT RSRUSDT RUNEUSDT SKLUSDT SNXUSDT SOLUSDT SRMUSDT STORJUSDT SUSHIUSDT SXPUSDT THETAUSDT TOMOUSDT TRBUSDT TRXUSDT UNIUSDT VETUSDT WAVESUSDT XLMUSDT XMRUSDT XRPUSDT XTZUSDT YFIIUSDT YFIUSDT ZECUSDT ZENUSDT ZILUSDT ZRXUSDT
2021-02-20,79,79,20,BTCUSDT ETHUSDT XRPUSDT LINKUSDT LTCUSDT DOGEUSDT DOTUSDT BCHUSDT XLMUSDT ADAUSDT EOSUSDT UNIUSDT SUSHIUSDT YFIUSDT BNBUSDT TRXUSDT CRVUSDT MKRUSDT AAVEUSDT GRTUSDT,1INCHUSDT AAVEUSDT ADAUSDT ALGOUSDT ALPHAUSDT ATOMUSDT AVAXUSDT AXSUSDT BALUSDT BANDUSDT BATUSDT BCHUSDT BELUSDT BLZUSDT BNBUSDT BTCUSDT BZRXUSDT COMPUSDT CRVUSDT CTKUSDT CVCUSDT DASHUSDT DOGEUSDT DOTUSDT EGLDUSDT ENJUSDT EOSUSDT ETCUSDT ETHUSDT FILUSDT FLMUSDT FTMUSDT GRTUSDT HNTUSDT ICXUSDT IOSTUSDT IOTAUSDT KAVAUSDT KNCUSDT KSMUSDT LINKUSDT LRCUSDT LTCUSDT MATICUSDT MKRUSDT NEARUSDT NEOUSDT OCEANUSDT OMGUSDT ONTUSDT QTUMUSDT RENUSDT RLCUSDT RSRUSDT RUNEUSDT SKLUSDT SNXUSDT SOLUSDT SRMUSDT STORJUSDT SUSHIUSDT SXPUSDT THETAUSDT TOMOUSDT TRBUSDT TRXUSDT UNIUSDT VETUSDT WAVESUSDT XLMUSDT XMRUSDT XRPUSDT XTZUSDT YFIIUSDT YFIUSDT ZECUSDT ZENUSDT ZILUSDT ZRXUSDT
2021-02-27,79,79,20,BTCUSDT ETHUSDT XRPUSDT LINKUSDT LTCUSDT DOGEUSDT DOTUSDT BCHUSDT XLMUSDT ADAUSDT EOSUSDT UNIUSDT SUSHIUSDT YFIUSDT BNBUSDT TRXUSDT CRVUSDT MKRUSDT AAVEUSDT GRTUSDT,1INCHUSDT AAVEUSDT ADAUSDT ALGOUSDT ALPHAUSDT ATOMUSDT AVAXUSDT AXSUSDT BALUSDT BANDUSDT BATUSDT BCHUSDT BELUSDT BLZUSDT BNBUSDT BTCUSDT BZRXUSDT COMPUSDT CRVUSDT CTKUSDT CVCUSDT DASHUSDT DOGEUSDT DOTUSDT EGLDUSDT ENJUSDT EOSUSDT ETCUSDT ETHUSDT FILUSDT FLMUSDT FTMUSDT GRTUSDT HNTUSDT ICXUSDT IOSTUSDT IOTAUSDT KAVAUSDT KNCUSDT KSMUSDT LINKUSDT LRCUSDT LTCUSDT MATICUSDT MKRUSDT NEARUSDT NEOUSDT OCEANUSDT OMGUSDT ONTUSDT QTUMUSDT RENUSDT RLCUSDT RSRUSDT RUNEUSDT SKLUSDT SNXUSDT SOLUSDT SRMUSDT STORJUSDT SUSHIUSDT SXPUSDT THETAUSDT TOMOUSDT TRBUSDT TRXUSDT UNIUSDT VETUSDT WAVESUSDT XLMUSDT XMRUSDT XRPUSDT XTZUSDT YFIIUSDT YFIUSDT ZECUSDT ZENUSDT ZILUSDT ZRXUSDT
2021-03-06,85,85,20,BTCUSDT ETHUSDT BNBUSDT XRPUSDT ADAUSDT LTCUSDT DOGEUSDT DOTUSDT LINKUSDT BCHUSDT EOSUSDT UNIUSDT XLMUSDT AAVEUSDT SUSHIUSDT GRTUSDT TRXUSDT SXPUSDT AVAXUSDT FILUSDT,1INCHUSDT AAVEUSDT ADAUSDT AKROUSDT ALGOUSDT ALPHAUSDT ANKRUSDT ATOMUSDT AVAXUSDT AXSUSDT BALUSDT BANDUSDT BATUSDT BCHUSDT BELUSDT BLZUSDT BNBUSDT BTCUSDT BTSUSDT BZRXUSDT CHZUSDT COMPUSDT CRVUSDT CTKUSDT CVCUSDT DASHUSDT DOGEUSDT DOTUSDT EGLDUSDT ENJUSDT EOSUSDT ETCUSDT ETHUSDT FILUSDT FLMUSDT FTMUSDT GRTUSDT HNTUSDT ICXUSDT IOSTUSDT IOTAUSDT KAVAUSDT KNCUSDT KSMUSDT LINKUSDT LRCUSDT LTCUSDT LUNAUSDT MATICUSDT MKRUSDT NEARUSDT NEOUSDT OCEANUSDT OMGUSDT ONTUSDT QTUMUSDT RENUSDT RLCUSDT RSRUSDT RUNEUSDT SANDUSDT SKLUSDT SNXUSDT SOLUSDT SRMUSDT STORJUSDT SUSHIUSDT SXPUSDT THETAUSDT TOMOUSDT TRBUSDT TRXUSDT UNIUSDT VETUSDT WAVESUSDT XLMUSDT XMRUSDT XRPUSDT XTZUSDT YFIIUSDT YFIUSDT ZECUSDT ZENUSDT ZILUSDT ZRXUSDT
2021-03-13,85,85,20,BTCUSDT ETHUSDT BNBUSDT XRPUSDT ADAUSDT LTCUSDT DOGEUSDT DOTUSDT LINKUSDT BCHUSDT EOSUSDT UNIUSDT XLMUSDT AAVEUSDT SUSHIUSDT GRTUSDT TRXUSDT SXPUSDT AVAXUSDT FILUSDT,1INCHUSDT AAVEUSDT ADAUSDT AKROUSDT ALGOUSDT ALPHAUSDT ANKRUSDT ATOMUSDT AVAXUSDT AXSUSDT BALUSDT BANDUSDT BATUSDT BCHUSDT BELUSDT BLZUSDT BNBUSDT BTCUSDT BTSUSDT BZRXUSDT CHZUSDT COMPUSDT CRVUSDT CTKUSDT CVCUSDT DASHUSDT DOGEUSDT DOTUSDT EGLDUSDT ENJUSDT EOSUSDT ETCUSDT ETHUSDT FILUSDT FLMUSDT FTMUSDT GRTUSDT HNTUSDT ICXUSDT IOSTUSDT IOTAUSDT KAVAUSDT KNCUSDT KSMUSDT LINKUSDT LRCUSDT LTCUSDT LUNAUSDT MATICUSDT MKRUSDT NEARUSDT NEOUSDT OCEANUSDT OMGUSDT ONTUSDT QTUMUSDT RENUSDT RLCUSDT RSRUSDT RUNEUSDT SANDUSDT SKLUSDT SNXUSDT SOLUSDT SRMUSDT STORJUSDT SUSHIUSDT SXPUSDT THETAUSDT TOMOUSDT TRBUSDT TRXUSDT UNIUSDT VETUSDT WAVESUSDT XLMUSDT XMRUSDT XRPUSDT XTZUSDT YFIIUSDT YFIUSDT ZECUSDT ZENUSDT ZILUSDT ZRXUSDT
2021-03-20,85,85,20,BTCUSDT ETHUSDT BNBUSDT XRPUSDT ADAUSDT LTCUSDT DOGEUSDT DOTUSDT LINKUSDT BCHUSDT EOSUSDT UNIUSDT XLMUSDT AAVEUSDT SUSHIUSDT GRTUSDT TRXUSDT SXPUSDT AVAXUSDT FILUSDT,1INCHUSDT AAVEUSDT ADAUSDT AKROUSDT ALGOUSDT ALPHAUSDT ANKRUSDT ATOMUSDT AVAXUSDT AXSUSDT BALUSDT BANDUSDT BATUSDT BCHUSDT BELUSDT BLZUSDT BNBUSDT BTCUSDT BTSUSDT BZRXUSDT CHZUSDT COMPUSDT CRVUSDT CTKUSDT CVCUSDT DASHUSDT DOGEUSDT DOTUSDT EGLDUSDT ENJUSDT EOSUSDT ETCUSDT ETHUSDT FILUSDT FLMUSDT FTMUSDT GRTUSDT HNTUSDT ICXUSDT IOSTUSDT IOTAUSDT KAVAUSDT KNCUSDT KSMUSDT LINKUSDT LRCUSDT LTCUSDT LUNAUSDT MATICUSDT MKRUSDT NEARUSDT NEOUSDT OCEANUSDT OMGUSDT ONTUSDT QTUMUSDT RENUSDT RLCUSDT RSRUSDT RUNEUSDT SANDUSDT SKLUSDT SNXUSDT SOLUSDT SRMUSDT STORJUSDT SUSHIUSDT SXPUSDT THETAUSDT TOMOUSDT TRBUSDT TRXUSDT UNIUSDT VETUSDT WAVESUSDT XLMUSDT XMRUSDT XRPUSDT XTZUSDT YFIIUSDT YFIUSDT ZECUSDT ZENUSDT ZILUSDT ZRXUSDT
2021-03-27,85,85,20,BTCUSDT ETHUSDT BNBUSDT XRPUSDT ADAUSDT LTCUSDT DOGEUSDT DOTUSDT LINKUSDT BCHUSDT EOSUSDT UNIUSDT XLMUSDT AAVEUSDT SUSHIUSDT GRTUSDT TRXUSDT SXPUSDT AVAXUSDT FILUSDT,1INCHUSDT AAVEUSDT ADAUSDT AKROUSDT ALGOUSDT ALPHAUSDT ANKRUSDT ATOMUSDT AVAXUSDT AXSUSDT BALUSDT BANDUSDT BATUSDT BCHUSDT BELUSDT BLZUSDT BNBUSDT BTCUSDT BTSUSDT BZRXUSDT CHZUSDT COMPUSDT CRVUSDT CTKUSDT CVCUSDT DASHUSDT DOGEUSDT DOTUSDT EGLDUSDT ENJUSDT EOSUSDT ETCUSDT ETHUSDT FILUSDT FLMUSDT FTMUSDT GRTUSDT HNTUSDT ICXUSDT IOSTUSDT IOTAUSDT KAVAUSDT KNCUSDT KSMUSDT LINKUSDT LRCUSDT LTCUSDT LUNAUSDT MATICUSDT MKRUSDT NEARUSDT NEOUSDT OCEANUSDT OMGUSDT ONTUSDT QTUMUSDT RENUSDT RLCUSDT RSRUSDT RUNEUSDT SANDUSDT SKLUSDT SNXUSDT SOLUSDT SRMUSDT STORJUSDT SUSHIUSDT SXPUSDT THETAUSDT TOMOUSDT TRBUSDT TRXUSDT UNIUSDT VETUSDT WAVESUSDT XLMUSDT XMRUSDT XRPUSDT XTZUSDT YFIIUSDT YFIUSDT ZECUSDT ZENUSDT ZILUSDT ZRXUSDT
2021-04-03,91,91,20,BTCUSDT ETHUSDT BNBUSDT ADAUSDT CHZUSDT XRPUSDT FILUSDT DOTUSDT LTCUSDT UNIUSDT LINKUSDT THETAUSDT ENJUSDT TRXUSDT EOSUSDT BCHUSDT SXPUSDT SUSHIUSDT AVAXUSDT STORJUSDT,1INCHUSDT AAVEUSDT ADAUSDT AKROUSDT ALGOUSDT ALPHAUSDT ANKRUSDT ATOMUSDT AVAXUSDT AXSUSDT BALUSDT BANDUSDT BATUSDT BCHUSDT BELUSDT BLZUSDT BNBUSDT BTCUSDT BTSUSDT BZRXUSDT CHZUSDT COMPUSDT CRVUSDT CTKUSDT CVCUSDT DASHUSDT DODOUSDT DOGEUSDT DOTUSDT EGLDUSDT ENJUSDT EOSUSDT ETCUSDT ETHUSDT FILUSDT FLMUSDT FTMUSDT GRTUSDT HNTUSDT ICXUSDT IOSTUSDT IOTAUSDT KAVAUSDT KNCUSDT KSMUSDT LINKUSDT LITUSDT LRCUSDT LTCUSDT LUNAUSDT MATICUSDT MKRUSDT NEARUSDT NEOUSDT OCEANUSDT OMGUSDT ONTUSDT QTUMUSDT REEFUSDT RENUSDT RLCUSDT RSRUSDT RUNEUSDT RVNUSDT SANDUSDT SFPUSDT SKLUSDT SNXUSDT SOLUSDT SRMUSDT STORJUSDT SUSHIUSDT SXPUSDT THETAUSDT TOMOUSDT TRBUSDT TRXUSDT UNFIUSDT UNIUSDT VETUSDT WAVESUSDT XLMUSDT XMRUSDT XRPUSDT XTZUSDT YFIIUSDT YFIUSDT ZECUSDT ZENUSDT ZILUSDT ZRXUSDT
2021-04-10,91,91,20,BTCUSDT ETHUSDT BNBUSDT ADAUSDT CHZUSDT XRPUSDT FILUSDT DOTUSDT LTCUSDT UNIUSDT LINKUSDT THETAUSDT ENJUSDT TRXUSDT EOSUSDT BCHUSDT SXPUSDT SUSHIUSDT AVAXUSDT STORJUSDT,1INCHUSDT AAVEUSDT ADAUSDT AKROUSDT ALGOUSDT ALPHAUSDT ANKRUSDT ATOMUSDT AVAXUSDT AXSUSDT BALUSDT BANDUSDT BATUSDT BCHUSDT BELUSDT BLZUSDT BNBUSDT BTCUSDT BTSUSDT BZRXUSDT CHZUSDT COMPUSDT CRVUSDT CTKUSDT CVCUSDT DASHUSDT DODOUSDT DOGEUSDT DOTUSDT EGLDUSDT ENJUSDT EOSUSDT ETCUSDT ETHUSDT FILUSDT FLMUSDT FTMUSDT GRTUSDT HNTUSDT ICXUSDT IOSTUSDT IOTAUSDT KAVAUSDT KNCUSDT KSMUSDT LINKUSDT LITUSDT LRCUSDT LTCUSDT LUNAUSDT MATICUSDT MKRUSDT NEARUSDT NEOUSDT OCEANUSDT OMGUSDT ONTUSDT QTUMUSDT REEFUSDT RENUSDT RLCUSDT RSRUSDT RUNEUSDT RVNUSDT SANDUSDT SFPUSDT SKLUSDT SNXUSDT SOLUSDT SRMUSDT STORJUSDT SUSHIUSDT SXPUSDT THETAUSDT TOMOUSDT TRBUSDT TRXUSDT UNFIUSDT UNIUSDT VETUSDT WAVESUSDT XLMUSDT XMRUSDT XRPUSDT XTZUSDT YFIIUSDT YFIUSDT ZECUSDT ZENUSDT ZILUSDT ZRXUSDT
2021-04-17,91,91,20,BTCUSDT ETHUSDT BNBUSDT ADAUSDT CHZUSDT XRPUSDT FILUSDT DOTUSDT LTCUSDT UNIUSDT LINKUSDT THETAUSDT ENJUSDT TRXUSDT EOSUSDT BCHUSDT SXPUSDT SUSHIUSDT AVAXUSDT STORJUSDT,1INCHUSDT AAVEUSDT ADAUSDT AKROUSDT ALGOUSDT ALPHAUSDT ANKRUSDT ATOMUSDT AVAXUSDT AXSUSDT BALUSDT BANDUSDT BATUSDT BCHUSDT BELUSDT BLZUSDT BNBUSDT BTCUSDT BTSUSDT BZRXUSDT CHZUSDT COMPUSDT CRVUSDT CTKUSDT CVCUSDT DASHUSDT DODOUSDT DOGEUSDT DOTUSDT EGLDUSDT ENJUSDT EOSUSDT ETCUSDT ETHUSDT FILUSDT FLMUSDT FTMUSDT GRTUSDT HNTUSDT ICXUSDT IOSTUSDT IOTAUSDT KAVAUSDT KNCUSDT KSMUSDT LINKUSDT LITUSDT LRCUSDT LTCUSDT LUNAUSDT MATICUSDT MKRUSDT NEARUSDT NEOUSDT OCEANUSDT OMGUSDT ONTUSDT QTUMUSDT REEFUSDT RENUSDT RLCUSDT RSRUSDT RUNEUSDT RVNUSDT SANDUSDT SFPUSDT SKLUSDT SNXUSDT SOLUSDT SRMUSDT STORJUSDT SUSHIUSDT SXPUSDT THETAUSDT TOMOUSDT TRBUSDT TRXUSDT UNFIUSDT UNIUSDT VETUSDT WAVESUSDT XLMUSDT XMRUSDT XRPUSDT XTZUSDT YFIIUSDT YFIUSDT ZECUSDT ZENUSDT ZILUSDT ZRXUSDT
2021-04-24,91,91,20,BTCUSDT ETHUSDT BNBUSDT ADAUSDT CHZUSDT XRPUSDT FILUSDT DOTUSDT LTCUSDT UNIUSDT LINKUSDT THETAUSDT ENJUSDT TRXUSDT EOSUSDT BCHUSDT SXPUSDT SUSHIUSDT AVAXUSDT STORJUSDT,1INCHUSDT AAVEUSDT ADAUSDT AKROUSDT ALGOUSDT ALPHAUSDT ANKRUSDT ATOMUSDT AVAXUSDT AXSUSDT BALUSDT BANDUSDT BATUSDT BCHUSDT BELUSDT BLZUSDT BNBUSDT BTCUSDT BTSUSDT BZRXUSDT CHZUSDT COMPUSDT CRVUSDT CTKUSDT CVCUSDT DASHUSDT DODOUSDT DOGEUSDT DOTUSDT EGLDUSDT ENJUSDT EOSUSDT ETCUSDT ETHUSDT FILUSDT FLMUSDT FTMUSDT GRTUSDT HNTUSDT ICXUSDT IOSTUSDT IOTAUSDT KAVAUSDT KNCUSDT KSMUSDT LINKUSDT LITUSDT LRCUSDT LTCUSDT LUNAUSDT MATICUSDT MKRUSDT NEARUSDT NEOUSDT OCEANUSDT OMGUSDT ONTUSDT QTUMUSDT REEFUSDT RENUSDT RLCUSDT RSRUSDT RUNEUSDT RVNUSDT SANDUSDT SFPUSDT SKLUSDT SNXUSDT SOLUSDT SRMUSDT STORJUSDT SUSHIUSDT SXPUSDT THETAUSDT TOMOUSDT TRBUSDT TRXUSDT UNFIUSDT UNIUSDT VETUSDT WAVESUSDT XLMUSDT XMRUSDT XRPUSDT XTZUSDT YFIIUSDT YFIUSDT ZECUSDT ZENUSDT ZILUSDT ZRXUSDT
2021-05-01,105,105,20,BTCUSDT ETHUSDT XRPUSDT BNBUSDT DOGEUSDT LTCUSDT ADAUSDT TRXUSDT FILUSDT EOSUSDT BCHUSDT LINKUSDT DOTUSDT ETCUSDT VETUSDT CHZUSDT XLMUSDT UNIUSDT SOLUSDT SXPUSDT,1INCHUSDT AAVEUSDT ADAUSDT AKROUSDT ALGOUSDT ALICEUSDT ALPHAUSDT ANKRUSDT ATOMUSDT AVAXUSDT AXSUSDT BALUSDT BANDUSDT BATUSDT BCHUSDT BELUSDT BLZUSDT BNBUSDT BTCUSDT BTSUSDT BZRXUSDT CELRUSDT CHRUSDT CHZUSDT COMPUSDT COTIUSDT CRVUSDT CTKUSDT CVCUSDT DASHUSDT DENTUSDT DODOUSDT DOGEUSDT DOTUSDT EGLDUSDT ENJUSDT EOSUSDT ETCUSDT ETHUSDT FILUSDT FLMUSDT FTMUSDT GRTUSDT HBARUSDT HNTUSDT HOTUSDT ICXUSDT IOSTUSDT IOTAUSDT KAVAUSDT KNCUSDT KSMUSDT LINAUSDT LINKUSDT LITUSDT LRCUSDT LTCUSDT LUNAUSDT MANAUSDT MATICUSDT MKRUSDT MTLUSDT NEARUSDT NEOUSDT OCEANUSDT OGNUSDT OMGUSDT ONEUSDT ONTUSDT QTUMUSDT REEFUSDT RENUSDT RLCUSDT RSRUSDT RUNEUSDT RVNUSDT SANDUSDT SFPUSDT SKLUSDT SNXUSDT SOLUSDT SRMUSDT STMXUSDT STORJUSDT SUSHIUSDT SXPUSDT THETAUSDT TOMOUSDT TRBUSDT TRXUSDT UNFIUSDT UNIUSDT VETUSDT WAVESUSDT XEMUSDT XLMUSDT XMRUSDT XRPUSDT XTZUSDT YFIIUSDT YFIUSDT ZECUSDT ZENUSDT ZILUSDT ZRXUSDT
2021-05-08,105,105,20,BTCUSDT ETHUSDT XRPUSDT BNBUSDT DOGEUSDT LTCUSDT ADAUSDT TRXUSDT FILUSDT EOSUSDT BCHUSDT LINKUSDT DOTUSDT ETCUSDT VETUSDT CHZUSDT XLMUSDT UNIUSDT SOLUSDT SXPUSDT,1INCHUSDT AAVEUSDT ADAUSDT AKROUSDT ALGOUSDT ALICEUSDT ALPHAUSDT ANKRUSDT ATOMUSDT AVAXUSDT AXSUSDT BALUSDT BANDUSDT BATUSDT BCHUSDT BELUSDT BLZUSDT BNBUSDT BTCUSDT BTSUSDT BZRXUSDT CELRUSDT CHRUSDT CHZUSDT COMPUSDT COTIUSDT CRVUSDT CTKUSDT CVCUSDT DASHUSDT DENTUSDT DODOUSDT DOGEUSDT DOTUSDT EGLDUSDT ENJUSDT EOSUSDT ETCUSDT ETHUSDT FILUSDT FLMUSDT FTMUSDT GRTUSDT HBARUSDT HNTUSDT HOTUSDT ICXUSDT IOSTUSDT IOTAUSDT KAVAUSDT KNCUSDT KSMUSDT LINAUSDT LINKUSDT LITUSDT LRCUSDT LTCUSDT LUNAUSDT MANAUSDT MATICUSDT MKRUSDT MTLUSDT NEARUSDT NEOUSDT OCEANUSDT OGNUSDT OMGUSDT ONEUSDT ONTUSDT QTUMUSDT REEFUSDT RENUSDT RLCUSDT RSRUSDT RUNEUSDT RVNUSDT SANDUSDT SFPUSDT SKLUSDT SNXUSDT SOLUSDT SRMUSDT STMXUSDT STORJUSDT SUSHIUSDT SXPUSDT THETAUSDT TOMOUSDT TRBUSDT TRXUSDT UNFIUSDT UNIUSDT VETUSDT WAVESUSDT XEMUSDT XLMUSDT XMRUSDT XRPUSDT XTZUSDT YFIIUSDT YFIUSDT ZECUSDT ZENUSDT ZILUSDT ZRXUSDT
2021-05-15,105,105,20,BTCUSDT ETHUSDT XRPUSDT BNBUSDT DOGEUSDT LTCUSDT ADAUSDT TRXUSDT FILUSDT EOSUSDT BCHUSDT LINKUSDT DOTUSDT ETCUSDT VETUSDT CHZUSDT XLMUSDT UNIUSDT SOLUSDT SXPUSDT,1INCHUSDT AAVEUSDT ADAUSDT AKROUSDT ALGOUSDT ALICEUSDT ALPHAUSDT ANKRUSDT ATOMUSDT AVAXUSDT AXSUSDT BALUSDT BANDUSDT BATUSDT BCHUSDT BELUSDT BLZUSDT BNBUSDT BTCUSDT BTSUSDT BZRXUSDT CELRUSDT CHRUSDT CHZUSDT COMPUSDT COTIUSDT CRVUSDT CTKUSDT CVCUSDT DASHUSDT DENTUSDT DODOUSDT DOGEUSDT DOTUSDT EGLDUSDT ENJUSDT EOSUSDT ETCUSDT ETHUSDT FILUSDT FLMUSDT FTMUSDT GRTUSDT HBARUSDT HNTUSDT HOTUSDT ICXUSDT IOSTUSDT IOTAUSDT KAVAUSDT KNCUSDT KSMUSDT LINAUSDT LINKUSDT LITUSDT LRCUSDT LTCUSDT LUNAUSDT MANAUSDT MATICUSDT MKRUSDT MTLUSDT NEARUSDT NEOUSDT OCEANUSDT OGNUSDT OMGUSDT ONEUSDT ONTUSDT QTUMUSDT REEFUSDT RENUSDT RLCUSDT RSRUSDT RUNEUSDT RVNUSDT SANDUSDT SFPUSDT SKLUSDT SNXUSDT SOLUSDT SRMUSDT STMXUSDT STORJUSDT SUSHIUSDT SXPUSDT THETAUSDT TOMOUSDT TRBUSDT TRXUSDT UNFIUSDT UNIUSDT VETUSDT WAVESUSDT XEMUSDT XLMUSDT XMRUSDT XRPUSDT XTZUSDT YFIIUSDT YFIUSDT ZECUSDT ZENUSDT ZILUSDT ZRXUSDT
2021-05-22,105,105,20,BTCUSDT ETHUSDT XRPUSDT BNBUSDT DOGEUSDT LTCUSDT ADAUSDT TRXUSDT FILUSDT EOSUSDT BCHUSDT LINKUSDT DOTUSDT ETCUSDT VETUSDT CHZUSDT XLMUSDT UNIUSDT SOLUSDT SXPUSDT,1INCHUSDT AAVEUSDT ADAUSDT AKROUSDT ALGOUSDT ALICEUSDT ALPHAUSDT ANKRUSDT ATOMUSDT AVAXUSDT AXSUSDT BALUSDT BANDUSDT BATUSDT BCHUSDT BELUSDT BLZUSDT BNBUSDT BTCUSDT BTSUSDT BZRXUSDT CELRUSDT CHRUSDT CHZUSDT COMPUSDT COTIUSDT CRVUSDT CTKUSDT CVCUSDT DASHUSDT DENTUSDT DODOUSDT DOGEUSDT DOTUSDT EGLDUSDT ENJUSDT EOSUSDT ETCUSDT ETHUSDT FILUSDT FLMUSDT FTMUSDT GRTUSDT HBARUSDT HNTUSDT HOTUSDT ICXUSDT IOSTUSDT IOTAUSDT KAVAUSDT KNCUSDT KSMUSDT LINAUSDT LINKUSDT LITUSDT LRCUSDT LTCUSDT LUNAUSDT MANAUSDT MATICUSDT MKRUSDT MTLUSDT NEARUSDT NEOUSDT OCEANUSDT OGNUSDT OMGUSDT ONEUSDT ONTUSDT QTUMUSDT REEFUSDT RENUSDT RLCUSDT RSRUSDT RUNEUSDT RVNUSDT SANDUSDT SFPUSDT SKLUSDT SNXUSDT SOLUSDT SRMUSDT STMXUSDT STORJUSDT SUSHIUSDT SXPUSDT THETAUSDT TOMOUSDT TRBUSDT TRXUSDT UNFIUSDT UNIUSDT VETUSDT WAVESUSDT XEMUSDT XLMUSDT XMRUSDT XRPUSDT XTZUSDT YFIIUSDT YFIUSDT ZECUSDT ZENUSDT ZILUSDT ZRXUSDT
2021-05-29,105,105,20,BTCUSDT ETHUSDT XRPUSDT BNBUSDT DOGEUSDT LTCUSDT ADAUSDT TRXUSDT FILUSDT EOSUSDT BCHUSDT LINKUSDT DOTUSDT ETCUSDT VETUSDT CHZUSDT XLMUSDT UNIUSDT SOLUSDT SXPUSDT,1INCHUSDT AAVEUSDT ADAUSDT AKROUSDT ALGOUSDT ALICEUSDT ALPHAUSDT ANKRUSDT ATOMUSDT AVAXUSDT AXSUSDT BALUSDT BANDUSDT BATUSDT BCHUSDT BELUSDT BLZUSDT BNBUSDT BTCUSDT BTSUSDT BZRXUSDT CELRUSDT CHRUSDT CHZUSDT COMPUSDT COTIUSDT CRVUSDT CTKUSDT CVCUSDT DASHUSDT DENTUSDT DODOUSDT DOGEUSDT DOTUSDT EGLDUSDT ENJUSDT EOSUSDT ETCUSDT ETHUSDT FILUSDT FLMUSDT FTMUSDT GRTUSDT HBARUSDT HNTUSDT HOTUSDT ICXUSDT IOSTUSDT IOTAUSDT KAVAUSDT KNCUSDT KSMUSDT LINAUSDT LINKUSDT LITUSDT LRCUSDT LTCUSDT LUNAUSDT MANAUSDT MATICUSDT MKRUSDT MTLUSDT NEARUSDT NEOUSDT OCEANUSDT OGNUSDT OMGUSDT ONEUSDT ONTUSDT QTUMUSDT REEFUSDT RENUSDT RLCUSDT RSRUSDT RUNEUSDT RVNUSDT SANDUSDT SFPUSDT SKLUSDT SNXUSDT SOLUSDT SRMUSDT STMXUSDT STORJUSDT SUSHIUSDT SXPUSDT THETAUSDT TOMOUSDT TRBUSDT TRXUSDT UNFIUSDT UNIUSDT VETUSDT WAVESUSDT XEMUSDT XLMUSDT XMRUSDT XRPUSDT XTZUSDT YFIIUSDT YFIUSDT ZECUSDT ZENUSDT ZILUSDT ZRXUSDT
2021-06-05,109,109,20,BTCUSDT ETHUSDT DOGEUSDT XRPUSDT ETCUSDT BNBUSDT ADAUSDT EOSUSDT MATICUSDT LTCUSDT BCHUSDT DOTUSDT LINKUSDT XLMUSDT AAVEUSDT SOLUSDT TRXUSDT VETUSDT SUSHIUSDT UNIUSDT,1INCHUSDT AAVEUSDT ADAUSDT AKROUSDT ALGOUSDT ALICEUSDT ALPHAUSDT ANKRUSDT ATOMUSDT AVAXUSDT AXSUSDT BALUSDT BANDUSDT BATUSDT BCHUSDT BELUSDT BLZUSDT BNBUSDT BTCUSDT BTSUSDT BTTUSDT BZRXUSDT CELRUSDT CHRUSDT CHZUSDT COMPUSDT COTIUSDT CRVUSDT CTKUSDT CVCUSDT DASHUSDT DENTUSDT DGBUSDT DODOUSDT DOGEUSDT DOTUSDT EGLDUSDT ENJUSDT EOSUSDT ETCUSDT ETHUSDT FILUSDT FLMUSDT FTMUSDT GRTUSDT HBARUSDT HNTUSDT HOTUSDT ICXUSDT IOSTUSDT IOTAUSDT KAVAUSDT KNCUSDT KSMUSDT LINAUSDT LINKUSDT LITUSDT LRCUSDT LTCUSDT LUNAUSDT MANAUSDT MATICUSDT MKRUSDT MTLUSDT NEARUSDT NEOUSDT NKNUSDT OCEANUSDT OGNUSDT OMGUSDT ONEUSDT ONTUSDT QTUMUSDT REEFUSDT RENUSDT RLCUSDT RSRUSDT RUNEUSDT RVNUSDT SANDUSDT SCUSDT SFPUSDT SKLUSDT SNXUSDT SOLUSDT SRMUSDT STMXUSDT STORJUSDT SUSHIUSDT SXPUSDT THETAUSDT TOMOUSDT TRBUSDT TRXUSDT UNFIUSDT UNIUSDT VETUSDT WAVESUSDT XEMUSDT XLMUSDT XMRUSDT XRPUSDT XTZUSDT YFIIUSDT YFIUSDT ZECUSDT ZENUSDT ZILUSDT ZRXUSDT
2021-06-12,109,109,20,BTCUSDT ETHUSDT DOGEUSDT XRPUSDT ETCUSDT BNBUSDT ADAUSDT EOSUSDT MATICUSDT LTCUSDT BCHUSDT DOTUSDT LINKUSDT XLMUSDT AAVEUSDT SOLUSDT TRXUSDT VETUSDT SUSHIUSDT UNIUSDT,1INCHUSDT AAVEUSDT ADAUSDT AKROUSDT ALGOUSDT ALICEUSDT ALPHAUSDT ANKRUSDT ATOMUSDT AVAXUSDT AXSUSDT BALUSDT BANDUSDT BATUSDT BCHUSDT BELUSDT BLZUSDT BNBUSDT BTCUSDT BTSUSDT BTTUSDT BZRXUSDT CELRUSDT CHRUSDT CHZUSDT COMPUSDT COTIUSDT CRVUSDT CTKUSDT CVCUSDT DASHUSDT DENTUSDT DGBUSDT DODOUSDT DOGEUSDT DOTUSDT EGLDUSDT ENJUSDT EOSUSDT ETCUSDT ETHUSDT FILUSDT FLMUSDT FTMUSDT GRTUSDT HBARUSDT HNTUSDT HOTUSDT ICXUSDT IOSTUSDT IOTAUSDT KAVAUSDT KNCUSDT KSMUSDT LINAUSDT LINKUSDT LITUSDT LRCUSDT LTCUSDT LUNAUSDT MANAUSDT MATICUSDT MKRUSDT MTLUSDT NEARUSDT NEOUSDT NKNUSDT OCEANUSDT OGNUSDT OMGUSDT ONEUSDT ONTUSDT QTUMUSDT REEFUSDT RENUSDT RLCUSDT RSRUSDT RUNEUSDT RVNUSDT SANDUSDT SCUSDT SFPUSDT SKLUSDT SNXUSDT SOLUSDT SRMUSDT STMXUSDT STORJUSDT SUSHIUSDT SXPUSDT THETAUSDT TOMOUSDT TRBUSDT TRXUSDT UNFIUSDT UNIUSDT VETUSDT WAVESUSDT XEMUSDT XLMUSDT XMRUSDT XRPUSDT XTZUSDT YFIIUSDT YFIUSDT ZECUSDT ZENUSDT ZILUSDT ZRXUSDT
2021-06-19,109,109,20,BTCUSDT ETHUSDT DOGEUSDT XRPUSDT ETCUSDT BNBUSDT ADAUSDT EOSUSDT MATICUSDT LTCUSDT BCHUSDT DOTUSDT LINKUSDT XLMUSDT AAVEUSDT SOLUSDT TRXUSDT VETUSDT SUSHIUSDT UNIUSDT,1INCHUSDT AAVEUSDT ADAUSDT AKROUSDT ALGOUSDT ALICEUSDT ALPHAUSDT ANKRUSDT ATOMUSDT AVAXUSDT AXSUSDT BALUSDT BANDUSDT BATUSDT BCHUSDT BELUSDT BLZUSDT BNBUSDT BTCUSDT BTSUSDT BTTUSDT BZRXUSDT CELRUSDT CHRUSDT CHZUSDT COMPUSDT COTIUSDT CRVUSDT CTKUSDT CVCUSDT DASHUSDT DENTUSDT DGBUSDT DODOUSDT DOGEUSDT DOTUSDT EGLDUSDT ENJUSDT EOSUSDT ETCUSDT ETHUSDT FILUSDT FLMUSDT FTMUSDT GRTUSDT HBARUSDT HNTUSDT HOTUSDT ICXUSDT IOSTUSDT IOTAUSDT KAVAUSDT KNCUSDT KSMUSDT LINAUSDT LINKUSDT LITUSDT LRCUSDT LTCUSDT LUNAUSDT MANAUSDT MATICUSDT MKRUSDT MTLUSDT NEARUSDT NEOUSDT NKNUSDT OCEANUSDT OGNUSDT OMGUSDT ONEUSDT ONTUSDT QTUMUSDT REEFUSDT RENUSDT RLCUSDT RSRUSDT RUNEUSDT RVNUSDT SANDUSDT SCUSDT SFPUSDT SKLUSDT SNXUSDT SOLUSDT SRMUSDT STMXUSDT STORJUSDT SUSHIUSDT SXPUSDT THETAUSDT TOMOUSDT TRBUSDT TRXUSDT UNFIUSDT UNIUSDT VETUSDT WAVESUSDT XEMUSDT XLMUSDT XMRUSDT XRPUSDT XTZUSDT YFIIUSDT YFIUSDT ZECUSDT ZENUSDT ZILUSDT ZRXUSDT
2021-06-26,109,109,20,BTCUSDT ETHUSDT DOGEUSDT XRPUSDT ETCUSDT BNBUSDT ADAUSDT EOSUSDT MATICUSDT LTCUSDT BCHUSDT DOTUSDT LINKUSDT XLMUSDT AAVEUSDT SOLUSDT TRXUSDT VETUSDT SUSHIUSDT UNIUSDT,1INCHUSDT AAVEUSDT ADAUSDT AKROUSDT ALGOUSDT ALICEUSDT ALPHAUSDT ANKRUSDT ATOMUSDT AVAXUSDT AXSUSDT BALUSDT BANDUSDT BATUSDT BCHUSDT BELUSDT BLZUSDT BNBUSDT BTCUSDT BTSUSDT BTTUSDT BZRXUSDT CELRUSDT CHRUSDT CHZUSDT COMPUSDT COTIUSDT CRVUSDT CTKUSDT CVCUSDT DASHUSDT DENTUSDT DGBUSDT DODOUSDT DOGEUSDT DOTUSDT EGLDUSDT ENJUSDT EOSUSDT ETCUSDT ETHUSDT FILUSDT FLMUSDT FTMUSDT GRTUSDT HBARUSDT HNTUSDT HOTUSDT ICXUSDT IOSTUSDT IOTAUSDT KAVAUSDT KNCUSDT KSMUSDT LINAUSDT LINKUSDT LITUSDT LRCUSDT LTCUSDT LUNAUSDT MANAUSDT MATICUSDT MKRUSDT MTLUSDT NEARUSDT NEOUSDT NKNUSDT OCEANUSDT OGNUSDT OMGUSDT ONEUSDT ONTUSDT QTUMUSDT REEFUSDT RENUSDT RLCUSDT RSRUSDT RUNEUSDT RVNUSDT SANDUSDT SCUSDT SFPUSDT SKLUSDT SNXUSDT SOLUSDT SRMUSDT STMXUSDT STORJUSDT SUSHIUSDT SXPUSDT THETAUSDT TOMOUSDT TRBUSDT TRXUSDT UNFIUSDT UNIUSDT VETUSDT WAVESUSDT XEMUSDT XLMUSDT XMRUSDT XRPUSDT XTZUSDT YFIIUSDT YFIUSDT ZECUSDT ZENUSDT ZILUSDT ZRXUSDT
2021-07-03,112,112,20,BTCUSDT ETHUSDT DOGEUSDT BNBUSDT XRPUSDT MATICUSDT ADAUSDT ETCUSDT DOTUSDT SOLUSDT EOSUSDT LINKUSDT LTCUSDT FILUSDT 1000SHIBUSDT THETAUSDT CHZUSDT BCHUSDT ICPUSDT KSMUSDT,1000SHIBUSDT 1INCHUSDT AAVEUSDT ADAUSDT AKROUSDT ALGOUSDT ALICEUSDT ALPHAUSDT ANKRUSDT ATOMUSDT AVAXUSDT AXSUSDT BAKEUSDT BALUSDT BANDUSDT BATUSDT BCHUSDT BELUSDT BLZUSDT BNBUSDT BTCUSDT BTSUSDT BTTUSDT BZRXUSDT CELRUSDT CHRUSDT CHZUSDT COMPUSDT COTIUSDT CRVUSDT CTKUSDT CVCUSDT DASHUSDT DENTUSDT DGBUSDT DODOUSDT DOGEUSDT DOTUSDT EGLDUSDT ENJUSDT EOSUSDT ETCUSDT ETHUSDT FILUSDT FLMUSDT FTMUSDT GRTUSDT HBARUSDT HNTUSDT HOTUSDT ICPUSDT ICXUSDT IOSTUSDT IOTAUSDT KAVAUSDT KNCUSDT KSMUSDT LINAUSDT LINKUSDT LITUSDT LRCUSDT LTCUSDT LUNAUSDT MANAUSDT MATICUSDT MKRUSDT MTLUSDT NEARUSDT NEOUSDT NKNUSDT OCEANUSDT OGNUSDT OMGUSDT ONEUSDT ONTUSDT QTUMUSDT REEFUSDT RENUSDT RLCUSDT RSRUSDT RUNEUSDT RVNUSDT SANDUSDT SCUSDT SFPUSDT SKLUSDT SNXUSDT SOLUSDT SRMUSDT STMXUSDT STORJUSDT SUSHIUSDT SXPUSDT THETAUSDT TOMOUSDT TRBUSDT TRXUSDT UNFIUSDT UNIUSDT VETUSDT WAVESUSDT XEMUSDT XLMUSDT XMRUSDT XRPUSDT XTZUSDT YFIIUSDT YFIUSDT ZECUSDT ZENUSDT ZILUSDT ZRXUSDT
2021-07-10,112,112,20,BTCUSDT ETHUSDT DOGEUSDT BNBUSDT XRPUSDT MATICUSDT ADAUSDT ETCUSDT DOTUSDT SOLUSDT EOSUSDT LINKUSDT LTCUSDT FILUSDT 1000SHIBUSDT THETAUSDT CHZUSDT BCHUSDT ICPUSDT KSMUSDT,1000SHIBUSDT 1INCHUSDT AAVEUSDT ADAUSDT AKROUSDT ALGOUSDT ALICEUSDT ALPHAUSDT ANKRUSDT ATOMUSDT AVAXUSDT AXSUSDT BAKEUSDT BALUSDT BANDUSDT BATUSDT BCHUSDT BELUSDT BLZUSDT BNBUSDT BTCUSDT BTSUSDT BTTUSDT BZRXUSDT CELRUSDT CHRUSDT CHZUSDT COMPUSDT COTIUSDT CRVUSDT CTKUSDT CVCUSDT DASHUSDT DENTUSDT DGBUSDT DODOUSDT DOGEUSDT DOTUSDT EGLDUSDT ENJUSDT EOSUSDT ETCUSDT ETHUSDT FILUSDT FLMUSDT FTMUSDT GRTUSDT HBARUSDT HNTUSDT HOTUSDT ICPUSDT ICXUSDT IOSTUSDT IOTAUSDT KAVAUSDT KNCUSDT KSMUSDT LINAUSDT LINKUSDT LITUSDT LRCUSDT LTCUSDT LUNAUSDT MANAUSDT MATICUSDT MKRUSDT MTLUSDT NEARUSDT NEOUSDT NKNUSDT OCEANUSDT OGNUSDT OMGUSDT ONEUSDT ONTUSDT QTUMUSDT REEFUSDT RENUSDT RLCUSDT RSRUSDT RUNEUSDT RVNUSDT SANDUSDT SCUSDT SFPUSDT SKLUSDT SNXUSDT SOLUSDT SRMUSDT STMXUSDT STORJUSDT SUSHIUSDT SXPUSDT THETAUSDT TOMOUSDT TRBUSDT TRXUSDT UNFIUSDT UNIUSDT VETUSDT WAVESUSDT XEMUSDT XLMUSDT XMRUSDT XRPUSDT XTZUSDT YFIIUSDT YFIUSDT ZECUSDT ZENUSDT ZILUSDT ZRXUSDT
2021-07-17,112,112,20,BTCUSDT ETHUSDT DOGEUSDT BNBUSDT XRPUSDT MATICUSDT ADAUSDT ETCUSDT DOTUSDT SOLUSDT EOSUSDT LINKUSDT LTCUSDT FILUSDT 1000SHIBUSDT THETAUSDT CHZUSDT BCHUSDT ICPUSDT KSMUSDT,1000SHIBUSDT 1INCHUSDT AAVEUSDT ADAUSDT AKROUSDT ALGOUSDT ALICEUSDT ALPHAUSDT ANKRUSDT ATOMUSDT AVAXUSDT AXSUSDT BAKEUSDT BALUSDT BANDUSDT BATUSDT BCHUSDT BELUSDT BLZUSDT BNBUSDT BTCUSDT BTSUSDT BTTUSDT BZRXUSDT CELRUSDT CHRUSDT CHZUSDT COMPUSDT COTIUSDT CRVUSDT CTKUSDT CVCUSDT DASHUSDT DENTUSDT DGBUSDT DODOUSDT DOGEUSDT DOTUSDT EGLDUSDT ENJUSDT EOSUSDT ETCUSDT ETHUSDT FILUSDT FLMUSDT FTMUSDT GRTUSDT HBARUSDT HNTUSDT HOTUSDT ICPUSDT ICXUSDT IOSTUSDT IOTAUSDT KAVAUSDT KNCUSDT KSMUSDT LINAUSDT LINKUSDT LITUSDT LRCUSDT LTCUSDT LUNAUSDT MANAUSDT MATICUSDT MKRUSDT MTLUSDT NEARUSDT NEOUSDT NKNUSDT OCEANUSDT OGNUSDT OMGUSDT ONEUSDT ONTUSDT QTUMUSDT REEFUSDT RENUSDT RLCUSDT RSRUSDT RUNEUSDT RVNUSDT SANDUSDT SCUSDT SFPUSDT SKLUSDT SNXUSDT SOLUSDT SRMUSDT STMXUSDT STORJUSDT SUSHIUSDT SXPUSDT THETAUSDT TOMOUSDT TRBUSDT TRXUSDT UNFIUSDT UNIUSDT VETUSDT WAVESUSDT XEMUSDT XLMUSDT XMRUSDT XRPUSDT XTZUSDT YFIIUSDT YFIUSDT ZECUSDT ZENUSDT ZILUSDT ZRXUSDT
2021-07-24,112,112,20,BTCUSDT ETHUSDT DOGEUSDT BNBUSDT XRPUSDT MATICUSDT ADAUSDT ETCUSDT DOTUSDT SOLUSDT EOSUSDT LINKUSDT LTCUSDT FILUSDT 1000SHIBUSDT THETAUSDT CHZUSDT BCHUSDT ICPUSDT KSMUSDT,1000SHIBUSDT 1INCHUSDT AAVEUSDT ADAUSDT AKROUSDT ALGOUSDT ALICEUSDT ALPHAUSDT ANKRUSDT ATOMUSDT AVAXUSDT AXSUSDT BAKEUSDT BALUSDT BANDUSDT BATUSDT BCHUSDT BELUSDT BLZUSDT BNBUSDT BTCUSDT BTSUSDT BTTUSDT BZRXUSDT CELRUSDT CHRUSDT CHZUSDT COMPUSDT COTIUSDT CRVUSDT CTKUSDT CVCUSDT DASHUSDT DENTUSDT DGBUSDT DODOUSDT DOGEUSDT DOTUSDT EGLDUSDT ENJUSDT EOSUSDT ETCUSDT ETHUSDT FILUSDT FLMUSDT FTMUSDT GRTUSDT HBARUSDT HNTUSDT HOTUSDT ICPUSDT ICXUSDT IOSTUSDT IOTAUSDT KAVAUSDT KNCUSDT KSMUSDT LINAUSDT LINKUSDT LITUSDT LRCUSDT LTCUSDT LUNAUSDT MANAUSDT MATICUSDT MKRUSDT MTLUSDT NEARUSDT NEOUSDT NKNUSDT OCEANUSDT OGNUSDT OMGUSDT ONEUSDT ONTUSDT QTUMUSDT REEFUSDT RENUSDT RLCUSDT RSRUSDT RUNEUSDT RVNUSDT SANDUSDT SCUSDT SFPUSDT SKLUSDT SNXUSDT SOLUSDT SRMUSDT STMXUSDT STORJUSDT SUSHIUSDT SXPUSDT THETAUSDT TOMOUSDT TRBUSDT TRXUSDT UNFIUSDT UNIUSDT VETUSDT WAVESUSDT XEMUSDT XLMUSDT XMRUSDT XRPUSDT XTZUSDT YFIIUSDT YFIUSDT ZECUSDT ZENUSDT ZILUSDT ZRXUSDT
2021-07-31,112,112,20,BTCUSDT ETHUSDT DOGEUSDT BNBUSDT XRPUSDT MATICUSDT ADAUSDT ETCUSDT DOTUSDT SOLUSDT EOSUSDT LINKUSDT LTCUSDT FILUSDT 1000SHIBUSDT THETAUSDT CHZUSDT BCHUSDT ICPUSDT KSMUSDT,1000SHIBUSDT 1INCHUSDT AAVEUSDT ADAUSDT AKROUSDT ALGOUSDT ALICEUSDT ALPHAUSDT ANKRUSDT ATOMUSDT AVAXUSDT AXSUSDT BAKEUSDT BALUSDT BANDUSDT BATUSDT BCHUSDT BELUSDT BLZUSDT BNBUSDT BTCUSDT BTSUSDT BTTUSDT BZRXUSDT CELRUSDT CHRUSDT CHZUSDT COMPUSDT COTIUSDT CRVUSDT CTKUSDT CVCUSDT DASHUSDT DENTUSDT DGBUSDT DODOUSDT DOGEUSDT DOTUSDT EGLDUSDT ENJUSDT EOSUSDT ETCUSDT ETHUSDT FILUSDT FLMUSDT FTMUSDT GRTUSDT HBARUSDT HNTUSDT HOTUSDT ICPUSDT ICXUSDT IOSTUSDT IOTAUSDT KAVAUSDT KNCUSDT KSMUSDT LINAUSDT LINKUSDT LITUSDT LRCUSDT LTCUSDT LUNAUSDT MANAUSDT MATICUSDT MKRUSDT MTLUSDT NEARUSDT NEOUSDT NKNUSDT OCEANUSDT OGNUSDT OMGUSDT ONEUSDT ONTUSDT QTUMUSDT REEFUSDT RENUSDT RLCUSDT RSRUSDT RUNEUSDT RVNUSDT SANDUSDT SCUSDT SFPUSDT SKLUSDT SNXUSDT SOLUSDT SRMUSDT STMXUSDT STORJUSDT SUSHIUSDT SXPUSDT THETAUSDT TOMOUSDT TRBUSDT TRXUSDT UNFIUSDT UNIUSDT VETUSDT WAVESUSDT XEMUSDT XLMUSDT XMRUSDT XRPUSDT XTZUSDT YFIIUSDT YFIUSDT ZECUSDT ZENUSDT ZILUSDT ZRXUSDT
2021-08-07,114,114,20,BTCUSDT ETHUSDT AXSUSDT BNBUSDT DOGEUSDT XRPUSDT ETCUSDT MATICUSDT ADAUSDT ALICEUSDT SANDUSDT EOSUSDT DOTUSDT LINKUSDT LTCUSDT AAVEUSDT SOLUSDT CHRUSDT ICPUSDT BCHUSDT,1000SHIBUSDT 1INCHUSDT AAVEUSDT ADAUSDT AKROUSDT ALGOUSDT ALICEUSDT ALPHAUSDT ANKRUSDT ATOMUSDT AVAXUSDT AXSUSDT BAKEUSDT BALUSDT BANDUSDT BATUSDT BCHUSDT BELUSDT BLZUSDT BNBUSDT BTCUSDT BTSUSDT BTTUSDT BZRXUSDT CELRUSDT CHRUSDT CHZUSDT COMPUSDT COTIUSDT CRVUSDT CTKUSDT CVCUSDT DASHUSDT DENTUSDT DGBUSDT DODOUSDT DOGEUSDT DOTUSDT EGLDUSDT ENJUSDT EOSUSDT ETCUSDT ETHUSDT FILUSDT FLMUSDT FTMUSDT GRTUSDT GTCUSDT HBARUSDT HNTUSDT HOTUSDT ICPUSDT ICXUSDT IOSTUSDT IOTAUSDT KAVAUSDT KEEPUSDT KNCUSDT KSMUSDT LINAUSDT LINKUSDT LITUSDT LRCUSDT LTCUSDT LUNAUSDT MANAUSDT MATICUSDT MKRUSDT MTLUSDT NEARUSDT NEOUSDT NKNUSDT OCEANUSDT OGNUSDT OMGUSDT ONEUSDT ONTUSDT QTUMUSDT REEFUSDT RENUSDT RLCUSDT RSRUSDT RUNEUSDT RVNUSDT SANDUSDT SCUSDT SFPUSDT SKLUSDT SNXUSDT SOLUSDT SRMUSDT STMXUSDT STORJUSDT SUSHIUSDT SXPUSDT THETAUSDT TOMOUSDT TRBUSDT TRXUSDT UNFIUSDT UNIUSDT VETUSDT WAVESUSDT XEMUSDT XLMUSDT XMRUSDT XRPUSDT XTZUSDT YFIIUSDT YFIUSDT ZECUSDT ZENUSDT ZILUSDT ZRXUSDT
2021-08-14,114,114,20,BTCUSDT ETHUSDT AXSUSDT BNBUSDT DOGEUSDT XRPUSDT ETCUSDT MATICUSDT ADAUSDT ALICEUSDT SANDUSDT EOSUSDT DOTUSDT LINKUSDT LTCUSDT AAVEUSDT SOLUSDT CHRUSDT ICPUSDT BCHUSDT,1000SHIBUSDT 1INCHUSDT AAVEUSDT ADAUSDT AKROUSDT ALGOUSDT ALICEUSDT ALPHAUSDT ANKRUSDT ATOMUSDT AVAXUSDT AXSUSDT BAKEUSDT BALUSDT BANDUSDT BATUSDT BCHUSDT BELUSDT BLZUSDT BNBUSDT BTCUSDT BTSUSDT BTTUSDT BZRXUSDT CELRUSDT CHRUSDT CHZUSDT COMPUSDT COTIUSDT CRVUSDT CTKUSDT CVCUSDT DASHUSDT DENTUSDT DGBUSDT DODOUSDT DOGEUSDT DOTUSDT EGLDUSDT ENJUSDT EOSUSDT ETCUSDT ETHUSDT FILUSDT FLMUSDT FTMUSDT GRTUSDT GTCUSDT HBARUSDT HNTUSDT HOTUSDT ICPUSDT ICXUSDT IOSTUSDT IOTAUSDT KAVAUSDT KEEPUSDT KNCUSDT KSMUSDT LINAUSDT LINKUSDT LITUSDT LRCUSDT LTCUSDT LUNAUSDT MANAUSDT MATICUSDT MKRUSDT MTLUSDT NEARUSDT NEOUSDT NKNUSDT OCEANUSDT OGNUSDT OMGUSDT ONEUSDT ONTUSDT QTUMUSDT REEFUSDT RENUSDT RLCUSDT RSRUSDT RUNEUSDT RVNUSDT SANDUSDT SCUSDT SFPUSDT SKLUSDT SNXUSDT SOLUSDT SRMUSDT STMXUSDT STORJUSDT SUSHIUSDT SXPUSDT THETAUSDT TOMOUSDT TRBUSDT TRXUSDT UNFIUSDT UNIUSDT VETUSDT WAVESUSDT XEMUSDT XLMUSDT XMRUSDT XRPUSDT XTZUSDT YFIIUSDT YFIUSDT ZECUSDT ZENUSDT ZILUSDT ZRXUSDT
2021-08-21,114,114,20,BTCUSDT ETHUSDT AXSUSDT BNBUSDT DOGEUSDT XRPUSDT ETCUSDT MATICUSDT ADAUSDT ALICEUSDT SANDUSDT EOSUSDT DOTUSDT LINKUSDT LTCUSDT AAVEUSDT SOLUSDT CHRUSDT ICPUSDT BCHUSDT,1000SHIBUSDT 1INCHUSDT AAVEUSDT ADAUSDT AKROUSDT ALGOUSDT ALICEUSDT ALPHAUSDT ANKRUSDT ATOMUSDT AVAXUSDT AXSUSDT BAKEUSDT BALUSDT BANDUSDT BATUSDT BCHUSDT BELUSDT BLZUSDT BNBUSDT BTCUSDT BTSUSDT BTTUSDT BZRXUSDT CELRUSDT CHRUSDT CHZUSDT COMPUSDT COTIUSDT CRVUSDT CTKUSDT CVCUSDT DASHUSDT DENTUSDT DGBUSDT DODOUSDT DOGEUSDT DOTUSDT EGLDUSDT ENJUSDT EOSUSDT ETCUSDT ETHUSDT FILUSDT FLMUSDT FTMUSDT GRTUSDT GTCUSDT HBARUSDT HNTUSDT HOTUSDT ICPUSDT ICXUSDT IOSTUSDT IOTAUSDT KAVAUSDT KEEPUSDT KNCUSDT KSMUSDT LINAUSDT LINKUSDT LITUSDT LRCUSDT LTCUSDT LUNAUSDT MANAUSDT MATICUSDT MKRUSDT MTLUSDT NEARUSDT NEOUSDT NKNUSDT OCEANUSDT OGNUSDT OMGUSDT ONEUSDT ONTUSDT QTUMUSDT REEFUSDT RENUSDT RLCUSDT RSRUSDT RUNEUSDT RVNUSDT SANDUSDT SCUSDT SFPUSDT SKLUSDT SNXUSDT SOLUSDT SRMUSDT STMXUSDT STORJUSDT SUSHIUSDT SXPUSDT THETAUSDT TOMOUSDT TRBUSDT TRXUSDT UNFIUSDT UNIUSDT VETUSDT WAVESUSDT XEMUSDT XLMUSDT XMRUSDT XRPUSDT XTZUSDT YFIIUSDT YFIUSDT ZECUSDT ZENUSDT ZILUSDT ZRXUSDT
2021-08-28,114,114,20,BTCUSDT ETHUSDT AXSUSDT BNBUSDT DOGEUSDT XRPUSDT ETCUSDT MATICUSDT ADAUSDT ALICEUSDT SANDUSDT EOSUSDT DOTUSDT LINKUSDT LTCUSDT AAVEUSDT SOLUSDT CHRUSDT ICPUSDT BCHUSDT,1000SHIBUSDT 1INCHUSDT AAVEUSDT ADAUSDT AKROUSDT ALGOUSDT ALICEUSDT ALPHAUSDT ANKRUSDT ATOMUSDT AVAXUSDT AXSUSDT BAKEUSDT BALUSDT BANDUSDT BATUSDT BCHUSDT BELUSDT BLZUSDT BNBUSDT BTCUSDT BTSUSDT BTTUSDT BZRXUSDT CELRUSDT CHRUSDT CHZUSDT COMPUSDT COTIUSDT CRVUSDT CTKUSDT CVCUSDT DASHUSDT DENTUSDT DGBUSDT DODOUSDT DOGEUSDT DOTUSDT EGLDUSDT ENJUSDT EOSUSDT ETCUSDT ETHUSDT FILUSDT FLMUSDT FTMUSDT GRTUSDT GTCUSDT HBARUSDT HNTUSDT HOTUSDT ICPUSDT ICXUSDT IOSTUSDT IOTAUSDT KAVAUSDT KEEPUSDT KNCUSDT KSMUSDT LINAUSDT LINKUSDT LITUSDT LRCUSDT LTCUSDT LUNAUSDT MANAUSDT MATICUSDT MKRUSDT MTLUSDT NEARUSDT NEOUSDT NKNUSDT OCEANUSDT OGNUSDT OMGUSDT ONEUSDT ONTUSDT QTUMUSDT REEFUSDT RENUSDT RLCUSDT RSRUSDT RUNEUSDT RVNUSDT SANDUSDT SCUSDT SFPUSDT SKLUSDT SNXUSDT SOLUSDT SRMUSDT STMXUSDT STORJUSDT SUSHIUSDT SXPUSDT THETAUSDT TOMOUSDT TRBUSDT TRXUSDT UNFIUSDT UNIUSDT VETUSDT WAVESUSDT XEMUSDT XLMUSDT XMRUSDT XRPUSDT XTZUSDT YFIIUSDT YFIUSDT ZECUSDT ZENUSDT ZILUSDT ZRXUSDT
2021-09-04,115,115,20,BTCUSDT ETHUSDT XRPUSDT ADAUSDT DOGEUSDT AXSUSDT SOLUSDT BNBUSDT DOTUSDT ETCUSDT MATICUSDT LUNAUSDT AVAXUSDT ICPUSDT EOSUSDT LINKUSDT ALICEUSDT LTCUSDT FILUSDT BCHUSDT,1000SHIBUSDT 1INCHUSDT AAVEUSDT ADAUSDT AKROUSDT ALGOUSDT ALICEUSDT ALPHAUSDT ANKRUSDT ATOMUSDT AVAXUSDT AXSUSDT BAKEUSDT BALUSDT BANDUSDT BATUSDT BCHUSDT BELUSDT BLZUSDT BNBUSDT BTCUSDT BTSUSDT BTTUSDT BZRXUSDT CELRUSDT CHRUSDT CHZUSDT COMPUSDT COTIUSDT CRVUSDT CTKUSDT CVCUSDT DASHUSDT DENTUSDT DGBUSDT DODOUSDT DOGEUSDT DOTUSDT EGLDUSDT ENJUSDT EOSUSDT ETCUSDT ETHUSDT FILUSDT FLMUSDT FTMUSDT GRTUSDT GTCUSDT HBARUSDT HNTUSDT HOTUSDT ICPUSDT ICXUSDT IOSTUSDT IOTAUSDT KAVAUSDT KEEPUSDT KNCUSDT KSMUSDT LINAUSDT LINKUSDT LITUSDT LRCUSDT LTCUSDT LUNAUSDT MANAUSDT MATICUSDT MKRUSDT MTLUSDT NEARUSDT NEOUSDT NKNUSDT OCEANUSDT OGNUSDT OMGUSDT ONEUSDT ONTUSDT QTUMUSDT REEFUSDT RENUSDT RLCUSDT RSRUSDT RUNEUSDT RVNUSDT SANDUSDT SCUSDT SFPUSDT SKLUSDT SNXUSDT SOLUSDT SRMUSDT STMXUSDT STORJUSDT SUSHIUSDT SXPUSDT THETAUSDT TLMUSDT TOMOUSDT TRBUSDT TRXUSDT UNFIUSDT UNIUSDT VETUSDT WAVESUSDT XEMUSDT XLMUSDT XMRUSDT XRPUSDT XTZUSDT YFIIUSDT YFIUSDT ZECUSDT ZENUSDT ZILUSDT ZRXUSDT
2021-09-11,115,115,20,BTCUSDT ETHUSDT XRPUSDT ADAUSDT DOGEUSDT AXSUSDT SOLUSDT BNBUSDT DOTUSDT ETCUSDT MATICUSDT LUNAUSDT AVAXUSDT ICPUSDT EOSUSDT LINKUSDT ALICEUSDT LTCUSDT FILUSDT BCHUSDT,1000SHIBUSDT 1INCHUSDT AAVEUSDT ADAUSDT AKROUSDT ALGOUSDT ALICEUSDT ALPHAUSDT ANKRUSDT ATOMUSDT AVAXUSDT AXSUSDT BAKEUSDT BALUSDT BANDUSDT BATUSDT BCHUSDT BELUSDT BLZUSDT BNBUSDT BTCUSDT BTSUSDT BTTUSDT BZRXUSDT CELRUSDT CHRUSDT CHZUSDT COMPUSDT COTIUSDT CRVUSDT CTKUSDT CVCUSDT DASHUSDT DENTUSDT DGBUSDT DODOUSDT DOGEUSDT DOTUSDT EGLDUSDT ENJUSDT EOSUSDT ETCUSDT ETHUSDT FILUSDT FLMUSDT FTMUSDT GRTUSDT GTCUSDT HBARUSDT HNTUSDT HOTUSDT ICPUSDT ICXUSDT IOSTUSDT IOTAUSDT KAVAUSDT KEEPUSDT KNCUSDT KSMUSDT LINAUSDT LINKUSDT LITUSDT LRCUSDT LTCUSDT LUNAUSDT MANAUSDT MATICUSDT MKRUSDT MTLUSDT NEARUSDT NEOUSDT NKNUSDT OCEANUSDT OGNUSDT OMGUSDT ONEUSDT ONTUSDT QTUMUSDT REEFUSDT RENUSDT RLCUSDT RSRUSDT RUNEUSDT RVNUSDT SANDUSDT SCUSDT SFPUSDT SKLUSDT SNXUSDT SOLUSDT SRMUSDT STMXUSDT STORJUSDT SUSHIUSDT SXPUSDT THETAUSDT TLMUSDT TOMOUSDT TRBUSDT TRXUSDT UNFIUSDT UNIUSDT VETUSDT WAVESUSDT XEMUSDT XLMUSDT XMRUSDT XRPUSDT XTZUSDT YFIIUSDT YFIUSDT ZECUSDT ZENUSDT ZILUSDT ZRXUSDT
2021-09-18,115,115,20,BTCUSDT ETHUSDT XRPUSDT ADAUSDT DOGEUSDT AXSUSDT SOLUSDT BNBUSDT DOTUSDT ETCUSDT MATICUSDT LUNAUSDT AVAXUSDT ICPUSDT EOSUSDT LINKUSDT ALICEUSDT LTCUSDT FILUSDT BCHUSDT,1000SHIBUSDT 1INCHUSDT AAVEUSDT ADAUSDT AKROUSDT ALGOUSDT ALICEUSDT ALPHAUSDT ANKRUSDT ATOMUSDT AVAXUSDT AXSUSDT BAKEUSDT BALUSDT BANDUSDT BATUSDT BCHUSDT BELUSDT BLZUSDT BNBUSDT BTCUSDT BTSUSDT BTTUSDT BZRXUSDT CELRUSDT CHRUSDT CHZUSDT COMPUSDT COTIUSDT CRVUSDT CTKUSDT CVCUSDT DASHUSDT DENTUSDT DGBUSDT DODOUSDT DOGEUSDT DOTUSDT EGLDUSDT ENJUSDT EOSUSDT ETCUSDT ETHUSDT FILUSDT FLMUSDT FTMUSDT GRTUSDT GTCUSDT HBARUSDT HNTUSDT HOTUSDT ICPUSDT ICXUSDT IOSTUSDT IOTAUSDT KAVAUSDT KEEPUSDT KNCUSDT KSMUSDT LINAUSDT LINKUSDT LITUSDT LRCUSDT LTCUSDT LUNAUSDT MANAUSDT MATICUSDT MKRUSDT MTLUSDT NEARUSDT NEOUSDT NKNUSDT OCEANUSDT OGNUSDT OMGUSDT ONEUSDT ONTUSDT QTUMUSDT REEFUSDT RENUSDT RLCUSDT RSRUSDT RUNEUSDT RVNUSDT SANDUSDT SCUSDT SFPUSDT SKLUSDT SNXUSDT SOLUSDT SRMUSDT STMXUSDT STORJUSDT SUSHIUSDT SXPUSDT THETAUSDT TLMUSDT TOMOUSDT TRBUSDT TRXUSDT UNFIUSDT UNIUSDT VETUSDT WAVESUSDT XEMUSDT XLMUSDT XMRUSDT XRPUSDT XTZUSDT YFIIUSDT YFIUSDT ZECUSDT ZENUSDT ZILUSDT ZRXUSDT
2021-09-25,115,115,20,BTCUSDT ETHUSDT XRPUSDT ADAUSDT DOGEUSDT AXSUSDT SOLUSDT BNBUSDT DOTUSDT ETCUSDT MATICUSDT LUNAUSDT AVAXUSDT ICPUSDT EOSUSDT LINKUSDT ALICEUSDT LTCUSDT FILUSDT BCHUSDT,1000SHIBUSDT 1INCHUSDT AAVEUSDT ADAUSDT AKROUSDT ALGOUSDT ALICEUSDT ALPHAUSDT ANKRUSDT ATOMUSDT AVAXUSDT AXSUSDT BAKEUSDT BALUSDT BANDUSDT BATUSDT BCHUSDT BELUSDT BLZUSDT BNBUSDT BTCUSDT BTSUSDT BTTUSDT BZRXUSDT CELRUSDT CHRUSDT CHZUSDT COMPUSDT COTIUSDT CRVUSDT CTKUSDT CVCUSDT DASHUSDT DENTUSDT DGBUSDT DODOUSDT DOGEUSDT DOTUSDT EGLDUSDT ENJUSDT EOSUSDT ETCUSDT ETHUSDT FILUSDT FLMUSDT FTMUSDT GRTUSDT GTCUSDT HBARUSDT HNTUSDT HOTUSDT ICPUSDT ICXUSDT IOSTUSDT IOTAUSDT KAVAUSDT KEEPUSDT KNCUSDT KSMUSDT LINAUSDT LINKUSDT LITUSDT LRCUSDT LTCUSDT LUNAUSDT MANAUSDT MATICUSDT MKRUSDT MTLUSDT NEARUSDT NEOUSDT NKNUSDT OCEANUSDT OGNUSDT OMGUSDT ONEUSDT ONTUSDT QTUMUSDT REEFUSDT RENUSDT RLCUSDT RSRUSDT RUNEUSDT RVNUSDT SANDUSDT SCUSDT SFPUSDT SKLUSDT SNXUSDT SOLUSDT SRMUSDT STMXUSDT STORJUSDT SUSHIUSDT SXPUSDT THETAUSDT TLMUSDT TOMOUSDT TRBUSDT TRXUSDT UNFIUSDT UNIUSDT VETUSDT WAVESUSDT XEMUSDT XLMUSDT XMRUSDT XRPUSDT XTZUSDT YFIIUSDT YFIUSDT ZECUSDT ZENUSDT ZILUSDT ZRXUSDT
2021-10-02,121,121,20,BTCUSDT ETHUSDT SOLUSDT ADAUSDT XRPUSDT AVAXUSDT FTMUSDT DOTUSDT BNBUSDT LUNAUSDT ATOMUSDT FILUSDT DOGEUSDT LTCUSDT AXSUSDT LINKUSDT MATICUSDT EOSUSDT XTZUSDT ALGOUSDT,1000SHIBUSDT 1INCHUSDT AAVEUSDT ADAUSDT AKROUSDT ALGOUSDT ALICEUSDT ALPHAUSDT ANKRUSDT ATAUSDT ATOMUSDT AUDIOUSDT AVAXUSDT AXSUSDT BAKEUSDT BALUSDT BANDUSDT BATUSDT BCHUSDT BELUSDT BLZUSDT BNBUSDT BTCUSDT BTSUSDT BTTUSDT BZRXUSDT C98USDT CELRUSDT CHRUSDT CHZUSDT COMPUSDT COTIUSDT CRVUSDT CTKUSDT CVCUSDT DASHUSDT DENTUSDT DGBUSDT DODOUSDT DOGEUSDT DOTUSDT EGLDUSDT ENJUSDT EOSUSDT ETCUSDT ETHUSDT FILUSDT FLMUSDT FTMUSDT GRTUSDT GTCUSDT HBARUSDT HNTUSDT HOTUSDT ICPUSDT ICXUSDT IOSTUSDT IOTAUSDT IOTXUSDT KAVAUSDT KEEPUSDT KNCUSDT KSMUSDT LINAUSDT LINKUSDT LITUSDT LRCUSDT LTCUSDT LUNAUSDT MANAUSDT MASKUSDT MATICUSDT MKRUSDT MTLUSDT NEARUSDT NEOUSDT NKNUSDT OCEANUSDT OGNUSDT OMGUSDT ONEUSDT ONTUSDT QTUMUSDT RAYUSDT REEFUSDT RENUSDT RLCUSDT RSRUSDT RUNEUSDT RVNUSDT SANDUSDT SCUSDT SFPUSDT SKLUSDT SNXUSDT SOLUSDT SRMUSDT STMXUSDT STORJUSDT SUSHIUSDT SXPUSDT THETAUSDT TLMUSDT TOMOUSDT TRBUSDT TRXUSDT UNFIUSDT UNIUSDT VETUSDT WAVESUSDT XEMUSDT XLMUSDT XMRUSDT XRPUSDT XTZUSDT YFIIUSDT YFIUSDT ZECUSDT ZENUSDT ZILUSDT ZRXUSDT
2021-10-09,121,121,20,BTCUSDT ETHUSDT SOLUSDT ADAUSDT XRPUSDT AVAXUSDT FTMUSDT DOTUSDT BNBUSDT LUNAUSDT ATOMUSDT FILUSDT DOGEUSDT LTCUSDT AXSUSDT LINKUSDT MATICUSDT EOSUSDT XTZUSDT ALGOUSDT,1000SHIBUSDT 1INCHUSDT AAVEUSDT ADAUSDT AKROUSDT ALGOUSDT ALICEUSDT ALPHAUSDT ANKRUSDT ATAUSDT ATOMUSDT AUDIOUSDT AVAXUSDT AXSUSDT BAKEUSDT BALUSDT BANDUSDT BATUSDT BCHUSDT BELUSDT BLZUSDT BNBUSDT BTCUSDT BTSUSDT BTTUSDT BZRXUSDT C98USDT CELRUSDT CHRUSDT CHZUSDT COMPUSDT COTIUSDT CRVUSDT CTKUSDT CVCUSDT DASHUSDT DENTUSDT DGBUSDT DODOUSDT DOGEUSDT DOTUSDT EGLDUSDT ENJUSDT EOSUSDT ETCUSDT ETHUSDT FILUSDT FLMUSDT FTMUSDT GRTUSDT GTCUSDT HBARUSDT HNTUSDT HOTUSDT ICPUSDT ICXUSDT IOSTUSDT IOTAUSDT IOTXUSDT KAVAUSDT KEEPUSDT KNCUSDT KSMUSDT LINAUSDT LINKUSDT LITUSDT LRCUSDT LTCUSDT LUNAUSDT MANAUSDT MASKUSDT MATICUSDT MKRUSDT MTLUSDT NEARUSDT NEOUSDT NKNUSDT OCEANUSDT OGNUSDT OMGUSDT ONEUSDT ONTUSDT QTUMUSDT RAYUSDT REEFUSDT RENUSDT RLCUSDT RSRUSDT RUNEUSDT RVNUSDT SANDUSDT SCUSDT SFPUSDT SKLUSDT SNXUSDT SOLUSDT SRMUSDT STMXUSDT STORJUSDT SUSHIUSDT SXPUSDT THETAUSDT TLMUSDT TOMOUSDT TRBUSDT TRXUSDT UNFIUSDT UNIUSDT VETUSDT WAVESUSDT XEMUSDT XLMUSDT XMRUSDT XRPUSDT XTZUSDT YFIIUSDT YFIUSDT ZECUSDT ZENUSDT ZILUSDT ZRXUSDT
2021-10-16,121,121,20,BTCUSDT ETHUSDT SOLUSDT ADAUSDT XRPUSDT AVAXUSDT FTMUSDT DOTUSDT BNBUSDT LUNAUSDT ATOMUSDT FILUSDT DOGEUSDT LTCUSDT AXSUSDT LINKUSDT MATICUSDT EOSUSDT XTZUSDT ALGOUSDT,1000SHIBUSDT 1INCHUSDT AAVEUSDT ADAUSDT AKROUSDT ALGOUSDT ALICEUSDT ALPHAUSDT ANKRUSDT ATAUSDT ATOMUSDT AUDIOUSDT AVAXUSDT AXSUSDT BAKEUSDT BALUSDT BANDUSDT BATUSDT BCHUSDT BELUSDT BLZUSDT BNBUSDT BTCUSDT BTSUSDT BTTUSDT BZRXUSDT C98USDT CELRUSDT CHRUSDT CHZUSDT COMPUSDT COTIUSDT CRVUSDT CTKUSDT CVCUSDT DASHUSDT DENTUSDT DGBUSDT DODOUSDT DOGEUSDT DOTUSDT EGLDUSDT ENJUSDT EOSUSDT ETCUSDT ETHUSDT FILUSDT FLMUSDT FTMUSDT GRTUSDT GTCUSDT HBARUSDT HNTUSDT HOTUSDT ICPUSDT ICXUSDT IOSTUSDT IOTAUSDT IOTXUSDT KAVAUSDT KEEPUSDT KNCUSDT KSMUSDT LINAUSDT LINKUSDT LITUSDT LRCUSDT LTCUSDT LUNAUSDT MANAUSDT MASKUSDT MATICUSDT MKRUSDT MTLUSDT NEARUSDT NEOUSDT NKNUSDT OCEANUSDT OGNUSDT OMGUSDT ONEUSDT ONTUSDT QTUMUSDT RAYUSDT REEFUSDT RENUSDT RLCUSDT RSRUSDT RUNEUSDT RVNUSDT SANDUSDT SCUSDT SFPUSDT SKLUSDT SNXUSDT SOLUSDT SRMUSDT STMXUSDT STORJUSDT SUSHIUSDT SXPUSDT THETAUSDT TLMUSDT TOMOUSDT TRBUSDT TRXUSDT UNFIUSDT UNIUSDT VETUSDT WAVESUSDT XEMUSDT XLMUSDT XMRUSDT XRPUSDT XTZUSDT YFIIUSDT YFIUSDT ZECUSDT ZENUSDT ZILUSDT ZRXUSDT
2021-10-23,121,121,20,BTCUSDT ETHUSDT SOLUSDT ADAUSDT XRPUSDT AVAXUSDT FTMUSDT DOTUSDT BNBUSDT LUNAUSDT ATOMUSDT FILUSDT DOGEUSDT LTCUSDT AXSUSDT LINKUSDT MATICUSDT EOSUSDT XTZUSDT ALGOUSDT,1000SHIBUSDT 1INCHUSDT AAVEUSDT ADAUSDT AKROUSDT ALGOUSDT ALICEUSDT ALPHAUSDT ANKRUSDT ATAUSDT ATOMUSDT AUDIOUSDT AVAXUSDT AXSUSDT BAKEUSDT BALUSDT BANDUSDT BATUSDT BCHUSDT BELUSDT BLZUSDT BNBUSDT BTCUSDT BTSUSDT BTTUSDT BZRXUSDT C98USDT CELRUSDT CHRUSDT CHZUSDT COMPUSDT COTIUSDT CRVUSDT CTKUSDT CVCUSDT DASHUSDT DENTUSDT DGBUSDT DODOUSDT DOGEUSDT DOTUSDT EGLDUSDT ENJUSDT EOSUSDT ETCUSDT ETHUSDT FILUSDT FLMUSDT FTMUSDT GRTUSDT GTCUSDT HBARUSDT HNTUSDT HOTUSDT ICPUSDT ICXUSDT IOSTUSDT IOTAUSDT IOTXUSDT KAVAUSDT KEEPUSDT KNCUSDT KSMUSDT LINAUSDT LINKUSDT LITUSDT LRCUSDT LTCUSDT LUNAUSDT MANAUSDT MASKUSDT MATICUSDT MKRUSDT MTLUSDT NEARUSDT NEOUSDT NKNUSDT OCEANUSDT OGNUSDT OMGUSDT ONEUSDT ONTUSDT QTUMUSDT RAYUSDT REEFUSDT RENUSDT RLCUSDT RSRUSDT RUNEUSDT RVNUSDT SANDUSDT SCUSDT SFPUSDT SKLUSDT SNXUSDT SOLUSDT SRMUSDT STMXUSDT STORJUSDT SUSHIUSDT SXPUSDT THETAUSDT TLMUSDT TOMOUSDT TRBUSDT TRXUSDT UNFIUSDT UNIUSDT VETUSDT WAVESUSDT XEMUSDT XLMUSDT XMRUSDT XRPUSDT XTZUSDT YFIIUSDT YFIUSDT ZECUSDT ZENUSDT ZILUSDT ZRXUSDT
2021-10-30,121,121,20,BTCUSDT ETHUSDT SOLUSDT ADAUSDT XRPUSDT AVAXUSDT FTMUSDT DOTUSDT BNBUSDT LUNAUSDT ATOMUSDT FILUSDT DOGEUSDT LTCUSDT AXSUSDT LINKUSDT MATICUSDT EOSUSDT XTZUSDT ALGOUSDT,1000SHIBUSDT 1INCHUSDT AAVEUSDT ADAUSDT AKROUSDT ALGOUSDT ALICEUSDT ALPHAUSDT ANKRUSDT ATAUSDT ATOMUSDT AUDIOUSDT AVAXUSDT AXSUSDT BAKEUSDT BALUSDT BANDUSDT BATUSDT BCHUSDT BELUSDT BLZUSDT BNBUSDT BTCUSDT BTSUSDT BTTUSDT BZRXUSDT C98USDT CELRUSDT CHRUSDT CHZUSDT COMPUSDT COTIUSDT CRVUSDT CTKUSDT CVCUSDT DASHUSDT DENTUSDT DGBUSDT DODOUSDT DOGEUSDT DOTUSDT EGLDUSDT ENJUSDT EOSUSDT ETCUSDT ETHUSDT FILUSDT FLMUSDT FTMUSDT GRTUSDT GTCUSDT HBARUSDT HNTUSDT HOTUSDT ICPUSDT ICXUSDT IOSTUSDT IOTAUSDT IOTXUSDT KAVAUSDT KEEPUSDT KNCUSDT KSMUSDT LINAUSDT LINKUSDT LITUSDT LRCUSDT LTCUSDT LUNAUSDT MANAUSDT MASKUSDT MATICUSDT MKRUSDT MTLUSDT NEARUSDT NEOUSDT NKNUSDT OCEANUSDT OGNUSDT OMGUSDT ONEUSDT ONTUSDT QTUMUSDT RAYUSDT REEFUSDT RENUSDT RLCUSDT RSRUSDT RUNEUSDT RVNUSDT SANDUSDT SCUSDT SFPUSDT SKLUSDT SNXUSDT SOLUSDT SRMUSDT STMXUSDT STORJUSDT SUSHIUSDT SXPUSDT THETAUSDT TLMUSDT TOMOUSDT TRBUSDT TRXUSDT UNFIUSDT UNIUSDT VETUSDT WAVESUSDT XEMUSDT XLMUSDT XMRUSDT XRPUSDT XTZUSDT YFIIUSDT YFIUSDT ZECUSDT ZENUSDT ZILUSDT ZRXUSDT
2021-11-06,126,126,20,BTCUSDT ETHUSDT 1000SHIBUSDT SOLUSDT AXSUSDT DOGEUSDT FTMUSDT XRPUSDT DOTUSDT BNBUSDT MANAUSDT ADAUSDT LUNAUSDT MATICUSDT DYDXUSDT AVAXUSDT LINKUSDT FILUSDT LTCUSDT ATOMUSDT,1000SHIBUSDT 1000XECUSDT 1INCHUSDT AAVEUSDT ADAUSDT AKROUSDT ALGOUSDT ALICEUSDT ALPHAUSDT ANKRUSDT ARUSDT ATAUSDT ATOMUSDT AUDIOUSDT AVAXUSDT AXSUSDT BAKEUSDT BALUSDT BANDUSDT BATUSDT BCHUSDT BELUSDT BLZUSDT BNBUSDT BTCUSDT BTSUSDT BTTUSDT BZRXUSDT C98USDT CELOUSDT CELRUSDT CHRUSDT CHZUSDT COMPUSDT COTIUSDT CRVUSDT CTKUSDT CVCUSDT DASHUSDT DENTUSDT DGBUSDT DODOUSDT DOGEUSDT DOTUSDT DYDXUSDT EGLDUSDT ENJUSDT EOSUSDT ETCUSDT ETHUSDT FILUSDT FLMUSDT FTMUSDT GALAUSDT GRTUSDT GTCUSDT HBARUSDT HNTUSDT HOTUSDT ICPUSDT ICXUSDT IOSTUSDT IOTAUSDT IOTXUSDT KAVAUSDT KEEPUSDT KNCUSDT KSMUSDT LINAUSDT LINKUSDT LITUSDT LRCUSDT LTCUSDT LUNAUSDT MANAUSDT MASKUSDT MATICUSDT MKRUSDT MTLUSDT NEARUSDT NEOUSDT NKNUSDT OCEANUSDT OGNUSDT OMGUSDT ONEUSDT ONTUSDT QTUMUSDT RAYUSDT REEFUSDT RENUSDT RLCUSDT RSRUSDT RUNEUSDT RVNUSDT SANDUSDT SCUSDT SFPUSDT SKLUSDT SNXUSDT SOLUSDT SRMUSDT STMXUSDT STORJUSDT SUSHIUSDT SXPUSDT THETAUSDT TLMUSDT TOMOUSDT TRBUSDT TRXUSDT UNFIUSDT UNIUSDT VETUSDT WAVESUSDT XEMUSDT XLMUSDT XMRUSDT XRPUSDT XTZUSDT YFIIUSDT YFIUSDT ZECUSDT ZENUSDT ZILUSDT ZRXUSDT
2021-11-13,126,126,20,BTCUSDT ETHUSDT 1000SHIBUSDT SOLUSDT AXSUSDT DOGEUSDT FTMUSDT XRPUSDT DOTUSDT BNBUSDT MANAUSDT ADAUSDT LUNAUSDT MATICUSDT DYDXUSDT AVAXUSDT LINKUSDT FILUSDT LTCUSDT ATOMUSDT,1000SHIBUSDT 1000XECUSDT 1INCHUSDT AAVEUSDT ADAUSDT AKROUSDT ALGOUSDT ALICEUSDT ALPHAUSDT ANKRUSDT ARUSDT ATAUSDT ATOMUSDT AUDIOUSDT AVAXUSDT AXSUSDT BAKEUSDT BALUSDT BANDUSDT BATUSDT BCHUSDT BELUSDT BLZUSDT BNBUSDT BTCUSDT BTSUSDT BTTUSDT BZRXUSDT C98USDT CELOUSDT CELRUSDT CHRUSDT CHZUSDT COMPUSDT COTIUSDT CRVUSDT CTKUSDT CVCUSDT DASHUSDT DENTUSDT DGBUSDT DODOUSDT DOGEUSDT DOTUSDT DYDXUSDT EGLDUSDT ENJUSDT EOSUSDT ETCUSDT ETHUSDT FILUSDT FLMUSDT FTMUSDT GALAUSDT GRTUSDT GTCUSDT HBARUSDT HNTUSDT HOTUSDT ICPUSDT ICXUSDT IOSTUSDT IOTAUSDT IOTXUSDT KAVAUSDT KEEPUSDT KNCUSDT KSMUSDT LINAUSDT LINKUSDT LITUSDT LRCUSDT LTCUSDT LUNAUSDT MANAUSDT MASKUSDT MATICUSDT MKRUSDT MTLUSDT NEARUSDT NEOUSDT NKNUSDT OCEANUSDT OGNUSDT OMGUSDT ONEUSDT ONTUSDT QTUMUSDT RAYUSDT REEFUSDT RENUSDT RLCUSDT RSRUSDT RUNEUSDT RVNUSDT SANDUSDT SCUSDT SFPUSDT SKLUSDT SNXUSDT SOLUSDT SRMUSDT STMXUSDT STORJUSDT SUSHIUSDT SXPUSDT THETAUSDT TLMUSDT TOMOUSDT TRBUSDT TRXUSDT UNFIUSDT UNIUSDT VETUSDT WAVESUSDT XEMUSDT XLMUSDT XMRUSDT XRPUSDT XTZUSDT YFIIUSDT YFIUSDT ZECUSDT ZENUSDT ZILUSDT ZRXUSDT
2021-11-20,126,126,20,BTCUSDT ETHUSDT 1000SHIBUSDT SOLUSDT AXSUSDT DOGEUSDT FTMUSDT XRPUSDT DOTUSDT BNBUSDT MANAUSDT ADAUSDT LUNAUSDT MATICUSDT DYDXUSDT AVAXUSDT LINKUSDT FILUSDT LTCUSDT ATOMUSDT,1000SHIBUSDT 1000XECUSDT 1INCHUSDT AAVEUSDT ADAUSDT AKROUSDT ALGOUSDT ALICEUSDT ALPHAUSDT ANKRUSDT ARUSDT ATAUSDT ATOMUSDT AUDIOUSDT AVAXUSDT AXSUSDT BAKEUSDT BALUSDT BANDUSDT BATUSDT BCHUSDT BELUSDT BLZUSDT BNBUSDT BTCUSDT BTSUSDT BTTUSDT BZRXUSDT C98USDT CELOUSDT CELRUSDT CHRUSDT CHZUSDT COMPUSDT COTIUSDT CRVUSDT CTKUSDT CVCUSDT DASHUSDT DENTUSDT DGBUSDT DODOUSDT DOGEUSDT DOTUSDT DYDXUSDT EGLDUSDT ENJUSDT EOSUSDT ETCUSDT ETHUSDT FILUSDT FLMUSDT FTMUSDT GALAUSDT GRTUSDT GTCUSDT HBARUSDT HNTUSDT HOTUSDT ICPUSDT ICXUSDT IOSTUSDT IOTAUSDT IOTXUSDT KAVAUSDT KEEPUSDT KNCUSDT KSMUSDT LINAUSDT LINKUSDT LITUSDT LRCUSDT LTCUSDT LUNAUSDT MANAUSDT MASKUSDT MATICUSDT MKRUSDT MTLUSDT NEARUSDT NEOUSDT NKNUSDT OCEANUSDT OGNUSDT OMGUSDT ONEUSDT ONTUSDT QTUMUSDT RAYUSDT REEFUSDT RENUSDT RLCUSDT RSRUSDT RUNEUSDT RVNUSDT SANDUSDT SCUSDT SFPUSDT SKLUSDT SNXUSDT SOLUSDT SRMUSDT STMXUSDT STORJUSDT SUSHIUSDT SXPUSDT THETAUSDT TLMUSDT TOMOUSDT TRBUSDT TRXUSDT UNFIUSDT UNIUSDT VETUSDT WAVESUSDT XEMUSDT XLMUSDT XMRUSDT XRPUSDT XTZUSDT YFIIUSDT YFIUSDT ZECUSDT ZENUSDT ZILUSDT ZRXUSDT
2021-11-27,126,126,20,BTCUSDT ETHUSDT 1000SHIBUSDT SOLUSDT AXSUSDT DOGEUSDT FTMUSDT XRPUSDT DOTUSDT BNBUSDT MANAUSDT ADAUSDT LUNAUSDT MATICUSDT DYDXUSDT AVAXUSDT LINKUSDT FILUSDT LTCUSDT ATOMUSDT,1000SHIBUSDT 1000XECUSDT 1INCHUSDT AAVEUSDT ADAUSDT AKROUSDT ALGOUSDT ALICEUSDT ALPHAUSDT ANKRUSDT ARUSDT ATAUSDT ATOMUSDT AUDIOUSDT AVAXUSDT AXSUSDT BAKEUSDT BALUSDT BANDUSDT BATUSDT BCHUSDT BELUSDT BLZUSDT BNBUSDT BTCUSDT BTSUSDT BTTUSDT BZRXUSDT C98USDT CELOUSDT CELRUSDT CHRUSDT CHZUSDT COMPUSDT COTIUSDT CRVUSDT CTKUSDT CVCUSDT DASHUSDT DENTUSDT DGBUSDT DODOUSDT DOGEUSDT DOTUSDT DYDXUSDT EGLDUSDT ENJUSDT EOSUSDT ETCUSDT ETHUSDT FILUSDT FLMUSDT FTMUSDT GALAUSDT GRTUSDT GTCUSDT HBARUSDT HNTUSDT HOTUSDT ICPUSDT ICXUSDT IOSTUSDT IOTAUSDT IOTXUSDT KAVAUSDT KEEPUSDT KNCUSDT KSMUSDT LINAUSDT LINKUSDT LITUSDT LRCUSDT LTCUSDT LUNAUSDT MANAUSDT MASKUSDT MATICUSDT MKRUSDT MTLUSDT NEARUSDT NEOUSDT NKNUSDT OCEANUSDT OGNUSDT OMGUSDT ONEUSDT ONTUSDT QTUMUSDT RAYUSDT REEFUSDT RENUSDT RLCUSDT RSRUSDT RUNEUSDT RVNUSDT SANDUSDT SCUSDT SFPUSDT SKLUSDT SNXUSDT SOLUSDT SRMUSDT STMXUSDT STORJUSDT SUSHIUSDT SXPUSDT THETAUSDT TLMUSDT TOMOUSDT TRBUSDT TRXUSDT UNFIUSDT UNIUSDT VETUSDT WAVESUSDT XEMUSDT XLMUSDT XMRUSDT XRPUSDT XTZUSDT YFIIUSDT YFIUSDT ZECUSDT ZENUSDT ZILUSDT ZRXUSDT
2021-12-04,130,130,20,BTCUSDT ETHUSDT SANDUSDT 1000SHIBUSDT MANAUSDT GALAUSDT SOLUSDT LRCUSDT BNBUSDT XRPUSDT AVAXUSDT LTCUSDT DOTUSDT ADAUSDT DOGEUSDT FTMUSDT CHRUSDT IOTXUSDT LINKUSDT AXSUSDT,1000SHIBUSDT 1000XECUSDT 1INCHUSDT AAVEUSDT ADAUSDT AKROUSDT ALGOUSDT ALICEUSDT ALPHAUSDT ANKRUSDT ARPAUSDT ARUSDT ATAUSDT ATOMUSDT AUDIOUSDT AVAXUSDT AXSUSDT BAKEUSDT BALUSDT BANDUSDT BATUSDT BCHUSDT BELUSDT BLZUSDT BNBUSDT BTCUSDT BTSUSDT BTTUSDT BZRXUSDT C98USDT CELOUSDT CELRUSDT CHRUSDT CHZUSDT COMPUSDT COTIUSDT CRVUSDT CTKUSDT CTSIUSDT CVCUSDT DASHUSDT DENTUSDT DGBUSDT DODOUSDT DOGEUSDT DOTUSDT DYDXUSDT EGLDUSDT ENJUSDT EOSUSDT ETCUSDT ETHUSDT FILUSDT FLMUSDT FTMUSDT GALAUSDT GRTUSDT GTCUSDT HBARUSDT HNTUSDT HOTUSDT ICPUSDT ICXUSDT IOSTUSDT IOTAUSDT IOTXUSDT KAVAUSDT KEEPUSDT KLAYUSDT KNCUSDT KSMUSDT LINAUSDT LINKUSDT LITUSDT LRCUSDT LTCUSDT LUNAUSDT MANAUSDT MASKUSDT MATICUSDT MKRUSDT MTLUSDT NEARUSDT NEOUSDT NKNUSDT NUUSDT OCEANUSDT OGNUSDT OMGUSDT ONEUSDT ONTUSDT QTUMUSDT RAYUSDT REEFUSDT RENUSDT RLCUSDT RSRUSDT RUNEUSDT RVNUSDT SANDUSDT SCUSDT SFPUSDT SKLUSDT SNXUSDT SOLUSDT SRMUSDT STMXUSDT STORJUSDT SUSHIUSDT SXPUSDT THETAUSDT TLMUSDT TOMOUSDT TRBUSDT TRXUSDT UNFIUSDT UNIUSDT VETUSDT WAVESUSDT XEMUSDT XLMUSDT XMRUSDT XRPUSDT XTZUSDT YFIIUSDT YFIUSDT ZECUSDT ZENUSDT ZILUSDT ZRXUSDT
2021-12-11,130,130,20,BTCUSDT ETHUSDT SANDUSDT 1000SHIBUSDT MANAUSDT GALAUSDT SOLUSDT LRCUSDT BNBUSDT XRPUSDT AVAXUSDT LTCUSDT DOTUSDT ADAUSDT DOGEUSDT FTMUSDT CHRUSDT IOTXUSDT LINKUSDT AXSUSDT,1000SHIBUSDT 1000XECUSDT 1INCHUSDT AAVEUSDT ADAUSDT AKROUSDT ALGOUSDT ALICEUSDT ALPHAUSDT ANKRUSDT ARPAUSDT ARUSDT ATAUSDT ATOMUSDT AUDIOUSDT AVAXUSDT AXSUSDT BAKEUSDT BALUSDT BANDUSDT BATUSDT BCHUSDT BELUSDT BLZUSDT BNBUSDT BTCUSDT BTSUSDT BTTUSDT BZRXUSDT C98USDT CELOUSDT CELRUSDT CHRUSDT CHZUSDT COMPUSDT COTIUSDT CRVUSDT CTKUSDT CTSIUSDT CVCUSDT DASHUSDT DENTUSDT DGBUSDT DODOUSDT DOGEUSDT DOTUSDT DYDXUSDT EGLDUSDT ENJUSDT EOSUSDT ETCUSDT ETHUSDT FILUSDT FLMUSDT FTMUSDT GALAUSDT GRTUSDT GTCUSDT HBARUSDT HNTUSDT HOTUSDT ICPUSDT ICXUSDT IOSTUSDT IOTAUSDT IOTXUSDT KAVAUSDT KEEPUSDT KLAYUSDT KNCUSDT KSMUSDT LINAUSDT LINKUSDT LITUSDT LRCUSDT LTCUSDT LUNAUSDT MANAUSDT MASKUSDT MATICUSDT MKRUSDT MTLUSDT NEARUSDT NEOUSDT NKNUSDT NUUSDT OCEANUSDT OGNUSDT OMGUSDT ONEUSDT ONTUSDT QTUMUSDT RAYUSDT REEFUSDT RENUSDT RLCUSDT RSRUSDT RUNEUSDT RVNUSDT SANDUSDT SCUSDT SFPUSDT SKLUSDT SNXUSDT SOLUSDT SRMUSDT STMXUSDT STORJUSDT SUSHIUSDT SXPUSDT THETAUSDT TLMUSDT TOMOUSDT TRBUSDT TRXUSDT UNFIUSDT UNIUSDT VETUSDT WAVESUSDT XEMUSDT XLMUSDT XMRUSDT XRPUSDT XTZUSDT YFIIUSDT YFIUSDT ZECUSDT ZENUSDT ZILUSDT ZRXUSDT
2021-12-18,130,130,20,BTCUSDT ETHUSDT SANDUSDT 1000SHIBUSDT MANAUSDT GALAUSDT SOLUSDT LRCUSDT BNBUSDT XRPUSDT AVAXUSDT LTCUSDT DOTUSDT ADAUSDT DOGEUSDT FTMUSDT CHRUSDT IOTXUSDT LINKUSDT AXSUSDT,1000SHIBUSDT 1000XECUSDT 1INCHUSDT AAVEUSDT ADAUSDT AKROUSDT ALGOUSDT ALICEUSDT ALPHAUSDT ANKRUSDT ARPAUSDT ARUSDT ATAUSDT ATOMUSDT AUDIOUSDT AVAXUSDT AXSUSDT BAKEUSDT BALUSDT BANDUSDT BATUSDT BCHUSDT BELUSDT BLZUSDT BNBUSDT BTCUSDT BTSUSDT BTTUSDT BZRXUSDT C98USDT CELOUSDT CELRUSDT CHRUSDT CHZUSDT COMPUSDT COTIUSDT CRVUSDT CTKUSDT CTSIUSDT CVCUSDT DASHUSDT DENTUSDT DGBUSDT DODOUSDT DOGEUSDT DOTUSDT DYDXUSDT EGLDUSDT ENJUSDT EOSUSDT ETCUSDT ETHUSDT FILUSDT FLMUSDT FTMUSDT GALAUSDT GRTUSDT GTCUSDT HBARUSDT HNTUSDT HOTUSDT ICPUSDT ICXUSDT IOSTUSDT IOTAUSDT IOTXUSDT KAVAUSDT KEEPUSDT KLAYUSDT KNCUSDT KSMUSDT LINAUSDT LINKUSDT LITUSDT LRCUSDT LTCUSDT LUNAUSDT MANAUSDT MASKUSDT MATICUSDT MKRUSDT MTLUSDT NEARUSDT NEOUSDT NKNUSDT NUUSDT OCEANUSDT OGNUSDT OMGUSDT ONEUSDT ONTUSDT QTUMUSDT RAYUSDT REEFUSDT RENUSDT RLCUSDT RSRUSDT RUNEUSDT RVNUSDT SANDUSDT SCUSDT SFPUSDT SKLUSDT SNXUSDT SOLUSDT SRMUSDT STMXUSDT STORJUSDT SUSHIUSDT SXPUSDT THETAUSDT TLMUSDT TOMOUSDT TRBUSDT TRXUSDT UNFIUSDT UNIUSDT VETUSDT WAVESUSDT XEMUSDT XLMUSDT XMRUSDT XRPUSDT XTZUSDT YFIIUSDT YFIUSDT ZECUSDT ZENUSDT ZILUSDT ZRXUSDT
2021-12-25,130,130,20,BTCUSDT ETHUSDT SANDUSDT 1000SHIBUSDT MANAUSDT GALAUSDT SOLUSDT LRCUSDT BNBUSDT XRPUSDT AVAXUSDT LTCUSDT DOTUSDT ADAUSDT DOGEUSDT FTMUSDT CHRUSDT IOTXUSDT LINKUSDT AXSUSDT,1000SHIBUSDT 1000XECUSDT 1INCHUSDT AAVEUSDT ADAUSDT AKROUSDT ALGOUSDT ALICEUSDT ALPHAUSDT ANKRUSDT ARPAUSDT ARUSDT ATAUSDT ATOMUSDT AUDIOUSDT AVAXUSDT AXSUSDT BAKEUSDT BALUSDT BANDUSDT BATUSDT BCHUSDT BELUSDT BLZUSDT BNBUSDT BTCUSDT BTSUSDT BTTUSDT BZRXUSDT C98USDT CELOUSDT CELRUSDT CHRUSDT CHZUSDT COMPUSDT COTIUSDT CRVUSDT CTKUSDT CTSIUSDT CVCUSDT DASHUSDT DENTUSDT DGBUSDT DODOUSDT DOGEUSDT DOTUSDT DYDXUSDT EGLDUSDT ENJUSDT EOSUSDT ETCUSDT ETHUSDT FILUSDT FLMUSDT FTMUSDT GALAUSDT GRTUSDT GTCUSDT HBARUSDT HNTUSDT HOTUSDT ICPUSDT ICXUSDT IOSTUSDT IOTAUSDT IOTXUSDT KAVAUSDT KEEPUSDT KLAYUSDT KNCUSDT KSMUSDT LINAUSDT LINKUSDT LITUSDT LRCUSDT LTCUSDT LUNAUSDT MANAUSDT MASKUSDT MATICUSDT MKRUSDT MTLUSDT NEARUSDT NEOUSDT NKNUSDT NUUSDT OCEANUSDT OGNUSDT OMGUSDT ONEUSDT ONTUSDT QTUMUSDT RAYUSDT REEFUSDT RENUSDT RLCUSDT RSRUSDT RUNEUSDT RVNUSDT SANDUSDT SCUSDT SFPUSDT SKLUSDT SNXUSDT SOLUSDT SRMUSDT STMXUSDT STORJUSDT SUSHIUSDT SXPUSDT THETAUSDT TLMUSDT TOMOUSDT TRBUSDT TRXUSDT UNFIUSDT UNIUSDT VETUSDT WAVESUSDT XEMUSDT XLMUSDT XMRUSDT XRPUSDT XTZUSDT YFIIUSDT YFIUSDT ZECUSDT ZENUSDT ZILUSDT ZRXUSDT
2022-01-01,131,131,20,BTCUSDT ETHUSDT LUNAUSDT SANDUSDT MATICUSDT SOLUSDT GALAUSDT 1000SHIBUSDT AVAXUSDT MANAUSDT NEARUSDT XRPUSDT BNBUSDT ADAUSDT DOGEUSDT DOTUSDT FTMUSDT SUSHIUSDT ATOMUSDT LINKUSDT,1000SHIBUSDT 1000XECUSDT 1INCHUSDT AAVEUSDT ADAUSDT AKROUSDT ALGOUSDT ALICEUSDT ALPHAUSDT ANKRUSDT ARPAUSDT ARUSDT ATAUSDT ATOMUSDT AUDIOUSDT AVAXUSDT AXSUSDT BAKEUSDT BALUSDT BANDUSDT BATUSDT BCHUSDT BELUSDT BLZUSDT BNBUSDT BTCUSDT BTSUSDT BTTUSDT C98USDT CELOUSDT CELRUSDT CHRUSDT CHZUSDT COMPUSDT COTIUSDT CRVUSDT CTKUSDT CTSIUSDT CVCUSDT DASHUSDT DENTUSDT DGBUSDT DODOUSDT DOGEUSDT DOTUSDT DYDXUSDT EGLDUSDT ENJUSDT ENSUSDT EOSUSDT ETCUSDT ETHUSDT FILUSDT FLMUSDT FTMUSDT GALAUSDT GRTUSDT GTCUSDT HBARUSDT HNTUSDT HOTUSDT ICPUSDT ICXUSDT IOSTUSDT IOTAUSDT IOTXUSDT KAVAUSDT KEEPUSDT KLAYUSDT KNCUSDT KSMUSDT LINAUSDT LINKUSDT LITUSDT LPTUSDT LRCUSDT LTCUSDT LUNAUSDT MANAUSDT MASKUSDT MATICUSDT MKRUSDT MTLUSDT NEARUSDT NEOUSDT NKNUSDT NUUSDT OCEANUSDT OGNUSDT OMGUSDT ONEUSDT ONTUSDT QTUMUSDT RAYUSDT REEFUSDT RENUSDT RLCUSDT RSRUSDT RUNEUSDT RVNUSDT SANDUSDT SCUSDT SFPUSDT SKLUSDT SNXUSDT SOLUSDT SRMUSDT STMXUSDT STORJUSDT SUSHIUSDT SXPUSDT THETAUSDT TLMUSDT TOMOUSDT TRBUSDT TRXUSDT UNFIUSDT UNIUSDT VETUSDT WAVESUSDT XEMUSDT XLMUSDT XMRUSDT XRPUSDT XTZUSDT YFIIUSDT YFIUSDT ZECUSDT ZENUSDT ZILUSDT ZRXUSDT
2022-01-08,131,131,20,BTCUSDT ETHUSDT LUNAUSDT SANDUSDT MATICUSDT SOLUSDT GALAUSDT 1000SHIBUSDT AVAXUSDT MANAUSDT NEARUSDT XRPUSDT BNBUSDT ADAUSDT DOGEUSDT DOTUSDT FTMUSDT SUSHIUSDT ATOMUSDT LINKUSDT,1000SHIBUSDT 1000XECUSDT 1INCHUSDT AAVEUSDT ADAUSDT AKROUSDT ALGOUSDT ALICEUSDT ALPHAUSDT ANKRUSDT ARPAUSDT ARUSDT ATAUSDT ATOMUSDT AUDIOUSDT AVAXUSDT AXSUSDT BAKEUSDT BALUSDT BANDUSDT BATUSDT BCHUSDT BELUSDT BLZUSDT BNBUSDT BTCUSDT BTSUSDT BTTUSDT C98USDT CELOUSDT CELRUSDT CHRUSDT CHZUSDT COMPUSDT COTIUSDT CRVUSDT CTKUSDT CTSIUSDT CVCUSDT DASHUSDT DENTUSDT DGBUSDT DODOUSDT DOGEUSDT DOTUSDT DYDXUSDT EGLDUSDT ENJUSDT ENSUSDT EOSUSDT ETCUSDT ETHUSDT FILUSDT FLMUSDT FTMUSDT GALAUSDT GRTUSDT GTCUSDT HBARUSDT HNTUSDT HOTUSDT ICPUSDT ICXUSDT IOSTUSDT IOTAUSDT IOTXUSDT KAVAUSDT KEEPUSDT KLAYUSDT KNCUSDT KSMUSDT LINAUSDT LINKUSDT LITUSDT LPTUSDT LRCUSDT LTCUSDT LUNAUSDT MANAUSDT MASKUSDT MATICUSDT MKRUSDT MTLUSDT NEARUSDT NEOUSDT NKNUSDT NUUSDT OCEANUSDT OGNUSDT OMGUSDT ONEUSDT ONTUSDT QTUMUSDT RAYUSDT REEFUSDT RENUSDT RLCUSDT RSRUSDT RUNEUSDT RVNUSDT SANDUSDT SCUSDT SFPUSDT SKLUSDT SNXUSDT SOLUSDT SRMUSDT STMXUSDT STORJUSDT SUSHIUSDT SXPUSDT THETAUSDT TLMUSDT TOMOUSDT TRBUSDT TRXUSDT UNFIUSDT UNIUSDT VETUSDT WAVESUSDT XEMUSDT XLMUSDT XMRUSDT XRPUSDT XTZUSDT YFIIUSDT YFIUSDT ZECUSDT ZENUSDT ZILUSDT ZRXUSDT
2022-01-15,131,131,20,BTCUSDT ETHUSDT LUNAUSDT SANDUSDT MATICUSDT SOLUSDT GALAUSDT 1000SHIBUSDT AVAXUSDT MANAUSDT NEARUSDT XRPUSDT BNBUSDT ADAUSDT DOGEUSDT DOTUSDT FTMUSDT SUSHIUSDT ATOMUSDT LINKUSDT,1000SHIBUSDT 1000XECUSDT 1INCHUSDT AAVEUSDT ADAUSDT AKROUSDT ALGOUSDT ALICEUSDT ALPHAUSDT ANKRUSDT ARPAUSDT ARUSDT ATAUSDT ATOMUSDT AUDIOUSDT AVAXUSDT AXSUSDT BAKEUSDT BALUSDT BANDUSDT BATUSDT BCHUSDT BELUSDT BLZUSDT BNBUSDT BTCUSDT BTSUSDT BTTUSDT C98USDT CELOUSDT CELRUSDT CHRUSDT CHZUSDT COMPUSDT COTIUSDT CRVUSDT CTKUSDT CTSIUSDT CVCUSDT DASHUSDT DENTUSDT DGBUSDT DODOUSDT DOGEUSDT DOTUSDT DYDXUSDT EGLDUSDT ENJUSDT ENSUSDT EOSUSDT ETCUSDT ETHUSDT FILUSDT FLMUSDT FTMUSDT GALAUSDT GRTUSDT GTCUSDT HBARUSDT HNTUSDT HOTUSDT ICPUSDT ICXUSDT IOSTUSDT IOTAUSDT IOTXUSDT KAVAUSDT KEEPUSDT KLAYUSDT KNCUSDT KSMUSDT LINAUSDT LINKUSDT LITUSDT LPTUSDT LRCUSDT LTCUSDT LUNAUSDT MANAUSDT MASKUSDT MATICUSDT MKRUSDT MTLUSDT NEARUSDT NEOUSDT NKNUSDT NUUSDT OCEANUSDT OGNUSDT OMGUSDT ONEUSDT ONTUSDT QTUMUSDT RAYUSDT REEFUSDT RENUSDT RLCUSDT RSRUSDT RUNEUSDT RVNUSDT SANDUSDT SCUSDT SFPUSDT SKLUSDT SNXUSDT SOLUSDT SRMUSDT STMXUSDT STORJUSDT SUSHIUSDT SXPUSDT THETAUSDT TLMUSDT TOMOUSDT TRBUSDT TRXUSDT UNFIUSDT UNIUSDT VETUSDT WAVESUSDT XEMUSDT XLMUSDT XMRUSDT XRPUSDT XTZUSDT YFIIUSDT YFIUSDT ZECUSDT ZENUSDT ZILUSDT ZRXUSDT
2022-01-22,131,131,20,BTCUSDT ETHUSDT LUNAUSDT SANDUSDT MATICUSDT SOLUSDT GALAUSDT 1000SHIBUSDT AVAXUSDT MANAUSDT NEARUSDT XRPUSDT BNBUSDT ADAUSDT DOGEUSDT DOTUSDT FTMUSDT SUSHIUSDT ATOMUSDT LINKUSDT,1000SHIBUSDT 1000XECUSDT 1INCHUSDT AAVEUSDT ADAUSDT AKROUSDT ALGOUSDT ALICEUSDT ALPHAUSDT ANKRUSDT ARPAUSDT ARUSDT ATAUSDT ATOMUSDT AUDIOUSDT AVAXUSDT AXSUSDT BAKEUSDT BALUSDT BANDUSDT BATUSDT BCHUSDT BELUSDT BLZUSDT BNBUSDT BTCUSDT BTSUSDT BTTUSDT C98USDT CELOUSDT CELRUSDT CHRUSDT CHZUSDT COMPUSDT COTIUSDT CRVUSDT CTKUSDT CTSIUSDT CVCUSDT DASHUSDT DENTUSDT DGBUSDT DODOUSDT DOGEUSDT DOTUSDT DYDXUSDT EGLDUSDT ENJUSDT ENSUSDT EOSUSDT ETCUSDT ETHUSDT FILUSDT FLMUSDT FTMUSDT GALAUSDT GRTUSDT GTCUSDT HBARUSDT HNTUSDT HOTUSDT ICPUSDT ICXUSDT IOSTUSDT IOTAUSDT IOTXUSDT KAVAUSDT KEEPUSDT KLAYUSDT KNCUSDT KSMUSDT LINAUSDT LINKUSDT LITUSDT LPTUSDT LRCUSDT LTCUSDT LUNAUSDT MANAUSDT MASKUSDT MATICUSDT MKRUSDT MTLUSDT NEARUSDT NEOUSDT NKNUSDT NUUSDT OCEANUSDT OGNUSDT OMGUSDT ONEUSDT ONTUSDT QTUMUSDT RAYUSDT REEFUSDT RENUSDT RLCUSDT RSRUSDT RUNEUSDT RVNUSDT SANDUSDT SCUSDT SFPUSDT SKLUSDT SNXUSDT SOLUSDT SRMUSDT STMXUSDT STORJUSDT SUSHIUSDT SXPUSDT THETAUSDT TLMUSDT TOMOUSDT TRBUSDT TRXUSDT UNFIUSDT UNIUSDT VETUSDT WAVESUSDT XEMUSDT XLMUSDT XMRUSDT XRPUSDT XTZUSDT YFIIUSDT YFIUSDT ZECUSDT ZENUSDT ZILUSDT ZRXUSDT
2022-01-29,131,131,20,BTCUSDT ETHUSDT LUNAUSDT SANDUSDT MATICUSDT SOLUSDT GALAUSDT 1000SHIBUSDT AVAXUSDT MANAUSDT NEARUSDT XRPUSDT BNBUSDT ADAUSDT DOGEUSDT DOTUSDT FTMUSDT SUSHIUSDT ATOMUSDT LINKUSDT,1000SHIBUSDT 1000XECUSDT 1INCHUSDT AAVEUSDT ADAUSDT AKROUSDT ALGOUSDT ALICEUSDT ALPHAUSDT ANKRUSDT ARPAUSDT ARUSDT ATAUSDT ATOMUSDT AUDIOUSDT AVAXUSDT AXSUSDT BAKEUSDT BALUSDT BANDUSDT BATUSDT BCHUSDT BELUSDT BLZUSDT BNBUSDT BTCUSDT BTSUSDT BTTUSDT C98USDT CELOUSDT CELRUSDT CHRUSDT CHZUSDT COMPUSDT COTIUSDT CRVUSDT CTKUSDT CTSIUSDT CVCUSDT DASHUSDT DENTUSDT DGBUSDT DODOUSDT DOGEUSDT DOTUSDT DYDXUSDT EGLDUSDT ENJUSDT ENSUSDT EOSUSDT ETCUSDT ETHUSDT FILUSDT FLMUSDT FTMUSDT GALAUSDT GRTUSDT GTCUSDT HBARUSDT HNTUSDT HOTUSDT ICPUSDT ICXUSDT IOSTUSDT IOTAUSDT IOTXUSDT KAVAUSDT KEEPUSDT KLAYUSDT KNCUSDT KSMUSDT LINAUSDT LINKUSDT LITUSDT LPTUSDT LRCUSDT LTCUSDT LUNAUSDT MANAUSDT MASKUSDT MATICUSDT MKRUSDT MTLUSDT NEARUSDT NEOUSDT NKNUSDT NUUSDT OCEANUSDT OGNUSDT OMGUSDT ONEUSDT ONTUSDT QTUMUSDT RAYUSDT REEFUSDT RENUSDT RLCUSDT RSRUSDT RUNEUSDT RVNUSDT SANDUSDT SCUSDT SFPUSDT SKLUSDT SNXUSDT SOLUSDT SRMUSDT STMXUSDT STORJUSDT SUSHIUSDT SXPUSDT THETAUSDT TLMUSDT TOMOUSDT TRBUSDT TRXUSDT UNFIUSDT UNIUSDT VETUSDT WAVESUSDT XEMUSDT XLMUSDT XMRUSDT XRPUSDT XTZUSDT YFIIUSDT YFIUSDT ZECUSDT ZENUSDT ZILUSDT ZRXUSDT
2022-02-05,133,133,20,BTCUSDT ETHUSDT FTMUSDT LUNAUSDT ATOMUSDT NEARUSDT ADAUSDT SOLUSDT LINKUSDT SANDUSDT MATICUSDT DOGEUSDT DOTUSDT BNBUSDT 1000SHIBUSDT AVAXUSDT MANAUSDT GALAUSDT ONEUSDT XRPUSDT,1000SHIBUSDT 1000XECUSDT 1INCHUSDT AAVEUSDT ADAUSDT AKROUSDT ALGOUSDT ALICEUSDT ALPHAUSDT ANKRUSDT ANTUSDT ARPAUSDT ARUSDT ATAUSDT ATOMUSDT AUDIOUSDT AVAXUSDT AXSUSDT BAKEUSDT BALUSDT BANDUSDT BATUSDT BCHUSDT BELUSDT BLZUSDT BNBUSDT BTCUSDT BTSUSDT C98USDT CELOUSDT CELRUSDT CHRUSDT CHZUSDT COMPUSDT COTIUSDT CRVUSDT CTKUSDT CTSIUSDT CVCUSDT DASHUSDT DENTUSDT DGBUSDT DODOUSDT DOGEUSDT DOTUSDT DYDXUSDT EGLDUSDT ENJUSDT ENSUSDT EOSUSDT ETCUSDT ETHUSDT FILUSDT FLMUSDT FTMUSDT GALAUSDT GRTUSDT GTCUSDT HBARUSDT HNTUSDT HOTUSDT ICPUSDT ICXUSDT IOSTUSDT IOTAUSDT IOTXUSDT KAVAUSDT KEEPUSDT KLAYUSDT KNCUSDT KSMUSDT LINAUSDT LINKUSDT LITUSDT LPTUSDT LRCUSDT LTCUSDT LUNAUSDT MANAUSDT MASKUSDT MATICUSDT MKRUSDT MTLUSDT NEARUSDT NEOUSDT NKNUSDT NUUSDT OCEANUSDT OGNUSDT OMGUSDT ONEUSDT ONTUSDT PEOPLEUSDT QTUMUSDT RAYUSDT REEFUSDT RENUSDT RLCUSDT ROSEUSDT RSRUSDT RUNEUSDT RVNUSDT SANDUSDT SCUSDT SFPUSDT SKLUSDT SNXUSDT SOLUSDT SRMUSDT STMXUSDT STORJUSDT SUSHIUSDT SXPUSDT THETAUSDT TLMUSDT TOMOUSDT TRBUSDT TRXUSDT UNFIUSDT UNIUSDT VETUSDT WAVESUSDT XEMUSDT XLMUSDT XMRUSDT XRPUSDT XTZUSDT YFIIUSDT YFIUSDT ZECUSDT ZENUSDT ZILUSDT ZRXUSDT
2022-02-12,133,133,20,BTCUSDT ETHUSDT FTMUSDT LUNAUSDT ATOMUSDT NEARUSDT ADAUSDT SOLUSDT LINKUSDT SANDUSDT MATICUSDT DOGEUSDT DOTUSDT BNBUSDT 1000SHIBUSDT AVAXUSDT MANAUSDT GALAUSDT ONEUSDT XRPUSDT,1000SHIBUSDT 1000XECUSDT 1INCHUSDT AAVEUSDT ADAUSDT AKROUSDT ALGOUSDT ALICEUSDT ALPHAUSDT ANKRUSDT ANTUSDT ARPAUSDT ARUSDT ATAUSDT ATOMUSDT AUDIOUSDT AVAXUSDT AXSUSDT BAKEUSDT BALUSDT BANDUSDT BATUSDT BCHUSDT BELUSDT BLZUSDT BNBUSDT BTCUSDT BTSUSDT C98USDT CELOUSDT CELRUSDT CHRUSDT CHZUSDT COMPUSDT COTIUSDT CRVUSDT CTKUSDT CTSIUSDT CVCUSDT DASHUSDT DENTUSDT DGBUSDT DODOUSDT DOGEUSDT DOTUSDT DYDXUSDT EGLDUSDT ENJUSDT ENSUSDT EOSUSDT ETCUSDT ETHUSDT FILUSDT FLMUSDT FTMUSDT GALAUSDT GRTUSDT GTCUSDT HBARUSDT HNTUSDT HOTUSDT ICPUSDT ICXUSDT IOSTUSDT IOTAUSDT IOTXUSDT KAVAUSDT KEEPUSDT KLAYUSDT KNCUSDT KSMUSDT LINAUSDT LINKUSDT LITUSDT LPTUSDT LRCUSDT LTCUSDT LUNAUSDT MANAUSDT MASKUSDT MATICUSDT MKRUSDT MTLUSDT NEARUSDT NEOUSDT NKNUSDT NUUSDT OCEANUSDT OGNUSDT OMGUSDT ONEUSDT ONTUSDT PEOPLEUSDT QTUMUSDT RAYUSDT REEFUSDT RENUSDT RLCUSDT ROSEUSDT RSRUSDT RUNEUSDT RVNUSDT SANDUSDT SCUSDT SFPUSDT SKLUSDT SNXUSDT SOLUSDT SRMUSDT STMXUSDT STORJUSDT SUSHIUSDT SXPUSDT THETAUSDT TLMUSDT TOMOUSDT TRBUSDT TRXUSDT UNFIUSDT UNIUSDT VETUSDT WAVESUSDT XEMUSDT XLMUSDT XMRUSDT XRPUSDT XTZUSDT YFIIUSDT YFIUSDT ZECUSDT ZENUSDT ZILUSDT ZRXUSDT
2022-02-19,133,133,20,BTCUSDT ETHUSDT FTMUSDT LUNAUSDT ATOMUSDT NEARUSDT ADAUSDT SOLUSDT LINKUSDT SANDUSDT MATICUSDT DOGEUSDT DOTUSDT BNBUSDT 1000SHIBUSDT AVAXUSDT MANAUSDT GALAUSDT ONEUSDT XRPUSDT,1000SHIBUSDT 1000XECUSDT 1INCHUSDT AAVEUSDT ADAUSDT AKROUSDT ALGOUSDT ALICEUSDT ALPHAUSDT ANKRUSDT ANTUSDT ARPAUSDT ARUSDT ATAUSDT ATOMUSDT AUDIOUSDT AVAXUSDT AXSUSDT BAKEUSDT BALUSDT BANDUSDT BATUSDT BCHUSDT BELUSDT BLZUSDT BNBUSDT BTCUSDT BTSUSDT C98USDT CELOUSDT CELRUSDT CHRUSDT CHZUSDT COMPUSDT COTIUSDT CRVUSDT CTKUSDT CTSIUSDT CVCUSDT DASHUSDT DENTUSDT DGBUSDT DODOUSDT DOGEUSDT DOTUSDT DYDXUSDT EGLDUSDT ENJUSDT ENSUSDT EOSUSDT ETCUSDT ETHUSDT FILUSDT FLMUSDT FTMUSDT GALAUSDT GRTUSDT GTCUSDT HBARUSDT HNTUSDT HOTUSDT ICPUSDT ICXUSDT IOSTUSDT IOTAUSDT IOTXUSDT KAVAUSDT KEEPUSDT KLAYUSDT KNCUSDT KSMUSDT LINAUSDT LINKUSDT LITUSDT LPTUSDT LRCUSDT LTCUSDT LUNAUSDT MANAUSDT MASKUSDT MATICUSDT MKRUSDT MTLUSDT NEARUSDT NEOUSDT NKNUSDT NUUSDT OCEANUSDT OGNUSDT OMGUSDT ONEUSDT ONTUSDT PEOPLEUSDT QTUMUSDT RAYUSDT REEFUSDT RENUSDT RLCUSDT ROSEUSDT RSRUSDT RUNEUSDT RVNUSDT SANDUSDT SCUSDT SFPUSDT SKLUSDT SNXUSDT SOLUSDT SRMUSDT STMXUSDT STORJUSDT SUSHIUSDT SXPUSDT THETAUSDT TLMUSDT TOMOUSDT TRBUSDT TRXUSDT UNFIUSDT UNIUSDT VETUSDT WAVESUSDT XEMUSDT XLMUSDT XMRUSDT XRPUSDT XTZUSDT YFIIUSDT YFIUSDT ZECUSDT ZENUSDT ZILUSDT ZRXUSDT
2022-02-26,133,133,20,BTCUSDT ETHUSDT FTMUSDT LUNAUSDT ATOMUSDT NEARUSDT ADAUSDT SOLUSDT LINKUSDT SANDUSDT MATICUSDT DOGEUSDT DOTUSDT BNBUSDT 1000SHIBUSDT AVAXUSDT MANAUSDT GALAUSDT ONEUSDT XRPUSDT,1000SHIBUSDT 1000XECUSDT 1INCHUSDT AAVEUSDT ADAUSDT AKROUSDT ALGOUSDT ALICEUSDT ALPHAUSDT ANKRUSDT ANTUSDT ARPAUSDT ARUSDT ATAUSDT ATOMUSDT AUDIOUSDT AVAXUSDT AXSUSDT BAKEUSDT BALUSDT BANDUSDT BATUSDT BCHUSDT BELUSDT BLZUSDT BNBUSDT BTCUSDT BTSUSDT C98USDT CELOUSDT CELRUSDT CHRUSDT CHZUSDT COMPUSDT COTIUSDT CRVUSDT CTKUSDT CTSIUSDT CVCUSDT DASHUSDT DENTUSDT DGBUSDT DODOUSDT DOGEUSDT DOTUSDT DYDXUSDT EGLDUSDT ENJUSDT ENSUSDT EOSUSDT ETCUSDT ETHUSDT FILUSDT FLMUSDT FTMUSDT GALAUSDT GRTUSDT GTCUSDT HBARUSDT HNTUSDT HOTUSDT ICPUSDT ICXUSDT IOSTUSDT IOTAUSDT IOTXUSDT KAVAUSDT KEEPUSDT KLAYUSDT KNCUSDT KSMUSDT LINAUSDT LINKUSDT LITUSDT LPTUSDT LRCUSDT LTCUSDT LUNAUSDT MANAUSDT MASKUSDT MATICUSDT MKRUSDT MTLUSDT NEARUSDT NEOUSDT NKNUSDT NUUSDT OCEANUSDT OGNUSDT OMGUSDT ONEUSDT ONTUSDT PEOPLEUSDT QTUMUSDT RAYUSDT REEFUSDT RENUSDT RLCUSDT ROSEUSDT RSRUSDT RUNEUSDT RVNUSDT SANDUSDT SCUSDT SFPUSDT SKLUSDT SNXUSDT SOLUSDT SRMUSDT STMXUSDT STORJUSDT SUSHIUSDT SXPUSDT THETAUSDT TLMUSDT TOMOUSDT TRBUSDT TRXUSDT UNFIUSDT UNIUSDT VETUSDT WAVESUSDT XEMUSDT XLMUSDT XMRUSDT XRPUSDT XTZUSDT YFIIUSDT YFIUSDT ZECUSDT ZENUSDT ZILUSDT ZRXUSDT
2022-03-05,87,87,20,BTCUSDT ETHUSDT GALAUSDT 1000SHIBUSDT AVAXUSDT ADAUSDT BNBUSDT MATICUSDT ATOMUSDT DOTUSDT DOGEUSDT LINKUSDT AXSUSDT ALICEUSDT ETCUSDT THETAUSDT XTZUSDT DYDXUSDT ICPUSDT CRVUSDT,1000BTTCUSDT 1000SHIBUSDT 1000XECUSDT 1INCHUSDT AAVEUSDT ADAUSDT AKROUSDT ALGOUSDT ALICEUSDT ALPHAUSDT ANKRUSDT ANTUSDT ARPAUSDT ARUSDT ATAUSDT ATOMUSDT AUDIOUSDT AVAXUSDT AXSUSDT BAKEUSDT BALUSDT BANDUSDT BATUSDT BCHUSDT BELUSDT BLZUSDT BNBUSDT BTCUSDT BTSUSDT C98USDT CELOUSDT CELRUSDT CHRUSDT CHZUSDT COMPUSDT COTIUSDT CRVUSDT CTKUSDT CTSIUSDT CVCUSDT DASHUSDT DENTUSDT DGBUSDT DODOUSDT DOGEUSDT DOTUSDT DUSKUSDT DYDXUSDT EGLDUSDT ENJUSDT ENSUSDT EOSUSDT ETCUSDT ETHUSDT GALAUSDT HNTUSDT ICPUSDT ICXUSDT IOSTUSDT IOTXUSDT KAVAUSDT KLAYUSDT LINKUSDT LPTUSDT MATICUSDT MTLUSDT NEOUSDT NKNUSDT ONTUSDT QTUMUSDT RAYUSDT REEFUSDT RENUSDT RUNEUSDT SCUSDT SFPUSDT SNXUSDT SRMUSDT STMXUSDT SXPUSDT THETAUSDT TLMUSDT TOMOUSDT UNIUSDT XMRUSDT XTZUSDT ZRXUSDT
2022-03-12,87,87,20,BTCUSDT ETHUSDT GALAUSDT 1000SHIBUSDT AVAXUSDT ADAUSDT BNBUSDT MATICUSDT ATOMUSDT DOTUSDT DOGEUSDT LINKUSDT AXSUSDT ALICEUSDT ETCUSDT THETAUSDT XTZUSDT DYDXUSDT ICPUSDT CRVUSDT,1000BTTCUSDT 1000SHIBUSDT 1000XECUSDT 1INCHUSDT AAVEUSDT ADAUSDT AKROUSDT ALGOUSDT ALICEUSDT ALPHAUSDT ANKRUSDT ANTUSDT ARPAUSDT ARUSDT ATAUSDT ATOMUSDT AUDIOUSDT AVAXUSDT AXSUSDT BAKEUSDT BALUSDT BANDUSDT BATUSDT BCHUSDT BELUSDT BLZUSDT BNBUSDT BTCUSDT BTSUSDT C98USDT CELOUSDT CELRUSDT CHRUSDT CHZUSDT COMPUSDT COTIUSDT CRVUSDT CTKUSDT CTSIUSDT CVCUSDT DASHUSDT DENTUSDT DGBUSDT DODOUSDT DOGEUSDT DOTUSDT DUSKUSDT DYDXUSDT EGLDUSDT ENJUSDT ENSUSDT EOSUSDT ETCUSDT ETHUSDT GALAUSDT HNTUSDT ICPUSDT ICXUSDT IOSTUSDT IOTXUSDT KAVAUSDT KLAYUSDT LINKUSDT LPTUSDT MATICUSDT MTLUSDT NEOUSDT NKNUSDT ONTUSDT QTUMUSDT RAYUSDT REEFUSDT RENUSDT RUNEUSDT SCUSDT SFPUSDT SNXUSDT SRMUSDT STMXUSDT SXPUSDT THETAUSDT TLMUSDT TOMOUSDT UNIUSDT XMRUSDT XTZUSDT ZRXUSDT
2022-03-19,87,87,20,BTCUSDT ETHUSDT GALAUSDT 1000SHIBUSDT AVAXUSDT ADAUSDT BNBUSDT MATICUSDT ATOMUSDT DOTUSDT DOGEUSDT LINKUSDT AXSUSDT ALICEUSDT ETCUSDT THETAUSDT XTZUSDT DYDXUSDT ICPUSDT CRVUSDT,1000BTTCUSDT 1000SHIBUSDT 1000XECUSDT 1INCHUSDT AAVEUSDT ADAUSDT AKROUSDT ALGOUSDT ALICEUSDT ALPHAUSDT ANKRUSDT ANTUSDT ARPAUSDT ARUSDT ATAUSDT ATOMUSDT AUDIOUSDT AVAXUSDT AXSUSDT BAKEUSDT BALUSDT BANDUSDT BATUSDT BCHUSDT BELUSDT BLZUSDT BNBUSDT BTCUSDT BTSUSDT C98USDT CELOUSDT CELRUSDT CHRUSDT CHZUSDT COMPUSDT COTIUSDT CRVUSDT CTKUSDT CTSIUSDT CVCUSDT DASHUSDT DENTUSDT DGBUSDT DODOUSDT DOGEUSDT DOTUSDT DUSKUSDT DYDXUSDT EGLDUSDT ENJUSDT ENSUSDT EOSUSDT ETCUSDT ETHUSDT GALAUSDT HNTUSDT ICPUSDT ICXUSDT IOSTUSDT IOTXUSDT KAVAUSDT KLAYUSDT LINKUSDT LPTUSDT MATICUSDT MTLUSDT NEOUSDT NKNUSDT ONTUSDT QTUMUSDT RAYUSDT REEFUSDT RENUSDT RUNEUSDT SCUSDT SFPUSDT SNXUSDT SRMUSDT STMXUSDT SXPUSDT THETAUSDT TLMUSDT TOMOUSDT UNIUSDT XMRUSDT XTZUSDT ZRXUSDT
2022-03-26,87,87,20,BTCUSDT ETHUSDT GALAUSDT 1000SHIBUSDT AVAXUSDT ADAUSDT BNBUSDT MATICUSDT ATOMUSDT DOTUSDT DOGEUSDT LINKUSDT AXSUSDT ALICEUSDT ETCUSDT THETAUSDT XTZUSDT DYDXUSDT ICPUSDT CRVUSDT,1000BTTCUSDT 1000SHIBUSDT 1000XECUSDT 1INCHUSDT AAVEUSDT ADAUSDT AKROUSDT ALGOUSDT ALICEUSDT ALPHAUSDT ANKRUSDT ANTUSDT ARPAUSDT ARUSDT ATAUSDT ATOMUSDT AUDIOUSDT AVAXUSDT AXSUSDT BAKEUSDT BALUSDT BANDUSDT BATUSDT BCHUSDT BELUSDT BLZUSDT BNBUSDT BTCUSDT BTSUSDT C98USDT CELOUSDT CELRUSDT CHRUSDT CHZUSDT COMPUSDT COTIUSDT CRVUSDT CTKUSDT CTSIUSDT CVCUSDT DASHUSDT DENTUSDT DGBUSDT DODOUSDT DOGEUSDT DOTUSDT DUSKUSDT DYDXUSDT EGLDUSDT ENJUSDT ENSUSDT EOSUSDT ETCUSDT ETHUSDT GALAUSDT HNTUSDT ICPUSDT ICXUSDT IOSTUSDT IOTXUSDT KAVAUSDT KLAYUSDT LINKUSDT LPTUSDT MATICUSDT MTLUSDT NEOUSDT NKNUSDT ONTUSDT QTUMUSDT RAYUSDT REEFUSDT RENUSDT RUNEUSDT SCUSDT SFPUSDT SNXUSDT SRMUSDT STMXUSDT SXPUSDT THETAUSDT TLMUSDT TOMOUSDT UNIUSDT XMRUSDT XTZUSDT ZRXUSDT
2022-04-02,136,136,20,BTCUSDT ETHUSDT LUNAUSDT SOLUSDT FTMUSDT WAVESUSDT AVAXUSDT ETCUSDT GALAUSDT XRPUSDT ZILUSDT ADAUSDT 1000SHIBUSDT NEARUSDT RUNEUSDT SANDUSDT BNBUSDT ATOMUSDT DOTUSDT AXSUSDT,1000BTTCUSDT 1000SHIBUSDT 1000XECUSDT 1INCHUSDT AAVEUSDT ADAUSDT AKROUSDT ALGOUSDT ALICEUSDT ALPHAUSDT ANKRUSDT ANTUSDT API3USDT ARPAUSDT ARUSDT ATAUSDT ATOMUSDT AUDIOUSDT AVAXUSDT AXSUSDT BAKEUSDT BALUSDT BANDUSDT BATUSDT BCHUSDT BELUSDT BLZUSDT BNBUSDT BTCUSDT BTSUSDT C98USDT CELOUSDT CELRUSDT CHRUSDT CHZUSDT COMPUSDT COTIUSDT CRVUSDT CTKUSDT CTSIUSDT CVCUSDT DASHUSDT DENTUSDT DGBUSDT DODOUSDT DOGEUSDT DOTUSDT DUSKUSDT DYDXUSDT EGLDUSDT ENJUSDT ENSUSDT EOSUSDT ETCUSDT ETHUSDT FILUSDT FLMUSDT FLOWUSDT FTMUSDT GALAUSDT GRTUSDT GTCUSDT HBARUSDT HNTUSDT HOTUSDT ICPUSDT ICXUSDT IMXUSDT IOSTUSDT IOTAUSDT IOTXUSDT KAVAUSDT KLAYUSDT KNCUSDT KSMUSDT LINAUSDT LINKUSDT LITUSDT LPTUSDT LRCUSDT LTCUSDT LUNAUSDT MANAUSDT MASKUSDT MATICUSDT MKRUSDT MTLUSDT NEARUSDT NEOUSDT NKNUSDT OCEANUSDT OGNUSDT OMGUSDT ONEUSDT ONTUSDT PEOPLEUSDT QTUMUSDT RAYUSDT REEFUSDT RENUSDT RLCUSDT ROSEUSDT RSRUSDT RUNEUSDT RVNUSDT SANDUSDT SCUSDT SFPUSDT SKLUSDT SNXUSDT SOLUSDT SRMUSDT STMXUSDT STORJUSDT SUSHIUSDT SXPUSDT THETAUSDT TLMUSDT TOMOUSDT TRBUSDT TRXUSDT UNFIUSDT UNIUSDT VETUSDT WAVESUSDT XEMUSDT XLMUSDT XMRUSDT XRPUSDT XTZUSDT YFIIUSDT YFIUSDT ZECUSDT ZENUSDT ZILUSDT ZRXUSDT
2022-04-09,136,136,20,BTCUSDT ETHUSDT LUNAUSDT SOLUSDT FTMUSDT WAVESUSDT AVAXUSDT ETCUSDT GALAUSDT XRPUSDT ZILUSDT ADAUSDT 1000SHIBUSDT NEARUSDT RUNEUSDT SANDUSDT BNBUSDT ATOMUSDT DOTUSDT AXSUSDT,1000BTTCUSDT 1000SHIBUSDT 1000XECUSDT 1INCHUSDT AAVEUSDT ADAUSDT AKROUSDT ALGOUSDT ALICEUSDT ALPHAUSDT ANKRUSDT ANTUSDT API3USDT ARPAUSDT ARUSDT ATAUSDT ATOMUSDT AUDIOUSDT AVAXUSDT AXSUSDT BAKEUSDT BALUSDT BANDUSDT BATUSDT BCHUSDT BELUSDT BLZUSDT BNBUSDT BTCUSDT BTSUSDT C98USDT CELOUSDT CELRUSDT CHRUSDT CHZUSDT COMPUSDT COTIUSDT CRVUSDT CTKUSDT CTSIUSDT CVCUSDT DASHUSDT DENTUSDT DGBUSDT DODOUSDT DOGEUSDT DOTUSDT DUSKUSDT DYDXUSDT EGLDUSDT ENJUSDT ENSUSDT EOSUSDT ETCUSDT ETHUSDT FILUSDT FLMUSDT FLOWUSDT FTMUSDT GALAUSDT GRTUSDT GTCUSDT HBARUSDT HNTUSDT HOTUSDT ICPUSDT ICXUSDT IMXUSDT IOSTUSDT IOTAUSDT IOTXUSDT KAVAUSDT KLAYUSDT KNCUSDT KSMUSDT LINAUSDT LINKUSDT LITUSDT LPTUSDT LRCUSDT LTCUSDT LUNAUSDT MANAUSDT MASKUSDT MATICUSDT MKRUSDT MTLUSDT NEARUSDT NEOUSDT NKNUSDT OCEANUSDT OGNUSDT OMGUSDT ONEUSDT ONTUSDT PEOPLEUSDT QTUMUSDT RAYUSDT REEFUSDT RENUSDT RLCUSDT ROSEUSDT RSRUSDT RUNEUSDT RVNUSDT SANDUSDT SCUSDT SFPUSDT SKLUSDT SNXUSDT SOLUSDT SRMUSDT STMXUSDT STORJUSDT SUSHIUSDT SXPUSDT THETAUSDT TLMUSDT TOMOUSDT TRBUSDT TRXUSDT UNFIUSDT UNIUSDT VETUSDT WAVESUSDT XEMUSDT XLMUSDT XMRUSDT XRPUSDT XTZUSDT YFIIUSDT YFIUSDT ZECUSDT ZENUSDT ZILUSDT ZRXUSDT
2022-04-16,136,136,20,BTCUSDT ETHUSDT LUNAUSDT SOLUSDT FTMUSDT WAVESUSDT AVAXUSDT ETCUSDT GALAUSDT XRPUSDT ZILUSDT ADAUSDT 1000SHIBUSDT NEARUSDT RUNEUSDT SANDUSDT BNBUSDT ATOMUSDT DOTUSDT AXSUSDT,1000BTTCUSDT 1000SHIBUSDT 1000XECUSDT 1INCHUSDT AAVEUSDT ADAUSDT AKROUSDT ALGOUSDT ALICEUSDT ALPHAUSDT ANKRUSDT ANTUSDT API3USDT ARPAUSDT ARUSDT ATAUSDT ATOMUSDT AUDIOUSDT AVAXUSDT AXSUSDT BAKEUSDT BALUSDT BANDUSDT BATUSDT BCHUSDT BELUSDT BLZUSDT BNBUSDT BTCUSDT BTSUSDT C98USDT CELOUSDT CELRUSDT CHRUSDT CHZUSDT COMPUSDT COTIUSDT CRVUSDT CTKUSDT CTSIUSDT CVCUSDT DASHUSDT DENTUSDT DGBUSDT DODOUSDT DOGEUSDT DOTUSDT DUSKUSDT DYDXUSDT EGLDUSDT ENJUSDT ENSUSDT EOSUSDT ETCUSDT ETHUSDT FILUSDT FLMUSDT FLOWUSDT FTMUSDT GALAUSDT GRTUSDT GTCUSDT HBARUSDT HNTUSDT HOTUSDT ICPUSDT ICXUSDT IMXUSDT IOSTUSDT IOTAUSDT IOTXUSDT KAVAUSDT KLAYUSDT KNCUSDT KSMUSDT LINAUSDT LINKUSDT LITUSDT LPTUSDT LRCUSDT LTCUSDT LUNAUSDT MANAUSDT MASKUSDT MATICUSDT MKRUSDT MTLUSDT NEARUSDT NEOUSDT NKNUSDT OCEANUSDT OGNUSDT OMGUSDT ONEUSDT ONTUSDT PEOPLEUSDT QTUMUSDT RAYUSDT REEFUSDT RENUSDT RLCUSDT ROSEUSDT RSRUSDT RUNEUSDT RVNUSDT SANDUSDT SCUSDT SFPUSDT SKLUSDT SNXUSDT SOLUSDT SRMUSDT STMXUSDT STORJUSDT SUSHIUSDT SXPUSDT THETAUSDT TLMUSDT TOMOUSDT TRBUSDT TRXUSDT UNFIUSDT UNIUSDT VETUSDT WAVESUSDT XEMUSDT XLMUSDT XMRUSDT XRPUSDT XTZUSDT YFIIUSDT YFIUSDT ZECUSDT ZENUSDT ZILUSDT ZRXUSDT
2022-04-23,136,136,20,BTCUSDT ETHUSDT LUNAUSDT SOLUSDT FTMUSDT WAVESUSDT AVAXUSDT ETCUSDT GALAUSDT XRPUSDT ZILUSDT ADAUSDT 1000SHIBUSDT NEARUSDT RUNEUSDT SANDUSDT BNBUSDT ATOMUSDT DOTUSDT AXSUSDT,1000BTTCUSDT 1000SHIBUSDT 1000XECUSDT 1INCHUSDT AAVEUSDT ADAUSDT AKROUSDT ALGOUSDT ALICEUSDT ALPHAUSDT ANKRUSDT ANTUSDT API3USDT ARPAUSDT ARUSDT ATAUSDT ATOMUSDT AUDIOUSDT AVAXUSDT AXSUSDT BAKEUSDT BALUSDT BANDUSDT BATUSDT BCHUSDT BELUSDT BLZUSDT BNBUSDT BTCUSDT BTSUSDT C98USDT CELOUSDT CELRUSDT CHRUSDT CHZUSDT COMPUSDT COTIUSDT CRVUSDT CTKUSDT CTSIUSDT CVCUSDT DASHUSDT DENTUSDT DGBUSDT DODOUSDT DOGEUSDT DOTUSDT DUSKUSDT DYDXUSDT EGLDUSDT ENJUSDT ENSUSDT EOSUSDT ETCUSDT ETHUSDT FILUSDT FLMUSDT FLOWUSDT FTMUSDT GALAUSDT GRTUSDT GTCUSDT HBARUSDT HNTUSDT HOTUSDT ICPUSDT ICXUSDT IMXUSDT IOSTUSDT IOTAUSDT IOTXUSDT KAVAUSDT KLAYUSDT KNCUSDT KSMUSDT LINAUSDT LINKUSDT LITUSDT LPTUSDT LRCUSDT LTCUSDT LUNAUSDT MANAUSDT MASKUSDT MATICUSDT MKRUSDT MTLUSDT NEARUSDT NEOUSDT NKNUSDT OCEANUSDT OGNUSDT OMGUSDT ONEUSDT ONTUSDT PEOPLEUSDT QTUMUSDT RAYUSDT REEFUSDT RENUSDT RLCUSDT ROSEUSDT RSRUSDT RUNEUSDT RVNUSDT SANDUSDT SCUSDT SFPUSDT SKLUSDT SNXUSDT SOLUSDT SRMUSDT STMXUSDT STORJUSDT SUSHIUSDT SXPUSDT THETAUSDT TLMUSDT TOMOUSDT TRBUSDT TRXUSDT UNFIUSDT UNIUSDT VETUSDT WAVESUSDT XEMUSDT XLMUSDT XMRUSDT XRPUSDT XTZUSDT YFIIUSDT YFIUSDT ZECUSDT ZENUSDT ZILUSDT ZRXUSDT
2022-04-30,136,136,20,BTCUSDT ETHUSDT LUNAUSDT SOLUSDT FTMUSDT WAVESUSDT AVAXUSDT ETCUSDT GALAUSDT XRPUSDT ZILUSDT ADAUSDT 1000SHIBUSDT NEARUSDT RUNEUSDT SANDUSDT BNBUSDT ATOMUSDT DOTUSDT AXSUSDT,1000BTTCUSDT 1000SHIBUSDT 1000XECUSDT 1INCHUSDT AAVEUSDT ADAUSDT AKROUSDT ALGOUSDT ALICEUSDT ALPHAUSDT ANKRUSDT ANTUSDT API3USDT ARPAUSDT ARUSDT ATAUSDT ATOMUSDT AUDIOUSDT AVAXUSDT AXSUSDT BAKEUSDT BALUSDT BANDUSDT BATUSDT BCHUSDT BELUSDT BLZUSDT BNBUSDT BTCUSDT BTSUSDT C98USDT CELOUSDT CELRUSDT CHRUSDT CHZUSDT COMPUSDT COTIUSDT CRVUSDT CTKUSDT CTSIUSDT CVCUSDT DASHUSDT DENTUSDT DGBUSDT DODOUSDT DOGEUSDT DOTUSDT DUSKUSDT DYDXUSDT EGLDUSDT ENJUSDT ENSUSDT EOSUSDT ETCUSDT ETHUSDT FILUSDT FLMUSDT FLOWUSDT FTMUSDT GALAUSDT GRTUSDT GTCUSDT HBARUSDT HNTUSDT HOTUSDT ICPUSDT ICXUSDT IMXUSDT IOSTUSDT IOTAUSDT IOTXUSDT KAVAUSDT KLAYUSDT KNCUSDT KSMUSDT LINAUSDT LINKUSDT LITUSDT LPTUSDT LRCUSDT LTCUSDT LUNAUSDT MANAUSDT MASKUSDT MATICUSDT MKRUSDT MTLUSDT NEARUSDT NEOUSDT NKNUSDT OCEANUSDT OGNUSDT OMGUSDT ONEUSDT ONTUSDT PEOPLEUSDT QTUMUSDT RAYUSDT REEFUSDT RENUSDT RLCUSDT ROSEUSDT RSRUSDT RUNEUSDT RVNUSDT SANDUSDT SCUSDT SFPUSDT SKLUSDT SNXUSDT SOLUSDT SRMUSDT STMXUSDT STORJUSDT SUSHIUSDT SXPUSDT THETAUSDT TLMUSDT TOMOUSDT TRBUSDT TRXUSDT UNFIUSDT UNIUSDT VETUSDT WAVESUSDT XEMUSDT XLMUSDT XMRUSDT XRPUSDT XTZUSDT YFIIUSDT YFIUSDT ZECUSDT ZENUSDT ZILUSDT ZRXUSDT
2022-05-07,89,89,20,BTCUSDT ETHUSDT APEUSDT DOGEUSDT 1000SHIBUSDT AVAXUSDT ADAUSDT ETCUSDT MTLUSDT BNBUSDT DOTUSDT GALAUSDT AXSUSDT ATOMUSDT EOSUSDT AAVEUSDT RUNEUSDT LINKUSDT MATICUSDT ZRXUSDT,1000SHIBUSDT 1000XECUSDT 1INCHUSDT AAVEUSDT ADAUSDT AKROUSDT ALGOUSDT ALICEUSDT ALPHAUSDT ANCUSDT ANKRUSDT ANTUSDT APEUSDT API3USDT ARPAUSDT ARUSDT ATAUSDT ATOMUSDT AUDIOUSDT AVAXUSDT AXSUSDT BAKEUSDT BALUSDT BANDUSDT BATUSDT BCHUSDT BELUSDT BLZUSDT BNBUSDT BTCUSDT BTSUSDT C98USDT CELOUSDT CELRUSDT CHRUSDT CHZUSDT COMPUSDT COTIUSDT CRVUSDT CTKUSDT CTSIUSDT CVCUSDT DASHUSDT DENTUSDT DGBUSDT DODOUSDT DOGEUSDT DOTUSDT DUSKUSDT DYDXUSDT EGLDUSDT ENJUSDT ENSUSDT EOSUSDT ETCUSDT ETHUSDT GALAUSDT HNTUSDT ICPUSDT ICXUSDT IOSTUSDT IOTXUSDT KAVAUSDT KLAYUSDT LINKUSDT LPTUSDT MATICUSDT MTLUSDT NEOUSDT NKNUSDT ONTUSDT QTUMUSDT RAYUSDT REEFUSDT RENUSDT RUNEUSDT SCUSDT SFPUSDT SNXUSDT SRMUSDT STMXUSDT SXPUSDT THETAUSDT TLMUSDT TOMOUSDT UNIUSDT XMRUSDT XTZUSDT ZRXUSDT
2022-05-14,89,89,20,BTCUSDT ETHUSDT APEUSDT DOGEUSDT 1000SHIBUSDT AVAXUSDT ADAUSDT ETCUSDT MTLUSDT BNBUSDT DOTUSDT GALAUSDT AXSUSDT ATOMUSDT EOSUSDT AAVEUSDT RUNEUSDT LINKUSDT MATICUSDT ZRXUSDT,1000SHIBUSDT 1000XECUSDT 1INCHUSDT AAVEUSDT ADAUSDT AKROUSDT ALGOUSDT ALICEUSDT ALPHAUSDT ANCUSDT ANKRUSDT ANTUSDT APEUSDT API3USDT ARPAUSDT ARUSDT ATAUSDT ATOMUSDT AUDIOUSDT AVAXUSDT AXSUSDT BAKEUSDT BALUSDT BANDUSDT BATUSDT BCHUSDT BELUSDT BLZUSDT BNBUSDT BTCUSDT BTSUSDT C98USDT CELOUSDT CELRUSDT CHRUSDT CHZUSDT COMPUSDT COTIUSDT CRVUSDT CTKUSDT CTSIUSDT CVCUSDT DASHUSDT DENTUSDT DGBUSDT DODOUSDT DOGEUSDT DOTUSDT DUSKUSDT DYDXUSDT EGLDUSDT ENJUSDT ENSUSDT EOSUSDT ETCUSDT ETHUSDT GALAUSDT HNTUSDT ICPUSDT ICXUSDT IOSTUSDT IOTXUSDT KAVAUSDT KLAYUSDT LINKUSDT LPTUSDT MATICUSDT MTLUSDT NEOUSDT NKNUSDT ONTUSDT QTUMUSDT RAYUSDT REEFUSDT RENUSDT RUNEUSDT SCUSDT SFPUSDT SNXUSDT SRMUSDT STMXUSDT SXPUSDT THETAUSDT TLMUSDT TOMOUSDT UNIUSDT XMRUSDT XTZUSDT ZRXUSDT
2022-05-21,89,89,20,BTCUSDT ETHUSDT APEUSDT DOGEUSDT 1000SHIBUSDT AVAXUSDT ADAUSDT ETCUSDT MTLUSDT BNBUSDT DOTUSDT GALAUSDT AXSUSDT ATOMUSDT EOSUSDT AAVEUSDT RUNEUSDT LINKUSDT MATICUSDT ZRXUSDT,1000SHIBUSDT 1000XECUSDT 1INCHUSDT AAVEUSDT ADAUSDT AKROUSDT ALGOUSDT ALICEUSDT ALPHAUSDT ANCUSDT ANKRUSDT ANTUSDT APEUSDT API3USDT ARPAUSDT ARUSDT ATAUSDT ATOMUSDT AUDIOUSDT AVAXUSDT AXSUSDT BAKEUSDT BALUSDT BANDUSDT BATUSDT BCHUSDT BELUSDT BLZUSDT BNBUSDT BTCUSDT BTSUSDT C98USDT CELOUSDT CELRUSDT CHRUSDT CHZUSDT COMPUSDT COTIUSDT CRVUSDT CTKUSDT CTSIUSDT CVCUSDT DASHUSDT DENTUSDT DGBUSDT DODOUSDT DOGEUSDT DOTUSDT DUSKUSDT DYDXUSDT EGLDUSDT ENJUSDT ENSUSDT EOSUSDT ETCUSDT ETHUSDT GALAUSDT HNTUSDT ICPUSDT ICXUSDT IOSTUSDT IOTXUSDT KAVAUSDT KLAYUSDT LINKUSDT LPTUSDT MATICUSDT MTLUSDT NEOUSDT NKNUSDT ONTUSDT QTUMUSDT RAYUSDT REEFUSDT RENUSDT RUNEUSDT SCUSDT SFPUSDT SNXUSDT SRMUSDT STMXUSDT SXPUSDT THETAUSDT TLMUSDT TOMOUSDT UNIUSDT XMRUSDT XTZUSDT ZRXUSDT
2022-05-28,89,89,20,BTCUSDT ETHUSDT APEUSDT DOGEUSDT 1000SHIBUSDT AVAXUSDT ADAUSDT ETCUSDT MTLUSDT BNBUSDT DOTUSDT GALAUSDT AXSUSDT ATOMUSDT EOSUSDT AAVEUSDT RUNEUSDT LINKUSDT MATICUSDT ZRXUSDT,1000SHIBUSDT 1000XECUSDT 1INCHUSDT AAVEUSDT ADAUSDT AKROUSDT ALGOUSDT ALICEUSDT ALPHAUSDT ANCUSDT ANKRUSDT ANTUSDT APEUSDT API3USDT ARPAUSDT ARUSDT ATAUSDT ATOMUSDT AUDIOUSDT AVAXUSDT AXSUSDT BAKEUSDT BALUSDT BANDUSDT BATUSDT BCHUSDT BELUSDT BLZUSDT BNBUSDT BTCUSDT BTSUSDT C98USDT CELOUSDT CELRUSDT CHRUSDT CHZUSDT COMPUSDT COTIUSDT CRVUSDT CTKUSDT CTSIUSDT CVCUSDT DASHUSDT DENTUSDT DGBUSDT DODOUSDT DOGEUSDT DOTUSDT DUSKUSDT DYDXUSDT EGLDUSDT ENJUSDT ENSUSDT EOSUSDT ETCUSDT ETHUSDT GALAUSDT HNTUSDT ICPUSDT ICXUSDT IOSTUSDT IOTXUSDT KAVAUSDT KLAYUSDT LINKUSDT LPTUSDT MATICUSDT MTLUSDT NEOUSDT NKNUSDT ONTUSDT QTUMUSDT RAYUSDT REEFUSDT RENUSDT RUNEUSDT SCUSDT SFPUSDT SNXUSDT SRMUSDT STMXUSDT SXPUSDT THETAUSDT TLMUSDT TOMOUSDT UNIUSDT XMRUSDT XTZUSDT ZRXUSDT
2022-06-04,138,138,20,BTCUSDT ETHUSDT GMTUSDT APEUSDT SOLUSDT NEARUSDT AVAXUSDT FTMUSDT TRXUSDT ADAUSDT BNBUSDT ZILUSDT WAVESUSDT XRPUSDT DOTUSDT GALAUSDT KNCUSDT SANDUSDT AXSUSDT DOGEUSDT,1000SHIBUSDT 1000XECUSDT 1INCHUSDT AAVEUSDT ADAUSDT ALGOUSDT ALICEUSDT ALPHAUSDT ANKRUSDT ANTUSDT APEUSDT API3USDT ARPAUSDT ARUSDT ATAUSDT ATOMUSDT AUDIOUSDT AVAXUSDT AXSUSDT BAKEUSDT BALUSDT BANDUSDT BATUSDT BCHUSDT BELUSDT BLZUSDT BNBUSDT BNXUSDT BTCUSDT BTSUSDT C98USDT CELOUSDT CELRUSDT CHRUSDT CHZUSDT COMPUSDT COTIUSDT CRVUSDT CTKUSDT CTSIUSDT CVCUSDT DARUSDT DASHUSDT DENTUSDT DGBUSDT DOGEUSDT DOTUSDT DUSKUSDT DYDXUSDT EGLDUSDT ENJUSDT ENSUSDT EOSUSDT ETCUSDT ETHUSDT FILUSDT FLMUSDT FLOWUSDT FTMUSDT FTTUSDT GALAUSDT GMTUSDT GRTUSDT GTCUSDT HBARUSDT HNTUSDT HOTUSDT ICPUSDT ICXUSDT IMXUSDT IOSTUSDT IOTAUSDT IOTXUSDT JASMYUSDT KAVAUSDT KLAYUSDT KNCUSDT KSMUSDT LINAUSDT LINKUSDT LITUSDT LPTUSDT LRCUSDT LTCUSDT MANAUSDT MASKUSDT MATICUSDT MKRUSDT MTLUSDT NEARUSDT NEOUSDT NKNUSDT OCEANUSDT OGNUSDT OMGUSDT ONEUSDT ONTUSDT PEOPLEUSDT QTUMUSDT RAYUSDT REEFUSDT RENUSDT RLCUSDT ROSEUSDT RSRUSDT RUNEUSDT RVNUSDT SANDUSDT SCUSDT SFPUSDT SKLUSDT SNXUSDT SOLUSDT SRMUSDT STMXUSDT STORJUSDT SUSHIUSDT SXPUSDT THETAUSDT TLMUSDT TOMOUSDT TRBUSDT TRXUSDT UNFIUSDT UNIUSDT VETUSDT WAVESUSDT WOOUSDT XEMUSDT XLMUSDT XMRUSDT XRPUSDT XTZUSDT YFIUSDT ZECUSDT ZENUSDT ZILUSDT ZRXUSDT
2022-06-11,138,138,20,BTCUSDT ETHUSDT GMTUSDT APEUSDT SOLUSDT NEARUSDT AVAXUSDT FTMUSDT TRXUSDT ADAUSDT BNBUSDT ZILUSDT WAVESUSDT XRPUSDT DOTUSDT GALAUSDT KNCUSDT SANDUSDT AXSUSDT DOGEUSDT,1000SHIBUSDT 1000XECUSDT 1INCHUSDT AAVEUSDT ADAUSDT ALGOUSDT ALICEUSDT ALPHAUSDT ANKRUSDT ANTUSDT APEUSDT API3USDT ARPAUSDT ARUSDT ATAUSDT ATOMUSDT AUDIOUSDT AVAXUSDT AXSUSDT BAKEUSDT BALUSDT BANDUSDT BATUSDT BCHUSDT BELUSDT BLZUSDT BNBUSDT BNXUSDT BTCUSDT BTSUSDT C98USDT CELOUSDT CELRUSDT CHRUSDT CHZUSDT COMPUSDT COTIUSDT CRVUSDT CTKUSDT CTSIUSDT CVCUSDT DARUSDT DASHUSDT DENTUSDT DGBUSDT DOGEUSDT DOTUSDT DUSKUSDT DYDXUSDT EGLDUSDT ENJUSDT ENSUSDT EOSUSDT ETCUSDT ETHUSDT FILUSDT FLMUSDT FLOWUSDT FTMUSDT FTTUSDT GALAUSDT GMTUSDT GRTUSDT GTCUSDT HBARUSDT HNTUSDT HOTUSDT ICPUSDT ICXUSDT IMXUSDT IOSTUSDT IOTAUSDT IOTXUSDT JASMYUSDT KAVAUSDT KLAYUSDT KNCUSDT KSMUSDT LINAUSDT LINKUSDT LITUSDT LPTUSDT LRCUSDT LTCUSDT MANAUSDT MASKUSDT MATICUSDT MKRUSDT MTLUSDT NEARUSDT NEOUSDT NKNUSDT OCEANUSDT OGNUSDT OMGUSDT ONEUSDT ONTUSDT PEOPLEUSDT QTUMUSDT RAYUSDT REEFUSDT RENUSDT RLCUSDT ROSEUSDT RSRUSDT RUNEUSDT RVNUSDT SANDUSDT SCUSDT SFPUSDT SKLUSDT SNXUSDT SOLUSDT SRMUSDT STMXUSDT STORJUSDT SUSHIUSDT SXPUSDT THETAUSDT TLMUSDT TOMOUSDT TRBUSDT TRXUSDT UNFIUSDT UNIUSDT VETUSDT WAVESUSDT WOOUSDT XEMUSDT XLMUSDT XMRUSDT XRPUSDT XTZUSDT YFIUSDT ZECUSDT ZENUSDT ZILUSDT ZRXUSDT
2022-06-18,138,138,20,BTCUSDT ETHUSDT GMTUSDT APEUSDT SOLUSDT NEARUSDT AVAXUSDT FTMUSDT TRXUSDT ADAUSDT BNBUSDT ZILUSDT WAVESUSDT XRPUSDT DOTUSDT GALAUSDT KNCUSDT SANDUSDT AXSUSDT DOGEUSDT,1000SHIBUSDT 1000XECUSDT 1INCHUSDT AAVEUSDT ADAUSDT ALGOUSDT ALICEUSDT ALPHAUSDT ANKRUSDT ANTUSDT APEUSDT API3USDT ARPAUSDT ARUSDT ATAUSDT ATOMUSDT AUDIOUSDT AVAXUSDT AXSUSDT BAKEUSDT BALUSDT BANDUSDT BATUSDT BCHUSDT BELUSDT BLZUSDT BNBUSDT BNXUSDT BTCUSDT BTSUSDT C98USDT CELOUSDT CELRUSDT CHRUSDT CHZUSDT COMPUSDT COTIUSDT CRVUSDT CTKUSDT CTSIUSDT CVCUSDT DARUSDT DASHUSDT DENTUSDT DGBUSDT DOGEUSDT DOTUSDT DUSKUSDT DYDXUSDT EGLDUSDT ENJUSDT ENSUSDT EOSUSDT ETCUSDT ETHUSDT FILUSDT FLMUSDT FLOWUSDT FTMUSDT FTTUSDT GALAUSDT GMTUSDT GRTUSDT GTCUSDT HBARUSDT HNTUSDT HOTUSDT ICPUSDT ICXUSDT IMXUSDT IOSTUSDT IOTAUSDT IOTXUSDT JASMYUSDT KAVAUSDT KLAYUSDT KNCUSDT KSMUSDT LINAUSDT LINKUSDT LITUSDT LPTUSDT LRCUSDT LTCUSDT MANAUSDT MASKUSDT MATICUSDT MKRUSDT MTLUSDT NEARUSDT NEOUSDT NKNUSDT OCEANUSDT OGNUSDT OMGUSDT ONEUSDT ONTUSDT PEOPLEUSDT QTUMUSDT RAYUSDT REEFUSDT RENUSDT RLCUSDT ROSEUSDT RSRUSDT RUNEUSDT RVNUSDT SANDUSDT SCUSDT SFPUSDT SKLUSDT SNXUSDT SOLUSDT SRMUSDT STMXUSDT STORJUSDT SUSHIUSDT SXPUSDT THETAUSDT TLMUSDT TOMOUSDT TRBUSDT TRXUSDT UNFIUSDT UNIUSDT VETUSDT WAVESUSDT WOOUSDT XEMUSDT XLMUSDT XMRUSDT XRPUSDT XTZUSDT YFIUSDT ZECUSDT ZENUSDT ZILUSDT ZRXUSDT
2022-06-25,138,138,20,BTCUSDT ETHUSDT GMTUSDT APEUSDT SOLUSDT NEARUSDT AVAXUSDT FTMUSDT TRXUSDT ADAUSDT BNBUSDT ZILUSDT WAVESUSDT XRPUSDT DOTUSDT GALAUSDT KNCUSDT SANDUSDT AXSUSDT DOGEUSDT,1000SHIBUSDT 1000XECUSDT 1INCHUSDT AAVEUSDT ADAUSDT ALGOUSDT ALICEUSDT ALPHAUSDT ANKRUSDT ANTUSDT APEUSDT API3USDT ARPAUSDT ARUSDT ATAUSDT ATOMUSDT AUDIOUSDT AVAXUSDT AXSUSDT BAKEUSDT BALUSDT BANDUSDT BATUSDT BCHUSDT BELUSDT BLZUSDT BNBUSDT BNXUSDT BTCUSDT BTSUSDT C98USDT CELOUSDT CELRUSDT CHRUSDT CHZUSDT COMPUSDT COTIUSDT CRVUSDT CTKUSDT CTSIUSDT CVCUSDT DARUSDT DASHUSDT DENTUSDT DGBUSDT DOGEUSDT DOTUSDT DUSKUSDT DYDXUSDT EGLDUSDT ENJUSDT ENSUSDT EOSUSDT ETCUSDT ETHUSDT FILUSDT FLMUSDT FLOWUSDT FTMUSDT FTTUSDT GALAUSDT GMTUSDT GRTUSDT GTCUSDT HBARUSDT HNTUSDT HOTUSDT ICPUSDT ICXUSDT IMXUSDT IOSTUSDT IOTAUSDT IOTXUSDT JASMYUSDT KAVAUSDT KLAYUSDT KNCUSDT KSMUSDT LINAUSDT LINKUSDT LITUSDT LPTUSDT LRCUSDT LTCUSDT MANAUSDT MASKUSDT MATICUSDT MKRUSDT MTLUSDT NEARUSDT NEOUSDT NKNUSDT OCEANUSDT OGNUSDT OMGUSDT ONEUSDT ONTUSDT PEOPLEUSDT QTUMUSDT RAYUSDT REEFUSDT RENUSDT RLCUSDT ROSEUSDT RSRUSDT RUNEUSDT RVNUSDT SANDUSDT SCUSDT SFPUSDT SKLUSDT SNXUSDT SOLUSDT SRMUSDT STMXUSDT STORJUSDT SUSHIUSDT SXPUSDT THETAUSDT TLMUSDT TOMOUSDT TRBUSDT TRXUSDT UNFIUSDT UNIUSDT VETUSDT WAVESUSDT WOOUSDT XEMUSDT XLMUSDT XMRUSDT XRPUSDT XTZUSDT YFIUSDT ZECUSDT ZENUSDT ZILUSDT ZRXUSDT
2022-07-02,136,136,20,BTCUSDT ETHUSDT SOLUSDT GMTUSDT WAVESUSDT ADAUSDT AVAXUSDT BNBUSDT UNFIUSDT TRXUSDT APEUSDT LINKUSDT BELUSDT NEARUSDT 1000SHIBUSDT FTMUSDT XRPUSDT MATICUSDT DOGEUSDT DOTUSDT,1000SHIBUSDT 1000XECUSDT 1INCHUSDT AAVEUSDT ADAUSDT ALGOUSDT ALICEUSDT ALPHAUSDT ANKRUSDT ANTUSDT APEUSDT API3USDT ARPAUSDT ARUSDT ATAUSDT ATOMUSDT AUDIOUSDT AVAXUSDT AXSUSDT BAKEUSDT BALUSDT BANDUSDT BATUSDT BCHUSDT BELUSDT BLZUSDT BNBUSDT BTCUSDT BTSUSDT C98USDT CELOUSDT CELRUSDT CHRUSDT CHZUSDT COMPUSDT COTIUSDT CRVUSDT CTKUSDT CTSIUSDT CVCUSDT DARUSDT DASHUSDT DENTUSDT DGBUSDT DOGEUSDT DOTUSDT DUSKUSDT DYDXUSDT EGLDUSDT ENJUSDT ENSUSDT EOSUSDT ETCUSDT ETHUSDT FILUSDT FLMUSDT FLOWUSDT FTMUSDT FTTUSDT GALAUSDT GALUSDT GMTUSDT GRTUSDT GTCUSDT HBARUSDT HNTUSDT HOTUSDT ICXUSDT IMXUSDT IOSTUSDT IOTAUSDT IOTXUSDT JASMYUSDT KAVAUSDT KLAYUSDT KNCUSDT KSMUSDT LINAUSDT LINKUSDT LITUSDT LPTUSDT LRCUSDT LTCUSDT MANAUSDT MASKUSDT MATICUSDT MKRUSDT MTLUSDT NEARUSDT NEOUSDT NKNUSDT OCEANUSDT OGNUSDT OMGUSDT ONEUSDT ONTUSDT OPUSDT PEOPLEUSDT QTUMUSDT RAYUSDT REEFUSDT RENUSDT RLCUSDT ROSEUSDT RSRUSDT RUNEUSDT RVNUSDT SANDUSDT SFPUSDT SKLUSDT SNXUSDT SOLUSDT SRMUSDT STMXUSDT STORJUSDT SUSHIUSDT SXPUSDT THETAUSDT TOMOUSDT TRBUSDT TRXUSDT UNFIUSDT UNIUSDT VETUSDT WAVESUSDT WOOUSDT XEMUSDT XLMUSDT XMRUSDT XRPUSDT XTZUSDT YFIUSDT ZECUSDT ZENUSDT ZILUSDT ZRXUSDT
2022-07-09,136,136,20,BTCUSDT ETHUSDT SOLUSDT GMTUSDT WAVESUSDT ADAUSDT AVAXUSDT BNBUSDT UNFIUSDT TRXUSDT APEUSDT LINKUSDT BELUSDT NEARUSDT 1000SHIBUSDT FTMUSDT XRPUSDT MATICUSDT DOGEUSDT DOTUSDT,1000SHIBUSDT 1000XECUSDT 1INCHUSDT AAVEUSDT ADAUSDT ALGOUSDT ALICEUSDT ALPHAUSDT ANKRUSDT ANTUSDT APEUSDT API3USDT ARPAUSDT ARUSDT ATAUSDT ATOMUSDT AUDIOUSDT AVAXUSDT AXSUSDT BAKEUSDT BALUSDT BANDUSDT BATUSDT BCHUSDT BELUSDT BLZUSDT BNBUSDT BTCUSDT BTSUSDT C98USDT CELOUSDT CELRUSDT CHRUSDT CHZUSDT COMPUSDT COTIUSDT CRVUSDT CTKUSDT CTSIUSDT CVCUSDT DARUSDT DASHUSDT DENTUSDT DGBUSDT DOGEUSDT DOTUSDT DUSKUSDT DYDXUSDT EGLDUSDT ENJUSDT ENSUSDT EOSUSDT ETCUSDT ETHUSDT FILUSDT FLMUSDT FLOWUSDT FTMUSDT FTTUSDT GALAUSDT GALUSDT GMTUSDT GRTUSDT GTCUSDT HBARUSDT HNTUSDT HOTUSDT ICXUSDT IMXUSDT IOSTUSDT IOTAUSDT IOTXUSDT JASMYUSDT KAVAUSDT KLAYUSDT KNCUSDT KSMUSDT LINAUSDT LINKUSDT LITUSDT LPTUSDT LRCUSDT LTCUSDT MANAUSDT MASKUSDT MATICUSDT MKRUSDT MTLUSDT NEARUSDT NEOUSDT NKNUSDT OCEANUSDT OGNUSDT OMGUSDT ONEUSDT ONTUSDT OPUSDT PEOPLEUSDT QTUMUSDT RAYUSDT REEFUSDT RENUSDT RLCUSDT ROSEUSDT RSRUSDT RUNEUSDT RVNUSDT SANDUSDT SFPUSDT SKLUSDT SNXUSDT SOLUSDT SRMUSDT STMXUSDT STORJUSDT SUSHIUSDT SXPUSDT THETAUSDT TOMOUSDT TRBUSDT TRXUSDT UNFIUSDT UNIUSDT VETUSDT WAVESUSDT WOOUSDT XEMUSDT XLMUSDT XMRUSDT XRPUSDT XTZUSDT YFIUSDT ZECUSDT ZENUSDT ZILUSDT ZRXUSDT
2022-07-16,136,136,20,BTCUSDT ETHUSDT SOLUSDT GMTUSDT WAVESUSDT ADAUSDT AVAXUSDT BNBUSDT UNFIUSDT TRXUSDT APEUSDT LINKUSDT BELUSDT NEARUSDT 1000SHIBUSDT FTMUSDT XRPUSDT MATICUSDT DOGEUSDT DOTUSDT,1000SHIBUSDT 1000XECUSDT 1INCHUSDT AAVEUSDT ADAUSDT ALGOUSDT ALICEUSDT ALPHAUSDT ANKRUSDT ANTUSDT APEUSDT API3USDT ARPAUSDT ARUSDT ATAUSDT ATOMUSDT AUDIOUSDT AVAXUSDT AXSUSDT BAKEUSDT BALUSDT BANDUSDT BATUSDT BCHUSDT BELUSDT BLZUSDT BNBUSDT BTCUSDT BTSUSDT C98USDT CELOUSDT CELRUSDT CHRUSDT CHZUSDT COMPUSDT COTIUSDT CRVUSDT CTKUSDT CTSIUSDT CVCUSDT DARUSDT DASHUSDT DENTUSDT DGBUSDT DOGEUSDT DOTUSDT DUSKUSDT DYDXUSDT EGLDUSDT ENJUSDT ENSUSDT EOSUSDT ETCUSDT ETHUSDT FILUSDT FLMUSDT FLOWUSDT FTMUSDT FTTUSDT GALAUSDT GALUSDT GMTUSDT GRTUSDT GTCUSDT HBARUSDT HNTUSDT HOTUSDT ICXUSDT IMXUSDT IOSTUSDT IOTAUSDT IOTXUSDT JASMYUSDT KAVAUSDT KLAYUSDT KNCUSDT KSMUSDT LINAUSDT LINKUSDT LITUSDT LPTUSDT LRCUSDT LTCUSDT MANAUSDT MASKUSDT MATICUSDT MKRUSDT MTLUSDT NEARUSDT NEOUSDT NKNUSDT OCEANUSDT OGNUSDT OMGUSDT ONEUSDT ONTUSDT OPUSDT PEOPLEUSDT QTUMUSDT RAYUSDT REEFUSDT RENUSDT RLCUSDT ROSEUSDT RSRUSDT RUNEUSDT RVNUSDT SANDUSDT SFPUSDT SKLUSDT SNXUSDT SOLUSDT SRMUSDT STMXUSDT STORJUSDT SUSHIUSDT SXPUSDT THETAUSDT TOMOUSDT TRBUSDT TRXUSDT UNFIUSDT UNIUSDT VETUSDT WAVESUSDT WOOUSDT XEMUSDT XLMUSDT XMRUSDT XRPUSDT XTZUSDT YFIUSDT ZECUSDT ZENUSDT ZILUSDT ZRXUSDT
2022-07-23,136,136,20,BTCUSDT ETHUSDT SOLUSDT GMTUSDT WAVESUSDT ADAUSDT AVAXUSDT BNBUSDT UNFIUSDT TRXUSDT APEUSDT LINKUSDT BELUSDT NEARUSDT 1000SHIBUSDT FTMUSDT XRPUSDT MATICUSDT DOGEUSDT DOTUSDT,1000SHIBUSDT 1000XECUSDT 1INCHUSDT AAVEUSDT ADAUSDT ALGOUSDT ALICEUSDT ALPHAUSDT ANKRUSDT ANTUSDT APEUSDT API3USDT ARPAUSDT ARUSDT ATAUSDT ATOMUSDT AUDIOUSDT AVAXUSDT AXSUSDT BAKEUSDT BALUSDT BANDUSDT BATUSDT BCHUSDT BELUSDT BLZUSDT BNBUSDT BTCUSDT BTSUSDT C98USDT CELOUSDT CELRUSDT CHRUSDT CHZUSDT COMPUSDT COTIUSDT CRVUSDT CTKUSDT CTSIUSDT CVCUSDT DARUSDT DASHUSDT DENTUSDT DGBUSDT DOGEUSDT DOTUSDT DUSKUSDT DYDXUSDT EGLDUSDT ENJUSDT ENSUSDT EOSUSDT ETCUSDT ETHUSDT FILUSDT FLMUSDT FLOWUSDT FTMUSDT FTTUSDT GALAUSDT GALUSDT GMTUSDT GRTUSDT GTCUSDT HBARUSDT HNTUSDT HOTUSDT ICXUSDT IMXUSDT IOSTUSDT IOTAUSDT IOTXUSDT JASMYUSDT KAVAUSDT KLAYUSDT KNCUSDT KSMUSDT LINAUSDT LINKUSDT LITUSDT LPTUSDT LRCUSDT LTCUSDT MANAUSDT MASKUSDT MATICUSDT MKRUSDT MTLUSDT NEARUSDT NEOUSDT NKNUSDT OCEANUSDT OGNUSDT OMGUSDT ONEUSDT ONTUSDT OPUSDT PEOPLEUSDT QTUMUSDT RAYUSDT REEFUSDT RENUSDT RLCUSDT ROSEUSDT RSRUSDT RUNEUSDT RVNUSDT SANDUSDT SFPUSDT SKLUSDT SNXUSDT SOLUSDT SRMUSDT STMXUSDT STORJUSDT SUSHIUSDT SXPUSDT THETAUSDT TOMOUSDT TRBUSDT TRXUSDT UNFIUSDT UNIUSDT VETUSDT WAVESUSDT WOOUSDT XEMUSDT XLMUSDT XMRUSDT XRPUSDT XTZUSDT YFIUSDT ZECUSDT ZENUSDT ZILUSDT ZRXUSDT
2022-07-30,136,136,20,BTCUSDT ETHUSDT SOLUSDT GMTUSDT WAVESUSDT ADAUSDT AVAXUSDT BNBUSDT UNFIUSDT TRXUSDT APEUSDT LINKUSDT BELUSDT NEARUSDT 1000SHIBUSDT FTMUSDT XRPUSDT MATICUSDT DOGEUSDT DOTUSDT,1000SHIBUSDT 1000XECUSDT 1INCHUSDT AAVEUSDT ADAUSDT ALGOUSDT ALICEUSDT ALPHAUSDT ANKRUSDT ANTUSDT APEUSDT API3USDT ARPAUSDT ARUSDT ATAUSDT ATOMUSDT AUDIOUSDT AVAXUSDT AXSUSDT BAKEUSDT BALUSDT BANDUSDT BATUSDT BCHUSDT BELUSDT BLZUSDT BNBUSDT BTCUSDT BTSUSDT C98USDT CELOUSDT CELRUSDT CHRUSDT CHZUSDT COMPUSDT COTIUSDT CRVUSDT CTKUSDT CTSIUSDT CVCUSDT DARUSDT DASHUSDT DENTUSDT DGBUSDT DOGEUSDT DOTUSDT DUSKUSDT DYDXUSDT EGLDUSDT ENJUSDT ENSUSDT EOSUSDT ETCUSDT ETHUSDT FILUSDT FLMUSDT FLOWUSDT FTMUSDT FTTUSDT GALAUSDT GALUSDT GMTUSDT GRTUSDT GTCUSDT HBARUSDT HNTUSDT HOTUSDT ICXUSDT IMXUSDT IOSTUSDT IOTAUSDT IOTXUSDT JASMYUSDT KAVAUSDT KLAYUSDT KNCUSDT KSMUSDT LINAUSDT LINKUSDT LITUSDT LPTUSDT LRCUSDT LTCUSDT MANAUSDT MASKUSDT MATICUSDT MKRUSDT MTLUSDT NEARUSDT NEOUSDT NKNUSDT OCEANUSDT OGNUSDT OMGUSDT ONEUSDT ONTUSDT OPUSDT PEOPLEUSDT QTUMUSDT RAYUSDT REEFUSDT RENUSDT RLCUSDT ROSEUSDT RSRUSDT RUNEUSDT RVNUSDT SANDUSDT SFPUSDT SKLUSDT SNXUSDT SOLUSDT SRMUSDT STMXUSDT STORJUSDT SUSHIUSDT SXPUSDT THETAUSDT TOMOUSDT TRBUSDT TRXUSDT UNFIUSDT UNIUSDT VETUSDT WAVESUSDT WOOUSDT XEMUSDT XLMUSDT XMRUSDT XRPUSDT XTZUSDT YFIUSDT ZECUSDT ZENUSDT ZILUSDT ZRXUSDT
2022-08-06,137,137,20,BTCUSDT ETHUSDT ETCUSDT SOLUSDT MATICUSDT GMTUSDT AVAXUSDT ADAUSDT BNBUSDT APEUSDT SANDUSDT OPUSDT UNFIUSDT XRPUSDT DOTUSDT NEARUSDT DYDXUSDT 1000SHIBUSDT CRVUSDT FTMUSDT,1000SHIBUSDT 1000XECUSDT 1INCHUSDT AAVEUSDT ADAUSDT ALGOUSDT ALICEUSDT ALPHAUSDT ANKRUSDT ANTUSDT APEUSDT API3USDT ARPAUSDT ARUSDT ATAUSDT ATOMUSDT AUDIOUSDT AVAXUSDT AXSUSDT BAKEUSDT BALUSDT BANDUSDT BATUSDT BCHUSDT BELUSDT BLZUSDT BNBUSDT BNXUSDT BTCUSDT BTSUSDT C98USDT CELOUSDT CELRUSDT CHRUSDT CHZUSDT COMPUSDT COTIUSDT CRVUSDT CTKUSDT CTSIUSDT CVCUSDT DARUSDT DASHUSDT DENTUSDT DGBUSDT DOGEUSDT DOTUSDT DUSKUSDT DYDXUSDT EGLDUSDT ENJUSDT ENSUSDT EOSUSDT ETCUSDT ETHUSDT FILUSDT FLMUSDT FLOWUSDT FTMUSDT FTTUSDT GALAUSDT GALUSDT GMTUSDT GRTUSDT GTCUSDT HBARUSDT HNTUSDT HOTUSDT ICXUSDT IMXUSDT IOSTUSDT IOTAUSDT IOTXUSDT JASMYUSDT KAVAUSDT KLAYUSDT KNCUSDT KSMUSDT LINAUSDT LINKUSDT LITUSDT LPTUSDT LRCUSDT LTCUSDT MANAUSDT MASKUSDT MATICUSDT MKRUSDT MTLUSDT NEARUSDT NEOUSDT NKNUSDT OCEANUSDT OGNUSDT OMGUSDT ONEUSDT ONTUSDT OPUSDT PEOPLEUSDT QTUMUSDT RAYUSDT REEFUSDT RENUSDT RLCUSDT ROSEUSDT RSRUSDT RUNEUSDT RVNUSDT SANDUSDT SFPUSDT SKLUSDT SNXUSDT SOLUSDT SRMUSDT STMXUSDT STORJUSDT SUSHIUSDT SXPUSDT THETAUSDT TOMOUSDT TRBUSDT TRXUSDT UNFIUSDT UNIUSDT VETUSDT WAVESUSDT WOOUSDT XEMUSDT XLMUSDT XMRUSDT XRPUSDT XTZUSDT YFIUSDT ZECUSDT ZENUSDT ZILUSDT ZRXUSDT
2022-08-13,137,137,20,BTCUSDT ETHUSDT ETCUSDT SOLUSDT MATICUSDT GMTUSDT AVAXUSDT ADAUSDT BNBUSDT APEUSDT SANDUSDT OPUSDT UNFIUSDT XRPUSDT DOTUSDT NEARUSDT DYDXUSDT 1000SHIBUSDT CRVUSDT FTMUSDT,1000SHIBUSDT 1000XECUSDT 1INCHUSDT AAVEUSDT ADAUSDT ALGOUSDT ALICEUSDT ALPHAUSDT ANKRUSDT ANTUSDT APEUSDT API3USDT ARPAUSDT ARUSDT ATAUSDT ATOMUSDT AUDIOUSDT AVAXUSDT AXSUSDT BAKEUSDT BALUSDT BANDUSDT BATUSDT BCHUSDT BELUSDT BLZUSDT BNBUSDT BNXUSDT BTCUSDT BTSUSDT C98USDT CELOUSDT CELRUSDT CHRUSDT CHZUSDT COMPUSDT COTIUSDT CRVUSDT CTKUSDT CTSIUSDT CVCUSDT DARUSDT DASHUSDT DENTUSDT DGBUSDT DOGEUSDT DOTUSDT DUSKUSDT DYDXUSDT EGLDUSDT ENJUSDT ENSUSDT EOSUSDT ETCUSDT ETHUSDT FILUSDT FLMUSDT FLOWUSDT FTMUSDT FTTUSDT GALAUSDT GALUSDT GMTUSDT GRTUSDT GTCUSDT HBARUSDT HNTUSDT HOTUSDT ICXUSDT IMXUSDT IOSTUSDT IOTAUSDT IOTXUSDT JASMYUSDT KAVAUSDT KLAYUSDT KNCUSDT KSMUSDT LINAUSDT LINKUSDT LITUSDT LPTUSDT LRCUSDT LTCUSDT MANAUSDT MASKUSDT MATICUSDT MKRUSDT MTLUSDT NEARUSDT NEOUSDT NKNUSDT OCEANUSDT OGNUSDT OMGUSDT ONEUSDT ONTUSDT OPUSDT PEOPLEUSDT QTUMUSDT RAYUSDT REEFUSDT RENUSDT RLCUSDT ROSEUSDT RSRUSDT RUNEUSDT RVNUSDT SANDUSDT SFPUSDT SKLUSDT SNXUSDT SOLUSDT SRMUSDT STMXUSDT STORJUSDT SUSHIUSDT SXPUSDT THETAUSDT TOMOUSDT TRBUSDT TRXUSDT UNFIUSDT UNIUSDT VETUSDT WAVESUSDT WOOUSDT XEMUSDT XLMUSDT XMRUSDT XRPUSDT XTZUSDT YFIUSDT ZECUSDT ZENUSDT ZILUSDT ZRXUSDT
2022-08-20,137,137,20,BTCUSDT ETHUSDT ETCUSDT SOLUSDT MATICUSDT GMTUSDT AVAXUSDT ADAUSDT BNBUSDT APEUSDT SANDUSDT OPUSDT UNFIUSDT XRPUSDT DOTUSDT NEARUSDT DYDXUSDT 1000SHIBUSDT CRVUSDT FTMUSDT,1000SHIBUSDT 1000XECUSDT 1INCHUSDT AAVEUSDT ADAUSDT ALGOUSDT ALICEUSDT ALPHAUSDT ANKRUSDT ANTUSDT APEUSDT API3USDT ARPAUSDT ARUSDT ATAUSDT ATOMUSDT AUDIOUSDT AVAXUSDT AXSUSDT BAKEUSDT BALUSDT BANDUSDT BATUSDT BCHUSDT BELUSDT BLZUSDT BNBUSDT BNXUSDT BTCUSDT BTSUSDT C98USDT CELOUSDT CELRUSDT CHRUSDT CHZUSDT COMPUSDT COTIUSDT CRVUSDT CTKUSDT CTSIUSDT CVCUSDT DARUSDT DASHUSDT DENTUSDT DGBUSDT DOGEUSDT DOTUSDT DUSKUSDT DYDXUSDT EGLDUSDT ENJUSDT ENSUSDT EOSUSDT ETCUSDT ETHUSDT FILUSDT FLMUSDT FLOWUSDT FTMUSDT FTTUSDT GALAUSDT GALUSDT GMTUSDT GRTUSDT GTCUSDT HBARUSDT HNTUSDT HOTUSDT ICXUSDT IMXUSDT IOSTUSDT IOTAUSDT IOTXUSDT JASMYUSDT KAVAUSDT KLAYUSDT KNCUSDT KSMUSDT LINAUSDT LINKUSDT LITUSDT LPTUSDT LRCUSDT LTCUSDT MANAUSDT MASKUSDT MATICUSDT MKRUSDT MTLUSDT NEARUSDT NEOUSDT NKNUSDT OCEANUSDT OGNUSDT OMGUSDT ONEUSDT ONTUSDT OPUSDT PEOPLEUSDT QTUMUSDT RAYUSDT REEFUSDT RENUSDT RLCUSDT ROSEUSDT RSRUSDT RUNEUSDT RVNUSDT SANDUSDT SFPUSDT SKLUSDT SNXUSDT SOLUSDT SRMUSDT STMXUSDT STORJUSDT SUSHIUSDT SXPUSDT THETAUSDT TOMOUSDT TRBUSDT TRXUSDT UNFIUSDT UNIUSDT VETUSDT WAVESUSDT WOOUSDT XEMUSDT XLMUSDT XMRUSDT XRPUSDT XTZUSDT YFIUSDT ZECUSDT ZENUSDT ZILUSDT ZRXUSDT
2022-08-27,137,137,20,BTCUSDT ETHUSDT ETCUSDT SOLUSDT MATICUSDT GMTUSDT AVAXUSDT ADAUSDT BNBUSDT APEUSDT SANDUSDT OPUSDT UNFIUSDT XRPUSDT DOTUSDT NEARUSDT DYDXUSDT 1000SHIBUSDT CRVUSDT FTMUSDT,1000SHIBUSDT 1000XECUSDT 1INCHUSDT AAVEUSDT ADAUSDT ALGOUSDT ALICEUSDT ALPHAUSDT ANKRUSDT ANTUSDT APEUSDT API3USDT ARPAUSDT ARUSDT ATAUSDT ATOMUSDT AUDIOUSDT AVAXUSDT AXSUSDT BAKEUSDT BALUSDT BANDUSDT BATUSDT BCHUSDT BELUSDT BLZUSDT BNBUSDT BNXUSDT BTCUSDT BTSUSDT C98USDT CELOUSDT CELRUSDT CHRUSDT CHZUSDT COMPUSDT COTIUSDT CRVUSDT CTKUSDT CTSIUSDT CVCUSDT DARUSDT DASHUSDT DENTUSDT DGBUSDT DOGEUSDT DOTUSDT DUSKUSDT DYDXUSDT EGLDUSDT ENJUSDT ENSUSDT EOSUSDT ETCUSDT ETHUSDT FILUSDT FLMUSDT FLOWUSDT FTMUSDT FTTUSDT GALAUSDT GALUSDT GMTUSDT GRTUSDT GTCUSDT HBARUSDT HNTUSDT HOTUSDT ICXUSDT IMXUSDT IOSTUSDT IOTAUSDT IOTXUSDT JASMYUSDT KAVAUSDT KLAYUSDT KNCUSDT KSMUSDT LINAUSDT LINKUSDT LITUSDT LPTUSDT LRCUSDT LTCUSDT MANAUSDT MASKUSDT MATICUSDT MKRUSDT MTLUSDT NEARUSDT NEOUSDT NKNUSDT OCEANUSDT OGNUSDT OMGUSDT ONEUSDT ONTUSDT OPUSDT PEOPLEUSDT QTUMUSDT RAYUSDT REEFUSDT RENUSDT RLCUSDT ROSEUSDT RSRUSDT RUNEUSDT RVNUSDT SANDUSDT SFPUSDT SKLUSDT SNXUSDT SOLUSDT SRMUSDT STMXUSDT STORJUSDT SUSHIUSDT SXPUSDT THETAUSDT TOMOUSDT TRBUSDT TRXUSDT UNFIUSDT UNIUSDT VETUSDT WAVESUSDT WOOUSDT XEMUSDT XLMUSDT XMRUSDT XRPUSDT XTZUSDT YFIUSDT ZECUSDT ZENUSDT ZILUSDT ZRXUSDT
2022-09-03,135,135,20,BTCUSDT ETHUSDT ETCUSDT SOLUSDT BNBUSDT OPUSDT 1000SHIBUSDT CHZUSDT EOSUSDT MATICUSDT FILUSDT AVAXUSDT GMTUSDT ADAUSDT DOGEUSDT NEARUSDT APEUSDT XRPUSDT TRBUSDT UNFIUSDT,1000SHIBUSDT 1000XECUSDT 1INCHUSDT AAVEUSDT ADAUSDT ALGOUSDT ALICEUSDT ALPHAUSDT ANKRUSDT ANTUSDT APEUSDT API3USDT ARPAUSDT ARUSDT ATAUSDT ATOMUSDT AUDIOUSDT AVAXUSDT AXSUSDT BAKEUSDT BALUSDT BANDUSDT BATUSDT BCHUSDT BELUSDT BLZUSDT BNBUSDT BTCUSDT C98USDT CELOUSDT CELRUSDT CHRUSDT CHZUSDT COMPUSDT COTIUSDT CRVUSDT CTKUSDT CTSIUSDT CVCUSDT DARUSDT DASHUSDT DENTUSDT DGBUSDT DOGEUSDT DOTUSDT DUSKUSDT DYDXUSDT EGLDUSDT ENJUSDT ENSUSDT EOSUSDT ETCUSDT ETHUSDT FILUSDT FLMUSDT FLOWUSDT FTMUSDT FTTUSDT GALAUSDT GALUSDT GMTUSDT GRTUSDT GTCUSDT HBARUSDT HNTUSDT HOTUSDT ICXUSDT IMXUSDT IOSTUSDT IOTAUSDT IOTXUSDT JASMYUSDT KAVAUSDT KLAYUSDT KNCUSDT KSMUSDT LINAUSDT LINKUSDT LITUSDT LPTUSDT LRCUSDT LTCUSDT MANAUSDT MASKUSDT MATICUSDT MKRUSDT MTLUSDT NEARUSDT NEOUSDT NKNUSDT OCEANUSDT OGNUSDT OMGUSDT ONEUSDT ONTUSDT OPUSDT PEOPLEUSDT QTUMUSDT RAYUSDT REEFUSDT RENUSDT RLCUSDT ROSEUSDT RSRUSDT RUNEUSDT RVNUSDT SANDUSDT SFPUSDT SKLUSDT SNXUSDT SOLUSDT SRMUSDT STMXUSDT STORJUSDT SUSHIUSDT SXPUSDT THETAUSDT TOMOUSDT TRBUSDT TRXUSDT UNFIUSDT UNIUSDT VETUSDT WAVESUSDT WOOUSDT XEMUSDT XLMUSDT XMRUSDT XRPUSDT XTZUSDT YFIUSDT ZECUSDT ZENUSDT ZILUSDT ZRXUSDT
2022-09-10,135,135,20,BTCUSDT ETHUSDT ETCUSDT SOLUSDT BNBUSDT OPUSDT 1000SHIBUSDT CHZUSDT EOSUSDT MATICUSDT FILUSDT AVAXUSDT GMTUSDT ADAUSDT DOGEUSDT NEARUSDT APEUSDT XRPUSDT TRBUSDT UNFIUSDT,1000SHIBUSDT 1000XECUSDT 1INCHUSDT AAVEUSDT ADAUSDT ALGOUSDT ALICEUSDT ALPHAUSDT ANKRUSDT ANTUSDT APEUSDT API3USDT ARPAUSDT ARUSDT ATAUSDT ATOMUSDT AUDIOUSDT AVAXUSDT AXSUSDT BAKEUSDT BALUSDT BANDUSDT BATUSDT BCHUSDT BELUSDT BLZUSDT BNBUSDT BTCUSDT C98USDT CELOUSDT CELRUSDT CHRUSDT CHZUSDT COMPUSDT COTIUSDT CRVUSDT CTKUSDT CTSIUSDT CVCUSDT DARUSDT DASHUSDT DENTUSDT DGBUSDT DOGEUSDT DOTUSDT DUSKUSDT DYDXUSDT EGLDUSDT ENJUSDT ENSUSDT EOSUSDT ETCUSDT ETHUSDT FILUSDT FLMUSDT FLOWUSDT FTMUSDT FTTUSDT GALAUSDT GALUSDT GMTUSDT GRTUSDT GTCUSDT HBARUSDT HNTUSDT HOTUSDT ICXUSDT IMXUSDT IOSTUSDT IOTAUSDT IOTXUSDT JASMYUSDT KAVAUSDT KLAYUSDT KNCUSDT KSMUSDT LINAUSDT LINKUSDT LITUSDT LPTUSDT LRCUSDT LTCUSDT MANAUSDT MASKUSDT MATICUSDT MKRUSDT MTLUSDT NEARUSDT NEOUSDT NKNUSDT OCEANUSDT OGNUSDT OMGUSDT ONEUSDT ONTUSDT OPUSDT PEOPLEUSDT QTUMUSDT RAYUSDT REEFUSDT RENUSDT RLCUSDT ROSEUSDT RSRUSDT RUNEUSDT RVNUSDT SANDUSDT SFPUSDT SKLUSDT SNXUSDT SOLUSDT SRMUSDT STMXUSDT STORJUSDT SUSHIUSDT SXPUSDT THETAUSDT TOMOUSDT TRBUSDT TRXUSDT UNFIUSDT UNIUSDT VETUSDT WAVESUSDT WOOUSDT XEMUSDT XLMUSDT XMRUSDT XRPUSDT XTZUSDT YFIUSDT ZECUSDT ZENUSDT ZILUSDT ZRXUSDT
2022-09-17,135,135,20,BTCUSDT ETHUSDT ETCUSDT SOLUSDT BNBUSDT OPUSDT 1000SHIBUSDT CHZUSDT EOSUSDT MATICUSDT FILUSDT AVAXUSDT GMTUSDT ADAUSDT DOGEUSDT NEARUSDT APEUSDT XRPUSDT TRBUSDT UNFIUSDT,1000SHIBUSDT 1000XECUSDT 1INCHUSDT AAVEUSDT ADAUSDT ALGOUSDT ALICEUSDT ALPHAUSDT ANKRUSDT ANTUSDT APEUSDT API3USDT ARPAUSDT ARUSDT ATAUSDT ATOMUSDT AUDIOUSDT AVAXUSDT AXSUSDT BAKEUSDT BALUSDT BANDUSDT BATUSDT BCHUSDT BELUSDT BLZUSDT BNBUSDT BTCUSDT C98USDT CELOUSDT CELRUSDT CHRUSDT CHZUSDT COMPUSDT COTIUSDT CRVUSDT CTKUSDT CTSIUSDT CVCUSDT DARUSDT DASHUSDT DENTUSDT DGBUSDT DOGEUSDT DOTUSDT DUSKUSDT DYDXUSDT EGLDUSDT ENJUSDT ENSUSDT EOSUSDT ETCUSDT ETHUSDT FILUSDT FLMUSDT FLOWUSDT FTMUSDT FTTUSDT GALAUSDT GALUSDT GMTUSDT GRTUSDT GTCUSDT HBARUSDT HNTUSDT HOTUSDT ICXUSDT IMXUSDT IOSTUSDT IOTAUSDT IOTXUSDT JASMYUSDT KAVAUSDT KLAYUSDT KNCUSDT KSMUSDT LINAUSDT LINKUSDT LITUSDT LPTUSDT LRCUSDT LTCUSDT MANAUSDT MASKUSDT MATICUSDT MKRUSDT MTLUSDT NEARUSDT NEOUSDT NKNUSDT OCEANUSDT OGNUSDT OMGUSDT ONEUSDT ONTUSDT OPUSDT PEOPLEUSDT QTUMUSDT RAYUSDT REEFUSDT RENUSDT RLCUSDT ROSEUSDT RSRUSDT RUNEUSDT RVNUSDT SANDUSDT SFPUSDT SKLUSDT SNXUSDT SOLUSDT SRMUSDT STMXUSDT STORJUSDT SUSHIUSDT SXPUSDT THETAUSDT TOMOUSDT TRBUSDT TRXUSDT UNFIUSDT UNIUSDT VETUSDT WAVESUSDT WOOUSDT XEMUSDT XLMUSDT XMRUSDT XRPUSDT XTZUSDT YFIUSDT ZECUSDT ZENUSDT ZILUSDT ZRXUSDT
2022-09-24,135,135,20,BTCUSDT ETHUSDT ETCUSDT SOLUSDT BNBUSDT OPUSDT 1000SHIBUSDT CHZUSDT EOSUSDT MATICUSDT FILUSDT AVAXUSDT GMTUSDT ADAUSDT DOGEUSDT NEARUSDT APEUSDT XRPUSDT TRBUSDT UNFIUSDT,1000SHIBUSDT 1000XECUSDT 1INCHUSDT AAVEUSDT ADAUSDT ALGOUSDT ALICEUSDT ALPHAUSDT ANKRUSDT ANTUSDT APEUSDT API3USDT ARPAUSDT ARUSDT ATAUSDT ATOMUSDT AUDIOUSDT AVAXUSDT AXSUSDT BAKEUSDT BALUSDT BANDUSDT BATUSDT BCHUSDT BELUSDT BLZUSDT BNBUSDT BTCUSDT C98USDT CELOUSDT CELRUSDT CHRUSDT CHZUSDT COMPUSDT COTIUSDT CRVUSDT CTKUSDT CTSIUSDT CVCUSDT DARUSDT DASHUSDT DENTUSDT DGBUSDT DOGEUSDT DOTUSDT DUSKUSDT DYDXUSDT EGLDUSDT ENJUSDT ENSUSDT EOSUSDT ETCUSDT ETHUSDT FILUSDT FLMUSDT FLOWUSDT FTMUSDT FTTUSDT GALAUSDT GALUSDT GMTUSDT GRTUSDT GTCUSDT HBARUSDT HNTUSDT HOTUSDT ICXUSDT IMXUSDT IOSTUSDT IOTAUSDT IOTXUSDT JASMYUSDT KAVAUSDT KLAYUSDT KNCUSDT KSMUSDT LINAUSDT LINKUSDT LITUSDT LPTUSDT LRCUSDT LTCUSDT MANAUSDT MASKUSDT MATICUSDT MKRUSDT MTLUSDT NEARUSDT NEOUSDT NKNUSDT OCEANUSDT OGNUSDT OMGUSDT ONEUSDT ONTUSDT OPUSDT PEOPLEUSDT QTUMUSDT RAYUSDT REEFUSDT RENUSDT RLCUSDT ROSEUSDT RSRUSDT RUNEUSDT RVNUSDT SANDUSDT SFPUSDT SKLUSDT SNXUSDT SOLUSDT SRMUSDT STMXUSDT STORJUSDT SUSHIUSDT SXPUSDT THETAUSDT TOMOUSDT TRBUSDT TRXUSDT UNFIUSDT UNIUSDT VETUSDT WAVESUSDT WOOUSDT XEMUSDT XLMUSDT XMRUSDT XRPUSDT XTZUSDT YFIUSDT ZECUSDT ZENUSDT ZILUSDT ZRXUSDT
2022-10-01,138,138,20,BTCUSDT ETHUSDT XRPUSDT ETCUSDT SOLUSDT CHZUSDT EOSUSDT ADAUSDT ATOMUSDT BNBUSDT APEUSDT RVNUSDT MATICUSDT LINKUSDT AVAXUSDT GMTUSDT 1000SHIBUSDT NEARUSDT HNTUSDT LTCUSDT,1000SHIBUSDT 1000XECUSDT 1INCHUSDT AAVEUSDT ADAUSDT ALGOUSDT ALICEUSDT ALPHAUSDT ANKRUSDT ANTUSDT APEUSDT API3USDT ARPAUSDT ARUSDT ATAUSDT ATOMUSDT AUDIOUSDT AVAXUSDT AXSUSDT BAKEUSDT BALUSDT BANDUSDT BATUSDT BCHUSDT BELUSDT BLZUSDT BNBUSDT BNXUSDT BTCUSDT C98USDT CELOUSDT CELRUSDT CHRUSDT CHZUSDT COMPUSDT COTIUSDT CRVUSDT CTKUSDT CTSIUSDT CVCUSDT DARUSDT DASHUSDT DENTUSDT DGBUSDT DOGEUSDT DOTUSDT DUSKUSDT DYDXUSDT EGLDUSDT ENJUSDT ENSUSDT EOSUSDT ETCUSDT ETHUSDT FILUSDT FLMUSDT FLOWUSDT FTMUSDT FTTUSDT GALAUSDT GALUSDT GMTUSDT GRTUSDT GTCUSDT HBARUSDT HNTUSDT HOTUSDT ICXUSDT IMXUSDT INJUSDT IOSTUSDT IOTAUSDT IOTXUSDT JASMYUSDT KAVAUSDT KLAYUSDT KNCUSDT KSMUSDT LINAUSDT LINKUSDT LITUSDT LPTUSDT LRCUSDT LTCUSDT MANAUSDT MASKUSDT MATICUSDT MKRUSDT MTLUSDT NEARUSDT NEOUSDT NKNUSDT OCEANUSDT OGNUSDT OMGUSDT ONEUSDT ONTUSDT OPUSDT PEOPLEUSDT QTUMUSDT RAYUSDT REEFUSDT RENUSDT RLCUSDT ROSEUSDT RSRUSDT RUNEUSDT RVNUSDT SANDUSDT SFPUSDT SKLUSDT SNXUSDT SOLUSDT SRMUSDT STGUSDT STMXUSDT STORJUSDT SUSHIUSDT SXPUSDT THETAUSDT TOMOUSDT TRBUSDT TRXUSDT UNFIUSDT UNIUSDT VETUSDT WAVESUSDT WOOUSDT XEMUSDT XLMUSDT XMRUSDT XRPUSDT XTZUSDT YFIUSDT ZECUSDT ZENUSDT ZILUSDT ZRXUSDT
2022-10-08,138,138,20,BTCUSDT ETHUSDT XRPUSDT ETCUSDT SOLUSDT CHZUSDT EOSUSDT ADAUSDT ATOMUSDT BNBUSDT APEUSDT RVNUSDT MATICUSDT LINKUSDT AVAXUSDT GMTUSDT 1000SHIBUSDT NEARUSDT HNTUSDT LTCUSDT,1000SHIBUSDT 1000XECUSDT 1INCHUSDT AAVEUSDT ADAUSDT ALGOUSDT ALICEUSDT ALPHAUSDT ANKRUSDT ANTUSDT APEUSDT API3USDT ARPAUSDT ARUSDT ATAUSDT ATOMUSDT AUDIOUSDT AVAXUSDT AXSUSDT BAKEUSDT BALUSDT BANDUSDT BATUSDT BCHUSDT BELUSDT BLZUSDT BNBUSDT BNXUSDT BTCUSDT C98USDT CELOUSDT CELRUSDT CHRUSDT CHZUSDT COMPUSDT COTIUSDT CRVUSDT CTKUSDT CTSIUSDT CVCUSDT DARUSDT DASHUSDT DENTUSDT DGBUSDT DOGEUSDT DOTUSDT DUSKUSDT DYDXUSDT EGLDUSDT ENJUSDT ENSUSDT EOSUSDT ETCUSDT ETHUSDT FILUSDT FLMUSDT FLOWUSDT FTMUSDT FTTUSDT GALAUSDT GALUSDT GMTUSDT GRTUSDT GTCUSDT HBARUSDT HNTUSDT HOTUSDT ICXUSDT IMXUSDT INJUSDT IOSTUSDT IOTAUSDT IOTXUSDT JASMYUSDT KAVAUSDT KLAYUSDT KNCUSDT KSMUSDT LINAUSDT LINKUSDT LITUSDT LPTUSDT LRCUSDT LTCUSDT MANAUSDT MASKUSDT MATICUSDT MKRUSDT MTLUSDT NEARUSDT NEOUSDT NKNUSDT OCEANUSDT OGNUSDT OMGUSDT ONEUSDT ONTUSDT OPUSDT PEOPLEUSDT QTUMUSDT RAYUSDT REEFUSDT RENUSDT RLCUSDT ROSEUSDT RSRUSDT RUNEUSDT RVNUSDT SANDUSDT SFPUSDT SKLUSDT SNXUSDT SOLUSDT SRMUSDT STGUSDT STMXUSDT STORJUSDT SUSHIUSDT SXPUSDT THETAUSDT TOMOUSDT TRBUSDT TRXUSDT UNFIUSDT UNIUSDT VETUSDT WAVESUSDT WOOUSDT XEMUSDT XLMUSDT XMRUSDT XRPUSDT XTZUSDT YFIUSDT ZECUSDT ZENUSDT ZILUSDT ZRXUSDT
2022-10-15,138,138,20,BTCUSDT ETHUSDT XRPUSDT ETCUSDT SOLUSDT CHZUSDT EOSUSDT ADAUSDT ATOMUSDT BNBUSDT APEUSDT RVNUSDT MATICUSDT LINKUSDT AVAXUSDT GMTUSDT 1000SHIBUSDT NEARUSDT HNTUSDT LTCUSDT,1000SHIBUSDT 1000XECUSDT 1INCHUSDT AAVEUSDT ADAUSDT ALGOUSDT ALICEUSDT ALPHAUSDT ANKRUSDT ANTUSDT APEUSDT API3USDT ARPAUSDT ARUSDT ATAUSDT ATOMUSDT AUDIOUSDT AVAXUSDT AXSUSDT BAKEUSDT BALUSDT BANDUSDT BATUSDT BCHUSDT BELUSDT BLZUSDT BNBUSDT BNXUSDT BTCUSDT C98USDT CELOUSDT CELRUSDT CHRUSDT CHZUSDT COMPUSDT COTIUSDT CRVUSDT CTKUSDT CTSIUSDT CVCUSDT DARUSDT DASHUSDT DENTUSDT DGBUSDT DOGEUSDT DOTUSDT DUSKUSDT DYDXUSDT EGLDUSDT ENJUSDT ENSUSDT EOSUSDT ETCUSDT ETHUSDT FILUSDT FLMUSDT FLOWUSDT FTMUSDT FTTUSDT GALAUSDT GALUSDT GMTUSDT GRTUSDT GTCUSDT HBARUSDT HNTUSDT HOTUSDT ICXUSDT IMXUSDT INJUSDT IOSTUSDT IOTAUSDT IOTXUSDT JASMYUSDT KAVAUSDT KLAYUSDT KNCUSDT KSMUSDT LINAUSDT LINKUSDT LITUSDT LPTUSDT LRCUSDT LTCUSDT MANAUSDT MASKUSDT MATICUSDT MKRUSDT MTLUSDT NEARUSDT NEOUSDT NKNUSDT OCEANUSDT OGNUSDT OMGUSDT ONEUSDT ONTUSDT OPUSDT PEOPLEUSDT QTUMUSDT RAYUSDT REEFUSDT RENUSDT RLCUSDT ROSEUSDT RSRUSDT RUNEUSDT RVNUSDT SANDUSDT SFPUSDT SKLUSDT SNXUSDT SOLUSDT SRMUSDT STGUSDT STMXUSDT STORJUSDT SUSHIUSDT SXPUSDT THETAUSDT TOMOUSDT TRBUSDT TRXUSDT UNFIUSDT UNIUSDT VETUSDT WAVESUSDT WOOUSDT XEMUSDT XLMUSDT XMRUSDT XRPUSDT XTZUSDT YFIUSDT ZECUSDT ZENUSDT ZILUSDT ZRXUSDT
2022-10-22,138,138,20,BTCUSDT ETHUSDT XRPUSDT ETCUSDT SOLUSDT CHZUSDT EOSUSDT ADAUSDT ATOMUSDT BNBUSDT APEUSDT RVNUSDT MATICUSDT LINKUSDT AVAXUSDT GMTUSDT 1000SHIBUSDT NEARUSDT HNTUSDT LTCUSDT,1000SHIBUSDT 1000XECUSDT 1INCHUSDT AAVEUSDT ADAUSDT ALGOUSDT ALICEUSDT ALPHAUSDT ANKRUSDT ANTUSDT APEUSDT API3USDT ARPAUSDT ARUSDT ATAUSDT ATOMUSDT AUDIOUSDT AVAXUSDT AXSUSDT BAKEUSDT BALUSDT BANDUSDT BATUSDT BCHUSDT BELUSDT BLZUSDT BNBUSDT BNXUSDT BTCUSDT C98USDT CELOUSDT CELRUSDT CHRUSDT CHZUSDT COMPUSDT COTIUSDT CRVUSDT CTKUSDT CTSIUSDT CVCUSDT DARUSDT DASHUSDT DENTUSDT DGBUSDT DOGEUSDT DOTUSDT DUSKUSDT DYDXUSDT EGLDUSDT ENJUSDT ENSUSDT EOSUSDT ETCUSDT ETHUSDT FILUSDT FLMUSDT FLOWUSDT FTMUSDT FTTUSDT GALAUSDT GALUSDT GMTUSDT GRTUSDT GTCUSDT HBARUSDT HNTUSDT HOTUSDT ICXUSDT IMXUSDT INJUSDT IOSTUSDT IOTAUSDT IOTXUSDT JASMYUSDT KAVAUSDT KLAYUSDT KNCUSDT KSMUSDT LINAUSDT LINKUSDT LITUSDT LPTUSDT LRCUSDT LTCUSDT MANAUSDT MASKUSDT MATICUSDT MKRUSDT MTLUSDT NEARUSDT NEOUSDT NKNUSDT OCEANUSDT OGNUSDT OMGUSDT ONEUSDT ONTUSDT OPUSDT PEOPLEUSDT QTUMUSDT RAYUSDT REEFUSDT RENUSDT RLCUSDT ROSEUSDT RSRUSDT RUNEUSDT RVNUSDT SANDUSDT SFPUSDT SKLUSDT SNXUSDT SOLUSDT SRMUSDT STGUSDT STMXUSDT STORJUSDT SUSHIUSDT SXPUSDT THETAUSDT TOMOUSDT TRBUSDT TRXUSDT UNFIUSDT UNIUSDT VETUSDT WAVESUSDT WOOUSDT XEMUSDT XLMUSDT XMRUSDT XRPUSDT XTZUSDT YFIUSDT ZECUSDT ZENUSDT ZILUSDT ZRXUSDT
2022-10-29,138,138,20,BTCUSDT ETHUSDT XRPUSDT ETCUSDT SOLUSDT CHZUSDT EOSUSDT ADAUSDT ATOMUSDT BNBUSDT APEUSDT RVNUSDT MATICUSDT LINKUSDT AVAXUSDT GMTUSDT 1000SHIBUSDT NEARUSDT HNTUSDT LTCUSDT,1000SHIBUSDT 1000XECUSDT 1INCHUSDT AAVEUSDT ADAUSDT ALGOUSDT ALICEUSDT ALPHAUSDT ANKRUSDT ANTUSDT APEUSDT API3USDT ARPAUSDT ARUSDT ATAUSDT ATOMUSDT AUDIOUSDT AVAXUSDT AXSUSDT BAKEUSDT BALUSDT BANDUSDT BATUSDT BCHUSDT BELUSDT BLZUSDT BNBUSDT BNXUSDT BTCUSDT C98USDT CELOUSDT CELRUSDT CHRUSDT CHZUSDT COMPUSDT COTIUSDT CRVUSDT CTKUSDT CTSIUSDT CVCUSDT DARUSDT DASHUSDT DENTUSDT DGBUSDT DOGEUSDT DOTUSDT DUSKUSDT DYDXUSDT EGLDUSDT ENJUSDT ENSUSDT EOSUSDT ETCUSDT ETHUSDT FILUSDT FLMUSDT FLOWUSDT FTMUSDT FTTUSDT GALAUSDT GALUSDT GMTUSDT GRTUSDT GTCUSDT HBARUSDT HNTUSDT HOTUSDT ICXUSDT IMXUSDT INJUSDT IOSTUSDT IOTAUSDT IOTXUSDT JASMYUSDT KAVAUSDT KLAYUSDT KNCUSDT KSMUSDT LINAUSDT LINKUSDT LITUSDT LPTUSDT LRCUSDT LTCUSDT MANAUSDT MASKUSDT MATICUSDT MKRUSDT MTLUSDT NEARUSDT NEOUSDT NKNUSDT OCEANUSDT OGNUSDT OMGUSDT ONEUSDT ONTUSDT OPUSDT PEOPLEUSDT QTUMUSDT RAYUSDT REEFUSDT RENUSDT RLCUSDT ROSEUSDT RSRUSDT RUNEUSDT RVNUSDT SANDUSDT SFPUSDT SKLUSDT SNXUSDT SOLUSDT SRMUSDT STGUSDT STMXUSDT STORJUSDT SUSHIUSDT SXPUSDT THETAUSDT TOMOUSDT TRBUSDT TRXUSDT UNFIUSDT UNIUSDT VETUSDT WAVESUSDT WOOUSDT XEMUSDT XLMUSDT XMRUSDT XRPUSDT XTZUSDT YFIUSDT ZECUSDT ZENUSDT ZILUSDT ZRXUSDT
2022-11-05,144,144,20,BTCUSDT ETHUSDT DOGEUSDT XRPUSDT SOLUSDT MATICUSDT ETCUSDT 1000LUNCUSDT BNBUSDT ADAUSDT 1000SHIBUSDT CHZUSDT SUSHIUSDT LINKUSDT RSRUSDT GMTUSDT ATOMUSDT EOSUSDT REEFUSDT KLAYUSDT,1000LUNCUSDT 1000SHIBUSDT 1000XECUSDT 1INCHUSDT AAVEUSDT ADAUSDT ALGOUSDT ALICEUSDT ALPHAUSDT ANKRUSDT ANTUSDT APEUSDT API3USDT ARPAUSDT ARUSDT ATAUSDT ATOMUSDT AUDIOUSDT AVAXUSDT AXSUSDT BAKEUSDT BALUSDT BANDUSDT BATUSDT BCHUSDT BELUSDT BLZUSDT BNBUSDT BNXUSDT BTCUSDT C98USDT CELOUSDT CELRUSDT CHRUSDT CHZUSDT COMPUSDT COTIUSDT CRVUSDT CTKUSDT CTSIUSDT CVCUSDT CVXUSDT DARUSDT DASHUSDT DENTUSDT DGBUSDT DOGEUSDT DOTUSDT DUSKUSDT DYDXUSDT EGLDUSDT ENJUSDT ENSUSDT EOSUSDT ETCUSDT ETHUSDT FILUSDT FLMUSDT FLOWUSDT FTMUSDT FTTUSDT GALAUSDT GALUSDT GMTUSDT GRTUSDT GTCUSDT HBARUSDT HNTUSDT HOTUSDT ICPUSDT ICXUSDT IMXUSDT INJUSDT IOSTUSDT IOTAUSDT IOTXUSDT JASMYUSDT KAVAUSDT KLAYUSDT KNCUSDT KSMUSDT LDOUSDT LINAUSDT LINKUSDT LITUSDT LPTUSDT LRCUSDT LTCUSDT LUNA2USDT MANAUSDT MASKUSDT MATICUSDT MKRUSDT MTLUSDT NEARUSDT NEOUSDT NKNUSDT OCEANUSDT OGNUSDT OMGUSDT ONEUSDT ONTUSDT OPUSDT PEOPLEUSDT QTUMUSDT RAYUSDT REEFUSDT RENUSDT RLCUSDT ROSEUSDT RSRUSDT RUNEUSDT RVNUSDT SANDUSDT SFPUSDT SKLUSDT SNXUSDT SOLUSDT SPELLUSDT SRMUSDT STGUSDT STMXUSDT STORJUSDT SUSHIUSDT SXPUSDT THETAUSDT TOMOUSDT TRBUSDT TRXUSDT UNFIUSDT UNIUSDT VETUSDT WAVESUSDT WOOUSDT XEMUSDT XLMUSDT XMRUSDT XRPUSDT XTZUSDT YFIUSDT ZECUSDT ZENUSDT ZILUSDT ZRXUSDT
2022-11-12,144,144,20,BTCUSDT ETHUSDT DOGEUSDT XRPUSDT SOLUSDT MATICUSDT ETCUSDT 1000LUNCUSDT BNBUSDT ADAUSDT 1000SHIBUSDT CHZUSDT SUSHIUSDT LINKUSDT RSRUSDT GMTUSDT ATOMUSDT EOSUSDT REEFUSDT KLAYUSDT,1000LUNCUSDT 1000SHIBUSDT 1000XECUSDT 1INCHUSDT AAVEUSDT ADAUSDT ALGOUSDT ALICEUSDT ALPHAUSDT ANKRUSDT ANTUSDT APEUSDT API3USDT ARPAUSDT ARUSDT ATAUSDT ATOMUSDT AUDIOUSDT AVAXUSDT AXSUSDT BAKEUSDT BALUSDT BANDUSDT BATUSDT BCHUSDT BELUSDT BLZUSDT BNBUSDT BNXUSDT BTCUSDT C98USDT CELOUSDT CELRUSDT CHRUSDT CHZUSDT COMPUSDT COTIUSDT CRVUSDT CTKUSDT CTSIUSDT CVCUSDT CVXUSDT DARUSDT DASHUSDT DENTUSDT DGBUSDT DOGEUSDT DOTUSDT DUSKUSDT DYDXUSDT EGLDUSDT ENJUSDT ENSUSDT EOSUSDT ETCUSDT ETHUSDT FILUSDT FLMUSDT FLOWUSDT FTMUSDT FTTUSDT GALAUSDT GALUSDT GMTUSDT GRTUSDT GTCUSDT HBARUSDT HNTUSDT HOTUSDT ICPUSDT ICXUSDT IMXUSDT INJUSDT IOSTUSDT IOTAUSDT IOTXUSDT JASMYUSDT KAVAUSDT KLAYUSDT KNCUSDT KSMUSDT LDOUSDT LINAUSDT LINKUSDT LITUSDT LPTUSDT LRCUSDT LTCUSDT LUNA2USDT MANAUSDT MASKUSDT MATICUSDT MKRUSDT MTLUSDT NEARUSDT NEOUSDT NKNUSDT OCEANUSDT OGNUSDT OMGUSDT ONEUSDT ONTUSDT OPUSDT PEOPLEUSDT QTUMUSDT RAYUSDT REEFUSDT RENUSDT RLCUSDT ROSEUSDT RSRUSDT RUNEUSDT RVNUSDT SANDUSDT SFPUSDT SKLUSDT SNXUSDT SOLUSDT SPELLUSDT SRMUSDT STGUSDT STMXUSDT STORJUSDT SUSHIUSDT SXPUSDT THETAUSDT TOMOUSDT TRBUSDT TRXUSDT UNFIUSDT UNIUSDT VETUSDT WAVESUSDT WOOUSDT XEMUSDT XLMUSDT XMRUSDT XRPUSDT XTZUSDT YFIUSDT ZECUSDT ZENUSDT ZILUSDT ZRXUSDT
2022-11-19,144,144,20,BTCUSDT ETHUSDT DOGEUSDT XRPUSDT SOLUSDT MATICUSDT ETCUSDT 1000LUNCUSDT BNBUSDT ADAUSDT 1000SHIBUSDT CHZUSDT SUSHIUSDT LINKUSDT RSRUSDT GMTUSDT ATOMUSDT EOSUSDT REEFUSDT KLAYUSDT,1000LUNCUSDT 1000SHIBUSDT 1000XECUSDT 1INCHUSDT AAVEUSDT ADAUSDT ALGOUSDT ALICEUSDT ALPHAUSDT ANKRUSDT ANTUSDT APEUSDT API3USDT ARPAUSDT ARUSDT ATAUSDT ATOMUSDT AUDIOUSDT AVAXUSDT AXSUSDT BAKEUSDT BALUSDT BANDUSDT BATUSDT BCHUSDT BELUSDT BLZUSDT BNBUSDT BNXUSDT BTCUSDT C98USDT CELOUSDT CELRUSDT CHRUSDT CHZUSDT COMPUSDT COTIUSDT CRVUSDT CTKUSDT CTSIUSDT CVCUSDT CVXUSDT DARUSDT DASHUSDT DENTUSDT DGBUSDT DOGEUSDT DOTUSDT DUSKUSDT DYDXUSDT EGLDUSDT ENJUSDT ENSUSDT EOSUSDT ETCUSDT ETHUSDT FILUSDT FLMUSDT FLOWUSDT FTMUSDT FTTUSDT GALAUSDT GALUSDT GMTUSDT GRTUSDT GTCUSDT HBARUSDT HNTUSDT HOTUSDT ICPUSDT ICXUSDT IMXUSDT INJUSDT IOSTUSDT IOTAUSDT IOTXUSDT JASMYUSDT KAVAUSDT KLAYUSDT KNCUSDT KSMUSDT LDOUSDT LINAUSDT LINKUSDT LITUSDT LPTUSDT LRCUSDT LTCUSDT LUNA2USDT MANAUSDT MASKUSDT MATICUSDT MKRUSDT MTLUSDT NEARUSDT NEOUSDT NKNUSDT OCEANUSDT OGNUSDT OMGUSDT ONEUSDT ONTUSDT OPUSDT PEOPLEUSDT QTUMUSDT RAYUSDT REEFUSDT RENUSDT RLCUSDT ROSEUSDT RSRUSDT RUNEUSDT RVNUSDT SANDUSDT SFPUSDT SKLUSDT SNXUSDT SOLUSDT SPELLUSDT SRMUSDT STGUSDT STMXUSDT STORJUSDT SUSHIUSDT SXPUSDT THETAUSDT TOMOUSDT TRBUSDT TRXUSDT UNFIUSDT UNIUSDT VETUSDT WAVESUSDT WOOUSDT XEMUSDT XLMUSDT XMRUSDT XRPUSDT XTZUSDT YFIUSDT ZECUSDT ZENUSDT ZILUSDT ZRXUSDT
2022-11-26,144,144,20,BTCUSDT ETHUSDT DOGEUSDT XRPUSDT SOLUSDT MATICUSDT ETCUSDT 1000LUNCUSDT BNBUSDT ADAUSDT 1000SHIBUSDT CHZUSDT SUSHIUSDT LINKUSDT RSRUSDT GMTUSDT ATOMUSDT EOSUSDT REEFUSDT KLAYUSDT,1000LUNCUSDT 1000SHIBUSDT 1000XECUSDT 1INCHUSDT AAVEUSDT ADAUSDT ALGOUSDT ALICEUSDT ALPHAUSDT ANKRUSDT ANTUSDT APEUSDT API3USDT ARPAUSDT ARUSDT ATAUSDT ATOMUSDT AUDIOUSDT AVAXUSDT AXSUSDT BAKEUSDT BALUSDT BANDUSDT BATUSDT BCHUSDT BELUSDT BLZUSDT BNBUSDT BNXUSDT BTCUSDT C98USDT CELOUSDT CELRUSDT CHRUSDT CHZUSDT COMPUSDT COTIUSDT CRVUSDT CTKUSDT CTSIUSDT CVCUSDT CVXUSDT DARUSDT DASHUSDT DENTUSDT DGBUSDT DOGEUSDT DOTUSDT DUSKUSDT DYDXUSDT EGLDUSDT ENJUSDT ENSUSDT EOSUSDT ETCUSDT ETHUSDT FILUSDT FLMUSDT FLOWUSDT FTMUSDT FTTUSDT GALAUSDT GALUSDT GMTUSDT GRTUSDT GTCUSDT HBARUSDT HNTUSDT HOTUSDT ICPUSDT ICXUSDT IMXUSDT INJUSDT IOSTUSDT IOTAUSDT IOTXUSDT JASMYUSDT KAVAUSDT KLAYUSDT KNCUSDT KSMUSDT LDOUSDT LINAUSDT LINKUSDT LITUSDT LPTUSDT LRCUSDT LTCUSDT LUNA2USDT MANAUSDT MASKUSDT MATICUSDT MKRUSDT MTLUSDT NEARUSDT NEOUSDT NKNUSDT OCEANUSDT OGNUSDT OMGUSDT ONEUSDT ONTUSDT OPUSDT PEOPLEUSDT QTUMUSDT RAYUSDT REEFUSDT RENUSDT RLCUSDT ROSEUSDT RSRUSDT RUNEUSDT RVNUSDT SANDUSDT SFPUSDT SKLUSDT SNXUSDT SOLUSDT SPELLUSDT SRMUSDT STGUSDT STMXUSDT STORJUSDT SUSHIUSDT SXPUSDT THETAUSDT TOMOUSDT TRBUSDT TRXUSDT UNFIUSDT UNIUSDT VETUSDT WAVESUSDT WOOUSDT XEMUSDT XLMUSDT XMRUSDT XRPUSDT XTZUSDT YFIUSDT ZECUSDT ZENUSDT ZILUSDT ZRXUSDT
2022-12-03,142,142,20,BTCUSDT ETHUSDT DOGEUSDT SOLUSDT MATICUSDT BNBUSDT MASKUSDT XRPUSDT CHZUSDT LTCUSDT LINKUSDT BANDUSDT DYDXUSDT APTUSDT ETCUSDT ADAUSDT CRVUSDT APEUSDT 1000SHIBUSDT GMTUSDT,1000LUNCUSDT 1000SHIBUSDT 1000XECUSDT 1INCHUSDT AAVEUSDT ADAUSDT ALGOUSDT ALICEUSDT ALPHAUSDT ANKRUSDT ANTUSDT APEUSDT API3USDT APTUSDT ARPAUSDT ARUSDT ATAUSDT ATOMUSDT AUDIOUSDT AVAXUSDT AXSUSDT BAKEUSDT BALUSDT BANDUSDT BATUSDT BCHUSDT BELUSDT BLZUSDT BNBUSDT BNXUSDT BTCUSDT C98USDT CELOUSDT CELRUSDT CHRUSDT CHZUSDT COMPUSDT COTIUSDT CRVUSDT CTKUSDT CTSIUSDT CVXUSDT DARUSDT DASHUSDT DENTUSDT DGBUSDT DOGEUSDT DOTUSDT DUSKUSDT DYDXUSDT EGLDUSDT ENJUSDT ENSUSDT EOSUSDT ETCUSDT ETHUSDT FILUSDT FLMUSDT FLOWUSDT FTMUSDT GALAUSDT GALUSDT GMTUSDT GRTUSDT GTCUSDT HBARUSDT HNTUSDT HOTUSDT ICPUSDT ICXUSDT IMXUSDT INJUSDT IOSTUSDT IOTAUSDT IOTXUSDT JASMYUSDT KAVAUSDT KLAYUSDT KNCUSDT KSMUSDT LDOUSDT LINAUSDT LINKUSDT LITUSDT LPTUSDT LRCUSDT LTCUSDT LUNA2USDT MANAUSDT MASKUSDT MATICUSDT MKRUSDT MTLUSDT NEARUSDT NEOUSDT NKNUSDT OCEANUSDT OGNUSDT OMGUSDT ONEUSDT ONTUSDT OPUSDT PEOPLEUSDT QNTUSDT QTUMUSDT REEFUSDT RENUSDT RLCUSDT ROSEUSDT RSRUSDT RUNEUSDT RVNUSDT SANDUSDT SFPUSDT SKLUSDT SNXUSDT SOLUSDT SPELLUSDT STGUSDT STMXUSDT STORJUSDT SUSHIUSDT SXPUSDT THETAUSDT TOMOUSDT TRBUSDT TRXUSDT UNFIUSDT UNIUSDT VETUSDT WAVESUSDT WOOUSDT XEMUSDT XLMUSDT XMRUSDT XRPUSDT XTZUSDT YFIUSDT ZECUSDT ZENUSDT ZILUSDT ZRXUSDT
2022-12-10,142,142,20,BTCUSDT ETHUSDT DOGEUSDT SOLUSDT MATICUSDT BNBUSDT MASKUSDT XRPUSDT CHZUSDT LTCUSDT LINKUSDT BANDUSDT DYDXUSDT APTUSDT ETCUSDT ADAUSDT CRVUSDT APEUSDT 1000SHIBUSDT GMTUSDT,1000LUNCUSDT 1000SHIBUSDT 1000XECUSDT 1INCHUSDT AAVEUSDT ADAUSDT ALGOUSDT ALICEUSDT ALPHAUSDT ANKRUSDT ANTUSDT APEUSDT API3USDT APTUSDT ARPAUSDT ARUSDT ATAUSDT ATOMUSDT AUDIOUSDT AVAXUSDT AXSUSDT BAKEUSDT BALUSDT BANDUSDT BATUSDT BCHUSDT BELUSDT BLZUSDT BNBUSDT BNXUSDT BTCUSDT C98USDT CELOUSDT CELRUSDT CHRUSDT CHZUSDT COMPUSDT COTIUSDT CRVUSDT CTKUSDT CTSIUSDT CVXUSDT DARUSDT DASHUSDT DENTUSDT DGBUSDT DOGEUSDT DOTUSDT DUSKUSDT DYDXUSDT EGLDUSDT ENJUSDT ENSUSDT EOSUSDT ETCUSDT ETHUSDT FILUSDT FLMUSDT FLOWUSDT FTMUSDT GALAUSDT GALUSDT GMTUSDT GRTUSDT GTCUSDT HBARUSDT HNTUSDT HOTUSDT ICPUSDT ICXUSDT IMXUSDT INJUSDT IOSTUSDT IOTAUSDT IOTXUSDT JASMYUSDT KAVAUSDT KLAYUSDT KNCUSDT KSMUSDT LDOUSDT LINAUSDT LINKUSDT LITUSDT LPTUSDT LRCUSDT LTCUSDT LUNA2USDT MANAUSDT MASKUSDT MATICUSDT MKRUSDT MTLUSDT NEARUSDT NEOUSDT NKNUSDT OCEANUSDT OGNUSDT OMGUSDT ONEUSDT ONTUSDT OPUSDT PEOPLEUSDT QNTUSDT QTUMUSDT REEFUSDT RENUSDT RLCUSDT ROSEUSDT RSRUSDT RUNEUSDT RVNUSDT SANDUSDT SFPUSDT SKLUSDT SNXUSDT SOLUSDT SPELLUSDT STGUSDT STMXUSDT STORJUSDT SUSHIUSDT SXPUSDT THETAUSDT TOMOUSDT TRBUSDT TRXUSDT UNFIUSDT UNIUSDT VETUSDT WAVESUSDT WOOUSDT XEMUSDT XLMUSDT XMRUSDT XRPUSDT XTZUSDT YFIUSDT ZECUSDT ZENUSDT ZILUSDT ZRXUSDT
2022-12-17,142,142,20,BTCUSDT ETHUSDT DOGEUSDT SOLUSDT MATICUSDT BNBUSDT MASKUSDT XRPUSDT CHZUSDT LTCUSDT LINKUSDT BANDUSDT DYDXUSDT APTUSDT ETCUSDT ADAUSDT CRVUSDT APEUSDT 1000SHIBUSDT GMTUSDT,1000LUNCUSDT 1000SHIBUSDT 1000XECUSDT 1INCHUSDT AAVEUSDT ADAUSDT ALGOUSDT ALICEUSDT ALPHAUSDT ANKRUSDT ANTUSDT APEUSDT API3USDT APTUSDT ARPAUSDT ARUSDT ATAUSDT ATOMUSDT AUDIOUSDT AVAXUSDT AXSUSDT BAKEUSDT BALUSDT BANDUSDT BATUSDT BCHUSDT BELUSDT BLZUSDT BNBUSDT BNXUSDT BTCUSDT C98USDT CELOUSDT CELRUSDT CHRUSDT CHZUSDT COMPUSDT COTIUSDT CRVUSDT CTKUSDT CTSIUSDT CVXUSDT DARUSDT DASHUSDT DENTUSDT DGBUSDT DOGEUSDT DOTUSDT DUSKUSDT DYDXUSDT EGLDUSDT ENJUSDT ENSUSDT EOSUSDT ETCUSDT ETHUSDT FILUSDT FLMUSDT FLOWUSDT FTMUSDT GALAUSDT GALUSDT GMTUSDT GRTUSDT GTCUSDT HBARUSDT HNTUSDT HOTUSDT ICPUSDT ICXUSDT IMXUSDT INJUSDT IOSTUSDT IOTAUSDT IOTXUSDT JASMYUSDT KAVAUSDT KLAYUSDT KNCUSDT KSMUSDT LDOUSDT LINAUSDT LINKUSDT LITUSDT LPTUSDT LRCUSDT LTCUSDT LUNA2USDT MANAUSDT MASKUSDT MATICUSDT MKRUSDT MTLUSDT NEARUSDT NEOUSDT NKNUSDT OCEANUSDT OGNUSDT OMGUSDT ONEUSDT ONTUSDT OPUSDT PEOPLEUSDT QNTUSDT QTUMUSDT REEFUSDT RENUSDT RLCUSDT ROSEUSDT RSRUSDT RUNEUSDT RVNUSDT SANDUSDT SFPUSDT SKLUSDT SNXUSDT SOLUSDT SPELLUSDT STGUSDT STMXUSDT STORJUSDT SUSHIUSDT SXPUSDT THETAUSDT TOMOUSDT TRBUSDT TRXUSDT UNFIUSDT UNIUSDT VETUSDT WAVESUSDT WOOUSDT XEMUSDT XLMUSDT XMRUSDT XRPUSDT XTZUSDT YFIUSDT ZECUSDT ZENUSDT ZILUSDT ZRXUSDT
2022-12-24,142,142,20,BTCUSDT ETHUSDT DOGEUSDT SOLUSDT MATICUSDT BNBUSDT MASKUSDT XRPUSDT CHZUSDT LTCUSDT LINKUSDT BANDUSDT DYDXUSDT APTUSDT ETCUSDT ADAUSDT CRVUSDT APEUSDT 1000SHIBUSDT GMTUSDT,1000LUNCUSDT 1000SHIBUSDT 1000XECUSDT 1INCHUSDT AAVEUSDT ADAUSDT ALGOUSDT ALICEUSDT ALPHAUSDT ANKRUSDT ANTUSDT APEUSDT API3USDT APTUSDT ARPAUSDT ARUSDT ATAUSDT ATOMUSDT AUDIOUSDT AVAXUSDT AXSUSDT BAKEUSDT BALUSDT BANDUSDT BATUSDT BCHUSDT BELUSDT BLZUSDT BNBUSDT BNXUSDT BTCUSDT C98USDT CELOUSDT CELRUSDT CHRUSDT CHZUSDT COMPUSDT COTIUSDT CRVUSDT CTKUSDT CTSIUSDT CVXUSDT DARUSDT DASHUSDT DENTUSDT DGBUSDT DOGEUSDT DOTUSDT DUSKUSDT DYDXUSDT EGLDUSDT ENJUSDT ENSUSDT EOSUSDT ETCUSDT ETHUSDT FILUSDT FLMUSDT FLOWUSDT FTMUSDT GALAUSDT GALUSDT GMTUSDT GRTUSDT GTCUSDT HBARUSDT HNTUSDT HOTUSDT ICPUSDT ICXUSDT IMXUSDT INJUSDT IOSTUSDT IOTAUSDT IOTXUSDT JASMYUSDT KAVAUSDT KLAYUSDT KNCUSDT KSMUSDT LDOUSDT LINAUSDT LINKUSDT LITUSDT LPTUSDT LRCUSDT LTCUSDT LUNA2USDT MANAUSDT MASKUSDT MATICUSDT MKRUSDT MTLUSDT NEARUSDT NEOUSDT NKNUSDT OCEANUSDT OGNUSDT OMGUSDT ONEUSDT ONTUSDT OPUSDT PEOPLEUSDT QNTUSDT QTUMUSDT REEFUSDT RENUSDT RLCUSDT ROSEUSDT RSRUSDT RUNEUSDT RVNUSDT SANDUSDT SFPUSDT SKLUSDT SNXUSDT SOLUSDT SPELLUSDT STGUSDT STMXUSDT STORJUSDT SUSHIUSDT SXPUSDT THETAUSDT TOMOUSDT TRBUSDT TRXUSDT UNFIUSDT UNIUSDT VETUSDT WAVESUSDT WOOUSDT XEMUSDT XLMUSDT XMRUSDT XRPUSDT XTZUSDT YFIUSDT ZECUSDT ZENUSDT ZILUSDT ZRXUSDT
2022-12-31,142,142,20,BTCUSDT ETHUSDT DOGEUSDT SOLUSDT MATICUSDT BNBUSDT MASKUSDT XRPUSDT CHZUSDT LTCUSDT LINKUSDT BANDUSDT DYDXUSDT APTUSDT ETCUSDT ADAUSDT CRVUSDT APEUSDT 1000SHIBUSDT GMTUSDT,1000LUNCUSDT 1000SHIBUSDT 1000XECUSDT 1INCHUSDT AAVEUSDT ADAUSDT ALGOUSDT ALICEUSDT ALPHAUSDT ANKRUSDT ANTUSDT APEUSDT API3USDT APTUSDT ARPAUSDT ARUSDT ATAUSDT ATOMUSDT AUDIOUSDT AVAXUSDT AXSUSDT BAKEUSDT BALUSDT BANDUSDT BATUSDT BCHUSDT BELUSDT BLZUSDT BNBUSDT BNXUSDT BTCUSDT C98USDT CELOUSDT CELRUSDT CHRUSDT CHZUSDT COMPUSDT COTIUSDT CRVUSDT CTKUSDT CTSIUSDT CVXUSDT DARUSDT DASHUSDT DENTUSDT DGBUSDT DOGEUSDT DOTUSDT DUSKUSDT DYDXUSDT EGLDUSDT ENJUSDT ENSUSDT EOSUSDT ETCUSDT ETHUSDT FILUSDT FLMUSDT FLOWUSDT FTMUSDT GALAUSDT GALUSDT GMTUSDT GRTUSDT GTCUSDT HBARUSDT HNTUSDT HOTUSDT ICPUSDT ICXUSDT IMXUSDT INJUSDT IOSTUSDT IOTAUSDT IOTXUSDT JASMYUSDT KAVAUSDT KLAYUSDT KNCUSDT KSMUSDT LDOUSDT LINAUSDT LINKUSDT LITUSDT LPTUSDT LRCUSDT LTCUSDT LUNA2USDT MANAUSDT MASKUSDT MATICUSDT MKRUSDT MTLUSDT NEARUSDT NEOUSDT NKNUSDT OCEANUSDT OGNUSDT OMGUSDT ONEUSDT ONTUSDT OPUSDT PEOPLEUSDT QNTUSDT QTUMUSDT REEFUSDT RENUSDT RLCUSDT ROSEUSDT RSRUSDT RUNEUSDT RVNUSDT SANDUSDT SFPUSDT SKLUSDT SNXUSDT SOLUSDT SPELLUSDT STGUSDT STMXUSDT STORJUSDT SUSHIUSDT SXPUSDT THETAUSDT TOMOUSDT TRBUSDT TRXUSDT UNFIUSDT UNIUSDT VETUSDT WAVESUSDT WOOUSDT XEMUSDT XLMUSDT XMRUSDT XRPUSDT XTZUSDT YFIUSDT ZECUSDT ZENUSDT ZILUSDT ZRXUSDT
2023-01-07,142,142,20,BTCUSDT ETHUSDT DOGEUSDT BNBUSDT XRPUSDT LTCUSDT SOLUSDT AXSUSDT MASKUSDT MATICUSDT APEUSDT LINKUSDT CHZUSDT BNXUSDT FTMUSDT DYDXUSDT ETCUSDT ADAUSDT WAVESUSDT OCEANUSDT,1000LUNCUSDT 1000SHIBUSDT 1000XECUSDT 1INCHUSDT AAVEUSDT ADAUSDT ALGOUSDT ALICEUSDT ALPHAUSDT ANKRUSDT ANTUSDT APEUSDT API3USDT APTUSDT ARPAUSDT ARUSDT ATAUSDT ATOMUSDT AUDIOUSDT AVAXUSDT AXSUSDT BAKEUSDT BALUSDT BANDUSDT BATUSDT BCHUSDT BELUSDT BLZUSDT BNBUSDT BNXUSDT BTCUSDT C98USDT CELOUSDT CELRUSDT CHRUSDT CHZUSDT COMPUSDT COTIUSDT CRVUSDT CTKUSDT CTSIUSDT CVXUSDT DARUSDT DASHUSDT DENTUSDT DGBUSDT DOGEUSDT DOTUSDT DUSKUSDT DYDXUSDT EGLDUSDT ENJUSDT ENSUSDT EOSUSDT ETCUSDT ETHUSDT FILUSDT FLMUSDT FLOWUSDT FTMUSDT GALAUSDT GALUSDT GMTUSDT GRTUSDT GTCUSDT HBARUSDT HNTUSDT HOTUSDT ICPUSDT ICXUSDT IMXUSDT INJUSDT IOSTUSDT IOTAUSDT IOTXUSDT JASMYUSDT KAVAUSDT KLAYUSDT KNCUSDT KSMUSDT LDOUSDT LINAUSDT LINKUSDT LITUSDT LPTUSDT LRCUSDT LTCUSDT LUNA2USDT MANAUSDT MASKUSDT MATICUSDT MKRUSDT MTLUSDT NEARUSDT NEOUSDT NKNUSDT OCEANUSDT OGNUSDT OMGUSDT ONEUSDT ONTUSDT OPUSDT PEOPLEUSDT QNTUSDT QTUMUSDT REEFUSDT RENUSDT RLCUSDT ROSEUSDT RSRUSDT RUNEUSDT RVNUSDT SANDUSDT SFPUSDT SKLUSDT SNXUSDT SOLUSDT SPELLUSDT STGUSDT STMXUSDT STORJUSDT SUSHIUSDT SXPUSDT THETAUSDT TOMOUSDT TRBUSDT TRXUSDT UNFIUSDT UNIUSDT VETUSDT WAVESUSDT WOOUSDT XEMUSDT XLMUSDT XMRUSDT XRPUSDT XTZUSDT YFIUSDT ZECUSDT ZENUSDT ZILUSDT ZRXUSDT
2023-01-14,142,142,20,BTCUSDT ETHUSDT DOGEUSDT BNBUSDT XRPUSDT LTCUSDT SOLUSDT AXSUSDT MASKUSDT MATICUSDT APEUSDT LINKUSDT CHZUSDT BNXUSDT FTMUSDT DYDXUSDT ETCUSDT ADAUSDT WAVESUSDT OCEANUSDT,1000LUNCUSDT 1000SHIBUSDT 1000XECUSDT 1INCHUSDT AAVEUSDT ADAUSDT ALGOUSDT ALICEUSDT ALPHAUSDT ANKRUSDT ANTUSDT APEUSDT API3USDT APTUSDT ARPAUSDT ARUSDT ATAUSDT ATOMUSDT AUDIOUSDT AVAXUSDT AXSUSDT BAKEUSDT BALUSDT BANDUSDT BATUSDT BCHUSDT BELUSDT BLZUSDT BNBUSDT BNXUSDT BTCUSDT C98USDT CELOUSDT CELRUSDT CHRUSDT CHZUSDT COMPUSDT COTIUSDT CRVUSDT CTKUSDT CTSIUSDT CVXUSDT DARUSDT DASHUSDT DENTUSDT DGBUSDT DOGEUSDT DOTUSDT DUSKUSDT DYDXUSDT EGLDUSDT ENJUSDT ENSUSDT EOSUSDT ETCUSDT ETHUSDT FILUSDT FLMUSDT FLOWUSDT FTMUSDT GALAUSDT GALUSDT GMTUSDT GRTUSDT GTCUSDT HBARUSDT HNTUSDT HOTUSDT ICPUSDT ICXUSDT IMXUSDT INJUSDT IOSTUSDT IOTAUSDT IOTXUSDT JASMYUSDT KAVAUSDT KLAYUSDT KNCUSDT KSMUSDT LDOUSDT LINAUSDT LINKUSDT LITUSDT LPTUSDT LRCUSDT LTCUSDT LUNA2USDT MANAUSDT MASKUSDT MATICUSDT MKRUSDT MTLUSDT NEARUSDT NEOUSDT NKNUSDT OCEANUSDT OGNUSDT OMGUSDT ONEUSDT ONTUSDT OPUSDT PEOPLEUSDT QNTUSDT QTUMUSDT REEFUSDT RENUSDT RLCUSDT ROSEUSDT RSRUSDT RUNEUSDT RVNUSDT SANDUSDT SFPUSDT SKLUSDT SNXUSDT SOLUSDT SPELLUSDT STGUSDT STMXUSDT STORJUSDT SUSHIUSDT SXPUSDT THETAUSDT TOMOUSDT TRBUSDT TRXUSDT UNFIUSDT UNIUSDT VETUSDT WAVESUSDT WOOUSDT XEMUSDT XLMUSDT XMRUSDT XRPUSDT XTZUSDT YFIUSDT ZECUSDT ZENUSDT ZILUSDT ZRXUSDT
2023-01-21,142,142,20,BTCUSDT ETHUSDT DOGEUSDT BNBUSDT XRPUSDT LTCUSDT SOLUSDT AXSUSDT MASKUSDT MATICUSDT APEUSDT LINKUSDT CHZUSDT BNXUSDT FTMUSDT DYDXUSDT ETCUSDT ADAUSDT WAVESUSDT OCEANUSDT,1000LUNCUSDT 1000SHIBUSDT 1000XECUSDT 1INCHUSDT AAVEUSDT ADAUSDT ALGOUSDT ALICEUSDT ALPHAUSDT ANKRUSDT ANTUSDT APEUSDT API3USDT APTUSDT ARPAUSDT ARUSDT ATAUSDT ATOMUSDT AUDIOUSDT AVAXUSDT AXSUSDT BAKEUSDT BALUSDT BANDUSDT BATUSDT BCHUSDT BELUSDT BLZUSDT BNBUSDT BNXUSDT BTCUSDT C98USDT CELOUSDT CELRUSDT CHRUSDT CHZUSDT COMPUSDT COTIUSDT CRVUSDT CTKUSDT CTSIUSDT CVXUSDT DARUSDT DASHUSDT DENTUSDT DGBUSDT DOGEUSDT DOTUSDT DUSKUSDT DYDXUSDT EGLDUSDT ENJUSDT ENSUSDT EOSUSDT ETCUSDT ETHUSDT FILUSDT FLMUSDT FLOWUSDT FTMUSDT GALAUSDT GALUSDT GMTUSDT GRTUSDT GTCUSDT HBARUSDT HNTUSDT HOTUSDT ICPUSDT ICXUSDT IMXUSDT INJUSDT IOSTUSDT IOTAUSDT IOTXUSDT JASMYUSDT KAVAUSDT KLAYUSDT KNCUSDT KSMUSDT LDOUSDT LINAUSDT LINKUSDT LITUSDT LPTUSDT LRCUSDT LTCUSDT LUNA2USDT MANAUSDT MASKUSDT MATICUSDT MKRUSDT MTLUSDT NEARUSDT NEOUSDT NKNUSDT OCEANUSDT OGNUSDT OMGUSDT ONEUSDT ONTUSDT OPUSDT PEOPLEUSDT QNTUSDT QTUMUSDT REEFUSDT RENUSDT RLCUSDT ROSEUSDT RSRUSDT RUNEUSDT RVNUSDT SANDUSDT SFPUSDT SKLUSDT SNXUSDT SOLUSDT SPELLUSDT STGUSDT STMXUSDT STORJUSDT SUSHIUSDT SXPUSDT THETAUSDT TOMOUSDT TRBUSDT TRXUSDT UNFIUSDT UNIUSDT VETUSDT WAVESUSDT WOOUSDT XEMUSDT XLMUSDT XMRUSDT XRPUSDT XTZUSDT YFIUSDT ZECUSDT ZENUSDT ZILUSDT ZRXUSDT
2023-01-28,142,142,20,BTCUSDT ETHUSDT DOGEUSDT BNBUSDT XRPUSDT LTCUSDT SOLUSDT AXSUSDT MASKUSDT MATICUSDT APEUSDT LINKUSDT CHZUSDT BNXUSDT FTMUSDT DYDXUSDT ETCUSDT ADAUSDT WAVESUSDT OCEANUSDT,1000LUNCUSDT 1000SHIBUSDT 1000XECUSDT 1INCHUSDT AAVEUSDT ADAUSDT ALGOUSDT ALICEUSDT ALPHAUSDT ANKRUSDT ANTUSDT APEUSDT API3USDT APTUSDT ARPAUSDT ARUSDT ATAUSDT ATOMUSDT AUDIOUSDT AVAXUSDT AXSUSDT BAKEUSDT BALUSDT BANDUSDT BATUSDT BCHUSDT BELUSDT BLZUSDT BNBUSDT BNXUSDT BTCUSDT C98USDT CELOUSDT CELRUSDT CHRUSDT CHZUSDT COMPUSDT COTIUSDT CRVUSDT CTKUSDT CTSIUSDT CVXUSDT DARUSDT DASHUSDT DENTUSDT DGBUSDT DOGEUSDT DOTUSDT DUSKUSDT DYDXUSDT EGLDUSDT ENJUSDT ENSUSDT EOSUSDT ETCUSDT ETHUSDT FILUSDT FLMUSDT FLOWUSDT FTMUSDT GALAUSDT GALUSDT GMTUSDT GRTUSDT GTCUSDT HBARUSDT HNTUSDT HOTUSDT ICPUSDT ICXUSDT IMXUSDT INJUSDT IOSTUSDT IOTAUSDT IOTXUSDT JASMYUSDT KAVAUSDT KLAYUSDT KNCUSDT KSMUSDT LDOUSDT LINAUSDT LINKUSDT LITUSDT LPTUSDT LRCUSDT LTCUSDT LUNA2USDT MANAUSDT MASKUSDT MATICUSDT MKRUSDT MTLUSDT NEARUSDT NEOUSDT NKNUSDT OCEANUSDT OGNUSDT OMGUSDT ONEUSDT ONTUSDT OPUSDT PEOPLEUSDT QNTUSDT QTUMUSDT REEFUSDT RENUSDT RLCUSDT ROSEUSDT RSRUSDT RUNEUSDT RVNUSDT SANDUSDT SFPUSDT SKLUSDT SNXUSDT SOLUSDT SPELLUSDT STGUSDT STMXUSDT STORJUSDT SUSHIUSDT SXPUSDT THETAUSDT TOMOUSDT TRBUSDT TRXUSDT UNFIUSDT UNIUSDT VETUSDT WAVESUSDT WOOUSDT XEMUSDT XLMUSDT XMRUSDT XRPUSDT XTZUSDT YFIUSDT ZECUSDT ZENUSDT ZILUSDT ZRXUSDT
2023-02-04,142,142,20,BTCUSDT ETHUSDT APTUSDT SOLUSDT DOGEUSDT XRPUSDT GALAUSDT ETCUSDT BNBUSDT GMTUSDT LTCUSDT MATICUSDT MANAUSDT AVAXUSDT ADAUSDT 1000SHIBUSDT AXSUSDT FTMUSDT DYDXUSDT NEARUSDT,1000LUNCUSDT 1000SHIBUSDT 1000XECUSDT 1INCHUSDT AAVEUSDT ADAUSDT ALGOUSDT ALICEUSDT ALPHAUSDT ANKRUSDT ANTUSDT APEUSDT API3USDT APTUSDT ARPAUSDT ARUSDT ATAUSDT ATOMUSDT AUDIOUSDT AVAXUSDT AXSUSDT BAKEUSDT BALUSDT BANDUSDT BATUSDT BCHUSDT BELUSDT BLZUSDT BNBUSDT BNXUSDT BTCUSDT C98USDT CELOUSDT CELRUSDT CHRUSDT CHZUSDT COMPUSDT COTIUSDT CRVUSDT CTKUSDT CTSIUSDT CVXUSDT DARUSDT DASHUSDT DENTUSDT DGBUSDT DOGEUSDT DOTUSDT DUSKUSDT DYDXUSDT EGLDUSDT ENJUSDT ENSUSDT EOSUSDT ETCUSDT ETHUSDT FILUSDT FLMUSDT FLOWUSDT FTMUSDT GALAUSDT GALUSDT GMTUSDT GRTUSDT GTCUSDT HBARUSDT HNTUSDT HOTUSDT ICPUSDT ICXUSDT IMXUSDT INJUSDT IOSTUSDT IOTAUSDT IOTXUSDT JASMYUSDT KAVAUSDT KLAYUSDT KNCUSDT KSMUSDT LDOUSDT LINAUSDT LINKUSDT LITUSDT LPTUSDT LRCUSDT LTCUSDT LUNA2USDT MANAUSDT MASKUSDT MATICUSDT MKRUSDT MTLUSDT NEARUSDT NEOUSDT NKNUSDT OCEANUSDT OGNUSDT OMGUSDT ONEUSDT ONTUSDT OPUSDT PEOPLEUSDT QNTUSDT QTUMUSDT REEFUSDT RENUSDT RLCUSDT ROSEUSDT RSRUSDT RUNEUSDT RVNUSDT SANDUSDT SFPUSDT SKLUSDT SNXUSDT SOLUSDT SPELLUSDT STGUSDT STMXUSDT STORJUSDT SUSHIUSDT SXPUSDT THETAUSDT TOMOUSDT TRBUSDT TRXUSDT UNFIUSDT UNIUSDT VETUSDT WAVESUSDT WOOUSDT XEMUSDT XLMUSDT XMRUSDT XRPUSDT XTZUSDT YFIUSDT ZECUSDT ZENUSDT ZILUSDT ZRXUSDT
2023-02-11,142,142,20,BTCUSDT ETHUSDT APTUSDT SOLUSDT DOGEUSDT XRPUSDT GALAUSDT ETCUSDT BNBUSDT GMTUSDT LTCUSDT MATICUSDT MANAUSDT AVAXUSDT ADAUSDT 1000SHIBUSDT AXSUSDT FTMUSDT DYDXUSDT NEARUSDT,1000LUNCUSDT 1000SHIBUSDT 1000XECUSDT 1INCHUSDT AAVEUSDT ADAUSDT ALGOUSDT ALICEUSDT ALPHAUSDT ANKRUSDT ANTUSDT APEUSDT API3USDT APTUSDT ARPAUSDT ARUSDT ATAUSDT ATOMUSDT AUDIOUSDT AVAXUSDT AXSUSDT BAKEUSDT BALUSDT BANDUSDT BATUSDT BCHUSDT BELUSDT BLZUSDT BNBUSDT BNXUSDT BTCUSDT C98USDT CELOUSDT CELRUSDT CHRUSDT CHZUSDT COMPUSDT COTIUSDT CRVUSDT CTKUSDT CTSIUSDT CVXUSDT DARUSDT DASHUSDT DENTUSDT DGBUSDT DOGEUSDT DOTUSDT DUSKUSDT DYDXUSDT EGLDUSDT ENJUSDT ENSUSDT EOSUSDT ETCUSDT ETHUSDT FILUSDT FLMUSDT FLOWUSDT FTMUSDT GALAUSDT GALUSDT GMTUSDT GRTUSDT GTCUSDT HBARUSDT HNTUSDT HOTUSDT ICPUSDT ICXUSDT IMXUSDT INJUSDT IOSTUSDT IOTAUSDT IOTXUSDT JASMYUSDT KAVAUSDT KLAYUSDT KNCUSDT KSMUSDT LDOUSDT LINAUSDT LINKUSDT LITUSDT LPTUSDT LRCUSDT LTCUSDT LUNA2USDT MANAUSDT MASKUSDT MATICUSDT MKRUSDT MTLUSDT NEARUSDT NEOUSDT NKNUSDT OCEANUSDT OGNUSDT OMGUSDT ONEUSDT ONTUSDT OPUSDT PEOPLEUSDT QNTUSDT QTUMUSDT REEFUSDT RENUSDT RLCUSDT ROSEUSDT RSRUSDT RUNEUSDT RVNUSDT SANDUSDT SFPUSDT SKLUSDT SNXUSDT SOLUSDT SPELLUSDT STGUSDT STMXUSDT STORJUSDT SUSHIUSDT SXPUSDT THETAUSDT TOMOUSDT TRBUSDT TRXUSDT UNFIUSDT UNIUSDT VETUSDT WAVESUSDT WOOUSDT XEMUSDT XLMUSDT XMRUSDT XRPUSDT XTZUSDT YFIUSDT ZECUSDT ZENUSDT ZILUSDT ZRXUSDT
2023-02-18,142,142,20,BTCUSDT ETHUSDT APTUSDT SOLUSDT DOGEUSDT XRPUSDT GALAUSDT ETCUSDT BNBUSDT GMTUSDT LTCUSDT MATICUSDT MANAUSDT AVAXUSDT ADAUSDT 1000SHIBUSDT AXSUSDT FTMUSDT DYDXUSDT NEARUSDT,1000LUNCUSDT 1000SHIBUSDT 1000XECUSDT 1INCHUSDT AAVEUSDT ADAUSDT ALGOUSDT ALICEUSDT ALPHAUSDT ANKRUSDT ANTUSDT APEUSDT API3USDT APTUSDT ARPAUSDT ARUSDT ATAUSDT ATOMUSDT AUDIOUSDT AVAXUSDT AXSUSDT BAKEUSDT BALUSDT BANDUSDT BATUSDT BCHUSDT BELUSDT BLZUSDT BNBUSDT BNXUSDT BTCUSDT C98USDT CELOUSDT CELRUSDT CHRUSDT CHZUSDT COMPUSDT COTIUSDT CRVUSDT CTKUSDT CTSIUSDT CVXUSDT DARUSDT DASHUSDT DENTUSDT DGBUSDT DOGEUSDT DOTUSDT DUSKUSDT DYDXUSDT EGLDUSDT ENJUSDT ENSUSDT EOSUSDT ETCUSDT ETHUSDT FILUSDT FLMUSDT FLOWUSDT FTMUSDT GALAUSDT GALUSDT GMTUSDT GRTUSDT GTCUSDT HBARUSDT HNTUSDT HOTUSDT ICPUSDT ICXUSDT IMXUSDT INJUSDT IOSTUSDT IOTAUSDT IOTXUSDT JASMYUSDT KAVAUSDT KLAYUSDT KNCUSDT KSMUSDT LDOUSDT LINAUSDT LINKUSDT LITUSDT LPTUSDT LRCUSDT LTCUSDT LUNA2USDT MANAUSDT MASKUSDT MATICUSDT MKRUSDT MTLUSDT NEARUSDT NEOUSDT NKNUSDT OCEANUSDT OGNUSDT OMGUSDT ONEUSDT ONTUSDT OPUSDT PEOPLEUSDT QNTUSDT QTUMUSDT REEFUSDT RENUSDT RLCUSDT ROSEUSDT RSRUSDT RUNEUSDT RVNUSDT SANDUSDT SFPUSDT SKLUSDT SNXUSDT SOLUSDT SPELLUSDT STGUSDT STMXUSDT STORJUSDT SUSHIUSDT SXPUSDT THETAUSDT TOMOUSDT TRBUSDT TRXUSDT UNFIUSDT UNIUSDT VETUSDT WAVESUSDT WOOUSDT XEMUSDT XLMUSDT XMRUSDT XRPUSDT XTZUSDT YFIUSDT ZECUSDT ZENUSDT ZILUSDT ZRXUSDT
2023-02-25,142,142,20,BTCUSDT ETHUSDT APTUSDT SOLUSDT DOGEUSDT XRPUSDT GALAUSDT ETCUSDT BNBUSDT GMTUSDT LTCUSDT MATICUSDT MANAUSDT AVAXUSDT ADAUSDT 1000SHIBUSDT AXSUSDT FTMUSDT DYDXUSDT NEARUSDT,1000LUNCUSDT 1000SHIBUSDT 1000XECUSDT 1INCHUSDT AAVEUSDT ADAUSDT ALGOUSDT ALICEUSDT ALPHAUSDT ANKRUSDT ANTUSDT APEUSDT API3USDT APTUSDT ARPAUSDT ARUSDT ATAUSDT ATOMUSDT AUDIOUSDT AVAXUSDT AXSUSDT BAKEUSDT BALUSDT BANDUSDT BATUSDT BCHUSDT BELUSDT BLZUSDT BNBUSDT BNXUSDT BTCUSDT C98USDT CELOUSDT CELRUSDT CHRUSDT CHZUSDT COMPUSDT COTIUSDT CRVUSDT CTKUSDT CTSIUSDT CVXUSDT DARUSDT DASHUSDT DENTUSDT DGBUSDT DOGEUSDT DOTUSDT DUSKUSDT DYDXUSDT EGLDUSDT ENJUSDT ENSUSDT EOSUSDT ETCUSDT ETHUSDT FILUSDT FLMUSDT FLOWUSDT FTMUSDT GALAUSDT GALUSDT GMTUSDT GRTUSDT GTCUSDT HBARUSDT HNTUSDT HOTUSDT ICPUSDT ICXUSDT IMXUSDT INJUSDT IOSTUSDT IOTAUSDT IOTXUSDT JASMYUSDT KAVAUSDT KLAYUSDT KNCUSDT KSMUSDT LDOUSDT LINAUSDT LINKUSDT LITUSDT LPTUSDT LRCUSDT LTCUSDT LUNA2USDT MANAUSDT MASKUSDT MATICUSDT MKRUSDT MTLUSDT NEARUSDT NEOUSDT NKNUSDT OCEANUSDT OGNUSDT OMGUSDT ONEUSDT ONTUSDT OPUSDT PEOPLEUSDT QNTUSDT QTUMUSDT REEFUSDT RENUSDT RLCUSDT ROSEUSDT RSRUSDT RUNEUSDT RVNUSDT SANDUSDT SFPUSDT SKLUSDT SNXUSDT SOLUSDT SPELLUSDT STGUSDT STMXUSDT STORJUSDT SUSHIUSDT SXPUSDT THETAUSDT TOMOUSDT TRBUSDT TRXUSDT UNFIUSDT UNIUSDT VETUSDT WAVESUSDT WOOUSDT XEMUSDT XLMUSDT XMRUSDT XRPUSDT XTZUSDT YFIUSDT ZECUSDT ZENUSDT ZILUSDT ZRXUSDT
2023-03-04,146,146,20,BTCUSDT ETHUSDT APTUSDT SOLUSDT MATICUSDT OPUSDT DOGEUSDT FILUSDT BNBUSDT FTMUSDT DYDXUSDT XRPUSDT 1000SHIBUSDT LTCUSDT LINKUSDT GRTUSDT SANDUSDT ETCUSDT ADAUSDT LDOUSDT,1000LUNCUSDT 1000SHIBUSDT 1000XECUSDT 1INCHUSDT AAVEUSDT ADAUSDT ALGOUSDT ALICEUSDT ALPHAUSDT ANKRUSDT ANTUSDT APEUSDT API3USDT APTUSDT ARPAUSDT ARUSDT ATAUSDT ATOMUSDT AUDIOUSDT AVAXUSDT AXSUSDT BAKEUSDT BALUSDT BANDUSDT BATUSDT BCHUSDT BELUSDT BLZUSDT BNBUSDT BTCUSDT C98USDT CELOUSDT CELRUSDT CHRUSDT CHZUSDT COMPUSDT COTIUSDT CRVUSDT CTKUSDT CTSIUSDT CVXUSDT DARUSDT DASHUSDT DENTUSDT DGBUSDT DOGEUSDT DOTUSDT DUSKUSDT DYDXUSDT EGLDUSDT ENJUSDT ENSUSDT EOSUSDT ETCUSDT ETHUSDT FETUSDT FILUSDT FLMUSDT FLOWUSDT FTMUSDT FXSUSDT GALAUSDT GALUSDT GMTUSDT GRTUSDT GTCUSDT HBARUSDT HNTUSDT HOOKUSDT HOTUSDT ICPUSDT ICXUSDT IMXUSDT INJUSDT IOSTUSDT IOTAUSDT IOTXUSDT JASMYUSDT KAVAUSDT KLAYUSDT KNCUSDT KSMUSDT LDOUSDT LINAUSDT LINKUSDT LITUSDT LPTUSDT LRCUSDT LTCUSDT LUNA2USDT MAGICUSDT MANAUSDT MASKUSDT MATICUSDT MKRUSDT MTLUSDT NEARUSDT NEOUSDT NKNUSDT OCEANUSDT OGNUSDT OMGUSDT ONEUSDT ONTUSDT OPUSDT PEOPLEUSDT QNTUSDT QTUMUSDT REEFUSDT RENUSDT RLCUSDT ROSEUSDT RSRUSDT RUNEUSDT RVNUSDT SANDUSDT SFPUSDT SKLUSDT SNXUSDT SOLUSDT SPELLUSDT STGUSDT STMXUSDT STORJUSDT SUSHIUSDT SXPUSDT THETAUSDT TOMOUSDT TRBUSDT TRXUSDT TUSDT UNFIUSDT UNIUSDT VETUSDT WAVESUSDT WOOUSDT XEMUSDT XLMUSDT XMRUSDT XRPUSDT XTZUSDT YFIUSDT ZECUSDT ZENUSDT ZILUSDT ZRXUSDT
2023-03-11,146,146,20,BTCUSDT ETHUSDT APTUSDT SOLUSDT MATICUSDT OPUSDT DOGEUSDT FILUSDT BNBUSDT FTMUSDT DYDXUSDT XRPUSDT 1000SHIBUSDT LTCUSDT LINKUSDT GRTUSDT SANDUSDT ETCUSDT ADAUSDT LDOUSDT,1000LUNCUSDT 1000SHIBUSDT 1000XECUSDT 1INCHUSDT AAVEUSDT ADAUSDT ALGOUSDT ALICEUSDT ALPHAUSDT ANKRUSDT ANTUSDT APEUSDT API3USDT APTUSDT ARPAUSDT ARUSDT ATAUSDT ATOMUSDT AUDIOUSDT AVAXUSDT AXSUSDT BAKEUSDT BALUSDT BANDUSDT BATUSDT BCHUSDT BELUSDT BLZUSDT BNBUSDT BTCUSDT C98USDT CELOUSDT CELRUSDT CHRUSDT CHZUSDT COMPUSDT COTIUSDT CRVUSDT CTKUSDT CTSIUSDT CVXUSDT DARUSDT DASHUSDT DENTUSDT DGBUSDT DOGEUSDT DOTUSDT DUSKUSDT DYDXUSDT EGLDUSDT ENJUSDT ENSUSDT EOSUSDT ETCUSDT ETHUSDT FETUSDT FILUSDT FLMUSDT FLOWUSDT FTMUSDT FXSUSDT GALAUSDT GALUSDT GMTUSDT GRTUSDT GTCUSDT HBARUSDT HNTUSDT HOOKUSDT HOTUSDT ICPUSDT ICXUSDT IMXUSDT INJUSDT IOSTUSDT IOTAUSDT IOTXUSDT JASMYUSDT KAVAUSDT KLAYUSDT KNCUSDT KSMUSDT LDOUSDT LINAUSDT LINKUSDT LITUSDT LPTUSDT LRCUSDT LTCUSDT LUNA2USDT MAGICUSDT MANAUSDT MASKUSDT MATICUSDT MKRUSDT MTLUSDT NEARUSDT NEOUSDT NKNUSDT OCEANUSDT OGNUSDT OMGUSDT ONEUSDT ONTUSDT OPUSDT PEOPLEUSDT QNTUSDT QTUMUSDT REEFUSDT RENUSDT RLCUSDT ROSEUSDT RSRUSDT RUNEUSDT RVNUSDT SANDUSDT SFPUSDT SKLUSDT SNXUSDT SOLUSDT SPELLUSDT STGUSDT STMXUSDT STORJUSDT SUSHIUSDT SXPUSDT THETAUSDT TOMOUSDT TRBUSDT TRXUSDT TUSDT UNFIUSDT UNIUSDT VETUSDT WAVESUSDT WOOUSDT XEMUSDT XLMUSDT XMRUSDT XRPUSDT XTZUSDT YFIUSDT ZECUSDT ZENUSDT ZILUSDT ZRXUSDT
2023-03-18,146,146,20,BTCUSDT ETHUSDT APTUSDT SOLUSDT MATICUSDT OPUSDT DOGEUSDT FILUSDT BNBUSDT FTMUSDT DYDXUSDT XRPUSDT 1000SHIBUSDT LTCUSDT LINKUSDT GRTUSDT SANDUSDT ETCUSDT ADAUSDT LDOUSDT,1000LUNCUSDT 1000SHIBUSDT 1000XECUSDT 1INCHUSDT AAVEUSDT ADAUSDT ALGOUSDT ALICEUSDT ALPHAUSDT ANKRUSDT ANTUSDT APEUSDT API3USDT APTUSDT ARPAUSDT ARUSDT ATAUSDT ATOMUSDT AUDIOUSDT AVAXUSDT AXSUSDT BAKEUSDT BALUSDT BANDUSDT BATUSDT BCHUSDT BELUSDT BLZUSDT BNBUSDT BTCUSDT C98USDT CELOUSDT CELRUSDT CHRUSDT CHZUSDT COMPUSDT COTIUSDT CRVUSDT CTKUSDT CTSIUSDT CVXUSDT DARUSDT DASHUSDT DENTUSDT DGBUSDT DOGEUSDT DOTUSDT DUSKUSDT DYDXUSDT EGLDUSDT ENJUSDT ENSUSDT EOSUSDT ETCUSDT ETHUSDT FETUSDT FILUSDT FLMUSDT FLOWUSDT FTMUSDT FXSUSDT GALAUSDT GALUSDT GMTUSDT GRTUSDT GTCUSDT HBARUSDT HNTUSDT HOOKUSDT HOTUSDT ICPUSDT ICXUSDT IMXUSDT INJUSDT IOSTUSDT IOTAUSDT IOTXUSDT JASMYUSDT KAVAUSDT KLAYUSDT KNCUSDT KSMUSDT LDOUSDT LINAUSDT LINKUSDT LITUSDT LPTUSDT LRCUSDT LTCUSDT LUNA2USDT MAGICUSDT MANAUSDT MASKUSDT MATICUSDT MKRUSDT MTLUSDT NEARUSDT NEOUSDT NKNUSDT OCEANUSDT OGNUSDT OMGUSDT ONEUSDT ONTUSDT OPUSDT PEOPLEUSDT QNTUSDT QTUMUSDT REEFUSDT RENUSDT RLCUSDT ROSEUSDT RSRUSDT RUNEUSDT RVNUSDT SANDUSDT SFPUSDT SKLUSDT SNXUSDT SOLUSDT SPELLUSDT STGUSDT STMXUSDT STORJUSDT SUSHIUSDT SXPUSDT THETAUSDT TOMOUSDT TRBUSDT TRXUSDT TUSDT UNFIUSDT UNIUSDT VETUSDT WAVESUSDT WOOUSDT XEMUSDT XLMUSDT XMRUSDT XRPUSDT XTZUSDT YFIUSDT ZECUSDT ZENUSDT ZILUSDT ZRXUSDT
2023-03-25,146,146,20,BTCUSDT ETHUSDT APTUSDT SOLUSDT MATICUSDT OPUSDT DOGEUSDT FILUSDT BNBUSDT FTMUSDT DYDXUSDT XRPUSDT 1000SHIBUSDT LTCUSDT LINKUSDT GRTUSDT SANDUSDT ETCUSDT ADAUSDT LDOUSDT,1000LUNCUSDT 1000SHIBUSDT 1000XECUSDT 1INCHUSDT AAVEUSDT ADAUSDT ALGOUSDT ALICEUSDT ALPHAUSDT ANKRUSDT ANTUSDT APEUSDT API3USDT APTUSDT ARPAUSDT ARUSDT ATAUSDT ATOMUSDT AUDIOUSDT AVAXUSDT AXSUSDT BAKEUSDT BALUSDT BANDUSDT BATUSDT BCHUSDT BELUSDT BLZUSDT BNBUSDT BTCUSDT C98USDT CELOUSDT CELRUSDT CHRUSDT CHZUSDT COMPUSDT COTIUSDT CRVUSDT CTKUSDT CTSIUSDT CVXUSDT DARUSDT DASHUSDT DENTUSDT DGBUSDT DOGEUSDT DOTUSDT DUSKUSDT DYDXUSDT EGLDUSDT ENJUSDT ENSUSDT EOSUSDT ETCUSDT ETHUSDT FETUSDT FILUSDT FLMUSDT FLOWUSDT FTMUSDT FXSUSDT GALAUSDT GALUSDT GMTUSDT GRTUSDT GTCUSDT HBARUSDT HNTUSDT HOOKUSDT HOTUSDT ICPUSDT ICXUSDT IMXUSDT INJUSDT IOSTUSDT IOTAUSDT IOTXUSDT JASMYUSDT KAVAUSDT KLAYUSDT KNCUSDT KSMUSDT LDOUSDT LINAUSDT LINKUSDT LITUSDT LPTUSDT LRCUSDT LTCUSDT LUNA2USDT MAGICUSDT MANAUSDT MASKUSDT MATICUSDT MKRUSDT MTLUSDT NEARUSDT NEOUSDT NKNUSDT OCEANUSDT OGNUSDT OMGUSDT ONEUSDT ONTUSDT OPUSDT PEOPLEUSDT QNTUSDT QTUMUSDT REEFUSDT RENUSDT RLCUSDT ROSEUSDT RSRUSDT RUNEUSDT RVNUSDT SANDUSDT SFPUSDT SKLUSDT SNXUSDT SOLUSDT SPELLUSDT STGUSDT STMXUSDT STORJUSDT SUSHIUSDT SXPUSDT THETAUSDT TOMOUSDT TRBUSDT TRXUSDT TUSDT UNFIUSDT UNIUSDT VETUSDT WAVESUSDT WOOUSDT XEMUSDT XLMUSDT XMRUSDT XRPUSDT XTZUSDT YFIUSDT ZECUSDT ZENUSDT ZILUSDT ZRXUSDT
2023-04-01,159,159,20,BTCUSDT ETHUSDT XRPUSDT CFXUSDT MASKUSDT APTUSDT OPUSDT MATICUSDT SOLUSDT BNBUSDT LTCUSDT FILUSDT DOGEUSDT FTMUSDT STXUSDT DYDXUSDT ADAUSDT AGIXUSDT EOSUSDT LDOUSDT,1000LUNCUSDT 1000SHIBUSDT 1000XECUSDT 1INCHUSDT AAVEUSDT ACHUSDT ADAUSDT AGIXUSDT ALGOUSDT ALICEUSDT ALPHAUSDT ANKRUSDT ANTUSDT APEUSDT API3USDT APTUSDT ARPAUSDT ARUSDT ASTRUSDT ATAUSDT ATOMUSDT AUDIOUSDT AVAXUSDT AXSUSDT BAKEUSDT BALUSDT BANDUSDT BATUSDT BCHUSDT BELUSDT BLZUSDT BNBUSDT BNXUSDT BTCUSDT C98USDT CELOUSDT CELRUSDT CFXUSDT CHRUSDT CHZUSDT CKBUSDT COCOSUSDT COMPUSDT COTIUSDT CRVUSDT CTKUSDT CTSIUSDT CVXUSDT DARUSDT DASHUSDT DENTUSDT DGBUSDT DOGEUSDT DOTUSDT DUSKUSDT DYDXUSDT EGLDUSDT ENJUSDT ENSUSDT EOSUSDT ETCUSDT ETHUSDT FETUSDT FILUSDT FLMUSDT FLOWUSDT FTMUSDT FXSUSDT GALAUSDT GALUSDT GMTUSDT GMXUSDT GRTUSDT GTCUSDT HBARUSDT HIGHUSDT HOOKUSDT HOTUSDT ICPUSDT ICXUSDT IMXUSDT INJUSDT IOSTUSDT IOTAUSDT IOTXUSDT JASMYUSDT KAVAUSDT KLAYUSDT KNCUSDT KSMUSDT LDOUSDT LINAUSDT LINKUSDT LITUSDT LPTUSDT LRCUSDT LTCUSDT LUNA2USDT MAGICUSDT MANAUSDT MASKUSDT MATICUSDT MINAUSDT MKRUSDT MTLUSDT NEARUSDT NEOUSDT NKNUSDT OCEANUSDT OGNUSDT OMGUSDT ONEUSDT ONTUSDT OPUSDT PEOPLEUSDT PHBUSDT QNTUSDT QTUMUSDT REEFUSDT RENUSDT RLCUSDT RNDRUSDT ROSEUSDT RSRUSDT RUNEUSDT RVNUSDT SANDUSDT SFPUSDT SKLUSDT SNXUSDT SOLUSDT SPELLUSDT SSVUSDT STGUSDT STMXUSDT STORJUSDT STXUSDT SUSHIUSDT SXPUSDT THETAUSDT TOMOUSDT TRBUSDT TRXUSDT TUSDT UNFIUSDT UNIUSDT VETUSDT WAVESUSDT WOOUSDT XEMUSDT XLMUSDT XMRUSDT XRPUSDT XTZUSDT YFIUSDT ZECUSDT ZENUSDT ZILUSDT ZRXUSDT
2023-04-08,159,159,20,BTCUSDT ETHUSDT XRPUSDT CFXUSDT MASKUSDT APTUSDT OPUSDT MATICUSDT SOLUSDT BNBUSDT LTCUSDT FILUSDT DOGEUSDT FTMUSDT STXUSDT DYDXUSDT ADAUSDT AGIXUSDT EOSUSDT LDOUSDT,1000LUNCUSDT 1000SHIBUSDT 1000XECUSDT 1INCHUSDT AAVEUSDT ACHUSDT ADAUSDT AGIXUSDT ALGOUSDT ALICEUSDT ALPHAUSDT ANKRUSDT ANTUSDT APEUSDT API3USDT APTUSDT ARPAUSDT ARUSDT ASTRUSDT ATAUSDT ATOMUSDT AUDIOUSDT AVAXUSDT AXSUSDT BAKEUSDT BALUSDT BANDUSDT BATUSDT BCHUSDT BELUSDT BLZUSDT BNBUSDT BNXUSDT BTCUSDT C98USDT CELOUSDT CELRUSDT CFXUSDT CHRUSDT CHZUSDT CKBUSDT COCOSUSDT COMPUSDT COTIUSDT CRVUSDT CTKUSDT CTSIUSDT CVXUSDT DARUSDT DASHUSDT DENTUSDT DGBUSDT DOGEUSDT DOTUSDT DUSKUSDT DYDXUSDT EGLDUSDT ENJUSDT ENSUSDT EOSUSDT ETCUSDT ETHUSDT FETUSDT FILUSDT FLMUSDT FLOWUSDT FTMUSDT FXSUSDT GALAUSDT GALUSDT GMTUSDT GMXUSDT GRTUSDT GTCUSDT HBARUSDT HIGHUSDT HOOKUSDT HOTUSDT ICPUSDT ICXUSDT IMXUSDT INJUSDT IOSTUSDT IOTAUSDT IOTXUSDT JASMYUSDT KAVAUSDT KLAYUSDT KNCUSDT KSMUSDT LDOUSDT LINAUSDT LINKUSDT LITUSDT LPTUSDT LRCUSDT LTCUSDT LUNA2USDT MAGICUSDT MANAUSDT MASKUSDT MATICUSDT MINAUSDT MKRUSDT MTLUSDT NEARUSDT NEOUSDT NKNUSDT OCEANUSDT OGNUSDT OMGUSDT ONEUSDT ONTUSDT OPUSDT PEOPLEUSDT PHBUSDT QNTUSDT QTUMUSDT REEFUSDT RENUSDT RLCUSDT RNDRUSDT ROSEUSDT RSRUSDT RUNEUSDT RVNUSDT SANDUSDT SFPUSDT SKLUSDT SNXUSDT SOLUSDT SPELLUSDT SSVUSDT STGUSDT STMXUSDT STORJUSDT STXUSDT SUSHIUSDT SXPUSDT THETAUSDT TOMOUSDT TRBUSDT TRXUSDT TUSDT UNFIUSDT UNIUSDT VETUSDT WAVESUSDT WOOUSDT XEMUSDT XLMUSDT XMRUSDT XRPUSDT XTZUSDT YFIUSDT ZECUSDT ZENUSDT ZILUSDT ZRXUSDT
2023-04-15,159,159,20,BTCUSDT ETHUSDT XRPUSDT CFXUSDT MASKUSDT APTUSDT OPUSDT MATICUSDT SOLUSDT BNBUSDT LTCUSDT FILUSDT DOGEUSDT FTMUSDT STXUSDT DYDXUSDT ADAUSDT AGIXUSDT EOSUSDT LDOUSDT,1000LUNCUSDT 1000SHIBUSDT 1000XECUSDT 1INCHUSDT AAVEUSDT ACHUSDT ADAUSDT AGIXUSDT ALGOUSDT ALICEUSDT ALPHAUSDT ANKRUSDT ANTUSDT APEUSDT API3USDT APTUSDT ARPAUSDT ARUSDT ASTRUSDT ATAUSDT ATOMUSDT AUDIOUSDT AVAXUSDT AXSUSDT BAKEUSDT BALUSDT BANDUSDT BATUSDT BCHUSDT BELUSDT BLZUSDT BNBUSDT BNXUSDT BTCUSDT C98USDT CELOUSDT CELRUSDT CFXUSDT CHRUSDT CHZUSDT CKBUSDT COCOSUSDT COMPUSDT COTIUSDT CRVUSDT CTKUSDT CTSIUSDT CVXUSDT DARUSDT DASHUSDT DENTUSDT DGBUSDT DOGEUSDT DOTUSDT DUSKUSDT DYDXUSDT EGLDUSDT ENJUSDT ENSUSDT EOSUSDT ETCUSDT ETHUSDT FETUSDT FILUSDT FLMUSDT FLOWUSDT FTMUSDT FXSUSDT GALAUSDT GALUSDT GMTUSDT GMXUSDT GRTUSDT GTCUSDT HBARUSDT HIGHUSDT HOOKUSDT HOTUSDT ICPUSDT ICXUSDT IMXUSDT INJUSDT IOSTUSDT IOTAUSDT IOTXUSDT JASMYUSDT KAVAUSDT KLAYUSDT KNCUSDT KSMUSDT LDOUSDT LINAUSDT LINKUSDT LITUSDT LPTUSDT LRCUSDT LTCUSDT LUNA2USDT MAGICUSDT MANAUSDT MASKUSDT MATICUSDT MINAUSDT MKRUSDT MTLUSDT NEARUSDT NEOUSDT NKNUSDT OCEANUSDT OGNUSDT OMGUSDT ONEUSDT ONTUSDT OPUSDT PEOPLEUSDT PHBUSDT QNTUSDT QTUMUSDT REEFUSDT RENUSDT RLCUSDT RNDRUSDT ROSEUSDT RSRUSDT RUNEUSDT RVNUSDT SANDUSDT SFPUSDT SKLUSDT SNXUSDT SOLUSDT SPELLUSDT SSVUSDT STGUSDT STMXUSDT STORJUSDT STXUSDT SUSHIUSDT SXPUSDT THETAUSDT TOMOUSDT TRBUSDT TRXUSDT TUSDT UNFIUSDT UNIUSDT VETUSDT WAVESUSDT WOOUSDT XEMUSDT XLMUSDT XMRUSDT XRPUSDT XTZUSDT YFIUSDT ZECUSDT ZENUSDT ZILUSDT ZRXUSDT
2023-04-22,159,159,20,BTCUSDT ETHUSDT XRPUSDT CFXUSDT MASKUSDT APTUSDT OPUSDT MATICUSDT SOLUSDT BNBUSDT LTCUSDT FILUSDT DOGEUSDT FTMUSDT STXUSDT DYDXUSDT ADAUSDT AGIXUSDT EOSUSDT LDOUSDT,1000LUNCUSDT 1000SHIBUSDT 1000XECUSDT 1INCHUSDT AAVEUSDT ACHUSDT ADAUSDT AGIXUSDT ALGOUSDT ALICEUSDT ALPHAUSDT ANKRUSDT ANTUSDT APEUSDT API3USDT APTUSDT ARPAUSDT ARUSDT ASTRUSDT ATAUSDT ATOMUSDT AUDIOUSDT AVAXUSDT AXSUSDT BAKEUSDT BALUSDT BANDUSDT BATUSDT BCHUSDT BELUSDT BLZUSDT BNBUSDT BNXUSDT BTCUSDT C98USDT CELOUSDT CELRUSDT CFXUSDT CHRUSDT CHZUSDT CKBUSDT COCOSUSDT COMPUSDT COTIUSDT CRVUSDT CTKUSDT CTSIUSDT CVXUSDT DARUSDT DASHUSDT DENTUSDT DGBUSDT DOGEUSDT DOTUSDT DUSKUSDT DYDXUSDT EGLDUSDT ENJUSDT ENSUSDT EOSUSDT ETCUSDT ETHUSDT FETUSDT FILUSDT FLMUSDT FLOWUSDT FTMUSDT FXSUSDT GALAUSDT GALUSDT GMTUSDT GMXUSDT GRTUSDT GTCUSDT HBARUSDT HIGHUSDT HOOKUSDT HOTUSDT ICPUSDT ICXUSDT IMXUSDT INJUSDT IOSTUSDT IOTAUSDT IOTXUSDT JASMYUSDT KAVAUSDT KLAYUSDT KNCUSDT KSMUSDT LDOUSDT LINAUSDT LINKUSDT LITUSDT LPTUSDT LRCUSDT LTCUSDT LUNA2USDT MAGICUSDT MANAUSDT MASKUSDT MATICUSDT MINAUSDT MKRUSDT MTLUSDT NEARUSDT NEOUSDT NKNUSDT OCEANUSDT OGNUSDT OMGUSDT ONEUSDT ONTUSDT OPUSDT PEOPLEUSDT PHBUSDT QNTUSDT QTUMUSDT REEFUSDT RENUSDT RLCUSDT RNDRUSDT ROSEUSDT RSRUSDT RUNEUSDT RVNUSDT SANDUSDT SFPUSDT SKLUSDT SNXUSDT SOLUSDT SPELLUSDT SSVUSDT STGUSDT STMXUSDT STORJUSDT STXUSDT SUSHIUSDT SXPUSDT THETAUSDT TOMOUSDT TRBUSDT TRXUSDT TUSDT UNFIUSDT UNIUSDT VETUSDT WAVESUSDT WOOUSDT XEMUSDT XLMUSDT XMRUSDT XRPUSDT XTZUSDT YFIUSDT ZECUSDT ZENUSDT ZILUSDT ZRXUSDT
2023-04-29,159,159,20,BTCUSDT ETHUSDT XRPUSDT CFXUSDT MASKUSDT APTUSDT OPUSDT MATICUSDT SOLUSDT BNBUSDT LTCUSDT FILUSDT DOGEUSDT FTMUSDT STXUSDT DYDXUSDT ADAUSDT AGIXUSDT EOSUSDT LDOUSDT,1000LUNCUSDT 1000SHIBUSDT 1000XECUSDT 1INCHUSDT AAVEUSDT ACHUSDT ADAUSDT AGIXUSDT ALGOUSDT ALICEUSDT ALPHAUSDT ANKRUSDT ANTUSDT APEUSDT API3USDT APTUSDT ARPAUSDT ARUSDT ASTRUSDT ATAUSDT ATOMUSDT AUDIOUSDT AVAXUSDT AXSUSDT BAKEUSDT BALUSDT BANDUSDT BATUSDT BCHUSDT BELUSDT BLZUSDT BNBUSDT BNXUSDT BTCUSDT C98USDT CELOUSDT CELRUSDT CFXUSDT CHRUSDT CHZUSDT CKBUSDT COCOSUSDT COMPUSDT COTIUSDT CRVUSDT CTKUSDT CTSIUSDT CVXUSDT DARUSDT DASHUSDT DENTUSDT DGBUSDT DOGEUSDT DOTUSDT DUSKUSDT DYDXUSDT EGLDUSDT ENJUSDT ENSUSDT EOSUSDT ETCUSDT ETHUSDT FETUSDT FILUSDT FLMUSDT FLOWUSDT FTMUSDT FXSUSDT GALAUSDT GALUSDT GMTUSDT GMXUSDT GRTUSDT GTCUSDT HBARUSDT HIGHUSDT HOOKUSDT HOTUSDT ICPUSDT ICXUSDT IMXUSDT INJUSDT IOSTUSDT IOTAUSDT IOTXUSDT JASMYUSDT KAVAUSDT KLAYUSDT KNCUSDT KSMUSDT LDOUSDT LINAUSDT LINKUSDT LITUSDT LPTUSDT LRCUSDT LTCUSDT LUNA2USDT MAGICUSDT MANAUSDT MASKUSDT MATICUSDT MINAUSDT MKRUSDT MTLUSDT NEARUSDT NEOUSDT NKNUSDT OCEANUSDT OGNUSDT OMGUSDT ONEUSDT ONTUSDT OPUSDT PEOPLEUSDT PHBUSDT QNTUSDT QTUMUSDT REEFUSDT RENUSDT RLCUSDT RNDRUSDT ROSEUSDT RSRUSDT RUNEUSDT RVNUSDT SANDUSDT SFPUSDT SKLUSDT SNXUSDT SOLUSDT SPELLUSDT SSVUSDT STGUSDT STMXUSDT STORJUSDT STXUSDT SUSHIUSDT SXPUSDT THETAUSDT TOMOUSDT TRBUSDT TRXUSDT TUSDT UNFIUSDT UNIUSDT VETUSDT WAVESUSDT WOOUSDT XEMUSDT XLMUSDT XMRUSDT XRPUSDT XTZUSDT YFIUSDT ZECUSDT ZENUSDT ZILUSDT ZRXUSDT
2023-05-06,168,168,20,BTCUSDT ETHUSDT ARBUSDT DOGEUSDT XRPUSDT SOLUSDT CFXUSDT SXPUSDT IDUSDT INJUSDT BNBUSDT LTCUSDT APTUSDT ADAUSDT MATICUSDT MASKUSDT CTSIUSDT OPUSDT FTMUSDT LINAUSDT,1000LUNCUSDT 1000SHIBUSDT 1000XECUSDT 1INCHUSDT AAVEUSDT ACHUSDT ADAUSDT AGIXUSDT ALGOUSDT ALICEUSDT ALPHAUSDT AMBUSDT ANKRUSDT ANTUSDT APEUSDT API3USDT APTUSDT ARBUSDT ARPAUSDT ARUSDT ASTRUSDT ATAUSDT ATOMUSDT AUDIOUSDT AVAXUSDT AXSUSDT BAKEUSDT BALUSDT BANDUSDT BATUSDT BCHUSDT BELUSDT BLZUSDT BNBUSDT BNXUSDT BTCUSDT C98USDT CELOUSDT CELRUSDT CFXUSDT CHRUSDT CHZUSDT CKBUSDT COCOSUSDT COMPUSDT COTIUSDT CRVUSDT CTKUSDT CTSIUSDT CVXUSDT DARUSDT DASHUSDT DENTUSDT DGBUSDT DOGEUSDT DOTUSDT DUSKUSDT DYDXUSDT EGLDUSDT ENJUSDT ENSUSDT EOSUSDT ETCUSDT ETHUSDT FETUSDT FILUSDT FLMUSDT FLOWUSDT FTMUSDT FXSUSDT GALAUSDT GALUSDT GMTUSDT GMXUSDT GRTUSDT GTCUSDT HBARUSDT HIGHUSDT HOOKUSDT HOTUSDT ICPUSDT ICXUSDT IDUSDT IMXUSDT INJUSDT IOSTUSDT IOTAUSDT IOTXUSDT JASMYUSDT JOEUSDT KAVAUSDT KLAYUSDT KNCUSDT KSMUSDT LDOUSDT LEVERUSDT LINAUSDT LINKUSDT LITUSDT LPTUSDT LQTYUSDT LRCUSDT LTCUSDT LUNA2USDT MAGICUSDT MANAUSDT MASKUSDT MATICUSDT MINAUSDT MKRUSDT MTLUSDT NEARUSDT NEOUSDT NKNUSDT OCEANUSDT OGNUSDT OMGUSDT ONEUSDT ONTUSDT OPUSDT PEOPLEUSDT PERPUSDT PHBUSDT QNTUSDT QTUMUSDT REEFUSDT RENUSDT RLCUSDT RNDRUSDT ROSEUSDT RSRUSDT RUNEUSDT RVNUSDT SANDUSDT SFPUSDT SKLUSDT SNXUSDT SOLUSDT SPELLUSDT SSVUSDT STGUSDT STMXUSDT STORJUSDT STXUSDT SUSHIUSDT SXPUSDT THETAUSDT TLMUSDT TOMOUSDT TRBUSDT TRUUSDT TRXUSDT TUSDT UNFIUSDT UNIUSDT VETUSDT WAVESUSDT WOOUSDT XEMUSDT XLMUSDT XMRUSDT XRPUSDT XTZUSDT YFIUSDT ZECUSDT ZENUSDT ZILUSDT ZRXUSDT
2023-05-13,168,168,20,BTCUSDT ETHUSDT ARBUSDT DOGEUSDT XRPUSDT SOLUSDT CFXUSDT SXPUSDT IDUSDT INJUSDT BNBUSDT LTCUSDT APTUSDT ADAUSDT MATICUSDT MASKUSDT CTSIUSDT OPUSDT FTMUSDT LINAUSDT,1000LUNCUSDT 1000SHIBUSDT 1000XECUSDT 1INCHUSDT AAVEUSDT ACHUSDT ADAUSDT AGIXUSDT ALGOUSDT ALICEUSDT ALPHAUSDT AMBUSDT ANKRUSDT ANTUSDT APEUSDT API3USDT APTUSDT ARBUSDT ARPAUSDT ARUSDT ASTRUSDT ATAUSDT ATOMUSDT AUDIOUSDT AVAXUSDT AXSUSDT BAKEUSDT BALUSDT BANDUSDT BATUSDT BCHUSDT BELUSDT BLZUSDT BNBUSDT BNXUSDT BTCUSDT C98USDT CELOUSDT CELRUSDT CFXUSDT CHRUSDT CHZUSDT CKBUSDT COCOSUSDT COMPUSDT COTIUSDT CRVUSDT CTKUSDT CTSIUSDT CVXUSDT DARUSDT DASHUSDT DENTUSDT DGBUSDT DOGEUSDT DOTUSDT DUSKUSDT DYDXUSDT EGLDUSDT ENJUSDT ENSUSDT EOSUSDT ETCUSDT ETHUSDT FETUSDT FILUSDT FLMUSDT FLOWUSDT FTMUSDT FXSUSDT GALAUSDT GALUSDT GMTUSDT GMXUSDT GRTUSDT GTCUSDT HBARUSDT HIGHUSDT HOOKUSDT HOTUSDT ICPUSDT ICXUSDT IDUSDT IMXUSDT INJUSDT IOSTUSDT IOTAUSDT IOTXUSDT JASMYUSDT JOEUSDT KAVAUSDT KLAYUSDT KNCUSDT KSMUSDT LDOUSDT LEVERUSDT LINAUSDT LINKUSDT LITUSDT LPTUSDT LQTYUSDT LRCUSDT LTCUSDT LUNA2USDT MAGICUSDT MANAUSDT MASKUSDT MATICUSDT MINAUSDT MKRUSDT MTLUSDT NEARUSDT NEOUSDT NKNUSDT OCEANUSDT OGNUSDT OMGUSDT ONEUSDT ONTUSDT OPUSDT PEOPLEUSDT PERPUSDT PHBUSDT QNTUSDT QTUMUSDT REEFUSDT RENUSDT RLCUSDT RNDRUSDT ROSEUSDT RSRUSDT RUNEUSDT RVNUSDT SANDUSDT SFPUSDT SKLUSDT SNXUSDT SOLUSDT SPELLUSDT SSVUSDT STGUSDT STMXUSDT STORJUSDT STXUSDT SUSHIUSDT SXPUSDT THETAUSDT TLMUSDT TOMOUSDT TRBUSDT TRUUSDT TRXUSDT TUSDT UNFIUSDT UNIUSDT VETUSDT WAVESUSDT WOOUSDT XEMUSDT XLMUSDT XMRUSDT XRPUSDT XTZUSDT YFIUSDT ZECUSDT ZENUSDT ZILUSDT ZRXUSDT
2023-05-20,168,168,20,BTCUSDT ETHUSDT ARBUSDT DOGEUSDT XRPUSDT SOLUSDT CFXUSDT SXPUSDT IDUSDT INJUSDT BNBUSDT LTCUSDT APTUSDT ADAUSDT MATICUSDT MASKUSDT CTSIUSDT OPUSDT FTMUSDT LINAUSDT,1000LUNCUSDT 1000SHIBUSDT 1000XECUSDT 1INCHUSDT AAVEUSDT ACHUSDT ADAUSDT AGIXUSDT ALGOUSDT ALICEUSDT ALPHAUSDT AMBUSDT ANKRUSDT ANTUSDT APEUSDT API3USDT APTUSDT ARBUSDT ARPAUSDT ARUSDT ASTRUSDT ATAUSDT ATOMUSDT AUDIOUSDT AVAXUSDT AXSUSDT BAKEUSDT BALUSDT BANDUSDT BATUSDT BCHUSDT BELUSDT BLZUSDT BNBUSDT BNXUSDT BTCUSDT C98USDT CELOUSDT CELRUSDT CFXUSDT CHRUSDT CHZUSDT CKBUSDT COCOSUSDT COMPUSDT COTIUSDT CRVUSDT CTKUSDT CTSIUSDT CVXUSDT DARUSDT DASHUSDT DENTUSDT DGBUSDT DOGEUSDT DOTUSDT DUSKUSDT DYDXUSDT EGLDUSDT ENJUSDT ENSUSDT EOSUSDT ETCUSDT ETHUSDT FETUSDT FILUSDT FLMUSDT FLOWUSDT FTMUSDT FXSUSDT GALAUSDT GALUSDT GMTUSDT GMXUSDT GRTUSDT GTCUSDT HBARUSDT HIGHUSDT HOOKUSDT HOTUSDT ICPUSDT ICXUSDT IDUSDT IMXUSDT INJUSDT IOSTUSDT IOTAUSDT IOTXUSDT JASMYUSDT JOEUSDT KAVAUSDT KLAYUSDT KNCUSDT KSMUSDT LDOUSDT LEVERUSDT LINAUSDT LINKUSDT LITUSDT LPTUSDT LQTYUSDT LRCUSDT LTCUSDT LUNA2USDT MAGICUSDT MANAUSDT MASKUSDT MATICUSDT MINAUSDT MKRUSDT MTLUSDT NEARUSDT NEOUSDT NKNUSDT OCEANUSDT OGNUSDT OMGUSDT ONEUSDT ONTUSDT OPUSDT PEOPLEUSDT PERPUSDT PHBUSDT QNTUSDT QTUMUSDT REEFUSDT RENUSDT RLCUSDT RNDRUSDT ROSEUSDT RSRUSDT RUNEUSDT RVNUSDT SANDUSDT SFPUSDT SKLUSDT SNXUSDT SOLUSDT SPELLUSDT SSVUSDT STGUSDT STMXUSDT STORJUSDT STXUSDT SUSHIUSDT SXPUSDT THETAUSDT TLMUSDT TOMOUSDT TRBUSDT TRUUSDT TRXUSDT TUSDT UNFIUSDT UNIUSDT VETUSDT WAVESUSDT WOOUSDT XEMUSDT XLMUSDT XMRUSDT XRPUSDT XTZUSDT YFIUSDT ZECUSDT ZENUSDT ZILUSDT ZRXUSDT
2023-05-27,168,168,20,BTCUSDT ETHUSDT ARBUSDT DOGEUSDT XRPUSDT SOLUSDT CFXUSDT SXPUSDT IDUSDT INJUSDT BNBUSDT LTCUSDT APTUSDT ADAUSDT MATICUSDT MASKUSDT CTSIUSDT OPUSDT FTMUSDT LINAUSDT,1000LUNCUSDT 1000SHIBUSDT 1000XECUSDT 1INCHUSDT AAVEUSDT ACHUSDT ADAUSDT AGIXUSDT ALGOUSDT ALICEUSDT ALPHAUSDT AMBUSDT ANKRUSDT ANTUSDT APEUSDT API3USDT APTUSDT ARBUSDT ARPAUSDT ARUSDT ASTRUSDT ATAUSDT ATOMUSDT AUDIOUSDT AVAXUSDT AXSUSDT BAKEUSDT BALUSDT BANDUSDT BATUSDT BCHUSDT BELUSDT BLZUSDT BNBUSDT BNXUSDT BTCUSDT C98USDT CELOUSDT CELRUSDT CFXUSDT CHRUSDT CHZUSDT CKBUSDT COCOSUSDT COMPUSDT COTIUSDT CRVUSDT CTKUSDT CTSIUSDT CVXUSDT DARUSDT DASHUSDT DENTUSDT DGBUSDT DOGEUSDT DOTUSDT DUSKUSDT DYDXUSDT EGLDUSDT ENJUSDT ENSUSDT EOSUSDT ETCUSDT ETHUSDT FETUSDT FILUSDT FLMUSDT FLOWUSDT FTMUSDT FXSUSDT GALAUSDT GALUSDT GMTUSDT GMXUSDT GRTUSDT GTCUSDT HBARUSDT HIGHUSDT HOOKUSDT HOTUSDT ICPUSDT ICXUSDT IDUSDT IMXUSDT INJUSDT IOSTUSDT IOTAUSDT IOTXUSDT JASMYUSDT JOEUSDT KAVAUSDT KLAYUSDT KNCUSDT KSMUSDT LDOUSDT LEVERUSDT LINAUSDT LINKUSDT LITUSDT LPTUSDT LQTYUSDT LRCUSDT LTCUSDT LUNA2USDT MAGICUSDT MANAUSDT MASKUSDT MATICUSDT MINAUSDT MKRUSDT MTLUSDT NEARUSDT NEOUSDT NKNUSDT OCEANUSDT OGNUSDT OMGUSDT ONEUSDT ONTUSDT OPUSDT PEOPLEUSDT PERPUSDT PHBUSDT QNTUSDT QTUMUSDT REEFUSDT RENUSDT RLCUSDT RNDRUSDT ROSEUSDT RSRUSDT RUNEUSDT RVNUSDT SANDUSDT SFPUSDT SKLUSDT SNXUSDT SOLUSDT SPELLUSDT SSVUSDT STGUSDT STMXUSDT STORJUSDT STXUSDT SUSHIUSDT SXPUSDT THETAUSDT TLMUSDT TOMOUSDT TRBUSDT TRUUSDT TRXUSDT TUSDT UNFIUSDT UNIUSDT VETUSDT WAVESUSDT WOOUSDT XEMUSDT XLMUSDT XMRUSDT XRPUSDT XTZUSDT YFIUSDT ZECUSDT ZENUSDT ZILUSDT ZRXUSDT
2023-06-03,172,172,20,BTCUSDT ETHUSDT XRPUSDT LINAUSDT ARPAUSDT ARBUSDT LTCUSDT SOLUSDT CFXUSDT RNDRUSDT TOMOUSDT DOGEUSDT MATICUSDT BNBUSDT INJUSDT EDUUSDT OPUSDT MASKUSDT LDOUSDT ADAUSDT,1000LUNCUSDT 1000SHIBUSDT 1000XECUSDT 1INCHUSDT AAVEUSDT ACHUSDT ADAUSDT AGIXUSDT ALGOUSDT ALICEUSDT ALPHAUSDT AMBUSDT ANKRUSDT ANTUSDT APEUSDT API3USDT APTUSDT ARBUSDT ARPAUSDT ARUSDT ASTRUSDT ATAUSDT ATOMUSDT AUDIOUSDT AVAXUSDT AXSUSDT BAKEUSDT BALUSDT BANDUSDT BATUSDT BCHUSDT BELUSDT BLURUSDT BLZUSDT BNBUSDT BNXUSDT BTCUSDT C98USDT CELOUSDT CELRUSDT CFXUSDT CHRUSDT CHZUSDT CKBUSDT COMPUSDT COTIUSDT CRVUSDT CTKUSDT CTSIUSDT CVXUSDT DARUSDT DASHUSDT DENTUSDT DGBUSDT DOGEUSDT DOTUSDT DUSKUSDT DYDXUSDT EDUUSDT EGLDUSDT ENJUSDT ENSUSDT EOSUSDT ETCUSDT ETHUSDT FETUSDT FILUSDT FLMUSDT FLOWUSDT FTMUSDT FXSUSDT GALAUSDT GALUSDT GMTUSDT GMXUSDT GRTUSDT GTCUSDT HBARUSDT HFTUSDT HIGHUSDT HOOKUSDT HOTUSDT ICPUSDT ICXUSDT IDUSDT IMXUSDT INJUSDT IOSTUSDT IOTAUSDT IOTXUSDT JASMYUSDT JOEUSDT KAVAUSDT KLAYUSDT KNCUSDT KSMUSDT LDOUSDT LEVERUSDT LINAUSDT LINKUSDT LITUSDT LPTUSDT LQTYUSDT LRCUSDT LTCUSDT LUNA2USDT MAGICUSDT MANAUSDT MASKUSDT MATICUSDT MINAUSDT MKRUSDT MTLUSDT NEARUSDT NEOUSDT NKNUSDT OCEANUSDT OGNUSDT OMGUSDT ONEUSDT ONTUSDT OPUSDT PEOPLEUSDT PERPUSDT PHBUSDT QNTUSDT QTUMUSDT RDNTUSDT REEFUSDT RENUSDT RLCUSDT RNDRUSDT ROSEUSDT RSRUSDT RUNEUSDT RVNUSDT SANDUSDT SFPUSDT SKLUSDT SNXUSDT SOLUSDT SPELLUSDT SSVUSDT STGUSDT STMXUSDT STORJUSDT STXUSDT SUSHIUSDT SXPUSDT THETAUSDT TLMUSDT TOMOUSDT TRBUSDT TRUUSDT TRXUSDT TUSDT UNFIUSDT UNIUSDT VETUSDT WAVESUSDT WOOUSDT XEMUSDT XLMUSDT XMRUSDT XRPUSDT XTZUSDT XVSUSDT YFIUSDT ZECUSDT ZENUSDT ZILUSDT ZRXUSDT
2023-06-10,172,172,20,BTCUSDT ETHUSDT XRPUSDT LINAUSDT ARPAUSDT ARBUSDT LTCUSDT SOLUSDT CFXUSDT RNDRUSDT TOMOUSDT DOGEUSDT MATICUSDT BNBUSDT INJUSDT EDUUSDT OPUSDT MASKUSDT LDOUSDT ADAUSDT,1000LUNCUSDT 1000SHIBUSDT 1000XECUSDT 1INCHUSDT AAVEUSDT ACHUSDT ADAUSDT AGIXUSDT ALGOUSDT ALICEUSDT ALPHAUSDT AMBUSDT ANKRUSDT ANTUSDT APEUSDT API3USDT APTUSDT ARBUSDT ARPAUSDT ARUSDT ASTRUSDT ATAUSDT ATOMUSDT AUDIOUSDT AVAXUSDT AXSUSDT BAKEUSDT BALUSDT BANDUSDT BATUSDT BCHUSDT BELUSDT BLURUSDT BLZUSDT BNBUSDT BNXUSDT BTCUSDT C98USDT CELOUSDT CELRUSDT CFXUSDT CHRUSDT CHZUSDT CKBUSDT COMPUSDT COTIUSDT CRVUSDT CTKUSDT CTSIUSDT CVXUSDT DARUSDT DASHUSDT DENTUSDT DGBUSDT DOGEUSDT DOTUSDT DUSKUSDT DYDXUSDT EDUUSDT EGLDUSDT ENJUSDT ENSUSDT EOSUSDT ETCUSDT ETHUSDT FETUSDT FILUSDT FLMUSDT FLOWUSDT FTMUSDT FXSUSDT GALAUSDT GALUSDT GMTUSDT GMXUSDT GRTUSDT GTCUSDT HBARUSDT HFTUSDT HIGHUSDT HOOKUSDT HOTUSDT ICPUSDT ICXUSDT IDUSDT IMXUSDT INJUSDT IOSTUSDT IOTAUSDT IOTXUSDT JASMYUSDT JOEUSDT KAVAUSDT KLAYUSDT KNCUSDT KSMUSDT LDOUSDT LEVERUSDT LINAUSDT LINKUSDT LITUSDT LPTUSDT LQTYUSDT LRCUSDT LTCUSDT LUNA2USDT MAGICUSDT MANAUSDT MASKUSDT MATICUSDT MINAUSDT MKRUSDT MTLUSDT NEARUSDT NEOUSDT NKNUSDT OCEANUSDT OGNUSDT OMGUSDT ONEUSDT ONTUSDT OPUSDT PEOPLEUSDT PERPUSDT PHBUSDT QNTUSDT QTUMUSDT RDNTUSDT REEFUSDT RENUSDT RLCUSDT RNDRUSDT ROSEUSDT RSRUSDT RUNEUSDT RVNUSDT SANDUSDT SFPUSDT SKLUSDT SNXUSDT SOLUSDT SPELLUSDT SSVUSDT STGUSDT STMXUSDT STORJUSDT STXUSDT SUSHIUSDT SXPUSDT THETAUSDT TLMUSDT TOMOUSDT TRBUSDT TRUUSDT TRXUSDT TUSDT UNFIUSDT UNIUSDT VETUSDT WAVESUSDT WOOUSDT XEMUSDT XLMUSDT XMRUSDT XRPUSDT XTZUSDT XVSUSDT YFIUSDT ZECUSDT ZENUSDT ZILUSDT ZRXUSDT
2023-06-17,172,172,20,BTCUSDT ETHUSDT XRPUSDT LINAUSDT ARPAUSDT ARBUSDT LTCUSDT SOLUSDT CFXUSDT RNDRUSDT TOMOUSDT DOGEUSDT MATICUSDT BNBUSDT INJUSDT EDUUSDT OPUSDT MASKUSDT LDOUSDT ADAUSDT,1000LUNCUSDT 1000SHIBUSDT 1000XECUSDT 1INCHUSDT AAVEUSDT ACHUSDT ADAUSDT AGIXUSDT ALGOUSDT ALICEUSDT ALPHAUSDT AMBUSDT ANKRUSDT ANTUSDT APEUSDT API3USDT APTUSDT ARBUSDT ARPAUSDT ARUSDT ASTRUSDT ATAUSDT ATOMUSDT AUDIOUSDT AVAXUSDT AXSUSDT BAKEUSDT BALUSDT BANDUSDT BATUSDT BCHUSDT BELUSDT BLURUSDT BLZUSDT BNBUSDT BNXUSDT BTCUSDT C98USDT CELOUSDT CELRUSDT CFXUSDT CHRUSDT CHZUSDT CKBUSDT COMPUSDT COTIUSDT CRVUSDT CTKUSDT CTSIUSDT CVXUSDT DARUSDT DASHUSDT DENTUSDT DGBUSDT DOGEUSDT DOTUSDT DUSKUSDT DYDXUSDT EDUUSDT EGLDUSDT ENJUSDT ENSUSDT EOSUSDT ETCUSDT ETHUSDT FETUSDT FILUSDT FLMUSDT FLOWUSDT FTMUSDT FXSUSDT GALAUSDT GALUSDT GMTUSDT GMXUSDT GRTUSDT GTCUSDT HBARUSDT HFTUSDT HIGHUSDT HOOKUSDT HOTUSDT ICPUSDT ICXUSDT IDUSDT IMXUSDT INJUSDT IOSTUSDT IOTAUSDT IOTXUSDT JASMYUSDT JOEUSDT KAVAUSDT KLAYUSDT KNCUSDT KSMUSDT LDOUSDT LEVERUSDT LINAUSDT LINKUSDT LITUSDT LPTUSDT LQTYUSDT LRCUSDT LTCUSDT LUNA2USDT MAGICUSDT MANAUSDT MASKUSDT MATICUSDT MINAUSDT MKRUSDT MTLUSDT NEARUSDT NEOUSDT NKNUSDT OCEANUSDT OGNUSDT OMGUSDT ONEUSDT ONTUSDT OPUSDT PEOPLEUSDT PERPUSDT PHBUSDT QNTUSDT QTUMUSDT RDNTUSDT REEFUSDT RENUSDT RLCUSDT RNDRUSDT ROSEUSDT RSRUSDT RUNEUSDT RVNUSDT SANDUSDT SFPUSDT SKLUSDT SNXUSDT SOLUSDT SPELLUSDT SSVUSDT STGUSDT STMXUSDT STORJUSDT STXUSDT SUSHIUSDT SXPUSDT THETAUSDT TLMUSDT TOMOUSDT TRBUSDT TRUUSDT TRXUSDT TUSDT UNFIUSDT UNIUSDT VETUSDT WAVESUSDT WOOUSDT XEMUSDT XLMUSDT XMRUSDT XRPUSDT XTZUSDT XVSUSDT YFIUSDT ZECUSDT ZENUSDT ZILUSDT ZRXUSDT
2023-06-24,172,172,20,BTCUSDT ETHUSDT XRPUSDT LINAUSDT ARPAUSDT ARBUSDT LTCUSDT SOLUSDT CFXUSDT RNDRUSDT TOMOUSDT DOGEUSDT MATICUSDT BNBUSDT INJUSDT EDUUSDT OPUSDT MASKUSDT LDOUSDT ADAUSDT,1000LUNCUSDT 1000SHIBUSDT 1000XECUSDT 1INCHUSDT AAVEUSDT ACHUSDT ADAUSDT AGIXUSDT ALGOUSDT ALICEUSDT ALPHAUSDT AMBUSDT ANKRUSDT ANTUSDT APEUSDT API3USDT APTUSDT ARBUSDT ARPAUSDT ARUSDT ASTRUSDT ATAUSDT ATOMUSDT AUDIOUSDT AVAXUSDT AXSUSDT BAKEUSDT BALUSDT BANDUSDT BATUSDT BCHUSDT BELUSDT BLURUSDT BLZUSDT BNBUSDT BNXUSDT BTCUSDT C98USDT CELOUSDT CELRUSDT CFXUSDT CHRUSDT CHZUSDT CKBUSDT COMPUSDT COTIUSDT CRVUSDT CTKUSDT CTSIUSDT CVXUSDT DARUSDT DASHUSDT DENTUSDT DGBUSDT DOGEUSDT DOTUSDT DUSKUSDT DYDXUSDT EDUUSDT EGLDUSDT ENJUSDT ENSUSDT EOSUSDT ETCUSDT ETHUSDT FETUSDT FILUSDT FLMUSDT FLOWUSDT FTMUSDT FXSUSDT GALAUSDT GALUSDT GMTUSDT GMXUSDT GRTUSDT GTCUSDT HBARUSDT HFTUSDT HIGHUSDT HOOKUSDT HOTUSDT ICPUSDT ICXUSDT IDUSDT IMXUSDT INJUSDT IOSTUSDT IOTAUSDT IOTXUSDT JASMYUSDT JOEUSDT KAVAUSDT KLAYUSDT KNCUSDT KSMUSDT LDOUSDT LEVERUSDT LINAUSDT LINKUSDT LITUSDT LPTUSDT LQTYUSDT LRCUSDT LTCUSDT LUNA2USDT MAGICUSDT MANAUSDT MASKUSDT MATICUSDT MINAUSDT MKRUSDT MTLUSDT NEARUSDT NEOUSDT NKNUSDT OCEANUSDT OGNUSDT OMGUSDT ONEUSDT ONTUSDT OPUSDT PEOPLEUSDT PERPUSDT PHBUSDT QNTUSDT QTUMUSDT RDNTUSDT REEFUSDT RENUSDT RLCUSDT RNDRUSDT ROSEUSDT RSRUSDT RUNEUSDT RVNUSDT SANDUSDT SFPUSDT SKLUSDT SNXUSDT SOLUSDT SPELLUSDT SSVUSDT STGUSDT STMXUSDT STORJUSDT STXUSDT SUSHIUSDT SXPUSDT THETAUSDT TLMUSDT TOMOUSDT TRBUSDT TRUUSDT TRXUSDT TUSDT UNFIUSDT UNIUSDT VETUSDT WAVESUSDT WOOUSDT XEMUSDT XLMUSDT XMRUSDT XRPUSDT XTZUSDT XVSUSDT YFIUSDT ZECUSDT ZENUSDT ZILUSDT ZRXUSDT
2023-07-01,179,179,20,BTCUSDT ETHUSDT BCHUSDT 1000PEPEUSDT XRPUSDT LINAUSDT BNBUSDT SOLUSDT LTCUSDT SUIUSDT MATICUSDT MTLUSDT ARBUSDT ADAUSDT TOMOUSDT OPUSDT CFXUSDT DOGEUSDT WAVESUSDT APTUSDT,1000FLOKIUSDT 1000LUNCUSDT 1000PEPEUSDT 1000SHIBUSDT 1000XECUSDT 1INCHUSDT AAVEUSDT ACHUSDT ADAUSDT AGIXUSDT ALGOUSDT ALICEUSDT ALPHAUSDT AMBUSDT ANKRUSDT ANTUSDT APEUSDT API3USDT APTUSDT ARBUSDT ARPAUSDT ARUSDT ASTRUSDT ATAUSDT ATOMUSDT AUDIOUSDT AVAXUSDT AXSUSDT BAKEUSDT BALUSDT BANDUSDT BATUSDT BCHUSDT BELUSDT BLURUSDT BLZUSDT BNBUSDT BNXUSDT BTCUSDT C98USDT CELOUSDT CELRUSDT CFXUSDT CHRUSDT CHZUSDT CKBUSDT COMPUSDT COTIUSDT CRVUSDT CTKUSDT CTSIUSDT CVXUSDT DARUSDT DASHUSDT DENTUSDT DGBUSDT DOGEUSDT DOTUSDT DUSKUSDT DYDXUSDT EDUUSDT EGLDUSDT ENJUSDT ENSUSDT EOSUSDT ETCUSDT ETHUSDT FETUSDT FILUSDT FLMUSDT FLOWUSDT FTMUSDT FXSUSDT GALAUSDT GALUSDT GMTUSDT GMXUSDT GRTUSDT GTCUSDT HBARUSDT HFTUSDT HIGHUSDT HOOKUSDT HOTUSDT ICPUSDT ICXUSDT IDEXUSDT IDUSDT IMXUSDT INJUSDT IOSTUSDT IOTAUSDT IOTXUSDT JASMYUSDT JOEUSDT KAVAUSDT KEYUSDT KLAYUSDT KNCUSDT KSMUSDT LDOUSDT LEVERUSDT LINAUSDT LINKUSDT LITUSDT LPTUSDT LQTYUSDT LRCUSDT LTCUSDT LUNA2USDT MAGICUSDT MANAUSDT MASKUSDT MATICUSDT MINAUSDT MKRUSDT MTLUSDT NEARUSDT NEOUSDT NKNUSDT OCEANUSDT OGNUSDT OMGUSDT ONEUSDT ONTUSDT OPUSDT PEOPLEUSDT PERPUSDT PHBUSDT QNTUSDT QTUMUSDT RADUSDT RDNTUSDT REEFUSDT RENUSDT RLCUSDT RNDRUSDT ROSEUSDT RSRUSDT RUNEUSDT RVNUSDT SANDUSDT SFPUSDT SKLUSDT SNXUSDT SOLUSDT SPELLUSDT SSVUSDT STGUSDT STMXUSDT STORJUSDT STXUSDT SUIUSDT SUSHIUSDT SXPUSDT THETAUSDT TLMUSDT TOMOUSDT TRBUSDT TRUUSDT TRXUSDT TUSDT UMAUSDT UNFIUSDT UNIUSDT VETUSDT WAVESUSDT WOOUSDT XEMUSDT XLMUSDT XMRUSDT XRPUSDT XTZUSDT XVSUSDT YFIUSDT ZECUSDT ZENUSDT ZILUSDT ZRXUSDT
2023-07-08,179,179,20,BTCUSDT ETHUSDT BCHUSDT 1000PEPEUSDT XRPUSDT LINAUSDT BNBUSDT SOLUSDT LTCUSDT SUIUSDT MATICUSDT MTLUSDT ARBUSDT ADAUSDT TOMOUSDT OPUSDT CFXUSDT DOGEUSDT WAVESUSDT APTUSDT,1000FLOKIUSDT 1000LUNCUSDT 1000PEPEUSDT 1000SHIBUSDT 1000XECUSDT 1INCHUSDT AAVEUSDT ACHUSDT ADAUSDT AGIXUSDT ALGOUSDT ALICEUSDT ALPHAUSDT AMBUSDT ANKRUSDT ANTUSDT APEUSDT API3USDT APTUSDT ARBUSDT ARPAUSDT ARUSDT ASTRUSDT ATAUSDT ATOMUSDT AUDIOUSDT AVAXUSDT AXSUSDT BAKEUSDT BALUSDT BANDUSDT BATUSDT BCHUSDT BELUSDT BLURUSDT BLZUSDT BNBUSDT BNXUSDT BTCUSDT C98USDT CELOUSDT CELRUSDT CFXUSDT CHRUSDT CHZUSDT CKBUSDT COMPUSDT COTIUSDT CRVUSDT CTKUSDT CTSIUSDT CVXUSDT DARUSDT DASHUSDT DENTUSDT DGBUSDT DOGEUSDT DOTUSDT DUSKUSDT DYDXUSDT EDUUSDT EGLDUSDT ENJUSDT ENSUSDT EOSUSDT ETCUSDT ETHUSDT FETUSDT FILUSDT FLMUSDT FLOWUSDT FTMUSDT FXSUSDT GALAUSDT GALUSDT GMTUSDT GMXUSDT GRTUSDT GTCUSDT HBARUSDT HFTUSDT HIGHUSDT HOOKUSDT HOTUSDT ICPUSDT ICXUSDT IDEXUSDT IDUSDT IMXUSDT INJUSDT IOSTUSDT IOTAUSDT IOTXUSDT JASMYUSDT JOEUSDT KAVAUSDT KEYUSDT KLAYUSDT KNCUSDT KSMUSDT LDOUSDT LEVERUSDT LINAUSDT LINKUSDT LITUSDT LPTUSDT LQTYUSDT LRCUSDT LTCUSDT LUNA2USDT MAGICUSDT MANAUSDT MASKUSDT MATICUSDT MINAUSDT MKRUSDT MTLUSDT NEARUSDT NEOUSDT NKNUSDT OCEANUSDT OGNUSDT OMGUSDT ONEUSDT ONTUSDT OPUSDT PEOPLEUSDT PERPUSDT PHBUSDT QNTUSDT QTUMUSDT RADUSDT RDNTUSDT REEFUSDT RENUSDT RLCUSDT RNDRUSDT ROSEUSDT RSRUSDT RUNEUSDT RVNUSDT SANDUSDT SFPUSDT SKLUSDT SNXUSDT SOLUSDT SPELLUSDT SSVUSDT STGUSDT STMXUSDT STORJUSDT STXUSDT SUIUSDT SUSHIUSDT SXPUSDT THETAUSDT TLMUSDT TOMOUSDT TRBUSDT TRUUSDT TRXUSDT TUSDT UMAUSDT UNFIUSDT UNIUSDT VETUSDT WAVESUSDT WOOUSDT XEMUSDT XLMUSDT XMRUSDT XRPUSDT XTZUSDT XVSUSDT YFIUSDT ZECUSDT ZENUSDT ZILUSDT ZRXUSDT
2023-07-15,179,179,20,BTCUSDT ETHUSDT BCHUSDT 1000PEPEUSDT XRPUSDT LINAUSDT BNBUSDT SOLUSDT LTCUSDT SUIUSDT MATICUSDT MTLUSDT ARBUSDT ADAUSDT TOMOUSDT OPUSDT CFXUSDT DOGEUSDT WAVESUSDT APTUSDT,1000FLOKIUSDT 1000LUNCUSDT 1000PEPEUSDT 1000SHIBUSDT 1000XECUSDT 1INCHUSDT AAVEUSDT ACHUSDT ADAUSDT AGIXUSDT ALGOUSDT ALICEUSDT ALPHAUSDT AMBUSDT ANKRUSDT ANTUSDT APEUSDT API3USDT APTUSDT ARBUSDT ARPAUSDT ARUSDT ASTRUSDT ATAUSDT ATOMUSDT AUDIOUSDT AVAXUSDT AXSUSDT BAKEUSDT BALUSDT BANDUSDT BATUSDT BCHUSDT BELUSDT BLURUSDT BLZUSDT BNBUSDT BNXUSDT BTCUSDT C98USDT CELOUSDT CELRUSDT CFXUSDT CHRUSDT CHZUSDT CKBUSDT COMPUSDT COTIUSDT CRVUSDT CTKUSDT CTSIUSDT CVXUSDT DARUSDT DASHUSDT DENTUSDT DGBUSDT DOGEUSDT DOTUSDT DUSKUSDT DYDXUSDT EDUUSDT EGLDUSDT ENJUSDT ENSUSDT EOSUSDT ETCUSDT ETHUSDT FETUSDT FILUSDT FLMUSDT FLOWUSDT FTMUSDT FXSUSDT GALAUSDT GALUSDT GMTUSDT GMXUSDT GRTUSDT GTCUSDT HBARUSDT HFTUSDT HIGHUSDT HOOKUSDT HOTUSDT ICPUSDT ICXUSDT IDEXUSDT IDUSDT IMXUSDT INJUSDT IOSTUSDT IOTAUSDT IOTXUSDT JASMYUSDT JOEUSDT KAVAUSDT KEYUSDT KLAYUSDT KNCUSDT KSMUSDT LDOUSDT LEVERUSDT LINAUSDT LINKUSDT LITUSDT LPTUSDT LQTYUSDT LRCUSDT LTCUSDT LUNA2USDT MAGICUSDT MANAUSDT MASKUSDT MATICUSDT MINAUSDT MKRUSDT MTLUSDT NEARUSDT NEOUSDT NKNUSDT OCEANUSDT OGNUSDT OMGUSDT ONEUSDT ONTUSDT OPUSDT PEOPLEUSDT PERPUSDT PHBUSDT QNTUSDT QTUMUSDT RADUSDT RDNTUSDT REEFUSDT RENUSDT RLCUSDT RNDRUSDT ROSEUSDT RSRUSDT RUNEUSDT RVNUSDT SANDUSDT SFPUSDT SKLUSDT SNXUSDT SOLUSDT SPELLUSDT SSVUSDT STGUSDT STMXUSDT STORJUSDT STXUSDT SUIUSDT SUSHIUSDT SXPUSDT THETAUSDT TLMUSDT TOMOUSDT TRBUSDT TRUUSDT TRXUSDT TUSDT UMAUSDT UNFIUSDT UNIUSDT VETUSDT WAVESUSDT WOOUSDT XEMUSDT XLMUSDT XMRUSDT XRPUSDT XTZUSDT XVSUSDT YFIUSDT ZECUSDT ZENUSDT ZILUSDT ZRXUSDT
2023-07-22,179,179,20,BTCUSDT ETHUSDT BCHUSDT 1000PEPEUSDT XRPUSDT LINAUSDT BNBUSDT SOLUSDT LTCUSDT SUIUSDT MATICUSDT MTLUSDT ARBUSDT ADAUSDT TOMOUSDT OPUSDT CFXUSDT DOGEUSDT WAVESUSDT APTUSDT,1000FLOKIUSDT 1000LUNCUSDT 1000PEPEUSDT 1000SHIBUSDT 1000XECUSDT 1INCHUSDT AAVEUSDT ACHUSDT ADAUSDT AGIXUSDT ALGOUSDT ALICEUSDT ALPHAUSDT AMBUSDT ANKRUSDT ANTUSDT APEUSDT API3USDT APTUSDT ARBUSDT ARPAUSDT ARUSDT ASTRUSDT ATAUSDT ATOMUSDT AUDIOUSDT AVAXUSDT AXSUSDT BAKEUSDT BALUSDT BANDUSDT BATUSDT BCHUSDT BELUSDT BLURUSDT BLZUSDT BNBUSDT BNXUSDT BTCUSDT C98USDT CELOUSDT CELRUSDT CFXUSDT CHRUSDT CHZUSDT CKBUSDT COMPUSDT COTIUSDT CRVUSDT CTKUSDT CTSIUSDT CVXUSDT DARUSDT DASHUSDT DENTUSDT DGBUSDT DOGEUSDT DOTUSDT DUSKUSDT DYDXUSDT EDUUSDT EGLDUSDT ENJUSDT ENSUSDT EOSUSDT ETCUSDT ETHUSDT FETUSDT FILUSDT FLMUSDT FLOWUSDT FTMUSDT FXSUSDT GALAUSDT GALUSDT GMTUSDT GMXUSDT GRTUSDT GTCUSDT HBARUSDT HFTUSDT HIGHUSDT HOOKUSDT HOTUSDT ICPUSDT ICXUSDT IDEXUSDT IDUSDT IMXUSDT INJUSDT IOSTUSDT IOTAUSDT IOTXUSDT JASMYUSDT JOEUSDT KAVAUSDT KEYUSDT KLAYUSDT KNCUSDT KSMUSDT LDOUSDT LEVERUSDT LINAUSDT LINKUSDT LITUSDT LPTUSDT LQTYUSDT LRCUSDT LTCUSDT LUNA2USDT MAGICUSDT MANAUSDT MASKUSDT MATICUSDT MINAUSDT MKRUSDT MTLUSDT NEARUSDT NEOUSDT NKNUSDT OCEANUSDT OGNUSDT OMGUSDT ONEUSDT ONTUSDT OPUSDT PEOPLEUSDT PERPUSDT PHBUSDT QNTUSDT QTUMUSDT RADUSDT RDNTUSDT REEFUSDT RENUSDT RLCUSDT RNDRUSDT ROSEUSDT RSRUSDT RUNEUSDT RVNUSDT SANDUSDT SFPUSDT SKLUSDT SNXUSDT SOLUSDT SPELLUSDT SSVUSDT STGUSDT STMXUSDT STORJUSDT STXUSDT SUIUSDT SUSHIUSDT SXPUSDT THETAUSDT TLMUSDT TOMOUSDT TRBUSDT TRUUSDT TRXUSDT TUSDT UMAUSDT UNFIUSDT UNIUSDT VETUSDT WAVESUSDT WOOUSDT XEMUSDT XLMUSDT XMRUSDT XRPUSDT XTZUSDT XVSUSDT YFIUSDT ZECUSDT ZENUSDT ZILUSDT ZRXUSDT
2023-07-29,179,179,20,BTCUSDT ETHUSDT BCHUSDT 1000PEPEUSDT XRPUSDT LINAUSDT BNBUSDT SOLUSDT LTCUSDT SUIUSDT MATICUSDT MTLUSDT ARBUSDT ADAUSDT TOMOUSDT OPUSDT CFXUSDT DOGEUSDT WAVESUSDT APTUSDT,1000FLOKIUSDT 1000LUNCUSDT 1000PEPEUSDT 1000SHIBUSDT 1000XECUSDT 1INCHUSDT AAVEUSDT ACHUSDT ADAUSDT AGIXUSDT ALGOUSDT ALICEUSDT ALPHAUSDT AMBUSDT ANKRUSDT ANTUSDT APEUSDT API3USDT APTUSDT ARBUSDT ARPAUSDT ARUSDT ASTRUSDT ATAUSDT ATOMUSDT AUDIOUSDT AVAXUSDT AXSUSDT BAKEUSDT BALUSDT BANDUSDT BATUSDT BCHUSDT BELUSDT BLURUSDT BLZUSDT BNBUSDT BNXUSDT BTCUSDT C98USDT CELOUSDT CELRUSDT CFXUSDT CHRUSDT CHZUSDT CKBUSDT COMPUSDT COTIUSDT CRVUSDT CTKUSDT CTSIUSDT CVXUSDT DARUSDT DASHUSDT DENTUSDT DGBUSDT DOGEUSDT DOTUSDT DUSKUSDT DYDXUSDT EDUUSDT EGLDUSDT ENJUSDT ENSUSDT EOSUSDT ETCUSDT ETHUSDT FETUSDT FILUSDT FLMUSDT FLOWUSDT FTMUSDT FXSUSDT GALAUSDT GALUSDT GMTUSDT GMXUSDT GRTUSDT GTCUSDT HBARUSDT HFTUSDT HIGHUSDT HOOKUSDT HOTUSDT ICPUSDT ICXUSDT IDEXUSDT IDUSDT IMXUSDT INJUSDT IOSTUSDT IOTAUSDT IOTXUSDT JASMYUSDT JOEUSDT KAVAUSDT KEYUSDT KLAYUSDT KNCUSDT KSMUSDT LDOUSDT LEVERUSDT LINAUSDT LINKUSDT LITUSDT LPTUSDT LQTYUSDT LRCUSDT LTCUSDT LUNA2USDT MAGICUSDT MANAUSDT MASKUSDT MATICUSDT MINAUSDT MKRUSDT MTLUSDT NEARUSDT NEOUSDT NKNUSDT OCEANUSDT OGNUSDT OMGUSDT ONEUSDT ONTUSDT OPUSDT PEOPLEUSDT PERPUSDT PHBUSDT QNTUSDT QTUMUSDT RADUSDT RDNTUSDT REEFUSDT RENUSDT RLCUSDT RNDRUSDT ROSEUSDT RSRUSDT RUNEUSDT RVNUSDT SANDUSDT SFPUSDT SKLUSDT SNXUSDT SOLUSDT SPELLUSDT SSVUSDT STGUSDT STMXUSDT STORJUSDT STXUSDT SUIUSDT SUSHIUSDT SXPUSDT THETAUSDT TLMUSDT TOMOUSDT TRBUSDT TRUUSDT TRXUSDT TUSDT UMAUSDT UNFIUSDT UNIUSDT VETUSDT WAVESUSDT WOOUSDT XEMUSDT XLMUSDT XMRUSDT XRPUSDT XTZUSDT XVSUSDT YFIUSDT ZECUSDT ZENUSDT ZILUSDT ZRXUSDT
2023-08-05,183,183,20,BTCUSDT ETHUSDT XRPUSDT BCHUSDT SOLUSDT LTCUSDT DOGEUSDT COMPUSDT 1000PEPEUSDT XLMUSDT LINKUSDT BNBUSDT MATICUSDT OPUSDT MKRUSDT ARBUSDT STMXUSDT ADAUSDT WAVESUSDT SUIUSDT,1000FLOKIUSDT 1000LUNCUSDT 1000PEPEUSDT 1000SHIBUSDT 1000XECUSDT 1INCHUSDT AAVEUSDT ACHUSDT ADAUSDT AGIXUSDT ALGOUSDT ALICEUSDT ALPHAUSDT AMBUSDT ANKRUSDT ANTUSDT APEUSDT API3USDT APTUSDT ARBUSDT ARPAUSDT ARUSDT ASTRUSDT ATAUSDT ATOMUSDT AUDIOUSDT AVAXUSDT AXSUSDT BAKEUSDT BALUSDT BANDUSDT BATUSDT BCHUSDT BELUSDT BLURUSDT BLZUSDT BNBUSDT BNXUSDT BTCUSDT C98USDT CELOUSDT CELRUSDT CFXUSDT CHRUSDT CHZUSDT CKBUSDT COMBOUSDT COMPUSDT COTIUSDT CRVUSDT CTKUSDT CTSIUSDT CVXUSDT DARUSDT DASHUSDT DENTUSDT DGBUSDT DOGEUSDT DOTUSDT DUSKUSDT DYDXUSDT EDUUSDT EGLDUSDT ENJUSDT ENSUSDT EOSUSDT ETCUSDT ETHUSDT FETUSDT FILUSDT FLMUSDT FLOWUSDT FTMUSDT FXSUSDT GALAUSDT GALUSDT GMTUSDT GMXUSDT GRTUSDT GTCUSDT HBARUSDT HFTUSDT HIGHUSDT HOOKUSDT HOTUSDT ICPUSDT ICXUSDT IDEXUSDT IDUSDT IMXUSDT INJUSDT IOSTUSDT IOTAUSDT IOTXUSDT JASMYUSDT JOEUSDT KAVAUSDT KEYUSDT KLAYUSDT KNCUSDT KSMUSDT LDOUSDT LEVERUSDT LINAUSDT LINKUSDT LITUSDT LPTUSDT LQTYUSDT LRCUSDT LTCUSDT LUNA2USDT MAGICUSDT MANAUSDT MASKUSDT MATICUSDT MAVUSDT MDTUSDT MINAUSDT MKRUSDT MTLUSDT NEARUSDT NEOUSDT NKNUSDT NMRUSDT OCEANUSDT OGNUSDT OMGUSDT ONEUSDT ONTUSDT OPUSDT PEOPLEUSDT PERPUSDT PHBUSDT QNTUSDT QTUMUSDT RADUSDT RDNTUSDT REEFUSDT RENUSDT RLCUSDT RNDRUSDT ROSEUSDT RSRUSDT RUNEUSDT RVNUSDT SANDUSDT SFPUSDT SKLUSDT SNXUSDT SOLUSDT SPELLUSDT SSVUSDT STGUSDT STMXUSDT STORJUSDT STXUSDT SUIUSDT SUSHIUSDT SXPUSDT THETAUSDT TLMUSDT TOMOUSDT TRBUSDT TRUUSDT TRXUSDT TUSDT UMAUSDT UNFIUSDT UNIUSDT VETUSDT WAVESUSDT WOOUSDT XEMUSDT XLMUSDT XMRUSDT XRPUSDT XTZUSDT XVSUSDT YFIUSDT ZECUSDT ZENUSDT ZILUSDT ZRXUSDT
2023-08-12,183,183,20,BTCUSDT ETHUSDT XRPUSDT BCHUSDT SOLUSDT LTCUSDT DOGEUSDT COMPUSDT 1000PEPEUSDT XLMUSDT LINKUSDT BNBUSDT MATICUSDT OPUSDT MKRUSDT ARBUSDT STMXUSDT ADAUSDT WAVESUSDT SUIUSDT,1000FLOKIUSDT 1000LUNCUSDT 1000PEPEUSDT 1000SHIBUSDT 1000XECUSDT 1INCHUSDT AAVEUSDT ACHUSDT ADAUSDT AGIXUSDT ALGOUSDT ALICEUSDT ALPHAUSDT AMBUSDT ANKRUSDT ANTUSDT APEUSDT API3USDT APTUSDT ARBUSDT ARPAUSDT ARUSDT ASTRUSDT ATAUSDT ATOMUSDT AUDIOUSDT AVAXUSDT AXSUSDT BAKEUSDT BALUSDT BANDUSDT BATUSDT BCHUSDT BELUSDT BLURUSDT BLZUSDT BNBUSDT BNXUSDT BTCUSDT C98USDT CELOUSDT CELRUSDT CFXUSDT CHRUSDT CHZUSDT CKBUSDT COMBOUSDT COMPUSDT COTIUSDT CRVUSDT CTKUSDT CTSIUSDT CVXUSDT DARUSDT DASHUSDT DENTUSDT DGBUSDT DOGEUSDT DOTUSDT DUSKUSDT DYDXUSDT EDUUSDT EGLDUSDT ENJUSDT ENSUSDT EOSUSDT ETCUSDT ETHUSDT FETUSDT FILUSDT FLMUSDT FLOWUSDT FTMUSDT FXSUSDT GALAUSDT GALUSDT GMTUSDT GMXUSDT GRTUSDT GTCUSDT HBARUSDT HFTUSDT HIGHUSDT HOOKUSDT HOTUSDT ICPUSDT ICXUSDT IDEXUSDT IDUSDT IMXUSDT INJUSDT IOSTUSDT IOTAUSDT IOTXUSDT JASMYUSDT JOEUSDT KAVAUSDT KEYUSDT KLAYUSDT KNCUSDT KSMUSDT LDOUSDT LEVERUSDT LINAUSDT LINKUSDT LITUSDT LPTUSDT LQTYUSDT LRCUSDT LTCUSDT LUNA2USDT MAGICUSDT MANAUSDT MASKUSDT MATICUSDT MAVUSDT MDTUSDT MINAUSDT MKRUSDT MTLUSDT NEARUSDT NEOUSDT NKNUSDT NMRUSDT OCEANUSDT OGNUSDT OMGUSDT ONEUSDT ONTUSDT OPUSDT PEOPLEUSDT PERPUSDT PHBUSDT QNTUSDT QTUMUSDT RADUSDT RDNTUSDT REEFUSDT RENUSDT RLCUSDT RNDRUSDT ROSEUSDT RSRUSDT RUNEUSDT RVNUSDT SANDUSDT SFPUSDT SKLUSDT SNXUSDT SOLUSDT SPELLUSDT SSVUSDT STGUSDT STMXUSDT STORJUSDT STXUSDT SUIUSDT SUSHIUSDT SXPUSDT THETAUSDT TLMUSDT TOMOUSDT TRBUSDT TRUUSDT TRXUSDT TUSDT UMAUSDT UNFIUSDT UNIUSDT VETUSDT WAVESUSDT WOOUSDT XEMUSDT XLMUSDT XMRUSDT XRPUSDT XTZUSDT XVSUSDT YFIUSDT ZECUSDT ZENUSDT ZILUSDT ZRXUSDT
2023-08-19,183,183,20,BTCUSDT ETHUSDT XRPUSDT BCHUSDT SOLUSDT LTCUSDT DOGEUSDT COMPUSDT 1000PEPEUSDT XLMUSDT LINKUSDT BNBUSDT MATICUSDT OPUSDT MKRUSDT ARBUSDT STMXUSDT ADAUSDT WAVESUSDT SUIUSDT,1000FLOKIUSDT 1000LUNCUSDT 1000PEPEUSDT 1000SHIBUSDT 1000XECUSDT 1INCHUSDT AAVEUSDT ACHUSDT ADAUSDT AGIXUSDT ALGOUSDT ALICEUSDT ALPHAUSDT AMBUSDT ANKRUSDT ANTUSDT APEUSDT API3USDT APTUSDT ARBUSDT ARPAUSDT ARUSDT ASTRUSDT ATAUSDT ATOMUSDT AUDIOUSDT AVAXUSDT AXSUSDT BAKEUSDT BALUSDT BANDUSDT BATUSDT BCHUSDT BELUSDT BLURUSDT BLZUSDT BNBUSDT BNXUSDT BTCUSDT C98USDT CELOUSDT CELRUSDT CFXUSDT CHRUSDT CHZUSDT CKBUSDT COMBOUSDT COMPUSDT COTIUSDT CRVUSDT CTKUSDT CTSIUSDT CVXUSDT DARUSDT DASHUSDT DENTUSDT DGBUSDT DOGEUSDT DOTUSDT DUSKUSDT DYDXUSDT EDUUSDT EGLDUSDT ENJUSDT ENSUSDT EOSUSDT ETCUSDT ETHUSDT FETUSDT FILUSDT FLMUSDT FLOWUSDT FTMUSDT FXSUSDT GALAUSDT GALUSDT GMTUSDT GMXUSDT GRTUSDT GTCUSDT HBARUSDT HFTUSDT HIGHUSDT HOOKUSDT HOTUSDT ICPUSDT ICXUSDT IDEXUSDT IDUSDT IMXUSDT INJUSDT IOSTUSDT IOTAUSDT IOTXUSDT JASMYUSDT JOEUSDT KAVAUSDT KEYUSDT KLAYUSDT KNCUSDT KSMUSDT LDOUSDT LEVERUSDT LINAUSDT LINKUSDT LITUSDT LPTUSDT LQTYUSDT LRCUSDT LTCUSDT LUNA2USDT MAGICUSDT MANAUSDT MASKUSDT MATICUSDT MAVUSDT MDTUSDT MINAUSDT MKRUSDT MTLUSDT NEARUSDT NEOUSDT NKNUSDT NMRUSDT OCEANUSDT OGNUSDT OMGUSDT ONEUSDT ONTUSDT OPUSDT PEOPLEUSDT PERPUSDT PHBUSDT QNTUSDT QTUMUSDT RADUSDT RDNTUSDT REEFUSDT RENUSDT RLCUSDT RNDRUSDT ROSEUSDT RSRUSDT RUNEUSDT RVNUSDT SANDUSDT SFPUSDT SKLUSDT SNXUSDT SOLUSDT SPELLUSDT SSVUSDT STGUSDT STMXUSDT STORJUSDT STXUSDT SUIUSDT SUSHIUSDT SXPUSDT THETAUSDT TLMUSDT TOMOUSDT TRBUSDT TRUUSDT TRXUSDT TUSDT UMAUSDT UNFIUSDT UNIUSDT VETUSDT WAVESUSDT WOOUSDT XEMUSDT XLMUSDT XMRUSDT XRPUSDT XTZUSDT XVSUSDT YFIUSDT ZECUSDT ZENUSDT ZILUSDT ZRXUSDT
2023-08-26,183,183,20,BTCUSDT ETHUSDT XRPUSDT BCHUSDT SOLUSDT LTCUSDT DOGEUSDT COMPUSDT 1000PEPEUSDT XLMUSDT LINKUSDT BNBUSDT MATICUSDT OPUSDT MKRUSDT ARBUSDT STMXUSDT ADAUSDT WAVESUSDT SUIUSDT,1000FLOKIUSDT 1000LUNCUSDT 1000PEPEUSDT 1000SHIBUSDT 1000XECUSDT 1INCHUSDT AAVEUSDT ACHUSDT ADAUSDT AGIXUSDT ALGOUSDT ALICEUSDT ALPHAUSDT AMBUSDT ANKRUSDT ANTUSDT APEUSDT API3USDT APTUSDT ARBUSDT ARPAUSDT ARUSDT ASTRUSDT ATAUSDT ATOMUSDT AUDIOUSDT AVAXUSDT AXSUSDT BAKEUSDT BALUSDT BANDUSDT BATUSDT BCHUSDT BELUSDT BLURUSDT BLZUSDT BNBUSDT BNXUSDT BTCUSDT C98USDT CELOUSDT CELRUSDT CFXUSDT CHRUSDT CHZUSDT CKBUSDT COMBOUSDT COMPUSDT COTIUSDT CRVUSDT CTKUSDT CTSIUSDT CVXUSDT DARUSDT DASHUSDT DENTUSDT DGBUSDT DOGEUSDT DOTUSDT DUSKUSDT DYDXUSDT EDUUSDT EGLDUSDT ENJUSDT ENSUSDT EOSUSDT ETCUSDT ETHUSDT FETUSDT FILUSDT FLMUSDT FLOWUSDT FTMUSDT FXSUSDT GALAUSDT GALUSDT GMTUSDT GMXUSDT GRTUSDT GTCUSDT HBARUSDT HFTUSDT HIGHUSDT HOOKUSDT HOTUSDT ICPUSDT ICXUSDT IDEXUSDT IDUSDT IMXUSDT INJUSDT IOSTUSDT IOTAUSDT IOTXUSDT JASMYUSDT JOEUSDT KAVAUSDT KEYUSDT KLAYUSDT KNCUSDT KSMUSDT LDOUSDT LEVERUSDT LINAUSDT LINKUSDT LITUSDT LPTUSDT LQTYUSDT LRCUSDT LTCUSDT LUNA2USDT MAGICUSDT MANAUSDT MASKUSDT MATICUSDT MAVUSDT MDTUSDT MINAUSDT MKRUSDT MTLUSDT NEARUSDT NEOUSDT NKNUSDT NMRUSDT OCEANUSDT OGNUSDT OMGUSDT ONEUSDT ONTUSDT OPUSDT PEOPLEUSDT PERPUSDT PHBUSDT QNTUSDT QTUMUSDT RADUSDT RDNTUSDT REEFUSDT RENUSDT RLCUSDT RNDRUSDT ROSEUSDT RSRUSDT RUNEUSDT RVNUSDT SANDUSDT SFPUSDT SKLUSDT SNXUSDT SOLUSDT SPELLUSDT SSVUSDT STGUSDT STMXUSDT STORJUSDT STXUSDT SUIUSDT SUSHIUSDT SXPUSDT THETAUSDT TLMUSDT TOMOUSDT TRBUSDT TRUUSDT TRXUSDT TUSDT UMAUSDT UNFIUSDT UNIUSDT VETUSDT WAVESUSDT WOOUSDT XEMUSDT XLMUSDT XMRUSDT XRPUSDT XTZUSDT XVSUSDT YFIUSDT ZECUSDT ZENUSDT ZILUSDT ZRXUSDT
2023-09-02,188,188,20,BTCUSDT ETHUSDT XRPUSDT SOLUSDT 1000SHIBUSDT BLZUSDT LPTUSDT BCHUSDT LTCUSDT DOGEUSDT OPUSDT 1000PEPEUSDT RUNEUSDT CRVUSDT SUIUSDT TOMOUSDT BNBUSDT MATICUSDT LINKUSDT MKRUSDT,1000FLOKIUSDT 1000LUNCUSDT 1000PEPEUSDT 1000SHIBUSDT 1000XECUSDT 1INCHUSDT AAVEUSDT ACHUSDT ADAUSDT AGIXUSDT AGLDUSDT ALGOUSDT ALICEUSDT ALPHAUSDT AMBUSDT ANKRUSDT ANTUSDT APEUSDT API3USDT APTUSDT ARBUSDT ARKMUSDT ARPAUSDT ARUSDT ASTRUSDT ATAUSDT ATOMUSDT AUDIOUSDT AVAXUSDT AXSUSDT BAKEUSDT BALUSDT BANDUSDT BATUSDT BCHUSDT BELUSDT BLURUSDT BLZUSDT BNBUSDT BNXUSDT BTCUSDT C98USDT CELOUSDT CELRUSDT CFXUSDT CHRUSDT CHZUSDT CKBUSDT COMBOUSDT COMPUSDT COTIUSDT CRVUSDT CTKUSDT CTSIUSDT CVXUSDT DARUSDT DASHUSDT DENTUSDT DGBUSDT DOGEUSDT DOTUSDT DUSKUSDT DYDXUSDT EDUUSDT EGLDUSDT ENJUSDT ENSUSDT EOSUSDT ETCUSDT ETHUSDT FETUSDT FILUSDT FLMUSDT FLOWUSDT FTMUSDT FXSUSDT GALAUSDT GALUSDT GMTUSDT GMXUSDT GRTUSDT GTCUSDT HBARUSDT HFTUSDT HIGHUSDT HOOKUSDT HOTUSDT ICPUSDT ICXUSDT IDEXUSDT IDUSDT IMXUSDT INJUSDT IOSTUSDT IOTAUSDT IOTXUSDT JASMYUSDT JOEUSDT KAVAUSDT KEYUSDT KLAYUSDT KNCUSDT KSMUSDT LDOUSDT LEVERUSDT LINAUSDT LINKUSDT LITUSDT LPTUSDT LQTYUSDT LRCUSDT LTCUSDT LUNA2USDT MAGICUSDT MANAUSDT MASKUSDT MATICUSDT MAVUSDT MDTUSDT MINAUSDT MKRUSDT MTLUSDT NEARUSDT NEOUSDT NKNUSDT NMRUSDT OCEANUSDT OGNUSDT OMGUSDT ONEUSDT ONTUSDT OPUSDT PENDLEUSDT PEOPLEUSDT PERPUSDT PHBUSDT QNTUSDT QTUMUSDT RADUSDT RDNTUSDT REEFUSDT RENUSDT RLCUSDT RNDRUSDT ROSEUSDT RSRUSDT RUNEUSDT RVNUSDT SANDUSDT SFPUSDT SKLUSDT SNXUSDT SOLUSDT SPELLUSDT SSVUSDT STGUSDT STMXUSDT STORJUSDT STXUSDT SUIUSDT SUSHIUSDT SXPUSDT THETAUSDT TLMUSDT TOMOUSDT TRBUSDT TRUUSDT TRXUSDT TUSDT UMAUSDT UNFIUSDT UNIUSDT VETUSDT WAVESUSDT WLDUSDT WOOUSDT XEMUSDT XLMUSDT XMRUSDT XRPUSDT XTZUSDT XVGUSDT XVSUSDT YFIUSDT ZECUSDT ZENUSDT ZILUSDT ZRXUSDT
2023-09-09,188,188,20,BTCUSDT ETHUSDT XRPUSDT SOLUSDT 1000SHIBUSDT BLZUSDT LPTUSDT BCHUSDT LTCUSDT DOGEUSDT OPUSDT 1000PEPEUSDT RUNEUSDT CRVUSDT SUIUSDT TOMOUSDT BNBUSDT MATICUSDT LINKUSDT MKRUSDT,1000FLOKIUSDT 1000LUNCUSDT 1000PEPEUSDT 1000SHIBUSDT 1000XECUSDT 1INCHUSDT AAVEUSDT ACHUSDT ADAUSDT AGIXUSDT AGLDUSDT ALGOUSDT ALICEUSDT ALPHAUSDT AMBUSDT ANKRUSDT ANTUSDT APEUSDT API3USDT APTUSDT ARBUSDT ARKMUSDT ARPAUSDT ARUSDT ASTRUSDT ATAUSDT ATOMUSDT AUDIOUSDT AVAXUSDT AXSUSDT BAKEUSDT BALUSDT BANDUSDT BATUSDT BCHUSDT BELUSDT BLURUSDT BLZUSDT BNBUSDT BNXUSDT BTCUSDT C98USDT CELOUSDT CELRUSDT CFXUSDT CHRUSDT CHZUSDT CKBUSDT COMBOUSDT COMPUSDT COTIUSDT CRVUSDT CTKUSDT CTSIUSDT CVXUSDT DARUSDT DASHUSDT DENTUSDT DGBUSDT DOGEUSDT DOTUSDT DUSKUSDT DYDXUSDT EDUUSDT EGLDUSDT ENJUSDT ENSUSDT EOSUSDT ETCUSDT ETHUSDT FETUSDT FILUSDT FLMUSDT FLOWUSDT FTMUSDT FXSUSDT GALAUSDT GALUSDT GMTUSDT GMXUSDT GRTUSDT GTCUSDT HBARUSDT HFTUSDT HIGHUSDT HOOKUSDT HOTUSDT ICPUSDT ICXUSDT IDEXUSDT IDUSDT IMXUSDT INJUSDT IOSTUSDT IOTAUSDT IOTXUSDT JASMYUSDT JOEUSDT KAVAUSDT KEYUSDT KLAYUSDT KNCUSDT KSMUSDT LDOUSDT LEVERUSDT LINAUSDT LINKUSDT LITUSDT LPTUSDT LQTYUSDT LRCUSDT LTCUSDT LUNA2USDT MAGICUSDT MANAUSDT MASKUSDT MATICUSDT MAVUSDT MDTUSDT MINAUSDT MKRUSDT MTLUSDT NEARUSDT NEOUSDT NKNUSDT NMRUSDT OCEANUSDT OGNUSDT OMGUSDT ONEUSDT ONTUSDT OPUSDT PENDLEUSDT PEOPLEUSDT PERPUSDT PHBUSDT QNTUSDT QTUMUSDT RADUSDT RDNTUSDT REEFUSDT RENUSDT RLCUSDT RNDRUSDT ROSEUSDT RSRUSDT RUNEUSDT RVNUSDT SANDUSDT SFPUSDT SKLUSDT SNXUSDT SOLUSDT SPELLUSDT SSVUSDT STGUSDT STMXUSDT STORJUSDT STXUSDT SUIUSDT SUSHIUSDT SXPUSDT THETAUSDT TLMUSDT TOMOUSDT TRBUSDT TRUUSDT TRXUSDT TUSDT UMAUSDT UNFIUSDT UNIUSDT VETUSDT WAVESUSDT WLDUSDT WOOUSDT XEMUSDT XLMUSDT XMRUSDT XRPUSDT XTZUSDT XVGUSDT XVSUSDT YFIUSDT ZECUSDT ZENUSDT ZILUSDT ZRXUSDT
2023-09-16,188,188,20,BTCUSDT ETHUSDT XRPUSDT SOLUSDT 1000SHIBUSDT BLZUSDT LPTUSDT BCHUSDT LTCUSDT DOGEUSDT OPUSDT 1000PEPEUSDT RUNEUSDT CRVUSDT SUIUSDT TOMOUSDT BNBUSDT MATICUSDT LINKUSDT MKRUSDT,1000FLOKIUSDT 1000LUNCUSDT 1000PEPEUSDT 1000SHIBUSDT 1000XECUSDT 1INCHUSDT AAVEUSDT ACHUSDT ADAUSDT AGIXUSDT AGLDUSDT ALGOUSDT ALICEUSDT ALPHAUSDT AMBUSDT ANKRUSDT ANTUSDT APEUSDT API3USDT APTUSDT ARBUSDT ARKMUSDT ARPAUSDT ARUSDT ASTRUSDT ATAUSDT ATOMUSDT AUDIOUSDT AVAXUSDT AXSUSDT BAKEUSDT BALUSDT BANDUSDT BATUSDT BCHUSDT BELUSDT BLURUSDT BLZUSDT BNBUSDT BNXUSDT BTCUSDT C98USDT CELOUSDT CELRUSDT CFXUSDT CHRUSDT CHZUSDT CKBUSDT COMBOUSDT COMPUSDT COTIUSDT CRVUSDT CTKUSDT CTSIUSDT CVXUSDT DARUSDT DASHUSDT DENTUSDT DGBUSDT DOGEUSDT DOTUSDT DUSKUSDT DYDXUSDT EDUUSDT EGLDUSDT ENJUSDT ENSUSDT EOSUSDT ETCUSDT ETHUSDT FETUSDT FILUSDT FLMUSDT FLOWUSDT FTMUSDT FXSUSDT GALAUSDT GALUSDT GMTUSDT GMXUSDT GRTUSDT GTCUSDT HBARUSDT HFTUSDT HIGHUSDT HOOKUSDT HOTUSDT ICPUSDT ICXUSDT IDEXUSDT IDUSDT IMXUSDT INJUSDT IOSTUSDT IOTAUSDT IOTXUSDT JASMYUSDT JOEUSDT KAVAUSDT KEYUSDT KLAYUSDT KNCUSDT KSMUSDT LDOUSDT LEVERUSDT LINAUSDT LINKUSDT LITUSDT LPTUSDT LQTYUSDT LRCUSDT LTCUSDT LUNA2USDT MAGICUSDT MANAUSDT MASKUSDT MATICUSDT MAVUSDT MDTUSDT MINAUSDT MKRUSDT MTLUSDT NEARUSDT NEOUSDT NKNUSDT NMRUSDT OCEANUSDT OGNUSDT OMGUSDT ONEUSDT ONTUSDT OPUSDT PENDLEUSDT PEOPLEUSDT PERPUSDT PHBUSDT QNTUSDT QTUMUSDT RADUSDT RDNTUSDT REEFUSDT RENUSDT RLCUSDT RNDRUSDT ROSEUSDT RSRUSDT RUNEUSDT RVNUSDT SANDUSDT SFPUSDT SKLUSDT SNXUSDT SOLUSDT SPELLUSDT SSVUSDT STGUSDT STMXUSDT STORJUSDT STXUSDT SUIUSDT SUSHIUSDT SXPUSDT THETAUSDT TLMUSDT TOMOUSDT TRBUSDT TRUUSDT TRXUSDT TUSDT UMAUSDT UNFIUSDT UNIUSDT VETUSDT WAVESUSDT WLDUSDT WOOUSDT XEMUSDT XLMUSDT XMRUSDT XRPUSDT XTZUSDT XVGUSDT XVSUSDT YFIUSDT ZECUSDT ZENUSDT ZILUSDT ZRXUSDT
2023-09-23,188,188,20,BTCUSDT ETHUSDT XRPUSDT SOLUSDT 1000SHIBUSDT BLZUSDT LPTUSDT BCHUSDT LTCUSDT DOGEUSDT OPUSDT 1000PEPEUSDT RUNEUSDT CRVUSDT SUIUSDT TOMOUSDT BNBUSDT MATICUSDT LINKUSDT MKRUSDT,1000FLOKIUSDT 1000LUNCUSDT 1000PEPEUSDT 1000SHIBUSDT 1000XECUSDT 1INCHUSDT AAVEUSDT ACHUSDT ADAUSDT AGIXUSDT AGLDUSDT ALGOUSDT ALICEUSDT ALPHAUSDT AMBUSDT ANKRUSDT ANTUSDT APEUSDT API3USDT APTUSDT ARBUSDT ARKMUSDT ARPAUSDT ARUSDT ASTRUSDT ATAUSDT ATOMUSDT AUDIOUSDT AVAXUSDT AXSUSDT BAKEUSDT BALUSDT BANDUSDT BATUSDT BCHUSDT BELUSDT BLURUSDT BLZUSDT BNBUSDT BNXUSDT BTCUSDT C98USDT CELOUSDT CELRUSDT CFXUSDT CHRUSDT CHZUSDT CKBUSDT COMBOUSDT COMPUSDT COTIUSDT CRVUSDT CTKUSDT CTSIUSDT CVXUSDT DARUSDT DASHUSDT DENTUSDT DGBUSDT DOGEUSDT DOTUSDT DUSKUSDT DYDXUSDT EDUUSDT EGLDUSDT ENJUSDT ENSUSDT EOSUSDT ETCUSDT ETHUSDT FETUSDT FILUSDT FLMUSDT FLOWUSDT FTMUSDT FXSUSDT GALAUSDT GALUSDT GMTUSDT GMXUSDT GRTUSDT GTCUSDT HBARUSDT HFTUSDT HIGHUSDT HOOKUSDT HOTUSDT ICPUSDT ICXUSDT IDEXUSDT IDUSDT IMXUSDT INJUSDT IOSTUSDT IOTAUSDT IOTXUSDT JASMYUSDT JOEUSDT KAVAUSDT KEYUSDT KLAYUSDT KNCUSDT KSMUSDT LDOUSDT LEVERUSDT LINAUSDT LINKUSDT LITUSDT LPTUSDT LQTYUSDT LRCUSDT LTCUSDT LUNA2USDT MAGICUSDT MANAUSDT MASKUSDT MATICUSDT MAVUSDT MDTUSDT MINAUSDT MKRUSDT MTLUSDT NEARUSDT NEOUSDT NKNUSDT NMRUSDT OCEANUSDT OGNUSDT OMGUSDT ONEUSDT ONTUSDT OPUSDT PENDLEUSDT PEOPLEUSDT PERPUSDT PHBUSDT QNTUSDT QTUMUSDT RADUSDT RDNTUSDT REEFUSDT RENUSDT RLCUSDT RNDRUSDT ROSEUSDT RSRUSDT RUNEUSDT RVNUSDT SANDUSDT SFPUSDT SKLUSDT SNXUSDT SOLUSDT SPELLUSDT SSVUSDT STGUSDT STMXUSDT STORJUSDT STXUSDT SUIUSDT SUSHIUSDT SXPUSDT THETAUSDT TLMUSDT TOMOUSDT TRBUSDT TRUUSDT TRXUSDT TUSDT UMAUSDT UNFIUSDT UNIUSDT VETUSDT WAVESUSDT WLDUSDT WOOUSDT XEMUSDT XLMUSDT XMRUSDT XRPUSDT XTZUSDT XVGUSDT XVSUSDT YFIUSDT ZECUSDT ZENUSDT ZILUSDT ZRXUSDT
2023-09-30,188,188,20,BTCUSDT ETHUSDT XRPUSDT SOLUSDT 1000SHIBUSDT BLZUSDT LPTUSDT BCHUSDT LTCUSDT DOGEUSDT OPUSDT 1000PEPEUSDT RUNEUSDT CRVUSDT SUIUSDT TOMOUSDT BNBUSDT MATICUSDT LINKUSDT MKRUSDT,1000FLOKIUSDT 1000LUNCUSDT 1000PEPEUSDT 1000SHIBUSDT 1000XECUSDT 1INCHUSDT AAVEUSDT ACHUSDT ADAUSDT AGIXUSDT AGLDUSDT ALGOUSDT ALICEUSDT ALPHAUSDT AMBUSDT ANKRUSDT ANTUSDT APEUSDT API3USDT APTUSDT ARBUSDT ARKMUSDT ARPAUSDT ARUSDT ASTRUSDT ATAUSDT ATOMUSDT AUDIOUSDT AVAXUSDT AXSUSDT BAKEUSDT BALUSDT BANDUSDT BATUSDT BCHUSDT BELUSDT BLURUSDT BLZUSDT BNBUSDT BNXUSDT BTCUSDT C98USDT CELOUSDT CELRUSDT CFXUSDT CHRUSDT CHZUSDT CKBUSDT COMBOUSDT COMPUSDT COTIUSDT CRVUSDT CTKUSDT CTSIUSDT CVXUSDT DARUSDT DASHUSDT DENTUSDT DGBUSDT DOGEUSDT DOTUSDT DUSKUSDT DYDXUSDT EDUUSDT EGLDUSDT ENJUSDT ENSUSDT EOSUSDT ETCUSDT ETHUSDT FETUSDT FILUSDT FLMUSDT FLOWUSDT FTMUSDT FXSUSDT GALAUSDT GALUSDT GMTUSDT GMXUSDT GRTUSDT GTCUSDT HBARUSDT HFTUSDT HIGHUSDT HOOKUSDT HOTUSDT ICPUSDT ICXUSDT IDEXUSDT IDUSDT IMXUSDT INJUSDT IOSTUSDT IOTAUSDT IOTXUSDT JASMYUSDT JOEUSDT KAVAUSDT KEYUSDT KLAYUSDT KNCUSDT KSMUSDT LDOUSDT LEVERUSDT LINAUSDT LINKUSDT LITUSDT LPTUSDT LQTYUSDT LRCUSDT LTCUSDT LUNA2USDT MAGICUSDT MANAUSDT MASKUSDT MATICUSDT MAVUSDT MDTUSDT MINAUSDT MKRUSDT MTLUSDT NEARUSDT NEOUSDT NKNUSDT NMRUSDT OCEANUSDT OGNUSDT OMGUSDT ONEUSDT ONTUSDT OPUSDT PENDLEUSDT PEOPLEUSDT PERPUSDT PHBUSDT QNTUSDT QTUMUSDT RADUSDT RDNTUSDT REEFUSDT RENUSDT RLCUSDT RNDRUSDT ROSEUSDT RSRUSDT RUNEUSDT RVNUSDT SANDUSDT SFPUSDT SKLUSDT SNXUSDT SOLUSDT SPELLUSDT SSVUSDT STGUSDT STMXUSDT STORJUSDT STXUSDT SUIUSDT SUSHIUSDT SXPUSDT THETAUSDT TLMUSDT TOMOUSDT TRBUSDT TRUUSDT TRXUSDT TUSDT UMAUSDT UNFIUSDT UNIUSDT VETUSDT WAVESUSDT WLDUSDT WOOUSDT XEMUSDT XLMUSDT XMRUSDT XRPUSDT XTZUSDT XVGUSDT XVSUSDT YFIUSDT ZECUSDT ZENUSDT ZILUSDT ZRXUSDT
2023-10-07,194,194,20,BTCUSDT ETHUSDT TRBUSDT SOLUSDT WLDUSDT CYBERUSDT XRPUSDT PERPUSDT BCHUSDT BLZUSDT LINKUSDT UNFIUSDT STORJUSDT FLMUSDT DOGEUSDT LTCUSDT 1000PEPEUSDT BNBUSDT STMXUSDT OPUSDT,1000FLOKIUSDT 1000LUNCUSDT 1000PEPEUSDT 1000SHIBUSDT 1000XECUSDT 1INCHUSDT AAVEUSDT ACHUSDT ADAUSDT AGIXUSDT AGLDUSDT ALGOUSDT ALICEUSDT ALPHAUSDT AMBUSDT ANKRUSDT ANTUSDT APEUSDT API3USDT APTUSDT ARBUSDT ARKMUSDT ARPAUSDT ARUSDT ASTRUSDT ATAUSDT ATOMUSDT AUDIOUSDT AVAXUSDT AXSUSDT BAKEUSDT BALUSDT BANDUSDT BATUSDT BCHUSDT BELUSDT BLURUSDT BLZUSDT BNBUSDT BNTUSDT BNXUSDT BTCUSDT C98USDT CELOUSDT CELRUSDT CFXUSDT CHRUSDT CHZUSDT CKBUSDT COMBOUSDT COMPUSDT COTIUSDT CRVUSDT CTKUSDT CTSIUSDT CVXUSDT CYBERUSDT DARUSDT DASHUSDT DENTUSDT DGBUSDT DODOXUSDT DOGEUSDT DOTUSDT DUSKUSDT DYDXUSDT EDUUSDT EGLDUSDT ENJUSDT ENSUSDT EOSUSDT ETCUSDT ETHUSDT FETUSDT FILUSDT FLMUSDT FLOWUSDT FTMUSDT FXSUSDT GALAUSDT GALUSDT GMTUSDT GMXUSDT GRTUSDT GTCUSDT HBARUSDT HFTUSDT HIGHUSDT HOOKUSDT HOTUSDT ICPUSDT ICXUSDT IDEXUSDT IDUSDT IMXUSDT INJUSDT IOSTUSDT IOTAUSDT IOTXUSDT JASMYUSDT JOEUSDT KAVAUSDT KEYUSDT KLAYUSDT KNCUSDT KSMUSDT LDOUSDT LEVERUSDT LINAUSDT LINKUSDT LITUSDT LPTUSDT LQTYUSDT LRCUSDT LTCUSDT LUNA2USDT MAGICUSDT MANAUSDT MASKUSDT MATICUSDT MAVUSDT MDTUSDT MINAUSDT MKRUSDT MTLUSDT NEARUSDT NEOUSDT NKNUSDT NMRUSDT OCEANUSDT OGNUSDT OMGUSDT ONEUSDT ONTUSDT OPUSDT OXTUSDT PENDLEUSDT PEOPLEUSDT PERPUSDT PHBUSDT QNTUSDT QTUMUSDT RADUSDT RDNTUSDT REEFUSDT RENUSDT RLCUSDT RNDRUSDT ROSEUSDT RSRUSDT RUNEUSDT RVNUSDT SANDUSDT SEIUSDT SFPUSDT SKLUSDT SNXUSDT SOLUSDT SPELLUSDT SSVUSDT STGUSDT STMXUSDT STORJUSDT STXUSDT SUIUSDT SUSHIUSDT SXPUSDT THETAUSDT TLMUSDT TOMOUSDT TRBUSDT TRUUSDT TRXUSDT TUSDT UMAUSDT UNFIUSDT UNIUSDT VETUSDT WAVESUSDT WLDUSDT WOOUSDT XEMUSDT XLMUSDT XMRUSDT XRPUSDT XTZUSDT XVGUSDT XVSUSDT YFIUSDT YGGUSDT ZECUSDT ZENUSDT ZILUSDT ZRXUSDT
2023-10-14,194,194,20,BTCUSDT ETHUSDT TRBUSDT SOLUSDT WLDUSDT CYBERUSDT XRPUSDT PERPUSDT BCHUSDT BLZUSDT LINKUSDT UNFIUSDT STORJUSDT FLMUSDT DOGEUSDT LTCUSDT 1000PEPEUSDT BNBUSDT STMXUSDT OPUSDT,1000FLOKIUSDT 1000LUNCUSDT 1000PEPEUSDT 1000SHIBUSDT 1000XECUSDT 1INCHUSDT AAVEUSDT ACHUSDT ADAUSDT AGIXUSDT AGLDUSDT ALGOUSDT ALICEUSDT ALPHAUSDT AMBUSDT ANKRUSDT ANTUSDT APEUSDT API3USDT APTUSDT ARBUSDT ARKMUSDT ARPAUSDT ARUSDT ASTRUSDT ATAUSDT ATOMUSDT AUDIOUSDT AVAXUSDT AXSUSDT BAKEUSDT BALUSDT BANDUSDT BATUSDT BCHUSDT BELUSDT BLURUSDT BLZUSDT BNBUSDT BNTUSDT BNXUSDT BTCUSDT C98USDT CELOUSDT CELRUSDT CFXUSDT CHRUSDT CHZUSDT CKBUSDT COMBOUSDT COMPUSDT COTIUSDT CRVUSDT CTKUSDT CTSIUSDT CVXUSDT CYBERUSDT DARUSDT DASHUSDT DENTUSDT DGBUSDT DODOXUSDT DOGEUSDT DOTUSDT DUSKUSDT DYDXUSDT EDUUSDT EGLDUSDT ENJUSDT ENSUSDT EOSUSDT ETCUSDT ETHUSDT FETUSDT FILUSDT FLMUSDT FLOWUSDT FTMUSDT FXSUSDT GALAUSDT GALUSDT GMTUSDT GMXUSDT GRTUSDT GTCUSDT HBARUSDT HFTUSDT HIGHUSDT HOOKUSDT HOTUSDT ICPUSDT ICXUSDT IDEXUSDT IDUSDT IMXUSDT INJUSDT IOSTUSDT IOTAUSDT IOTXUSDT JASMYUSDT JOEUSDT KAVAUSDT KEYUSDT KLAYUSDT KNCUSDT KSMUSDT LDOUSDT LEVERUSDT LINAUSDT LINKUSDT LITUSDT LPTUSDT LQTYUSDT LRCUSDT LTCUSDT LUNA2USDT MAGICUSDT MANAUSDT MASKUSDT MATICUSDT MAVUSDT MDTUSDT MINAUSDT MKRUSDT MTLUSDT NEARUSDT NEOUSDT NKNUSDT NMRUSDT OCEANUSDT OGNUSDT OMGUSDT ONEUSDT ONTUSDT OPUSDT OXTUSDT PENDLEUSDT PEOPLEUSDT PERPUSDT PHBUSDT QNTUSDT QTUMUSDT RADUSDT RDNTUSDT REEFUSDT RENUSDT RLCUSDT RNDRUSDT ROSEUSDT RSRUSDT RUNEUSDT RVNUSDT SANDUSDT SEIUSDT SFPUSDT SKLUSDT SNXUSDT SOLUSDT SPELLUSDT SSVUSDT STGUSDT STMXUSDT STORJUSDT STXUSDT SUIUSDT SUSHIUSDT SXPUSDT THETAUSDT TLMUSDT TOMOUSDT TRBUSDT TRUUSDT TRXUSDT TUSDT UMAUSDT UNFIUSDT UNIUSDT VETUSDT WAVESUSDT WLDUSDT WOOUSDT XEMUSDT XLMUSDT XMRUSDT XRPUSDT XTZUSDT XVGUSDT XVSUSDT YFIUSDT YGGUSDT ZECUSDT ZENUSDT ZILUSDT ZRXUSDT
2023-10-21,194,194,20,BTCUSDT ETHUSDT TRBUSDT SOLUSDT WLDUSDT CYBERUSDT XRPUSDT PERPUSDT BCHUSDT BLZUSDT LINKUSDT UNFIUSDT STORJUSDT FLMUSDT DOGEUSDT LTCUSDT 1000PEPEUSDT BNBUSDT STMXUSDT OPUSDT,1000FLOKIUSDT 1000LUNCUSDT 1000PEPEUSDT 1000SHIBUSDT 1000XECUSDT 1INCHUSDT AAVEUSDT ACHUSDT ADAUSDT AGIXUSDT AGLDUSDT ALGOUSDT ALICEUSDT ALPHAUSDT AMBUSDT ANKRUSDT ANTUSDT APEUSDT API3USDT APTUSDT ARBUSDT ARKMUSDT ARPAUSDT ARUSDT ASTRUSDT ATAUSDT ATOMUSDT AUDIOUSDT AVAXUSDT AXSUSDT BAKEUSDT BALUSDT BANDUSDT BATUSDT BCHUSDT BELUSDT BLURUSDT BLZUSDT BNBUSDT BNTUSDT BNXUSDT BTCUSDT C98USDT CELOUSDT CELRUSDT CFXUSDT CHRUSDT CHZUSDT CKBUSDT COMBOUSDT COMPUSDT COTIUSDT CRVUSDT CTKUSDT CTSIUSDT CVXUSDT CYBERUSDT DARUSDT DASHUSDT DENTUSDT DGBUSDT DODOXUSDT DOGEUSDT DOTUSDT DUSKUSDT DYDXUSDT EDUUSDT EGLDUSDT ENJUSDT ENSUSDT EOSUSDT ETCUSDT ETHUSDT FETUSDT FILUSDT FLMUSDT FLOWUSDT FTMUSDT FXSUSDT GALAUSDT GALUSDT GMTUSDT GMXUSDT GRTUSDT GTCUSDT HBARUSDT HFTUSDT HIGHUSDT HOOKUSDT HOTUSDT ICPUSDT ICXUSDT IDEXUSDT IDUSDT IMXUSDT INJUSDT IOSTUSDT IOTAUSDT IOTXUSDT JASMYUSDT JOEUSDT KAVAUSDT KEYUSDT KLAYUSDT KNCUSDT KSMUSDT LDOUSDT LEVERUSDT LINAUSDT LINKUSDT LITUSDT LPTUSDT LQTYUSDT LRCUSDT LTCUSDT LUNA2USDT MAGICUSDT MANAUSDT MASKUSDT MATICUSDT MAVUSDT MDTUSDT MINAUSDT MKRUSDT MTLUSDT NEARUSDT NEOUSDT NKNUSDT NMRUSDT OCEANUSDT OGNUSDT OMGUSDT ONEUSDT ONTUSDT OPUSDT OXTUSDT PENDLEUSDT PEOPLEUSDT PERPUSDT PHBUSDT QNTUSDT QTUMUSDT RADUSDT RDNTUSDT REEFUSDT RENUSDT RLCUSDT RNDRUSDT ROSEUSDT RSRUSDT RUNEUSDT RVNUSDT SANDUSDT SEIUSDT SFPUSDT SKLUSDT SNXUSDT SOLUSDT SPELLUSDT SSVUSDT STGUSDT STMXUSDT STORJUSDT STXUSDT SUIUSDT SUSHIUSDT SXPUSDT THETAUSDT TLMUSDT TOMOUSDT TRBUSDT TRUUSDT TRXUSDT TUSDT UMAUSDT UNFIUSDT UNIUSDT VETUSDT WAVESUSDT WLDUSDT WOOUSDT XEMUSDT XLMUSDT XMRUSDT XRPUSDT XTZUSDT XVGUSDT XVSUSDT YFIUSDT YGGUSDT ZECUSDT ZENUSDT ZILUSDT ZRXUSDT
2023-10-28,194,194,20,BTCUSDT ETHUSDT TRBUSDT SOLUSDT WLDUSDT CYBERUSDT XRPUSDT PERPUSDT BCHUSDT BLZUSDT LINKUSDT UNFIUSDT STORJUSDT FLMUSDT DOGEUSDT LTCUSDT 1000PEPEUSDT BNBUSDT STMXUSDT OPUSDT,1000FLOKIUSDT 1000LUNCUSDT 1000PEPEUSDT 1000SHIBUSDT 1000XECUSDT 1INCHUSDT AAVEUSDT ACHUSDT ADAUSDT AGIXUSDT AGLDUSDT ALGOUSDT ALICEUSDT ALPHAUSDT AMBUSDT ANKRUSDT ANTUSDT APEUSDT API3USDT APTUSDT ARBUSDT ARKMUSDT ARPAUSDT ARUSDT ASTRUSDT ATAUSDT ATOMUSDT AUDIOUSDT AVAXUSDT AXSUSDT BAKEUSDT BALUSDT BANDUSDT BATUSDT BCHUSDT BELUSDT BLURUSDT BLZUSDT BNBUSDT BNTUSDT BNXUSDT BTCUSDT C98USDT CELOUSDT CELRUSDT CFXUSDT CHRUSDT CHZUSDT CKBUSDT COMBOUSDT COMPUSDT COTIUSDT CRVUSDT CTKUSDT CTSIUSDT CVXUSDT CYBERUSDT DARUSDT DASHUSDT DENTUSDT DGBUSDT DODOXUSDT DOGEUSDT DOTUSDT DUSKUSDT DYDXUSDT EDUUSDT EGLDUSDT ENJUSDT ENSUSDT EOSUSDT ETCUSDT ETHUSDT FETUSDT FILUSDT FLMUSDT FLOWUSDT FTMUSDT FXSUSDT GALAUSDT GALUSDT GMTUSDT GMXUSDT GRTUSDT GTCUSDT HBARUSDT HFTUSDT HIGHUSDT HOOKUSDT HOTUSDT ICPUSDT ICXUSDT IDEXUSDT IDUSDT IMXUSDT INJUSDT IOSTUSDT IOTAUSDT IOTXUSDT JASMYUSDT JOEUSDT KAVAUSDT KEYUSDT KLAYUSDT KNCUSDT KSMUSDT LDOUSDT LEVERUSDT LINAUSDT LINKUSDT LITUSDT LPTUSDT LQTYUSDT LRCUSDT LTCUSDT LUNA2USDT MAGICUSDT MANAUSDT MASKUSDT MATICUSDT MAVUSDT MDTUSDT MINAUSDT MKRUSDT MTLUSDT NEARUSDT NEOUSDT NKNUSDT NMRUSDT OCEANUSDT OGNUSDT OMGUSDT ONEUSDT ONTUSDT OPUSDT OXTUSDT PENDLEUSDT PEOPLEUSDT PERPUSDT PHBUSDT QNTUSDT QTUMUSDT RADUSDT RDNTUSDT REEFUSDT RENUSDT RLCUSDT RNDRUSDT ROSEUSDT RSRUSDT RUNEUSDT RVNUSDT SANDUSDT SEIUSDT SFPUSDT SKLUSDT SNXUSDT SOLUSDT SPELLUSDT SSVUSDT STGUSDT STMXUSDT STORJUSDT STXUSDT SUIUSDT SUSHIUSDT SXPUSDT THETAUSDT TLMUSDT TOMOUSDT TRBUSDT TRUUSDT TRXUSDT TUSDT UMAUSDT UNFIUSDT UNIUSDT VETUSDT WAVESUSDT WLDUSDT WOOUSDT XEMUSDT XLMUSDT XMRUSDT XRPUSDT XTZUSDT XVGUSDT XVSUSDT YFIUSDT YGGUSDT ZECUSDT ZENUSDT ZILUSDT ZRXUSDT
2023-11-04,199,199,20,BTCUSDT ETHUSDT SOLUSDT TRBUSDT XRPUSDT LINKUSDT BCHUSDT DOGEUSDT 1000PEPEUSDT WLDUSDT AVAXUSDT MATICUSDT BNBUSDT GALAUSDT LQTYUSDT BNTUSDT ARKUSDT STORJUSDT LTCUSDT RUNEUSDT,1000FLOKIUSDT 1000LUNCUSDT 1000PEPEUSDT 1000SHIBUSDT 1000XECUSDT 1INCHUSDT AAVEUSDT ACHUSDT ADAUSDT AGIXUSDT AGLDUSDT ALGOUSDT ALICEUSDT ALPHAUSDT AMBUSDT ANKRUSDT ANTUSDT APEUSDT API3USDT APTUSDT ARBUSDT ARKMUSDT ARKUSDT ARPAUSDT ARUSDT ASTRUSDT ATAUSDT ATOMUSDT AUDIOUSDT AVAXUSDT AXSUSDT BAKEUSDT BALUSDT BANDUSDT BATUSDT BCHUSDT BELUSDT BICOUSDT BLURUSDT BLZUSDT BNBUSDT BNTUSDT BNXUSDT BTCUSDT C98USDT CELOUSDT CELRUSDT CFXUSDT CHRUSDT CHZUSDT CKBUSDT COMBOUSDT COMPUSDT COTIUSDT CRVUSDT CTKUSDT CTSIUSDT CVXUSDT CYBERUSDT DARUSDT DASHUSDT DENTUSDT DGBUSDT DODOXUSDT DOGEUSDT DOTUSDT DUSKUSDT DYDXUSDT EDUUSDT EGLDUSDT ENJUSDT ENSUSDT EOSUSDT ETCUSDT ETHUSDT FETUSDT FILUSDT FLMUSDT FLOWUSDT FRONTUSDT FTMUSDT FXSUSDT GALAUSDT GALUSDT GLMRUSDT GMTUSDT GMXUSDT GRTUSDT GTCUSDT HBARUSDT HFTUSDT HIFIUSDT HIGHUSDT HOOKUSDT HOTUSDT ICPUSDT ICXUSDT IDEXUSDT IDUSDT IMXUSDT INJUSDT IOSTUSDT IOTAUSDT IOTXUSDT JASMYUSDT JOEUSDT KAVAUSDT KEYUSDT KLAYUSDT KNCUSDT KSMUSDT LDOUSDT LEVERUSDT LINAUSDT LINKUSDT LITUSDT LPTUSDT LQTYUSDT LRCUSDT LTCUSDT LUNA2USDT MAGICUSDT MANAUSDT MASKUSDT MATICUSDT MAVUSDT MDTUSDT MINAUSDT MKRUSDT MTLUSDT NEARUSDT NEOUSDT NKNUSDT NMRUSDT OCEANUSDT OGNUSDT OMGUSDT ONEUSDT ONTUSDT OPUSDT OXTUSDT PENDLEUSDT PEOPLEUSDT PERPUSDT PHBUSDT QNTUSDT QTUMUSDT RADUSDT RDNTUSDT REEFUSDT RENUSDT RLCUSDT RNDRUSDT ROSEUSDT RSRUSDT RUNEUSDT RVNUSDT SANDUSDT SEIUSDT SFPUSDT SKLUSDT SNXUSDT SOLUSDT SPELLUSDT SSVUSDT STGUSDT STMXUSDT STORJUSDT STXUSDT SUIUSDT SUSHIUSDT SXPUSDT THETAUSDT TLMUSDT TOMOUSDT TRBUSDT TRUUSDT TRXUSDT TUSDT UMAUSDT UNFIUSDT UNIUSDT VETUSDT WAVESUSDT WLDUSDT WOOUSDT XEMUSDT XLMUSDT XMRUSDT XRPUSDT XTZUSDT XVGUSDT XVSUSDT YFIUSDT YGGUSDT ZECUSDT ZENUSDT ZILUSDT ZRXUSDT
2023-11-11,199,199,20,BTCUSDT ETHUSDT SOLUSDT TRBUSDT XRPUSDT LINKUSDT BCHUSDT DOGEUSDT 1000PEPEUSDT WLDUSDT AVAXUSDT MATICUSDT BNBUSDT GALAUSDT LQTYUSDT BNTUSDT ARKUSDT STORJUSDT LTCUSDT RUNEUSDT,1000FLOKIUSDT 1000LUNCUSDT 1000PEPEUSDT 1000SHIBUSDT 1000XECUSDT 1INCHUSDT AAVEUSDT ACHUSDT ADAUSDT AGIXUSDT AGLDUSDT ALGOUSDT ALICEUSDT ALPHAUSDT AMBUSDT ANKRUSDT ANTUSDT APEUSDT API3USDT APTUSDT ARBUSDT ARKMUSDT ARKUSDT ARPAUSDT ARUSDT ASTRUSDT ATAUSDT ATOMUSDT AUDIOUSDT AVAXUSDT AXSUSDT BAKEUSDT BALUSDT BANDUSDT BATUSDT BCHUSDT BELUSDT BICOUSDT BLURUSDT BLZUSDT BNBUSDT BNTUSDT BNXUSDT BTCUSDT C98USDT CELOUSDT CELRUSDT CFXUSDT CHRUSDT CHZUSDT CKBUSDT COMBOUSDT COMPUSDT COTIUSDT CRVUSDT CTKUSDT CTSIUSDT CVXUSDT CYBERUSDT DARUSDT DASHUSDT DENTUSDT DGBUSDT DODOXUSDT DOGEUSDT DOTUSDT DUSKUSDT DYDXUSDT EDUUSDT EGLDUSDT ENJUSDT ENSUSDT EOSUSDT ETCUSDT ETHUSDT FETUSDT FILUSDT FLMUSDT FLOWUSDT FRONTUSDT FTMUSDT FXSUSDT GALAUSDT GALUSDT GLMRUSDT GMTUSDT GMXUSDT GRTUSDT GTCUSDT HBARUSDT HFTUSDT HIFIUSDT HIGHUSDT HOOKUSDT HOTUSDT ICPUSDT ICXUSDT IDEXUSDT IDUSDT IMXUSDT INJUSDT IOSTUSDT IOTAUSDT IOTXUSDT JASMYUSDT JOEUSDT KAVAUSDT KEYUSDT KLAYUSDT KNCUSDT KSMUSDT LDOUSDT LEVERUSDT LINAUSDT LINKUSDT LITUSDT LPTUSDT LQTYUSDT LRCUSDT LTCUSDT LUNA2USDT MAGICUSDT MANAUSDT MASKUSDT MATICUSDT MAVUSDT MDTUSDT MINAUSDT MKRUSDT MTLUSDT NEARUSDT NEOUSDT NKNUSDT NMRUSDT OCEANUSDT OGNUSDT OMGUSDT ONEUSDT ONTUSDT OPUSDT OXTUSDT PENDLEUSDT PEOPLEUSDT PERPUSDT PHBUSDT QNTUSDT QTUMUSDT RADUSDT RDNTUSDT REEFUSDT RENUSDT RLCUSDT RNDRUSDT ROSEUSDT RSRUSDT RUNEUSDT RVNUSDT SANDUSDT SEIUSDT SFPUSDT SKLUSDT SNXUSDT SOLUSDT SPELLUSDT SSVUSDT STGUSDT STMXUSDT STORJUSDT STXUSDT SUIUSDT SUSHIUSDT SXPUSDT THETAUSDT TLMUSDT TOMOUSDT TRBUSDT TRUUSDT TRXUSDT TUSDT UMAUSDT UNFIUSDT UNIUSDT VETUSDT WAVESUSDT WLDUSDT WOOUSDT XEMUSDT XLMUSDT XMRUSDT XRPUSDT XTZUSDT XVGUSDT XVSUSDT YFIUSDT YGGUSDT ZECUSDT ZENUSDT ZILUSDT ZRXUSDT
2023-11-18,199,199,20,BTCUSDT ETHUSDT SOLUSDT TRBUSDT XRPUSDT LINKUSDT BCHUSDT DOGEUSDT 1000PEPEUSDT WLDUSDT AVAXUSDT MATICUSDT BNBUSDT GALAUSDT LQTYUSDT BNTUSDT ARKUSDT STORJUSDT LTCUSDT RUNEUSDT,1000FLOKIUSDT 1000LUNCUSDT 1000PEPEUSDT 1000SHIBUSDT 1000XECUSDT 1INCHUSDT AAVEUSDT ACHUSDT ADAUSDT AGIXUSDT AGLDUSDT ALGOUSDT ALICEUSDT ALPHAUSDT AMBUSDT ANKRUSDT ANTUSDT APEUSDT API3USDT APTUSDT ARBUSDT ARKMUSDT ARKUSDT ARPAUSDT ARUSDT ASTRUSDT ATAUSDT ATOMUSDT AUDIOUSDT AVAXUSDT AXSUSDT BAKEUSDT BALUSDT BANDUSDT BATUSDT BCHUSDT BELUSDT BICOUSDT BLURUSDT BLZUSDT BNBUSDT BNTUSDT BNXUSDT BTCUSDT C98USDT CELOUSDT CELRUSDT CFXUSDT CHRUSDT CHZUSDT CKBUSDT COMBOUSDT COMPUSDT COTIUSDT CRVUSDT CTKUSDT CTSIUSDT CVXUSDT CYBERUSDT DARUSDT DASHUSDT DENTUSDT DGBUSDT DODOXUSDT DOGEUSDT DOTUSDT DUSKUSDT DYDXUSDT EDUUSDT EGLDUSDT ENJUSDT ENSUSDT EOSUSDT ETCUSDT ETHUSDT FETUSDT FILUSDT FLMUSDT FLOWUSDT FRONTUSDT FTMUSDT FXSUSDT GALAUSDT GALUSDT GLMRUSDT GMTUSDT GMXUSDT GRTUSDT GTCUSDT HBARUSDT HFTUSDT HIFIUSDT HIGHUSDT HOOKUSDT HOTUSDT ICPUSDT ICXUSDT IDEXUSDT IDUSDT IMXUSDT INJUSDT IOSTUSDT IOTAUSDT IOTXUSDT JASMYUSDT JOEUSDT KAVAUSDT KEYUSDT KLAYUSDT KNCUSDT KSMUSDT LDOUSDT LEVERUSDT LINAUSDT LINKUSDT LITUSDT LPTUSDT LQTYUSDT LRCUSDT LTCUSDT LUNA2USDT MAGICUSDT MANAUSDT MASKUSDT MATICUSDT MAVUSDT MDTUSDT MINAUSDT MKRUSDT MTLUSDT NEARUSDT NEOUSDT NKNUSDT NMRUSDT OCEANUSDT OGNUSDT OMGUSDT ONEUSDT ONTUSDT OPUSDT OXTUSDT PENDLEUSDT PEOPLEUSDT PERPUSDT PHBUSDT QNTUSDT QTUMUSDT RADUSDT RDNTUSDT REEFUSDT RENUSDT RLCUSDT RNDRUSDT ROSEUSDT RSRUSDT RUNEUSDT RVNUSDT SANDUSDT SEIUSDT SFPUSDT SKLUSDT SNXUSDT SOLUSDT SPELLUSDT SSVUSDT STGUSDT STMXUSDT STORJUSDT STXUSDT SUIUSDT SUSHIUSDT SXPUSDT THETAUSDT TLMUSDT TOMOUSDT TRBUSDT TRUUSDT TRXUSDT TUSDT UMAUSDT UNFIUSDT UNIUSDT VETUSDT WAVESUSDT WLDUSDT WOOUSDT XEMUSDT XLMUSDT XMRUSDT XRPUSDT XTZUSDT XVGUSDT XVSUSDT YFIUSDT YGGUSDT ZECUSDT ZENUSDT ZILUSDT ZRXUSDT
2023-11-25,199,199,20,BTCUSDT ETHUSDT SOLUSDT TRBUSDT XRPUSDT LINKUSDT BCHUSDT DOGEUSDT 1000PEPEUSDT WLDUSDT AVAXUSDT MATICUSDT BNBUSDT GALAUSDT LQTYUSDT BNTUSDT ARKUSDT STORJUSDT LTCUSDT RUNEUSDT,1000FLOKIUSDT 1000LUNCUSDT 1000PEPEUSDT 1000SHIBUSDT 1000XECUSDT 1INCHUSDT AAVEUSDT ACHUSDT ADAUSDT AGIXUSDT AGLDUSDT ALGOUSDT ALICEUSDT ALPHAUSDT AMBUSDT ANKRUSDT ANTUSDT APEUSDT API3USDT APTUSDT ARBUSDT ARKMUSDT ARKUSDT ARPAUSDT ARUSDT ASTRUSDT ATAUSDT ATOMUSDT AUDIOUSDT AVAXUSDT AXSUSDT BAKEUSDT BALUSDT BANDUSDT BATUSDT BCHUSDT BELUSDT BICOUSDT BLURUSDT BLZUSDT BNBUSDT BNTUSDT BNXUSDT BTCUSDT C98USDT CELOUSDT CELRUSDT CFXUSDT CHRUSDT CHZUSDT CKBUSDT COMBOUSDT COMPUSDT COTIUSDT CRVUSDT CTKUSDT CTSIUSDT CVXUSDT CYBERUSDT DARUSDT DASHUSDT DENTUSDT DGBUSDT DODOXUSDT DOGEUSDT DOTUSDT DUSKUSDT DYDXUSDT EDUUSDT EGLDUSDT ENJUSDT ENSUSDT EOSUSDT ETCUSDT ETHUSDT FETUSDT FILUSDT FLMUSDT FLOWUSDT FRONTUSDT FTMUSDT FXSUSDT GALAUSDT GALUSDT GLMRUSDT GMTUSDT GMXUSDT GRTUSDT GTCUSDT HBARUSDT HFTUSDT HIFIUSDT HIGHUSDT HOOKUSDT HOTUSDT ICPUSDT ICXUSDT IDEXUSDT IDUSDT IMXUSDT INJUSDT IOSTUSDT IOTAUSDT IOTXUSDT JASMYUSDT JOEUSDT KAVAUSDT KEYUSDT KLAYUSDT KNCUSDT KSMUSDT LDOUSDT LEVERUSDT LINAUSDT LINKUSDT LITUSDT LPTUSDT LQTYUSDT LRCUSDT LTCUSDT LUNA2USDT MAGICUSDT MANAUSDT MASKUSDT MATICUSDT MAVUSDT MDTUSDT MINAUSDT MKRUSDT MTLUSDT NEARUSDT NEOUSDT NKNUSDT NMRUSDT OCEANUSDT OGNUSDT OMGUSDT ONEUSDT ONTUSDT OPUSDT OXTUSDT PENDLEUSDT PEOPLEUSDT PERPUSDT PHBUSDT QNTUSDT QTUMUSDT RADUSDT RDNTUSDT REEFUSDT RENUSDT RLCUSDT RNDRUSDT ROSEUSDT RSRUSDT RUNEUSDT RVNUSDT SANDUSDT SEIUSDT SFPUSDT SKLUSDT SNXUSDT SOLUSDT SPELLUSDT SSVUSDT STGUSDT STMXUSDT STORJUSDT STXUSDT SUIUSDT SUSHIUSDT SXPUSDT THETAUSDT TLMUSDT TOMOUSDT TRBUSDT TRUUSDT TRXUSDT TUSDT UMAUSDT UNFIUSDT UNIUSDT VETUSDT WAVESUSDT WLDUSDT WOOUSDT XEMUSDT XLMUSDT XMRUSDT XRPUSDT XTZUSDT XVGUSDT XVSUSDT YFIUSDT YGGUSDT ZECUSDT ZENUSDT ZILUSDT ZRXUSDT
2023-12-02,212,212,20,BTCUSDT ETHUSDT SOLUSDT GASUSDT XRPUSDT DOGEUSDT LINKUSDT AVAXUSDT TIAUSDT TRBUSDT BLURUSDT MATICUSDT BNBUSDT ARKUSDT DYDXUSDT ADAUSDT WLDUSDT ARBUSDT GMTUSDT GALAUSDT,1000FLOKIUSDT 1000LUNCUSDT 1000PEPEUSDT 1000SHIBUSDT 1000XECUSDT 1INCHUSDT AAVEUSDT ACHUSDT ADAUSDT AGIXUSDT AGLDUSDT ALGOUSDT ALICEUSDT ALPHAUSDT AMBUSDT ANKRUSDT ANTUSDT APEUSDT API3USDT APTUSDT ARBUSDT ARKMUSDT ARKUSDT ARPAUSDT ARUSDT ASTRUSDT ATAUSDT ATOMUSDT AUDIOUSDT AVAXUSDT AXSUSDT BAKEUSDT BALUSDT BANDUSDT BATUSDT BCHUSDT BELUSDT BICOUSDT BIGTIMEUSDT BLURUSDT BLZUSDT BNBUSDT BNTUSDT BNXUSDT BONDUSDT BSVUSDT BTCUSDT C98USDT CELOUSDT CELRUSDT CFXUSDT CHRUSDT CHZUSDT CKBUSDT COMBOUSDT COMPUSDT COTIUSDT CRVUSDT CTKUSDT CTSIUSDT CVXUSDT CYBERUSDT DARUSDT DASHUSDT DENTUSDT DGBUSDT DODOXUSDT DOGEUSDT DOTUSDT DUSKUSDT DYDXUSDT EDUUSDT EGLDUSDT ENJUSDT ENSUSDT EOSUSDT ETCUSDT ETHUSDT FETUSDT FILUSDT FLMUSDT FLOWUSDT FRONTUSDT FTMUSDT FXSUSDT GALAUSDT GALUSDT GASUSDT GLMRUSDT GMTUSDT GMXUSDT GRTUSDT GTCUSDT HBARUSDT HFTUSDT HIFIUSDT HIGHUSDT HOOKUSDT HOTUSDT ICPUSDT ICXUSDT IDEXUSDT IDUSDT IMXUSDT INJUSDT IOSTUSDT IOTAUSDT IOTXUSDT JASMYUSDT JOEUSDT KAVAUSDT KEYUSDT KLAYUSDT KNCUSDT KSMUSDT LDOUSDT LEVERUSDT LINAUSDT LINKUSDT LITUSDT LOOMUSDT LPTUSDT LQTYUSDT LRCUSDT LTCUSDT LUNA2USDT MAGICUSDT MANAUSDT MASKUSDT MATICUSDT MAVUSDT MDTUSDT MINAUSDT MKRUSDT MTLUSDT NEARUSDT NEOUSDT NKNUSDT NMRUSDT OCEANUSDT OGNUSDT OMGUSDT ONEUSDT ONTUSDT OPUSDT ORBSUSDT OXTUSDT PENDLEUSDT PEOPLEUSDT PERPUSDT PHBUSDT POLYXUSDT POWRUSDT QNTUSDT QTUMUSDT RADUSDT RDNTUSDT REEFUSDT RENUSDT RIFUSDT RLCUSDT RNDRUSDT ROSEUSDT RSRUSDT RUNEUSDT RVNUSDT SANDUSDT SEIUSDT SFPUSDT SKLUSDT SLPUSDT SNXUSDT SOLUSDT SPELLUSDT SSVUSDT STGUSDT STMXUSDT STORJUSDT STPTUSDT STRAXUSDT STXUSDT SUIUSDT SUSHIUSDT SXPUSDT THETAUSDT TIAUSDT TLMUSDT TRBUSDT TRUUSDT TRXUSDT TUSDT UMAUSDT UNFIUSDT UNIUSDT VETUSDT WAVESUSDT WAXPUSDT WLDUSDT WOOUSDT XEMUSDT XLMUSDT XMRUSDT XRPUSDT XTZUSDT XVGUSDT XVSUSDT YFIUSDT YGGUSDT ZECUSDT ZENUSDT ZILUSDT ZRXUSDT
2023-12-09,212,212,20,BTCUSDT ETHUSDT SOLUSDT GASUSDT XRPUSDT DOGEUSDT LINKUSDT AVAXUSDT TIAUSDT TRBUSDT BLURUSDT MATICUSDT BNBUSDT ARKUSDT DYDXUSDT ADAUSDT WLDUSDT ARBUSDT GMTUSDT GALAUSDT,1000FLOKIUSDT 1000LUNCUSDT 1000PEPEUSDT 1000SHIBUSDT 1000XECUSDT 1INCHUSDT AAVEUSDT ACHUSDT ADAUSDT AGIXUSDT AGLDUSDT ALGOUSDT ALICEUSDT ALPHAUSDT AMBUSDT ANKRUSDT ANTUSDT APEUSDT API3USDT APTUSDT ARBUSDT ARKMUSDT ARKUSDT ARPAUSDT ARUSDT ASTRUSDT ATAUSDT ATOMUSDT AUDIOUSDT AVAXUSDT AXSUSDT BAKEUSDT BALUSDT BANDUSDT BATUSDT BCHUSDT BELUSDT BICOUSDT BIGTIMEUSDT BLURUSDT BLZUSDT BNBUSDT BNTUSDT BNXUSDT BONDUSDT BSVUSDT BTCUSDT C98USDT CELOUSDT CELRUSDT CFXUSDT CHRUSDT CHZUSDT CKBUSDT COMBOUSDT COMPUSDT COTIUSDT CRVUSDT CTKUSDT CTSIUSDT CVXUSDT CYBERUSDT DARUSDT DASHUSDT DENTUSDT DGBUSDT DODOXUSDT DOGEUSDT DOTUSDT DUSKUSDT DYDXUSDT EDUUSDT EGLDUSDT ENJUSDT ENSUSDT EOSUSDT ETCUSDT ETHUSDT FETUSDT FILUSDT FLMUSDT FLOWUSDT FRONTUSDT FTMUSDT FXSUSDT GALAUSDT GALUSDT GASUSDT GLMRUSDT GMTUSDT GMXUSDT GRTUSDT GTCUSDT HBARUSDT HFTUSDT HIFIUSDT HIGHUSDT HOOKUSDT HOTUSDT ICPUSDT ICXUSDT IDEXUSDT IDUSDT IMXUSDT INJUSDT IOSTUSDT IOTAUSDT IOTXUSDT JASMYUSDT JOEUSDT KAVAUSDT KEYUSDT KLAYUSDT KNCUSDT KSMUSDT LDOUSDT LEVERUSDT LINAUSDT LINKUSDT LITUSDT LOOMUSDT LPTUSDT LQTYUSDT LRCUSDT LTCUSDT LUNA2USDT MAGICUSDT MANAUSDT MASKUSDT MATICUSDT MAVUSDT MDTUSDT MINAUSDT MKRUSDT MTLUSDT NEARUSDT NEOUSDT NKNUSDT NMRUSDT OCEANUSDT OGNUSDT OMGUSDT ONEUSDT ONTUSDT OPUSDT ORBSUSDT OXTUSDT PENDLEUSDT PEOPLEUSDT PERPUSDT PHBUSDT POLYXUSDT POWRUSDT QNTUSDT QTUMUSDT RADUSDT RDNTUSDT REEFUSDT RENUSDT RIFUSDT RLCUSDT RNDRUSDT ROSEUSDT RSRUSDT RUNEUSDT RVNUSDT SANDUSDT SEIUSDT SFPUSDT SKLUSDT SLPUSDT SNXUSDT SOLUSDT SPELLUSDT SSVUSDT STGUSDT STMXUSDT STORJUSDT STPTUSDT STRAXUSDT STXUSDT SUIUSDT SUSHIUSDT SXPUSDT THETAUSDT TIAUSDT TLMUSDT TRBUSDT TRUUSDT TRXUSDT TUSDT UMAUSDT UNFIUSDT UNIUSDT VETUSDT WAVESUSDT WAXPUSDT WLDUSDT WOOUSDT XEMUSDT XLMUSDT XMRUSDT XRPUSDT XTZUSDT XVGUSDT XVSUSDT YFIUSDT YGGUSDT ZECUSDT ZENUSDT ZILUSDT ZRXUSDT
2023-12-16,212,212,20,BTCUSDT ETHUSDT SOLUSDT GASUSDT XRPUSDT DOGEUSDT LINKUSDT AVAXUSDT TIAUSDT TRBUSDT BLURUSDT MATICUSDT BNBUSDT ARKUSDT DYDXUSDT ADAUSDT WLDUSDT ARBUSDT GMTUSDT GALAUSDT,1000FLOKIUSDT 1000LUNCUSDT 1000PEPEUSDT 1000SHIBUSDT 1000XECUSDT 1INCHUSDT AAVEUSDT ACHUSDT ADAUSDT AGIXUSDT AGLDUSDT ALGOUSDT ALICEUSDT ALPHAUSDT AMBUSDT ANKRUSDT ANTUSDT APEUSDT API3USDT APTUSDT ARBUSDT ARKMUSDT ARKUSDT ARPAUSDT ARUSDT ASTRUSDT ATAUSDT ATOMUSDT AUDIOUSDT AVAXUSDT AXSUSDT BAKEUSDT BALUSDT BANDUSDT BATUSDT BCHUSDT BELUSDT BICOUSDT BIGTIMEUSDT BLURUSDT BLZUSDT BNBUSDT BNTUSDT BNXUSDT BONDUSDT BSVUSDT BTCUSDT C98USDT CELOUSDT CELRUSDT CFXUSDT CHRUSDT CHZUSDT CKBUSDT COMBOUSDT COMPUSDT COTIUSDT CRVUSDT CTKUSDT CTSIUSDT CVXUSDT CYBERUSDT DARUSDT DASHUSDT DENTUSDT DGBUSDT DODOXUSDT DOGEUSDT DOTUSDT DUSKUSDT DYDXUSDT EDUUSDT EGLDUSDT ENJUSDT ENSUSDT EOSUSDT ETCUSDT ETHUSDT FETUSDT FILUSDT FLMUSDT FLOWUSDT FRONTUSDT FTMUSDT FXSUSDT GALAUSDT GALUSDT GASUSDT GLMRUSDT GMTUSDT GMXUSDT GRTUSDT GTCUSDT HBARUSDT HFTUSDT HIFIUSDT HIGHUSDT HOOKUSDT HOTUSDT ICPUSDT ICXUSDT IDEXUSDT IDUSDT IMXUSDT INJUSDT IOSTUSDT IOTAUSDT IOTXUSDT JASMYUSDT JOEUSDT KAVAUSDT KEYUSDT KLAYUSDT KNCUSDT KSMUSDT LDOUSDT LEVERUSDT LINAUSDT LINKUSDT LITUSDT LOOMUSDT LPTUSDT LQTYUSDT LRCUSDT LTCUSDT LUNA2USDT MAGICUSDT MANAUSDT MASKUSDT MATICUSDT MAVUSDT MDTUSDT MINAUSDT MKRUSDT MTLUSDT NEARUSDT NEOUSDT NKNUSDT NMRUSDT OCEANUSDT OGNUSDT OMGUSDT ONEUSDT ONTUSDT OPUSDT ORBSUSDT OXTUSDT PENDLEUSDT PEOPLEUSDT PERPUSDT PHBUSDT POLYXUSDT POWRUSDT QNTUSDT QTUMUSDT RADUSDT RDNTUSDT REEFUSDT RENUSDT RIFUSDT RLCUSDT RNDRUSDT ROSEUSDT RSRUSDT RUNEUSDT RVNUSDT SANDUSDT SEIUSDT SFPUSDT SKLUSDT SLPUSDT SNXUSDT SOLUSDT SPELLUSDT SSVUSDT STGUSDT STMXUSDT STORJUSDT STPTUSDT STRAXUSDT STXUSDT SUIUSDT SUSHIUSDT SXPUSDT THETAUSDT TIAUSDT TLMUSDT TRBUSDT TRUUSDT TRXUSDT TUSDT UMAUSDT UNFIUSDT UNIUSDT VETUSDT WAVESUSDT WAXPUSDT WLDUSDT WOOUSDT XEMUSDT XLMUSDT XMRUSDT XRPUSDT XTZUSDT XVGUSDT XVSUSDT YFIUSDT YGGUSDT ZECUSDT ZENUSDT ZILUSDT ZRXUSDT
2023-12-23,212,212,20,BTCUSDT ETHUSDT SOLUSDT GASUSDT XRPUSDT DOGEUSDT LINKUSDT AVAXUSDT TIAUSDT TRBUSDT BLURUSDT MATICUSDT BNBUSDT ARKUSDT DYDXUSDT ADAUSDT WLDUSDT ARBUSDT GMTUSDT GALAUSDT,1000FLOKIUSDT 1000LUNCUSDT 1000PEPEUSDT 1000SHIBUSDT 1000XECUSDT 1INCHUSDT AAVEUSDT ACHUSDT ADAUSDT AGIXUSDT AGLDUSDT ALGOUSDT ALICEUSDT ALPHAUSDT AMBUSDT ANKRUSDT ANTUSDT APEUSDT API3USDT APTUSDT ARBUSDT ARKMUSDT ARKUSDT ARPAUSDT ARUSDT ASTRUSDT ATAUSDT ATOMUSDT AUDIOUSDT AVAXUSDT AXSUSDT BAKEUSDT BALUSDT BANDUSDT BATUSDT BCHUSDT BELUSDT BICOUSDT BIGTIMEUSDT BLURUSDT BLZUSDT BNBUSDT BNTUSDT BNXUSDT BONDUSDT BSVUSDT BTCUSDT C98USDT CELOUSDT CELRUSDT CFXUSDT CHRUSDT CHZUSDT CKBUSDT COMBOUSDT COMPUSDT COTIUSDT CRVUSDT CTKUSDT CTSIUSDT CVXUSDT CYBERUSDT DARUSDT DASHUSDT DENTUSDT DGBUSDT DODOXUSDT DOGEUSDT DOTUSDT DUSKUSDT DYDXUSDT EDUUSDT EGLDUSDT ENJUSDT ENSUSDT EOSUSDT ETCUSDT ETHUSDT FETUSDT FILUSDT FLMUSDT FLOWUSDT FRONTUSDT FTMUSDT FXSUSDT GALAUSDT GALUSDT GASUSDT GLMRUSDT GMTUSDT GMXUSDT GRTUSDT GTCUSDT HBARUSDT HFTUSDT HIFIUSDT HIGHUSDT HOOKUSDT HOTUSDT ICPUSDT ICXUSDT IDEXUSDT IDUSDT IMXUSDT INJUSDT IOSTUSDT IOTAUSDT IOTXUSDT JASMYUSDT JOEUSDT KAVAUSDT KEYUSDT KLAYUSDT KNCUSDT KSMUSDT LDOUSDT LEVERUSDT LINAUSDT LINKUSDT LITUSDT LOOMUSDT LPTUSDT LQTYUSDT LRCUSDT LTCUSDT LUNA2USDT MAGICUSDT MANAUSDT MASKUSDT MATICUSDT MAVUSDT MDTUSDT MINAUSDT MKRUSDT MTLUSDT NEARUSDT NEOUSDT NKNUSDT NMRUSDT OCEANUSDT OGNUSDT OMGUSDT ONEUSDT ONTUSDT OPUSDT ORBSUSDT OXTUSDT PENDLEUSDT PEOPLEUSDT PERPUSDT PHBUSDT POLYXUSDT POWRUSDT QNTUSDT QTUMUSDT RADUSDT RDNTUSDT REEFUSDT RENUSDT RIFUSDT RLCUSDT RNDRUSDT ROSEUSDT RSRUSDT RUNEUSDT RVNUSDT SANDUSDT SEIUSDT SFPUSDT SKLUSDT SLPUSDT SNXUSDT SOLUSDT SPELLUSDT SSVUSDT STGUSDT STMXUSDT STORJUSDT STPTUSDT STRAXUSDT STXUSDT SUIUSDT SUSHIUSDT SXPUSDT THETAUSDT TIAUSDT TLMUSDT TRBUSDT TRUUSDT TRXUSDT TUSDT UMAUSDT UNFIUSDT UNIUSDT VETUSDT WAVESUSDT WAXPUSDT WLDUSDT WOOUSDT XEMUSDT XLMUSDT XMRUSDT XRPUSDT XTZUSDT XVGUSDT XVSUSDT YFIUSDT YGGUSDT ZECUSDT ZENUSDT ZILUSDT ZRXUSDT
2023-12-30,212,212,20,BTCUSDT ETHUSDT SOLUSDT GASUSDT XRPUSDT DOGEUSDT LINKUSDT AVAXUSDT TIAUSDT TRBUSDT BLURUSDT MATICUSDT BNBUSDT ARKUSDT DYDXUSDT ADAUSDT WLDUSDT ARBUSDT GMTUSDT GALAUSDT,1000FLOKIUSDT 1000LUNCUSDT 1000PEPEUSDT 1000SHIBUSDT 1000XECUSDT 1INCHUSDT AAVEUSDT ACHUSDT ADAUSDT AGIXUSDT AGLDUSDT ALGOUSDT ALICEUSDT ALPHAUSDT AMBUSDT ANKRUSDT ANTUSDT APEUSDT API3USDT APTUSDT ARBUSDT ARKMUSDT ARKUSDT ARPAUSDT ARUSDT ASTRUSDT ATAUSDT ATOMUSDT AUDIOUSDT AVAXUSDT AXSUSDT BAKEUSDT BALUSDT BANDUSDT BATUSDT BCHUSDT BELUSDT BICOUSDT BIGTIMEUSDT BLURUSDT BLZUSDT BNBUSDT BNTUSDT BNXUSDT BONDUSDT BSVUSDT BTCUSDT C98USDT CELOUSDT CELRUSDT CFXUSDT CHRUSDT CHZUSDT CKBUSDT COMBOUSDT COMPUSDT COTIUSDT CRVUSDT CTKUSDT CTSIUSDT CVXUSDT CYBERUSDT DARUSDT DASHUSDT DENTUSDT DGBUSDT DODOXUSDT DOGEUSDT DOTUSDT DUSKUSDT DYDXUSDT EDUUSDT EGLDUSDT ENJUSDT ENSUSDT EOSUSDT ETCUSDT ETHUSDT FETUSDT FILUSDT FLMUSDT FLOWUSDT FRONTUSDT FTMUSDT FXSUSDT GALAUSDT GALUSDT GASUSDT GLMRUSDT GMTUSDT GMXUSDT GRTUSDT GTCUSDT HBARUSDT HFTUSDT HIFIUSDT HIGHUSDT HOOKUSDT HOTUSDT ICPUSDT ICXUSDT IDEXUSDT IDUSDT IMXUSDT INJUSDT IOSTUSDT IOTAUSDT IOTXUSDT JASMYUSDT JOEUSDT KAVAUSDT KEYUSDT KLAYUSDT KNCUSDT KSMUSDT LDOUSDT LEVERUSDT LINAUSDT LINKUSDT LITUSDT LOOMUSDT LPTUSDT LQTYUSDT LRCUSDT LTCUSDT LUNA2USDT MAGICUSDT MANAUSDT MASKUSDT MATICUSDT MAVUSDT MDTUSDT MINAUSDT MKRUSDT MTLUSDT NEARUSDT NEOUSDT NKNUSDT NMRUSDT OCEANUSDT OGNUSDT OMGUSDT ONEUSDT ONTUSDT OPUSDT ORBSUSDT OXTUSDT PENDLEUSDT PEOPLEUSDT PERPUSDT PHBUSDT POLYXUSDT POWRUSDT QNTUSDT QTUMUSDT RADUSDT RDNTUSDT REEFUSDT RENUSDT RIFUSDT RLCUSDT RNDRUSDT ROSEUSDT RSRUSDT RUNEUSDT RVNUSDT SANDUSDT SEIUSDT SFPUSDT SKLUSDT SLPUSDT SNXUSDT SOLUSDT SPELLUSDT SSVUSDT STGUSDT STMXUSDT STORJUSDT STPTUSDT STRAXUSDT STXUSDT SUIUSDT SUSHIUSDT SXPUSDT THETAUSDT TIAUSDT TLMUSDT TRBUSDT TRUUSDT TRXUSDT TUSDT UMAUSDT UNFIUSDT UNIUSDT VETUSDT WAVESUSDT WAXPUSDT WLDUSDT WOOUSDT XEMUSDT XLMUSDT XMRUSDT XRPUSDT XTZUSDT XVGUSDT XVSUSDT YFIUSDT YGGUSDT ZECUSDT ZENUSDT ZILUSDT ZRXUSDT
2024-01-06,231,231,20,BTCUSDT ETHUSDT SOLUSDT ORDIUSDT AVAXUSDT TRBUSDT DOGEUSDT 1000BONKUSDT XRPUSDT ADAUSDT OPUSDT TIAUSDT MATICUSDT BNBUSDT BIGTIMEUSDT LINKUSDT INJUSDT 1000LUNCUSDT ARBUSDT BAKEUSDT,1000BONKUSDT 1000FLOKIUSDT 1000LUNCUSDT 1000PEPEUSDT 1000SHIBUSDT 1000XECUSDT 1INCHUSDT AAVEUSDT ACHUSDT ADAUSDT AGIXUSDT AGLDUSDT ALGOUSDT ALICEUSDT ALPHAUSDT AMBUSDT ANKRUSDT ANTUSDT APEUSDT API3USDT APTUSDT ARBUSDT ARKMUSDT ARKUSDT ARPAUSDT ARUSDT ASTRUSDT ATAUSDT ATOMUSDT AUDIOUSDT AVAXUSDT AXSUSDT BADGERUSDT BAKEUSDT BALUSDT BANDUSDT BATUSDT BCHUSDT BEAMXUSDT BELUSDT BICOUSDT BIGTIMEUSDT BLURUSDT BLZUSDT BNBUSDT BNTUSDT BNXUSDT BONDUSDT BSVUSDT BTCUSDT C98USDT CAKEUSDT CELOUSDT CELRUSDT CFXUSDT CHRUSDT CHZUSDT CKBUSDT COMBOUSDT COMPUSDT COTIUSDT CRVUSDT CTKUSDT CTSIUSDT CVXUSDT CYBERUSDT DARUSDT DASHUSDT DENTUSDT DGBUSDT DODOXUSDT DOGEUSDT DOTUSDT DUSKUSDT DYDXUSDT EDUUSDT EGLDUSDT ENJUSDT ENSUSDT EOSUSDT ETCUSDT ETHUSDT ETHWUSDT FETUSDT FILUSDT FLMUSDT FLOWUSDT FRONTUSDT FTMUSDT FXSUSDT GALAUSDT GALUSDT GASUSDT GLMRUSDT GMTUSDT GMXUSDT GRTUSDT GTCUSDT HBARUSDT HFTUSDT HIFIUSDT HIGHUSDT HOOKUSDT HOTUSDT ICPUSDT ICXUSDT IDEXUSDT IDUSDT ILVUSDT IMXUSDT INJUSDT IOSTUSDT IOTAUSDT IOTXUSDT JASMYUSDT JOEUSDT KASUSDT KAVAUSDT KEYUSDT KLAYUSDT KNCUSDT KSMUSDT LDOUSDT LEVERUSDT LINAUSDT LINKUSDT LITUSDT LOOMUSDT LPTUSDT LQTYUSDT LRCUSDT LTCUSDT LUNA2USDT MAGICUSDT MANAUSDT MASKUSDT MATICUSDT MAVUSDT MBLUSDT MDTUSDT MEMEUSDT MINAUSDT MKRUSDT MTLUSDT NEARUSDT NEOUSDT NKNUSDT NMRUSDT NTRNUSDT OCEANUSDT OGNUSDT OMGUSDT ONEUSDT ONGUSDT ONTUSDT OPUSDT ORBSUSDT ORDIUSDT OXTUSDT PENDLEUSDT PEOPLEUSDT PERPUSDT PHBUSDT POLYXUSDT POWRUSDT PYTHUSDT QNTUSDT QTUMUSDT RADUSDT RDNTUSDT REEFUSDT RENUSDT RIFUSDT RLCUSDT RNDRUSDT ROSEUSDT RSRUSDT RUNEUSDT RVNUSDT SANDUSDT SEIUSDT SFPUSDT SKLUSDT SLPUSDT SNTUSDT SNXUSDT SOLUSDT SPELLUSDT SSVUSDT STEEMUSDT STGUSDT STMXUSDT STORJUSDT STPTUSDT STRAXUSDT STXUSDT SUIUSDT SUPERUSDT SUSHIUSDT SXPUSDT THETAUSDT TIAUSDT TLMUSDT TOKENUSDT TRBUSDT TRUUSDT TRXUSDT TUSDT TWTUSDT UMAUSDT UNFIUSDT UNIUSDT USTCUSDT VETUSDT WAVESUSDT WAXPUSDT WLDUSDT WOOUSDT XEMUSDT XLMUSDT XMRUSDT XRPUSDT XTZUSDT XVGUSDT XVSUSDT YFIUSDT YGGUSDT ZECUSDT ZENUSDT ZILUSDT ZRXUSDT
2024-01-13,231,231,20,BTCUSDT ETHUSDT SOLUSDT ORDIUSDT AVAXUSDT TRBUSDT DOGEUSDT 1000BONKUSDT XRPUSDT ADAUSDT OPUSDT TIAUSDT MATICUSDT BNBUSDT BIGTIMEUSDT LINKUSDT INJUSDT 1000LUNCUSDT ARBUSDT BAKEUSDT,1000BONKUSDT 1000FLOKIUSDT 1000LUNCUSDT 1000PEPEUSDT 1000SHIBUSDT 1000XECUSDT 1INCHUSDT AAVEUSDT ACHUSDT ADAUSDT AGIXUSDT AGLDUSDT ALGOUSDT ALICEUSDT ALPHAUSDT AMBUSDT ANKRUSDT ANTUSDT APEUSDT API3USDT APTUSDT ARBUSDT ARKMUSDT ARKUSDT ARPAUSDT ARUSDT ASTRUSDT ATAUSDT ATOMUSDT AUDIOUSDT AVAXUSDT AXSUSDT BADGERUSDT BAKEUSDT BALUSDT BANDUSDT BATUSDT BCHUSDT BEAMXUSDT BELUSDT BICOUSDT BIGTIMEUSDT BLURUSDT BLZUSDT BNBUSDT BNTUSDT BNXUSDT BONDUSDT BSVUSDT BTCUSDT C98USDT CAKEUSDT CELOUSDT CELRUSDT CFXUSDT CHRUSDT CHZUSDT CKBUSDT COMBOUSDT COMPUSDT COTIUSDT CRVUSDT CTKUSDT CTSIUSDT CVXUSDT CYBERUSDT DARUSDT DASHUSDT DENTUSDT DGBUSDT DODOXUSDT DOGEUSDT DOTUSDT DUSKUSDT DYDXUSDT EDUUSDT EGLDUSDT ENJUSDT ENSUSDT EOSUSDT ETCUSDT ETHUSDT ETHWUSDT FETUSDT FILUSDT FLMUSDT FLOWUSDT FRONTUSDT FTMUSDT FXSUSDT GALAUSDT GALUSDT GASUSDT GLMRUSDT GMTUSDT GMXUSDT GRTUSDT GTCUSDT HBARUSDT HFTUSDT HIFIUSDT HIGHUSDT HOOKUSDT HOTUSDT ICPUSDT ICXUSDT IDEXUSDT IDUSDT ILVUSDT IMXUSDT INJUSDT IOSTUSDT IOTAUSDT IOTXUSDT JASMYUSDT JOEUSDT KASUSDT KAVAUSDT KEYUSDT KLAYUSDT KNCUSDT KSMUSDT LDOUSDT LEVERUSDT LINAUSDT LINKUSDT LITUSDT LOOMUSDT LPTUSDT LQTYUSDT LRCUSDT LTCUSDT LUNA2USDT MAGICUSDT MANAUSDT MASKUSDT MATICUSDT MAVUSDT MBLUSDT MDTUSDT MEMEUSDT MINAUSDT MKRUSDT MTLUSDT NEARUSDT NEOUSDT NKNUSDT NMRUSDT NTRNUSDT OCEANUSDT OGNUSDT OMGUSDT ONEUSDT ONGUSDT ONTUSDT OPUSDT ORBSUSDT ORDIUSDT OXTUSDT PENDLEUSDT PEOPLEUSDT PERPUSDT PHBUSDT POLYXUSDT POWRUSDT PYTHUSDT QNTUSDT QTUMUSDT RADUSDT RDNTUSDT REEFUSDT RENUSDT RIFUSDT RLCUSDT RNDRUSDT ROSEUSDT RSRUSDT RUNEUSDT RVNUSDT SANDUSDT SEIUSDT SFPUSDT SKLUSDT SLPUSDT SNTUSDT SNXUSDT SOLUSDT SPELLUSDT SSVUSDT STEEMUSDT STGUSDT STMXUSDT STORJUSDT STPTUSDT STRAXUSDT STXUSDT SUIUSDT SUPERUSDT SUSHIUSDT SXPUSDT THETAUSDT TIAUSDT TLMUSDT TOKENUSDT TRBUSDT TRUUSDT TRXUSDT TUSDT TWTUSDT UMAUSDT UNFIUSDT UNIUSDT USTCUSDT VETUSDT WAVESUSDT WAXPUSDT WLDUSDT WOOUSDT XEMUSDT XLMUSDT XMRUSDT XRPUSDT XTZUSDT XVGUSDT XVSUSDT YFIUSDT YGGUSDT ZECUSDT ZENUSDT ZILUSDT ZRXUSDT
2024-01-20,231,231,20,BTCUSDT ETHUSDT SOLUSDT ORDIUSDT AVAXUSDT TRBUSDT DOGEUSDT 1000BONKUSDT XRPUSDT ADAUSDT OPUSDT TIAUSDT MATICUSDT BNBUSDT BIGTIMEUSDT LINKUSDT INJUSDT 1000LUNCUSDT ARBUSDT BAKEUSDT,1000BONKUSDT 1000FLOKIUSDT 1000LUNCUSDT 1000PEPEUSDT 1000SHIBUSDT 1000XECUSDT 1INCHUSDT AAVEUSDT ACHUSDT ADAUSDT AGIXUSDT AGLDUSDT ALGOUSDT ALICEUSDT ALPHAUSDT AMBUSDT ANKRUSDT ANTUSDT APEUSDT API3USDT APTUSDT ARBUSDT ARKMUSDT ARKUSDT ARPAUSDT ARUSDT ASTRUSDT ATAUSDT ATOMUSDT AUDIOUSDT AVAXUSDT AXSUSDT BADGERUSDT BAKEUSDT BALUSDT BANDUSDT BATUSDT BCHUSDT BEAMXUSDT BELUSDT BICOUSDT BIGTIMEUSDT BLURUSDT BLZUSDT BNBUSDT BNTUSDT BNXUSDT BONDUSDT BSVUSDT BTCUSDT C98USDT CAKEUSDT CELOUSDT CELRUSDT CFXUSDT CHRUSDT CHZUSDT CKBUSDT COMBOUSDT COMPUSDT COTIUSDT CRVUSDT CTKUSDT CTSIUSDT CVXUSDT CYBERUSDT DARUSDT DASHUSDT DENTUSDT DGBUSDT DODOXUSDT DOGEUSDT DOTUSDT DUSKUSDT DYDXUSDT EDUUSDT EGLDUSDT ENJUSDT ENSUSDT EOSUSDT ETCUSDT ETHUSDT ETHWUSDT FETUSDT FILUSDT FLMUSDT FLOWUSDT FRONTUSDT FTMUSDT FXSUSDT GALAUSDT GALUSDT GASUSDT GLMRUSDT GMTUSDT GMXUSDT GRTUSDT GTCUSDT HBARUSDT HFTUSDT HIFIUSDT HIGHUSDT HOOKUSDT HOTUSDT ICPUSDT ICXUSDT IDEXUSDT IDUSDT ILVUSDT IMXUSDT INJUSDT IOSTUSDT IOTAUSDT IOTXUSDT JASMYUSDT JOEUSDT KASUSDT KAVAUSDT KEYUSDT KLAYUSDT KNCUSDT KSMUSDT LDOUSDT LEVERUSDT LINAUSDT LINKUSDT LITUSDT LOOMUSDT LPTUSDT LQTYUSDT LRCUSDT LTCUSDT LUNA2USDT MAGICUSDT MANAUSDT MASKUSDT MATICUSDT MAVUSDT MBLUSDT MDTUSDT MEMEUSDT MINAUSDT MKRUSDT MTLUSDT NEARUSDT NEOUSDT NKNUSDT NMRUSDT NTRNUSDT OCEANUSDT OGNUSDT OMGUSDT ONEUSDT ONGUSDT ONTUSDT OPUSDT ORBSUSDT ORDIUSDT OXTUSDT PENDLEUSDT PEOPLEUSDT PERPUSDT PHBUSDT POLYXUSDT POWRUSDT PYTHUSDT QNTUSDT QTUMUSDT RADUSDT RDNTUSDT REEFUSDT RENUSDT RIFUSDT RLCUSDT RNDRUSDT ROSEUSDT RSRUSDT RUNEUSDT RVNUSDT SANDUSDT SEIUSDT SFPUSDT SKLUSDT SLPUSDT SNTUSDT SNXUSDT SOLUSDT SPELLUSDT SSVUSDT STEEMUSDT STGUSDT STMXUSDT STORJUSDT STPTUSDT STRAXUSDT STXUSDT SUIUSDT SUPERUSDT SUSHIUSDT SXPUSDT THETAUSDT TIAUSDT TLMUSDT TOKENUSDT TRBUSDT TRUUSDT TRXUSDT TUSDT TWTUSDT UMAUSDT UNFIUSDT UNIUSDT USTCUSDT VETUSDT WAVESUSDT WAXPUSDT WLDUSDT WOOUSDT XEMUSDT XLMUSDT XMRUSDT XRPUSDT XTZUSDT XVGUSDT XVSUSDT YFIUSDT YGGUSDT ZECUSDT ZENUSDT ZILUSDT ZRXUSDT
2024-01-27,231,231,20,BTCUSDT ETHUSDT SOLUSDT ORDIUSDT AVAXUSDT TRBUSDT DOGEUSDT 1000BONKUSDT XRPUSDT ADAUSDT OPUSDT TIAUSDT MATICUSDT BNBUSDT BIGTIMEUSDT LINKUSDT INJUSDT 1000LUNCUSDT ARBUSDT BAKEUSDT,1000BONKUSDT 1000FLOKIUSDT 1000LUNCUSDT 1000PEPEUSDT 1000SHIBUSDT 1000XECUSDT 1INCHUSDT AAVEUSDT ACHUSDT ADAUSDT AGIXUSDT AGLDUSDT ALGOUSDT ALICEUSDT ALPHAUSDT AMBUSDT ANKRUSDT ANTUSDT APEUSDT API3USDT APTUSDT ARBUSDT ARKMUSDT ARKUSDT ARPAUSDT ARUSDT ASTRUSDT ATAUSDT ATOMUSDT AUDIOUSDT AVAXUSDT AXSUSDT BADGERUSDT BAKEUSDT BALUSDT BANDUSDT BATUSDT BCHUSDT BEAMXUSDT BELUSDT BICOUSDT BIGTIMEUSDT BLURUSDT BLZUSDT BNBUSDT BNTUSDT BNXUSDT BONDUSDT BSVUSDT BTCUSDT C98USDT CAKEUSDT CELOUSDT CELRUSDT CFXUSDT CHRUSDT CHZUSDT CKBUSDT COMBOUSDT COMPUSDT COTIUSDT CRVUSDT CTKUSDT CTSIUSDT CVXUSDT CYBERUSDT DARUSDT DASHUSDT DENTUSDT DGBUSDT DODOXUSDT DOGEUSDT DOTUSDT DUSKUSDT DYDXUSDT EDUUSDT EGLDUSDT ENJUSDT ENSUSDT EOSUSDT ETCUSDT ETHUSDT ETHWUSDT FETUSDT FILUSDT FLMUSDT FLOWUSDT FRONTUSDT FTMUSDT FXSUSDT GALAUSDT GALUSDT GASUSDT GLMRUSDT GMTUSDT GMXUSDT GRTUSDT GTCUSDT HBARUSDT HFTUSDT HIFIUSDT HIGHUSDT HOOKUSDT HOTUSDT ICPUSDT ICXUSDT IDEXUSDT IDUSDT ILVUSDT IMXUSDT INJUSDT IOSTUSDT IOTAUSDT IOTXUSDT JASMYUSDT JOEUSDT KASUSDT KAVAUSDT KEYUSDT KLAYUSDT KNCUSDT KSMUSDT LDOUSDT LEVERUSDT LINAUSDT LINKUSDT LITUSDT LOOMUSDT LPTUSDT LQTYUSDT LRCUSDT LTCUSDT LUNA2USDT MAGICUSDT MANAUSDT MASKUSDT MATICUSDT MAVUSDT MBLUSDT MDTUSDT MEMEUSDT MINAUSDT MKRUSDT MTLUSDT NEARUSDT NEOUSDT NKNUSDT NMRUSDT NTRNUSDT OCEANUSDT OGNUSDT OMGUSDT ONEUSDT ONGUSDT ONTUSDT OPUSDT ORBSUSDT ORDIUSDT OXTUSDT PENDLEUSDT PEOPLEUSDT PERPUSDT PHBUSDT POLYXUSDT POWRUSDT PYTHUSDT QNTUSDT QTUMUSDT RADUSDT RDNTUSDT REEFUSDT RENUSDT RIFUSDT RLCUSDT RNDRUSDT ROSEUSDT RSRUSDT RUNEUSDT RVNUSDT SANDUSDT SEIUSDT SFPUSDT SKLUSDT SLPUSDT SNTUSDT SNXUSDT SOLUSDT SPELLUSDT SSVUSDT STEEMUSDT STGUSDT STMXUSDT STORJUSDT STPTUSDT STRAXUSDT STXUSDT SUIUSDT SUPERUSDT SUSHIUSDT SXPUSDT THETAUSDT TIAUSDT TLMUSDT TOKENUSDT TRBUSDT TRUUSDT TRXUSDT TUSDT TWTUSDT UMAUSDT UNFIUSDT UNIUSDT USTCUSDT VETUSDT WAVESUSDT WAXPUSDT WLDUSDT WOOUSDT XEMUSDT XLMUSDT XMRUSDT XRPUSDT XTZUSDT XVGUSDT XVSUSDT YFIUSDT YGGUSDT ZECUSDT ZENUSDT ZILUSDT ZRXUSDT
2024-02-03,238,238,20,BTCUSDT ETHUSDT SOLUSDT ORDIUSDT ARBUSDT SUIUSDT TRBUSDT PEOPLEUSDT XRPUSDT SEIUSDT AVAXUSDT OPUSDT DOGEUSDT BNBUSDT TIAUSDT UMAUSDT ETCUSDT LINKUSDT MATICUSDT FILUSDT,1000BONKUSDT 1000FLOKIUSDT 1000LUNCUSDT 1000PEPEUSDT 1000RATSUSDT 1000SATSUSDT 1000SHIBUSDT 1000XECUSDT 1INCHUSDT AAVEUSDT ACEUSDT ACHUSDT ADAUSDT AGIXUSDT AGLDUSDT ALGOUSDT ALICEUSDT ALPHAUSDT AMBUSDT ANKRUSDT ANTUSDT APEUSDT API3USDT APTUSDT ARBUSDT ARKMUSDT ARKUSDT ARPAUSDT ARUSDT ASTRUSDT ATAUSDT ATOMUSDT AUCTIONUSDT AUDIOUSDT AVAXUSDT AXSUSDT BADGERUSDT BAKEUSDT BALUSDT BANDUSDT BATUSDT BCHUSDT BEAMXUSDT BELUSDT BICOUSDT BIGTIMEUSDT BLURUSDT BLZUSDT BNBUSDT BNTUSDT BNXUSDT BONDUSDT BSVUSDT BTCUSDT C98USDT CAKEUSDT CELOUSDT CELRUSDT CFXUSDT CHRUSDT CHZUSDT CKBUSDT COMBOUSDT COMPUSDT COTIUSDT CRVUSDT CTKUSDT CTSIUSDT CVXUSDT CYBERUSDT DARUSDT DASHUSDT DENTUSDT DGBUSDT DODOXUSDT DOGEUSDT DOTUSDT DUSKUSDT DYDXUSDT EDUUSDT EGLDUSDT ENJUSDT ENSUSDT EOSUSDT ETCUSDT ETHUSDT ETHWUSDT FETUSDT FILUSDT FLMUSDT FLOWUSDT FRONTUSDT FTMUSDT FXSUSDT GALAUSDT GALUSDT GASUSDT GLMRUSDT GMTUSDT GMXUSDT GRTUSDT GTCUSDT HBARUSDT HFTUSDT HIFIUSDT HIGHUSDT HOOKUSDT HOTUSDT ICPUSDT ICXUSDT IDEXUSDT IDUSDT ILVUSDT IMXUSDT INJUSDT IOSTUSDT IOTAUSDT IOTXUSDT JASMYUSDT JOEUSDT JTOUSDT KASUSDT KAVAUSDT KEYUSDT KLAYUSDT KNCUSDT KSMUSDT LDOUSDT LEVERUSDT LINAUSDT LINKUSDT LITUSDT LOOMUSDT LPTUSDT LQTYUSDT LRCUSDT LTCUSDT LUNA2USDT MAGICUSDT MANAUSDT MASKUSDT MATICUSDT MAVUSDT MBLUSDT MDTUSDT MEMEUSDT MINAUSDT MKRUSDT MOVRUSDT MTLUSDT NEARUSDT NEOUSDT NFPUSDT NKNUSDT NMRUSDT NTRNUSDT OCEANUSDT OGNUSDT OMGUSDT ONEUSDT ONGUSDT ONTUSDT OPUSDT ORBSUSDT ORDIUSDT OXTUSDT PENDLEUSDT PEOPLEUSDT PERPUSDT PHBUSDT POLYXUSDT POWRUSDT PYTHUSDT QNTUSDT QTUMUSDT RADUSDT RDNTUSDT REEFUSDT RENUSDT RIFUSDT RLCUSDT RNDRUSDT ROSEUSDT RSRUSDT RUNEUSDT RVNUSDT SANDUSDT SEIUSDT SFPUSDT SKLUSDT SLPUSDT SNTUSDT SNXUSDT SOLUSDT SPELLUSDT SSVUSDT STEEMUSDT STGUSDT STMXUSDT STORJUSDT STPTUSDT STRAXUSDT STXUSDT SUIUSDT SUPERUSDT SUSHIUSDT SXPUSDT THETAUSDT TIAUSDT TLMUSDT TOKENUSDT TRBUSDT TRUUSDT TRXUSDT TUSDT TWTUSDT UMAUSDT UNFIUSDT UNIUSDT USTCUSDT VETUSDT WAVESUSDT WAXPUSDT WLDUSDT WOOUSDT XEMUSDT XLMUSDT XMRUSDT XRPUSDT XTZUSDT XVGUSDT XVSUSDT YFIUSDT YGGUSDT ZECUSDT ZENUSDT ZILUSDT ZRXUSDT
2024-02-10,238,238,20,BTCUSDT ETHUSDT SOLUSDT ORDIUSDT ARBUSDT SUIUSDT TRBUSDT PEOPLEUSDT XRPUSDT SEIUSDT AVAXUSDT OPUSDT DOGEUSDT BNBUSDT TIAUSDT UMAUSDT ETCUSDT LINKUSDT MATICUSDT FILUSDT,1000BONKUSDT 1000FLOKIUSDT 1000LUNCUSDT 1000PEPEUSDT 1000RATSUSDT 1000SATSUSDT 1000SHIBUSDT 1000XECUSDT 1INCHUSDT AAVEUSDT ACEUSDT ACHUSDT ADAUSDT AGIXUSDT AGLDUSDT ALGOUSDT ALICEUSDT ALPHAUSDT AMBUSDT ANKRUSDT ANTUSDT APEUSDT API3USDT APTUSDT ARBUSDT ARKMUSDT ARKUSDT ARPAUSDT ARUSDT ASTRUSDT ATAUSDT ATOMUSDT AUCTIONUSDT AUDIOUSDT AVAXUSDT AXSUSDT BADGERUSDT BAKEUSDT BALUSDT BANDUSDT BATUSDT BCHUSDT BEAMXUSDT BELUSDT BICOUSDT BIGTIMEUSDT BLURUSDT BLZUSDT BNBUSDT BNTUSDT BNXUSDT BONDUSDT BSVUSDT BTCUSDT C98USDT CAKEUSDT CELOUSDT CELRUSDT CFXUSDT CHRUSDT CHZUSDT CKBUSDT COMBOUSDT COMPUSDT COTIUSDT CRVUSDT CTKUSDT CTSIUSDT CVXUSDT CYBERUSDT DARUSDT DASHUSDT DENTUSDT DGBUSDT DODOXUSDT DOGEUSDT DOTUSDT DUSKUSDT DYDXUSDT EDUUSDT EGLDUSDT ENJUSDT ENSUSDT EOSUSDT ETCUSDT ETHUSDT ETHWUSDT FETUSDT FILUSDT FLMUSDT FLOWUSDT FRONTUSDT FTMUSDT FXSUSDT GALAUSDT GALUSDT GASUSDT GLMRUSDT GMTUSDT GMXUSDT GRTUSDT GTCUSDT HBARUSDT HFTUSDT HIFIUSDT HIGHUSDT HOOKUSDT HOTUSDT ICPUSDT ICXUSDT IDEXUSDT IDUSDT ILVUSDT IMXUSDT INJUSDT IOSTUSDT IOTAUSDT IOTXUSDT JASMYUSDT JOEUSDT JTOUSDT KASUSDT KAVAUSDT KEYUSDT KLAYUSDT KNCUSDT KSMUSDT LDOUSDT LEVERUSDT LINAUSDT LINKUSDT LITUSDT LOOMUSDT LPTUSDT LQTYUSDT LRCUSDT LTCUSDT LUNA2USDT MAGICUSDT MANAUSDT MASKUSDT MATICUSDT MAVUSDT MBLUSDT MDTUSDT MEMEUSDT MINAUSDT MKRUSDT MOVRUSDT MTLUSDT NEARUSDT NEOUSDT NFPUSDT NKNUSDT NMRUSDT NTRNUSDT OCEANUSDT OGNUSDT OMGUSDT ONEUSDT ONGUSDT ONTUSDT OPUSDT ORBSUSDT ORDIUSDT OXTUSDT PENDLEUSDT PEOPLEUSDT PERPUSDT PHBUSDT POLYXUSDT POWRUSDT PYTHUSDT QNTUSDT QTUMUSDT RADUSDT RDNTUSDT REEFUSDT RENUSDT RIFUSDT RLCUSDT RNDRUSDT ROSEUSDT RSRUSDT RUNEUSDT RVNUSDT SANDUSDT SEIUSDT SFPUSDT SKLUSDT SLPUSDT SNTUSDT SNXUSDT SOLUSDT SPELLUSDT SSVUSDT STEEMUSDT STGUSDT STMXUSDT STORJUSDT STPTUSDT STRAXUSDT STXUSDT SUIUSDT SUPERUSDT SUSHIUSDT SXPUSDT THETAUSDT TIAUSDT TLMUSDT TOKENUSDT TRBUSDT TRUUSDT TRXUSDT TUSDT TWTUSDT UMAUSDT UNFIUSDT UNIUSDT USTCUSDT VETUSDT WAVESUSDT WAXPUSDT WLDUSDT WOOUSDT XEMUSDT XLMUSDT XMRUSDT XRPUSDT XTZUSDT XVGUSDT XVSUSDT YFIUSDT YGGUSDT ZECUSDT ZENUSDT ZILUSDT ZRXUSDT
2024-02-17,238,238,20,BTCUSDT ETHUSDT SOLUSDT ORDIUSDT ARBUSDT SUIUSDT TRBUSDT PEOPLEUSDT XRPUSDT SEIUSDT AVAXUSDT OPUSDT DOGEUSDT BNBUSDT TIAUSDT UMAUSDT ETCUSDT LINKUSDT MATICUSDT FILUSDT,1000BONKUSDT 1000FLOKIUSDT 1000LUNCUSDT 1000PEPEUSDT 1000RATSUSDT 1000SATSUSDT 1000SHIBUSDT 1000XECUSDT 1INCHUSDT AAVEUSDT ACEUSDT ACHUSDT ADAUSDT AGIXUSDT AGLDUSDT ALGOUSDT ALICEUSDT ALPHAUSDT AMBUSDT ANKRUSDT ANTUSDT APEUSDT API3USDT APTUSDT ARBUSDT ARKMUSDT ARKUSDT ARPAUSDT ARUSDT ASTRUSDT ATAUSDT ATOMUSDT AUCTIONUSDT AUDIOUSDT AVAXUSDT AXSUSDT BADGERUSDT BAKEUSDT BALUSDT BANDUSDT BATUSDT BCHUSDT BEAMXUSDT BELUSDT BICOUSDT BIGTIMEUSDT BLURUSDT BLZUSDT BNBUSDT BNTUSDT BNXUSDT BONDUSDT BSVUSDT BTCUSDT C98USDT CAKEUSDT CELOUSDT CELRUSDT CFXUSDT CHRUSDT CHZUSDT CKBUSDT COMBOUSDT COMPUSDT COTIUSDT CRVUSDT CTKUSDT CTSIUSDT CVXUSDT CYBERUSDT DARUSDT DASHUSDT DENTUSDT DGBUSDT DODOXUSDT DOGEUSDT DOTUSDT DUSKUSDT DYDXUSDT EDUUSDT EGLDUSDT ENJUSDT ENSUSDT EOSUSDT ETCUSDT ETHUSDT ETHWUSDT FETUSDT FILUSDT FLMUSDT FLOWUSDT FRONTUSDT FTMUSDT FXSUSDT GALAUSDT GALUSDT GASUSDT GLMRUSDT GMTUSDT GMXUSDT GRTUSDT GTCUSDT HBARUSDT HFTUSDT HIFIUSDT HIGHUSDT HOOKUSDT HOTUSDT ICPUSDT ICXUSDT IDEXUSDT IDUSDT ILVUSDT IMXUSDT INJUSDT IOSTUSDT IOTAUSDT IOTXUSDT JASMYUSDT JOEUSDT JTOUSDT KASUSDT KAVAUSDT KEYUSDT KLAYUSDT KNCUSDT KSMUSDT LDOUSDT LEVERUSDT LINAUSDT LINKUSDT LITUSDT LOOMUSDT LPTUSDT LQTYUSDT LRCUSDT LTCUSDT LUNA2USDT MAGICUSDT MANAUSDT MASKUSDT MATICUSDT MAVUSDT MBLUSDT MDTUSDT MEMEUSDT MINAUSDT MKRUSDT MOVRUSDT MTLUSDT NEARUSDT NEOUSDT NFPUSDT NKNUSDT NMRUSDT NTRNUSDT OCEANUSDT OGNUSDT OMGUSDT ONEUSDT ONGUSDT ONTUSDT OPUSDT ORBSUSDT ORDIUSDT OXTUSDT PENDLEUSDT PEOPLEUSDT PERPUSDT PHBUSDT POLYXUSDT POWRUSDT PYTHUSDT QNTUSDT QTUMUSDT RADUSDT RDNTUSDT REEFUSDT RENUSDT RIFUSDT RLCUSDT RNDRUSDT ROSEUSDT RSRUSDT RUNEUSDT RVNUSDT SANDUSDT SEIUSDT SFPUSDT SKLUSDT SLPUSDT SNTUSDT SNXUSDT SOLUSDT SPELLUSDT SSVUSDT STEEMUSDT STGUSDT STMXUSDT STORJUSDT STPTUSDT STRAXUSDT STXUSDT SUIUSDT SUPERUSDT SUSHIUSDT SXPUSDT THETAUSDT TIAUSDT TLMUSDT TOKENUSDT TRBUSDT TRUUSDT TRXUSDT TUSDT TWTUSDT UMAUSDT UNFIUSDT UNIUSDT USTCUSDT VETUSDT WAVESUSDT WAXPUSDT WLDUSDT WOOUSDT XEMUSDT XLMUSDT XMRUSDT XRPUSDT XTZUSDT XVGUSDT XVSUSDT YFIUSDT YGGUSDT ZECUSDT ZENUSDT ZILUSDT ZRXUSDT
2024-02-24,238,238,20,BTCUSDT ETHUSDT SOLUSDT ORDIUSDT ARBUSDT SUIUSDT TRBUSDT PEOPLEUSDT XRPUSDT SEIUSDT AVAXUSDT OPUSDT DOGEUSDT BNBUSDT TIAUSDT UMAUSDT ETCUSDT LINKUSDT MATICUSDT FILUSDT,1000BONKUSDT 1000FLOKIUSDT 1000LUNCUSDT 1000PEPEUSDT 1000RATSUSDT 1000SATSUSDT 1000SHIBUSDT 1000XECUSDT 1INCHUSDT AAVEUSDT ACEUSDT ACHUSDT ADAUSDT AGIXUSDT AGLDUSDT ALGOUSDT ALICEUSDT ALPHAUSDT AMBUSDT ANKRUSDT ANTUSDT APEUSDT API3USDT APTUSDT ARBUSDT ARKMUSDT ARKUSDT ARPAUSDT ARUSDT ASTRUSDT ATAUSDT ATOMUSDT AUCTIONUSDT AUDIOUSDT AVAXUSDT AXSUSDT BADGERUSDT BAKEUSDT BALUSDT BANDUSDT BATUSDT BCHUSDT BEAMXUSDT BELUSDT BICOUSDT BIGTIMEUSDT BLURUSDT BLZUSDT BNBUSDT BNTUSDT BNXUSDT BONDUSDT BSVUSDT BTCUSDT C98USDT CAKEUSDT CELOUSDT CELRUSDT CFXUSDT CHRUSDT CHZUSDT CKBUSDT COMBOUSDT COMPUSDT COTIUSDT CRVUSDT CTKUSDT CTSIUSDT CVXUSDT CYBERUSDT DARUSDT DASHUSDT DENTUSDT DGBUSDT DODOXUSDT DOGEUSDT DOTUSDT DUSKUSDT DYDXUSDT EDUUSDT EGLDUSDT ENJUSDT ENSUSDT EOSUSDT ETCUSDT ETHUSDT ETHWUSDT FETUSDT FILUSDT FLMUSDT FLOWUSDT FRONTUSDT FTMUSDT FXSUSDT GALAUSDT GALUSDT GASUSDT GLMRUSDT GMTUSDT GMXUSDT GRTUSDT GTCUSDT HBARUSDT HFTUSDT HIFIUSDT HIGHUSDT HOOKUSDT HOTUSDT ICPUSDT ICXUSDT IDEXUSDT IDUSDT ILVUSDT IMXUSDT INJUSDT IOSTUSDT IOTAUSDT IOTXUSDT JASMYUSDT JOEUSDT JTOUSDT KASUSDT KAVAUSDT KEYUSDT KLAYUSDT KNCUSDT KSMUSDT LDOUSDT LEVERUSDT LINAUSDT LINKUSDT LITUSDT LOOMUSDT LPTUSDT LQTYUSDT LRCUSDT LTCUSDT LUNA2USDT MAGICUSDT MANAUSDT MASKUSDT MATICUSDT MAVUSDT MBLUSDT MDTUSDT MEMEUSDT MINAUSDT MKRUSDT MOVRUSDT MTLUSDT NEARUSDT NEOUSDT NFPUSDT NKNUSDT NMRUSDT NTRNUSDT OCEANUSDT OGNUSDT OMGUSDT ONEUSDT ONGUSDT ONTUSDT OPUSDT ORBSUSDT ORDIUSDT OXTUSDT PENDLEUSDT PEOPLEUSDT PERPUSDT PHBUSDT POLYXUSDT POWRUSDT PYTHUSDT QNTUSDT QTUMUSDT RADUSDT RDNTUSDT REEFUSDT RENUSDT RIFUSDT RLCUSDT RNDRUSDT ROSEUSDT RSRUSDT RUNEUSDT RVNUSDT SANDUSDT SEIUSDT SFPUSDT SKLUSDT SLPUSDT SNTUSDT SNXUSDT SOLUSDT SPELLUSDT SSVUSDT STEEMUSDT STGUSDT STMXUSDT STORJUSDT STPTUSDT STRAXUSDT STXUSDT SUIUSDT SUPERUSDT SUSHIUSDT SXPUSDT THETAUSDT TIAUSDT TLMUSDT TOKENUSDT TRBUSDT TRUUSDT TRXUSDT TUSDT TWTUSDT UMAUSDT UNFIUSDT UNIUSDT USTCUSDT VETUSDT WAVESUSDT WAXPUSDT WLDUSDT WOOUSDT XEMUSDT XLMUSDT XMRUSDT XRPUSDT XTZUSDT XVGUSDT XVSUSDT YFIUSDT YGGUSDT ZECUSDT ZENUSDT ZILUSDT ZRXUSDT
2024-03-02,246,246,20,BTCUSDT ETHUSDT SOLUSDT WLDUSDT XRPUSDT ORDIUSDT LINKUSDT DOGEUSDT FILUSDT SUIUSDT BNBUSDT AVAXUSDT 1000PEPEUSDT MATICUSDT ADAUSDT ARBUSDT UNIUSDT CKBUSDT SEIUSDT OPUSDT,1000BONKUSDT 1000FLOKIUSDT 1000LUNCUSDT 1000PEPEUSDT 1000RATSUSDT 1000SATSUSDT 1000SHIBUSDT 1000XECUSDT 1INCHUSDT AAVEUSDT ACEUSDT ACHUSDT ADAUSDT AGIXUSDT AGLDUSDT AIUSDT ALGOUSDT ALICEUSDT ALPHAUSDT ALTUSDT AMBUSDT ANKRUSDT ANTUSDT APEUSDT API3USDT APTUSDT ARBUSDT ARKMUSDT ARKUSDT ARPAUSDT ARUSDT ASTRUSDT ATAUSDT ATOMUSDT AUCTIONUSDT AUDIOUSDT AVAXUSDT AXSUSDT BADGERUSDT BAKEUSDT BALUSDT BANDUSDT BATUSDT BCHUSDT BEAMXUSDT BELUSDT BICOUSDT BIGTIMEUSDT BLURUSDT BLZUSDT BNBUSDT BNTUSDT BNXUSDT BONDUSDT BSVUSDT BTCUSDT C98USDT CAKEUSDT CELOUSDT CELRUSDT CFXUSDT CHRUSDT CHZUSDT CKBUSDT COMBOUSDT COMPUSDT COTIUSDT CRVUSDT CTKUSDT CTSIUSDT CVXUSDT CYBERUSDT DARUSDT DASHUSDT DENTUSDT DGBUSDT DODOXUSDT DOGEUSDT DOTUSDT DUSKUSDT DYDXUSDT EDUUSDT EGLDUSDT ENJUSDT ENSUSDT EOSUSDT ETCUSDT ETHUSDT ETHWUSDT FETUSDT FILUSDT FLMUSDT FLOWUSDT FRONTUSDT FTMUSDT FXSUSDT GALAUSDT GALUSDT GASUSDT GLMRUSDT GMTUSDT GMXUSDT GRTUSDT GTCUSDT HBARUSDT HFTUSDT HIFIUSDT HIGHUSDT HOOKUSDT HOTUSDT ICPUSDT ICXUSDT IDEXUSDT IDUSDT ILVUSDT IMXUSDT INJUSDT IOSTUSDT IOTAUSDT IOTXUSDT JASMYUSDT JOEUSDT JTOUSDT JUPUSDT KASUSDT KAVAUSDT KEYUSDT KLAYUSDT KNCUSDT KSMUSDT LDOUSDT LEVERUSDT LINAUSDT LINKUSDT LITUSDT LOOMUSDT LPTUSDT LQTYUSDT LRCUSDT LSKUSDT LTCUSDT LUNA2USDT MAGICUSDT MANAUSDT MANTAUSDT MASKUSDT MATICUSDT MAVUSDT MBLUSDT MDTUSDT MEMEUSDT MINAUSDT MKRUSDT MOVRUSDT MTLUSDT NEARUSDT NEOUSDT NFPUSDT NKNUSDT NMRUSDT NTRNUSDT OCEANUSDT OGNUSDT OMGUSDT ONDOUSDT ONEUSDT ONGUSDT ONTUSDT OPUSDT ORBSUSDT ORDIUSDT OXTUSDT PENDLEUSDT PEOPLEUSDT PERPUSDT PHBUSDT POLYXUSDT POWRUSDT PYTHUSDT QNTUSDT QTUMUSDT RADUSDT RDNTUSDT REEFUSDT RENUSDT RIFUSDT RLCUSDT RNDRUSDT ROSEUSDT RSRUSDT RUNEUSDT RVNUSDT SANDUSDT SEIUSDT SFPUSDT SKLUSDT SLPUSDT SNTUSDT SNXUSDT SOLUSDT SPELLUSDT SSVUSDT STEEMUSDT STGUSDT STMXUSDT STORJUSDT STPTUSDT STRAXUSDT STXUSDT SUIUSDT SUPERUSDT SUSHIUSDT SXPUSDT THETAUSDT TIAUSDT TLMUSDT TOKENUSDT TRBUSDT TRUUSDT TRXUSDT TUSDT TWTUSDT UMAUSDT UNFIUSDT UNIUSDT USTCUSDT VETUSDT WAVESUSDT WAXPUSDT WIFUSDT WLDUSDT WOOUSDT XAIUSDT XEMUSDT XLMUSDT XMRUSDT XRPUSDT XTZUSDT XVGUSDT XVSUSDT YFIUSDT YGGUSDT ZECUSDT ZENUSDT ZILUSDT ZRXUSDT
2024-03-09,246,246,20,BTCUSDT ETHUSDT SOLUSDT WLDUSDT XRPUSDT ORDIUSDT LINKUSDT DOGEUSDT FILUSDT SUIUSDT BNBUSDT AVAXUSDT 1000PEPEUSDT MATICUSDT ADAUSDT ARBUSDT UNIUSDT CKBUSDT SEIUSDT OPUSDT,1000BONKUSDT 1000FLOKIUSDT 1000LUNCUSDT 1000PEPEUSDT 1000RATSUSDT 1000SATSUSDT 1000SHIBUSDT 1000XECUSDT 1INCHUSDT AAVEUSDT ACEUSDT ACHUSDT ADAUSDT AGIXUSDT AGLDUSDT AIUSDT ALGOUSDT ALICEUSDT ALPHAUSDT ALTUSDT AMBUSDT ANKRUSDT ANTUSDT APEUSDT API3USDT APTUSDT ARBUSDT ARKMUSDT ARKUSDT ARPAUSDT ARUSDT ASTRUSDT ATAUSDT ATOMUSDT AUCTIONUSDT AUDIOUSDT AVAXUSDT AXSUSDT BADGERUSDT BAKEUSDT BALUSDT BANDUSDT BATUSDT BCHUSDT BEAMXUSDT BELUSDT BICOUSDT BIGTIMEUSDT BLURUSDT BLZUSDT BNBUSDT BNTUSDT BNXUSDT BONDUSDT BSVUSDT BTCUSDT C98USDT CAKEUSDT CELOUSDT CELRUSDT CFXUSDT CHRUSDT CHZUSDT CKBUSDT COMBOUSDT COMPUSDT COTIUSDT CRVUSDT CTKUSDT CTSIUSDT CVXUSDT CYBERUSDT DARUSDT DASHUSDT DENTUSDT DGBUSDT DODOXUSDT DOGEUSDT DOTUSDT DUSKUSDT DYDXUSDT EDUUSDT EGLDUSDT ENJUSDT ENSUSDT EOSUSDT ETCUSDT ETHUSDT ETHWUSDT FETUSDT FILUSDT FLMUSDT FLOWUSDT FRONTUSDT FTMUSDT FXSUSDT GALAUSDT GALUSDT GASUSDT GLMRUSDT GMTUSDT GMXUSDT GRTUSDT GTCUSDT HBARUSDT HFTUSDT HIFIUSDT HIGHUSDT HOOKUSDT HOTUSDT ICPUSDT ICXUSDT IDEXUSDT IDUSDT ILVUSDT IMXUSDT INJUSDT IOSTUSDT IOTAUSDT IOTXUSDT JASMYUSDT JOEUSDT JTOUSDT JUPUSDT KASUSDT KAVAUSDT KEYUSDT KLAYUSDT KNCUSDT KSMUSDT LDOUSDT LEVERUSDT LINAUSDT LINKUSDT LITUSDT LOOMUSDT LPTUSDT LQTYUSDT LRCUSDT LSKUSDT LTCUSDT LUNA2USDT MAGICUSDT MANAUSDT MANTAUSDT MASKUSDT MATICUSDT MAVUSDT MBLUSDT MDTUSDT MEMEUSDT MINAUSDT MKRUSDT MOVRUSDT MTLUSDT NEARUSDT NEOUSDT NFPUSDT NKNUSDT NMRUSDT NTRNUSDT OCEANUSDT OGNUSDT OMGUSDT ONDOUSDT ONEUSDT ONGUSDT ONTUSDT OPUSDT ORBSUSDT ORDIUSDT OXTUSDT PENDLEUSDT PEOPLEUSDT PERPUSDT PHBUSDT POLYXUSDT POWRUSDT PYTHUSDT QNTUSDT QTUMUSDT RADUSDT RDNTUSDT REEFUSDT RENUSDT RIFUSDT RLCUSDT RNDRUSDT ROSEUSDT RSRUSDT RUNEUSDT RVNUSDT SANDUSDT SEIUSDT SFPUSDT SKLUSDT SLPUSDT SNTUSDT SNXUSDT SOLUSDT SPELLUSDT SSVUSDT STEEMUSDT STGUSDT STMXUSDT STORJUSDT STPTUSDT STRAXUSDT STXUSDT SUIUSDT SUPERUSDT SUSHIUSDT SXPUSDT THETAUSDT TIAUSDT TLMUSDT TOKENUSDT TRBUSDT TRUUSDT TRXUSDT TUSDT TWTUSDT UMAUSDT UNFIUSDT UNIUSDT USTCUSDT VETUSDT WAVESUSDT WAXPUSDT WIFUSDT WLDUSDT WOOUSDT XAIUSDT XEMUSDT XLMUSDT XMRUSDT XRPUSDT XTZUSDT XVGUSDT XVSUSDT YFIUSDT YGGUSDT ZECUSDT ZENUSDT ZILUSDT ZRXUSDT
2024-03-16,246,246,20,BTCUSDT ETHUSDT SOLUSDT WLDUSDT XRPUSDT ORDIUSDT LINKUSDT DOGEUSDT FILUSDT SUIUSDT BNBUSDT AVAXUSDT 1000PEPEUSDT MATICUSDT ADAUSDT ARBUSDT UNIUSDT CKBUSDT SEIUSDT OPUSDT,1000BONKUSDT 1000FLOKIUSDT 1000LUNCUSDT 1000PEPEUSDT 1000RATSUSDT 1000SATSUSDT 1000SHIBUSDT 1000XECUSDT 1INCHUSDT AAVEUSDT ACEUSDT ACHUSDT ADAUSDT AGIXUSDT AGLDUSDT AIUSDT ALGOUSDT ALICEUSDT ALPHAUSDT ALTUSDT AMBUSDT ANKRUSDT ANTUSDT APEUSDT API3USDT APTUSDT ARBUSDT ARKMUSDT ARKUSDT ARPAUSDT ARUSDT ASTRUSDT ATAUSDT ATOMUSDT AUCTIONUSDT AUDIOUSDT AVAXUSDT AXSUSDT BADGERUSDT BAKEUSDT BALUSDT BANDUSDT BATUSDT BCHUSDT BEAMXUSDT BELUSDT BICOUSDT BIGTIMEUSDT BLURUSDT BLZUSDT BNBUSDT BNTUSDT BNXUSDT BONDUSDT BSVUSDT BTCUSDT C98USDT CAKEUSDT CELOUSDT CELRUSDT CFXUSDT CHRUSDT CHZUSDT CKBUSDT COMBOUSDT COMPUSDT COTIUSDT CRVUSDT CTKUSDT CTSIUSDT CVXUSDT CYBERUSDT DARUSDT DASHUSDT DENTUSDT DGBUSDT DODOXUSDT DOGEUSDT DOTUSDT DUSKUSDT DYDXUSDT EDUUSDT EGLDUSDT ENJUSDT ENSUSDT EOSUSDT ETCUSDT ETHUSDT ETHWUSDT FETUSDT FILUSDT FLMUSDT FLOWUSDT FRONTUSDT FTMUSDT FXSUSDT GALAUSDT GALUSDT GASUSDT GLMRUSDT GMTUSDT GMXUSDT GRTUSDT GTCUSDT HBARUSDT HFTUSDT HIFIUSDT HIGHUSDT HOOKUSDT HOTUSDT ICPUSDT ICXUSDT IDEXUSDT IDUSDT ILVUSDT IMXUSDT INJUSDT IOSTUSDT IOTAUSDT IOTXUSDT JASMYUSDT JOEUSDT JTOUSDT JUPUSDT KASUSDT KAVAUSDT KEYUSDT KLAYUSDT KNCUSDT KSMUSDT LDOUSDT LEVERUSDT LINAUSDT LINKUSDT LITUSDT LOOMUSDT LPTUSDT LQTYUSDT LRCUSDT LSKUSDT LTCUSDT LUNA2USDT MAGICUSDT MANAUSDT MANTAUSDT MASKUSDT MATICUSDT MAVUSDT MBLUSDT MDTUSDT MEMEUSDT MINAUSDT MKRUSDT MOVRUSDT MTLUSDT NEARUSDT NEOUSDT NFPUSDT NKNUSDT NMRUSDT NTRNUSDT OCEANUSDT OGNUSDT OMGUSDT ONDOUSDT ONEUSDT ONGUSDT ONTUSDT OPUSDT ORBSUSDT ORDIUSDT OXTUSDT PENDLEUSDT PEOPLEUSDT PERPUSDT PHBUSDT POLYXUSDT POWRUSDT PYTHUSDT QNTUSDT QTUMUSDT RADUSDT RDNTUSDT REEFUSDT RENUSDT RIFUSDT RLCUSDT RNDRUSDT ROSEUSDT RSRUSDT RUNEUSDT RVNUSDT SANDUSDT SEIUSDT SFPUSDT SKLUSDT SLPUSDT SNTUSDT SNXUSDT SOLUSDT SPELLUSDT SSVUSDT STEEMUSDT STGUSDT STMXUSDT STORJUSDT STPTUSDT STRAXUSDT STXUSDT SUIUSDT SUPERUSDT SUSHIUSDT SXPUSDT THETAUSDT TIAUSDT TLMUSDT TOKENUSDT TRBUSDT TRUUSDT TRXUSDT TUSDT TWTUSDT UMAUSDT UNFIUSDT UNIUSDT USTCUSDT VETUSDT WAVESUSDT WAXPUSDT WIFUSDT WLDUSDT WOOUSDT XAIUSDT XEMUSDT XLMUSDT XMRUSDT XRPUSDT XTZUSDT XVGUSDT XVSUSDT YFIUSDT YGGUSDT ZECUSDT ZENUSDT ZILUSDT ZRXUSDT
2024-03-23,246,246,20,BTCUSDT ETHUSDT SOLUSDT WLDUSDT XRPUSDT ORDIUSDT LINKUSDT DOGEUSDT FILUSDT SUIUSDT BNBUSDT AVAXUSDT 1000PEPEUSDT MATICUSDT ADAUSDT ARBUSDT UNIUSDT CKBUSDT SEIUSDT OPUSDT,1000BONKUSDT 1000FLOKIUSDT 1000LUNCUSDT 1000PEPEUSDT 1000RATSUSDT 1000SATSUSDT 1000SHIBUSDT 1000XECUSDT 1INCHUSDT AAVEUSDT ACEUSDT ACHUSDT ADAUSDT AGIXUSDT AGLDUSDT AIUSDT ALGOUSDT ALICEUSDT ALPHAUSDT ALTUSDT AMBUSDT ANKRUSDT ANTUSDT APEUSDT API3USDT APTUSDT ARBUSDT ARKMUSDT ARKUSDT ARPAUSDT ARUSDT ASTRUSDT ATAUSDT ATOMUSDT AUCTIONUSDT AUDIOUSDT AVAXUSDT AXSUSDT BADGERUSDT BAKEUSDT BALUSDT BANDUSDT BATUSDT BCHUSDT BEAMXUSDT BELUSDT BICOUSDT BIGTIMEUSDT BLURUSDT BLZUSDT BNBUSDT BNTUSDT BNXUSDT BONDUSDT BSVUSDT BTCUSDT C98USDT CAKEUSDT CELOUSDT CELRUSDT CFXUSDT CHRUSDT CHZUSDT CKBUSDT COMBOUSDT COMPUSDT COTIUSDT CRVUSDT CTKUSDT CTSIUSDT CVXUSDT CYBERUSDT DARUSDT DASHUSDT DENTUSDT DGBUSDT DODOXUSDT DOGEUSDT DOTUSDT DUSKUSDT DYDXUSDT EDUUSDT EGLDUSDT ENJUSDT ENSUSDT EOSUSDT ETCUSDT ETHUSDT ETHWUSDT FETUSDT FILUSDT FLMUSDT FLOWUSDT FRONTUSDT FTMUSDT FXSUSDT GALAUSDT GALUSDT GASUSDT GLMRUSDT GMTUSDT GMXUSDT GRTUSDT GTCUSDT HBARUSDT HFTUSDT HIFIUSDT HIGHUSDT HOOKUSDT HOTUSDT ICPUSDT ICXUSDT IDEXUSDT IDUSDT ILVUSDT IMXUSDT INJUSDT IOSTUSDT IOTAUSDT IOTXUSDT JASMYUSDT JOEUSDT JTOUSDT JUPUSDT KASUSDT KAVAUSDT KEYUSDT KLAYUSDT KNCUSDT KSMUSDT LDOUSDT LEVERUSDT LINAUSDT LINKUSDT LITUSDT LOOMUSDT LPTUSDT LQTYUSDT LRCUSDT LSKUSDT LTCUSDT LUNA2USDT MAGICUSDT MANAUSDT MANTAUSDT MASKUSDT MATICUSDT MAVUSDT MBLUSDT MDTUSDT MEMEUSDT MINAUSDT MKRUSDT MOVRUSDT MTLUSDT NEARUSDT NEOUSDT NFPUSDT NKNUSDT NMRUSDT NTRNUSDT OCEANUSDT OGNUSDT OMGUSDT ONDOUSDT ONEUSDT ONGUSDT ONTUSDT OPUSDT ORBSUSDT ORDIUSDT OXTUSDT PENDLEUSDT PEOPLEUSDT PERPUSDT PHBUSDT POLYXUSDT POWRUSDT PYTHUSDT QNTUSDT QTUMUSDT RADUSDT RDNTUSDT REEFUSDT RENUSDT RIFUSDT RLCUSDT RNDRUSDT ROSEUSDT RSRUSDT RUNEUSDT RVNUSDT SANDUSDT SEIUSDT SFPUSDT SKLUSDT SLPUSDT SNTUSDT SNXUSDT SOLUSDT SPELLUSDT SSVUSDT STEEMUSDT STGUSDT STMXUSDT STORJUSDT STPTUSDT STRAXUSDT STXUSDT SUIUSDT SUPERUSDT SUSHIUSDT SXPUSDT THETAUSDT TIAUSDT TLMUSDT TOKENUSDT TRBUSDT TRUUSDT TRXUSDT TUSDT TWTUSDT UMAUSDT UNFIUSDT UNIUSDT USTCUSDT VETUSDT WAVESUSDT WAXPUSDT WIFUSDT WLDUSDT WOOUSDT XAIUSDT XEMUSDT XLMUSDT XMRUSDT XRPUSDT XTZUSDT XVGUSDT XVSUSDT YFIUSDT YGGUSDT ZECUSDT ZENUSDT ZILUSDT ZRXUSDT
2024-03-30,246,246,20,BTCUSDT ETHUSDT SOLUSDT WLDUSDT XRPUSDT ORDIUSDT LINKUSDT DOGEUSDT FILUSDT SUIUSDT BNBUSDT AVAXUSDT 1000PEPEUSDT MATICUSDT ADAUSDT ARBUSDT UNIUSDT CKBUSDT SEIUSDT OPUSDT,1000BONKUSDT 1000FLOKIUSDT 1000LUNCUSDT 1000PEPEUSDT 1000RATSUSDT 1000SATSUSDT 1000SHIBUSDT 1000XECUSDT 1INCHUSDT AAVEUSDT ACEUSDT ACHUSDT ADAUSDT AGIXUSDT AGLDUSDT AIUSDT ALGOUSDT ALICEUSDT ALPHAUSDT ALTUSDT AMBUSDT ANKRUSDT ANTUSDT APEUSDT API3USDT APTUSDT ARBUSDT ARKMUSDT ARKUSDT ARPAUSDT ARUSDT ASTRUSDT ATAUSDT ATOMUSDT AUCTIONUSDT AUDIOUSDT AVAXUSDT AXSUSDT BADGERUSDT BAKEUSDT BALUSDT BANDUSDT BATUSDT BCHUSDT BEAMXUSDT BELUSDT BICOUSDT BIGTIMEUSDT BLURUSDT BLZUSDT BNBUSDT BNTUSDT BNXUSDT BONDUSDT BSVUSDT BTCUSDT C98USDT CAKEUSDT CELOUSDT CELRUSDT CFXUSDT CHRUSDT CHZUSDT CKBUSDT COMBOUSDT COMPUSDT COTIUSDT CRVUSDT CTKUSDT CTSIUSDT CVXUSDT CYBERUSDT DARUSDT DASHUSDT DENTUSDT DGBUSDT DODOXUSDT DOGEUSDT DOTUSDT DUSKUSDT DYDXUSDT EDUUSDT EGLDUSDT ENJUSDT ENSUSDT EOSUSDT ETCUSDT ETHUSDT ETHWUSDT FETUSDT FILUSDT FLMUSDT FLOWUSDT FRONTUSDT FTMUSDT FXSUSDT GALAUSDT GALUSDT GASUSDT GLMRUSDT GMTUSDT GMXUSDT GRTUSDT GTCUSDT HBARUSDT HFTUSDT HIFIUSDT HIGHUSDT HOOKUSDT HOTUSDT ICPUSDT ICXUSDT IDEXUSDT IDUSDT ILVUSDT IMXUSDT INJUSDT IOSTUSDT IOTAUSDT IOTXUSDT JASMYUSDT JOEUSDT JTOUSDT JUPUSDT KASUSDT KAVAUSDT KEYUSDT KLAYUSDT KNCUSDT KSMUSDT LDOUSDT LEVERUSDT LINAUSDT LINKUSDT LITUSDT LOOMUSDT LPTUSDT LQTYUSDT LRCUSDT LSKUSDT LTCUSDT LUNA2USDT MAGICUSDT MANAUSDT MANTAUSDT MASKUSDT MATICUSDT MAVUSDT MBLUSDT MDTUSDT MEMEUSDT MINAUSDT MKRUSDT MOVRUSDT MTLUSDT NEARUSDT NEOUSDT NFPUSDT NKNUSDT NMRUSDT NTRNUSDT OCEANUSDT OGNUSDT OMGUSDT ONDOUSDT ONEUSDT ONGUSDT ONTUSDT OPUSDT ORBSUSDT ORDIUSDT OXTUSDT PENDLEUSDT PEOPLEUSDT PERPUSDT PHBUSDT POLYXUSDT POWRUSDT PYTHUSDT QNTUSDT QTUMUSDT RADUSDT RDNTUSDT REEFUSDT RENUSDT RIFUSDT RLCUSDT RNDRUSDT ROSEUSDT RSRUSDT RUNEUSDT RVNUSDT SANDUSDT SEIUSDT SFPUSDT SKLUSDT SLPUSDT SNTUSDT SNXUSDT SOLUSDT SPELLUSDT SSVUSDT STEEMUSDT STGUSDT STMXUSDT STORJUSDT STPTUSDT STRAXUSDT STXUSDT SUIUSDT SUPERUSDT SUSHIUSDT SXPUSDT THETAUSDT TIAUSDT TLMUSDT TOKENUSDT TRBUSDT TRUUSDT TRXUSDT TUSDT TWTUSDT UMAUSDT UNFIUSDT UNIUSDT USTCUSDT VETUSDT WAVESUSDT WAXPUSDT WIFUSDT WLDUSDT WOOUSDT XAIUSDT XEMUSDT XLMUSDT XMRUSDT XRPUSDT XTZUSDT XVGUSDT XVSUSDT YFIUSDT YGGUSDT ZECUSDT ZENUSDT ZILUSDT ZRXUSDT
2024-04-06,256,256,20,BTCUSDT ETHUSDT SOLUSDT DOGEUSDT 1000PEPEUSDT 1000SHIBUSDT XRPUSDT WIFUSDT BNBUSDT AVAXUSDT WLDUSDT 1000FLOKIUSDT BCHUSDT NEARUSDT ORDIUSDT FILUSDT FTMUSDT ARBUSDT ADAUSDT LTCUSDT,1000BONKUSDT 1000FLOKIUSDT 1000LUNCUSDT 1000PEPEUSDT 1000RATSUSDT 1000SATSUSDT 1000SHIBUSDT 1000XECUSDT 1INCHUSDT AAVEUSDT ACEUSDT ACHUSDT ADAUSDT AGIXUSDT AGLDUSDT AIUSDT ALGOUSDT ALICEUSDT ALPHAUSDT ALTUSDT AMBUSDT ANKRUSDT ANTUSDT APEUSDT API3USDT APTUSDT ARBUSDT ARKMUSDT ARKUSDT ARPAUSDT ARUSDT ASTRUSDT ATAUSDT ATOMUSDT AUCTIONUSDT AUDIOUSDT AVAXUSDT AXLUSDT AXSUSDT BADGERUSDT BAKEUSDT BALUSDT BANDUSDT BATUSDT BCHUSDT BEAMXUSDT BELUSDT BICOUSDT BIGTIMEUSDT BLURUSDT BLZUSDT BNBUSDT BNTUSDT BNXUSDT BONDUSDT BSVUSDT BTCUSDT C98USDT CAKEUSDT CELOUSDT CELRUSDT CFXUSDT CHRUSDT CHZUSDT CKBUSDT COMBOUSDT COMPUSDT COTIUSDT CRVUSDT CTKUSDT CTSIUSDT CVXUSDT CYBERUSDT DARUSDT DASHUSDT DENTUSDT DGBUSDT DODOXUSDT DOGEUSDT DOTUSDT DUSKUSDT DYDXUSDT DYMUSDT EDUUSDT EGLDUSDT ENJUSDT ENSUSDT EOSUSDT ETCUSDT ETHUSDT ETHWUSDT FETUSDT FILUSDT FLMUSDT FLOWUSDT FRONTUSDT FTMUSDT FXSUSDT GALAUSDT GALUSDT GASUSDT GLMRUSDT GLMUSDT GMTUSDT GMXUSDT GRTUSDT GTCUSDT HBARUSDT HFTUSDT HIFIUSDT HIGHUSDT HOOKUSDT HOTUSDT ICPUSDT ICXUSDT IDEXUSDT IDUSDT ILVUSDT IMXUSDT INJUSDT IOSTUSDT IOTAUSDT IOTXUSDT JASMYUSDT JOEUSDT JTOUSDT JUPUSDT KASUSDT KAVAUSDT KEYUSDT KLAYUSDT KNCUSDT KSMUSDT LDOUSDT LEVERUSDT LINAUSDT LINKUSDT LITUSDT LOOMUSDT LPTUSDT LQTYUSDT LRCUSDT LSKUSDT LTCUSDT LUNA2USDT MAGICUSDT MANAUSDT MANTAUSDT MASKUSDT MATICUSDT MAVIAUSDT MAVUSDT MBLUSDT MDTUSDT MEMEUSDT MINAUSDT MKRUSDT MOVRUSDT MTLUSDT NEARUSDT NEOUSDT NFPUSDT NKNUSDT NMRUSDT NTRNUSDT OCEANUSDT OGNUSDT OMGUSDT OMUSDT ONDOUSDT ONEUSDT ONGUSDT ONTUSDT OPUSDT ORBSUSDT ORDIUSDT OXTUSDT PENDLEUSDT PEOPLEUSDT PERPUSDT PHBUSDT PIXELUSDT POLYXUSDT PORTALUSDT POWRUSDT PYTHUSDT QNTUSDT QTUMUSDT RADUSDT RDNTUSDT REEFUSDT RENUSDT RIFUSDT RLCUSDT RNDRUSDT RONINUSDT ROSEUSDT RSRUSDT RUNEUSDT RVNUSDT SANDUSDT SEIUSDT SFPUSDT SKLUSDT SLPUSDT SNTUSDT SNXUSDT SOLUSDT SPELLUSDT SSVUSDT STEEMUSDT STGUSDT STMXUSDT STORJUSDT STPTUSDT STRKUSDT STXUSDT SUIUSDT SUPERUSDT SUSHIUSDT SXPUSDT THETAUSDT TIAUSDT TLMUSDT TOKENUSDT TONUSDT TRBUSDT TRUUSDT TRXUSDT TUSDT TWTUSDT UMAUSDT UNFIUSDT UNIUSDT USTCUSDT VETUSDT WAVESUSDT WAXPUSDT WIFUSDT WLDUSDT WOOUSDT XAIUSDT XEMUSDT XLMUSDT XMRUSDT XRPUSDT XTZUSDT XVGUSDT XVSUSDT YFIUSDT YGGUSDT ZECUSDT ZENUSDT ZETAUSDT ZILUSDT ZRXUSDT
2024-04-13,256,256,20,BTCUSDT ETHUSDT SOLUSDT DOGEUSDT 1000PEPEUSDT 1000SHIBUSDT XRPUSDT WIFUSDT BNBUSDT AVAXUSDT WLDUSDT 1000FLOKIUSDT BCHUSDT NEARUSDT ORDIUSDT FILUSDT FTMUSDT ARBUSDT ADAUSDT LTCUSDT,1000BONKUSDT 1000FLOKIUSDT 1000LUNCUSDT 1000PEPEUSDT 1000RATSUSDT 1000SATSUSDT 1000SHIBUSDT 1000XECUSDT 1INCHUSDT AAVEUSDT ACEUSDT ACHUSDT ADAUSDT AGIXUSDT AGLDUSDT AIUSDT ALGOUSDT ALICEUSDT ALPHAUSDT ALTUSDT AMBUSDT ANKRUSDT ANTUSDT APEUSDT API3USDT APTUSDT ARBUSDT ARKMUSDT ARKUSDT ARPAUSDT ARUSDT ASTRUSDT ATAUSDT ATOMUSDT AUCTIONUSDT AUDIOUSDT AVAXUSDT AXLUSDT AXSUSDT BADGERUSDT BAKEUSDT BALUSDT BANDUSDT BATUSDT BCHUSDT BEAMXUSDT BELUSDT BICOUSDT BIGTIMEUSDT BLURUSDT BLZUSDT BNBUSDT BNTUSDT BNXUSDT BONDUSDT BSVUSDT BTCUSDT C98USDT CAKEUSDT CELOUSDT CELRUSDT CFXUSDT CHRUSDT CHZUSDT CKBUSDT COMBOUSDT COMPUSDT COTIUSDT CRVUSDT CTKUSDT CTSIUSDT CVXUSDT CYBERUSDT DARUSDT DASHUSDT DENTUSDT DGBUSDT DODOXUSDT DOGEUSDT DOTUSDT DUSKUSDT DYDXUSDT DYMUSDT EDUUSDT EGLDUSDT ENJUSDT ENSUSDT EOSUSDT ETCUSDT ETHUSDT ETHWUSDT FETUSDT FILUSDT FLMUSDT FLOWUSDT FRONTUSDT FTMUSDT FXSUSDT GALAUSDT GALUSDT GASUSDT GLMRUSDT GLMUSDT GMTUSDT GMXUSDT GRTUSDT GTCUSDT HBARUSDT HFTUSDT HIFIUSDT HIGHUSDT HOOKUSDT HOTUSDT ICPUSDT ICXUSDT IDEXUSDT IDUSDT ILVUSDT IMXUSDT INJUSDT IOSTUSDT IOTAUSDT IOTXUSDT JASMYUSDT JOEUSDT JTOUSDT JUPUSDT KASUSDT KAVAUSDT KEYUSDT KLAYUSDT KNCUSDT KSMUSDT LDOUSDT LEVERUSDT LINAUSDT LINKUSDT LITUSDT LOOMUSDT LPTUSDT LQTYUSDT LRCUSDT LSKUSDT LTCUSDT LUNA2USDT MAGICUSDT MANAUSDT MANTAUSDT MASKUSDT MATICUSDT MAVIAUSDT MAVUSDT MBLUSDT MDTUSDT MEMEUSDT MINAUSDT MKRUSDT MOVRUSDT MTLUSDT NEARUSDT NEOUSDT NFPUSDT NKNUSDT NMRUSDT NTRNUSDT OCEANUSDT OGNUSDT OMGUSDT OMUSDT ONDOUSDT ONEUSDT ONGUSDT ONTUSDT OPUSDT ORBSUSDT ORDIUSDT OXTUSDT PENDLEUSDT PEOPLEUSDT PERPUSDT PHBUSDT PIXELUSDT POLYXUSDT PORTALUSDT POWRUSDT PYTHUSDT QNTUSDT QTUMUSDT RADUSDT RDNTUSDT REEFUSDT RENUSDT RIFUSDT RLCUSDT RNDRUSDT RONINUSDT ROSEUSDT RSRUSDT RUNEUSDT RVNUSDT SANDUSDT SEIUSDT SFPUSDT SKLUSDT SLPUSDT SNTUSDT SNXUSDT SOLUSDT SPELLUSDT SSVUSDT STEEMUSDT STGUSDT STMXUSDT STORJUSDT STPTUSDT STRKUSDT STXUSDT SUIUSDT SUPERUSDT SUSHIUSDT SXPUSDT THETAUSDT TIAUSDT TLMUSDT TOKENUSDT TONUSDT TRBUSDT TRUUSDT TRXUSDT TUSDT TWTUSDT UMAUSDT UNFIUSDT UNIUSDT USTCUSDT VETUSDT WAVESUSDT WAXPUSDT WIFUSDT WLDUSDT WOOUSDT XAIUSDT XEMUSDT XLMUSDT XMRUSDT XRPUSDT XTZUSDT XVGUSDT XVSUSDT YFIUSDT YGGUSDT ZECUSDT ZENUSDT ZETAUSDT ZILUSDT ZRXUSDT
2024-04-20,256,256,20,BTCUSDT ETHUSDT SOLUSDT DOGEUSDT 1000PEPEUSDT 1000SHIBUSDT XRPUSDT WIFUSDT BNBUSDT AVAXUSDT WLDUSDT 1000FLOKIUSDT BCHUSDT NEARUSDT ORDIUSDT FILUSDT FTMUSDT ARBUSDT ADAUSDT LTCUSDT,1000BONKUSDT 1000FLOKIUSDT 1000LUNCUSDT 1000PEPEUSDT 1000RATSUSDT 1000SATSUSDT 1000SHIBUSDT 1000XECUSDT 1INCHUSDT AAVEUSDT ACEUSDT ACHUSDT ADAUSDT AGIXUSDT AGLDUSDT AIUSDT ALGOUSDT ALICEUSDT ALPHAUSDT ALTUSDT AMBUSDT ANKRUSDT ANTUSDT APEUSDT API3USDT APTUSDT ARBUSDT ARKMUSDT ARKUSDT ARPAUSDT ARUSDT ASTRUSDT ATAUSDT ATOMUSDT AUCTIONUSDT AUDIOUSDT AVAXUSDT AXLUSDT AXSUSDT BADGERUSDT BAKEUSDT BALUSDT BANDUSDT BATUSDT BCHUSDT BEAMXUSDT BELUSDT BICOUSDT BIGTIMEUSDT BLURUSDT BLZUSDT BNBUSDT BNTUSDT BNXUSDT BONDUSDT BSVUSDT BTCUSDT C98USDT CAKEUSDT CELOUSDT CELRUSDT CFXUSDT CHRUSDT CHZUSDT CKBUSDT COMBOUSDT COMPUSDT COTIUSDT CRVUSDT CTKUSDT CTSIUSDT CVXUSDT CYBERUSDT DARUSDT DASHUSDT DENTUSDT DGBUSDT DODOXUSDT DOGEUSDT DOTUSDT DUSKUSDT DYDXUSDT DYMUSDT EDUUSDT EGLDUSDT ENJUSDT ENSUSDT EOSUSDT ETCUSDT ETHUSDT ETHWUSDT FETUSDT FILUSDT FLMUSDT FLOWUSDT FRONTUSDT FTMUSDT FXSUSDT GALAUSDT GALUSDT GASUSDT GLMRUSDT GLMUSDT GMTUSDT GMXUSDT GRTUSDT GTCUSDT HBARUSDT HFTUSDT HIFIUSDT HIGHUSDT HOOKUSDT HOTUSDT ICPUSDT ICXUSDT IDEXUSDT IDUSDT ILVUSDT IMXUSDT INJUSDT IOSTUSDT IOTAUSDT IOTXUSDT JASMYUSDT JOEUSDT JTOUSDT JUPUSDT KASUSDT KAVAUSDT KEYUSDT KLAYUSDT KNCUSDT KSMUSDT LDOUSDT LEVERUSDT LINAUSDT LINKUSDT LITUSDT LOOMUSDT LPTUSDT LQTYUSDT LRCUSDT LSKUSDT LTCUSDT LUNA2USDT MAGICUSDT MANAUSDT MANTAUSDT MASKUSDT MATICUSDT MAVIAUSDT MAVUSDT MBLUSDT MDTUSDT MEMEUSDT MINAUSDT MKRUSDT MOVRUSDT MTLUSDT NEARUSDT NEOUSDT NFPUSDT NKNUSDT NMRUSDT NTRNUSDT OCEANUSDT OGNUSDT OMGUSDT OMUSDT ONDOUSDT ONEUSDT ONGUSDT ONTUSDT OPUSDT ORBSUSDT ORDIUSDT OXTUSDT PENDLEUSDT PEOPLEUSDT PERPUSDT PHBUSDT PIXELUSDT POLYXUSDT PORTALUSDT POWRUSDT PYTHUSDT QNTUSDT QTUMUSDT RADUSDT RDNTUSDT REEFUSDT RENUSDT RIFUSDT RLCUSDT RNDRUSDT RONINUSDT ROSEUSDT RSRUSDT RUNEUSDT RVNUSDT SANDUSDT SEIUSDT SFPUSDT SKLUSDT SLPUSDT SNTUSDT SNXUSDT SOLUSDT SPELLUSDT SSVUSDT STEEMUSDT STGUSDT STMXUSDT STORJUSDT STPTUSDT STRKUSDT STXUSDT SUIUSDT SUPERUSDT SUSHIUSDT SXPUSDT THETAUSDT TIAUSDT TLMUSDT TOKENUSDT TONUSDT TRBUSDT TRUUSDT TRXUSDT TUSDT TWTUSDT UMAUSDT UNFIUSDT UNIUSDT USTCUSDT VETUSDT WAVESUSDT WAXPUSDT WIFUSDT WLDUSDT WOOUSDT XAIUSDT XEMUSDT XLMUSDT XMRUSDT XRPUSDT XTZUSDT XVGUSDT XVSUSDT YFIUSDT YGGUSDT ZECUSDT ZENUSDT ZETAUSDT ZILUSDT ZRXUSDT
2024-04-27,256,256,20,BTCUSDT ETHUSDT SOLUSDT DOGEUSDT 1000PEPEUSDT 1000SHIBUSDT XRPUSDT WIFUSDT BNBUSDT AVAXUSDT WLDUSDT 1000FLOKIUSDT BCHUSDT NEARUSDT ORDIUSDT FILUSDT FTMUSDT ARBUSDT ADAUSDT LTCUSDT,1000BONKUSDT 1000FLOKIUSDT 1000LUNCUSDT 1000PEPEUSDT 1000RATSUSDT 1000SATSUSDT 1000SHIBUSDT 1000XECUSDT 1INCHUSDT AAVEUSDT ACEUSDT ACHUSDT ADAUSDT AGIXUSDT AGLDUSDT AIUSDT ALGOUSDT ALICEUSDT ALPHAUSDT ALTUSDT AMBUSDT ANKRUSDT ANTUSDT APEUSDT API3USDT APTUSDT ARBUSDT ARKMUSDT ARKUSDT ARPAUSDT ARUSDT ASTRUSDT ATAUSDT ATOMUSDT AUCTIONUSDT AUDIOUSDT AVAXUSDT AXLUSDT AXSUSDT BADGERUSDT BAKEUSDT BALUSDT BANDUSDT BATUSDT BCHUSDT BEAMXUSDT BELUSDT BICOUSDT BIGTIMEUSDT BLURUSDT BLZUSDT BNBUSDT BNTUSDT BNXUSDT BONDUSDT BSVUSDT BTCUSDT C98USDT CAKEUSDT CELOUSDT CELRUSDT CFXUSDT CHRUSDT CHZUSDT CKBUSDT COMBOUSDT COMPUSDT COTIUSDT CRVUSDT CTKUSDT CTSIUSDT CVXUSDT CYBERUSDT DARUSDT DASHUSDT DENTUSDT DGBUSDT DODOXUSDT DOGEUSDT DOTUSDT DUSKUSDT DYDXUSDT DYMUSDT EDUUSDT EGLDUSDT ENJUSDT ENSUSDT EOSUSDT ETCUSDT ETHUSDT ETHWUSDT FETUSDT FILUSDT FLMUSDT FLOWUSDT FRONTUSDT FTMUSDT FXSUSDT GALAUSDT GALUSDT GASUSDT GLMRUSDT GLMUSDT GMTUSDT GMXUSDT GRTUSDT GTCUSDT HBARUSDT HFTUSDT HIFIUSDT HIGHUSDT HOOKUSDT HOTUSDT ICPUSDT ICXUSDT IDEXUSDT IDUSDT ILVUSDT IMXUSDT INJUSDT IOSTUSDT IOTAUSDT IOTXUSDT JASMYUSDT JOEUSDT JTOUSDT JUPUSDT KASUSDT KAVAUSDT KEYUSDT KLAYUSDT KNCUSDT KSMUSDT LDOUSDT LEVERUSDT LINAUSDT LINKUSDT LITUSDT LOOMUSDT LPTUSDT LQTYUSDT LRCUSDT LSKUSDT LTCUSDT LUNA2USDT MAGICUSDT MANAUSDT MANTAUSDT MASKUSDT MATICUSDT MAVIAUSDT MAVUSDT MBLUSDT MDTUSDT MEMEUSDT MINAUSDT MKRUSDT MOVRUSDT MTLUSDT NEARUSDT NEOUSDT NFPUSDT NKNUSDT NMRUSDT NTRNUSDT OCEANUSDT OGNUSDT OMGUSDT OMUSDT ONDOUSDT ONEUSDT ONGUSDT ONTUSDT OPUSDT ORBSUSDT ORDIUSDT OXTUSDT PENDLEUSDT PEOPLEUSDT PERPUSDT PHBUSDT PIXELUSDT POLYXUSDT PORTALUSDT POWRUSDT PYTHUSDT QNTUSDT QTUMUSDT RADUSDT RDNTUSDT REEFUSDT RENUSDT RIFUSDT RLCUSDT RNDRUSDT RONINUSDT ROSEUSDT RSRUSDT RUNEUSDT RVNUSDT SANDUSDT SEIUSDT SFPUSDT SKLUSDT SLPUSDT SNTUSDT SNXUSDT SOLUSDT SPELLUSDT SSVUSDT STEEMUSDT STGUSDT STMXUSDT STORJUSDT STPTUSDT STRKUSDT STXUSDT SUIUSDT SUPERUSDT SUSHIUSDT SXPUSDT THETAUSDT TIAUSDT TLMUSDT TOKENUSDT TONUSDT TRBUSDT TRUUSDT TRXUSDT TUSDT TWTUSDT UMAUSDT UNFIUSDT UNIUSDT USTCUSDT VETUSDT WAVESUSDT WAXPUSDT WIFUSDT WLDUSDT WOOUSDT XAIUSDT XEMUSDT XLMUSDT XMRUSDT XRPUSDT XTZUSDT XVGUSDT XVSUSDT YFIUSDT YGGUSDT ZECUSDT ZENUSDT ZETAUSDT ZILUSDT ZRXUSDT
2024-05-04,259,259,20,BTCUSDT ETHUSDT SOLUSDT DOGEUSDT WIFUSDT 1000PEPEUSDT BNBUSDT XRPUSDT BCHUSDT ORDIUSDT BOMEUSDT NEARUSDT 1000SHIBUSDT LTCUSDT AVAXUSDT WLDUSDT FILUSDT NEOUSDT ONGUSDT ETHFIUSDT,1000BONKUSDT 1000FLOKIUSDT 1000LUNCUSDT 1000PEPEUSDT 1000RATSUSDT 1000SATSUSDT 1000SHIBUSDT 1000XECUSDT 1INCHUSDT AAVEUSDT ACEUSDT ACHUSDT ADAUSDT AEVOUSDT AGIXUSDT AGLDUSDT AIUSDT ALGOUSDT ALICEUSDT ALPHAUSDT ALTUSDT AMBUSDT ANKRUSDT APEUSDT API3USDT APTUSDT ARBUSDT ARKMUSDT ARKUSDT ARPAUSDT ARUSDT ASTRUSDT ATAUSDT ATOMUSDT AUCTIONUSDT AUDIOUSDT AVAXUSDT AXLUSDT AXSUSDT BADGERUSDT BAKEUSDT BALUSDT BANDUSDT BATUSDT BCHUSDT BEAMXUSDT BELUSDT BICOUSDT BIGTIMEUSDT BLURUSDT BLZUSDT BNBUSDT BNTUSDT BNXUSDT BOMEUSDT BONDUSDT BSVUSDT BTCUSDT C98USDT CAKEUSDT CELOUSDT CELRUSDT CFXUSDT CHRUSDT CHZUSDT CKBUSDT COMBOUSDT COMPUSDT COTIUSDT CRVUSDT CTSIUSDT CVXUSDT CYBERUSDT DARUSDT DASHUSDT DENTUSDT DODOXUSDT DOGEUSDT DOTUSDT DUSKUSDT DYDXUSDT DYMUSDT EDUUSDT EGLDUSDT ENJUSDT ENSUSDT EOSUSDT ETCUSDT ETHFIUSDT ETHUSDT ETHWUSDT FETUSDT FILUSDT FLMUSDT FLOWUSDT FRONTUSDT FTMUSDT FXSUSDT GALAUSDT GALUSDT GASUSDT GLMRUSDT GLMUSDT GMTUSDT GMXUSDT GRTUSDT GTCUSDT HBARUSDT HFTUSDT HIFIUSDT HIGHUSDT HOOKUSDT HOTUSDT ICPUSDT ICXUSDT IDEXUSDT IDUSDT ILVUSDT IMXUSDT INJUSDT IOSTUSDT IOTAUSDT IOTXUSDT JASMYUSDT JOEUSDT JTOUSDT JUPUSDT KASUSDT KAVAUSDT KEYUSDT KLAYUSDT KNCUSDT KSMUSDT LDOUSDT LEVERUSDT LINAUSDT LINKUSDT LITUSDT LOOMUSDT LPTUSDT LQTYUSDT LRCUSDT LSKUSDT LTCUSDT LUNA2USDT MAGICUSDT MANAUSDT MANTAUSDT MASKUSDT MATICUSDT MAVIAUSDT MAVUSDT MBLUSDT MDTUSDT MEMEUSDT METISUSDT MINAUSDT MKRUSDT MOVRUSDT MTLUSDT MYROUSDT NEARUSDT NEOUSDT NFPUSDT NKNUSDT NMRUSDT NTRNUSDT OCEANUSDT OGNUSDT OMGUSDT OMUSDT ONDOUSDT ONEUSDT ONGUSDT ONTUSDT OPUSDT ORBSUSDT ORDIUSDT OXTUSDT PENDLEUSDT PEOPLEUSDT PERPUSDT PHBUSDT PIXELUSDT POLYXUSDT PORTALUSDT POWRUSDT PYTHUSDT QNTUSDT QTUMUSDT RADUSDT RDNTUSDT REEFUSDT RENUSDT RIFUSDT RLCUSDT RNDRUSDT RONINUSDT ROSEUSDT RSRUSDT RUNEUSDT RVNUSDT SANDUSDT SEIUSDT SFPUSDT SKLUSDT SLPUSDT SNTUSDT SNXUSDT SOLUSDT SPELLUSDT SSVUSDT STEEMUSDT STGUSDT STMXUSDT STORJUSDT STPTUSDT STRKUSDT STXUSDT SUIUSDT SUPERUSDT SUSHIUSDT SXPUSDT THETAUSDT TIAUSDT TLMUSDT TOKENUSDT TONUSDT TRBUSDT TRUUSDT TRXUSDT TUSDT TWTUSDT UMAUSDT UNFIUSDT UNIUSDT USTCUSDT VANRYUSDT VETUSDT WAVESUSDT WAXPUSDT WIFUSDT WLDUSDT WOOUSDT XAIUSDT XEMUSDT XLMUSDT XMRUSDT XRPUSDT XTZUSDT XVGUSDT XVSUSDT YFIUSDT YGGUSDT ZECUSDT ZENUSDT ZETAUSDT ZILUSDT ZRXUSDT
2024-05-11,259,259,20,BTCUSDT ETHUSDT SOLUSDT DOGEUSDT WIFUSDT 1000PEPEUSDT BNBUSDT XRPUSDT BCHUSDT ORDIUSDT BOMEUSDT NEARUSDT 1000SHIBUSDT LTCUSDT AVAXUSDT WLDUSDT FILUSDT NEOUSDT ONGUSDT ETHFIUSDT,1000BONKUSDT 1000FLOKIUSDT 1000LUNCUSDT 1000PEPEUSDT 1000RATSUSDT 1000SATSUSDT 1000SHIBUSDT 1000XECUSDT 1INCHUSDT AAVEUSDT ACEUSDT ACHUSDT ADAUSDT AEVOUSDT AGIXUSDT AGLDUSDT AIUSDT ALGOUSDT ALICEUSDT ALPHAUSDT ALTUSDT AMBUSDT ANKRUSDT APEUSDT API3USDT APTUSDT ARBUSDT ARKMUSDT ARKUSDT ARPAUSDT ARUSDT ASTRUSDT ATAUSDT ATOMUSDT AUCTIONUSDT AUDIOUSDT AVAXUSDT AXLUSDT AXSUSDT BADGERUSDT BAKEUSDT BALUSDT BANDUSDT BATUSDT BCHUSDT BEAMXUSDT BELUSDT BICOUSDT BIGTIMEUSDT BLURUSDT BLZUSDT BNBUSDT BNTUSDT BNXUSDT BOMEUSDT BONDUSDT BSVUSDT BTCUSDT C98USDT CAKEUSDT CELOUSDT CELRUSDT CFXUSDT CHRUSDT CHZUSDT CKBUSDT COMBOUSDT COMPUSDT COTIUSDT CRVUSDT CTSIUSDT CVXUSDT CYBERUSDT DARUSDT DASHUSDT DENTUSDT DODOXUSDT DOGEUSDT DOTUSDT DUSKUSDT DYDXUSDT DYMUSDT EDUUSDT EGLDUSDT ENJUSDT ENSUSDT EOSUSDT ETCUSDT ETHFIUSDT ETHUSDT ETHWUSDT FETUSDT FILUSDT FLMUSDT FLOWUSDT FRONTUSDT FTMUSDT FXSUSDT GALAUSDT GALUSDT GASUSDT GLMRUSDT GLMUSDT GMTUSDT GMXUSDT GRTUSDT GTCUSDT HBARUSDT HFTUSDT HIFIUSDT HIGHUSDT HOOKUSDT HOTUSDT ICPUSDT ICXUSDT IDEXUSDT IDUSDT ILVUSDT IMXUSDT INJUSDT IOSTUSDT IOTAUSDT IOTXUSDT JASMYUSDT JOEUSDT JTOUSDT JUPUSDT KASUSDT KAVAUSDT KEYUSDT KLAYUSDT KNCUSDT KSMUSDT LDOUSDT LEVERUSDT LINAUSDT LINKUSDT LITUSDT LOOMUSDT LPTUSDT LQTYUSDT LRCUSDT LSKUSDT LTCUSDT LUNA2USDT MAGICUSDT MANAUSDT MANTAUSDT MASKUSDT MATICUSDT MAVIAUSDT MAVUSDT MBLUSDT MDTUSDT MEMEUSDT METISUSDT MINAUSDT MKRUSDT MOVRUSDT MTLUSDT MYROUSDT NEARUSDT NEOUSDT NFPUSDT NKNUSDT NMRUSDT NTRNUSDT OCEANUSDT OGNUSDT OMGUSDT OMUSDT ONDOUSDT ONEUSDT ONGUSDT ONTUSDT OPUSDT ORBSUSDT ORDIUSDT OXTUSDT PENDLEUSDT PEOPLEUSDT PERPUSDT PHBUSDT PIXELUSDT POLYXUSDT PORTALUSDT POWRUSDT PYTHUSDT QNTUSDT QTUMUSDT RADUSDT RDNTUSDT REEFUSDT RENUSDT RIFUSDT RLCUSDT RNDRUSDT RONINUSDT ROSEUSDT RSRUSDT RUNEUSDT RVNUSDT SANDUSDT SEIUSDT SFPUSDT SKLUSDT SLPUSDT SNTUSDT SNXUSDT SOLUSDT SPELLUSDT SSVUSDT STEEMUSDT STGUSDT STMXUSDT STORJUSDT STPTUSDT STRKUSDT STXUSDT SUIUSDT SUPERUSDT SUSHIUSDT SXPUSDT THETAUSDT TIAUSDT TLMUSDT TOKENUSDT TONUSDT TRBUSDT TRUUSDT TRXUSDT TUSDT TWTUSDT UMAUSDT UNFIUSDT UNIUSDT USTCUSDT VANRYUSDT VETUSDT WAVESUSDT WAXPUSDT WIFUSDT WLDUSDT WOOUSDT XAIUSDT XEMUSDT XLMUSDT XMRUSDT XRPUSDT XTZUSDT XVGUSDT XVSUSDT YFIUSDT YGGUSDT ZECUSDT ZENUSDT ZETAUSDT ZILUSDT ZRXUSDT
2024-05-18,259,259,20,BTCUSDT ETHUSDT SOLUSDT DOGEUSDT WIFUSDT 1000PEPEUSDT BNBUSDT XRPUSDT BCHUSDT ORDIUSDT BOMEUSDT NEARUSDT 1000SHIBUSDT LTCUSDT AVAXUSDT WLDUSDT FILUSDT NEOUSDT ONGUSDT ETHFIUSDT,1000BONKUSDT 1000FLOKIUSDT 1000LUNCUSDT 1000PEPEUSDT 1000RATSUSDT 1000SATSUSDT 1000SHIBUSDT 1000XECUSDT 1INCHUSDT AAVEUSDT ACEUSDT ACHUSDT ADAUSDT AEVOUSDT AGIXUSDT AGLDUSDT AIUSDT ALGOUSDT ALICEUSDT ALPHAUSDT ALTUSDT AMBUSDT ANKRUSDT APEUSDT API3USDT APTUSDT ARBUSDT ARKMUSDT ARKUSDT ARPAUSDT ARUSDT ASTRUSDT ATAUSDT ATOMUSDT AUCTIONUSDT AUDIOUSDT AVAXUSDT AXLUSDT AXSUSDT BADGERUSDT BAKEUSDT BALUSDT BANDUSDT BATUSDT BCHUSDT BEAMXUSDT BELUSDT BICOUSDT BIGTIMEUSDT BLURUSDT BLZUSDT BNBUSDT BNTUSDT BNXUSDT BOMEUSDT BONDUSDT BSVUSDT BTCUSDT C98USDT CAKEUSDT CELOUSDT CELRUSDT CFXUSDT CHRUSDT CHZUSDT CKBUSDT COMBOUSDT COMPUSDT COTIUSDT CRVUSDT CTSIUSDT CVXUSDT CYBERUSDT DARUSDT DASHUSDT DENTUSDT DODOXUSDT DOGEUSDT DOTUSDT DUSKUSDT DYDXUSDT DYMUSDT EDUUSDT EGLDUSDT ENJUSDT ENSUSDT EOSUSDT ETCUSDT ETHFIUSDT ETHUSDT ETHWUSDT FETUSDT FILUSDT FLMUSDT FLOWUSDT FRONTUSDT FTMUSDT FXSUSDT GALAUSDT GALUSDT GASUSDT GLMRUSDT GLMUSDT GMTUSDT GMXUSDT GRTUSDT GTCUSDT HBARUSDT HFTUSDT HIFIUSDT HIGHUSDT HOOKUSDT HOTUSDT ICPUSDT ICXUSDT IDEXUSDT IDUSDT ILVUSDT IMXUSDT INJUSDT IOSTUSDT IOTAUSDT IOTXUSDT JASMYUSDT JOEUSDT JTOUSDT JUPUSDT KASUSDT KAVAUSDT KEYUSDT KLAYUSDT KNCUSDT KSMUSDT LDOUSDT LEVERUSDT LINAUSDT LINKUSDT LITUSDT LOOMUSDT LPTUSDT LQTYUSDT LRCUSDT LSKUSDT LTCUSDT LUNA2USDT MAGICUSDT MANAUSDT MANTAUSDT MASKUSDT MATICUSDT MAVIAUSDT MAVUSDT MBLUSDT MDTUSDT MEMEUSDT METISUSDT MINAUSDT MKRUSDT MOVRUSDT MTLUSDT MYROUSDT NEARUSDT NEOUSDT NFPUSDT NKNUSDT NMRUSDT NTRNUSDT OCEANUSDT OGNUSDT OMGUSDT OMUSDT ONDOUSDT ONEUSDT ONGUSDT ONTUSDT OPUSDT ORBSUSDT ORDIUSDT OXTUSDT PENDLEUSDT PEOPLEUSDT PERPUSDT PHBUSDT PIXELUSDT POLYXUSDT PORTALUSDT POWRUSDT PYTHUSDT QNTUSDT QTUMUSDT RADUSDT RDNTUSDT REEFUSDT RENUSDT RIFUSDT RLCUSDT RNDRUSDT RONINUSDT ROSEUSDT RSRUSDT RUNEUSDT RVNUSDT SANDUSDT SEIUSDT SFPUSDT SKLUSDT SLPUSDT SNTUSDT SNXUSDT SOLUSDT SPELLUSDT SSVUSDT STEEMUSDT STGUSDT STMXUSDT STORJUSDT STPTUSDT STRKUSDT STXUSDT SUIUSDT SUPERUSDT SUSHIUSDT SXPUSDT THETAUSDT TIAUSDT TLMUSDT TOKENUSDT TONUSDT TRBUSDT TRUUSDT TRXUSDT TUSDT TWTUSDT UMAUSDT UNFIUSDT UNIUSDT USTCUSDT VANRYUSDT VETUSDT WAVESUSDT WAXPUSDT WIFUSDT WLDUSDT WOOUSDT XAIUSDT XEMUSDT XLMUSDT XMRUSDT XRPUSDT XTZUSDT XVGUSDT XVSUSDT YFIUSDT YGGUSDT ZECUSDT ZENUSDT ZETAUSDT ZILUSDT ZRXUSDT
2024-05-25,259,259,20,BTCUSDT ETHUSDT SOLUSDT DOGEUSDT WIFUSDT 1000PEPEUSDT BNBUSDT XRPUSDT BCHUSDT ORDIUSDT BOMEUSDT NEARUSDT 1000SHIBUSDT LTCUSDT AVAXUSDT WLDUSDT FILUSDT NEOUSDT ONGUSDT ETHFIUSDT,1000BONKUSDT 1000FLOKIUSDT 1000LUNCUSDT 1000PEPEUSDT 1000RATSUSDT 1000SATSUSDT 1000SHIBUSDT 1000XECUSDT 1INCHUSDT AAVEUSDT ACEUSDT ACHUSDT ADAUSDT AEVOUSDT AGIXUSDT AGLDUSDT AIUSDT ALGOUSDT ALICEUSDT ALPHAUSDT ALTUSDT AMBUSDT ANKRUSDT APEUSDT API3USDT APTUSDT ARBUSDT ARKMUSDT ARKUSDT ARPAUSDT ARUSDT ASTRUSDT ATAUSDT ATOMUSDT AUCTIONUSDT AUDIOUSDT AVAXUSDT AXLUSDT AXSUSDT BADGERUSDT BAKEUSDT BALUSDT BANDUSDT BATUSDT BCHUSDT BEAMXUSDT BELUSDT BICOUSDT BIGTIMEUSDT BLURUSDT BLZUSDT BNBUSDT BNTUSDT BNXUSDT BOMEUSDT BONDUSDT BSVUSDT BTCUSDT C98USDT CAKEUSDT CELOUSDT CELRUSDT CFXUSDT CHRUSDT CHZUSDT CKBUSDT COMBOUSDT COMPUSDT COTIUSDT CRVUSDT CTSIUSDT CVXUSDT CYBERUSDT DARUSDT DASHUSDT DENTUSDT DODOXUSDT DOGEUSDT DOTUSDT DUSKUSDT DYDXUSDT DYMUSDT EDUUSDT EGLDUSDT ENJUSDT ENSUSDT EOSUSDT ETCUSDT ETHFIUSDT ETHUSDT ETHWUSDT FETUSDT FILUSDT FLMUSDT FLOWUSDT FRONTUSDT FTMUSDT FXSUSDT GALAUSDT GALUSDT GASUSDT GLMRUSDT GLMUSDT GMTUSDT GMXUSDT GRTUSDT GTCUSDT HBARUSDT HFTUSDT HIFIUSDT HIGHUSDT HOOKUSDT HOTUSDT ICPUSDT ICXUSDT IDEXUSDT IDUSDT ILVUSDT IMXUSDT INJUSDT IOSTUSDT IOTAUSDT IOTXUSDT JASMYUSDT JOEUSDT JTOUSDT JUPUSDT KASUSDT KAVAUSDT KEYUSDT KLAYUSDT KNCUSDT KSMUSDT LDOUSDT LEVERUSDT LINAUSDT LINKUSDT LITUSDT LOOMUSDT LPTUSDT LQTYUSDT LRCUSDT LSKUSDT LTCUSDT LUNA2USDT MAGICUSDT MANAUSDT MANTAUSDT MASKUSDT MATICUSDT MAVIAUSDT MAVUSDT MBLUSDT MDTUSDT MEMEUSDT METISUSDT MINAUSDT MKRUSDT MOVRUSDT MTLUSDT MYROUSDT NEARUSDT NEOUSDT NFPUSDT NKNUSDT NMRUSDT NTRNUSDT OCEANUSDT OGNUSDT OMGUSDT OMUSDT ONDOUSDT ONEUSDT ONGUSDT ONTUSDT OPUSDT ORBSUSDT ORDIUSDT OXTUSDT PENDLEUSDT PEOPLEUSDT PERPUSDT PHBUSDT PIXELUSDT POLYXUSDT PORTALUSDT POWRUSDT PYTHUSDT QNTUSDT QTUMUSDT RADUSDT RDNTUSDT REEFUSDT RENUSDT RIFUSDT RLCUSDT RNDRUSDT RONINUSDT ROSEUSDT RSRUSDT RUNEUSDT RVNUSDT SANDUSDT SEIUSDT SFPUSDT SKLUSDT SLPUSDT SNTUSDT SNXUSDT SOLUSDT SPELLUSDT SSVUSDT STEEMUSDT STGUSDT STMXUSDT STORJUSDT STPTUSDT STRKUSDT STXUSDT SUIUSDT SUPERUSDT SUSHIUSDT SXPUSDT THETAUSDT TIAUSDT TLMUSDT TOKENUSDT TONUSDT TRBUSDT TRUUSDT TRXUSDT TUSDT TWTUSDT UMAUSDT UNFIUSDT UNIUSDT USTCUSDT VANRYUSDT VETUSDT WAVESUSDT WAXPUSDT WIFUSDT WLDUSDT WOOUSDT XAIUSDT XEMUSDT XLMUSDT XMRUSDT XRPUSDT XTZUSDT XVGUSDT XVSUSDT YFIUSDT YGGUSDT ZECUSDT ZENUSDT ZETAUSDT ZILUSDT ZRXUSDT
2024-06-01,256,256,20,BTCUSDT ETHUSDT SOLUSDT 1000PEPEUSDT DOGEUSDT WIFUSDT TRBUSDT PEOPLEUSDT WLDUSDT BNBUSDT ORDIUSDT 1000SHIBUSDT 1000BONKUSDT ENAUSDT XRPUSDT BOMEUSDT NEARUSDT LINKUSDT ETHFIUSDT 1000FLOKIUSDT,1000BONKUSDT 1000FLOKIUSDT 1000LUNCUSDT 1000PEPEUSDT 1000RATSUSDT 1000SATSUSDT 1000SHIBUSDT 1000XECUSDT 1INCHUSDT AAVEUSDT ACEUSDT ACHUSDT ADAUSDT AEVOUSDT AGIXUSDT AGLDUSDT AIUSDT ALGOUSDT ALICEUSDT ALPHAUSDT ALTUSDT AMBUSDT ANKRUSDT APEUSDT API3USDT APTUSDT ARBUSDT ARKMUSDT ARKUSDT ARPAUSDT ARUSDT ASTRUSDT ATAUSDT ATOMUSDT AUCTIONUSDT AVAXUSDT AXLUSDT AXSUSDT BADGERUSDT BAKEUSDT BALUSDT BANDUSDT BATUSDT BCHUSDT BEAMXUSDT BELUSDT BICOUSDT BIGTIMEUSDT BLURUSDT BLZUSDT BNBUSDT BNTUSDT BNXUSDT BOMEUSDT BONDUSDT BSVUSDT BTCUSDT C98USDT CAKEUSDT CELOUSDT CELRUSDT CFXUSDT CHRUSDT CHZUSDT CKBUSDT COMBOUSDT COMPUSDT COTIUSDT CRVUSDT CTSIUSDT CYBERUSDT DARUSDT DASHUSDT DENTUSDT DODOXUSDT DOGEUSDT DOTUSDT DUSKUSDT DYDXUSDT DYMUSDT EDUUSDT EGLDUSDT ENAUSDT ENJUSDT ENSUSDT EOSUSDT ETCUSDT ETHFIUSDT ETHUSDT ETHWUSDT FETUSDT FILUSDT FLMUSDT FLOWUSDT FRONTUSDT FTMUSDT FXSUSDT GALAUSDT GALUSDT GASUSDT GLMUSDT GMTUSDT GMXUSDT GRTUSDT GTCUSDT HBARUSDT HFTUSDT HIFIUSDT HIGHUSDT HOOKUSDT HOTUSDT ICPUSDT ICXUSDT IDUSDT ILVUSDT IMXUSDT INJUSDT IOSTUSDT IOTAUSDT IOTXUSDT JASMYUSDT JOEUSDT JTOUSDT JUPUSDT KASUSDT KAVAUSDT KEYUSDT KLAYUSDT KNCUSDT KSMUSDT LDOUSDT LEVERUSDT LINAUSDT LINKUSDT LITUSDT LOOMUSDT LPTUSDT LQTYUSDT LRCUSDT LSKUSDT LTCUSDT LUNA2USDT MAGICUSDT MANAUSDT MANTAUSDT MASKUSDT MATICUSDT MAVIAUSDT MAVUSDT MEMEUSDT METISUSDT MINAUSDT MKRUSDT MOVRUSDT MTLUSDT MYROUSDT NEARUSDT NEOUSDT NFPUSDT NKNUSDT NMRUSDT NTRNUSDT OCEANUSDT OGNUSDT OMGUSDT OMNIUSDT OMUSDT ONDOUSDT ONEUSDT ONGUSDT ONTUSDT OPUSDT ORBSUSDT ORDIUSDT OXTUSDT PENDLEUSDT PEOPLEUSDT PERPUSDT PHBUSDT PIXELUSDT POLYXUSDT PORTALUSDT POWRUSDT PYTHUSDT QNTUSDT QTUMUSDT RDNTUSDT REEFUSDT RENUSDT REZUSDT RIFUSDT RLCUSDT RNDRUSDT RONINUSDT ROSEUSDT RSRUSDT RUNEUSDT RVNUSDT SAGAUSDT SANDUSDT SEIUSDT SFPUSDT SKLUSDT SNXUSDT SOLUSDT SPELLUSDT SSVUSDT STEEMUSDT STGUSDT STMXUSDT STORJUSDT STRKUSDT STXUSDT SUIUSDT SUPERUSDT SUSHIUSDT SXPUSDT TAOUSDT THETAUSDT TIAUSDT TLMUSDT TNSRUSDT TOKENUSDT TONUSDT TRBUSDT TRUUSDT TRXUSDT TUSDT TWTUSDT UMAUSDT UNFIUSDT UNIUSDT USTCUSDT VANRYUSDT VETUSDT WAVESUSDT WAXPUSDT WIFUSDT WLDUSDT WOOUSDT WUSDT XAIUSDT XEMUSDT XLMUSDT XMRUSDT XRPUSDT XTZUSDT XVGUSDT XVSUSDT YFIUSDT YGGUSDT ZECUSDT ZENUSDT ZETAUSDT ZILUSDT ZRXUSDT
2024-06-08,256,256,20,BTCUSDT ETHUSDT SOLUSDT 1000PEPEUSDT DOGEUSDT WIFUSDT TRBUSDT PEOPLEUSDT WLDUSDT BNBUSDT ORDIUSDT 1000SHIBUSDT 1000BONKUSDT ENAUSDT XRPUSDT BOMEUSDT NEARUSDT LINKUSDT ETHFIUSDT 1000FLOKIUSDT,1000BONKUSDT 1000FLOKIUSDT 1000LUNCUSDT 1000PEPEUSDT 1000RATSUSDT 1000SATSUSDT 1000SHIBUSDT 1000XECUSDT 1INCHUSDT AAVEUSDT ACEUSDT ACHUSDT ADAUSDT AEVOUSDT AGIXUSDT AGLDUSDT AIUSDT ALGOUSDT ALICEUSDT ALPHAUSDT ALTUSDT AMBUSDT ANKRUSDT APEUSDT API3USDT APTUSDT ARBUSDT ARKMUSDT ARKUSDT ARPAUSDT ARUSDT ASTRUSDT ATAUSDT ATOMUSDT AUCTIONUSDT AVAXUSDT AXLUSDT AXSUSDT BADGERUSDT BAKEUSDT BALUSDT BANDUSDT BATUSDT BCHUSDT BEAMXUSDT BELUSDT BICOUSDT BIGTIMEUSDT BLURUSDT BLZUSDT BNBUSDT BNTUSDT BNXUSDT BOMEUSDT BONDUSDT BSVUSDT BTCUSDT C98USDT CAKEUSDT CELOUSDT CELRUSDT CFXUSDT CHRUSDT CHZUSDT CKBUSDT COMBOUSDT COMPUSDT COTIUSDT CRVUSDT CTSIUSDT CYBERUSDT DARUSDT DASHUSDT DENTUSDT DODOXUSDT DOGEUSDT DOTUSDT DUSKUSDT DYDXUSDT DYMUSDT EDUUSDT EGLDUSDT ENAUSDT ENJUSDT ENSUSDT EOSUSDT ETCUSDT ETHFIUSDT ETHUSDT ETHWUSDT FETUSDT FILUSDT FLMUSDT FLOWUSDT FRONTUSDT FTMUSDT FXSUSDT GALAUSDT GALUSDT GASUSDT GLMUSDT GMTUSDT GMXUSDT GRTUSDT GTCUSDT HBARUSDT HFTUSDT HIFIUSDT HIGHUSDT HOOKUSDT HOTUSDT ICPUSDT ICXUSDT IDUSDT ILVUSDT IMXUSDT INJUSDT IOSTUSDT IOTAUSDT IOTXUSDT JASMYUSDT JOEUSDT JTOUSDT JUPUSDT KASUSDT KAVAUSDT KEYUSDT KLAYUSDT KNCUSDT KSMUSDT LDOUSDT LEVERUSDT LINAUSDT LINKUSDT LITUSDT LOOMUSDT LPTUSDT LQTYUSDT LRCUSDT LSKUSDT LTCUSDT LUNA2USDT MAGICUSDT MANAUSDT MANTAUSDT MASKUSDT MATICUSDT MAVIAUSDT MAVUSDT MEMEUSDT METISUSDT MINAUSDT MKRUSDT MOVRUSDT MTLUSDT MYROUSDT NEARUSDT NEOUSDT NFPUSDT NKNUSDT NMRUSDT NTRNUSDT OCEANUSDT OGNUSDT OMGUSDT OMNIUSDT OMUSDT ONDOUSDT ONEUSDT ONGUSDT ONTUSDT OPUSDT ORBSUSDT ORDIUSDT OXTUSDT PENDLEUSDT PEOPLEUSDT PERPUSDT PHBUSDT PIXELUSDT POLYXUSDT PORTALUSDT POWRUSDT PYTHUSDT QNTUSDT QTUMUSDT RDNTUSDT REEFUSDT RENUSDT REZUSDT RIFUSDT RLCUSDT RNDRUSDT RONINUSDT ROSEUSDT RSRUSDT RUNEUSDT RVNUSDT SAGAUSDT SANDUSDT SEIUSDT SFPUSDT SKLUSDT SNXUSDT SOLUSDT SPELLUSDT SSVUSDT STEEMUSDT STGUSDT STMXUSDT STORJUSDT STRKUSDT STXUSDT SUIUSDT SUPERUSDT SUSHIUSDT SXPUSDT TAOUSDT THETAUSDT TIAUSDT TLMUSDT TNSRUSDT TOKENUSDT TONUSDT TRBUSDT TRUUSDT TRXUSDT TUSDT TWTUSDT UMAUSDT UNFIUSDT UNIUSDT USTCUSDT VANRYUSDT VETUSDT WAVESUSDT WAXPUSDT WIFUSDT WLDUSDT WOOUSDT WUSDT XAIUSDT XEMUSDT XLMUSDT XMRUSDT XRPUSDT XTZUSDT XVGUSDT XVSUSDT YFIUSDT YGGUSDT ZECUSDT ZENUSDT ZETAUSDT ZILUSDT ZRXUSDT
2024-06-15,256,256,20,BTCUSDT ETHUSDT SOLUSDT 1000PEPEUSDT DOGEUSDT WIFUSDT TRBUSDT PEOPLEUSDT WLDUSDT BNBUSDT ORDIUSDT 1000SHIBUSDT 1000BONKUSDT ENAUSDT XRPUSDT BOMEUSDT NEARUSDT LINKUSDT ETHFIUSDT 1000FLOKIUSDT,1000BONKUSDT 1000FLOKIUSDT 1000LUNCUSDT 1000PEPEUSDT 1000RATSUSDT 1000SATSUSDT 1000SHIBUSDT 1000XECUSDT 1INCHUSDT AAVEUSDT ACEUSDT ACHUSDT ADAUSDT AEVOUSDT AGIXUSDT AGLDUSDT AIUSDT ALGOUSDT ALICEUSDT ALPHAUSDT ALTUSDT AMBUSDT ANKRUSDT APEUSDT API3USDT APTUSDT ARBUSDT ARKMUSDT ARKUSDT ARPAUSDT ARUSDT ASTRUSDT ATAUSDT ATOMUSDT AUCTIONUSDT AVAXUSDT AXLUSDT AXSUSDT BADGERUSDT BAKEUSDT BALUSDT BANDUSDT BATUSDT BCHUSDT BEAMXUSDT BELUSDT BICOUSDT BIGTIMEUSDT BLURUSDT BLZUSDT BNBUSDT BNTUSDT BNXUSDT BOMEUSDT BONDUSDT BSVUSDT BTCUSDT C98USDT CAKEUSDT CELOUSDT CELRUSDT CFXUSDT CHRUSDT CHZUSDT CKBUSDT COMBOUSDT COMPUSDT COTIUSDT CRVUSDT CTSIUSDT CYBERUSDT DARUSDT DASHUSDT DENTUSDT DODOXUSDT DOGEUSDT DOTUSDT DUSKUSDT DYDXUSDT DYMUSDT EDUUSDT EGLDUSDT ENAUSDT ENJUSDT ENSUSDT EOSUSDT ETCUSDT ETHFIUSDT ETHUSDT ETHWUSDT FETUSDT FILUSDT FLMUSDT FLOWUSDT FRONTUSDT FTMUSDT FXSUSDT GALAUSDT GALUSDT GASUSDT GLMUSDT GMTUSDT GMXUSDT GRTUSDT GTCUSDT HBARUSDT HFTUSDT HIFIUSDT HIGHUSDT HOOKUSDT HOTUSDT ICPUSDT ICXUSDT IDUSDT ILVUSDT IMXUSDT INJUSDT IOSTUSDT IOTAUSDT IOTXUSDT JASMYUSDT JOEUSDT JTOUSDT JUPUSDT KASUSDT KAVAUSDT KEYUSDT KLAYUSDT KNCUSDT KSMUSDT LDOUSDT LEVERUSDT LINAUSDT LINKUSDT LITUSDT LOOMUSDT LPTUSDT LQTYUSDT LRCUSDT LSKUSDT LTCUSDT LUNA2USDT MAGICUSDT MANAUSDT MANTAUSDT MASKUSDT MATICUSDT MAVIAUSDT MAVUSDT MEMEUSDT METISUSDT MINAUSDT MKRUSDT MOVRUSDT MTLUSDT MYROUSDT NEARUSDT NEOUSDT NFPUSDT NKNUSDT NMRUSDT NTRNUSDT OCEANUSDT OGNUSDT OMGUSDT OMNIUSDT OMUSDT ONDOUSDT ONEUSDT ONGUSDT ONTUSDT OPUSDT ORBSUSDT ORDIUSDT OXTUSDT PENDLEUSDT PEOPLEUSDT PERPUSDT PHBUSDT PIXELUSDT POLYXUSDT PORTALUSDT POWRUSDT PYTHUSDT QNTUSDT QTUMUSDT RDNTUSDT REEFUSDT RENUSDT REZUSDT RIFUSDT RLCUSDT RNDRUSDT RONINUSDT ROSEUSDT RSRUSDT RUNEUSDT RVNUSDT SAGAUSDT SANDUSDT SEIUSDT SFPUSDT SKLUSDT SNXUSDT SOLUSDT SPELLUSDT SSVUSDT STEEMUSDT STGUSDT STMXUSDT STORJUSDT STRKUSDT STXUSDT SUIUSDT SUPERUSDT SUSHIUSDT SXPUSDT TAOUSDT THETAUSDT TIAUSDT TLMUSDT TNSRUSDT TOKENUSDT TONUSDT TRBUSDT TRUUSDT TRXUSDT TUSDT TWTUSDT UMAUSDT UNFIUSDT UNIUSDT USTCUSDT VANRYUSDT VETUSDT WAVESUSDT WAXPUSDT WIFUSDT WLDUSDT WOOUSDT WUSDT XAIUSDT XEMUSDT XLMUSDT XMRUSDT XRPUSDT XTZUSDT XVGUSDT XVSUSDT YFIUSDT YGGUSDT ZECUSDT ZENUSDT ZETAUSDT ZILUSDT ZRXUSDT
2024-06-22,256,256,20,BTCUSDT ETHUSDT SOLUSDT 1000PEPEUSDT DOGEUSDT WIFUSDT TRBUSDT PEOPLEUSDT WLDUSDT BNBUSDT ORDIUSDT 1000SHIBUSDT 1000BONKUSDT ENAUSDT XRPUSDT BOMEUSDT NEARUSDT LINKUSDT ETHFIUSDT 1000FLOKIUSDT,1000BONKUSDT 1000FLOKIUSDT 1000LUNCUSDT 1000PEPEUSDT 1000RATSUSDT 1000SATSUSDT 1000SHIBUSDT 1000XECUSDT 1INCHUSDT AAVEUSDT ACEUSDT ACHUSDT ADAUSDT AEVOUSDT AGIXUSDT AGLDUSDT AIUSDT ALGOUSDT ALICEUSDT ALPHAUSDT ALTUSDT AMBUSDT ANKRUSDT APEUSDT API3USDT APTUSDT ARBUSDT ARKMUSDT ARKUSDT ARPAUSDT ARUSDT ASTRUSDT ATAUSDT ATOMUSDT AUCTIONUSDT AVAXUSDT AXLUSDT AXSUSDT BADGERUSDT BAKEUSDT BALUSDT BANDUSDT BATUSDT BCHUSDT BEAMXUSDT BELUSDT BICOUSDT BIGTIMEUSDT BLURUSDT BLZUSDT BNBUSDT BNTUSDT BNXUSDT BOMEUSDT BONDUSDT BSVUSDT BTCUSDT C98USDT CAKEUSDT CELOUSDT CELRUSDT CFXUSDT CHRUSDT CHZUSDT CKBUSDT COMBOUSDT COMPUSDT COTIUSDT CRVUSDT CTSIUSDT CYBERUSDT DARUSDT DASHUSDT DENTUSDT DODOXUSDT DOGEUSDT DOTUSDT DUSKUSDT DYDXUSDT DYMUSDT EDUUSDT EGLDUSDT ENAUSDT ENJUSDT ENSUSDT EOSUSDT ETCUSDT ETHFIUSDT ETHUSDT ETHWUSDT FETUSDT FILUSDT FLMUSDT FLOWUSDT FRONTUSDT FTMUSDT FXSUSDT GALAUSDT GALUSDT GASUSDT GLMUSDT GMTUSDT GMXUSDT GRTUSDT GTCUSDT HBARUSDT HFTUSDT HIFIUSDT HIGHUSDT HOOKUSDT HOTUSDT ICPUSDT ICXUSDT IDUSDT ILVUSDT IMXUSDT INJUSDT IOSTUSDT IOTAUSDT IOTXUSDT JASMYUSDT JOEUSDT JTOUSDT JUPUSDT KASUSDT KAVAUSDT KEYUSDT KLAYUSDT KNCUSDT KSMUSDT LDOUSDT LEVERUSDT LINAUSDT LINKUSDT LITUSDT LOOMUSDT LPTUSDT LQTYUSDT LRCUSDT LSKUSDT LTCUSDT LUNA2USDT MAGICUSDT MANAUSDT MANTAUSDT MASKUSDT MATICUSDT MAVIAUSDT MAVUSDT MEMEUSDT METISUSDT MINAUSDT MKRUSDT MOVRUSDT MTLUSDT MYROUSDT NEARUSDT NEOUSDT NFPUSDT NKNUSDT NMRUSDT NTRNUSDT OCEANUSDT OGNUSDT OMGUSDT OMNIUSDT OMUSDT ONDOUSDT ONEUSDT ONGUSDT ONTUSDT OPUSDT ORBSUSDT ORDIUSDT OXTUSDT PENDLEUSDT PEOPLEUSDT PERPUSDT PHBUSDT PIXELUSDT POLYXUSDT PORTALUSDT POWRUSDT PYTHUSDT QNTUSDT QTUMUSDT RDNTUSDT REEFUSDT RENUSDT REZUSDT RIFUSDT RLCUSDT RNDRUSDT RONINUSDT ROSEUSDT RSRUSDT RUNEUSDT RVNUSDT SAGAUSDT SANDUSDT SEIUSDT SFPUSDT SKLUSDT SNXUSDT SOLUSDT SPELLUSDT SSVUSDT STEEMUSDT STGUSDT STMXUSDT STORJUSDT STRKUSDT STXUSDT SUIUSDT SUPERUSDT SUSHIUSDT SXPUSDT TAOUSDT THETAUSDT TIAUSDT TLMUSDT TNSRUSDT TOKENUSDT TONUSDT TRBUSDT TRUUSDT TRXUSDT TUSDT TWTUSDT UMAUSDT UNFIUSDT UNIUSDT USTCUSDT VANRYUSDT VETUSDT WAVESUSDT WAXPUSDT WIFUSDT WLDUSDT WOOUSDT WUSDT XAIUSDT XEMUSDT XLMUSDT XMRUSDT XRPUSDT XTZUSDT XVGUSDT XVSUSDT YFIUSDT YGGUSDT ZECUSDT ZENUSDT ZETAUSDT ZILUSDT ZRXUSDT
2024-06-29,256,256,20,BTCUSDT ETHUSDT SOLUSDT 1000PEPEUSDT DOGEUSDT WIFUSDT TRBUSDT PEOPLEUSDT WLDUSDT BNBUSDT ORDIUSDT 1000SHIBUSDT 1000BONKUSDT ENAUSDT XRPUSDT BOMEUSDT NEARUSDT LINKUSDT ETHFIUSDT 1000FLOKIUSDT,1000BONKUSDT 1000FLOKIUSDT 1000LUNCUSDT 1000PEPEUSDT 1000RATSUSDT 1000SATSUSDT 1000SHIBUSDT 1000XECUSDT 1INCHUSDT AAVEUSDT ACEUSDT ACHUSDT ADAUSDT AEVOUSDT AGIXUSDT AGLDUSDT AIUSDT ALGOUSDT ALICEUSDT ALPHAUSDT ALTUSDT AMBUSDT ANKRUSDT APEUSDT API3USDT APTUSDT ARBUSDT ARKMUSDT ARKUSDT ARPAUSDT ARUSDT ASTRUSDT ATAUSDT ATOMUSDT AUCTIONUSDT AVAXUSDT AXLUSDT AXSUSDT BADGERUSDT BAKEUSDT BALUSDT BANDUSDT BATUSDT BCHUSDT BEAMXUSDT BELUSDT BICOUSDT BIGTIMEUSDT BLURUSDT BLZUSDT BNBUSDT BNTUSDT BNXUSDT BOMEUSDT BONDUSDT BSVUSDT BTCUSDT C98USDT CAKEUSDT CELOUSDT CELRUSDT CFXUSDT CHRUSDT CHZUSDT CKBUSDT COMBOUSDT COMPUSDT COTIUSDT CRVUSDT CTSIUSDT CYBERUSDT DARUSDT DASHUSDT DENTUSDT DODOXUSDT DOGEUSDT DOTUSDT DUSKUSDT DYDXUSDT DYMUSDT EDUUSDT EGLDUSDT ENAUSDT ENJUSDT ENSUSDT EOSUSDT ETCUSDT ETHFIUSDT ETHUSDT ETHWUSDT FETUSDT FILUSDT FLMUSDT FLOWUSDT FRONTUSDT FTMUSDT FXSUSDT GALAUSDT GALUSDT GASUSDT GLMUSDT GMTUSDT GMXUSDT GRTUSDT GTCUSDT HBARUSDT HFTUSDT HIFIUSDT HIGHUSDT HOOKUSDT HOTUSDT ICPUSDT ICXUSDT IDUSDT ILVUSDT IMXUSDT INJUSDT IOSTUSDT IOTAUSDT IOTXUSDT JASMYUSDT JOEUSDT JTOUSDT JUPUSDT KASUSDT KAVAUSDT KEYUSDT KLAYUSDT KNCUSDT KSMUSDT LDOUSDT LEVERUSDT LINAUSDT LINKUSDT LITUSDT LOOMUSDT LPTUSDT LQTYUSDT LRCUSDT LSKUSDT LTCUSDT LUNA2USDT MAGICUSDT MANAUSDT MANTAUSDT MASKUSDT MATICUSDT MAVIAUSDT MAVUSDT MEMEUSDT METISUSDT MINAUSDT MKRUSDT MOVRUSDT MTLUSDT MYROUSDT NEARUSDT NEOUSDT NFPUSDT NKNUSDT NMRUSDT NTRNUSDT OCEANUSDT OGNUSDT OMGUSDT OMNIUSDT OMUSDT ONDOUSDT ONEUSDT ONGUSDT ONTUSDT OPUSDT ORBSUSDT ORDIUSDT OXTUSDT PENDLEUSDT PEOPLEUSDT PERPUSDT PHBUSDT PIXELUSDT POLYXUSDT PORTALUSDT POWRUSDT PYTHUSDT QNTUSDT QTUMUSDT RDNTUSDT REEFUSDT RENUSDT REZUSDT RIFUSDT RLCUSDT RNDRUSDT RONINUSDT ROSEUSDT RSRUSDT RUNEUSDT RVNUSDT SAGAUSDT SANDUSDT SEIUSDT SFPUSDT SKLUSDT SNXUSDT SOLUSDT SPELLUSDT SSVUSDT STEEMUSDT STGUSDT STMXUSDT STORJUSDT STRKUSDT STXUSDT SUIUSDT SUPERUSDT SUSHIUSDT SXPUSDT TAOUSDT THETAUSDT TIAUSDT TLMUSDT TNSRUSDT TOKENUSDT TONUSDT TRBUSDT TRUUSDT TRXUSDT TUSDT TWTUSDT UMAUSDT UNFIUSDT UNIUSDT USTCUSDT VANRYUSDT VETUSDT WAVESUSDT WAXPUSDT WIFUSDT WLDUSDT WOOUSDT WUSDT XAIUSDT XEMUSDT XLMUSDT XMRUSDT XRPUSDT XTZUSDT XVGUSDT XVSUSDT YFIUSDT YGGUSDT ZECUSDT ZENUSDT ZETAUSDT ZILUSDT ZRXUSDT
2024-07-06,256,256,20,BTCUSDT ETHUSDT SOLUSDT NOTUSDT 1000PEPEUSDT PEOPLEUSDT BNBUSDT WIFUSDT ORDIUSDT DOGEUSDT XRPUSDT HIGHUSDT 1000FLOKIUSDT WLDUSDT JASMYUSDT BBUSDT 1000RATSUSDT 1000SHIBUSDT AVAXUSDT FILUSDT,1000BONKUSDT 1000FLOKIUSDT 1000LUNCUSDT 1000PEPEUSDT 1000RATSUSDT 1000SATSUSDT 1000SHIBUSDT 1000XECUSDT 1INCHUSDT AAVEUSDT ACEUSDT ACHUSDT ADAUSDT AEVOUSDT AGLDUSDT AIUSDT ALGOUSDT ALICEUSDT ALPHAUSDT ALTUSDT AMBUSDT ANKRUSDT APEUSDT API3USDT APTUSDT ARBUSDT ARKMUSDT ARKUSDT ARPAUSDT ARUSDT ASTRUSDT ATAUSDT ATOMUSDT AUCTIONUSDT AVAXUSDT AXLUSDT AXSUSDT BADGERUSDT BAKEUSDT BALUSDT BANDUSDT BATUSDT BBUSDT BCHUSDT BEAMXUSDT BELUSDT BICOUSDT BIGTIMEUSDT BLURUSDT BLZUSDT BNBUSDT BNTUSDT BNXUSDT BOMEUSDT BONDUSDT BSVUSDT BTCUSDT C98USDT CAKEUSDT CELOUSDT CELRUSDT CFXUSDT CHRUSDT CHZUSDT CKBUSDT COMBOUSDT COMPUSDT COTIUSDT CRVUSDT CTSIUSDT CYBERUSDT DARUSDT DASHUSDT DENTUSDT DODOXUSDT DOGEUSDT DOTUSDT DUSKUSDT DYDXUSDT DYMUSDT EDUUSDT EGLDUSDT ENAUSDT ENJUSDT ENSUSDT EOSUSDT ETCUSDT ETHFIUSDT ETHUSDT ETHWUSDT FETUSDT FILUSDT FLMUSDT FLOWUSDT FRONTUSDT FTMUSDT FXSUSDT GALAUSDT GALUSDT GASUSDT GLMUSDT GMTUSDT GMXUSDT GRTUSDT GTCUSDT HBARUSDT HFTUSDT HIFIUSDT HIGHUSDT HOOKUSDT HOTUSDT ICPUSDT ICXUSDT IDUSDT ILVUSDT IMXUSDT INJUSDT IOSTUSDT IOTAUSDT IOTXUSDT JASMYUSDT JOEUSDT JTOUSDT JUPUSDT KASUSDT KAVAUSDT KEYUSDT KLAYUSDT KNCUSDT KSMUSDT LDOUSDT LEVERUSDT LINAUSDT LINKUSDT LITUSDT LOOMUSDT LPTUSDT LQTYUSDT LRCUSDT LSKUSDT LTCUSDT LUNA2USDT MAGICUSDT MANAUSDT MANTAUSDT MASKUSDT MATICUSDT MAVIAUSDT MAVUSDT MEMEUSDT METISUSDT MINAUSDT MKRUSDT MOVRUSDT MTLUSDT MYROUSDT NEARUSDT NEOUSDT NFPUSDT NKNUSDT NMRUSDT NOTUSDT NTRNUSDT OGNUSDT OMGUSDT OMNIUSDT OMUSDT ONDOUSDT ONEUSDT ONGUSDT ONTUSDT OPUSDT ORBSUSDT ORDIUSDT OXTUSDT PENDLEUSDT PEOPLEUSDT PERPUSDT PHBUSDT PIXELUSDT POLYXUSDT PORTALUSDT POWRUSDT PYTHUSDT QNTUSDT QTUMUSDT RDNTUSDT REEFUSDT RENUSDT REZUSDT RIFUSDT RLCUSDT RNDRUSDT RONINUSDT ROSEUSDT RSRUSDT RUNEUSDT RVNUSDT SAGAUSDT SANDUSDT SEIUSDT SFPUSDT SKLUSDT SNXUSDT SOLUSDT SPELLUSDT SSVUSDT STEEMUSDT STGUSDT STMXUSDT STORJUSDT STRKUSDT STXUSDT SUIUSDT SUPERUSDT SUSHIUSDT SXPUSDT TAOUSDT THETAUSDT TIAUSDT TLMUSDT TNSRUSDT TOKENUSDT TONUSDT TRBUSDT TRUUSDT TRXUSDT TURBOUSDT TUSDT TWTUSDT UMAUSDT UNFIUSDT UNIUSDT USTCUSDT VANRYUSDT VETUSDT WAXPUSDT WIFUSDT WLDUSDT WOOUSDT WUSDT XAIUSDT XEMUSDT XLMUSDT XMRUSDT XRPUSDT XTZUSDT XVGUSDT XVSUSDT YFIUSDT YGGUSDT ZECUSDT ZENUSDT ZETAUSDT ZILUSDT ZRXUSDT
2024-07-13,256,256,20,BTCUSDT ETHUSDT SOLUSDT NOTUSDT 1000PEPEUSDT PEOPLEUSDT BNBUSDT WIFUSDT ORDIUSDT DOGEUSDT XRPUSDT HIGHUSDT 1000FLOKIUSDT WLDUSDT JASMYUSDT BBUSDT 1000RATSUSDT 1000SHIBUSDT AVAXUSDT FILUSDT,1000BONKUSDT 1000FLOKIUSDT 1000LUNCUSDT 1000PEPEUSDT 1000RATSUSDT 1000SATSUSDT 1000SHIBUSDT 1000XECUSDT 1INCHUSDT AAVEUSDT ACEUSDT ACHUSDT ADAUSDT AEVOUSDT AGLDUSDT AIUSDT ALGOUSDT ALICEUSDT ALPHAUSDT ALTUSDT AMBUSDT ANKRUSDT APEUSDT API3USDT APTUSDT ARBUSDT ARKMUSDT ARKUSDT ARPAUSDT ARUSDT ASTRUSDT ATAUSDT ATOMUSDT AUCTIONUSDT AVAXUSDT AXLUSDT AXSUSDT BADGERUSDT BAKEUSDT BALUSDT BANDUSDT BATUSDT BBUSDT BCHUSDT BEAMXUSDT BELUSDT BICOUSDT BIGTIMEUSDT BLURUSDT BLZUSDT BNBUSDT BNTUSDT BNXUSDT BOMEUSDT BONDUSDT BSVUSDT BTCUSDT C98USDT CAKEUSDT CELOUSDT CELRUSDT CFXUSDT CHRUSDT CHZUSDT CKBUSDT COMBOUSDT COMPUSDT COTIUSDT CRVUSDT CTSIUSDT CYBERUSDT DARUSDT DASHUSDT DENTUSDT DODOXUSDT DOGEUSDT DOTUSDT DUSKUSDT DYDXUSDT DYMUSDT EDUUSDT EGLDUSDT ENAUSDT ENJUSDT ENSUSDT EOSUSDT ETCUSDT ETHFIUSDT ETHUSDT ETHWUSDT FETUSDT FILUSDT FLMUSDT FLOWUSDT FRONTUSDT FTMUSDT FXSUSDT GALAUSDT GALUSDT GASUSDT GLMUSDT GMTUSDT GMXUSDT GRTUSDT GTCUSDT HBARUSDT HFTUSDT HIFIUSDT HIGHUSDT HOOKUSDT HOTUSDT ICPUSDT ICXUSDT IDUSDT ILVUSDT IMXUSDT INJUSDT IOSTUSDT IOTAUSDT IOTXUSDT JASMYUSDT JOEUSDT JTOUSDT JUPUSDT KASUSDT KAVAUSDT KEYUSDT KLAYUSDT KNCUSDT KSMUSDT LDOUSDT LEVERUSDT LINAUSDT LINKUSDT LITUSDT LOOMUSDT LPTUSDT LQTYUSDT LRCUSDT LSKUSDT LTCUSDT LUNA2USDT MAGICUSDT MANAUSDT MANTAUSDT MASKUSDT MATICUSDT MAVIAUSDT MAVUSDT MEMEUSDT METISUSDT MINAUSDT MKRUSDT MOVRUSDT MTLUSDT MYROUSDT NEARUSDT NEOUSDT NFPUSDT NKNUSDT NMRUSDT NOTUSDT NTRNUSDT OGNUSDT OMGUSDT OMNIUSDT OMUSDT ONDOUSDT ONEUSDT ONGUSDT ONTUSDT OPUSDT ORBSUSDT ORDIUSDT OXTUSDT PENDLEUSDT PEOPLEUSDT PERPUSDT PHBUSDT PIXELUSDT POLYXUSDT PORTALUSDT POWRUSDT PYTHUSDT QNTUSDT QTUMUSDT RDNTUSDT REEFUSDT RENUSDT REZUSDT RIFUSDT RLCUSDT RNDRUSDT RONINUSDT ROSEUSDT RSRUSDT RUNEUSDT RVNUSDT SAGAUSDT SANDUSDT SEIUSDT SFPUSDT SKLUSDT SNXUSDT SOLUSDT SPELLUSDT SSVUSDT STEEMUSDT STGUSDT STMXUSDT STORJUSDT STRKUSDT STXUSDT SUIUSDT SUPERUSDT SUSHIUSDT SXPUSDT TAOUSDT THETAUSDT TIAUSDT TLMUSDT TNSRUSDT TOKENUSDT TONUSDT TRBUSDT TRUUSDT TRXUSDT TURBOUSDT TUSDT TWTUSDT UMAUSDT UNFIUSDT UNIUSDT USTCUSDT VANRYUSDT VETUSDT WAXPUSDT WIFUSDT WLDUSDT WOOUSDT WUSDT XAIUSDT XEMUSDT XLMUSDT XMRUSDT XRPUSDT XTZUSDT XVGUSDT XVSUSDT YFIUSDT YGGUSDT ZECUSDT ZENUSDT ZETAUSDT ZILUSDT ZRXUSDT
2024-07-20,256,256,20,BTCUSDT ETHUSDT SOLUSDT NOTUSDT 1000PEPEUSDT PEOPLEUSDT BNBUSDT WIFUSDT ORDIUSDT DOGEUSDT XRPUSDT HIGHUSDT 1000FLOKIUSDT WLDUSDT JASMYUSDT BBUSDT 1000RATSUSDT 1000SHIBUSDT AVAXUSDT FILUSDT,1000BONKUSDT 1000FLOKIUSDT 1000LUNCUSDT 1000PEPEUSDT 1000RATSUSDT 1000SATSUSDT 1000SHIBUSDT 1000XECUSDT 1INCHUSDT AAVEUSDT ACEUSDT ACHUSDT ADAUSDT AEVOUSDT AGLDUSDT AIUSDT ALGOUSDT ALICEUSDT ALPHAUSDT ALTUSDT AMBUSDT ANKRUSDT APEUSDT API3USDT APTUSDT ARBUSDT ARKMUSDT ARKUSDT ARPAUSDT ARUSDT ASTRUSDT ATAUSDT ATOMUSDT AUCTIONUSDT AVAXUSDT AXLUSDT AXSUSDT BADGERUSDT BAKEUSDT BALUSDT BANDUSDT BATUSDT BBUSDT BCHUSDT BEAMXUSDT BELUSDT BICOUSDT BIGTIMEUSDT BLURUSDT BLZUSDT BNBUSDT BNTUSDT BNXUSDT BOMEUSDT BONDUSDT BSVUSDT BTCUSDT C98USDT CAKEUSDT CELOUSDT CELRUSDT CFXUSDT CHRUSDT CHZUSDT CKBUSDT COMBOUSDT COMPUSDT COTIUSDT CRVUSDT CTSIUSDT CYBERUSDT DARUSDT DASHUSDT DENTUSDT DODOXUSDT DOGEUSDT DOTUSDT DUSKUSDT DYDXUSDT DYMUSDT EDUUSDT EGLDUSDT ENAUSDT ENJUSDT ENSUSDT EOSUSDT ETCUSDT ETHFIUSDT ETHUSDT ETHWUSDT FETUSDT FILUSDT FLMUSDT FLOWUSDT FRONTUSDT FTMUSDT FXSUSDT GALAUSDT GALUSDT GASUSDT GLMUSDT GMTUSDT GMXUSDT GRTUSDT GTCUSDT HBARUSDT HFTUSDT HIFIUSDT HIGHUSDT HOOKUSDT HOTUSDT ICPUSDT ICXUSDT IDUSDT ILVUSDT IMXUSDT INJUSDT IOSTUSDT IOTAUSDT IOTXUSDT JASMYUSDT JOEUSDT JTOUSDT JUPUSDT KASUSDT KAVAUSDT KEYUSDT KLAYUSDT KNCUSDT KSMUSDT LDOUSDT LEVERUSDT LINAUSDT LINKUSDT LITUSDT LOOMUSDT LPTUSDT LQTYUSDT LRCUSDT LSKUSDT LTCUSDT LUNA2USDT MAGICUSDT MANAUSDT MANTAUSDT MASKUSDT MATICUSDT MAVIAUSDT MAVUSDT MEMEUSDT METISUSDT MINAUSDT MKRUSDT MOVRUSDT MTLUSDT MYROUSDT NEARUSDT NEOUSDT NFPUSDT NKNUSDT NMRUSDT NOTUSDT NTRNUSDT OGNUSDT OMGUSDT OMNIUSDT OMUSDT ONDOUSDT ONEUSDT ONGUSDT ONTUSDT OPUSDT ORBSUSDT ORDIUSDT OXTUSDT PENDLEUSDT PEOPLEUSDT PERPUSDT PHBUSDT PIXELUSDT POLYXUSDT PORTALUSDT POWRUSDT PYTHUSDT QNTUSDT QTUMUSDT RDNTUSDT REEFUSDT RENUSDT REZUSDT RIFUSDT RLCUSDT RNDRUSDT RONINUSDT ROSEUSDT RSRUSDT RUNEUSDT RVNUSDT SAGAUSDT SANDUSDT SEIUSDT SFPUSDT SKLUSDT SNXUSDT SOLUSDT SPELLUSDT SSVUSDT STEEMUSDT STGUSDT STMXUSDT STORJUSDT STRKUSDT STXUSDT SUIUSDT SUPERUSDT SUSHIUSDT SXPUSDT TAOUSDT THETAUSDT TIAUSDT TLMUSDT TNSRUSDT TOKENUSDT TONUSDT TRBUSDT TRUUSDT TRXUSDT TURBOUSDT TUSDT TWTUSDT UMAUSDT UNFIUSDT UNIUSDT USTCUSDT VANRYUSDT VETUSDT WAXPUSDT WIFUSDT WLDUSDT WOOUSDT WUSDT XAIUSDT XEMUSDT XLMUSDT XMRUSDT XRPUSDT XTZUSDT XVGUSDT XVSUSDT YFIUSDT YGGUSDT ZECUSDT ZENUSDT ZETAUSDT ZILUSDT ZRXUSDT
2024-07-27,256,256,20,BTCUSDT ETHUSDT SOLUSDT NOTUSDT 1000PEPEUSDT PEOPLEUSDT BNBUSDT WIFUSDT ORDIUSDT DOGEUSDT XRPUSDT HIGHUSDT 1000FLOKIUSDT WLDUSDT JASMYUSDT BBUSDT 1000RATSUSDT 1000SHIBUSDT AVAXUSDT FILUSDT,1000BONKUSDT 1000FLOKIUSDT 1000LUNCUSDT 1000PEPEUSDT 1000RATSUSDT 1000SATSUSDT 1000SHIBUSDT 1000XECUSDT 1INCHUSDT AAVEUSDT ACEUSDT ACHUSDT ADAUSDT AEVOUSDT AGLDUSDT AIUSDT ALGOUSDT ALICEUSDT ALPHAUSDT ALTUSDT AMBUSDT ANKRUSDT APEUSDT API3USDT APTUSDT ARBUSDT ARKMUSDT ARKUSDT ARPAUSDT ARUSDT ASTRUSDT ATAUSDT ATOMUSDT AUCTIONUSDT AVAXUSDT AXLUSDT AXSUSDT BADGERUSDT BAKEUSDT BALUSDT BANDUSDT BATUSDT BBUSDT BCHUSDT BEAMXUSDT BELUSDT BICOUSDT BIGTIMEUSDT BLURUSDT BLZUSDT BNBUSDT BNTUSDT BNXUSDT BOMEUSDT BONDUSDT BSVUSDT BTCUSDT C98USDT CAKEUSDT CELOUSDT CELRUSDT CFXUSDT CHRUSDT CHZUSDT CKBUSDT COMBOUSDT COMPUSDT COTIUSDT CRVUSDT CTSIUSDT CYBERUSDT DARUSDT DASHUSDT DENTUSDT DODOXUSDT DOGEUSDT DOTUSDT DUSKUSDT DYDXUSDT DYMUSDT EDUUSDT EGLDUSDT ENAUSDT ENJUSDT ENSUSDT EOSUSDT ETCUSDT ETHFIUSDT ETHUSDT ETHWUSDT FETUSDT FILUSDT FLMUSDT FLOWUSDT FRONTUSDT FTMUSDT FXSUSDT GALAUSDT GALUSDT GASUSDT GLMUSDT GMTUSDT GMXUSDT GRTUSDT GTCUSDT HBARUSDT HFTUSDT HIFIUSDT HIGHUSDT HOOKUSDT HOTUSDT ICPUSDT ICXUSDT IDUSDT ILVUSDT IMXUSDT INJUSDT IOSTUSDT IOTAUSDT IOTXUSDT JASMYUSDT JOEUSDT JTOUSDT JUPUSDT KASUSDT KAVAUSDT KEYUSDT KLAYUSDT KNCUSDT KSMUSDT LDOUSDT LEVERUSDT LINAUSDT LINKUSDT LITUSDT LOOMUSDT LPTUSDT LQTYUSDT LRCUSDT LSKUSDT LTCUSDT LUNA2USDT MAGICUSDT MANAUSDT MANTAUSDT MASKUSDT MATICUSDT MAVIAUSDT MAVUSDT MEMEUSDT METISUSDT MINAUSDT MKRUSDT MOVRUSDT MTLUSDT MYROUSDT NEARUSDT NEOUSDT NFPUSDT NKNUSDT NMRUSDT NOTUSDT NTRNUSDT OGNUSDT OMGUSDT OMNIUSDT OMUSDT ONDOUSDT ONEUSDT ONGUSDT ONTUSDT OPUSDT ORBSUSDT ORDIUSDT OXTUSDT PENDLEUSDT PEOPLEUSDT PERPUSDT PHBUSDT PIXELUSDT POLYXUSDT PORTALUSDT POWRUSDT PYTHUSDT QNTUSDT QTUMUSDT RDNTUSDT REEFUSDT RENUSDT REZUSDT RIFUSDT RLCUSDT RNDRUSDT RONINUSDT ROSEUSDT RSRUSDT RUNEUSDT RVNUSDT SAGAUSDT SANDUSDT SEIUSDT SFPUSDT SKLUSDT SNXUSDT SOLUSDT SPELLUSDT SSVUSDT STEEMUSDT STGUSDT STMXUSDT STORJUSDT STRKUSDT STXUSDT SUIUSDT SUPERUSDT SUSHIUSDT SXPUSDT TAOUSDT THETAUSDT TIAUSDT TLMUSDT TNSRUSDT TOKENUSDT TONUSDT TRBUSDT TRUUSDT TRXUSDT TURBOUSDT TUSDT TWTUSDT UMAUSDT UNFIUSDT UNIUSDT USTCUSDT VANRYUSDT VETUSDT WAXPUSDT WIFUSDT WLDUSDT WOOUSDT WUSDT XAIUSDT XEMUSDT XLMUSDT XMRUSDT XRPUSDT XTZUSDT XVGUSDT XVSUSDT YFIUSDT YGGUSDT ZECUSDT ZENUSDT ZETAUSDT ZILUSDT ZRXUSDT
2024-08-03,259,259,20,BTCUSDT ETHUSDT SOLUSDT 1000PEPEUSDT XRPUSDT WIFUSDT WLDUSDT NOTUSDT ZROUSDT DOGEUSDT 1000SATSUSDT ORDIUSDT BNBUSDT PEOPLEUSDT 1000BONKUSDT AVAXUSDT MEWUSDT 1000SHIBUSDT BOMEUSDT ENSUSDT,1000BONKUSDT 1000FLOKIUSDT 1000LUNCUSDT 1000PEPEUSDT 1000RATSUSDT 1000SATSUSDT 1000SHIBUSDT 1000XECUSDT 1INCHUSDT AAVEUSDT ACEUSDT ACHUSDT ADAUSDT AEVOUSDT AGLDUSDT AIUSDT ALGOUSDT ALICEUSDT ALPHAUSDT ALTUSDT AMBUSDT ANKRUSDT APEUSDT API3USDT APTUSDT ARBUSDT ARKMUSDT ARKUSDT ARPAUSDT ARUSDT ASTRUSDT ATAUSDT ATOMUSDT AUCTIONUSDT AVAXUSDT AXLUSDT AXSUSDT BADGERUSDT BAKEUSDT BALUSDT BANDUSDT BATUSDT BBUSDT BCHUSDT BEAMXUSDT BELUSDT BICOUSDT BIGTIMEUSDT BLURUSDT BLZUSDT BNBUSDT BNTUSDT BNXUSDT BOMEUSDT BONDUSDT BSVUSDT BTCUSDT C98USDT CAKEUSDT CELOUSDT CELRUSDT CFXUSDT CHRUSDT CHZUSDT CKBUSDT COMBOUSDT COMPUSDT COTIUSDT CRVUSDT CTSIUSDT CYBERUSDT DARUSDT DASHUSDT DENTUSDT DODOXUSDT DOGEUSDT DOTUSDT DUSKUSDT DYDXUSDT DYMUSDT EDUUSDT EGLDUSDT ENAUSDT ENJUSDT ENSUSDT EOSUSDT ETCUSDT ETHFIUSDT ETHUSDT ETHWUSDT FETUSDT FILUSDT FLMUSDT FLOWUSDT FRONTUSDT FTMUSDT FXSUSDT GALAUSDT GASUSDT GLMUSDT GMTUSDT GMXUSDT GRTUSDT GTCUSDT HBARUSDT HFTUSDT HIFIUSDT HIGHUSDT HOOKUSDT HOTUSDT ICPUSDT ICXUSDT IDUSDT ILVUSDT IMXUSDT INJUSDT IOSTUSDT IOTAUSDT IOTXUSDT IOUSDT JASMYUSDT JOEUSDT JTOUSDT JUPUSDT KASUSDT KAVAUSDT KEYUSDT KLAYUSDT KNCUSDT KSMUSDT LDOUSDT LEVERUSDT LINAUSDT LINKUSDT LISTAUSDT LITUSDT LOOMUSDT LPTUSDT LQTYUSDT LRCUSDT LSKUSDT LTCUSDT LUNA2USDT MAGICUSDT MANAUSDT MANTAUSDT MASKUSDT MATICUSDT MAVIAUSDT MAVUSDT MEMEUSDT METISUSDT MEWUSDT MINAUSDT MKRUSDT MOVRUSDT MTLUSDT MYROUSDT NEARUSDT NEOUSDT NFPUSDT NKNUSDT NMRUSDT NOTUSDT NTRNUSDT OGNUSDT OMGUSDT OMNIUSDT OMUSDT ONDOUSDT ONEUSDT ONGUSDT ONTUSDT OPUSDT ORBSUSDT ORDIUSDT OXTUSDT PENDLEUSDT PEOPLEUSDT PERPUSDT PHBUSDT PIXELUSDT POLYXUSDT PORTALUSDT POWRUSDT PYTHUSDT QNTUSDT QTUMUSDT RDNTUSDT REEFUSDT RENUSDT REZUSDT RIFUSDT RLCUSDT RONINUSDT ROSEUSDT RSRUSDT RUNEUSDT RVNUSDT SAGAUSDT SANDUSDT SEIUSDT SFPUSDT SKLUSDT SNXUSDT SOLUSDT SPELLUSDT SSVUSDT STEEMUSDT STGUSDT STMXUSDT STORJUSDT STRKUSDT STXUSDT SUIUSDT SUPERUSDT SUSHIUSDT SXPUSDT TAOUSDT THETAUSDT TIAUSDT TLMUSDT TNSRUSDT TOKENUSDT TONUSDT TRBUSDT TRUUSDT TRXUSDT TURBOUSDT TUSDT TWTUSDT UMAUSDT UNFIUSDT UNIUSDT USTCUSDT VANRYUSDT VETUSDT WAXPUSDT WIFUSDT WLDUSDT WOOUSDT WUSDT XAIUSDT XEMUSDT XLMUSDT XMRUSDT XRPUSDT XTZUSDT XVGUSDT XVSUSDT YFIUSDT YGGUSDT ZECUSDT ZENUSDT ZETAUSDT ZILUSDT ZKUSDT ZROUSDT ZRXUSDT
2024-08-10,259,259,20,BTCUSDT ETHUSDT SOLUSDT 1000PEPEUSDT XRPUSDT WIFUSDT WLDUSDT NOTUSDT ZROUSDT DOGEUSDT 1000SATSUSDT ORDIUSDT BNBUSDT PEOPLEUSDT 1000BONKUSDT AVAXUSDT MEWUSDT 1000SHIBUSDT BOMEUSDT ENSUSDT,1000BONKUSDT 1000FLOKIUSDT 1000LUNCUSDT 1000PEPEUSDT 1000RATSUSDT 1000SATSUSDT 1000SHIBUSDT 1000XECUSDT 1INCHUSDT AAVEUSDT ACEUSDT ACHUSDT ADAUSDT AEVOUSDT AGLDUSDT AIUSDT ALGOUSDT ALICEUSDT ALPHAUSDT ALTUSDT AMBUSDT ANKRUSDT APEUSDT API3USDT APTUSDT ARBUSDT ARKMUSDT ARKUSDT ARPAUSDT ARUSDT ASTRUSDT ATAUSDT ATOMUSDT AUCTIONUSDT AVAXUSDT AXLUSDT AXSUSDT BADGERUSDT BAKEUSDT BALUSDT BANDUSDT BATUSDT BBUSDT BCHUSDT BEAMXUSDT BELUSDT BICOUSDT BIGTIMEUSDT BLURUSDT BLZUSDT BNBUSDT BNTUSDT BNXUSDT BOMEUSDT BONDUSDT BSVUSDT BTCUSDT C98USDT CAKEUSDT CELOUSDT CELRUSDT CFXUSDT CHRUSDT CHZUSDT CKBUSDT COMBOUSDT COMPUSDT COTIUSDT CRVUSDT CTSIUSDT CYBERUSDT DARUSDT DASHUSDT DENTUSDT DODOXUSDT DOGEUSDT DOTUSDT DUSKUSDT DYDXUSDT DYMUSDT EDUUSDT EGLDUSDT ENAUSDT ENJUSDT ENSUSDT EOSUSDT ETCUSDT ETHFIUSDT ETHUSDT ETHWUSDT FETUSDT FILUSDT FLMUSDT FLOWUSDT FRONTUSDT FTMUSDT FXSUSDT GALAUSDT GASUSDT GLMUSDT GMTUSDT GMXUSDT GRTUSDT GTCUSDT HBARUSDT HFTUSDT HIFIUSDT HIGHUSDT HOOKUSDT HOTUSDT ICPUSDT ICXUSDT IDUSDT ILVUSDT IMXUSDT INJUSDT IOSTUSDT IOTAUSDT IOTXUSDT IOUSDT JASMYUSDT JOEUSDT JTOUSDT JUPUSDT KASUSDT KAVAUSDT KEYUSDT KLAYUSDT KNCUSDT KSMUSDT LDOUSDT LEVERUSDT LINAUSDT LINKUSDT LISTAUSDT LITUSDT LOOMUSDT LPTUSDT LQTYUSDT LRCUSDT LSKUSDT LTCUSDT LUNA2USDT MAGICUSDT MANAUSDT MANTAUSDT MASKUSDT MATICUSDT MAVIAUSDT MAVUSDT MEMEUSDT METISUSDT MEWUSDT MINAUSDT MKRUSDT MOVRUSDT MTLUSDT MYROUSDT NEARUSDT NEOUSDT NFPUSDT NKNUSDT NMRUSDT NOTUSDT NTRNUSDT OGNUSDT OMGUSDT OMNIUSDT OMUSDT ONDOUSDT ONEUSDT ONGUSDT ONTUSDT OPUSDT ORBSUSDT ORDIUSDT OXTUSDT PENDLEUSDT PEOPLEUSDT PERPUSDT PHBUSDT PIXELUSDT POLYXUSDT PORTALUSDT POWRUSDT PYTHUSDT QNTUSDT QTUMUSDT RDNTUSDT REEFUSDT RENUSDT REZUSDT RIFUSDT RLCUSDT RONINUSDT ROSEUSDT RSRUSDT RUNEUSDT RVNUSDT SAGAUSDT SANDUSDT SEIUSDT SFPUSDT SKLUSDT SNXUSDT SOLUSDT SPELLUSDT SSVUSDT STEEMUSDT STGUSDT STMXUSDT STORJUSDT STRKUSDT STXUSDT SUIUSDT SUPERUSDT SUSHIUSDT SXPUSDT TAOUSDT THETAUSDT TIAUSDT TLMUSDT TNSRUSDT TOKENUSDT TONUSDT TRBUSDT TRUUSDT TRXUSDT TURBOUSDT TUSDT TWTUSDT UMAUSDT UNFIUSDT UNIUSDT USTCUSDT VANRYUSDT VETUSDT WAXPUSDT WIFUSDT WLDUSDT WOOUSDT WUSDT XAIUSDT XEMUSDT XLMUSDT XMRUSDT XRPUSDT XTZUSDT XVGUSDT XVSUSDT YFIUSDT YGGUSDT ZECUSDT ZENUSDT ZETAUSDT ZILUSDT ZKUSDT ZROUSDT ZRXUSDT
2024-08-17,259,259,20,BTCUSDT ETHUSDT SOLUSDT 1000PEPEUSDT XRPUSDT WIFUSDT WLDUSDT NOTUSDT ZROUSDT DOGEUSDT 1000SATSUSDT ORDIUSDT BNBUSDT PEOPLEUSDT 1000BONKUSDT AVAXUSDT MEWUSDT 1000SHIBUSDT BOMEUSDT ENSUSDT,1000BONKUSDT 1000FLOKIUSDT 1000LUNCUSDT 1000PEPEUSDT 1000RATSUSDT 1000SATSUSDT 1000SHIBUSDT 1000XECUSDT 1INCHUSDT AAVEUSDT ACEUSDT ACHUSDT ADAUSDT AEVOUSDT AGLDUSDT AIUSDT ALGOUSDT ALICEUSDT ALPHAUSDT ALTUSDT AMBUSDT ANKRUSDT APEUSDT API3USDT APTUSDT ARBUSDT ARKMUSDT ARKUSDT ARPAUSDT ARUSDT ASTRUSDT ATAUSDT ATOMUSDT AUCTIONUSDT AVAXUSDT AXLUSDT AXSUSDT BADGERUSDT BAKEUSDT BALUSDT BANDUSDT BATUSDT BBUSDT BCHUSDT BEAMXUSDT BELUSDT BICOUSDT BIGTIMEUSDT BLURUSDT BLZUSDT BNBUSDT BNTUSDT BNXUSDT BOMEUSDT BONDUSDT BSVUSDT BTCUSDT C98USDT CAKEUSDT CELOUSDT CELRUSDT CFXUSDT CHRUSDT CHZUSDT CKBUSDT COMBOUSDT COMPUSDT COTIUSDT CRVUSDT CTSIUSDT CYBERUSDT DARUSDT DASHUSDT DENTUSDT DODOXUSDT DOGEUSDT DOTUSDT DUSKUSDT DYDXUSDT DYMUSDT EDUUSDT EGLDUSDT ENAUSDT ENJUSDT ENSUSDT EOSUSDT ETCUSDT ETHFIUSDT ETHUSDT ETHWUSDT FETUSDT FILUSDT FLMUSDT FLOWUSDT FRONTUSDT FTMUSDT FXSUSDT GALAUSDT GASUSDT GLMUSDT GMTUSDT GMXUSDT GRTUSDT GTCUSDT HBARUSDT HFTUSDT HIFIUSDT HIGHUSDT HOOKUSDT HOTUSDT ICPUSDT ICXUSDT IDUSDT ILVUSDT IMXUSDT INJUSDT IOSTUSDT IOTAUSDT IOTXUSDT IOUSDT JASMYUSDT JOEUSDT JTOUSDT JUPUSDT KASUSDT KAVAUSDT KEYUSDT KLAYUSDT KNCUSDT KSMUSDT LDOUSDT LEVERUSDT LINAUSDT LINKUSDT LISTAUSDT LITUSDT LOOMUSDT LPTUSDT LQTYUSDT LRCUSDT LSKUSDT LTCUSDT LUNA2USDT MAGICUSDT MANAUSDT MANTAUSDT MASKUSDT MATICUSDT MAVIAUSDT MAVUSDT MEMEUSDT METISUSDT MEWUSDT MINAUSDT MKRUSDT MOVRUSDT MTLUSDT MYROUSDT NEARUSDT NEOUSDT NFPUSDT NKNUSDT NMRUSDT NOTUSDT NTRNUSDT OGNUSDT OMGUSDT OMNIUSDT OMUSDT ONDOUSDT ONEUSDT ONGUSDT ONTUSDT OPUSDT ORBSUSDT ORDIUSDT OXTUSDT PENDLEUSDT PEOPLEUSDT PERPUSDT PHBUSDT PIXELUSDT POLYXUSDT PORTALUSDT POWRUSDT PYTHUSDT QNTUSDT QTUMUSDT RDNTUSDT REEFUSDT RENUSDT REZUSDT RIFUSDT RLCUSDT RONINUSDT ROSEUSDT RSRUSDT RUNEUSDT RVNUSDT SAGAUSDT SANDUSDT SEIUSDT SFPUSDT SKLUSDT SNXUSDT SOLUSDT SPELLUSDT SSVUSDT STEEMUSDT STGUSDT STMXUSDT STORJUSDT STRKUSDT STXUSDT SUIUSDT SUPERUSDT SUSHIUSDT SXPUSDT TAOUSDT THETAUSDT TIAUSDT TLMUSDT TNSRUSDT TOKENUSDT TONUSDT TRBUSDT TRUUSDT TRXUSDT TURBOUSDT TUSDT TWTUSDT UMAUSDT UNFIUSDT UNIUSDT USTCUSDT VANRYUSDT VETUSDT WAXPUSDT WIFUSDT WLDUSDT WOOUSDT WUSDT XAIUSDT XEMUSDT XLMUSDT XMRUSDT XRPUSDT XTZUSDT XVGUSDT XVSUSDT YFIUSDT YGGUSDT ZECUSDT ZENUSDT ZETAUSDT ZILUSDT ZKUSDT ZROUSDT ZRXUSDT
2024-08-24,259,259,20,BTCUSDT ETHUSDT SOLUSDT 1000PEPEUSDT XRPUSDT WIFUSDT WLDUSDT NOTUSDT ZROUSDT DOGEUSDT 1000SATSUSDT ORDIUSDT BNBUSDT PEOPLEUSDT 1000BONKUSDT AVAXUSDT MEWUSDT 1000SHIBUSDT BOMEUSDT ENSUSDT,1000BONKUSDT 1000FLOKIUSDT 1000LUNCUSDT 1000PEPEUSDT 1000RATSUSDT 1000SATSUSDT 1000SHIBUSDT 1000XECUSDT 1INCHUSDT AAVEUSDT ACEUSDT ACHUSDT ADAUSDT AEVOUSDT AGLDUSDT AIUSDT ALGOUSDT ALICEUSDT ALPHAUSDT ALTUSDT AMBUSDT ANKRUSDT APEUSDT API3USDT APTUSDT ARBUSDT ARKMUSDT ARKUSDT ARPAUSDT ARUSDT ASTRUSDT ATAUSDT ATOMUSDT AUCTIONUSDT AVAXUSDT AXLUSDT AXSUSDT BADGERUSDT BAKEUSDT BALUSDT BANDUSDT BATUSDT BBUSDT BCHUSDT BEAMXUSDT BELUSDT BICOUSDT BIGTIMEUSDT BLURUSDT BLZUSDT BNBUSDT BNTUSDT BNXUSDT BOMEUSDT BONDUSDT BSVUSDT BTCUSDT C98USDT CAKEUSDT CELOUSDT CELRUSDT CFXUSDT CHRUSDT CHZUSDT CKBUSDT COMBOUSDT COMPUSDT COTIUSDT CRVUSDT CTSIUSDT CYBERUSDT DARUSDT DASHUSDT DENTUSDT DODOXUSDT DOGEUSDT DOTUSDT DUSKUSDT DYDXUSDT DYMUSDT EDUUSDT EGLDUSDT ENAUSDT ENJUSDT ENSUSDT EOSUSDT ETCUSDT ETHFIUSDT ETHUSDT ETHWUSDT FETUSDT FILUSDT FLMUSDT FLOWUSDT FRONTUSDT FTMUSDT FXSUSDT GALAUSDT GASUSDT GLMUSDT GMTUSDT GMXUSDT GRTUSDT GTCUSDT HBARUSDT HFTUSDT HIFIUSDT HIGHUSDT HOOKUSDT HOTUSDT ICPUSDT ICXUSDT IDUSDT ILVUSDT IMXUSDT INJUSDT IOSTUSDT IOTAUSDT IOTXUSDT IOUSDT JASMYUSDT JOEUSDT JTOUSDT JUPUSDT KASUSDT KAVAUSDT KEYUSDT KLAYUSDT KNCUSDT KSMUSDT LDOUSDT LEVERUSDT LINAUSDT LINKUSDT LISTAUSDT LITUSDT LOOMUSDT LPTUSDT LQTYUSDT LRCUSDT LSKUSDT LTCUSDT LUNA2USDT MAGICUSDT MANAUSDT MANTAUSDT MASKUSDT MATICUSDT MAVIAUSDT MAVUSDT MEMEUSDT METISUSDT MEWUSDT MINAUSDT MKRUSDT MOVRUSDT MTLUSDT MYROUSDT NEARUSDT NEOUSDT NFPUSDT NKNUSDT NMRUSDT NOTUSDT NTRNUSDT OGNUSDT OMGUSDT OMNIUSDT OMUSDT ONDOUSDT ONEUSDT ONGUSDT ONTUSDT OPUSDT ORBSUSDT ORDIUSDT OXTUSDT PENDLEUSDT PEOPLEUSDT PERPUSDT PHBUSDT PIXELUSDT POLYXUSDT PORTALUSDT POWRUSDT PYTHUSDT QNTUSDT QTUMUSDT RDNTUSDT REEFUSDT RENUSDT REZUSDT RIFUSDT RLCUSDT RONINUSDT ROSEUSDT RSRUSDT RUNEUSDT RVNUSDT SAGAUSDT SANDUSDT SEIUSDT SFPUSDT SKLUSDT SNXUSDT SOLUSDT SPELLUSDT SSVUSDT STEEMUSDT STGUSDT STMXUSDT STORJUSDT STRKUSDT STXUSDT SUIUSDT SUPERUSDT SUSHIUSDT SXPUSDT TAOUSDT THETAUSDT TIAUSDT TLMUSDT TNSRUSDT TOKENUSDT TONUSDT TRBUSDT TRUUSDT TRXUSDT TURBOUSDT TUSDT TWTUSDT UMAUSDT UNFIUSDT UNIUSDT USTCUSDT VANRYUSDT VETUSDT WAXPUSDT WIFUSDT WLDUSDT WOOUSDT WUSDT XAIUSDT XEMUSDT XLMUSDT XMRUSDT XRPUSDT XTZUSDT XVGUSDT XVSUSDT YFIUSDT YGGUSDT ZECUSDT ZENUSDT ZETAUSDT ZILUSDT ZKUSDT ZROUSDT ZRXUSDT
2024-08-31,259,259,20,BTCUSDT ETHUSDT SOLUSDT 1000PEPEUSDT XRPUSDT WIFUSDT WLDUSDT NOTUSDT ZROUSDT DOGEUSDT 1000SATSUSDT ORDIUSDT BNBUSDT PEOPLEUSDT 1000BONKUSDT AVAXUSDT MEWUSDT 1000SHIBUSDT BOMEUSDT ENSUSDT,1000BONKUSDT 1000FLOKIUSDT 1000LUNCUSDT 1000PEPEUSDT 1000RATSUSDT 1000SATSUSDT 1000SHIBUSDT 1000XECUSDT 1INCHUSDT AAVEUSDT ACEUSDT ACHUSDT ADAUSDT AEVOUSDT AGLDUSDT AIUSDT ALGOUSDT ALICEUSDT ALPHAUSDT ALTUSDT AMBUSDT ANKRUSDT APEUSDT API3USDT APTUSDT ARBUSDT ARKMUSDT ARKUSDT ARPAUSDT ARUSDT ASTRUSDT ATAUSDT ATOMUSDT AUCTIONUSDT AVAXUSDT AXLUSDT AXSUSDT BADGERUSDT BAKEUSDT BALUSDT BANDUSDT BATUSDT BBUSDT BCHUSDT BEAMXUSDT BELUSDT BICOUSDT BIGTIMEUSDT BLURUSDT BLZUSDT BNBUSDT BNTUSDT BNXUSDT BOMEUSDT BONDUSDT BSVUSDT BTCUSDT C98USDT CAKEUSDT CELOUSDT CELRUSDT CFXUSDT CHRUSDT CHZUSDT CKBUSDT COMBOUSDT COMPUSDT COTIUSDT CRVUSDT CTSIUSDT CYBERUSDT DARUSDT DASHUSDT DENTUSDT DODOXUSDT DOGEUSDT DOTUSDT DUSKUSDT DYDXUSDT DYMUSDT EDUUSDT EGLDUSDT ENAUSDT ENJUSDT ENSUSDT EOSUSDT ETCUSDT ETHFIUSDT ETHUSDT ETHWUSDT FETUSDT FILUSDT FLMUSDT FLOWUSDT FRONTUSDT FTMUSDT FXSUSDT GALAUSDT GASUSDT GLMUSDT GMTUSDT GMXUSDT GRTUSDT GTCUSDT HBARUSDT HFTUSDT HIFIUSDT HIGHUSDT HOOKUSDT HOTUSDT ICPUSDT ICXUSDT IDUSDT ILVUSDT IMXUSDT INJUSDT IOSTUSDT IOTAUSDT IOTXUSDT IOUSDT JASMYUSDT JOEUSDT JTOUSDT JUPUSDT KASUSDT KAVAUSDT KEYUSDT KLAYUSDT KNCUSDT KSMUSDT LDOUSDT LEVERUSDT LINAUSDT LINKUSDT LISTAUSDT LITUSDT LOOMUSDT LPTUSDT LQTYUSDT LRCUSDT LSKUSDT LTCUSDT LUNA2USDT MAGICUSDT MANAUSDT MANTAUSDT MASKUSDT MATICUSDT MAVIAUSDT MAVUSDT MEMEUSDT METISUSDT MEWUSDT MINAUSDT MKRUSDT MOVRUSDT MTLUSDT MYROUSDT NEARUSDT NEOUSDT NFPUSDT NKNUSDT NMRUSDT NOTUSDT NTRNUSDT OGNUSDT OMGUSDT OMNIUSDT OMUSDT ONDOUSDT ONEUSDT ONGUSDT ONTUSDT OPUSDT ORBSUSDT ORDIUSDT OXTUSDT PENDLEUSDT PEOPLEUSDT PERPUSDT PHBUSDT PIXELUSDT POLYXUSDT PORTALUSDT POWRUSDT PYTHUSDT QNTUSDT QTUMUSDT RDNTUSDT REEFUSDT RENUSDT REZUSDT RIFUSDT RLCUSDT RONINUSDT ROSEUSDT RSRUSDT RUNEUSDT RVNUSDT SAGAUSDT SANDUSDT SEIUSDT SFPUSDT SKLUSDT SNXUSDT SOLUSDT SPELLUSDT SSVUSDT STEEMUSDT STGUSDT STMXUSDT STORJUSDT STRKUSDT STXUSDT SUIUSDT SUPERUSDT SUSHIUSDT SXPUSDT TAOUSDT THETAUSDT TIAUSDT TLMUSDT TNSRUSDT TOKENUSDT TONUSDT TRBUSDT TRUUSDT TRXUSDT TURBOUSDT TUSDT TWTUSDT UMAUSDT UNFIUSDT UNIUSDT USTCUSDT VANRYUSDT VETUSDT WAXPUSDT WIFUSDT WLDUSDT WOOUSDT WUSDT XAIUSDT XEMUSDT XLMUSDT XMRUSDT XRPUSDT XTZUSDT XVGUSDT XVSUSDT YFIUSDT YGGUSDT ZECUSDT ZENUSDT ZETAUSDT ZILUSDT ZKUSDT ZROUSDT ZRXUSDT
2024-09-07,259,259,20,BTCUSDT ETHUSDT SOLUSDT 1000PEPEUSDT WIFUSDT XRPUSDT BNBUSDT 1000SATSUSDT DOGEUSDT TONUSDT NOTUSDT SUIUSDT ORDIUSDT WLDUSDT AVAXUSDT CRVUSDT AAVEUSDT BOMEUSDT TIAUSDT LINKUSDT,1000BONKUSDT 1000FLOKIUSDT 1000LUNCUSDT 1000PEPEUSDT 1000RATSUSDT 1000SATSUSDT 1000SHIBUSDT 1000XECUSDT 1INCHUSDT AAVEUSDT ACEUSDT ACHUSDT ADAUSDT AEVOUSDT AGLDUSDT AIUSDT ALGOUSDT ALICEUSDT ALPHAUSDT ALTUSDT AMBUSDT ANKRUSDT APEUSDT API3USDT APTUSDT ARBUSDT ARKMUSDT ARKUSDT ARPAUSDT ARUSDT ASTRUSDT ATAUSDT ATOMUSDT AUCTIONUSDT AVAXUSDT AXLUSDT AXSUSDT BADGERUSDT BAKEUSDT BALUSDT BANDUSDT BATUSDT BBUSDT BCHUSDT BEAMXUSDT BELUSDT BICOUSDT BIGTIMEUSDT BLURUSDT BLZUSDT BNBUSDT BNTUSDT BNXUSDT BOMEUSDT BONDUSDT BSVUSDT BTCUSDT C98USDT CAKEUSDT CELOUSDT CELRUSDT CFXUSDT CHRUSDT CHZUSDT CKBUSDT COMBOUSDT COMPUSDT COTIUSDT CRVUSDT CTSIUSDT CYBERUSDT DARUSDT DASHUSDT DENTUSDT DODOXUSDT DOGEUSDT DOTUSDT DUSKUSDT DYDXUSDT DYMUSDT EDUUSDT EGLDUSDT ENAUSDT ENJUSDT ENSUSDT EOSUSDT ETCUSDT ETHFIUSDT ETHUSDT ETHWUSDT FETUSDT FILUSDT FLMUSDT FLOWUSDT FTMUSDT FXSUSDT GALAUSDT GASUSDT GLMUSDT GMTUSDT GMXUSDT GRTUSDT GTCUSDT HBARUSDT HFTUSDT HIFIUSDT HIGHUSDT HOOKUSDT HOTUSDT ICPUSDT ICXUSDT IDUSDT ILVUSDT IMXUSDT INJUSDT IOSTUSDT IOTAUSDT IOTXUSDT IOUSDT JASMYUSDT JOEUSDT JTOUSDT JUPUSDT KASUSDT KAVAUSDT KEYUSDT KLAYUSDT KNCUSDT KSMUSDT LDOUSDT LEVERUSDT LINAUSDT LINKUSDT LISTAUSDT LITUSDT LOOMUSDT LPTUSDT LQTYUSDT LRCUSDT LSKUSDT LTCUSDT LUNA2USDT MAGICUSDT MANAUSDT MANTAUSDT MASKUSDT MATICUSDT MAVIAUSDT MAVUSDT MEMEUSDT METISUSDT MEWUSDT MINAUSDT MKRUSDT MOVRUSDT MTLUSDT MYROUSDT NEARUSDT NEOUSDT NFPUSDT NKNUSDT NMRUSDT NOTUSDT NTRNUSDT OGNUSDT OMGUSDT OMNIUSDT OMUSDT ONDOUSDT ONEUSDT ONGUSDT ONTUSDT OPUSDT ORBSUSDT ORDIUSDT OXTUSDT PENDLEUSDT PEOPLEUSDT PERPUSDT PHBUSDT PIXELUSDT POLYXUSDT PORTALUSDT POWRUSDT PYTHUSDT QNTUSDT QTUMUSDT RDNTUSDT REEFUSDT RENDERUSDT RENUSDT REZUSDT RIFUSDT RLCUSDT RONINUSDT ROSEUSDT RSRUSDT RUNEUSDT RVNUSDT SAGAUSDT SANDUSDT SEIUSDT SFPUSDT SKLUSDT SNXUSDT SOLUSDT SPELLUSDT SSVUSDT STEEMUSDT STGUSDT STMXUSDT STORJUSDT STRKUSDT STXUSDT SUIUSDT SUPERUSDT SUSHIUSDT SXPUSDT TAOUSDT THETAUSDT TIAUSDT TLMUSDT TNSRUSDT TOKENUSDT TONUSDT TRBUSDT TRUUSDT TRXUSDT TURBOUSDT TUSDT TWTUSDT UMAUSDT UNFIUSDT UNIUSDT USTCUSDT VANRYUSDT VETUSDT WAXPUSDT WIFUSDT WLDUSDT WOOUSDT WUSDT XAIUSDT XEMUSDT XLMUSDT XMRUSDT XRPUSDT XTZUSDT XVGUSDT XVSUSDT YFIUSDT YGGUSDT ZECUSDT ZENUSDT ZETAUSDT ZILUSDT ZKUSDT ZROUSDT ZRXUSDT
2024-09-14,259,259,20,BTCUSDT ETHUSDT SOLUSDT 1000PEPEUSDT WIFUSDT XRPUSDT BNBUSDT 1000SATSUSDT DOGEUSDT TONUSDT NOTUSDT SUIUSDT ORDIUSDT WLDUSDT AVAXUSDT CRVUSDT AAVEUSDT BOMEUSDT TIAUSDT LINKUSDT,1000BONKUSDT 1000FLOKIUSDT 1000LUNCUSDT 1000PEPEUSDT 1000RATSUSDT 1000SATSUSDT 1000SHIBUSDT 1000XECUSDT 1INCHUSDT AAVEUSDT ACEUSDT ACHUSDT ADAUSDT AEVOUSDT AGLDUSDT AIUSDT ALGOUSDT ALICEUSDT ALPHAUSDT ALTUSDT AMBUSDT ANKRUSDT APEUSDT API3USDT APTUSDT ARBUSDT ARKMUSDT ARKUSDT ARPAUSDT ARUSDT ASTRUSDT ATAUSDT ATOMUSDT AUCTIONUSDT AVAXUSDT AXLUSDT AXSUSDT BADGERUSDT BAKEUSDT BALUSDT BANDUSDT BATUSDT BBUSDT BCHUSDT BEAMXUSDT BELUSDT BICOUSDT BIGTIMEUSDT BLURUSDT BLZUSDT BNBUSDT BNTUSDT BNXUSDT BOMEUSDT BONDUSDT BSVUSDT BTCUSDT C98USDT CAKEUSDT CELOUSDT CELRUSDT CFXUSDT CHRUSDT CHZUSDT CKBUSDT COMBOUSDT COMPUSDT COTIUSDT CRVUSDT CTSIUSDT CYBERUSDT DARUSDT DASHUSDT DENTUSDT DODOXUSDT DOGEUSDT DOTUSDT DUSKUSDT DYDXUSDT DYMUSDT EDUUSDT EGLDUSDT ENAUSDT ENJUSDT ENSUSDT EOSUSDT ETCUSDT ETHFIUSDT ETHUSDT ETHWUSDT FETUSDT FILUSDT FLMUSDT FLOWUSDT FTMUSDT FXSUSDT GALAUSDT GASUSDT GLMUSDT GMTUSDT GMXUSDT GRTUSDT GTCUSDT HBARUSDT HFTUSDT HIFIUSDT HIGHUSDT HOOKUSDT HOTUSDT ICPUSDT ICXUSDT IDUSDT ILVUSDT IMXUSDT INJUSDT IOSTUSDT IOTAUSDT IOTXUSDT IOUSDT JASMYUSDT JOEUSDT JTOUSDT JUPUSDT KASUSDT KAVAUSDT KEYUSDT KLAYUSDT KNCUSDT KSMUSDT LDOUSDT LEVERUSDT LINAUSDT LINKUSDT LISTAUSDT LITUSDT LOOMUSDT LPTUSDT LQTYUSDT LRCUSDT LSKUSDT LTCUSDT LUNA2USDT MAGICUSDT MANAUSDT MANTAUSDT MASKUSDT MATICUSDT MAVIAUSDT MAVUSDT MEMEUSDT METISUSDT MEWUSDT MINAUSDT MKRUSDT MOVRUSDT MTLUSDT MYROUSDT NEARUSDT NEOUSDT NFPUSDT NKNUSDT NMRUSDT NOTUSDT NTRNUSDT OGNUSDT OMGUSDT OMNIUSDT OMUSDT ONDOUSDT ONEUSDT ONGUSDT ONTUSDT OPUSDT ORBSUSDT ORDIUSDT OXTUSDT PENDLEUSDT PEOPLEUSDT PERPUSDT PHBUSDT PIXELUSDT POLYXUSDT PORTALUSDT POWRUSDT PYTHUSDT QNTUSDT QTUMUSDT RDNTUSDT REEFUSDT RENDERUSDT RENUSDT REZUSDT RIFUSDT RLCUSDT RONINUSDT ROSEUSDT RSRUSDT RUNEUSDT RVNUSDT SAGAUSDT SANDUSDT SEIUSDT SFPUSDT SKLUSDT SNXUSDT SOLUSDT SPELLUSDT SSVUSDT STEEMUSDT STGUSDT STMXUSDT STORJUSDT STRKUSDT STXUSDT SUIUSDT SUPERUSDT SUSHIUSDT SXPUSDT TAOUSDT THETAUSDT TIAUSDT TLMUSDT TNSRUSDT TOKENUSDT TONUSDT TRBUSDT TRUUSDT TRXUSDT TURBOUSDT TUSDT TWTUSDT UMAUSDT UNFIUSDT UNIUSDT USTCUSDT VANRYUSDT VETUSDT WAXPUSDT WIFUSDT WLDUSDT WOOUSDT WUSDT XAIUSDT XEMUSDT XLMUSDT XMRUSDT XRPUSDT XTZUSDT XVGUSDT XVSUSDT YFIUSDT YGGUSDT ZECUSDT ZENUSDT ZETAUSDT ZILUSDT ZKUSDT ZROUSDT ZRXUSDT
2024-09-21,259,259,20,BTCUSDT ETHUSDT SOLUSDT 1000PEPEUSDT WIFUSDT XRPUSDT BNBUSDT 1000SATSUSDT DOGEUSDT TONUSDT NOTUSDT SUIUSDT ORDIUSDT WLDUSDT AVAXUSDT CRVUSDT AAVEUSDT BOMEUSDT TIAUSDT LINKUSDT,1000BONKUSDT 1000FLOKIUSDT 1000LUNCUSDT 1000PEPEUSDT 1000RATSUSDT 1000SATSUSDT 1000SHIBUSDT 1000XECUSDT 1INCHUSDT AAVEUSDT ACEUSDT ACHUSDT ADAUSDT AEVOUSDT AGLDUSDT AIUSDT ALGOUSDT ALICEUSDT ALPHAUSDT ALTUSDT AMBUSDT ANKRUSDT APEUSDT API3USDT APTUSDT ARBUSDT ARKMUSDT ARKUSDT ARPAUSDT ARUSDT ASTRUSDT ATAUSDT ATOMUSDT AUCTIONUSDT AVAXUSDT AXLUSDT AXSUSDT BADGERUSDT BAKEUSDT BALUSDT BANDUSDT BATUSDT BBUSDT BCHUSDT BEAMXUSDT BELUSDT BICOUSDT BIGTIMEUSDT BLURUSDT BLZUSDT BNBUSDT BNTUSDT BNXUSDT BOMEUSDT BONDUSDT BSVUSDT BTCUSDT C98USDT CAKEUSDT CELOUSDT CELRUSDT CFXUSDT CHRUSDT CHZUSDT CKBUSDT COMBOUSDT COMPUSDT COTIUSDT CRVUSDT CTSIUSDT CYBERUSDT DARUSDT DASHUSDT DENTUSDT DODOXUSDT DOGEUSDT DOTUSDT DUSKUSDT DYDXUSDT DYMUSDT EDUUSDT EGLDUSDT ENAUSDT ENJUSDT ENSUSDT EOSUSDT ETCUSDT ETHFIUSDT ETHUSDT ETHWUSDT FETUSDT FILUSDT FLMUSDT FLOWUSDT FTMUSDT FXSUSDT GALAUSDT GASUSDT GLMUSDT GMTUSDT GMXUSDT GRTUSDT GTCUSDT HBARUSDT HFTUSDT HIFIUSDT HIGHUSDT HOOKUSDT HOTUSDT ICPUSDT ICXUSDT IDUSDT ILVUSDT IMXUSDT INJUSDT IOSTUSDT IOTAUSDT IOTXUSDT IOUSDT JASMYUSDT JOEUSDT JTOUSDT JUPUSDT KASUSDT KAVAUSDT KEYUSDT KLAYUSDT KNCUSDT KSMUSDT LDOUSDT LEVERUSDT LINAUSDT LINKUSDT LISTAUSDT LITUSDT LOOMUSDT LPTUSDT LQTYUSDT LRCUSDT LSKUSDT LTCUSDT LUNA2USDT MAGICUSDT MANAUSDT MANTAUSDT MASKUSDT MATICUSDT MAVIAUSDT MAVUSDT MEMEUSDT METISUSDT MEWUSDT MINAUSDT MKRUSDT MOVRUSDT MTLUSDT MYROUSDT NEARUSDT NEOUSDT NFPUSDT NKNUSDT NMRUSDT NOTUSDT NTRNUSDT OGNUSDT OMGUSDT OMNIUSDT OMUSDT ONDOUSDT ONEUSDT ONGUSDT ONTUSDT OPUSDT ORBSUSDT ORDIUSDT OXTUSDT PENDLEUSDT PEOPLEUSDT PERPUSDT PHBUSDT PIXELUSDT POLYXUSDT PORTALUSDT POWRUSDT PYTHUSDT QNTUSDT QTUMUSDT RDNTUSDT REEFUSDT RENDERUSDT RENUSDT REZUSDT RIFUSDT RLCUSDT RONINUSDT ROSEUSDT RSRUSDT RUNEUSDT RVNUSDT SAGAUSDT SANDUSDT SEIUSDT SFPUSDT SKLUSDT SNXUSDT SOLUSDT SPELLUSDT SSVUSDT STEEMUSDT STGUSDT STMXUSDT STORJUSDT STRKUSDT STXUSDT SUIUSDT SUPERUSDT SUSHIUSDT SXPUSDT TAOUSDT THETAUSDT TIAUSDT TLMUSDT TNSRUSDT TOKENUSDT TONUSDT TRBUSDT TRUUSDT TRXUSDT TURBOUSDT TUSDT TWTUSDT UMAUSDT UNFIUSDT UNIUSDT USTCUSDT VANRYUSDT VETUSDT WAXPUSDT WIFUSDT WLDUSDT WOOUSDT WUSDT XAIUSDT XEMUSDT XLMUSDT XMRUSDT XRPUSDT XTZUSDT XVGUSDT XVSUSDT YFIUSDT YGGUSDT ZECUSDT ZENUSDT ZETAUSDT ZILUSDT ZKUSDT ZROUSDT ZRXUSDT
2024-09-28,259,259,20,BTCUSDT ETHUSDT SOLUSDT 1000PEPEUSDT WIFUSDT XRPUSDT BNBUSDT 1000SATSUSDT DOGEUSDT TONUSDT NOTUSDT SUIUSDT ORDIUSDT WLDUSDT AVAXUSDT CRVUSDT AAVEUSDT BOMEUSDT TIAUSDT LINKUSDT,1000BONKUSDT 1000FLOKIUSDT 1000LUNCUSDT 1000PEPEUSDT 1000RATSUSDT 1000SATSUSDT 1000SHIBUSDT 1000XECUSDT 1INCHUSDT AAVEUSDT ACEUSDT ACHUSDT ADAUSDT AEVOUSDT AGLDUSDT AIUSDT ALGOUSDT ALICEUSDT ALPHAUSDT ALTUSDT AMBUSDT ANKRUSDT APEUSDT API3USDT APTUSDT ARBUSDT ARKMUSDT ARKUSDT ARPAUSDT ARUSDT ASTRUSDT ATAUSDT ATOMUSDT AUCTIONUSDT AVAXUSDT AXLUSDT AXSUSDT BADGERUSDT BAKEUSDT BALUSDT BANDUSDT BATUSDT BBUSDT BCHUSDT BEAMXUSDT BELUSDT BICOUSDT BIGTIMEUSDT BLURUSDT BLZUSDT BNBUSDT BNTUSDT BNXUSDT BOMEUSDT BONDUSDT BSVUSDT BTCUSDT C98USDT CAKEUSDT CELOUSDT CELRUSDT CFXUSDT CHRUSDT CHZUSDT CKBUSDT COMBOUSDT COMPUSDT COTIUSDT CRVUSDT CTSIUSDT CYBERUSDT DARUSDT DASHUSDT DENTUSDT DODOXUSDT DOGEUSDT DOTUSDT DUSKUSDT DYDXUSDT DYMUSDT EDUUSDT EGLDUSDT ENAUSDT ENJUSDT ENSUSDT EOSUSDT ETCUSDT ETHFIUSDT ETHUSDT ETHWUSDT FETUSDT FILUSDT FLMUSDT FLOWUSDT FTMUSDT FXSUSDT GALAUSDT GASUSDT GLMUSDT GMTUSDT GMXUSDT GRTUSDT GTCUSDT HBARUSDT HFTUSDT HIFIUSDT HIGHUSDT HOOKUSDT HOTUSDT ICPUSDT ICXUSDT IDUSDT ILVUSDT IMXUSDT INJUSDT IOSTUSDT IOTAUSDT IOTXUSDT IOUSDT JASMYUSDT JOEUSDT JTOUSDT JUPUSDT KASUSDT KAVAUSDT KEYUSDT KLAYUSDT KNCUSDT KSMUSDT LDOUSDT LEVERUSDT LINAUSDT LINKUSDT LISTAUSDT LITUSDT LOOMUSDT LPTUSDT LQTYUSDT LRCUSDT LSKUSDT LTCUSDT LUNA2USDT MAGICUSDT MANAUSDT MANTAUSDT MASKUSDT MATICUSDT MAVIAUSDT MAVUSDT MEMEUSDT METISUSDT MEWUSDT MINAUSDT MKRUSDT MOVRUSDT MTLUSDT MYROUSDT NEARUSDT NEOUSDT NFPUSDT NKNUSDT NMRUSDT NOTUSDT NTRNUSDT OGNUSDT OMGUSDT OMNIUSDT OMUSDT ONDOUSDT ONEUSDT ONGUSDT ONTUSDT OPUSDT ORBSUSDT ORDIUSDT OXTUSDT PENDLEUSDT PEOPLEUSDT PERPUSDT PHBUSDT PIXELUSDT POLYXUSDT PORTALUSDT POWRUSDT PYTHUSDT QNTUSDT QTUMUSDT RDNTUSDT REEFUSDT RENDERUSDT RENUSDT REZUSDT RIFUSDT RLCUSDT RONINUSDT ROSEUSDT RSRUSDT RUNEUSDT RVNUSDT SAGAUSDT SANDUSDT SEIUSDT SFPUSDT SKLUSDT SNXUSDT SOLUSDT SPELLUSDT SSVUSDT STEEMUSDT STGUSDT STMXUSDT STORJUSDT STRKUSDT STXUSDT SUIUSDT SUPERUSDT SUSHIUSDT SXPUSDT TAOUSDT THETAUSDT TIAUSDT TLMUSDT TNSRUSDT TOKENUSDT TONUSDT TRBUSDT TRUUSDT TRXUSDT TURBOUSDT TUSDT TWTUSDT UMAUSDT UNFIUSDT UNIUSDT USTCUSDT VANRYUSDT VETUSDT WAXPUSDT WIFUSDT WLDUSDT WOOUSDT WUSDT XAIUSDT XEMUSDT XLMUSDT XMRUSDT XRPUSDT XTZUSDT XVGUSDT XVSUSDT YFIUSDT YGGUSDT ZECUSDT ZENUSDT ZETAUSDT ZILUSDT ZKUSDT ZROUSDT ZRXUSDT
2024-10-05,273,273,20,BTCUSDT ETHUSDT SOLUSDT 1000PEPEUSDT SUIUSDT WIFUSDT XRPUSDT REEFUSDT DOGSUSDT BNBUSDT DOGEUSDT ORDIUSDT WLDUSDT 1000SATSUSDT FETUSDT FTMUSDT TIAUSDT AAVEUSDT 1000SHIBUSDT AVAXUSDT,1000BONKUSDT 1000FLOKIUSDT 1000LUNCUSDT 1000PEPEUSDT 1000RATSUSDT 1000SATSUSDT 1000SHIBUSDT 1000XECUSDT 1INCHUSDT AAVEUSDT ACEUSDT ACHUSDT ADAUSDT AEVOUSDT AGLDUSDT AIUSDT ALGOUSDT ALICEUSDT ALPACAUSDT ALPHAUSDT ALTUSDT AMBUSDT ANKRUSDT APEUSDT API3USDT APTUSDT ARBUSDT ARKMUSDT ARKUSDT ARPAUSDT ARUSDT ASTRUSDT ATAUSDT ATOMUSDT AUCTIONUSDT AVAXUSDT AXLUSDT AXSUSDT BADGERUSDT BAKEUSDT BALUSDT BANANAUSDT BANDUSDT BATUSDT BBUSDT BCHUSDT BEAMXUSDT BELUSDT BICOUSDT BIGTIMEUSDT BLURUSDT BLZUSDT BNBUSDT BNTUSDT BNXUSDT BOMEUSDT BONDUSDT BRETTUSDT BSVUSDT BTCUSDT C98USDT CAKEUSDT CELOUSDT CELRUSDT CFXUSDT CHESSUSDT CHRUSDT CHZUSDT CKBUSDT COMBOUSDT COMPUSDT COTIUSDT CRVUSDT CTSIUSDT CYBERUSDT DARUSDT DASHUSDT DENTUSDT DODOXUSDT DOGEUSDT DOGSUSDT DOTUSDT DUSKUSDT DYDXUSDT DYMUSDT EDUUSDT EGLDUSDT ENAUSDT ENJUSDT ENSUSDT EOSUSDT ETCUSDT ETHFIUSDT ETHUSDT ETHWUSDT FETUSDT FILUSDT FLMUSDT FLOWUSDT FTMUSDT FXSUSDT GALAUSDT GASUSDT GLMUSDT GMTUSDT GMXUSDT GRTUSDT GTCUSDT GUSDT HBARUSDT HFTUSDT HIFIUSDT HIGHUSDT HOOKUSDT HOTUSDT ICPUSDT ICXUSDT IDUSDT ILVUSDT IMXUSDT INJUSDT IOSTUSDT IOTAUSDT IOTXUSDT IOUSDT JASMYUSDT JOEUSDT JTOUSDT JUPUSDT KASUSDT KAVAUSDT KEYUSDT KLAYUSDT KNCUSDT KSMUSDT LDOUSDT LEVERUSDT LINAUSDT LINKUSDT LISTAUSDT LITUSDT LOOMUSDT LPTUSDT LQTYUSDT LRCUSDT LSKUSDT LTCUSDT LUNA2USDT MAGICUSDT MANAUSDT MANTAUSDT MASKUSDT MAVIAUSDT MAVUSDT MBOXUSDT MEMEUSDT METISUSDT MEWUSDT MINAUSDT MKRUSDT MOVRUSDT MTLUSDT MYROUSDT NEARUSDT NEOUSDT NFPUSDT NKNUSDT NMRUSDT NOTUSDT NTRNUSDT NULSUSDT OGNUSDT OMGUSDT OMNIUSDT OMUSDT ONDOUSDT ONEUSDT ONGUSDT ONTUSDT OPUSDT ORBSUSDT ORDIUSDT OXTUSDT PENDLEUSDT PEOPLEUSDT PERPUSDT PHBUSDT PIXELUSDT POLYXUSDT POPCATUSDT PORTALUSDT POWRUSDT PYTHUSDT QNTUSDT QTUMUSDT RAREUSDT RDNTUSDT REEFUSDT RENDERUSDT RENUSDT REZUSDT RIFUSDT RLCUSDT RONINUSDT ROSEUSDT RSRUSDT RUNEUSDT RVNUSDT SAGAUSDT SANDUSDT SEIUSDT SFPUSDT SKLUSDT SNXUSDT SOLUSDT SPELLUSDT SSVUSDT STEEMUSDT STGUSDT STMXUSDT STORJUSDT STRKUSDT STXUSDT SUIUSDT SUNUSDT SUPERUSDT SUSHIUSDT SXPUSDT SYNUSDT SYSUSDT TAOUSDT THETAUSDT TIAUSDT TLMUSDT TNSRUSDT TOKENUSDT TONUSDT TRBUSDT TRUUSDT TRXUSDT TURBOUSDT TUSDT TWTUSDT UMAUSDT UNFIUSDT UNIUSDT USTCUSDT VANRYUSDT VETUSDT VIDTUSDT VOXELUSDT WAXPUSDT WIFUSDT WLDUSDT WOOUSDT WUSDT XAIUSDT XEMUSDT XLMUSDT XMRUSDT XRPUSDT XTZUSDT XVGUSDT XVSUSDT YFIUSDT YGGUSDT ZECUSDT ZENUSDT ZETAUSDT ZILUSDT ZKUSDT ZROUSDT ZRXUSDT
2024-10-12,273,273,20,BTCUSDT ETHUSDT SOLUSDT 1000PEPEUSDT SUIUSDT WIFUSDT XRPUSDT REEFUSDT DOGSUSDT BNBUSDT DOGEUSDT ORDIUSDT WLDUSDT 1000SATSUSDT FETUSDT FTMUSDT TIAUSDT AAVEUSDT 1000SHIBUSDT AVAXUSDT,1000BONKUSDT 1000FLOKIUSDT 1000LUNCUSDT 1000PEPEUSDT 1000RATSUSDT 1000SATSUSDT 1000SHIBUSDT 1000XECUSDT 1INCHUSDT AAVEUSDT ACEUSDT ACHUSDT ADAUSDT AEVOUSDT AGLDUSDT AIUSDT ALGOUSDT ALICEUSDT ALPACAUSDT ALPHAUSDT ALTUSDT AMBUSDT ANKRUSDT APEUSDT API3USDT APTUSDT ARBUSDT ARKMUSDT ARKUSDT ARPAUSDT ARUSDT ASTRUSDT ATAUSDT ATOMUSDT AUCTIONUSDT AVAXUSDT AXLUSDT AXSUSDT BADGERUSDT BAKEUSDT BALUSDT BANANAUSDT BANDUSDT BATUSDT BBUSDT BCHUSDT BEAMXUSDT BELUSDT BICOUSDT BIGTIMEUSDT BLURUSDT BLZUSDT BNBUSDT BNTUSDT BNXUSDT BOMEUSDT BONDUSDT BRETTUSDT BSVUSDT BTCUSDT C98USDT CAKEUSDT CELOUSDT CELRUSDT CFXUSDT CHESSUSDT CHRUSDT CHZUSDT CKBUSDT COMBOUSDT COMPUSDT COTIUSDT CRVUSDT CTSIUSDT CYBERUSDT DARUSDT DASHUSDT DENTUSDT DODOXUSDT DOGEUSDT DOGSUSDT DOTUSDT DUSKUSDT DYDXUSDT DYMUSDT EDUUSDT EGLDUSDT ENAUSDT ENJUSDT ENSUSDT EOSUSDT ETCUSDT ETHFIUSDT ETHUSDT ETHWUSDT FETUSDT FILUSDT FLMUSDT FLOWUSDT FTMUSDT FXSUSDT GALAUSDT GASUSDT GLMUSDT GMTUSDT GMXUSDT GRTUSDT GTCUSDT GUSDT HBARUSDT HFTUSDT HIFIUSDT HIGHUSDT HOOKUSDT HOTUSDT ICPUSDT ICXUSDT IDUSDT ILVUSDT IMXUSDT INJUSDT IOSTUSDT IOTAUSDT IOTXUSDT IOUSDT JASMYUSDT JOEUSDT JTOUSDT JUPUSDT KASUSDT KAVAUSDT KEYUSDT KLAYUSDT KNCUSDT KSMUSDT LDOUSDT LEVERUSDT LINAUSDT LINKUSDT LISTAUSDT LITUSDT LOOMUSDT LPTUSDT LQTYUSDT LRCUSDT LSKUSDT LTCUSDT LUNA2USDT MAGICUSDT MANAUSDT MANTAUSDT MASKUSDT MAVIAUSDT MAVUSDT MBOXUSDT MEMEUSDT METISUSDT MEWUSDT MINAUSDT MKRUSDT MOVRUSDT MTLUSDT MYROUSDT NEARUSDT NEOUSDT NFPUSDT NKNUSDT NMRUSDT NOTUSDT NTRNUSDT NULSUSDT OGNUSDT OMGUSDT OMNIUSDT OMUSDT ONDOUSDT ONEUSDT ONGUSDT ONTUSDT OPUSDT ORBSUSDT ORDIUSDT OXTUSDT PENDLEUSDT PEOPLEUSDT PERPUSDT PHBUSDT PIXELUSDT POLYXUSDT POPCATUSDT PORTALUSDT POWRUSDT PYTHUSDT QNTUSDT QTUMUSDT RAREUSDT RDNTUSDT REEFUSDT RENDERUSDT RENUSDT REZUSDT RIFUSDT RLCUSDT RONINUSDT ROSEUSDT RSRUSDT RUNEUSDT RVNUSDT SAGAUSDT SANDUSDT SEIUSDT SFPUSDT SKLUSDT SNXUSDT SOLUSDT SPELLUSDT SSVUSDT STEEMUSDT STGUSDT STMXUSDT STORJUSDT STRKUSDT STXUSDT SUIUSDT SUNUSDT SUPERUSDT SUSHIUSDT SXPUSDT SYNUSDT SYSUSDT TAOUSDT THETAUSDT TIAUSDT TLMUSDT TNSRUSDT TOKENUSDT TONUSDT TRBUSDT TRUUSDT TRXUSDT TURBOUSDT TUSDT TWTUSDT UMAUSDT UNFIUSDT UNIUSDT USTCUSDT VANRYUSDT VETUSDT VIDTUSDT VOXELUSDT WAXPUSDT WIFUSDT WLDUSDT WOOUSDT WUSDT XAIUSDT XEMUSDT XLMUSDT XMRUSDT XRPUSDT XTZUSDT XVGUSDT XVSUSDT YFIUSDT YGGUSDT ZECUSDT ZENUSDT ZETAUSDT ZILUSDT ZKUSDT ZROUSDT ZRXUSDT
2024-10-19,273,273,20,BTCUSDT ETHUSDT SOLUSDT 1000PEPEUSDT SUIUSDT WIFUSDT XRPUSDT REEFUSDT DOGSUSDT BNBUSDT DOGEUSDT ORDIUSDT WLDUSDT 1000SATSUSDT FETUSDT FTMUSDT TIAUSDT AAVEUSDT 1000SHIBUSDT AVAXUSDT,1000BONKUSDT 1000FLOKIUSDT 1000LUNCUSDT 1000PEPEUSDT 1000RATSUSDT 1000SATSUSDT 1000SHIBUSDT 1000XECUSDT 1INCHUSDT AAVEUSDT ACEUSDT ACHUSDT ADAUSDT AEVOUSDT AGLDUSDT AIUSDT ALGOUSDT ALICEUSDT ALPACAUSDT ALPHAUSDT ALTUSDT AMBUSDT ANKRUSDT APEUSDT API3USDT APTUSDT ARBUSDT ARKMUSDT ARKUSDT ARPAUSDT ARUSDT ASTRUSDT ATAUSDT ATOMUSDT AUCTIONUSDT AVAXUSDT AXLUSDT AXSUSDT BADGERUSDT BAKEUSDT BALUSDT BANANAUSDT BANDUSDT BATUSDT BBUSDT BCHUSDT BEAMXUSDT BELUSDT BICOUSDT BIGTIMEUSDT BLURUSDT BLZUSDT BNBUSDT BNTUSDT BNXUSDT BOMEUSDT BONDUSDT BRETTUSDT BSVUSDT BTCUSDT C98USDT CAKEUSDT CELOUSDT CELRUSDT CFXUSDT CHESSUSDT CHRUSDT CHZUSDT CKBUSDT COMBOUSDT COMPUSDT COTIUSDT CRVUSDT CTSIUSDT CYBERUSDT DARUSDT DASHUSDT DENTUSDT DODOXUSDT DOGEUSDT DOGSUSDT DOTUSDT DUSKUSDT DYDXUSDT DYMUSDT EDUUSDT EGLDUSDT ENAUSDT ENJUSDT ENSUSDT EOSUSDT ETCUSDT ETHFIUSDT ETHUSDT ETHWUSDT FETUSDT FILUSDT FLMUSDT FLOWUSDT FTMUSDT FXSUSDT GALAUSDT GASUSDT GLMUSDT GMTUSDT GMXUSDT GRTUSDT GTCUSDT GUSDT HBARUSDT HFTUSDT HIFIUSDT HIGHUSDT HOOKUSDT HOTUSDT ICPUSDT ICXUSDT IDUSDT ILVUSDT IMXUSDT INJUSDT IOSTUSDT IOTAUSDT IOTXUSDT IOUSDT JASMYUSDT JOEUSDT JTOUSDT JUPUSDT KASUSDT KAVAUSDT KEYUSDT KLAYUSDT KNCUSDT KSMUSDT LDOUSDT LEVERUSDT LINAUSDT LINKUSDT LISTAUSDT LITUSDT LOOMUSDT LPTUSDT LQTYUSDT LRCUSDT LSKUSDT LTCUSDT LUNA2USDT MAGICUSDT MANAUSDT MANTAUSDT MASKUSDT MAVIAUSDT MAVUSDT MBOXUSDT MEMEUSDT METISUSDT MEWUSDT MINAUSDT MKRUSDT MOVRUSDT MTLUSDT MYROUSDT NEARUSDT NEOUSDT NFPUSDT NKNUSDT NMRUSDT NOTUSDT NTRNUSDT NULSUSDT OGNUSDT OMGUSDT OMNIUSDT OMUSDT ONDOUSDT ONEUSDT ONGUSDT ONTUSDT OPUSDT ORBSUSDT ORDIUSDT OXTUSDT PENDLEUSDT PEOPLEUSDT PERPUSDT PHBUSDT PIXELUSDT POLYXUSDT POPCATUSDT PORTALUSDT POWRUSDT PYTHUSDT QNTUSDT QTUMUSDT RAREUSDT RDNTUSDT REEFUSDT RENDERUSDT RENUSDT REZUSDT RIFUSDT RLCUSDT RONINUSDT ROSEUSDT RSRUSDT RUNEUSDT RVNUSDT SAGAUSDT SANDUSDT SEIUSDT SFPUSDT SKLUSDT SNXUSDT SOLUSDT SPELLUSDT SSVUSDT STEEMUSDT STGUSDT STMXUSDT STORJUSDT STRKUSDT STXUSDT SUIUSDT SUNUSDT SUPERUSDT SUSHIUSDT SXPUSDT SYNUSDT SYSUSDT TAOUSDT THETAUSDT TIAUSDT TLMUSDT TNSRUSDT TOKENUSDT TONUSDT TRBUSDT TRUUSDT TRXUSDT TURBOUSDT TUSDT TWTUSDT UMAUSDT UNFIUSDT UNIUSDT USTCUSDT VANRYUSDT VETUSDT VIDTUSDT VOXELUSDT WAXPUSDT WIFUSDT WLDUSDT WOOUSDT WUSDT XAIUSDT XEMUSDT XLMUSDT XMRUSDT XRPUSDT XTZUSDT XVGUSDT XVSUSDT YFIUSDT YGGUSDT ZECUSDT ZENUSDT ZETAUSDT ZILUSDT ZKUSDT ZROUSDT ZRXUSDT
2024-10-26,273,273,20,BTCUSDT ETHUSDT SOLUSDT 1000PEPEUSDT SUIUSDT WIFUSDT XRPUSDT REEFUSDT DOGSUSDT BNBUSDT DOGEUSDT ORDIUSDT WLDUSDT 1000SATSUSDT FETUSDT FTMUSDT TIAUSDT AAVEUSDT 1000SHIBUSDT AVAXUSDT,1000BONKUSDT 1000FLOKIUSDT 1000LUNCUSDT 1000PEPEUSDT 1000RATSUSDT 1000SATSUSDT 1000SHIBUSDT 1000XECUSDT 1INCHUSDT AAVEUSDT ACEUSDT ACHUSDT ADAUSDT AEVOUSDT AGLDUSDT AIUSDT ALGOUSDT ALICEUSDT ALPACAUSDT ALPHAUSDT ALTUSDT AMBUSDT ANKRUSDT APEUSDT API3USDT APTUSDT ARBUSDT ARKMUSDT ARKUSDT ARPAUSDT ARUSDT ASTRUSDT ATAUSDT ATOMUSDT AUCTIONUSDT AVAXUSDT AXLUSDT AXSUSDT BADGERUSDT BAKEUSDT BALUSDT BANANAUSDT BANDUSDT BATUSDT BBUSDT BCHUSDT BEAMXUSDT BELUSDT BICOUSDT BIGTIMEUSDT BLURUSDT BLZUSDT BNBUSDT BNTUSDT BNXUSDT BOMEUSDT BONDUSDT BRETTUSDT BSVUSDT BTCUSDT C98USDT CAKEUSDT CELOUSDT CELRUSDT CFXUSDT CHESSUSDT CHRUSDT CHZUSDT CKBUSDT COMBOUSDT COMPUSDT COTIUSDT CRVUSDT CTSIUSDT CYBERUSDT DARUSDT DASHUSDT DENTUSDT DODOXUSDT DOGEUSDT DOGSUSDT DOTUSDT DUSKUSDT DYDXUSDT DYMUSDT EDUUSDT EGLDUSDT ENAUSDT ENJUSDT ENSUSDT EOSUSDT ETCUSDT ETHFIUSDT ETHUSDT ETHWUSDT FETUSDT FILUSDT FLMUSDT FLOWUSDT FTMUSDT FXSUSDT GALAUSDT GASUSDT GLMUSDT GMTUSDT GMXUSDT GRTUSDT GTCUSDT GUSDT HBARUSDT HFTUSDT HIFIUSDT HIGHUSDT HOOKUSDT HOTUSDT ICPUSDT ICXUSDT IDUSDT ILVUSDT IMXUSDT INJUSDT IOSTUSDT IOTAUSDT IOTXUSDT IOUSDT JASMYUSDT JOEUSDT JTOUSDT JUPUSDT KASUSDT KAVAUSDT KEYUSDT KLAYUSDT KNCUSDT KSMUSDT LDOUSDT LEVERUSDT LINAUSDT LINKUSDT LISTAUSDT LITUSDT LOOMUSDT LPTUSDT LQTYUSDT LRCUSDT LSKUSDT LTCUSDT LUNA2USDT MAGICUSDT MANAUSDT MANTAUSDT MASKUSDT MAVIAUSDT MAVUSDT MBOXUSDT MEMEUSDT METISUSDT MEWUSDT MINAUSDT MKRUSDT MOVRUSDT MTLUSDT MYROUSDT NEARUSDT NEOUSDT NFPUSDT NKNUSDT NMRUSDT NOTUSDT NTRNUSDT NULSUSDT OGNUSDT OMGUSDT OMNIUSDT OMUSDT ONDOUSDT ONEUSDT ONGUSDT ONTUSDT OPUSDT ORBSUSDT ORDIUSDT OXTUSDT PENDLEUSDT PEOPLEUSDT PERPUSDT PHBUSDT PIXELUSDT POLYXUSDT POPCATUSDT PORTALUSDT POWRUSDT PYTHUSDT QNTUSDT QTUMUSDT RAREUSDT RDNTUSDT REEFUSDT RENDERUSDT RENUSDT REZUSDT RIFUSDT RLCUSDT RONINUSDT ROSEUSDT RSRUSDT RUNEUSDT RVNUSDT SAGAUSDT SANDUSDT SEIUSDT SFPUSDT SKLUSDT SNXUSDT SOLUSDT SPELLUSDT SSVUSDT STEEMUSDT STGUSDT STMXUSDT STORJUSDT STRKUSDT STXUSDT SUIUSDT SUNUSDT SUPERUSDT SUSHIUSDT SXPUSDT SYNUSDT SYSUSDT TAOUSDT THETAUSDT TIAUSDT TLMUSDT TNSRUSDT TOKENUSDT TONUSDT TRBUSDT TRUUSDT TRXUSDT TURBOUSDT TUSDT TWTUSDT UMAUSDT UNFIUSDT UNIUSDT USTCUSDT VANRYUSDT VETUSDT VIDTUSDT VOXELUSDT WAXPUSDT WIFUSDT WLDUSDT WOOUSDT WUSDT XAIUSDT XEMUSDT XLMUSDT XMRUSDT XRPUSDT XTZUSDT XVGUSDT XVSUSDT YFIUSDT YGGUSDT ZECUSDT ZENUSDT ZETAUSDT ZILUSDT ZKUSDT ZROUSDT ZRXUSDT
2024-11-02,291,291,20,BTCUSDT ETHUSDT SOLUSDT NEIROUSDT 1000PEPEUSDT SUIUSDT DOGEUSDT WIFUSDT APEUSDT WLDUSDT XRPUSDT NEIROETHUSDT REEFUSDT APTUSDT TURBOUSDT POPCATUSDT BOMEUSDT BNBUSDT TIAUSDT 1MBABYDOGEUSDT,1000BONKUSDT 1000FLOKIUSDT 1000LUNCUSDT 1000PEPEUSDT 1000RATSUSDT 1000SATSUSDT 1000SHIBUSDT 1000XECUSDT 1INCHUSDT 1MBABYDOGEUSDT AAVEUSDT ACEUSDT ACHUSDT ADAUSDT AERGOUSDT AEVOUSDT AGLDUSDT AIUSDT ALGOUSDT ALICEUSDT ALPACAUSDT ALPHAUSDT ALTUSDT AMBUSDT ANKRUSDT APEUSDT API3USDT APTUSDT ARBUSDT ARKMUSDT ARKUSDT ARPAUSDT ARUSDT ASTRUSDT ATAUSDT ATOMUSDT AUCTIONUSDT AVAXUSDT AXLUSDT AXSUSDT BADGERUSDT BAKEUSDT BALUSDT BANANAUSDT BANDUSDT BATUSDT BBUSDT BCHUSDT BEAMXUSDT BELUSDT BICOUSDT BIGTIMEUSDT BLURUSDT BLZUSDT BNBUSDT BNTUSDT BNXUSDT BOMEUSDT BONDUSDT BRETTUSDT BSVUSDT BSWUSDT BTCUSDT C98USDT CAKEUSDT CATIUSDT CELOUSDT CELRUSDT CFXUSDT CHESSUSDT CHRUSDT CHZUSDT CKBUSDT COMBOUSDT COMPUSDT COSUSDT COTIUSDT CRVUSDT CTSIUSDT CYBERUSDT DARUSDT DASHUSDT DENTUSDT DODOXUSDT DOGEUSDT DOGSUSDT DOTUSDT DUSKUSDT DYDXUSDT DYMUSDT EDUUSDT EGLDUSDT EIGENUSDT ENAUSDT ENJUSDT ENSUSDT EOSUSDT ETCUSDT ETHFIUSDT ETHUSDT ETHWUSDT FETUSDT FIDAUSDT FILUSDT FIOUSDT FLMUSDT FLOWUSDT FLUXUSDT FTMUSDT FXSUSDT GALAUSDT GASUSDT GHSTUSDT GLMUSDT GMTUSDT GMXUSDT GRTUSDT GTCUSDT GUSDT HBARUSDT HFTUSDT HIFIUSDT HIGHUSDT HMSTRUSDT HOOKUSDT HOTUSDT ICPUSDT ICXUSDT IDUSDT ILVUSDT IMXUSDT INJUSDT IOSTUSDT IOTAUSDT IOTXUSDT IOUSDT JASMYUSDT JOEUSDT JTOUSDT JUPUSDT KASUSDT KAVAUSDT KDAUSDT KEYUSDT KNCUSDT KSMUSDT LDOUSDT LEVERUSDT LINAUSDT LINKUSDT LISTAUSDT LITUSDT LOKAUSDT LOOMUSDT LPTUSDT LQTYUSDT LRCUSDT LSKUSDT LTCUSDT LUNA2USDT MAGICUSDT MANAUSDT MANTAUSDT MASKUSDT MAVIAUSDT MAVUSDT MBOXUSDT MEMEUSDT METISUSDT MEWUSDT MINAUSDT MKRUSDT MOVRUSDT MTLUSDT MYROUSDT NEARUSDT NEIROETHUSDT NEIROUSDT NEOUSDT NFPUSDT NKNUSDT NMRUSDT NOTUSDT NTRNUSDT NULSUSDT OGNUSDT OMGUSDT OMNIUSDT OMUSDT ONDOUSDT ONEUSDT ONGUSDT ONTUSDT OPUSDT ORBSUSDT ORDIUSDT OXTUSDT PENDLEUSDT PEOPLEUSDT PERPUSDT PHBUSDT PIXELUSDT POLUSDT POLYXUSDT POPCATUSDT PORTALUSDT POWRUSDT PYTHUSDT QNTUSDT QTUMUSDT QUICKUSDT RAREUSDT RDNTUSDT REEFUSDT REIUSDT RENDERUSDT RENUSDT REZUSDT RIFUSDT RLCUSDT RONINUSDT ROSEUSDT RPLUSDT RSRUSDT RUNEUSDT RVNUSDT SAGAUSDT SANDUSDT SEIUSDT SFPUSDT SKLUSDT SNXUSDT SOLUSDT SPELLUSDT SSVUSDT STEEMUSDT STGUSDT STMXUSDT STORJUSDT STRKUSDT STXUSDT SUIUSDT SUNUSDT SUPERUSDT SUSHIUSDT SXPUSDT SYNUSDT SYSUSDT TAOUSDT THETAUSDT TIAUSDT TLMUSDT TNSRUSDT TOKENUSDT TONUSDT TRBUSDT TRUUSDT TRXUSDT TURBOUSDT TUSDT TWTUSDT UMAUSDT UNIUSDT USTCUSDT UXLINKUSDT VANRYUSDT VETUSDT VIDTUSDT VOXELUSDT WAXPUSDT WIFUSDT WLDUSDT WOOUSDT WUSDT XAIUSDT XEMUSDT XLMUSDT XMRUSDT XRPUSDT XTZUSDT XVGUSDT XVSUSDT YFIUSDT YGGUSDT ZECUSDT ZENUSDT ZETAUSDT ZILUSDT ZKUSDT ZROUSDT ZRXUSDT
2024-11-09,291,291,20,BTCUSDT ETHUSDT SOLUSDT NEIROUSDT 1000PEPEUSDT SUIUSDT DOGEUSDT WIFUSDT APEUSDT WLDUSDT XRPUSDT NEIROETHUSDT REEFUSDT APTUSDT TURBOUSDT POPCATUSDT BOMEUSDT BNBUSDT TIAUSDT 1MBABYDOGEUSDT,1000BONKUSDT 1000FLOKIUSDT 1000LUNCUSDT 1000PEPEUSDT 1000RATSUSDT 1000SATSUSDT 1000SHIBUSDT 1000XECUSDT 1INCHUSDT 1MBABYDOGEUSDT AAVEUSDT ACEUSDT ACHUSDT ADAUSDT AERGOUSDT AEVOUSDT AGLDUSDT AIUSDT ALGOUSDT ALICEUSDT ALPACAUSDT ALPHAUSDT ALTUSDT AMBUSDT ANKRUSDT APEUSDT API3USDT APTUSDT ARBUSDT ARKMUSDT ARKUSDT ARPAUSDT ARUSDT ASTRUSDT ATAUSDT ATOMUSDT AUCTIONUSDT AVAXUSDT AXLUSDT AXSUSDT BADGERUSDT BAKEUSDT BALUSDT BANANAUSDT BANDUSDT BATUSDT BBUSDT BCHUSDT BEAMXUSDT BELUSDT BICOUSDT BIGTIMEUSDT BLURUSDT BLZUSDT BNBUSDT BNTUSDT BNXUSDT BOMEUSDT BONDUSDT BRETTUSDT BSVUSDT BSWUSDT BTCUSDT C98USDT CAKEUSDT CATIUSDT CELOUSDT CELRUSDT CFXUSDT CHESSUSDT CHRUSDT CHZUSDT CKBUSDT COMBOUSDT COMPUSDT COSUSDT COTIUSDT CRVUSDT CTSIUSDT CYBERUSDT DARUSDT DASHUSDT DENTUSDT DODOXUSDT DOGEUSDT DOGSUSDT DOTUSDT DUSKUSDT DYDXUSDT DYMUSDT EDUUSDT EGLDUSDT EIGENUSDT ENAUSDT ENJUSDT ENSUSDT EOSUSDT ETCUSDT ETHFIUSDT ETHUSDT ETHWUSDT FETUSDT FIDAUSDT FILUSDT FIOUSDT FLMUSDT FLOWUSDT FLUXUSDT FTMUSDT FXSUSDT GALAUSDT GASUSDT GHSTUSDT GLMUSDT GMTUSDT GMXUSDT GRTUSDT GTCUSDT GUSDT HBARUSDT HFTUSDT HIFIUSDT HIGHUSDT HMSTRUSDT HOOKUSDT HOTUSDT ICPUSDT ICXUSDT IDUSDT ILVUSDT IMXUSDT INJUSDT IOSTUSDT IOTAUSDT IOTXUSDT IOUSDT JASMYUSDT JOEUSDT JTOUSDT JUPUSDT KASUSDT KAVAUSDT KDAUSDT KEYUSDT KNCUSDT KSMUSDT LDOUSDT LEVERUSDT LINAUSDT LINKUSDT LISTAUSDT LITUSDT LOKAUSDT LOOMUSDT LPTUSDT LQTYUSDT LRCUSDT LSKUSDT LTCUSDT LUNA2USDT MAGICUSDT MANAUSDT MANTAUSDT MASKUSDT MAVIAUSDT MAVUSDT MBOXUSDT MEMEUSDT METISUSDT MEWUSDT MINAUSDT MKRUSDT MOVRUSDT MTLUSDT MYROUSDT NEARUSDT NEIROETHUSDT NEIROUSDT NEOUSDT NFPUSDT NKNUSDT NMRUSDT NOTUSDT NTRNUSDT NULSUSDT OGNUSDT OMGUSDT OMNIUSDT OMUSDT ONDOUSDT ONEUSDT ONGUSDT ONTUSDT OPUSDT ORBSUSDT ORDIUSDT OXTUSDT PENDLEUSDT PEOPLEUSDT PERPUSDT PHBUSDT PIXELUSDT POLUSDT POLYXUSDT POPCATUSDT PORTALUSDT POWRUSDT PYTHUSDT QNTUSDT QTUMUSDT QUICKUSDT RAREUSDT RDNTUSDT REEFUSDT REIUSDT RENDERUSDT RENUSDT REZUSDT RIFUSDT RLCUSDT RONINUSDT ROSEUSDT RPLUSDT RSRUSDT RUNEUSDT RVNUSDT SAGAUSDT SANDUSDT SEIUSDT SFPUSDT SKLUSDT SNXUSDT SOLUSDT SPELLUSDT SSVUSDT STEEMUSDT STGUSDT STMXUSDT STORJUSDT STRKUSDT STXUSDT SUIUSDT SUNUSDT SUPERUSDT SUSHIUSDT SXPUSDT SYNUSDT SYSUSDT TAOUSDT THETAUSDT TIAUSDT TLMUSDT TNSRUSDT TOKENUSDT TONUSDT TRBUSDT TRUUSDT TRXUSDT TURBOUSDT TUSDT TWTUSDT UMAUSDT UNIUSDT USTCUSDT UXLINKUSDT VANRYUSDT VETUSDT VIDTUSDT VOXELUSDT WAXPUSDT WIFUSDT WLDUSDT WOOUSDT WUSDT XAIUSDT XEMUSDT XLMUSDT XMRUSDT XRPUSDT XTZUSDT XVGUSDT XVSUSDT YFIUSDT YGGUSDT ZECUSDT ZENUSDT ZETAUSDT ZILUSDT ZKUSDT ZROUSDT ZRXUSDT
2024-11-16,291,291,20,BTCUSDT ETHUSDT SOLUSDT NEIROUSDT 1000PEPEUSDT SUIUSDT DOGEUSDT WIFUSDT APEUSDT WLDUSDT XRPUSDT NEIROETHUSDT REEFUSDT APTUSDT TURBOUSDT POPCATUSDT BOMEUSDT BNBUSDT TIAUSDT 1MBABYDOGEUSDT,1000BONKUSDT 1000FLOKIUSDT 1000LUNCUSDT 1000PEPEUSDT 1000RATSUSDT 1000SATSUSDT 1000SHIBUSDT 1000XECUSDT 1INCHUSDT 1MBABYDOGEUSDT AAVEUSDT ACEUSDT ACHUSDT ADAUSDT AERGOUSDT AEVOUSDT AGLDUSDT AIUSDT ALGOUSDT ALICEUSDT ALPACAUSDT ALPHAUSDT ALTUSDT AMBUSDT ANKRUSDT APEUSDT API3USDT APTUSDT ARBUSDT ARKMUSDT ARKUSDT ARPAUSDT ARUSDT ASTRUSDT ATAUSDT ATOMUSDT AUCTIONUSDT AVAXUSDT AXLUSDT AXSUSDT BADGERUSDT BAKEUSDT BALUSDT BANANAUSDT BANDUSDT BATUSDT BBUSDT BCHUSDT BEAMXUSDT BELUSDT BICOUSDT BIGTIMEUSDT BLURUSDT BLZUSDT BNBUSDT BNTUSDT BNXUSDT BOMEUSDT BONDUSDT BRETTUSDT BSVUSDT BSWUSDT BTCUSDT C98USDT CAKEUSDT CATIUSDT CELOUSDT CELRUSDT CFXUSDT CHESSUSDT CHRUSDT CHZUSDT CKBUSDT COMBOUSDT COMPUSDT COSUSDT COTIUSDT CRVUSDT CTSIUSDT CYBERUSDT DARUSDT DASHUSDT DENTUSDT DODOXUSDT DOGEUSDT DOGSUSDT DOTUSDT DUSKUSDT DYDXUSDT DYMUSDT EDUUSDT EGLDUSDT EIGENUSDT ENAUSDT ENJUSDT ENSUSDT EOSUSDT ETCUSDT ETHFIUSDT ETHUSDT ETHWUSDT FETUSDT FIDAUSDT FILUSDT FIOUSDT FLMUSDT FLOWUSDT FLUXUSDT FTMUSDT FXSUSDT GALAUSDT GASUSDT GHSTUSDT GLMUSDT GMTUSDT GMXUSDT GRTUSDT GTCUSDT GUSDT HBARUSDT HFTUSDT HIFIUSDT HIGHUSDT HMSTRUSDT HOOKUSDT HOTUSDT ICPUSDT ICXUSDT IDUSDT ILVUSDT IMXUSDT INJUSDT IOSTUSDT IOTAUSDT IOTXUSDT IOUSDT JASMYUSDT JOEUSDT JTOUSDT JUPUSDT KASUSDT KAVAUSDT KDAUSDT KEYUSDT KNCUSDT KSMUSDT LDOUSDT LEVERUSDT LINAUSDT LINKUSDT LISTAUSDT LITUSDT LOKAUSDT LOOMUSDT LPTUSDT LQTYUSDT LRCUSDT LSKUSDT LTCUSDT LUNA2USDT MAGICUSDT MANAUSDT MANTAUSDT MASKUSDT MAVIAUSDT MAVUSDT MBOXUSDT MEMEUSDT METISUSDT MEWUSDT MINAUSDT MKRUSDT MOVRUSDT MTLUSDT MYROUSDT NEARUSDT NEIROETHUSDT NEIROUSDT NEOUSDT NFPUSDT NKNUSDT NMRUSDT NOTUSDT NTRNUSDT NULSUSDT OGNUSDT OMGUSDT OMNIUSDT OMUSDT ONDOUSDT ONEUSDT ONGUSDT ONTUSDT OPUSDT ORBSUSDT ORDIUSDT OXTUSDT PENDLEUSDT PEOPLEUSDT PERPUSDT PHBUSDT PIXELUSDT POLUSDT POLYXUSDT POPCATUSDT PORTALUSDT POWRUSDT PYTHUSDT QNTUSDT QTUMUSDT QUICKUSDT RAREUSDT RDNTUSDT REEFUSDT REIUSDT RENDERUSDT RENUSDT REZUSDT RIFUSDT RLCUSDT RONINUSDT ROSEUSDT RPLUSDT RSRUSDT RUNEUSDT RVNUSDT SAGAUSDT SANDUSDT SEIUSDT SFPUSDT SKLUSDT SNXUSDT SOLUSDT SPELLUSDT SSVUSDT STEEMUSDT STGUSDT STMXUSDT STORJUSDT STRKUSDT STXUSDT SUIUSDT SUNUSDT SUPERUSDT SUSHIUSDT SXPUSDT SYNUSDT SYSUSDT TAOUSDT THETAUSDT TIAUSDT TLMUSDT TNSRUSDT TOKENUSDT TONUSDT TRBUSDT TRUUSDT TRXUSDT TURBOUSDT TUSDT TWTUSDT UMAUSDT UNIUSDT USTCUSDT UXLINKUSDT VANRYUSDT VETUSDT VIDTUSDT VOXELUSDT WAXPUSDT WIFUSDT WLDUSDT WOOUSDT WUSDT XAIUSDT XEMUSDT XLMUSDT XMRUSDT XRPUSDT XTZUSDT XVGUSDT XVSUSDT YFIUSDT YGGUSDT ZECUSDT ZENUSDT ZETAUSDT ZILUSDT ZKUSDT ZROUSDT ZRXUSDT
2024-11-23,291,291,20,BTCUSDT ETHUSDT SOLUSDT NEIROUSDT 1000PEPEUSDT SUIUSDT DOGEUSDT WIFUSDT APEUSDT WLDUSDT XRPUSDT NEIROETHUSDT REEFUSDT APTUSDT TURBOUSDT POPCATUSDT BOMEUSDT BNBUSDT TIAUSDT 1MBABYDOGEUSDT,1000BONKUSDT 1000FLOKIUSDT 1000LUNCUSDT 1000PEPEUSDT 1000RATSUSDT 1000SATSUSDT 1000SHIBUSDT 1000XECUSDT 1INCHUSDT 1MBABYDOGEUSDT AAVEUSDT ACEUSDT ACHUSDT ADAUSDT AERGOUSDT AEVOUSDT AGLDUSDT AIUSDT ALGOUSDT ALICEUSDT ALPACAUSDT ALPHAUSDT ALTUSDT AMBUSDT ANKRUSDT APEUSDT API3USDT APTUSDT ARBUSDT ARKMUSDT ARKUSDT ARPAUSDT ARUSDT ASTRUSDT ATAUSDT ATOMUSDT AUCTIONUSDT AVAXUSDT AXLUSDT AXSUSDT BADGERUSDT BAKEUSDT BALUSDT BANANAUSDT BANDUSDT BATUSDT BBUSDT BCHUSDT BEAMXUSDT BELUSDT BICOUSDT BIGTIMEUSDT BLURUSDT BLZUSDT BNBUSDT BNTUSDT BNXUSDT BOMEUSDT BONDUSDT BRETTUSDT BSVUSDT BSWUSDT BTCUSDT C98USDT CAKEUSDT CATIUSDT CELOUSDT CELRUSDT CFXUSDT CHESSUSDT CHRUSDT CHZUSDT CKBUSDT COMBOUSDT COMPUSDT COSUSDT COTIUSDT CRVUSDT CTSIUSDT CYBERUSDT DARUSDT DASHUSDT DENTUSDT DODOXUSDT DOGEUSDT DOGSUSDT DOTUSDT DUSKUSDT DYDXUSDT DYMUSDT EDUUSDT EGLDUSDT EIGENUSDT ENAUSDT ENJUSDT ENSUSDT EOSUSDT ETCUSDT ETHFIUSDT ETHUSDT ETHWUSDT FETUSDT FIDAUSDT FILUSDT FIOUSDT FLMUSDT FLOWUSDT FLUXUSDT FTMUSDT FXSUSDT GALAUSDT GASUSDT GHSTUSDT GLMUSDT GMTUSDT GMXUSDT GRTUSDT GTCUSDT GUSDT HBARUSDT HFTUSDT HIFIUSDT HIGHUSDT HMSTRUSDT HOOKUSDT HOTUSDT ICPUSDT ICXUSDT IDUSDT ILVUSDT IMXUSDT INJUSDT IOSTUSDT IOTAUSDT IOTXUSDT IOUSDT JASMYUSDT JOEUSDT JTOUSDT JUPUSDT KASUSDT KAVAUSDT KDAUSDT KEYUSDT KNCUSDT KSMUSDT LDOUSDT LEVERUSDT LINAUSDT LINKUSDT LISTAUSDT LITUSDT LOKAUSDT LOOMUSDT LPTUSDT LQTYUSDT LRCUSDT LSKUSDT LTCUSDT LUNA2USDT MAGICUSDT MANAUSDT MANTAUSDT MASKUSDT MAVIAUSDT MAVUSDT MBOXUSDT MEMEUSDT METISUSDT MEWUSDT MINAUSDT MKRUSDT MOVRUSDT MTLUSDT MYROUSDT NEARUSDT NEIROETHUSDT NEIROUSDT NEOUSDT NFPUSDT NKNUSDT NMRUSDT NOTUSDT NTRNUSDT NULSUSDT OGNUSDT OMGUSDT OMNIUSDT OMUSDT ONDOUSDT ONEUSDT ONGUSDT ONTUSDT OPUSDT ORBSUSDT ORDIUSDT OXTUSDT PENDLEUSDT PEOPLEUSDT PERPUSDT PHBUSDT PIXELUSDT POLUSDT POLYXUSDT POPCATUSDT PORTALUSDT POWRUSDT PYTHUSDT QNTUSDT QTUMUSDT QUICKUSDT RAREUSDT RDNTUSDT REEFUSDT REIUSDT RENDERUSDT RENUSDT REZUSDT RIFUSDT RLCUSDT RONINUSDT ROSEUSDT RPLUSDT RSRUSDT RUNEUSDT RVNUSDT SAGAUSDT SANDUSDT SEIUSDT SFPUSDT SKLUSDT SNXUSDT SOLUSDT SPELLUSDT SSVUSDT STEEMUSDT STGUSDT STMXUSDT STORJUSDT STRKUSDT STXUSDT SUIUSDT SUNUSDT SUPERUSDT SUSHIUSDT SXPUSDT SYNUSDT SYSUSDT TAOUSDT THETAUSDT TIAUSDT TLMUSDT TNSRUSDT TOKENUSDT TONUSDT TRBUSDT TRUUSDT TRXUSDT TURBOUSDT TUSDT TWTUSDT UMAUSDT UNIUSDT USTCUSDT UXLINKUSDT VANRYUSDT VETUSDT VIDTUSDT VOXELUSDT WAXPUSDT WIFUSDT WLDUSDT WOOUSDT WUSDT XAIUSDT XEMUSDT XLMUSDT XMRUSDT XRPUSDT XTZUSDT XVGUSDT XVSUSDT YFIUSDT YGGUSDT ZECUSDT ZENUSDT ZETAUSDT ZILUSDT ZKUSDT ZROUSDT ZRXUSDT
2024-11-30,291,291,20,BTCUSDT ETHUSDT SOLUSDT NEIROUSDT 1000PEPEUSDT SUIUSDT DOGEUSDT WIFUSDT APEUSDT WLDUSDT XRPUSDT NEIROETHUSDT REEFUSDT APTUSDT TURBOUSDT POPCATUSDT BOMEUSDT BNBUSDT TIAUSDT 1MBABYDOGEUSDT,1000BONKUSDT 1000FLOKIUSDT 1000LUNCUSDT 1000PEPEUSDT 1000RATSUSDT 1000SATSUSDT 1000SHIBUSDT 1000XECUSDT 1INCHUSDT 1MBABYDOGEUSDT AAVEUSDT ACEUSDT ACHUSDT ADAUSDT AERGOUSDT AEVOUSDT AGLDUSDT AIUSDT ALGOUSDT ALICEUSDT ALPACAUSDT ALPHAUSDT ALTUSDT AMBUSDT ANKRUSDT APEUSDT API3USDT APTUSDT ARBUSDT ARKMUSDT ARKUSDT ARPAUSDT ARUSDT ASTRUSDT ATAUSDT ATOMUSDT AUCTIONUSDT AVAXUSDT AXLUSDT AXSUSDT BADGERUSDT BAKEUSDT BALUSDT BANANAUSDT BANDUSDT BATUSDT BBUSDT BCHUSDT BEAMXUSDT BELUSDT BICOUSDT BIGTIMEUSDT BLURUSDT BLZUSDT BNBUSDT BNTUSDT BNXUSDT BOMEUSDT BONDUSDT BRETTUSDT BSVUSDT BSWUSDT BTCUSDT C98USDT CAKEUSDT CATIUSDT CELOUSDT CELRUSDT CFXUSDT CHESSUSDT CHRUSDT CHZUSDT CKBUSDT COMBOUSDT COMPUSDT COSUSDT COTIUSDT CRVUSDT CTSIUSDT CYBERUSDT DARUSDT DASHUSDT DENTUSDT DODOXUSDT DOGEUSDT DOGSUSDT DOTUSDT DUSKUSDT DYDXUSDT DYMUSDT EDUUSDT EGLDUSDT EIGENUSDT ENAUSDT ENJUSDT ENSUSDT EOSUSDT ETCUSDT ETHFIUSDT ETHUSDT ETHWUSDT FETUSDT FIDAUSDT FILUSDT FIOUSDT FLMUSDT FLOWUSDT FLUXUSDT FTMUSDT FXSUSDT GALAUSDT GASUSDT GHSTUSDT GLMUSDT GMTUSDT GMXUSDT GRTUSDT GTCUSDT GUSDT HBARUSDT HFTUSDT HIFIUSDT HIGHUSDT HMSTRUSDT HOOKUSDT HOTUSDT ICPUSDT ICXUSDT IDUSDT ILVUSDT IMXUSDT INJUSDT IOSTUSDT IOTAUSDT IOTXUSDT IOUSDT JASMYUSDT JOEUSDT JTOUSDT JUPUSDT KASUSDT KAVAUSDT KDAUSDT KEYUSDT KNCUSDT KSMUSDT LDOUSDT LEVERUSDT LINAUSDT LINKUSDT LISTAUSDT LITUSDT LOKAUSDT LOOMUSDT LPTUSDT LQTYUSDT LRCUSDT LSKUSDT LTCUSDT LUNA2USDT MAGICUSDT MANAUSDT MANTAUSDT MASKUSDT MAVIAUSDT MAVUSDT MBOXUSDT MEMEUSDT METISUSDT MEWUSDT MINAUSDT MKRUSDT MOVRUSDT MTLUSDT MYROUSDT NEARUSDT NEIROETHUSDT NEIROUSDT NEOUSDT NFPUSDT NKNUSDT NMRUSDT NOTUSDT NTRNUSDT NULSUSDT OGNUSDT OMGUSDT OMNIUSDT OMUSDT ONDOUSDT ONEUSDT ONGUSDT ONTUSDT OPUSDT ORBSUSDT ORDIUSDT OXTUSDT PENDLEUSDT PEOPLEUSDT PERPUSDT PHBUSDT PIXELUSDT POLUSDT POLYXUSDT POPCATUSDT PORTALUSDT POWRUSDT PYTHUSDT QNTUSDT QTUMUSDT QUICKUSDT RAREUSDT RDNTUSDT REEFUSDT REIUSDT RENDERUSDT RENUSDT REZUSDT RIFUSDT RLCUSDT RONINUSDT ROSEUSDT RPLUSDT RSRUSDT RUNEUSDT RVNUSDT SAGAUSDT SANDUSDT SEIUSDT SFPUSDT SKLUSDT SNXUSDT SOLUSDT SPELLUSDT SSVUSDT STEEMUSDT STGUSDT STMXUSDT STORJUSDT STRKUSDT STXUSDT SUIUSDT SUNUSDT SUPERUSDT SUSHIUSDT SXPUSDT SYNUSDT SYSUSDT TAOUSDT THETAUSDT TIAUSDT TLMUSDT TNSRUSDT TOKENUSDT TONUSDT TRBUSDT TRUUSDT TRXUSDT TURBOUSDT TUSDT TWTUSDT UMAUSDT UNIUSDT USTCUSDT UXLINKUSDT VANRYUSDT VETUSDT VIDTUSDT VOXELUSDT WAXPUSDT WIFUSDT WLDUSDT WOOUSDT WUSDT XAIUSDT XEMUSDT XLMUSDT XMRUSDT XRPUSDT XTZUSDT XVGUSDT XVSUSDT YFIUSDT YGGUSDT ZECUSDT ZENUSDT ZETAUSDT ZILUSDT ZKUSDT ZROUSDT ZRXUSDT
2024-12-07,299,299,20,BTCUSDT ETHUSDT DOGEUSDT SOLUSDT XRPUSDT 1000PEPEUSDT SUIUSDT NEIROUSDT ADAUSDT WIFUSDT XLMUSDT BNBUSDT 1000SHIBUSDT MOODENGUSDT 1000BONKUSDT WLDUSDT GOATUSDT TIAUSDT AVAXUSDT SANDUSDT,1000BONKUSDT 1000CATUSDT 1000FLOKIUSDT 1000LUNCUSDT 1000PEPEUSDT 1000RATSUSDT 1000SATSUSDT 1000SHIBUSDT 1000XECUSDT 1INCHUSDT 1MBABYDOGEUSDT AAVEUSDT ACEUSDT ACHUSDT ADAUSDT AERGOUSDT AEVOUSDT AGLDUSDT AIUSDT ALGOUSDT ALICEUSDT ALPACAUSDT ALPHAUSDT ALTUSDT AMBUSDT ANKRUSDT APEUSDT API3USDT APTUSDT ARBUSDT ARKMUSDT ARKUSDT ARPAUSDT ARUSDT ASTRUSDT ATAUSDT ATOMUSDT AUCTIONUSDT AVAXUSDT AXLUSDT AXSUSDT BADGERUSDT BAKEUSDT BALUSDT BANANAUSDT BANDUSDT BATUSDT BBUSDT BCHUSDT BEAMXUSDT BELUSDT BICOUSDT BIGTIMEUSDT BLURUSDT BLZUSDT BNBUSDT BNTUSDT BNXUSDT BOMEUSDT BONDUSDT BRETTUSDT BSVUSDT BSWUSDT BTCUSDT C98USDT CAKEUSDT CATIUSDT CELOUSDT CELRUSDT CFXUSDT CHESSUSDT CHRUSDT CHZUSDT CKBUSDT COMBOUSDT COMPUSDT COSUSDT COTIUSDT CRVUSDT CTSIUSDT CYBERUSDT DARUSDT DASHUSDT DENTUSDT DIAUSDT DODOXUSDT DOGEUSDT DOGSUSDT DOTUSDT DUSKUSDT DYDXUSDT DYMUSDT EDUUSDT EGLDUSDT EIGENUSDT ENAUSDT ENJUSDT ENSUSDT EOSUSDT ETCUSDT ETHFIUSDT ETHUSDT ETHWUSDT FETUSDT FIDAUSDT FILUSDT FIOUSDT FLMUSDT FLOWUSDT FLUXUSDT FTMUSDT FXSUSDT GALAUSDT GASUSDT GHSTUSDT GLMUSDT GMTUSDT GMXUSDT GOATUSDT GRTUSDT GTCUSDT GUSDT HBARUSDT HFTUSDT HIFIUSDT HIGHUSDT HMSTRUSDT HOOKUSDT HOTUSDT ICPUSDT ICXUSDT IDUSDT ILVUSDT IMXUSDT INJUSDT IOSTUSDT IOTAUSDT IOTXUSDT IOUSDT JASMYUSDT JOEUSDT JTOUSDT JUPUSDT KASUSDT KAVAUSDT KDAUSDT KEYUSDT KNCUSDT KSMUSDT LDOUSDT LEVERUSDT LINAUSDT LINKUSDT LISTAUSDT LITUSDT LOKAUSDT LOOMUSDT LPTUSDT LQTYUSDT LRCUSDT LSKUSDT LTCUSDT LUNA2USDT MAGICUSDT MANAUSDT MANTAUSDT MASKUSDT MAVIAUSDT MAVUSDT MBOXUSDT MEMEUSDT METISUSDT MEWUSDT MINAUSDT MKRUSDT MOODENGUSDT MOVRUSDT MTLUSDT MYROUSDT NEARUSDT NEIROETHUSDT NEIROUSDT NEOUSDT NFPUSDT NKNUSDT NMRUSDT NOTUSDT NTRNUSDT NULSUSDT OGNUSDT OMGUSDT OMNIUSDT OMUSDT ONDOUSDT ONEUSDT ONGUSDT ONTUSDT OPUSDT ORBSUSDT ORDIUSDT OXTUSDT PENDLEUSDT PEOPLEUSDT PERPUSDT PHBUSDT PIXELUSDT POLUSDT POLYXUSDT POPCATUSDT PORTALUSDT POWRUSDT PYTHUSDT QNTUSDT QTUMUSDT QUICKUSDT RAREUSDT RDNTUSDT REEFUSDT REIUSDT RENDERUSDT RENUSDT REZUSDT RIFUSDT RLCUSDT RONINUSDT ROSEUSDT RPLUSDT RSRUSDT RUNEUSDT RVNUSDT SAFEUSDT SAGAUSDT SANDUSDT SANTOSUSDT SCRUSDT SEIUSDT SFPUSDT SKLUSDT SNXUSDT SOLUSDT SPELLUSDT SSVUSDT STEEMUSDT STGUSDT STMXUSDT STORJUSDT STRKUSDT STXUSDT SUIUSDT SUNUSDT SUPERUSDT SUSHIUSDT SXPUSDT SYNUSDT SYSUSDT TAOUSDT THETAUSDT TIAUSDT TLMUSDT TNSRUSDT TOKENUSDT TONUSDT TRBUSDT TROYUSDT TRUUSDT TRXUSDT TURBOUSDT TUSDT TWTUSDT UMAUSDT UNIUSDT USTCUSDT UXLINKUSDT VANRYUSDT VETUSDT VIDTUSDT VOXELUSDT WAXPUSDT WIFUSDT WLDUSDT WOOUSDT WUSDT XAIUSDT XEMUSDT XLMUSDT XMRUSDT XRPUSDT XTZUSDT XVGUSDT XVSUSDT YFIUSDT YGGUSDT ZECUSDT ZENUSDT ZETAUSDT ZILUSDT ZKUSDT ZROUSDT ZRXUSDT
2024-12-14,299,299,20,BTCUSDT ETHUSDT DOGEUSDT SOLUSDT XRPUSDT 1000PEPEUSDT SUIUSDT NEIROUSDT ADAUSDT WIFUSDT XLMUSDT BNBUSDT 1000SHIBUSDT MOODENGUSDT 1000BONKUSDT WLDUSDT GOATUSDT TIAUSDT AVAXUSDT SANDUSDT,1000BONKUSDT 1000CATUSDT 1000FLOKIUSDT 1000LUNCUSDT 1000PEPEUSDT 1000RATSUSDT 1000SATSUSDT 1000SHIBUSDT 1000XECUSDT 1INCHUSDT 1MBABYDOGEUSDT AAVEUSDT ACEUSDT ACHUSDT ADAUSDT AERGOUSDT AEVOUSDT AGLDUSDT AIUSDT ALGOUSDT ALICEUSDT ALPACAUSDT ALPHAUSDT ALTUSDT AMBUSDT ANKRUSDT APEUSDT API3USDT APTUSDT ARBUSDT ARKMUSDT ARKUSDT ARPAUSDT ARUSDT ASTRUSDT ATAUSDT ATOMUSDT AUCTIONUSDT AVAXUSDT AXLUSDT AXSUSDT BADGERUSDT BAKEUSDT BALUSDT BANANAUSDT BANDUSDT BATUSDT BBUSDT BCHUSDT BEAMXUSDT BELUSDT BICOUSDT BIGTIMEUSDT BLURUSDT BLZUSDT BNBUSDT BNTUSDT BNXUSDT BOMEUSDT BONDUSDT BRETTUSDT BSVUSDT BSWUSDT BTCUSDT C98USDT CAKEUSDT CATIUSDT CELOUSDT CELRUSDT CFXUSDT CHESSUSDT CHRUSDT CHZUSDT CKBUSDT COMBOUSDT COMPUSDT COSUSDT COTIUSDT CRVUSDT CTSIUSDT CYBERUSDT DARUSDT DASHUSDT DENTUSDT DIAUSDT DODOXUSDT DOGEUSDT DOGSUSDT DOTUSDT DUSKUSDT DYDXUSDT DYMUSDT EDUUSDT EGLDUSDT EIGENUSDT ENAUSDT ENJUSDT ENSUSDT EOSUSDT ETCUSDT ETHFIUSDT ETHUSDT ETHWUSDT FETUSDT FIDAUSDT FILUSDT FIOUSDT FLMUSDT FLOWUSDT FLUXUSDT FTMUSDT FXSUSDT GALAUSDT GASUSDT GHSTUSDT GLMUSDT GMTUSDT GMXUSDT GOATUSDT GRTUSDT GTCUSDT GUSDT HBARUSDT HFTUSDT HIFIUSDT HIGHUSDT HMSTRUSDT HOOKUSDT HOTUSDT ICPUSDT ICXUSDT IDUSDT ILVUSDT IMXUSDT INJUSDT IOSTUSDT IOTAUSDT IOTXUSDT IOUSDT JASMYUSDT JOEUSDT JTOUSDT JUPUSDT KASUSDT KAVAUSDT KDAUSDT KEYUSDT KNCUSDT KSMUSDT LDOUSDT LEVERUSDT LINAUSDT LINKUSDT LISTAUSDT LITUSDT LOKAUSDT LOOMUSDT LPTUSDT LQTYUSDT LRCUSDT LSKUSDT LTCUSDT LUNA2USDT MAGICUSDT MANAUSDT MANTAUSDT MASKUSDT MAVIAUSDT MAVUSDT MBOXUSDT MEMEUSDT METISUSDT MEWUSDT MINAUSDT MKRUSDT MOODENGUSDT MOVRUSDT MTLUSDT MYROUSDT NEARUSDT NEIROETHUSDT NEIROUSDT NEOUSDT NFPUSDT NKNUSDT NMRUSDT NOTUSDT NTRNUSDT NULSUSDT OGNUSDT OMGUSDT OMNIUSDT OMUSDT ONDOUSDT ONEUSDT ONGUSDT ONTUSDT OPUSDT ORBSUSDT ORDIUSDT OXTUSDT PENDLEUSDT PEOPLEUSDT PERPUSDT PHBUSDT PIXELUSDT POLUSDT POLYXUSDT POPCATUSDT PORTALUSDT POWRUSDT PYTHUSDT QNTUSDT QTUMUSDT QUICKUSDT RAREUSDT RDNTUSDT REEFUSDT REIUSDT RENDERUSDT RENUSDT REZUSDT RIFUSDT RLCUSDT RONINUSDT ROSEUSDT RPLUSDT RSRUSDT RUNEUSDT RVNUSDT SAFEUSDT SAGAUSDT SANDUSDT SANTOSUSDT SCRUSDT SEIUSDT SFPUSDT SKLUSDT SNXUSDT SOLUSDT SPELLUSDT SSVUSDT STEEMUSDT STGUSDT STMXUSDT STORJUSDT STRKUSDT STXUSDT SUIUSDT SUNUSDT SUPERUSDT SUSHIUSDT SXPUSDT SYNUSDT SYSUSDT TAOUSDT THETAUSDT TIAUSDT TLMUSDT TNSRUSDT TOKENUSDT TONUSDT TRBUSDT TROYUSDT TRUUSDT TRXUSDT TURBOUSDT TUSDT TWTUSDT UMAUSDT UNIUSDT USTCUSDT UXLINKUSDT VANRYUSDT VETUSDT VIDTUSDT VOXELUSDT WAXPUSDT WIFUSDT WLDUSDT WOOUSDT WUSDT XAIUSDT XEMUSDT XLMUSDT XMRUSDT XRPUSDT XTZUSDT XVGUSDT XVSUSDT YFIUSDT YGGUSDT ZECUSDT ZENUSDT ZETAUSDT ZILUSDT ZKUSDT ZROUSDT ZRXUSDT
2024-12-21,299,299,20,BTCUSDT ETHUSDT DOGEUSDT SOLUSDT XRPUSDT 1000PEPEUSDT SUIUSDT NEIROUSDT ADAUSDT WIFUSDT XLMUSDT BNBUSDT 1000SHIBUSDT MOODENGUSDT 1000BONKUSDT WLDUSDT GOATUSDT TIAUSDT AVAXUSDT SANDUSDT,1000BONKUSDT 1000CATUSDT 1000FLOKIUSDT 1000LUNCUSDT 1000PEPEUSDT 1000RATSUSDT 1000SATSUSDT 1000SHIBUSDT 1000XECUSDT 1INCHUSDT 1MBABYDOGEUSDT AAVEUSDT ACEUSDT ACHUSDT ADAUSDT AERGOUSDT AEVOUSDT AGLDUSDT AIUSDT ALGOUSDT ALICEUSDT ALPACAUSDT ALPHAUSDT ALTUSDT AMBUSDT ANKRUSDT APEUSDT API3USDT APTUSDT ARBUSDT ARKMUSDT ARKUSDT ARPAUSDT ARUSDT ASTRUSDT ATAUSDT ATOMUSDT AUCTIONUSDT AVAXUSDT AXLUSDT AXSUSDT BADGERUSDT BAKEUSDT BALUSDT BANANAUSDT BANDUSDT BATUSDT BBUSDT BCHUSDT BEAMXUSDT BELUSDT BICOUSDT BIGTIMEUSDT BLURUSDT BLZUSDT BNBUSDT BNTUSDT BNXUSDT BOMEUSDT BONDUSDT BRETTUSDT BSVUSDT BSWUSDT BTCUSDT C98USDT CAKEUSDT CATIUSDT CELOUSDT CELRUSDT CFXUSDT CHESSUSDT CHRUSDT CHZUSDT CKBUSDT COMBOUSDT COMPUSDT COSUSDT COTIUSDT CRVUSDT CTSIUSDT CYBERUSDT DARUSDT DASHUSDT DENTUSDT DIAUSDT DODOXUSDT DOGEUSDT DOGSUSDT DOTUSDT DUSKUSDT DYDXUSDT DYMUSDT EDUUSDT EGLDUSDT EIGENUSDT ENAUSDT ENJUSDT ENSUSDT EOSUSDT ETCUSDT ETHFIUSDT ETHUSDT ETHWUSDT FETUSDT FIDAUSDT FILUSDT FIOUSDT FLMUSDT FLOWUSDT FLUXUSDT FTMUSDT FXSUSDT GALAUSDT GASUSDT GHSTUSDT GLMUSDT GMTUSDT GMXUSDT GOATUSDT GRTUSDT GTCUSDT GUSDT HBARUSDT HFTUSDT HIFIUSDT HIGHUSDT HMSTRUSDT HOOKUSDT HOTUSDT ICPUSDT ICXUSDT IDUSDT ILVUSDT IMXUSDT INJUSDT IOSTUSDT IOTAUSDT IOTXUSDT IOUSDT JASMYUSDT JOEUSDT JTOUSDT JUPUSDT KASUSDT KAVAUSDT KDAUSDT KEYUSDT KNCUSDT KSMUSDT LDOUSDT LEVERUSDT LINAUSDT LINKUSDT LISTAUSDT LITUSDT LOKAUSDT LOOMUSDT LPTUSDT LQTYUSDT LRCUSDT LSKUSDT LTCUSDT LUNA2USDT MAGICUSDT MANAUSDT MANTAUSDT MASKUSDT MAVIAUSDT MAVUSDT MBOXUSDT MEMEUSDT METISUSDT MEWUSDT MINAUSDT MKRUSDT MOODENGUSDT MOVRUSDT MTLUSDT MYROUSDT NEARUSDT NEIROETHUSDT NEIROUSDT NEOUSDT NFPUSDT NKNUSDT NMRUSDT NOTUSDT NTRNUSDT NULSUSDT OGNUSDT OMGUSDT OMNIUSDT OMUSDT ONDOUSDT ONEUSDT ONGUSDT ONTUSDT OPUSDT ORBSUSDT ORDIUSDT OXTUSDT PENDLEUSDT PEOPLEUSDT PERPUSDT PHBUSDT PIXELUSDT POLUSDT POLYXUSDT POPCATUSDT PORTALUSDT POWRUSDT PYTHUSDT QNTUSDT QTUMUSDT QUICKUSDT RAREUSDT RDNTUSDT REEFUSDT REIUSDT RENDERUSDT RENUSDT REZUSDT RIFUSDT RLCUSDT RONINUSDT ROSEUSDT RPLUSDT RSRUSDT RUNEUSDT RVNUSDT SAFEUSDT SAGAUSDT SANDUSDT SANTOSUSDT SCRUSDT SEIUSDT SFPUSDT SKLUSDT SNXUSDT SOLUSDT SPELLUSDT SSVUSDT STEEMUSDT STGUSDT STMXUSDT STORJUSDT STRKUSDT STXUSDT SUIUSDT SUNUSDT SUPERUSDT SUSHIUSDT SXPUSDT SYNUSDT SYSUSDT TAOUSDT THETAUSDT TIAUSDT TLMUSDT TNSRUSDT TOKENUSDT TONUSDT TRBUSDT TROYUSDT TRUUSDT TRXUSDT TURBOUSDT TUSDT TWTUSDT UMAUSDT UNIUSDT USTCUSDT UXLINKUSDT VANRYUSDT VETUSDT VIDTUSDT VOXELUSDT WAXPUSDT WIFUSDT WLDUSDT WOOUSDT WUSDT XAIUSDT XEMUSDT XLMUSDT XMRUSDT XRPUSDT XTZUSDT XVGUSDT XVSUSDT YFIUSDT YGGUSDT ZECUSDT ZENUSDT ZETAUSDT ZILUSDT ZKUSDT ZROUSDT ZRXUSDT
2024-12-28,299,299,20,BTCUSDT ETHUSDT DOGEUSDT SOLUSDT XRPUSDT 1000PEPEUSDT SUIUSDT NEIROUSDT ADAUSDT WIFUSDT XLMUSDT BNBUSDT 1000SHIBUSDT MOODENGUSDT 1000BONKUSDT WLDUSDT GOATUSDT TIAUSDT AVAXUSDT SANDUSDT,1000BONKUSDT 1000CATUSDT 1000FLOKIUSDT 1000LUNCUSDT 1000PEPEUSDT 1000RATSUSDT 1000SATSUSDT 1000SHIBUSDT 1000XECUSDT 1INCHUSDT 1MBABYDOGEUSDT AAVEUSDT ACEUSDT ACHUSDT ADAUSDT AERGOUSDT AEVOUSDT AGLDUSDT AIUSDT ALGOUSDT ALICEUSDT ALPACAUSDT ALPHAUSDT ALTUSDT AMBUSDT ANKRUSDT APEUSDT API3USDT APTUSDT ARBUSDT ARKMUSDT ARKUSDT ARPAUSDT ARUSDT ASTRUSDT ATAUSDT ATOMUSDT AUCTIONUSDT AVAXUSDT AXLUSDT AXSUSDT BADGERUSDT BAKEUSDT BALUSDT BANANAUSDT BANDUSDT BATUSDT BBUSDT BCHUSDT BEAMXUSDT BELUSDT BICOUSDT BIGTIMEUSDT BLURUSDT BLZUSDT BNBUSDT BNTUSDT BNXUSDT BOMEUSDT BONDUSDT BRETTUSDT BSVUSDT BSWUSDT BTCUSDT C98USDT CAKEUSDT CATIUSDT CELOUSDT CELRUSDT CFXUSDT CHESSUSDT CHRUSDT CHZUSDT CKBUSDT COMBOUSDT COMPUSDT COSUSDT COTIUSDT CRVUSDT CTSIUSDT CYBERUSDT DARUSDT DASHUSDT DENTUSDT DIAUSDT DODOXUSDT DOGEUSDT DOGSUSDT DOTUSDT DUSKUSDT DYDXUSDT DYMUSDT EDUUSDT EGLDUSDT EIGENUSDT ENAUSDT ENJUSDT ENSUSDT EOSUSDT ETCUSDT ETHFIUSDT ETHUSDT ETHWUSDT FETUSDT FIDAUSDT FILUSDT FIOUSDT FLMUSDT FLOWUSDT FLUXUSDT FTMUSDT FXSUSDT GALAUSDT GASUSDT GHSTUSDT GLMUSDT GMTUSDT GMXUSDT GOATUSDT GRTUSDT GTCUSDT GUSDT HBARUSDT HFTUSDT HIFIUSDT HIGHUSDT HMSTRUSDT HOOKUSDT HOTUSDT ICPUSDT ICXUSDT IDUSDT ILVUSDT IMXUSDT INJUSDT IOSTUSDT IOTAUSDT IOTXUSDT IOUSDT JASMYUSDT JOEUSDT JTOUSDT JUPUSDT KASUSDT KAVAUSDT KDAUSDT KEYUSDT KNCUSDT KSMUSDT LDOUSDT LEVERUSDT LINAUSDT LINKUSDT LISTAUSDT LITUSDT LOKAUSDT LOOMUSDT LPTUSDT LQTYUSDT LRCUSDT LSKUSDT LTCUSDT LUNA2USDT MAGICUSDT MANAUSDT MANTAUSDT MASKUSDT MAVIAUSDT MAVUSDT MBOXUSDT MEMEUSDT METISUSDT MEWUSDT MINAUSDT MKRUSDT MOODENGUSDT MOVRUSDT MTLUSDT MYROUSDT NEARUSDT NEIROETHUSDT NEIROUSDT NEOUSDT NFPUSDT NKNUSDT NMRUSDT NOTUSDT NTRNUSDT NULSUSDT OGNUSDT OMGUSDT OMNIUSDT OMUSDT ONDOUSDT ONEUSDT ONGUSDT ONTUSDT OPUSDT ORBSUSDT ORDIUSDT OXTUSDT PENDLEUSDT PEOPLEUSDT PERPUSDT PHBUSDT PIXELUSDT POLUSDT POLYXUSDT POPCATUSDT PORTALUSDT POWRUSDT PYTHUSDT QNTUSDT QTUMUSDT QUICKUSDT RAREUSDT RDNTUSDT REEFUSDT REIUSDT RENDERUSDT RENUSDT REZUSDT RIFUSDT RLCUSDT RONINUSDT ROSEUSDT RPLUSDT RSRUSDT RUNEUSDT RVNUSDT SAFEUSDT SAGAUSDT SANDUSDT SANTOSUSDT SCRUSDT SEIUSDT SFPUSDT SKLUSDT SNXUSDT SOLUSDT SPELLUSDT SSVUSDT STEEMUSDT STGUSDT STMXUSDT STORJUSDT STRKUSDT STXUSDT SUIUSDT SUNUSDT SUPERUSDT SUSHIUSDT SXPUSDT SYNUSDT SYSUSDT TAOUSDT THETAUSDT TIAUSDT TLMUSDT TNSRUSDT TOKENUSDT TONUSDT TRBUSDT TROYUSDT TRUUSDT TRXUSDT TURBOUSDT TUSDT TWTUSDT UMAUSDT UNIUSDT USTCUSDT UXLINKUSDT VANRYUSDT VETUSDT VIDTUSDT VOXELUSDT WAXPUSDT WIFUSDT WLDUSDT WOOUSDT WUSDT XAIUSDT XEMUSDT XLMUSDT XMRUSDT XRPUSDT XTZUSDT XVGUSDT XVSUSDT YFIUSDT YGGUSDT ZECUSDT ZENUSDT ZETAUSDT ZILUSDT ZKUSDT ZROUSDT ZRXUSDT
2025-01-04,311,311,20,BTCUSDT ETHUSDT XRPUSDT DOGEUSDT SOLUSDT 1000PEPEUSDT SUIUSDT BNBUSDT ADAUSDT LINKUSDT HBARUSDT PNUTUSDT WIFUSDT ENAUSDT 1000SHIBUSDT UXLINKUSDT NEIROUSDT AVAXUSDT LTCUSDT WLDUSDT,1000000MOGUSDT 1000BONKUSDT 1000CATUSDT 1000CHEEMSUSDT 1000FLOKIUSDT 1000LUNCUSDT 1000PEPEUSDT 1000RATSUSDT 1000SATSUSDT 1000SHIBUSDT 1000WHYUSDT 1000XECUSDT 1000XUSDT 1INCHUSDT 1MBABYDOGEUSDT AAVEUSDT ACEUSDT ACHUSDT ACTUSDT ADAUSDT AERGOUSDT AEVOUSDT AGLDUSDT AIUSDT AKTUSDT ALGOUSDT ALICEUSDT ALPACAUSDT ALPHAUSDT ALTUSDT AMBUSDT ANKRUSDT APEUSDT API3USDT APTUSDT ARBUSDT ARKMUSDT ARKUSDT ARPAUSDT ARUSDT ASTRUSDT ATAUSDT ATOMUSDT AUCTIONUSDT AVAXUSDT AXLUSDT AXSUSDT BADGERUSDT BAKEUSDT BALUSDT BANANAUSDT BANDUSDT BANUSDT BATUSDT BBUSDT BCHUSDT BEAMXUSDT BELUSDT BICOUSDT BIGTIMEUSDT BLURUSDT BNBUSDT BNTUSDT BNXUSDT BOMEUSDT BRETTUSDT BSVUSDT BSWUSDT BTCUSDT C98USDT CAKEUSDT CATIUSDT CELOUSDT CELRUSDT CETUSUSDT CFXUSDT CHESSUSDT CHILLGUYUSDT CHRUSDT CHZUSDT CKBUSDT COMBOUSDT COMPUSDT COSUSDT COTIUSDT COWUSDT CRVUSDT CTSIUSDT CYBERUSDT DASHUSDT DEGENUSDT DENTUSDT DIAUSDT DODOXUSDT DOGEUSDT DOGSUSDT DOTUSDT DRIFTUSDT DUSKUSDT DYDXUSDT DYMUSDT EDUUSDT EGLDUSDT EIGENUSDT ENAUSDT ENJUSDT ENSUSDT EOSUSDT ETCUSDT ETHFIUSDT ETHUSDT ETHWUSDT FETUSDT FIDAUSDT FILUSDT FIOUSDT FLMUSDT FLOWUSDT FLUXUSDT FTMUSDT FXSUSDT GALAUSDT GASUSDT GHSTUSDT GLMUSDT GMTUSDT GMXUSDT GOATUSDT GRASSUSDT GRTUSDT GTCUSDT GUSDT HBARUSDT HFTUSDT HIFIUSDT HIGHUSDT HIPPOUSDT HMSTRUSDT HOOKUSDT HOTUSDT ICPUSDT ICXUSDT IDUSDT ILVUSDT IMXUSDT INJUSDT IOSTUSDT IOTAUSDT IOTXUSDT IOUSDT JASMYUSDT JOEUSDT JTOUSDT JUPUSDT KASUSDT KAVAUSDT KDAUSDT KNCUSDT KSMUSDT LDOUSDT LEVERUSDT LINAUSDT LINKUSDT LISTAUSDT LITUSDT LOKAUSDT LPTUSDT LQTYUSDT LRCUSDT LSKUSDT LTCUSDT LUNA2USDT MAGICUSDT MANAUSDT MANTAUSDT MASKUSDT MAVUSDT MBOXUSDT MEMEUSDT METISUSDT MEWUSDT MINAUSDT MKRUSDT MOODENGUSDT MORPHOUSDT MOVRUSDT MTLUSDT MYROUSDT NEARUSDT NEIROETHUSDT NEIROUSDT NEOUSDT NFPUSDT NKNUSDT NMRUSDT NOTUSDT NTRNUSDT NULSUSDT OGNUSDT OMGUSDT OMNIUSDT OMUSDT ONDOUSDT ONEUSDT ONGUSDT ONTUSDT OPUSDT ORDIUSDT OXTUSDT PENDLEUSDT PEOPLEUSDT PERPUSDT PHBUSDT PIXELUSDT PNUTUSDT POLUSDT POLYXUSDT PONKEUSDT POPCATUSDT PORTALUSDT POWRUSDT PYTHUSDT QNTUSDT QTUMUSDT QUICKUSDT RAREUSDT RDNTUSDT REEFUSDT REIUSDT RENDERUSDT REZUSDT RIFUSDT RLCUSDT RONINUSDT ROSEUSDT RPLUSDT RSRUSDT RUNEUSDT RVNUSDT SAFEUSDT SAGAUSDT SANDUSDT SANTOSUSDT SCRTUSDT SCRUSDT SEIUSDT SFPUSDT SKLUSDT SLERFUSDT SNXUSDT SOLUSDT SPELLUSDT SSVUSDT STEEMUSDT STGUSDT STMXUSDT STORJUSDT STRKUSDT STXUSDT SUIUSDT SUNUSDT SUPERUSDT SUSHIUSDT SWELLUSDT SXPUSDT SYNUSDT SYSUSDT TAOUSDT THETAUSDT THEUSDT TIAUSDT TLMUSDT TNSRUSDT TOKENUSDT TONUSDT TRBUSDT TROYUSDT TRUUSDT TRXUSDT TURBOUSDT TUSDT TWTUSDT UMAUSDT UNIUSDT USTCUSDT UXLINKUSDT VANRYUSDT VETUSDT VIDTUSDT VOXELUSDT WAXPUSDT WIFUSDT WLDUSDT WOOUSDT WUSDT XAIUSDT XLMUSDT XMRUSDT XRPUSDT XTZUSDT XVGUSDT XVSUSDT YFIUSDT YGGUSDT ZECUSDT ZENUSDT ZETAUSDT ZILUSDT ZKUSDT ZROUSDT ZRXUSDT
2025-01-11,311,311,20,BTCUSDT ETHUSDT XRPUSDT DOGEUSDT SOLUSDT 1000PEPEUSDT SUIUSDT BNBUSDT ADAUSDT LINKUSDT HBARUSDT PNUTUSDT WIFUSDT ENAUSDT 1000SHIBUSDT UXLINKUSDT NEIROUSDT AVAXUSDT LTCUSDT WLDUSDT,1000000MOGUSDT 1000BONKUSDT 1000CATUSDT 1000CHEEMSUSDT 1000FLOKIUSDT 1000LUNCUSDT 1000PEPEUSDT 1000RATSUSDT 1000SATSUSDT 1000SHIBUSDT 1000WHYUSDT 1000XECUSDT 1000XUSDT 1INCHUSDT 1MBABYDOGEUSDT AAVEUSDT ACEUSDT ACHUSDT ACTUSDT ADAUSDT AERGOUSDT AEVOUSDT AGLDUSDT AIUSDT AKTUSDT ALGOUSDT ALICEUSDT ALPACAUSDT ALPHAUSDT ALTUSDT AMBUSDT ANKRUSDT APEUSDT API3USDT APTUSDT ARBUSDT ARKMUSDT ARKUSDT ARPAUSDT ARUSDT ASTRUSDT ATAUSDT ATOMUSDT AUCTIONUSDT AVAXUSDT AXLUSDT AXSUSDT BADGERUSDT BAKEUSDT BALUSDT BANANAUSDT BANDUSDT BANUSDT BATUSDT BBUSDT BCHUSDT BEAMXUSDT BELUSDT BICOUSDT BIGTIMEUSDT BLURUSDT BNBUSDT BNTUSDT BNXUSDT BOMEUSDT BRETTUSDT BSVUSDT BSWUSDT BTCUSDT C98USDT CAKEUSDT CATIUSDT CELOUSDT CELRUSDT CETUSUSDT CFXUSDT CHESSUSDT CHILLGUYUSDT CHRUSDT CHZUSDT CKBUSDT COMBOUSDT COMPUSDT COSUSDT COTIUSDT COWUSDT CRVUSDT CTSIUSDT CYBERUSDT DASHUSDT DEGENUSDT DENTUSDT DIAUSDT DODOXUSDT DOGEUSDT DOGSUSDT DOTUSDT DRIFTUSDT DUSKUSDT DYDXUSDT DYMUSDT EDUUSDT EGLDUSDT EIGENUSDT ENAUSDT ENJUSDT ENSUSDT EOSUSDT ETCUSDT ETHFIUSDT ETHUSDT ETHWUSDT FETUSDT FIDAUSDT FILUSDT FIOUSDT FLMUSDT FLOWUSDT FLUXUSDT FTMUSDT FXSUSDT GALAUSDT GASUSDT GHSTUSDT GLMUSDT GMTUSDT GMXUSDT GOATUSDT GRASSUSDT GRTUSDT GTCUSDT GUSDT HBARUSDT HFTUSDT HIFIUSDT HIGHUSDT HIPPOUSDT HMSTRUSDT HOOKUSDT HOTUSDT ICPUSDT ICXUSDT IDUSDT ILVUSDT IMXUSDT INJUSDT IOSTUSDT IOTAUSDT IOTXUSDT IOUSDT JASMYUSDT JOEUSDT JTOUSDT JUPUSDT KASUSDT KAVAUSDT KDAUSDT KNCUSDT KSMUSDT LDOUSDT LEVERUSDT LINAUSDT LINKUSDT LISTAUSDT LITUSDT LOKAUSDT LPTUSDT LQTYUSDT LRCUSDT LSKUSDT LTCUSDT LUNA2USDT MAGICUSDT MANAUSDT MANTAUSDT MASKUSDT MAVUSDT MBOXUSDT MEMEUSDT METISUSDT MEWUSDT MINAUSDT MKRUSDT MOODENGUSDT MORPHOUSDT MOVRUSDT MTLUSDT MYROUSDT NEARUSDT NEIROETHUSDT NEIROUSDT NEOUSDT NFPUSDT NKNUSDT NMRUSDT NOTUSDT NTRNUSDT NULSUSDT OGNUSDT OMGUSDT OMNIUSDT OMUSDT ONDOUSDT ONEUSDT ONGUSDT ONTUSDT OPUSDT ORDIUSDT OXTUSDT PENDLEUSDT PEOPLEUSDT PERPUSDT PHBUSDT PIXELUSDT PNUTUSDT POLUSDT POLYXUSDT PONKEUSDT POPCATUSDT PORTALUSDT POWRUSDT PYTHUSDT QNTUSDT QTUMUSDT QUICKUSDT RAREUSDT RDNTUSDT REEFUSDT REIUSDT RENDERUSDT REZUSDT RIFUSDT RLCUSDT RONINUSDT ROSEUSDT RPLUSDT RSRUSDT RUNEUSDT RVNUSDT SAFEUSDT SAGAUSDT SANDUSDT SANTOSUSDT SCRTUSDT SCRUSDT SEIUSDT SFPUSDT SKLUSDT SLERFUSDT SNXUSDT SOLUSDT SPELLUSDT SSVUSDT STEEMUSDT STGUSDT STMXUSDT STORJUSDT STRKUSDT STXUSDT SUIUSDT SUNUSDT SUPERUSDT SUSHIUSDT SWELLUSDT SXPUSDT SYNUSDT SYSUSDT TAOUSDT THETAUSDT THEUSDT TIAUSDT TLMUSDT TNSRUSDT TOKENUSDT TONUSDT TRBUSDT TROYUSDT TRUUSDT TRXUSDT TURBOUSDT TUSDT TWTUSDT UMAUSDT UNIUSDT USTCUSDT UXLINKUSDT VANRYUSDT VETUSDT VIDTUSDT VOXELUSDT WAXPUSDT WIFUSDT WLDUSDT WOOUSDT WUSDT XAIUSDT XLMUSDT XMRUSDT XRPUSDT XTZUSDT XVGUSDT XVSUSDT YFIUSDT YGGUSDT ZECUSDT ZENUSDT ZETAUSDT ZILUSDT ZKUSDT ZROUSDT ZRXUSDT
2025-01-18,311,311,20,BTCUSDT ETHUSDT XRPUSDT DOGEUSDT SOLUSDT 1000PEPEUSDT SUIUSDT BNBUSDT ADAUSDT LINKUSDT HBARUSDT PNUTUSDT WIFUSDT ENAUSDT 1000SHIBUSDT UXLINKUSDT NEIROUSDT AVAXUSDT LTCUSDT WLDUSDT,1000000MOGUSDT 1000BONKUSDT 1000CATUSDT 1000CHEEMSUSDT 1000FLOKIUSDT 1000LUNCUSDT 1000PEPEUSDT 1000RATSUSDT 1000SATSUSDT 1000SHIBUSDT 1000WHYUSDT 1000XECUSDT 1000XUSDT 1INCHUSDT 1MBABYDOGEUSDT AAVEUSDT ACEUSDT ACHUSDT ACTUSDT ADAUSDT AERGOUSDT AEVOUSDT AGLDUSDT AIUSDT AKTUSDT ALGOUSDT ALICEUSDT ALPACAUSDT ALPHAUSDT ALTUSDT AMBUSDT ANKRUSDT APEUSDT API3USDT APTUSDT ARBUSDT ARKMUSDT ARKUSDT ARPAUSDT ARUSDT ASTRUSDT ATAUSDT ATOMUSDT AUCTIONUSDT AVAXUSDT AXLUSDT AXSUSDT BADGERUSDT BAKEUSDT BALUSDT BANANAUSDT BANDUSDT BANUSDT BATUSDT BBUSDT BCHUSDT BEAMXUSDT BELUSDT BICOUSDT BIGTIMEUSDT BLURUSDT BNBUSDT BNTUSDT BNXUSDT BOMEUSDT BRETTUSDT BSVUSDT BSWUSDT BTCUSDT C98USDT CAKEUSDT CATIUSDT CELOUSDT CELRUSDT CETUSUSDT CFXUSDT CHESSUSDT CHILLGUYUSDT CHRUSDT CHZUSDT CKBUSDT COMBOUSDT COMPUSDT COSUSDT COTIUSDT COWUSDT CRVUSDT CTSIUSDT CYBERUSDT DASHUSDT DEGENUSDT DENTUSDT DIAUSDT DODOXUSDT DOGEUSDT DOGSUSDT DOTUSDT DRIFTUSDT DUSKUSDT DYDXUSDT DYMUSDT EDUUSDT EGLDUSDT EIGENUSDT ENAUSDT ENJUSDT ENSUSDT EOSUSDT ETCUSDT ETHFIUSDT ETHUSDT ETHWUSDT FETUSDT FIDAUSDT FILUSDT FIOUSDT FLMUSDT FLOWUSDT FLUXUSDT FTMUSDT FXSUSDT GALAUSDT GASUSDT GHSTUSDT GLMUSDT GMTUSDT GMXUSDT GOATUSDT GRASSUSDT GRTUSDT GTCUSDT GUSDT HBARUSDT HFTUSDT HIFIUSDT HIGHUSDT HIPPOUSDT HMSTRUSDT HOOKUSDT HOTUSDT ICPUSDT ICXUSDT IDUSDT ILVUSDT IMXUSDT INJUSDT IOSTUSDT IOTAUSDT IOTXUSDT IOUSDT JASMYUSDT JOEUSDT JTOUSDT JUPUSDT KASUSDT KAVAUSDT KDAUSDT KNCUSDT KSMUSDT LDOUSDT LEVERUSDT LINAUSDT LINKUSDT LISTAUSDT LITUSDT LOKAUSDT LPTUSDT LQTYUSDT LRCUSDT LSKUSDT LTCUSDT LUNA2USDT MAGICUSDT MANAUSDT MANTAUSDT MASKUSDT MAVUSDT MBOXUSDT MEMEUSDT METISUSDT MEWUSDT MINAUSDT MKRUSDT MOODENGUSDT MORPHOUSDT MOVRUSDT MTLUSDT MYROUSDT NEARUSDT NEIROETHUSDT NEIROUSDT NEOUSDT NFPUSDT NKNUSDT NMRUSDT NOTUSDT NTRNUSDT NULSUSDT OGNUSDT OMGUSDT OMNIUSDT OMUSDT ONDOUSDT ONEUSDT ONGUSDT ONTUSDT OPUSDT ORDIUSDT OXTUSDT PENDLEUSDT PEOPLEUSDT PERPUSDT PHBUSDT PIXELUSDT PNUTUSDT POLUSDT POLYXUSDT PONKEUSDT POPCATUSDT PORTALUSDT POWRUSDT PYTHUSDT QNTUSDT QTUMUSDT QUICKUSDT RAREUSDT RDNTUSDT REEFUSDT REIUSDT RENDERUSDT REZUSDT RIFUSDT RLCUSDT RONINUSDT ROSEUSDT RPLUSDT RSRUSDT RUNEUSDT RVNUSDT SAFEUSDT SAGAUSDT SANDUSDT SANTOSUSDT SCRTUSDT SCRUSDT SEIUSDT SFPUSDT SKLUSDT SLERFUSDT SNXUSDT SOLUSDT SPELLUSDT SSVUSDT STEEMUSDT STGUSDT STMXUSDT STORJUSDT STRKUSDT STXUSDT SUIUSDT SUNUSDT SUPERUSDT SUSHIUSDT SWELLUSDT SXPUSDT SYNUSDT SYSUSDT TAOUSDT THETAUSDT THEUSDT TIAUSDT TLMUSDT TNSRUSDT TOKENUSDT TONUSDT TRBUSDT TROYUSDT TRUUSDT TRXUSDT TURBOUSDT TUSDT TWTUSDT UMAUSDT UNIUSDT USTCUSDT UXLINKUSDT VANRYUSDT VETUSDT VIDTUSDT VOXELUSDT WAXPUSDT WIFUSDT WLDUSDT WOOUSDT WUSDT XAIUSDT XLMUSDT XMRUSDT XRPUSDT XTZUSDT XVGUSDT XVSUSDT YFIUSDT YGGUSDT ZECUSDT ZENUSDT ZETAUSDT ZILUSDT ZKUSDT ZROUSDT ZRXUSDT
2025-01-25,311,311,20,BTCUSDT ETHUSDT XRPUSDT DOGEUSDT SOLUSDT 1000PEPEUSDT SUIUSDT BNBUSDT ADAUSDT LINKUSDT HBARUSDT PNUTUSDT WIFUSDT ENAUSDT 1000SHIBUSDT UXLINKUSDT NEIROUSDT AVAXUSDT LTCUSDT WLDUSDT,1000000MOGUSDT 1000BONKUSDT 1000CATUSDT 1000CHEEMSUSDT 1000FLOKIUSDT 1000LUNCUSDT 1000PEPEUSDT 1000RATSUSDT 1000SATSUSDT 1000SHIBUSDT 1000WHYUSDT 1000XECUSDT 1000XUSDT 1INCHUSDT 1MBABYDOGEUSDT AAVEUSDT ACEUSDT ACHUSDT ACTUSDT ADAUSDT AERGOUSDT AEVOUSDT AGLDUSDT AIUSDT AKTUSDT ALGOUSDT ALICEUSDT ALPACAUSDT ALPHAUSDT ALTUSDT AMBUSDT ANKRUSDT APEUSDT API3USDT APTUSDT ARBUSDT ARKMUSDT ARKUSDT ARPAUSDT ARUSDT ASTRUSDT ATAUSDT ATOMUSDT AUCTIONUSDT AVAXUSDT AXLUSDT AXSUSDT BADGERUSDT BAKEUSDT BALUSDT BANANAUSDT BANDUSDT BANUSDT BATUSDT BBUSDT BCHUSDT BEAMXUSDT BELUSDT BICOUSDT BIGTIMEUSDT BLURUSDT BNBUSDT BNTUSDT BNXUSDT BOMEUSDT BRETTUSDT BSVUSDT BSWUSDT BTCUSDT C98USDT CAKEUSDT CATIUSDT CELOUSDT CELRUSDT CETUSUSDT CFXUSDT CHESSUSDT CHILLGUYUSDT CHRUSDT CHZUSDT CKBUSDT COMBOUSDT COMPUSDT COSUSDT COTIUSDT COWUSDT CRVUSDT CTSIUSDT CYBERUSDT DASHUSDT DEGENUSDT DENTUSDT DIAUSDT DODOXUSDT DOGEUSDT DOGSUSDT DOTUSDT DRIFTUSDT DUSKUSDT DYDXUSDT DYMUSDT EDUUSDT EGLDUSDT EIGENUSDT ENAUSDT ENJUSDT ENSUSDT EOSUSDT ETCUSDT ETHFIUSDT ETHUSDT ETHWUSDT FETUSDT FIDAUSDT FILUSDT FIOUSDT FLMUSDT FLOWUSDT FLUXUSDT FTMUSDT FXSUSDT GALAUSDT GASUSDT GHSTUSDT GLMUSDT GMTUSDT GMXUSDT GOATUSDT GRASSUSDT GRTUSDT GTCUSDT GUSDT HBARUSDT HFTUSDT HIFIUSDT HIGHUSDT HIPPOUSDT HMSTRUSDT HOOKUSDT HOTUSDT ICPUSDT ICXUSDT IDUSDT ILVUSDT IMXUSDT INJUSDT IOSTUSDT IOTAUSDT IOTXUSDT IOUSDT JASMYUSDT JOEUSDT JTOUSDT JUPUSDT KASUSDT KAVAUSDT KDAUSDT KNCUSDT KSMUSDT LDOUSDT LEVERUSDT LINAUSDT LINKUSDT LISTAUSDT LITUSDT LOKAUSDT LPTUSDT LQTYUSDT LRCUSDT LSKUSDT LTCUSDT LUNA2USDT MAGICUSDT MANAUSDT MANTAUSDT MASKUSDT MAVUSDT MBOXUSDT MEMEUSDT METISUSDT MEWUSDT MINAUSDT MKRUSDT MOODENGUSDT MORPHOUSDT MOVRUSDT MTLUSDT MYROUSDT NEARUSDT NEIROETHUSDT NEIROUSDT NEOUSDT NFPUSDT NKNUSDT NMRUSDT NOTUSDT NTRNUSDT NULSUSDT OGNUSDT OMGUSDT OMNIUSDT OMUSDT ONDOUSDT ONEUSDT ONGUSDT ONTUSDT OPUSDT ORDIUSDT OXTUSDT PENDLEUSDT PEOPLEUSDT PERPUSDT PHBUSDT PIXELUSDT PNUTUSDT POLUSDT POLYXUSDT PONKEUSDT POPCATUSDT PORTALUSDT POWRUSDT PYTHUSDT QNTUSDT QTUMUSDT QUICKUSDT RAREUSDT RDNTUSDT REEFUSDT REIUSDT RENDERUSDT REZUSDT RIFUSDT RLCUSDT RONINUSDT ROSEUSDT RPLUSDT RSRUSDT RUNEUSDT RVNUSDT SAFEUSDT SAGAUSDT SANDUSDT SANTOSUSDT SCRTUSDT SCRUSDT SEIUSDT SFPUSDT SKLUSDT SLERFUSDT SNXUSDT SOLUSDT SPELLUSDT SSVUSDT STEEMUSDT STGUSDT STMXUSDT STORJUSDT STRKUSDT STXUSDT SUIUSDT SUNUSDT SUPERUSDT SUSHIUSDT SWELLUSDT SXPUSDT SYNUSDT SYSUSDT TAOUSDT THETAUSDT THEUSDT TIAUSDT TLMUSDT TNSRUSDT TOKENUSDT TONUSDT TRBUSDT TROYUSDT TRUUSDT TRXUSDT TURBOUSDT TUSDT TWTUSDT UMAUSDT UNIUSDT USTCUSDT UXLINKUSDT VANRYUSDT VETUSDT VIDTUSDT VOXELUSDT WAXPUSDT WIFUSDT WLDUSDT WOOUSDT WUSDT XAIUSDT XLMUSDT XMRUSDT XRPUSDT XTZUSDT XVGUSDT XVSUSDT YFIUSDT YGGUSDT ZECUSDT ZENUSDT ZETAUSDT ZILUSDT ZKUSDT ZROUSDT ZRXUSDT
2025-02-01,335,335,20,BTCUSDT ETHUSDT SOLUSDT XRPUSDT DOGEUSDT 1000PEPEUSDT SUIUSDT ADAUSDT ENAUSDT FARTCOINUSDT WIFUSDT LINKUSDT PNUTUSDT BNBUSDT LTCUSDT XLMUSDT WLDUSDT HBARUSDT JUPUSDT AIXBTUSDT,1000000MOGUSDT 1000BONKUSDT 1000CATUSDT 1000CHEEMSUSDT 1000FLOKIUSDT 1000LUNCUSDT 1000PEPEUSDT 1000RATSUSDT 1000SATSUSDT 1000SHIBUSDT 1000WHYUSDT 1000XECUSDT 1000XUSDT 1INCHUSDT 1MBABYDOGEUSDT AAVEUSDT ACEUSDT ACHUSDT ACTUSDT ACXUSDT ADAUSDT AERGOUSDT AEROUSDT AEVOUSDT AGLDUSDT AIUSDT AIXBTUSDT AKTUSDT ALGOUSDT ALICEUSDT ALPACAUSDT ALPHAUSDT ALTUSDT AMBUSDT ANKRUSDT APEUSDT API3USDT APTUSDT ARBUSDT ARKMUSDT ARKUSDT ARPAUSDT ARUSDT ASTRUSDT ATAUSDT ATOMUSDT AUCTIONUSDT AVAUSDT AVAXUSDT AXLUSDT AXSUSDT BADGERUSDT BAKEUSDT BALUSDT BANANAUSDT BANDUSDT BANUSDT BATUSDT BBUSDT BCHUSDT BEAMXUSDT BELUSDT BICOUSDT BIGTIMEUSDT BLURUSDT BNBUSDT BNTUSDT BNXUSDT BOMEUSDT BRETTUSDT BSVUSDT BSWUSDT BTCUSDT C98USDT CAKEUSDT CATIUSDT CELOUSDT CELRUSDT CETUSUSDT CFXUSDT CGPTUSDT CHESSUSDT CHILLGUYUSDT CHRUSDT CHZUSDT CKBUSDT COMBOUSDT COMPUSDT COSUSDT COTIUSDT COWUSDT CRVUSDT CTSIUSDT CYBERUSDT DASHUSDT DEGENUSDT DEGOUSDT DENTUSDT DEXEUSDT DFUSDT DIAUSDT DODOXUSDT DOGEUSDT DOGSUSDT DOTUSDT DRIFTUSDT DUSKUSDT DYDXUSDT DYMUSDT EDUUSDT EGLDUSDT EIGENUSDT ENAUSDT ENJUSDT ENSUSDT EOSUSDT ETCUSDT ETHFIUSDT ETHUSDT ETHWUSDT FARTCOINUSDT FETUSDT FIDAUSDT FILUSDT FIOUSDT FLMUSDT FLOWUSDT FLUXUSDT FXSUSDT GALAUSDT GASUSDT GHSTUSDT GLMUSDT GMTUSDT GMXUSDT GOATUSDT GRASSUSDT GRTUSDT GTCUSDT GUSDT HBARUSDT HFTUSDT HIFIUSDT HIGHUSDT HIPPOUSDT HIVEUSDT HMSTRUSDT HOOKUSDT HOTUSDT ICPUSDT ICXUSDT IDUSDT ILVUSDT IMXUSDT INJUSDT IOSTUSDT IOTAUSDT IOTXUSDT IOUSDT JASMYUSDT JOEUSDT JTOUSDT JUPUSDT KAIAUSDT KASUSDT KAVAUSDT KDAUSDT KMNOUSDT KNCUSDT KOMAUSDT KSMUSDT LDOUSDT LEVERUSDT LINAUSDT LINKUSDT LISTAUSDT LITUSDT LOKAUSDT LPTUSDT LQTYUSDT LRCUSDT LSKUSDT LTCUSDT LUMIAUSDT LUNA2USDT MAGICUSDT MANAUSDT MANTAUSDT MASKUSDT MAVUSDT MBOXUSDT MEMEUSDT METISUSDT MEUSDT MEWUSDT MINAUSDT MKRUSDT MOCAUSDT MOODENGUSDT MORPHOUSDT MOVEUSDT MOVRUSDT MTLUSDT MYROUSDT NEARUSDT NEIROETHUSDT NEIROUSDT NEOUSDT NFPUSDT NKNUSDT NMRUSDT NOTUSDT NTRNUSDT NULSUSDT OGNUSDT OMGUSDT OMNIUSDT OMUSDT ONDOUSDT ONEUSDT ONGUSDT ONTUSDT OPUSDT ORCAUSDT ORDIUSDT OXTUSDT PENDLEUSDT PENGUUSDT PEOPLEUSDT PERPUSDT PHAUSDT PHBUSDT PIXELUSDT PNUTUSDT POLUSDT POLYXUSDT PONKEUSDT POPCATUSDT PORTALUSDT POWRUSDT PYTHUSDT QNTUSDT QTUMUSDT QUICKUSDT RAREUSDT RAYSOLUSDT RDNTUSDT REIUSDT RENDERUSDT REZUSDT RIFUSDT RLCUSDT RONINUSDT ROSEUSDT RPLUSDT RSRUSDT RUNEUSDT RVNUSDT SAFEUSDT SAGAUSDT SANDUSDT SANTOSUSDT SCRTUSDT SCRUSDT SEIUSDT SFPUSDT SKLUSDT SLERFUSDT SNXUSDT SOLUSDT SPELLUSDT SPXUSDT SSVUSDT STEEMUSDT STGUSDT STMXUSDT STORJUSDT STRKUSDT STXUSDT SUIUSDT SUNUSDT SUPERUSDT SUSHIUSDT SWELLUSDT SXPUSDT SYNUSDT SYSUSDT TAOUSDT THETAUSDT THEUSDT TIAUSDT TLMUSDT TNSRUSDT TOKENUSDT TONUSDT TRBUSDT TROYUSDT TRUUSDT TRXUSDT TURBOUSDT TUSDT TWTUSDT UMAUSDT UNIUSDT USTCUSDT USUALUSDT UXLINKUSDT VANAUSDT VANRYUSDT VELODROMEUSDT VETUSDT VIDTUSDT VIRTUALUSDT VOXELUSDT WAXPUSDT WIFUSDT WLDUSDT WOOUSDT WUSDT XAIUSDT XLMUSDT XMRUSDT XRPUSDT XTZUSDT XVGUSDT XVSUSDT YFIUSDT YGGUSDT ZECUSDT ZENUSDT ZETAUSDT ZILUSDT ZKUSDT ZROUSDT ZRXUSDT
2025-02-08,335,335,20,BTCUSDT ETHUSDT SOLUSDT XRPUSDT DOGEUSDT 1000PEPEUSDT SUIUSDT ADAUSDT ENAUSDT FARTCOINUSDT WIFUSDT LINKUSDT PNUTUSDT BNBUSDT LTCUSDT XLMUSDT WLDUSDT HBARUSDT JUPUSDT AIXBTUSDT,1000000MOGUSDT 1000BONKUSDT 1000CATUSDT 1000CHEEMSUSDT 1000FLOKIUSDT 1000LUNCUSDT 1000PEPEUSDT 1000RATSUSDT 1000SATSUSDT 1000SHIBUSDT 1000WHYUSDT 1000XECUSDT 1000XUSDT 1INCHUSDT 1MBABYDOGEUSDT AAVEUSDT ACEUSDT ACHUSDT ACTUSDT ACXUSDT ADAUSDT AERGOUSDT AEROUSDT AEVOUSDT AGLDUSDT AIUSDT AIXBTUSDT AKTUSDT ALGOUSDT ALICEUSDT ALPACAUSDT ALPHAUSDT ALTUSDT AMBUSDT ANKRUSDT APEUSDT API3USDT APTUSDT ARBUSDT ARKMUSDT ARKUSDT ARPAUSDT ARUSDT ASTRUSDT ATAUSDT ATOMUSDT AUCTIONUSDT AVAUSDT AVAXUSDT AXLUSDT AXSUSDT BADGERUSDT BAKEUSDT BALUSDT BANANAUSDT BANDUSDT BANUSDT BATUSDT BBUSDT BCHUSDT BEAMXUSDT BELUSDT BICOUSDT BIGTIMEUSDT BLURUSDT BNBUSDT BNTUSDT BNXUSDT BOMEUSDT BRETTUSDT BSVUSDT BSWUSDT BTCUSDT C98USDT CAKEUSDT CATIUSDT CELOUSDT CELRUSDT CETUSUSDT CFXUSDT CGPTUSDT CHESSUSDT CHILLGUYUSDT CHRUSDT CHZUSDT CKBUSDT COMBOUSDT COMPUSDT COSUSDT COTIUSDT COWUSDT CRVUSDT CTSIUSDT CYBERUSDT DASHUSDT DEGENUSDT DEGOUSDT DENTUSDT DEXEUSDT DFUSDT DIAUSDT DODOXUSDT DOGEUSDT DOGSUSDT DOTUSDT DRIFTUSDT DUSKUSDT DYDXUSDT DYMUSDT EDUUSDT EGLDUSDT EIGENUSDT ENAUSDT ENJUSDT ENSUSDT EOSUSDT ETCUSDT ETHFIUSDT ETHUSDT ETHWUSDT FARTCOINUSDT FETUSDT FIDAUSDT FILUSDT FIOUSDT FLMUSDT FLOWUSDT FLUXUSDT FXSUSDT GALAUSDT GASUSDT GHSTUSDT GLMUSDT GMTUSDT GMXUSDT GOATUSDT GRASSUSDT GRTUSDT GTCUSDT GUSDT HBARUSDT HFTUSDT HIFIUSDT HIGHUSDT HIPPOUSDT HIVEUSDT HMSTRUSDT HOOKUSDT HOTUSDT ICPUSDT ICXUSDT IDUSDT ILVUSDT IMXUSDT INJUSDT IOSTUSDT IOTAUSDT IOTXUSDT IOUSDT JASMYUSDT JOEUSDT JTOUSDT JUPUSDT KAIAUSDT KASUSDT KAVAUSDT KDAUSDT KMNOUSDT KNCUSDT KOMAUSDT KSMUSDT LDOUSDT LEVERUSDT LINAUSDT LINKUSDT LISTAUSDT LITUSDT LOKAUSDT LPTUSDT LQTYUSDT LRCUSDT LSKUSDT LTCUSDT LUMIAUSDT LUNA2USDT MAGICUSDT MANAUSDT MANTAUSDT MASKUSDT MAVUSDT MBOXUSDT MEMEUSDT METISUSDT MEUSDT MEWUSDT MINAUSDT MKRUSDT MOCAUSDT MOODENGUSDT MORPHOUSDT MOVEUSDT MOVRUSDT MTLUSDT MYROUSDT NEARUSDT NEIROETHUSDT NEIROUSDT NEOUSDT NFPUSDT NKNUSDT NMRUSDT NOTUSDT NTRNUSDT NULSUSDT OGNUSDT OMGUSDT OMNIUSDT OMUSDT ONDOUSDT ONEUSDT ONGUSDT ONTUSDT OPUSDT ORCAUSDT ORDIUSDT OXTUSDT PENDLEUSDT PENGUUSDT PEOPLEUSDT PERPUSDT PHAUSDT PHBUSDT PIXELUSDT PNUTUSDT POLUSDT POLYXUSDT PONKEUSDT POPCATUSDT PORTALUSDT POWRUSDT PYTHUSDT QNTUSDT QTUMUSDT QUICKUSDT RAREUSDT RAYSOLUSDT RDNTUSDT REIUSDT RENDERUSDT REZUSDT RIFUSDT RLCUSDT RONINUSDT ROSEUSDT RPLUSDT RSRUSDT RUNEUSDT RVNUSDT SAFEUSDT SAGAUSDT SANDUSDT SANTOSUSDT SCRTUSDT SCRUSDT SEIUSDT SFPUSDT SKLUSDT SLERFUSDT SNXUSDT SOLUSDT SPELLUSDT SPXUSDT SSVUSDT STEEMUSDT STGUSDT STMXUSDT STORJUSDT STRKUSDT STXUSDT SUIUSDT SUNUSDT SUPERUSDT SUSHIUSDT SWELLUSDT SXPUSDT SYNUSDT SYSUSDT TAOUSDT THETAUSDT THEUSDT TIAUSDT TLMUSDT TNSRUSDT TOKENUSDT TONUSDT TRBUSDT TROYUSDT TRUUSDT TRXUSDT TURBOUSDT TUSDT TWTUSDT UMAUSDT UNIUSDT USTCUSDT USUALUSDT UXLINKUSDT VANAUSDT VANRYUSDT VELODROMEUSDT VETUSDT VIDTUSDT VIRTUALUSDT VOXELUSDT WAXPUSDT WIFUSDT WLDUSDT WOOUSDT WUSDT XAIUSDT XLMUSDT XMRUSDT XRPUSDT XTZUSDT XVGUSDT XVSUSDT YFIUSDT YGGUSDT ZECUSDT ZENUSDT ZETAUSDT ZILUSDT ZKUSDT ZROUSDT ZRXUSDT
2025-02-15,335,335,20,BTCUSDT ETHUSDT SOLUSDT XRPUSDT DOGEUSDT 1000PEPEUSDT SUIUSDT ADAUSDT ENAUSDT FARTCOINUSDT WIFUSDT LINKUSDT PNUTUSDT BNBUSDT LTCUSDT XLMUSDT WLDUSDT HBARUSDT JUPUSDT AIXBTUSDT,1000000MOGUSDT 1000BONKUSDT 1000CATUSDT 1000CHEEMSUSDT 1000FLOKIUSDT 1000LUNCUSDT 1000PEPEUSDT 1000RATSUSDT 1000SATSUSDT 1000SHIBUSDT 1000WHYUSDT 1000XECUSDT 1000XUSDT 1INCHUSDT 1MBABYDOGEUSDT AAVEUSDT ACEUSDT ACHUSDT ACTUSDT ACXUSDT ADAUSDT AERGOUSDT AEROUSDT AEVOUSDT AGLDUSDT AIUSDT AIXBTUSDT AKTUSDT ALGOUSDT ALICEUSDT ALPACAUSDT ALPHAUSDT ALTUSDT AMBUSDT ANKRUSDT APEUSDT API3USDT APTUSDT ARBUSDT ARKMUSDT ARKUSDT ARPAUSDT ARUSDT ASTRUSDT ATAUSDT ATOMUSDT AUCTIONUSDT AVAUSDT AVAXUSDT AXLUSDT AXSUSDT BADGERUSDT BAKEUSDT BALUSDT BANANAUSDT BANDUSDT BANUSDT BATUSDT BBUSDT BCHUSDT BEAMXUSDT BELUSDT BICOUSDT BIGTIMEUSDT BLURUSDT BNBUSDT BNTUSDT BNXUSDT BOMEUSDT BRETTUSDT BSVUSDT BSWUSDT BTCUSDT C98USDT CAKEUSDT CATIUSDT CELOUSDT CELRUSDT CETUSUSDT CFXUSDT CGPTUSDT CHESSUSDT CHILLGUYUSDT CHRUSDT CHZUSDT CKBUSDT COMBOUSDT COMPUSDT COSUSDT COTIUSDT COWUSDT CRVUSDT CTSIUSDT CYBERUSDT DASHUSDT DEGENUSDT DEGOUSDT DENTUSDT DEXEUSDT DFUSDT DIAUSDT DODOXUSDT DOGEUSDT DOGSUSDT DOTUSDT DRIFTUSDT DUSKUSDT DYDXUSDT DYMUSDT EDUUSDT EGLDUSDT EIGENUSDT ENAUSDT ENJUSDT ENSUSDT EOSUSDT ETCUSDT ETHFIUSDT ETHUSDT ETHWUSDT FARTCOINUSDT FETUSDT FIDAUSDT FILUSDT FIOUSDT FLMUSDT FLOWUSDT FLUXUSDT FXSUSDT GALAUSDT GASUSDT GHSTUSDT GLMUSDT GMTUSDT GMXUSDT GOATUSDT GRASSUSDT GRTUSDT GTCUSDT GUSDT HBARUSDT HFTUSDT HIFIUSDT HIGHUSDT HIPPOUSDT HIVEUSDT HMSTRUSDT HOOKUSDT HOTUSDT ICPUSDT ICXUSDT IDUSDT ILVUSDT IMXUSDT INJUSDT IOSTUSDT IOTAUSDT IOTXUSDT IOUSDT JASMYUSDT JOEUSDT JTOUSDT JUPUSDT KAIAUSDT KASUSDT KAVAUSDT KDAUSDT KMNOUSDT KNCUSDT KOMAUSDT KSMUSDT LDOUSDT LEVERUSDT LINAUSDT LINKUSDT LISTAUSDT LITUSDT LOKAUSDT LPTUSDT LQTYUSDT LRCUSDT LSKUSDT LTCUSDT LUMIAUSDT LUNA2USDT MAGICUSDT MANAUSDT MANTAUSDT MASKUSDT MAVUSDT MBOXUSDT MEMEUSDT METISUSDT MEUSDT MEWUSDT MINAUSDT MKRUSDT MOCAUSDT MOODENGUSDT MORPHOUSDT MOVEUSDT MOVRUSDT MTLUSDT MYROUSDT NEARUSDT NEIROETHUSDT NEIROUSDT NEOUSDT NFPUSDT NKNUSDT NMRUSDT NOTUSDT NTRNUSDT NULSUSDT OGNUSDT OMGUSDT OMNIUSDT OMUSDT ONDOUSDT ONEUSDT ONGUSDT ONTUSDT OPUSDT ORCAUSDT ORDIUSDT OXTUSDT PENDLEUSDT PENGUUSDT PEOPLEUSDT PERPUSDT PHAUSDT PHBUSDT PIXELUSDT PNUTUSDT POLUSDT POLYXUSDT PONKEUSDT POPCATUSDT PORTALUSDT POWRUSDT PYTHUSDT QNTUSDT QTUMUSDT QUICKUSDT RAREUSDT RAYSOLUSDT RDNTUSDT REIUSDT RENDERUSDT REZUSDT RIFUSDT RLCUSDT RONINUSDT ROSEUSDT RPLUSDT RSRUSDT RUNEUSDT RVNUSDT SAFEUSDT SAGAUSDT SANDUSDT SANTOSUSDT SCRTUSDT SCRUSDT SEIUSDT SFPUSDT SKLUSDT SLERFUSDT SNXUSDT SOLUSDT SPELLUSDT SPXUSDT SSVUSDT STEEMUSDT STGUSDT STMXUSDT STORJUSDT STRKUSDT STXUSDT SUIUSDT SUNUSDT SUPERUSDT SUSHIUSDT SWELLUSDT SXPUSDT SYNUSDT SYSUSDT TAOUSDT THETAUSDT THEUSDT TIAUSDT TLMUSDT TNSRUSDT TOKENUSDT TONUSDT TRBUSDT TROYUSDT TRUUSDT TRXUSDT TURBOUSDT TUSDT TWTUSDT UMAUSDT UNIUSDT USTCUSDT USUALUSDT UXLINKUSDT VANAUSDT VANRYUSDT VELODROMEUSDT VETUSDT VIDTUSDT VIRTUALUSDT VOXELUSDT WAXPUSDT WIFUSDT WLDUSDT WOOUSDT WUSDT XAIUSDT XLMUSDT XMRUSDT XRPUSDT XTZUSDT XVGUSDT XVSUSDT YFIUSDT YGGUSDT ZECUSDT ZENUSDT ZETAUSDT ZILUSDT ZKUSDT ZROUSDT ZRXUSDT
2025-02-22,335,335,20,BTCUSDT ETHUSDT SOLUSDT XRPUSDT DOGEUSDT 1000PEPEUSDT SUIUSDT ADAUSDT ENAUSDT FARTCOINUSDT WIFUSDT LINKUSDT PNUTUSDT BNBUSDT LTCUSDT XLMUSDT WLDUSDT HBARUSDT JUPUSDT AIXBTUSDT,1000000MOGUSDT 1000BONKUSDT 1000CATUSDT 1000CHEEMSUSDT 1000FLOKIUSDT 1000LUNCUSDT 1000PEPEUSDT 1000RATSUSDT 1000SATSUSDT 1000SHIBUSDT 1000WHYUSDT 1000XECUSDT 1000XUSDT 1INCHUSDT 1MBABYDOGEUSDT AAVEUSDT ACEUSDT ACHUSDT ACTUSDT ACXUSDT ADAUSDT AERGOUSDT AEROUSDT AEVOUSDT AGLDUSDT AIUSDT AIXBTUSDT AKTUSDT ALGOUSDT ALICEUSDT ALPACAUSDT ALPHAUSDT ALTUSDT AMBUSDT ANKRUSDT APEUSDT API3USDT APTUSDT ARBUSDT ARKMUSDT ARKUSDT ARPAUSDT ARUSDT ASTRUSDT ATAUSDT ATOMUSDT AUCTIONUSDT AVAUSDT AVAXUSDT AXLUSDT AXSUSDT BADGERUSDT BAKEUSDT BALUSDT BANANAUSDT BANDUSDT BANUSDT BATUSDT BBUSDT BCHUSDT BEAMXUSDT BELUSDT BICOUSDT BIGTIMEUSDT BLURUSDT BNBUSDT BNTUSDT BNXUSDT BOMEUSDT BRETTUSDT BSVUSDT BSWUSDT BTCUSDT C98USDT CAKEUSDT CATIUSDT CELOUSDT CELRUSDT CETUSUSDT CFXUSDT CGPTUSDT CHESSUSDT CHILLGUYUSDT CHRUSDT CHZUSDT CKBUSDT COMBOUSDT COMPUSDT COSUSDT COTIUSDT COWUSDT CRVUSDT CTSIUSDT CYBERUSDT DASHUSDT DEGENUSDT DEGOUSDT DENTUSDT DEXEUSDT DFUSDT DIAUSDT DODOXUSDT DOGEUSDT DOGSUSDT DOTUSDT DRIFTUSDT DUSKUSDT DYDXUSDT DYMUSDT EDUUSDT EGLDUSDT EIGENUSDT ENAUSDT ENJUSDT ENSUSDT EOSUSDT ETCUSDT ETHFIUSDT ETHUSDT ETHWUSDT FARTCOINUSDT FETUSDT FIDAUSDT FILUSDT FIOUSDT FLMUSDT FLOWUSDT FLUXUSDT FXSUSDT GALAUSDT GASUSDT GHSTUSDT GLMUSDT GMTUSDT GMXUSDT GOATUSDT GRASSUSDT GRTUSDT GTCUSDT GUSDT HBARUSDT HFTUSDT HIFIUSDT HIGHUSDT HIPPOUSDT HIVEUSDT HMSTRUSDT HOOKUSDT HOTUSDT ICPUSDT ICXUSDT IDUSDT ILVUSDT IMXUSDT INJUSDT IOSTUSDT IOTAUSDT IOTXUSDT IOUSDT JASMYUSDT JOEUSDT JTOUSDT JUPUSDT KAIAUSDT KASUSDT KAVAUSDT KDAUSDT KMNOUSDT KNCUSDT KOMAUSDT KSMUSDT LDOUSDT LEVERUSDT LINAUSDT LINKUSDT LISTAUSDT LITUSDT LOKAUSDT LPTUSDT LQTYUSDT LRCUSDT LSKUSDT LTCUSDT LUMIAUSDT LUNA2USDT MAGICUSDT MANAUSDT MANTAUSDT MASKUSDT MAVUSDT MBOXUSDT MEMEUSDT METISUSDT MEUSDT MEWUSDT MINAUSDT MKRUSDT MOCAUSDT MOODENGUSDT MORPHOUSDT MOVEUSDT MOVRUSDT MTLUSDT MYROUSDT NEARUSDT NEIROETHUSDT NEIROUSDT NEOUSDT NFPUSDT NKNUSDT NMRUSDT NOTUSDT NTRNUSDT NULSUSDT OGNUSDT OMGUSDT OMNIUSDT OMUSDT ONDOUSDT ONEUSDT ONGUSDT ONTUSDT OPUSDT ORCAUSDT ORDIUSDT OXTUSDT PENDLEUSDT PENGUUSDT PEOPLEUSDT PERPUSDT PHAUSDT PHBUSDT PIXELUSDT PNUTUSDT POLUSDT POLYXUSDT PONKEUSDT POPCATUSDT PORTALUSDT POWRUSDT PYTHUSDT QNTUSDT QTUMUSDT QUICKUSDT RAREUSDT RAYSOLUSDT RDNTUSDT REIUSDT RENDERUSDT REZUSDT RIFUSDT RLCUSDT RONINUSDT ROSEUSDT RPLUSDT RSRUSDT RUNEUSDT RVNUSDT SAFEUSDT SAGAUSDT SANDUSDT SANTOSUSDT SCRTUSDT SCRUSDT SEIUSDT SFPUSDT SKLUSDT SLERFUSDT SNXUSDT SOLUSDT SPELLUSDT SPXUSDT SSVUSDT STEEMUSDT STGUSDT STMXUSDT STORJUSDT STRKUSDT STXUSDT SUIUSDT SUNUSDT SUPERUSDT SUSHIUSDT SWELLUSDT SXPUSDT SYNUSDT SYSUSDT TAOUSDT THETAUSDT THEUSDT TIAUSDT TLMUSDT TNSRUSDT TOKENUSDT TONUSDT TRBUSDT TROYUSDT TRUUSDT TRXUSDT TURBOUSDT TUSDT TWTUSDT UMAUSDT UNIUSDT USTCUSDT USUALUSDT UXLINKUSDT VANAUSDT VANRYUSDT VELODROMEUSDT VETUSDT VIDTUSDT VIRTUALUSDT VOXELUSDT WAXPUSDT WIFUSDT WLDUSDT WOOUSDT WUSDT XAIUSDT XLMUSDT XMRUSDT XRPUSDT XTZUSDT XVGUSDT XVSUSDT YFIUSDT YGGUSDT ZECUSDT ZENUSDT ZETAUSDT ZILUSDT ZKUSDT ZROUSDT ZRXUSDT
2025-03-01,352,352,20,BTCUSDT ETHUSDT SOLUSDT XRPUSDT TRUMPUSDT DOGEUSDT SUIUSDT 1000PEPEUSDT BNBUSDT LTCUSDT ADAUSDT WIFUSDT FARTCOINUSDT ENAUSDT LINKUSDT BNXUSDT PNUTUSDT ONDOUSDT ARCUSDT NEIROUSDT,1000000MOGUSDT 1000BONKUSDT 1000CATUSDT 1000CHEEMSUSDT 1000FLOKIUSDT 1000LUNCUSDT 1000PEPEUSDT 1000RATSUSDT 1000SATSUSDT 1000SHIBUSDT 1000WHYUSDT 1000XECUSDT 1000XUSDT 1INCHUSDT 1MBABYDOGEUSDT AAVEUSDT ACEUSDT ACHUSDT ACTUSDT ACXUSDT ADAUSDT AERGOUSDT AEROUSDT AEVOUSDT AGLDUSDT AI16ZUSDT AIUSDT AIXBTUSDT AKTUSDT ALCHUSDT ALGOUSDT ALICEUSDT ALPACAUSDT ALPHAUSDT ALTUSDT ANIMEUSDT ANKRUSDT APEUSDT API3USDT APTUSDT ARBUSDT ARCUSDT ARKMUSDT ARKUSDT ARPAUSDT ARUSDT ASTRUSDT ATAUSDT ATOMUSDT AUCTIONUSDT AVAAIUSDT AVAUSDT AVAXUSDT AXLUSDT AXSUSDT BADGERUSDT BAKEUSDT BALUSDT BANANAUSDT BANDUSDT BANUSDT BATUSDT BBUSDT BCHUSDT BEAMXUSDT BELUSDT BICOUSDT BIGTIMEUSDT BIOUSDT BLURUSDT BNBUSDT BNTUSDT BNXUSDT BOMEUSDT BRETTUSDT BSVUSDT BSWUSDT BTCUSDT C98USDT CAKEUSDT CATIUSDT CELOUSDT CELRUSDT CETUSUSDT CFXUSDT CGPTUSDT CHESSUSDT CHILLGUYUSDT CHRUSDT CHZUSDT CKBUSDT COMBOUSDT COMPUSDT COOKIEUSDT COSUSDT COTIUSDT COWUSDT CRVUSDT CTSIUSDT CYBERUSDT DASHUSDT DEGENUSDT DEGOUSDT DENTUSDT DEXEUSDT DFUSDT DIAUSDT DODOXUSDT DOGEUSDT DOGSUSDT DOTUSDT DRIFTUSDT DUSDT DUSKUSDT DYDXUSDT DYMUSDT EDUUSDT EGLDUSDT EIGENUSDT ENAUSDT ENJUSDT ENSUSDT EOSUSDT ETCUSDT ETHFIUSDT ETHUSDT ETHWUSDT FARTCOINUSDT FETUSDT FIDAUSDT FILUSDT FIOUSDT FLMUSDT FLOWUSDT FLUXUSDT FXSUSDT GALAUSDT GASUSDT GHSTUSDT GLMUSDT GMTUSDT GMXUSDT GOATUSDT GRASSUSDT GRIFFAINUSDT GRTUSDT GTCUSDT GUSDT HBARUSDT HFTUSDT HIFIUSDT HIGHUSDT HIPPOUSDT HIVEUSDT HMSTRUSDT HOOKUSDT HOTUSDT ICPUSDT ICXUSDT IDUSDT ILVUSDT IMXUSDT INJUSDT IOSTUSDT IOTAUSDT IOTXUSDT IOUSDT JASMYUSDT JOEUSDT JTOUSDT JUPUSDT KAIAUSDT KASUSDT KAVAUSDT KDAUSDT KMNOUSDT KNCUSDT KOMAUSDT KSMUSDT LDOUSDT LEVERUSDT LINAUSDT LINKUSDT LISTAUSDT LOKAUSDT LPTUSDT LQTYUSDT LRCUSDT LSKUSDT LTCUSDT LUMIAUSDT LUNA2USDT MAGICUSDT MANAUSDT MANTAUSDT MASKUSDT MAVUSDT MBOXUSDT MELANIAUSDT MEMEUSDT METISUSDT MEUSDT MEWUSDT MINAUSDT MKRUSDT MOCAUSDT MOODENGUSDT MORPHOUSDT MOVEUSDT MOVRUSDT MTLUSDT MYROUSDT NEARUSDT NEIROETHUSDT NEIROUSDT NEOUSDT NFPUSDT NKNUSDT NMRUSDT NOTUSDT NTRNUSDT NULSUSDT OGNUSDT OMNIUSDT OMUSDT ONDOUSDT ONEUSDT ONGUSDT ONTUSDT OPUSDT ORCAUSDT ORDIUSDT OXTUSDT PENDLEUSDT PENGUUSDT PEOPLEUSDT PERPUSDT PHAUSDT PHBUSDT PIPPINUSDT PIXELUSDT PNUTUSDT POLUSDT POLYXUSDT PONKEUSDT POPCATUSDT PORTALUSDT POWRUSDT PROMUSDT PYTHUSDT QNTUSDT QTUMUSDT QUICKUSDT RAREUSDT RAYSOLUSDT RDNTUSDT REIUSDT RENDERUSDT REZUSDT RIFUSDT RLCUSDT RONINUSDT ROSEUSDT RPLUSDT RSRUSDT RUNEUSDT RVNUSDT SAFEUSDT SAGAUSDT SANDUSDT SANTOSUSDT SCRTUSDT SCRUSDT SEIUSDT SFPUSDT SKLUSDT SLERFUSDT SNXUSDT SOLUSDT SOLVUSDT SONICUSDT SPELLUSDT SPXUSDT SSVUSDT STEEMUSDT STGUSDT STORJUSDT STRKUSDT STXUSDT SUIUSDT SUNUSDT SUPERUSDT SUSDT SUSHIUSDT SWARMSUSDT SWELLUSDT SXPUSDT SYNUSDT SYSUSDT TAOUSDT THETAUSDT THEUSDT TIAUSDT TLMUSDT TNSRUSDT TOKENUSDT TONUSDT TRBUSDT TROYUSDT TRUMPUSDT TRUUSDT TRXUSDT TURBOUSDT TUSDT TWTUSDT UMAUSDT UNIUSDT USTCUSDT USUALUSDT UXLINKUSDT VANAUSDT VANRYUSDT VELODROMEUSDT VETUSDT VIDTUSDT VINEUSDT VIRTUALUSDT VOXELUSDT VTHOUSDT VVVUSDT WAXPUSDT WIFUSDT WLDUSDT WOOUSDT WUSDT XAIUSDT XLMUSDT XMRUSDT XRPUSDT XTZUSDT XVGUSDT XVSUSDT YFIUSDT YGGUSDT ZECUSDT ZENUSDT ZEREBROUSDT ZETAUSDT ZILUSDT ZKUSDT ZROUSDT ZRXUSDT
2025-03-08,352,352,20,BTCUSDT ETHUSDT SOLUSDT XRPUSDT TRUMPUSDT DOGEUSDT SUIUSDT 1000PEPEUSDT BNBUSDT LTCUSDT ADAUSDT WIFUSDT FARTCOINUSDT ENAUSDT LINKUSDT BNXUSDT PNUTUSDT ONDOUSDT ARCUSDT NEIROUSDT,1000000MOGUSDT 1000BONKUSDT 1000CATUSDT 1000CHEEMSUSDT 1000FLOKIUSDT 1000LUNCUSDT 1000PEPEUSDT 1000RATSUSDT 1000SATSUSDT 1000SHIBUSDT 1000WHYUSDT 1000XECUSDT 1000XUSDT 1INCHUSDT 1MBABYDOGEUSDT AAVEUSDT ACEUSDT ACHUSDT ACTUSDT ACXUSDT ADAUSDT AERGOUSDT AEROUSDT AEVOUSDT AGLDUSDT AI16ZUSDT AIUSDT AIXBTUSDT AKTUSDT ALCHUSDT ALGOUSDT ALICEUSDT ALPACAUSDT ALPHAUSDT ALTUSDT ANIMEUSDT ANKRUSDT APEUSDT API3USDT APTUSDT ARBUSDT ARCUSDT ARKMUSDT ARKUSDT ARPAUSDT ARUSDT ASTRUSDT ATAUSDT ATOMUSDT AUCTIONUSDT AVAAIUSDT AVAUSDT AVAXUSDT AXLUSDT AXSUSDT BADGERUSDT BAKEUSDT BALUSDT BANANAUSDT BANDUSDT BANUSDT BATUSDT BBUSDT BCHUSDT BEAMXUSDT BELUSDT BICOUSDT BIGTIMEUSDT BIOUSDT BLURUSDT BNBUSDT BNTUSDT BNXUSDT BOMEUSDT BRETTUSDT BSVUSDT BSWUSDT BTCUSDT C98USDT CAKEUSDT CATIUSDT CELOUSDT CELRUSDT CETUSUSDT CFXUSDT CGPTUSDT CHESSUSDT CHILLGUYUSDT CHRUSDT CHZUSDT CKBUSDT COMBOUSDT COMPUSDT COOKIEUSDT COSUSDT COTIUSDT COWUSDT CRVUSDT CTSIUSDT CYBERUSDT DASHUSDT DEGENUSDT DEGOUSDT DENTUSDT DEXEUSDT DFUSDT DIAUSDT DODOXUSDT DOGEUSDT DOGSUSDT DOTUSDT DRIFTUSDT DUSDT DUSKUSDT DYDXUSDT DYMUSDT EDUUSDT EGLDUSDT EIGENUSDT ENAUSDT ENJUSDT ENSUSDT EOSUSDT ETCUSDT ETHFIUSDT ETHUSDT ETHWUSDT FARTCOINUSDT FETUSDT FIDAUSDT FILUSDT FIOUSDT FLMUSDT FLOWUSDT FLUXUSDT FXSUSDT GALAUSDT GASUSDT GHSTUSDT GLMUSDT GMTUSDT GMXUSDT GOATUSDT GRASSUSDT GRIFFAINUSDT GRTUSDT GTCUSDT GUSDT HBARUSDT HFTUSDT HIFIUSDT HIGHUSDT HIPPOUSDT HIVEUSDT HMSTRUSDT HOOKUSDT HOTUSDT ICPUSDT ICXUSDT IDUSDT ILVUSDT IMXUSDT INJUSDT IOSTUSDT IOTAUSDT IOTXUSDT IOUSDT JASMYUSDT JOEUSDT JTOUSDT JUPUSDT KAIAUSDT KASUSDT KAVAUSDT KDAUSDT KMNOUSDT KNCUSDT KOMAUSDT KSMUSDT LDOUSDT LEVERUSDT LINAUSDT LINKUSDT LISTAUSDT LOKAUSDT LPTUSDT LQTYUSDT LRCUSDT LSKUSDT LTCUSDT LUMIAUSDT LUNA2USDT MAGICUSDT MANAUSDT MANTAUSDT MASKUSDT MAVUSDT MBOXUSDT MELANIAUSDT MEMEUSDT METISUSDT MEUSDT MEWUSDT MINAUSDT MKRUSDT MOCAUSDT MOODENGUSDT MORPHOUSDT MOVEUSDT MOVRUSDT MTLUSDT MYROUSDT NEARUSDT NEIROETHUSDT NEIROUSDT NEOUSDT NFPUSDT NKNUSDT NMRUSDT NOTUSDT NTRNUSDT NULSUSDT OGNUSDT OMNIUSDT OMUSDT ONDOUSDT ONEUSDT ONGUSDT ONTUSDT OPUSDT ORCAUSDT ORDIUSDT OXTUSDT PENDLEUSDT PENGUUSDT PEOPLEUSDT PERPUSDT PHAUSDT PHBUSDT PIPPINUSDT PIXELUSDT PNUTUSDT POLUSDT POLYXUSDT PONKEUSDT POPCATUSDT PORTALUSDT POWRUSDT PROMUSDT PYTHUSDT QNTUSDT QTUMUSDT QUICKUSDT RAREUSDT RAYSOLUSDT RDNTUSDT REIUSDT RENDERUSDT REZUSDT RIFUSDT RLCUSDT RONINUSDT ROSEUSDT RPLUSDT RSRUSDT RUNEUSDT RVNUSDT SAFEUSDT SAGAUSDT SANDUSDT SANTOSUSDT SCRTUSDT SCRUSDT SEIUSDT SFPUSDT SKLUSDT SLERFUSDT SNXUSDT SOLUSDT SOLVUSDT SONICUSDT SPELLUSDT SPXUSDT SSVUSDT STEEMUSDT STGUSDT STORJUSDT STRKUSDT STXUSDT SUIUSDT SUNUSDT SUPERUSDT SUSDT SUSHIUSDT SWARMSUSDT SWELLUSDT SXPUSDT SYNUSDT SYSUSDT TAOUSDT THETAUSDT THEUSDT TIAUSDT TLMUSDT TNSRUSDT TOKENUSDT TONUSDT TRBUSDT TROYUSDT TRUMPUSDT TRUUSDT TRXUSDT TURBOUSDT TUSDT TWTUSDT UMAUSDT UNIUSDT USTCUSDT USUALUSDT UXLINKUSDT VANAUSDT VANRYUSDT VELODROMEUSDT VETUSDT VIDTUSDT VINEUSDT VIRTUALUSDT VOXELUSDT VTHOUSDT VVVUSDT WAXPUSDT WIFUSDT WLDUSDT WOOUSDT WUSDT XAIUSDT XLMUSDT XMRUSDT XRPUSDT XTZUSDT XVGUSDT XVSUSDT YFIUSDT YGGUSDT ZECUSDT ZENUSDT ZEREBROUSDT ZETAUSDT ZILUSDT ZKUSDT ZROUSDT ZRXUSDT
2025-03-15,352,352,20,BTCUSDT ETHUSDT SOLUSDT XRPUSDT TRUMPUSDT DOGEUSDT SUIUSDT 1000PEPEUSDT BNBUSDT LTCUSDT ADAUSDT WIFUSDT FARTCOINUSDT ENAUSDT LINKUSDT BNXUSDT PNUTUSDT ONDOUSDT ARCUSDT NEIROUSDT,1000000MOGUSDT 1000BONKUSDT 1000CATUSDT 1000CHEEMSUSDT 1000FLOKIUSDT 1000LUNCUSDT 1000PEPEUSDT 1000RATSUSDT 1000SATSUSDT 1000SHIBUSDT 1000WHYUSDT 1000XECUSDT 1000XUSDT 1INCHUSDT 1MBABYDOGEUSDT AAVEUSDT ACEUSDT ACHUSDT ACTUSDT ACXUSDT ADAUSDT AERGOUSDT AEROUSDT AEVOUSDT AGLDUSDT AI16ZUSDT AIUSDT AIXBTUSDT AKTUSDT ALCHUSDT ALGOUSDT ALICEUSDT ALPACAUSDT ALPHAUSDT ALTUSDT ANIMEUSDT ANKRUSDT APEUSDT API3USDT APTUSDT ARBUSDT ARCUSDT ARKMUSDT ARKUSDT ARPAUSDT ARUSDT ASTRUSDT ATAUSDT ATOMUSDT AUCTIONUSDT AVAAIUSDT AVAUSDT AVAXUSDT AXLUSDT AXSUSDT BADGERUSDT BAKEUSDT BALUSDT BANANAUSDT BANDUSDT BANUSDT BATUSDT BBUSDT BCHUSDT BEAMXUSDT BELUSDT BICOUSDT BIGTIMEUSDT BIOUSDT BLURUSDT BNBUSDT BNTUSDT BNXUSDT BOMEUSDT BRETTUSDT BSVUSDT BSWUSDT BTCUSDT C98USDT CAKEUSDT CATIUSDT CELOUSDT CELRUSDT CETUSUSDT CFXUSDT CGPTUSDT CHESSUSDT CHILLGUYUSDT CHRUSDT CHZUSDT CKBUSDT COMBOUSDT COMPUSDT COOKIEUSDT COSUSDT COTIUSDT COWUSDT CRVUSDT CTSIUSDT CYBERUSDT DASHUSDT DEGENUSDT DEGOUSDT DENTUSDT DEXEUSDT DFUSDT DIAUSDT DODOXUSDT DOGEUSDT DOGSUSDT DOTUSDT DRIFTUSDT DUSDT DUSKUSDT DYDXUSDT DYMUSDT EDUUSDT EGLDUSDT EIGENUSDT ENAUSDT ENJUSDT ENSUSDT EOSUSDT ETCUSDT ETHFIUSDT ETHUSDT ETHWUSDT FARTCOINUSDT FETUSDT FIDAUSDT FILUSDT FIOUSDT FLMUSDT FLOWUSDT FLUXUSDT FXSUSDT GALAUSDT GASUSDT GHSTUSDT GLMUSDT GMTUSDT GMXUSDT GOATUSDT GRASSUSDT GRIFFAINUSDT GRTUSDT GTCUSDT GUSDT HBARUSDT HFTUSDT HIFIUSDT HIGHUSDT HIPPOUSDT HIVEUSDT HMSTRUSDT HOOKUSDT HOTUSDT ICPUSDT ICXUSDT IDUSDT ILVUSDT IMXUSDT INJUSDT IOSTUSDT IOTAUSDT IOTXUSDT IOUSDT JASMYUSDT JOEUSDT JTOUSDT JUPUSDT KAIAUSDT KASUSDT KAVAUSDT KDAUSDT KMNOUSDT KNCUSDT KOMAUSDT KSMUSDT LDOUSDT LEVERUSDT LINAUSDT LINKUSDT LISTAUSDT LOKAUSDT LPTUSDT LQTYUSDT LRCUSDT LSKUSDT LTCUSDT LUMIAUSDT LUNA2USDT MAGICUSDT MANAUSDT MANTAUSDT MASKUSDT MAVUSDT MBOXUSDT MELANIAUSDT MEMEUSDT METISUSDT MEUSDT MEWUSDT MINAUSDT MKRUSDT MOCAUSDT MOODENGUSDT MORPHOUSDT MOVEUSDT MOVRUSDT MTLUSDT MYROUSDT NEARUSDT NEIROETHUSDT NEIROUSDT NEOUSDT NFPUSDT NKNUSDT NMRUSDT NOTUSDT NTRNUSDT NULSUSDT OGNUSDT OMNIUSDT OMUSDT ONDOUSDT ONEUSDT ONGUSDT ONTUSDT OPUSDT ORCAUSDT ORDIUSDT OXTUSDT PENDLEUSDT PENGUUSDT PEOPLEUSDT PERPUSDT PHAUSDT PHBUSDT PIPPINUSDT PIXELUSDT PNUTUSDT POLUSDT POLYXUSDT PONKEUSDT POPCATUSDT PORTALUSDT POWRUSDT PROMUSDT PYTHUSDT QNTUSDT QTUMUSDT QUICKUSDT RAREUSDT RAYSOLUSDT RDNTUSDT REIUSDT RENDERUSDT REZUSDT RIFUSDT RLCUSDT RONINUSDT ROSEUSDT RPLUSDT RSRUSDT RUNEUSDT RVNUSDT SAFEUSDT SAGAUSDT SANDUSDT SANTOSUSDT SCRTUSDT SCRUSDT SEIUSDT SFPUSDT SKLUSDT SLERFUSDT SNXUSDT SOLUSDT SOLVUSDT SONICUSDT SPELLUSDT SPXUSDT SSVUSDT STEEMUSDT STGUSDT STORJUSDT STRKUSDT STXUSDT SUIUSDT SUNUSDT SUPERUSDT SUSDT SUSHIUSDT SWARMSUSDT SWELLUSDT SXPUSDT SYNUSDT SYSUSDT TAOUSDT THETAUSDT THEUSDT TIAUSDT TLMUSDT TNSRUSDT TOKENUSDT TONUSDT TRBUSDT TROYUSDT TRUMPUSDT TRUUSDT TRXUSDT TURBOUSDT TUSDT TWTUSDT UMAUSDT UNIUSDT USTCUSDT USUALUSDT UXLINKUSDT VANAUSDT VANRYUSDT VELODROMEUSDT VETUSDT VIDTUSDT VINEUSDT VIRTUALUSDT VOXELUSDT VTHOUSDT VVVUSDT WAXPUSDT WIFUSDT WLDUSDT WOOUSDT WUSDT XAIUSDT XLMUSDT XMRUSDT XRPUSDT XTZUSDT XVGUSDT XVSUSDT YFIUSDT YGGUSDT ZECUSDT ZENUSDT ZEREBROUSDT ZETAUSDT ZILUSDT ZKUSDT ZROUSDT ZRXUSDT
2025-03-22,352,352,20,BTCUSDT ETHUSDT SOLUSDT XRPUSDT TRUMPUSDT DOGEUSDT SUIUSDT 1000PEPEUSDT BNBUSDT LTCUSDT ADAUSDT WIFUSDT FARTCOINUSDT ENAUSDT LINKUSDT BNXUSDT PNUTUSDT ONDOUSDT ARCUSDT NEIROUSDT,1000000MOGUSDT 1000BONKUSDT 1000CATUSDT 1000CHEEMSUSDT 1000FLOKIUSDT 1000LUNCUSDT 1000PEPEUSDT 1000RATSUSDT 1000SATSUSDT 1000SHIBUSDT 1000WHYUSDT 1000XECUSDT 1000XUSDT 1INCHUSDT 1MBABYDOGEUSDT AAVEUSDT ACEUSDT ACHUSDT ACTUSDT ACXUSDT ADAUSDT AERGOUSDT AEROUSDT AEVOUSDT AGLDUSDT AI16ZUSDT AIUSDT AIXBTUSDT AKTUSDT ALCHUSDT ALGOUSDT ALICEUSDT ALPACAUSDT ALPHAUSDT ALTUSDT ANIMEUSDT ANKRUSDT APEUSDT API3USDT APTUSDT ARBUSDT ARCUSDT ARKMUSDT ARKUSDT ARPAUSDT ARUSDT ASTRUSDT ATAUSDT ATOMUSDT AUCTIONUSDT AVAAIUSDT AVAUSDT AVAXUSDT AXLUSDT AXSUSDT BADGERUSDT BAKEUSDT BALUSDT BANANAUSDT BANDUSDT BANUSDT BATUSDT BBUSDT BCHUSDT BEAMXUSDT BELUSDT BICOUSDT BIGTIMEUSDT BIOUSDT BLURUSDT BNBUSDT BNTUSDT BNXUSDT BOMEUSDT BRETTUSDT BSVUSDT BSWUSDT BTCUSDT C98USDT CAKEUSDT CATIUSDT CELOUSDT CELRUSDT CETUSUSDT CFXUSDT CGPTUSDT CHESSUSDT CHILLGUYUSDT CHRUSDT CHZUSDT CKBUSDT COMBOUSDT COMPUSDT COOKIEUSDT COSUSDT COTIUSDT COWUSDT CRVUSDT CTSIUSDT CYBERUSDT DASHUSDT DEGENUSDT DEGOUSDT DENTUSDT DEXEUSDT DFUSDT DIAUSDT DODOXUSDT DOGEUSDT DOGSUSDT DOTUSDT DRIFTUSDT DUSDT DUSKUSDT DYDXUSDT DYMUSDT EDUUSDT EGLDUSDT EIGENUSDT ENAUSDT ENJUSDT ENSUSDT EOSUSDT ETCUSDT ETHFIUSDT ETHUSDT ETHWUSDT FARTCOINUSDT FETUSDT FIDAUSDT FILUSDT FIOUSDT FLMUSDT FLOWUSDT FLUXUSDT FXSUSDT GALAUSDT GASUSDT GHSTUSDT GLMUSDT GMTUSDT GMXUSDT GOATUSDT GRASSUSDT GRIFFAINUSDT GRTUSDT GTCUSDT GUSDT HBARUSDT HFTUSDT HIFIUSDT HIGHUSDT HIPPOUSDT HIVEUSDT HMSTRUSDT HOOKUSDT HOTUSDT ICPUSDT ICXUSDT IDUSDT ILVUSDT IMXUSDT INJUSDT IOSTUSDT IOTAUSDT IOTXUSDT IOUSDT JASMYUSDT JOEUSDT JTOUSDT JUPUSDT KAIAUSDT KASUSDT KAVAUSDT KDAUSDT KMNOUSDT KNCUSDT KOMAUSDT KSMUSDT LDOUSDT LEVERUSDT LINAUSDT LINKUSDT LISTAUSDT LOKAUSDT LPTUSDT LQTYUSDT LRCUSDT LSKUSDT LTCUSDT LUMIAUSDT LUNA2USDT MAGICUSDT MANAUSDT MANTAUSDT MASKUSDT MAVUSDT MBOXUSDT MELANIAUSDT MEMEUSDT METISUSDT MEUSDT MEWUSDT MINAUSDT MKRUSDT MOCAUSDT MOODENGUSDT MORPHOUSDT MOVEUSDT MOVRUSDT MTLUSDT MYROUSDT NEARUSDT NEIROETHUSDT NEIROUSDT NEOUSDT NFPUSDT NKNUSDT NMRUSDT NOTUSDT NTRNUSDT NULSUSDT OGNUSDT OMNIUSDT OMUSDT ONDOUSDT ONEUSDT ONGUSDT ONTUSDT OPUSDT ORCAUSDT ORDIUSDT OXTUSDT PENDLEUSDT PENGUUSDT PEOPLEUSDT PERPUSDT PHAUSDT PHBUSDT PIPPINUSDT PIXELUSDT PNUTUSDT POLUSDT POLYXUSDT PONKEUSDT POPCATUSDT PORTALUSDT POWRUSDT PROMUSDT PYTHUSDT QNTUSDT QTUMUSDT QUICKUSDT RAREUSDT RAYSOLUSDT RDNTUSDT REIUSDT RENDERUSDT REZUSDT RIFUSDT RLCUSDT RONINUSDT ROSEUSDT RPLUSDT RSRUSDT RUNEUSDT RVNUSDT SAFEUSDT SAGAUSDT SANDUSDT SANTOSUSDT SCRTUSDT SCRUSDT SEIUSDT SFPUSDT SKLUSDT SLERFUSDT SNXUSDT SOLUSDT SOLVUSDT SONICUSDT SPELLUSDT SPXUSDT SSVUSDT STEEMUSDT STGUSDT STORJUSDT STRKUSDT STXUSDT SUIUSDT SUNUSDT SUPERUSDT SUSDT SUSHIUSDT SWARMSUSDT SWELLUSDT SXPUSDT SYNUSDT SYSUSDT TAOUSDT THETAUSDT THEUSDT TIAUSDT TLMUSDT TNSRUSDT TOKENUSDT TONUSDT TRBUSDT TROYUSDT TRUMPUSDT TRUUSDT TRXUSDT TURBOUSDT TUSDT TWTUSDT UMAUSDT UNIUSDT USTCUSDT USUALUSDT UXLINKUSDT VANAUSDT VANRYUSDT VELODROMEUSDT VETUSDT VIDTUSDT VINEUSDT VIRTUALUSDT VOXELUSDT VTHOUSDT VVVUSDT WAXPUSDT WIFUSDT WLDUSDT WOOUSDT WUSDT XAIUSDT XLMUSDT XMRUSDT XRPUSDT XTZUSDT XVGUSDT XVSUSDT YFIUSDT YGGUSDT ZECUSDT ZENUSDT ZEREBROUSDT ZETAUSDT ZILUSDT ZKUSDT ZROUSDT ZRXUSDT
2025-03-29,352,352,20,BTCUSDT ETHUSDT SOLUSDT XRPUSDT TRUMPUSDT DOGEUSDT SUIUSDT 1000PEPEUSDT BNBUSDT LTCUSDT ADAUSDT WIFUSDT FARTCOINUSDT ENAUSDT LINKUSDT BNXUSDT PNUTUSDT ONDOUSDT ARCUSDT NEIROUSDT,1000000MOGUSDT 1000BONKUSDT 1000CATUSDT 1000CHEEMSUSDT 1000FLOKIUSDT 1000LUNCUSDT 1000PEPEUSDT 1000RATSUSDT 1000SATSUSDT 1000SHIBUSDT 1000WHYUSDT 1000XECUSDT 1000XUSDT 1INCHUSDT 1MBABYDOGEUSDT AAVEUSDT ACEUSDT ACHUSDT ACTUSDT ACXUSDT ADAUSDT AERGOUSDT AEROUSDT AEVOUSDT AGLDUSDT AI16ZUSDT AIUSDT AIXBTUSDT AKTUSDT ALCHUSDT ALGOUSDT ALICEUSDT ALPACAUSDT ALPHAUSDT ALTUSDT ANIMEUSDT ANKRUSDT APEUSDT API3USDT APTUSDT ARBUSDT ARCUSDT ARKMUSDT ARKUSDT ARPAUSDT ARUSDT ASTRUSDT ATAUSDT ATOMUSDT AUCTIONUSDT AVAAIUSDT AVAUSDT AVAXUSDT AXLUSDT AXSUSDT BADGERUSDT BAKEUSDT BALUSDT BANANAUSDT BANDUSDT BANUSDT BATUSDT BBUSDT BCHUSDT BEAMXUSDT BELUSDT BICOUSDT BIGTIMEUSDT BIOUSDT BLURUSDT BNBUSDT BNTUSDT BNXUSDT BOMEUSDT BRETTUSDT BSVUSDT BSWUSDT BTCUSDT C98USDT CAKEUSDT CATIUSDT CELOUSDT CELRUSDT CETUSUSDT CFXUSDT CGPTUSDT CHESSUSDT CHILLGUYUSDT CHRUSDT CHZUSDT CKBUSDT COMBOUSDT COMPUSDT COOKIEUSDT COSUSDT COTIUSDT COWUSDT CRVUSDT CTSIUSDT CYBERUSDT DASHUSDT DEGENUSDT DEGOUSDT DENTUSDT DEXEUSDT DFUSDT DIAUSDT DODOXUSDT DOGEUSDT DOGSUSDT DOTUSDT DRIFTUSDT DUSDT DUSKUSDT DYDXUSDT DYMUSDT EDUUSDT EGLDUSDT EIGENUSDT ENAUSDT ENJUSDT ENSUSDT EOSUSDT ETCUSDT ETHFIUSDT ETHUSDT ETHWUSDT FARTCOINUSDT FETUSDT FIDAUSDT FILUSDT FIOUSDT FLMUSDT FLOWUSDT FLUXUSDT FXSUSDT GALAUSDT GASUSDT GHSTUSDT GLMUSDT GMTUSDT GMXUSDT GOATUSDT GRASSUSDT GRIFFAINUSDT GRTUSDT GTCUSDT GUSDT HBARUSDT HFTUSDT HIFIUSDT HIGHUSDT HIPPOUSDT HIVEUSDT HMSTRUSDT HOOKUSDT HOTUSDT ICPUSDT ICXUSDT IDUSDT ILVUSDT IMXUSDT INJUSDT IOSTUSDT IOTAUSDT IOTXUSDT IOUSDT JASMYUSDT JOEUSDT JTOUSDT JUPUSDT KAIAUSDT KASUSDT KAVAUSDT KDAUSDT KMNOUSDT KNCUSDT KOMAUSDT KSMUSDT LDOUSDT LEVERUSDT LINAUSDT LINKUSDT LISTAUSDT LOKAUSDT LPTUSDT LQTYUSDT LRCUSDT LSKUSDT LTCUSDT LUMIAUSDT LUNA2USDT MAGICUSDT MANAUSDT MANTAUSDT MASKUSDT MAVUSDT MBOXUSDT MELANIAUSDT MEMEUSDT METISUSDT MEUSDT MEWUSDT MINAUSDT MKRUSDT MOCAUSDT MOODENGUSDT MORPHOUSDT MOVEUSDT MOVRUSDT MTLUSDT MYROUSDT NEARUSDT NEIROETHUSDT NEIROUSDT NEOUSDT NFPUSDT NKNUSDT NMRUSDT NOTUSDT NTRNUSDT NULSUSDT OGNUSDT OMNIUSDT OMUSDT ONDOUSDT ONEUSDT ONGUSDT ONTUSDT OPUSDT ORCAUSDT ORDIUSDT OXTUSDT PENDLEUSDT PENGUUSDT PEOPLEUSDT PERPUSDT PHAUSDT PHBUSDT PIPPINUSDT PIXELUSDT PNUTUSDT POLUSDT POLYXUSDT PONKEUSDT POPCATUSDT PORTALUSDT POWRUSDT PROMUSDT PYTHUSDT QNTUSDT QTUMUSDT QUICKUSDT RAREUSDT RAYSOLUSDT RDNTUSDT REIUSDT RENDERUSDT REZUSDT RIFUSDT RLCUSDT RONINUSDT ROSEUSDT RPLUSDT RSRUSDT RUNEUSDT RVNUSDT SAFEUSDT SAGAUSDT SANDUSDT SANTOSUSDT SCRTUSDT SCRUSDT SEIUSDT SFPUSDT SKLUSDT SLERFUSDT SNXUSDT SOLUSDT SOLVUSDT SONICUSDT SPELLUSDT SPXUSDT SSVUSDT STEEMUSDT STGUSDT STORJUSDT STRKUSDT STXUSDT SUIUSDT SUNUSDT SUPERUSDT SUSDT SUSHIUSDT SWARMSUSDT SWELLUSDT SXPUSDT SYNUSDT SYSUSDT TAOUSDT THETAUSDT THEUSDT TIAUSDT TLMUSDT TNSRUSDT TOKENUSDT TONUSDT TRBUSDT TROYUSDT TRUMPUSDT TRUUSDT TRXUSDT TURBOUSDT TUSDT TWTUSDT UMAUSDT UNIUSDT USTCUSDT USUALUSDT UXLINKUSDT VANAUSDT VANRYUSDT VELODROMEUSDT VETUSDT VIDTUSDT VINEUSDT VIRTUALUSDT VOXELUSDT VTHOUSDT VVVUSDT WAXPUSDT WIFUSDT WLDUSDT WOOUSDT WUSDT XAIUSDT XLMUSDT XMRUSDT XRPUSDT XTZUSDT XVGUSDT XVSUSDT YFIUSDT YGGUSDT ZECUSDT ZENUSDT ZEREBROUSDT ZETAUSDT ZILUSDT ZKUSDT ZROUSDT ZRXUSDT
2025-04-05,357,357,20,BTCUSDT ETHUSDT SOLUSDT XRPUSDT ADAUSDT DOGEUSDT 1000PEPEUSDT SUIUSDT TRUMPUSDT BNBUSDT AUCTIONUSDT PNUTUSDT LTCUSDT LINKUSDT KAITOUSDT FARTCOINUSDT ENAUSDT AVAXUSDT RAREUSDT WIFUSDT,1000000MOGUSDT 1000BONKUSDT 1000CATUSDT 1000CHEEMSUSDT 1000FLOKIUSDT 1000LUNCUSDT 1000PEPEUSDT 1000RATSUSDT 1000SATSUSDT 1000SHIBUSDT 1000WHYUSDT 1000XECUSDT 1000XUSDT 1INCHUSDT 1MBABYDOGEUSDT AAVEUSDT ACEUSDT ACHUSDT ACTUSDT ACXUSDT ADAUSDT AEROUSDT AEVOUSDT AGLDUSDT AI16ZUSDT AIUSDT AIXBTUSDT AKTUSDT ALCHUSDT ALGOUSDT ALICEUSDT ALPACAUSDT ALPHAUSDT ALTUSDT ANIMEUSDT ANKRUSDT APEUSDT API3USDT APTUSDT ARBUSDT ARCUSDT ARKMUSDT ARKUSDT ARPAUSDT ARUSDT ASTRUSDT ATAUSDT ATOMUSDT AUCTIONUSDT AVAAIUSDT AVAUSDT AVAXUSDT AXLUSDT AXSUSDT B3USDT BADGERUSDT BAKEUSDT BALUSDT BANANAUSDT BANDUSDT BANUSDT BATUSDT BBUSDT BCHUSDT BEAMXUSDT BELUSDT BERAUSDT BICOUSDT BIGTIMEUSDT BIOUSDT BLURUSDT BNBUSDT BNTUSDT BOMEUSDT BRETTUSDT BSVUSDT BSWUSDT BTCUSDT C98USDT CAKEUSDT CATIUSDT CELOUSDT CELRUSDT CETUSUSDT CFXUSDT CGPTUSDT CHESSUSDT CHILLGUYUSDT CHRUSDT CHZUSDT CKBUSDT COMPUSDT COOKIEUSDT COSUSDT COTIUSDT COWUSDT CRVUSDT CTSIUSDT CYBERUSDT DASHUSDT DEGENUSDT DEGOUSDT DENTUSDT DEXEUSDT DFUSDT DIAUSDT DODOXUSDT DOGEUSDT DOGSUSDT DOTUSDT DRIFTUSDT DUSDT DUSKUSDT DYDXUSDT DYMUSDT EDUUSDT EGLDUSDT EIGENUSDT ENAUSDT ENJUSDT ENSUSDT EOSUSDT ETCUSDT ETHFIUSDT ETHUSDT ETHWUSDT FARTCOINUSDT FETUSDT FIDAUSDT FILUSDT FIOUSDT FLMUSDT FLOWUSDT FLUXUSDT FXSUSDT GALAUSDT GASUSDT GHSTUSDT GLMUSDT GMTUSDT GMXUSDT GOATUSDT GPSUSDT GRASSUSDT GRIFFAINUSDT GRTUSDT GTCUSDT GUSDT HBARUSDT HEIUSDT HFTUSDT HIFIUSDT HIGHUSDT HIPPOUSDT HIVEUSDT HMSTRUSDT HOOKUSDT HOTUSDT ICPUSDT ICXUSDT IDUSDT ILVUSDT IMXUSDT INJUSDT IOSTUSDT IOTAUSDT IOTXUSDT IOUSDT IPUSDT JASMYUSDT JOEUSDT JTOUSDT JUPUSDT KAIAUSDT KAITOUSDT KASUSDT KAVAUSDT KDAUSDT KMNOUSDT KNCUSDT KOMAUSDT KSMUSDT LAYERUSDT LDOUSDT LEVERUSDT LINKUSDT LISTAUSDT LOKAUSDT LPTUSDT LQTYUSDT LRCUSDT LSKUSDT LTCUSDT LUMIAUSDT LUNA2USDT MAGICUSDT MANAUSDT MANTAUSDT MASKUSDT MAVUSDT MBOXUSDT MELANIAUSDT MEMEUSDT METISUSDT MEUSDT MEWUSDT MINAUSDT MKRUSDT MOCAUSDT MOODENGUSDT MORPHOUSDT MOVEUSDT MOVRUSDT MTLUSDT MYROUSDT NEARUSDT NEIROETHUSDT NEIROUSDT NEOUSDT NFPUSDT NKNUSDT NMRUSDT NOTUSDT NTRNUSDT NULSUSDT OGNUSDT OMNIUSDT OMUSDT ONDOUSDT ONEUSDT ONGUSDT ONTUSDT OPUSDT ORCAUSDT ORDIUSDT OXTUSDT PENDLEUSDT PENGUUSDT PEOPLEUSDT PERPUSDT PHAUSDT PHBUSDT PIPPINUSDT PIXELUSDT PNUTUSDT POLUSDT POLYXUSDT PONKEUSDT POPCATUSDT PORTALUSDT POWRUSDT PROMUSDT PYTHUSDT QNTUSDT QTUMUSDT QUICKUSDT RAREUSDT RAYSOLUSDT RDNTUSDT REIUSDT RENDERUSDT REZUSDT RIFUSDT RLCUSDT RONINUSDT ROSEUSDT RPLUSDT RSRUSDT RUNEUSDT RVNUSDT SAFEUSDT SAGAUSDT SANDUSDT SANTOSUSDT SCRTUSDT SCRUSDT SEIUSDT SFPUSDT SHELLUSDT SKLUSDT SLERFUSDT SNXUSDT SOLUSDT SOLVUSDT SONICUSDT SPELLUSDT SPXUSDT SSVUSDT STEEMUSDT STGUSDT STORJUSDT STRKUSDT STXUSDT SUIUSDT SUNUSDT SUPERUSDT SUSDT SUSHIUSDT SWARMSUSDT SWELLUSDT SXPUSDT SYNUSDT SYSUSDT TAOUSDT THETAUSDT THEUSDT TIAUSDT TLMUSDT TNSRUSDT TOKENUSDT TONUSDT TRBUSDT TROYUSDT TRUMPUSDT TRUUSDT TRXUSDT TSTUSDT TURBOUSDT TUSDT TWTUSDT UMAUSDT UNIUSDT USTCUSDT USUALUSDT UXLINKUSDT VANAUSDT VANRYUSDT VELODROMEUSDT VETUSDT VIDTUSDT VINEUSDT VIRTUALUSDT VOXELUSDT VTHOUSDT VVVUSDT WAXPUSDT WIFUSDT WLDUSDT WOOUSDT WUSDT XAIUSDT XLMUSDT XMRUSDT XRPUSDT XTZUSDT XVGUSDT XVSUSDT YFIUSDT YGGUSDT ZECUSDT ZENUSDT ZEREBROUSDT ZETAUSDT ZILUSDT ZKUSDT ZROUSDT ZRXUSDT
2025-04-12,357,357,20,BTCUSDT ETHUSDT SOLUSDT XRPUSDT ADAUSDT DOGEUSDT 1000PEPEUSDT SUIUSDT TRUMPUSDT BNBUSDT AUCTIONUSDT PNUTUSDT LTCUSDT LINKUSDT KAITOUSDT FARTCOINUSDT ENAUSDT AVAXUSDT RAREUSDT WIFUSDT,1000000MOGUSDT 1000BONKUSDT 1000CATUSDT 1000CHEEMSUSDT 1000FLOKIUSDT 1000LUNCUSDT 1000PEPEUSDT 1000RATSUSDT 1000SATSUSDT 1000SHIBUSDT 1000WHYUSDT 1000XECUSDT 1000XUSDT 1INCHUSDT 1MBABYDOGEUSDT AAVEUSDT ACEUSDT ACHUSDT ACTUSDT ACXUSDT ADAUSDT AEROUSDT AEVOUSDT AGLDUSDT AI16ZUSDT AIUSDT AIXBTUSDT AKTUSDT ALCHUSDT ALGOUSDT ALICEUSDT ALPACAUSDT ALPHAUSDT ALTUSDT ANIMEUSDT ANKRUSDT APEUSDT API3USDT APTUSDT ARBUSDT ARCUSDT ARKMUSDT ARKUSDT ARPAUSDT ARUSDT ASTRUSDT ATAUSDT ATOMUSDT AUCTIONUSDT AVAAIUSDT AVAUSDT AVAXUSDT AXLUSDT AXSUSDT B3USDT BADGERUSDT BAKEUSDT BALUSDT BANANAUSDT BANDUSDT BANUSDT BATUSDT BBUSDT BCHUSDT BEAMXUSDT BELUSDT BERAUSDT BICOUSDT BIGTIMEUSDT BIOUSDT BLURUSDT BNBUSDT BNTUSDT BOMEUSDT BRETTUSDT BSVUSDT BSWUSDT BTCUSDT C98USDT CAKEUSDT CATIUSDT CELOUSDT CELRUSDT CETUSUSDT CFXUSDT CGPTUSDT CHESSUSDT CHILLGUYUSDT CHRUSDT CHZUSDT CKBUSDT COMPUSDT COOKIEUSDT COSUSDT COTIUSDT COWUSDT CRVUSDT CTSIUSDT CYBERUSDT DASHUSDT DEGENUSDT DEGOUSDT DENTUSDT DEXEUSDT DFUSDT DIAUSDT DODOXUSDT DOGEUSDT DOGSUSDT DOTUSDT DRIFTUSDT DUSDT DUSKUSDT DYDXUSDT DYMUSDT EDUUSDT EGLDUSDT EIGENUSDT ENAUSDT ENJUSDT ENSUSDT EOSUSDT ETCUSDT ETHFIUSDT ETHUSDT ETHWUSDT FARTCOINUSDT FETUSDT FIDAUSDT FILUSDT FIOUSDT FLMUSDT FLOWUSDT FLUXUSDT FXSUSDT GALAUSDT GASUSDT GHSTUSDT GLMUSDT GMTUSDT GMXUSDT GOATUSDT GPSUSDT GRASSUSDT GRIFFAINUSDT GRTUSDT GTCUSDT GUSDT HBARUSDT HEIUSDT HFTUSDT HIFIUSDT HIGHUSDT HIPPOUSDT HIVEUSDT HMSTRUSDT HOOKUSDT HOTUSDT ICPUSDT ICXUSDT IDUSDT ILVUSDT IMXUSDT INJUSDT IOSTUSDT IOTAUSDT IOTXUSDT IOUSDT IPUSDT JASMYUSDT JOEUSDT JTOUSDT JUPUSDT KAIAUSDT KAITOUSDT KASUSDT KAVAUSDT KDAUSDT KMNOUSDT KNCUSDT KOMAUSDT KSMUSDT LAYERUSDT LDOUSDT LEVERUSDT LINKUSDT LISTAUSDT LOKAUSDT LPTUSDT LQTYUSDT LRCUSDT LSKUSDT LTCUSDT LUMIAUSDT LUNA2USDT MAGICUSDT MANAUSDT MANTAUSDT MASKUSDT MAVUSDT MBOXUSDT MELANIAUSDT MEMEUSDT METISUSDT MEUSDT MEWUSDT MINAUSDT MKRUSDT MOCAUSDT MOODENGUSDT MORPHOUSDT MOVEUSDT MOVRUSDT MTLUSDT MYROUSDT NEARUSDT NEIROETHUSDT NEIROUSDT NEOUSDT NFPUSDT NKNUSDT NMRUSDT NOTUSDT NTRNUSDT NULSUSDT OGNUSDT OMNIUSDT OMUSDT ONDOUSDT ONEUSDT ONGUSDT ONTUSDT OPUSDT ORCAUSDT ORDIUSDT OXTUSDT PENDLEUSDT PENGUUSDT PEOPLEUSDT PERPUSDT PHAUSDT PHBUSDT PIPPINUSDT PIXELUSDT PNUTUSDT POLUSDT POLYXUSDT PONKEUSDT POPCATUSDT PORTALUSDT POWRUSDT PROMUSDT PYTHUSDT QNTUSDT QTUMUSDT QUICKUSDT RAREUSDT RAYSOLUSDT RDNTUSDT REIUSDT RENDERUSDT REZUSDT RIFUSDT RLCUSDT RONINUSDT ROSEUSDT RPLUSDT RSRUSDT RUNEUSDT RVNUSDT SAFEUSDT SAGAUSDT SANDUSDT SANTOSUSDT SCRTUSDT SCRUSDT SEIUSDT SFPUSDT SHELLUSDT SKLUSDT SLERFUSDT SNXUSDT SOLUSDT SOLVUSDT SONICUSDT SPELLUSDT SPXUSDT SSVUSDT STEEMUSDT STGUSDT STORJUSDT STRKUSDT STXUSDT SUIUSDT SUNUSDT SUPERUSDT SUSDT SUSHIUSDT SWARMSUSDT SWELLUSDT SXPUSDT SYNUSDT SYSUSDT TAOUSDT THETAUSDT THEUSDT TIAUSDT TLMUSDT TNSRUSDT TOKENUSDT TONUSDT TRBUSDT TROYUSDT TRUMPUSDT TRUUSDT TRXUSDT TSTUSDT TURBOUSDT TUSDT TWTUSDT UMAUSDT UNIUSDT USTCUSDT USUALUSDT UXLINKUSDT VANAUSDT VANRYUSDT VELODROMEUSDT VETUSDT VIDTUSDT VINEUSDT VIRTUALUSDT VOXELUSDT VTHOUSDT VVVUSDT WAXPUSDT WIFUSDT WLDUSDT WOOUSDT WUSDT XAIUSDT XLMUSDT XMRUSDT XRPUSDT XTZUSDT XVGUSDT XVSUSDT YFIUSDT YGGUSDT ZECUSDT ZENUSDT ZEREBROUSDT ZETAUSDT ZILUSDT ZKUSDT ZROUSDT ZRXUSDT
2025-04-19,357,357,20,BTCUSDT ETHUSDT SOLUSDT XRPUSDT ADAUSDT DOGEUSDT 1000PEPEUSDT SUIUSDT TRUMPUSDT BNBUSDT AUCTIONUSDT PNUTUSDT LTCUSDT LINKUSDT KAITOUSDT FARTCOINUSDT ENAUSDT AVAXUSDT RAREUSDT WIFUSDT,1000000MOGUSDT 1000BONKUSDT 1000CATUSDT 1000CHEEMSUSDT 1000FLOKIUSDT 1000LUNCUSDT 1000PEPEUSDT 1000RATSUSDT 1000SATSUSDT 1000SHIBUSDT 1000WHYUSDT 1000XECUSDT 1000XUSDT 1INCHUSDT 1MBABYDOGEUSDT AAVEUSDT ACEUSDT ACHUSDT ACTUSDT ACXUSDT ADAUSDT AEROUSDT AEVOUSDT AGLDUSDT AI16ZUSDT AIUSDT AIXBTUSDT AKTUSDT ALCHUSDT ALGOUSDT ALICEUSDT ALPACAUSDT ALPHAUSDT ALTUSDT ANIMEUSDT ANKRUSDT APEUSDT API3USDT APTUSDT ARBUSDT ARCUSDT ARKMUSDT ARKUSDT ARPAUSDT ARUSDT ASTRUSDT ATAUSDT ATOMUSDT AUCTIONUSDT AVAAIUSDT AVAUSDT AVAXUSDT AXLUSDT AXSUSDT B3USDT BADGERUSDT BAKEUSDT BALUSDT BANANAUSDT BANDUSDT BANUSDT BATUSDT BBUSDT BCHUSDT BEAMXUSDT BELUSDT BERAUSDT BICOUSDT BIGTIMEUSDT BIOUSDT BLURUSDT BNBUSDT BNTUSDT BOMEUSDT BRETTUSDT BSVUSDT BSWUSDT BTCUSDT C98USDT CAKEUSDT CATIUSDT CELOUSDT CELRUSDT CETUSUSDT CFXUSDT CGPTUSDT CHESSUSDT CHILLGUYUSDT CHRUSDT CHZUSDT CKBUSDT COMPUSDT COOKIEUSDT COSUSDT COTIUSDT COWUSDT CRVUSDT CTSIUSDT CYBERUSDT DASHUSDT DEGENUSDT DEGOUSDT DENTUSDT DEXEUSDT DFUSDT DIAUSDT DODOXUSDT DOGEUSDT DOGSUSDT DOTUSDT DRIFTUSDT DUSDT DUSKUSDT DYDXUSDT DYMUSDT EDUUSDT EGLDUSDT EIGENUSDT ENAUSDT ENJUSDT ENSUSDT EOSUSDT ETCUSDT ETHFIUSDT ETHUSDT ETHWUSDT FARTCOINUSDT FETUSDT FIDAUSDT FILUSDT FIOUSDT FLMUSDT FLOWUSDT FLUXUSDT FXSUSDT GALAUSDT GASUSDT GHSTUSDT GLMUSDT GMTUSDT GMXUSDT GOATUSDT GPSUSDT GRASSUSDT GRIFFAINUSDT GRTUSDT GTCUSDT GUSDT HBARUSDT HEIUSDT HFTUSDT HIFIUSDT HIGHUSDT HIPPOUSDT HIVEUSDT HMSTRUSDT HOOKUSDT HOTUSDT ICPUSDT ICXUSDT IDUSDT ILVUSDT IMXUSDT INJUSDT IOSTUSDT IOTAUSDT IOTXUSDT IOUSDT IPUSDT JASMYUSDT JOEUSDT JTOUSDT JUPUSDT KAIAUSDT KAITOUSDT KASUSDT KAVAUSDT KDAUSDT KMNOUSDT KNCUSDT KOMAUSDT KSMUSDT LAYERUSDT LDOUSDT LEVERUSDT LINKUSDT LISTAUSDT LOKAUSDT LPTUSDT LQTYUSDT LRCUSDT LSKUSDT LTCUSDT LUMIAUSDT LUNA2USDT MAGICUSDT MANAUSDT MANTAUSDT MASKUSDT MAVUSDT MBOXUSDT MELANIAUSDT MEMEUSDT METISUSDT MEUSDT MEWUSDT MINAUSDT MKRUSDT MOCAUSDT MOODENGUSDT MORPHOUSDT MOVEUSDT MOVRUSDT MTLUSDT MYROUSDT NEARUSDT NEIROETHUSDT NEIROUSDT NEOUSDT NFPUSDT NKNUSDT NMRUSDT NOTUSDT NTRNUSDT NULSUSDT OGNUSDT OMNIUSDT OMUSDT ONDOUSDT ONEUSDT ONGUSDT ONTUSDT OPUSDT ORCAUSDT ORDIUSDT OXTUSDT PENDLEUSDT PENGUUSDT PEOPLEUSDT PERPUSDT PHAUSDT PHBUSDT PIPPINUSDT PIXELUSDT PNUTUSDT POLUSDT POLYXUSDT PONKEUSDT POPCATUSDT PORTALUSDT POWRUSDT PROMUSDT PYTHUSDT QNTUSDT QTUMUSDT QUICKUSDT RAREUSDT RAYSOLUSDT RDNTUSDT REIUSDT RENDERUSDT REZUSDT RIFUSDT RLCUSDT RONINUSDT ROSEUSDT RPLUSDT RSRUSDT RUNEUSDT RVNUSDT SAFEUSDT SAGAUSDT SANDUSDT SANTOSUSDT SCRTUSDT SCRUSDT SEIUSDT SFPUSDT SHELLUSDT SKLUSDT SLERFUSDT SNXUSDT SOLUSDT SOLVUSDT SONICUSDT SPELLUSDT SPXUSDT SSVUSDT STEEMUSDT STGUSDT STORJUSDT STRKUSDT STXUSDT SUIUSDT SUNUSDT SUPERUSDT SUSDT SUSHIUSDT SWARMSUSDT SWELLUSDT SXPUSDT SYNUSDT SYSUSDT TAOUSDT THETAUSDT THEUSDT TIAUSDT TLMUSDT TNSRUSDT TOKENUSDT TONUSDT TRBUSDT TROYUSDT TRUMPUSDT TRUUSDT TRXUSDT TSTUSDT TURBOUSDT TUSDT TWTUSDT UMAUSDT UNIUSDT USTCUSDT USUALUSDT UXLINKUSDT VANAUSDT VANRYUSDT VELODROMEUSDT VETUSDT VIDTUSDT VINEUSDT VIRTUALUSDT VOXELUSDT VTHOUSDT VVVUSDT WAXPUSDT WIFUSDT WLDUSDT WOOUSDT WUSDT XAIUSDT XLMUSDT XMRUSDT XRPUSDT XTZUSDT XVGUSDT XVSUSDT YFIUSDT YGGUSDT ZECUSDT ZENUSDT ZEREBROUSDT ZETAUSDT ZILUSDT ZKUSDT ZROUSDT ZRXUSDT
2025-04-26,357,357,20,BTCUSDT ETHUSDT SOLUSDT XRPUSDT ADAUSDT DOGEUSDT 1000PEPEUSDT SUIUSDT TRUMPUSDT BNBUSDT AUCTIONUSDT PNUTUSDT LTCUSDT LINKUSDT KAITOUSDT FARTCOINUSDT ENAUSDT AVAXUSDT RAREUSDT WIFUSDT,1000000MOGUSDT 1000BONKUSDT 1000CATUSDT 1000CHEEMSUSDT 1000FLOKIUSDT 1000LUNCUSDT 1000PEPEUSDT 1000RATSUSDT 1000SATSUSDT 1000SHIBUSDT 1000WHYUSDT 1000XECUSDT 1000XUSDT 1INCHUSDT 1MBABYDOGEUSDT AAVEUSDT ACEUSDT ACHUSDT ACTUSDT ACXUSDT ADAUSDT AEROUSDT AEVOUSDT AGLDUSDT AI16ZUSDT AIUSDT AIXBTUSDT AKTUSDT ALCHUSDT ALGOUSDT ALICEUSDT ALPACAUSDT ALPHAUSDT ALTUSDT ANIMEUSDT ANKRUSDT APEUSDT API3USDT APTUSDT ARBUSDT ARCUSDT ARKMUSDT ARKUSDT ARPAUSDT ARUSDT ASTRUSDT ATAUSDT ATOMUSDT AUCTIONUSDT AVAAIUSDT AVAUSDT AVAXUSDT AXLUSDT AXSUSDT B3USDT BADGERUSDT BAKEUSDT BALUSDT BANANAUSDT BANDUSDT BANUSDT BATUSDT BBUSDT BCHUSDT BEAMXUSDT BELUSDT BERAUSDT BICOUSDT BIGTIMEUSDT BIOUSDT BLURUSDT BNBUSDT BNTUSDT BOMEUSDT BRETTUSDT BSVUSDT BSWUSDT BTCUSDT C98USDT CAKEUSDT CATIUSDT CELOUSDT CELRUSDT CETUSUSDT CFXUSDT CGPTUSDT CHESSUSDT CHILLGUYUSDT CHRUSDT CHZUSDT CKBUSDT COMPUSDT COOKIEUSDT COSUSDT COTIUSDT COWUSDT CRVUSDT CTSIUSDT CYBERUSDT DASHUSDT DEGENUSDT DEGOUSDT DENTUSDT DEXEUSDT DFUSDT DIAUSDT DODOXUSDT DOGEUSDT DOGSUSDT DOTUSDT DRIFTUSDT DUSDT DUSKUSDT DYDXUSDT DYMUSDT EDUUSDT EGLDUSDT EIGENUSDT ENAUSDT ENJUSDT ENSUSDT EOSUSDT ETCUSDT ETHFIUSDT ETHUSDT ETHWUSDT FARTCOINUSDT FETUSDT FIDAUSDT FILUSDT FIOUSDT FLMUSDT FLOWUSDT FLUXUSDT FXSUSDT GALAUSDT GASUSDT GHSTUSDT GLMUSDT GMTUSDT GMXUSDT GOATUSDT GPSUSDT GRASSUSDT GRIFFAINUSDT GRTUSDT GTCUSDT GUSDT HBARUSDT HEIUSDT HFTUSDT HIFIUSDT HIGHUSDT HIPPOUSDT HIVEUSDT HMSTRUSDT HOOKUSDT HOTUSDT ICPUSDT ICXUSDT IDUSDT ILVUSDT IMXUSDT INJUSDT IOSTUSDT IOTAUSDT IOTXUSDT IOUSDT IPUSDT JASMYUSDT JOEUSDT JTOUSDT JUPUSDT KAIAUSDT KAITOUSDT KASUSDT KAVAUSDT KDAUSDT KMNOUSDT KNCUSDT KOMAUSDT KSMUSDT LAYERUSDT LDOUSDT LEVERUSDT LINKUSDT LISTAUSDT LOKAUSDT LPTUSDT LQTYUSDT LRCUSDT LSKUSDT LTCUSDT LUMIAUSDT LUNA2USDT MAGICUSDT MANAUSDT MANTAUSDT MASKUSDT MAVUSDT MBOXUSDT MELANIAUSDT MEMEUSDT METISUSDT MEUSDT MEWUSDT MINAUSDT MKRUSDT MOCAUSDT MOODENGUSDT MORPHOUSDT MOVEUSDT MOVRUSDT MTLUSDT MYROUSDT NEARUSDT NEIROETHUSDT NEIROUSDT NEOUSDT NFPUSDT NKNUSDT NMRUSDT NOTUSDT NTRNUSDT NULSUSDT OGNUSDT OMNIUSDT OMUSDT ONDOUSDT ONEUSDT ONGUSDT ONTUSDT OPUSDT ORCAUSDT ORDIUSDT OXTUSDT PENDLEUSDT PENGUUSDT PEOPLEUSDT PERPUSDT PHAUSDT PHBUSDT PIPPINUSDT PIXELUSDT PNUTUSDT POLUSDT POLYXUSDT PONKEUSDT POPCATUSDT PORTALUSDT POWRUSDT PROMUSDT PYTHUSDT QNTUSDT QTUMUSDT QUICKUSDT RAREUSDT RAYSOLUSDT RDNTUSDT REIUSDT RENDERUSDT REZUSDT RIFUSDT RLCUSDT RONINUSDT ROSEUSDT RPLUSDT RSRUSDT RUNEUSDT RVNUSDT SAFEUSDT SAGAUSDT SANDUSDT SANTOSUSDT SCRTUSDT SCRUSDT SEIUSDT SFPUSDT SHELLUSDT SKLUSDT SLERFUSDT SNXUSDT SOLUSDT SOLVUSDT SONICUSDT SPELLUSDT SPXUSDT SSVUSDT STEEMUSDT STGUSDT STORJUSDT STRKUSDT STXUSDT SUIUSDT SUNUSDT SUPERUSDT SUSDT SUSHIUSDT SWARMSUSDT SWELLUSDT SXPUSDT SYNUSDT SYSUSDT TAOUSDT THETAUSDT THEUSDT TIAUSDT TLMUSDT TNSRUSDT TOKENUSDT TONUSDT TRBUSDT TROYUSDT TRUMPUSDT TRUUSDT TRXUSDT TSTUSDT TURBOUSDT TUSDT TWTUSDT UMAUSDT UNIUSDT USTCUSDT USUALUSDT UXLINKUSDT VANAUSDT VANRYUSDT VELODROMEUSDT VETUSDT VIDTUSDT VINEUSDT VIRTUALUSDT VOXELUSDT VTHOUSDT VVVUSDT WAXPUSDT WIFUSDT WLDUSDT WOOUSDT WUSDT XAIUSDT XLMUSDT XMRUSDT XRPUSDT XTZUSDT XVGUSDT XVSUSDT YFIUSDT YGGUSDT ZECUSDT ZENUSDT ZEREBROUSDT ZETAUSDT ZILUSDT ZKUSDT ZROUSDT ZRXUSDT
2025-05-03,374,374,20,BTCUSDT ETHUSDT SOLUSDT XRPUSDT SUIUSDT DOGEUSDT 1000PEPEUSDT FARTCOINUSDT TRUMPUSDT ADAUSDT BNBUSDT ALPACAUSDT OMUSDT LINKUSDT EOSUSDT AVAXUSDT ENAUSDT VOXELUSDT GUNUSDT LAYERUSDT,1000000MOGUSDT 1000BONKUSDT 1000CATUSDT 1000CHEEMSUSDT 1000FLOKIUSDT 1000LUNCUSDT 1000PEPEUSDT 1000RATSUSDT 1000SATSUSDT 1000SHIBUSDT 1000WHYUSDT 1000XECUSDT 1000XUSDT 1INCHUSDT 1MBABYDOGEUSDT AAVEUSDT ACEUSDT ACHUSDT ACTUSDT ACXUSDT ADAUSDT AEROUSDT AEVOUSDT AGLDUSDT AI16ZUSDT AIUSDT AIXBTUSDT AKTUSDT ALCHUSDT ALGOUSDT ALICEUSDT ALPACAUSDT ALPHAUSDT ALTUSDT ANIMEUSDT ANKRUSDT APEUSDT API3USDT APTUSDT ARBUSDT ARCUSDT ARKMUSDT ARKUSDT ARPAUSDT ARUSDT ASTRUSDT ATAUSDT ATOMUSDT AUCTIONUSDT AVAAIUSDT AVAUSDT AVAXUSDT AXLUSDT AXSUSDT B3USDT BAKEUSDT BANANAS31USDT BANANAUSDT BANDUSDT BANUSDT BATUSDT BBUSDT BCHUSDT BEAMXUSDT BELUSDT BERAUSDT BICOUSDT BIDUSDT BIGTIMEUSDT BIOUSDT BLURUSDT BMTUSDT BNBUSDT BNTUSDT BOMEUSDT BRETTUSDT BROCCOLI714USDT BROCCOLIF3BUSDT BRUSDT BSVUSDT BSWUSDT BTCUSDT C98USDT CAKEUSDT CATIUSDT CELOUSDT CELRUSDT CETUSUSDT CFXUSDT CGPTUSDT CHESSUSDT CHILLGUYUSDT CHRUSDT CHZUSDT CKBUSDT COMPUSDT COOKIEUSDT COSUSDT COTIUSDT COWUSDT CRVUSDT CTSIUSDT CYBERUSDT DASHUSDT DEGENUSDT DEGOUSDT DENTUSDT DEXEUSDT DFUSDT DIAUSDT DODOXUSDT DOGEUSDT DOGSUSDT DOTUSDT DRIFTUSDT DUSDT DUSKUSDT DYDXUSDT DYMUSDT EDUUSDT EGLDUSDT EIGENUSDT ENAUSDT ENJUSDT ENSUSDT EOSUSDT EPICUSDT ETCUSDT ETHFIUSDT ETHUSDT ETHWUSDT FARTCOINUSDT FETUSDT FIDAUSDT FILUSDT FIOUSDT FLMUSDT FLOWUSDT FLUXUSDT FORMUSDT FUNUSDT FXSUSDT GALAUSDT GASUSDT GHSTUSDT GLMUSDT GMTUSDT GMXUSDT GOATUSDT GPSUSDT GRASSUSDT GRIFFAINUSDT GRTUSDT GTCUSDT GUNUSDT GUSDT HBARUSDT HEIUSDT HFTUSDT HIFIUSDT HIGHUSDT HIPPOUSDT HIVEUSDT HMSTRUSDT HOOKUSDT HOTUSDT ICPUSDT ICXUSDT IDUSDT ILVUSDT IMXUSDT INJUSDT IOSTUSDT IOTAUSDT IOTXUSDT IOUSDT IPUSDT JASMYUSDT JELLYJELLYUSDT JOEUSDT JTOUSDT JUPUSDT KAIAUSDT KAITOUSDT KASUSDT KAVAUSDT KDAUSDT KMNOUSDT KNCUSDT KOMAUSDT KSMUSDT LAYERUSDT LDOUSDT LEVERUSDT LINKUSDT LISTAUSDT LOKAUSDT LPTUSDT LQTYUSDT LRCUSDT LSKUSDT LTCUSDT LUMIAUSDT LUNA2USDT MAGICUSDT MANAUSDT MANTAUSDT MASKUSDT MAVIAUSDT MAVUSDT MBOXUSDT MELANIAUSDT MEMEUSDT METISUSDT MEUSDT MEWUSDT MINAUSDT MKRUSDT MLNUSDT MOCAUSDT MOODENGUSDT MORPHOUSDT MOVEUSDT MOVRUSDT MTLUSDT MUBARAKUSDT MYROUSDT NEARUSDT NEIROETHUSDT NEIROUSDT NEOUSDT NFPUSDT NILUSDT NKNUSDT NMRUSDT NOTUSDT NTRNUSDT OGNUSDT OMNIUSDT OMUSDT ONDOUSDT ONEUSDT ONGUSDT ONTUSDT OPUSDT ORCAUSDT ORDIUSDT OXTUSDT PARTIUSDT PENDLEUSDT PENGUUSDT PEOPLEUSDT PERPUSDT PHAUSDT PHBUSDT PIPPINUSDT PIXELUSDT PLUMEUSDT PNUTUSDT POLUSDT POLYXUSDT PONKEUSDT POPCATUSDT PORTALUSDT POWRUSDT PROMUSDT PYTHUSDT QNTUSDT QTUMUSDT QUICKUSDT RAREUSDT RAYSOLUSDT RDNTUSDT REDUSDT REIUSDT RENDERUSDT REZUSDT RIFUSDT RLCUSDT RONINUSDT ROSEUSDT RPLUSDT RSRUSDT RUNEUSDT RVNUSDT SAFEUSDT SAGAUSDT SANDUSDT SANTOSUSDT SCRTUSDT SCRUSDT SEIUSDT SFPUSDT SHELLUSDT SIRENUSDT SKLUSDT SLERFUSDT SNXUSDT SOLUSDT SOLVUSDT SONICUSDT SPELLUSDT SPXUSDT SSVUSDT STEEMUSDT STGUSDT STORJUSDT STRKUSDT STXUSDT SUIUSDT SUNUSDT SUPERUSDT SUSDT SUSHIUSDT SWARMSUSDT SWELLUSDT SXPUSDT SYNUSDT SYSUSDT TAOUSDT THETAUSDT THEUSDT TIAUSDT TLMUSDT TNSRUSDT TOKENUSDT TONUSDT TRBUSDT TRUMPUSDT TRUUSDT TRXUSDT TSTUSDT TURBOUSDT TUSDT TUTUSDT TWTUSDT UMAUSDT UNIUSDT USTCUSDT USUALUSDT UXLINKUSDT VANAUSDT VANRYUSDT VELODROMEUSDT VETUSDT VICUSDT VINEUSDT VIRTUALUSDT VOXELUSDT VTHOUSDT VVVUSDT WALUSDT WAXPUSDT WIFUSDT WLDUSDT WOOUSDT WUSDT XAIUSDT XLMUSDT XMRUSDT XRPUSDT XTZUSDT XVGUSDT XVSUSDT YFIUSDT YGGUSDT ZECUSDT ZENUSDT ZEREBROUSDT ZETAUSDT ZILUSDT ZKUSDT ZROUSDT ZRXUSDT
2025-05-10,374,374,20,BTCUSDT ETHUSDT SOLUSDT XRPUSDT SUIUSDT DOGEUSDT 1000PEPEUSDT FARTCOINUSDT TRUMPUSDT ADAUSDT BNBUSDT ALPACAUSDT OMUSDT LINKUSDT EOSUSDT AVAXUSDT ENAUSDT VOXELUSDT GUNUSDT LAYERUSDT,1000000MOGUSDT 1000BONKUSDT 1000CATUSDT 1000CHEEMSUSDT 1000FLOKIUSDT 1000LUNCUSDT 1000PEPEUSDT 1000RATSUSDT 1000SATSUSDT 1000SHIBUSDT 1000WHYUSDT 1000XECUSDT 1000XUSDT 1INCHUSDT 1MBABYDOGEUSDT AAVEUSDT ACEUSDT ACHUSDT ACTUSDT ACXUSDT ADAUSDT AEROUSDT AEVOUSDT AGLDUSDT AI16ZUSDT AIUSDT AIXBTUSDT AKTUSDT ALCHUSDT ALGOUSDT ALICEUSDT ALPACAUSDT ALPHAUSDT ALTUSDT ANIMEUSDT ANKRUSDT APEUSDT API3USDT APTUSDT ARBUSDT ARCUSDT ARKMUSDT ARKUSDT ARPAUSDT ARUSDT ASTRUSDT ATAUSDT ATOMUSDT AUCTIONUSDT AVAAIUSDT AVAUSDT AVAXUSDT AXLUSDT AXSUSDT B3USDT BAKEUSDT BANANAS31USDT BANANAUSDT BANDUSDT BANUSDT BATUSDT BBUSDT BCHUSDT BEAMXUSDT BELUSDT BERAUSDT BICOUSDT BIDUSDT BIGTIMEUSDT BIOUSDT BLURUSDT BMTUSDT BNBUSDT BNTUSDT BOMEUSDT BRETTUSDT BROCCOLI714USDT BROCCOLIF3BUSDT BRUSDT BSVUSDT BSWUSDT BTCUSDT C98USDT CAKEUSDT CATIUSDT CELOUSDT CELRUSDT CETUSUSDT CFXUSDT CGPTUSDT CHESSUSDT CHILLGUYUSDT CHRUSDT CHZUSDT CKBUSDT COMPUSDT COOKIEUSDT COSUSDT COTIUSDT COWUSDT CRVUSDT CTSIUSDT CYBERUSDT DASHUSDT DEGENUSDT DEGOUSDT DENTUSDT DEXEUSDT DFUSDT DIAUSDT DODOXUSDT DOGEUSDT DOGSUSDT DOTUSDT DRIFTUSDT DUSDT DUSKUSDT DYDXUSDT DYMUSDT EDUUSDT EGLDUSDT EIGENUSDT ENAUSDT ENJUSDT ENSUSDT EOSUSDT EPICUSDT ETCUSDT ETHFIUSDT ETHUSDT ETHWUSDT FARTCOINUSDT FETUSDT FIDAUSDT FILUSDT FIOUSDT FLMUSDT FLOWUSDT FLUXUSDT FORMUSDT FUNUSDT FXSUSDT GALAUSDT GASUSDT GHSTUSDT GLMUSDT GMTUSDT GMXUSDT GOATUSDT GPSUSDT GRASSUSDT GRIFFAINUSDT GRTUSDT GTCUSDT GUNUSDT GUSDT HBARUSDT HEIUSDT HFTUSDT HIFIUSDT HIGHUSDT HIPPOUSDT HIVEUSDT HMSTRUSDT HOOKUSDT HOTUSDT ICPUSDT ICXUSDT IDUSDT ILVUSDT IMXUSDT INJUSDT IOSTUSDT IOTAUSDT IOTXUSDT IOUSDT IPUSDT JASMYUSDT JELLYJELLYUSDT JOEUSDT JTOUSDT JUPUSDT KAIAUSDT KAITOUSDT KASUSDT KAVAUSDT KDAUSDT KMNOUSDT KNCUSDT KOMAUSDT KSMUSDT LAYERUSDT LDOUSDT LEVERUSDT LINKUSDT LISTAUSDT LOKAUSDT LPTUSDT LQTYUSDT LRCUSDT LSKUSDT LTCUSDT LUMIAUSDT LUNA2USDT MAGICUSDT MANAUSDT MANTAUSDT MASKUSDT MAVIAUSDT MAVUSDT MBOXUSDT MELANIAUSDT MEMEUSDT METISUSDT MEUSDT MEWUSDT MINAUSDT MKRUSDT MLNUSDT MOCAUSDT MOODENGUSDT MORPHOUSDT MOVEUSDT MOVRUSDT MTLUSDT MUBARAKUSDT MYROUSDT NEARUSDT NEIROETHUSDT NEIROUSDT NEOUSDT NFPUSDT NILUSDT NKNUSDT NMRUSDT NOTUSDT NTRNUSDT OGNUSDT OMNIUSDT OMUSDT ONDOUSDT ONEUSDT ONGUSDT ONTUSDT OPUSDT ORCAUSDT ORDIUSDT OXTUSDT PARTIUSDT PENDLEUSDT PENGUUSDT PEOPLEUSDT PERPUSDT PHAUSDT PHBUSDT PIPPINUSDT PIXELUSDT PLUMEUSDT PNUTUSDT POLUSDT POLYXUSDT PONKEUSDT POPCATUSDT PORTALUSDT POWRUSDT PROMUSDT PYTHUSDT QNTUSDT QTUMUSDT QUICKUSDT RAREUSDT RAYSOLUSDT RDNTUSDT REDUSDT REIUSDT RENDERUSDT REZUSDT RIFUSDT RLCUSDT RONINUSDT ROSEUSDT RPLUSDT RSRUSDT RUNEUSDT RVNUSDT SAFEUSDT SAGAUSDT SANDUSDT SANTOSUSDT SCRTUSDT SCRUSDT SEIUSDT SFPUSDT SHELLUSDT SIRENUSDT SKLUSDT SLERFUSDT SNXUSDT SOLUSDT SOLVUSDT SONICUSDT SPELLUSDT SPXUSDT SSVUSDT STEEMUSDT STGUSDT STORJUSDT STRKUSDT STXUSDT SUIUSDT SUNUSDT SUPERUSDT SUSDT SUSHIUSDT SWARMSUSDT SWELLUSDT SXPUSDT SYNUSDT SYSUSDT TAOUSDT THETAUSDT THEUSDT TIAUSDT TLMUSDT TNSRUSDT TOKENUSDT TONUSDT TRBUSDT TRUMPUSDT TRUUSDT TRXUSDT TSTUSDT TURBOUSDT TUSDT TUTUSDT TWTUSDT UMAUSDT UNIUSDT USTCUSDT USUALUSDT UXLINKUSDT VANAUSDT VANRYUSDT VELODROMEUSDT VETUSDT VICUSDT VINEUSDT VIRTUALUSDT VOXELUSDT VTHOUSDT VVVUSDT WALUSDT WAXPUSDT WIFUSDT WLDUSDT WOOUSDT WUSDT XAIUSDT XLMUSDT XMRUSDT XRPUSDT XTZUSDT XVGUSDT XVSUSDT YFIUSDT YGGUSDT ZECUSDT ZENUSDT ZEREBROUSDT ZETAUSDT ZILUSDT ZKUSDT ZROUSDT ZRXUSDT
2025-05-17,374,374,20,BTCUSDT ETHUSDT SOLUSDT XRPUSDT SUIUSDT DOGEUSDT 1000PEPEUSDT FARTCOINUSDT TRUMPUSDT ADAUSDT BNBUSDT ALPACAUSDT OMUSDT LINKUSDT EOSUSDT AVAXUSDT ENAUSDT VOXELUSDT GUNUSDT LAYERUSDT,1000000MOGUSDT 1000BONKUSDT 1000CATUSDT 1000CHEEMSUSDT 1000FLOKIUSDT 1000LUNCUSDT 1000PEPEUSDT 1000RATSUSDT 1000SATSUSDT 1000SHIBUSDT 1000WHYUSDT 1000XECUSDT 1000XUSDT 1INCHUSDT 1MBABYDOGEUSDT AAVEUSDT ACEUSDT ACHUSDT ACTUSDT ACXUSDT ADAUSDT AEROUSDT AEVOUSDT AGLDUSDT AI16ZUSDT AIUSDT AIXBTUSDT AKTUSDT ALCHUSDT ALGOUSDT ALICEUSDT ALPACAUSDT ALPHAUSDT ALTUSDT ANIMEUSDT ANKRUSDT APEUSDT API3USDT APTUSDT ARBUSDT ARCUSDT ARKMUSDT ARKUSDT ARPAUSDT ARUSDT ASTRUSDT ATAUSDT ATOMUSDT AUCTIONUSDT AVAAIUSDT AVAUSDT AVAXUSDT AXLUSDT AXSUSDT B3USDT BAKEUSDT BANANAS31USDT BANANAUSDT BANDUSDT BANUSDT BATUSDT BBUSDT BCHUSDT BEAMXUSDT BELUSDT BERAUSDT BICOUSDT BIDUSDT BIGTIMEUSDT BIOUSDT BLURUSDT BMTUSDT BNBUSDT BNTUSDT BOMEUSDT BRETTUSDT BROCCOLI714USDT BROCCOLIF3BUSDT BRUSDT BSVUSDT BSWUSDT BTCUSDT C98USDT CAKEUSDT CATIUSDT CELOUSDT CELRUSDT CETUSUSDT CFXUSDT CGPTUSDT CHESSUSDT CHILLGUYUSDT CHRUSDT CHZUSDT CKBUSDT COMPUSDT COOKIEUSDT COSUSDT COTIUSDT COWUSDT CRVUSDT CTSIUSDT CYBERUSDT DASHUSDT DEGENUSDT DEGOUSDT DENTUSDT DEXEUSDT DFUSDT DIAUSDT DODOXUSDT DOGEUSDT DOGSUSDT DOTUSDT DRIFTUSDT DUSDT DUSKUSDT DYDXUSDT DYMUSDT EDUUSDT EGLDUSDT EIGENUSDT ENAUSDT ENJUSDT ENSUSDT EOSUSDT EPICUSDT ETCUSDT ETHFIUSDT ETHUSDT ETHWUSDT FARTCOINUSDT FETUSDT FIDAUSDT FILUSDT FIOUSDT FLMUSDT FLOWUSDT FLUXUSDT FORMUSDT FUNUSDT FXSUSDT GALAUSDT GASUSDT GHSTUSDT GLMUSDT GMTUSDT GMXUSDT GOATUSDT GPSUSDT GRASSUSDT GRIFFAINUSDT GRTUSDT GTCUSDT GUNUSDT GUSDT HBARUSDT HEIUSDT HFTUSDT HIFIUSDT HIGHUSDT HIPPOUSDT HIVEUSDT HMSTRUSDT HOOKUSDT HOTUSDT ICPUSDT ICXUSDT IDUSDT ILVUSDT IMXUSDT INJUSDT IOSTUSDT IOTAUSDT IOTXUSDT IOUSDT IPUSDT JASMYUSDT JELLYJELLYUSDT JOEUSDT JTOUSDT JUPUSDT KAIAUSDT KAITOUSDT KASUSDT KAVAUSDT KDAUSDT KMNOUSDT KNCUSDT KOMAUSDT KSMUSDT LAYERUSDT LDOUSDT LEVERUSDT LINKUSDT LISTAUSDT LOKAUSDT LPTUSDT LQTYUSDT LRCUSDT LSKUSDT LTCUSDT LUMIAUSDT LUNA2USDT MAGICUSDT MANAUSDT MANTAUSDT MASKUSDT MAVIAUSDT MAVUSDT MBOXUSDT MELANIAUSDT MEMEUSDT METISUSDT MEUSDT MEWUSDT MINAUSDT MKRUSDT MLNUSDT MOCAUSDT MOODENGUSDT MORPHOUSDT MOVEUSDT MOVRUSDT MTLUSDT MUBARAKUSDT MYROUSDT NEARUSDT NEIROETHUSDT NEIROUSDT NEOUSDT NFPUSDT NILUSDT NKNUSDT NMRUSDT NOTUSDT NTRNUSDT OGNUSDT OMNIUSDT OMUSDT ONDOUSDT ONEUSDT ONGUSDT ONTUSDT OPUSDT ORCAUSDT ORDIUSDT OXTUSDT PARTIUSDT PENDLEUSDT PENGUUSDT PEOPLEUSDT PERPUSDT PHAUSDT PHBUSDT PIPPINUSDT PIXELUSDT PLUMEUSDT PNUTUSDT POLUSDT POLYXUSDT PONKEUSDT POPCATUSDT PORTALUSDT POWRUSDT PROMUSDT PYTHUSDT QNTUSDT QTUMUSDT QUICKUSDT RAREUSDT RAYSOLUSDT RDNTUSDT REDUSDT REIUSDT RENDERUSDT REZUSDT RIFUSDT RLCUSDT RONINUSDT ROSEUSDT RPLUSDT RSRUSDT RUNEUSDT RVNUSDT SAFEUSDT SAGAUSDT SANDUSDT SANTOSUSDT SCRTUSDT SCRUSDT SEIUSDT SFPUSDT SHELLUSDT SIRENUSDT SKLUSDT SLERFUSDT SNXUSDT SOLUSDT SOLVUSDT SONICUSDT SPELLUSDT SPXUSDT SSVUSDT STEEMUSDT STGUSDT STORJUSDT STRKUSDT STXUSDT SUIUSDT SUNUSDT SUPERUSDT SUSDT SUSHIUSDT SWARMSUSDT SWELLUSDT SXPUSDT SYNUSDT SYSUSDT TAOUSDT THETAUSDT THEUSDT TIAUSDT TLMUSDT TNSRUSDT TOKENUSDT TONUSDT TRBUSDT TRUMPUSDT TRUUSDT TRXUSDT TSTUSDT TURBOUSDT TUSDT TUTUSDT TWTUSDT UMAUSDT UNIUSDT USTCUSDT USUALUSDT UXLINKUSDT VANAUSDT VANRYUSDT VELODROMEUSDT VETUSDT VICUSDT VINEUSDT VIRTUALUSDT VOXELUSDT VTHOUSDT VVVUSDT WALUSDT WAXPUSDT WIFUSDT WLDUSDT WOOUSDT WUSDT XAIUSDT XLMUSDT XMRUSDT XRPUSDT XTZUSDT XVGUSDT XVSUSDT YFIUSDT YGGUSDT ZECUSDT ZENUSDT ZEREBROUSDT ZETAUSDT ZILUSDT ZKUSDT ZROUSDT ZRXUSDT
2025-05-24,374,374,20,BTCUSDT ETHUSDT SOLUSDT XRPUSDT SUIUSDT DOGEUSDT 1000PEPEUSDT FARTCOINUSDT TRUMPUSDT ADAUSDT BNBUSDT ALPACAUSDT OMUSDT LINKUSDT EOSUSDT AVAXUSDT ENAUSDT VOXELUSDT GUNUSDT LAYERUSDT,1000000MOGUSDT 1000BONKUSDT 1000CATUSDT 1000CHEEMSUSDT 1000FLOKIUSDT 1000LUNCUSDT 1000PEPEUSDT 1000RATSUSDT 1000SATSUSDT 1000SHIBUSDT 1000WHYUSDT 1000XECUSDT 1000XUSDT 1INCHUSDT 1MBABYDOGEUSDT AAVEUSDT ACEUSDT ACHUSDT ACTUSDT ACXUSDT ADAUSDT AEROUSDT AEVOUSDT AGLDUSDT AI16ZUSDT AIUSDT AIXBTUSDT AKTUSDT ALCHUSDT ALGOUSDT ALICEUSDT ALPACAUSDT ALPHAUSDT ALTUSDT ANIMEUSDT ANKRUSDT APEUSDT API3USDT APTUSDT ARBUSDT ARCUSDT ARKMUSDT ARKUSDT ARPAUSDT ARUSDT ASTRUSDT ATAUSDT ATOMUSDT AUCTIONUSDT AVAAIUSDT AVAUSDT AVAXUSDT AXLUSDT AXSUSDT B3USDT BAKEUSDT BANANAS31USDT BANANAUSDT BANDUSDT BANUSDT BATUSDT BBUSDT BCHUSDT BEAMXUSDT BELUSDT BERAUSDT BICOUSDT BIDUSDT BIGTIMEUSDT BIOUSDT BLURUSDT BMTUSDT BNBUSDT BNTUSDT BOMEUSDT BRETTUSDT BROCCOLI714USDT BROCCOLIF3BUSDT BRUSDT BSVUSDT BSWUSDT BTCUSDT C98USDT CAKEUSDT CATIUSDT CELOUSDT CELRUSDT CETUSUSDT CFXUSDT CGPTUSDT CHESSUSDT CHILLGUYUSDT CHRUSDT CHZUSDT CKBUSDT COMPUSDT COOKIEUSDT COSUSDT COTIUSDT COWUSDT CRVUSDT CTSIUSDT CYBERUSDT DASHUSDT DEGENUSDT DEGOUSDT DENTUSDT DEXEUSDT DFUSDT DIAUSDT DODOXUSDT DOGEUSDT DOGSUSDT DOTUSDT DRIFTUSDT DUSDT DUSKUSDT DYDXUSDT DYMUSDT EDUUSDT EGLDUSDT EIGENUSDT ENAUSDT ENJUSDT ENSUSDT EOSUSDT EPICUSDT ETCUSDT ETHFIUSDT ETHUSDT ETHWUSDT FARTCOINUSDT FETUSDT FIDAUSDT FILUSDT FIOUSDT FLMUSDT FLOWUSDT FLUXUSDT FORMUSDT FUNUSDT FXSUSDT GALAUSDT GASUSDT GHSTUSDT GLMUSDT GMTUSDT GMXUSDT GOATUSDT GPSUSDT GRASSUSDT GRIFFAINUSDT GRTUSDT GTCUSDT GUNUSDT GUSDT HBARUSDT HEIUSDT HFTUSDT HIFIUSDT HIGHUSDT HIPPOUSDT HIVEUSDT HMSTRUSDT HOOKUSDT HOTUSDT ICPUSDT ICXUSDT IDUSDT ILVUSDT IMXUSDT INJUSDT IOSTUSDT IOTAUSDT IOTXUSDT IOUSDT IPUSDT JASMYUSDT JELLYJELLYUSDT JOEUSDT JTOUSDT JUPUSDT KAIAUSDT KAITOUSDT KASUSDT KAVAUSDT KDAUSDT KMNOUSDT KNCUSDT KOMAUSDT KSMUSDT LAYERUSDT LDOUSDT LEVERUSDT LINKUSDT LISTAUSDT LOKAUSDT LPTUSDT LQTYUSDT LRCUSDT LSKUSDT LTCUSDT LUMIAUSDT LUNA2USDT MAGICUSDT MANAUSDT MANTAUSDT MASKUSDT MAVIAUSDT MAVUSDT MBOXUSDT MELANIAUSDT MEMEUSDT METISUSDT MEUSDT MEWUSDT MINAUSDT MKRUSDT MLNUSDT MOCAUSDT MOODENGUSDT MORPHOUSDT MOVEUSDT MOVRUSDT MTLUSDT MUBARAKUSDT MYROUSDT NEARUSDT NEIROETHUSDT NEIROUSDT NEOUSDT NFPUSDT NILUSDT NKNUSDT NMRUSDT NOTUSDT NTRNUSDT OGNUSDT OMNIUSDT OMUSDT ONDOUSDT ONEUSDT ONGUSDT ONTUSDT OPUSDT ORCAUSDT ORDIUSDT OXTUSDT PARTIUSDT PENDLEUSDT PENGUUSDT PEOPLEUSDT PERPUSDT PHAUSDT PHBUSDT PIPPINUSDT PIXELUSDT PLUMEUSDT PNUTUSDT POLUSDT POLYXUSDT PONKEUSDT POPCATUSDT PORTALUSDT POWRUSDT PROMUSDT PYTHUSDT QNTUSDT QTUMUSDT QUICKUSDT RAREUSDT RAYSOLUSDT RDNTUSDT REDUSDT REIUSDT RENDERUSDT REZUSDT RIFUSDT RLCUSDT RONINUSDT ROSEUSDT RPLUSDT RSRUSDT RUNEUSDT RVNUSDT SAFEUSDT SAGAUSDT SANDUSDT SANTOSUSDT SCRTUSDT SCRUSDT SEIUSDT SFPUSDT SHELLUSDT SIRENUSDT SKLUSDT SLERFUSDT SNXUSDT SOLUSDT SOLVUSDT SONICUSDT SPELLUSDT SPXUSDT SSVUSDT STEEMUSDT STGUSDT STORJUSDT STRKUSDT STXUSDT SUIUSDT SUNUSDT SUPERUSDT SUSDT SUSHIUSDT SWARMSUSDT SWELLUSDT SXPUSDT SYNUSDT SYSUSDT TAOUSDT THETAUSDT THEUSDT TIAUSDT TLMUSDT TNSRUSDT TOKENUSDT TONUSDT TRBUSDT TRUMPUSDT TRUUSDT TRXUSDT TSTUSDT TURBOUSDT TUSDT TUTUSDT TWTUSDT UMAUSDT UNIUSDT USTCUSDT USUALUSDT UXLINKUSDT VANAUSDT VANRYUSDT VELODROMEUSDT VETUSDT VICUSDT VINEUSDT VIRTUALUSDT VOXELUSDT VTHOUSDT VVVUSDT WALUSDT WAXPUSDT WIFUSDT WLDUSDT WOOUSDT WUSDT XAIUSDT XLMUSDT XMRUSDT XRPUSDT XTZUSDT XVGUSDT XVSUSDT YFIUSDT YGGUSDT ZECUSDT ZENUSDT ZEREBROUSDT ZETAUSDT ZILUSDT ZKUSDT ZROUSDT ZRXUSDT
2025-05-31,374,374,20,BTCUSDT ETHUSDT SOLUSDT XRPUSDT SUIUSDT DOGEUSDT 1000PEPEUSDT FARTCOINUSDT TRUMPUSDT ADAUSDT BNBUSDT ALPACAUSDT OMUSDT LINKUSDT EOSUSDT AVAXUSDT ENAUSDT VOXELUSDT GUNUSDT LAYERUSDT,1000000MOGUSDT 1000BONKUSDT 1000CATUSDT 1000CHEEMSUSDT 1000FLOKIUSDT 1000LUNCUSDT 1000PEPEUSDT 1000RATSUSDT 1000SATSUSDT 1000SHIBUSDT 1000WHYUSDT 1000XECUSDT 1000XUSDT 1INCHUSDT 1MBABYDOGEUSDT AAVEUSDT ACEUSDT ACHUSDT ACTUSDT ACXUSDT ADAUSDT AEROUSDT AEVOUSDT AGLDUSDT AI16ZUSDT AIUSDT AIXBTUSDT AKTUSDT ALCHUSDT ALGOUSDT ALICEUSDT ALPACAUSDT ALPHAUSDT ALTUSDT ANIMEUSDT ANKRUSDT APEUSDT API3USDT APTUSDT ARBUSDT ARCUSDT ARKMUSDT ARKUSDT ARPAUSDT ARUSDT ASTRUSDT ATAUSDT ATOMUSDT AUCTIONUSDT AVAAIUSDT AVAUSDT AVAXUSDT AXLUSDT AXSUSDT B3USDT BAKEUSDT BANANAS31USDT BANANAUSDT BANDUSDT BANUSDT BATUSDT BBUSDT BCHUSDT BEAMXUSDT BELUSDT BERAUSDT BICOUSDT BIDUSDT BIGTIMEUSDT BIOUSDT BLURUSDT BMTUSDT BNBUSDT BNTUSDT BOMEUSDT BRETTUSDT BROCCOLI714USDT BROCCOLIF3BUSDT BRUSDT BSVUSDT BSWUSDT BTCUSDT C98USDT CAKEUSDT CATIUSDT CELOUSDT CELRUSDT CETUSUSDT CFXUSDT CGPTUSDT CHESSUSDT CHILLGUYUSDT CHRUSDT CHZUSDT CKBUSDT COMPUSDT COOKIEUSDT COSUSDT COTIUSDT COWUSDT CRVUSDT CTSIUSDT CYBERUSDT DASHUSDT DEGENUSDT DEGOUSDT DENTUSDT DEXEUSDT DFUSDT DIAUSDT DODOXUSDT DOGEUSDT DOGSUSDT DOTUSDT DRIFTUSDT DUSDT DUSKUSDT DYDXUSDT DYMUSDT EDUUSDT EGLDUSDT EIGENUSDT ENAUSDT ENJUSDT ENSUSDT EOSUSDT EPICUSDT ETCUSDT ETHFIUSDT ETHUSDT ETHWUSDT FARTCOINUSDT FETUSDT FIDAUSDT FILUSDT FIOUSDT FLMUSDT FLOWUSDT FLUXUSDT FORMUSDT FUNUSDT FXSUSDT GALAUSDT GASUSDT GHSTUSDT GLMUSDT GMTUSDT GMXUSDT GOATUSDT GPSUSDT GRASSUSDT GRIFFAINUSDT GRTUSDT GTCUSDT GUNUSDT GUSDT HBARUSDT HEIUSDT HFTUSDT HIFIUSDT HIGHUSDT HIPPOUSDT HIVEUSDT HMSTRUSDT HOOKUSDT HOTUSDT ICPUSDT ICXUSDT IDUSDT ILVUSDT IMXUSDT INJUSDT IOSTUSDT IOTAUSDT IOTXUSDT IOUSDT IPUSDT JASMYUSDT JELLYJELLYUSDT JOEUSDT JTOUSDT JUPUSDT KAIAUSDT KAITOUSDT KASUSDT KAVAUSDT KDAUSDT KMNOUSDT KNCUSDT KOMAUSDT KSMUSDT LAYERUSDT LDOUSDT LEVERUSDT LINKUSDT LISTAUSDT LOKAUSDT LPTUSDT LQTYUSDT LRCUSDT LSKUSDT LTCUSDT LUMIAUSDT LUNA2USDT MAGICUSDT MANAUSDT MANTAUSDT MASKUSDT MAVIAUSDT MAVUSDT MBOXUSDT MELANIAUSDT MEMEUSDT METISUSDT MEUSDT MEWUSDT MINAUSDT MKRUSDT MLNUSDT MOCAUSDT MOODENGUSDT MORPHOUSDT MOVEUSDT MOVRUSDT MTLUSDT MUBARAKUSDT MYROUSDT NEARUSDT NEIROETHUSDT NEIROUSDT NEOUSDT NFPUSDT NILUSDT NKNUSDT NMRUSDT NOTUSDT NTRNUSDT OGNUSDT OMNIUSDT OMUSDT ONDOUSDT ONEUSDT ONGUSDT ONTUSDT OPUSDT ORCAUSDT ORDIUSDT OXTUSDT PARTIUSDT PENDLEUSDT PENGUUSDT PEOPLEUSDT PERPUSDT PHAUSDT PHBUSDT PIPPINUSDT PIXELUSDT PLUMEUSDT PNUTUSDT POLUSDT POLYXUSDT PONKEUSDT POPCATUSDT PORTALUSDT POWRUSDT PROMUSDT PYTHUSDT QNTUSDT QTUMUSDT QUICKUSDT RAREUSDT RAYSOLUSDT RDNTUSDT REDUSDT REIUSDT RENDERUSDT REZUSDT RIFUSDT RLCUSDT RONINUSDT ROSEUSDT RPLUSDT RSRUSDT RUNEUSDT RVNUSDT SAFEUSDT SAGAUSDT SANDUSDT SANTOSUSDT SCRTUSDT SCRUSDT SEIUSDT SFPUSDT SHELLUSDT SIRENUSDT SKLUSDT SLERFUSDT SNXUSDT SOLUSDT SOLVUSDT SONICUSDT SPELLUSDT SPXUSDT SSVUSDT STEEMUSDT STGUSDT STORJUSDT STRKUSDT STXUSDT SUIUSDT SUNUSDT SUPERUSDT SUSDT SUSHIUSDT SWARMSUSDT SWELLUSDT SXPUSDT SYNUSDT SYSUSDT TAOUSDT THETAUSDT THEUSDT TIAUSDT TLMUSDT TNSRUSDT TOKENUSDT TONUSDT TRBUSDT TRUMPUSDT TRUUSDT TRXUSDT TSTUSDT TURBOUSDT TUSDT TUTUSDT TWTUSDT UMAUSDT UNIUSDT USTCUSDT USUALUSDT UXLINKUSDT VANAUSDT VANRYUSDT VELODROMEUSDT VETUSDT VICUSDT VINEUSDT VIRTUALUSDT VOXELUSDT VTHOUSDT VVVUSDT WALUSDT WAXPUSDT WIFUSDT WLDUSDT WOOUSDT WUSDT XAIUSDT XLMUSDT XMRUSDT XRPUSDT XTZUSDT XVGUSDT XVSUSDT YFIUSDT YGGUSDT ZECUSDT ZENUSDT ZEREBROUSDT ZETAUSDT ZILUSDT ZKUSDT ZROUSDT ZRXUSDT
2025-06-07,397,397,20,BTCUSDT ETHUSDT SOLUSDT XRPUSDT 1000PEPEUSDT DOGEUSDT SUIUSDT MOODENGUSDT TRUMPUSDT ADAUSDT WIFUSDT FARTCOINUSDT BNBUSDT ENAUSDT VIRTUALUSDT PNUTUSDT KAITOUSDT NEIROUSDT WCTUSDT LINKUSDT,1000000MOGUSDT 1000BONKUSDT 1000CATUSDT 1000CHEEMSUSDT 1000FLOKIUSDT 1000LUNCUSDT 1000PEPEUSDT 1000RATSUSDT 1000SATSUSDT 1000SHIBUSDT 1000WHYUSDT 1000XECUSDT 1000XUSDT 1INCHUSDT 1MBABYDOGEUSDT AAVEUSDT ACEUSDT ACHUSDT ACTUSDT ACXUSDT ADAUSDT AERGOUSDT AEROUSDT AEVOUSDT AGLDUSDT AI16ZUSDT AIOTUSDT AIUSDT AIXBTUSDT AKTUSDT ALCHUSDT ALGOUSDT ALICEUSDT ALPHAUSDT ALTUSDT ANIMEUSDT ANKRUSDT APEUSDT API3USDT APTUSDT ARBUSDT ARCUSDT ARKMUSDT ARKUSDT ARPAUSDT ARUSDT ASTRUSDT ATAUSDT ATHUSDT ATOMUSDT AUCTIONUSDT AVAAIUSDT AVAUSDT AVAXUSDT AXLUSDT AXSUSDT B3USDT BABYUSDT BAKEUSDT BANANAS31USDT BANANAUSDT BANDUSDT BANKUSDT BANUSDT BATUSDT BBUSDT BCHUSDT BEAMXUSDT BELUSDT BERAUSDT BICOUSDT BIDUSDT BIGTIMEUSDT BIOUSDT BLURUSDT BMTUSDT BNBUSDT BNTUSDT BOMEUSDT BRETTUSDT BROCCOLI714USDT BROCCOLIF3BUSDT BRUSDT BSVUSDT BSWUSDT BTCUSDT C98USDT CAKEUSDT CATIUSDT CELOUSDT CELRUSDT CETUSUSDT CFXUSDT CGPTUSDT CHESSUSDT CHILLGUYUSDT CHRUSDT CHZUSDT CKBUSDT COMPUSDT COOKIEUSDT COSUSDT COTIUSDT COWUSDT CRVUSDT CTKUSDT CTSIUSDT CYBERUSDT DASHUSDT DEEPUSDT DEGENUSDT DEGOUSDT DENTUSDT DEXEUSDT DFUSDT DIAUSDT DODOXUSDT DOGEUSDT DOGSUSDT DOLOUSDT DOTUSDT DRIFTUSDT DUSDT DUSKUSDT DYDXUSDT DYMUSDT EDUUSDT EGLDUSDT EIGENUSDT ENAUSDT ENJUSDT ENSUSDT EPICUSDT EPTUSDT ETCUSDT ETHFIUSDT ETHUSDT ETHWUSDT FARTCOINUSDT FETUSDT FHEUSDT FIDAUSDT FILUSDT FIOUSDT FISUSDT FLMUSDT FLOWUSDT FLUXUSDT FORMUSDT FORTHUSDT FUNUSDT FXSUSDT GALAUSDT GASUSDT GHSTUSDT GLMUSDT GMTUSDT GMXUSDT GOATUSDT GPSUSDT GRASSUSDT GRIFFAINUSDT GRTUSDT GTCUSDT GUNUSDT GUSDT HAEDALUSDT HBARUSDT HEIUSDT HFTUSDT HIFIUSDT HIGHUSDT HIPPOUSDT HIVEUSDT HMSTRUSDT HOOKUSDT HOTUSDT HYPERUSDT ICPUSDT ICXUSDT IDUSDT ILVUSDT IMXUSDT INITUSDT INJUSDT IOSTUSDT IOTAUSDT IOTXUSDT IOUSDT IPUSDT JASMYUSDT JELLYJELLYUSDT JOEUSDT JSTUSDT JTOUSDT JUPUSDT KAIAUSDT KAITOUSDT KASUSDT KAVAUSDT KDAUSDT KERNELUSDT KMNOUSDT KNCUSDT KOMAUSDT KSMUSDT LAYERUSDT LDOUSDT LEVERUSDT LINKUSDT LISTAUSDT LOKAUSDT LPTUSDT LQTYUSDT LRCUSDT LSKUSDT LTCUSDT LUMIAUSDT LUNA2USDT MAGICUSDT MANAUSDT MANTAUSDT MASKUSDT MAVIAUSDT MAVUSDT MBOXUSDT MELANIAUSDT MEMEFIUSDT MEMEUSDT METISUSDT MEUSDT MEWUSDT MINAUSDT MKRUSDT MLNUSDT MOCAUSDT MOODENGUSDT MORPHOUSDT MOVEUSDT MOVRUSDT MTLUSDT MUBARAKUSDT MYROUSDT NEARUSDT NEIROETHUSDT NEIROUSDT NEOUSDT NFPUSDT NILUSDT NKNUSDT NMRUSDT NOTUSDT NTRNUSDT OGNUSDT OMNIUSDT OMUSDT ONDOUSDT ONEUSDT ONGUSDT ONTUSDT OPUSDT ORCAUSDT ORDIUSDT OXTUSDT PARTIUSDT PENDLEUSDT PENGUUSDT PEOPLEUSDT PERPUSDT PHAUSDT PHBUSDT PIPPINUSDT PIXELUSDT PLUMEUSDT PNUTUSDT POLUSDT POLYXUSDT PONKEUSDT POPCATUSDT PORTALUSDT POWRUSDT PROMPTUSDT PROMUSDT PUMPUSDT PUNDIXUSDT PYTHUSDT QNTUSDT QTUMUSDT QUICKUSDT RAREUSDT RAYSOLUSDT RDNTUSDT REDUSDT REIUSDT RENDERUSDT REZUSDT RIFUSDT RLCUSDT RONINUSDT ROSEUSDT RPLUSDT RSRUSDT RUNEUSDT RVNUSDT SAFEUSDT SAGAUSDT SANDUSDT SANTOSUSDT SCRTUSDT SCRUSDT SEIUSDT SFPUSDT SHELLUSDT SIGNUSDT SIRENUSDT SKLUSDT SLERFUSDT SNXUSDT SOLUSDT SOLVUSDT SONICUSDT SPELLUSDT SPXUSDT SSVUSDT STEEMUSDT STGUSDT STORJUSDT STOUSDT STRKUSDT STXUSDT SUIUSDT SUNUSDT SUPERUSDT SUSDT SUSHIUSDT SWARMSUSDT SWELLUSDT SXPUSDT SYNUSDT SYSUSDT TAOUSDT THETAUSDT THEUSDT TIAUSDT TLMUSDT TNSRUSDT TOKENUSDT TONUSDT TRBUSDT TRUMPUSDT TRUUSDT TRXUSDT TSTUSDT TURBOUSDT TUSDT TUTUSDT TWTUSDT UMAUSDT UNIUSDT USTCUSDT USUALUSDT UXLINKUSDT VANAUSDT VANRYUSDT VELODROMEUSDT VETUSDT VICUSDT VINEUSDT VIRTUALUSDT VOXELUSDT VTHOUSDT VVVUSDT WALUSDT WAXPUSDT WCTUSDT WIFUSDT WLDUSDT WOOUSDT WUSDT XAIUSDT XCNUSDT XLMUSDT XMRUSDT XRPUSDT XTZUSDT XVGUSDT XVSUSDT YFIUSDT YGGUSDT ZECUSDT ZENUSDT ZEREBROUSDT ZETAUSDT ZILUSDT ZKUSDT ZROUSDT ZRXUSDT
2025-06-14,397,397,20,BTCUSDT ETHUSDT SOLUSDT XRPUSDT 1000PEPEUSDT DOGEUSDT SUIUSDT MOODENGUSDT TRUMPUSDT ADAUSDT WIFUSDT FARTCOINUSDT BNBUSDT ENAUSDT VIRTUALUSDT PNUTUSDT KAITOUSDT NEIROUSDT WCTUSDT LINKUSDT,1000000MOGUSDT 1000BONKUSDT 1000CATUSDT 1000CHEEMSUSDT 1000FLOKIUSDT 1000LUNCUSDT 1000PEPEUSDT 1000RATSUSDT 1000SATSUSDT 1000SHIBUSDT 1000WHYUSDT 1000XECUSDT 1000XUSDT 1INCHUSDT 1MBABYDOGEUSDT AAVEUSDT ACEUSDT ACHUSDT ACTUSDT ACXUSDT ADAUSDT AERGOUSDT AEROUSDT AEVOUSDT AGLDUSDT AI16ZUSDT AIOTUSDT AIUSDT AIXBTUSDT AKTUSDT ALCHUSDT ALGOUSDT ALICEUSDT ALPHAUSDT ALTUSDT ANIMEUSDT ANKRUSDT APEUSDT API3USDT APTUSDT ARBUSDT ARCUSDT ARKMUSDT ARKUSDT ARPAUSDT ARUSDT ASTRUSDT ATAUSDT ATHUSDT ATOMUSDT AUCTIONUSDT AVAAIUSDT AVAUSDT AVAXUSDT AXLUSDT AXSUSDT B3USDT BABYUSDT BAKEUSDT BANANAS31USDT BANANAUSDT BANDUSDT BANKUSDT BANUSDT BATUSDT BBUSDT BCHUSDT BEAMXUSDT BELUSDT BERAUSDT BICOUSDT BIDUSDT BIGTIMEUSDT BIOUSDT BLURUSDT BMTUSDT BNBUSDT BNTUSDT BOMEUSDT BRETTUSDT BROCCOLI714USDT BROCCOLIF3BUSDT BRUSDT BSVUSDT BSWUSDT BTCUSDT C98USDT CAKEUSDT CATIUSDT CELOUSDT CELRUSDT CETUSUSDT CFXUSDT CGPTUSDT CHESSUSDT CHILLGUYUSDT CHRUSDT CHZUSDT CKBUSDT COMPUSDT COOKIEUSDT COSUSDT COTIUSDT COWUSDT CRVUSDT CTKUSDT CTSIUSDT CYBERUSDT DASHUSDT DEEPUSDT DEGENUSDT DEGOUSDT DENTUSDT DEXEUSDT DFUSDT DIAUSDT DODOXUSDT DOGEUSDT DOGSUSDT DOLOUSDT DOTUSDT DRIFTUSDT DUSDT DUSKUSDT DYDXUSDT DYMUSDT EDUUSDT EGLDUSDT EIGENUSDT ENAUSDT ENJUSDT ENSUSDT EPICUSDT EPTUSDT ETCUSDT ETHFIUSDT ETHUSDT ETHWUSDT FARTCOINUSDT FETUSDT FHEUSDT FIDAUSDT FILUSDT FIOUSDT FISUSDT FLMUSDT FLOWUSDT FLUXUSDT FORMUSDT FORTHUSDT FUNUSDT FXSUSDT GALAUSDT GASUSDT GHSTUSDT GLMUSDT GMTUSDT GMXUSDT GOATUSDT GPSUSDT GRASSUSDT GRIFFAINUSDT GRTUSDT GTCUSDT GUNUSDT GUSDT HAEDALUSDT HBARUSDT HEIUSDT HFTUSDT HIFIUSDT HIGHUSDT HIPPOUSDT HIVEUSDT HMSTRUSDT HOOKUSDT HOTUSDT HYPERUSDT ICPUSDT ICXUSDT IDUSDT ILVUSDT IMXUSDT INITUSDT INJUSDT IOSTUSDT IOTAUSDT IOTXUSDT IOUSDT IPUSDT JASMYUSDT JELLYJELLYUSDT JOEUSDT JSTUSDT JTOUSDT JUPUSDT KAIAUSDT KAITOUSDT KASUSDT KAVAUSDT KDAUSDT KERNELUSDT KMNOUSDT KNCUSDT KOMAUSDT KSMUSDT LAYERUSDT LDOUSDT LEVERUSDT LINKUSDT LISTAUSDT LOKAUSDT LPTUSDT LQTYUSDT LRCUSDT LSKUSDT LTCUSDT LUMIAUSDT LUNA2USDT MAGICUSDT MANAUSDT MANTAUSDT MASKUSDT MAVIAUSDT MAVUSDT MBOXUSDT MELANIAUSDT MEMEFIUSDT MEMEUSDT METISUSDT MEUSDT MEWUSDT MINAUSDT MKRUSDT MLNUSDT MOCAUSDT MOODENGUSDT MORPHOUSDT MOVEUSDT MOVRUSDT MTLUSDT MUBARAKUSDT MYROUSDT NEARUSDT NEIROETHUSDT NEIROUSDT NEOUSDT NFPUSDT NILUSDT NKNUSDT NMRUSDT NOTUSDT NTRNUSDT OGNUSDT OMNIUSDT OMUSDT ONDOUSDT ONEUSDT ONGUSDT ONTUSDT OPUSDT ORCAUSDT ORDIUSDT OXTUSDT PARTIUSDT PENDLEUSDT PENGUUSDT PEOPLEUSDT PERPUSDT PHAUSDT PHBUSDT PIPPINUSDT PIXELUSDT PLUMEUSDT PNUTUSDT POLUSDT POLYXUSDT PONKEUSDT POPCATUSDT PORTALUSDT POWRUSDT PROMPTUSDT PROMUSDT PUMPUSDT PUNDIXUSDT PYTHUSDT QNTUSDT QTUMUSDT QUICKUSDT RAREUSDT RAYSOLUSDT RDNTUSDT REDUSDT REIUSDT RENDERUSDT REZUSDT RIFUSDT RLCUSDT RONINUSDT ROSEUSDT RPLUSDT RSRUSDT RUNEUSDT RVNUSDT SAFEUSDT SAGAUSDT SANDUSDT SANTOSUSDT SCRTUSDT SCRUSDT SEIUSDT SFPUSDT SHELLUSDT SIGNUSDT SIRENUSDT SKLUSDT SLERFUSDT SNXUSDT SOLUSDT SOLVUSDT SONICUSDT SPELLUSDT SPXUSDT SSVUSDT STEEMUSDT STGUSDT STORJUSDT STOUSDT STRKUSDT STXUSDT SUIUSDT SUNUSDT SUPERUSDT SUSDT SUSHIUSDT SWARMSUSDT SWELLUSDT SXPUSDT SYNUSDT SYSUSDT TAOUSDT THETAUSDT THEUSDT TIAUSDT TLMUSDT TNSRUSDT TOKENUSDT TONUSDT TRBUSDT TRUMPUSDT TRUUSDT TRXUSDT TSTUSDT TURBOUSDT TUSDT TUTUSDT TWTUSDT UMAUSDT UNIUSDT USTCUSDT USUALUSDT UXLINKUSDT VANAUSDT VANRYUSDT VELODROMEUSDT VETUSDT VICUSDT VINEUSDT VIRTUALUSDT VOXELUSDT VTHOUSDT VVVUSDT WALUSDT WAXPUSDT WCTUSDT WIFUSDT WLDUSDT WOOUSDT WUSDT XAIUSDT XCNUSDT XLMUSDT XMRUSDT XRPUSDT XTZUSDT XVGUSDT XVSUSDT YFIUSDT YGGUSDT ZECUSDT ZENUSDT ZEREBROUSDT ZETAUSDT ZILUSDT ZKUSDT ZROUSDT ZRXUSDT
2025-06-21,397,397,20,BTCUSDT ETHUSDT SOLUSDT XRPUSDT 1000PEPEUSDT DOGEUSDT SUIUSDT MOODENGUSDT TRUMPUSDT ADAUSDT WIFUSDT FARTCOINUSDT BNBUSDT ENAUSDT VIRTUALUSDT PNUTUSDT KAITOUSDT NEIROUSDT WCTUSDT LINKUSDT,1000000MOGUSDT 1000BONKUSDT 1000CATUSDT 1000CHEEMSUSDT 1000FLOKIUSDT 1000LUNCUSDT 1000PEPEUSDT 1000RATSUSDT 1000SATSUSDT 1000SHIBUSDT 1000WHYUSDT 1000XECUSDT 1000XUSDT 1INCHUSDT 1MBABYDOGEUSDT AAVEUSDT ACEUSDT ACHUSDT ACTUSDT ACXUSDT ADAUSDT AERGOUSDT AEROUSDT AEVOUSDT AGLDUSDT AI16ZUSDT AIOTUSDT AIUSDT AIXBTUSDT AKTUSDT ALCHUSDT ALGOUSDT ALICEUSDT ALPHAUSDT ALTUSDT ANIMEUSDT ANKRUSDT APEUSDT API3USDT APTUSDT ARBUSDT ARCUSDT ARKMUSDT ARKUSDT ARPAUSDT ARUSDT ASTRUSDT ATAUSDT ATHUSDT ATOMUSDT AUCTIONUSDT AVAAIUSDT AVAUSDT AVAXUSDT AXLUSDT AXSUSDT B3USDT BABYUSDT BAKEUSDT BANANAS31USDT BANANAUSDT BANDUSDT BANKUSDT BANUSDT BATUSDT BBUSDT BCHUSDT BEAMXUSDT BELUSDT BERAUSDT BICOUSDT BIDUSDT BIGTIMEUSDT BIOUSDT BLURUSDT BMTUSDT BNBUSDT BNTUSDT BOMEUSDT BRETTUSDT BROCCOLI714USDT BROCCOLIF3BUSDT BRUSDT BSVUSDT BSWUSDT BTCUSDT C98USDT CAKEUSDT CATIUSDT CELOUSDT CELRUSDT CETUSUSDT CFXUSDT CGPTUSDT CHESSUSDT CHILLGUYUSDT CHRUSDT CHZUSDT CKBUSDT COMPUSDT COOKIEUSDT COSUSDT COTIUSDT COWUSDT CRVUSDT CTKUSDT CTSIUSDT CYBERUSDT DASHUSDT DEEPUSDT DEGENUSDT DEGOUSDT DENTUSDT DEXEUSDT DFUSDT DIAUSDT DODOXUSDT DOGEUSDT DOGSUSDT DOLOUSDT DOTUSDT DRIFTUSDT DUSDT DUSKUSDT DYDXUSDT DYMUSDT EDUUSDT EGLDUSDT EIGENUSDT ENAUSDT ENJUSDT ENSUSDT EPICUSDT EPTUSDT ETCUSDT ETHFIUSDT ETHUSDT ETHWUSDT FARTCOINUSDT FETUSDT FHEUSDT FIDAUSDT FILUSDT FIOUSDT FISUSDT FLMUSDT FLOWUSDT FLUXUSDT FORMUSDT FORTHUSDT FUNUSDT FXSUSDT GALAUSDT GASUSDT GHSTUSDT GLMUSDT GMTUSDT GMXUSDT GOATUSDT GPSUSDT GRASSUSDT GRIFFAINUSDT GRTUSDT GTCUSDT GUNUSDT GUSDT HAEDALUSDT HBARUSDT HEIUSDT HFTUSDT HIFIUSDT HIGHUSDT HIPPOUSDT HIVEUSDT HMSTRUSDT HOOKUSDT HOTUSDT HYPERUSDT ICPUSDT ICXUSDT IDUSDT ILVUSDT IMXUSDT INITUSDT INJUSDT IOSTUSDT IOTAUSDT IOTXUSDT IOUSDT IPUSDT JASMYUSDT JELLYJELLYUSDT JOEUSDT JSTUSDT JTOUSDT JUPUSDT KAIAUSDT KAITOUSDT KASUSDT KAVAUSDT KDAUSDT KERNELUSDT KMNOUSDT KNCUSDT KOMAUSDT KSMUSDT LAYERUSDT LDOUSDT LEVERUSDT LINKUSDT LISTAUSDT LOKAUSDT LPTUSDT LQTYUSDT LRCUSDT LSKUSDT LTCUSDT LUMIAUSDT LUNA2USDT MAGICUSDT MANAUSDT MANTAUSDT MASKUSDT MAVIAUSDT MAVUSDT MBOXUSDT MELANIAUSDT MEMEFIUSDT MEMEUSDT METISUSDT MEUSDT MEWUSDT MINAUSDT MKRUSDT MLNUSDT MOCAUSDT MOODENGUSDT MORPHOUSDT MOVEUSDT MOVRUSDT MTLUSDT MUBARAKUSDT MYROUSDT NEARUSDT NEIROETHUSDT NEIROUSDT NEOUSDT NFPUSDT NILUSDT NKNUSDT NMRUSDT NOTUSDT NTRNUSDT OGNUSDT OMNIUSDT OMUSDT ONDOUSDT ONEUSDT ONGUSDT ONTUSDT OPUSDT ORCAUSDT ORDIUSDT OXTUSDT PARTIUSDT PENDLEUSDT PENGUUSDT PEOPLEUSDT PERPUSDT PHAUSDT PHBUSDT PIPPINUSDT PIXELUSDT PLUMEUSDT PNUTUSDT POLUSDT POLYXUSDT PONKEUSDT POPCATUSDT PORTALUSDT POWRUSDT PROMPTUSDT PROMUSDT PUMPUSDT PUNDIXUSDT PYTHUSDT QNTUSDT QTUMUSDT QUICKUSDT RAREUSDT RAYSOLUSDT RDNTUSDT REDUSDT REIUSDT RENDERUSDT REZUSDT RIFUSDT RLCUSDT RONINUSDT ROSEUSDT RPLUSDT RSRUSDT RUNEUSDT RVNUSDT SAFEUSDT SAGAUSDT SANDUSDT SANTOSUSDT SCRTUSDT SCRUSDT SEIUSDT SFPUSDT SHELLUSDT SIGNUSDT SIRENUSDT SKLUSDT SLERFUSDT SNXUSDT SOLUSDT SOLVUSDT SONICUSDT SPELLUSDT SPXUSDT SSVUSDT STEEMUSDT STGUSDT STORJUSDT STOUSDT STRKUSDT STXUSDT SUIUSDT SUNUSDT SUPERUSDT SUSDT SUSHIUSDT SWARMSUSDT SWELLUSDT SXPUSDT SYNUSDT SYSUSDT TAOUSDT THETAUSDT THEUSDT TIAUSDT TLMUSDT TNSRUSDT TOKENUSDT TONUSDT TRBUSDT TRUMPUSDT TRUUSDT TRXUSDT TSTUSDT TURBOUSDT TUSDT TUTUSDT TWTUSDT UMAUSDT UNIUSDT USTCUSDT USUALUSDT UXLINKUSDT VANAUSDT VANRYUSDT VELODROMEUSDT VETUSDT VICUSDT VINEUSDT VIRTUALUSDT VOXELUSDT VTHOUSDT VVVUSDT WALUSDT WAXPUSDT WCTUSDT WIFUSDT WLDUSDT WOOUSDT WUSDT XAIUSDT XCNUSDT XLMUSDT XMRUSDT XRPUSDT XTZUSDT XVGUSDT XVSUSDT YFIUSDT YGGUSDT ZECUSDT ZENUSDT ZEREBROUSDT ZETAUSDT ZILUSDT ZKUSDT ZROUSDT ZRXUSDT
2025-06-28,397,397,20,BTCUSDT ETHUSDT SOLUSDT XRPUSDT 1000PEPEUSDT DOGEUSDT SUIUSDT MOODENGUSDT TRUMPUSDT ADAUSDT WIFUSDT FARTCOINUSDT BNBUSDT ENAUSDT VIRTUALUSDT PNUTUSDT KAITOUSDT NEIROUSDT WCTUSDT LINKUSDT,1000000MOGUSDT 1000BONKUSDT 1000CATUSDT 1000CHEEMSUSDT 1000FLOKIUSDT 1000LUNCUSDT 1000PEPEUSDT 1000RATSUSDT 1000SATSUSDT 1000SHIBUSDT 1000WHYUSDT 1000XECUSDT 1000XUSDT 1INCHUSDT 1MBABYDOGEUSDT AAVEUSDT ACEUSDT ACHUSDT ACTUSDT ACXUSDT ADAUSDT AERGOUSDT AEROUSDT AEVOUSDT AGLDUSDT AI16ZUSDT AIOTUSDT AIUSDT AIXBTUSDT AKTUSDT ALCHUSDT ALGOUSDT ALICEUSDT ALPHAUSDT ALTUSDT ANIMEUSDT ANKRUSDT APEUSDT API3USDT APTUSDT ARBUSDT ARCUSDT ARKMUSDT ARKUSDT ARPAUSDT ARUSDT ASTRUSDT ATAUSDT ATHUSDT ATOMUSDT AUCTIONUSDT AVAAIUSDT AVAUSDT AVAXUSDT AXLUSDT AXSUSDT B3USDT BABYUSDT BAKEUSDT BANANAS31USDT BANANAUSDT BANDUSDT BANKUSDT BANUSDT BATUSDT BBUSDT BCHUSDT BEAMXUSDT BELUSDT BERAUSDT BICOUSDT BIDUSDT BIGTIMEUSDT BIOUSDT BLURUSDT BMTUSDT BNBUSDT BNTUSDT BOMEUSDT BRETTUSDT BROCCOLI714USDT BROCCOLIF3BUSDT BRUSDT BSVUSDT BSWUSDT BTCUSDT C98USDT CAKEUSDT CATIUSDT CELOUSDT CELRUSDT CETUSUSDT CFXUSDT CGPTUSDT CHESSUSDT CHILLGUYUSDT CHRUSDT CHZUSDT CKBUSDT COMPUSDT COOKIEUSDT COSUSDT COTIUSDT COWUSDT CRVUSDT CTKUSDT CTSIUSDT CYBERUSDT DASHUSDT DEEPUSDT DEGENUSDT DEGOUSDT DENTUSDT DEXEUSDT DFUSDT DIAUSDT DODOXUSDT DOGEUSDT DOGSUSDT DOLOUSDT DOTUSDT DRIFTUSDT DUSDT DUSKUSDT DYDXUSDT DYMUSDT EDUUSDT EGLDUSDT EIGENUSDT ENAUSDT ENJUSDT ENSUSDT EPICUSDT EPTUSDT ETCUSDT ETHFIUSDT ETHUSDT ETHWUSDT FARTCOINUSDT FETUSDT FHEUSDT FIDAUSDT FILUSDT FIOUSDT FISUSDT FLMUSDT FLOWUSDT FLUXUSDT FORMUSDT FORTHUSDT FUNUSDT FXSUSDT GALAUSDT GASUSDT GHSTUSDT GLMUSDT GMTUSDT GMXUSDT GOATUSDT GPSUSDT GRASSUSDT GRIFFAINUSDT GRTUSDT GTCUSDT GUNUSDT GUSDT HAEDALUSDT HBARUSDT HEIUSDT HFTUSDT HIFIUSDT HIGHUSDT HIPPOUSDT HIVEUSDT HMSTRUSDT HOOKUSDT HOTUSDT HYPERUSDT ICPUSDT ICXUSDT IDUSDT ILVUSDT IMXUSDT INITUSDT INJUSDT IOSTUSDT IOTAUSDT IOTXUSDT IOUSDT IPUSDT JASMYUSDT JELLYJELLYUSDT JOEUSDT JSTUSDT JTOUSDT JUPUSDT KAIAUSDT KAITOUSDT KASUSDT KAVAUSDT KDAUSDT KERNELUSDT KMNOUSDT KNCUSDT KOMAUSDT KSMUSDT LAYERUSDT LDOUSDT LEVERUSDT LINKUSDT LISTAUSDT LOKAUSDT LPTUSDT LQTYUSDT LRCUSDT LSKUSDT LTCUSDT LUMIAUSDT LUNA2USDT MAGICUSDT MANAUSDT MANTAUSDT MASKUSDT MAVIAUSDT MAVUSDT MBOXUSDT MELANIAUSDT MEMEFIUSDT MEMEUSDT METISUSDT MEUSDT MEWUSDT MINAUSDT MKRUSDT MLNUSDT MOCAUSDT MOODENGUSDT MORPHOUSDT MOVEUSDT MOVRUSDT MTLUSDT MUBARAKUSDT MYROUSDT NEARUSDT NEIROETHUSDT NEIROUSDT NEOUSDT NFPUSDT NILUSDT NKNUSDT NMRUSDT NOTUSDT NTRNUSDT OGNUSDT OMNIUSDT OMUSDT ONDOUSDT ONEUSDT ONGUSDT ONTUSDT OPUSDT ORCAUSDT ORDIUSDT OXTUSDT PARTIUSDT PENDLEUSDT PENGUUSDT PEOPLEUSDT PERPUSDT PHAUSDT PHBUSDT PIPPINUSDT PIXELUSDT PLUMEUSDT PNUTUSDT POLUSDT POLYXUSDT PONKEUSDT POPCATUSDT PORTALUSDT POWRUSDT PROMPTUSDT PROMUSDT PUMPUSDT PUNDIXUSDT PYTHUSDT QNTUSDT QTUMUSDT QUICKUSDT RAREUSDT RAYSOLUSDT RDNTUSDT REDUSDT REIUSDT RENDERUSDT REZUSDT RIFUSDT RLCUSDT RONINUSDT ROSEUSDT RPLUSDT RSRUSDT RUNEUSDT RVNUSDT SAFEUSDT SAGAUSDT SANDUSDT SANTOSUSDT SCRTUSDT SCRUSDT SEIUSDT SFPUSDT SHELLUSDT SIGNUSDT SIRENUSDT SKLUSDT SLERFUSDT SNXUSDT SOLUSDT SOLVUSDT SONICUSDT SPELLUSDT SPXUSDT SSVUSDT STEEMUSDT STGUSDT STORJUSDT STOUSDT STRKUSDT STXUSDT SUIUSDT SUNUSDT SUPERUSDT SUSDT SUSHIUSDT SWARMSUSDT SWELLUSDT SXPUSDT SYNUSDT SYSUSDT TAOUSDT THETAUSDT THEUSDT TIAUSDT TLMUSDT TNSRUSDT TOKENUSDT TONUSDT TRBUSDT TRUMPUSDT TRUUSDT TRXUSDT TSTUSDT TURBOUSDT TUSDT TUTUSDT TWTUSDT UMAUSDT UNIUSDT USTCUSDT USUALUSDT UXLINKUSDT VANAUSDT VANRYUSDT VELODROMEUSDT VETUSDT VICUSDT VINEUSDT VIRTUALUSDT VOXELUSDT VTHOUSDT VVVUSDT WALUSDT WAXPUSDT WCTUSDT WIFUSDT WLDUSDT WOOUSDT WUSDT XAIUSDT XCNUSDT XLMUSDT XMRUSDT XRPUSDT XTZUSDT XVGUSDT XVSUSDT YFIUSDT YGGUSDT ZECUSDT ZENUSDT ZEREBROUSDT ZETAUSDT ZILUSDT ZKUSDT ZROUSDT ZRXUSDT
2025-07-05,418,403,20,BTCUSDT ETHUSDT SOLUSDT 1000PEPEUSDT XRPUSDT DOGEUSDT SUIUSDT FARTCOINUSDT WIFUSDT AAVEUSDT HYPEUSDT ADAUSDT FUNUSDT UNIUSDT ENAUSDT TRUMPUSDT BNBUSDT LINKUSDT MASKUSDT BCHUSDT,1000000MOGUSDT 1000BONKUSDT 1000CATUSDT 1000CHEEMSUSDT 1000FLOKIUSDT 1000LUNCUSDT 1000PEPEUSDT 1000RATSUSDT 1000SATSUSDT 1000SHIBUSDT 1000WHYUSDT 1000XECUSDT 1000XUSDT 1INCHUSDT 1MBABYDOGEUSDT AAVEUSDT ACEUSDT ACHUSDT ACTUSDT ACXUSDT ADAUSDT AERGOUSDT AEROUSDT AEVOUSDT AGLDUSDT AGTUSDT AI16ZUSDT AIOTUSDT AIUSDT AIXBTUSDT AKTUSDT ALCHUSDT ALGOUSDT ALICEUSDT ALPHAUSDT ALPINEUSDT ALTUSDT ANIMEUSDT ANKRUSDT APEUSDT API3USDT APTUSDT ARBUSDT ARCUSDT ARKMUSDT ARKUSDT ARPAUSDT ARUSDT ASRUSDT ASTRUSDT ATAUSDT ATHUSDT ATOMUSDT AUCTIONUSDT AUSDT AVAAIUSDT AVAUSDT AVAXUSDT AWEUSDT AXLUSDT AXSUSDT B2USDT B3USDT BABYUSDT BAKEUSDT BANANAS31USDT BANANAUSDT BANDUSDT BANKUSDT BANUSDT BATUSDT BBUSDT BCHUSDT BEAMXUSDT BELUSDT BERAUSDT BICOUSDT BIDUSDT BIGTIMEUSDT BIOUSDT BLURUSDT BMTUSDT BNBUSDT BNTUSDT BOMEUSDT BRETTUSDT BROCCOLI714USDT BROCCOLIF3BUSDT BRUSDT BSVUSDT BSWUSDT BTCUSDT BUSDT C98USDT CAKEUSDT CATIUSDT CELOUSDT CELRUSDT CETUSUSDT CFXUSDT CGPTUSDT CHESSUSDT CHILLGUYUSDT CHRUSDT CHZUSDT CKBUSDT COMPUSDT COOKIEUSDT COSUSDT COTIUSDT COWUSDT CRVUSDT CTKUSDT CTSIUSDT CVCUSDT CYBERUSDT DASHUSDT DEEPUSDT DEGENUSDT DEGOUSDT DENTUSDT DEXEUSDT DFUSDT DIAUSDT DOGEUSDT DOGSUSDT DOLOUSDT DOODUSDT DOTUSDT DRIFTUSDT DUSDT DUSKUSDT DYDXUSDT DYMUSDT EDUUSDT EGLDUSDT EIGENUSDT ENAUSDT ENJUSDT ENSUSDT EPICUSDT EPTUSDT ETCUSDT ETHFIUSDT ETHUSDT ETHWUSDT FARTCOINUSDT FETUSDT FHEUSDT FIDAUSDT FILUSDT FISUSDT FLMUSDT FLOWUSDT FORMUSDT FUNUSDT FXSUSDT GALAUSDT GASUSDT GHSTUSDT GLMUSDT GMTUSDT GMXUSDT GOATUSDT GPSUSDT GRASSUSDT GRIFFAINUSDT GRTUSDT GTCUSDT GUNUSDT HAEDALUSDT HBARUSDT HEIUSDT HFTUSDT HIFIUSDT HIGHUSDT HIPPOUSDT HIVEUSDT HMSTRUSDT HOOKUSDT HOTUSDT HUMAUSDT HYPERUSDT HYPEUSDT ICPUSDT ICXUSDT IDUSDT ILVUSDT IMXUSDT INITUSDT INJUSDT IOSTUSDT IOTAUSDT IOTXUSDT IOUSDT IPUSDT JASMYUSDT JELLYJELLYUSDT JOEUSDT JSTUSDT JTOUSDT JUPUSDT KAIAUSDT KAITOUSDT KASUSDT KAVAUSDT KDAUSDT KERNELUSDT KMNOUSDT KNCUSDT KOMAUSDT KSMUSDT LAYERUSDT LDOUSDT LEVERUSDT LINKUSDT LISTAUSDT LOKAUSDT LPTUSDT LQTYUSDT LRCUSDT LSKUSDT LTCUSDT LUMIAUSDT LUNA2USDT MAGICUSDT MANAUSDT MANTAUSDT MASKUSDT MAVIAUSDT MAVUSDT MBOXUSDT MELANIAUSDT MEMEFIUSDT MEMEUSDT MERLUSDT METISUSDT MEUSDT MEWUSDT MILKUSDT MINAUSDT MKRUSDT MLNUSDT MOCAUSDT MOODENGUSDT MORPHOUSDT MOVEUSDT MOVRUSDT MTLUSDT MUBARAKUSDT MYROUSDT NEARUSDT NEIROETHUSDT NEIROUSDT NEOUSDT NFPUSDT NILUSDT NKNUSDT NMRUSDT NOTUSDT NXPCUSDT OBOLUSDT OGNUSDT OGUSDT OMNIUSDT OMUSDT ONDOUSDT ONEUSDT ONTUSDT OPUSDT ORCAUSDT ORDIUSDT OXTUSDT PARTIUSDT PENDLEUSDT PENGUUSDT PEOPLEUSDT PERPUSDT PHAUSDT PHBUSDT PIPPINUSDT PIXELUSDT PLUMEUSDT PNUTUSDT POLUSDT POLYXUSDT PONKEUSDT POPCATUSDT PORTALUSDT POWRUSDT PROMPTUSDT PROMUSDT PUNDIXUSDT PYTHUSDT QNTUSDT QTUMUSDT QUICKUSDT RAREUSDT RAYSOLUSDT RDNTUSDT REDUSDT REIUSDT RENDERUSDT REZUSDT RLCUSDT RONINUSDT ROSEUSDT RPLUSDT RSRUSDT RUNEUSDT RVNUSDT SAFEUSDT SAGAUSDT SANDUSDT SCRUSDT SEIUSDT SFPUSDT SHELLUSDT SIGNUSDT SIRENUSDT SKLUSDT SKYAIUSDT SNXUSDT SOLUSDT SOLVUSDT SONICUSDT SOONUSDT SOPHUSDT SPELLUSDT SPXUSDT SSVUSDT STGUSDT STORJUSDT STOUSDT STRKUSDT STXUSDT SUIUSDT SUNUSDT SUPERUSDT SUSDT SUSHIUSDT SWARMSUSDT SWELLUSDT SXPUSDT SXTUSDT SYNUSDT SYRUPUSDT TAOUSDT THETAUSDT THEUSDT TIAUSDT TLMUSDT TNSRUSDT TOKENUSDT TONUSDT TRBUSDT TRUMPUSDT TRUUSDT TRXUSDT TSTUSDT TURBOUSDT TUSDT TUTUSDT TWTUSDT UMAUSDT UNIUSDT USTCUSDT USUALUSDT UXLINKUSDT VANAUSDT VANRYUSDT VELODROMEUSDT VETUSDT VINEUSDT VIRTUALUSDT VOXELUSDT VTHOUSDT VVVUSDT WALUSDT WAXPUSDT WCTUSDT WIFUSDT WLDUSDT WOOUSDT WUSDT XAIUSDT XCNUSDT XLMUSDT XMRUSDT XRPUSDT XTZUSDT XVGUSDT YFIUSDT YGGUSDT ZECUSDT ZENUSDT ZEREBROUSDT ZETAUSDT ZILUSDT ZKJUSDT ZKUSDT ZROUSDT ZRXUSDT
2025-07-12,418,403,20,BTCUSDT ETHUSDT SOLUSDT 1000PEPEUSDT XRPUSDT DOGEUSDT SUIUSDT FARTCOINUSDT WIFUSDT AAVEUSDT HYPEUSDT ADAUSDT FUNUSDT UNIUSDT ENAUSDT TRUMPUSDT BNBUSDT LINKUSDT MASKUSDT BCHUSDT,1000000MOGUSDT 1000BONKUSDT 1000CATUSDT 1000CHEEMSUSDT 1000FLOKIUSDT 1000LUNCUSDT 1000PEPEUSDT 1000RATSUSDT 1000SATSUSDT 1000SHIBUSDT 1000WHYUSDT 1000XECUSDT 1000XUSDT 1INCHUSDT 1MBABYDOGEUSDT AAVEUSDT ACEUSDT ACHUSDT ACTUSDT ACXUSDT ADAUSDT AERGOUSDT AEROUSDT AEVOUSDT AGLDUSDT AGTUSDT AI16ZUSDT AIOTUSDT AIUSDT AIXBTUSDT AKTUSDT ALCHUSDT ALGOUSDT ALICEUSDT ALPHAUSDT ALPINEUSDT ALTUSDT ANIMEUSDT ANKRUSDT APEUSDT API3USDT APTUSDT ARBUSDT ARCUSDT ARKMUSDT ARKUSDT ARPAUSDT ARUSDT ASRUSDT ASTRUSDT ATAUSDT ATHUSDT ATOMUSDT AUCTIONUSDT AUSDT AVAAIUSDT AVAUSDT AVAXUSDT AWEUSDT AXLUSDT AXSUSDT B2USDT B3USDT BABYUSDT BAKEUSDT BANANAS31USDT BANANAUSDT BANDUSDT BANKUSDT BANUSDT BATUSDT BBUSDT BCHUSDT BEAMXUSDT BELUSDT BERAUSDT BICOUSDT BIDUSDT BIGTIMEUSDT BIOUSDT BLURUSDT BMTUSDT BNBUSDT BNTUSDT BOMEUSDT BRETTUSDT BROCCOLI714USDT BROCCOLIF3BUSDT BRUSDT BSVUSDT BSWUSDT BTCUSDT BUSDT C98USDT CAKEUSDT CATIUSDT CELOUSDT CELRUSDT CETUSUSDT CFXUSDT CGPTUSDT CHESSUSDT CHILLGUYUSDT CHRUSDT CHZUSDT CKBUSDT COMPUSDT COOKIEUSDT COSUSDT COTIUSDT COWUSDT CRVUSDT CTKUSDT CTSIUSDT CVCUSDT CYBERUSDT DASHUSDT DEEPUSDT DEGENUSDT DEGOUSDT DENTUSDT DEXEUSDT DFUSDT DIAUSDT DOGEUSDT DOGSUSDT DOLOUSDT DOODUSDT DOTUSDT DRIFTUSDT DUSDT DUSKUSDT DYDXUSDT DYMUSDT EDUUSDT EGLDUSDT EIGENUSDT ENAUSDT ENJUSDT ENSUSDT EPICUSDT EPTUSDT ETCUSDT ETHFIUSDT ETHUSDT ETHWUSDT FARTCOINUSDT FETUSDT FHEUSDT FIDAUSDT FILUSDT FISUSDT FLMUSDT FLOWUSDT FORMUSDT FUNUSDT FXSUSDT GALAUSDT GASUSDT GHSTUSDT GLMUSDT GMTUSDT GMXUSDT GOATUSDT GPSUSDT GRASSUSDT GRIFFAINUSDT GRTUSDT GTCUSDT GUNUSDT HAEDALUSDT HBARUSDT HEIUSDT HFTUSDT HIFIUSDT HIGHUSDT HIPPOUSDT HIVEUSDT HMSTRUSDT HOOKUSDT HOTUSDT HUMAUSDT HYPERUSDT HYPEUSDT ICPUSDT ICXUSDT IDUSDT ILVUSDT IMXUSDT INITUSDT INJUSDT IOSTUSDT IOTAUSDT IOTXUSDT IOUSDT IPUSDT JASMYUSDT JELLYJELLYUSDT JOEUSDT JSTUSDT JTOUSDT JUPUSDT KAIAUSDT KAITOUSDT KASUSDT KAVAUSDT KDAUSDT KERNELUSDT KMNOUSDT KNCUSDT KOMAUSDT KSMUSDT LAYERUSDT LDOUSDT LEVERUSDT LINKUSDT LISTAUSDT LOKAUSDT LPTUSDT LQTYUSDT LRCUSDT LSKUSDT LTCUSDT LUMIAUSDT LUNA2USDT MAGICUSDT MANAUSDT MANTAUSDT MASKUSDT MAVIAUSDT MAVUSDT MBOXUSDT MELANIAUSDT MEMEFIUSDT MEMEUSDT MERLUSDT METISUSDT MEUSDT MEWUSDT MILKUSDT MINAUSDT MKRUSDT MLNUSDT MOCAUSDT MOODENGUSDT MORPHOUSDT MOVEUSDT MOVRUSDT MTLUSDT MUBARAKUSDT MYROUSDT NEARUSDT NEIROETHUSDT NEIROUSDT NEOUSDT NFPUSDT NILUSDT NKNUSDT NMRUSDT NOTUSDT NXPCUSDT OBOLUSDT OGNUSDT OGUSDT OMNIUSDT OMUSDT ONDOUSDT ONEUSDT ONTUSDT OPUSDT ORCAUSDT ORDIUSDT OXTUSDT PARTIUSDT PENDLEUSDT PENGUUSDT PEOPLEUSDT PERPUSDT PHAUSDT PHBUSDT PIPPINUSDT PIXELUSDT PLUMEUSDT PNUTUSDT POLUSDT POLYXUSDT PONKEUSDT POPCATUSDT PORTALUSDT POWRUSDT PROMPTUSDT PROMUSDT PUNDIXUSDT PYTHUSDT QNTUSDT QTUMUSDT QUICKUSDT RAREUSDT RAYSOLUSDT RDNTUSDT REDUSDT REIUSDT RENDERUSDT REZUSDT RLCUSDT RONINUSDT ROSEUSDT RPLUSDT RSRUSDT RUNEUSDT RVNUSDT SAFEUSDT SAGAUSDT SANDUSDT SCRUSDT SEIUSDT SFPUSDT SHELLUSDT SIGNUSDT SIRENUSDT SKLUSDT SKYAIUSDT SNXUSDT SOLUSDT SOLVUSDT SONICUSDT SOONUSDT SOPHUSDT SPELLUSDT SPXUSDT SSVUSDT STGUSDT STORJUSDT STOUSDT STRKUSDT STXUSDT SUIUSDT SUNUSDT SUPERUSDT SUSDT SUSHIUSDT SWARMSUSDT SWELLUSDT SXPUSDT SXTUSDT SYNUSDT SYRUPUSDT TAOUSDT THETAUSDT THEUSDT TIAUSDT TLMUSDT TNSRUSDT TOKENUSDT TONUSDT TRBUSDT TRUMPUSDT TRUUSDT TRXUSDT TSTUSDT TURBOUSDT TUSDT TUTUSDT TWTUSDT UMAUSDT UNIUSDT USTCUSDT USUALUSDT UXLINKUSDT VANAUSDT VANRYUSDT VELODROMEUSDT VETUSDT VINEUSDT VIRTUALUSDT VOXELUSDT VTHOUSDT VVVUSDT WALUSDT WAXPUSDT WCTUSDT WIFUSDT WLDUSDT WOOUSDT WUSDT XAIUSDT XCNUSDT XLMUSDT XMRUSDT XRPUSDT XTZUSDT XVGUSDT YFIUSDT YGGUSDT ZECUSDT ZENUSDT ZEREBROUSDT ZETAUSDT ZILUSDT ZKJUSDT ZKUSDT ZROUSDT ZRXUSDT
2025-07-19,418,403,20,BTCUSDT ETHUSDT SOLUSDT 1000PEPEUSDT XRPUSDT DOGEUSDT SUIUSDT FARTCOINUSDT WIFUSDT AAVEUSDT HYPEUSDT ADAUSDT FUNUSDT UNIUSDT ENAUSDT TRUMPUSDT BNBUSDT LINKUSDT MASKUSDT BCHUSDT,1000000MOGUSDT 1000BONKUSDT 1000CATUSDT 1000CHEEMSUSDT 1000FLOKIUSDT 1000LUNCUSDT 1000PEPEUSDT 1000RATSUSDT 1000SATSUSDT 1000SHIBUSDT 1000WHYUSDT 1000XECUSDT 1000XUSDT 1INCHUSDT 1MBABYDOGEUSDT AAVEUSDT ACEUSDT ACHUSDT ACTUSDT ACXUSDT ADAUSDT AERGOUSDT AEROUSDT AEVOUSDT AGLDUSDT AGTUSDT AI16ZUSDT AIOTUSDT AIUSDT AIXBTUSDT AKTUSDT ALCHUSDT ALGOUSDT ALICEUSDT ALPHAUSDT ALPINEUSDT ALTUSDT ANIMEUSDT ANKRUSDT APEUSDT API3USDT APTUSDT ARBUSDT ARCUSDT ARKMUSDT ARKUSDT ARPAUSDT ARUSDT ASRUSDT ASTRUSDT ATAUSDT ATHUSDT ATOMUSDT AUCTIONUSDT AUSDT AVAAIUSDT AVAUSDT AVAXUSDT AWEUSDT AXLUSDT AXSUSDT B2USDT B3USDT BABYUSDT BAKEUSDT BANANAS31USDT BANANAUSDT BANDUSDT BANKUSDT BANUSDT BATUSDT BBUSDT BCHUSDT BEAMXUSDT BELUSDT BERAUSDT BICOUSDT BIDUSDT BIGTIMEUSDT BIOUSDT BLURUSDT BMTUSDT BNBUSDT BNTUSDT BOMEUSDT BRETTUSDT BROCCOLI714USDT BROCCOLIF3BUSDT BRUSDT BSVUSDT BSWUSDT BTCUSDT BUSDT C98USDT CAKEUSDT CATIUSDT CELOUSDT CELRUSDT CETUSUSDT CFXUSDT CGPTUSDT CHESSUSDT CHILLGUYUSDT CHRUSDT CHZUSDT CKBUSDT COMPUSDT COOKIEUSDT COSUSDT COTIUSDT COWUSDT CRVUSDT CTKUSDT CTSIUSDT CVCUSDT CYBERUSDT DASHUSDT DEEPUSDT DEGENUSDT DEGOUSDT DENTUSDT DEXEUSDT DFUSDT DIAUSDT DOGEUSDT DOGSUSDT DOLOUSDT DOODUSDT DOTUSDT DRIFTUSDT DUSDT DUSKUSDT DYDXUSDT DYMUSDT EDUUSDT EGLDUSDT EIGENUSDT ENAUSDT ENJUSDT ENSUSDT EPICUSDT EPTUSDT ETCUSDT ETHFIUSDT ETHUSDT ETHWUSDT FARTCOINUSDT FETUSDT FHEUSDT FIDAUSDT FILUSDT FISUSDT FLMUSDT FLOWUSDT FORMUSDT FUNUSDT FXSUSDT GALAUSDT GASUSDT GHSTUSDT GLMUSDT GMTUSDT GMXUSDT GOATUSDT GPSUSDT GRASSUSDT GRIFFAINUSDT GRTUSDT GTCUSDT GUNUSDT HAEDALUSDT HBARUSDT HEIUSDT HFTUSDT HIFIUSDT HIGHUSDT HIPPOUSDT HIVEUSDT HMSTRUSDT HOOKUSDT HOTUSDT HUMAUSDT HYPERUSDT HYPEUSDT ICPUSDT ICXUSDT IDUSDT ILVUSDT IMXUSDT INITUSDT INJUSDT IOSTUSDT IOTAUSDT IOTXUSDT IOUSDT IPUSDT JASMYUSDT JELLYJELLYUSDT JOEUSDT JSTUSDT JTOUSDT JUPUSDT KAIAUSDT KAITOUSDT KASUSDT KAVAUSDT KDAUSDT KERNELUSDT KMNOUSDT KNCUSDT KOMAUSDT KSMUSDT LAYERUSDT LDOUSDT LEVERUSDT LINKUSDT LISTAUSDT LOKAUSDT LPTUSDT LQTYUSDT LRCUSDT LSKUSDT LTCUSDT LUMIAUSDT LUNA2USDT MAGICUSDT MANAUSDT MANTAUSDT MASKUSDT MAVIAUSDT MAVUSDT MBOXUSDT MELANIAUSDT MEMEFIUSDT MEMEUSDT MERLUSDT METISUSDT MEUSDT MEWUSDT MILKUSDT MINAUSDT MKRUSDT MLNUSDT MOCAUSDT MOODENGUSDT MORPHOUSDT MOVEUSDT MOVRUSDT MTLUSDT MUBARAKUSDT MYROUSDT NEARUSDT NEIROETHUSDT NEIROUSDT NEOUSDT NFPUSDT NILUSDT NKNUSDT NMRUSDT NOTUSDT NXPCUSDT OBOLUSDT OGNUSDT OGUSDT OMNIUSDT OMUSDT ONDOUSDT ONEUSDT ONTUSDT OPUSDT ORCAUSDT ORDIUSDT OXTUSDT PARTIUSDT PENDLEUSDT PENGUUSDT PEOPLEUSDT PERPUSDT PHAUSDT PHBUSDT PIPPINUSDT PIXELUSDT PLUMEUSDT PNUTUSDT POLUSDT POLYXUSDT PONKEUSDT POPCATUSDT PORTALUSDT POWRUSDT PROMPTUSDT PROMUSDT PUNDIXUSDT PYTHUSDT QNTUSDT QTUMUSDT QUICKUSDT RAREUSDT RAYSOLUSDT RDNTUSDT REDUSDT REIUSDT RENDERUSDT REZUSDT RLCUSDT RONINUSDT ROSEUSDT RPLUSDT RSRUSDT RUNEUSDT RVNUSDT SAFEUSDT SAGAUSDT SANDUSDT SCRUSDT SEIUSDT SFPUSDT SHELLUSDT SIGNUSDT SIRENUSDT SKLUSDT SKYAIUSDT SNXUSDT SOLUSDT SOLVUSDT SONICUSDT SOONUSDT SOPHUSDT SPELLUSDT SPXUSDT SSVUSDT STGUSDT STORJUSDT STOUSDT STRKUSDT STXUSDT SUIUSDT SUNUSDT SUPERUSDT SUSDT SUSHIUSDT SWARMSUSDT SWELLUSDT SXPUSDT SXTUSDT SYNUSDT SYRUPUSDT TAOUSDT THETAUSDT THEUSDT TIAUSDT TLMUSDT TNSRUSDT TOKENUSDT TONUSDT TRBUSDT TRUMPUSDT TRUUSDT TRXUSDT TSTUSDT TURBOUSDT TUSDT TUTUSDT TWTUSDT UMAUSDT UNIUSDT USTCUSDT USUALUSDT UXLINKUSDT VANAUSDT VANRYUSDT VELODROMEUSDT VETUSDT VINEUSDT VIRTUALUSDT VOXELUSDT VTHOUSDT VVVUSDT WALUSDT WAXPUSDT WCTUSDT WIFUSDT WLDUSDT WOOUSDT WUSDT XAIUSDT XCNUSDT XLMUSDT XMRUSDT XRPUSDT XTZUSDT XVGUSDT YFIUSDT YGGUSDT ZECUSDT ZENUSDT ZEREBROUSDT ZETAUSDT ZILUSDT ZKJUSDT ZKUSDT ZROUSDT ZRXUSDT
2025-07-26,418,403,20,BTCUSDT ETHUSDT SOLUSDT 1000PEPEUSDT XRPUSDT DOGEUSDT SUIUSDT FARTCOINUSDT WIFUSDT AAVEUSDT HYPEUSDT ADAUSDT FUNUSDT UNIUSDT ENAUSDT TRUMPUSDT BNBUSDT LINKUSDT MASKUSDT BCHUSDT,1000000MOGUSDT 1000BONKUSDT 1000CATUSDT 1000CHEEMSUSDT 1000FLOKIUSDT 1000LUNCUSDT 1000PEPEUSDT 1000RATSUSDT 1000SATSUSDT 1000SHIBUSDT 1000WHYUSDT 1000XECUSDT 1000XUSDT 1INCHUSDT 1MBABYDOGEUSDT AAVEUSDT ACEUSDT ACHUSDT ACTUSDT ACXUSDT ADAUSDT AERGOUSDT AEROUSDT AEVOUSDT AGLDUSDT AGTUSDT AI16ZUSDT AIOTUSDT AIUSDT AIXBTUSDT AKTUSDT ALCHUSDT ALGOUSDT ALICEUSDT ALPHAUSDT ALPINEUSDT ALTUSDT ANIMEUSDT ANKRUSDT APEUSDT API3USDT APTUSDT ARBUSDT ARCUSDT ARKMUSDT ARKUSDT ARPAUSDT ARUSDT ASRUSDT ASTRUSDT ATAUSDT ATHUSDT ATOMUSDT AUCTIONUSDT AUSDT AVAAIUSDT AVAUSDT AVAXUSDT AWEUSDT AXLUSDT AXSUSDT B2USDT B3USDT BABYUSDT BAKEUSDT BANANAS31USDT BANANAUSDT BANDUSDT BANKUSDT BANUSDT BATUSDT BBUSDT BCHUSDT BEAMXUSDT BELUSDT BERAUSDT BICOUSDT BIDUSDT BIGTIMEUSDT BIOUSDT BLURUSDT BMTUSDT BNBUSDT BNTUSDT BOMEUSDT BRETTUSDT BROCCOLI714USDT BROCCOLIF3BUSDT BRUSDT BSVUSDT BSWUSDT BTCUSDT BUSDT C98USDT CAKEUSDT CATIUSDT CELOUSDT CELRUSDT CETUSUSDT CFXUSDT CGPTUSDT CHESSUSDT CHILLGUYUSDT CHRUSDT CHZUSDT CKBUSDT COMPUSDT COOKIEUSDT COSUSDT COTIUSDT COWUSDT CRVUSDT CTKUSDT CTSIUSDT CVCUSDT CYBERUSDT DASHUSDT DEEPUSDT DEGENUSDT DEGOUSDT DENTUSDT DEXEUSDT DFUSDT DIAUSDT DOGEUSDT DOGSUSDT DOLOUSDT DOODUSDT DOTUSDT DRIFTUSDT DUSDT DUSKUSDT DYDXUSDT DYMUSDT EDUUSDT EGLDUSDT EIGENUSDT ENAUSDT ENJUSDT ENSUSDT EPICUSDT EPTUSDT ETCUSDT ETHFIUSDT ETHUSDT ETHWUSDT FARTCOINUSDT FETUSDT FHEUSDT FIDAUSDT FILUSDT FISUSDT FLMUSDT FLOWUSDT FORMUSDT FUNUSDT FXSUSDT GALAUSDT GASUSDT GHSTUSDT GLMUSDT GMTUSDT GMXUSDT GOATUSDT GPSUSDT GRASSUSDT GRIFFAINUSDT GRTUSDT GTCUSDT GUNUSDT HAEDALUSDT HBARUSDT HEIUSDT HFTUSDT HIFIUSDT HIGHUSDT HIPPOUSDT HIVEUSDT HMSTRUSDT HOOKUSDT HOTUSDT HUMAUSDT HYPERUSDT HYPEUSDT ICPUSDT ICXUSDT IDUSDT ILVUSDT IMXUSDT INITUSDT INJUSDT IOSTUSDT IOTAUSDT IOTXUSDT IOUSDT IPUSDT JASMYUSDT JELLYJELLYUSDT JOEUSDT JSTUSDT JTOUSDT JUPUSDT KAIAUSDT KAITOUSDT KASUSDT KAVAUSDT KDAUSDT KERNELUSDT KMNOUSDT KNCUSDT KOMAUSDT KSMUSDT LAYERUSDT LDOUSDT LEVERUSDT LINKUSDT LISTAUSDT LOKAUSDT LPTUSDT LQTYUSDT LRCUSDT LSKUSDT LTCUSDT LUMIAUSDT LUNA2USDT MAGICUSDT MANAUSDT MANTAUSDT MASKUSDT MAVIAUSDT MAVUSDT MBOXUSDT MELANIAUSDT MEMEFIUSDT MEMEUSDT MERLUSDT METISUSDT MEUSDT MEWUSDT MILKUSDT MINAUSDT MKRUSDT MLNUSDT MOCAUSDT MOODENGUSDT MORPHOUSDT MOVEUSDT MOVRUSDT MTLUSDT MUBARAKUSDT MYROUSDT NEARUSDT NEIROETHUSDT NEIROUSDT NEOUSDT NFPUSDT NILUSDT NKNUSDT NMRUSDT NOTUSDT NXPCUSDT OBOLUSDT OGNUSDT OGUSDT OMNIUSDT OMUSDT ONDOUSDT ONEUSDT ONTUSDT OPUSDT ORCAUSDT ORDIUSDT OXTUSDT PARTIUSDT PENDLEUSDT PENGUUSDT PEOPLEUSDT PERPUSDT PHAUSDT PHBUSDT PIPPINUSDT PIXELUSDT PLUMEUSDT PNUTUSDT POLUSDT POLYXUSDT PONKEUSDT POPCATUSDT PORTALUSDT POWRUSDT PROMPTUSDT PROMUSDT PUNDIXUSDT PYTHUSDT QNTUSDT QTUMUSDT QUICKUSDT RAREUSDT RAYSOLUSDT RDNTUSDT REDUSDT REIUSDT RENDERUSDT REZUSDT RLCUSDT RONINUSDT ROSEUSDT RPLUSDT RSRUSDT RUNEUSDT RVNUSDT SAFEUSDT SAGAUSDT SANDUSDT SCRUSDT SEIUSDT SFPUSDT SHELLUSDT SIGNUSDT SIRENUSDT SKLUSDT SKYAIUSDT SNXUSDT SOLUSDT SOLVUSDT SONICUSDT SOONUSDT SOPHUSDT SPELLUSDT SPXUSDT SSVUSDT STGUSDT STORJUSDT STOUSDT STRKUSDT STXUSDT SUIUSDT SUNUSDT SUPERUSDT SUSDT SUSHIUSDT SWARMSUSDT SWELLUSDT SXPUSDT SXTUSDT SYNUSDT SYRUPUSDT TAOUSDT THETAUSDT THEUSDT TIAUSDT TLMUSDT TNSRUSDT TOKENUSDT TONUSDT TRBUSDT TRUMPUSDT TRUUSDT TRXUSDT TSTUSDT TURBOUSDT TUSDT TUTUSDT TWTUSDT UMAUSDT UNIUSDT USTCUSDT USUALUSDT UXLINKUSDT VANAUSDT VANRYUSDT VELODROMEUSDT VETUSDT VINEUSDT VIRTUALUSDT VOXELUSDT VTHOUSDT VVVUSDT WALUSDT WAXPUSDT WCTUSDT WIFUSDT WLDUSDT WOOUSDT WUSDT XAIUSDT XCNUSDT XLMUSDT XMRUSDT XRPUSDT XTZUSDT XVGUSDT YFIUSDT YGGUSDT ZECUSDT ZENUSDT ZEREBROUSDT ZETAUSDT ZILUSDT ZKJUSDT ZKUSDT ZROUSDT ZRXUSDT
2025-08-02,436,435,20,ETHUSDT BTCUSDT SOLUSDT XRPUSDT DOGEUSDT 1000PEPEUSDT SUIUSDT PENGUUSDT ENAUSDT 1000BONKUSDT ADAUSDT FARTCOINUSDT BNBUSDT WIFUSDT XLMUSDT HYPERUSDT UNIUSDT LINKUSDT TRUMPUSDT SPKUSDT,1000000BOBUSDT 1000000MOGUSDT 1000BONKUSDT 1000CATUSDT 1000CHEEMSUSDT 1000FLOKIUSDT 1000LUNCUSDT 1000PEPEUSDT 1000RATSUSDT 1000SATSUSDT 1000SHIBUSDT 1000WHYUSDT 1000XECUSDT 1000XUSDT 1INCHUSDT 1MBABYDOGEUSDT AAVEUSDT ACEUSDT ACHUSDT ACTUSDT ACXUSDT ADAUSDT AERGOUSDT AEROUSDT AEVOUSDT AGLDUSDT AGTUSDT AI16ZUSDT AIOTUSDT AIUSDT AIXBTUSDT AKTUSDT ALCHUSDT ALGOUSDT ALICEUSDT ALPHAUSDT ALPINEUSDT ALTUSDT ANIMEUSDT ANKRUSDT APEUSDT API3USDT APTUSDT ARBUSDT ARCUSDT ARKMUSDT ARKUSDT ARPAUSDT ARUSDT ASRUSDT ASTRUSDT ATAUSDT ATHUSDT ATOMUSDT AUCTIONUSDT AUSDT AVAAIUSDT AVAUSDT AVAXUSDT AWEUSDT AXLUSDT AXSUSDT B2USDT B3USDT BABYUSDT BAKEUSDT BANANAS31USDT BANANAUSDT BANDUSDT BANKUSDT BANUSDT BATUSDT BBUSDT BCHUSDT BDXNUSDT BEAMXUSDT BELUSDT BERAUSDT BICOUSDT BIDUSDT BIGTIMEUSDT BIOUSDT BLURUSDT BMTUSDT BNBUSDT BNTUSDT BOMEUSDT BRETTUSDT BROCCOLI714USDT BROCCOLIF3BUSDT BRUSDT BSVUSDT BSWUSDT BTCUSDT BUSDT C98USDT CAKEUSDT CATIUSDT CELOUSDT CELRUSDT CETUSUSDT CFXUSDT CGPTUSDT CHESSUSDT CHILLGUYUSDT CHRUSDT CHZUSDT CKBUSDT COMPUSDT COOKIEUSDT COSUSDT COTIUSDT COWUSDT CRVUSDT CTKUSDT CTSIUSDT CVCUSDT CYBERUSDT DASHUSDT DEEPUSDT DEGENUSDT DEGOUSDT DENTUSDT DEXEUSDT DFUSDT DIAUSDT DMCUSDT DODOXUSDT DOGEUSDT DOGSUSDT DOLOUSDT DOODUSDT DOTUSDT DRIFTUSDT DUSDT DUSKUSDT DYDXUSDT DYMUSDT EDUUSDT EGLDUSDT EIGENUSDT ENAUSDT ENJUSDT ENSUSDT EPICUSDT EPTUSDT ETCUSDT ETHFIUSDT ETHUSDT ETHWUSDT FARTCOINUSDT FETUSDT FHEUSDT FIDAUSDT FILUSDT FIOUSDT FISUSDT FLMUSDT FLOWUSDT FLUXUSDT FORMUSDT FUNUSDT FUSDT FXSUSDT GALAUSDT GASUSDT GHSTUSDT GLMUSDT GMTUSDT GMXUSDT GOATUSDT GPSUSDT GRASSUSDT GRIFFAINUSDT GRTUSDT GTCUSDT GUNUSDT GUSDT HAEDALUSDT HBARUSDT HEIUSDT HFTUSDT HIFIUSDT HIGHUSDT HIPPOUSDT HIVEUSDT HMSTRUSDT HOMEUSDT HOOKUSDT HOTUSDT HUMAUSDT HUSDT HYPERUSDT HYPEUSDT ICPUSDT ICXUSDT IDUSDT ILVUSDT IMXUSDT INITUSDT INJUSDT IOSTUSDT IOTAUSDT IOTXUSDT IOUSDT IPUSDT JASMYUSDT JELLYJELLYUSDT JOEUSDT JSTUSDT JTOUSDT JUPUSDT KAIAUSDT KAITOUSDT KASUSDT KAVAUSDT KDAUSDT KERNELUSDT KMNOUSDT KNCUSDT KOMAUSDT KSMUSDT LAUSDT LAYERUSDT LDOUSDT LEVERUSDT LINKUSDT LISTAUSDT LPTUSDT LQTYUSDT LRCUSDT LSKUSDT LTCUSDT LUMIAUSDT LUNA2USDT MAGICUSDT MANAUSDT MANTAUSDT MASKUSDT MAVIAUSDT MAVUSDT MBOXUSDT MELANIAUSDT MEMEFIUSDT MEMEUSDT MERLUSDT METISUSDT MEUSDT MEWUSDT MILKUSDT MINAUSDT MKRUSDT MLNUSDT MOCAUSDT MOODENGUSDT MORPHOUSDT MOVEUSDT MOVRUSDT MTLUSDT MUBARAKUSDT MYROUSDT MYXUSDT NEARUSDT NEIROETHUSDT NEIROUSDT NEOUSDT NEWTUSDT NFPUSDT NILUSDT NKNUSDT NMRUSDT NOTUSDT NTRNUSDT NXPCUSDT OBOLUSDT OGNUSDT OGUSDT OLUSDT OMNIUSDT OMUSDT ONDOUSDT ONEUSDT ONGUSDT ONTUSDT OPUSDT ORCAUSDT ORDIUSDT OXTUSDT PARTIUSDT PENDLEUSDT PENGUUSDT PEOPLEUSDT PERPUSDT PHAUSDT PHBUSDT PIPPINUSDT PIXELUSDT PLUMEUSDT PNUTUSDT POLUSDT POLYXUSDT PONKEUSDT POPCATUSDT PORT3USDT PORTALUSDT POWRUSDT PROMPTUSDT PROMUSDT PUFFERUSDT PUMPBTCUSDT PUNDIXUSDT PYTHUSDT QNTUSDT QTUMUSDT QUICKUSDT RAREUSDT RAYSOLUSDT RDNTUSDT REDUSDT REIUSDT RENDERUSDT RESOLVUSDT REZUSDT RIFUSDT RLCUSDT RONINUSDT ROSEUSDT RPLUSDT RSRUSDT RUNEUSDT RVNUSDT SAFEUSDT SAGAUSDT SAHARAUSDT SANDUSDT SANTOSUSDT SCRTUSDT SCRUSDT SEIUSDT SFPUSDT SHELLUSDT SIGNUSDT SIRENUSDT SKATEUSDT SKLUSDT SKYAIUSDT SLERFUSDT SNXUSDT SOLUSDT SOLVUSDT SONICUSDT SOONUSDT SOPHUSDT SPELLUSDT SPKUSDT SPXUSDT SQDUSDT SSVUSDT STEEMUSDT STGUSDT STORJUSDT STOUSDT STRKUSDT STXUSDT SUIUSDT SUNUSDT SUPERUSDT SUSDT SUSHIUSDT SWARMSUSDT SWELLUSDT SXPUSDT SXTUSDT SYNUSDT SYRUPUSDT SYSUSDT TAIKOUSDT TAOUSDT THETAUSDT THEUSDT TIAUSDT TLMUSDT TNSRUSDT TOKENUSDT TONUSDT TRBUSDT TRUMPUSDT TRUUSDT TRXUSDT TSTUSDT TURBOUSDT TUSDT TUTUSDT TWTUSDT UMAUSDT UNIUSDT USTCUSDT USUALUSDT UXLINKUSDT VANAUSDT VANRYUSDT VELODROMEUSDT VETUSDT VICUSDT VINEUSDT VIRTUALUSDT VOXELUSDT VTHOUSDT VVVUSDT WALUSDT WAXPUSDT WCTUSDT WIFUSDT WLDUSDT WOOUSDT WUSDT XAIUSDT XCNUSDT XLMUSDT XMRUSDT XRPUSDT XTZUSDT XVGUSDT XVSUSDT YFIUSDT YGGUSDT ZECUSDT ZENUSDT ZEREBROUSDT ZETAUSDT ZILUSDT ZKJUSDT ZKUSDT ZROUSDT ZRXUSDT
2025-08-09,436,435,20,ETHUSDT BTCUSDT SOLUSDT XRPUSDT DOGEUSDT 1000PEPEUSDT SUIUSDT PENGUUSDT ENAUSDT 1000BONKUSDT ADAUSDT FARTCOINUSDT BNBUSDT WIFUSDT XLMUSDT HYPERUSDT UNIUSDT LINKUSDT TRUMPUSDT SPKUSDT,1000000BOBUSDT 1000000MOGUSDT 1000BONKUSDT 1000CATUSDT 1000CHEEMSUSDT 1000FLOKIUSDT 1000LUNCUSDT 1000PEPEUSDT 1000RATSUSDT 1000SATSUSDT 1000SHIBUSDT 1000WHYUSDT 1000XECUSDT 1000XUSDT 1INCHUSDT 1MBABYDOGEUSDT AAVEUSDT ACEUSDT ACHUSDT ACTUSDT ACXUSDT ADAUSDT AERGOUSDT AEROUSDT AEVOUSDT AGLDUSDT AGTUSDT AI16ZUSDT AIOTUSDT AIUSDT AIXBTUSDT AKTUSDT ALCHUSDT ALGOUSDT ALICEUSDT ALPHAUSDT ALPINEUSDT ALTUSDT ANIMEUSDT ANKRUSDT APEUSDT API3USDT APTUSDT ARBUSDT ARCUSDT ARKMUSDT ARKUSDT ARPAUSDT ARUSDT ASRUSDT ASTRUSDT ATAUSDT ATHUSDT ATOMUSDT AUCTIONUSDT AUSDT AVAAIUSDT AVAUSDT AVAXUSDT AWEUSDT AXLUSDT AXSUSDT B2USDT B3USDT BABYUSDT BAKEUSDT BANANAS31USDT BANANAUSDT BANDUSDT BANKUSDT BANUSDT BATUSDT BBUSDT BCHUSDT BDXNUSDT BEAMXUSDT BELUSDT BERAUSDT BICOUSDT BIDUSDT BIGTIMEUSDT BIOUSDT BLURUSDT BMTUSDT BNBUSDT BNTUSDT BOMEUSDT BRETTUSDT BROCCOLI714USDT BROCCOLIF3BUSDT BRUSDT BSVUSDT BSWUSDT BTCUSDT BUSDT C98USDT CAKEUSDT CATIUSDT CELOUSDT CELRUSDT CETUSUSDT CFXUSDT CGPTUSDT CHESSUSDT CHILLGUYUSDT CHRUSDT CHZUSDT CKBUSDT COMPUSDT COOKIEUSDT COSUSDT COTIUSDT COWUSDT CRVUSDT CTKUSDT CTSIUSDT CVCUSDT CYBERUSDT DASHUSDT DEEPUSDT DEGENUSDT DEGOUSDT DENTUSDT DEXEUSDT DFUSDT DIAUSDT DMCUSDT DODOXUSDT DOGEUSDT DOGSUSDT DOLOUSDT DOODUSDT DOTUSDT DRIFTUSDT DUSDT DUSKUSDT DYDXUSDT DYMUSDT EDUUSDT EGLDUSDT EIGENUSDT ENAUSDT ENJUSDT ENSUSDT EPICUSDT EPTUSDT ETCUSDT ETHFIUSDT ETHUSDT ETHWUSDT FARTCOINUSDT FETUSDT FHEUSDT FIDAUSDT FILUSDT FIOUSDT FISUSDT FLMUSDT FLOWUSDT FLUXUSDT FORMUSDT FUNUSDT FUSDT FXSUSDT GALAUSDT GASUSDT GHSTUSDT GLMUSDT GMTUSDT GMXUSDT GOATUSDT GPSUSDT GRASSUSDT GRIFFAINUSDT GRTUSDT GTCUSDT GUNUSDT GUSDT HAEDALUSDT HBARUSDT HEIUSDT HFTUSDT HIFIUSDT HIGHUSDT HIPPOUSDT HIVEUSDT HMSTRUSDT HOMEUSDT HOOKUSDT HOTUSDT HUMAUSDT HUSDT HYPERUSDT HYPEUSDT ICPUSDT ICXUSDT IDUSDT ILVUSDT IMXUSDT INITUSDT INJUSDT IOSTUSDT IOTAUSDT IOTXUSDT IOUSDT IPUSDT JASMYUSDT JELLYJELLYUSDT JOEUSDT JSTUSDT JTOUSDT JUPUSDT KAIAUSDT KAITOUSDT KASUSDT KAVAUSDT KDAUSDT KERNELUSDT KMNOUSDT KNCUSDT KOMAUSDT KSMUSDT LAUSDT LAYERUSDT LDOUSDT LEVERUSDT LINKUSDT LISTAUSDT LPTUSDT LQTYUSDT LRCUSDT LSKUSDT LTCUSDT LUMIAUSDT LUNA2USDT MAGICUSDT MANAUSDT MANTAUSDT MASKUSDT MAVIAUSDT MAVUSDT MBOXUSDT MELANIAUSDT MEMEFIUSDT MEMEUSDT MERLUSDT METISUSDT MEUSDT MEWUSDT MILKUSDT MINAUSDT MKRUSDT MLNUSDT MOCAUSDT MOODENGUSDT MORPHOUSDT MOVEUSDT MOVRUSDT MTLUSDT MUBARAKUSDT MYROUSDT MYXUSDT NEARUSDT NEIROETHUSDT NEIROUSDT NEOUSDT NEWTUSDT NFPUSDT NILUSDT NKNUSDT NMRUSDT NOTUSDT NTRNUSDT NXPCUSDT OBOLUSDT OGNUSDT OGUSDT OLUSDT OMNIUSDT OMUSDT ONDOUSDT ONEUSDT ONGUSDT ONTUSDT OPUSDT ORCAUSDT ORDIUSDT OXTUSDT PARTIUSDT PENDLEUSDT PENGUUSDT PEOPLEUSDT PERPUSDT PHAUSDT PHBUSDT PIPPINUSDT PIXELUSDT PLUMEUSDT PNUTUSDT POLUSDT POLYXUSDT PONKEUSDT POPCATUSDT PORT3USDT PORTALUSDT POWRUSDT PROMPTUSDT PROMUSDT PUFFERUSDT PUMPBTCUSDT PUNDIXUSDT PYTHUSDT QNTUSDT QTUMUSDT QUICKUSDT RAREUSDT RAYSOLUSDT RDNTUSDT REDUSDT REIUSDT RENDERUSDT RESOLVUSDT REZUSDT RIFUSDT RLCUSDT RONINUSDT ROSEUSDT RPLUSDT RSRUSDT RUNEUSDT RVNUSDT SAFEUSDT SAGAUSDT SAHARAUSDT SANDUSDT SANTOSUSDT SCRTUSDT SCRUSDT SEIUSDT SFPUSDT SHELLUSDT SIGNUSDT SIRENUSDT SKATEUSDT SKLUSDT SKYAIUSDT SLERFUSDT SNXUSDT SOLUSDT SOLVUSDT SONICUSDT SOONUSDT SOPHUSDT SPELLUSDT SPKUSDT SPXUSDT SQDUSDT SSVUSDT STEEMUSDT STGUSDT STORJUSDT STOUSDT STRKUSDT STXUSDT SUIUSDT SUNUSDT SUPERUSDT SUSDT SUSHIUSDT SWARMSUSDT SWELLUSDT SXPUSDT SXTUSDT SYNUSDT SYRUPUSDT SYSUSDT TAIKOUSDT TAOUSDT THETAUSDT THEUSDT TIAUSDT TLMUSDT TNSRUSDT TOKENUSDT TONUSDT TRBUSDT TRUMPUSDT TRUUSDT TRXUSDT TSTUSDT TURBOUSDT TUSDT TUTUSDT TWTUSDT UMAUSDT UNIUSDT USTCUSDT USUALUSDT UXLINKUSDT VANAUSDT VANRYUSDT VELODROMEUSDT VETUSDT VICUSDT VINEUSDT VIRTUALUSDT VOXELUSDT VTHOUSDT VVVUSDT WALUSDT WAXPUSDT WCTUSDT WIFUSDT WLDUSDT WOOUSDT WUSDT XAIUSDT XCNUSDT XLMUSDT XMRUSDT XRPUSDT XTZUSDT XVGUSDT XVSUSDT YFIUSDT YGGUSDT ZECUSDT ZENUSDT ZEREBROUSDT ZETAUSDT ZILUSDT ZKJUSDT ZKUSDT ZROUSDT ZRXUSDT
2025-08-16,436,435,20,ETHUSDT BTCUSDT SOLUSDT XRPUSDT DOGEUSDT 1000PEPEUSDT SUIUSDT PENGUUSDT ENAUSDT 1000BONKUSDT ADAUSDT FARTCOINUSDT BNBUSDT WIFUSDT XLMUSDT HYPERUSDT UNIUSDT LINKUSDT TRUMPUSDT SPKUSDT,1000000BOBUSDT 1000000MOGUSDT 1000BONKUSDT 1000CATUSDT 1000CHEEMSUSDT 1000FLOKIUSDT 1000LUNCUSDT 1000PEPEUSDT 1000RATSUSDT 1000SATSUSDT 1000SHIBUSDT 1000WHYUSDT 1000XECUSDT 1000XUSDT 1INCHUSDT 1MBABYDOGEUSDT AAVEUSDT ACEUSDT ACHUSDT ACTUSDT ACXUSDT ADAUSDT AERGOUSDT AEROUSDT AEVOUSDT AGLDUSDT AGTUSDT AI16ZUSDT AIOTUSDT AIUSDT AIXBTUSDT AKTUSDT ALCHUSDT ALGOUSDT ALICEUSDT ALPHAUSDT ALPINEUSDT ALTUSDT ANIMEUSDT ANKRUSDT APEUSDT API3USDT APTUSDT ARBUSDT ARCUSDT ARKMUSDT ARKUSDT ARPAUSDT ARUSDT ASRUSDT ASTRUSDT ATAUSDT ATHUSDT ATOMUSDT AUCTIONUSDT AUSDT AVAAIUSDT AVAUSDT AVAXUSDT AWEUSDT AXLUSDT AXSUSDT B2USDT B3USDT BABYUSDT BAKEUSDT BANANAS31USDT BANANAUSDT BANDUSDT BANKUSDT BANUSDT BATUSDT BBUSDT BCHUSDT BDXNUSDT BEAMXUSDT BELUSDT BERAUSDT BICOUSDT BIDUSDT BIGTIMEUSDT BIOUSDT BLURUSDT BMTUSDT BNBUSDT BNTUSDT BOMEUSDT BRETTUSDT BROCCOLI714USDT BROCCOLIF3BUSDT BRUSDT BSVUSDT BSWUSDT BTCUSDT BUSDT C98USDT CAKEUSDT CATIUSDT CELOUSDT CELRUSDT CETUSUSDT CFXUSDT CGPTUSDT CHESSUSDT CHILLGUYUSDT CHRUSDT CHZUSDT CKBUSDT COMPUSDT COOKIEUSDT COSUSDT COTIUSDT COWUSDT CRVUSDT CTKUSDT CTSIUSDT CVCUSDT CYBERUSDT DASHUSDT DEEPUSDT DEGENUSDT DEGOUSDT DENTUSDT DEXEUSDT DFUSDT DIAUSDT DMCUSDT DODOXUSDT DOGEUSDT DOGSUSDT DOLOUSDT DOODUSDT DOTUSDT DRIFTUSDT DUSDT DUSKUSDT DYDXUSDT DYMUSDT EDUUSDT EGLDUSDT EIGENUSDT ENAUSDT ENJUSDT ENSUSDT EPICUSDT EPTUSDT ETCUSDT ETHFIUSDT ETHUSDT ETHWUSDT FARTCOINUSDT FETUSDT FHEUSDT FIDAUSDT FILUSDT FIOUSDT FISUSDT FLMUSDT FLOWUSDT FLUXUSDT FORMUSDT FUNUSDT FUSDT FXSUSDT GALAUSDT GASUSDT GHSTUSDT GLMUSDT GMTUSDT GMXUSDT GOATUSDT GPSUSDT GRASSUSDT GRIFFAINUSDT GRTUSDT GTCUSDT GUNUSDT GUSDT HAEDALUSDT HBARUSDT HEIUSDT HFTUSDT HIFIUSDT HIGHUSDT HIPPOUSDT HIVEUSDT HMSTRUSDT HOMEUSDT HOOKUSDT HOTUSDT HUMAUSDT HUSDT HYPERUSDT HYPEUSDT ICPUSDT ICXUSDT IDUSDT ILVUSDT IMXUSDT INITUSDT INJUSDT IOSTUSDT IOTAUSDT IOTXUSDT IOUSDT IPUSDT JASMYUSDT JELLYJELLYUSDT JOEUSDT JSTUSDT JTOUSDT JUPUSDT KAIAUSDT KAITOUSDT KASUSDT KAVAUSDT KDAUSDT KERNELUSDT KMNOUSDT KNCUSDT KOMAUSDT KSMUSDT LAUSDT LAYERUSDT LDOUSDT LEVERUSDT LINKUSDT LISTAUSDT LPTUSDT LQTYUSDT LRCUSDT LSKUSDT LTCUSDT LUMIAUSDT LUNA2USDT MAGICUSDT MANAUSDT MANTAUSDT MASKUSDT MAVIAUSDT MAVUSDT MBOXUSDT MELANIAUSDT MEMEFIUSDT MEMEUSDT MERLUSDT METISUSDT MEUSDT MEWUSDT MILKUSDT MINAUSDT MKRUSDT MLNUSDT MOCAUSDT MOODENGUSDT MORPHOUSDT MOVEUSDT MOVRUSDT MTLUSDT MUBARAKUSDT MYROUSDT MYXUSDT NEARUSDT NEIROETHUSDT NEIROUSDT NEOUSDT NEWTUSDT NFPUSDT NILUSDT NKNUSDT NMRUSDT NOTUSDT NTRNUSDT NXPCUSDT OBOLUSDT OGNUSDT OGUSDT OLUSDT OMNIUSDT OMUSDT ONDOUSDT ONEUSDT ONGUSDT ONTUSDT OPUSDT ORCAUSDT ORDIUSDT OXTUSDT PARTIUSDT PENDLEUSDT PENGUUSDT PEOPLEUSDT PERPUSDT PHAUSDT PHBUSDT PIPPINUSDT PIXELUSDT PLUMEUSDT PNUTUSDT POLUSDT POLYXUSDT PONKEUSDT POPCATUSDT PORT3USDT PORTALUSDT POWRUSDT PROMPTUSDT PROMUSDT PUFFERUSDT PUMPBTCUSDT PUNDIXUSDT PYTHUSDT QNTUSDT QTUMUSDT QUICKUSDT RAREUSDT RAYSOLUSDT RDNTUSDT REDUSDT REIUSDT RENDERUSDT RESOLVUSDT REZUSDT RIFUSDT RLCUSDT RONINUSDT ROSEUSDT RPLUSDT RSRUSDT RUNEUSDT RVNUSDT SAFEUSDT SAGAUSDT SAHARAUSDT SANDUSDT SANTOSUSDT SCRTUSDT SCRUSDT SEIUSDT SFPUSDT SHELLUSDT SIGNUSDT SIRENUSDT SKATEUSDT SKLUSDT SKYAIUSDT SLERFUSDT SNXUSDT SOLUSDT SOLVUSDT SONICUSDT SOONUSDT SOPHUSDT SPELLUSDT SPKUSDT SPXUSDT SQDUSDT SSVUSDT STEEMUSDT STGUSDT STORJUSDT STOUSDT STRKUSDT STXUSDT SUIUSDT SUNUSDT SUPERUSDT SUSDT SUSHIUSDT SWARMSUSDT SWELLUSDT SXPUSDT SXTUSDT SYNUSDT SYRUPUSDT SYSUSDT TAIKOUSDT TAOUSDT THETAUSDT THEUSDT TIAUSDT TLMUSDT TNSRUSDT TOKENUSDT TONUSDT TRBUSDT TRUMPUSDT TRUUSDT TRXUSDT TSTUSDT TURBOUSDT TUSDT TUTUSDT TWTUSDT UMAUSDT UNIUSDT USTCUSDT USUALUSDT UXLINKUSDT VANAUSDT VANRYUSDT VELODROMEUSDT VETUSDT VICUSDT VINEUSDT VIRTUALUSDT VOXELUSDT VTHOUSDT VVVUSDT WALUSDT WAXPUSDT WCTUSDT WIFUSDT WLDUSDT WOOUSDT WUSDT XAIUSDT XCNUSDT XLMUSDT XMRUSDT XRPUSDT XTZUSDT XVGUSDT XVSUSDT YFIUSDT YGGUSDT ZECUSDT ZENUSDT ZEREBROUSDT ZETAUSDT ZILUSDT ZKJUSDT ZKUSDT ZROUSDT ZRXUSDT
2025-08-23,436,435,20,ETHUSDT BTCUSDT SOLUSDT XRPUSDT DOGEUSDT 1000PEPEUSDT SUIUSDT PENGUUSDT ENAUSDT 1000BONKUSDT ADAUSDT FARTCOINUSDT BNBUSDT WIFUSDT XLMUSDT HYPERUSDT UNIUSDT LINKUSDT TRUMPUSDT SPKUSDT,1000000BOBUSDT 1000000MOGUSDT 1000BONKUSDT 1000CATUSDT 1000CHEEMSUSDT 1000FLOKIUSDT 1000LUNCUSDT 1000PEPEUSDT 1000RATSUSDT 1000SATSUSDT 1000SHIBUSDT 1000WHYUSDT 1000XECUSDT 1000XUSDT 1INCHUSDT 1MBABYDOGEUSDT AAVEUSDT ACEUSDT ACHUSDT ACTUSDT ACXUSDT ADAUSDT AERGOUSDT AEROUSDT AEVOUSDT AGLDUSDT AGTUSDT AI16ZUSDT AIOTUSDT AIUSDT AIXBTUSDT AKTUSDT ALCHUSDT ALGOUSDT ALICEUSDT ALPHAUSDT ALPINEUSDT ALTUSDT ANIMEUSDT ANKRUSDT APEUSDT API3USDT APTUSDT ARBUSDT ARCUSDT ARKMUSDT ARKUSDT ARPAUSDT ARUSDT ASRUSDT ASTRUSDT ATAUSDT ATHUSDT ATOMUSDT AUCTIONUSDT AUSDT AVAAIUSDT AVAUSDT AVAXUSDT AWEUSDT AXLUSDT AXSUSDT B2USDT B3USDT BABYUSDT BAKEUSDT BANANAS31USDT BANANAUSDT BANDUSDT BANKUSDT BANUSDT BATUSDT BBUSDT BCHUSDT BDXNUSDT BEAMXUSDT BELUSDT BERAUSDT BICOUSDT BIDUSDT BIGTIMEUSDT BIOUSDT BLURUSDT BMTUSDT BNBUSDT BNTUSDT BOMEUSDT BRETTUSDT BROCCOLI714USDT BROCCOLIF3BUSDT BRUSDT BSVUSDT BSWUSDT BTCUSDT BUSDT C98USDT CAKEUSDT CATIUSDT CELOUSDT CELRUSDT CETUSUSDT CFXUSDT CGPTUSDT CHESSUSDT CHILLGUYUSDT CHRUSDT CHZUSDT CKBUSDT COMPUSDT COOKIEUSDT COSUSDT COTIUSDT COWUSDT CRVUSDT CTKUSDT CTSIUSDT CVCUSDT CYBERUSDT DASHUSDT DEEPUSDT DEGENUSDT DEGOUSDT DENTUSDT DEXEUSDT DFUSDT DIAUSDT DMCUSDT DODOXUSDT DOGEUSDT DOGSUSDT DOLOUSDT DOODUSDT DOTUSDT DRIFTUSDT DUSDT DUSKUSDT DYDXUSDT DYMUSDT EDUUSDT EGLDUSDT EIGENUSDT ENAUSDT ENJUSDT ENSUSDT EPICUSDT EPTUSDT ETCUSDT ETHFIUSDT ETHUSDT ETHWUSDT FARTCOINUSDT FETUSDT FHEUSDT FIDAUSDT FILUSDT FIOUSDT FISUSDT FLMUSDT FLOWUSDT FLUXUSDT FORMUSDT FUNUSDT FUSDT FXSUSDT GALAUSDT GASUSDT GHSTUSDT GLMUSDT GMTUSDT GMXUSDT GOATUSDT GPSUSDT GRASSUSDT GRIFFAINUSDT GRTUSDT GTCUSDT GUNUSDT GUSDT HAEDALUSDT HBARUSDT HEIUSDT HFTUSDT HIFIUSDT HIGHUSDT HIPPOUSDT HIVEUSDT HMSTRUSDT HOMEUSDT HOOKUSDT HOTUSDT HUMAUSDT HUSDT HYPERUSDT HYPEUSDT ICPUSDT ICXUSDT IDUSDT ILVUSDT IMXUSDT INITUSDT INJUSDT IOSTUSDT IOTAUSDT IOTXUSDT IOUSDT IPUSDT JASMYUSDT JELLYJELLYUSDT JOEUSDT JSTUSDT JTOUSDT JUPUSDT KAIAUSDT KAITOUSDT KASUSDT KAVAUSDT KDAUSDT KERNELUSDT KMNOUSDT KNCUSDT KOMAUSDT KSMUSDT LAUSDT LAYERUSDT LDOUSDT LEVERUSDT LINKUSDT LISTAUSDT LPTUSDT LQTYUSDT LRCUSDT LSKUSDT LTCUSDT LUMIAUSDT LUNA2USDT MAGICUSDT MANAUSDT MANTAUSDT MASKUSDT MAVIAUSDT MAVUSDT MBOXUSDT MELANIAUSDT MEMEFIUSDT MEMEUSDT MERLUSDT METISUSDT MEUSDT MEWUSDT MILKUSDT MINAUSDT MKRUSDT MLNUSDT MOCAUSDT MOODENGUSDT MORPHOUSDT MOVEUSDT MOVRUSDT MTLUSDT MUBARAKUSDT MYROUSDT MYXUSDT NEARUSDT NEIROETHUSDT NEIROUSDT NEOUSDT NEWTUSDT NFPUSDT NILUSDT NKNUSDT NMRUSDT NOTUSDT NTRNUSDT NXPCUSDT OBOLUSDT OGNUSDT OGUSDT OLUSDT OMNIUSDT OMUSDT ONDOUSDT ONEUSDT ONGUSDT ONTUSDT OPUSDT ORCAUSDT ORDIUSDT OXTUSDT PARTIUSDT PENDLEUSDT PENGUUSDT PEOPLEUSDT PERPUSDT PHAUSDT PHBUSDT PIPPINUSDT PIXELUSDT PLUMEUSDT PNUTUSDT POLUSDT POLYXUSDT PONKEUSDT POPCATUSDT PORT3USDT PORTALUSDT POWRUSDT PROMPTUSDT PROMUSDT PUFFERUSDT PUMPBTCUSDT PUNDIXUSDT PYTHUSDT QNTUSDT QTUMUSDT QUICKUSDT RAREUSDT RAYSOLUSDT RDNTUSDT REDUSDT REIUSDT RENDERUSDT RESOLVUSDT REZUSDT RIFUSDT RLCUSDT RONINUSDT ROSEUSDT RPLUSDT RSRUSDT RUNEUSDT RVNUSDT SAFEUSDT SAGAUSDT SAHARAUSDT SANDUSDT SANTOSUSDT SCRTUSDT SCRUSDT SEIUSDT SFPUSDT SHELLUSDT SIGNUSDT SIRENUSDT SKATEUSDT SKLUSDT SKYAIUSDT SLERFUSDT SNXUSDT SOLUSDT SOLVUSDT SONICUSDT SOONUSDT SOPHUSDT SPELLUSDT SPKUSDT SPXUSDT SQDUSDT SSVUSDT STEEMUSDT STGUSDT STORJUSDT STOUSDT STRKUSDT STXUSDT SUIUSDT SUNUSDT SUPERUSDT SUSDT SUSHIUSDT SWARMSUSDT SWELLUSDT SXPUSDT SXTUSDT SYNUSDT SYRUPUSDT SYSUSDT TAIKOUSDT TAOUSDT THETAUSDT THEUSDT TIAUSDT TLMUSDT TNSRUSDT TOKENUSDT TONUSDT TRBUSDT TRUMPUSDT TRUUSDT TRXUSDT TSTUSDT TURBOUSDT TUSDT TUTUSDT TWTUSDT UMAUSDT UNIUSDT USTCUSDT USUALUSDT UXLINKUSDT VANAUSDT VANRYUSDT VELODROMEUSDT VETUSDT VICUSDT VINEUSDT VIRTUALUSDT VOXELUSDT VTHOUSDT VVVUSDT WALUSDT WAXPUSDT WCTUSDT WIFUSDT WLDUSDT WOOUSDT WUSDT XAIUSDT XCNUSDT XLMUSDT XMRUSDT XRPUSDT XTZUSDT XVGUSDT XVSUSDT YFIUSDT YGGUSDT ZECUSDT ZENUSDT ZEREBROUSDT ZETAUSDT ZILUSDT ZKJUSDT ZKUSDT ZROUSDT ZRXUSDT
2025-08-30,436,435,20,ETHUSDT BTCUSDT SOLUSDT XRPUSDT DOGEUSDT 1000PEPEUSDT SUIUSDT PENGUUSDT ENAUSDT 1000BONKUSDT ADAUSDT FARTCOINUSDT BNBUSDT WIFUSDT XLMUSDT HYPERUSDT UNIUSDT LINKUSDT TRUMPUSDT SPKUSDT,1000000BOBUSDT 1000000MOGUSDT 1000BONKUSDT 1000CATUSDT 1000CHEEMSUSDT 1000FLOKIUSDT 1000LUNCUSDT 1000PEPEUSDT 1000RATSUSDT 1000SATSUSDT 1000SHIBUSDT 1000WHYUSDT 1000XECUSDT 1000XUSDT 1INCHUSDT 1MBABYDOGEUSDT AAVEUSDT ACEUSDT ACHUSDT ACTUSDT ACXUSDT ADAUSDT AERGOUSDT AEROUSDT AEVOUSDT AGLDUSDT AGTUSDT AI16ZUSDT AIOTUSDT AIUSDT AIXBTUSDT AKTUSDT ALCHUSDT ALGOUSDT ALICEUSDT ALPHAUSDT ALPINEUSDT ALTUSDT ANIMEUSDT ANKRUSDT APEUSDT API3USDT APTUSDT ARBUSDT ARCUSDT ARKMUSDT ARKUSDT ARPAUSDT ARUSDT ASRUSDT ASTRUSDT ATAUSDT ATHUSDT ATOMUSDT AUCTIONUSDT AUSDT AVAAIUSDT AVAUSDT AVAXUSDT AWEUSDT AXLUSDT AXSUSDT B2USDT B3USDT BABYUSDT BAKEUSDT BANANAS31USDT BANANAUSDT BANDUSDT BANKUSDT BANUSDT BATUSDT BBUSDT BCHUSDT BDXNUSDT BEAMXUSDT BELUSDT BERAUSDT BICOUSDT BIDUSDT BIGTIMEUSDT BIOUSDT BLURUSDT BMTUSDT BNBUSDT BNTUSDT BOMEUSDT BRETTUSDT BROCCOLI714USDT BROCCOLIF3BUSDT BRUSDT BSVUSDT BSWUSDT BTCUSDT BUSDT C98USDT CAKEUSDT CATIUSDT CELOUSDT CELRUSDT CETUSUSDT CFXUSDT CGPTUSDT CHESSUSDT CHILLGUYUSDT CHRUSDT CHZUSDT CKBUSDT COMPUSDT COOKIEUSDT COSUSDT COTIUSDT COWUSDT CRVUSDT CTKUSDT CTSIUSDT CVCUSDT CYBERUSDT DASHUSDT DEEPUSDT DEGENUSDT DEGOUSDT DENTUSDT DEXEUSDT DFUSDT DIAUSDT DMCUSDT DODOXUSDT DOGEUSDT DOGSUSDT DOLOUSDT DOODUSDT DOTUSDT DRIFTUSDT DUSDT DUSKUSDT DYDXUSDT DYMUSDT EDUUSDT EGLDUSDT EIGENUSDT ENAUSDT ENJUSDT ENSUSDT EPICUSDT EPTUSDT ETCUSDT ETHFIUSDT ETHUSDT ETHWUSDT FARTCOINUSDT FETUSDT FHEUSDT FIDAUSDT FILUSDT FIOUSDT FISUSDT FLMUSDT FLOWUSDT FLUXUSDT FORMUSDT FUNUSDT FUSDT FXSUSDT GALAUSDT GASUSDT GHSTUSDT GLMUSDT GMTUSDT GMXUSDT GOATUSDT GPSUSDT GRASSUSDT GRIFFAINUSDT GRTUSDT GTCUSDT GUNUSDT GUSDT HAEDALUSDT HBARUSDT HEIUSDT HFTUSDT HIFIUSDT HIGHUSDT HIPPOUSDT HIVEUSDT HMSTRUSDT HOMEUSDT HOOKUSDT HOTUSDT HUMAUSDT HUSDT HYPERUSDT HYPEUSDT ICPUSDT ICXUSDT IDUSDT ILVUSDT IMXUSDT INITUSDT INJUSDT IOSTUSDT IOTAUSDT IOTXUSDT IOUSDT IPUSDT JASMYUSDT JELLYJELLYUSDT JOEUSDT JSTUSDT JTOUSDT JUPUSDT KAIAUSDT KAITOUSDT KASUSDT KAVAUSDT KDAUSDT KERNELUSDT KMNOUSDT KNCUSDT KOMAUSDT KSMUSDT LAUSDT LAYERUSDT LDOUSDT LEVERUSDT LINKUSDT LISTAUSDT LPTUSDT LQTYUSDT LRCUSDT LSKUSDT LTCUSDT LUMIAUSDT LUNA2USDT MAGICUSDT MANAUSDT MANTAUSDT MASKUSDT MAVIAUSDT MAVUSDT MBOXUSDT MELANIAUSDT MEMEFIUSDT MEMEUSDT MERLUSDT METISUSDT MEUSDT MEWUSDT MILKUSDT MINAUSDT MKRUSDT MLNUSDT MOCAUSDT MOODENGUSDT MORPHOUSDT MOVEUSDT MOVRUSDT MTLUSDT MUBARAKUSDT MYROUSDT MYXUSDT NEARUSDT NEIROETHUSDT NEIROUSDT NEOUSDT NEWTUSDT NFPUSDT NILUSDT NKNUSDT NMRUSDT NOTUSDT NTRNUSDT NXPCUSDT OBOLUSDT OGNUSDT OGUSDT OLUSDT OMNIUSDT OMUSDT ONDOUSDT ONEUSDT ONGUSDT ONTUSDT OPUSDT ORCAUSDT ORDIUSDT OXTUSDT PARTIUSDT PENDLEUSDT PENGUUSDT PEOPLEUSDT PERPUSDT PHAUSDT PHBUSDT PIPPINUSDT PIXELUSDT PLUMEUSDT PNUTUSDT POLUSDT POLYXUSDT PONKEUSDT POPCATUSDT PORT3USDT PORTALUSDT POWRUSDT PROMPTUSDT PROMUSDT PUFFERUSDT PUMPBTCUSDT PUNDIXUSDT PYTHUSDT QNTUSDT QTUMUSDT QUICKUSDT RAREUSDT RAYSOLUSDT RDNTUSDT REDUSDT REIUSDT RENDERUSDT RESOLVUSDT REZUSDT RIFUSDT RLCUSDT RONINUSDT ROSEUSDT RPLUSDT RSRUSDT RUNEUSDT RVNUSDT SAFEUSDT SAGAUSDT SAHARAUSDT SANDUSDT SANTOSUSDT SCRTUSDT SCRUSDT SEIUSDT SFPUSDT SHELLUSDT SIGNUSDT SIRENUSDT SKATEUSDT SKLUSDT SKYAIUSDT SLERFUSDT SNXUSDT SOLUSDT SOLVUSDT SONICUSDT SOONUSDT SOPHUSDT SPELLUSDT SPKUSDT SPXUSDT SQDUSDT SSVUSDT STEEMUSDT STGUSDT STORJUSDT STOUSDT STRKUSDT STXUSDT SUIUSDT SUNUSDT SUPERUSDT SUSDT SUSHIUSDT SWARMSUSDT SWELLUSDT SXPUSDT SXTUSDT SYNUSDT SYRUPUSDT SYSUSDT TAIKOUSDT TAOUSDT THETAUSDT THEUSDT TIAUSDT TLMUSDT TNSRUSDT TOKENUSDT TONUSDT TRBUSDT TRUMPUSDT TRUUSDT TRXUSDT TSTUSDT TURBOUSDT TUSDT TUTUSDT TWTUSDT UMAUSDT UNIUSDT USTCUSDT USUALUSDT UXLINKUSDT VANAUSDT VANRYUSDT VELODROMEUSDT VETUSDT VICUSDT VINEUSDT VIRTUALUSDT VOXELUSDT VTHOUSDT VVVUSDT WALUSDT WAXPUSDT WCTUSDT WIFUSDT WLDUSDT WOOUSDT WUSDT XAIUSDT XCNUSDT XLMUSDT XMRUSDT XRPUSDT XTZUSDT XVGUSDT XVSUSDT YFIUSDT YGGUSDT ZECUSDT ZENUSDT ZEREBROUSDT ZETAUSDT ZILUSDT ZKJUSDT ZKUSDT ZROUSDT ZRXUSDT
2025-09-06,458,458,20,ETHUSDT BTCUSDT SOLUSDT XRPUSDT DOGEUSDT ENAUSDT LINKUSDT ADAUSDT MYXUSDT SUIUSDT 1000PEPEUSDT BNBUSDT FARTCOINUSDT AVAXUSDT BIOUSDT LTCUSDT PENGUUSDT PUMPUSDT HYPEUSDT ARBUSDT,1000000BOBUSDT 1000000MOGUSDT 1000BONKUSDT 1000CATUSDT 1000CHEEMSUSDT 1000FLOKIUSDT 1000LUNCUSDT 1000PEPEUSDT 1000RATSUSDT 1000SATSUSDT 1000SHIBUSDT 1000WHYUSDT 1000XECUSDT 1000XUSDT 1INCHUSDT 1MBABYDOGEUSDT A2ZUSDT AAVEUSDT ACEUSDT ACHUSDT ACTUSDT ACXUSDT ADAUSDT AERGOUSDT AEROUSDT AEVOUSDT AGLDUSDT AGTUSDT AI16ZUSDT AINUSDT AIOTUSDT AIUSDT AIXBTUSDT AKTUSDT ALCHUSDT ALGOUSDT ALICEUSDT ALPHAUSDT ALPINEUSDT ALTUSDT ANIMEUSDT ANKRUSDT APEUSDT API3USDT APTUSDT ARBUSDT ARCUSDT ARKMUSDT ARKUSDT ARPAUSDT ARUSDT ASRUSDT ASTRUSDT ATAUSDT ATHUSDT ATOMUSDT AUCTIONUSDT AUSDT AVAAIUSDT AVAUSDT AVAXUSDT AWEUSDT AXLUSDT AXSUSDT B2USDT B3USDT BABYUSDT BAKEUSDT BANANAS31USDT BANANAUSDT BANDUSDT BANKUSDT BANUSDT BATUSDT BBUSDT BCHUSDT BDXNUSDT BEAMXUSDT BELUSDT BERAUSDT BICOUSDT BIDUSDT BIGTIMEUSDT BIOUSDT BLURUSDT BMTUSDT BNBUSDT BNTUSDT BOMEUSDT BRETTUSDT BROCCOLI714USDT BROCCOLIF3BUSDT BRUSDT BSVUSDT BSWUSDT BTCUSDT BULLAUSDT BUSDT C98USDT CAKEUSDT CATIUSDT CELOUSDT CELRUSDT CETUSUSDT CFXUSDT CGPTUSDT CHESSUSDT CHILLGUYUSDT CHRUSDT CHZUSDT CKBUSDT COMPUSDT COOKIEUSDT COSUSDT COTIUSDT COWUSDT CROSSUSDT CRVUSDT CTKUSDT CTSIUSDT CUSDT CVCUSDT CVXUSDT CYBERUSDT DASHUSDT DEEPUSDT DEGENUSDT DEGOUSDT DENTUSDT DEXEUSDT DFUSDT DIAUSDT DMCUSDT DODOXUSDT DOGEUSDT DOGSUSDT DOLOUSDT DOODUSDT DOTUSDT DRIFTUSDT DUSDT DUSKUSDT DYDXUSDT DYMUSDT EDUUSDT EGLDUSDT EIGENUSDT ENAUSDT ENJUSDT ENSUSDT EPICUSDT EPTUSDT ERAUSDT ESPORTSUSDT ETCUSDT ETHFIUSDT ETHUSDT ETHWUSDT FARTCOINUSDT FETUSDT FHEUSDT FIDAUSDT FILUSDT FIOUSDT FISUSDT FLMUSDT FLOWUSDT FLUXUSDT FORMUSDT FORTHUSDT FUNUSDT FUSDT FXSUSDT GALAUSDT GASUSDT GHSTUSDT GLMUSDT GMTUSDT GMXUSDT GOATUSDT GPSUSDT GRASSUSDT GRIFFAINUSDT GRTUSDT GTCUSDT GUNUSDT GUSDT HAEDALUSDT HBARUSDT HEIUSDT HFTUSDT HIFIUSDT HIGHUSDT HIPPOUSDT HIVEUSDT HMSTRUSDT HOMEUSDT HOOKUSDT HOTUSDT HUMAUSDT HUSDT HYPERUSDT HYPEUSDT ICNTUSDT ICPUSDT ICXUSDT IDOLUSDT IDUSDT ILVUSDT IMXUSDT INITUSDT INJUSDT IOSTUSDT IOTAUSDT IOTXUSDT IOUSDT IPUSDT JASMYUSDT JELLYJELLYUSDT JOEUSDT JSTUSDT JTOUSDT JUPUSDT KAIAUSDT KAITOUSDT KASUSDT KAVAUSDT KDAUSDT KERNELUSDT KMNOUSDT KNCUSDT KOMAUSDT KSMUSDT LAUSDT LAYERUSDT LDOUSDT LEVERUSDT LINKUSDT LISTAUSDT LPTUSDT LQTYUSDT LRCUSDT LSKUSDT LTCUSDT LUMIAUSDT LUNA2USDT MAGICUSDT MANAUSDT MANTAUSDT MASKUSDT MAVIAUSDT MAVUSDT MBOXUSDT MELANIAUSDT MEMEUSDT MERLUSDT METISUSDT MEUSDT MEWUSDT MILKUSDT MINAUSDT MKRUSDT MLNUSDT MOCAUSDT MOODENGUSDT MORPHOUSDT MOVEUSDT MOVRUSDT MTLUSDT MUBARAKUSDT MUSDT MYROUSDT MYXUSDT NAORISUSDT NEARUSDT NEIROETHUSDT NEIROUSDT NEOUSDT NEWTUSDT NFPUSDT NILUSDT NKNUSDT NMRUSDT NOTUSDT NTRNUSDT NXPCUSDT OBOLUSDT OGNUSDT OGUSDT OLUSDT OMNIUSDT OMUSDT ONDOUSDT ONEUSDT ONGUSDT ONTUSDT OPUSDT ORCAUSDT ORDIUSDT OXTUSDT PARTIUSDT PENDLEUSDT PENGUUSDT PEOPLEUSDT PERPUSDT PHAUSDT PHBUSDT PIPPINUSDT PIXELUSDT PLAYUSDT PLUMEUSDT PNUTUSDT POLUSDT POLYXUSDT PONKEUSDT POPCATUSDT PORT3USDT PORTALUSDT POWRUSDT PROMPTUSDT PROMUSDT PUFFERUSDT PUMPBTCUSDT PUMPUSDT PUNDIXUSDT PYTHUSDT QNTUSDT QTUMUSDT QUICKUSDT RAREUSDT RAYSOLUSDT RDNTUSDT REDUSDT REIUSDT RENDERUSDT RESOLVUSDT REZUSDT RIFUSDT RLCUSDT RONINUSDT ROSEUSDT RPLUSDT RSRUSDT RUNEUSDT RVNUSDT SAFEUSDT SAGAUSDT SAHARAUSDT SANDUSDT SANTOSUSDT SCRTUSDT SCRUSDT SEIUSDT SFPUSDT SHELLUSDT SIGNUSDT SIRENUSDT SKATEUSDT SKLUSDT SKYAIUSDT SLERFUSDT SLPUSDT SNXUSDT SOLUSDT SOLVUSDT SONICUSDT SOONUSDT SOPHUSDT SPELLUSDT SPKUSDT SPXUSDT SQDUSDT SSVUSDT STEEMUSDT STGUSDT STORJUSDT STOUSDT STRKUSDT STXUSDT SUIUSDT SUNUSDT SUPERUSDT SUSDT SUSHIUSDT SWARMSUSDT SWELLUSDT SXPUSDT SXTUSDT SYNUSDT SYRUPUSDT SYSUSDT TACUSDT TAGUSDT TAIKOUSDT TANSSIUSDT TAOUSDT TAUSDT THETAUSDT THEUSDT TIAUSDT TLMUSDT TNSRUSDT TOKENUSDT TONUSDT TRBUSDT TREEUSDT TRUMPUSDT TRUUSDT TRXUSDT TSTUSDT TURBOUSDT TUSDT TUTUSDT TWTUSDT UMAUSDT UNIUSDT USTCUSDT USUALUSDT UXLINKUSDT VANAUSDT VANRYUSDT VELODROMEUSDT VELVETUSDT VETUSDT VICUSDT VINEUSDT VIRTUALUSDT VOXELUSDT VTHOUSDT VVVUSDT WALUSDT WAXPUSDT WCTUSDT WIFUSDT WLDUSDT WOOUSDT WUSDT XAIUSDT XCNUSDT XLMUSDT XMRUSDT XRPUSDT XTZUSDT XVGUSDT XVSUSDT YFIUSDT YGGUSDT ZECUSDT ZENUSDT ZEREBROUSDT ZETAUSDT ZILUSDT ZKJUSDT ZKUSDT ZORAUSDT ZRCUSDT ZROUSDT ZRXUSDT
2025-09-13,458,458,20,ETHUSDT BTCUSDT SOLUSDT XRPUSDT DOGEUSDT ENAUSDT LINKUSDT ADAUSDT MYXUSDT SUIUSDT 1000PEPEUSDT BNBUSDT FARTCOINUSDT AVAXUSDT BIOUSDT LTCUSDT PENGUUSDT PUMPUSDT HYPEUSDT ARBUSDT,1000000BOBUSDT 1000000MOGUSDT 1000BONKUSDT 1000CATUSDT 1000CHEEMSUSDT 1000FLOKIUSDT 1000LUNCUSDT 1000PEPEUSDT 1000RATSUSDT 1000SATSUSDT 1000SHIBUSDT 1000WHYUSDT 1000XECUSDT 1000XUSDT 1INCHUSDT 1MBABYDOGEUSDT A2ZUSDT AAVEUSDT ACEUSDT ACHUSDT ACTUSDT ACXUSDT ADAUSDT AERGOUSDT AEROUSDT AEVOUSDT AGLDUSDT AGTUSDT AI16ZUSDT AINUSDT AIOTUSDT AIUSDT AIXBTUSDT AKTUSDT ALCHUSDT ALGOUSDT ALICEUSDT ALPHAUSDT ALPINEUSDT ALTUSDT ANIMEUSDT ANKRUSDT APEUSDT API3USDT APTUSDT ARBUSDT ARCUSDT ARKMUSDT ARKUSDT ARPAUSDT ARUSDT ASRUSDT ASTRUSDT ATAUSDT ATHUSDT ATOMUSDT AUCTIONUSDT AUSDT AVAAIUSDT AVAUSDT AVAXUSDT AWEUSDT AXLUSDT AXSUSDT B2USDT B3USDT BABYUSDT BAKEUSDT BANANAS31USDT BANANAUSDT BANDUSDT BANKUSDT BANUSDT BATUSDT BBUSDT BCHUSDT BDXNUSDT BEAMXUSDT BELUSDT BERAUSDT BICOUSDT BIDUSDT BIGTIMEUSDT BIOUSDT BLURUSDT BMTUSDT BNBUSDT BNTUSDT BOMEUSDT BRETTUSDT BROCCOLI714USDT BROCCOLIF3BUSDT BRUSDT BSVUSDT BSWUSDT BTCUSDT BULLAUSDT BUSDT C98USDT CAKEUSDT CATIUSDT CELOUSDT CELRUSDT CETUSUSDT CFXUSDT CGPTUSDT CHESSUSDT CHILLGUYUSDT CHRUSDT CHZUSDT CKBUSDT COMPUSDT COOKIEUSDT COSUSDT COTIUSDT COWUSDT CROSSUSDT CRVUSDT CTKUSDT CTSIUSDT CUSDT CVCUSDT CVXUSDT CYBERUSDT DASHUSDT DEEPUSDT DEGENUSDT DEGOUSDT DENTUSDT DEXEUSDT DFUSDT DIAUSDT DMCUSDT DODOXUSDT DOGEUSDT DOGSUSDT DOLOUSDT DOODUSDT DOTUSDT DRIFTUSDT DUSDT DUSKUSDT DYDXUSDT DYMUSDT EDUUSDT EGLDUSDT EIGENUSDT ENAUSDT ENJUSDT ENSUSDT EPICUSDT EPTUSDT ERAUSDT ESPORTSUSDT ETCUSDT ETHFIUSDT ETHUSDT ETHWUSDT FARTCOINUSDT FETUSDT FHEUSDT FIDAUSDT FILUSDT FIOUSDT FISUSDT FLMUSDT FLOWUSDT FLUXUSDT FORMUSDT FORTHUSDT FUNUSDT FUSDT FXSUSDT GALAUSDT GASUSDT GHSTUSDT GLMUSDT GMTUSDT GMXUSDT GOATUSDT GPSUSDT GRASSUSDT GRIFFAINUSDT GRTUSDT GTCUSDT GUNUSDT GUSDT HAEDALUSDT HBARUSDT HEIUSDT HFTUSDT HIFIUSDT HIGHUSDT HIPPOUSDT HIVEUSDT HMSTRUSDT HOMEUSDT HOOKUSDT HOTUSDT HUMAUSDT HUSDT HYPERUSDT HYPEUSDT ICNTUSDT ICPUSDT ICXUSDT IDOLUSDT IDUSDT ILVUSDT IMXUSDT INITUSDT INJUSDT IOSTUSDT IOTAUSDT IOTXUSDT IOUSDT IPUSDT JASMYUSDT JELLYJELLYUSDT JOEUSDT JSTUSDT JTOUSDT JUPUSDT KAIAUSDT KAITOUSDT KASUSDT KAVAUSDT KDAUSDT KERNELUSDT KMNOUSDT KNCUSDT KOMAUSDT KSMUSDT LAUSDT LAYERUSDT LDOUSDT LEVERUSDT LINKUSDT LISTAUSDT LPTUSDT LQTYUSDT LRCUSDT LSKUSDT LTCUSDT LUMIAUSDT LUNA2USDT MAGICUSDT MANAUSDT MANTAUSDT MASKUSDT MAVIAUSDT MAVUSDT MBOXUSDT MELANIAUSDT MEMEUSDT MERLUSDT METISUSDT MEUSDT MEWUSDT MILKUSDT MINAUSDT MKRUSDT MLNUSDT MOCAUSDT MOODENGUSDT MORPHOUSDT MOVEUSDT MOVRUSDT MTLUSDT MUBARAKUSDT MUSDT MYROUSDT MYXUSDT NAORISUSDT NEARUSDT NEIROETHUSDT NEIROUSDT NEOUSDT NEWTUSDT NFPUSDT NILUSDT NKNUSDT NMRUSDT NOTUSDT NTRNUSDT NXPCUSDT OBOLUSDT OGNUSDT OGUSDT OLUSDT OMNIUSDT OMUSDT ONDOUSDT ONEUSDT ONGUSDT ONTUSDT OPUSDT ORCAUSDT ORDIUSDT OXTUSDT PARTIUSDT PENDLEUSDT PENGUUSDT PEOPLEUSDT PERPUSDT PHAUSDT PHBUSDT PIPPINUSDT PIXELUSDT PLAYUSDT PLUMEUSDT PNUTUSDT POLUSDT POLYXUSDT PONKEUSDT POPCATUSDT PORT3USDT PORTALUSDT POWRUSDT PROMPTUSDT PROMUSDT PUFFERUSDT PUMPBTCUSDT PUMPUSDT PUNDIXUSDT PYTHUSDT QNTUSDT QTUMUSDT QUICKUSDT RAREUSDT RAYSOLUSDT RDNTUSDT REDUSDT REIUSDT RENDERUSDT RESOLVUSDT REZUSDT RIFUSDT RLCUSDT RONINUSDT ROSEUSDT RPLUSDT RSRUSDT RUNEUSDT RVNUSDT SAFEUSDT SAGAUSDT SAHARAUSDT SANDUSDT SANTOSUSDT SCRTUSDT SCRUSDT SEIUSDT SFPUSDT SHELLUSDT SIGNUSDT SIRENUSDT SKATEUSDT SKLUSDT SKYAIUSDT SLERFUSDT SLPUSDT SNXUSDT SOLUSDT SOLVUSDT SONICUSDT SOONUSDT SOPHUSDT SPELLUSDT SPKUSDT SPXUSDT SQDUSDT SSVUSDT STEEMUSDT STGUSDT STORJUSDT STOUSDT STRKUSDT STXUSDT SUIUSDT SUNUSDT SUPERUSDT SUSDT SUSHIUSDT SWARMSUSDT SWELLUSDT SXPUSDT SXTUSDT SYNUSDT SYRUPUSDT SYSUSDT TACUSDT TAGUSDT TAIKOUSDT TANSSIUSDT TAOUSDT TAUSDT THETAUSDT THEUSDT TIAUSDT TLMUSDT TNSRUSDT TOKENUSDT TONUSDT TRBUSDT TREEUSDT TRUMPUSDT TRUUSDT TRXUSDT TSTUSDT TURBOUSDT TUSDT TUTUSDT TWTUSDT UMAUSDT UNIUSDT USTCUSDT USUALUSDT UXLINKUSDT VANAUSDT VANRYUSDT VELODROMEUSDT VELVETUSDT VETUSDT VICUSDT VINEUSDT VIRTUALUSDT VOXELUSDT VTHOUSDT VVVUSDT WALUSDT WAXPUSDT WCTUSDT WIFUSDT WLDUSDT WOOUSDT WUSDT XAIUSDT XCNUSDT XLMUSDT XMRUSDT XRPUSDT XTZUSDT XVGUSDT XVSUSDT YFIUSDT YGGUSDT ZECUSDT ZENUSDT ZEREBROUSDT ZETAUSDT ZILUSDT ZKJUSDT ZKUSDT ZORAUSDT ZRCUSDT ZROUSDT ZRXUSDT
2025-09-20,458,458,20,ETHUSDT BTCUSDT SOLUSDT XRPUSDT DOGEUSDT ENAUSDT LINKUSDT ADAUSDT MYXUSDT SUIUSDT 1000PEPEUSDT BNBUSDT FARTCOINUSDT AVAXUSDT BIOUSDT LTCUSDT PENGUUSDT PUMPUSDT HYPEUSDT ARBUSDT,1000000BOBUSDT 1000000MOGUSDT 1000BONKUSDT 1000CATUSDT 1000CHEEMSUSDT 1000FLOKIUSDT 1000LUNCUSDT 1000PEPEUSDT 1000RATSUSDT 1000SATSUSDT 1000SHIBUSDT 1000WHYUSDT 1000XECUSDT 1000XUSDT 1INCHUSDT 1MBABYDOGEUSDT A2ZUSDT AAVEUSDT ACEUSDT ACHUSDT ACTUSDT ACXUSDT ADAUSDT AERGOUSDT AEROUSDT AEVOUSDT AGLDUSDT AGTUSDT AI16ZUSDT AINUSDT AIOTUSDT AIUSDT AIXBTUSDT AKTUSDT ALCHUSDT ALGOUSDT ALICEUSDT ALPHAUSDT ALPINEUSDT ALTUSDT ANIMEUSDT ANKRUSDT APEUSDT API3USDT APTUSDT ARBUSDT ARCUSDT ARKMUSDT ARKUSDT ARPAUSDT ARUSDT ASRUSDT ASTRUSDT ATAUSDT ATHUSDT ATOMUSDT AUCTIONUSDT AUSDT AVAAIUSDT AVAUSDT AVAXUSDT AWEUSDT AXLUSDT AXSUSDT B2USDT B3USDT BABYUSDT BAKEUSDT BANANAS31USDT BANANAUSDT BANDUSDT BANKUSDT BANUSDT BATUSDT BBUSDT BCHUSDT BDXNUSDT BEAMXUSDT BELUSDT BERAUSDT BICOUSDT BIDUSDT BIGTIMEUSDT BIOUSDT BLURUSDT BMTUSDT BNBUSDT BNTUSDT BOMEUSDT BRETTUSDT BROCCOLI714USDT BROCCOLIF3BUSDT BRUSDT BSVUSDT BSWUSDT BTCUSDT BULLAUSDT BUSDT C98USDT CAKEUSDT CATIUSDT CELOUSDT CELRUSDT CETUSUSDT CFXUSDT CGPTUSDT CHESSUSDT CHILLGUYUSDT CHRUSDT CHZUSDT CKBUSDT COMPUSDT COOKIEUSDT COSUSDT COTIUSDT COWUSDT CROSSUSDT CRVUSDT CTKUSDT CTSIUSDT CUSDT CVCUSDT CVXUSDT CYBERUSDT DASHUSDT DEEPUSDT DEGENUSDT DEGOUSDT DENTUSDT DEXEUSDT DFUSDT DIAUSDT DMCUSDT DODOXUSDT DOGEUSDT DOGSUSDT DOLOUSDT DOODUSDT DOTUSDT DRIFTUSDT DUSDT DUSKUSDT DYDXUSDT DYMUSDT EDUUSDT EGLDUSDT EIGENUSDT ENAUSDT ENJUSDT ENSUSDT EPICUSDT EPTUSDT ERAUSDT ESPORTSUSDT ETCUSDT ETHFIUSDT ETHUSDT ETHWUSDT FARTCOINUSDT FETUSDT FHEUSDT FIDAUSDT FILUSDT FIOUSDT FISUSDT FLMUSDT FLOWUSDT FLUXUSDT FORMUSDT FORTHUSDT FUNUSDT FUSDT FXSUSDT GALAUSDT GASUSDT GHSTUSDT GLMUSDT GMTUSDT GMXUSDT GOATUSDT GPSUSDT GRASSUSDT GRIFFAINUSDT GRTUSDT GTCUSDT GUNUSDT GUSDT HAEDALUSDT HBARUSDT HEIUSDT HFTUSDT HIFIUSDT HIGHUSDT HIPPOUSDT HIVEUSDT HMSTRUSDT HOMEUSDT HOOKUSDT HOTUSDT HUMAUSDT HUSDT HYPERUSDT HYPEUSDT ICNTUSDT ICPUSDT ICXUSDT IDOLUSDT IDUSDT ILVUSDT IMXUSDT INITUSDT INJUSDT IOSTUSDT IOTAUSDT IOTXUSDT IOUSDT IPUSDT JASMYUSDT JELLYJELLYUSDT JOEUSDT JSTUSDT JTOUSDT JUPUSDT KAIAUSDT KAITOUSDT KASUSDT KAVAUSDT KDAUSDT KERNELUSDT KMNOUSDT KNCUSDT KOMAUSDT KSMUSDT LAUSDT LAYERUSDT LDOUSDT LEVERUSDT LINKUSDT LISTAUSDT LPTUSDT LQTYUSDT LRCUSDT LSKUSDT LTCUSDT LUMIAUSDT LUNA2USDT MAGICUSDT MANAUSDT MANTAUSDT MASKUSDT MAVIAUSDT MAVUSDT MBOXUSDT MELANIAUSDT MEMEUSDT MERLUSDT METISUSDT MEUSDT MEWUSDT MILKUSDT MINAUSDT MKRUSDT MLNUSDT MOCAUSDT MOODENGUSDT MORPHOUSDT MOVEUSDT MOVRUSDT MTLUSDT MUBARAKUSDT MUSDT MYROUSDT MYXUSDT NAORISUSDT NEARUSDT NEIROETHUSDT NEIROUSDT NEOUSDT NEWTUSDT NFPUSDT NILUSDT NKNUSDT NMRUSDT NOTUSDT NTRNUSDT NXPCUSDT OBOLUSDT OGNUSDT OGUSDT OLUSDT OMNIUSDT OMUSDT ONDOUSDT ONEUSDT ONGUSDT ONTUSDT OPUSDT ORCAUSDT ORDIUSDT OXTUSDT PARTIUSDT PENDLEUSDT PENGUUSDT PEOPLEUSDT PERPUSDT PHAUSDT PHBUSDT PIPPINUSDT PIXELUSDT PLAYUSDT PLUMEUSDT PNUTUSDT POLUSDT POLYXUSDT PONKEUSDT POPCATUSDT PORT3USDT PORTALUSDT POWRUSDT PROMPTUSDT PROMUSDT PUFFERUSDT PUMPBTCUSDT PUMPUSDT PUNDIXUSDT PYTHUSDT QNTUSDT QTUMUSDT QUICKUSDT RAREUSDT RAYSOLUSDT RDNTUSDT REDUSDT REIUSDT RENDERUSDT RESOLVUSDT REZUSDT RIFUSDT RLCUSDT RONINUSDT ROSEUSDT RPLUSDT RSRUSDT RUNEUSDT RVNUSDT SAFEUSDT SAGAUSDT SAHARAUSDT SANDUSDT SANTOSUSDT SCRTUSDT SCRUSDT SEIUSDT SFPUSDT SHELLUSDT SIGNUSDT SIRENUSDT SKATEUSDT SKLUSDT SKYAIUSDT SLERFUSDT SLPUSDT SNXUSDT SOLUSDT SOLVUSDT SONICUSDT SOONUSDT SOPHUSDT SPELLUSDT SPKUSDT SPXUSDT SQDUSDT SSVUSDT STEEMUSDT STGUSDT STORJUSDT STOUSDT STRKUSDT STXUSDT SUIUSDT SUNUSDT SUPERUSDT SUSDT SUSHIUSDT SWARMSUSDT SWELLUSDT SXPUSDT SXTUSDT SYNUSDT SYRUPUSDT SYSUSDT TACUSDT TAGUSDT TAIKOUSDT TANSSIUSDT TAOUSDT TAUSDT THETAUSDT THEUSDT TIAUSDT TLMUSDT TNSRUSDT TOKENUSDT TONUSDT TRBUSDT TREEUSDT TRUMPUSDT TRUUSDT TRXUSDT TSTUSDT TURBOUSDT TUSDT TUTUSDT TWTUSDT UMAUSDT UNIUSDT USTCUSDT USUALUSDT UXLINKUSDT VANAUSDT VANRYUSDT VELODROMEUSDT VELVETUSDT VETUSDT VICUSDT VINEUSDT VIRTUALUSDT VOXELUSDT VTHOUSDT VVVUSDT WALUSDT WAXPUSDT WCTUSDT WIFUSDT WLDUSDT WOOUSDT WUSDT XAIUSDT XCNUSDT XLMUSDT XMRUSDT XRPUSDT XTZUSDT XVGUSDT XVSUSDT YFIUSDT YGGUSDT ZECUSDT ZENUSDT ZEREBROUSDT ZETAUSDT ZILUSDT ZKJUSDT ZKUSDT ZORAUSDT ZRCUSDT ZROUSDT ZRXUSDT
2025-09-27,458,458,20,ETHUSDT BTCUSDT SOLUSDT XRPUSDT DOGEUSDT ENAUSDT LINKUSDT ADAUSDT MYXUSDT SUIUSDT 1000PEPEUSDT BNBUSDT FARTCOINUSDT AVAXUSDT BIOUSDT LTCUSDT PENGUUSDT PUMPUSDT HYPEUSDT ARBUSDT,1000000BOBUSDT 1000000MOGUSDT 1000BONKUSDT 1000CATUSDT 1000CHEEMSUSDT 1000FLOKIUSDT 1000LUNCUSDT 1000PEPEUSDT 1000RATSUSDT 1000SATSUSDT 1000SHIBUSDT 1000WHYUSDT 1000XECUSDT 1000XUSDT 1INCHUSDT 1MBABYDOGEUSDT A2ZUSDT AAVEUSDT ACEUSDT ACHUSDT ACTUSDT ACXUSDT ADAUSDT AERGOUSDT AEROUSDT AEVOUSDT AGLDUSDT AGTUSDT AI16ZUSDT AINUSDT AIOTUSDT AIUSDT AIXBTUSDT AKTUSDT ALCHUSDT ALGOUSDT ALICEUSDT ALPHAUSDT ALPINEUSDT ALTUSDT ANIMEUSDT ANKRUSDT APEUSDT API3USDT APTUSDT ARBUSDT ARCUSDT ARKMUSDT ARKUSDT ARPAUSDT ARUSDT ASRUSDT ASTRUSDT ATAUSDT ATHUSDT ATOMUSDT AUCTIONUSDT AUSDT AVAAIUSDT AVAUSDT AVAXUSDT AWEUSDT AXLUSDT AXSUSDT B2USDT B3USDT BABYUSDT BAKEUSDT BANANAS31USDT BANANAUSDT BANDUSDT BANKUSDT BANUSDT BATUSDT BBUSDT BCHUSDT BDXNUSDT BEAMXUSDT BELUSDT BERAUSDT BICOUSDT BIDUSDT BIGTIMEUSDT BIOUSDT BLURUSDT BMTUSDT BNBUSDT BNTUSDT BOMEUSDT BRETTUSDT BROCCOLI714USDT BROCCOLIF3BUSDT BRUSDT BSVUSDT BSWUSDT BTCUSDT BULLAUSDT BUSDT C98USDT CAKEUSDT CATIUSDT CELOUSDT CELRUSDT CETUSUSDT CFXUSDT CGPTUSDT CHESSUSDT CHILLGUYUSDT CHRUSDT CHZUSDT CKBUSDT COMPUSDT COOKIEUSDT COSUSDT COTIUSDT COWUSDT CROSSUSDT CRVUSDT CTKUSDT CTSIUSDT CUSDT CVCUSDT CVXUSDT CYBERUSDT DASHUSDT DEEPUSDT DEGENUSDT DEGOUSDT DENTUSDT DEXEUSDT DFUSDT DIAUSDT DMCUSDT DODOXUSDT DOGEUSDT DOGSUSDT DOLOUSDT DOODUSDT DOTUSDT DRIFTUSDT DUSDT DUSKUSDT DYDXUSDT DYMUSDT EDUUSDT EGLDUSDT EIGENUSDT ENAUSDT ENJUSDT ENSUSDT EPICUSDT EPTUSDT ERAUSDT ESPORTSUSDT ETCUSDT ETHFIUSDT ETHUSDT ETHWUSDT FARTCOINUSDT FETUSDT FHEUSDT FIDAUSDT FILUSDT FIOUSDT FISUSDT FLMUSDT FLOWUSDT FLUXUSDT FORMUSDT FORTHUSDT FUNUSDT FUSDT FXSUSDT GALAUSDT GASUSDT GHSTUSDT GLMUSDT GMTUSDT GMXUSDT GOATUSDT GPSUSDT GRASSUSDT GRIFFAINUSDT GRTUSDT GTCUSDT GUNUSDT GUSDT HAEDALUSDT HBARUSDT HEIUSDT HFTUSDT HIFIUSDT HIGHUSDT HIPPOUSDT HIVEUSDT HMSTRUSDT HOMEUSDT HOOKUSDT HOTUSDT HUMAUSDT HUSDT HYPERUSDT HYPEUSDT ICNTUSDT ICPUSDT ICXUSDT IDOLUSDT IDUSDT ILVUSDT IMXUSDT INITUSDT INJUSDT IOSTUSDT IOTAUSDT IOTXUSDT IOUSDT IPUSDT JASMYUSDT JELLYJELLYUSDT JOEUSDT JSTUSDT JTOUSDT JUPUSDT KAIAUSDT KAITOUSDT KASUSDT KAVAUSDT KDAUSDT KERNELUSDT KMNOUSDT KNCUSDT KOMAUSDT KSMUSDT LAUSDT LAYERUSDT LDOUSDT LEVERUSDT LINKUSDT LISTAUSDT LPTUSDT LQTYUSDT LRCUSDT LSKUSDT LTCUSDT LUMIAUSDT LUNA2USDT MAGICUSDT MANAUSDT MANTAUSDT MASKUSDT MAVIAUSDT MAVUSDT MBOXUSDT MELANIAUSDT MEMEUSDT MERLUSDT METISUSDT MEUSDT MEWUSDT MILKUSDT MINAUSDT MKRUSDT MLNUSDT MOCAUSDT MOODENGUSDT MORPHOUSDT MOVEUSDT MOVRUSDT MTLUSDT MUBARAKUSDT MUSDT MYROUSDT MYXUSDT NAORISUSDT NEARUSDT NEIROETHUSDT NEIROUSDT NEOUSDT NEWTUSDT NFPUSDT NILUSDT NKNUSDT NMRUSDT NOTUSDT NTRNUSDT NXPCUSDT OBOLUSDT OGNUSDT OGUSDT OLUSDT OMNIUSDT OMUSDT ONDOUSDT ONEUSDT ONGUSDT ONTUSDT OPUSDT ORCAUSDT ORDIUSDT OXTUSDT PARTIUSDT PENDLEUSDT PENGUUSDT PEOPLEUSDT PERPUSDT PHAUSDT PHBUSDT PIPPINUSDT PIXELUSDT PLAYUSDT PLUMEUSDT PNUTUSDT POLUSDT POLYXUSDT PONKEUSDT POPCATUSDT PORT3USDT PORTALUSDT POWRUSDT PROMPTUSDT PROMUSDT PUFFERUSDT PUMPBTCUSDT PUMPUSDT PUNDIXUSDT PYTHUSDT QNTUSDT QTUMUSDT QUICKUSDT RAREUSDT RAYSOLUSDT RDNTUSDT REDUSDT REIUSDT RENDERUSDT RESOLVUSDT REZUSDT RIFUSDT RLCUSDT RONINUSDT ROSEUSDT RPLUSDT RSRUSDT RUNEUSDT RVNUSDT SAFEUSDT SAGAUSDT SAHARAUSDT SANDUSDT SANTOSUSDT SCRTUSDT SCRUSDT SEIUSDT SFPUSDT SHELLUSDT SIGNUSDT SIRENUSDT SKATEUSDT SKLUSDT SKYAIUSDT SLERFUSDT SLPUSDT SNXUSDT SOLUSDT SOLVUSDT SONICUSDT SOONUSDT SOPHUSDT SPELLUSDT SPKUSDT SPXUSDT SQDUSDT SSVUSDT STEEMUSDT STGUSDT STORJUSDT STOUSDT STRKUSDT STXUSDT SUIUSDT SUNUSDT SUPERUSDT SUSDT SUSHIUSDT SWARMSUSDT SWELLUSDT SXPUSDT SXTUSDT SYNUSDT SYRUPUSDT SYSUSDT TACUSDT TAGUSDT TAIKOUSDT TANSSIUSDT TAOUSDT TAUSDT THETAUSDT THEUSDT TIAUSDT TLMUSDT TNSRUSDT TOKENUSDT TONUSDT TRBUSDT TREEUSDT TRUMPUSDT TRUUSDT TRXUSDT TSTUSDT TURBOUSDT TUSDT TUTUSDT TWTUSDT UMAUSDT UNIUSDT USTCUSDT USUALUSDT UXLINKUSDT VANAUSDT VANRYUSDT VELODROMEUSDT VELVETUSDT VETUSDT VICUSDT VINEUSDT VIRTUALUSDT VOXELUSDT VTHOUSDT VVVUSDT WALUSDT WAXPUSDT WCTUSDT WIFUSDT WLDUSDT WOOUSDT WUSDT XAIUSDT XCNUSDT XLMUSDT XMRUSDT XRPUSDT XTZUSDT XVGUSDT XVSUSDT YFIUSDT YGGUSDT ZECUSDT ZENUSDT ZEREBROUSDT ZETAUSDT ZILUSDT ZKJUSDT ZKUSDT ZORAUSDT ZRCUSDT ZROUSDT ZRXUSDT
2025-10-04,471,449,20,ETHUSDT BTCUSDT SOLUSDT DOGEUSDT XRPUSDT WLFIUSDT MYXUSDT BNBUSDT XPLUSDT AVAXUSDT PUMPUSDT ENAUSDT SUIUSDT 1000PEPEUSDT WLDUSDT LINKUSDT ADAUSDT SOMIUSDT HYPEUSDT LINEAUSDT,1000000BOBUSDT 1000000MOGUSDT 1000BONKUSDT 1000CATUSDT 1000CHEEMSUSDT 1000FLOKIUSDT 1000LUNCUSDT 1000PEPEUSDT 1000RATSUSDT 1000SATSUSDT 1000SHIBUSDT 1000WHYUSDT 1000XECUSDT 1000XUSDT 1INCHUSDT 1MBABYDOGEUSDT A2ZUSDT AAVEUSDT ACEUSDT ACHUSDT ACTUSDT ACXUSDT ADAUSDT AERGOUSDT AEROUSDT AEVOUSDT AGLDUSDT AGTUSDT AI16ZUSDT AINUSDT AIOTUSDT AIOUSDT AIUSDT AIXBTUSDT AKTUSDT ALCHUSDT ALGOUSDT ALICEUSDT ALLUSDT ALPINEUSDT ALTUSDT ANIMEUSDT ANKRUSDT APEUSDT API3USDT APTUSDT ARBUSDT ARCUSDT ARKMUSDT ARKUSDT ARPAUSDT ARUSDT ASRUSDT ASTRUSDT ATAUSDT ATHUSDT ATOMUSDT AUCTIONUSDT AUSDT AVAAIUSDT AVAUSDT AVAXUSDT AWEUSDT AXLUSDT AXSUSDT B2USDT B3USDT BABYUSDT BAKEUSDT BANANAS31USDT BANANAUSDT BANDUSDT BANKUSDT BANUSDT BASUSDT BATUSDT BBUSDT BCHUSDT BDXNUSDT BEAMXUSDT BELUSDT BERAUSDT BICOUSDT BIDUSDT BIGTIMEUSDT BIOUSDT BLURUSDT BMTUSDT BNBUSDT BOMEUSDT BRETTUSDT BROCCOLI714USDT BROCCOLIF3BUSDT BRUSDT BSVUSDT BTCUSDT BTRUSDT BULLAUSDT BUSDT C98USDT CAKEUSDT CARVUSDT CATIUSDT CELOUSDT CELRUSDT CETUSUSDT CFXUSDT CGPTUSDT CHESSUSDT CHILLGUYUSDT CHRUSDT CHZUSDT CKBUSDT COMPUSDT COOKIEUSDT COTIUSDT COWUSDT CROSSUSDT CRVUSDT CTKUSDT CTSIUSDT CUDISUSDT CUSDT CVXUSDT CYBERUSDT DAMUSDT DASHUSDT DEEPUSDT DEGENUSDT DEGOUSDT DENTUSDT DEXEUSDT DIAUSDT DMCUSDT DODOXUSDT DOGEUSDT DOGSUSDT DOLOUSDT DOODUSDT DOTUSDT DRIFTUSDT DUSDT DUSKUSDT DYDXUSDT DYMUSDT EDUUSDT EGLDUSDT EIGENUSDT ENAUSDT ENJUSDT ENSUSDT EPICUSDT EPTUSDT ERAUSDT ESPORTSUSDT ETCUSDT ETHFIUSDT ETHUSDT FARTCOINUSDT FETUSDT FHEUSDT FIDAUSDT FILUSDT FISUSDT FLMUSDT FLOWUSDT FLUXUSDT FORMUSDT FUNUSDT FUSDT FXSUSDT GALAUSDT GASUSDT GLMUSDT GMTUSDT GMXUSDT GOATUSDT GPSUSDT GRASSUSDT GRIFFAINUSDT GRTUSDT GTCUSDT GUNUSDT HAEDALUSDT HBARUSDT HEIUSDT HEMIUSDT HFTUSDT HIFIUSDT HIGHUSDT HIPPOUSDT HMSTRUSDT HOMEUSDT HOOKUSDT HOTUSDT HUMAUSDT HUSDT HYPERUSDT HYPEUSDT ICNTUSDT ICPUSDT ICXUSDT IDOLUSDT IDUSDT ILVUSDT IMXUSDT INITUSDT INJUSDT INUSDT IOSTUSDT IOTAUSDT IOTXUSDT IOUSDT IPUSDT JASMYUSDT JELLYJELLYUSDT JOEUSDT JSTUSDT JTOUSDT JUPUSDT KAIAUSDT KAITOUSDT KASUSDT KAVAUSDT KDAUSDT KERNELUSDT KMNOUSDT KNCUSDT KOMAUSDT KSMUSDT LAUSDT LAYERUSDT LDOUSDT LINEAUSDT LINKUSDT LISTAUSDT LPTUSDT LQTYUSDT LRCUSDT LTCUSDT LUMIAUSDT LUNA2USDT MAGICUSDT MANAUSDT MANTAUSDT MASKUSDT MAVIAUSDT MAVUSDT MBOXUSDT MELANIAUSDT MEMEUSDT MERLUSDT METISUSDT MEUSDT MEWUSDT MILKUSDT MINAUSDT MITOUSDT MOCAUSDT MOODENGUSDT MORPHOUSDT MOVEUSDT MOVRUSDT MTLUSDT MUBARAKUSDT MUSDT MYROUSDT MYXUSDT NAORISUSDT NEARUSDT NEIROUSDT NEOUSDT NEWTUSDT NFPUSDT NILUSDT NKNUSDT NMRUSDT NOTUSDT NTRNUSDT NXPCUSDT OBOLUSDT OGNUSDT OGUSDT OLUSDT OMUSDT ONDOUSDT ONEUSDT ONGUSDT ONTUSDT OPUSDT ORCAUSDT ORDIUSDT OXTUSDT PARTIUSDT PENDLEUSDT PENGUUSDT PEOPLEUSDT PERPUSDT PHAUSDT PHBUSDT PIPPINUSDT PIXELUSDT PLAYUSDT PLUMEUSDT PNUTUSDT POLUSDT POLYXUSDT PONKEUSDT POPCATUSDT PORT3USDT PORTALUSDT PROMPTUSDT PROMUSDT PROVEUSDT PUMPBTCUSDT PUMPUSDT PUNDIXUSDT PYTHUSDT QNTUSDT QTUMUSDT QUICKUSDT RAREUSDT RAYSOLUSDT RDNTUSDT REDUSDT REIUSDT RENDERUSDT RESOLVUSDT REZUSDT RLCUSDT RONINUSDT ROSEUSDT RPLUSDT RSRUSDT RUNEUSDT RVNUSDT SAFEUSDT SAGAUSDT SAHARAUSDT SANDUSDT SANTOSUSDT SAPIENUSDT SCRUSDT SEIUSDT SFPUSDT SHELLUSDT SIGNUSDT SIRENUSDT SKATEUSDT SKLUSDT SKYAIUSDT SLERFUSDT SNXUSDT SOLUSDT SOLVUSDT SOMIUSDT SONICUSDT SOONUSDT SOPHUSDT SPELLUSDT SPKUSDT SPXUSDT SQDUSDT SSVUSDT STGUSDT STORJUSDT STOUSDT STRKUSDT STXUSDT SUIUSDT SUNUSDT SUPERUSDT SUSDT SUSHIUSDT SWARMSUSDT SWELLUSDT SXPUSDT SXTUSDT SYNUSDT SYRUPUSDT SYSUSDT TACUSDT TAGUSDT TANSSIUSDT TAOUSDT TAUSDT THETAUSDT THEUSDT TIAUSDT TLMUSDT TNSRUSDT TOKENUSDT TONUSDT TOWNSUSDT TRBUSDT TREEUSDT TRUMPUSDT TRUUSDT TRXUSDT TSTUSDT TURBOUSDT TUSDT TUTUSDT TWTUSDT UMAUSDT UNIUSDT USELESSUSDT USTCUSDT USUALUSDT VANAUSDT VANRYUSDT VELODROMEUSDT VELVETUSDT VETUSDT VICUSDT VINEUSDT VIRTUALUSDT VOXELUSDT VVVUSDT WALUSDT WCTUSDT WIFUSDT WLDUSDT WLFIUSDT WOOUSDT WUSDT XAIUSDT XCNUSDT XLMUSDT XMRUSDT XNYUSDT XPLUSDT XRPUSDT XTZUSDT XVGUSDT XVSUSDT YALAUSDT YFIUSDT YGGUSDT ZECUSDT ZENUSDT ZEREBROUSDT ZETAUSDT ZILUSDT ZKJUSDT ZKUSDT ZORAUSDT ZROUSDT ZRXUSDT
2025-10-11,471,449,20,ETHUSDT BTCUSDT SOLUSDT DOGEUSDT XRPUSDT WLFIUSDT MYXUSDT BNBUSDT XPLUSDT AVAXUSDT PUMPUSDT ENAUSDT SUIUSDT 1000PEPEUSDT WLDUSDT LINKUSDT ADAUSDT SOMIUSDT HYPEUSDT LINEAUSDT,1000000BOBUSDT 1000000MOGUSDT 1000BONKUSDT 1000CATUSDT 1000CHEEMSUSDT 1000FLOKIUSDT 1000LUNCUSDT 1000PEPEUSDT 1000RATSUSDT 1000SATSUSDT 1000SHIBUSDT 1000WHYUSDT 1000XECUSDT 1000XUSDT 1INCHUSDT 1MBABYDOGEUSDT A2ZUSDT AAVEUSDT ACEUSDT ACHUSDT ACTUSDT ACXUSDT ADAUSDT AERGOUSDT AEROUSDT AEVOUSDT AGLDUSDT AGTUSDT AI16ZUSDT AINUSDT AIOTUSDT AIOUSDT AIUSDT AIXBTUSDT AKTUSDT ALCHUSDT ALGOUSDT ALICEUSDT ALLUSDT ALPINEUSDT ALTUSDT ANIMEUSDT ANKRUSDT APEUSDT API3USDT APTUSDT ARBUSDT ARCUSDT ARKMUSDT ARKUSDT ARPAUSDT ARUSDT ASRUSDT ASTRUSDT ATAUSDT ATHUSDT ATOMUSDT AUCTIONUSDT AUSDT AVAAIUSDT AVAUSDT AVAXUSDT AWEUSDT AXLUSDT AXSUSDT B2USDT B3USDT BABYUSDT BAKEUSDT BANANAS31USDT BANANAUSDT BANDUSDT BANKUSDT BANUSDT BASUSDT BATUSDT BBUSDT BCHUSDT BDXNUSDT BEAMXUSDT BELUSDT BERAUSDT BICOUSDT BIDUSDT BIGTIMEUSDT BIOUSDT BLURUSDT BMTUSDT BNBUSDT BOMEUSDT BRETTUSDT BROCCOLI714USDT BROCCOLIF3BUSDT BRUSDT BSVUSDT BTCUSDT BTRUSDT BULLAUSDT BUSDT C98USDT CAKEUSDT CARVUSDT CATIUSDT CELOUSDT CELRUSDT CETUSUSDT CFXUSDT CGPTUSDT CHESSUSDT CHILLGUYUSDT CHRUSDT CHZUSDT CKBUSDT COMPUSDT COOKIEUSDT COTIUSDT COWUSDT CROSSUSDT CRVUSDT CTKUSDT CTSIUSDT CUDISUSDT CUSDT CVXUSDT CYBERUSDT DAMUSDT DASHUSDT DEEPUSDT DEGENUSDT DEGOUSDT DENTUSDT DEXEUSDT DIAUSDT DMCUSDT DODOXUSDT DOGEUSDT DOGSUSDT DOLOUSDT DOODUSDT DOTUSDT DRIFTUSDT DUSDT DUSKUSDT DYDXUSDT DYMUSDT EDUUSDT EGLDUSDT EIGENUSDT ENAUSDT ENJUSDT ENSUSDT EPICUSDT EPTUSDT ERAUSDT ESPORTSUSDT ETCUSDT ETHFIUSDT ETHUSDT FARTCOINUSDT FETUSDT FHEUSDT FIDAUSDT FILUSDT FISUSDT FLMUSDT FLOWUSDT FLUXUSDT FORMUSDT FUNUSDT FUSDT FXSUSDT GALAUSDT GASUSDT GLMUSDT GMTUSDT GMXUSDT GOATUSDT GPSUSDT GRASSUSDT GRIFFAINUSDT GRTUSDT GTCUSDT GUNUSDT HAEDALUSDT HBARUSDT HEIUSDT HEMIUSDT HFTUSDT HIFIUSDT HIGHUSDT HIPPOUSDT HMSTRUSDT HOMEUSDT HOOKUSDT HOTUSDT HUMAUSDT HUSDT HYPERUSDT HYPEUSDT ICNTUSDT ICPUSDT ICXUSDT IDOLUSDT IDUSDT ILVUSDT IMXUSDT INITUSDT INJUSDT INUSDT IOSTUSDT IOTAUSDT IOTXUSDT IOUSDT IPUSDT JASMYUSDT JELLYJELLYUSDT JOEUSDT JSTUSDT JTOUSDT JUPUSDT KAIAUSDT KAITOUSDT KASUSDT KAVAUSDT KDAUSDT KERNELUSDT KMNOUSDT KNCUSDT KOMAUSDT KSMUSDT LAUSDT LAYERUSDT LDOUSDT LINEAUSDT LINKUSDT LISTAUSDT LPTUSDT LQTYUSDT LRCUSDT LTCUSDT LUMIAUSDT LUNA2USDT MAGICUSDT MANAUSDT MANTAUSDT MASKUSDT MAVIAUSDT MAVUSDT MBOXUSDT MELANIAUSDT MEMEUSDT MERLUSDT METISUSDT MEUSDT MEWUSDT MILKUSDT MINAUSDT MITOUSDT MOCAUSDT MOODENGUSDT MORPHOUSDT MOVEUSDT MOVRUSDT MTLUSDT MUBARAKUSDT MUSDT MYROUSDT MYXUSDT NAORISUSDT NEARUSDT NEIROUSDT NEOUSDT NEWTUSDT NFPUSDT NILUSDT NKNUSDT NMRUSDT NOTUSDT NTRNUSDT NXPCUSDT OBOLUSDT OGNUSDT OGUSDT OLUSDT OMUSDT ONDOUSDT ONEUSDT ONGUSDT ONTUSDT OPUSDT ORCAUSDT ORDIUSDT OXTUSDT PARTIUSDT PENDLEUSDT PENGUUSDT PEOPLEUSDT PERPUSDT PHAUSDT PHBUSDT PIPPINUSDT PIXELUSDT PLAYUSDT PLUMEUSDT PNUTUSDT POLUSDT POLYXUSDT PONKEUSDT POPCATUSDT PORT3USDT PORTALUSDT PROMPTUSDT PROMUSDT PROVEUSDT PUMPBTCUSDT PUMPUSDT PUNDIXUSDT PYTHUSDT QNTUSDT QTUMUSDT QUICKUSDT RAREUSDT RAYSOLUSDT RDNTUSDT REDUSDT REIUSDT RENDERUSDT RESOLVUSDT REZUSDT RLCUSDT RONINUSDT ROSEUSDT RPLUSDT RSRUSDT RUNEUSDT RVNUSDT SAFEUSDT SAGAUSDT SAHARAUSDT SANDUSDT SANTOSUSDT SAPIENUSDT SCRUSDT SEIUSDT SFPUSDT SHELLUSDT SIGNUSDT SIRENUSDT SKATEUSDT SKLUSDT SKYAIUSDT SLERFUSDT SNXUSDT SOLUSDT SOLVUSDT SOMIUSDT SONICUSDT SOONUSDT SOPHUSDT SPELLUSDT SPKUSDT SPXUSDT SQDUSDT SSVUSDT STGUSDT STORJUSDT STOUSDT STRKUSDT STXUSDT SUIUSDT SUNUSDT SUPERUSDT SUSDT SUSHIUSDT SWARMSUSDT SWELLUSDT SXPUSDT SXTUSDT SYNUSDT SYRUPUSDT SYSUSDT TACUSDT TAGUSDT TANSSIUSDT TAOUSDT TAUSDT THETAUSDT THEUSDT TIAUSDT TLMUSDT TNSRUSDT TOKENUSDT TONUSDT TOWNSUSDT TRBUSDT TREEUSDT TRUMPUSDT TRUUSDT TRXUSDT TSTUSDT TURBOUSDT TUSDT TUTUSDT TWTUSDT UMAUSDT UNIUSDT USELESSUSDT USTCUSDT USUALUSDT VANAUSDT VANRYUSDT VELODROMEUSDT VELVETUSDT VETUSDT VICUSDT VINEUSDT VIRTUALUSDT VOXELUSDT VVVUSDT WALUSDT WCTUSDT WIFUSDT WLDUSDT WLFIUSDT WOOUSDT WUSDT XAIUSDT XCNUSDT XLMUSDT XMRUSDT XNYUSDT XPLUSDT XRPUSDT XTZUSDT XVGUSDT XVSUSDT YALAUSDT YFIUSDT YGGUSDT ZECUSDT ZENUSDT ZEREBROUSDT ZETAUSDT ZILUSDT ZKJUSDT ZKUSDT ZORAUSDT ZROUSDT ZRXUSDT
2025-10-18,471,449,20,ETHUSDT BTCUSDT SOLUSDT DOGEUSDT XRPUSDT WLFIUSDT MYXUSDT BNBUSDT XPLUSDT AVAXUSDT PUMPUSDT ENAUSDT SUIUSDT 1000PEPEUSDT WLDUSDT LINKUSDT ADAUSDT SOMIUSDT HYPEUSDT LINEAUSDT,1000000BOBUSDT 1000000MOGUSDT 1000BONKUSDT 1000CATUSDT 1000CHEEMSUSDT 1000FLOKIUSDT 1000LUNCUSDT 1000PEPEUSDT 1000RATSUSDT 1000SATSUSDT 1000SHIBUSDT 1000WHYUSDT 1000XECUSDT 1000XUSDT 1INCHUSDT 1MBABYDOGEUSDT A2ZUSDT AAVEUSDT ACEUSDT ACHUSDT ACTUSDT ACXUSDT ADAUSDT AERGOUSDT AEROUSDT AEVOUSDT AGLDUSDT AGTUSDT AI16ZUSDT AINUSDT AIOTUSDT AIOUSDT AIUSDT AIXBTUSDT AKTUSDT ALCHUSDT ALGOUSDT ALICEUSDT ALLUSDT ALPINEUSDT ALTUSDT ANIMEUSDT ANKRUSDT APEUSDT API3USDT APTUSDT ARBUSDT ARCUSDT ARKMUSDT ARKUSDT ARPAUSDT ARUSDT ASRUSDT ASTRUSDT ATAUSDT ATHUSDT ATOMUSDT AUCTIONUSDT AUSDT AVAAIUSDT AVAUSDT AVAXUSDT AWEUSDT AXLUSDT AXSUSDT B2USDT B3USDT BABYUSDT BAKEUSDT BANANAS31USDT BANANAUSDT BANDUSDT BANKUSDT BANUSDT BASUSDT BATUSDT BBUSDT BCHUSDT BDXNUSDT BEAMXUSDT BELUSDT BERAUSDT BICOUSDT BIDUSDT BIGTIMEUSDT BIOUSDT BLURUSDT BMTUSDT BNBUSDT BOMEUSDT BRETTUSDT BROCCOLI714USDT BROCCOLIF3BUSDT BRUSDT BSVUSDT BTCUSDT BTRUSDT BULLAUSDT BUSDT C98USDT CAKEUSDT CARVUSDT CATIUSDT CELOUSDT CELRUSDT CETUSUSDT CFXUSDT CGPTUSDT CHESSUSDT CHILLGUYUSDT CHRUSDT CHZUSDT CKBUSDT COMPUSDT COOKIEUSDT COTIUSDT COWUSDT CROSSUSDT CRVUSDT CTKUSDT CTSIUSDT CUDISUSDT CUSDT CVXUSDT CYBERUSDT DAMUSDT DASHUSDT DEEPUSDT DEGENUSDT DEGOUSDT DENTUSDT DEXEUSDT DIAUSDT DMCUSDT DODOXUSDT DOGEUSDT DOGSUSDT DOLOUSDT DOODUSDT DOTUSDT DRIFTUSDT DUSDT DUSKUSDT DYDXUSDT DYMUSDT EDUUSDT EGLDUSDT EIGENUSDT ENAUSDT ENJUSDT ENSUSDT EPICUSDT EPTUSDT ERAUSDT ESPORTSUSDT ETCUSDT ETHFIUSDT ETHUSDT FARTCOINUSDT FETUSDT FHEUSDT FIDAUSDT FILUSDT FISUSDT FLMUSDT FLOWUSDT FLUXUSDT FORMUSDT FUNUSDT FUSDT FXSUSDT GALAUSDT GASUSDT GLMUSDT GMTUSDT GMXUSDT GOATUSDT GPSUSDT GRASSUSDT GRIFFAINUSDT GRTUSDT GTCUSDT GUNUSDT HAEDALUSDT HBARUSDT HEIUSDT HEMIUSDT HFTUSDT HIFIUSDT HIGHUSDT HIPPOUSDT HMSTRUSDT HOMEUSDT HOOKUSDT HOTUSDT HUMAUSDT HUSDT HYPERUSDT HYPEUSDT ICNTUSDT ICPUSDT ICXUSDT IDOLUSDT IDUSDT ILVUSDT IMXUSDT INITUSDT INJUSDT INUSDT IOSTUSDT IOTAUSDT IOTXUSDT IOUSDT IPUSDT JASMYUSDT JELLYJELLYUSDT JOEUSDT JSTUSDT JTOUSDT JUPUSDT KAIAUSDT KAITOUSDT KASUSDT KAVAUSDT KDAUSDT KERNELUSDT KMNOUSDT KNCUSDT KOMAUSDT KSMUSDT LAUSDT LAYERUSDT LDOUSDT LINEAUSDT LINKUSDT LISTAUSDT LPTUSDT LQTYUSDT LRCUSDT LTCUSDT LUMIAUSDT LUNA2USDT MAGICUSDT MANAUSDT MANTAUSDT MASKUSDT MAVIAUSDT MAVUSDT MBOXUSDT MELANIAUSDT MEMEUSDT MERLUSDT METISUSDT MEUSDT MEWUSDT MILKUSDT MINAUSDT MITOUSDT MOCAUSDT MOODENGUSDT MORPHOUSDT MOVEUSDT MOVRUSDT MTLUSDT MUBARAKUSDT MUSDT MYROUSDT MYXUSDT NAORISUSDT NEARUSDT NEIROUSDT NEOUSDT NEWTUSDT NFPUSDT NILUSDT NKNUSDT NMRUSDT NOTUSDT NTRNUSDT NXPCUSDT OBOLUSDT OGNUSDT OGUSDT OLUSDT OMUSDT ONDOUSDT ONEUSDT ONGUSDT ONTUSDT OPUSDT ORCAUSDT ORDIUSDT OXTUSDT PARTIUSDT PENDLEUSDT PENGUUSDT PEOPLEUSDT PERPUSDT PHAUSDT PHBUSDT PIPPINUSDT PIXELUSDT PLAYUSDT PLUMEUSDT PNUTUSDT POLUSDT POLYXUSDT PONKEUSDT POPCATUSDT PORT3USDT PORTALUSDT PROMPTUSDT PROMUSDT PROVEUSDT PUMPBTCUSDT PUMPUSDT PUNDIXUSDT PYTHUSDT QNTUSDT QTUMUSDT QUICKUSDT RAREUSDT RAYSOLUSDT RDNTUSDT REDUSDT REIUSDT RENDERUSDT RESOLVUSDT REZUSDT RLCUSDT RONINUSDT ROSEUSDT RPLUSDT RSRUSDT RUNEUSDT RVNUSDT SAFEUSDT SAGAUSDT SAHARAUSDT SANDUSDT SANTOSUSDT SAPIENUSDT SCRUSDT SEIUSDT SFPUSDT SHELLUSDT SIGNUSDT SIRENUSDT SKATEUSDT SKLUSDT SKYAIUSDT SLERFUSDT SNXUSDT SOLUSDT SOLVUSDT SOMIUSDT SONICUSDT SOONUSDT SOPHUSDT SPELLUSDT SPKUSDT SPXUSDT SQDUSDT SSVUSDT STGUSDT STORJUSDT STOUSDT STRKUSDT STXUSDT SUIUSDT SUNUSDT SUPERUSDT SUSDT SUSHIUSDT SWARMSUSDT SWELLUSDT SXPUSDT SXTUSDT SYNUSDT SYRUPUSDT SYSUSDT TACUSDT TAGUSDT TANSSIUSDT TAOUSDT TAUSDT THETAUSDT THEUSDT TIAUSDT TLMUSDT TNSRUSDT TOKENUSDT TONUSDT TOWNSUSDT TRBUSDT TREEUSDT TRUMPUSDT TRUUSDT TRXUSDT TSTUSDT TURBOUSDT TUSDT TUTUSDT TWTUSDT UMAUSDT UNIUSDT USELESSUSDT USTCUSDT USUALUSDT VANAUSDT VANRYUSDT VELODROMEUSDT VELVETUSDT VETUSDT VICUSDT VINEUSDT VIRTUALUSDT VOXELUSDT VVVUSDT WALUSDT WCTUSDT WIFUSDT WLDUSDT WLFIUSDT WOOUSDT WUSDT XAIUSDT XCNUSDT XLMUSDT XMRUSDT XNYUSDT XPLUSDT XRPUSDT XTZUSDT XVGUSDT XVSUSDT YALAUSDT YFIUSDT YGGUSDT ZECUSDT ZENUSDT ZEREBROUSDT ZETAUSDT ZILUSDT ZKJUSDT ZKUSDT ZORAUSDT ZROUSDT ZRXUSDT
2025-10-25,471,449,20,ETHUSDT BTCUSDT SOLUSDT DOGEUSDT XRPUSDT WLFIUSDT MYXUSDT BNBUSDT XPLUSDT AVAXUSDT PUMPUSDT ENAUSDT SUIUSDT 1000PEPEUSDT WLDUSDT LINKUSDT ADAUSDT SOMIUSDT HYPEUSDT LINEAUSDT,1000000BOBUSDT 1000000MOGUSDT 1000BONKUSDT 1000CATUSDT 1000CHEEMSUSDT 1000FLOKIUSDT 1000LUNCUSDT 1000PEPEUSDT 1000RATSUSDT 1000SATSUSDT 1000SHIBUSDT 1000WHYUSDT 1000XECUSDT 1000XUSDT 1INCHUSDT 1MBABYDOGEUSDT A2ZUSDT AAVEUSDT ACEUSDT ACHUSDT ACTUSDT ACXUSDT ADAUSDT AERGOUSDT AEROUSDT AEVOUSDT AGLDUSDT AGTUSDT AI16ZUSDT AINUSDT AIOTUSDT AIOUSDT AIUSDT AIXBTUSDT AKTUSDT ALCHUSDT ALGOUSDT ALICEUSDT ALLUSDT ALPINEUSDT ALTUSDT ANIMEUSDT ANKRUSDT APEUSDT API3USDT APTUSDT ARBUSDT ARCUSDT ARKMUSDT ARKUSDT ARPAUSDT ARUSDT ASRUSDT ASTRUSDT ATAUSDT ATHUSDT ATOMUSDT AUCTIONUSDT AUSDT AVAAIUSDT AVAUSDT AVAXUSDT AWEUSDT AXLUSDT AXSUSDT B2USDT B3USDT BABYUSDT BAKEUSDT BANANAS31USDT BANANAUSDT BANDUSDT BANKUSDT BANUSDT BASUSDT BATUSDT BBUSDT BCHUSDT BDXNUSDT BEAMXUSDT BELUSDT BERAUSDT BICOUSDT BIDUSDT BIGTIMEUSDT BIOUSDT BLURUSDT BMTUSDT BNBUSDT BOMEUSDT BRETTUSDT BROCCOLI714USDT BROCCOLIF3BUSDT BRUSDT BSVUSDT BTCUSDT BTRUSDT BULLAUSDT BUSDT C98USDT CAKEUSDT CARVUSDT CATIUSDT CELOUSDT CELRUSDT CETUSUSDT CFXUSDT CGPTUSDT CHESSUSDT CHILLGUYUSDT CHRUSDT CHZUSDT CKBUSDT COMPUSDT COOKIEUSDT COTIUSDT COWUSDT CROSSUSDT CRVUSDT CTKUSDT CTSIUSDT CUDISUSDT CUSDT CVXUSDT CYBERUSDT DAMUSDT DASHUSDT DEEPUSDT DEGENUSDT DEGOUSDT DENTUSDT DEXEUSDT DIAUSDT DMCUSDT DODOXUSDT DOGEUSDT DOGSUSDT DOLOUSDT DOODUSDT DOTUSDT DRIFTUSDT DUSDT DUSKUSDT DYDXUSDT DYMUSDT EDUUSDT EGLDUSDT EIGENUSDT ENAUSDT ENJUSDT ENSUSDT EPICUSDT EPTUSDT ERAUSDT ESPORTSUSDT ETCUSDT ETHFIUSDT ETHUSDT FARTCOINUSDT FETUSDT FHEUSDT FIDAUSDT FILUSDT FISUSDT FLMUSDT FLOWUSDT FLUXUSDT FORMUSDT FUNUSDT FUSDT FXSUSDT GALAUSDT GASUSDT GLMUSDT GMTUSDT GMXUSDT GOATUSDT GPSUSDT GRASSUSDT GRIFFAINUSDT GRTUSDT GTCUSDT GUNUSDT HAEDALUSDT HBARUSDT HEIUSDT HEMIUSDT HFTUSDT HIFIUSDT HIGHUSDT HIPPOUSDT HMSTRUSDT HOMEUSDT HOOKUSDT HOTUSDT HUMAUSDT HUSDT HYPERUSDT HYPEUSDT ICNTUSDT ICPUSDT ICXUSDT IDOLUSDT IDUSDT ILVUSDT IMXUSDT INITUSDT INJUSDT INUSDT IOSTUSDT IOTAUSDT IOTXUSDT IOUSDT IPUSDT JASMYUSDT JELLYJELLYUSDT JOEUSDT JSTUSDT JTOUSDT JUPUSDT KAIAUSDT KAITOUSDT KASUSDT KAVAUSDT KDAUSDT KERNELUSDT KMNOUSDT KNCUSDT KOMAUSDT KSMUSDT LAUSDT LAYERUSDT LDOUSDT LINEAUSDT LINKUSDT LISTAUSDT LPTUSDT LQTYUSDT LRCUSDT LTCUSDT LUMIAUSDT LUNA2USDT MAGICUSDT MANAUSDT MANTAUSDT MASKUSDT MAVIAUSDT MAVUSDT MBOXUSDT MELANIAUSDT MEMEUSDT MERLUSDT METISUSDT MEUSDT MEWUSDT MILKUSDT MINAUSDT MITOUSDT MOCAUSDT MOODENGUSDT MORPHOUSDT MOVEUSDT MOVRUSDT MTLUSDT MUBARAKUSDT MUSDT MYROUSDT MYXUSDT NAORISUSDT NEARUSDT NEIROUSDT NEOUSDT NEWTUSDT NFPUSDT NILUSDT NKNUSDT NMRUSDT NOTUSDT NTRNUSDT NXPCUSDT OBOLUSDT OGNUSDT OGUSDT OLUSDT OMUSDT ONDOUSDT ONEUSDT ONGUSDT ONTUSDT OPUSDT ORCAUSDT ORDIUSDT OXTUSDT PARTIUSDT PENDLEUSDT PENGUUSDT PEOPLEUSDT PERPUSDT PHAUSDT PHBUSDT PIPPINUSDT PIXELUSDT PLAYUSDT PLUMEUSDT PNUTUSDT POLUSDT POLYXUSDT PONKEUSDT POPCATUSDT PORT3USDT PORTALUSDT PROMPTUSDT PROMUSDT PROVEUSDT PUMPBTCUSDT PUMPUSDT PUNDIXUSDT PYTHUSDT QNTUSDT QTUMUSDT QUICKUSDT RAREUSDT RAYSOLUSDT RDNTUSDT REDUSDT REIUSDT RENDERUSDT RESOLVUSDT REZUSDT RLCUSDT RONINUSDT ROSEUSDT RPLUSDT RSRUSDT RUNEUSDT RVNUSDT SAFEUSDT SAGAUSDT SAHARAUSDT SANDUSDT SANTOSUSDT SAPIENUSDT SCRUSDT SEIUSDT SFPUSDT SHELLUSDT SIGNUSDT SIRENUSDT SKATEUSDT SKLUSDT SKYAIUSDT SLERFUSDT SNXUSDT SOLUSDT SOLVUSDT SOMIUSDT SONICUSDT SOONUSDT SOPHUSDT SPELLUSDT SPKUSDT SPXUSDT SQDUSDT SSVUSDT STGUSDT STORJUSDT STOUSDT STRKUSDT STXUSDT SUIUSDT SUNUSDT SUPERUSDT SUSDT SUSHIUSDT SWARMSUSDT SWELLUSDT SXPUSDT SXTUSDT SYNUSDT SYRUPUSDT SYSUSDT TACUSDT TAGUSDT TANSSIUSDT TAOUSDT TAUSDT THETAUSDT THEUSDT TIAUSDT TLMUSDT TNSRUSDT TOKENUSDT TONUSDT TOWNSUSDT TRBUSDT TREEUSDT TRUMPUSDT TRUUSDT TRXUSDT TSTUSDT TURBOUSDT TUSDT TUTUSDT TWTUSDT UMAUSDT UNIUSDT USELESSUSDT USTCUSDT USUALUSDT VANAUSDT VANRYUSDT VELODROMEUSDT VELVETUSDT VETUSDT VICUSDT VINEUSDT VIRTUALUSDT VOXELUSDT VVVUSDT WALUSDT WCTUSDT WIFUSDT WLDUSDT WLFIUSDT WOOUSDT WUSDT XAIUSDT XCNUSDT XLMUSDT XMRUSDT XNYUSDT XPLUSDT XRPUSDT XTZUSDT XVGUSDT XVSUSDT YALAUSDT YFIUSDT YGGUSDT ZECUSDT ZENUSDT ZEREBROUSDT ZETAUSDT ZILUSDT ZKJUSDT ZKUSDT ZORAUSDT ZROUSDT ZRXUSDT
2025-11-01,501,491,20,ETHUSDT BTCUSDT SOLUSDT BNBUSDT DOGEUSDT XRPUSDT ASTERUSDT COAIUSDT ZECUSDT XPLUSDT SUIUSDT HYPEUSDT 1000PEPEUSDT LINKUSDT ENAUSDT AVAXUSDT ADAUSDT PUMPUSDT AIAUSDT LTCUSDT,0GUSDT 1000000BOBUSDT 1000000MOGUSDT 1000BONKUSDT 1000CATUSDT 1000CHEEMSUSDT 1000FLOKIUSDT 1000LUNCUSDT 1000PEPEUSDT 1000RATSUSDT 1000SATSUSDT 1000SHIBUSDT 1000WHYUSDT 1000XECUSDT 1000XUSDT 1INCHUSDT 1MBABYDOGEUSDT A2ZUSDT AAVEUSDT ACEUSDT ACHUSDT ACTUSDT ACXUSDT ADAUSDT AERGOUSDT AEROUSDT AEVOUSDT AGLDUSDT AGTUSDT AI16ZUSDT AIAUSDT AINUSDT AIOTUSDT AIOUSDT AIUSDT AIXBTUSDT AKEUSDT AKTUSDT ALCHUSDT ALGOUSDT ALICEUSDT ALLUSDT ALPINEUSDT ALTUSDT ANIMEUSDT ANKRUSDT APEUSDT API3USDT APTUSDT ARBUSDT ARCUSDT ARIAUSDT ARKMUSDT ARKUSDT ARPAUSDT ARUSDT ASRUSDT ASTERUSDT ASTRUSDT ATAUSDT ATHUSDT ATOMUSDT AUCTIONUSDT AUSDT AVAAIUSDT AVAUSDT AVAXUSDT AVNTUSDT AWEUSDT AXLUSDT AXSUSDT B2USDT B3USDT BABYUSDT BANANAS31USDT BANANAUSDT BANDUSDT BANKUSDT BANUSDT BARDUSDT BASUSDT BATUSDT BBUSDT BCHUSDT BDXNUSDT BEAMXUSDT BELUSDT BERAUSDT BICOUSDT BIDUSDT BIGTIMEUSDT BIOUSDT BLESSUSDT BLURUSDT BMTUSDT BNBUSDT BNTUSDT BOMEUSDT BRETTUSDT BROCCOLI714USDT BROCCOLIF3BUSDT BRUSDT BSVUSDT BTCUSDT BTRUSDT BUSDT C98USDT CAKEUSDT CARVUSDT CATIUSDT CELOUSDT CELRUSDT CETUSUSDT CFXUSDT CGPTUSDT CHESSUSDT CHILLGUYUSDT CHRUSDT CHZUSDT CKBUSDT COAIUSDT COMPUSDT COOKIEUSDT COSUSDT COTIUSDT COWUSDT CROSSUSDT CRVUSDT CTKUSDT CTSIUSDT CUDISUSDT CUSDT CVCUSDT CVXUSDT CYBERUSDT DAMUSDT DASHUSDT DEEPUSDT DEGENUSDT DEGOUSDT DENTUSDT DEXEUSDT DFUSDT DIAUSDT DMCUSDT DODOXUSDT DOGEUSDT DOGSUSDT DOLOUSDT DOODUSDT DOTUSDT DRIFTUSDT DUSDT DUSKUSDT DYDXUSDT DYMUSDT EDENUSDT EDUUSDT EGLDUSDT EIGENUSDT ENAUSDT ENJUSDT ENSUSDT EPICUSDT EPTUSDT ERAUSDT ESPORTSUSDT ETCUSDT ETHFIUSDT ETHUSDT FARTCOINUSDT FETUSDT FFUSDT FHEUSDT FIDAUSDT FILUSDT FIOUSDT FISUSDT FLMUSDT FLOCKUSDT FLOWUSDT FLUIDUSDT FLUXUSDT FORMUSDT FORTHUSDT FUNUSDT FUSDT FXSUSDT GALAUSDT GASUSDT GLMUSDT GMTUSDT GMXUSDT GOATUSDT GPSUSDT GRASSUSDT GRIFFAINUSDT GRTUSDT GTCUSDT GUNUSDT GUSDT HAEDALUSDT HANAUSDT HBARUSDT HEIUSDT HEMIUSDT HFTUSDT HIGHUSDT HIPPOUSDT HIVEUSDT HMSTRUSDT HOLOUSDT HOMEUSDT HOOKUSDT HOTUSDT HUMAUSDT HUSDT HYPERUSDT HYPEUSDT ICNTUSDT ICPUSDT ICXUSDT IDOLUSDT IDUSDT ILVUSDT IMXUSDT INITUSDT INJUSDT INUSDT IOSTUSDT IOTAUSDT IOTXUSDT IOUSDT IPUSDT JASMYUSDT JELLYJELLYUSDT JOEUSDT JSTUSDT JTOUSDT JUPUSDT KAIAUSDT KAITOUSDT KASUSDT KAVAUSDT KDAUSDT KERNELUSDT KMNOUSDT KNCUSDT KOMAUSDT KSMUSDT LAUSDT LAYERUSDT LDOUSDT LIGHTUSDT LINEAUSDT LINKUSDT LISTAUSDT LPTUSDT LQTYUSDT LRCUSDT LSKUSDT LTCUSDT LUMIAUSDT LUNA2USDT MAGICUSDT MANAUSDT MANTAUSDT MASKUSDT MAVIAUSDT MAVUSDT MBOXUSDT MELANIAUSDT MEMEUSDT MERLUSDT METISUSDT MEUSDT MEWUSDT MILKUSDT MINAUSDT MIRAUSDT MITOUSDT MLNUSDT MOCAUSDT MOODENGUSDT MORPHOUSDT MOVEUSDT MOVRUSDT MTLUSDT MUBARAKUSDT MUSDT MYROUSDT MYXUSDT NAORISUSDT NEARUSDT NEIROUSDT NEOUSDT NEWTUSDT NFPUSDT NILUSDT NKNUSDT NMRUSDT NOMUSDT NOTUSDT NTRNUSDT NXPCUSDT OBOLUSDT OGNUSDT OGUSDT OLUSDT OMUSDT ONDOUSDT ONEUSDT ONGUSDT ONTUSDT OPENUSDT OPUSDT ORCAUSDT ORDERUSDT ORDIUSDT PARTIUSDT PENDLEUSDT PENGUUSDT PEOPLEUSDT PERPUSDT PHAUSDT PHBUSDT PIPPINUSDT PIXELUSDT PLAYUSDT PLUMEUSDT PNUTUSDT POLUSDT POLYXUSDT PONKEUSDT POPCATUSDT PORT3USDT PORTALUSDT POWRUSDT PROMPTUSDT PROMUSDT PROVEUSDT PTBUSDT PUFFERUSDT PUMPBTCUSDT PUMPUSDT PUNDIXUSDT PYTHUSDT QNTUSDT QTUMUSDT QUSDT RAREUSDT RAYSOLUSDT RDNTUSDT REDUSDT REIUSDT RENDERUSDT RESOLVUSDT REZUSDT RLCUSDT RONINUSDT ROSEUSDT RPLUSDT RSRUSDT RUNEUSDT RVNUSDT SAFEUSDT SAGAUSDT SAHARAUSDT SANDUSDT SANTOSUSDT SAPIENUSDT SCRTUSDT SCRUSDT SEIUSDT SFPUSDT SHELLUSDT SIGNUSDT SIRENUSDT SKATEUSDT SKLUSDT SKYAIUSDT SKYUSDT SLPUSDT SNXUSDT SOLUSDT SOLVUSDT SOMIUSDT SONICUSDT SOONUSDT SOPHUSDT SPELLUSDT SPKUSDT SPXUSDT SQDUSDT SSVUSDT STBLUSDT STGUSDT STORJUSDT STOUSDT STRKUSDT STXUSDT SUIUSDT SUNUSDT SUPERUSDT SUSDT SUSHIUSDT SWARMSUSDT SWELLUSDT SXPUSDT SXTUSDT SYNUSDT SYRUPUSDT SYSUSDT TACUSDT TAGUSDT TAKEUSDT TANSSIUSDT TAOUSDT TAUSDT THETAUSDT THEUSDT TIAUSDT TLMUSDT TNSRUSDT TOKENUSDT TONUSDT TOSHIUSDT TOWNSUSDT TRADOORUSDT TRBUSDT TREEUSDT TRUMPUSDT TRUTHUSDT TRUUSDT TRXUSDT TSTUSDT TURBOUSDT TUSDT TUTUSDT TWTUSDT UBUSDT UMAUSDT UNIUSDT USELESSUSDT USTCUSDT USUALUSDT VANAUSDT VANRYUSDT VELODROMEUSDT VELVETUSDT VETUSDT VFYUSDT VICUSDT VINEUSDT VIRTUALUSDT VOXELUSDT VTHOUSDT VVVUSDT WALUSDT WCTUSDT WIFUSDT WLDUSDT WLFIUSDT WOOUSDT WUSDT XAIUSDT XANUSDT XCNUSDT XLMUSDT XMRUSDT XNYUSDT XPINUSDT XPLUSDT XRPUSDT XTZUSDT XVGUSDT XVSUSDT YALAUSDT YFIUSDT YGGUSDT ZECUSDT ZENUSDT ZEREBROUSDT ZETAUSDT ZILUSDT ZKCUSDT ZKJUSDT ZKUSDT ZORAUSDT ZROUSDT ZRXUSDT
2025-11-08,501,491,20,ETHUSDT BTCUSDT SOLUSDT BNBUSDT DOGEUSDT XRPUSDT ASTERUSDT COAIUSDT ZECUSDT XPLUSDT SUIUSDT HYPEUSDT 1000PEPEUSDT LINKUSDT ENAUSDT AVAXUSDT ADAUSDT PUMPUSDT AIAUSDT LTCUSDT,0GUSDT 1000000BOBUSDT 1000000MOGUSDT 1000BONKUSDT 1000CATUSDT 1000CHEEMSUSDT 1000FLOKIUSDT 1000LUNCUSDT 1000PEPEUSDT 1000RATSUSDT 1000SATSUSDT 1000SHIBUSDT 1000WHYUSDT 1000XECUSDT 1000XUSDT 1INCHUSDT 1MBABYDOGEUSDT A2ZUSDT AAVEUSDT ACEUSDT ACHUSDT ACTUSDT ACXUSDT ADAUSDT AERGOUSDT AEROUSDT AEVOUSDT AGLDUSDT AGTUSDT AI16ZUSDT AIAUSDT AINUSDT AIOTUSDT AIOUSDT AIUSDT AIXBTUSDT AKEUSDT AKTUSDT ALCHUSDT ALGOUSDT ALICEUSDT ALLUSDT ALPINEUSDT ALTUSDT ANIMEUSDT ANKRUSDT APEUSDT API3USDT APTUSDT ARBUSDT ARCUSDT ARIAUSDT ARKMUSDT ARKUSDT ARPAUSDT ARUSDT ASRUSDT ASTERUSDT ASTRUSDT ATAUSDT ATHUSDT ATOMUSDT AUCTIONUSDT AUSDT AVAAIUSDT AVAUSDT AVAXUSDT AVNTUSDT AWEUSDT AXLUSDT AXSUSDT B2USDT B3USDT BABYUSDT BANANAS31USDT BANANAUSDT BANDUSDT BANKUSDT BANUSDT BARDUSDT BASUSDT BATUSDT BBUSDT BCHUSDT BDXNUSDT BEAMXUSDT BELUSDT BERAUSDT BICOUSDT BIDUSDT BIGTIMEUSDT BIOUSDT BLESSUSDT BLURUSDT BMTUSDT BNBUSDT BNTUSDT BOMEUSDT BRETTUSDT BROCCOLI714USDT BROCCOLIF3BUSDT BRUSDT BSVUSDT BTCUSDT BTRUSDT BUSDT C98USDT CAKEUSDT CARVUSDT CATIUSDT CELOUSDT CELRUSDT CETUSUSDT CFXUSDT CGPTUSDT CHESSUSDT CHILLGUYUSDT CHRUSDT CHZUSDT CKBUSDT COAIUSDT COMPUSDT COOKIEUSDT COSUSDT COTIUSDT COWUSDT CROSSUSDT CRVUSDT CTKUSDT CTSIUSDT CUDISUSDT CUSDT CVCUSDT CVXUSDT CYBERUSDT DAMUSDT DASHUSDT DEEPUSDT DEGENUSDT DEGOUSDT DENTUSDT DEXEUSDT DFUSDT DIAUSDT DMCUSDT DODOXUSDT DOGEUSDT DOGSUSDT DOLOUSDT DOODUSDT DOTUSDT DRIFTUSDT DUSDT DUSKUSDT DYDXUSDT DYMUSDT EDENUSDT EDUUSDT EGLDUSDT EIGENUSDT ENAUSDT ENJUSDT ENSUSDT EPICUSDT EPTUSDT ERAUSDT ESPORTSUSDT ETCUSDT ETHFIUSDT ETHUSDT FARTCOINUSDT FETUSDT FFUSDT FHEUSDT FIDAUSDT FILUSDT FIOUSDT FISUSDT FLMUSDT FLOCKUSDT FLOWUSDT FLUIDUSDT FLUXUSDT FORMUSDT FORTHUSDT FUNUSDT FUSDT FXSUSDT GALAUSDT GASUSDT GLMUSDT GMTUSDT GMXUSDT GOATUSDT GPSUSDT GRASSUSDT GRIFFAINUSDT GRTUSDT GTCUSDT GUNUSDT GUSDT HAEDALUSDT HANAUSDT HBARUSDT HEIUSDT HEMIUSDT HFTUSDT HIGHUSDT HIPPOUSDT HIVEUSDT HMSTRUSDT HOLOUSDT HOMEUSDT HOOKUSDT HOTUSDT HUMAUSDT HUSDT HYPERUSDT HYPEUSDT ICNTUSDT ICPUSDT ICXUSDT IDOLUSDT IDUSDT ILVUSDT IMXUSDT INITUSDT INJUSDT INUSDT IOSTUSDT IOTAUSDT IOTXUSDT IOUSDT IPUSDT JASMYUSDT JELLYJELLYUSDT JOEUSDT JSTUSDT JTOUSDT JUPUSDT KAIAUSDT KAITOUSDT KASUSDT KAVAUSDT KDAUSDT KERNELUSDT KMNOUSDT KNCUSDT KOMAUSDT KSMUSDT LAUSDT LAYERUSDT LDOUSDT LIGHTUSDT LINEAUSDT LINKUSDT LISTAUSDT LPTUSDT LQTYUSDT LRCUSDT LSKUSDT LTCUSDT LUMIAUSDT LUNA2USDT MAGICUSDT MANAUSDT MANTAUSDT MASKUSDT MAVIAUSDT MAVUSDT MBOXUSDT MELANIAUSDT MEMEUSDT MERLUSDT METISUSDT MEUSDT MEWUSDT MILKUSDT MINAUSDT MIRAUSDT MITOUSDT MLNUSDT MOCAUSDT MOODENGUSDT MORPHOUSDT MOVEUSDT MOVRUSDT MTLUSDT MUBARAKUSDT MUSDT MYROUSDT MYXUSDT NAORISUSDT NEARUSDT NEIROUSDT NEOUSDT NEWTUSDT NFPUSDT NILUSDT NKNUSDT NMRUSDT NOMUSDT NOTUSDT NTRNUSDT NXPCUSDT OBOLUSDT OGNUSDT OGUSDT OLUSDT OMUSDT ONDOUSDT ONEUSDT ONGUSDT ONTUSDT OPENUSDT OPUSDT ORCAUSDT ORDERUSDT ORDIUSDT PARTIUSDT PENDLEUSDT PENGUUSDT PEOPLEUSDT PERPUSDT PHAUSDT PHBUSDT PIPPINUSDT PIXELUSDT PLAYUSDT PLUMEUSDT PNUTUSDT POLUSDT POLYXUSDT PONKEUSDT POPCATUSDT PORT3USDT PORTALUSDT POWRUSDT PROMPTUSDT PROMUSDT PROVEUSDT PTBUSDT PUFFERUSDT PUMPBTCUSDT PUMPUSDT PUNDIXUSDT PYTHUSDT QNTUSDT QTUMUSDT QUSDT RAREUSDT RAYSOLUSDT RDNTUSDT REDUSDT REIUSDT RENDERUSDT RESOLVUSDT REZUSDT RLCUSDT RONINUSDT ROSEUSDT RPLUSDT RSRUSDT RUNEUSDT RVNUSDT SAFEUSDT SAGAUSDT SAHARAUSDT SANDUSDT SANTOSUSDT SAPIENUSDT SCRTUSDT SCRUSDT SEIUSDT SFPUSDT SHELLUSDT SIGNUSDT SIRENUSDT SKATEUSDT SKLUSDT SKYAIUSDT SKYUSDT SLPUSDT SNXUSDT SOLUSDT SOLVUSDT SOMIUSDT SONICUSDT SOONUSDT SOPHUSDT SPELLUSDT SPKUSDT SPXUSDT SQDUSDT SSVUSDT STBLUSDT STGUSDT STORJUSDT STOUSDT STRKUSDT STXUSDT SUIUSDT SUNUSDT SUPERUSDT SUSDT SUSHIUSDT SWARMSUSDT SWELLUSDT SXPUSDT SXTUSDT SYNUSDT SYRUPUSDT SYSUSDT TACUSDT TAGUSDT TAKEUSDT TANSSIUSDT TAOUSDT TAUSDT THETAUSDT THEUSDT TIAUSDT TLMUSDT TNSRUSDT TOKENUSDT TONUSDT TOSHIUSDT TOWNSUSDT TRADOORUSDT TRBUSDT TREEUSDT TRUMPUSDT TRUTHUSDT TRUUSDT TRXUSDT TSTUSDT TURBOUSDT TUSDT TUTUSDT TWTUSDT UBUSDT UMAUSDT UNIUSDT USELESSUSDT USTCUSDT USUALUSDT VANAUSDT VANRYUSDT VELODROMEUSDT VELVETUSDT VETUSDT VFYUSDT VICUSDT VINEUSDT VIRTUALUSDT VOXELUSDT VTHOUSDT VVVUSDT WALUSDT WCTUSDT WIFUSDT WLDUSDT WLFIUSDT WOOUSDT WUSDT XAIUSDT XANUSDT XCNUSDT XLMUSDT XMRUSDT XNYUSDT XPINUSDT XPLUSDT XRPUSDT XTZUSDT XVGUSDT XVSUSDT YALAUSDT YFIUSDT YGGUSDT ZECUSDT ZENUSDT ZEREBROUSDT ZETAUSDT ZILUSDT ZKCUSDT ZKJUSDT ZKUSDT ZORAUSDT ZROUSDT ZRXUSDT
2025-11-15,501,491,20,ETHUSDT BTCUSDT SOLUSDT BNBUSDT DOGEUSDT XRPUSDT ASTERUSDT COAIUSDT ZECUSDT XPLUSDT SUIUSDT HYPEUSDT 1000PEPEUSDT LINKUSDT ENAUSDT AVAXUSDT ADAUSDT PUMPUSDT AIAUSDT LTCUSDT,0GUSDT 1000000BOBUSDT 1000000MOGUSDT 1000BONKUSDT 1000CATUSDT 1000CHEEMSUSDT 1000FLOKIUSDT 1000LUNCUSDT 1000PEPEUSDT 1000RATSUSDT 1000SATSUSDT 1000SHIBUSDT 1000WHYUSDT 1000XECUSDT 1000XUSDT 1INCHUSDT 1MBABYDOGEUSDT A2ZUSDT AAVEUSDT ACEUSDT ACHUSDT ACTUSDT ACXUSDT ADAUSDT AERGOUSDT AEROUSDT AEVOUSDT AGLDUSDT AGTUSDT AI16ZUSDT AIAUSDT AINUSDT AIOTUSDT AIOUSDT AIUSDT AIXBTUSDT AKEUSDT AKTUSDT ALCHUSDT ALGOUSDT ALICEUSDT ALLUSDT ALPINEUSDT ALTUSDT ANIMEUSDT ANKRUSDT APEUSDT API3USDT APTUSDT ARBUSDT ARCUSDT ARIAUSDT ARKMUSDT ARKUSDT ARPAUSDT ARUSDT ASRUSDT ASTERUSDT ASTRUSDT ATAUSDT ATHUSDT ATOMUSDT AUCTIONUSDT AUSDT AVAAIUSDT AVAUSDT AVAXUSDT AVNTUSDT AWEUSDT AXLUSDT AXSUSDT B2USDT B3USDT BABYUSDT BANANAS31USDT BANANAUSDT BANDUSDT BANKUSDT BANUSDT BARDUSDT BASUSDT BATUSDT BBUSDT BCHUSDT BDXNUSDT BEAMXUSDT BELUSDT BERAUSDT BICOUSDT BIDUSDT BIGTIMEUSDT BIOUSDT BLESSUSDT BLURUSDT BMTUSDT BNBUSDT BNTUSDT BOMEUSDT BRETTUSDT BROCCOLI714USDT BROCCOLIF3BUSDT BRUSDT BSVUSDT BTCUSDT BTRUSDT BUSDT C98USDT CAKEUSDT CARVUSDT CATIUSDT CELOUSDT CELRUSDT CETUSUSDT CFXUSDT CGPTUSDT CHESSUSDT CHILLGUYUSDT CHRUSDT CHZUSDT CKBUSDT COAIUSDT COMPUSDT COOKIEUSDT COSUSDT COTIUSDT COWUSDT CROSSUSDT CRVUSDT CTKUSDT CTSIUSDT CUDISUSDT CUSDT CVCUSDT CVXUSDT CYBERUSDT DAMUSDT DASHUSDT DEEPUSDT DEGENUSDT DEGOUSDT DENTUSDT DEXEUSDT DFUSDT DIAUSDT DMCUSDT DODOXUSDT DOGEUSDT DOGSUSDT DOLOUSDT DOODUSDT DOTUSDT DRIFTUSDT DUSDT DUSKUSDT DYDXUSDT DYMUSDT EDENUSDT EDUUSDT EGLDUSDT EIGENUSDT ENAUSDT ENJUSDT ENSUSDT EPICUSDT EPTUSDT ERAUSDT ESPORTSUSDT ETCUSDT ETHFIUSDT ETHUSDT FARTCOINUSDT FETUSDT FFUSDT FHEUSDT FIDAUSDT FILUSDT FIOUSDT FISUSDT FLMUSDT FLOCKUSDT FLOWUSDT FLUIDUSDT FLUXUSDT FORMUSDT FORTHUSDT FUNUSDT FUSDT FXSUSDT GALAUSDT GASUSDT GLMUSDT GMTUSDT GMXUSDT GOATUSDT GPSUSDT GRASSUSDT GRIFFAINUSDT GRTUSDT GTCUSDT GUNUSDT GUSDT HAEDALUSDT HANAUSDT HBARUSDT HEIUSDT HEMIUSDT HFTUSDT HIGHUSDT HIPPOUSDT HIVEUSDT HMSTRUSDT HOLOUSDT HOMEUSDT HOOKUSDT HOTUSDT HUMAUSDT HUSDT HYPERUSDT HYPEUSDT ICNTUSDT ICPUSDT ICXUSDT IDOLUSDT IDUSDT ILVUSDT IMXUSDT INITUSDT INJUSDT INUSDT IOSTUSDT IOTAUSDT IOTXUSDT IOUSDT IPUSDT JASMYUSDT JELLYJELLYUSDT JOEUSDT JSTUSDT JTOUSDT JUPUSDT KAIAUSDT KAITOUSDT KASUSDT KAVAUSDT KDAUSDT KERNELUSDT KMNOUSDT KNCUSDT KOMAUSDT KSMUSDT LAUSDT LAYERUSDT LDOUSDT LIGHTUSDT LINEAUSDT LINKUSDT LISTAUSDT LPTUSDT LQTYUSDT LRCUSDT LSKUSDT LTCUSDT LUMIAUSDT LUNA2USDT MAGICUSDT MANAUSDT MANTAUSDT MASKUSDT MAVIAUSDT MAVUSDT MBOXUSDT MELANIAUSDT MEMEUSDT MERLUSDT METISUSDT MEUSDT MEWUSDT MILKUSDT MINAUSDT MIRAUSDT MITOUSDT MLNUSDT MOCAUSDT MOODENGUSDT MORPHOUSDT MOVEUSDT MOVRUSDT MTLUSDT MUBARAKUSDT MUSDT MYROUSDT MYXUSDT NAORISUSDT NEARUSDT NEIROUSDT NEOUSDT NEWTUSDT NFPUSDT NILUSDT NKNUSDT NMRUSDT NOMUSDT NOTUSDT NTRNUSDT NXPCUSDT OBOLUSDT OGNUSDT OGUSDT OLUSDT OMUSDT ONDOUSDT ONEUSDT ONGUSDT ONTUSDT OPENUSDT OPUSDT ORCAUSDT ORDERUSDT ORDIUSDT PARTIUSDT PENDLEUSDT PENGUUSDT PEOPLEUSDT PERPUSDT PHAUSDT PHBUSDT PIPPINUSDT PIXELUSDT PLAYUSDT PLUMEUSDT PNUTUSDT POLUSDT POLYXUSDT PONKEUSDT POPCATUSDT PORT3USDT PORTALUSDT POWRUSDT PROMPTUSDT PROMUSDT PROVEUSDT PTBUSDT PUFFERUSDT PUMPBTCUSDT PUMPUSDT PUNDIXUSDT PYTHUSDT QNTUSDT QTUMUSDT QUSDT RAREUSDT RAYSOLUSDT RDNTUSDT REDUSDT REIUSDT RENDERUSDT RESOLVUSDT REZUSDT RLCUSDT RONINUSDT ROSEUSDT RPLUSDT RSRUSDT RUNEUSDT RVNUSDT SAFEUSDT SAGAUSDT SAHARAUSDT SANDUSDT SANTOSUSDT SAPIENUSDT SCRTUSDT SCRUSDT SEIUSDT SFPUSDT SHELLUSDT SIGNUSDT SIRENUSDT SKATEUSDT SKLUSDT SKYAIUSDT SKYUSDT SLPUSDT SNXUSDT SOLUSDT SOLVUSDT SOMIUSDT SONICUSDT SOONUSDT SOPHUSDT SPELLUSDT SPKUSDT SPXUSDT SQDUSDT SSVUSDT STBLUSDT STGUSDT STORJUSDT STOUSDT STRKUSDT STXUSDT SUIUSDT SUNUSDT SUPERUSDT SUSDT SUSHIUSDT SWARMSUSDT SWELLUSDT SXPUSDT SXTUSDT SYNUSDT SYRUPUSDT SYSUSDT TACUSDT TAGUSDT TAKEUSDT TANSSIUSDT TAOUSDT TAUSDT THETAUSDT THEUSDT TIAUSDT TLMUSDT TNSRUSDT TOKENUSDT TONUSDT TOSHIUSDT TOWNSUSDT TRADOORUSDT TRBUSDT TREEUSDT TRUMPUSDT TRUTHUSDT TRUUSDT TRXUSDT TSTUSDT TURBOUSDT TUSDT TUTUSDT TWTUSDT UBUSDT UMAUSDT UNIUSDT USELESSUSDT USTCUSDT USUALUSDT VANAUSDT VANRYUSDT VELODROMEUSDT VELVETUSDT VETUSDT VFYUSDT VICUSDT VINEUSDT VIRTUALUSDT VOXELUSDT VTHOUSDT VVVUSDT WALUSDT WCTUSDT WIFUSDT WLDUSDT WLFIUSDT WOOUSDT WUSDT XAIUSDT XANUSDT XCNUSDT XLMUSDT XMRUSDT XNYUSDT XPINUSDT XPLUSDT XRPUSDT XTZUSDT XVGUSDT XVSUSDT YALAUSDT YFIUSDT YGGUSDT ZECUSDT ZENUSDT ZEREBROUSDT ZETAUSDT ZILUSDT ZKCUSDT ZKJUSDT ZKUSDT ZORAUSDT ZROUSDT ZRXUSDT
2025-11-22,501,491,20,ETHUSDT BTCUSDT SOLUSDT BNBUSDT DOGEUSDT XRPUSDT ASTERUSDT COAIUSDT ZECUSDT XPLUSDT SUIUSDT HYPEUSDT 1000PEPEUSDT LINKUSDT ENAUSDT AVAXUSDT ADAUSDT PUMPUSDT AIAUSDT LTCUSDT,0GUSDT 1000000BOBUSDT 1000000MOGUSDT 1000BONKUSDT 1000CATUSDT 1000CHEEMSUSDT 1000FLOKIUSDT 1000LUNCUSDT 1000PEPEUSDT 1000RATSUSDT 1000SATSUSDT 1000SHIBUSDT 1000WHYUSDT 1000XECUSDT 1000XUSDT 1INCHUSDT 1MBABYDOGEUSDT A2ZUSDT AAVEUSDT ACEUSDT ACHUSDT ACTUSDT ACXUSDT ADAUSDT AERGOUSDT AEROUSDT AEVOUSDT AGLDUSDT AGTUSDT AI16ZUSDT AIAUSDT AINUSDT AIOTUSDT AIOUSDT AIUSDT AIXBTUSDT AKEUSDT AKTUSDT ALCHUSDT ALGOUSDT ALICEUSDT ALLUSDT ALPINEUSDT ALTUSDT ANIMEUSDT ANKRUSDT APEUSDT API3USDT APTUSDT ARBUSDT ARCUSDT ARIAUSDT ARKMUSDT ARKUSDT ARPAUSDT ARUSDT ASRUSDT ASTERUSDT ASTRUSDT ATAUSDT ATHUSDT ATOMUSDT AUCTIONUSDT AUSDT AVAAIUSDT AVAUSDT AVAXUSDT AVNTUSDT AWEUSDT AXLUSDT AXSUSDT B2USDT B3USDT BABYUSDT BANANAS31USDT BANANAUSDT BANDUSDT BANKUSDT BANUSDT BARDUSDT BASUSDT BATUSDT BBUSDT BCHUSDT BDXNUSDT BEAMXUSDT BELUSDT BERAUSDT BICOUSDT BIDUSDT BIGTIMEUSDT BIOUSDT BLESSUSDT BLURUSDT BMTUSDT BNBUSDT BNTUSDT BOMEUSDT BRETTUSDT BROCCOLI714USDT BROCCOLIF3BUSDT BRUSDT BSVUSDT BTCUSDT BTRUSDT BUSDT C98USDT CAKEUSDT CARVUSDT CATIUSDT CELOUSDT CELRUSDT CETUSUSDT CFXUSDT CGPTUSDT CHESSUSDT CHILLGUYUSDT CHRUSDT CHZUSDT CKBUSDT COAIUSDT COMPUSDT COOKIEUSDT COSUSDT COTIUSDT COWUSDT CROSSUSDT CRVUSDT CTKUSDT CTSIUSDT CUDISUSDT CUSDT CVCUSDT CVXUSDT CYBERUSDT DAMUSDT DASHUSDT DEEPUSDT DEGENUSDT DEGOUSDT DENTUSDT DEXEUSDT DFUSDT DIAUSDT DMCUSDT DODOXUSDT DOGEUSDT DOGSUSDT DOLOUSDT DOODUSDT DOTUSDT DRIFTUSDT DUSDT DUSKUSDT DYDXUSDT DYMUSDT EDENUSDT EDUUSDT EGLDUSDT EIGENUSDT ENAUSDT ENJUSDT ENSUSDT EPICUSDT EPTUSDT ERAUSDT ESPORTSUSDT ETCUSDT ETHFIUSDT ETHUSDT FARTCOINUSDT FETUSDT FFUSDT FHEUSDT FIDAUSDT FILUSDT FIOUSDT FISUSDT FLMUSDT FLOCKUSDT FLOWUSDT FLUIDUSDT FLUXUSDT FORMUSDT FORTHUSDT FUNUSDT FUSDT FXSUSDT GALAUSDT GASUSDT GLMUSDT GMTUSDT GMXUSDT GOATUSDT GPSUSDT GRASSUSDT GRIFFAINUSDT GRTUSDT GTCUSDT GUNUSDT GUSDT HAEDALUSDT HANAUSDT HBARUSDT HEIUSDT HEMIUSDT HFTUSDT HIGHUSDT HIPPOUSDT HIVEUSDT HMSTRUSDT HOLOUSDT HOMEUSDT HOOKUSDT HOTUSDT HUMAUSDT HUSDT HYPERUSDT HYPEUSDT ICNTUSDT ICPUSDT ICXUSDT IDOLUSDT IDUSDT ILVUSDT IMXUSDT INITUSDT INJUSDT INUSDT IOSTUSDT IOTAUSDT IOTXUSDT IOUSDT IPUSDT JASMYUSDT JELLYJELLYUSDT JOEUSDT JSTUSDT JTOUSDT JUPUSDT KAIAUSDT KAITOUSDT KASUSDT KAVAUSDT KDAUSDT KERNELUSDT KMNOUSDT KNCUSDT KOMAUSDT KSMUSDT LAUSDT LAYERUSDT LDOUSDT LIGHTUSDT LINEAUSDT LINKUSDT LISTAUSDT LPTUSDT LQTYUSDT LRCUSDT LSKUSDT LTCUSDT LUMIAUSDT LUNA2USDT MAGICUSDT MANAUSDT MANTAUSDT MASKUSDT MAVIAUSDT MAVUSDT MBOXUSDT MELANIAUSDT MEMEUSDT MERLUSDT METISUSDT MEUSDT MEWUSDT MILKUSDT MINAUSDT MIRAUSDT MITOUSDT MLNUSDT MOCAUSDT MOODENGUSDT MORPHOUSDT MOVEUSDT MOVRUSDT MTLUSDT MUBARAKUSDT MUSDT MYROUSDT MYXUSDT NAORISUSDT NEARUSDT NEIROUSDT NEOUSDT NEWTUSDT NFPUSDT NILUSDT NKNUSDT NMRUSDT NOMUSDT NOTUSDT NTRNUSDT NXPCUSDT OBOLUSDT OGNUSDT OGUSDT OLUSDT OMUSDT ONDOUSDT ONEUSDT ONGUSDT ONTUSDT OPENUSDT OPUSDT ORCAUSDT ORDERUSDT ORDIUSDT PARTIUSDT PENDLEUSDT PENGUUSDT PEOPLEUSDT PERPUSDT PHAUSDT PHBUSDT PIPPINUSDT PIXELUSDT PLAYUSDT PLUMEUSDT PNUTUSDT POLUSDT POLYXUSDT PONKEUSDT POPCATUSDT PORT3USDT PORTALUSDT POWRUSDT PROMPTUSDT PROMUSDT PROVEUSDT PTBUSDT PUFFERUSDT PUMPBTCUSDT PUMPUSDT PUNDIXUSDT PYTHUSDT QNTUSDT QTUMUSDT QUSDT RAREUSDT RAYSOLUSDT RDNTUSDT REDUSDT REIUSDT RENDERUSDT RESOLVUSDT REZUSDT RLCUSDT RONINUSDT ROSEUSDT RPLUSDT RSRUSDT RUNEUSDT RVNUSDT SAFEUSDT SAGAUSDT SAHARAUSDT SANDUSDT SANTOSUSDT SAPIENUSDT SCRTUSDT SCRUSDT SEIUSDT SFPUSDT SHELLUSDT SIGNUSDT SIRENUSDT SKATEUSDT SKLUSDT SKYAIUSDT SKYUSDT SLPUSDT SNXUSDT SOLUSDT SOLVUSDT SOMIUSDT SONICUSDT SOONUSDT SOPHUSDT SPELLUSDT SPKUSDT SPXUSDT SQDUSDT SSVUSDT STBLUSDT STGUSDT STORJUSDT STOUSDT STRKUSDT STXUSDT SUIUSDT SUNUSDT SUPERUSDT SUSDT SUSHIUSDT SWARMSUSDT SWELLUSDT SXPUSDT SXTUSDT SYNUSDT SYRUPUSDT SYSUSDT TACUSDT TAGUSDT TAKEUSDT TANSSIUSDT TAOUSDT TAUSDT THETAUSDT THEUSDT TIAUSDT TLMUSDT TNSRUSDT TOKENUSDT TONUSDT TOSHIUSDT TOWNSUSDT TRADOORUSDT TRBUSDT TREEUSDT TRUMPUSDT TRUTHUSDT TRUUSDT TRXUSDT TSTUSDT TURBOUSDT TUSDT TUTUSDT TWTUSDT UBUSDT UMAUSDT UNIUSDT USELESSUSDT USTCUSDT USUALUSDT VANAUSDT VANRYUSDT VELODROMEUSDT VELVETUSDT VETUSDT VFYUSDT VICUSDT VINEUSDT VIRTUALUSDT VOXELUSDT VTHOUSDT VVVUSDT WALUSDT WCTUSDT WIFUSDT WLDUSDT WLFIUSDT WOOUSDT WUSDT XAIUSDT XANUSDT XCNUSDT XLMUSDT XMRUSDT XNYUSDT XPINUSDT XPLUSDT XRPUSDT XTZUSDT XVGUSDT XVSUSDT YALAUSDT YFIUSDT YGGUSDT ZECUSDT ZENUSDT ZEREBROUSDT ZETAUSDT ZILUSDT ZKCUSDT ZKJUSDT ZKUSDT ZORAUSDT ZROUSDT ZRXUSDT
2025-11-29,501,491,20,ETHUSDT BTCUSDT SOLUSDT BNBUSDT DOGEUSDT XRPUSDT ASTERUSDT COAIUSDT ZECUSDT XPLUSDT SUIUSDT HYPEUSDT 1000PEPEUSDT LINKUSDT ENAUSDT AVAXUSDT ADAUSDT PUMPUSDT AIAUSDT LTCUSDT,0GUSDT 1000000BOBUSDT 1000000MOGUSDT 1000BONKUSDT 1000CATUSDT 1000CHEEMSUSDT 1000FLOKIUSDT 1000LUNCUSDT 1000PEPEUSDT 1000RATSUSDT 1000SATSUSDT 1000SHIBUSDT 1000WHYUSDT 1000XECUSDT 1000XUSDT 1INCHUSDT 1MBABYDOGEUSDT A2ZUSDT AAVEUSDT ACEUSDT ACHUSDT ACTUSDT ACXUSDT ADAUSDT AERGOUSDT AEROUSDT AEVOUSDT AGLDUSDT AGTUSDT AI16ZUSDT AIAUSDT AINUSDT AIOTUSDT AIOUSDT AIUSDT AIXBTUSDT AKEUSDT AKTUSDT ALCHUSDT ALGOUSDT ALICEUSDT ALLUSDT ALPINEUSDT ALTUSDT ANIMEUSDT ANKRUSDT APEUSDT API3USDT APTUSDT ARBUSDT ARCUSDT ARIAUSDT ARKMUSDT ARKUSDT ARPAUSDT ARUSDT ASRUSDT ASTERUSDT ASTRUSDT ATAUSDT ATHUSDT ATOMUSDT AUCTIONUSDT AUSDT AVAAIUSDT AVAUSDT AVAXUSDT AVNTUSDT AWEUSDT AXLUSDT AXSUSDT B2USDT B3USDT BABYUSDT BANANAS31USDT BANANAUSDT BANDUSDT BANKUSDT BANUSDT BARDUSDT BASUSDT BATUSDT BBUSDT BCHUSDT BDXNUSDT BEAMXUSDT BELUSDT BERAUSDT BICOUSDT BIDUSDT BIGTIMEUSDT BIOUSDT BLESSUSDT BLURUSDT BMTUSDT BNBUSDT BNTUSDT BOMEUSDT BRETTUSDT BROCCOLI714USDT BROCCOLIF3BUSDT BRUSDT BSVUSDT BTCUSDT BTRUSDT BUSDT C98USDT CAKEUSDT CARVUSDT CATIUSDT CELOUSDT CELRUSDT CETUSUSDT CFXUSDT CGPTUSDT CHESSUSDT CHILLGUYUSDT CHRUSDT CHZUSDT CKBUSDT COAIUSDT COMPUSDT COOKIEUSDT COSUSDT COTIUSDT COWUSDT CROSSUSDT CRVUSDT CTKUSDT CTSIUSDT CUDISUSDT CUSDT CVCUSDT CVXUSDT CYBERUSDT DAMUSDT DASHUSDT DEEPUSDT DEGENUSDT DEGOUSDT DENTUSDT DEXEUSDT DFUSDT DIAUSDT DMCUSDT DODOXUSDT DOGEUSDT DOGSUSDT DOLOUSDT DOODUSDT DOTUSDT DRIFTUSDT DUSDT DUSKUSDT DYDXUSDT DYMUSDT EDENUSDT EDUUSDT EGLDUSDT EIGENUSDT ENAUSDT ENJUSDT ENSUSDT EPICUSDT EPTUSDT ERAUSDT ESPORTSUSDT ETCUSDT ETHFIUSDT ETHUSDT FARTCOINUSDT FETUSDT FFUSDT FHEUSDT FIDAUSDT FILUSDT FIOUSDT FISUSDT FLMUSDT FLOCKUSDT FLOWUSDT FLUIDUSDT FLUXUSDT FORMUSDT FORTHUSDT FUNUSDT FUSDT FXSUSDT GALAUSDT GASUSDT GLMUSDT GMTUSDT GMXUSDT GOATUSDT GPSUSDT GRASSUSDT GRIFFAINUSDT GRTUSDT GTCUSDT GUNUSDT GUSDT HAEDALUSDT HANAUSDT HBARUSDT HEIUSDT HEMIUSDT HFTUSDT HIGHUSDT HIPPOUSDT HIVEUSDT HMSTRUSDT HOLOUSDT HOMEUSDT HOOKUSDT HOTUSDT HUMAUSDT HUSDT HYPERUSDT HYPEUSDT ICNTUSDT ICPUSDT ICXUSDT IDOLUSDT IDUSDT ILVUSDT IMXUSDT INITUSDT INJUSDT INUSDT IOSTUSDT IOTAUSDT IOTXUSDT IOUSDT IPUSDT JASMYUSDT JELLYJELLYUSDT JOEUSDT JSTUSDT JTOUSDT JUPUSDT KAIAUSDT KAITOUSDT KASUSDT KAVAUSDT KDAUSDT KERNELUSDT KMNOUSDT KNCUSDT KOMAUSDT KSMUSDT LAUSDT LAYERUSDT LDOUSDT LIGHTUSDT LINEAUSDT LINKUSDT LISTAUSDT LPTUSDT LQTYUSDT LRCUSDT LSKUSDT LTCUSDT LUMIAUSDT LUNA2USDT MAGICUSDT MANAUSDT MANTAUSDT MASKUSDT MAVIAUSDT MAVUSDT MBOXUSDT MELANIAUSDT MEMEUSDT MERLUSDT METISUSDT MEUSDT MEWUSDT MILKUSDT MINAUSDT MIRAUSDT MITOUSDT MLNUSDT MOCAUSDT MOODENGUSDT MORPHOUSDT MOVEUSDT MOVRUSDT MTLUSDT MUBARAKUSDT MUSDT MYROUSDT MYXUSDT NAORISUSDT NEARUSDT NEIROUSDT NEOUSDT NEWTUSDT NFPUSDT NILUSDT NKNUSDT NMRUSDT NOMUSDT NOTUSDT NTRNUSDT NXPCUSDT OBOLUSDT OGNUSDT OGUSDT OLUSDT OMUSDT ONDOUSDT ONEUSDT ONGUSDT ONTUSDT OPENUSDT OPUSDT ORCAUSDT ORDERUSDT ORDIUSDT PARTIUSDT PENDLEUSDT PENGUUSDT PEOPLEUSDT PERPUSDT PHAUSDT PHBUSDT PIPPINUSDT PIXELUSDT PLAYUSDT PLUMEUSDT PNUTUSDT POLUSDT POLYXUSDT PONKEUSDT POPCATUSDT PORT3USDT PORTALUSDT POWRUSDT PROMPTUSDT PROMUSDT PROVEUSDT PTBUSDT PUFFERUSDT PUMPBTCUSDT PUMPUSDT PUNDIXUSDT PYTHUSDT QNTUSDT QTUMUSDT QUSDT RAREUSDT RAYSOLUSDT RDNTUSDT REDUSDT REIUSDT RENDERUSDT RESOLVUSDT REZUSDT RLCUSDT RONINUSDT ROSEUSDT RPLUSDT RSRUSDT RUNEUSDT RVNUSDT SAFEUSDT SAGAUSDT SAHARAUSDT SANDUSDT SANTOSUSDT SAPIENUSDT SCRTUSDT SCRUSDT SEIUSDT SFPUSDT SHELLUSDT SIGNUSDT SIRENUSDT SKATEUSDT SKLUSDT SKYAIUSDT SKYUSDT SLPUSDT SNXUSDT SOLUSDT SOLVUSDT SOMIUSDT SONICUSDT SOONUSDT SOPHUSDT SPELLUSDT SPKUSDT SPXUSDT SQDUSDT SSVUSDT STBLUSDT STGUSDT STORJUSDT STOUSDT STRKUSDT STXUSDT SUIUSDT SUNUSDT SUPERUSDT SUSDT SUSHIUSDT SWARMSUSDT SWELLUSDT SXPUSDT SXTUSDT SYNUSDT SYRUPUSDT SYSUSDT TACUSDT TAGUSDT TAKEUSDT TANSSIUSDT TAOUSDT TAUSDT THETAUSDT THEUSDT TIAUSDT TLMUSDT TNSRUSDT TOKENUSDT TONUSDT TOSHIUSDT TOWNSUSDT TRADOORUSDT TRBUSDT TREEUSDT TRUMPUSDT TRUTHUSDT TRUUSDT TRXUSDT TSTUSDT TURBOUSDT TUSDT TUTUSDT TWTUSDT UBUSDT UMAUSDT UNIUSDT USELESSUSDT USTCUSDT USUALUSDT VANAUSDT VANRYUSDT VELODROMEUSDT VELVETUSDT VETUSDT VFYUSDT VICUSDT VINEUSDT VIRTUALUSDT VOXELUSDT VTHOUSDT VVVUSDT WALUSDT WCTUSDT WIFUSDT WLDUSDT WLFIUSDT WOOUSDT WUSDT XAIUSDT XANUSDT XCNUSDT XLMUSDT XMRUSDT XNYUSDT XPINUSDT XPLUSDT XRPUSDT XTZUSDT XVGUSDT XVSUSDT YALAUSDT YFIUSDT YGGUSDT ZECUSDT ZENUSDT ZEREBROUSDT ZETAUSDT ZILUSDT ZKCUSDT ZKJUSDT ZKUSDT ZORAUSDT ZROUSDT ZRXUSDT
2025-12-06,516,494,20,ETHUSDT BTCUSDT SOLUSDT ZECUSDT XRPUSDT DOGEUSDT BNBUSDT ASTERUSDT HYPEUSDT FILUSDT GIGGLEUSDT SUIUSDT 1000PEPEUSDT AIAUSDT DASHUSDT AVAXUSDT ADAUSDT LTCUSDT LINKUSDT TNSRUSDT,0GUSDT 1000000BOBUSDT 1000000MOGUSDT 1000BONKUSDT 1000CATUSDT 1000CHEEMSUSDT 1000FLOKIUSDT 1000LUNCUSDT 1000PEPEUSDT 1000RATSUSDT 1000SATSUSDT 1000SHIBUSDT 1000XECUSDT 1INCHUSDT 1MBABYDOGEUSDT 2ZUSDT 42USDT 4USDT A2ZUSDT AAVEUSDT ACEUSDT ACHUSDT ACTUSDT ACXUSDT ADAUSDT AERGOUSDT AEROUSDT AEVOUSDT AGLDUSDT AGTUSDT AIAUSDT AINUSDT AIOTUSDT AIOUSDT AIUSDT AIXBTUSDT AKEUSDT AKTUSDT ALCHUSDT ALGOUSDT ALICEUSDT ALLUSDT ALPINEUSDT ALTUSDT ANIMEUSDT ANKRUSDT APEUSDT API3USDT APRUSDT APTUSDT ARBUSDT ARCUSDT ARIAUSDT ARKMUSDT ARKUSDT ARPAUSDT ARUSDT ASRUSDT ASTERUSDT ASTRUSDT ATAUSDT ATHUSDT ATOMUSDT ATUSDT AUCTIONUSDT AUSDT AVAAIUSDT AVAUSDT AVAXUSDT AVNTUSDT AWEUSDT AXLUSDT AXSUSDT B2USDT B3USDT BABYUSDT BANANAS31USDT BANANAUSDT BANDUSDT BANKUSDT BANUSDT BARDUSDT BASUSDT BATUSDT BBUSDT BCHUSDT BDXNUSDT BEAMXUSDT BELUSDT BERAUSDT BICOUSDT BIDUSDT BIGTIMEUSDT BIOUSDT BLESSUSDT BLUAIUSDT BLURUSDT BMTUSDT BNBUSDT BNTUSDT BOMEUSDT BRETTUSDT BROCCOLI714USDT BROCCOLIF3BUSDT BSVUSDT BTCUSDT BTRUSDT BUSDT C98USDT CAKEUSDT CARVUSDT CATIUSDT CCUSDT CELOUSDT CELRUSDT CETUSUSDT CFXUSDT CGPTUSDT CHILLGUYUSDT CHRUSDT CHZUSDT CKBUSDT CLOUSDT COAIUSDT COMMONUSDT COMPUSDT COOKIEUSDT COTIUSDT COWUSDT CROSSUSDT CRVUSDT CTSIUSDT CUDISUSDT CUSDT CVCUSDT CVXUSDT CYBERUSDT DAMUSDT DASHUSDT DEEPUSDT DEGOUSDT DENTUSDT DEXEUSDT DIAUSDT DMCUSDT DODOXUSDT DOGEUSDT DOGSUSDT DOLOUSDT DOODUSDT DOTUSDT DRIFTUSDT DUSDT DUSKUSDT DYDXUSDT DYMUSDT EDENUSDT EDUUSDT EGLDUSDT EIGENUSDT ENAUSDT ENJUSDT ENSOUSDT ENSUSDT EPICUSDT EPTUSDT ERAUSDT ESPORTSUSDT ETCUSDT ETHFIUSDT ETHUSDT EULUSDT EVAAUSDT FARTCOINUSDT FETUSDT FFUSDT FHEUSDT FIDAUSDT FILUSDT FISUSDT FLOCKUSDT FLOWUSDT FLUIDUSDT FLUXUSDT FORMUSDT FUNUSDT FUSDT FXSUSDT GALAUSDT GASUSDT GIGGLEUSDT GLMUSDT GMTUSDT GMXUSDT GOATUSDT GPSUSDT GRASSUSDT GRIFFAINUSDT GRTUSDT GTCUSDT GUNUSDT HAEDALUSDT HANAUSDT HBARUSDT HEIUSDT HEMIUSDT HFTUSDT HIGHUSDT HIPPOUSDT HIVEUSDT HMSTRUSDT HOLOUSDT HOMEUSDT HOOKUSDT HOTUSDT HUMAUSDT HUSDT HYPERUSDT HYPEUSDT ICNTUSDT ICPUSDT ICXUSDT IDOLUSDT IDUSDT ILVUSDT IMXUSDT INITUSDT INJUSDT INUSDT IOSTUSDT IOTAUSDT IOTXUSDT IOUSDT IPUSDT JASMYUSDT JELLYJELLYUSDT JOEUSDT JSTUSDT JTOUSDT JUPUSDT KAIAUSDT KAITOUSDT KASUSDT KAVAUSDT KERNELUSDT KGENUSDT KITEUSDT KMNOUSDT KNCUSDT KSMUSDT LABUSDT LAUSDT LAYERUSDT LDOUSDT LIGHTUSDT LINEAUSDT LINKUSDT LISTAUSDT LPTUSDT LQTYUSDT LRCUSDT LSKUSDT LTCUSDT LUMIAUSDT LUNA2USDT LYNUSDT MAGICUSDT MANAUSDT MANTAUSDT MASKUSDT MAVIAUSDT MAVUSDT MBOXUSDT MELANIAUSDT MEMEUSDT MERLUSDT METISUSDT METUSDT MEUSDT MEWUSDT MINAUSDT MIRAUSDT MITOUSDT MLNUSDT MOCAUSDT MONUSDT MOODENGUSDT MORPHOUSDT MOVEUSDT MOVRUSDT MTLUSDT MUBARAKUSDT MUSDT MYXUSDT NAORISUSDT NEARUSDT NEIROUSDT NEOUSDT NEWTUSDT NFPUSDT NILUSDT NKNUSDT NMRUSDT NOMUSDT NOTUSDT NTRNUSDT NXPCUSDT OBOLUSDT OGNUSDT OGUSDT OLUSDT OMUSDT ONDOUSDT ONEUSDT ONGUSDT ONTUSDT ONUSDT OPENUSDT OPUSDT ORCAUSDT ORDERUSDT ORDIUSDT PARTIUSDT PENDLEUSDT PENGUUSDT PEOPLEUSDT PHAUSDT PHBUSDT PIPPINUSDT PIXELUSDT PLAYUSDT PLUMEUSDT PNUTUSDT POLUSDT POLYXUSDT POPCATUSDT PORTALUSDT POWRUSDT PROMPTUSDT PROMUSDT PROVEUSDT PTBUSDT PUFFERUSDT PUMPBTCUSDT PUMPUSDT PUNDIXUSDT PYTHUSDT QNTUSDT QTUMUSDT QUSDT RAREUSDT RAYSOLUSDT RDNTUSDT RECALLUSDT REDUSDT REIUSDT RENDERUSDT RESOLVUSDT REZUSDT RIVERUSDT RLCUSDT RONINUSDT ROSEUSDT RPLUSDT RSRUSDT RUNEUSDT RVNUSDT RVVUSDT SAFEUSDT SAGAUSDT SAHARAUSDT SANDUSDT SANTOSUSDT SAPIENUSDT SCRTUSDT SCRUSDT SEIUSDT SFPUSDT SHELLUSDT SIGNUSDT SIRENUSDT SKATEUSDT SKLUSDT SKYAIUSDT SKYUSDT SNXUSDT SOLUSDT SOLVUSDT SOMIUSDT SONICUSDT SOONUSDT SOPHUSDT SPELLUSDT SPKUSDT SPXUSDT SQDUSDT SSVUSDT STBLUSDT STEEMUSDT STGUSDT STORJUSDT STOUSDT STRKUSDT STXUSDT SUIUSDT SUNUSDT SUPERUSDT SUSDT SUSHIUSDT SWARMSUSDT SXPUSDT SXTUSDT SYNUSDT SYRUPUSDT SYSUSDT TACUSDT TAGUSDT TAKEUSDT TANSSIUSDT TAOUSDT TAUSDT THETAUSDT THEUSDT TIAUSDT TLMUSDT TNSRUSDT TONUSDT TOSHIUSDT TOWNSUSDT TRADOORUSDT TRBUSDT TREEUSDT TRUMPUSDT TRUTHUSDT TRUUSDT TRXUSDT TSTUSDT TURBOUSDT TURTLEUSDT TUSDT TUTUSDT TWTUSDT UBUSDT UMAUSDT UNIUSDT USELESSUSDT USTCUSDT USUALUSDT VANAUSDT VANRYUSDT VELODROMEUSDT VELVETUSDT VETUSDT VFYUSDT VINEUSDT VIRTUALUSDT VOXELUSDT VTHOUSDT VVVUSDT WALUSDT WAXPUSDT WCTUSDT WIFUSDT WLDUSDT WLFIUSDT WOOUSDT WUSDT XAIUSDT XANUSDT XLMUSDT XMRUSDT XNYUSDT XPINUSDT XPLUSDT XRPUSDT XTZUSDT XVGUSDT XVSUSDT YALAUSDT YBUSDT YFIUSDT YGGUSDT ZBTUSDT ZECUSDT ZENUSDT ZEREBROUSDT ZETAUSDT ZILUSDT ZKCUSDT ZKJUSDT ZKUSDT ZORAUSDT ZROUSDT ZRXUSDT
2025-12-13,516,494,20,ETHUSDT BTCUSDT SOLUSDT ZECUSDT XRPUSDT DOGEUSDT BNBUSDT ASTERUSDT HYPEUSDT FILUSDT GIGGLEUSDT SUIUSDT 1000PEPEUSDT AIAUSDT DASHUSDT AVAXUSDT ADAUSDT LTCUSDT LINKUSDT TNSRUSDT,0GUSDT 1000000BOBUSDT 1000000MOGUSDT 1000BONKUSDT 1000CATUSDT 1000CHEEMSUSDT 1000FLOKIUSDT 1000LUNCUSDT 1000PEPEUSDT 1000RATSUSDT 1000SATSUSDT 1000SHIBUSDT 1000XECUSDT 1INCHUSDT 1MBABYDOGEUSDT 2ZUSDT 42USDT 4USDT A2ZUSDT AAVEUSDT ACEUSDT ACHUSDT ACTUSDT ACXUSDT ADAUSDT AERGOUSDT AEROUSDT AEVOUSDT AGLDUSDT AGTUSDT AIAUSDT AINUSDT AIOTUSDT AIOUSDT AIUSDT AIXBTUSDT AKEUSDT AKTUSDT ALCHUSDT ALGOUSDT ALICEUSDT ALLUSDT ALPINEUSDT ALTUSDT ANIMEUSDT ANKRUSDT APEUSDT API3USDT APRUSDT APTUSDT ARBUSDT ARCUSDT ARIAUSDT ARKMUSDT ARKUSDT ARPAUSDT ARUSDT ASRUSDT ASTERUSDT ASTRUSDT ATAUSDT ATHUSDT ATOMUSDT ATUSDT AUCTIONUSDT AUSDT AVAAIUSDT AVAUSDT AVAXUSDT AVNTUSDT AWEUSDT AXLUSDT AXSUSDT B2USDT B3USDT BABYUSDT BANANAS31USDT BANANAUSDT BANDUSDT BANKUSDT BANUSDT BARDUSDT BASUSDT BATUSDT BBUSDT BCHUSDT BDXNUSDT BEAMXUSDT BELUSDT BERAUSDT BICOUSDT BIDUSDT BIGTIMEUSDT BIOUSDT BLESSUSDT BLUAIUSDT BLURUSDT BMTUSDT BNBUSDT BNTUSDT BOMEUSDT BRETTUSDT BROCCOLI714USDT BROCCOLIF3BUSDT BSVUSDT BTCUSDT BTRUSDT BUSDT C98USDT CAKEUSDT CARVUSDT CATIUSDT CCUSDT CELOUSDT CELRUSDT CETUSUSDT CFXUSDT CGPTUSDT CHILLGUYUSDT CHRUSDT CHZUSDT CKBUSDT CLOUSDT COAIUSDT COMMONUSDT COMPUSDT COOKIEUSDT COTIUSDT COWUSDT CROSSUSDT CRVUSDT CTSIUSDT CUDISUSDT CUSDT CVCUSDT CVXUSDT CYBERUSDT DAMUSDT DASHUSDT DEEPUSDT DEGOUSDT DENTUSDT DEXEUSDT DIAUSDT DMCUSDT DODOXUSDT DOGEUSDT DOGSUSDT DOLOUSDT DOODUSDT DOTUSDT DRIFTUSDT DUSDT DUSKUSDT DYDXUSDT DYMUSDT EDENUSDT EDUUSDT EGLDUSDT EIGENUSDT ENAUSDT ENJUSDT ENSOUSDT ENSUSDT EPICUSDT EPTUSDT ERAUSDT ESPORTSUSDT ETCUSDT ETHFIUSDT ETHUSDT EULUSDT EVAAUSDT FARTCOINUSDT FETUSDT FFUSDT FHEUSDT FIDAUSDT FILUSDT FISUSDT FLOCKUSDT FLOWUSDT FLUIDUSDT FLUXUSDT FORMUSDT FUNUSDT FUSDT FXSUSDT GALAUSDT GASUSDT GIGGLEUSDT GLMUSDT GMTUSDT GMXUSDT GOATUSDT GPSUSDT GRASSUSDT GRIFFAINUSDT GRTUSDT GTCUSDT GUNUSDT HAEDALUSDT HANAUSDT HBARUSDT HEIUSDT HEMIUSDT HFTUSDT HIGHUSDT HIPPOUSDT HIVEUSDT HMSTRUSDT HOLOUSDT HOMEUSDT HOOKUSDT HOTUSDT HUMAUSDT HUSDT HYPERUSDT HYPEUSDT ICNTUSDT ICPUSDT ICXUSDT IDOLUSDT IDUSDT ILVUSDT IMXUSDT INITUSDT INJUSDT INUSDT IOSTUSDT IOTAUSDT IOTXUSDT IOUSDT IPUSDT JASMYUSDT JELLYJELLYUSDT JOEUSDT JSTUSDT JTOUSDT JUPUSDT KAIAUSDT KAITOUSDT KASUSDT KAVAUSDT KERNELUSDT KGENUSDT KITEUSDT KMNOUSDT KNCUSDT KSMUSDT LABUSDT LAUSDT LAYERUSDT LDOUSDT LIGHTUSDT LINEAUSDT LINKUSDT LISTAUSDT LPTUSDT LQTYUSDT LRCUSDT LSKUSDT LTCUSDT LUMIAUSDT LUNA2USDT LYNUSDT MAGICUSDT MANAUSDT MANTAUSDT MASKUSDT MAVIAUSDT MAVUSDT MBOXUSDT MELANIAUSDT MEMEUSDT MERLUSDT METISUSDT METUSDT MEUSDT MEWUSDT MINAUSDT MIRAUSDT MITOUSDT MLNUSDT MOCAUSDT MONUSDT MOODENGUSDT MORPHOUSDT MOVEUSDT MOVRUSDT MTLUSDT MUBARAKUSDT MUSDT MYXUSDT NAORISUSDT NEARUSDT NEIROUSDT NEOUSDT NEWTUSDT NFPUSDT NILUSDT NKNUSDT NMRUSDT NOMUSDT NOTUSDT NTRNUSDT NXPCUSDT OBOLUSDT OGNUSDT OGUSDT OLUSDT OMUSDT ONDOUSDT ONEUSDT ONGUSDT ONTUSDT ONUSDT OPENUSDT OPUSDT ORCAUSDT ORDERUSDT ORDIUSDT PARTIUSDT PENDLEUSDT PENGUUSDT PEOPLEUSDT PHAUSDT PHBUSDT PIPPINUSDT PIXELUSDT PLAYUSDT PLUMEUSDT PNUTUSDT POLUSDT POLYXUSDT POPCATUSDT PORTALUSDT POWRUSDT PROMPTUSDT PROMUSDT PROVEUSDT PTBUSDT PUFFERUSDT PUMPBTCUSDT PUMPUSDT PUNDIXUSDT PYTHUSDT QNTUSDT QTUMUSDT QUSDT RAREUSDT RAYSOLUSDT RDNTUSDT RECALLUSDT REDUSDT REIUSDT RENDERUSDT RESOLVUSDT REZUSDT RIVERUSDT RLCUSDT RONINUSDT ROSEUSDT RPLUSDT RSRUSDT RUNEUSDT RVNUSDT RVVUSDT SAFEUSDT SAGAUSDT SAHARAUSDT SANDUSDT SANTOSUSDT SAPIENUSDT SCRTUSDT SCRUSDT SEIUSDT SFPUSDT SHELLUSDT SIGNUSDT SIRENUSDT SKATEUSDT SKLUSDT SKYAIUSDT SKYUSDT SNXUSDT SOLUSDT SOLVUSDT SOMIUSDT SONICUSDT SOONUSDT SOPHUSDT SPELLUSDT SPKUSDT SPXUSDT SQDUSDT SSVUSDT STBLUSDT STEEMUSDT STGUSDT STORJUSDT STOUSDT STRKUSDT STXUSDT SUIUSDT SUNUSDT SUPERUSDT SUSDT SUSHIUSDT SWARMSUSDT SXPUSDT SXTUSDT SYNUSDT SYRUPUSDT SYSUSDT TACUSDT TAGUSDT TAKEUSDT TANSSIUSDT TAOUSDT TAUSDT THETAUSDT THEUSDT TIAUSDT TLMUSDT TNSRUSDT TONUSDT TOSHIUSDT TOWNSUSDT TRADOORUSDT TRBUSDT TREEUSDT TRUMPUSDT TRUTHUSDT TRUUSDT TRXUSDT TSTUSDT TURBOUSDT TURTLEUSDT TUSDT TUTUSDT TWTUSDT UBUSDT UMAUSDT UNIUSDT USELESSUSDT USTCUSDT USUALUSDT VANAUSDT VANRYUSDT VELODROMEUSDT VELVETUSDT VETUSDT VFYUSDT VINEUSDT VIRTUALUSDT VOXELUSDT VTHOUSDT VVVUSDT WALUSDT WAXPUSDT WCTUSDT WIFUSDT WLDUSDT WLFIUSDT WOOUSDT WUSDT XAIUSDT XANUSDT XLMUSDT XMRUSDT XNYUSDT XPINUSDT XPLUSDT XRPUSDT XTZUSDT XVGUSDT XVSUSDT YALAUSDT YBUSDT YFIUSDT YGGUSDT ZBTUSDT ZECUSDT ZENUSDT ZEREBROUSDT ZETAUSDT ZILUSDT ZKCUSDT ZKJUSDT ZKUSDT ZORAUSDT ZROUSDT ZRXUSDT
2025-12-20,516,494,20,ETHUSDT BTCUSDT SOLUSDT ZECUSDT XRPUSDT DOGEUSDT BNBUSDT ASTERUSDT HYPEUSDT FILUSDT GIGGLEUSDT SUIUSDT 1000PEPEUSDT AIAUSDT DASHUSDT AVAXUSDT ADAUSDT LTCUSDT LINKUSDT TNSRUSDT,0GUSDT 1000000BOBUSDT 1000000MOGUSDT 1000BONKUSDT 1000CATUSDT 1000CHEEMSUSDT 1000FLOKIUSDT 1000LUNCUSDT 1000PEPEUSDT 1000RATSUSDT 1000SATSUSDT 1000SHIBUSDT 1000XECUSDT 1INCHUSDT 1MBABYDOGEUSDT 2ZUSDT 42USDT 4USDT A2ZUSDT AAVEUSDT ACEUSDT ACHUSDT ACTUSDT ACXUSDT ADAUSDT AERGOUSDT AEROUSDT AEVOUSDT AGLDUSDT AGTUSDT AIAUSDT AINUSDT AIOTUSDT AIOUSDT AIUSDT AIXBTUSDT AKEUSDT AKTUSDT ALCHUSDT ALGOUSDT ALICEUSDT ALLUSDT ALPINEUSDT ALTUSDT ANIMEUSDT ANKRUSDT APEUSDT API3USDT APRUSDT APTUSDT ARBUSDT ARCUSDT ARIAUSDT ARKMUSDT ARKUSDT ARPAUSDT ARUSDT ASRUSDT ASTERUSDT ASTRUSDT ATAUSDT ATHUSDT ATOMUSDT ATUSDT AUCTIONUSDT AUSDT AVAAIUSDT AVAUSDT AVAXUSDT AVNTUSDT AWEUSDT AXLUSDT AXSUSDT B2USDT B3USDT BABYUSDT BANANAS31USDT BANANAUSDT BANDUSDT BANKUSDT BANUSDT BARDUSDT BASUSDT BATUSDT BBUSDT BCHUSDT BDXNUSDT BEAMXUSDT BELUSDT BERAUSDT BICOUSDT BIDUSDT BIGTIMEUSDT BIOUSDT BLESSUSDT BLUAIUSDT BLURUSDT BMTUSDT BNBUSDT BNTUSDT BOMEUSDT BRETTUSDT BROCCOLI714USDT BROCCOLIF3BUSDT BSVUSDT BTCUSDT BTRUSDT BUSDT C98USDT CAKEUSDT CARVUSDT CATIUSDT CCUSDT CELOUSDT CELRUSDT CETUSUSDT CFXUSDT CGPTUSDT CHILLGUYUSDT CHRUSDT CHZUSDT CKBUSDT CLOUSDT COAIUSDT COMMONUSDT COMPUSDT COOKIEUSDT COTIUSDT COWUSDT CROSSUSDT CRVUSDT CTSIUSDT CUDISUSDT CUSDT CVCUSDT CVXUSDT CYBERUSDT DAMUSDT DASHUSDT DEEPUSDT DEGOUSDT DENTUSDT DEXEUSDT DIAUSDT DMCUSDT DODOXUSDT DOGEUSDT DOGSUSDT DOLOUSDT DOODUSDT DOTUSDT DRIFTUSDT DUSDT DUSKUSDT DYDXUSDT DYMUSDT EDENUSDT EDUUSDT EGLDUSDT EIGENUSDT ENAUSDT ENJUSDT ENSOUSDT ENSUSDT EPICUSDT EPTUSDT ERAUSDT ESPORTSUSDT ETCUSDT ETHFIUSDT ETHUSDT EULUSDT EVAAUSDT FARTCOINUSDT FETUSDT FFUSDT FHEUSDT FIDAUSDT FILUSDT FISUSDT FLOCKUSDT FLOWUSDT FLUIDUSDT FLUXUSDT FORMUSDT FUNUSDT FUSDT FXSUSDT GALAUSDT GASUSDT GIGGLEUSDT GLMUSDT GMTUSDT GMXUSDT GOATUSDT GPSUSDT GRASSUSDT GRIFFAINUSDT GRTUSDT GTCUSDT GUNUSDT HAEDALUSDT HANAUSDT HBARUSDT HEIUSDT HEMIUSDT HFTUSDT HIGHUSDT HIPPOUSDT HIVEUSDT HMSTRUSDT HOLOUSDT HOMEUSDT HOOKUSDT HOTUSDT HUMAUSDT HUSDT HYPERUSDT HYPEUSDT ICNTUSDT ICPUSDT ICXUSDT IDOLUSDT IDUSDT ILVUSDT IMXUSDT INITUSDT INJUSDT INUSDT IOSTUSDT IOTAUSDT IOTXUSDT IOUSDT IPUSDT JASMYUSDT JELLYJELLYUSDT JOEUSDT JSTUSDT JTOUSDT JUPUSDT KAIAUSDT KAITOUSDT KASUSDT KAVAUSDT KERNELUSDT KGENUSDT KITEUSDT KMNOUSDT KNCUSDT KSMUSDT LABUSDT LAUSDT LAYERUSDT LDOUSDT LIGHTUSDT LINEAUSDT LINKUSDT LISTAUSDT LPTUSDT LQTYUSDT LRCUSDT LSKUSDT LTCUSDT LUMIAUSDT LUNA2USDT LYNUSDT MAGICUSDT MANAUSDT MANTAUSDT MASKUSDT MAVIAUSDT MAVUSDT MBOXUSDT MELANIAUSDT MEMEUSDT MERLUSDT METISUSDT METUSDT MEUSDT MEWUSDT MINAUSDT MIRAUSDT MITOUSDT MLNUSDT MOCAUSDT MONUSDT MOODENGUSDT MORPHOUSDT MOVEUSDT MOVRUSDT MTLUSDT MUBARAKUSDT MUSDT MYXUSDT NAORISUSDT NEARUSDT NEIROUSDT NEOUSDT NEWTUSDT NFPUSDT NILUSDT NKNUSDT NMRUSDT NOMUSDT NOTUSDT NTRNUSDT NXPCUSDT OBOLUSDT OGNUSDT OGUSDT OLUSDT OMUSDT ONDOUSDT ONEUSDT ONGUSDT ONTUSDT ONUSDT OPENUSDT OPUSDT ORCAUSDT ORDERUSDT ORDIUSDT PARTIUSDT PENDLEUSDT PENGUUSDT PEOPLEUSDT PHAUSDT PHBUSDT PIPPINUSDT PIXELUSDT PLAYUSDT PLUMEUSDT PNUTUSDT POLUSDT POLYXUSDT POPCATUSDT PORTALUSDT POWRUSDT PROMPTUSDT PROMUSDT PROVEUSDT PTBUSDT PUFFERUSDT PUMPBTCUSDT PUMPUSDT PUNDIXUSDT PYTHUSDT QNTUSDT QTUMUSDT QUSDT RAREUSDT RAYSOLUSDT RDNTUSDT RECALLUSDT REDUSDT REIUSDT RENDERUSDT RESOLVUSDT REZUSDT RIVERUSDT RLCUSDT RONINUSDT ROSEUSDT RPLUSDT RSRUSDT RUNEUSDT RVNUSDT RVVUSDT SAFEUSDT SAGAUSDT SAHARAUSDT SANDUSDT SANTOSUSDT SAPIENUSDT SCRTUSDT SCRUSDT SEIUSDT SFPUSDT SHELLUSDT SIGNUSDT SIRENUSDT SKATEUSDT SKLUSDT SKYAIUSDT SKYUSDT SNXUSDT SOLUSDT SOLVUSDT SOMIUSDT SONICUSDT SOONUSDT SOPHUSDT SPELLUSDT SPKUSDT SPXUSDT SQDUSDT SSVUSDT STBLUSDT STEEMUSDT STGUSDT STORJUSDT STOUSDT STRKUSDT STXUSDT SUIUSDT SUNUSDT SUPERUSDT SUSDT SUSHIUSDT SWARMSUSDT SXPUSDT SXTUSDT SYNUSDT SYRUPUSDT SYSUSDT TACUSDT TAGUSDT TAKEUSDT TANSSIUSDT TAOUSDT TAUSDT THETAUSDT THEUSDT TIAUSDT TLMUSDT TNSRUSDT TONUSDT TOSHIUSDT TOWNSUSDT TRADOORUSDT TRBUSDT TREEUSDT TRUMPUSDT TRUTHUSDT TRUUSDT TRXUSDT TSTUSDT TURBOUSDT TURTLEUSDT TUSDT TUTUSDT TWTUSDT UBUSDT UMAUSDT UNIUSDT USELESSUSDT USTCUSDT USUALUSDT VANAUSDT VANRYUSDT VELODROMEUSDT VELVETUSDT VETUSDT VFYUSDT VINEUSDT VIRTUALUSDT VOXELUSDT VTHOUSDT VVVUSDT WALUSDT WAXPUSDT WCTUSDT WIFUSDT WLDUSDT WLFIUSDT WOOUSDT WUSDT XAIUSDT XANUSDT XLMUSDT XMRUSDT XNYUSDT XPINUSDT XPLUSDT XRPUSDT XTZUSDT XVGUSDT XVSUSDT YALAUSDT YBUSDT YFIUSDT YGGUSDT ZBTUSDT ZECUSDT ZENUSDT ZEREBROUSDT ZETAUSDT ZILUSDT ZKCUSDT ZKJUSDT ZKUSDT ZORAUSDT ZROUSDT ZRXUSDT
2025-12-27,516,494,20,ETHUSDT BTCUSDT SOLUSDT ZECUSDT XRPUSDT DOGEUSDT BNBUSDT ASTERUSDT HYPEUSDT FILUSDT GIGGLEUSDT SUIUSDT 1000PEPEUSDT AIAUSDT DASHUSDT AVAXUSDT ADAUSDT LTCUSDT LINKUSDT TNSRUSDT,0GUSDT 1000000BOBUSDT 1000000MOGUSDT 1000BONKUSDT 1000CATUSDT 1000CHEEMSUSDT 1000FLOKIUSDT 1000LUNCUSDT 1000PEPEUSDT 1000RATSUSDT 1000SATSUSDT 1000SHIBUSDT 1000XECUSDT 1INCHUSDT 1MBABYDOGEUSDT 2ZUSDT 42USDT 4USDT A2ZUSDT AAVEUSDT ACEUSDT ACHUSDT ACTUSDT ACXUSDT ADAUSDT AERGOUSDT AEROUSDT AEVOUSDT AGLDUSDT AGTUSDT AIAUSDT AINUSDT AIOTUSDT AIOUSDT AIUSDT AIXBTUSDT AKEUSDT AKTUSDT ALCHUSDT ALGOUSDT ALICEUSDT ALLUSDT ALPINEUSDT ALTUSDT ANIMEUSDT ANKRUSDT APEUSDT API3USDT APRUSDT APTUSDT ARBUSDT ARCUSDT ARIAUSDT ARKMUSDT ARKUSDT ARPAUSDT ARUSDT ASRUSDT ASTERUSDT ASTRUSDT ATAUSDT ATHUSDT ATOMUSDT ATUSDT AUCTIONUSDT AUSDT AVAAIUSDT AVAUSDT AVAXUSDT AVNTUSDT AWEUSDT AXLUSDT AXSUSDT B2USDT B3USDT BABYUSDT BANANAS31USDT BANANAUSDT BANDUSDT BANKUSDT BANUSDT BARDUSDT BASUSDT BATUSDT BBUSDT BCHUSDT BDXNUSDT BEAMXUSDT BELUSDT BERAUSDT BICOUSDT BIDUSDT BIGTIMEUSDT BIOUSDT BLESSUSDT BLUAIUSDT BLURUSDT BMTUSDT BNBUSDT BNTUSDT BOMEUSDT BRETTUSDT BROCCOLI714USDT BROCCOLIF3BUSDT BSVUSDT BTCUSDT BTRUSDT BUSDT C98USDT CAKEUSDT CARVUSDT CATIUSDT CCUSDT CELOUSDT CELRUSDT CETUSUSDT CFXUSDT CGPTUSDT CHILLGUYUSDT CHRUSDT CHZUSDT CKBUSDT CLOUSDT COAIUSDT COMMONUSDT COMPUSDT COOKIEUSDT COTIUSDT COWUSDT CROSSUSDT CRVUSDT CTSIUSDT CUDISUSDT CUSDT CVCUSDT CVXUSDT CYBERUSDT DAMUSDT DASHUSDT DEEPUSDT DEGOUSDT DENTUSDT DEXEUSDT DIAUSDT DMCUSDT DODOXUSDT DOGEUSDT DOGSUSDT DOLOUSDT DOODUSDT DOTUSDT DRIFTUSDT DUSDT DUSKUSDT DYDXUSDT DYMUSDT EDENUSDT EDUUSDT EGLDUSDT EIGENUSDT ENAUSDT ENJUSDT ENSOUSDT ENSUSDT EPICUSDT EPTUSDT ERAUSDT ESPORTSUSDT ETCUSDT ETHFIUSDT ETHUSDT EULUSDT EVAAUSDT FARTCOINUSDT FETUSDT FFUSDT FHEUSDT FIDAUSDT FILUSDT FISUSDT FLOCKUSDT FLOWUSDT FLUIDUSDT FLUXUSDT FORMUSDT FUNUSDT FUSDT FXSUSDT GALAUSDT GASUSDT GIGGLEUSDT GLMUSDT GMTUSDT GMXUSDT GOATUSDT GPSUSDT GRASSUSDT GRIFFAINUSDT GRTUSDT GTCUSDT GUNUSDT HAEDALUSDT HANAUSDT HBARUSDT HEIUSDT HEMIUSDT HFTUSDT HIGHUSDT HIPPOUSDT HIVEUSDT HMSTRUSDT HOLOUSDT HOMEUSDT HOOKUSDT HOTUSDT HUMAUSDT HUSDT HYPERUSDT HYPEUSDT ICNTUSDT ICPUSDT ICXUSDT IDOLUSDT IDUSDT ILVUSDT IMXUSDT INITUSDT INJUSDT INUSDT IOSTUSDT IOTAUSDT IOTXUSDT IOUSDT IPUSDT JASMYUSDT JELLYJELLYUSDT JOEUSDT JSTUSDT JTOUSDT JUPUSDT KAIAUSDT KAITOUSDT KASUSDT KAVAUSDT KERNELUSDT KGENUSDT KITEUSDT KMNOUSDT KNCUSDT KSMUSDT LABUSDT LAUSDT LAYERUSDT LDOUSDT LIGHTUSDT LINEAUSDT LINKUSDT LISTAUSDT LPTUSDT LQTYUSDT LRCUSDT LSKUSDT LTCUSDT LUMIAUSDT LUNA2USDT LYNUSDT MAGICUSDT MANAUSDT MANTAUSDT MASKUSDT MAVIAUSDT MAVUSDT MBOXUSDT MELANIAUSDT MEMEUSDT MERLUSDT METISUSDT METUSDT MEUSDT MEWUSDT MINAUSDT MIRAUSDT MITOUSDT MLNUSDT MOCAUSDT MONUSDT MOODENGUSDT MORPHOUSDT MOVEUSDT MOVRUSDT MTLUSDT MUBARAKUSDT MUSDT MYXUSDT NAORISUSDT NEARUSDT NEIROUSDT NEOUSDT NEWTUSDT NFPUSDT NILUSDT NKNUSDT NMRUSDT NOMUSDT NOTUSDT NTRNUSDT NXPCUSDT OBOLUSDT OGNUSDT OGUSDT OLUSDT OMUSDT ONDOUSDT ONEUSDT ONGUSDT ONTUSDT ONUSDT OPENUSDT OPUSDT ORCAUSDT ORDERUSDT ORDIUSDT PARTIUSDT PENDLEUSDT PENGUUSDT PEOPLEUSDT PHAUSDT PHBUSDT PIPPINUSDT PIXELUSDT PLAYUSDT PLUMEUSDT PNUTUSDT POLUSDT POLYXUSDT POPCATUSDT PORTALUSDT POWRUSDT PROMPTUSDT PROMUSDT PROVEUSDT PTBUSDT PUFFERUSDT PUMPBTCUSDT PUMPUSDT PUNDIXUSDT PYTHUSDT QNTUSDT QTUMUSDT QUSDT RAREUSDT RAYSOLUSDT RDNTUSDT RECALLUSDT REDUSDT REIUSDT RENDERUSDT RESOLVUSDT REZUSDT RIVERUSDT RLCUSDT RONINUSDT ROSEUSDT RPLUSDT RSRUSDT RUNEUSDT RVNUSDT RVVUSDT SAFEUSDT SAGAUSDT SAHARAUSDT SANDUSDT SANTOSUSDT SAPIENUSDT SCRTUSDT SCRUSDT SEIUSDT SFPUSDT SHELLUSDT SIGNUSDT SIRENUSDT SKATEUSDT SKLUSDT SKYAIUSDT SKYUSDT SNXUSDT SOLUSDT SOLVUSDT SOMIUSDT SONICUSDT SOONUSDT SOPHUSDT SPELLUSDT SPKUSDT SPXUSDT SQDUSDT SSVUSDT STBLUSDT STEEMUSDT STGUSDT STORJUSDT STOUSDT STRKUSDT STXUSDT SUIUSDT SUNUSDT SUPERUSDT SUSDT SUSHIUSDT SWARMSUSDT SXPUSDT SXTUSDT SYNUSDT SYRUPUSDT SYSUSDT TACUSDT TAGUSDT TAKEUSDT TANSSIUSDT TAOUSDT TAUSDT THETAUSDT THEUSDT TIAUSDT TLMUSDT TNSRUSDT TONUSDT TOSHIUSDT TOWNSUSDT TRADOORUSDT TRBUSDT TREEUSDT TRUMPUSDT TRUTHUSDT TRUUSDT TRXUSDT TSTUSDT TURBOUSDT TURTLEUSDT TUSDT TUTUSDT TWTUSDT UBUSDT UMAUSDT UNIUSDT USELESSUSDT USTCUSDT USUALUSDT VANAUSDT VANRYUSDT VELODROMEUSDT VELVETUSDT VETUSDT VFYUSDT VINEUSDT VIRTUALUSDT VOXELUSDT VTHOUSDT VVVUSDT WALUSDT WAXPUSDT WCTUSDT WIFUSDT WLDUSDT WLFIUSDT WOOUSDT WUSDT XAIUSDT XANUSDT XLMUSDT XMRUSDT XNYUSDT XPINUSDT XPLUSDT XRPUSDT XTZUSDT XVGUSDT XVSUSDT YALAUSDT YBUSDT YFIUSDT YGGUSDT ZBTUSDT ZECUSDT ZENUSDT ZEREBROUSDT ZETAUSDT ZILUSDT ZKCUSDT ZKJUSDT ZKUSDT ZORAUSDT ZROUSDT ZRXUSDT
2026-01-03,520,460,20,BTCUSDT ETHUSDT SOLUSDT ZECUSDT XRPUSDT PIPPINUSDT DOGEUSDT BEATUSDT BNBUSDT SUIUSDT HYPEUSDT LIGHTUSDT 1000PEPEUSDT ADAUSDT ASTERUSDT FOLKSUSDT BCHUSDT 1000LUNCUSDT LUNA2USDT LINKUSDT,0GUSDT 1000000MOGUSDT 1000BONKUSDT 1000CATUSDT 1000CHEEMSUSDT 1000FLOKIUSDT 1000LUNCUSDT 1000PEPEUSDT 1000RATSUSDT 1000SATSUSDT 1000SHIBUSDT 1INCHUSDT 1MBABYDOGEUSDT 2ZUSDT 42USDT 4USDT A2ZUSDT AAVEUSDT ACEUSDT ACHUSDT ACTUSDT ADAUSDT AERGOUSDT AEROUSDT AEVOUSDT AGLDUSDT AGTUSDT AINUSDT AIOTUSDT AIOUSDT AIXBTUSDT AKEUSDT ALCHUSDT ALGOUSDT ALICEUSDT ALLOUSDT ALPINEUSDT ALTUSDT ANIMEUSDT ANKRUSDT APEUSDT API3USDT APRUSDT APTUSDT ARBUSDT ARCUSDT ARIAUSDT ARKMUSDT ARKUSDT ARUSDT ASRUSDT ASTERUSDT ATAUSDT ATHUSDT ATOMUSDT ATUSDT AUCTIONUSDT AUSDT AVAAIUSDT AVAXUSDT AVNTUSDT AWEUSDT AXLUSDT AXSUSDT B2USDT BABYUSDT BANANAS31USDT BANANAUSDT BANDUSDT BANKUSDT BANUSDT BARDUSDT BASUSDT BATUSDT BBUSDT BCHUSDT BDXNUSDT BEAMXUSDT BEATUSDT BELUSDT BERAUSDT BIDUSDT BIGTIMEUSDT BIOUSDT BLESSUSDT BLUAIUSDT BLURUSDT BMTUSDT BNBUSDT BOBUSDT BOMEUSDT BRETTUSDT BROCCOLI714USDT BROCCOLIF3BUSDT BRUSDT BTCUSDT BULLAUSDT BUSDT C98USDT CAKEUSDT CARVUSDT CCUSDT CELOUSDT CFXUSDT CHESSUSDT CHILLGUYUSDT CHZUSDT CKBUSDT CLANKERUSDT CLOUSDT COAIUSDT COMMONUSDT COMPUSDT COOKIEUSDT COTIUSDT COWUSDT CROSSUSDT CRVUSDT CUDISUSDT CUSDT CVCUSDT CVXUSDT CYBERUSDT DAMUSDT DASHUSDT DEEPUSDT DENTUSDT DEXEUSDT DODOXUSDT DOGEUSDT DOGSUSDT DOLOUSDT DOODUSDT DOTUSDT DRIFTUSDT DUSDT DUSKUSDT DYDXUSDT DYMUSDT EDENUSDT EDUUSDT EGLDUSDT EIGENUSDT ENAUSDT ENJUSDT ENSOUSDT ENSUSDT EPICUSDT EPTUSDT ERAUSDT ESPORTSUSDT ETCUSDT ETHFIUSDT ETHUSDT EULUSDT EVAAUSDT FARTCOINUSDT FETUSDT FFUSDT FHEUSDT FIDAUSDT FILUSDT FLOCKUSDT FLOWUSDT FLUIDUSDT FLUXUSDT FOLKSUSDT FORMUSDT FUNUSDT FUSDT FXSUSDT GALAUSDT GASUSDT GHSTUSDT GIGGLEUSDT GLMUSDT GMTUSDT GOATUSDT GPSUSDT GRASSUSDT GRIFFAINUSDT GRTUSDT GTCUSDT GUNUSDT GUSDT HAEDALUSDT HANAUSDT HBARUSDT HEIUSDT HEMIUSDT HFTUSDT HIGHUSDT HIPPOUSDT HIVEUSDT HMSTRUSDT HOLOUSDT HOMEUSDT HOOKUSDT HOTUSDT HUMAUSDT HUSDT HYPERUSDT HYPEUSDT ICNTUSDT ICPUSDT ICXUSDT IDUSDT IMXUSDT INITUSDT INJUSDT INUSDT IOSTUSDT IOTAUSDT IOUSDT IPUSDT IRYSUSDT JASMYUSDT JCTUSDT JELLYJELLYUSDT JSTUSDT JTOUSDT JUPUSDT KAIAUSDT KAITOUSDT KASUSDT KAVAUSDT KERNELUSDT KGENUSDT KITEUSDT KMNOUSDT KSMUSDT LABUSDT LAUSDT LAYERUSDT LDOUSDT LIGHTUSDT LINEAUSDT LINKUSDT LISTAUSDT LPTUSDT LQTYUSDT LRCUSDT LSKUSDT LTCUSDT LUMIAUSDT LUNA2USDT LYNUSDT MAGICUSDT MANAUSDT MANTAUSDT MASKUSDT MAVIAUSDT MAVUSDT MELANIAUSDT MEMEUSDT MERLUSDT METISUSDT METUSDT MEUSDT MEWUSDT MINAUSDT MIRAUSDT MITOUSDT MLNUSDT MMTUSDT MOCAUSDT MONUSDT MOODENGUSDT MORPHOUSDT MOVEUSDT MOVRUSDT MTLUSDT MUBARAKUSDT MUSDT MYXUSDT NAORISUSDT NEARUSDT NEIROUSDT NEOUSDT NEWTUSDT NILUSDT NMRUSDT NOMUSDT NOTUSDT NTRNUSDT NXPCUSDT OGNUSDT OGUSDT OLUSDT OMUSDT ONDOUSDT ONEUSDT ONTUSDT ONUSDT OPENUSDT OPUSDT ORCAUSDT ORDERUSDT ORDIUSDT PARTIUSDT PENDLEUSDT PENGUUSDT PEOPLEUSDT PHAUSDT PIEVERSEUSDT PIPPINUSDT PIXELUSDT PLAYUSDT PLUMEUSDT PNUTUSDT POLUSDT POLYXUSDT POPCATUSDT PORTALUSDT POWRUSDT PROMPTUSDT PROMUSDT PROVEUSDT PTBUSDT PUFFERUSDT PUMPBTCUSDT PUMPUSDT PYTHUSDT QNTUSDT QTUMUSDT QUSDT RAREUSDT RAYSOLUSDT RDNTUSDT RECALLUSDT REDUSDT RENDERUSDT RESOLVUSDT REZUSDT RIVERUSDT RLCUSDT RONINUSDT ROSEUSDT RSRUSDT RUNEUSDT RVNUSDT RVVUSDT SAGAUSDT SAHARAUSDT SANDUSDT SANTOSUSDT SAPIENUSDT SCRUSDT SEIUSDT SENTUSDT SHELLUSDT SIGNUSDT SKLUSDT SKYAIUSDT SKYUSDT SNXUSDT SOLUSDT SOLVUSDT SOMIUSDT SOONUSDT SOPHUSDT SPELLUSDT SPKUSDT SPXUSDT SQDUSDT SSVUSDT STABLEUSDT STBLUSDT STGUSDT STORJUSDT STOUSDT STRKUSDT STXUSDT SUIUSDT SUNUSDT SUPERUSDT SUSDT SUSHIUSDT SWARMSUSDT SXTUSDT SYNUSDT SYRUPUSDT TACUSDT TAGUSDT TAIKOUSDT TAKEUSDT TANSSIUSDT TAOUSDT TAUSDT THETAUSDT THEUSDT TIAUSDT TLMUSDT TNSRUSDT TONUSDT TOSHIUSDT TOWNSUSDT TRADOORUSDT TRBUSDT TREEUSDT TRUMPUSDT TRUSTUSDT TRUTHUSDT TRUUSDT TRXUSDT TSTUSDT TURBOUSDT TURTLEUSDT TUSDT TUTUSDT TWTUSDT UAIUSDT UBUSDT UMAUSDT UNIUSDT USELESSUSDT USTCUSDT USUALUSDT VANAUSDT VANRYUSDT VELVETUSDT VETUSDT VFYUSDT VINEUSDT VIRTUALUSDT VTHOUSDT VVVUSDT WALUSDT WCTUSDT WIFUSDT WLDUSDT WLFIUSDT WOOUSDT WUSDT XAIUSDT XANUSDT XLMUSDT XMRUSDT XNYUSDT XPINUSDT XPLUSDT XRPUSDT XTZUSDT XVGUSDT XVSUSDT YALAUSDT YBUSDT YFIUSDT YGGUSDT ZBTUSDT ZECUSDT ZENUSDT ZEREBROUSDT ZILUSDT ZKCUSDT ZKUSDT ZORAUSDT ZRCUSDT ZROUSDT ZRXUSDT
2026-01-10,520,460,20,BTCUSDT ETHUSDT SOLUSDT ZECUSDT XRPUSDT PIPPINUSDT DOGEUSDT BEATUSDT BNBUSDT SUIUSDT HYPEUSDT LIGHTUSDT 1000PEPEUSDT ADAUSDT ASTERUSDT FOLKSUSDT BCHUSDT 1000LUNCUSDT LUNA2USDT LINKUSDT,0GUSDT 1000000MOGUSDT 1000BONKUSDT 1000CATUSDT 1000CHEEMSUSDT 1000FLOKIUSDT 1000LUNCUSDT 1000PEPEUSDT 1000RATSUSDT 1000SATSUSDT 1000SHIBUSDT 1INCHUSDT 1MBABYDOGEUSDT 2ZUSDT 42USDT 4USDT A2ZUSDT AAVEUSDT ACEUSDT ACHUSDT ACTUSDT ADAUSDT AERGOUSDT AEROUSDT AEVOUSDT AGLDUSDT AGTUSDT AINUSDT AIOTUSDT AIOUSDT AIXBTUSDT AKEUSDT ALCHUSDT ALGOUSDT ALICEUSDT ALLOUSDT ALPINEUSDT ALTUSDT ANIMEUSDT ANKRUSDT APEUSDT API3USDT APRUSDT APTUSDT ARBUSDT ARCUSDT ARIAUSDT ARKMUSDT ARKUSDT ARUSDT ASRUSDT ASTERUSDT ATAUSDT ATHUSDT ATOMUSDT ATUSDT AUCTIONUSDT AUSDT AVAAIUSDT AVAXUSDT AVNTUSDT AWEUSDT AXLUSDT AXSUSDT B2USDT BABYUSDT BANANAS31USDT BANANAUSDT BANDUSDT BANKUSDT BANUSDT BARDUSDT BASUSDT BATUSDT BBUSDT BCHUSDT BDXNUSDT BEAMXUSDT BEATUSDT BELUSDT BERAUSDT BIDUSDT BIGTIMEUSDT BIOUSDT BLESSUSDT BLUAIUSDT BLURUSDT BMTUSDT BNBUSDT BOBUSDT BOMEUSDT BRETTUSDT BROCCOLI714USDT BROCCOLIF3BUSDT BRUSDT BTCUSDT BULLAUSDT BUSDT C98USDT CAKEUSDT CARVUSDT CCUSDT CELOUSDT CFXUSDT CHESSUSDT CHILLGUYUSDT CHZUSDT CKBUSDT CLANKERUSDT CLOUSDT COAIUSDT COMMONUSDT COMPUSDT COOKIEUSDT COTIUSDT COWUSDT CROSSUSDT CRVUSDT CUDISUSDT CUSDT CVCUSDT CVXUSDT CYBERUSDT DAMUSDT DASHUSDT DEEPUSDT DENTUSDT DEXEUSDT DODOXUSDT DOGEUSDT DOGSUSDT DOLOUSDT DOODUSDT DOTUSDT DRIFTUSDT DUSDT DUSKUSDT DYDXUSDT DYMUSDT EDENUSDT EDUUSDT EGLDUSDT EIGENUSDT ENAUSDT ENJUSDT ENSOUSDT ENSUSDT EPICUSDT EPTUSDT ERAUSDT ESPORTSUSDT ETCUSDT ETHFIUSDT ETHUSDT EULUSDT EVAAUSDT FARTCOINUSDT FETUSDT FFUSDT FHEUSDT FIDAUSDT FILUSDT FLOCKUSDT FLOWUSDT FLUIDUSDT FLUXUSDT FOLKSUSDT FORMUSDT FUNUSDT FUSDT FXSUSDT GALAUSDT GASUSDT GHSTUSDT GIGGLEUSDT GLMUSDT GMTUSDT GOATUSDT GPSUSDT GRASSUSDT GRIFFAINUSDT GRTUSDT GTCUSDT GUNUSDT GUSDT HAEDALUSDT HANAUSDT HBARUSDT HEIUSDT HEMIUSDT HFTUSDT HIGHUSDT HIPPOUSDT HIVEUSDT HMSTRUSDT HOLOUSDT HOMEUSDT HOOKUSDT HOTUSDT HUMAUSDT HUSDT HYPERUSDT HYPEUSDT ICNTUSDT ICPUSDT ICXUSDT IDUSDT IMXUSDT INITUSDT INJUSDT INUSDT IOSTUSDT IOTAUSDT IOUSDT IPUSDT IRYSUSDT JASMYUSDT JCTUSDT JELLYJELLYUSDT JSTUSDT JTOUSDT JUPUSDT KAIAUSDT KAITOUSDT KASUSDT KAVAUSDT KERNELUSDT KGENUSDT KITEUSDT KMNOUSDT KSMUSDT LABUSDT LAUSDT LAYERUSDT LDOUSDT LIGHTUSDT LINEAUSDT LINKUSDT LISTAUSDT LPTUSDT LQTYUSDT LRCUSDT LSKUSDT LTCUSDT LUMIAUSDT LUNA2USDT LYNUSDT MAGICUSDT MANAUSDT MANTAUSDT MASKUSDT MAVIAUSDT MAVUSDT MELANIAUSDT MEMEUSDT MERLUSDT METISUSDT METUSDT MEUSDT MEWUSDT MINAUSDT MIRAUSDT MITOUSDT MLNUSDT MMTUSDT MOCAUSDT MONUSDT MOODENGUSDT MORPHOUSDT MOVEUSDT MOVRUSDT MTLUSDT MUBARAKUSDT MUSDT MYXUSDT NAORISUSDT NEARUSDT NEIROUSDT NEOUSDT NEWTUSDT NILUSDT NMRUSDT NOMUSDT NOTUSDT NTRNUSDT NXPCUSDT OGNUSDT OGUSDT OLUSDT OMUSDT ONDOUSDT ONEUSDT ONTUSDT ONUSDT OPENUSDT OPUSDT ORCAUSDT ORDERUSDT ORDIUSDT PARTIUSDT PENDLEUSDT PENGUUSDT PEOPLEUSDT PHAUSDT PIEVERSEUSDT PIPPINUSDT PIXELUSDT PLAYUSDT PLUMEUSDT PNUTUSDT POLUSDT POLYXUSDT POPCATUSDT PORTALUSDT POWRUSDT PROMPTUSDT PROMUSDT PROVEUSDT PTBUSDT PUFFERUSDT PUMPBTCUSDT PUMPUSDT PYTHUSDT QNTUSDT QTUMUSDT QUSDT RAREUSDT RAYSOLUSDT RDNTUSDT RECALLUSDT REDUSDT RENDERUSDT RESOLVUSDT REZUSDT RIVERUSDT RLCUSDT RONINUSDT ROSEUSDT RSRUSDT RUNEUSDT RVNUSDT RVVUSDT SAGAUSDT SAHARAUSDT SANDUSDT SANTOSUSDT SAPIENUSDT SCRUSDT SEIUSDT SENTUSDT SHELLUSDT SIGNUSDT SKLUSDT SKYAIUSDT SKYUSDT SNXUSDT SOLUSDT SOLVUSDT SOMIUSDT SOONUSDT SOPHUSDT SPELLUSDT SPKUSDT SPXUSDT SQDUSDT SSVUSDT STABLEUSDT STBLUSDT STGUSDT STORJUSDT STOUSDT STRKUSDT STXUSDT SUIUSDT SUNUSDT SUPERUSDT SUSDT SUSHIUSDT SWARMSUSDT SXTUSDT SYNUSDT SYRUPUSDT TACUSDT TAGUSDT TAIKOUSDT TAKEUSDT TANSSIUSDT TAOUSDT TAUSDT THETAUSDT THEUSDT TIAUSDT TLMUSDT TNSRUSDT TONUSDT TOSHIUSDT TOWNSUSDT TRADOORUSDT TRBUSDT TREEUSDT TRUMPUSDT TRUSTUSDT TRUTHUSDT TRUUSDT TRXUSDT TSTUSDT TURBOUSDT TURTLEUSDT TUSDT TUTUSDT TWTUSDT UAIUSDT UBUSDT UMAUSDT UNIUSDT USELESSUSDT USTCUSDT USUALUSDT VANAUSDT VANRYUSDT VELVETUSDT VETUSDT VFYUSDT VINEUSDT VIRTUALUSDT VTHOUSDT VVVUSDT WALUSDT WCTUSDT WIFUSDT WLDUSDT WLFIUSDT WOOUSDT WUSDT XAIUSDT XANUSDT XLMUSDT XMRUSDT XNYUSDT XPINUSDT XPLUSDT XRPUSDT XTZUSDT XVGUSDT XVSUSDT YALAUSDT YBUSDT YFIUSDT YGGUSDT ZBTUSDT ZECUSDT ZENUSDT ZEREBROUSDT ZILUSDT ZKCUSDT ZKUSDT ZORAUSDT ZRCUSDT ZROUSDT ZRXUSDT
2026-01-17,520,460,20,BTCUSDT ETHUSDT SOLUSDT ZECUSDT XRPUSDT PIPPINUSDT DOGEUSDT BEATUSDT BNBUSDT SUIUSDT HYPEUSDT LIGHTUSDT 1000PEPEUSDT ADAUSDT ASTERUSDT FOLKSUSDT BCHUSDT 1000LUNCUSDT LUNA2USDT LINKUSDT,0GUSDT 1000000MOGUSDT 1000BONKUSDT 1000CATUSDT 1000CHEEMSUSDT 1000FLOKIUSDT 1000LUNCUSDT 1000PEPEUSDT 1000RATSUSDT 1000SATSUSDT 1000SHIBUSDT 1INCHUSDT 1MBABYDOGEUSDT 2ZUSDT 42USDT 4USDT A2ZUSDT AAVEUSDT ACEUSDT ACHUSDT ACTUSDT ADAUSDT AERGOUSDT AEROUSDT AEVOUSDT AGLDUSDT AGTUSDT AINUSDT AIOTUSDT AIOUSDT AIXBTUSDT AKEUSDT ALCHUSDT ALGOUSDT ALICEUSDT ALLOUSDT ALPINEUSDT ALTUSDT ANIMEUSDT ANKRUSDT APEUSDT API3USDT APRUSDT APTUSDT ARBUSDT ARCUSDT ARIAUSDT ARKMUSDT ARKUSDT ARUSDT ASRUSDT ASTERUSDT ATAUSDT ATHUSDT ATOMUSDT ATUSDT AUCTIONUSDT AUSDT AVAAIUSDT AVAXUSDT AVNTUSDT AWEUSDT AXLUSDT AXSUSDT B2USDT BABYUSDT BANANAS31USDT BANANAUSDT BANDUSDT BANKUSDT BANUSDT BARDUSDT BASUSDT BATUSDT BBUSDT BCHUSDT BDXNUSDT BEAMXUSDT BEATUSDT BELUSDT BERAUSDT BIDUSDT BIGTIMEUSDT BIOUSDT BLESSUSDT BLUAIUSDT BLURUSDT BMTUSDT BNBUSDT BOBUSDT BOMEUSDT BRETTUSDT BROCCOLI714USDT BROCCOLIF3BUSDT BRUSDT BTCUSDT BULLAUSDT BUSDT C98USDT CAKEUSDT CARVUSDT CCUSDT CELOUSDT CFXUSDT CHESSUSDT CHILLGUYUSDT CHZUSDT CKBUSDT CLANKERUSDT CLOUSDT COAIUSDT COMMONUSDT COMPUSDT COOKIEUSDT COTIUSDT COWUSDT CROSSUSDT CRVUSDT CUDISUSDT CUSDT CVCUSDT CVXUSDT CYBERUSDT DAMUSDT DASHUSDT DEEPUSDT DENTUSDT DEXEUSDT DODOXUSDT DOGEUSDT DOGSUSDT DOLOUSDT DOODUSDT DOTUSDT DRIFTUSDT DUSDT DUSKUSDT DYDXUSDT DYMUSDT EDENUSDT EDUUSDT EGLDUSDT EIGENUSDT ENAUSDT ENJUSDT ENSOUSDT ENSUSDT EPICUSDT EPTUSDT ERAUSDT ESPORTSUSDT ETCUSDT ETHFIUSDT ETHUSDT EULUSDT EVAAUSDT FARTCOINUSDT FETUSDT FFUSDT FHEUSDT FIDAUSDT FILUSDT FLOCKUSDT FLOWUSDT FLUIDUSDT FLUXUSDT FOLKSUSDT FORMUSDT FUNUSDT FUSDT FXSUSDT GALAUSDT GASUSDT GHSTUSDT GIGGLEUSDT GLMUSDT GMTUSDT GOATUSDT GPSUSDT GRASSUSDT GRIFFAINUSDT GRTUSDT GTCUSDT GUNUSDT GUSDT HAEDALUSDT HANAUSDT HBARUSDT HEIUSDT HEMIUSDT HFTUSDT HIGHUSDT HIPPOUSDT HIVEUSDT HMSTRUSDT HOLOUSDT HOMEUSDT HOOKUSDT HOTUSDT HUMAUSDT HUSDT HYPERUSDT HYPEUSDT ICNTUSDT ICPUSDT ICXUSDT IDUSDT IMXUSDT INITUSDT INJUSDT INUSDT IOSTUSDT IOTAUSDT IOUSDT IPUSDT IRYSUSDT JASMYUSDT JCTUSDT JELLYJELLYUSDT JSTUSDT JTOUSDT JUPUSDT KAIAUSDT KAITOUSDT KASUSDT KAVAUSDT KERNELUSDT KGENUSDT KITEUSDT KMNOUSDT KSMUSDT LABUSDT LAUSDT LAYERUSDT LDOUSDT LIGHTUSDT LINEAUSDT LINKUSDT LISTAUSDT LPTUSDT LQTYUSDT LRCUSDT LSKUSDT LTCUSDT LUMIAUSDT LUNA2USDT LYNUSDT MAGICUSDT MANAUSDT MANTAUSDT MASKUSDT MAVIAUSDT MAVUSDT MELANIAUSDT MEMEUSDT MERLUSDT METISUSDT METUSDT MEUSDT MEWUSDT MINAUSDT MIRAUSDT MITOUSDT MLNUSDT MMTUSDT MOCAUSDT MONUSDT MOODENGUSDT MORPHOUSDT MOVEUSDT MOVRUSDT MTLUSDT MUBARAKUSDT MUSDT MYXUSDT NAORISUSDT NEARUSDT NEIROUSDT NEOUSDT NEWTUSDT NILUSDT NMRUSDT NOMUSDT NOTUSDT NTRNUSDT NXPCUSDT OGNUSDT OGUSDT OLUSDT OMUSDT ONDOUSDT ONEUSDT ONTUSDT ONUSDT OPENUSDT OPUSDT ORCAUSDT ORDERUSDT ORDIUSDT PARTIUSDT PENDLEUSDT PENGUUSDT PEOPLEUSDT PHAUSDT PIEVERSEUSDT PIPPINUSDT PIXELUSDT PLAYUSDT PLUMEUSDT PNUTUSDT POLUSDT POLYXUSDT POPCATUSDT PORTALUSDT POWRUSDT PROMPTUSDT PROMUSDT PROVEUSDT PTBUSDT PUFFERUSDT PUMPBTCUSDT PUMPUSDT PYTHUSDT QNTUSDT QTUMUSDT QUSDT RAREUSDT RAYSOLUSDT RDNTUSDT RECALLUSDT REDUSDT RENDERUSDT RESOLVUSDT REZUSDT RIVERUSDT RLCUSDT RONINUSDT ROSEUSDT RSRUSDT RUNEUSDT RVNUSDT RVVUSDT SAGAUSDT SAHARAUSDT SANDUSDT SANTOSUSDT SAPIENUSDT SCRUSDT SEIUSDT SENTUSDT SHELLUSDT SIGNUSDT SKLUSDT SKYAIUSDT SKYUSDT SNXUSDT SOLUSDT SOLVUSDT SOMIUSDT SOONUSDT SOPHUSDT SPELLUSDT SPKUSDT SPXUSDT SQDUSDT SSVUSDT STABLEUSDT STBLUSDT STGUSDT STORJUSDT STOUSDT STRKUSDT STXUSDT SUIUSDT SUNUSDT SUPERUSDT SUSDT SUSHIUSDT SWARMSUSDT SXTUSDT SYNUSDT SYRUPUSDT TACUSDT TAGUSDT TAIKOUSDT TAKEUSDT TANSSIUSDT TAOUSDT TAUSDT THETAUSDT THEUSDT TIAUSDT TLMUSDT TNSRUSDT TONUSDT TOSHIUSDT TOWNSUSDT TRADOORUSDT TRBUSDT TREEUSDT TRUMPUSDT TRUSTUSDT TRUTHUSDT TRUUSDT TRXUSDT TSTUSDT TURBOUSDT TURTLEUSDT TUSDT TUTUSDT TWTUSDT UAIUSDT UBUSDT UMAUSDT UNIUSDT USELESSUSDT USTCUSDT USUALUSDT VANAUSDT VANRYUSDT VELVETUSDT VETUSDT VFYUSDT VINEUSDT VIRTUALUSDT VTHOUSDT VVVUSDT WALUSDT WCTUSDT WIFUSDT WLDUSDT WLFIUSDT WOOUSDT WUSDT XAIUSDT XANUSDT XLMUSDT XMRUSDT XNYUSDT XPINUSDT XPLUSDT XRPUSDT XTZUSDT XVGUSDT XVSUSDT YALAUSDT YBUSDT YFIUSDT YGGUSDT ZBTUSDT ZECUSDT ZENUSDT ZEREBROUSDT ZILUSDT ZKCUSDT ZKUSDT ZORAUSDT ZRCUSDT ZROUSDT ZRXUSDT
2026-01-24,520,460,20,BTCUSDT ETHUSDT SOLUSDT ZECUSDT XRPUSDT PIPPINUSDT DOGEUSDT BEATUSDT BNBUSDT SUIUSDT HYPEUSDT LIGHTUSDT 1000PEPEUSDT ADAUSDT ASTERUSDT FOLKSUSDT BCHUSDT 1000LUNCUSDT LUNA2USDT LINKUSDT,0GUSDT 1000000MOGUSDT 1000BONKUSDT 1000CATUSDT 1000CHEEMSUSDT 1000FLOKIUSDT 1000LUNCUSDT 1000PEPEUSDT 1000RATSUSDT 1000SATSUSDT 1000SHIBUSDT 1INCHUSDT 1MBABYDOGEUSDT 2ZUSDT 42USDT 4USDT A2ZUSDT AAVEUSDT ACEUSDT ACHUSDT ACTUSDT ADAUSDT AERGOUSDT AEROUSDT AEVOUSDT AGLDUSDT AGTUSDT AINUSDT AIOTUSDT AIOUSDT AIXBTUSDT AKEUSDT ALCHUSDT ALGOUSDT ALICEUSDT ALLOUSDT ALPINEUSDT ALTUSDT ANIMEUSDT ANKRUSDT APEUSDT API3USDT APRUSDT APTUSDT ARBUSDT ARCUSDT ARIAUSDT ARKMUSDT ARKUSDT ARUSDT ASRUSDT ASTERUSDT ATAUSDT ATHUSDT ATOMUSDT ATUSDT AUCTIONUSDT AUSDT AVAAIUSDT AVAXUSDT AVNTUSDT AWEUSDT AXLUSDT AXSUSDT B2USDT BABYUSDT BANANAS31USDT BANANAUSDT BANDUSDT BANKUSDT BANUSDT BARDUSDT BASUSDT BATUSDT BBUSDT BCHUSDT BDXNUSDT BEAMXUSDT BEATUSDT BELUSDT BERAUSDT BIDUSDT BIGTIMEUSDT BIOUSDT BLESSUSDT BLUAIUSDT BLURUSDT BMTUSDT BNBUSDT BOBUSDT BOMEUSDT BRETTUSDT BROCCOLI714USDT BROCCOLIF3BUSDT BRUSDT BTCUSDT BULLAUSDT BUSDT C98USDT CAKEUSDT CARVUSDT CCUSDT CELOUSDT CFXUSDT CHESSUSDT CHILLGUYUSDT CHZUSDT CKBUSDT CLANKERUSDT CLOUSDT COAIUSDT COMMONUSDT COMPUSDT COOKIEUSDT COTIUSDT COWUSDT CROSSUSDT CRVUSDT CUDISUSDT CUSDT CVCUSDT CVXUSDT CYBERUSDT DAMUSDT DASHUSDT DEEPUSDT DENTUSDT DEXEUSDT DODOXUSDT DOGEUSDT DOGSUSDT DOLOUSDT DOODUSDT DOTUSDT DRIFTUSDT DUSDT DUSKUSDT DYDXUSDT DYMUSDT EDENUSDT EDUUSDT EGLDUSDT EIGENUSDT ENAUSDT ENJUSDT ENSOUSDT ENSUSDT EPICUSDT EPTUSDT ERAUSDT ESPORTSUSDT ETCUSDT ETHFIUSDT ETHUSDT EULUSDT EVAAUSDT FARTCOINUSDT FETUSDT FFUSDT FHEUSDT FIDAUSDT FILUSDT FLOCKUSDT FLOWUSDT FLUIDUSDT FLUXUSDT FOLKSUSDT FORMUSDT FUNUSDT FUSDT FXSUSDT GALAUSDT GASUSDT GHSTUSDT GIGGLEUSDT GLMUSDT GMTUSDT GOATUSDT GPSUSDT GRASSUSDT GRIFFAINUSDT GRTUSDT GTCUSDT GUNUSDT GUSDT HAEDALUSDT HANAUSDT HBARUSDT HEIUSDT HEMIUSDT HFTUSDT HIGHUSDT HIPPOUSDT HIVEUSDT HMSTRUSDT HOLOUSDT HOMEUSDT HOOKUSDT HOTUSDT HUMAUSDT HUSDT HYPERUSDT HYPEUSDT ICNTUSDT ICPUSDT ICXUSDT IDUSDT IMXUSDT INITUSDT INJUSDT INUSDT IOSTUSDT IOTAUSDT IOUSDT IPUSDT IRYSUSDT JASMYUSDT JCTUSDT JELLYJELLYUSDT JSTUSDT JTOUSDT JUPUSDT KAIAUSDT KAITOUSDT KASUSDT KAVAUSDT KERNELUSDT KGENUSDT KITEUSDT KMNOUSDT KSMUSDT LABUSDT LAUSDT LAYERUSDT LDOUSDT LIGHTUSDT LINEAUSDT LINKUSDT LISTAUSDT LPTUSDT LQTYUSDT LRCUSDT LSKUSDT LTCUSDT LUMIAUSDT LUNA2USDT LYNUSDT MAGICUSDT MANAUSDT MANTAUSDT MASKUSDT MAVIAUSDT MAVUSDT MELANIAUSDT MEMEUSDT MERLUSDT METISUSDT METUSDT MEUSDT MEWUSDT MINAUSDT MIRAUSDT MITOUSDT MLNUSDT MMTUSDT MOCAUSDT MONUSDT MOODENGUSDT MORPHOUSDT MOVEUSDT MOVRUSDT MTLUSDT MUBARAKUSDT MUSDT MYXUSDT NAORISUSDT NEARUSDT NEIROUSDT NEOUSDT NEWTUSDT NILUSDT NMRUSDT NOMUSDT NOTUSDT NTRNUSDT NXPCUSDT OGNUSDT OGUSDT OLUSDT OMUSDT ONDOUSDT ONEUSDT ONTUSDT ONUSDT OPENUSDT OPUSDT ORCAUSDT ORDERUSDT ORDIUSDT PARTIUSDT PENDLEUSDT PENGUUSDT PEOPLEUSDT PHAUSDT PIEVERSEUSDT PIPPINUSDT PIXELUSDT PLAYUSDT PLUMEUSDT PNUTUSDT POLUSDT POLYXUSDT POPCATUSDT PORTALUSDT POWRUSDT PROMPTUSDT PROMUSDT PROVEUSDT PTBUSDT PUFFERUSDT PUMPBTCUSDT PUMPUSDT PYTHUSDT QNTUSDT QTUMUSDT QUSDT RAREUSDT RAYSOLUSDT RDNTUSDT RECALLUSDT REDUSDT RENDERUSDT RESOLVUSDT REZUSDT RIVERUSDT RLCUSDT RONINUSDT ROSEUSDT RSRUSDT RUNEUSDT RVNUSDT RVVUSDT SAGAUSDT SAHARAUSDT SANDUSDT SANTOSUSDT SAPIENUSDT SCRUSDT SEIUSDT SENTUSDT SHELLUSDT SIGNUSDT SKLUSDT SKYAIUSDT SKYUSDT SNXUSDT SOLUSDT SOLVUSDT SOMIUSDT SOONUSDT SOPHUSDT SPELLUSDT SPKUSDT SPXUSDT SQDUSDT SSVUSDT STABLEUSDT STBLUSDT STGUSDT STORJUSDT STOUSDT STRKUSDT STXUSDT SUIUSDT SUNUSDT SUPERUSDT SUSDT SUSHIUSDT SWARMSUSDT SXTUSDT SYNUSDT SYRUPUSDT TACUSDT TAGUSDT TAIKOUSDT TAKEUSDT TANSSIUSDT TAOUSDT TAUSDT THETAUSDT THEUSDT TIAUSDT TLMUSDT TNSRUSDT TONUSDT TOSHIUSDT TOWNSUSDT TRADOORUSDT TRBUSDT TREEUSDT TRUMPUSDT TRUSTUSDT TRUTHUSDT TRUUSDT TRXUSDT TSTUSDT TURBOUSDT TURTLEUSDT TUSDT TUTUSDT TWTUSDT UAIUSDT UBUSDT UMAUSDT UNIUSDT USELESSUSDT USTCUSDT USUALUSDT VANAUSDT VANRYUSDT VELVETUSDT VETUSDT VFYUSDT VINEUSDT VIRTUALUSDT VTHOUSDT VVVUSDT WALUSDT WCTUSDT WIFUSDT WLDUSDT WLFIUSDT WOOUSDT WUSDT XAIUSDT XANUSDT XLMUSDT XMRUSDT XNYUSDT XPINUSDT XPLUSDT XRPUSDT XTZUSDT XVGUSDT XVSUSDT YALAUSDT YBUSDT YFIUSDT YGGUSDT ZBTUSDT ZECUSDT ZENUSDT ZEREBROUSDT ZILUSDT ZKCUSDT ZKUSDT ZORAUSDT ZRCUSDT ZROUSDT ZRXUSDT
2026-01-31,520,460,20,BTCUSDT ETHUSDT SOLUSDT ZECUSDT XRPUSDT PIPPINUSDT DOGEUSDT BEATUSDT BNBUSDT SUIUSDT HYPEUSDT LIGHTUSDT 1000PEPEUSDT ADAUSDT ASTERUSDT FOLKSUSDT BCHUSDT 1000LUNCUSDT LUNA2USDT LINKUSDT,0GUSDT 1000000MOGUSDT 1000BONKUSDT 1000CATUSDT 1000CHEEMSUSDT 1000FLOKIUSDT 1000LUNCUSDT 1000PEPEUSDT 1000RATSUSDT 1000SATSUSDT 1000SHIBUSDT 1INCHUSDT 1MBABYDOGEUSDT 2ZUSDT 42USDT 4USDT A2ZUSDT AAVEUSDT ACEUSDT ACHUSDT ACTUSDT ADAUSDT AERGOUSDT AEROUSDT AEVOUSDT AGLDUSDT AGTUSDT AINUSDT AIOTUSDT AIOUSDT AIXBTUSDT AKEUSDT ALCHUSDT ALGOUSDT ALICEUSDT ALLOUSDT ALPINEUSDT ALTUSDT ANIMEUSDT ANKRUSDT APEUSDT API3USDT APRUSDT APTUSDT ARBUSDT ARCUSDT ARIAUSDT ARKMUSDT ARKUSDT ARUSDT ASRUSDT ASTERUSDT ATAUSDT ATHUSDT ATOMUSDT ATUSDT AUCTIONUSDT AUSDT AVAAIUSDT AVAXUSDT AVNTUSDT AWEUSDT AXLUSDT AXSUSDT B2USDT BABYUSDT BANANAS31USDT BANANAUSDT BANDUSDT BANKUSDT BANUSDT BARDUSDT BASUSDT BATUSDT BBUSDT BCHUSDT BDXNUSDT BEAMXUSDT BEATUSDT BELUSDT BERAUSDT BIDUSDT BIGTIMEUSDT BIOUSDT BLESSUSDT BLUAIUSDT BLURUSDT BMTUSDT BNBUSDT BOBUSDT BOMEUSDT BRETTUSDT BROCCOLI714USDT BROCCOLIF3BUSDT BRUSDT BTCUSDT BULLAUSDT BUSDT C98USDT CAKEUSDT CARVUSDT CCUSDT CELOUSDT CFXUSDT CHESSUSDT CHILLGUYUSDT CHZUSDT CKBUSDT CLANKERUSDT CLOUSDT COAIUSDT COMMONUSDT COMPUSDT COOKIEUSDT COTIUSDT COWUSDT CROSSUSDT CRVUSDT CUDISUSDT CUSDT CVCUSDT CVXUSDT CYBERUSDT DAMUSDT DASHUSDT DEEPUSDT DENTUSDT DEXEUSDT DODOXUSDT DOGEUSDT DOGSUSDT DOLOUSDT DOODUSDT DOTUSDT DRIFTUSDT DUSDT DUSKUSDT DYDXUSDT DYMUSDT EDENUSDT EDUUSDT EGLDUSDT EIGENUSDT ENAUSDT ENJUSDT ENSOUSDT ENSUSDT EPICUSDT EPTUSDT ERAUSDT ESPORTSUSDT ETCUSDT ETHFIUSDT ETHUSDT EULUSDT EVAAUSDT FARTCOINUSDT FETUSDT FFUSDT FHEUSDT FIDAUSDT FILUSDT FLOCKUSDT FLOWUSDT FLUIDUSDT FLUXUSDT FOLKSUSDT FORMUSDT FUNUSDT FUSDT FXSUSDT GALAUSDT GASUSDT GHSTUSDT GIGGLEUSDT GLMUSDT GMTUSDT GOATUSDT GPSUSDT GRASSUSDT GRIFFAINUSDT GRTUSDT GTCUSDT GUNUSDT GUSDT HAEDALUSDT HANAUSDT HBARUSDT HEIUSDT HEMIUSDT HFTUSDT HIGHUSDT HIPPOUSDT HIVEUSDT HMSTRUSDT HOLOUSDT HOMEUSDT HOOKUSDT HOTUSDT HUMAUSDT HUSDT HYPERUSDT HYPEUSDT ICNTUSDT ICPUSDT ICXUSDT IDUSDT IMXUSDT INITUSDT INJUSDT INUSDT IOSTUSDT IOTAUSDT IOUSDT IPUSDT IRYSUSDT JASMYUSDT JCTUSDT JELLYJELLYUSDT JSTUSDT JTOUSDT JUPUSDT KAIAUSDT KAITOUSDT KASUSDT KAVAUSDT KERNELUSDT KGENUSDT KITEUSDT KMNOUSDT KSMUSDT LABUSDT LAUSDT LAYERUSDT LDOUSDT LIGHTUSDT LINEAUSDT LINKUSDT LISTAUSDT LPTUSDT LQTYUSDT LRCUSDT LSKUSDT LTCUSDT LUMIAUSDT LUNA2USDT LYNUSDT MAGICUSDT MANAUSDT MANTAUSDT MASKUSDT MAVIAUSDT MAVUSDT MELANIAUSDT MEMEUSDT MERLUSDT METISUSDT METUSDT MEUSDT MEWUSDT MINAUSDT MIRAUSDT MITOUSDT MLNUSDT MMTUSDT MOCAUSDT MONUSDT MOODENGUSDT MORPHOUSDT MOVEUSDT MOVRUSDT MTLUSDT MUBARAKUSDT MUSDT MYXUSDT NAORISUSDT NEARUSDT NEIROUSDT NEOUSDT NEWTUSDT NILUSDT NMRUSDT NOMUSDT NOTUSDT NTRNUSDT NXPCUSDT OGNUSDT OGUSDT OLUSDT OMUSDT ONDOUSDT ONEUSDT ONTUSDT ONUSDT OPENUSDT OPUSDT ORCAUSDT ORDERUSDT ORDIUSDT PARTIUSDT PENDLEUSDT PENGUUSDT PEOPLEUSDT PHAUSDT PIEVERSEUSDT PIPPINUSDT PIXELUSDT PLAYUSDT PLUMEUSDT PNUTUSDT POLUSDT POLYXUSDT POPCATUSDT PORTALUSDT POWRUSDT PROMPTUSDT PROMUSDT PROVEUSDT PTBUSDT PUFFERUSDT PUMPBTCUSDT PUMPUSDT PYTHUSDT QNTUSDT QTUMUSDT QUSDT RAREUSDT RAYSOLUSDT RDNTUSDT RECALLUSDT REDUSDT RENDERUSDT RESOLVUSDT REZUSDT RIVERUSDT RLCUSDT RONINUSDT ROSEUSDT RSRUSDT RUNEUSDT RVNUSDT RVVUSDT SAGAUSDT SAHARAUSDT SANDUSDT SANTOSUSDT SAPIENUSDT SCRUSDT SEIUSDT SENTUSDT SHELLUSDT SIGNUSDT SKLUSDT SKYAIUSDT SKYUSDT SNXUSDT SOLUSDT SOLVUSDT SOMIUSDT SOONUSDT SOPHUSDT SPELLUSDT SPKUSDT SPXUSDT SQDUSDT SSVUSDT STABLEUSDT STBLUSDT STGUSDT STORJUSDT STOUSDT STRKUSDT STXUSDT SUIUSDT SUNUSDT SUPERUSDT SUSDT SUSHIUSDT SWARMSUSDT SXTUSDT SYNUSDT SYRUPUSDT TACUSDT TAGUSDT TAIKOUSDT TAKEUSDT TANSSIUSDT TAOUSDT TAUSDT THETAUSDT THEUSDT TIAUSDT TLMUSDT TNSRUSDT TONUSDT TOSHIUSDT TOWNSUSDT TRADOORUSDT TRBUSDT TREEUSDT TRUMPUSDT TRUSTUSDT TRUTHUSDT TRUUSDT TRXUSDT TSTUSDT TURBOUSDT TURTLEUSDT TUSDT TUTUSDT TWTUSDT UAIUSDT UBUSDT UMAUSDT UNIUSDT USELESSUSDT USTCUSDT USUALUSDT VANAUSDT VANRYUSDT VELVETUSDT VETUSDT VFYUSDT VINEUSDT VIRTUALUSDT VTHOUSDT VVVUSDT WALUSDT WCTUSDT WIFUSDT WLDUSDT WLFIUSDT WOOUSDT WUSDT XAIUSDT XANUSDT XLMUSDT XMRUSDT XNYUSDT XPINUSDT XPLUSDT XRPUSDT XTZUSDT XVGUSDT XVSUSDT YALAUSDT YBUSDT YFIUSDT YGGUSDT ZBTUSDT ZECUSDT ZENUSDT ZEREBROUSDT ZILUSDT ZKCUSDT ZKUSDT ZORAUSDT ZRCUSDT ZROUSDT ZRXUSDT
2026-02-07,525,466,20,BTCUSDT ETHUSDT SOLUSDT XRPUSDT RIVERUSDT ZECUSDT DOGEUSDT 1000PEPEUSDT BNBUSDT HYPEUSDT SUIUSDT DASHUSDT AXSUSDT ADAUSDT BCHUSDT PUMPUSDT PIPPINUSDT XMRUSDT IPUSDT LINKUSDT,0GUSDT 1000000MOGUSDT 1000BONKUSDT 1000CATUSDT 1000CHEEMSUSDT 1000FLOKIUSDT 1000LUNCUSDT 1000PEPEUSDT 1000RATSUSDT 1000SATSUSDT 1000SHIBUSDT 1000WHYUSDT 1000XECUSDT 1INCHUSDT 1MBABYDOGEUSDT 2ZUSDT 4USDT A2ZUSDT AAVEUSDT ACEUSDT ACHUSDT ACTUSDT ADAUSDT AERGOUSDT AEROUSDT AEVOUSDT AGLDUSDT AINUSDT AIOTUSDT AIOUSDT AIUSDT AIXBTUSDT AKEUSDT AKTUSDT ALCHUSDT ALGOUSDT ALICEUSDT ALLOUSDT ALTUSDT ANIMEUSDT ANKRUSDT APEUSDT API3USDT APRUSDT APTUSDT ARBUSDT ARCUSDT ARIAUSDT ARKMUSDT ARPAUSDT ARUSDT ASRUSDT ASTERUSDT ASTRUSDT ATHUSDT ATOMUSDT ATUSDT AUCTIONUSDT AUSDT AVAAIUSDT AVAXUSDT AVNTUSDT AXLUSDT AXSUSDT B2USDT BABYUSDT BANANAS31USDT BANANAUSDT BANDUSDT BANKUSDT BANUSDT BARDUSDT BASUSDT BATUSDT BBUSDT BCHUSDT BDXNUSDT BEAMXUSDT BEATUSDT BELUSDT BERAUSDT BIGTIMEUSDT BIOUSDT BLESSUSDT BLUAIUSDT BLURUSDT BNBUSDT BOBUSDT BOMEUSDT BRETTUSDT BREVUSDT BROCCOLI714USDT BSVUSDT BTCUSDT BTRUSDT BULLAUSDT BUSDT C98USDT CAKEUSDT CATIUSDT CCUSDT CELOUSDT CETUSUSDT CFXUSDT CGPTUSDT CHILLGUYUSDT CHRUSDT CHZUSDT CKBUSDT CLANKERUSDT CLOUSDT COAIUSDT COLLECTUSDT COMPUSDT COOKIEUSDT COSUSDT COTIUSDT COWUSDT CRVUSDT CUSDT CVCUSDT CVXUSDT CYBERUSDT CYSUSDT DASHUSDT DEEPUSDT DEGENUSDT DENTUSDT DEXEUSDT DODOXUSDT DOGEUSDT DOGSUSDT DOLOUSDT DOODUSDT DOTUSDT DRIFTUSDT DUSDT DUSKUSDT DYDXUSDT DYMUSDT EDENUSDT EDUUSDT EGLDUSDT EIGENUSDT ENAUSDT ENJUSDT ENSOUSDT ENSUSDT EPICUSDT ERAUSDT ESPORTSUSDT ETCUSDT ETHFIUSDT ETHUSDT EULUSDT EVAAUSDT FARTCOINUSDT FETUSDT FFUSDT FHEUSDT FIDAUSDT FILUSDT FLOCKUSDT FLOWUSDT FLUIDUSDT FOLKSUSDT FORMUSDT FUNUSDT FUSDT GALAUSDT GASUSDT GIGGLEUSDT GLMUSDT GMTUSDT GMXUSDT GOATUSDT GPSUSDT GRASSUSDT GRIFFAINUSDT GRTUSDT GTCUSDT GUAUSDT GUNUSDT GUSDT HAEDALUSDT HANAUSDT HBARUSDT HEIUSDT HEMIUSDT HFTUSDT HIGHUSDT HIPPOUSDT HIVEUSDT HMSTRUSDT HOLOUSDT HOMEUSDT HOTUSDT HUMAUSDT HUSDT HYPERUSDT HYPEUSDT ICNTUSDT ICPUSDT ICXUSDT IDUSDT ILVUSDT IMXUSDT INITUSDT INJUSDT INUSDT IOSTUSDT IOTAUSDT IOUSDT IPUSDT IRUSDT IRYSUSDT JASMYUSDT JCTUSDT JELLYJELLYUSDT JSTUSDT JTOUSDT JUPUSDT KAIAUSDT KAITOUSDT KASUSDT KAVAUSDT KERNELUSDT KGENUSDT KITEUSDT KMNOUSDT KSMUSDT LABUSDT LAUSDT LAYERUSDT LDOUSDT LIGHTUSDT LINEAUSDT LINKUSDT LISTAUSDT LITUSDT LPTUSDT LQTYUSDT LRCUSDT LSKUSDT LTCUSDT LUMIAUSDT LUNA2USDT LYNUSDT MAGICUSDT MAGMAUSDT MANAUSDT MANTAUSDT MASKUSDT MAVIAUSDT MAVUSDT MELANIAUSDT MEMEUSDT MERLUSDT METISUSDT METUSDT MEUSDT MEWUSDT MINAUSDT MIRAUSDT MITOUSDT MMTUSDT MOCAUSDT MONUSDT MOODENGUSDT MORPHOUSDT MOVEUSDT MTLUSDT MUBARAKUSDT MUSDT MYXUSDT NAORISUSDT NEARUSDT NEIROUSDT NEOUSDT NEWTUSDT NIGHTUSDT NILUSDT NMRUSDT NOMUSDT NOTUSDT NTRNUSDT NXPCUSDT OGUSDT OMUSDT ONDOUSDT ONEUSDT ONGUSDT ONTUSDT OPENUSDT OPUSDT ORCAUSDT ORDERUSDT ORDIUSDT OXTUSDT PARTIUSDT PENDLEUSDT PENGUUSDT PEOPLEUSDT PHAUSDT PHBUSDT PIEVERSEUSDT PIPPINUSDT PIXELUSDT PLAYUSDT PLUMEUSDT PNUTUSDT POLUSDT POLYXUSDT POPCATUSDT PORTALUSDT POWERUSDT POWRUSDT PROMPTUSDT PROMUSDT PROVEUSDT PTBUSDT PUMPUSDT PYTHUSDT QNTUSDT QTUMUSDT QUSDT RAREUSDT RAVEUSDT RAYSOLUSDT RDNTUSDT RECALLUSDT REDUSDT RENDERUSDT RESOLVUSDT REZUSDT RIVERUSDT RLCUSDT RLSUSDT RONINUSDT ROSEUSDT RPLUSDT RSRUSDT RUNEUSDT RVNUSDT RVVUSDT SAFEUSDT SAGAUSDT SAHARAUSDT SANDUSDT SANTOSUSDT SAPIENUSDT SCRTUSDT SCRUSDT SEIUSDT SENTUSDT SHELLUSDT SIGNUSDT SKLUSDT SKYAIUSDT SKYUSDT SLPUSDT SNXUSDT SOLUSDT SOLVUSDT SOMIUSDT SONICUSDT SOONUSDT SOPHUSDT SPELLUSDT SPKUSDT SPXUSDT SQDUSDT SSVUSDT STABLEUSDT STBLUSDT STGUSDT STORJUSDT STOUSDT STRKUSDT STXUSDT SUIUSDT SUNUSDT SUPERUSDT SUSDT SUSHIUSDT SWARMSUSDT SXTUSDT SYNUSDT SYRUPUSDT TAIKOUSDT TAKEUSDT TAOUSDT TAUSDT THETAUSDT THEUSDT TIAUSDT TLMUSDT TNSRUSDT TONUSDT TOSHIUSDT TOWNSUSDT TRADOORUSDT TRBUSDT TREEUSDT TRUMPUSDT TRUSTUSDT TRUTHUSDT TRUUSDT TRXUSDT TSTUSDT TURBOUSDT TURTLEUSDT TUSDT TUTUSDT TWTUSDT UAIUSDT UBUSDT UMAUSDT UNIUSDT USELESSUSDT USTCUSDT USUALUSDT USUSDT VANAUSDT VANRYUSDT VETUSDT VICUSDT VINEUSDT VIRTUALUSDT VVVUSDT WALUSDT WAXPUSDT WCTUSDT WETUSDT WIFUSDT WLDUSDT WLFIUSDT WOOUSDT WUSDT XAIUSDT XANUSDT XLMUSDT XMRUSDT XNYUSDT XPINUSDT XPLUSDT XRPUSDT XTZUSDT XVGUSDT XVSUSDT YALAUSDT YBUSDT YFIUSDT YGGUSDT ZBTUSDT ZECUSDT ZENUSDT ZEREBROUSDT ZETAUSDT ZILUSDT ZKCUSDT ZKPUSDT ZKUSDT ZORAUSDT ZROUSDT ZRXUSDT
2026-02-14,525,466,20,BTCUSDT ETHUSDT SOLUSDT XRPUSDT RIVERUSDT ZECUSDT DOGEUSDT 1000PEPEUSDT BNBUSDT HYPEUSDT SUIUSDT DASHUSDT AXSUSDT ADAUSDT BCHUSDT PUMPUSDT PIPPINUSDT XMRUSDT IPUSDT LINKUSDT,0GUSDT 1000000MOGUSDT 1000BONKUSDT 1000CATUSDT 1000CHEEMSUSDT 1000FLOKIUSDT 1000LUNCUSDT 1000PEPEUSDT 1000RATSUSDT 1000SATSUSDT 1000SHIBUSDT 1000WHYUSDT 1000XECUSDT 1INCHUSDT 1MBABYDOGEUSDT 2ZUSDT 4USDT A2ZUSDT AAVEUSDT ACEUSDT ACHUSDT ACTUSDT ADAUSDT AERGOUSDT AEROUSDT AEVOUSDT AGLDUSDT AINUSDT AIOTUSDT AIOUSDT AIUSDT AIXBTUSDT AKEUSDT AKTUSDT ALCHUSDT ALGOUSDT ALICEUSDT ALLOUSDT ALTUSDT ANIMEUSDT ANKRUSDT APEUSDT API3USDT APRUSDT APTUSDT ARBUSDT ARCUSDT ARIAUSDT ARKMUSDT ARPAUSDT ARUSDT ASRUSDT ASTERUSDT ASTRUSDT ATHUSDT ATOMUSDT ATUSDT AUCTIONUSDT AUSDT AVAAIUSDT AVAXUSDT AVNTUSDT AXLUSDT AXSUSDT B2USDT BABYUSDT BANANAS31USDT BANANAUSDT BANDUSDT BANKUSDT BANUSDT BARDUSDT BASUSDT BATUSDT BBUSDT BCHUSDT BDXNUSDT BEAMXUSDT BEATUSDT BELUSDT BERAUSDT BIGTIMEUSDT BIOUSDT BLESSUSDT BLUAIUSDT BLURUSDT BNBUSDT BOBUSDT BOMEUSDT BRETTUSDT BREVUSDT BROCCOLI714USDT BSVUSDT BTCUSDT BTRUSDT BULLAUSDT BUSDT C98USDT CAKEUSDT CATIUSDT CCUSDT CELOUSDT CETUSUSDT CFXUSDT CGPTUSDT CHILLGUYUSDT CHRUSDT CHZUSDT CKBUSDT CLANKERUSDT CLOUSDT COAIUSDT COLLECTUSDT COMPUSDT COOKIEUSDT COSUSDT COTIUSDT COWUSDT CRVUSDT CUSDT CVCUSDT CVXUSDT CYBERUSDT CYSUSDT DASHUSDT DEEPUSDT DEGENUSDT DENTUSDT DEXEUSDT DODOXUSDT DOGEUSDT DOGSUSDT DOLOUSDT DOODUSDT DOTUSDT DRIFTUSDT DUSDT DUSKUSDT DYDXUSDT DYMUSDT EDENUSDT EDUUSDT EGLDUSDT EIGENUSDT ENAUSDT ENJUSDT ENSOUSDT ENSUSDT EPICUSDT ERAUSDT ESPORTSUSDT ETCUSDT ETHFIUSDT ETHUSDT EULUSDT EVAAUSDT FARTCOINUSDT FETUSDT FFUSDT FHEUSDT FIDAUSDT FILUSDT FLOCKUSDT FLOWUSDT FLUIDUSDT FOLKSUSDT FORMUSDT FUNUSDT FUSDT GALAUSDT GASUSDT GIGGLEUSDT GLMUSDT GMTUSDT GMXUSDT GOATUSDT GPSUSDT GRASSUSDT GRIFFAINUSDT GRTUSDT GTCUSDT GUAUSDT GUNUSDT GUSDT HAEDALUSDT HANAUSDT HBARUSDT HEIUSDT HEMIUSDT HFTUSDT HIGHUSDT HIPPOUSDT HIVEUSDT HMSTRUSDT HOLOUSDT HOMEUSDT HOTUSDT HUMAUSDT HUSDT HYPERUSDT HYPEUSDT ICNTUSDT ICPUSDT ICXUSDT IDUSDT ILVUSDT IMXUSDT INITUSDT INJUSDT INUSDT IOSTUSDT IOTAUSDT IOUSDT IPUSDT IRUSDT IRYSUSDT JASMYUSDT JCTUSDT JELLYJELLYUSDT JSTUSDT JTOUSDT JUPUSDT KAIAUSDT KAITOUSDT KASUSDT KAVAUSDT KERNELUSDT KGENUSDT KITEUSDT KMNOUSDT KSMUSDT LABUSDT LAUSDT LAYERUSDT LDOUSDT LIGHTUSDT LINEAUSDT LINKUSDT LISTAUSDT LITUSDT LPTUSDT LQTYUSDT LRCUSDT LSKUSDT LTCUSDT LUMIAUSDT LUNA2USDT LYNUSDT MAGICUSDT MAGMAUSDT MANAUSDT MANTAUSDT MASKUSDT MAVIAUSDT MAVUSDT MELANIAUSDT MEMEUSDT MERLUSDT METISUSDT METUSDT MEUSDT MEWUSDT MINAUSDT MIRAUSDT MITOUSDT MMTUSDT MOCAUSDT MONUSDT MOODENGUSDT MORPHOUSDT MOVEUSDT MTLUSDT MUBARAKUSDT MUSDT MYXUSDT NAORISUSDT NEARUSDT NEIROUSDT NEOUSDT NEWTUSDT NIGHTUSDT NILUSDT NMRUSDT NOMUSDT NOTUSDT NTRNUSDT NXPCUSDT OGUSDT OMUSDT ONDOUSDT ONEUSDT ONGUSDT ONTUSDT OPENUSDT OPUSDT ORCAUSDT ORDERUSDT ORDIUSDT OXTUSDT PARTIUSDT PENDLEUSDT PENGUUSDT PEOPLEUSDT PHAUSDT PHBUSDT PIEVERSEUSDT PIPPINUSDT PIXELUSDT PLAYUSDT PLUMEUSDT PNUTUSDT POLUSDT POLYXUSDT POPCATUSDT PORTALUSDT POWERUSDT POWRUSDT PROMPTUSDT PROMUSDT PROVEUSDT PTBUSDT PUMPUSDT PYTHUSDT QNTUSDT QTUMUSDT QUSDT RAREUSDT RAVEUSDT RAYSOLUSDT RDNTUSDT RECALLUSDT REDUSDT RENDERUSDT RESOLVUSDT REZUSDT RIVERUSDT RLCUSDT RLSUSDT RONINUSDT ROSEUSDT RPLUSDT RSRUSDT RUNEUSDT RVNUSDT RVVUSDT SAFEUSDT SAGAUSDT SAHARAUSDT SANDUSDT SANTOSUSDT SAPIENUSDT SCRTUSDT SCRUSDT SEIUSDT SENTUSDT SHELLUSDT SIGNUSDT SKLUSDT SKYAIUSDT SKYUSDT SLPUSDT SNXUSDT SOLUSDT SOLVUSDT SOMIUSDT SONICUSDT SOONUSDT SOPHUSDT SPELLUSDT SPKUSDT SPXUSDT SQDUSDT SSVUSDT STABLEUSDT STBLUSDT STGUSDT STORJUSDT STOUSDT STRKUSDT STXUSDT SUIUSDT SUNUSDT SUPERUSDT SUSDT SUSHIUSDT SWARMSUSDT SXTUSDT SYNUSDT SYRUPUSDT TAIKOUSDT TAKEUSDT TAOUSDT TAUSDT THETAUSDT THEUSDT TIAUSDT TLMUSDT TNSRUSDT TONUSDT TOSHIUSDT TOWNSUSDT TRADOORUSDT TRBUSDT TREEUSDT TRUMPUSDT TRUSTUSDT TRUTHUSDT TRUUSDT TRXUSDT TSTUSDT TURBOUSDT TURTLEUSDT TUSDT TUTUSDT TWTUSDT UAIUSDT UBUSDT UMAUSDT UNIUSDT USELESSUSDT USTCUSDT USUALUSDT USUSDT VANAUSDT VANRYUSDT VETUSDT VICUSDT VINEUSDT VIRTUALUSDT VVVUSDT WALUSDT WAXPUSDT WCTUSDT WETUSDT WIFUSDT WLDUSDT WLFIUSDT WOOUSDT WUSDT XAIUSDT XANUSDT XLMUSDT XMRUSDT XNYUSDT XPINUSDT XPLUSDT XRPUSDT XTZUSDT XVGUSDT XVSUSDT YALAUSDT YBUSDT YFIUSDT YGGUSDT ZBTUSDT ZECUSDT ZENUSDT ZEREBROUSDT ZETAUSDT ZILUSDT ZKCUSDT ZKPUSDT ZKUSDT ZORAUSDT ZROUSDT ZRXUSDT
2026-02-21,525,466,20,BTCUSDT ETHUSDT SOLUSDT XRPUSDT RIVERUSDT ZECUSDT DOGEUSDT 1000PEPEUSDT BNBUSDT HYPEUSDT SUIUSDT DASHUSDT AXSUSDT ADAUSDT BCHUSDT PUMPUSDT PIPPINUSDT XMRUSDT IPUSDT LINKUSDT,0GUSDT 1000000MOGUSDT 1000BONKUSDT 1000CATUSDT 1000CHEEMSUSDT 1000FLOKIUSDT 1000LUNCUSDT 1000PEPEUSDT 1000RATSUSDT 1000SATSUSDT 1000SHIBUSDT 1000WHYUSDT 1000XECUSDT 1INCHUSDT 1MBABYDOGEUSDT 2ZUSDT 4USDT A2ZUSDT AAVEUSDT ACEUSDT ACHUSDT ACTUSDT ADAUSDT AERGOUSDT AEROUSDT AEVOUSDT AGLDUSDT AINUSDT AIOTUSDT AIOUSDT AIUSDT AIXBTUSDT AKEUSDT AKTUSDT ALCHUSDT ALGOUSDT ALICEUSDT ALLOUSDT ALTUSDT ANIMEUSDT ANKRUSDT APEUSDT API3USDT APRUSDT APTUSDT ARBUSDT ARCUSDT ARIAUSDT ARKMUSDT ARPAUSDT ARUSDT ASRUSDT ASTERUSDT ASTRUSDT ATHUSDT ATOMUSDT ATUSDT AUCTIONUSDT AUSDT AVAAIUSDT AVAXUSDT AVNTUSDT AXLUSDT AXSUSDT B2USDT BABYUSDT BANANAS31USDT BANANAUSDT BANDUSDT BANKUSDT BANUSDT BARDUSDT BASUSDT BATUSDT BBUSDT BCHUSDT BDXNUSDT BEAMXUSDT BEATUSDT BELUSDT BERAUSDT BIGTIMEUSDT BIOUSDT BLESSUSDT BLUAIUSDT BLURUSDT BNBUSDT BOBUSDT BOMEUSDT BRETTUSDT BREVUSDT BROCCOLI714USDT BSVUSDT BTCUSDT BTRUSDT BULLAUSDT BUSDT C98USDT CAKEUSDT CATIUSDT CCUSDT CELOUSDT CETUSUSDT CFXUSDT CGPTUSDT CHILLGUYUSDT CHRUSDT CHZUSDT CKBUSDT CLANKERUSDT CLOUSDT COAIUSDT COLLECTUSDT COMPUSDT COOKIEUSDT COSUSDT COTIUSDT COWUSDT CRVUSDT CUSDT CVCUSDT CVXUSDT CYBERUSDT CYSUSDT DASHUSDT DEEPUSDT DEGENUSDT DENTUSDT DEXEUSDT DODOXUSDT DOGEUSDT DOGSUSDT DOLOUSDT DOODUSDT DOTUSDT DRIFTUSDT DUSDT DUSKUSDT DYDXUSDT DYMUSDT EDENUSDT EDUUSDT EGLDUSDT EIGENUSDT ENAUSDT ENJUSDT ENSOUSDT ENSUSDT EPICUSDT ERAUSDT ESPORTSUSDT ETCUSDT ETHFIUSDT ETHUSDT EULUSDT EVAAUSDT FARTCOINUSDT FETUSDT FFUSDT FHEUSDT FIDAUSDT FILUSDT FLOCKUSDT FLOWUSDT FLUIDUSDT FOLKSUSDT FORMUSDT FUNUSDT FUSDT GALAUSDT GASUSDT GIGGLEUSDT GLMUSDT GMTUSDT GMXUSDT GOATUSDT GPSUSDT GRASSUSDT GRIFFAINUSDT GRTUSDT GTCUSDT GUAUSDT GUNUSDT GUSDT HAEDALUSDT HANAUSDT HBARUSDT HEIUSDT HEMIUSDT HFTUSDT HIGHUSDT HIPPOUSDT HIVEUSDT HMSTRUSDT HOLOUSDT HOMEUSDT HOTUSDT HUMAUSDT HUSDT HYPERUSDT HYPEUSDT ICNTUSDT ICPUSDT ICXUSDT IDUSDT ILVUSDT IMXUSDT INITUSDT INJUSDT INUSDT IOSTUSDT IOTAUSDT IOUSDT IPUSDT IRUSDT IRYSUSDT JASMYUSDT JCTUSDT JELLYJELLYUSDT JSTUSDT JTOUSDT JUPUSDT KAIAUSDT KAITOUSDT KASUSDT KAVAUSDT KERNELUSDT KGENUSDT KITEUSDT KMNOUSDT KSMUSDT LABUSDT LAUSDT LAYERUSDT LDOUSDT LIGHTUSDT LINEAUSDT LINKUSDT LISTAUSDT LITUSDT LPTUSDT LQTYUSDT LRCUSDT LSKUSDT LTCUSDT LUMIAUSDT LUNA2USDT LYNUSDT MAGICUSDT MAGMAUSDT MANAUSDT MANTAUSDT MASKUSDT MAVIAUSDT MAVUSDT MELANIAUSDT MEMEUSDT MERLUSDT METISUSDT METUSDT MEUSDT MEWUSDT MINAUSDT MIRAUSDT MITOUSDT MMTUSDT MOCAUSDT MONUSDT MOODENGUSDT MORPHOUSDT MOVEUSDT MTLUSDT MUBARAKUSDT MUSDT MYXUSDT NAORISUSDT NEARUSDT NEIROUSDT NEOUSDT NEWTUSDT NIGHTUSDT NILUSDT NMRUSDT NOMUSDT NOTUSDT NTRNUSDT NXPCUSDT OGUSDT OMUSDT ONDOUSDT ONEUSDT ONGUSDT ONTUSDT OPENUSDT OPUSDT ORCAUSDT ORDERUSDT ORDIUSDT OXTUSDT PARTIUSDT PENDLEUSDT PENGUUSDT PEOPLEUSDT PHAUSDT PHBUSDT PIEVERSEUSDT PIPPINUSDT PIXELUSDT PLAYUSDT PLUMEUSDT PNUTUSDT POLUSDT POLYXUSDT POPCATUSDT PORTALUSDT POWERUSDT POWRUSDT PROMPTUSDT PROMUSDT PROVEUSDT PTBUSDT PUMPUSDT PYTHUSDT QNTUSDT QTUMUSDT QUSDT RAREUSDT RAVEUSDT RAYSOLUSDT RDNTUSDT RECALLUSDT REDUSDT RENDERUSDT RESOLVUSDT REZUSDT RIVERUSDT RLCUSDT RLSUSDT RONINUSDT ROSEUSDT RPLUSDT RSRUSDT RUNEUSDT RVNUSDT RVVUSDT SAFEUSDT SAGAUSDT SAHARAUSDT SANDUSDT SANTOSUSDT SAPIENUSDT SCRTUSDT SCRUSDT SEIUSDT SENTUSDT SHELLUSDT SIGNUSDT SKLUSDT SKYAIUSDT SKYUSDT SLPUSDT SNXUSDT SOLUSDT SOLVUSDT SOMIUSDT SONICUSDT SOONUSDT SOPHUSDT SPELLUSDT SPKUSDT SPXUSDT SQDUSDT SSVUSDT STABLEUSDT STBLUSDT STGUSDT STORJUSDT STOUSDT STRKUSDT STXUSDT SUIUSDT SUNUSDT SUPERUSDT SUSDT SUSHIUSDT SWARMSUSDT SXTUSDT SYNUSDT SYRUPUSDT TAIKOUSDT TAKEUSDT TAOUSDT TAUSDT THETAUSDT THEUSDT TIAUSDT TLMUSDT TNSRUSDT TONUSDT TOSHIUSDT TOWNSUSDT TRADOORUSDT TRBUSDT TREEUSDT TRUMPUSDT TRUSTUSDT TRUTHUSDT TRUUSDT TRXUSDT TSTUSDT TURBOUSDT TURTLEUSDT TUSDT TUTUSDT TWTUSDT UAIUSDT UBUSDT UMAUSDT UNIUSDT USELESSUSDT USTCUSDT USUALUSDT USUSDT VANAUSDT VANRYUSDT VETUSDT VICUSDT VINEUSDT VIRTUALUSDT VVVUSDT WALUSDT WAXPUSDT WCTUSDT WETUSDT WIFUSDT WLDUSDT WLFIUSDT WOOUSDT WUSDT XAIUSDT XANUSDT XLMUSDT XMRUSDT XNYUSDT XPINUSDT XPLUSDT XRPUSDT XTZUSDT XVGUSDT XVSUSDT YALAUSDT YBUSDT YFIUSDT YGGUSDT ZBTUSDT ZECUSDT ZENUSDT ZEREBROUSDT ZETAUSDT ZILUSDT ZKCUSDT ZKPUSDT ZKUSDT ZORAUSDT ZROUSDT ZRXUSDT
2026-02-28,525,466,20,BTCUSDT ETHUSDT SOLUSDT XRPUSDT RIVERUSDT ZECUSDT DOGEUSDT 1000PEPEUSDT BNBUSDT HYPEUSDT SUIUSDT DASHUSDT AXSUSDT ADAUSDT BCHUSDT PUMPUSDT PIPPINUSDT XMRUSDT IPUSDT LINKUSDT,0GUSDT 1000000MOGUSDT 1000BONKUSDT 1000CATUSDT 1000CHEEMSUSDT 1000FLOKIUSDT 1000LUNCUSDT 1000PEPEUSDT 1000RATSUSDT 1000SATSUSDT 1000SHIBUSDT 1000WHYUSDT 1000XECUSDT 1INCHUSDT 1MBABYDOGEUSDT 2ZUSDT 4USDT A2ZUSDT AAVEUSDT ACEUSDT ACHUSDT ACTUSDT ADAUSDT AERGOUSDT AEROUSDT AEVOUSDT AGLDUSDT AINUSDT AIOTUSDT AIOUSDT AIUSDT AIXBTUSDT AKEUSDT AKTUSDT ALCHUSDT ALGOUSDT ALICEUSDT ALLOUSDT ALTUSDT ANIMEUSDT ANKRUSDT APEUSDT API3USDT APRUSDT APTUSDT ARBUSDT ARCUSDT ARIAUSDT ARKMUSDT ARPAUSDT ARUSDT ASRUSDT ASTERUSDT ASTRUSDT ATHUSDT ATOMUSDT ATUSDT AUCTIONUSDT AUSDT AVAAIUSDT AVAXUSDT AVNTUSDT AXLUSDT AXSUSDT B2USDT BABYUSDT BANANAS31USDT BANANAUSDT BANDUSDT BANKUSDT BANUSDT BARDUSDT BASUSDT BATUSDT BBUSDT BCHUSDT BDXNUSDT BEAMXUSDT BEATUSDT BELUSDT BERAUSDT BIGTIMEUSDT BIOUSDT BLESSUSDT BLUAIUSDT BLURUSDT BNBUSDT BOBUSDT BOMEUSDT BRETTUSDT BREVUSDT BROCCOLI714USDT BSVUSDT BTCUSDT BTRUSDT BULLAUSDT BUSDT C98USDT CAKEUSDT CATIUSDT CCUSDT CELOUSDT CETUSUSDT CFXUSDT CGPTUSDT CHILLGUYUSDT CHRUSDT CHZUSDT CKBUSDT CLANKERUSDT CLOUSDT COAIUSDT COLLECTUSDT COMPUSDT COOKIEUSDT COSUSDT COTIUSDT COWUSDT CRVUSDT CUSDT CVCUSDT CVXUSDT CYBERUSDT CYSUSDT DASHUSDT DEEPUSDT DEGENUSDT DENTUSDT DEXEUSDT DODOXUSDT DOGEUSDT DOGSUSDT DOLOUSDT DOODUSDT DOTUSDT DRIFTUSDT DUSDT DUSKUSDT DYDXUSDT DYMUSDT EDENUSDT EDUUSDT EGLDUSDT EIGENUSDT ENAUSDT ENJUSDT ENSOUSDT ENSUSDT EPICUSDT ERAUSDT ESPORTSUSDT ETCUSDT ETHFIUSDT ETHUSDT EULUSDT EVAAUSDT FARTCOINUSDT FETUSDT FFUSDT FHEUSDT FIDAUSDT FILUSDT FLOCKUSDT FLOWUSDT FLUIDUSDT FOLKSUSDT FORMUSDT FUNUSDT FUSDT GALAUSDT GASUSDT GIGGLEUSDT GLMUSDT GMTUSDT GMXUSDT GOATUSDT GPSUSDT GRASSUSDT GRIFFAINUSDT GRTUSDT GTCUSDT GUAUSDT GUNUSDT GUSDT HAEDALUSDT HANAUSDT HBARUSDT HEIUSDT HEMIUSDT HFTUSDT HIGHUSDT HIPPOUSDT HIVEUSDT HMSTRUSDT HOLOUSDT HOMEUSDT HOTUSDT HUMAUSDT HUSDT HYPERUSDT HYPEUSDT ICNTUSDT ICPUSDT ICXUSDT IDUSDT ILVUSDT IMXUSDT INITUSDT INJUSDT INUSDT IOSTUSDT IOTAUSDT IOUSDT IPUSDT IRUSDT IRYSUSDT JASMYUSDT JCTUSDT JELLYJELLYUSDT JSTUSDT JTOUSDT JUPUSDT KAIAUSDT KAITOUSDT KASUSDT KAVAUSDT KERNELUSDT KGENUSDT KITEUSDT KMNOUSDT KSMUSDT LABUSDT LAUSDT LAYERUSDT LDOUSDT LIGHTUSDT LINEAUSDT LINKUSDT LISTAUSDT LITUSDT LPTUSDT LQTYUSDT LRCUSDT LSKUSDT LTCUSDT LUMIAUSDT LUNA2USDT LYNUSDT MAGICUSDT MAGMAUSDT MANAUSDT MANTAUSDT MASKUSDT MAVIAUSDT MAVUSDT MELANIAUSDT MEMEUSDT MERLUSDT METISUSDT METUSDT MEUSDT MEWUSDT MINAUSDT MIRAUSDT MITOUSDT MMTUSDT MOCAUSDT MONUSDT MOODENGUSDT MORPHOUSDT MOVEUSDT MTLUSDT MUBARAKUSDT MUSDT MYXUSDT NAORISUSDT NEARUSDT NEIROUSDT NEOUSDT NEWTUSDT NIGHTUSDT NILUSDT NMRUSDT NOMUSDT NOTUSDT NTRNUSDT NXPCUSDT OGUSDT OMUSDT ONDOUSDT ONEUSDT ONGUSDT ONTUSDT OPENUSDT OPUSDT ORCAUSDT ORDERUSDT ORDIUSDT OXTUSDT PARTIUSDT PENDLEUSDT PENGUUSDT PEOPLEUSDT PHAUSDT PHBUSDT PIEVERSEUSDT PIPPINUSDT PIXELUSDT PLAYUSDT PLUMEUSDT PNUTUSDT POLUSDT POLYXUSDT POPCATUSDT PORTALUSDT POWERUSDT POWRUSDT PROMPTUSDT PROMUSDT PROVEUSDT PTBUSDT PUMPUSDT PYTHUSDT QNTUSDT QTUMUSDT QUSDT RAREUSDT RAVEUSDT RAYSOLUSDT RDNTUSDT RECALLUSDT REDUSDT RENDERUSDT RESOLVUSDT REZUSDT RIVERUSDT RLCUSDT RLSUSDT RONINUSDT ROSEUSDT RPLUSDT RSRUSDT RUNEUSDT RVNUSDT RVVUSDT SAFEUSDT SAGAUSDT SAHARAUSDT SANDUSDT SANTOSUSDT SAPIENUSDT SCRTUSDT SCRUSDT SEIUSDT SENTUSDT SHELLUSDT SIGNUSDT SKLUSDT SKYAIUSDT SKYUSDT SLPUSDT SNXUSDT SOLUSDT SOLVUSDT SOMIUSDT SONICUSDT SOONUSDT SOPHUSDT SPELLUSDT SPKUSDT SPXUSDT SQDUSDT SSVUSDT STABLEUSDT STBLUSDT STGUSDT STORJUSDT STOUSDT STRKUSDT STXUSDT SUIUSDT SUNUSDT SUPERUSDT SUSDT SUSHIUSDT SWARMSUSDT SXTUSDT SYNUSDT SYRUPUSDT TAIKOUSDT TAKEUSDT TAOUSDT TAUSDT THETAUSDT THEUSDT TIAUSDT TLMUSDT TNSRUSDT TONUSDT TOSHIUSDT TOWNSUSDT TRADOORUSDT TRBUSDT TREEUSDT TRUMPUSDT TRUSTUSDT TRUTHUSDT TRUUSDT TRXUSDT TSTUSDT TURBOUSDT TURTLEUSDT TUSDT TUTUSDT TWTUSDT UAIUSDT UBUSDT UMAUSDT UNIUSDT USELESSUSDT USTCUSDT USUALUSDT USUSDT VANAUSDT VANRYUSDT VETUSDT VICUSDT VINEUSDT VIRTUALUSDT VVVUSDT WALUSDT WAXPUSDT WCTUSDT WETUSDT WIFUSDT WLDUSDT WLFIUSDT WOOUSDT WUSDT XAIUSDT XANUSDT XLMUSDT XMRUSDT XNYUSDT XPINUSDT XPLUSDT XRPUSDT XTZUSDT XVGUSDT XVSUSDT YALAUSDT YBUSDT YFIUSDT YGGUSDT ZBTUSDT ZECUSDT ZENUSDT ZEREBROUSDT ZETAUSDT ZILUSDT ZKCUSDT ZKPUSDT ZKUSDT ZORAUSDT ZROUSDT ZRXUSDT
2026-03-07,532,429,20,BTCUSDT ETHUSDT SOLUSDT XRPUSDT DOGEUSDT BNBUSDT HYPEUSDT ZECUSDT RIVERUSDT PIPPINUSDT 1000PEPEUSDT POWERUSDT SUIUSDT ADAUSDT BCHUSDT LINKUSDT AVAXUSDT SIRENUSDT ASTERUSDT BERAUSDT,0GUSDT 1000BONKUSDT 1000FLOKIUSDT 1000LUNCUSDT 1000PEPEUSDT 1000RATSUSDT 1000SATSUSDT 1000SHIBUSDT 1INCHUSDT 1MBABYDOGEUSDT 2ZUSDT 4USDT AAVEUSDT ACEUSDT ACHUSDT ACTUSDT ACUUSDT ADAUSDT AERGOUSDT AEROUSDT AEVOUSDT AGLDUSDT AGTUSDT AIAUSDT AIOTUSDT AIOUSDT AIXBTUSDT AKEUSDT AKTUSDT ALCHUSDT ALGOUSDT ALICEUSDT ALLOUSDT ALTUSDT ANIMEUSDT ANKRUSDT APEUSDT API3USDT APRUSDT APTUSDT ARBUSDT ARCUSDT ARIAUSDT ARKMUSDT ARKUSDT ARPAUSDT ARUSDT ASTERUSDT ASTRUSDT ATHUSDT ATOMUSDT ATUSDT AUCTIONUSDT AUSDT AVAAIUSDT AVAXUSDT AVNTUSDT AWEUSDT AXLUSDT AXSUSDT B2USDT BABYUSDT BANANAS31USDT BANANAUSDT BANDUSDT BANKUSDT BANUSDT BARDUSDT BASUSDT BATUSDT BBUSDT BCHUSDT BEAMXUSDT BEATUSDT BELUSDT BERAUSDT BIGTIMEUSDT BIOUSDT BIRBUSDT BLESSUSDT BLUAIUSDT BLURUSDT BNBUSDT BOBUSDT BOMEUSDT BRETTUSDT BREVUSDT BROCCOLI714USDT BSVUSDT BTCUSDT BTRUSDT BULLAUSDT BUSDT C98USDT CAKEUSDT CCUSDT CELOUSDT CFXUSDT CHRUSDT CHZUSDT CLANKERUSDT CLOUSDT COAIUSDT COLLECTUSDT COMPUSDT COTIUSDT COWUSDT CRVUSDT CTSIUSDT CVCUSDT CVXUSDT CYBERUSDT CYSUSDT DASHUSDT DEEPUSDT DENTUSDT DEXEUSDT DOGEUSDT DOLOUSDT DOODUSDT DOTUSDT DRIFTUSDT DUSDT DUSKUSDT DYDXUSDT DYMUSDT EDENUSDT EDUUSDT EGLDUSDT EIGENUSDT ELSAUSDT ENAUSDT ENJUSDT ENSOUSDT ENSUSDT ERAUSDT ESPORTSUSDT ETCUSDT ETHFIUSDT ETHUSDT EULUSDT FARTCOINUSDT FETUSDT FFUSDT FHEUSDT FIDAUSDT FIGHTUSDT FILUSDT FIOUSDT FLOCKUSDT FLOWUSDT FLUIDUSDT FOGOUSDT FOLKSUSDT FORMUSDT FRAXUSDT FUNUSDT FUSDT GALAUSDT GASUSDT GIGGLEUSDT GLMUSDT GMTUSDT GOATUSDT GPSUSDT GRASSUSDT GRIFFAINUSDT GRTUSDT GTCUSDT GUAUSDT GUNUSDT GUSDT GWEIUSDT HANAUSDT HBARUSDT HEMIUSDT HFTUSDT HIVEUSDT HMSTRUSDT HOLOUSDT HOMEUSDT HOTUSDT HUMAUSDT HUSDT HYPERUSDT HYPEUSDT ICNTUSDT ICPUSDT ICXUSDT IDOLUSDT IDUSDT IMXUSDT INITUSDT INJUSDT INUSDT INXUSDT IOTAUSDT IOTXUSDT IOUSDT IPUSDT IRUSDT IRYSUSDT JASMYUSDT JCTUSDT JELLYJELLYUSDT JSTUSDT JTOUSDT JUPUSDT KAIAUSDT KAITOUSDT KASUSDT KAVAUSDT KERNELUSDT KGENUSDT KITEUSDT KMNOUSDT KSMUSDT LAUSDT LAYERUSDT LDOUSDT LIGHTUSDT LINEAUSDT LINKUSDT LITUSDT LPTUSDT LQTYUSDT LRCUSDT LSKUSDT LTCUSDT LUNA2USDT LYNUSDT MAGICUSDT MAGMAUSDT MANAUSDT MANTAUSDT MASKUSDT MEGAUSDT MELANIAUSDT MEMEUSDT MERLUSDT METISUSDT METUSDT MEUSDT MEWUSDT MINAUSDT MIRAUSDT MMTUSDT MOCAUSDT MONUSDT MOODENGUSDT MORPHOUSDT MOVEUSDT MUBARAKUSDT MUSDT MYXUSDT NAORISUSDT NEARUSDT NEIROUSDT NEOUSDT NEWTUSDT NIGHTUSDT NILUSDT NMRUSDT NOMUSDT NOTUSDT NXPCUSDT OGNUSDT OGUSDT ONDOUSDT ONEUSDT ONTUSDT ONUSDT OPENUSDT OPUSDT ORCAUSDT ORDERUSDT ORDIUSDT PARTIUSDT PENDLEUSDT PENGUUSDT PEOPLEUSDT PIEVERSEUSDT PIPPINUSDT PLAYUSDT PLUMEUSDT PNUTUSDT POLUSDT POLYXUSDT POPCATUSDT PORTALUSDT POWERUSDT PROMPTUSDT PROMUSDT PROVEUSDT PTBUSDT PUMPUSDT PYTHUSDT QNTUSDT QTUMUSDT QUSDT RAREUSDT RAVEUSDT RAYSOLUSDT RECALLUSDT REDUSDT RENDERUSDT RESOLVUSDT REZUSDT RIFUSDT RIVERUSDT RLSUSDT RONINUSDT ROSEUSDT RPLUSDT RSRUSDT RUNEUSDT RVNUSDT SAGAUSDT SAHARAUSDT SANDUSDT SANTOSUSDT SAPIENUSDT SEIUSDT SENTUSDT SHELLUSDT SIGNUSDT SIRENUSDT SKLUSDT SKRUSDT SKYAIUSDT SKYUSDT SNXUSDT SOLUSDT SOLVUSDT SOMIUSDT SONICUSDT SOONUSDT SOPHUSDT SPACEUSDT SPKUSDT SPORTFUNUSDT SPXUSDT SQDUSDT SSVUSDT STABLEUSDT STBLUSDT STEEMUSDT STGUSDT STORJUSDT STOUSDT STRKUSDT STXUSDT SUIUSDT SUNUSDT SUPERUSDT SUSDT SUSHIUSDT SWARMSUSDT SXTUSDT SYNUSDT SYRUPUSDT TAGUSDT TAKEUSDT TAOUSDT THETAUSDT THEUSDT TIAUSDT TLMUSDT TNSRUSDT TONUSDT TOSHIUSDT TOWNSUSDT TRADOORUSDT TRBUSDT TREEUSDT TRUMPUSDT TRUSTUSDT TRUTHUSDT TRXUSDT TURBOUSDT TUSDT TWTUSDT UAIUSDT UBUSDT UMAUSDT UNIUSDT USELESSUSDT USTCUSDT USUALUSDT VANAUSDT VANRYUSDT VELVETUSDT VETUSDT VIRTUALUSDT VTHOUSDT VVVUSDT WALUSDT WCTUSDT WETUSDT WIFUSDT WLDUSDT WLFIUSDT WOOUSDT WUSDT XAIUSDT XANUSDT XLMUSDT XMRUSDT XNYUSDT XPINUSDT XPLUSDT XRPUSDT XTZUSDT XVGUSDT XVSUSDT YBUSDT YFIUSDT YGGUSDT ZAMAUSDT ZBTUSDT ZECUSDT ZENUSDT ZILUSDT ZKCUSDT ZKPUSDT ZKUSDT ZORAUSDT ZROUSDT ZRXUSDT
2026-03-14,532,429,20,BTCUSDT ETHUSDT SOLUSDT XRPUSDT DOGEUSDT BNBUSDT HYPEUSDT ZECUSDT RIVERUSDT PIPPINUSDT 1000PEPEUSDT POWERUSDT SUIUSDT ADAUSDT BCHUSDT LINKUSDT AVAXUSDT SIRENUSDT ASTERUSDT BERAUSDT,0GUSDT 1000BONKUSDT 1000FLOKIUSDT 1000LUNCUSDT 1000PEPEUSDT 1000RATSUSDT 1000SATSUSDT 1000SHIBUSDT 1INCHUSDT 1MBABYDOGEUSDT 2ZUSDT 4USDT AAVEUSDT ACEUSDT ACHUSDT ACTUSDT ACUUSDT ADAUSDT AERGOUSDT AEROUSDT AEVOUSDT AGLDUSDT AGTUSDT AIAUSDT AIOTUSDT AIOUSDT AIXBTUSDT AKEUSDT AKTUSDT ALCHUSDT ALGOUSDT ALICEUSDT ALLOUSDT ALTUSDT ANIMEUSDT ANKRUSDT APEUSDT API3USDT APRUSDT APTUSDT ARBUSDT ARCUSDT ARIAUSDT ARKMUSDT ARKUSDT ARPAUSDT ARUSDT ASTERUSDT ASTRUSDT ATHUSDT ATOMUSDT ATUSDT AUCTIONUSDT AUSDT AVAAIUSDT AVAXUSDT AVNTUSDT AWEUSDT AXLUSDT AXSUSDT B2USDT BABYUSDT BANANAS31USDT BANANAUSDT BANDUSDT BANKUSDT BANUSDT BARDUSDT BASUSDT BATUSDT BBUSDT BCHUSDT BEAMXUSDT BEATUSDT BELUSDT BERAUSDT BIGTIMEUSDT BIOUSDT BIRBUSDT BLESSUSDT BLUAIUSDT BLURUSDT BNBUSDT BOBUSDT BOMEUSDT BRETTUSDT BREVUSDT BROCCOLI714USDT BSVUSDT BTCUSDT BTRUSDT BULLAUSDT BUSDT C98USDT CAKEUSDT CCUSDT CELOUSDT CFXUSDT CHRUSDT CHZUSDT CLANKERUSDT CLOUSDT COAIUSDT COLLECTUSDT COMPUSDT COTIUSDT COWUSDT CRVUSDT CTSIUSDT CVCUSDT CVXUSDT CYBERUSDT CYSUSDT DASHUSDT DEEPUSDT DENTUSDT DEXEUSDT DOGEUSDT DOLOUSDT DOODUSDT DOTUSDT DRIFTUSDT DUSDT DUSKUSDT DYDXUSDT DYMUSDT EDENUSDT EDUUSDT EGLDUSDT EIGENUSDT ELSAUSDT ENAUSDT ENJUSDT ENSOUSDT ENSUSDT ERAUSDT ESPORTSUSDT ETCUSDT ETHFIUSDT ETHUSDT EULUSDT FARTCOINUSDT FETUSDT FFUSDT FHEUSDT FIDAUSDT FIGHTUSDT FILUSDT FIOUSDT FLOCKUSDT FLOWUSDT FLUIDUSDT FOGOUSDT FOLKSUSDT FORMUSDT FRAXUSDT FUNUSDT FUSDT GALAUSDT GASUSDT GIGGLEUSDT GLMUSDT GMTUSDT GOATUSDT GPSUSDT GRASSUSDT GRIFFAINUSDT GRTUSDT GTCUSDT GUAUSDT GUNUSDT GUSDT GWEIUSDT HANAUSDT HBARUSDT HEMIUSDT HFTUSDT HIVEUSDT HMSTRUSDT HOLOUSDT HOMEUSDT HOTUSDT HUMAUSDT HUSDT HYPERUSDT HYPEUSDT ICNTUSDT ICPUSDT ICXUSDT IDOLUSDT IDUSDT IMXUSDT INITUSDT INJUSDT INUSDT INXUSDT IOTAUSDT IOTXUSDT IOUSDT IPUSDT IRUSDT IRYSUSDT JASMYUSDT JCTUSDT JELLYJELLYUSDT JSTUSDT JTOUSDT JUPUSDT KAIAUSDT KAITOUSDT KASUSDT KAVAUSDT KERNELUSDT KGENUSDT KITEUSDT KMNOUSDT KSMUSDT LAUSDT LAYERUSDT LDOUSDT LIGHTUSDT LINEAUSDT LINKUSDT LITUSDT LPTUSDT LQTYUSDT LRCUSDT LSKUSDT LTCUSDT LUNA2USDT LYNUSDT MAGICUSDT MAGMAUSDT MANAUSDT MANTAUSDT MASKUSDT MEGAUSDT MELANIAUSDT MEMEUSDT MERLUSDT METISUSDT METUSDT MEUSDT MEWUSDT MINAUSDT MIRAUSDT MMTUSDT MOCAUSDT MONUSDT MOODENGUSDT MORPHOUSDT MOVEUSDT MUBARAKUSDT MUSDT MYXUSDT NAORISUSDT NEARUSDT NEIROUSDT NEOUSDT NEWTUSDT NIGHTUSDT NILUSDT NMRUSDT NOMUSDT NOTUSDT NXPCUSDT OGNUSDT OGUSDT ONDOUSDT ONEUSDT ONTUSDT ONUSDT OPENUSDT OPUSDT ORCAUSDT ORDERUSDT ORDIUSDT PARTIUSDT PENDLEUSDT PENGUUSDT PEOPLEUSDT PIEVERSEUSDT PIPPINUSDT PLAYUSDT PLUMEUSDT PNUTUSDT POLUSDT POLYXUSDT POPCATUSDT PORTALUSDT POWERUSDT PROMPTUSDT PROMUSDT PROVEUSDT PTBUSDT PUMPUSDT PYTHUSDT QNTUSDT QTUMUSDT QUSDT RAREUSDT RAVEUSDT RAYSOLUSDT RECALLUSDT REDUSDT RENDERUSDT RESOLVUSDT REZUSDT RIFUSDT RIVERUSDT RLSUSDT RONINUSDT ROSEUSDT RPLUSDT RSRUSDT RUNEUSDT RVNUSDT SAGAUSDT SAHARAUSDT SANDUSDT SANTOSUSDT SAPIENUSDT SEIUSDT SENTUSDT SHELLUSDT SIGNUSDT SIRENUSDT SKLUSDT SKRUSDT SKYAIUSDT SKYUSDT SNXUSDT SOLUSDT SOLVUSDT SOMIUSDT SONICUSDT SOONUSDT SOPHUSDT SPACEUSDT SPKUSDT SPORTFUNUSDT SPXUSDT SQDUSDT SSVUSDT STABLEUSDT STBLUSDT STEEMUSDT STGUSDT STORJUSDT STOUSDT STRKUSDT STXUSDT SUIUSDT SUNUSDT SUPERUSDT SUSDT SUSHIUSDT SWARMSUSDT SXTUSDT SYNUSDT SYRUPUSDT TAGUSDT TAKEUSDT TAOUSDT THETAUSDT THEUSDT TIAUSDT TLMUSDT TNSRUSDT TONUSDT TOSHIUSDT TOWNSUSDT TRADOORUSDT TRBUSDT TREEUSDT TRUMPUSDT TRUSTUSDT TRUTHUSDT TRXUSDT TURBOUSDT TUSDT TWTUSDT UAIUSDT UBUSDT UMAUSDT UNIUSDT USELESSUSDT USTCUSDT USUALUSDT VANAUSDT VANRYUSDT VELVETUSDT VETUSDT VIRTUALUSDT VTHOUSDT VVVUSDT WALUSDT WCTUSDT WETUSDT WIFUSDT WLDUSDT WLFIUSDT WOOUSDT WUSDT XAIUSDT XANUSDT XLMUSDT XMRUSDT XNYUSDT XPINUSDT XPLUSDT XRPUSDT XTZUSDT XVGUSDT XVSUSDT YBUSDT YFIUSDT YGGUSDT ZAMAUSDT ZBTUSDT ZECUSDT ZENUSDT ZILUSDT ZKCUSDT ZKPUSDT ZKUSDT ZORAUSDT ZROUSDT ZRXUSDT
2026-03-21,532,429,20,BTCUSDT ETHUSDT SOLUSDT XRPUSDT DOGEUSDT BNBUSDT HYPEUSDT ZECUSDT RIVERUSDT PIPPINUSDT 1000PEPEUSDT POWERUSDT SUIUSDT ADAUSDT BCHUSDT LINKUSDT AVAXUSDT SIRENUSDT ASTERUSDT BERAUSDT,0GUSDT 1000BONKUSDT 1000FLOKIUSDT 1000LUNCUSDT 1000PEPEUSDT 1000RATSUSDT 1000SATSUSDT 1000SHIBUSDT 1INCHUSDT 1MBABYDOGEUSDT 2ZUSDT 4USDT AAVEUSDT ACEUSDT ACHUSDT ACTUSDT ACUUSDT ADAUSDT AERGOUSDT AEROUSDT AEVOUSDT AGLDUSDT AGTUSDT AIAUSDT AIOTUSDT AIOUSDT AIXBTUSDT AKEUSDT AKTUSDT ALCHUSDT ALGOUSDT ALICEUSDT ALLOUSDT ALTUSDT ANIMEUSDT ANKRUSDT APEUSDT API3USDT APRUSDT APTUSDT ARBUSDT ARCUSDT ARIAUSDT ARKMUSDT ARKUSDT ARPAUSDT ARUSDT ASTERUSDT ASTRUSDT ATHUSDT ATOMUSDT ATUSDT AUCTIONUSDT AUSDT AVAAIUSDT AVAXUSDT AVNTUSDT AWEUSDT AXLUSDT AXSUSDT B2USDT BABYUSDT BANANAS31USDT BANANAUSDT BANDUSDT BANKUSDT BANUSDT BARDUSDT BASUSDT BATUSDT BBUSDT BCHUSDT BEAMXUSDT BEATUSDT BELUSDT BERAUSDT BIGTIMEUSDT BIOUSDT BIRBUSDT BLESSUSDT BLUAIUSDT BLURUSDT BNBUSDT BOBUSDT BOMEUSDT BRETTUSDT BREVUSDT BROCCOLI714USDT BSVUSDT BTCUSDT BTRUSDT BULLAUSDT BUSDT C98USDT CAKEUSDT CCUSDT CELOUSDT CFXUSDT CHRUSDT CHZUSDT CLANKERUSDT CLOUSDT COAIUSDT COLLECTUSDT COMPUSDT COTIUSDT COWUSDT CRVUSDT CTSIUSDT CVCUSDT CVXUSDT CYBERUSDT CYSUSDT DASHUSDT DEEPUSDT DENTUSDT DEXEUSDT DOGEUSDT DOLOUSDT DOODUSDT DOTUSDT DRIFTUSDT DUSDT DUSKUSDT DYDXUSDT DYMUSDT EDENUSDT EDUUSDT EGLDUSDT EIGENUSDT ELSAUSDT ENAUSDT ENJUSDT ENSOUSDT ENSUSDT ERAUSDT ESPORTSUSDT ETCUSDT ETHFIUSDT ETHUSDT EULUSDT FARTCOINUSDT FETUSDT FFUSDT FHEUSDT FIDAUSDT FIGHTUSDT FILUSDT FIOUSDT FLOCKUSDT FLOWUSDT FLUIDUSDT FOGOUSDT FOLKSUSDT FORMUSDT FRAXUSDT FUNUSDT FUSDT GALAUSDT GASUSDT GIGGLEUSDT GLMUSDT GMTUSDT GOATUSDT GPSUSDT GRASSUSDT GRIFFAINUSDT GRTUSDT GTCUSDT GUAUSDT GUNUSDT GUSDT GWEIUSDT HANAUSDT HBARUSDT HEMIUSDT HFTUSDT HIVEUSDT HMSTRUSDT HOLOUSDT HOMEUSDT HOTUSDT HUMAUSDT HUSDT HYPERUSDT HYPEUSDT ICNTUSDT ICPUSDT ICXUSDT IDOLUSDT IDUSDT IMXUSDT INITUSDT INJUSDT INUSDT INXUSDT IOTAUSDT IOTXUSDT IOUSDT IPUSDT IRUSDT IRYSUSDT JASMYUSDT JCTUSDT JELLYJELLYUSDT JSTUSDT JTOUSDT JUPUSDT KAIAUSDT KAITOUSDT KASUSDT KAVAUSDT KERNELUSDT KGENUSDT KITEUSDT KMNOUSDT KSMUSDT LAUSDT LAYERUSDT LDOUSDT LIGHTUSDT LINEAUSDT LINKUSDT LITUSDT LPTUSDT LQTYUSDT LRCUSDT LSKUSDT LTCUSDT LUNA2USDT LYNUSDT MAGICUSDT MAGMAUSDT MANAUSDT MANTAUSDT MASKUSDT MEGAUSDT MELANIAUSDT MEMEUSDT MERLUSDT METISUSDT METUSDT MEUSDT MEWUSDT MINAUSDT MIRAUSDT MMTUSDT MOCAUSDT MONUSDT MOODENGUSDT MORPHOUSDT MOVEUSDT MUBARAKUSDT MUSDT MYXUSDT NAORISUSDT NEARUSDT NEIROUSDT NEOUSDT NEWTUSDT NIGHTUSDT NILUSDT NMRUSDT NOMUSDT NOTUSDT NXPCUSDT OGNUSDT OGUSDT ONDOUSDT ONEUSDT ONTUSDT ONUSDT OPENUSDT OPUSDT ORCAUSDT ORDERUSDT ORDIUSDT PARTIUSDT PENDLEUSDT PENGUUSDT PEOPLEUSDT PIEVERSEUSDT PIPPINUSDT PLAYUSDT PLUMEUSDT PNUTUSDT POLUSDT POLYXUSDT POPCATUSDT PORTALUSDT POWERUSDT PROMPTUSDT PROMUSDT PROVEUSDT PTBUSDT PUMPUSDT PYTHUSDT QNTUSDT QTUMUSDT QUSDT RAREUSDT RAVEUSDT RAYSOLUSDT RECALLUSDT REDUSDT RENDERUSDT RESOLVUSDT REZUSDT RIFUSDT RIVERUSDT RLSUSDT RONINUSDT ROSEUSDT RPLUSDT RSRUSDT RUNEUSDT RVNUSDT SAGAUSDT SAHARAUSDT SANDUSDT SANTOSUSDT SAPIENUSDT SEIUSDT SENTUSDT SHELLUSDT SIGNUSDT SIRENUSDT SKLUSDT SKRUSDT SKYAIUSDT SKYUSDT SNXUSDT SOLUSDT SOLVUSDT SOMIUSDT SONICUSDT SOONUSDT SOPHUSDT SPACEUSDT SPKUSDT SPORTFUNUSDT SPXUSDT SQDUSDT SSVUSDT STABLEUSDT STBLUSDT STEEMUSDT STGUSDT STORJUSDT STOUSDT STRKUSDT STXUSDT SUIUSDT SUNUSDT SUPERUSDT SUSDT SUSHIUSDT SWARMSUSDT SXTUSDT SYNUSDT SYRUPUSDT TAGUSDT TAKEUSDT TAOUSDT THETAUSDT THEUSDT TIAUSDT TLMUSDT TNSRUSDT TONUSDT TOSHIUSDT TOWNSUSDT TRADOORUSDT TRBUSDT TREEUSDT TRUMPUSDT TRUSTUSDT TRUTHUSDT TRXUSDT TURBOUSDT TUSDT TWTUSDT UAIUSDT UBUSDT UMAUSDT UNIUSDT USELESSUSDT USTCUSDT USUALUSDT VANAUSDT VANRYUSDT VELVETUSDT VETUSDT VIRTUALUSDT VTHOUSDT VVVUSDT WALUSDT WCTUSDT WETUSDT WIFUSDT WLDUSDT WLFIUSDT WOOUSDT WUSDT XAIUSDT XANUSDT XLMUSDT XMRUSDT XNYUSDT XPINUSDT XPLUSDT XRPUSDT XTZUSDT XVGUSDT XVSUSDT YBUSDT YFIUSDT YGGUSDT ZAMAUSDT ZBTUSDT ZECUSDT ZENUSDT ZILUSDT ZKCUSDT ZKPUSDT ZKUSDT ZORAUSDT ZROUSDT ZRXUSDT
2026-03-28,532,429,20,BTCUSDT ETHUSDT SOLUSDT XRPUSDT DOGEUSDT BNBUSDT HYPEUSDT ZECUSDT RIVERUSDT PIPPINUSDT 1000PEPEUSDT POWERUSDT SUIUSDT ADAUSDT BCHUSDT LINKUSDT AVAXUSDT SIRENUSDT ASTERUSDT BERAUSDT,0GUSDT 1000BONKUSDT 1000FLOKIUSDT 1000LUNCUSDT 1000PEPEUSDT 1000RATSUSDT 1000SATSUSDT 1000SHIBUSDT 1INCHUSDT 1MBABYDOGEUSDT 2ZUSDT 4USDT AAVEUSDT ACEUSDT ACHUSDT ACTUSDT ACUUSDT ADAUSDT AERGOUSDT AEROUSDT AEVOUSDT AGLDUSDT AGTUSDT AIAUSDT AIOTUSDT AIOUSDT AIXBTUSDT AKEUSDT AKTUSDT ALCHUSDT ALGOUSDT ALICEUSDT ALLOUSDT ALTUSDT ANIMEUSDT ANKRUSDT APEUSDT API3USDT APRUSDT APTUSDT ARBUSDT ARCUSDT ARIAUSDT ARKMUSDT ARKUSDT ARPAUSDT ARUSDT ASTERUSDT ASTRUSDT ATHUSDT ATOMUSDT ATUSDT AUCTIONUSDT AUSDT AVAAIUSDT AVAXUSDT AVNTUSDT AWEUSDT AXLUSDT AXSUSDT B2USDT BABYUSDT BANANAS31USDT BANANAUSDT BANDUSDT BANKUSDT BANUSDT BARDUSDT BASUSDT BATUSDT BBUSDT BCHUSDT BEAMXUSDT BEATUSDT BELUSDT BERAUSDT BIGTIMEUSDT BIOUSDT BIRBUSDT BLESSUSDT BLUAIUSDT BLURUSDT BNBUSDT BOBUSDT BOMEUSDT BRETTUSDT BREVUSDT BROCCOLI714USDT BSVUSDT BTCUSDT BTRUSDT BULLAUSDT BUSDT C98USDT CAKEUSDT CCUSDT CELOUSDT CFXUSDT CHRUSDT CHZUSDT CLANKERUSDT CLOUSDT COAIUSDT COLLECTUSDT COMPUSDT COTIUSDT COWUSDT CRVUSDT CTSIUSDT CVCUSDT CVXUSDT CYBERUSDT CYSUSDT DASHUSDT DEEPUSDT DENTUSDT DEXEUSDT DOGEUSDT DOLOUSDT DOODUSDT DOTUSDT DRIFTUSDT DUSDT DUSKUSDT DYDXUSDT DYMUSDT EDENUSDT EDUUSDT EGLDUSDT EIGENUSDT ELSAUSDT ENAUSDT ENJUSDT ENSOUSDT ENSUSDT ERAUSDT ESPORTSUSDT ETCUSDT ETHFIUSDT ETHUSDT EULUSDT FARTCOINUSDT FETUSDT FFUSDT FHEUSDT FIDAUSDT FIGHTUSDT FILUSDT FIOUSDT FLOCKUSDT FLOWUSDT FLUIDUSDT FOGOUSDT FOLKSUSDT FORMUSDT FRAXUSDT FUNUSDT FUSDT GALAUSDT GASUSDT GIGGLEUSDT GLMUSDT GMTUSDT GOATUSDT GPSUSDT GRASSUSDT GRIFFAINUSDT GRTUSDT GTCUSDT GUAUSDT GUNUSDT GUSDT GWEIUSDT HANAUSDT HBARUSDT HEMIUSDT HFTUSDT HIVEUSDT HMSTRUSDT HOLOUSDT HOMEUSDT HOTUSDT HUMAUSDT HUSDT HYPERUSDT HYPEUSDT ICNTUSDT ICPUSDT ICXUSDT IDOLUSDT IDUSDT IMXUSDT INITUSDT INJUSDT INUSDT INXUSDT IOTAUSDT IOTXUSDT IOUSDT IPUSDT IRUSDT IRYSUSDT JASMYUSDT JCTUSDT JELLYJELLYUSDT JSTUSDT JTOUSDT JUPUSDT KAIAUSDT KAITOUSDT KASUSDT KAVAUSDT KERNELUSDT KGENUSDT KITEUSDT KMNOUSDT KSMUSDT LAUSDT LAYERUSDT LDOUSDT LIGHTUSDT LINEAUSDT LINKUSDT LITUSDT LPTUSDT LQTYUSDT LRCUSDT LSKUSDT LTCUSDT LUNA2USDT LYNUSDT MAGICUSDT MAGMAUSDT MANAUSDT MANTAUSDT MASKUSDT MEGAUSDT MELANIAUSDT MEMEUSDT MERLUSDT METISUSDT METUSDT MEUSDT MEWUSDT MINAUSDT MIRAUSDT MMTUSDT MOCAUSDT MONUSDT MOODENGUSDT MORPHOUSDT MOVEUSDT MUBARAKUSDT MUSDT MYXUSDT NAORISUSDT NEARUSDT NEIROUSDT NEOUSDT NEWTUSDT NIGHTUSDT NILUSDT NMRUSDT NOMUSDT NOTUSDT NXPCUSDT OGNUSDT OGUSDT ONDOUSDT ONEUSDT ONTUSDT ONUSDT OPENUSDT OPUSDT ORCAUSDT ORDERUSDT ORDIUSDT PARTIUSDT PENDLEUSDT PENGUUSDT PEOPLEUSDT PIEVERSEUSDT PIPPINUSDT PLAYUSDT PLUMEUSDT PNUTUSDT POLUSDT POLYXUSDT POPCATUSDT PORTALUSDT POWERUSDT PROMPTUSDT PROMUSDT PROVEUSDT PTBUSDT PUMPUSDT PYTHUSDT QNTUSDT QTUMUSDT QUSDT RAREUSDT RAVEUSDT RAYSOLUSDT RECALLUSDT REDUSDT RENDERUSDT RESOLVUSDT REZUSDT RIFUSDT RIVERUSDT RLSUSDT RONINUSDT ROSEUSDT RPLUSDT RSRUSDT RUNEUSDT RVNUSDT SAGAUSDT SAHARAUSDT SANDUSDT SANTOSUSDT SAPIENUSDT SEIUSDT SENTUSDT SHELLUSDT SIGNUSDT SIRENUSDT SKLUSDT SKRUSDT SKYAIUSDT SKYUSDT SNXUSDT SOLUSDT SOLVUSDT SOMIUSDT SONICUSDT SOONUSDT SOPHUSDT SPACEUSDT SPKUSDT SPORTFUNUSDT SPXUSDT SQDUSDT SSVUSDT STABLEUSDT STBLUSDT STEEMUSDT STGUSDT STORJUSDT STOUSDT STRKUSDT STXUSDT SUIUSDT SUNUSDT SUPERUSDT SUSDT SUSHIUSDT SWARMSUSDT SXTUSDT SYNUSDT SYRUPUSDT TAGUSDT TAKEUSDT TAOUSDT THETAUSDT THEUSDT TIAUSDT TLMUSDT TNSRUSDT TONUSDT TOSHIUSDT TOWNSUSDT TRADOORUSDT TRBUSDT TREEUSDT TRUMPUSDT TRUSTUSDT TRUTHUSDT TRXUSDT TURBOUSDT TUSDT TWTUSDT UAIUSDT UBUSDT UMAUSDT UNIUSDT USELESSUSDT USTCUSDT USUALUSDT VANAUSDT VANRYUSDT VELVETUSDT VETUSDT VIRTUALUSDT VTHOUSDT VVVUSDT WALUSDT WCTUSDT WETUSDT WIFUSDT WLDUSDT WLFIUSDT WOOUSDT WUSDT XAIUSDT XANUSDT XLMUSDT XMRUSDT XNYUSDT XPINUSDT XPLUSDT XRPUSDT XTZUSDT XVGUSDT XVSUSDT YBUSDT YFIUSDT YGGUSDT ZAMAUSDT ZBTUSDT ZECUSDT ZENUSDT ZILUSDT ZKCUSDT ZKPUSDT ZKUSDT ZORAUSDT ZROUSDT ZRXUSDT
2026-04-04,528,443,20,BTCUSDT ETHUSDT SOLUSDT XRPUSDT DOGEUSDT SIRENUSDT RIVERUSDT HYPEUSDT ZECUSDT TAOUSDT BNBUSDT 1000PEPEUSDT PIPPINUSDT ADAUSDT SUIUSDT TRUMPUSDT PIXELUSDT AVAXUSDT LINKUSDT NEARUSDT,0GUSDT 1000BONKUSDT 1000CHEEMSUSDT 1000FLOKIUSDT 1000LUNCUSDT 1000PEPEUSDT 1000RATSUSDT 1000SATSUSDT 1000SHIBUSDT 1INCHUSDT 1MBABYDOGEUSDT 2ZUSDT 4USDT AAVEUSDT ACEUSDT ACHUSDT ACTUSDT ACUUSDT ACXUSDT ADAUSDT AEROUSDT AEVOUSDT AGLDUSDT AGTUSDT AIAUSDT AINUSDT AIOTUSDT AIOUSDT AIUSDT AIXBTUSDT AKEUSDT AKTUSDT ALCHUSDT ALGOUSDT ALICEUSDT ALLOUSDT ALTUSDT ANIMEUSDT ANKRUSDT APEUSDT API3USDT APRUSDT APTUSDT ARBUSDT ARCUSDT ARIAUSDT ARKMUSDT ARPAUSDT ARUSDT ASTERUSDT ASTRUSDT ATHUSDT ATOMUSDT ATUSDT AUCTIONUSDT AUSDT AVAXUSDT AVNTUSDT AWEUSDT AXLUSDT AXSUSDT AZTECUSDT B3USDT BABYUSDT BANANAS31USDT BANANAUSDT BANDUSDT BANKUSDT BANUSDT BARDUSDT BASUSDT BATUSDT BBUSDT BCHUSDT BEAMXUSDT BEATUSDT BERAUSDT BICOUSDT BIGTIMEUSDT BIOUSDT BIRBUSDT BLESSUSDT BLUAIUSDT BNBUSDT BOBUSDT BOMEUSDT BRETTUSDT BREVUSDT BROCCOLI714USDT BRUSDT BSVUSDT BTCUSDT BTRUSDT BULLAUSDT BUSDT C98USDT CAKEUSDT CATIUSDT CCUSDT CELOUSDT CETUSUSDT CFXUSDT CHRUSDT CHZUSDT CLOUSDT COAIUSDT COLLECTUSDT COMPUSDT COOKIEUSDT COSUSDT COTIUSDT COWUSDT CRVUSDT CUSDT CVCUSDT CVXUSDT CYBERUSDT CYSUSDT DASHUSDT DEEPUSDT DEGENUSDT DEGOUSDT DENTUSDT DEXEUSDT DOGEUSDT DOGSUSDT DOODUSDT DOTUSDT DRIFTUSDT DUSDT DUSKUSDT DYDXUSDT DYMUSDT EDENUSDT EDUUSDT EGLDUSDT EIGENUSDT ELSAUSDT ENAUSDT ENJUSDT ENSOUSDT ENSUSDT EPICUSDT ESPORTSUSDT ESPUSDT ETCUSDT ETHFIUSDT ETHUSDT EULUSDT FARTCOINUSDT FETUSDT FFUSDT FHEUSDT FIDAUSDT FIGHTUSDT FILUSDT FIOUSDT FLOCKUSDT FLOWUSDT FLUIDUSDT FLUXUSDT FOGOUSDT FOLKSUSDT FORMUSDT FRAXUSDT FUSDT GALAUSDT GASUSDT GIGGLEUSDT GLMUSDT GMTUSDT GMXUSDT GOATUSDT GPSUSDT GRASSUSDT GRIFFAINUSDT GRTUSDT GTCUSDT GUAUSDT GUNUSDT GUSDT GWEIUSDT HAEDALUSDT HANAUSDT HBARUSDT HEMIUSDT HFTUSDT HIPPOUSDT HOLOUSDT HOMEUSDT HOTUSDT HUMAUSDT HUSDT HYPERUSDT HYPEUSDT ICNTUSDT ICPUSDT ICXUSDT IDUSDT ILVUSDT IMXUSDT INITUSDT INJUSDT INUSDT INXUSDT IOTAUSDT IOTXUSDT IOUSDT IPUSDT IRUSDT IRYSUSDT JASMYUSDT JCTUSDT JELLYJELLYUSDT JSTUSDT JTOUSDT JUPUSDT KAIAUSDT KAITOUSDT KASUSDT KAVAUSDT KERNELUSDT KGENUSDT KITEUSDT KMNOUSDT KNCUSDT KSMUSDT LABUSDT LAUSDT LAYERUSDT LDOUSDT LIGHTUSDT LINEAUSDT LINKUSDT LISTAUSDT LITUSDT LPTUSDT LTCUSDT LUNA2USDT LYNUSDT MAGICUSDT MAGMAUSDT MANAUSDT MASKUSDT MAVUSDT MBOXUSDT MELANIAUSDT MEMEUSDT MERLUSDT METUSDT MEUSDT MEWUSDT MINAUSDT MIRAUSDT MLNUSDT MMTUSDT MONUSDT MOODENGUSDT MORPHOUSDT MOVEUSDT MOVRUSDT MUBARAKUSDT MUSDT MYXUSDT NAORISUSDT NEARUSDT NEIROUSDT NEOUSDT NEWTUSDT NIGHTUSDT NILUSDT NMRUSDT NOMUSDT NOTUSDT NXPCUSDT OGNUSDT OGUSDT ONDOUSDT ONEUSDT ONGUSDT ONTUSDT ONUSDT OPENUSDT OPNUSDT OPUSDT ORCAUSDT ORDERUSDT ORDIUSDT OXTUSDT PARTIUSDT PENDLEUSDT PENGUUSDT PEOPLEUSDT PHAUSDT PHBUSDT PIEVERSEUSDT PIPPINUSDT PIXELUSDT PLAYUSDT PLUMEUSDT PNUTUSDT POLUSDT POLYXUSDT POPCATUSDT PORTALUSDT POWERUSDT PROMUSDT PROVEUSDT PTBUSDT PUMPUSDT PYTHUSDT QNTUSDT QTUMUSDT QUSDT RAVEUSDT RAYSOLUSDT RECALLUSDT REDUSDT RENDERUSDT RESOLVUSDT REZUSDT RIVERUSDT RLCUSDT ROBOUSDT RONINUSDT ROSEUSDT RPLUSDT RSRUSDT RUNEUSDT RVNUSDT SAGAUSDT SAHARAUSDT SANDUSDT SANTOSUSDT SAPIENUSDT SEIUSDT SENTUSDT SHELLUSDT SIGNUSDT SIRENUSDT SKLUSDT SKRUSDT SKYAIUSDT SKYUSDT SLPUSDT SNXUSDT SOLUSDT SOLVUSDT SOMIUSDT SOONUSDT SOPHUSDT SPACEUSDT SPKUSDT SPXUSDT SQDUSDT SSVUSDT STABLEUSDT STEEMUSDT STGUSDT STORJUSDT STOUSDT STRKUSDT STXUSDT SUIUSDT SUNUSDT SUPERUSDT SUSDT SUSHIUSDT SWARMSUSDT SXTUSDT SYRUPUSDT TAGUSDT TAKEUSDT TAOUSDT TAUSDT THETAUSDT THEUSDT TIAUSDT TLMUSDT TNSRUSDT TONUSDT TOSHIUSDT TOWNSUSDT TRADOORUSDT TRBUSDT TREEUSDT TRIAUSDT TRUMPUSDT TRUTHUSDT TRUUSDT TRXUSDT TURBOUSDT TUSDT TUTUSDT TWTUSDT UAIUSDT UBUSDT UMAUSDT UNIUSDT USELESSUSDT USUALUSDT USUSDT VANAUSDT VANRYUSDT VELVETUSDT VETUSDT VICUSDT VIRTUALUSDT VVVUSDT WALUSDT WAXPUSDT WCTUSDT WETUSDT WIFUSDT WLDUSDT WLFIUSDT WOOUSDT WUSDT XAIUSDT XANUSDT XLMUSDT XMRUSDT XNYUSDT XPLUSDT XRPUSDT XTZUSDT XVGUSDT YBUSDT YFIUSDT YGGUSDT ZAMAUSDT ZBTUSDT ZECUSDT ZENUSDT ZEREBROUSDT ZETAUSDT ZILUSDT ZKCUSDT ZKPUSDT ZKUSDT ZORAUSDT ZROUSDT ZRXUSDT
2026-04-11,528,443,20,BTCUSDT ETHUSDT SOLUSDT XRPUSDT DOGEUSDT SIRENUSDT RIVERUSDT HYPEUSDT ZECUSDT TAOUSDT BNBUSDT 1000PEPEUSDT PIPPINUSDT ADAUSDT SUIUSDT TRUMPUSDT PIXELUSDT AVAXUSDT LINKUSDT NEARUSDT,0GUSDT 1000BONKUSDT 1000CHEEMSUSDT 1000FLOKIUSDT 1000LUNCUSDT 1000PEPEUSDT 1000RATSUSDT 1000SATSUSDT 1000SHIBUSDT 1INCHUSDT 1MBABYDOGEUSDT 2ZUSDT 4USDT AAVEUSDT ACEUSDT ACHUSDT ACTUSDT ACUUSDT ACXUSDT ADAUSDT AEROUSDT AEVOUSDT AGLDUSDT AGTUSDT AIAUSDT AINUSDT AIOTUSDT AIOUSDT AIUSDT AIXBTUSDT AKEUSDT AKTUSDT ALCHUSDT ALGOUSDT ALICEUSDT ALLOUSDT ALTUSDT ANIMEUSDT ANKRUSDT APEUSDT API3USDT APRUSDT APTUSDT ARBUSDT ARCUSDT ARIAUSDT ARKMUSDT ARPAUSDT ARUSDT ASTERUSDT ASTRUSDT ATHUSDT ATOMUSDT ATUSDT AUCTIONUSDT AUSDT AVAXUSDT AVNTUSDT AWEUSDT AXLUSDT AXSUSDT AZTECUSDT B3USDT BABYUSDT BANANAS31USDT BANANAUSDT BANDUSDT BANKUSDT BANUSDT BARDUSDT BASUSDT BATUSDT BBUSDT BCHUSDT BEAMXUSDT BEATUSDT BERAUSDT BICOUSDT BIGTIMEUSDT BIOUSDT BIRBUSDT BLESSUSDT BLUAIUSDT BNBUSDT BOBUSDT BOMEUSDT BRETTUSDT BREVUSDT BROCCOLI714USDT BRUSDT BSVUSDT BTCUSDT BTRUSDT BULLAUSDT BUSDT C98USDT CAKEUSDT CATIUSDT CCUSDT CELOUSDT CETUSUSDT CFXUSDT CHRUSDT CHZUSDT CLOUSDT COAIUSDT COLLECTUSDT COMPUSDT COOKIEUSDT COSUSDT COTIUSDT COWUSDT CRVUSDT CUSDT CVCUSDT CVXUSDT CYBERUSDT CYSUSDT DASHUSDT DEEPUSDT DEGENUSDT DEGOUSDT DENTUSDT DEXEUSDT DOGEUSDT DOGSUSDT DOODUSDT DOTUSDT DRIFTUSDT DUSDT DUSKUSDT DYDXUSDT DYMUSDT EDENUSDT EDUUSDT EGLDUSDT EIGENUSDT ELSAUSDT ENAUSDT ENJUSDT ENSOUSDT ENSUSDT EPICUSDT ESPORTSUSDT ESPUSDT ETCUSDT ETHFIUSDT ETHUSDT EULUSDT FARTCOINUSDT FETUSDT FFUSDT FHEUSDT FIDAUSDT FIGHTUSDT FILUSDT FIOUSDT FLOCKUSDT FLOWUSDT FLUIDUSDT FLUXUSDT FOGOUSDT FOLKSUSDT FORMUSDT FRAXUSDT FUSDT GALAUSDT GASUSDT GIGGLEUSDT GLMUSDT GMTUSDT GMXUSDT GOATUSDT GPSUSDT GRASSUSDT GRIFFAINUSDT GRTUSDT GTCUSDT GUAUSDT GUNUSDT GUSDT GWEIUSDT HAEDALUSDT HANAUSDT HBARUSDT HEMIUSDT HFTUSDT HIPPOUSDT HOLOUSDT HOMEUSDT HOTUSDT HUMAUSDT HUSDT HYPERUSDT HYPEUSDT ICNTUSDT ICPUSDT ICXUSDT IDUSDT ILVUSDT IMXUSDT INITUSDT INJUSDT INUSDT INXUSDT IOTAUSDT IOTXUSDT IOUSDT IPUSDT IRUSDT IRYSUSDT JASMYUSDT JCTUSDT JELLYJELLYUSDT JSTUSDT JTOUSDT JUPUSDT KAIAUSDT KAITOUSDT KASUSDT KAVAUSDT KERNELUSDT KGENUSDT KITEUSDT KMNOUSDT KNCUSDT KSMUSDT LABUSDT LAUSDT LAYERUSDT LDOUSDT LIGHTUSDT LINEAUSDT LINKUSDT LISTAUSDT LITUSDT LPTUSDT LTCUSDT LUNA2USDT LYNUSDT MAGICUSDT MAGMAUSDT MANAUSDT MASKUSDT MAVUSDT MBOXUSDT MELANIAUSDT MEMEUSDT MERLUSDT METUSDT MEUSDT MEWUSDT MINAUSDT MIRAUSDT MLNUSDT MMTUSDT MONUSDT MOODENGUSDT MORPHOUSDT MOVEUSDT MOVRUSDT MUBARAKUSDT MUSDT MYXUSDT NAORISUSDT NEARUSDT NEIROUSDT NEOUSDT NEWTUSDT NIGHTUSDT NILUSDT NMRUSDT NOMUSDT NOTUSDT NXPCUSDT OGNUSDT OGUSDT ONDOUSDT ONEUSDT ONGUSDT ONTUSDT ONUSDT OPENUSDT OPNUSDT OPUSDT ORCAUSDT ORDERUSDT ORDIUSDT OXTUSDT PARTIUSDT PENDLEUSDT PENGUUSDT PEOPLEUSDT PHAUSDT PHBUSDT PIEVERSEUSDT PIPPINUSDT PIXELUSDT PLAYUSDT PLUMEUSDT PNUTUSDT POLUSDT POLYXUSDT POPCATUSDT PORTALUSDT POWERUSDT PROMUSDT PROVEUSDT PTBUSDT PUMPUSDT PYTHUSDT QNTUSDT QTUMUSDT QUSDT RAVEUSDT RAYSOLUSDT RECALLUSDT REDUSDT RENDERUSDT RESOLVUSDT REZUSDT RIVERUSDT RLCUSDT ROBOUSDT RONINUSDT ROSEUSDT RPLUSDT RSRUSDT RUNEUSDT RVNUSDT SAGAUSDT SAHARAUSDT SANDUSDT SANTOSUSDT SAPIENUSDT SEIUSDT SENTUSDT SHELLUSDT SIGNUSDT SIRENUSDT SKLUSDT SKRUSDT SKYAIUSDT SKYUSDT SLPUSDT SNXUSDT SOLUSDT SOLVUSDT SOMIUSDT SOONUSDT SOPHUSDT SPACEUSDT SPKUSDT SPXUSDT SQDUSDT SSVUSDT STABLEUSDT STEEMUSDT STGUSDT STORJUSDT STOUSDT STRKUSDT STXUSDT SUIUSDT SUNUSDT SUPERUSDT SUSDT SUSHIUSDT SWARMSUSDT SXTUSDT SYRUPUSDT TAGUSDT TAKEUSDT TAOUSDT TAUSDT THETAUSDT THEUSDT TIAUSDT TLMUSDT TNSRUSDT TONUSDT TOSHIUSDT TOWNSUSDT TRADOORUSDT TRBUSDT TREEUSDT TRIAUSDT TRUMPUSDT TRUTHUSDT TRUUSDT TRXUSDT TURBOUSDT TUSDT TUTUSDT TWTUSDT UAIUSDT UBUSDT UMAUSDT UNIUSDT USELESSUSDT USUALUSDT USUSDT VANAUSDT VANRYUSDT VELVETUSDT VETUSDT VICUSDT VIRTUALUSDT VVVUSDT WALUSDT WAXPUSDT WCTUSDT WETUSDT WIFUSDT WLDUSDT WLFIUSDT WOOUSDT WUSDT XAIUSDT XANUSDT XLMUSDT XMRUSDT XNYUSDT XPLUSDT XRPUSDT XTZUSDT XVGUSDT YBUSDT YFIUSDT YGGUSDT ZAMAUSDT ZBTUSDT ZECUSDT ZENUSDT ZEREBROUSDT ZETAUSDT ZILUSDT ZKCUSDT ZKPUSDT ZKUSDT ZORAUSDT ZROUSDT ZRXUSDT
2026-04-18,528,443,20,BTCUSDT ETHUSDT SOLUSDT XRPUSDT DOGEUSDT SIRENUSDT RIVERUSDT HYPEUSDT ZECUSDT TAOUSDT BNBUSDT 1000PEPEUSDT PIPPINUSDT ADAUSDT SUIUSDT TRUMPUSDT PIXELUSDT AVAXUSDT LINKUSDT NEARUSDT,0GUSDT 1000BONKUSDT 1000CHEEMSUSDT 1000FLOKIUSDT 1000LUNCUSDT 1000PEPEUSDT 1000RATSUSDT 1000SATSUSDT 1000SHIBUSDT 1INCHUSDT 1MBABYDOGEUSDT 2ZUSDT 4USDT AAVEUSDT ACEUSDT ACHUSDT ACTUSDT ACUUSDT ACXUSDT ADAUSDT AEROUSDT AEVOUSDT AGLDUSDT AGTUSDT AIAUSDT AINUSDT AIOTUSDT AIOUSDT AIUSDT AIXBTUSDT AKEUSDT AKTUSDT ALCHUSDT ALGOUSDT ALICEUSDT ALLOUSDT ALTUSDT ANIMEUSDT ANKRUSDT APEUSDT API3USDT APRUSDT APTUSDT ARBUSDT ARCUSDT ARIAUSDT ARKMUSDT ARPAUSDT ARUSDT ASTERUSDT ASTRUSDT ATHUSDT ATOMUSDT ATUSDT AUCTIONUSDT AUSDT AVAXUSDT AVNTUSDT AWEUSDT AXLUSDT AXSUSDT AZTECUSDT B3USDT BABYUSDT BANANAS31USDT BANANAUSDT BANDUSDT BANKUSDT BANUSDT BARDUSDT BASUSDT BATUSDT BBUSDT BCHUSDT BEAMXUSDT BEATUSDT BERAUSDT BICOUSDT BIGTIMEUSDT BIOUSDT BIRBUSDT BLESSUSDT BLUAIUSDT BNBUSDT BOBUSDT BOMEUSDT BRETTUSDT BREVUSDT BROCCOLI714USDT BRUSDT BSVUSDT BTCUSDT BTRUSDT BULLAUSDT BUSDT C98USDT CAKEUSDT CATIUSDT CCUSDT CELOUSDT CETUSUSDT CFXUSDT CHRUSDT CHZUSDT CLOUSDT COAIUSDT COLLECTUSDT COMPUSDT COOKIEUSDT COSUSDT COTIUSDT COWUSDT CRVUSDT CUSDT CVCUSDT CVXUSDT CYBERUSDT CYSUSDT DASHUSDT DEEPUSDT DEGENUSDT DEGOUSDT DENTUSDT DEXEUSDT DOGEUSDT DOGSUSDT DOODUSDT DOTUSDT DRIFTUSDT DUSDT DUSKUSDT DYDXUSDT DYMUSDT EDENUSDT EDUUSDT EGLDUSDT EIGENUSDT ELSAUSDT ENAUSDT ENJUSDT ENSOUSDT ENSUSDT EPICUSDT ESPORTSUSDT ESPUSDT ETCUSDT ETHFIUSDT ETHUSDT EULUSDT FARTCOINUSDT FETUSDT FFUSDT FHEUSDT FIDAUSDT FIGHTUSDT FILUSDT FIOUSDT FLOCKUSDT FLOWUSDT FLUIDUSDT FLUXUSDT FOGOUSDT FOLKSUSDT FORMUSDT FRAXUSDT FUSDT GALAUSDT GASUSDT GIGGLEUSDT GLMUSDT GMTUSDT GMXUSDT GOATUSDT GPSUSDT GRASSUSDT GRIFFAINUSDT GRTUSDT GTCUSDT GUAUSDT GUNUSDT GUSDT GWEIUSDT HAEDALUSDT HANAUSDT HBARUSDT HEMIUSDT HFTUSDT HIPPOUSDT HOLOUSDT HOMEUSDT HOTUSDT HUMAUSDT HUSDT HYPERUSDT HYPEUSDT ICNTUSDT ICPUSDT ICXUSDT IDUSDT ILVUSDT IMXUSDT INITUSDT INJUSDT INUSDT INXUSDT IOTAUSDT IOTXUSDT IOUSDT IPUSDT IRUSDT IRYSUSDT JASMYUSDT JCTUSDT JELLYJELLYUSDT JSTUSDT JTOUSDT JUPUSDT KAIAUSDT KAITOUSDT KASUSDT KAVAUSDT KERNELUSDT KGENUSDT KITEUSDT KMNOUSDT KNCUSDT KSMUSDT LABUSDT LAUSDT LAYERUSDT LDOUSDT LIGHTUSDT LINEAUSDT LINKUSDT LISTAUSDT LITUSDT LPTUSDT LTCUSDT LUNA2USDT LYNUSDT MAGICUSDT MAGMAUSDT MANAUSDT MASKUSDT MAVUSDT MBOXUSDT MELANIAUSDT MEMEUSDT MERLUSDT METUSDT MEUSDT MEWUSDT MINAUSDT MIRAUSDT MLNUSDT MMTUSDT MONUSDT MOODENGUSDT MORPHOUSDT MOVEUSDT MOVRUSDT MUBARAKUSDT MUSDT MYXUSDT NAORISUSDT NEARUSDT NEIROUSDT NEOUSDT NEWTUSDT NIGHTUSDT NILUSDT NMRUSDT NOMUSDT NOTUSDT NXPCUSDT OGNUSDT OGUSDT ONDOUSDT ONEUSDT ONGUSDT ONTUSDT ONUSDT OPENUSDT OPNUSDT OPUSDT ORCAUSDT ORDERUSDT ORDIUSDT OXTUSDT PARTIUSDT PENDLEUSDT PENGUUSDT PEOPLEUSDT PHAUSDT PHBUSDT PIEVERSEUSDT PIPPINUSDT PIXELUSDT PLAYUSDT PLUMEUSDT PNUTUSDT POLUSDT POLYXUSDT POPCATUSDT PORTALUSDT POWERUSDT PROMUSDT PROVEUSDT PTBUSDT PUMPUSDT PYTHUSDT QNTUSDT QTUMUSDT QUSDT RAVEUSDT RAYSOLUSDT RECALLUSDT REDUSDT RENDERUSDT RESOLVUSDT REZUSDT RIVERUSDT RLCUSDT ROBOUSDT RONINUSDT ROSEUSDT RPLUSDT RSRUSDT RUNEUSDT RVNUSDT SAGAUSDT SAHARAUSDT SANDUSDT SANTOSUSDT SAPIENUSDT SEIUSDT SENTUSDT SHELLUSDT SIGNUSDT SIRENUSDT SKLUSDT SKRUSDT SKYAIUSDT SKYUSDT SLPUSDT SNXUSDT SOLUSDT SOLVUSDT SOMIUSDT SOONUSDT SOPHUSDT SPACEUSDT SPKUSDT SPXUSDT SQDUSDT SSVUSDT STABLEUSDT STEEMUSDT STGUSDT STORJUSDT STOUSDT STRKUSDT STXUSDT SUIUSDT SUNUSDT SUPERUSDT SUSDT SUSHIUSDT SWARMSUSDT SXTUSDT SYRUPUSDT TAGUSDT TAKEUSDT TAOUSDT TAUSDT THETAUSDT THEUSDT TIAUSDT TLMUSDT TNSRUSDT TONUSDT TOSHIUSDT TOWNSUSDT TRADOORUSDT TRBUSDT TREEUSDT TRIAUSDT TRUMPUSDT TRUTHUSDT TRUUSDT TRXUSDT TURBOUSDT TUSDT TUTUSDT TWTUSDT UAIUSDT UBUSDT UMAUSDT UNIUSDT USELESSUSDT USUALUSDT USUSDT VANAUSDT VANRYUSDT VELVETUSDT VETUSDT VICUSDT VIRTUALUSDT VVVUSDT WALUSDT WAXPUSDT WCTUSDT WETUSDT WIFUSDT WLDUSDT WLFIUSDT WOOUSDT WUSDT XAIUSDT XANUSDT XLMUSDT XMRUSDT XNYUSDT XPLUSDT XRPUSDT XTZUSDT XVGUSDT YBUSDT YFIUSDT YGGUSDT ZAMAUSDT ZBTUSDT ZECUSDT ZENUSDT ZEREBROUSDT ZETAUSDT ZILUSDT ZKCUSDT ZKPUSDT ZKUSDT ZORAUSDT ZROUSDT ZRXUSDT
2026-04-25,528,443,20,BTCUSDT ETHUSDT SOLUSDT XRPUSDT DOGEUSDT SIRENUSDT RIVERUSDT HYPEUSDT ZECUSDT TAOUSDT BNBUSDT 1000PEPEUSDT PIPPINUSDT ADAUSDT SUIUSDT TRUMPUSDT PIXELUSDT AVAXUSDT LINKUSDT NEARUSDT,0GUSDT 1000BONKUSDT 1000CHEEMSUSDT 1000FLOKIUSDT 1000LUNCUSDT 1000PEPEUSDT 1000RATSUSDT 1000SATSUSDT 1000SHIBUSDT 1INCHUSDT 1MBABYDOGEUSDT 2ZUSDT 4USDT AAVEUSDT ACEUSDT ACHUSDT ACTUSDT ACUUSDT ACXUSDT ADAUSDT AEROUSDT AEVOUSDT AGLDUSDT AGTUSDT AIAUSDT AINUSDT AIOTUSDT AIOUSDT AIUSDT AIXBTUSDT AKEUSDT AKTUSDT ALCHUSDT ALGOUSDT ALICEUSDT ALLOUSDT ALTUSDT ANIMEUSDT ANKRUSDT APEUSDT API3USDT APRUSDT APTUSDT ARBUSDT ARCUSDT ARIAUSDT ARKMUSDT ARPAUSDT ARUSDT ASTERUSDT ASTRUSDT ATHUSDT ATOMUSDT ATUSDT AUCTIONUSDT AUSDT AVAXUSDT AVNTUSDT AWEUSDT AXLUSDT AXSUSDT AZTECUSDT B3USDT BABYUSDT BANANAS31USDT BANANAUSDT BANDUSDT BANKUSDT BANUSDT BARDUSDT BASUSDT BATUSDT BBUSDT BCHUSDT BEAMXUSDT BEATUSDT BERAUSDT BICOUSDT BIGTIMEUSDT BIOUSDT BIRBUSDT BLESSUSDT BLUAIUSDT BNBUSDT BOBUSDT BOMEUSDT BRETTUSDT BREVUSDT BROCCOLI714USDT BRUSDT BSVUSDT BTCUSDT BTRUSDT BULLAUSDT BUSDT C98USDT CAKEUSDT CATIUSDT CCUSDT CELOUSDT CETUSUSDT CFXUSDT CHRUSDT CHZUSDT CLOUSDT COAIUSDT COLLECTUSDT COMPUSDT COOKIEUSDT COSUSDT COTIUSDT COWUSDT CRVUSDT CUSDT CVCUSDT CVXUSDT CYBERUSDT CYSUSDT DASHUSDT DEEPUSDT DEGENUSDT DEGOUSDT DENTUSDT DEXEUSDT DOGEUSDT DOGSUSDT DOODUSDT DOTUSDT DRIFTUSDT DUSDT DUSKUSDT DYDXUSDT DYMUSDT EDENUSDT EDUUSDT EGLDUSDT EIGENUSDT ELSAUSDT ENAUSDT ENJUSDT ENSOUSDT ENSUSDT EPICUSDT ESPORTSUSDT ESPUSDT ETCUSDT ETHFIUSDT ETHUSDT EULUSDT FARTCOINUSDT FETUSDT FFUSDT FHEUSDT FIDAUSDT FIGHTUSDT FILUSDT FIOUSDT FLOCKUSDT FLOWUSDT FLUIDUSDT FLUXUSDT FOGOUSDT FOLKSUSDT FORMUSDT FRAXUSDT FUSDT GALAUSDT GASUSDT GIGGLEUSDT GLMUSDT GMTUSDT GMXUSDT GOATUSDT GPSUSDT GRASSUSDT GRIFFAINUSDT GRTUSDT GTCUSDT GUAUSDT GUNUSDT GUSDT GWEIUSDT HAEDALUSDT HANAUSDT HBARUSDT HEMIUSDT HFTUSDT HIPPOUSDT HOLOUSDT HOMEUSDT HOTUSDT HUMAUSDT HUSDT HYPERUSDT HYPEUSDT ICNTUSDT ICPUSDT ICXUSDT IDUSDT ILVUSDT IMXUSDT INITUSDT INJUSDT INUSDT INXUSDT IOTAUSDT IOTXUSDT IOUSDT IPUSDT IRUSDT IRYSUSDT JASMYUSDT JCTUSDT JELLYJELLYUSDT JSTUSDT JTOUSDT JUPUSDT KAIAUSDT KAITOUSDT KASUSDT KAVAUSDT KERNELUSDT KGENUSDT KITEUSDT KMNOUSDT KNCUSDT KSMUSDT LABUSDT LAUSDT LAYERUSDT LDOUSDT LIGHTUSDT LINEAUSDT LINKUSDT LISTAUSDT LITUSDT LPTUSDT LTCUSDT LUNA2USDT LYNUSDT MAGICUSDT MAGMAUSDT MANAUSDT MASKUSDT MAVUSDT MBOXUSDT MELANIAUSDT MEMEUSDT MERLUSDT METUSDT MEUSDT MEWUSDT MINAUSDT MIRAUSDT MLNUSDT MMTUSDT MONUSDT MOODENGUSDT MORPHOUSDT MOVEUSDT MOVRUSDT MUBARAKUSDT MUSDT MYXUSDT NAORISUSDT NEARUSDT NEIROUSDT NEOUSDT NEWTUSDT NIGHTUSDT NILUSDT NMRUSDT NOMUSDT NOTUSDT NXPCUSDT OGNUSDT OGUSDT ONDOUSDT ONEUSDT ONGUSDT ONTUSDT ONUSDT OPENUSDT OPNUSDT OPUSDT ORCAUSDT ORDERUSDT ORDIUSDT OXTUSDT PARTIUSDT PENDLEUSDT PENGUUSDT PEOPLEUSDT PHAUSDT PHBUSDT PIEVERSEUSDT PIPPINUSDT PIXELUSDT PLAYUSDT PLUMEUSDT PNUTUSDT POLUSDT POLYXUSDT POPCATUSDT PORTALUSDT POWERUSDT PROMUSDT PROVEUSDT PTBUSDT PUMPUSDT PYTHUSDT QNTUSDT QTUMUSDT QUSDT RAVEUSDT RAYSOLUSDT RECALLUSDT REDUSDT RENDERUSDT RESOLVUSDT REZUSDT RIVERUSDT RLCUSDT ROBOUSDT RONINUSDT ROSEUSDT RPLUSDT RSRUSDT RUNEUSDT RVNUSDT SAGAUSDT SAHARAUSDT SANDUSDT SANTOSUSDT SAPIENUSDT SEIUSDT SENTUSDT SHELLUSDT SIGNUSDT SIRENUSDT SKLUSDT SKRUSDT SKYAIUSDT SKYUSDT SLPUSDT SNXUSDT SOLUSDT SOLVUSDT SOMIUSDT SOONUSDT SOPHUSDT SPACEUSDT SPKUSDT SPXUSDT SQDUSDT SSVUSDT STABLEUSDT STEEMUSDT STGUSDT STORJUSDT STOUSDT STRKUSDT STXUSDT SUIUSDT SUNUSDT SUPERUSDT SUSDT SUSHIUSDT SWARMSUSDT SXTUSDT SYRUPUSDT TAGUSDT TAKEUSDT TAOUSDT TAUSDT THETAUSDT THEUSDT TIAUSDT TLMUSDT TNSRUSDT TONUSDT TOSHIUSDT TOWNSUSDT TRADOORUSDT TRBUSDT TREEUSDT TRIAUSDT TRUMPUSDT TRUTHUSDT TRUUSDT TRXUSDT TURBOUSDT TUSDT TUTUSDT TWTUSDT UAIUSDT UBUSDT UMAUSDT UNIUSDT USELESSUSDT USUALUSDT USUSDT VANAUSDT VANRYUSDT VELVETUSDT VETUSDT VICUSDT VIRTUALUSDT VVVUSDT WALUSDT WAXPUSDT WCTUSDT WETUSDT WIFUSDT WLDUSDT WLFIUSDT WOOUSDT WUSDT XAIUSDT XANUSDT XLMUSDT XMRUSDT XNYUSDT XPLUSDT XRPUSDT XTZUSDT XVGUSDT YBUSDT YFIUSDT YGGUSDT ZAMAUSDT ZBTUSDT ZECUSDT ZENUSDT ZEREBROUSDT ZETAUSDT ZILUSDT ZKCUSDT ZKPUSDT ZKUSDT ZORAUSDT ZROUSDT ZRXUSDT
2026-05-02,517,459,20,BTCUSDT ETHUSDT SOLUSDT RAVEUSDT DOGEUSDT XRPUSDT ZECUSDT HYPEUSDT 1000PEPEUSDT STOUSDT SIRENUSDT BNBUSDT TAOUSDT ADAUSDT ORDIUSDT ARIAUSDT ENJUSDT SUIUSDT AVAXUSDT RIVERUSDT,0GUSDT 1000000MOGUSDT 1000BONKUSDT 1000CATUSDT 1000FLOKIUSDT 1000LUNCUSDT 1000PEPEUSDT 1000RATSUSDT 1000SATSUSDT 1000SHIBUSDT 1INCHUSDT 1MBABYDOGEUSDT 2ZUSDT 4USDT AAVEUSDT ACEUSDT ACHUSDT ACTUSDT ACUUSDT ADAUSDT AEROUSDT AEVOUSDT AGLDUSDT AGTUSDT AIAUSDT AINUSDT AIOTUSDT AIOUSDT AIXBTUSDT AKEUSDT AKTUSDT ALCHUSDT ALGOUSDT ALICEUSDT ALLOUSDT ALTUSDT ANIMEUSDT ANKRUSDT APEUSDT API3USDT APRUSDT APTUSDT ARBUSDT ARCUSDT ARIAUSDT ARKMUSDT ARPAUSDT ARUSDT ASTERUSDT ATAUSDT ATHUSDT ATOMUSDT ATUSDT AUCTIONUSDT AUSDT AVAAIUSDT AVAXUSDT AVNTUSDT AWEUSDT AXLUSDT AXSUSDT AZTECUSDT B2USDT BABYUSDT BANANAS31USDT BANANAUSDT BANDUSDT BANKUSDT BANUSDT BARDUSDT BASEDUSDT BASUSDT BATUSDT BBUSDT BCHUSDT BEATUSDT BELUSDT BERAUSDT BICOUSDT BIGTIMEUSDT BIOUSDT BIRBUSDT BLESSUSDT BLUAIUSDT BLURUSDT BNBUSDT BOMEUSDT BRETTUSDT BREVUSDT BROCCOLI714USDT BROCCOLIF3BUSDT BRUSDT BSBUSDT BSVUSDT BTCUSDT BTRUSDT BULLAUSDT BUSDT C98USDT CAKEUSDT CARVUSDT CATIUSDT CCUSDT CELOUSDT CETUSUSDT CFGUSDT CFXUSDT CGPTUSDT CHILLGUYUSDT CHRUSDT CHZUSDT CKBUSDT CLOUSDT COAIUSDT COLLECTUSDT COMPUSDT COSUSDT COWUSDT CROSSUSDT CRVUSDT CTSIUSDT CUSDT CYBERUSDT CYSUSDT DASHUSDT DEXEUSDT DODOXUSDT DOGEUSDT DOGSUSDT DOLOUSDT DOODUSDT DOTUSDT DRIFTUSDT DUSDT DUSKUSDT DYDXUSDT DYMUSDT EDENUSDT EDGEUSDT EDUUSDT EGLDUSDT EIGENUSDT ELSAUSDT ENAUSDT ENJUSDT ENSOUSDT ENSUSDT EPICUSDT ERAUSDT ESPORTSUSDT ESPUSDT ETCUSDT ETHFIUSDT ETHUSDT ETHWUSDT EULUSDT EVAAUSDT FARTCOINUSDT FETUSDT FFUSDT FHEUSDT FIDAUSDT FIGHTUSDT FILUSDT FLOCKUSDT FLOWUSDT FLUIDUSDT FLUXUSDT FOGOUSDT FOLKSUSDT FORMUSDT FRAXUSDT FUSDT GALAUSDT GASUSDT GIGGLEUSDT GMTUSDT GOATUSDT GPSUSDT GRASSUSDT GRIFFAINUSDT GRTUSDT GTCUSDT GUAUSDT GUNUSDT GUSDT GWEIUSDT HAEDALUSDT HBARUSDT HEIUSDT HEMIUSDT HFTUSDT HIGHUSDT HMSTRUSDT HOLOUSDT HOMEUSDT HUMAUSDT HUSDT HYPERUSDT HYPEUSDT ICNTUSDT ICPUSDT IDUSDT ILVUSDT IMXUSDT INITUSDT INJUSDT INUSDT INXUSDT IOSTUSDT IOTAUSDT IOUSDT IPUSDT IRYSUSDT JASMYUSDT JCTUSDT JELLYJELLYUSDT JOEUSDT JSTUSDT JTOUSDT JUPUSDT KAIAUSDT KAITOUSDT KASUSDT KATUSDT KAVAUSDT KERNELUSDT KGENUSDT KITEUSDT KMNOUSDT KNCUSDT KOMAUSDT KSMUSDT LABUSDT LAUSDT LAYERUSDT LDOUSDT LIGHTUSDT LINEAUSDT LINKUSDT LISTAUSDT LITUSDT LPTUSDT LTCUSDT LUMIAUSDT LUNA2USDT LYNUSDT MAGICUSDT MAGMAUSDT MANAUSDT MANTAUSDT MANTRAUSDT MASKUSDT MAVUSDT MBOXUSDT MEGAUSDT MELANIAUSDT MEMEUSDT MERLUSDT METISUSDT METUSDT MEUSDT MINAUSDT MIRAUSDT MLNUSDT MMTUSDT MONUSDT MOODENGUSDT MORPHOUSDT MOVEUSDT MOVRUSDT MUBARAKUSDT MUSDT MYXUSDT NAORISUSDT NEARUSDT NEIROUSDT NEOUSDT NEWTUSDT NFPUSDT NIGHTUSDT NILUSDT NMRUSDT NOMUSDT NOTUSDT OGNUSDT OGUSDT ONDOUSDT ONGUSDT ONTUSDT ONUSDT OPENUSDT OPNUSDT OPUSDT ORCAUSDT ORDERUSDT ORDIUSDT PARTIUSDT PENDLEUSDT PENGUUSDT PEOPLEUSDT PHAUSDT PHBUSDT PIEVERSEUSDT PIPPINUSDT PIXELUSDT PLAYUSDT PLUMEUSDT PNUTUSDT POLUSDT POLYXUSDT POPCATUSDT PORTALUSDT POWERUSDT PRLUSDT PROMUSDT PROVEUSDT PTBUSDT PUMPBTCUSDT PUMPUSDT PYTHUSDT QNTUSDT QTUMUSDT QUSDT RAREUSDT RAVEUSDT RAYSOLUSDT RECALLUSDT REDUSDT RENDERUSDT RESOLVUSDT REZUSDT RIFUSDT RIVERUSDT ROBOUSDT RONINUSDT ROSEUSDT RSRUSDT RUNEUSDT RVNUSDT SAFEUSDT SAGAUSDT SAHARAUSDT SANDUSDT SANTOSUSDT SAPIENUSDT SCRTUSDT SCRUSDT SEIUSDT SENTUSDT SHELLUSDT SIGNUSDT SIRENUSDT SKLUSDT SKRUSDT SKYAIUSDT SKYUSDT SLPUSDT SNXUSDT SOLUSDT SOLVUSDT SOMIUSDT SONICUSDT SOONUSDT SOPHUSDT SPACEUSDT SPELLUSDT SPKUSDT SPORTFUNUSDT SPXUSDT SSVUSDT STABLEUSDT STBLUSDT STGUSDT STOUSDT STRKUSDT STXUSDT SUIUSDT SUPERUSDT SUSDT SUSHIUSDT SWARMSUSDT SXTUSDT SYNUSDT SYRUPUSDT SYSUSDT TACUSDT TAGUSDT TAKEUSDT TAOUSDT TAUSDT THETAUSDT THEUSDT TIAUSDT TLMUSDT TNSRUSDT TONUSDT TOWNSUSDT TRADOORUSDT TRBUSDT TREEUSDT TRIAUSDT TRUMPUSDT TRUSTUSDT TRXUSDT TSTUSDT TURBOUSDT TURTLEUSDT TUTUSDT TWTUSDT UAIUSDT UBUSDT UMAUSDT UNIUSDT USELESSUSDT USTCUSDT USUALUSDT USUSDT VANAUSDT VANRYUSDT VELVETUSDT VETUSDT VICUSDT VIRTUALUSDT VVVUSDT WALUSDT WCTUSDT WETUSDT WIFUSDT WLDUSDT WLFIUSDT WOOUSDT WUSDT XAIUSDT XANUSDT XLMUSDT XMRUSDT XNYUSDT XPINUSDT XPLUSDT XRPUSDT XTZUSDT XVGUSDT YBUSDT YFIUSDT YGGUSDT ZAMAUSDT ZBTUSDT ZECUSDT ZENUSDT ZEREBROUSDT ZETAUSDT ZILUSDT ZKCUSDT ZKPUSDT ZKUSDT ZORAUSDT ZROUSDT ZRXUSDT
2026-05-09,517,459,20,BTCUSDT ETHUSDT SOLUSDT RAVEUSDT DOGEUSDT XRPUSDT ZECUSDT HYPEUSDT 1000PEPEUSDT STOUSDT SIRENUSDT BNBUSDT TAOUSDT ADAUSDT ORDIUSDT ARIAUSDT ENJUSDT SUIUSDT AVAXUSDT RIVERUSDT,0GUSDT 1000000MOGUSDT 1000BONKUSDT 1000CATUSDT 1000FLOKIUSDT 1000LUNCUSDT 1000PEPEUSDT 1000RATSUSDT 1000SATSUSDT 1000SHIBUSDT 1INCHUSDT 1MBABYDOGEUSDT 2ZUSDT 4USDT AAVEUSDT ACEUSDT ACHUSDT ACTUSDT ACUUSDT ADAUSDT AEROUSDT AEVOUSDT AGLDUSDT AGTUSDT AIAUSDT AINUSDT AIOTUSDT AIOUSDT AIXBTUSDT AKEUSDT AKTUSDT ALCHUSDT ALGOUSDT ALICEUSDT ALLOUSDT ALTUSDT ANIMEUSDT ANKRUSDT APEUSDT API3USDT APRUSDT APTUSDT ARBUSDT ARCUSDT ARIAUSDT ARKMUSDT ARPAUSDT ARUSDT ASTERUSDT ATAUSDT ATHUSDT ATOMUSDT ATUSDT AUCTIONUSDT AUSDT AVAAIUSDT AVAXUSDT AVNTUSDT AWEUSDT AXLUSDT AXSUSDT AZTECUSDT B2USDT BABYUSDT BANANAS31USDT BANANAUSDT BANDUSDT BANKUSDT BANUSDT BARDUSDT BASEDUSDT BASUSDT BATUSDT BBUSDT BCHUSDT BEATUSDT BELUSDT BERAUSDT BICOUSDT BIGTIMEUSDT BIOUSDT BIRBUSDT BLESSUSDT BLUAIUSDT BLURUSDT BNBUSDT BOMEUSDT BRETTUSDT BREVUSDT BROCCOLI714USDT BROCCOLIF3BUSDT BRUSDT BSBUSDT BSVUSDT BTCUSDT BTRUSDT BULLAUSDT BUSDT C98USDT CAKEUSDT CARVUSDT CATIUSDT CCUSDT CELOUSDT CETUSUSDT CFGUSDT CFXUSDT CGPTUSDT CHILLGUYUSDT CHRUSDT CHZUSDT CKBUSDT CLOUSDT COAIUSDT COLLECTUSDT COMPUSDT COSUSDT COWUSDT CROSSUSDT CRVUSDT CTSIUSDT CUSDT CYBERUSDT CYSUSDT DASHUSDT DEXEUSDT DODOXUSDT DOGEUSDT DOGSUSDT DOLOUSDT DOODUSDT DOTUSDT DRIFTUSDT DUSDT DUSKUSDT DYDXUSDT DYMUSDT EDENUSDT EDGEUSDT EDUUSDT EGLDUSDT EIGENUSDT ELSAUSDT ENAUSDT ENJUSDT ENSOUSDT ENSUSDT EPICUSDT ERAUSDT ESPORTSUSDT ESPUSDT ETCUSDT ETHFIUSDT ETHUSDT ETHWUSDT EULUSDT EVAAUSDT FARTCOINUSDT FETUSDT FFUSDT FHEUSDT FIDAUSDT FIGHTUSDT FILUSDT FLOCKUSDT FLOWUSDT FLUIDUSDT FLUXUSDT FOGOUSDT FOLKSUSDT FORMUSDT FRAXUSDT FUSDT GALAUSDT GASUSDT GIGGLEUSDT GMTUSDT GOATUSDT GPSUSDT GRASSUSDT GRIFFAINUSDT GRTUSDT GTCUSDT GUAUSDT GUNUSDT GUSDT GWEIUSDT HAEDALUSDT HBARUSDT HEIUSDT HEMIUSDT HFTUSDT HIGHUSDT HMSTRUSDT HOLOUSDT HOMEUSDT HUMAUSDT HUSDT HYPERUSDT HYPEUSDT ICNTUSDT ICPUSDT IDUSDT ILVUSDT IMXUSDT INITUSDT INJUSDT INUSDT INXUSDT IOSTUSDT IOTAUSDT IOUSDT IPUSDT IRYSUSDT JASMYUSDT JCTUSDT JELLYJELLYUSDT JOEUSDT JSTUSDT JTOUSDT JUPUSDT KAIAUSDT KAITOUSDT KASUSDT KATUSDT KAVAUSDT KERNELUSDT KGENUSDT KITEUSDT KMNOUSDT KNCUSDT KOMAUSDT KSMUSDT LABUSDT LAUSDT LAYERUSDT LDOUSDT LIGHTUSDT LINEAUSDT LINKUSDT LISTAUSDT LITUSDT LPTUSDT LTCUSDT LUMIAUSDT LUNA2USDT LYNUSDT MAGICUSDT MAGMAUSDT MANAUSDT MANTAUSDT MANTRAUSDT MASKUSDT MAVUSDT MBOXUSDT MEGAUSDT MELANIAUSDT MEMEUSDT MERLUSDT METISUSDT METUSDT MEUSDT MINAUSDT MIRAUSDT MLNUSDT MMTUSDT MONUSDT MOODENGUSDT MORPHOUSDT MOVEUSDT MOVRUSDT MUBARAKUSDT MUSDT MYXUSDT NAORISUSDT NEARUSDT NEIROUSDT NEOUSDT NEWTUSDT NFPUSDT NIGHTUSDT NILUSDT NMRUSDT NOMUSDT NOTUSDT OGNUSDT OGUSDT ONDOUSDT ONGUSDT ONTUSDT ONUSDT OPENUSDT OPNUSDT OPUSDT ORCAUSDT ORDERUSDT ORDIUSDT PARTIUSDT PENDLEUSDT PENGUUSDT PEOPLEUSDT PHAUSDT PHBUSDT PIEVERSEUSDT PIPPINUSDT PIXELUSDT PLAYUSDT PLUMEUSDT PNUTUSDT POLUSDT POLYXUSDT POPCATUSDT PORTALUSDT POWERUSDT PRLUSDT PROMUSDT PROVEUSDT PTBUSDT PUMPBTCUSDT PUMPUSDT PYTHUSDT QNTUSDT QTUMUSDT QUSDT RAREUSDT RAVEUSDT RAYSOLUSDT RECALLUSDT REDUSDT RENDERUSDT RESOLVUSDT REZUSDT RIFUSDT RIVERUSDT ROBOUSDT RONINUSDT ROSEUSDT RSRUSDT RUNEUSDT RVNUSDT SAFEUSDT SAGAUSDT SAHARAUSDT SANDUSDT SANTOSUSDT SAPIENUSDT SCRTUSDT SCRUSDT SEIUSDT SENTUSDT SHELLUSDT SIGNUSDT SIRENUSDT SKLUSDT SKRUSDT SKYAIUSDT SKYUSDT SLPUSDT SNXUSDT SOLUSDT SOLVUSDT SOMIUSDT SONICUSDT SOONUSDT SOPHUSDT SPACEUSDT SPELLUSDT SPKUSDT SPORTFUNUSDT SPXUSDT SSVUSDT STABLEUSDT STBLUSDT STGUSDT STOUSDT STRKUSDT STXUSDT SUIUSDT SUPERUSDT SUSDT SUSHIUSDT SWARMSUSDT SXTUSDT SYNUSDT SYRUPUSDT SYSUSDT TACUSDT TAGUSDT TAKEUSDT TAOUSDT TAUSDT THETAUSDT THEUSDT TIAUSDT TLMUSDT TNSRUSDT TONUSDT TOWNSUSDT TRADOORUSDT TRBUSDT TREEUSDT TRIAUSDT TRUMPUSDT TRUSTUSDT TRXUSDT TSTUSDT TURBOUSDT TURTLEUSDT TUTUSDT TWTUSDT UAIUSDT UBUSDT UMAUSDT UNIUSDT USELESSUSDT USTCUSDT USUALUSDT USUSDT VANAUSDT VANRYUSDT VELVETUSDT VETUSDT VICUSDT VIRTUALUSDT VVVUSDT WALUSDT WCTUSDT WETUSDT WIFUSDT WLDUSDT WLFIUSDT WOOUSDT WUSDT XAIUSDT XANUSDT XLMUSDT XMRUSDT XNYUSDT XPINUSDT XPLUSDT XRPUSDT XTZUSDT XVGUSDT YBUSDT YFIUSDT YGGUSDT ZAMAUSDT ZBTUSDT ZECUSDT ZENUSDT ZEREBROUSDT ZETAUSDT ZILUSDT ZKCUSDT ZKPUSDT ZKUSDT ZORAUSDT ZROUSDT ZRXUSDT
2026-05-16,517,459,20,BTCUSDT ETHUSDT SOLUSDT RAVEUSDT DOGEUSDT XRPUSDT ZECUSDT HYPEUSDT 1000PEPEUSDT STOUSDT SIRENUSDT BNBUSDT TAOUSDT ADAUSDT ORDIUSDT ARIAUSDT ENJUSDT SUIUSDT AVAXUSDT RIVERUSDT,0GUSDT 1000000MOGUSDT 1000BONKUSDT 1000CATUSDT 1000FLOKIUSDT 1000LUNCUSDT 1000PEPEUSDT 1000RATSUSDT 1000SATSUSDT 1000SHIBUSDT 1INCHUSDT 1MBABYDOGEUSDT 2ZUSDT 4USDT AAVEUSDT ACEUSDT ACHUSDT ACTUSDT ACUUSDT ADAUSDT AEROUSDT AEVOUSDT AGLDUSDT AGTUSDT AIAUSDT AINUSDT AIOTUSDT AIOUSDT AIXBTUSDT AKEUSDT AKTUSDT ALCHUSDT ALGOUSDT ALICEUSDT ALLOUSDT ALTUSDT ANIMEUSDT ANKRUSDT APEUSDT API3USDT APRUSDT APTUSDT ARBUSDT ARCUSDT ARIAUSDT ARKMUSDT ARPAUSDT ARUSDT ASTERUSDT ATAUSDT ATHUSDT ATOMUSDT ATUSDT AUCTIONUSDT AUSDT AVAAIUSDT AVAXUSDT AVNTUSDT AWEUSDT AXLUSDT AXSUSDT AZTECUSDT B2USDT BABYUSDT BANANAS31USDT BANANAUSDT BANDUSDT BANKUSDT BANUSDT BARDUSDT BASEDUSDT BASUSDT BATUSDT BBUSDT BCHUSDT BEATUSDT BELUSDT BERAUSDT BICOUSDT BIGTIMEUSDT BIOUSDT BIRBUSDT BLESSUSDT BLUAIUSDT BLURUSDT BNBUSDT BOMEUSDT BRETTUSDT BREVUSDT BROCCOLI714USDT BROCCOLIF3BUSDT BRUSDT BSBUSDT BSVUSDT BTCUSDT BTRUSDT BULLAUSDT BUSDT C98USDT CAKEUSDT CARVUSDT CATIUSDT CCUSDT CELOUSDT CETUSUSDT CFGUSDT CFXUSDT CGPTUSDT CHILLGUYUSDT CHRUSDT CHZUSDT CKBUSDT CLOUSDT COAIUSDT COLLECTUSDT COMPUSDT COSUSDT COWUSDT CROSSUSDT CRVUSDT CTSIUSDT CUSDT CYBERUSDT CYSUSDT DASHUSDT DEXEUSDT DODOXUSDT DOGEUSDT DOGSUSDT DOLOUSDT DOODUSDT DOTUSDT DRIFTUSDT DUSDT DUSKUSDT DYDXUSDT DYMUSDT EDENUSDT EDGEUSDT EDUUSDT EGLDUSDT EIGENUSDT ELSAUSDT ENAUSDT ENJUSDT ENSOUSDT ENSUSDT EPICUSDT ERAUSDT ESPORTSUSDT ESPUSDT ETCUSDT ETHFIUSDT ETHUSDT ETHWUSDT EULUSDT EVAAUSDT FARTCOINUSDT FETUSDT FFUSDT FHEUSDT FIDAUSDT FIGHTUSDT FILUSDT FLOCKUSDT FLOWUSDT FLUIDUSDT FLUXUSDT FOGOUSDT FOLKSUSDT FORMUSDT FRAXUSDT FUSDT GALAUSDT GASUSDT GIGGLEUSDT GMTUSDT GOATUSDT GPSUSDT GRASSUSDT GRIFFAINUSDT GRTUSDT GTCUSDT GUAUSDT GUNUSDT GUSDT GWEIUSDT HAEDALUSDT HBARUSDT HEIUSDT HEMIUSDT HFTUSDT HIGHUSDT HMSTRUSDT HOLOUSDT HOMEUSDT HUMAUSDT HUSDT HYPERUSDT HYPEUSDT ICNTUSDT ICPUSDT IDUSDT ILVUSDT IMXUSDT INITUSDT INJUSDT INUSDT INXUSDT IOSTUSDT IOTAUSDT IOUSDT IPUSDT IRYSUSDT JASMYUSDT JCTUSDT JELLYJELLYUSDT JOEUSDT JSTUSDT JTOUSDT JUPUSDT KAIAUSDT KAITOUSDT KASUSDT KATUSDT KAVAUSDT KERNELUSDT KGENUSDT KITEUSDT KMNOUSDT KNCUSDT KOMAUSDT KSMUSDT LABUSDT LAUSDT LAYERUSDT LDOUSDT LIGHTUSDT LINEAUSDT LINKUSDT LISTAUSDT LITUSDT LPTUSDT LTCUSDT LUMIAUSDT LUNA2USDT LYNUSDT MAGICUSDT MAGMAUSDT MANAUSDT MANTAUSDT MANTRAUSDT MASKUSDT MAVUSDT MBOXUSDT MEGAUSDT MELANIAUSDT MEMEUSDT MERLUSDT METISUSDT METUSDT MEUSDT MINAUSDT MIRAUSDT MLNUSDT MMTUSDT MONUSDT MOODENGUSDT MORPHOUSDT MOVEUSDT MOVRUSDT MUBARAKUSDT MUSDT MYXUSDT NAORISUSDT NEARUSDT NEIROUSDT NEOUSDT NEWTUSDT NFPUSDT NIGHTUSDT NILUSDT NMRUSDT NOMUSDT NOTUSDT OGNUSDT OGUSDT ONDOUSDT ONGUSDT ONTUSDT ONUSDT OPENUSDT OPNUSDT OPUSDT ORCAUSDT ORDERUSDT ORDIUSDT PARTIUSDT PENDLEUSDT PENGUUSDT PEOPLEUSDT PHAUSDT PHBUSDT PIEVERSEUSDT PIPPINUSDT PIXELUSDT PLAYUSDT PLUMEUSDT PNUTUSDT POLUSDT POLYXUSDT POPCATUSDT PORTALUSDT POWERUSDT PRLUSDT PROMUSDT PROVEUSDT PTBUSDT PUMPBTCUSDT PUMPUSDT PYTHUSDT QNTUSDT QTUMUSDT QUSDT RAREUSDT RAVEUSDT RAYSOLUSDT RECALLUSDT REDUSDT RENDERUSDT RESOLVUSDT REZUSDT RIFUSDT RIVERUSDT ROBOUSDT RONINUSDT ROSEUSDT RSRUSDT RUNEUSDT RVNUSDT SAFEUSDT SAGAUSDT SAHARAUSDT SANDUSDT SANTOSUSDT SAPIENUSDT SCRTUSDT SCRUSDT SEIUSDT SENTUSDT SHELLUSDT SIGNUSDT SIRENUSDT SKLUSDT SKRUSDT SKYAIUSDT SKYUSDT SLPUSDT SNXUSDT SOLUSDT SOLVUSDT SOMIUSDT SONICUSDT SOONUSDT SOPHUSDT SPACEUSDT SPELLUSDT SPKUSDT SPORTFUNUSDT SPXUSDT SSVUSDT STABLEUSDT STBLUSDT STGUSDT STOUSDT STRKUSDT STXUSDT SUIUSDT SUPERUSDT SUSDT SUSHIUSDT SWARMSUSDT SXTUSDT SYNUSDT SYRUPUSDT SYSUSDT TACUSDT TAGUSDT TAKEUSDT TAOUSDT TAUSDT THETAUSDT THEUSDT TIAUSDT TLMUSDT TNSRUSDT TONUSDT TOWNSUSDT TRADOORUSDT TRBUSDT TREEUSDT TRIAUSDT TRUMPUSDT TRUSTUSDT TRXUSDT TSTUSDT TURBOUSDT TURTLEUSDT TUTUSDT TWTUSDT UAIUSDT UBUSDT UMAUSDT UNIUSDT USELESSUSDT USTCUSDT USUALUSDT USUSDT VANAUSDT VANRYUSDT VELVETUSDT VETUSDT VICUSDT VIRTUALUSDT VVVUSDT WALUSDT WCTUSDT WETUSDT WIFUSDT WLDUSDT WLFIUSDT WOOUSDT WUSDT XAIUSDT XANUSDT XLMUSDT XMRUSDT XNYUSDT XPINUSDT XPLUSDT XRPUSDT XTZUSDT XVGUSDT YBUSDT YFIUSDT YGGUSDT ZAMAUSDT ZBTUSDT ZECUSDT ZENUSDT ZEREBROUSDT ZETAUSDT ZILUSDT ZKCUSDT ZKPUSDT ZKUSDT ZORAUSDT ZROUSDT ZRXUSDT
2026-05-23,517,459,20,BTCUSDT ETHUSDT SOLUSDT RAVEUSDT DOGEUSDT XRPUSDT ZECUSDT HYPEUSDT 1000PEPEUSDT STOUSDT SIRENUSDT BNBUSDT TAOUSDT ADAUSDT ORDIUSDT ARIAUSDT ENJUSDT SUIUSDT AVAXUSDT RIVERUSDT,0GUSDT 1000000MOGUSDT 1000BONKUSDT 1000CATUSDT 1000FLOKIUSDT 1000LUNCUSDT 1000PEPEUSDT 1000RATSUSDT 1000SATSUSDT 1000SHIBUSDT 1INCHUSDT 1MBABYDOGEUSDT 2ZUSDT 4USDT AAVEUSDT ACEUSDT ACHUSDT ACTUSDT ACUUSDT ADAUSDT AEROUSDT AEVOUSDT AGLDUSDT AGTUSDT AIAUSDT AINUSDT AIOTUSDT AIOUSDT AIXBTUSDT AKEUSDT AKTUSDT ALCHUSDT ALGOUSDT ALICEUSDT ALLOUSDT ALTUSDT ANIMEUSDT ANKRUSDT APEUSDT API3USDT APRUSDT APTUSDT ARBUSDT ARCUSDT ARIAUSDT ARKMUSDT ARPAUSDT ARUSDT ASTERUSDT ATAUSDT ATHUSDT ATOMUSDT ATUSDT AUCTIONUSDT AUSDT AVAAIUSDT AVAXUSDT AVNTUSDT AWEUSDT AXLUSDT AXSUSDT AZTECUSDT B2USDT BABYUSDT BANANAS31USDT BANANAUSDT BANDUSDT BANKUSDT BANUSDT BARDUSDT BASEDUSDT BASUSDT BATUSDT BBUSDT BCHUSDT BEATUSDT BELUSDT BERAUSDT BICOUSDT BIGTIMEUSDT BIOUSDT BIRBUSDT BLESSUSDT BLUAIUSDT BLURUSDT BNBUSDT BOMEUSDT BRETTUSDT BREVUSDT BROCCOLI714USDT BROCCOLIF3BUSDT BRUSDT BSBUSDT BSVUSDT BTCUSDT BTRUSDT BULLAUSDT BUSDT C98USDT CAKEUSDT CARVUSDT CATIUSDT CCUSDT CELOUSDT CETUSUSDT CFGUSDT CFXUSDT CGPTUSDT CHILLGUYUSDT CHRUSDT CHZUSDT CKBUSDT CLOUSDT COAIUSDT COLLECTUSDT COMPUSDT COSUSDT COWUSDT CROSSUSDT CRVUSDT CTSIUSDT CUSDT CYBERUSDT CYSUSDT DASHUSDT DEXEUSDT DODOXUSDT DOGEUSDT DOGSUSDT DOLOUSDT DOODUSDT DOTUSDT DRIFTUSDT DUSDT DUSKUSDT DYDXUSDT DYMUSDT EDENUSDT EDGEUSDT EDUUSDT EGLDUSDT EIGENUSDT ELSAUSDT ENAUSDT ENJUSDT ENSOUSDT ENSUSDT EPICUSDT ERAUSDT ESPORTSUSDT ESPUSDT ETCUSDT ETHFIUSDT ETHUSDT ETHWUSDT EULUSDT EVAAUSDT FARTCOINUSDT FETUSDT FFUSDT FHEUSDT FIDAUSDT FIGHTUSDT FILUSDT FLOCKUSDT FLOWUSDT FLUIDUSDT FLUXUSDT FOGOUSDT FOLKSUSDT FORMUSDT FRAXUSDT FUSDT GALAUSDT GASUSDT GIGGLEUSDT GMTUSDT GOATUSDT GPSUSDT GRASSUSDT GRIFFAINUSDT GRTUSDT GTCUSDT GUAUSDT GUNUSDT GUSDT GWEIUSDT HAEDALUSDT HBARUSDT HEIUSDT HEMIUSDT HFTUSDT HIGHUSDT HMSTRUSDT HOLOUSDT HOMEUSDT HUMAUSDT HUSDT HYPERUSDT HYPEUSDT ICNTUSDT ICPUSDT IDUSDT ILVUSDT IMXUSDT INITUSDT INJUSDT INUSDT INXUSDT IOSTUSDT IOTAUSDT IOUSDT IPUSDT IRYSUSDT JASMYUSDT JCTUSDT JELLYJELLYUSDT JOEUSDT JSTUSDT JTOUSDT JUPUSDT KAIAUSDT KAITOUSDT KASUSDT KATUSDT KAVAUSDT KERNELUSDT KGENUSDT KITEUSDT KMNOUSDT KNCUSDT KOMAUSDT KSMUSDT LABUSDT LAUSDT LAYERUSDT LDOUSDT LIGHTUSDT LINEAUSDT LINKUSDT LISTAUSDT LITUSDT LPTUSDT LTCUSDT LUMIAUSDT LUNA2USDT LYNUSDT MAGICUSDT MAGMAUSDT MANAUSDT MANTAUSDT MANTRAUSDT MASKUSDT MAVUSDT MBOXUSDT MEGAUSDT MELANIAUSDT MEMEUSDT MERLUSDT METISUSDT METUSDT MEUSDT MINAUSDT MIRAUSDT MLNUSDT MMTUSDT MONUSDT MOODENGUSDT MORPHOUSDT MOVEUSDT MOVRUSDT MUBARAKUSDT MUSDT MYXUSDT NAORISUSDT NEARUSDT NEIROUSDT NEOUSDT NEWTUSDT NFPUSDT NIGHTUSDT NILUSDT NMRUSDT NOMUSDT NOTUSDT OGNUSDT OGUSDT ONDOUSDT ONGUSDT ONTUSDT ONUSDT OPENUSDT OPNUSDT OPUSDT ORCAUSDT ORDERUSDT ORDIUSDT PARTIUSDT PENDLEUSDT PENGUUSDT PEOPLEUSDT PHAUSDT PHBUSDT PIEVERSEUSDT PIPPINUSDT PIXELUSDT PLAYUSDT PLUMEUSDT PNUTUSDT POLUSDT POLYXUSDT POPCATUSDT PORTALUSDT POWERUSDT PRLUSDT PROMUSDT PROVEUSDT PTBUSDT PUMPBTCUSDT PUMPUSDT PYTHUSDT QNTUSDT QTUMUSDT QUSDT RAREUSDT RAVEUSDT RAYSOLUSDT RECALLUSDT REDUSDT RENDERUSDT RESOLVUSDT REZUSDT RIFUSDT RIVERUSDT ROBOUSDT RONINUSDT ROSEUSDT RSRUSDT RUNEUSDT RVNUSDT SAFEUSDT SAGAUSDT SAHARAUSDT SANDUSDT SANTOSUSDT SAPIENUSDT SCRTUSDT SCRUSDT SEIUSDT SENTUSDT SHELLUSDT SIGNUSDT SIRENUSDT SKLUSDT SKRUSDT SKYAIUSDT SKYUSDT SLPUSDT SNXUSDT SOLUSDT SOLVUSDT SOMIUSDT SONICUSDT SOONUSDT SOPHUSDT SPACEUSDT SPELLUSDT SPKUSDT SPORTFUNUSDT SPXUSDT SSVUSDT STABLEUSDT STBLUSDT STGUSDT STOUSDT STRKUSDT STXUSDT SUIUSDT SUPERUSDT SUSDT SUSHIUSDT SWARMSUSDT SXTUSDT SYNUSDT SYRUPUSDT SYSUSDT TACUSDT TAGUSDT TAKEUSDT TAOUSDT TAUSDT THETAUSDT THEUSDT TIAUSDT TLMUSDT TNSRUSDT TONUSDT TOWNSUSDT TRADOORUSDT TRBUSDT TREEUSDT TRIAUSDT TRUMPUSDT TRUSTUSDT TRXUSDT TSTUSDT TURBOUSDT TURTLEUSDT TUTUSDT TWTUSDT UAIUSDT UBUSDT UMAUSDT UNIUSDT USELESSUSDT USTCUSDT USUALUSDT USUSDT VANAUSDT VANRYUSDT VELVETUSDT VETUSDT VICUSDT VIRTUALUSDT VVVUSDT WALUSDT WCTUSDT WETUSDT WIFUSDT WLDUSDT WLFIUSDT WOOUSDT WUSDT XAIUSDT XANUSDT XLMUSDT XMRUSDT XNYUSDT XPINUSDT XPLUSDT XRPUSDT XTZUSDT XVGUSDT YBUSDT YFIUSDT YGGUSDT ZAMAUSDT ZBTUSDT ZECUSDT ZENUSDT ZEREBROUSDT ZETAUSDT ZILUSDT ZKCUSDT ZKPUSDT ZKUSDT ZORAUSDT ZROUSDT ZRXUSDT
2026-05-30,517,459,20,BTCUSDT ETHUSDT SOLUSDT RAVEUSDT DOGEUSDT XRPUSDT ZECUSDT HYPEUSDT 1000PEPEUSDT STOUSDT SIRENUSDT BNBUSDT TAOUSDT ADAUSDT ORDIUSDT ARIAUSDT ENJUSDT SUIUSDT AVAXUSDT RIVERUSDT,0GUSDT 1000000MOGUSDT 1000BONKUSDT 1000CATUSDT 1000FLOKIUSDT 1000LUNCUSDT 1000PEPEUSDT 1000RATSUSDT 1000SATSUSDT 1000SHIBUSDT 1INCHUSDT 1MBABYDOGEUSDT 2ZUSDT 4USDT AAVEUSDT ACEUSDT ACHUSDT ACTUSDT ACUUSDT ADAUSDT AEROUSDT AEVOUSDT AGLDUSDT AGTUSDT AIAUSDT AINUSDT AIOTUSDT AIOUSDT AIXBTUSDT AKEUSDT AKTUSDT ALCHUSDT ALGOUSDT ALICEUSDT ALLOUSDT ALTUSDT ANIMEUSDT ANKRUSDT APEUSDT API3USDT APRUSDT APTUSDT ARBUSDT ARCUSDT ARIAUSDT ARKMUSDT ARPAUSDT ARUSDT ASTERUSDT ATAUSDT ATHUSDT ATOMUSDT ATUSDT AUCTIONUSDT AUSDT AVAAIUSDT AVAXUSDT AVNTUSDT AWEUSDT AXLUSDT AXSUSDT AZTECUSDT B2USDT BABYUSDT BANANAS31USDT BANANAUSDT BANDUSDT BANKUSDT BANUSDT BARDUSDT BASEDUSDT BASUSDT BATUSDT BBUSDT BCHUSDT BEATUSDT BELUSDT BERAUSDT BICOUSDT BIGTIMEUSDT BIOUSDT BIRBUSDT BLESSUSDT BLUAIUSDT BLURUSDT BNBUSDT BOMEUSDT BRETTUSDT BREVUSDT BROCCOLI714USDT BROCCOLIF3BUSDT BRUSDT BSBUSDT BSVUSDT BTCUSDT BTRUSDT BULLAUSDT BUSDT C98USDT CAKEUSDT CARVUSDT CATIUSDT CCUSDT CELOUSDT CETUSUSDT CFGUSDT CFXUSDT CGPTUSDT CHILLGUYUSDT CHRUSDT CHZUSDT CKBUSDT CLOUSDT COAIUSDT COLLECTUSDT COMPUSDT COSUSDT COWUSDT CROSSUSDT CRVUSDT CTSIUSDT CUSDT CYBERUSDT CYSUSDT DASHUSDT DEXEUSDT DODOXUSDT DOGEUSDT DOGSUSDT DOLOUSDT DOODUSDT DOTUSDT DRIFTUSDT DUSDT DUSKUSDT DYDXUSDT DYMUSDT EDENUSDT EDGEUSDT EDUUSDT EGLDUSDT EIGENUSDT ELSAUSDT ENAUSDT ENJUSDT ENSOUSDT ENSUSDT EPICUSDT ERAUSDT ESPORTSUSDT ESPUSDT ETCUSDT ETHFIUSDT ETHUSDT ETHWUSDT EULUSDT EVAAUSDT FARTCOINUSDT FETUSDT FFUSDT FHEUSDT FIDAUSDT FIGHTUSDT FILUSDT FLOCKUSDT FLOWUSDT FLUIDUSDT FLUXUSDT FOGOUSDT FOLKSUSDT FORMUSDT FRAXUSDT FUSDT GALAUSDT GASUSDT GIGGLEUSDT GMTUSDT GOATUSDT GPSUSDT GRASSUSDT GRIFFAINUSDT GRTUSDT GTCUSDT GUAUSDT GUNUSDT GUSDT GWEIUSDT HAEDALUSDT HBARUSDT HEIUSDT HEMIUSDT HFTUSDT HIGHUSDT HMSTRUSDT HOLOUSDT HOMEUSDT HUMAUSDT HUSDT HYPERUSDT HYPEUSDT ICNTUSDT ICPUSDT IDUSDT ILVUSDT IMXUSDT INITUSDT INJUSDT INUSDT INXUSDT IOSTUSDT IOTAUSDT IOUSDT IPUSDT IRYSUSDT JASMYUSDT JCTUSDT JELLYJELLYUSDT JOEUSDT JSTUSDT JTOUSDT JUPUSDT KAIAUSDT KAITOUSDT KASUSDT KATUSDT KAVAUSDT KERNELUSDT KGENUSDT KITEUSDT KMNOUSDT KNCUSDT KOMAUSDT KSMUSDT LABUSDT LAUSDT LAYERUSDT LDOUSDT LIGHTUSDT LINEAUSDT LINKUSDT LISTAUSDT LITUSDT LPTUSDT LTCUSDT LUMIAUSDT LUNA2USDT LYNUSDT MAGICUSDT MAGMAUSDT MANAUSDT MANTAUSDT MANTRAUSDT MASKUSDT MAVUSDT MBOXUSDT MEGAUSDT MELANIAUSDT MEMEUSDT MERLUSDT METISUSDT METUSDT MEUSDT MINAUSDT MIRAUSDT MLNUSDT MMTUSDT MONUSDT MOODENGUSDT MORPHOUSDT MOVEUSDT MOVRUSDT MUBARAKUSDT MUSDT MYXUSDT NAORISUSDT NEARUSDT NEIROUSDT NEOUSDT NEWTUSDT NFPUSDT NIGHTUSDT NILUSDT NMRUSDT NOMUSDT NOTUSDT OGNUSDT OGUSDT ONDOUSDT ONGUSDT ONTUSDT ONUSDT OPENUSDT OPNUSDT OPUSDT ORCAUSDT ORDERUSDT ORDIUSDT PARTIUSDT PENDLEUSDT PENGUUSDT PEOPLEUSDT PHAUSDT PHBUSDT PIEVERSEUSDT PIPPINUSDT PIXELUSDT PLAYUSDT PLUMEUSDT PNUTUSDT POLUSDT POLYXUSDT POPCATUSDT PORTALUSDT POWERUSDT PRLUSDT PROMUSDT PROVEUSDT PTBUSDT PUMPBTCUSDT PUMPUSDT PYTHUSDT QNTUSDT QTUMUSDT QUSDT RAREUSDT RAVEUSDT RAYSOLUSDT RECALLUSDT REDUSDT RENDERUSDT RESOLVUSDT REZUSDT RIFUSDT RIVERUSDT ROBOUSDT RONINUSDT ROSEUSDT RSRUSDT RUNEUSDT RVNUSDT SAFEUSDT SAGAUSDT SAHARAUSDT SANDUSDT SANTOSUSDT SAPIENUSDT SCRTUSDT SCRUSDT SEIUSDT SENTUSDT SHELLUSDT SIGNUSDT SIRENUSDT SKLUSDT SKRUSDT SKYAIUSDT SKYUSDT SLPUSDT SNXUSDT SOLUSDT SOLVUSDT SOMIUSDT SONICUSDT SOONUSDT SOPHUSDT SPACEUSDT SPELLUSDT SPKUSDT SPORTFUNUSDT SPXUSDT SSVUSDT STABLEUSDT STBLUSDT STGUSDT STOUSDT STRKUSDT STXUSDT SUIUSDT SUPERUSDT SUSDT SUSHIUSDT SWARMSUSDT SXTUSDT SYNUSDT SYRUPUSDT SYSUSDT TACUSDT TAGUSDT TAKEUSDT TAOUSDT TAUSDT THETAUSDT THEUSDT TIAUSDT TLMUSDT TNSRUSDT TONUSDT TOWNSUSDT TRADOORUSDT TRBUSDT TREEUSDT TRIAUSDT TRUMPUSDT TRUSTUSDT TRXUSDT TSTUSDT TURBOUSDT TURTLEUSDT TUTUSDT TWTUSDT UAIUSDT UBUSDT UMAUSDT UNIUSDT USELESSUSDT USTCUSDT USUALUSDT USUSDT VANAUSDT VANRYUSDT VELVETUSDT VETUSDT VICUSDT VIRTUALUSDT VVVUSDT WALUSDT WCTUSDT WETUSDT WIFUSDT WLDUSDT WLFIUSDT WOOUSDT WUSDT XAIUSDT XANUSDT XLMUSDT XMRUSDT XNYUSDT XPINUSDT XPLUSDT XRPUSDT XTZUSDT XVGUSDT YBUSDT YFIUSDT YGGUSDT ZAMAUSDT ZBTUSDT ZECUSDT ZENUSDT ZEREBROUSDT ZETAUSDT ZILUSDT ZKCUSDT ZKPUSDT ZKUSDT ZORAUSDT ZROUSDT ZRXUSDT
2026-06-06,517,456,20,BTCUSDT ETHUSDT SOLUSDT ZECUSDT HYPEUSDT LABUSDT XRPUSDT DOGEUSDT BNBUSDT SUIUSDT NEARUSDT TONUSDT BSBUSDT 1000PEPEUSDT XLMUSDT SKYAIUSDT WLDUSDT ONDOUSDT TAOUSDT ADAUSDT,0GUSDT 1000000BOBUSDT 1000000MOGUSDT 1000BONKUSDT 1000CATUSDT 1000CHEEMSUSDT 1000FLOKIUSDT 1000LUNCUSDT 1000PEPEUSDT 1000SATSUSDT 1000SHIBUSDT 1000XECUSDT 1INCHUSDT 1MBABYDOGEUSDT 2ZUSDT 4USDT AAVEUSDT ACEUSDT ACHUSDT ACTUSDT ACUUSDT ADAUSDT AEROUSDT AEVOUSDT AGTUSDT AIAUSDT AIGENSYNUSDT AINUSDT AIOTUSDT AIOUSDT AIXBTUSDT AKEUSDT AKTUSDT ALCHUSDT ALGOUSDT ALICEUSDT ALLOUSDT ALTUSDT ANIMEUSDT ANKRUSDT APEUSDT API3USDT APRUSDT APTUSDT ARBUSDT ARCUSDT ARIAUSDT ARKMUSDT ARPAUSDT ARUSDT ASTERUSDT ATHUSDT ATOMUSDT ATUSDT AUCTIONUSDT AUSDT AVAAIUSDT AVAXUSDT AVNTUSDT AWEUSDT AXLUSDT AXSUSDT AZTECUSDT B2USDT BABYUSDT BANANAS31USDT BANANAUSDT BANKUSDT BANUSDT BARDUSDT BASEDUSDT BASUSDT BATUSDT BBUSDT BCHUSDT BEATUSDT BERAUSDT BICOUSDT BIGTIMEUSDT BIOUSDT BIRBUSDT BLESSUSDT BLUAIUSDT BLURUSDT BNBUSDT BOMEUSDT BRETTUSDT BREVUSDT BROCCOLI714USDT BROCCOLIF3BUSDT BRUSDT BSBUSDT BSVUSDT BTCUSDT BTRUSDT BULLAUSDT BUSDT C98USDT CAKEUSDT CATIUSDT CCUSDT CELOUSDT CETUSUSDT CFGUSDT CFXUSDT CGPTUSDT CHILLGUYUSDT CHIPUSDT CHRUSDT CHZUSDT CLANKERUSDT CLOUSDT COAIUSDT COLLECTUSDT COMPUSDT COOKIEUSDT COSUSDT CROSSUSDT CRVUSDT CTSIUSDT CUSDT CVCUSDT CVXUSDT CYBERUSDT CYSUSDT DASHUSDT DEEPUSDT DEXEUSDT DIAUSDT DODOXUSDT DOGEUSDT DOGSUSDT DOLOUSDT DOTUSDT DRIFTUSDT DUSDT DUSKUSDT DYDXUSDT DYMUSDT EDENUSDT EDGEUSDT EDUUSDT EGLDUSDT EIGENUSDT ENAUSDT ENJUSDT ENSOUSDT ENSUSDT EPICUSDT ERAUSDT ESPORTSUSDT ESPUSDT ETCUSDT ETHFIUSDT ETHUSDT EULUSDT EVAAUSDT FARTCOINUSDT FETUSDT FFUSDT FHEUSDT FIDAUSDT FIGHTUSDT FILUSDT FLOCKUSDT FLOWUSDT FLUXUSDT FOGOUSDT FOLKSUSDT FORMUSDT FUSDT GALAUSDT GENIUSUSDT GIGGLEUSDT GLMUSDT GMTUSDT GOATUSDT GPSUSDT GRASSUSDT GRIFFAINUSDT GRTUSDT GTCUSDT GUAUSDT GUNUSDT GUSDT GWEIUSDT HAEDALUSDT HANAUSDT HBARUSDT HEIUSDT HEMIUSDT HFTUSDT HIGHUSDT HIVEUSDT HMSTRUSDT HOLOUSDT HOMEUSDT HUMAUSDT HUSDT HYPERUSDT HYPEUSDT ICNTUSDT ICPUSDT IDOLUSDT IDUSDT IMXUSDT INITUSDT INJUSDT INUSDT INXUSDT IOTAUSDT IOUSDT IPUSDT IRYSUSDT JASMYUSDT JCTUSDT JELLYJELLYUSDT JSTUSDT JTOUSDT JUPUSDT KAIAUSDT KAITOUSDT KASUSDT KATUSDT KAVAUSDT KERNELUSDT KGENUSDT KITEUSDT KMNOUSDT KNCUSDT KOMAUSDT KSMUSDT LABUSDT LAUSDT LAYERUSDT LDOUSDT LIGHTUSDT LINEAUSDT LINKUSDT LISTAUSDT LITUSDT LPTUSDT LSKUSDT LTCUSDT LUMIAUSDT LUNA2USDT LYNUSDT MAGICUSDT MAGMAUSDT MANAUSDT MANTAUSDT MANTRAUSDT MASKUSDT MAVIAUSDT MAVUSDT MBOXUSDT MEGAUSDT MELANIAUSDT MEMEUSDT MERLUSDT METISUSDT METUSDT MEUSDT MINAUSDT MIRAUSDT MITOUSDT MMTUSDT MONUSDT MOODENGUSDT MORPHOUSDT MOVEUSDT MOVRUSDT MTLUSDT MUBARAKUSDT MUSDT MYXUSDT NAORISUSDT NEARUSDT NEIROUSDT NEOUSDT NEWTUSDT NFPUSDT NIGHTUSDT NILUSDT NMRUSDT NOMUSDT NOTUSDT NXPCUSDT OGUSDT ONDOUSDT ONGUSDT ONTUSDT ONUSDT OPENUSDT OPGUSDT OPNUSDT OPUSDT ORCAUSDT ORDERUSDT ORDIUSDT PARTIUSDT PENDLEUSDT PENGUUSDT PEOPLEUSDT PHAUSDT PIEVERSEUSDT PIPPINUSDT PIXELUSDT PLAYUSDT PLUMEUSDT PNUTUSDT POLUSDT POLYXUSDT POPCATUSDT PORTALUSDT POWERUSDT PRLUSDT PROMPTUSDT PROMUSDT PROVEUSDT PTBUSDT PUMPUSDT PUNDIXUSDT PYTHUSDT QNTUSDT QTUMUSDT QUSDT RAREUSDT RAVEUSDT RAYSOLUSDT RECALLUSDT REDUSDT RENDERUSDT RESOLVUSDT REZUSDT RIFUSDT RIVERUSDT RLCUSDT ROBOUSDT RONINUSDT ROSEUSDT RSRUSDT RUNEUSDT SAGAUSDT SAHARAUSDT SANDUSDT SANTOSUSDT SAPIENUSDT SEIUSDT SENTUSDT SHELLUSDT SIGNUSDT SIRENUSDT SKLUSDT SKRUSDT SKYAIUSDT SKYUSDT SNXUSDT SOLUSDT SOLVUSDT SOMIUSDT SONICUSDT SOONUSDT SOPHUSDT SPACEUSDT SPKUSDT SPORTFUNUSDT SPXUSDT SQDUSDT SSVUSDT STABLEUSDT STBLUSDT STEEMUSDT STGUSDT STORJUSDT STOUSDT STRKUSDT STXUSDT SUIUSDT SUNUSDT SUPERUSDT SUSDT SUSHIUSDT SWARMSUSDT SXTUSDT SYRUPUSDT TACUSDT TAGUSDT TAKEUSDT TAOUSDT TAUSDT THETAUSDT THEUSDT TIAUSDT TLMUSDT TNSRUSDT TONUSDT TOWNSUSDT TRADOORUSDT TRBUSDT TREEUSDT TRIAUSDT TRUMPUSDT TRUSTUSDT TRUTHUSDT TRXUSDT TSTUSDT TURBOUSDT TUTUSDT TWTUSDT UAIUSDT UBUSDT UMAUSDT UNIUSDT USELESSUSDT USTCUSDT USUALUSDT USUSDT VANAUSDT VELVETUSDT VETUSDT VICUSDT VIRTUALUSDT VTHOUSDT VVVUSDT WALUSDT WCTUSDT WETUSDT WIFUSDT WLDUSDT WLFIUSDT WUSDT XAIUSDT XANUSDT XLMUSDT XMRUSDT XNYUSDT XPINUSDT XPLUSDT XRPUSDT XTZUSDT XVGUSDT YBUSDT YFIUSDT YGGUSDT ZAMAUSDT ZBTUSDT ZECUSDT ZENUSDT ZEREBROUSDT ZILUSDT ZKPUSDT ZKUSDT ZORAUSDT ZROUSDT ZRXUSDT
2026-06-13,517,456,20,BTCUSDT ETHUSDT SOLUSDT ZECUSDT HYPEUSDT LABUSDT XRPUSDT DOGEUSDT BNBUSDT SUIUSDT NEARUSDT TONUSDT BSBUSDT 1000PEPEUSDT XLMUSDT SKYAIUSDT WLDUSDT ONDOUSDT TAOUSDT ADAUSDT,0GUSDT 1000000BOBUSDT 1000000MOGUSDT 1000BONKUSDT 1000CATUSDT 1000CHEEMSUSDT 1000FLOKIUSDT 1000LUNCUSDT 1000PEPEUSDT 1000SATSUSDT 1000SHIBUSDT 1000XECUSDT 1INCHUSDT 1MBABYDOGEUSDT 2ZUSDT 4USDT AAVEUSDT ACEUSDT ACHUSDT ACTUSDT ACUUSDT ADAUSDT AEROUSDT AEVOUSDT AGTUSDT AIAUSDT AIGENSYNUSDT AINUSDT AIOTUSDT AIOUSDT AIXBTUSDT AKEUSDT AKTUSDT ALCHUSDT ALGOUSDT ALICEUSDT ALLOUSDT ALTUSDT ANIMEUSDT ANKRUSDT APEUSDT API3USDT APRUSDT APTUSDT ARBUSDT ARCUSDT ARIAUSDT ARKMUSDT ARPAUSDT ARUSDT ASTERUSDT ATHUSDT ATOMUSDT ATUSDT AUCTIONUSDT AUSDT AVAAIUSDT AVAXUSDT AVNTUSDT AWEUSDT AXLUSDT AXSUSDT AZTECUSDT B2USDT BABYUSDT BANANAS31USDT BANANAUSDT BANKUSDT BANUSDT BARDUSDT BASEDUSDT BASUSDT BATUSDT BBUSDT BCHUSDT BEATUSDT BERAUSDT BICOUSDT BIGTIMEUSDT BIOUSDT BIRBUSDT BLESSUSDT BLUAIUSDT BLURUSDT BNBUSDT BOMEUSDT BRETTUSDT BREVUSDT BROCCOLI714USDT BROCCOLIF3BUSDT BRUSDT BSBUSDT BSVUSDT BTCUSDT BTRUSDT BULLAUSDT BUSDT C98USDT CAKEUSDT CATIUSDT CCUSDT CELOUSDT CETUSUSDT CFGUSDT CFXUSDT CGPTUSDT CHILLGUYUSDT CHIPUSDT CHRUSDT CHZUSDT CLANKERUSDT CLOUSDT COAIUSDT COLLECTUSDT COMPUSDT COOKIEUSDT COSUSDT CROSSUSDT CRVUSDT CTSIUSDT CUSDT CVCUSDT CVXUSDT CYBERUSDT CYSUSDT DASHUSDT DEEPUSDT DEXEUSDT DIAUSDT DODOXUSDT DOGEUSDT DOGSUSDT DOLOUSDT DOTUSDT DRIFTUSDT DUSDT DUSKUSDT DYDXUSDT DYMUSDT EDENUSDT EDGEUSDT EDUUSDT EGLDUSDT EIGENUSDT ENAUSDT ENJUSDT ENSOUSDT ENSUSDT EPICUSDT ERAUSDT ESPORTSUSDT ESPUSDT ETCUSDT ETHFIUSDT ETHUSDT EULUSDT EVAAUSDT FARTCOINUSDT FETUSDT FFUSDT FHEUSDT FIDAUSDT FIGHTUSDT FILUSDT FLOCKUSDT FLOWUSDT FLUXUSDT FOGOUSDT FOLKSUSDT FORMUSDT FUSDT GALAUSDT GENIUSUSDT GIGGLEUSDT GLMUSDT GMTUSDT GOATUSDT GPSUSDT GRASSUSDT GRIFFAINUSDT GRTUSDT GTCUSDT GUAUSDT GUNUSDT GUSDT GWEIUSDT HAEDALUSDT HANAUSDT HBARUSDT HEIUSDT HEMIUSDT HFTUSDT HIGHUSDT HIVEUSDT HMSTRUSDT HOLOUSDT HOMEUSDT HUMAUSDT HUSDT HYPERUSDT HYPEUSDT ICNTUSDT ICPUSDT IDOLUSDT IDUSDT IMXUSDT INITUSDT INJUSDT INUSDT INXUSDT IOTAUSDT IOUSDT IPUSDT IRYSUSDT JASMYUSDT JCTUSDT JELLYJELLYUSDT JSTUSDT JTOUSDT JUPUSDT KAIAUSDT KAITOUSDT KASUSDT KATUSDT KAVAUSDT KERNELUSDT KGENUSDT KITEUSDT KMNOUSDT KNCUSDT KOMAUSDT KSMUSDT LABUSDT LAUSDT LAYERUSDT LDOUSDT LIGHTUSDT LINEAUSDT LINKUSDT LISTAUSDT LITUSDT LPTUSDT LSKUSDT LTCUSDT LUMIAUSDT LUNA2USDT LYNUSDT MAGICUSDT MAGMAUSDT MANAUSDT MANTAUSDT MANTRAUSDT MASKUSDT MAVIAUSDT MAVUSDT MBOXUSDT MEGAUSDT MELANIAUSDT MEMEUSDT MERLUSDT METISUSDT METUSDT MEUSDT MINAUSDT MIRAUSDT MITOUSDT MMTUSDT MONUSDT MOODENGUSDT MORPHOUSDT MOVEUSDT MOVRUSDT MTLUSDT MUBARAKUSDT MUSDT MYXUSDT NAORISUSDT NEARUSDT NEIROUSDT NEOUSDT NEWTUSDT NFPUSDT NIGHTUSDT NILUSDT NMRUSDT NOMUSDT NOTUSDT NXPCUSDT OGUSDT ONDOUSDT ONGUSDT ONTUSDT ONUSDT OPENUSDT OPGUSDT OPNUSDT OPUSDT ORCAUSDT ORDERUSDT ORDIUSDT PARTIUSDT PENDLEUSDT PENGUUSDT PEOPLEUSDT PHAUSDT PIEVERSEUSDT PIPPINUSDT PIXELUSDT PLAYUSDT PLUMEUSDT PNUTUSDT POLUSDT POLYXUSDT POPCATUSDT PORTALUSDT POWERUSDT PRLUSDT PROMPTUSDT PROMUSDT PROVEUSDT PTBUSDT PUMPUSDT PUNDIXUSDT PYTHUSDT QNTUSDT QTUMUSDT QUSDT RAREUSDT RAVEUSDT RAYSOLUSDT RECALLUSDT REDUSDT RENDERUSDT RESOLVUSDT REZUSDT RIFUSDT RIVERUSDT RLCUSDT ROBOUSDT RONINUSDT ROSEUSDT RSRUSDT RUNEUSDT SAGAUSDT SAHARAUSDT SANDUSDT SANTOSUSDT SAPIENUSDT SEIUSDT SENTUSDT SHELLUSDT SIGNUSDT SIRENUSDT SKLUSDT SKRUSDT SKYAIUSDT SKYUSDT SNXUSDT SOLUSDT SOLVUSDT SOMIUSDT SONICUSDT SOONUSDT SOPHUSDT SPACEUSDT SPKUSDT SPORTFUNUSDT SPXUSDT SQDUSDT SSVUSDT STABLEUSDT STBLUSDT STEEMUSDT STGUSDT STORJUSDT STOUSDT STRKUSDT STXUSDT SUIUSDT SUNUSDT SUPERUSDT SUSDT SUSHIUSDT SWARMSUSDT SXTUSDT SYRUPUSDT TACUSDT TAGUSDT TAKEUSDT TAOUSDT TAUSDT THETAUSDT THEUSDT TIAUSDT TLMUSDT TNSRUSDT TONUSDT TOWNSUSDT TRADOORUSDT TRBUSDT TREEUSDT TRIAUSDT TRUMPUSDT TRUSTUSDT TRUTHUSDT TRXUSDT TSTUSDT TURBOUSDT TUTUSDT TWTUSDT UAIUSDT UBUSDT UMAUSDT UNIUSDT USELESSUSDT USTCUSDT USUALUSDT USUSDT VANAUSDT VELVETUSDT VETUSDT VICUSDT VIRTUALUSDT VTHOUSDT VVVUSDT WALUSDT WCTUSDT WETUSDT WIFUSDT WLDUSDT WLFIUSDT WUSDT XAIUSDT XANUSDT XLMUSDT XMRUSDT XNYUSDT XPINUSDT XPLUSDT XRPUSDT XTZUSDT XVGUSDT YBUSDT YFIUSDT YGGUSDT ZAMAUSDT ZBTUSDT ZECUSDT ZENUSDT ZEREBROUSDT ZILUSDT ZKPUSDT ZKUSDT ZORAUSDT ZROUSDT ZRXUSDT
2026-06-20,517,456,20,BTCUSDT ETHUSDT SOLUSDT ZECUSDT HYPEUSDT LABUSDT XRPUSDT DOGEUSDT BNBUSDT SUIUSDT NEARUSDT TONUSDT BSBUSDT 1000PEPEUSDT XLMUSDT SKYAIUSDT WLDUSDT ONDOUSDT TAOUSDT ADAUSDT,0GUSDT 1000000BOBUSDT 1000000MOGUSDT 1000BONKUSDT 1000CATUSDT 1000CHEEMSUSDT 1000FLOKIUSDT 1000LUNCUSDT 1000PEPEUSDT 1000SATSUSDT 1000SHIBUSDT 1000XECUSDT 1INCHUSDT 1MBABYDOGEUSDT 2ZUSDT 4USDT AAVEUSDT ACEUSDT ACHUSDT ACTUSDT ACUUSDT ADAUSDT AEROUSDT AEVOUSDT AGTUSDT AIAUSDT AIGENSYNUSDT AINUSDT AIOTUSDT AIOUSDT AIXBTUSDT AKEUSDT AKTUSDT ALCHUSDT ALGOUSDT ALICEUSDT ALLOUSDT ALTUSDT ANIMEUSDT ANKRUSDT APEUSDT API3USDT APRUSDT APTUSDT ARBUSDT ARCUSDT ARIAUSDT ARKMUSDT ARPAUSDT ARUSDT ASTERUSDT ATHUSDT ATOMUSDT ATUSDT AUCTIONUSDT AUSDT AVAAIUSDT AVAXUSDT AVNTUSDT AWEUSDT AXLUSDT AXSUSDT AZTECUSDT B2USDT BABYUSDT BANANAS31USDT BANANAUSDT BANKUSDT BANUSDT BARDUSDT BASEDUSDT BASUSDT BATUSDT BBUSDT BCHUSDT BEATUSDT BERAUSDT BICOUSDT BIGTIMEUSDT BIOUSDT BIRBUSDT BLESSUSDT BLUAIUSDT BLURUSDT BNBUSDT BOMEUSDT BRETTUSDT BREVUSDT BROCCOLI714USDT BROCCOLIF3BUSDT BRUSDT BSBUSDT BSVUSDT BTCUSDT BTRUSDT BULLAUSDT BUSDT C98USDT CAKEUSDT CATIUSDT CCUSDT CELOUSDT CETUSUSDT CFGUSDT CFXUSDT CGPTUSDT CHILLGUYUSDT CHIPUSDT CHRUSDT CHZUSDT CLANKERUSDT CLOUSDT COAIUSDT COLLECTUSDT COMPUSDT COOKIEUSDT COSUSDT CROSSUSDT CRVUSDT CTSIUSDT CUSDT CVCUSDT CVXUSDT CYBERUSDT CYSUSDT DASHUSDT DEEPUSDT DEXEUSDT DIAUSDT DODOXUSDT DOGEUSDT DOGSUSDT DOLOUSDT DOTUSDT DRIFTUSDT DUSDT DUSKUSDT DYDXUSDT DYMUSDT EDENUSDT EDGEUSDT EDUUSDT EGLDUSDT EIGENUSDT ENAUSDT ENJUSDT ENSOUSDT ENSUSDT EPICUSDT ERAUSDT ESPORTSUSDT ESPUSDT ETCUSDT ETHFIUSDT ETHUSDT EULUSDT EVAAUSDT FARTCOINUSDT FETUSDT FFUSDT FHEUSDT FIDAUSDT FIGHTUSDT FILUSDT FLOCKUSDT FLOWUSDT FLUXUSDT FOGOUSDT FOLKSUSDT FORMUSDT FUSDT GALAUSDT GENIUSUSDT GIGGLEUSDT GLMUSDT GMTUSDT GOATUSDT GPSUSDT GRASSUSDT GRIFFAINUSDT GRTUSDT GTCUSDT GUAUSDT GUNUSDT GUSDT GWEIUSDT HAEDALUSDT HANAUSDT HBARUSDT HEIUSDT HEMIUSDT HFTUSDT HIGHUSDT HIVEUSDT HMSTRUSDT HOLOUSDT HOMEUSDT HUMAUSDT HUSDT HYPERUSDT HYPEUSDT ICNTUSDT ICPUSDT IDOLUSDT IDUSDT IMXUSDT INITUSDT INJUSDT INUSDT INXUSDT IOTAUSDT IOUSDT IPUSDT IRYSUSDT JASMYUSDT JCTUSDT JELLYJELLYUSDT JSTUSDT JTOUSDT JUPUSDT KAIAUSDT KAITOUSDT KASUSDT KATUSDT KAVAUSDT KERNELUSDT KGENUSDT KITEUSDT KMNOUSDT KNCUSDT KOMAUSDT KSMUSDT LABUSDT LAUSDT LAYERUSDT LDOUSDT LIGHTUSDT LINEAUSDT LINKUSDT LISTAUSDT LITUSDT LPTUSDT LSKUSDT LTCUSDT LUMIAUSDT LUNA2USDT LYNUSDT MAGICUSDT MAGMAUSDT MANAUSDT MANTAUSDT MANTRAUSDT MASKUSDT MAVIAUSDT MAVUSDT MBOXUSDT MEGAUSDT MELANIAUSDT MEMEUSDT MERLUSDT METISUSDT METUSDT MEUSDT MINAUSDT MIRAUSDT MITOUSDT MMTUSDT MONUSDT MOODENGUSDT MORPHOUSDT MOVEUSDT MOVRUSDT MTLUSDT MUBARAKUSDT MUSDT MYXUSDT NAORISUSDT NEARUSDT NEIROUSDT NEOUSDT NEWTUSDT NFPUSDT NIGHTUSDT NILUSDT NMRUSDT NOMUSDT NOTUSDT NXPCUSDT OGUSDT ONDOUSDT ONGUSDT ONTUSDT ONUSDT OPENUSDT OPGUSDT OPNUSDT OPUSDT ORCAUSDT ORDERUSDT ORDIUSDT PARTIUSDT PENDLEUSDT PENGUUSDT PEOPLEUSDT PHAUSDT PIEVERSEUSDT PIPPINUSDT PIXELUSDT PLAYUSDT PLUMEUSDT PNUTUSDT POLUSDT POLYXUSDT POPCATUSDT PORTALUSDT POWERUSDT PRLUSDT PROMPTUSDT PROMUSDT PROVEUSDT PTBUSDT PUMPUSDT PUNDIXUSDT PYTHUSDT QNTUSDT QTUMUSDT QUSDT RAREUSDT RAVEUSDT RAYSOLUSDT RECALLUSDT REDUSDT RENDERUSDT RESOLVUSDT REZUSDT RIFUSDT RIVERUSDT RLCUSDT ROBOUSDT RONINUSDT ROSEUSDT RSRUSDT RUNEUSDT SAGAUSDT SAHARAUSDT SANDUSDT SANTOSUSDT SAPIENUSDT SEIUSDT SENTUSDT SHELLUSDT SIGNUSDT SIRENUSDT SKLUSDT SKRUSDT SKYAIUSDT SKYUSDT SNXUSDT SOLUSDT SOLVUSDT SOMIUSDT SONICUSDT SOONUSDT SOPHUSDT SPACEUSDT SPKUSDT SPORTFUNUSDT SPXUSDT SQDUSDT SSVUSDT STABLEUSDT STBLUSDT STEEMUSDT STGUSDT STORJUSDT STOUSDT STRKUSDT STXUSDT SUIUSDT SUNUSDT SUPERUSDT SUSDT SUSHIUSDT SWARMSUSDT SXTUSDT SYRUPUSDT TACUSDT TAGUSDT TAKEUSDT TAOUSDT TAUSDT THETAUSDT THEUSDT TIAUSDT TLMUSDT TNSRUSDT TONUSDT TOWNSUSDT TRADOORUSDT TRBUSDT TREEUSDT TRIAUSDT TRUMPUSDT TRUSTUSDT TRUTHUSDT TRXUSDT TSTUSDT TURBOUSDT TUTUSDT TWTUSDT UAIUSDT UBUSDT UMAUSDT UNIUSDT USELESSUSDT USTCUSDT USUALUSDT USUSDT VANAUSDT VELVETUSDT VETUSDT VICUSDT VIRTUALUSDT VTHOUSDT VVVUSDT WALUSDT WCTUSDT WETUSDT WIFUSDT WLDUSDT WLFIUSDT WUSDT XAIUSDT XANUSDT XLMUSDT XMRUSDT XNYUSDT XPINUSDT XPLUSDT XRPUSDT XTZUSDT XVGUSDT YBUSDT YFIUSDT YGGUSDT ZAMAUSDT ZBTUSDT ZECUSDT ZENUSDT ZEREBROUSDT ZILUSDT ZKPUSDT ZKUSDT ZORAUSDT ZROUSDT ZRXUSDT
2026-06-27,517,456,20,BTCUSDT ETHUSDT SOLUSDT ZECUSDT HYPEUSDT LABUSDT XRPUSDT DOGEUSDT BNBUSDT SUIUSDT NEARUSDT TONUSDT BSBUSDT 1000PEPEUSDT XLMUSDT SKYAIUSDT WLDUSDT ONDOUSDT TAOUSDT ADAUSDT,0GUSDT 1000000BOBUSDT 1000000MOGUSDT 1000BONKUSDT 1000CATUSDT 1000CHEEMSUSDT 1000FLOKIUSDT 1000LUNCUSDT 1000PEPEUSDT 1000SATSUSDT 1000SHIBUSDT 1000XECUSDT 1INCHUSDT 1MBABYDOGEUSDT 2ZUSDT 4USDT AAVEUSDT ACEUSDT ACHUSDT ACTUSDT ACUUSDT ADAUSDT AEROUSDT AEVOUSDT AGTUSDT AIAUSDT AIGENSYNUSDT AINUSDT AIOTUSDT AIOUSDT AIXBTUSDT AKEUSDT AKTUSDT ALCHUSDT ALGOUSDT ALICEUSDT ALLOUSDT ALTUSDT ANIMEUSDT ANKRUSDT APEUSDT API3USDT APRUSDT APTUSDT ARBUSDT ARCUSDT ARIAUSDT ARKMUSDT ARPAUSDT ARUSDT ASTERUSDT ATHUSDT ATOMUSDT ATUSDT AUCTIONUSDT AUSDT AVAAIUSDT AVAXUSDT AVNTUSDT AWEUSDT AXLUSDT AXSUSDT AZTECUSDT B2USDT BABYUSDT BANANAS31USDT BANANAUSDT BANKUSDT BANUSDT BARDUSDT BASEDUSDT BASUSDT BATUSDT BBUSDT BCHUSDT BEATUSDT BERAUSDT BICOUSDT BIGTIMEUSDT BIOUSDT BIRBUSDT BLESSUSDT BLUAIUSDT BLURUSDT BNBUSDT BOMEUSDT BRETTUSDT BREVUSDT BROCCOLI714USDT BROCCOLIF3BUSDT BRUSDT BSBUSDT BSVUSDT BTCUSDT BTRUSDT BULLAUSDT BUSDT C98USDT CAKEUSDT CATIUSDT CCUSDT CELOUSDT CETUSUSDT CFGUSDT CFXUSDT CGPTUSDT CHILLGUYUSDT CHIPUSDT CHRUSDT CHZUSDT CLANKERUSDT CLOUSDT COAIUSDT COLLECTUSDT COMPUSDT COOKIEUSDT COSUSDT CROSSUSDT CRVUSDT CTSIUSDT CUSDT CVCUSDT CVXUSDT CYBERUSDT CYSUSDT DASHUSDT DEEPUSDT DEXEUSDT DIAUSDT DODOXUSDT DOGEUSDT DOGSUSDT DOLOUSDT DOTUSDT DRIFTUSDT DUSDT DUSKUSDT DYDXUSDT DYMUSDT EDENUSDT EDGEUSDT EDUUSDT EGLDUSDT EIGENUSDT ENAUSDT ENJUSDT ENSOUSDT ENSUSDT EPICUSDT ERAUSDT ESPORTSUSDT ESPUSDT ETCUSDT ETHFIUSDT ETHUSDT EULUSDT EVAAUSDT FARTCOINUSDT FETUSDT FFUSDT FHEUSDT FIDAUSDT FIGHTUSDT FILUSDT FLOCKUSDT FLOWUSDT FLUXUSDT FOGOUSDT FOLKSUSDT FORMUSDT FUSDT GALAUSDT GENIUSUSDT GIGGLEUSDT GLMUSDT GMTUSDT GOATUSDT GPSUSDT GRASSUSDT GRIFFAINUSDT GRTUSDT GTCUSDT GUAUSDT GUNUSDT GUSDT GWEIUSDT HAEDALUSDT HANAUSDT HBARUSDT HEIUSDT HEMIUSDT HFTUSDT HIGHUSDT HIVEUSDT HMSTRUSDT HOLOUSDT HOMEUSDT HUMAUSDT HUSDT HYPERUSDT HYPEUSDT ICNTUSDT ICPUSDT IDOLUSDT IDUSDT IMXUSDT INITUSDT INJUSDT INUSDT INXUSDT IOTAUSDT IOUSDT IPUSDT IRYSUSDT JASMYUSDT JCTUSDT JELLYJELLYUSDT JSTUSDT JTOUSDT JUPUSDT KAIAUSDT KAITOUSDT KASUSDT KATUSDT KAVAUSDT KERNELUSDT KGENUSDT KITEUSDT KMNOUSDT KNCUSDT KOMAUSDT KSMUSDT LABUSDT LAUSDT LAYERUSDT LDOUSDT LIGHTUSDT LINEAUSDT LINKUSDT LISTAUSDT LITUSDT LPTUSDT LSKUSDT LTCUSDT LUMIAUSDT LUNA2USDT LYNUSDT MAGICUSDT MAGMAUSDT MANAUSDT MANTAUSDT MANTRAUSDT MASKUSDT MAVIAUSDT MAVUSDT MBOXUSDT MEGAUSDT MELANIAUSDT MEMEUSDT MERLUSDT METISUSDT METUSDT MEUSDT MINAUSDT MIRAUSDT MITOUSDT MMTUSDT MONUSDT MOODENGUSDT MORPHOUSDT MOVEUSDT MOVRUSDT MTLUSDT MUBARAKUSDT MUSDT MYXUSDT NAORISUSDT NEARUSDT NEIROUSDT NEOUSDT NEWTUSDT NFPUSDT NIGHTUSDT NILUSDT NMRUSDT NOMUSDT NOTUSDT NXPCUSDT OGUSDT ONDOUSDT ONGUSDT ONTUSDT ONUSDT OPENUSDT OPGUSDT OPNUSDT OPUSDT ORCAUSDT ORDERUSDT ORDIUSDT PARTIUSDT PENDLEUSDT PENGUUSDT PEOPLEUSDT PHAUSDT PIEVERSEUSDT PIPPINUSDT PIXELUSDT PLAYUSDT PLUMEUSDT PNUTUSDT POLUSDT POLYXUSDT POPCATUSDT PORTALUSDT POWERUSDT PRLUSDT PROMPTUSDT PROMUSDT PROVEUSDT PTBUSDT PUMPUSDT PUNDIXUSDT PYTHUSDT QNTUSDT QTUMUSDT QUSDT RAREUSDT RAVEUSDT RAYSOLUSDT RECALLUSDT REDUSDT RENDERUSDT RESOLVUSDT REZUSDT RIFUSDT RIVERUSDT RLCUSDT ROBOUSDT RONINUSDT ROSEUSDT RSRUSDT RUNEUSDT SAGAUSDT SAHARAUSDT SANDUSDT SANTOSUSDT SAPIENUSDT SEIUSDT SENTUSDT SHELLUSDT SIGNUSDT SIRENUSDT SKLUSDT SKRUSDT SKYAIUSDT SKYUSDT SNXUSDT SOLUSDT SOLVUSDT SOMIUSDT SONICUSDT SOONUSDT SOPHUSDT SPACEUSDT SPKUSDT SPORTFUNUSDT SPXUSDT SQDUSDT SSVUSDT STABLEUSDT STBLUSDT STEEMUSDT STGUSDT STORJUSDT STOUSDT STRKUSDT STXUSDT SUIUSDT SUNUSDT SUPERUSDT SUSDT SUSHIUSDT SWARMSUSDT SXTUSDT SYRUPUSDT TACUSDT TAGUSDT TAKEUSDT TAOUSDT TAUSDT THETAUSDT THEUSDT TIAUSDT TLMUSDT TNSRUSDT TONUSDT TOWNSUSDT TRADOORUSDT TRBUSDT TREEUSDT TRIAUSDT TRUMPUSDT TRUSTUSDT TRUTHUSDT TRXUSDT TSTUSDT TURBOUSDT TUTUSDT TWTUSDT UAIUSDT UBUSDT UMAUSDT UNIUSDT USELESSUSDT USTCUSDT USUALUSDT USUSDT VANAUSDT VELVETUSDT VETUSDT VICUSDT VIRTUALUSDT VTHOUSDT VVVUSDT WALUSDT WCTUSDT WETUSDT WIFUSDT WLDUSDT WLFIUSDT WUSDT XAIUSDT XANUSDT XLMUSDT XMRUSDT XNYUSDT XPINUSDT XPLUSDT XRPUSDT XTZUSDT XVGUSDT YBUSDT YFIUSDT YGGUSDT ZAMAUSDT ZBTUSDT ZECUSDT ZENUSDT ZEREBROUSDT ZILUSDT ZKPUSDT ZKUSDT ZORAUSDT ZROUSDT ZRXUSDT
2026-07-04,514,423,20,BTCUSDT ETHUSDT SOLUSDT ZECUSDT HYPEUSDT XRPUSDT WLDUSDT LABUSDT BNBUSDT DOGEUSDT NEARUSDT VELVETUSDT BEATUSDT HUSDT 1000PEPEUSDT ADAUSDT SUIUSDT XLMUSDT SYNUSDT ENAUSDT,0GUSDT 1000BONKUSDT 1000FLOKIUSDT 1000LUNCUSDT 1000PEPEUSDT 1000RATSUSDT 1000SATSUSDT 1000SHIBUSDT 1000XECUSDT 1INCHUSDT 1MBABYDOGEUSDT 2ZUSDT 4USDT AAVEUSDT ACEUSDT ACHUSDT ACTUSDT ADAUSDT AEROUSDT AEVOUSDT AGLDUSDT AGTUSDT AIAUSDT AIGENSYNUSDT AINUSDT AIOTUSDT AIOUSDT AIXBTUSDT AKEUSDT AKTUSDT ALGOUSDT ALICEUSDT ALLOUSDT ALTUSDT ANIMEUSDT APEUSDT API3USDT APRUSDT APTUSDT ARBUSDT ARCUSDT ARIAUSDT ARKMUSDT ARKUSDT ARUSDT ASRUSDT ASTERUSDT ASTRUSDT ATHUSDT ATOMUSDT ATUSDT AUSDT AVAAIUSDT AVAXUSDT AVNTUSDT AWEUSDT AXLUSDT AXSUSDT AZTECUSDT B2USDT BABYUSDT BANANAS31USDT BANKUSDT BANUSDT BARDUSDT BASEDUSDT BASUSDT BATUSDT BBUSDT BCHUSDT BEATUSDT BELUSDT BERAUSDT BICOUSDT BIGTIMEUSDT BILLUSDT BIOUSDT BIRBUSDT BLESSUSDT BLUAIUSDT BLURUSDT BNBUSDT BOMEUSDT BRETTUSDT BREVUSDT BROCCOLI714USDT BRUSDT BSBUSDT BSVUSDT BTCUSDT BTRUSDT BULLAUSDT BUSDT CAKEUSDT CARVUSDT CATIUSDT CCUSDT CELOUSDT CFGUSDT CFXUSDT CHIPUSDT CHZUSDT CLANKERUSDT CLOUSDT COAIUSDT COLLECTUSDT COMPUSDT COOKIEUSDT CRVUSDT CTRUSDT CTSIUSDT CUSDT CYBERUSDT CYSUSDT DASHUSDT DEEPUSDT DEXEUSDT DODOXUSDT DOGEUSDT DOGSUSDT DOODUSDT DOTUSDT DRIFTUSDT DUSKUSDT DYDXUSDT DYMUSDT EDENUSDT EDGEUSDT EDUUSDT EGLDUSDT EIGENUSDT ELSAUSDT ENAUSDT ENJUSDT ENSOUSDT ENSUSDT EPICUSDT ESPORTSUSDT ESPUSDT ETCUSDT ETHFIUSDT ETHUSDT EULUSDT EVAAUSDT FARTCOINUSDT FETUSDT FFUSDT FHEUSDT FIDAUSDT FIGHTUSDT FILUSDT FOGOUSDT FOLKSUSDT FORMUSDT GALAUSDT GASUSDT GENIUSUSDT GIGGLEUSDT GLMUSDT GMTUSDT GOATUSDT GPSUSDT GRASSUSDT GRIFFAINUSDT GRTUSDT GTCUSDT GUAUSDT GUNUSDT GUSDT GWEIUSDT HAEDALUSDT HANAUSDT HBARUSDT HEIUSDT HEMIUSDT HFTUSDT HIVEUSDT HMSTRUSDT HOLOUSDT HOMEUSDT HOTUSDT HUMAUSDT HUSDT HYPERUSDT HYPEUSDT ICNTUSDT ICPUSDT IDOLUSDT IDUSDT IMXUSDT INITUSDT INJUSDT INUSDT INXUSDT IOTAUSDT IOUSDT IRYSUSDT JASMYUSDT JCTUSDT JELLYJELLYUSDT JSTUSDT JTOUSDT JUPUSDT KAIAUSDT KAITOUSDT KASUSDT KATUSDT KAVAUSDT KERNELUSDT KGENUSDT KITEUSDT KMNOUSDT KSMUSDT LABUSDT LAUSDT LAYERUSDT LDOUSDT LIGHTUSDT LINEAUSDT LINKUSDT LITUSDT LPTUSDT LSKUSDT LTCUSDT LUMIAUSDT LUNA2USDT LYNUSDT MAGICUSDT MAGMAUSDT MANAUSDT MANTAUSDT MANTRAUSDT MASKUSDT MEGAUSDT MELANIAUSDT MEMEUSDT MERLUSDT METUSDT MEUSDT MINAUSDT MIRAUSDT MITOUSDT MMTUSDT MONUSDT MOODENGUSDT MORPHOUSDT MOVEUSDT MOVRUSDT MUSDT MYXUSDT NAORISUSDT NEARUSDT NEIROUSDT NEOUSDT NFPUSDT NIGHTUSDT NILUSDT NMRUSDT NOMUSDT NOTUSDT NXPCUSDT OGUSDT ONDOUSDT ONGUSDT ONTUSDT ONUSDT OPENUSDT OPGUSDT OPNUSDT OPUSDT ORCAUSDT ORDIUSDT PARTIUSDT PENDLEUSDT PENGUUSDT PEOPLEUSDT PHAROSUSDT PHAUSDT PIEVERSEUSDT PIPPINUSDT PIXELUSDT PLAYUSDT PLUMEUSDT PNUTUSDT POLUSDT POLYXUSDT POPCATUSDT PORTALUSDT POWERUSDT POWRUSDT PRLUSDT PROMUSDT PROVEUSDT PTBUSDT PUMPUSDT PUNDIXUSDT PYTHUSDT QNTUSDT QUSDT RAREUSDT RAVEUSDT RAYSOLUSDT RECALLUSDT REDUSDT RENDERUSDT RESOLVUSDT RIFUSDT RIVERUSDT ROBOUSDT RONINUSDT ROSEUSDT RSRUSDT RUNEUSDT SAGAUSDT SAHARAUSDT SANDUSDT SANTOSUSDT SAPIENUSDT SEIUSDT SENTUSDT SIGNUSDT SIRENUSDT SKLUSDT SKRUSDT SKYAIUSDT SKYUSDT SNXUSDT SOLUSDT SOMIUSDT SOONUSDT SOPHUSDT SPACEUSDT SPELLUSDT SPKUSDT SPORTFUNUSDT SPXUSDT SQDUSDT STABLEUSDT STARUSDT STBLUSDT STGUSDT STORJUSDT STOUSDT STRKUSDT STXUSDT SUIUSDT SUNUSDT SUPERUSDT SUSDT SUSHIUSDT SWARMSUSDT SXTUSDT SYNUSDT SYRUPUSDT TACUSDT TAGUSDT TAIKOUSDT TAOUSDT TAUSDT THETAUSDT THEUSDT TIAUSDT TLMUSDT TNSRUSDT TOSHIUSDT TOWNSUSDT TRADOORUSDT TRBUSDT TREEUSDT TRIAUSDT TRUMPUSDT TRUSTUSDT TRUTHUSDT TRXUSDT TSTUSDT TURBOUSDT TUTUSDT UAIUSDT UBUSDT UMAUSDT UNIUSDT USELESSUSDT USUALUSDT USUSDT VANAUSDT VELODROMEUSDT VELVETUSDT VETUSDT VICUSDT VIRTUALUSDT VVVUSDT WALUSDT WCTUSDT WETUSDT WIFUSDT WLDUSDT WLFIUSDT WUSDT XAIUSDT XANUSDT XLMUSDT XMRUSDT XNYUSDT XPINUSDT XPLUSDT XRPUSDT XTZUSDT XVGUSDT YBUSDT YFIUSDT YGGUSDT ZAMAUSDT ZBTUSDT ZECUSDT ZENUSDT ZEREBROUSDT ZETAUSDT ZILUSDT ZKCUSDT ZKPUSDT ZKUSDT ZORAUSDT ZROUSDT
2026-07-11,514,423,20,BTCUSDT ETHUSDT SOLUSDT ZECUSDT HYPEUSDT XRPUSDT WLDUSDT LABUSDT BNBUSDT DOGEUSDT NEARUSDT VELVETUSDT BEATUSDT HUSDT 1000PEPEUSDT ADAUSDT SUIUSDT XLMUSDT SYNUSDT ENAUSDT,0GUSDT 1000BONKUSDT 1000FLOKIUSDT 1000LUNCUSDT 1000PEPEUSDT 1000RATSUSDT 1000SATSUSDT 1000SHIBUSDT 1000XECUSDT 1INCHUSDT 1MBABYDOGEUSDT 2ZUSDT 4USDT AAVEUSDT ACEUSDT ACHUSDT ACTUSDT ADAUSDT AEROUSDT AEVOUSDT AGLDUSDT AGTUSDT AIAUSDT AIGENSYNUSDT AINUSDT AIOTUSDT AIOUSDT AIXBTUSDT AKEUSDT AKTUSDT ALGOUSDT ALICEUSDT ALLOUSDT ALTUSDT ANIMEUSDT APEUSDT API3USDT APRUSDT APTUSDT ARBUSDT ARCUSDT ARIAUSDT ARKMUSDT ARKUSDT ARUSDT ASRUSDT ASTERUSDT ASTRUSDT ATHUSDT ATOMUSDT ATUSDT AUSDT AVAAIUSDT AVAXUSDT AVNTUSDT AWEUSDT AXLUSDT AXSUSDT AZTECUSDT B2USDT BABYUSDT BANANAS31USDT BANKUSDT BANUSDT BARDUSDT BASEDUSDT BASUSDT BATUSDT BBUSDT BCHUSDT BEATUSDT BELUSDT BERAUSDT BICOUSDT BIGTIMEUSDT BILLUSDT BIOUSDT BIRBUSDT BLESSUSDT BLUAIUSDT BLURUSDT BNBUSDT BOMEUSDT BRETTUSDT BREVUSDT BROCCOLI714USDT BRUSDT BSBUSDT BSVUSDT BTCUSDT BTRUSDT BULLAUSDT BUSDT CAKEUSDT CARVUSDT CATIUSDT CCUSDT CELOUSDT CFGUSDT CFXUSDT CHIPUSDT CHZUSDT CLANKERUSDT CLOUSDT COAIUSDT COLLECTUSDT COMPUSDT COOKIEUSDT CRVUSDT CTRUSDT CTSIUSDT CUSDT CYBERUSDT CYSUSDT DASHUSDT DEEPUSDT DEXEUSDT DODOXUSDT DOGEUSDT DOGSUSDT DOODUSDT DOTUSDT DRIFTUSDT DUSKUSDT DYDXUSDT DYMUSDT EDENUSDT EDGEUSDT EDUUSDT EGLDUSDT EIGENUSDT ELSAUSDT ENAUSDT ENJUSDT ENSOUSDT ENSUSDT EPICUSDT ESPORTSUSDT ESPUSDT ETCUSDT ETHFIUSDT ETHUSDT EULUSDT EVAAUSDT FARTCOINUSDT FETUSDT FFUSDT FHEUSDT FIDAUSDT FIGHTUSDT FILUSDT FOGOUSDT FOLKSUSDT FORMUSDT GALAUSDT GASUSDT GENIUSUSDT GIGGLEUSDT GLMUSDT GMTUSDT GOATUSDT GPSUSDT GRASSUSDT GRIFFAINUSDT GRTUSDT GTCUSDT GUAUSDT GUNUSDT GUSDT GWEIUSDT HAEDALUSDT HANAUSDT HBARUSDT HEIUSDT HEMIUSDT HFTUSDT HIVEUSDT HMSTRUSDT HOLOUSDT HOMEUSDT HOTUSDT HUMAUSDT HUSDT HYPERUSDT HYPEUSDT ICNTUSDT ICPUSDT IDOLUSDT IDUSDT IMXUSDT INITUSDT INJUSDT INUSDT INXUSDT IOTAUSDT IOUSDT IRYSUSDT JASMYUSDT JCTUSDT JELLYJELLYUSDT JSTUSDT JTOUSDT JUPUSDT KAIAUSDT KAITOUSDT KASUSDT KATUSDT KAVAUSDT KERNELUSDT KGENUSDT KITEUSDT KMNOUSDT KSMUSDT LABUSDT LAUSDT LAYERUSDT LDOUSDT LIGHTUSDT LINEAUSDT LINKUSDT LITUSDT LPTUSDT LSKUSDT LTCUSDT LUMIAUSDT LUNA2USDT LYNUSDT MAGICUSDT MAGMAUSDT MANAUSDT MANTAUSDT MANTRAUSDT MASKUSDT MEGAUSDT MELANIAUSDT MEMEUSDT MERLUSDT METUSDT MEUSDT MINAUSDT MIRAUSDT MITOUSDT MMTUSDT MONUSDT MOODENGUSDT MORPHOUSDT MOVEUSDT MOVRUSDT MUSDT MYXUSDT NAORISUSDT NEARUSDT NEIROUSDT NEOUSDT NFPUSDT NIGHTUSDT NILUSDT NMRUSDT NOMUSDT NOTUSDT NXPCUSDT OGUSDT ONDOUSDT ONGUSDT ONTUSDT ONUSDT OPENUSDT OPGUSDT OPNUSDT OPUSDT ORCAUSDT ORDIUSDT PARTIUSDT PENDLEUSDT PENGUUSDT PEOPLEUSDT PHAROSUSDT PHAUSDT PIEVERSEUSDT PIPPINUSDT PIXELUSDT PLAYUSDT PLUMEUSDT PNUTUSDT POLUSDT POLYXUSDT POPCATUSDT PORTALUSDT POWERUSDT POWRUSDT PRLUSDT PROMUSDT PROVEUSDT PTBUSDT PUMPUSDT PUNDIXUSDT PYTHUSDT QNTUSDT QUSDT RAREUSDT RAVEUSDT RAYSOLUSDT RECALLUSDT REDUSDT RENDERUSDT RESOLVUSDT RIFUSDT RIVERUSDT ROBOUSDT RONINUSDT ROSEUSDT RSRUSDT RUNEUSDT SAGAUSDT SAHARAUSDT SANDUSDT SANTOSUSDT SAPIENUSDT SEIUSDT SENTUSDT SIGNUSDT SIRENUSDT SKLUSDT SKRUSDT SKYAIUSDT SKYUSDT SNXUSDT SOLUSDT SOMIUSDT SOONUSDT SOPHUSDT SPACEUSDT SPELLUSDT SPKUSDT SPORTFUNUSDT SPXUSDT SQDUSDT STABLEUSDT STARUSDT STBLUSDT STGUSDT STORJUSDT STOUSDT STRKUSDT STXUSDT SUIUSDT SUNUSDT SUPERUSDT SUSDT SUSHIUSDT SWARMSUSDT SXTUSDT SYNUSDT SYRUPUSDT TACUSDT TAGUSDT TAIKOUSDT TAOUSDT TAUSDT THETAUSDT THEUSDT TIAUSDT TLMUSDT TNSRUSDT TOSHIUSDT TOWNSUSDT TRADOORUSDT TRBUSDT TREEUSDT TRIAUSDT TRUMPUSDT TRUSTUSDT TRUTHUSDT TRXUSDT TSTUSDT TURBOUSDT TUTUSDT UAIUSDT UBUSDT UMAUSDT UNIUSDT USELESSUSDT USUALUSDT USUSDT VANAUSDT VELODROMEUSDT VELVETUSDT VETUSDT VICUSDT VIRTUALUSDT VVVUSDT WALUSDT WCTUSDT WETUSDT WIFUSDT WLDUSDT WLFIUSDT WUSDT XAIUSDT XANUSDT XLMUSDT XMRUSDT XNYUSDT XPINUSDT XPLUSDT XRPUSDT XTZUSDT XVGUSDT YBUSDT YFIUSDT YGGUSDT ZAMAUSDT ZBTUSDT ZECUSDT ZENUSDT ZEREBROUSDT ZETAUSDT ZILUSDT ZKCUSDT ZKPUSDT ZKUSDT ZORAUSDT ZROUSDT
2026-07-18,514,423,20,BTCUSDT ETHUSDT SOLUSDT ZECUSDT HYPEUSDT XRPUSDT WLDUSDT LABUSDT BNBUSDT DOGEUSDT NEARUSDT VELVETUSDT BEATUSDT HUSDT 1000PEPEUSDT ADAUSDT SUIUSDT XLMUSDT SYNUSDT ENAUSDT,0GUSDT 1000BONKUSDT 1000FLOKIUSDT 1000LUNCUSDT 1000PEPEUSDT 1000RATSUSDT 1000SATSUSDT 1000SHIBUSDT 1000XECUSDT 1INCHUSDT 1MBABYDOGEUSDT 2ZUSDT 4USDT AAVEUSDT ACEUSDT ACHUSDT ACTUSDT ADAUSDT AEROUSDT AEVOUSDT AGLDUSDT AGTUSDT AIAUSDT AIGENSYNUSDT AINUSDT AIOTUSDT AIOUSDT AIXBTUSDT AKEUSDT AKTUSDT ALGOUSDT ALICEUSDT ALLOUSDT ALTUSDT ANIMEUSDT APEUSDT API3USDT APRUSDT APTUSDT ARBUSDT ARCUSDT ARIAUSDT ARKMUSDT ARKUSDT ARUSDT ASRUSDT ASTERUSDT ASTRUSDT ATHUSDT ATOMUSDT ATUSDT AUSDT AVAAIUSDT AVAXUSDT AVNTUSDT AWEUSDT AXLUSDT AXSUSDT AZTECUSDT B2USDT BABYUSDT BANANAS31USDT BANKUSDT BANUSDT BARDUSDT BASEDUSDT BASUSDT BATUSDT BBUSDT BCHUSDT BEATUSDT BELUSDT BERAUSDT BICOUSDT BIGTIMEUSDT BILLUSDT BIOUSDT BIRBUSDT BLESSUSDT BLUAIUSDT BLURUSDT BNBUSDT BOMEUSDT BRETTUSDT BREVUSDT BROCCOLI714USDT BRUSDT BSBUSDT BSVUSDT BTCUSDT BTRUSDT BULLAUSDT BUSDT CAKEUSDT CARVUSDT CATIUSDT CCUSDT CELOUSDT CFGUSDT CFXUSDT CHIPUSDT CHZUSDT CLANKERUSDT CLOUSDT COAIUSDT COLLECTUSDT COMPUSDT COOKIEUSDT CRVUSDT CTRUSDT CTSIUSDT CUSDT CYBERUSDT CYSUSDT DASHUSDT DEEPUSDT DEXEUSDT DODOXUSDT DOGEUSDT DOGSUSDT DOODUSDT DOTUSDT DRIFTUSDT DUSKUSDT DYDXUSDT DYMUSDT EDENUSDT EDGEUSDT EDUUSDT EGLDUSDT EIGENUSDT ELSAUSDT ENAUSDT ENJUSDT ENSOUSDT ENSUSDT EPICUSDT ESPORTSUSDT ESPUSDT ETCUSDT ETHFIUSDT ETHUSDT EULUSDT EVAAUSDT FARTCOINUSDT FETUSDT FFUSDT FHEUSDT FIDAUSDT FIGHTUSDT FILUSDT FOGOUSDT FOLKSUSDT FORMUSDT GALAUSDT GASUSDT GENIUSUSDT GIGGLEUSDT GLMUSDT GMTUSDT GOATUSDT GPSUSDT GRASSUSDT GRIFFAINUSDT GRTUSDT GTCUSDT GUAUSDT GUNUSDT GUSDT GWEIUSDT HAEDALUSDT HANAUSDT HBARUSDT HEIUSDT HEMIUSDT HFTUSDT HIVEUSDT HMSTRUSDT HOLOUSDT HOMEUSDT HOTUSDT HUMAUSDT HUSDT HYPERUSDT HYPEUSDT ICNTUSDT ICPUSDT IDOLUSDT IDUSDT IMXUSDT INITUSDT INJUSDT INUSDT INXUSDT IOTAUSDT IOUSDT IRYSUSDT JASMYUSDT JCTUSDT JELLYJELLYUSDT JSTUSDT JTOUSDT JUPUSDT KAIAUSDT KAITOUSDT KASUSDT KATUSDT KAVAUSDT KERNELUSDT KGENUSDT KITEUSDT KMNOUSDT KSMUSDT LABUSDT LAUSDT LAYERUSDT LDOUSDT LIGHTUSDT LINEAUSDT LINKUSDT LITUSDT LPTUSDT LSKUSDT LTCUSDT LUMIAUSDT LUNA2USDT LYNUSDT MAGICUSDT MAGMAUSDT MANAUSDT MANTAUSDT MANTRAUSDT MASKUSDT MEGAUSDT MELANIAUSDT MEMEUSDT MERLUSDT METUSDT MEUSDT MINAUSDT MIRAUSDT MITOUSDT MMTUSDT MONUSDT MOODENGUSDT MORPHOUSDT MOVEUSDT MOVRUSDT MUSDT MYXUSDT NAORISUSDT NEARUSDT NEIROUSDT NEOUSDT NFPUSDT NIGHTUSDT NILUSDT NMRUSDT NOMUSDT NOTUSDT NXPCUSDT OGUSDT ONDOUSDT ONGUSDT ONTUSDT ONUSDT OPENUSDT OPGUSDT OPNUSDT OPUSDT ORCAUSDT ORDIUSDT PARTIUSDT PENDLEUSDT PENGUUSDT PEOPLEUSDT PHAROSUSDT PHAUSDT PIEVERSEUSDT PIPPINUSDT PIXELUSDT PLAYUSDT PLUMEUSDT PNUTUSDT POLUSDT POLYXUSDT POPCATUSDT PORTALUSDT POWERUSDT POWRUSDT PRLUSDT PROMUSDT PROVEUSDT PTBUSDT PUMPUSDT PUNDIXUSDT PYTHUSDT QNTUSDT QUSDT RAREUSDT RAVEUSDT RAYSOLUSDT RECALLUSDT REDUSDT RENDERUSDT RESOLVUSDT RIFUSDT RIVERUSDT ROBOUSDT RONINUSDT ROSEUSDT RSRUSDT RUNEUSDT SAGAUSDT SAHARAUSDT SANDUSDT SANTOSUSDT SAPIENUSDT SEIUSDT SENTUSDT SIGNUSDT SIRENUSDT SKLUSDT SKRUSDT SKYAIUSDT SKYUSDT SNXUSDT SOLUSDT SOMIUSDT SOONUSDT SOPHUSDT SPACEUSDT SPELLUSDT SPKUSDT SPORTFUNUSDT SPXUSDT SQDUSDT STABLEUSDT STARUSDT STBLUSDT STGUSDT STORJUSDT STOUSDT STRKUSDT STXUSDT SUIUSDT SUNUSDT SUPERUSDT SUSDT SUSHIUSDT SWARMSUSDT SXTUSDT SYNUSDT SYRUPUSDT TACUSDT TAGUSDT TAIKOUSDT TAOUSDT TAUSDT THETAUSDT THEUSDT TIAUSDT TLMUSDT TNSRUSDT TOSHIUSDT TOWNSUSDT TRADOORUSDT TRBUSDT TREEUSDT TRIAUSDT TRUMPUSDT TRUSTUSDT TRUTHUSDT TRXUSDT TSTUSDT TURBOUSDT TUTUSDT UAIUSDT UBUSDT UMAUSDT UNIUSDT USELESSUSDT USUALUSDT USUSDT VANAUSDT VELODROMEUSDT VELVETUSDT VETUSDT VICUSDT VIRTUALUSDT VVVUSDT WALUSDT WCTUSDT WETUSDT WIFUSDT WLDUSDT WLFIUSDT WUSDT XAIUSDT XANUSDT XLMUSDT XMRUSDT XNYUSDT XPINUSDT XPLUSDT XRPUSDT XTZUSDT XVGUSDT YBUSDT YFIUSDT YGGUSDT ZAMAUSDT ZBTUSDT ZECUSDT ZENUSDT ZEREBROUSDT ZETAUSDT ZILUSDT ZKCUSDT ZKPUSDT ZKUSDT ZORAUSDT ZROUSDT
2026-07-25,514,423,20,BTCUSDT ETHUSDT SOLUSDT ZECUSDT HYPEUSDT XRPUSDT WLDUSDT LABUSDT BNBUSDT DOGEUSDT NEARUSDT VELVETUSDT BEATUSDT HUSDT 1000PEPEUSDT ADAUSDT SUIUSDT XLMUSDT SYNUSDT ENAUSDT,0GUSDT 1000BONKUSDT 1000FLOKIUSDT 1000LUNCUSDT 1000PEPEUSDT 1000RATSUSDT 1000SATSUSDT 1000SHIBUSDT 1000XECUSDT 1INCHUSDT 1MBABYDOGEUSDT 2ZUSDT 4USDT AAVEUSDT ACEUSDT ACHUSDT ACTUSDT ADAUSDT AEROUSDT AEVOUSDT AGLDUSDT AGTUSDT AIAUSDT AIGENSYNUSDT AINUSDT AIOTUSDT AIOUSDT AIXBTUSDT AKEUSDT AKTUSDT ALGOUSDT ALICEUSDT ALLOUSDT ALTUSDT ANIMEUSDT APEUSDT API3USDT APRUSDT APTUSDT ARBUSDT ARCUSDT ARIAUSDT ARKMUSDT ARKUSDT ARUSDT ASRUSDT ASTERUSDT ASTRUSDT ATHUSDT ATOMUSDT ATUSDT AUSDT AVAAIUSDT AVAXUSDT AVNTUSDT AWEUSDT AXLUSDT AXSUSDT AZTECUSDT B2USDT BABYUSDT BANANAS31USDT BANKUSDT BANUSDT BARDUSDT BASEDUSDT BASUSDT BATUSDT BBUSDT BCHUSDT BEATUSDT BELUSDT BERAUSDT BICOUSDT BIGTIMEUSDT BILLUSDT BIOUSDT BIRBUSDT BLESSUSDT BLUAIUSDT BLURUSDT BNBUSDT BOMEUSDT BRETTUSDT BREVUSDT BROCCOLI714USDT BRUSDT BSBUSDT BSVUSDT BTCUSDT BTRUSDT BULLAUSDT BUSDT CAKEUSDT CARVUSDT CATIUSDT CCUSDT CELOUSDT CFGUSDT CFXUSDT CHIPUSDT CHZUSDT CLANKERUSDT CLOUSDT COAIUSDT COLLECTUSDT COMPUSDT COOKIEUSDT CRVUSDT CTRUSDT CTSIUSDT CUSDT CYBERUSDT CYSUSDT DASHUSDT DEEPUSDT DEXEUSDT DODOXUSDT DOGEUSDT DOGSUSDT DOODUSDT DOTUSDT DRIFTUSDT DUSKUSDT DYDXUSDT DYMUSDT EDENUSDT EDGEUSDT EDUUSDT EGLDUSDT EIGENUSDT ELSAUSDT ENAUSDT ENJUSDT ENSOUSDT ENSUSDT EPICUSDT ESPORTSUSDT ESPUSDT ETCUSDT ETHFIUSDT ETHUSDT EULUSDT EVAAUSDT FARTCOINUSDT FETUSDT FFUSDT FHEUSDT FIDAUSDT FIGHTUSDT FILUSDT FOGOUSDT FOLKSUSDT FORMUSDT GALAUSDT GASUSDT GENIUSUSDT GIGGLEUSDT GLMUSDT GMTUSDT GOATUSDT GPSUSDT GRASSUSDT GRIFFAINUSDT GRTUSDT GTCUSDT GUAUSDT GUNUSDT GUSDT GWEIUSDT HAEDALUSDT HANAUSDT HBARUSDT HEIUSDT HEMIUSDT HFTUSDT HIVEUSDT HMSTRUSDT HOLOUSDT HOMEUSDT HOTUSDT HUMAUSDT HUSDT HYPERUSDT HYPEUSDT ICNTUSDT ICPUSDT IDOLUSDT IDUSDT IMXUSDT INITUSDT INJUSDT INUSDT INXUSDT IOTAUSDT IOUSDT IRYSUSDT JASMYUSDT JCTUSDT JELLYJELLYUSDT JSTUSDT JTOUSDT JUPUSDT KAIAUSDT KAITOUSDT KASUSDT KATUSDT KAVAUSDT KERNELUSDT KGENUSDT KITEUSDT KMNOUSDT KSMUSDT LABUSDT LAUSDT LAYERUSDT LDOUSDT LIGHTUSDT LINEAUSDT LINKUSDT LITUSDT LPTUSDT LSKUSDT LTCUSDT LUMIAUSDT LUNA2USDT LYNUSDT MAGICUSDT MAGMAUSDT MANAUSDT MANTAUSDT MANTRAUSDT MASKUSDT MEGAUSDT MELANIAUSDT MEMEUSDT MERLUSDT METUSDT MEUSDT MINAUSDT MIRAUSDT MITOUSDT MMTUSDT MONUSDT MOODENGUSDT MORPHOUSDT MOVEUSDT MOVRUSDT MUSDT MYXUSDT NAORISUSDT NEARUSDT NEIROUSDT NEOUSDT NFPUSDT NIGHTUSDT NILUSDT NMRUSDT NOMUSDT NOTUSDT NXPCUSDT OGUSDT ONDOUSDT ONGUSDT ONTUSDT ONUSDT OPENUSDT OPGUSDT OPNUSDT OPUSDT ORCAUSDT ORDIUSDT PARTIUSDT PENDLEUSDT PENGUUSDT PEOPLEUSDT PHAROSUSDT PHAUSDT PIEVERSEUSDT PIPPINUSDT PIXELUSDT PLAYUSDT PLUMEUSDT PNUTUSDT POLUSDT POLYXUSDT POPCATUSDT PORTALUSDT POWERUSDT POWRUSDT PRLUSDT PROMUSDT PROVEUSDT PTBUSDT PUMPUSDT PUNDIXUSDT PYTHUSDT QNTUSDT QUSDT RAREUSDT RAVEUSDT RAYSOLUSDT RECALLUSDT REDUSDT RENDERUSDT RESOLVUSDT RIFUSDT RIVERUSDT ROBOUSDT RONINUSDT ROSEUSDT RSRUSDT RUNEUSDT SAGAUSDT SAHARAUSDT SANDUSDT SANTOSUSDT SAPIENUSDT SEIUSDT SENTUSDT SIGNUSDT SIRENUSDT SKLUSDT SKRUSDT SKYAIUSDT SKYUSDT SNXUSDT SOLUSDT SOMIUSDT SOONUSDT SOPHUSDT SPACEUSDT SPELLUSDT SPKUSDT SPORTFUNUSDT SPXUSDT SQDUSDT STABLEUSDT STARUSDT STBLUSDT STGUSDT STORJUSDT STOUSDT STRKUSDT STXUSDT SUIUSDT SUNUSDT SUPERUSDT SUSDT SUSHIUSDT SWARMSUSDT SXTUSDT SYNUSDT SYRUPUSDT TACUSDT TAGUSDT TAIKOUSDT TAOUSDT TAUSDT THETAUSDT THEUSDT TIAUSDT TLMUSDT TNSRUSDT TOSHIUSDT TOWNSUSDT TRADOORUSDT TRBUSDT TREEUSDT TRIAUSDT TRUMPUSDT TRUSTUSDT TRUTHUSDT TRXUSDT TSTUSDT TURBOUSDT TUTUSDT UAIUSDT UBUSDT UMAUSDT UNIUSDT USELESSUSDT USUALUSDT USUSDT VANAUSDT VELODROMEUSDT VELVETUSDT VETUSDT VICUSDT VIRTUALUSDT VVVUSDT WALUSDT WCTUSDT WETUSDT WIFUSDT WLDUSDT WLFIUSDT WUSDT XAIUSDT XANUSDT XLMUSDT XMRUSDT XNYUSDT XPINUSDT XPLUSDT XRPUSDT XTZUSDT XVGUSDT YBUSDT YFIUSDT YGGUSDT ZAMAUSDT ZBTUSDT ZECUSDT ZENUSDT ZEREBROUSDT ZETAUSDT ZILUSDT ZKCUSDT ZKPUSDT ZKUSDT ZORAUSDT ZROUSDT
2026-08-01,519,389,20,BTCUSDT ETHUSDT SOLUSDT ZECUSDT HYPEUSDT BANKUSDT XRPUSDT LABUSDT DOGEUSDT AKEUSDT DEXEUSDT BNBUSDT EVAAUSDT 1000PEPEUSDT ADAUSDT WLDUSDT NEARUSDT SUIUSDT ESPORTSUSDT TLMUSDT,0GUSDT 1000BONKUSDT 1000FLOKIUSDT 1000LUNCUSDT 1000PEPEUSDT 1000RATSUSDT 1000SATSUSDT 1000SHIBUSDT 1000XECUSDT 1INCHUSDT 1MBABYDOGEUSDT 4USDT AAVEUSDT ACEUSDT ACHUSDT ACTUSDT ADAUSDT AEROUSDT AGLDUSDT AGTUSDT AIAUSDT AIGENSYNUSDT AIOTUSDT AIOUSDT AIXBTUSDT AKEUSDT ALCHUSDT ALGOUSDT ALICEUSDT ALLOUSDT ALTUSDT ANKRUSDT APEUSDT API3USDT APRUSDT APTUSDT ARBUSDT ARCUSDT ARIAUSDT ARKMUSDT ARPAUSDT ARUSDT ARXUSDT ASTERUSDT ATHUSDT ATOMUSDT AUSDT AVAAIUSDT AVAXUSDT AVNTUSDT AWEUSDT AXSUSDT B2USDT BABYUSDT BANANAS31USDT BANANAUSDT BANKUSDT BANUSDT BARDUSDT BASEDUSDT BASUSDT BCHUSDT BEATUSDT BELUSDT BERAUSDT BICOUSDT BILLUSDT BIOUSDT BIRBUSDT BLESSUSDT BLUAIUSDT BLURUSDT BNBUSDT BOMEUSDT BREVUSDT BROCCOLI714USDT BROCCOLIF3BUSDT BSBUSDT BSVUSDT BTCUSDT BTWUSDT BULLAUSDT BUSDT CAKEUSDT CAPUSDT CATIUSDT CCUSDT CELOUSDT CFGUSDT CFXUSDT CHILLGUYUSDT CHIPUSDT CHRUSDT CHZUSDT CLOUSDT COAIUSDT COLLECTUSDT COMPUSDT COOKIEUSDT COTIUSDT CROSSUSDT CRVUSDT DASHUSDT DEEPUSDT DEXEUSDT DIAUSDT DODOXUSDT DOGEUSDT DOGSUSDT DOODUSDT DOTUSDT DYDXUSDT DYMUSDT EDENUSDT EDGEUSDT EDUUSDT EGLDUSDT EIGENUSDT ELSAUSDT ENAUSDT ENJUSDT ENSOUSDT ENSUSDT EPICUSDT ERAUSDT ESPORTSUSDT ESPUSDT ETCUSDT ETHFIUSDT ETHUSDT EULUSDT EVAAUSDT FARTCOINUSDT FETUSDT FFUSDT FHEUSDT FIDAUSDT FILUSDT FLOCKUSDT FLOWUSDT FLUIDUSDT FOLKSUSDT FORMUSDT GALAUSDT GENIUSUSDT GIGGLEUSDT GMTUSDT GPSUSDT GRASSUSDT GRTUSDT GUAUSDT GUNUSDT GUSDT GWEIUSDT HANAUSDT HBARUSDT HEIUSDT HEMIUSDT HFTUSDT HMSTRUSDT HOLOUSDT HOMEUSDT HOTUSDT HUMAUSDT HUSDT HYPERUSDT HYPEUSDT ICNTUSDT ICPUSDT IDOLUSDT IDUSDT IMXUSDT INJUSDT INUSDT IOTAUSDT IOUSDT IRYSUSDT JASMYUSDT JCTUSDT JELLYJELLYUSDT JSTUSDT JTOUSDT JUPUSDT KAITOUSDT KASUSDT KATUSDT KERNELUSDT KGENUSDT KITEUSDT KMNOUSDT KOMAUSDT KSMUSDT LABUSDT LAUSDT LAYERUSDT LDOUSDT LIGHTUSDT LINEAUSDT LINKUSDT LISTAUSDT LITUSDT LPTUSDT LTCUSDT LUMIAUSDT LUNA2USDT LYNUSDT MAGMAUSDT MANAUSDT MANTAUSDT MANTRAUSDT MEGAUSDT MEMEUSDT METUSDT MEUSDT MINAUSDT MIRAUSDT MITOUSDT MMTUSDT MONUSDT MOODENGUSDT MORPHOUSDT MOVEUSDT MOVRUSDT MUBARAKUSDT MUSDT MYXUSDT NAORISUSDT NEARUSDT NEIROUSDT NEOUSDT NIGHTUSDT NILUSDT NMRUSDT NOMUSDT NOTUSDT OGNUSDT ONDOUSDT ONEUSDT ONGUSDT ONUSDT OPENUSDT OPGUSDT OPNUSDT OPUSDT ORCAUSDT ORDERUSDT ORDIUSDT OUSDT PARTIUSDT PENDLEUSDT PENGUUSDT PEOPLEUSDT PHAROSUSDT PHAUSDT PIEVERSEUSDT PIPPINUSDT PIXELUSDT PLAYUSDT PLUMEUSDT PNUTUSDT POLUSDT POPCATUSDT PORTALUSDT POWERUSDT POWRUSDT PRLUSDT PROMUSDT PTBUSDT PUMPUSDT PYTHUSDT QNTUSDT QTUMUSDT QUSDT RAREUSDT RAVEUSDT RAYSOLUSDT REDUSDT RENDERUSDT RESOLVUSDT REUSDT REZUSDT RIFUSDT RIVERUSDT RLCUSDT ROBOUSDT ROSEUSDT RPLUSDT RSRUSDT RUNEUSDT RVNUSDT SAFEUSDT SAGAUSDT SAHARAUSDT SANDUSDT SCRTUSDT SEIUSDT SENTUSDT SIRENUSDT SKLUSDT SKYAIUSDT SKYUSDT SLPUSDT SNXUSDT SOLUSDT SOMIUSDT SOONUSDT SPACEUSDT SPELLUSDT SPKUSDT SPXUSDT STABLEUSDT STARUSDT STGUSDT STORJUSDT STOUSDT STRKUSDT STXUSDT SUIUSDT SUSDT SUSHIUSDT SXTUSDT SYNUSDT SYRUPUSDT TACUSDT TAGUSDT TAIKOUSDT TAKEUSDT TAOUSDT TAUSDT THETAUSDT THEUSDT TIAUSDT TLMUSDT TNSRUSDT TOSHIUSDT TOWNSUSDT TRADOORUSDT TRBUSDT TREEUSDT TRIAUSDT TRUMPUSDT TRUTHUSDT TRXUSDT TSTUSDT TURBOUSDT TUSDT TUTUSDT UAIUSDT UBUSDT UNIUSDT USELESSUSDT USUALUSDT USUSDT VANAUSDT VANRYUSDT VELVETUSDT VETUSDT VICUSDT VIRTUALUSDT VVVUSDT WETUSDT WIFUSDT WLDUSDT WLFIUSDT WUSDT XANUSDT XLMUSDT XMRUSDT XNYUSDT XPINUSDT XPLUSDT XRPUSDT XTZUSDT YBUSDT YFIUSDT YGGUSDT ZAMAUSDT ZBTUSDT ZECUSDT ZENUSDT ZEREBROUSDT ZESTUSDT ZETAUSDT ZILUSDT ZKCUSDT ZKPUSDT ZKUSDT ZORAUSDT ZROUSDT
2026-08-08,519,389,20,BTCUSDT ETHUSDT SOLUSDT ZECUSDT HYPEUSDT BANKUSDT XRPUSDT LABUSDT DOGEUSDT AKEUSDT DEXEUSDT BNBUSDT EVAAUSDT 1000PEPEUSDT ADAUSDT WLDUSDT NEARUSDT SUIUSDT ESPORTSUSDT TLMUSDT,0GUSDT 1000BONKUSDT 1000FLOKIUSDT 1000LUNCUSDT 1000PEPEUSDT 1000RATSUSDT 1000SATSUSDT 1000SHIBUSDT 1000XECUSDT 1INCHUSDT 1MBABYDOGEUSDT 4USDT AAVEUSDT ACEUSDT ACHUSDT ACTUSDT ADAUSDT AEROUSDT AGLDUSDT AGTUSDT AIAUSDT AIGENSYNUSDT AIOTUSDT AIOUSDT AIXBTUSDT AKEUSDT ALCHUSDT ALGOUSDT ALICEUSDT ALLOUSDT ALTUSDT ANKRUSDT APEUSDT API3USDT APRUSDT APTUSDT ARBUSDT ARCUSDT ARIAUSDT ARKMUSDT ARPAUSDT ARUSDT ARXUSDT ASTERUSDT ATHUSDT ATOMUSDT AUSDT AVAAIUSDT AVAXUSDT AVNTUSDT AWEUSDT AXSUSDT B2USDT BABYUSDT BANANAS31USDT BANANAUSDT BANKUSDT BANUSDT BARDUSDT BASEDUSDT BASUSDT BCHUSDT BEATUSDT BELUSDT BERAUSDT BICOUSDT BILLUSDT BIOUSDT BIRBUSDT BLESSUSDT BLUAIUSDT BLURUSDT BNBUSDT BOMEUSDT BREVUSDT BROCCOLI714USDT BROCCOLIF3BUSDT BSBUSDT BSVUSDT BTCUSDT BTWUSDT BULLAUSDT BUSDT CAKEUSDT CAPUSDT CATIUSDT CCUSDT CELOUSDT CFGUSDT CFXUSDT CHILLGUYUSDT CHIPUSDT CHRUSDT CHZUSDT CLOUSDT COAIUSDT COLLECTUSDT COMPUSDT COOKIEUSDT COTIUSDT CROSSUSDT CRVUSDT DASHUSDT DEEPUSDT DEXEUSDT DIAUSDT DODOXUSDT DOGEUSDT DOGSUSDT DOODUSDT DOTUSDT DYDXUSDT DYMUSDT EDENUSDT EDGEUSDT EDUUSDT EGLDUSDT EIGENUSDT ELSAUSDT ENAUSDT ENJUSDT ENSOUSDT ENSUSDT EPICUSDT ERAUSDT ESPORTSUSDT ESPUSDT ETCUSDT ETHFIUSDT ETHUSDT EULUSDT EVAAUSDT FARTCOINUSDT FETUSDT FFUSDT FHEUSDT FIDAUSDT FILUSDT FLOCKUSDT FLOWUSDT FLUIDUSDT FOLKSUSDT FORMUSDT GALAUSDT GENIUSUSDT GIGGLEUSDT GMTUSDT GPSUSDT GRASSUSDT GRTUSDT GUAUSDT GUNUSDT GUSDT GWEIUSDT HANAUSDT HBARUSDT HEIUSDT HEMIUSDT HFTUSDT HMSTRUSDT HOLOUSDT HOMEUSDT HOTUSDT HUMAUSDT HUSDT HYPERUSDT HYPEUSDT ICNTUSDT ICPUSDT IDOLUSDT IDUSDT IMXUSDT INJUSDT INUSDT IOTAUSDT IOUSDT IRYSUSDT JASMYUSDT JCTUSDT JELLYJELLYUSDT JSTUSDT JTOUSDT JUPUSDT KAITOUSDT KASUSDT KATUSDT KERNELUSDT KGENUSDT KITEUSDT KMNOUSDT KOMAUSDT KSMUSDT LABUSDT LAUSDT LAYERUSDT LDOUSDT LIGHTUSDT LINEAUSDT LINKUSDT LISTAUSDT LITUSDT LPTUSDT LTCUSDT LUMIAUSDT LUNA2USDT LYNUSDT MAGMAUSDT MANAUSDT MANTAUSDT MANTRAUSDT MEGAUSDT MEMEUSDT METUSDT MEUSDT MINAUSDT MIRAUSDT MITOUSDT MMTUSDT MONUSDT MOODENGUSDT MORPHOUSDT MOVEUSDT MOVRUSDT MUBARAKUSDT MUSDT MYXUSDT NAORISUSDT NEARUSDT NEIROUSDT NEOUSDT NIGHTUSDT NILUSDT NMRUSDT NOMUSDT NOTUSDT OGNUSDT ONDOUSDT ONEUSDT ONGUSDT ONUSDT OPENUSDT OPGUSDT OPNUSDT OPUSDT ORCAUSDT ORDERUSDT ORDIUSDT OUSDT PARTIUSDT PENDLEUSDT PENGUUSDT PEOPLEUSDT PHAROSUSDT PHAUSDT PIEVERSEUSDT PIPPINUSDT PIXELUSDT PLAYUSDT PLUMEUSDT PNUTUSDT POLUSDT POPCATUSDT PORTALUSDT POWERUSDT POWRUSDT PRLUSDT PROMUSDT PTBUSDT PUMPUSDT PYTHUSDT QNTUSDT QTUMUSDT QUSDT RAREUSDT RAVEUSDT RAYSOLUSDT REDUSDT RENDERUSDT RESOLVUSDT REUSDT REZUSDT RIFUSDT RIVERUSDT RLCUSDT ROBOUSDT ROSEUSDT RPLUSDT RSRUSDT RUNEUSDT RVNUSDT SAFEUSDT SAGAUSDT SAHARAUSDT SANDUSDT SCRTUSDT SEIUSDT SENTUSDT SIRENUSDT SKLUSDT SKYAIUSDT SKYUSDT SLPUSDT SNXUSDT SOLUSDT SOMIUSDT SOONUSDT SPACEUSDT SPELLUSDT SPKUSDT SPXUSDT STABLEUSDT STARUSDT STGUSDT STORJUSDT STOUSDT STRKUSDT STXUSDT SUIUSDT SUSDT SUSHIUSDT SXTUSDT SYNUSDT SYRUPUSDT TACUSDT TAGUSDT TAIKOUSDT TAKEUSDT TAOUSDT TAUSDT THETAUSDT THEUSDT TIAUSDT TLMUSDT TNSRUSDT TOSHIUSDT TOWNSUSDT TRADOORUSDT TRBUSDT TREEUSDT TRIAUSDT TRUMPUSDT TRUTHUSDT TRXUSDT TSTUSDT TURBOUSDT TUSDT TUTUSDT UAIUSDT UBUSDT UNIUSDT USELESSUSDT USUALUSDT USUSDT VANAUSDT VANRYUSDT VELVETUSDT VETUSDT VICUSDT VIRTUALUSDT VVVUSDT WETUSDT WIFUSDT WLDUSDT WLFIUSDT WUSDT XANUSDT XLMUSDT XMRUSDT XNYUSDT XPINUSDT XPLUSDT XRPUSDT XTZUSDT YBUSDT YFIUSDT YGGUSDT ZAMAUSDT ZBTUSDT ZECUSDT ZENUSDT ZEREBROUSDT ZESTUSDT ZETAUSDT ZILUSDT ZKCUSDT ZKPUSDT ZKUSDT ZORAUSDT ZROUSDT
2026-08-15,519,389,20,BTCUSDT ETHUSDT SOLUSDT ZECUSDT HYPEUSDT BANKUSDT XRPUSDT LABUSDT DOGEUSDT AKEUSDT DEXEUSDT BNBUSDT EVAAUSDT 1000PEPEUSDT ADAUSDT WLDUSDT NEARUSDT SUIUSDT ESPORTSUSDT TLMUSDT,0GUSDT 1000BONKUSDT 1000FLOKIUSDT 1000LUNCUSDT 1000PEPEUSDT 1000RATSUSDT 1000SATSUSDT 1000SHIBUSDT 1000XECUSDT 1INCHUSDT 1MBABYDOGEUSDT 4USDT AAVEUSDT ACEUSDT ACHUSDT ACTUSDT ADAUSDT AEROUSDT AGLDUSDT AGTUSDT AIAUSDT AIGENSYNUSDT AIOTUSDT AIOUSDT AIXBTUSDT AKEUSDT ALCHUSDT ALGOUSDT ALICEUSDT ALLOUSDT ALTUSDT ANKRUSDT APEUSDT API3USDT APRUSDT APTUSDT ARBUSDT ARCUSDT ARIAUSDT ARKMUSDT ARPAUSDT ARUSDT ARXUSDT ASTERUSDT ATHUSDT ATOMUSDT AUSDT AVAAIUSDT AVAXUSDT AVNTUSDT AWEUSDT AXSUSDT B2USDT BABYUSDT BANANAS31USDT BANANAUSDT BANKUSDT BANUSDT BARDUSDT BASEDUSDT BASUSDT BCHUSDT BEATUSDT BELUSDT BERAUSDT BICOUSDT BILLUSDT BIOUSDT BIRBUSDT BLESSUSDT BLUAIUSDT BLURUSDT BNBUSDT BOMEUSDT BREVUSDT BROCCOLI714USDT BROCCOLIF3BUSDT BSBUSDT BSVUSDT BTCUSDT BTWUSDT BULLAUSDT BUSDT CAKEUSDT CAPUSDT CATIUSDT CCUSDT CELOUSDT CFGUSDT CFXUSDT CHILLGUYUSDT CHIPUSDT CHRUSDT CHZUSDT CLOUSDT COAIUSDT COLLECTUSDT COMPUSDT COOKIEUSDT COTIUSDT CROSSUSDT CRVUSDT DASHUSDT DEEPUSDT DEXEUSDT DIAUSDT DODOXUSDT DOGEUSDT DOGSUSDT DOODUSDT DOTUSDT DYDXUSDT DYMUSDT EDENUSDT EDGEUSDT EDUUSDT EGLDUSDT EIGENUSDT ELSAUSDT ENAUSDT ENJUSDT ENSOUSDT ENSUSDT EPICUSDT ERAUSDT ESPORTSUSDT ESPUSDT ETCUSDT ETHFIUSDT ETHUSDT EULUSDT EVAAUSDT FARTCOINUSDT FETUSDT FFUSDT FHEUSDT FIDAUSDT FILUSDT FLOCKUSDT FLOWUSDT FLUIDUSDT FOLKSUSDT FORMUSDT GALAUSDT GENIUSUSDT GIGGLEUSDT GMTUSDT GPSUSDT GRASSUSDT GRTUSDT GUAUSDT GUNUSDT GUSDT GWEIUSDT HANAUSDT HBARUSDT HEIUSDT HEMIUSDT HFTUSDT HMSTRUSDT HOLOUSDT HOMEUSDT HOTUSDT HUMAUSDT HUSDT HYPERUSDT HYPEUSDT ICNTUSDT ICPUSDT IDOLUSDT IDUSDT IMXUSDT INJUSDT INUSDT IOTAUSDT IOUSDT IRYSUSDT JASMYUSDT JCTUSDT JELLYJELLYUSDT JSTUSDT JTOUSDT JUPUSDT KAITOUSDT KASUSDT KATUSDT KERNELUSDT KGENUSDT KITEUSDT KMNOUSDT KOMAUSDT KSMUSDT LABUSDT LAUSDT LAYERUSDT LDOUSDT LIGHTUSDT LINEAUSDT LINKUSDT LISTAUSDT LITUSDT LPTUSDT LTCUSDT LUMIAUSDT LUNA2USDT LYNUSDT MAGMAUSDT MANAUSDT MANTAUSDT MANTRAUSDT MEGAUSDT MEMEUSDT METUSDT MEUSDT MINAUSDT MIRAUSDT MITOUSDT MMTUSDT MONUSDT MOODENGUSDT MORPHOUSDT MOVEUSDT MOVRUSDT MUBARAKUSDT MUSDT MYXUSDT NAORISUSDT NEARUSDT NEIROUSDT NEOUSDT NIGHTUSDT NILUSDT NMRUSDT NOMUSDT NOTUSDT OGNUSDT ONDOUSDT ONEUSDT ONGUSDT ONUSDT OPENUSDT OPGUSDT OPNUSDT OPUSDT ORCAUSDT ORDERUSDT ORDIUSDT OUSDT PARTIUSDT PENDLEUSDT PENGUUSDT PEOPLEUSDT PHAROSUSDT PHAUSDT PIEVERSEUSDT PIPPINUSDT PIXELUSDT PLAYUSDT PLUMEUSDT PNUTUSDT POLUSDT POPCATUSDT PORTALUSDT POWERUSDT POWRUSDT PRLUSDT PROMUSDT PTBUSDT PUMPUSDT PYTHUSDT QNTUSDT QTUMUSDT QUSDT RAREUSDT RAVEUSDT RAYSOLUSDT REDUSDT RENDERUSDT RESOLVUSDT REUSDT REZUSDT RIFUSDT RIVERUSDT RLCUSDT ROBOUSDT ROSEUSDT RPLUSDT RSRUSDT RUNEUSDT RVNUSDT SAFEUSDT SAGAUSDT SAHARAUSDT SANDUSDT SCRTUSDT SEIUSDT SENTUSDT SIRENUSDT SKLUSDT SKYAIUSDT SKYUSDT SLPUSDT SNXUSDT SOLUSDT SOMIUSDT SOONUSDT SPACEUSDT SPELLUSDT SPKUSDT SPXUSDT STABLEUSDT STARUSDT STGUSDT STORJUSDT STOUSDT STRKUSDT STXUSDT SUIUSDT SUSDT SUSHIUSDT SXTUSDT SYNUSDT SYRUPUSDT TACUSDT TAGUSDT TAIKOUSDT TAKEUSDT TAOUSDT TAUSDT THETAUSDT THEUSDT TIAUSDT TLMUSDT TNSRUSDT TOSHIUSDT TOWNSUSDT TRADOORUSDT TRBUSDT TREEUSDT TRIAUSDT TRUMPUSDT TRUTHUSDT TRXUSDT TSTUSDT TURBOUSDT TUSDT TUTUSDT UAIUSDT UBUSDT UNIUSDT USELESSUSDT USUALUSDT USUSDT VANAUSDT VANRYUSDT VELVETUSDT VETUSDT VICUSDT VIRTUALUSDT VVVUSDT WETUSDT WIFUSDT WLDUSDT WLFIUSDT WUSDT XANUSDT XLMUSDT XMRUSDT XNYUSDT XPINUSDT XPLUSDT XRPUSDT XTZUSDT YBUSDT YFIUSDT YGGUSDT ZAMAUSDT ZBTUSDT ZECUSDT ZENUSDT ZEREBROUSDT ZESTUSDT ZETAUSDT ZILUSDT ZKCUSDT ZKPUSDT ZKUSDT ZORAUSDT ZROUSDT
2026-08-22,519,389,20,BTCUSDT ETHUSDT SOLUSDT ZECUSDT HYPEUSDT BANKUSDT XRPUSDT LABUSDT DOGEUSDT AKEUSDT DEXEUSDT BNBUSDT EVAAUSDT 1000PEPEUSDT ADAUSDT WLDUSDT NEARUSDT SUIUSDT ESPORTSUSDT TLMUSDT,0GUSDT 1000BONKUSDT 1000FLOKIUSDT 1000LUNCUSDT 1000PEPEUSDT 1000RATSUSDT 1000SATSUSDT 1000SHIBUSDT 1000XECUSDT 1INCHUSDT 1MBABYDOGEUSDT 4USDT AAVEUSDT ACEUSDT ACHUSDT ACTUSDT ADAUSDT AEROUSDT AGLDUSDT AGTUSDT AIAUSDT AIGENSYNUSDT AIOTUSDT AIOUSDT AIXBTUSDT AKEUSDT ALCHUSDT ALGOUSDT ALICEUSDT ALLOUSDT ALTUSDT ANKRUSDT APEUSDT API3USDT APRUSDT APTUSDT ARBUSDT ARCUSDT ARIAUSDT ARKMUSDT ARPAUSDT ARUSDT ARXUSDT ASTERUSDT ATHUSDT ATOMUSDT AUSDT AVAAIUSDT AVAXUSDT AVNTUSDT AWEUSDT AXSUSDT B2USDT BABYUSDT BANANAS31USDT BANANAUSDT BANKUSDT BANUSDT BARDUSDT BASEDUSDT BASUSDT BCHUSDT BEATUSDT BELUSDT BERAUSDT BICOUSDT BILLUSDT BIOUSDT BIRBUSDT BLESSUSDT BLUAIUSDT BLURUSDT BNBUSDT BOMEUSDT BREVUSDT BROCCOLI714USDT BROCCOLIF3BUSDT BSBUSDT BSVUSDT BTCUSDT BTWUSDT BULLAUSDT BUSDT CAKEUSDT CAPUSDT CATIUSDT CCUSDT CELOUSDT CFGUSDT CFXUSDT CHILLGUYUSDT CHIPUSDT CHRUSDT CHZUSDT CLOUSDT COAIUSDT COLLECTUSDT COMPUSDT COOKIEUSDT COTIUSDT CROSSUSDT CRVUSDT DASHUSDT DEEPUSDT DEXEUSDT DIAUSDT DODOXUSDT DOGEUSDT DOGSUSDT DOODUSDT DOTUSDT DYDXUSDT DYMUSDT EDENUSDT EDGEUSDT EDUUSDT EGLDUSDT EIGENUSDT ELSAUSDT ENAUSDT ENJUSDT ENSOUSDT ENSUSDT EPICUSDT ERAUSDT ESPORTSUSDT ESPUSDT ETCUSDT ETHFIUSDT ETHUSDT EULUSDT EVAAUSDT FARTCOINUSDT FETUSDT FFUSDT FHEUSDT FIDAUSDT FILUSDT FLOCKUSDT FLOWUSDT FLUIDUSDT FOLKSUSDT FORMUSDT GALAUSDT GENIUSUSDT GIGGLEUSDT GMTUSDT GPSUSDT GRASSUSDT GRTUSDT GUAUSDT GUNUSDT GUSDT GWEIUSDT HANAUSDT HBARUSDT HEIUSDT HEMIUSDT HFTUSDT HMSTRUSDT HOLOUSDT HOMEUSDT HOTUSDT HUMAUSDT HUSDT HYPERUSDT HYPEUSDT ICNTUSDT ICPUSDT IDOLUSDT IDUSDT IMXUSDT INJUSDT INUSDT IOTAUSDT IOUSDT IRYSUSDT JASMYUSDT JCTUSDT JELLYJELLYUSDT JSTUSDT JTOUSDT JUPUSDT KAITOUSDT KASUSDT KATUSDT KERNELUSDT KGENUSDT KITEUSDT KMNOUSDT KOMAUSDT KSMUSDT LABUSDT LAUSDT LAYERUSDT LDOUSDT LIGHTUSDT LINEAUSDT LINKUSDT LISTAUSDT LITUSDT LPTUSDT LTCUSDT LUMIAUSDT LUNA2USDT LYNUSDT MAGMAUSDT MANAUSDT MANTAUSDT MANTRAUSDT MEGAUSDT MEMEUSDT METUSDT MEUSDT MINAUSDT MIRAUSDT MITOUSDT MMTUSDT MONUSDT MOODENGUSDT MORPHOUSDT MOVEUSDT MOVRUSDT MUBARAKUSDT MUSDT MYXUSDT NAORISUSDT NEARUSDT NEIROUSDT NEOUSDT NIGHTUSDT NILUSDT NMRUSDT NOMUSDT NOTUSDT OGNUSDT ONDOUSDT ONEUSDT ONGUSDT ONUSDT OPENUSDT OPGUSDT OPNUSDT OPUSDT ORCAUSDT ORDERUSDT ORDIUSDT OUSDT PARTIUSDT PENDLEUSDT PENGUUSDT PEOPLEUSDT PHAROSUSDT PHAUSDT PIEVERSEUSDT PIPPINUSDT PIXELUSDT PLAYUSDT PLUMEUSDT PNUTUSDT POLUSDT POPCATUSDT PORTALUSDT POWERUSDT POWRUSDT PRLUSDT PROMUSDT PTBUSDT PUMPUSDT PYTHUSDT QNTUSDT QTUMUSDT QUSDT RAREUSDT RAVEUSDT RAYSOLUSDT REDUSDT RENDERUSDT RESOLVUSDT REUSDT REZUSDT RIFUSDT RIVERUSDT RLCUSDT ROBOUSDT ROSEUSDT RPLUSDT RSRUSDT RUNEUSDT RVNUSDT SAFEUSDT SAGAUSDT SAHARAUSDT SANDUSDT SCRTUSDT SEIUSDT SENTUSDT SIRENUSDT SKLUSDT SKYAIUSDT SKYUSDT SLPUSDT SNXUSDT SOLUSDT SOMIUSDT SOONUSDT SPACEUSDT SPELLUSDT SPKUSDT SPXUSDT STABLEUSDT STARUSDT STGUSDT STORJUSDT STOUSDT STRKUSDT STXUSDT SUIUSDT SUSDT SUSHIUSDT SXTUSDT SYNUSDT SYRUPUSDT TACUSDT TAGUSDT TAIKOUSDT TAKEUSDT TAOUSDT TAUSDT THETAUSDT THEUSDT TIAUSDT TLMUSDT TNSRUSDT TOSHIUSDT TOWNSUSDT TRADOORUSDT TRBUSDT TREEUSDT TRIAUSDT TRUMPUSDT TRUTHUSDT TRXUSDT TSTUSDT TURBOUSDT TUSDT TUTUSDT UAIUSDT UBUSDT UNIUSDT USELESSUSDT USUALUSDT USUSDT VANAUSDT VANRYUSDT VELVETUSDT VETUSDT VICUSDT VIRTUALUSDT VVVUSDT WETUSDT WIFUSDT WLDUSDT WLFIUSDT WUSDT XANUSDT XLMUSDT XMRUSDT XNYUSDT XPINUSDT XPLUSDT XRPUSDT XTZUSDT YBUSDT YFIUSDT YGGUSDT ZAMAUSDT ZBTUSDT ZECUSDT ZENUSDT ZEREBROUSDT ZESTUSDT ZETAUSDT ZILUSDT ZKCUSDT ZKPUSDT ZKUSDT ZORAUSDT ZROUSDT
2026-08-29,519,389,20,BTCUSDT ETHUSDT SOLUSDT ZECUSDT HYPEUSDT BANKUSDT XRPUSDT LABUSDT DOGEUSDT AKEUSDT DEXEUSDT BNBUSDT EVAAUSDT 1000PEPEUSDT ADAUSDT WLDUSDT NEARUSDT SUIUSDT ESPORTSUSDT TLMUSDT,0GUSDT 1000BONKUSDT 1000FLOKIUSDT 1000LUNCUSDT 1000PEPEUSDT 1000RATSUSDT 1000SATSUSDT 1000SHIBUSDT 1000XECUSDT 1INCHUSDT 1MBABYDOGEUSDT 4USDT AAVEUSDT ACEUSDT ACHUSDT ACTUSDT ADAUSDT AEROUSDT AGLDUSDT AGTUSDT AIAUSDT AIGENSYNUSDT AIOTUSDT AIOUSDT AIXBTUSDT AKEUSDT ALCHUSDT ALGOUSDT ALICEUSDT ALLOUSDT ALTUSDT ANKRUSDT APEUSDT API3USDT APRUSDT APTUSDT ARBUSDT ARCUSDT ARIAUSDT ARKMUSDT ARPAUSDT ARUSDT ARXUSDT ASTERUSDT ATHUSDT ATOMUSDT AUSDT AVAAIUSDT AVAXUSDT AVNTUSDT AWEUSDT AXSUSDT B2USDT BABYUSDT BANANAS31USDT BANANAUSDT BANKUSDT BANUSDT BARDUSDT BASEDUSDT BASUSDT BCHUSDT BEATUSDT BELUSDT BERAUSDT BICOUSDT BILLUSDT BIOUSDT BIRBUSDT BLESSUSDT BLUAIUSDT BLURUSDT BNBUSDT BOMEUSDT BREVUSDT BROCCOLI714USDT BROCCOLIF3BUSDT BSBUSDT BSVUSDT BTCUSDT BTWUSDT BULLAUSDT BUSDT CAKEUSDT CAPUSDT CATIUSDT CCUSDT CELOUSDT CFGUSDT CFXUSDT CHILLGUYUSDT CHIPUSDT CHRUSDT CHZUSDT CLOUSDT COAIUSDT COLLECTUSDT COMPUSDT COOKIEUSDT COTIUSDT CROSSUSDT CRVUSDT DASHUSDT DEEPUSDT DEXEUSDT DIAUSDT DODOXUSDT DOGEUSDT DOGSUSDT DOODUSDT DOTUSDT DYDXUSDT DYMUSDT EDENUSDT EDGEUSDT EDUUSDT EGLDUSDT EIGENUSDT ELSAUSDT ENAUSDT ENJUSDT ENSOUSDT ENSUSDT EPICUSDT ERAUSDT ESPORTSUSDT ESPUSDT ETCUSDT ETHFIUSDT ETHUSDT EULUSDT EVAAUSDT FARTCOINUSDT FETUSDT FFUSDT FHEUSDT FIDAUSDT FILUSDT FLOCKUSDT FLOWUSDT FLUIDUSDT FOLKSUSDT FORMUSDT GALAUSDT GENIUSUSDT GIGGLEUSDT GMTUSDT GPSUSDT GRASSUSDT GRTUSDT GUAUSDT GUNUSDT GUSDT GWEIUSDT HANAUSDT HBARUSDT HEIUSDT HEMIUSDT HFTUSDT HMSTRUSDT HOLOUSDT HOMEUSDT HOTUSDT HUMAUSDT HUSDT HYPERUSDT HYPEUSDT ICNTUSDT ICPUSDT IDOLUSDT IDUSDT IMXUSDT INJUSDT INUSDT IOTAUSDT IOUSDT IRYSUSDT JASMYUSDT JCTUSDT JELLYJELLYUSDT JSTUSDT JTOUSDT JUPUSDT KAITOUSDT KASUSDT KATUSDT KERNELUSDT KGENUSDT KITEUSDT KMNOUSDT KOMAUSDT KSMUSDT LABUSDT LAUSDT LAYERUSDT LDOUSDT LIGHTUSDT LINEAUSDT LINKUSDT LISTAUSDT LITUSDT LPTUSDT LTCUSDT LUMIAUSDT LUNA2USDT LYNUSDT MAGMAUSDT MANAUSDT MANTAUSDT MANTRAUSDT MEGAUSDT MEMEUSDT METUSDT MEUSDT MINAUSDT MIRAUSDT MITOUSDT MMTUSDT MONUSDT MOODENGUSDT MORPHOUSDT MOVEUSDT MOVRUSDT MUBARAKUSDT MUSDT MYXUSDT NAORISUSDT NEARUSDT NEIROUSDT NEOUSDT NIGHTUSDT NILUSDT NMRUSDT NOMUSDT NOTUSDT OGNUSDT ONDOUSDT ONEUSDT ONGUSDT ONUSDT OPENUSDT OPGUSDT OPNUSDT OPUSDT ORCAUSDT ORDERUSDT ORDIUSDT OUSDT PARTIUSDT PENDLEUSDT PENGUUSDT PEOPLEUSDT PHAROSUSDT PHAUSDT PIEVERSEUSDT PIPPINUSDT PIXELUSDT PLAYUSDT PLUMEUSDT PNUTUSDT POLUSDT POPCATUSDT PORTALUSDT POWERUSDT POWRUSDT PRLUSDT PROMUSDT PTBUSDT PUMPUSDT PYTHUSDT QNTUSDT QTUMUSDT QUSDT RAREUSDT RAVEUSDT RAYSOLUSDT REDUSDT RENDERUSDT RESOLVUSDT REUSDT REZUSDT RIFUSDT RIVERUSDT RLCUSDT ROBOUSDT ROSEUSDT RPLUSDT RSRUSDT RUNEUSDT RVNUSDT SAFEUSDT SAGAUSDT SAHARAUSDT SANDUSDT SCRTUSDT SEIUSDT SENTUSDT SIRENUSDT SKLUSDT SKYAIUSDT SKYUSDT SLPUSDT SNXUSDT SOLUSDT SOMIUSDT SOONUSDT SPACEUSDT SPELLUSDT SPKUSDT SPXUSDT STABLEUSDT STARUSDT STGUSDT STORJUSDT STOUSDT STRKUSDT STXUSDT SUIUSDT SUSDT SUSHIUSDT SXTUSDT SYNUSDT SYRUPUSDT TACUSDT TAGUSDT TAIKOUSDT TAKEUSDT TAOUSDT TAUSDT THETAUSDT THEUSDT TIAUSDT TLMUSDT TNSRUSDT TOSHIUSDT TOWNSUSDT TRADOORUSDT TRBUSDT TREEUSDT TRIAUSDT TRUMPUSDT TRUTHUSDT TRXUSDT TSTUSDT TURBOUSDT TUSDT TUTUSDT UAIUSDT UBUSDT UNIUSDT USELESSUSDT USUALUSDT USUSDT VANAUSDT VANRYUSDT VELVETUSDT VETUSDT VICUSDT VIRTUALUSDT VVVUSDT WETUSDT WIFUSDT WLDUSDT WLFIUSDT WUSDT XANUSDT XLMUSDT XMRUSDT XNYUSDT XPINUSDT XPLUSDT XRPUSDT XTZUSDT YBUSDT YFIUSDT YGGUSDT ZAMAUSDT ZBTUSDT ZECUSDT ZENUSDT ZEREBROUSDT ZESTUSDT ZETAUSDT ZILUSDT ZKCUSDT ZKPUSDT ZKUSDT ZORAUSDT ZROUSDT
2026-09-05,515,419,20,BTCUSDT ETHUSDT SOLUSDT XRPUSDT ZECUSDT HYPEUSDT DOGEUSDT BNBUSDT TRUMPUSDT TUTUSDT ENAUSDT 1000PEPEUSDT PUMPUSDT ACEUSDT SUIUSDT ADAUSDT CYSUSDT AKEUSDT LINKUSDT BTWUSDT,0GUSDT 1000BONKUSDT 1000CATUSDT 1000FLOKIUSDT 1000LUNCUSDT 1000PEPEUSDT 1000RATSUSDT 1000SATSUSDT 1000SHIBUSDT 1000XECUSDT 1INCHUSDT 1MBABYDOGEUSDT 2ZUSDT 4USDT AAVEUSDT ACEUSDT ACHUSDT ACTUSDT ACUUSDT ADAUSDT AEROUSDT AEVOUSDT AGTUSDT AIAUSDT AIGENSYNUSDT AIOTUSDT AIOUSDT AIXBTUSDT AKEUSDT AKTUSDT ALGOUSDT ALICEUSDT ALLOUSDT ALPINEUSDT ALTUSDT ANIMEUSDT APEUSDT API3USDT APRUSDT APTUSDT ARBUSDT ARCUSDT ARIAUSDT ARKMUSDT ARUSDT ARXUSDT ASTERUSDT ATHUSDT ATOMUSDT ATUSDT AUCTIONUSDT AUSDT AVAAIUSDT AVAXUSDT AVNTUSDT AXLUSDT AXSUSDT B2USDT BABYUSDT BANANAS31USDT BANDUSDT BANKUSDT BARDUSDT BASEDUSDT BASUSDT BATUSDT BBUSDT BCHUSDT BEAMXUSDT BEATUSDT BELUSDT BERAUSDT BICOUSDT BIGTIMEUSDT BILLUSDT BIOUSDT BIRBUSDT BLESSUSDT BLUAIUSDT BLURUSDT BMTUSDT BNBUSDT BOMEUSDT BRETTUSDT BROCCOLI714USDT BROCCOLIF3BUSDT BRUSDT BSBUSDT BTCUSDT BTRUSDT BTWUSDT BULLAUSDT BUSDT C98USDT CAKEUSDT CAPUSDT CATIUSDT CCUSDT CETUSUSDT CFGUSDT CFXUSDT CHILLGUYUSDT CHIPUSDT CHZUSDT CLOUSDT COAIUSDT COLLECTUSDT COMPUSDT COOKIEUSDT COTIUSDT COWUSDT CROSSUSDT CRVUSDT CTSIUSDT CVXUSDT CYSUSDT DASHUSDT DEEPUSDT DEXEUSDT DIAUSDT DODOXUSDT DOGEUSDT DOGSUSDT DOLOUSDT DOTUSDT DRIFTUSDT DUSKUSDT DYDXUSDT DYMUSDT EDENUSDT EDGEUSDT EDUUSDT EGLDUSDT EIGENUSDT ELSAUSDT ENAUSDT ENJUSDT ENSOUSDT ENSUSDT EPICUSDT ERAUSDT ESPORTSUSDT ESPUSDT ETCUSDT ETHFIUSDT ETHUSDT EULUSDT EVAAUSDT FARTCOINUSDT FETUSDT FFUSDT FHEUSDT FIDAUSDT FIGHTUSDT FILUSDT FLOCKUSDT FLOWUSDT FOGOUSDT FOLKSUSDT FORMUSDT GALAUSDT GASUSDT GENIUSUSDT GIGGLEUSDT GMTUSDT GOATUSDT GPSUSDT GRAMUSDT GRASSUSDT GRTUSDT GRVTUSDT GUAUSDT GUNUSDT GUSDT GWEIUSDT HANAUSDT HBARUSDT HEIUSDT HEMIUSDT HMSTRUSDT HOLOUSDT HOMEUSDT HUMAUSDT HUSDT HYPERUSDT HYPEUSDT ICNTUSDT ICPUSDT IDOLUSDT IDUSDT IMXUSDT INJUSDT INXUSDT IOTAUSDT IOTXUSDT IOUSDT JASMYUSDT JCTUSDT JSTUSDT JTOUSDT JUPUSDT KAIAUSDT KAITOUSDT KASUSDT KATUSDT KAVAUSDT KERNELUSDT KGENUSDT KITEUSDT KMNOUSDT KOMAUSDT KSMUSDT LABUSDT LAUSDT LDOUSDT LIGHTUSDT LINEAUSDT LINKUSDT LISTAUSDT LITUSDT LPTUSDT LSKUSDT LTCUSDT LUMIAUSDT LUNA2USDT MAGICUSDT MAGMAUSDT MANAUSDT MANTRAUSDT MASKUSDT MAVUSDT MEGAUSDT MELANIAUSDT MEMEUSDT MERLUSDT METUSDT MEUSDT MINAUSDT MIRAUSDT MITOUSDT MMTUSDT MONUSDT MOODENGUSDT MORPHOUSDT MOVEUSDT MOVRUSDT MUBARAKUSDT MUSDT MYXUSDT NEARUSDT NEIROUSDT NEOUSDT NIGHTUSDT NILUSDT NOMUSDT NOTUSDT NXPCUSDT OGNUSDT OGUSDT ONDOUSDT ONEUSDT ONGUSDT ONTUSDT ONUSDT OPENUSDT OPGUSDT OPNUSDT OPUSDT ORCAUSDT ORDIUSDT OUSDT PARTIUSDT PENDLEUSDT PENGUUSDT PEOPLEUSDT PHAUSDT PIEVERSEUSDT PIPPINUSDT PIXELUSDT PLAYUSDT PLUMEUSDT PNUTUSDT POLUSDT POPCATUSDT PORTALUSDT POWERUSDT POWRUSDT PRLUSDT PROMUSDT PROVEUSDT PTBUSDT PUMPUSDT PYTHUSDT QNTUSDT QTUMUSDT QUSDT RAREUSDT RAVEUSDT RAYSOLUSDT RECALLUSDT REDUSDT RENDERUSDT RESOLVUSDT REUSDT REZUSDT RIFUSDT RIVERUSDT ROBOUSDT RONINUSDT ROSEUSDT RSRUSDT RUNEUSDT RVNUSDT SAGAUSDT SAHARAUSDT SANDUSDT SANTOSUSDT SCRUSDT SEIUSDT SENTUSDT SHELLUSDT SIGNUSDT SIRENUSDT SKLUSDT SKRUSDT SKYAIUSDT SKYUSDT SNXUSDT SOLUSDT SOLVUSDT SOMIUSDT SOONUSDT SOPHUSDT SPACEUSDT SPKUSDT SPORTFUNUSDT SPXUSDT SQDUSDT SSVUSDT STABLEUSDT STARUSDT STBLUSDT STGUSDT STOUSDT STRKUSDT STXUSDT SUIUSDT SUPERUSDT SUSDT SUSHIUSDT SWARMSUSDT SXTUSDT SYNUSDT SYRUPUSDT TACUSDT TAGUSDT TAKEUSDT TAOUSDT TAUSDT THETAUSDT THEUSDT TIAUSDT TLMUSDT TNSRUSDT TOWNSUSDT TRADOORUSDT TRBUSDT TREEUSDT TRIAUSDT TRUMPUSDT TRUSTUSDT TRXUSDT TSTUSDT TURBOUSDT TUSDT TUTUSDT TWTUSDT UAIUSDT UBUSDT UNIUSDT USELESSUSDT USUALUSDT USUSDT VANAUSDT VELODROMEUSDT VELVETUSDT VETUSDT VIRTUALUSDT VVVUSDT WALUSDT WAXPUSDT WIFUSDT WLDUSDT WLFIUSDT WUSDT XAIUSDT XANUSDT XLMUSDT XMRUSDT XNYUSDT XPINUSDT XPLUSDT XRPUSDT XTZUSDT YBUSDT YFIUSDT YGGUSDT ZAMAUSDT ZBTUSDT ZECUSDT ZENUSDT ZEREBROUSDT ZESTUSDT ZILUSDT ZKCUSDT ZKPUSDT ZKUSDT ZORAUSDT ZROUSDT
2026-09-12,515,419,20,BTCUSDT ETHUSDT SOLUSDT XRPUSDT ZECUSDT HYPEUSDT DOGEUSDT BNBUSDT TRUMPUSDT TUTUSDT ENAUSDT 1000PEPEUSDT PUMPUSDT ACEUSDT SUIUSDT ADAUSDT CYSUSDT AKEUSDT LINKUSDT BTWUSDT,0GUSDT 1000BONKUSDT 1000CATUSDT 1000FLOKIUSDT 1000LUNCUSDT 1000PEPEUSDT 1000RATSUSDT 1000SATSUSDT 1000SHIBUSDT 1000XECUSDT 1INCHUSDT 1MBABYDOGEUSDT 2ZUSDT 4USDT AAVEUSDT ACEUSDT ACHUSDT ACTUSDT ACUUSDT ADAUSDT AEROUSDT AEVOUSDT AGTUSDT AIAUSDT AIGENSYNUSDT AIOTUSDT AIOUSDT AIXBTUSDT AKEUSDT AKTUSDT ALGOUSDT ALICEUSDT ALLOUSDT ALPINEUSDT ALTUSDT ANIMEUSDT APEUSDT API3USDT APRUSDT APTUSDT ARBUSDT ARCUSDT ARIAUSDT ARKMUSDT ARUSDT ARXUSDT ASTERUSDT ATHUSDT ATOMUSDT ATUSDT AUCTIONUSDT AUSDT AVAAIUSDT AVAXUSDT AVNTUSDT AXLUSDT AXSUSDT B2USDT BABYUSDT BANANAS31USDT BANDUSDT BANKUSDT BARDUSDT BASEDUSDT BASUSDT BATUSDT BBUSDT BCHUSDT BEAMXUSDT BEATUSDT BELUSDT BERAUSDT BICOUSDT BIGTIMEUSDT BILLUSDT BIOUSDT BIRBUSDT BLESSUSDT BLUAIUSDT BLURUSDT BMTUSDT BNBUSDT BOMEUSDT BRETTUSDT BROCCOLI714USDT BROCCOLIF3BUSDT BRUSDT BSBUSDT BTCUSDT BTRUSDT BTWUSDT BULLAUSDT BUSDT C98USDT CAKEUSDT CAPUSDT CATIUSDT CCUSDT CETUSUSDT CFGUSDT CFXUSDT CHILLGUYUSDT CHIPUSDT CHZUSDT CLOUSDT COAIUSDT COLLECTUSDT COMPUSDT COOKIEUSDT COTIUSDT COWUSDT CROSSUSDT CRVUSDT CTSIUSDT CVXUSDT CYSUSDT DASHUSDT DEEPUSDT DEXEUSDT DIAUSDT DODOXUSDT DOGEUSDT DOGSUSDT DOLOUSDT DOTUSDT DRIFTUSDT DUSKUSDT DYDXUSDT DYMUSDT EDENUSDT EDGEUSDT EDUUSDT EGLDUSDT EIGENUSDT ELSAUSDT ENAUSDT ENJUSDT ENSOUSDT ENSUSDT EPICUSDT ERAUSDT ESPORTSUSDT ESPUSDT ETCUSDT ETHFIUSDT ETHUSDT EULUSDT EVAAUSDT FARTCOINUSDT FETUSDT FFUSDT FHEUSDT FIDAUSDT FIGHTUSDT FILUSDT FLOCKUSDT FLOWUSDT FOGOUSDT FOLKSUSDT FORMUSDT GALAUSDT GASUSDT GENIUSUSDT GIGGLEUSDT GMTUSDT GOATUSDT GPSUSDT GRAMUSDT GRASSUSDT GRTUSDT GRVTUSDT GUAUSDT GUNUSDT GUSDT GWEIUSDT HANAUSDT HBARUSDT HEIUSDT HEMIUSDT HMSTRUSDT HOLOUSDT HOMEUSDT HUMAUSDT HUSDT HYPERUSDT HYPEUSDT ICNTUSDT ICPUSDT IDOLUSDT IDUSDT IMXUSDT INJUSDT INXUSDT IOTAUSDT IOTXUSDT IOUSDT JASMYUSDT JCTUSDT JSTUSDT JTOUSDT JUPUSDT KAIAUSDT KAITOUSDT KASUSDT KATUSDT KAVAUSDT KERNELUSDT KGENUSDT KITEUSDT KMNOUSDT KOMAUSDT KSMUSDT LABUSDT LAUSDT LDOUSDT LIGHTUSDT LINEAUSDT LINKUSDT LISTAUSDT LITUSDT LPTUSDT LSKUSDT LTCUSDT LUMIAUSDT LUNA2USDT MAGICUSDT MAGMAUSDT MANAUSDT MANTRAUSDT MASKUSDT MAVUSDT MEGAUSDT MELANIAUSDT MEMEUSDT MERLUSDT METUSDT MEUSDT MINAUSDT MIRAUSDT MITOUSDT MMTUSDT MONUSDT MOODENGUSDT MORPHOUSDT MOVEUSDT MOVRUSDT MUBARAKUSDT MUSDT MYXUSDT NEARUSDT NEIROUSDT NEOUSDT NIGHTUSDT NILUSDT NOMUSDT NOTUSDT NXPCUSDT OGNUSDT OGUSDT ONDOUSDT ONEUSDT ONGUSDT ONTUSDT ONUSDT OPENUSDT OPGUSDT OPNUSDT OPUSDT ORCAUSDT ORDIUSDT OUSDT PARTIUSDT PENDLEUSDT PENGUUSDT PEOPLEUSDT PHAUSDT PIEVERSEUSDT PIPPINUSDT PIXELUSDT PLAYUSDT PLUMEUSDT PNUTUSDT POLUSDT POPCATUSDT PORTALUSDT POWERUSDT POWRUSDT PRLUSDT PROMUSDT PROVEUSDT PTBUSDT PUMPUSDT PYTHUSDT QNTUSDT QTUMUSDT QUSDT RAREUSDT RAVEUSDT RAYSOLUSDT RECALLUSDT REDUSDT RENDERUSDT RESOLVUSDT REUSDT REZUSDT RIFUSDT RIVERUSDT ROBOUSDT RONINUSDT ROSEUSDT RSRUSDT RUNEUSDT RVNUSDT SAGAUSDT SAHARAUSDT SANDUSDT SANTOSUSDT SCRUSDT SEIUSDT SENTUSDT SHELLUSDT SIGNUSDT SIRENUSDT SKLUSDT SKRUSDT SKYAIUSDT SKYUSDT SNXUSDT SOLUSDT SOLVUSDT SOMIUSDT SOONUSDT SOPHUSDT SPACEUSDT SPKUSDT SPORTFUNUSDT SPXUSDT SQDUSDT SSVUSDT STABLEUSDT STARUSDT STBLUSDT STGUSDT STOUSDT STRKUSDT STXUSDT SUIUSDT SUPERUSDT SUSDT SUSHIUSDT SWARMSUSDT SXTUSDT SYNUSDT SYRUPUSDT TACUSDT TAGUSDT TAKEUSDT TAOUSDT TAUSDT THETAUSDT THEUSDT TIAUSDT TLMUSDT TNSRUSDT TOWNSUSDT TRADOORUSDT TRBUSDT TREEUSDT TRIAUSDT TRUMPUSDT TRUSTUSDT TRXUSDT TSTUSDT TURBOUSDT TUSDT TUTUSDT TWTUSDT UAIUSDT UBUSDT UNIUSDT USELESSUSDT USUALUSDT USUSDT VANAUSDT VELODROMEUSDT VELVETUSDT VETUSDT VIRTUALUSDT VVVUSDT WALUSDT WAXPUSDT WIFUSDT WLDUSDT WLFIUSDT WUSDT XAIUSDT XANUSDT XLMUSDT XMRUSDT XNYUSDT XPINUSDT XPLUSDT XRPUSDT XTZUSDT YBUSDT YFIUSDT YGGUSDT ZAMAUSDT ZBTUSDT ZECUSDT ZENUSDT ZEREBROUSDT ZESTUSDT ZILUSDT ZKCUSDT ZKPUSDT ZKUSDT ZORAUSDT ZROUSDT
