date,R1_D1,R1_D2,R1_label,R2_D1,R2_D2,R2_D3,R2_label,R3_D1,R3_D2,R3_D3,R3_D4,R3_label,R4_D1,R4_D2,R4_D3,R4_label,R5_D1,R5_D2,R5_D3,R5_label
2018-05-04,,,,,,,,,,,,,,,,,,,,
2018-05-05,,,,,,,,,,,,,,,,,,,,
2018-05-06,,,,,,,,,,,,,,,,,,,,
2018-05-07,,,,,,,,,,,,,,,,,,,,
2018-05-08,,,,,,,,,,,,,,,,,,,,
2018-05-09,,,,,,,,,,,,,,,,,,,,
2018-05-10,,,,,,,,,,,,,,,,,,,,
2018-05-11,,,,,,,,,,,,,,,,,,,,
2018-05-12,,,,,,,,,,,,,,,,,,,,
2018-05-13,,,,,,,,,,,,,,,,,,,,
2018-05-14,,,,,,,,,,,,,,,,,,,,
2018-05-15,,,,,,,,,,,,,,,,,,,,
2018-05-16,,,,,,,,,,,,,,,,,,,,
2018-05-17,,,,,,,,,,,,,,,,,,,,
2018-05-18,,,,,,,,,,,,,,,,,,,,
2018-05-19,,,,,,,,,,,,,,,,,,,,
2018-05-20,,,,,,,,,,,,,,,,,,,,
2018-05-21,,,,,,,,,,,,,,,,,,,,
2018-05-22,,,,,,,,,,,,,,,,,,,,
2018-05-23,,,,,,,,,,,,,,,,,,,,
2018-05-24,,,,,,,,,,,,,,,,,,,,
2018-05-25,,,,,,,,,,,,,,,,,,,,
2018-05-26,,,,,,,,,,,,,,,,,,,,
2018-05-27,,,,,,,,,,,,,,,,,,,,
2018-05-28,,,,,,,,,,,,,,,,,,,,
2018-05-29,,,,,,,,,,,,,,,,,,,,
2018-05-30,,,,,,,,,,,,,,,,,,,,
2018-05-31,,,,,,,,,,,,,,,,,,,,
2018-06-01,,,,,,,,,,,,,,,,,,,,
2018-06-02,,,,,,,,,,,,,,,,,,,,
2018-06-03,,,,,,,,,,,,,,,,,,,,
2018-06-04,,,,,,,,,,,,,,,,,,,,
2018-06-05,,,,,,,,,,,,,,,,,,,,
2018-06-06,,,,,,,,,,,,,,,,,,,,
2018-06-07,,,,,,,,,,,,,,,,,,,,
2018-06-08,,,,,,,,,,,,,,,,,,,,
2018-06-09,,,,,,,,,,,,,,,,,,,,
2018-06-10,,,,,,,,,,,,,,,,,,,,
2018-06-11,,,,,,,,,,,,,,,,,,,,
2018-06-12,,,,,,,,,,,,,,,,,,,,
2018-06-13,,,,,,,,,,,,,,,,,,,,
2018-06-14,,,,,,,,,,,,,,,,,,,,
2018-06-15,,,,,,,,,,,,,,,,,,,,
2018-06-16,,,,,,,,,,,,,,,,,,,,
2018-06-17,,,,,,,,,,,,,,,,,,,,
2018-06-18,,,,,,,,,,,,,,,,,,,,
2018-06-19,,,,,,,,,,,,,,,,,,,,
2018-06-20,,,,,,,,,,,,,,,,,,,,
2018-06-21,,,,,,,,,,,,,,,,,,,,
2018-06-22,,,,,,,,,,,,,,,,,,,,
2018-06-23,,,,,,,,,,,,,,,,,,,,
2018-06-24,,,,,,,,,,,,,,,,,,,,
2018-06-25,,,,,,,,,,,,,,,,,,,,
2018-06-26,,,,,,,,,,,,,,,,,,,,
2018-06-27,,,,,,,,,,,,,,,,,,,,
2018-06-28,,,,,,,,,,,,,,,,,,,,
2018-06-29,,,,,,,,,,,,,,,,,,,,
2018-06-30,,,,,,,,,,,,,,,,,,,,
2018-07-01,,,,,,,,,,,,,,,,,,,,
2018-07-02,,,,,,,,,,,,,,,,,,,,
2018-07-03,,,,,,,,,,,,,,,,,,,,
2018-07-04,,,,,,,,,,,,,,,,,,,,
2018-07-05,,,,,,,,,,,,,,,,,,,,
2018-07-06,,,,,,,,,,,,,,,,,,,,
2018-07-07,,,,,,,,,,,,,,,,,,,,
2018-07-08,,,,,,,,,,,,,,,,,,,,
2018-07-09,,,,,,,,,,,,,,,,,,,,
2018-07-10,,,,,,,,,,,,,,,,,,,,
2018-07-11,,,,,,,,,,,,,,,,,,,,
2018-07-12,,,,,,,,,,,,,,,,,,,,
2018-07-13,,,,,,,,,,,,,,,,,,,,
2018-07-14,,,,,,,,,,,,,,,,,,,,
2018-07-15,,,,,,,,,,,,,,,,,,,,
2018-07-16,,,,,,,,,,,,,,,,,,,,
2018-07-17,,,,,,,,,,,,,,,,,,,,
2018-07-18,,,,,,,,,,,,,,,,,,,,
2018-07-19,,,,,,,,,,,,,,,,,,,,
2018-07-20,,,,,,,,,,,,,,,,,,,,
2018-07-21,,,,,,,,,,,,,,,,,,,,
2018-07-22,,,,,,,,,,,,,,,,,,,,
2018-07-23,,,,,,,,,,,,,,,,,,,,
2018-07-24,,,,,,,,,,,,,,,,,,,,
2018-07-25,,,,,,,,,,,,,,,,,,,,
2018-07-26,,,,,,,,,,,,,,,,,,,,
2018-07-27,,,,,,,,,,,,,,,,,,,,
2018-07-28,,,,,,,,,,,,,,,,,,,,
2018-07-29,,,,,,,,,,,,,,,,,,,,
2018-07-30,,,,,,,,,,,,,,,,,,,,
2018-07-31,,,,,,,,,,,,,,,,,,,,
2018-08-01,,,,,,,,,,,,,,,,,,,,
2018-08-02,,,,,,,,,,,,,,,,,,,,
2018-08-03,,,,,,,,,,,,,,,,,,,,
2018-08-04,,,,,,,,,,,,,,,,,,,,
2018-08-05,,,,,,,,,,,,,,,,,,,,
2018-08-06,,,,,,,,,,,,,,,,,,,,
2018-08-07,,,,,,,,,,,,,,,,,,,,
2018-08-08,,,,,,,,,,,,,,,,,,,,
2018-08-09,,,,,,,,,,,,,,,,,,,,
2018-08-10,,,,,,,,,,,,,,,,,,,,
2018-08-11,DOWN,,,,,,,,,,,,,,,,,,,
2018-08-12,DOWN,,,,,,,,,,,,,,,,,,,
2018-08-13,DOWN,,,,,,,,,,,,,,,,,,,
2018-08-14,DOWN,,,,,,,,,,,,,,,,,,,
2018-08-15,DOWN,,,,,,,,,,,,,,,,,,,
2018-08-16,DOWN,,,,,,,,,,,,,,,,,,,
2018-08-17,DOWN,,,,,,,,,,,,,,,,,,,
2018-08-18,DOWN,,,,,,,,,,,,,,,,,,,
2018-08-19,DOWN,,,,,,,,,,,,,,,,,,,
2018-08-20,DOWN,,,,,,,,,,,,,,,,,,,
2018-08-21,DOWN,,,DOWN,,,,DOWN,,,,,DOWN,,,,DOWN,,,
2018-08-22,DOWN,,,DOWN,,,,DOWN,,,,,DOWN,,,,DOWN,,,
2018-08-23,DOWN,,,DOWN,,,,DOWN,,,,,DOWN,,,,DOWN,,,
2018-08-24,DOWN,,,DOWN,,,,DOWN,,,,,DOWN,,,,DOWN,,,
2018-08-25,DOWN,,,DOWN,,,,DOWN,,,,,RANGE,,,,DOWN,,,
2018-08-26,DOWN,,,DOWN,,,,DOWN,,,,,RANGE,,,,DOWN,,,
2018-08-27,DOWN,,,DOWN,,,,DOWN,,,,,RANGE,,,,DOWN,,,
2018-08-28,DOWN,,,DOWN,,,,DOWN,,,,,RANGE,,,,DOWN,,,
2018-08-29,DOWN,,,DOWN,,,,DOWN,,,,,RANGE,,,,DOWN,,,
2018-08-30,RANGE,,,RANGE,,,,RANGE,,,,,RANGE,,,,DOWN,,,
2018-08-31,RANGE,,,RANGE,,,,RANGE,,,,,RANGE,,,,DOWN,,,
2018-09-01,RANGE,,,RANGE,,,,RANGE,,,,,RANGE,,,,DOWN,,,
2018-09-02,RANGE,,,RANGE,,,,RANGE,,,,,RANGE,,,,DOWN,,,
2018-09-03,RANGE,,,RANGE,,,,RANGE,,,,,RANGE,,,,DOWN,,,
2018-09-04,RANGE,,,RANGE,,,,RANGE,,,,,RANGE,,,,DOWN,,,
2018-09-05,RANGE,,,RANGE,,,,RANGE,,,,,RANGE,,,,DOWN,,,
2018-09-06,RANGE,,,RANGE,,,,RANGE,,,,,RANGE,,,,DOWN,,,
2018-09-07,RANGE,,,RANGE,,,,RANGE,,,,,RANGE,,,,DOWN,,,
2018-09-08,DOWN,,,DOWN,,,,DOWN,,,,,RANGE,,,,DOWN,,,
2018-09-09,DOWN,,,DOWN,,,,DOWN,,,,,RANGE,,,,DOWN,,,
2018-09-10,DOWN,,,DOWN,,,,DOWN,,,,,RANGE,,,,DOWN,,,
2018-09-11,DOWN,,,DOWN,,,,DOWN,,,,,DOWN,,,,DOWN,,,
2018-09-12,DOWN,,,DOWN,,,,DOWN,,,,,DOWN,,,,DOWN,,,
2018-09-13,DOWN,,,DOWN,,,,DOWN,,,,,DOWN,,,,DOWN,,,
2018-09-14,DOWN,,,DOWN,,,,DOWN,,,,,DOWN,,,,DOWN,,,
2018-09-15,DOWN,,,DOWN,,,,DOWN,,,,,DOWN,,,,DOWN,,,
2018-09-16,DOWN,,,DOWN,,,,DOWN,,,,,DOWN,,,,DOWN,,,
2018-09-17,DOWN,,,DOWN,,,,DOWN,,,,,DOWN,,,,DOWN,,,
2018-09-18,DOWN,,,DOWN,,,,DOWN,,,,,DOWN,,,,DOWN,,,
2018-09-19,DOWN,,,DOWN,,,,DOWN,,,,,DOWN,,,,DOWN,,,
2018-09-20,UP,,,RANGE,,,,RANGE,,,,,RANGE,,,,RANGE,,,
2018-09-21,UP,,,RANGE,,,,RANGE,,,,,RANGE,,,,RANGE,,,
2018-09-22,UP,,,RANGE,,,,RANGE,,,,,RANGE,,,,RANGE,,,
2018-09-23,UP,,,RANGE,,,,RANGE,,,,,RANGE,,,,RANGE,,,
2018-09-24,UP,,,RANGE,,,,RANGE,,,,,RANGE,,,,RANGE,,,
2018-09-25,UP,,,RANGE,,,,RANGE,,,,,RANGE,,,,RANGE,,,
2018-09-26,UP,,,RANGE,,,,RANGE,,,,,RANGE,,,,RANGE,,,
2018-09-27,UP,,,RANGE,,,,RANGE,,,,,RANGE,,,,RANGE,,,
2018-09-28,UP,,,RANGE,,,,RANGE,,,,,RANGE,,,,RANGE,,,
2018-09-29,UP,,,RANGE,,,,RANGE,,,,,RANGE,,,,RANGE,,,
2018-09-30,UP,,,UP,,,,UP,,,,,UP,,,,UP,,,
2018-10-01,UP,,,UP,,,,UP,,,,,UP,,,,UP,,,
2018-10-02,UP,,,UP,,,,UP,,,,,UP,,,,UP,,,
2018-10-03,UP,,,UP,,,,UP,,,,,UP,,,,UP,,,
2018-10-04,UP,,,UP,,,,UP,,,,,UP,,,,UP,,,
2018-10-05,UP,,,UP,,,,UP,,,,,UP,,,,UP,,,
2018-10-06,UP,,,UP,,,,UP,,,,,UP,,,,UP,,,
2018-10-07,UP,,,UP,,,,UP,,,,,UP,,,,UP,,,
2018-10-08,UP,,,UP,,,,UP,,,,,UP,,,,UP,,,
2018-10-09,UP,,,UP,,,,UP,,,,,UP,,,,UP,,,
2018-10-10,UP,,,UP,,,,UP,,,,,UP,,,,UP,,,
2018-10-11,DOWN,,,RANGE,,,,RANGE,,,,,RANGE,,,,RANGE,,,
2018-10-12,UP,,,UP,,,,UP,,,,,UP,,,,UP,,,
2018-10-13,UP,,,RANGE,,,,RANGE,,,,,RANGE,,,,RANGE,,,
2018-10-14,UP,,,RANGE,,,,RANGE,,,,,RANGE,,,,RANGE,,,
2018-10-15,UP,,,RANGE,,,,RANGE,,,,,RANGE,,,,RANGE,,,
2018-10-16,UP,,,RANGE,,,,RANGE,,,,,RANGE,,,,RANGE,,,
2018-10-17,UP,,,RANGE,,,,RANGE,,,,,RANGE,,,,RANGE,,,
2018-10-18,UP,,,RANGE,,,,RANGE,,,,,RANGE,,,,RANGE,,,
2018-10-19,UP,,,RANGE,,,,RANGE,,,,,RANGE,,,,RANGE,,,
2018-10-20,UP,,,RANGE,,,,RANGE,,,,,RANGE,,,,RANGE,,,
2018-10-21,UP,,,RANGE,,,,RANGE,,,,,RANGE,,,,RANGE,,,
2018-10-22,UP,,,RANGE,,,,RANGE,,,,,RANGE,,,,RANGE,,,
2018-10-23,RANGE,,,RANGE,,,,RANGE,,,,,RANGE,,,,UP,,,
2018-10-24,RANGE,,,RANGE,,,,RANGE,,,,,RANGE,,,,UP,,,
2018-10-25,RANGE,,,RANGE,,,,RANGE,,,,,RANGE,,,,UP,,,
2018-10-26,RANGE,,,RANGE,,,,RANGE,,,,,RANGE,,,,UP,,,
2018-10-27,RANGE,,,RANGE,,,,RANGE,,,,,RANGE,,,,UP,,,
2018-10-28,RANGE,,,RANGE,,,,RANGE,,,,,RANGE,,,,UP,,,
2018-10-29,RANGE,,,RANGE,,,,RANGE,,,,,RANGE,,,,UP,,,
2018-10-30,RANGE,,,RANGE,,,,RANGE,,,,,RANGE,,,,RANGE,,,
2018-10-31,RANGE,,,RANGE,,,,RANGE,,,,,RANGE,,,,RANGE,,,
2018-11-01,RANGE,,,RANGE,,,,RANGE,,,,,RANGE,,,,RANGE,,,
2018-11-02,RANGE,,,RANGE,,,,RANGE,,,,,RANGE,,,,RANGE,,,
2018-11-03,RANGE,,,RANGE,,,,RANGE,,,,,RANGE,,,,RANGE,,,
2018-11-04,RANGE,,,RANGE,,,,RANGE,,,,,RANGE,,,,RANGE,,,
2018-11-05,RANGE,,,RANGE,,,,RANGE,,,,,RANGE,,,,RANGE,,,
2018-11-06,RANGE,,,RANGE,,,,RANGE,,,,,RANGE,,,,RANGE,,,
2018-11-07,RANGE,,,RANGE,,,,RANGE,,,,,RANGE,,,,UP,,,
2018-11-08,RANGE,,,RANGE,,,,RANGE,,,,,RANGE,,,,UP,,,
2018-11-09,RANGE,,,RANGE,,,,RANGE,,,,,RANGE,,,,UP,,,
2018-11-10,RANGE,,,RANGE,,,,RANGE,,,,,RANGE,,,,UP,,,
2018-11-11,RANGE,,,RANGE,,,,RANGE,,,,,RANGE,,,,UP,,,
2018-11-12,RANGE,,,RANGE,,,,RANGE,,,,,RANGE,,,,UP,,,
2018-11-13,RANGE,,,RANGE,,,,RANGE,,,,,RANGE,,,,UP,,,
2018-11-14,RANGE,,,RANGE,,,,RANGE,,,,,RANGE,,,,UP,,,
2018-11-15,RANGE,,,RANGE,,,,RANGE,,,,,RANGE,,,,UP,,,
2018-11-16,RANGE,,,RANGE,,,,RANGE,,,,,RANGE,,,,UP,,,
2018-11-17,RANGE,,,RANGE,,,,RANGE,,,,,RANGE,,,,UP,,,
2018-11-18,RANGE,,,RANGE,,,,RANGE,,,,,RANGE,,,,UP,,,
2018-11-19,RANGE,,,RANGE,,,,RANGE,,,,,RANGE,,,,UP,,,
2018-11-20,RANGE,,,RANGE,,,,RANGE,,,,,RANGE,,,,UP,,,
2018-11-21,RANGE,,,RANGE,,,,RANGE,,,,,RANGE,,,,UP,,,
2018-11-22,RANGE,,,RANGE,,,,RANGE,,,,,RANGE,,,,UP,,,
2018-11-23,DOWN,,,RANGE,,,,RANGE,,,,,RANGE,,,,RANGE,,,
2018-11-24,DOWN,,,RANGE,,,,RANGE,,,,,RANGE,,,,RANGE,,,
2018-11-25,DOWN,,,RANGE,,,,RANGE,,,,,RANGE,,,,RANGE,,,
2018-11-26,DOWN,,,RANGE,,,,RANGE,,,,,RANGE,,,,RANGE,,,
2018-11-27,DOWN,,,RANGE,,,,RANGE,,,,,RANGE,,,,RANGE,,,
2018-11-28,DOWN,,,RANGE,,,,RANGE,,,,,RANGE,,,,RANGE,,,
2018-11-29,DOWN,,,RANGE,,,,RANGE,,,,,RANGE,,,,RANGE,,,
2018-11-30,DOWN,,,RANGE,,,,RANGE,,,,,RANGE,,,,RANGE,,,
2018-12-01,DOWN,,,RANGE,,,,RANGE,,,,,RANGE,,,,RANGE,,,
2018-12-02,DOWN,,,RANGE,,,,RANGE,,,,,RANGE,,,,RANGE,,,
2018-12-03,DOWN,,,RANGE,,,,RANGE,,,,,RANGE,,,,RANGE,,,
2018-12-04,DOWN,,,RANGE,,,,RANGE,,,,,RANGE,,,,RANGE,,,
2018-12-05,DOWN,,,RANGE,,,,RANGE,,,,,RANGE,,,,RANGE,,,
2018-12-06,DOWN,,,RANGE,,,,RANGE,,,,,RANGE,,,,RANGE,,,
2018-12-07,DOWN,,,RANGE,,,,RANGE,,,,,RANGE,,,,RANGE,,,
2018-12-08,DOWN,,,RANGE,,,,RANGE,,,,,RANGE,,,,RANGE,,,
2018-12-09,DOWN,,,RANGE,,,,RANGE,,,,,RANGE,,,,RANGE,,,
2018-12-10,DOWN,,,DOWN,,,,DOWN,,,,,DOWN,,,,DOWN,,,
2018-12-11,DOWN,,,DOWN,,,,DOWN,,,,,DOWN,,,,DOWN,,,
2018-12-12,DOWN,,,DOWN,,,,DOWN,,,,,DOWN,,,,DOWN,,,
2018-12-13,DOWN,,,DOWN,,,,DOWN,,,,,DOWN,,,,DOWN,,,
2018-12-14,DOWN,,,DOWN,,,,DOWN,,,,,DOWN,,,,DOWN,,,
2018-12-15,DOWN,,,DOWN,,,,DOWN,,,,,DOWN,,,,DOWN,,,
2018-12-16,DOWN,,,DOWN,,,,DOWN,,,,,DOWN,,,,DOWN,,,
2018-12-17,DOWN,,,DOWN,,,,DOWN,,,,,DOWN,,,,DOWN,,,
2018-12-18,DOWN,,,DOWN,,,,DOWN,,,,,DOWN,,,,DOWN,,,
2018-12-19,DOWN,,,RANGE,,,,RANGE,,,,,RANGE,,,,RANGE,,,
2018-12-20,DOWN,,,RANGE,,,,RANGE,,,,,RANGE,,,,RANGE,,,
2018-12-21,DOWN,,,RANGE,,,,RANGE,,,,,RANGE,,,,RANGE,,,
2018-12-22,DOWN,,,RANGE,,,,RANGE,,,,,RANGE,,,,RANGE,,,
2018-12-23,DOWN,,,RANGE,,,,RANGE,,,,,RANGE,,,,RANGE,,,
2018-12-24,DOWN,,,RANGE,,,,RANGE,,,,,RANGE,,,,RANGE,,,
2018-12-25,DOWN,,,RANGE,,,,RANGE,,,,,RANGE,,,,RANGE,,,
2018-12-26,DOWN,,,RANGE,,,,RANGE,,,,,RANGE,,,,RANGE,,,
2018-12-27,DOWN,,,RANGE,,,,RANGE,,,,,RANGE,,,,RANGE,,,
2018-12-28,DOWN,,,RANGE,,,,RANGE,,,,,RANGE,,,,RANGE,,,
2018-12-29,DOWN,,,RANGE,,,,RANGE,,,,,RANGE,,,,RANGE,,,
2018-12-30,DOWN,,,RANGE,,,,RANGE,,,,,RANGE,,,,RANGE,,,
2018-12-31,DOWN,,,RANGE,,,,RANGE,,,,,RANGE,,,,RANGE,,,
2019-01-01,DOWN,,,DOWN,,,,DOWN,,,,,DOWN,,,,DOWN,,,
2019-01-02,DOWN,,,DOWN,,,,DOWN,,,,,DOWN,,,,DOWN,,,
2019-01-03,DOWN,,,DOWN,,,,DOWN,,,,,DOWN,,,,DOWN,,,
2019-01-04,DOWN,,,DOWN,,,,DOWN,,,,,DOWN,,,,DOWN,,,
2019-01-05,DOWN,,,DOWN,,,,DOWN,,,,,DOWN,,,,DOWN,,,
2019-01-06,DOWN,,,DOWN,,,,DOWN,,,,,DOWN,,,,DOWN,,,
2019-01-07,DOWN,,,DOWN,,,,DOWN,,,,,DOWN,,,,DOWN,,,
2019-01-08,DOWN,,,DOWN,,,,DOWN,,,,,DOWN,,,,DOWN,,,
2019-01-09,DOWN,,,DOWN,,,,DOWN,,,,,DOWN,,,,DOWN,,,
2019-01-10,DOWN,,,DOWN,,,,DOWN,,,CONFIRMED,,RANGE,,,,DOWN,,,
2019-01-11,DOWN,,,DOWN,,,,DOWN,,,CONFIRMED,,RANGE,,,,DOWN,,,
2019-01-12,DOWN,,,DOWN,,,,DOWN,,,UNCONFIRMED,,RANGE,,,,DOWN,,,
2019-01-13,DOWN,,,DOWN,,,,DOWN,,,CONFIRMED,,RANGE,,,,DOWN,,,
2019-01-14,DOWN,,,DOWN,,,,DOWN,,,CONFIRMED,,RANGE,,,,DOWN,,,
2019-01-15,DOWN,,,DOWN,,,,DOWN,,,CONFIRMED,,RANGE,,,,DOWN,,,
2019-01-16,DOWN,,,DOWN,,,,DOWN,,,CONFIRMED,,RANGE,,,,DOWN,,,
2019-01-17,DOWN,,,DOWN,,,,DOWN,,,UNCONFIRMED,,RANGE,,,,DOWN,,,
2019-01-18,RANGE,,,RANGE,,,,RANGE,,,UNCONFIRMED,,RANGE,,,,DOWN,,,
2019-01-19,RANGE,,,RANGE,,,,RANGE,,,UNCONFIRMED,,RANGE,,,,DOWN,,,
2019-01-20,RANGE,,,RANGE,,,,RANGE,,,UNCONFIRMED,,RANGE,,,,DOWN,,,
2019-01-21,RANGE,,,RANGE,,,,RANGE,,,UNCONFIRMED,,RANGE,,,,DOWN,,,
2019-01-22,RANGE,,,RANGE,,,,RANGE,,,CONFIRMED,,RANGE,,,,DOWN,,,
2019-01-23,RANGE,,,RANGE,,,,RANGE,,,UNCONFIRMED,,RANGE,,,,DOWN,,,
2019-01-24,RANGE,,,RANGE,,CALM,,RANGE,,CALM,UNCONFIRMED,,RANGE,,CALM,,DOWN,SQUEEZE,CALM,DOWN
2019-01-25,RANGE,,,RANGE,,CALM,,RANGE,,CALM,UNCONFIRMED,,RANGE,,CALM,,DOWN,SQUEEZE,CALM,DOWN
2019-01-26,RANGE,,,RANGE,,CALM,,RANGE,,CALM,UNCONFIRMED,,RANGE,,CALM,,DOWN,SQUEEZE,CALM,DOWN
2019-01-27,DOWN,,,DOWN,,CALM,,DOWN,,CALM,UNCONFIRMED,,RANGE,,CALM,,DOWN,SQUEEZE,CALM,DOWN
2019-01-28,DOWN,,,DOWN,,CALM,,DOWN,,CALM,CONFIRMED,,RANGE,,CALM,,DOWN,SQUEEZE,CALM,DOWN
2019-01-29,DOWN,SQUEEZE,DOWN,DOWN,SQUEEZE,CALM,DOWN,DOWN,SQUEEZE,CALM,UNCONFIRMED,DOWN,RANGE,SQUEEZE,CALM,SQUEEZE,DOWN,SQUEEZE,CALM,DOWN
2019-01-30,DOWN,SQUEEZE,DOWN,DOWN,SQUEEZE,CALM,DOWN,DOWN,SQUEEZE,CALM,CONFIRMED,DOWN,RANGE,SQUEEZE,CALM,SQUEEZE,DOWN,SQUEEZE,CALM,DOWN
2019-01-31,DOWN,SQUEEZE,DOWN,DOWN,SQUEEZE,CALM,DOWN,DOWN,SQUEEZE,CALM,CONFIRMED,DOWN,RANGE,SQUEEZE,CALM,SQUEEZE,DOWN,SQUEEZE,CALM,DOWN
2019-02-01,RANGE,SQUEEZE,SQUEEZE,RANGE,SQUEEZE,CALM,SQUEEZE,RANGE,SQUEEZE,CALM,CONFIRMED,SQUEEZE,RANGE,SQUEEZE,CALM,SQUEEZE,DOWN,SQUEEZE,CALM,DOWN
2019-02-02,RANGE,SQUEEZE,SQUEEZE,RANGE,SQUEEZE,CALM,SQUEEZE,RANGE,SQUEEZE,CALM,UNCONFIRMED,SQUEEZE,RANGE,SQUEEZE,CALM,SQUEEZE,DOWN,SQUEEZE,CALM,DOWN
2019-02-03,RANGE,SQUEEZE,SQUEEZE,RANGE,SQUEEZE,CALM,SQUEEZE,RANGE,SQUEEZE,CALM,CONFIRMED,SQUEEZE,RANGE,SQUEEZE,CALM,SQUEEZE,DOWN,SQUEEZE,CALM,DOWN
2019-02-04,RANGE,SQUEEZE,SQUEEZE,RANGE,SQUEEZE,CALM,SQUEEZE,RANGE,SQUEEZE,CALM,UNCONFIRMED,SQUEEZE,RANGE,SQUEEZE,CALM,SQUEEZE,DOWN,SQUEEZE,CALM,DOWN
2019-02-05,RANGE,SQUEEZE,SQUEEZE,RANGE,SQUEEZE,CALM,SQUEEZE,RANGE,SQUEEZE,CALM,CONFIRMED,SQUEEZE,RANGE,SQUEEZE,CALM,SQUEEZE,DOWN,SQUEEZE,CALM,DOWN
2019-02-06,RANGE,SQUEEZE,SQUEEZE,RANGE,SQUEEZE,CALM,SQUEEZE,RANGE,SQUEEZE,CALM,CONFIRMED,SQUEEZE,RANGE,SQUEEZE,CALM,SQUEEZE,DOWN,SQUEEZE,CALM,DOWN
2019-02-07,RANGE,SQUEEZE,SQUEEZE,RANGE,SQUEEZE,CALM,SQUEEZE,RANGE,SQUEEZE,CALM,UNCONFIRMED,SQUEEZE,RANGE,SQUEEZE,CALM,SQUEEZE,DOWN,SQUEEZE,CALM,DOWN
2019-02-08,RANGE,SQUEEZE,SQUEEZE,RANGE,SQUEEZE,CALM,SQUEEZE,RANGE,SQUEEZE,CALM,CONFIRMED,SQUEEZE,RANGE,SQUEEZE,CALM,SQUEEZE,DOWN,SQUEEZE,CALM,DOWN
2019-02-09,RANGE,SQUEEZE,SQUEEZE,RANGE,SQUEEZE,CALM,SQUEEZE,RANGE,SQUEEZE,CALM,CONFIRMED,SQUEEZE,RANGE,SQUEEZE,CALM,SQUEEZE,DOWN,SQUEEZE,CALM,DOWN
2019-02-10,RANGE,SQUEEZE,SQUEEZE,RANGE,SQUEEZE,CALM,SQUEEZE,RANGE,SQUEEZE,CALM,CONFIRMED,SQUEEZE,RANGE,SQUEEZE,CALM,SQUEEZE,DOWN,SQUEEZE,CALM,DOWN
2019-02-11,RANGE,SQUEEZE,SQUEEZE,RANGE,SQUEEZE,CALM,SQUEEZE,RANGE,SQUEEZE,CALM,UNCONFIRMED,SQUEEZE,RANGE,SQUEEZE,CALM,SQUEEZE,RANGE,SQUEEZE,CALM,SQUEEZE
2019-02-12,RANGE,SQUEEZE,SQUEEZE,RANGE,SQUEEZE,CALM,SQUEEZE,RANGE,SQUEEZE,CALM,CONFIRMED,SQUEEZE,RANGE,SQUEEZE,CALM,SQUEEZE,RANGE,SQUEEZE,CALM,SQUEEZE
2019-02-13,RANGE,SQUEEZE,SQUEEZE,RANGE,SQUEEZE,CALM,SQUEEZE,RANGE,SQUEEZE,CALM,CONFIRMED,SQUEEZE,RANGE,SQUEEZE,CALM,SQUEEZE,RANGE,SQUEEZE,CALM,SQUEEZE
2019-02-14,RANGE,SQUEEZE,SQUEEZE,RANGE,SQUEEZE,CALM,SQUEEZE,RANGE,SQUEEZE,CALM,UNCONFIRMED,SQUEEZE,RANGE,SQUEEZE,CALM,SQUEEZE,RANGE,SQUEEZE,CALM,SQUEEZE
2019-02-15,RANGE,SQUEEZE,SQUEEZE,RANGE,SQUEEZE,CALM,SQUEEZE,RANGE,SQUEEZE,CALM,UNCONFIRMED,SQUEEZE,RANGE,SQUEEZE,CALM,SQUEEZE,RANGE,SQUEEZE,CALM,SQUEEZE
2019-02-16,RANGE,SQUEEZE,SQUEEZE,RANGE,SQUEEZE,CALM,SQUEEZE,RANGE,SQUEEZE,CALM,UNCONFIRMED,SQUEEZE,RANGE,SQUEEZE,CALM,SQUEEZE,RANGE,SQUEEZE,CALM,SQUEEZE
2019-02-17,RANGE,SQUEEZE,SQUEEZE,RANGE,SQUEEZE,CALM,SQUEEZE,RANGE,SQUEEZE,CALM,CONFIRMED,SQUEEZE,RANGE,SQUEEZE,CALM,SQUEEZE,RANGE,SQUEEZE,CALM,SQUEEZE
2019-02-18,RANGE,SQUEEZE,SQUEEZE,RANGE,SQUEEZE,CALM,SQUEEZE,RANGE,SQUEEZE,CALM,CONFIRMED,SQUEEZE,RANGE,SQUEEZE,CALM,SQUEEZE,RANGE,SQUEEZE,CALM,SQUEEZE
2019-02-19,RANGE,SQUEEZE,SQUEEZE,RANGE,SQUEEZE,CALM,SQUEEZE,RANGE,SQUEEZE,CALM,CONFIRMED,SQUEEZE,RANGE,SQUEEZE,CALM,SQUEEZE,RANGE,SQUEEZE,CALM,SQUEEZE
2019-02-20,RANGE,SQUEEZE,SQUEEZE,RANGE,SQUEEZE,CALM,SQUEEZE,RANGE,SQUEEZE,CALM,CONFIRMED,SQUEEZE,RANGE,SQUEEZE,CALM,SQUEEZE,RANGE,SQUEEZE,CALM,SQUEEZE
2019-02-21,RANGE,SQUEEZE,SQUEEZE,RANGE,SQUEEZE,CALM,SQUEEZE,RANGE,SQUEEZE,CALM,CONFIRMED,SQUEEZE,RANGE,SQUEEZE,CALM,SQUEEZE,DOWN,SQUEEZE,CALM,DOWN
2019-02-22,RANGE,SQUEEZE,SQUEEZE,RANGE,SQUEEZE,CALM,SQUEEZE,RANGE,SQUEEZE,CALM,UNCONFIRMED,SQUEEZE,RANGE,SQUEEZE,CALM,SQUEEZE,DOWN,SQUEEZE,CALM,DOWN
2019-02-23,RANGE,SQUEEZE,SQUEEZE,RANGE,SQUEEZE,CALM,SQUEEZE,RANGE,SQUEEZE,CALM,CONFIRMED,SQUEEZE,RANGE,SQUEEZE,CALM,SQUEEZE,DOWN,SQUEEZE,CALM,DOWN
2019-02-24,RANGE,SQUEEZE,SQUEEZE,RANGE,SQUEEZE,CALM,SQUEEZE,RANGE,SQUEEZE,CALM,CONFIRMED,SQUEEZE,RANGE,SQUEEZE,CALM,SQUEEZE,DOWN,SQUEEZE,CALM,DOWN
2019-02-25,RANGE,SQUEEZE,SQUEEZE,RANGE,SQUEEZE,CALM,SQUEEZE,RANGE,SQUEEZE,CALM,CONFIRMED,SQUEEZE,RANGE,SQUEEZE,CALM,SQUEEZE,DOWN,SQUEEZE,CALM,DOWN
2019-02-26,RANGE,SQUEEZE,SQUEEZE,RANGE,SQUEEZE,CALM,SQUEEZE,RANGE,SQUEEZE,CALM,CONFIRMED,SQUEEZE,RANGE,SQUEEZE,CALM,SQUEEZE,DOWN,NORMAL,CALM,DOWN
2019-02-27,RANGE,SQUEEZE,SQUEEZE,RANGE,SQUEEZE,CALM,SQUEEZE,RANGE,SQUEEZE,CALM,CONFIRMED,SQUEEZE,RANGE,SQUEEZE,CALM,SQUEEZE,DOWN,NORMAL,CALM,DOWN
2019-02-28,RANGE,SQUEEZE,SQUEEZE,RANGE,SQUEEZE,CALM,SQUEEZE,RANGE,SQUEEZE,CALM,CONFIRMED,SQUEEZE,RANGE,SQUEEZE,CALM,SQUEEZE,RANGE,NORMAL,CALM,RANGE
2019-03-01,RANGE,SQUEEZE,SQUEEZE,RANGE,SQUEEZE,CALM,SQUEEZE,RANGE,SQUEEZE,CALM,CONFIRMED,SQUEEZE,RANGE,SQUEEZE,CALM,SQUEEZE,RANGE,SQUEEZE,CALM,SQUEEZE
2019-03-02,RANGE,SQUEEZE,SQUEEZE,RANGE,SQUEEZE,CALM,SQUEEZE,RANGE,SQUEEZE,CALM,UNCONFIRMED,SQUEEZE,RANGE,SQUEEZE,CALM,SQUEEZE,RANGE,SQUEEZE,CALM,SQUEEZE
2019-03-03,RANGE,SQUEEZE,SQUEEZE,RANGE,SQUEEZE,CALM,SQUEEZE,RANGE,SQUEEZE,CALM,UNCONFIRMED,SQUEEZE,RANGE,SQUEEZE,CALM,SQUEEZE,RANGE,SQUEEZE,CALM,SQUEEZE
2019-03-04,RANGE,SQUEEZE,SQUEEZE,RANGE,SQUEEZE,CALM,SQUEEZE,RANGE,SQUEEZE,CALM,CONFIRMED,SQUEEZE,RANGE,SQUEEZE,CALM,SQUEEZE,RANGE,SQUEEZE,CALM,SQUEEZE
2019-03-05,RANGE,SQUEEZE,SQUEEZE,RANGE,SQUEEZE,CALM,SQUEEZE,RANGE,SQUEEZE,CALM,CONFIRMED,SQUEEZE,RANGE,SQUEEZE,CALM,SQUEEZE,RANGE,SQUEEZE,CALM,SQUEEZE
2019-03-06,RANGE,SQUEEZE,SQUEEZE,RANGE,SQUEEZE,CALM,SQUEEZE,RANGE,SQUEEZE,CALM,CONFIRMED,SQUEEZE,RANGE,SQUEEZE,CALM,SQUEEZE,RANGE,SQUEEZE,CALM,SQUEEZE
2019-03-07,RANGE,SQUEEZE,SQUEEZE,RANGE,SQUEEZE,CALM,SQUEEZE,RANGE,SQUEEZE,CALM,UNCONFIRMED,SQUEEZE,RANGE,SQUEEZE,CALM,SQUEEZE,RANGE,SQUEEZE,CALM,SQUEEZE
2019-03-08,RANGE,SQUEEZE,SQUEEZE,RANGE,SQUEEZE,CALM,SQUEEZE,RANGE,SQUEEZE,CALM,UNCONFIRMED,SQUEEZE,RANGE,SQUEEZE,CALM,SQUEEZE,RANGE,SQUEEZE,CALM,SQUEEZE
2019-03-09,RANGE,SQUEEZE,SQUEEZE,RANGE,SQUEEZE,CALM,SQUEEZE,RANGE,SQUEEZE,CALM,CONFIRMED,SQUEEZE,RANGE,SQUEEZE,CALM,SQUEEZE,RANGE,SQUEEZE,CALM,SQUEEZE
2019-03-10,RANGE,SQUEEZE,SQUEEZE,RANGE,SQUEEZE,CALM,SQUEEZE,RANGE,SQUEEZE,CALM,UNCONFIRMED,SQUEEZE,RANGE,SQUEEZE,CALM,SQUEEZE,RANGE,SQUEEZE,CALM,SQUEEZE
2019-03-11,RANGE,SQUEEZE,SQUEEZE,RANGE,SQUEEZE,CALM,SQUEEZE,RANGE,SQUEEZE,CALM,UNCONFIRMED,SQUEEZE,RANGE,SQUEEZE,CALM,SQUEEZE,RANGE,SQUEEZE,CALM,SQUEEZE
2019-03-12,RANGE,SQUEEZE,SQUEEZE,RANGE,SQUEEZE,CALM,SQUEEZE,RANGE,SQUEEZE,CALM,UNCONFIRMED,SQUEEZE,RANGE,SQUEEZE,CALM,SQUEEZE,RANGE,SQUEEZE,CALM,SQUEEZE
2019-03-13,RANGE,SQUEEZE,SQUEEZE,RANGE,SQUEEZE,CALM,SQUEEZE,RANGE,SQUEEZE,CALM,CONFIRMED,SQUEEZE,RANGE,SQUEEZE,CALM,SQUEEZE,RANGE,SQUEEZE,CALM,SQUEEZE
2019-03-14,RANGE,SQUEEZE,SQUEEZE,RANGE,SQUEEZE,CALM,SQUEEZE,RANGE,SQUEEZE,CALM,UNCONFIRMED,SQUEEZE,RANGE,SQUEEZE,CALM,SQUEEZE,RANGE,SQUEEZE,CALM,SQUEEZE
2019-03-15,RANGE,SQUEEZE,SQUEEZE,RANGE,SQUEEZE,CALM,SQUEEZE,RANGE,SQUEEZE,CALM,UNCONFIRMED,SQUEEZE,RANGE,SQUEEZE,CALM,SQUEEZE,RANGE,SQUEEZE,CALM,SQUEEZE
2019-03-16,RANGE,SQUEEZE,SQUEEZE,RANGE,SQUEEZE,CALM,SQUEEZE,RANGE,SQUEEZE,CALM,CONFIRMED,SQUEEZE,RANGE,SQUEEZE,CALM,SQUEEZE,RANGE,SQUEEZE,CALM,SQUEEZE
2019-03-17,RANGE,SQUEEZE,SQUEEZE,RANGE,SQUEEZE,CALM,SQUEEZE,RANGE,SQUEEZE,CALM,UNCONFIRMED,SQUEEZE,RANGE,SQUEEZE,CALM,SQUEEZE,RANGE,SQUEEZE,CALM,SQUEEZE
2019-03-18,RANGE,SQUEEZE,SQUEEZE,RANGE,SQUEEZE,CALM,SQUEEZE,RANGE,SQUEEZE,CALM,UNCONFIRMED,SQUEEZE,RANGE,SQUEEZE,CALM,SQUEEZE,RANGE,SQUEEZE,CALM,SQUEEZE
2019-03-19,RANGE,SQUEEZE,SQUEEZE,RANGE,SQUEEZE,CALM,SQUEEZE,RANGE,SQUEEZE,CALM,UNCONFIRMED,SQUEEZE,RANGE,SQUEEZE,CALM,SQUEEZE,RANGE,SQUEEZE,CALM,SQUEEZE
2019-03-20,RANGE,SQUEEZE,SQUEEZE,RANGE,SQUEEZE,CALM,SQUEEZE,RANGE,SQUEEZE,CALM,CONFIRMED,SQUEEZE,RANGE,SQUEEZE,CALM,SQUEEZE,RANGE,SQUEEZE,CALM,SQUEEZE
2019-03-21,RANGE,SQUEEZE,SQUEEZE,RANGE,SQUEEZE,CALM,SQUEEZE,RANGE,SQUEEZE,CALM,CONFIRMED,SQUEEZE,RANGE,SQUEEZE,CALM,SQUEEZE,RANGE,SQUEEZE,CALM,SQUEEZE
2019-03-22,RANGE,SQUEEZE,SQUEEZE,RANGE,SQUEEZE,CALM,SQUEEZE,RANGE,SQUEEZE,CALM,UNCONFIRMED,SQUEEZE,RANGE,SQUEEZE,CALM,SQUEEZE,RANGE,SQUEEZE,CALM,SQUEEZE
2019-03-23,RANGE,SQUEEZE,SQUEEZE,RANGE,SQUEEZE,CALM,SQUEEZE,RANGE,SQUEEZE,CALM,UNCONFIRMED,SQUEEZE,RANGE,SQUEEZE,CALM,SQUEEZE,RANGE,SQUEEZE,CALM,SQUEEZE
2019-03-24,RANGE,SQUEEZE,SQUEEZE,RANGE,SQUEEZE,CALM,SQUEEZE,RANGE,SQUEEZE,CALM,UNCONFIRMED,SQUEEZE,RANGE,SQUEEZE,CALM,SQUEEZE,RANGE,SQUEEZE,CALM,SQUEEZE
2019-03-25,RANGE,SQUEEZE,SQUEEZE,RANGE,SQUEEZE,CALM,SQUEEZE,RANGE,SQUEEZE,CALM,UNCONFIRMED,SQUEEZE,RANGE,SQUEEZE,CALM,SQUEEZE,RANGE,SQUEEZE,CALM,SQUEEZE
2019-03-26,RANGE,SQUEEZE,SQUEEZE,RANGE,SQUEEZE,CALM,SQUEEZE,RANGE,SQUEEZE,CALM,UNCONFIRMED,SQUEEZE,RANGE,SQUEEZE,CALM,SQUEEZE,RANGE,SQUEEZE,CALM,SQUEEZE
2019-03-27,RANGE,SQUEEZE,SQUEEZE,RANGE,SQUEEZE,CALM,SQUEEZE,RANGE,SQUEEZE,CALM,UNCONFIRMED,SQUEEZE,RANGE,SQUEEZE,CALM,SQUEEZE,RANGE,SQUEEZE,CALM,SQUEEZE
2019-03-28,RANGE,SQUEEZE,SQUEEZE,RANGE,SQUEEZE,CALM,SQUEEZE,RANGE,SQUEEZE,CALM,UNCONFIRMED,SQUEEZE,RANGE,SQUEEZE,CALM,SQUEEZE,RANGE,SQUEEZE,CALM,SQUEEZE
2019-03-29,RANGE,SQUEEZE,SQUEEZE,RANGE,SQUEEZE,CALM,SQUEEZE,RANGE,SQUEEZE,CALM,UNCONFIRMED,SQUEEZE,RANGE,SQUEEZE,CALM,SQUEEZE,RANGE,SQUEEZE,CALM,SQUEEZE
2019-03-30,RANGE,SQUEEZE,SQUEEZE,RANGE,SQUEEZE,CALM,SQUEEZE,RANGE,SQUEEZE,CALM,CONFIRMED,SQUEEZE,RANGE,SQUEEZE,CALM,SQUEEZE,RANGE,SQUEEZE,CALM,SQUEEZE
2019-03-31,RANGE,SQUEEZE,SQUEEZE,RANGE,SQUEEZE,CALM,SQUEEZE,RANGE,SQUEEZE,CALM,UNCONFIRMED,SQUEEZE,RANGE,SQUEEZE,CALM,SQUEEZE,RANGE,SQUEEZE,CALM,SQUEEZE
2019-04-01,RANGE,SQUEEZE,SQUEEZE,RANGE,SQUEEZE,CALM,SQUEEZE,RANGE,SQUEEZE,CALM,UNCONFIRMED,SQUEEZE,RANGE,SQUEEZE,CALM,SQUEEZE,RANGE,SQUEEZE,CALM,SQUEEZE
2019-04-02,RANGE,SQUEEZE,SQUEEZE,RANGE,SQUEEZE,CALM,SQUEEZE,RANGE,SQUEEZE,CALM,CONFIRMED,SQUEEZE,RANGE,SQUEEZE,CALM,SQUEEZE,RANGE,SQUEEZE,CALM,SQUEEZE
2019-04-03,RANGE,NORMAL,RANGE,RANGE,NORMAL,CALM,RANGE,RANGE,NORMAL,CALM,CONFIRMED,RANGE,RANGE,NORMAL,CALM,RANGE,RANGE,SQUEEZE,CALM,SQUEEZE
2019-04-04,UP,NORMAL,UP,RANGE,NORMAL,CALM,RANGE,RANGE,NORMAL,CALM,CONFIRMED,RANGE,RANGE,NORMAL,CALM,RANGE,RANGE,SQUEEZE,CALM,SQUEEZE
2019-04-05,UP,NORMAL,UP,RANGE,NORMAL,CALM,RANGE,RANGE,NORMAL,CALM,CONFIRMED,RANGE,RANGE,NORMAL,CALM,RANGE,RANGE,SQUEEZE,CALM,SQUEEZE
2019-04-06,UP,NORMAL,UP,RANGE,NORMAL,CALM,RANGE,RANGE,NORMAL,CALM,CONFIRMED,RANGE,RANGE,NORMAL,CALM,RANGE,RANGE,SQUEEZE,CALM,SQUEEZE
2019-04-07,UP,NORMAL,UP,RANGE,NORMAL,CALM,RANGE,RANGE,NORMAL,CALM,CONFIRMED,RANGE,RANGE,NORMAL,CALM,RANGE,RANGE,SQUEEZE,CALM,SQUEEZE
2019-04-08,UP,NORMAL,UP,RANGE,NORMAL,CALM,RANGE,RANGE,NORMAL,CALM,CONFIRMED,RANGE,RANGE,NORMAL,CALM,RANGE,RANGE,SQUEEZE,CALM,SQUEEZE
2019-04-09,UP,NORMAL,UP,RANGE,NORMAL,CALM,RANGE,RANGE,NORMAL,CALM,CONFIRMED,RANGE,RANGE,NORMAL,CALM,RANGE,RANGE,SQUEEZE,CALM,SQUEEZE
2019-04-10,UP,NORMAL,UP,RANGE,NORMAL,CALM,RANGE,RANGE,NORMAL,CALM,CONFIRMED,RANGE,RANGE,NORMAL,CALM,RANGE,RANGE,SQUEEZE,CALM,SQUEEZE
2019-04-11,UP,NORMAL,UP,RANGE,NORMAL,CALM,RANGE,RANGE,NORMAL,CALM,CONFIRMED,RANGE,RANGE,NORMAL,CALM,RANGE,RANGE,NORMAL,CALM,RANGE
2019-04-12,UP,NORMAL,UP,RANGE,NORMAL,CALM,RANGE,RANGE,NORMAL,CALM,CONFIRMED,RANGE,RANGE,NORMAL,CALM,RANGE,RANGE,NORMAL,CALM,RANGE
2019-04-13,UP,NORMAL,UP,RANGE,NORMAL,CALM,RANGE,RANGE,NORMAL,CALM,CONFIRMED,RANGE,RANGE,NORMAL,CALM,RANGE,RANGE,NORMAL,CALM,RANGE
2019-04-14,UP,NORMAL,UP,RANGE,NORMAL,CALM,RANGE,RANGE,NORMAL,CALM,UNCONFIRMED,RANGE,RANGE,NORMAL,CALM,RANGE,RANGE,NORMAL,CALM,RANGE
2019-04-15,UP,NORMAL,UP,RANGE,NORMAL,CALM,RANGE,RANGE,NORMAL,CALM,UNCONFIRMED,RANGE,RANGE,NORMAL,CALM,RANGE,RANGE,NORMAL,CALM,RANGE
2019-04-16,UP,NORMAL,UP,RANGE,NORMAL,CALM,RANGE,RANGE,NORMAL,CALM,UNCONFIRMED,RANGE,RANGE,NORMAL,CALM,RANGE,RANGE,SQUEEZE,CALM,SQUEEZE
2019-04-17,UP,NORMAL,UP,RANGE,NORMAL,CALM,RANGE,RANGE,NORMAL,CALM,CONFIRMED,RANGE,RANGE,NORMAL,CALM,RANGE,RANGE,SQUEEZE,CALM,SQUEEZE
2019-04-18,UP,NORMAL,UP,RANGE,NORMAL,CALM,RANGE,RANGE,NORMAL,CALM,CONFIRMED,RANGE,RANGE,NORMAL,CALM,RANGE,RANGE,SQUEEZE,CALM,SQUEEZE
2019-04-19,UP,NORMAL,UP,RANGE,NORMAL,CALM,RANGE,RANGE,NORMAL,CALM,UNCONFIRMED,RANGE,RANGE,NORMAL,CALM,RANGE,RANGE,SQUEEZE,CALM,SQUEEZE
2019-04-20,UP,NORMAL,UP,RANGE,NORMAL,CALM,RANGE,RANGE,NORMAL,CALM,UNCONFIRMED,RANGE,RANGE,NORMAL,CALM,RANGE,RANGE,SQUEEZE,CALM,SQUEEZE
2019-04-21,UP,NORMAL,UP,RANGE,NORMAL,CALM,RANGE,RANGE,NORMAL,CALM,UNCONFIRMED,RANGE,RANGE,NORMAL,CALM,RANGE,RANGE,SQUEEZE,CALM,SQUEEZE
2019-04-22,UP,NORMAL,UP,RANGE,NORMAL,CALM,RANGE,RANGE,NORMAL,CALM,CONFIRMED,RANGE,RANGE,NORMAL,CALM,RANGE,RANGE,SQUEEZE,CALM,SQUEEZE
2019-04-23,UP,NORMAL,UP,RANGE,NORMAL,CALM,RANGE,RANGE,NORMAL,CALM,UNCONFIRMED,RANGE,RANGE,NORMAL,CALM,RANGE,RANGE,SQUEEZE,CALM,SQUEEZE
2019-04-24,DOWN,NORMAL,DOWN,DOWN,NORMAL,CALM,DOWN,DOWN,NORMAL,CALM,CONFIRMED,DOWN,RANGE,NORMAL,CALM,RANGE,DOWN,NORMAL,CALM,DOWN
2019-04-25,DOWN,NORMAL,DOWN,DOWN,NORMAL,CALM,DOWN,DOWN,NORMAL,CALM,CONFIRMED,DOWN,RANGE,NORMAL,CALM,RANGE,DOWN,NORMAL,CALM,DOWN
2019-04-26,DOWN,NORMAL,DOWN,DOWN,NORMAL,CALM,DOWN,DOWN,NORMAL,CALM,CONFIRMED,DOWN,RANGE,NORMAL,CALM,RANGE,DOWN,NORMAL,CALM,DOWN
2019-04-27,DOWN,NORMAL,DOWN,DOWN,NORMAL,CALM,DOWN,DOWN,NORMAL,CALM,UNCONFIRMED,DOWN,RANGE,NORMAL,CALM,RANGE,DOWN,NORMAL,CALM,DOWN
2019-04-28,DOWN,NORMAL,DOWN,DOWN,NORMAL,CALM,DOWN,DOWN,NORMAL,CALM,UNCONFIRMED,DOWN,RANGE,NORMAL,CALM,RANGE,DOWN,NORMAL,CALM,DOWN
2019-04-29,DOWN,NORMAL,DOWN,DOWN,NORMAL,CALM,DOWN,DOWN,NORMAL,CALM,UNCONFIRMED,DOWN,RANGE,NORMAL,CALM,RANGE,DOWN,NORMAL,CALM,DOWN
2019-04-30,DOWN,NORMAL,DOWN,DOWN,NORMAL,CALM,DOWN,DOWN,NORMAL,CALM,CONFIRMED,DOWN,RANGE,NORMAL,CALM,RANGE,DOWN,NORMAL,CALM,DOWN
2019-05-01,DOWN,NORMAL,DOWN,DOWN,NORMAL,CALM,DOWN,DOWN,NORMAL,CALM,UNCONFIRMED,DOWN,RANGE,NORMAL,CALM,RANGE,DOWN,SQUEEZE,CALM,DOWN
2019-05-02,DOWN,NORMAL,DOWN,DOWN,NORMAL,CALM,DOWN,DOWN,NORMAL,CALM,UNCONFIRMED,DOWN,RANGE,NORMAL,CALM,RANGE,DOWN,SQUEEZE,CALM,DOWN
2019-05-03,RANGE,NORMAL,RANGE,RANGE,NORMAL,CALM,RANGE,RANGE,NORMAL,CALM,CONFIRMED,RANGE,RANGE,NORMAL,CALM,RANGE,DOWN,SQUEEZE,CALM,DOWN
2019-05-04,RANGE,NORMAL,RANGE,RANGE,NORMAL,CALM,RANGE,RANGE,NORMAL,CALM,CONFIRMED,RANGE,RANGE,NORMAL,CALM,RANGE,DOWN,SQUEEZE,CALM,DOWN
2019-05-05,RANGE,NORMAL,RANGE,RANGE,NORMAL,CALM,RANGE,RANGE,NORMAL,CALM,UNCONFIRMED,RANGE,RANGE,NORMAL,CALM,RANGE,DOWN,SQUEEZE,CALM,DOWN
2019-05-06,RANGE,NORMAL,RANGE,RANGE,NORMAL,CALM,RANGE,RANGE,NORMAL,CALM,UNCONFIRMED,RANGE,RANGE,NORMAL,CALM,RANGE,DOWN,SQUEEZE,CALM,DOWN
2019-05-07,RANGE,NORMAL,RANGE,RANGE,NORMAL,CALM,RANGE,RANGE,NORMAL,CALM,UNCONFIRMED,RANGE,RANGE,NORMAL,CALM,RANGE,DOWN,SQUEEZE,CALM,DOWN
2019-05-08,RANGE,NORMAL,RANGE,RANGE,NORMAL,CALM,RANGE,RANGE,NORMAL,CALM,UNCONFIRMED,RANGE,RANGE,NORMAL,CALM,RANGE,RANGE,SQUEEZE,CALM,SQUEEZE
2019-05-09,RANGE,SQUEEZE,SQUEEZE,RANGE,SQUEEZE,CALM,SQUEEZE,RANGE,SQUEEZE,CALM,UNCONFIRMED,SQUEEZE,RANGE,SQUEEZE,CALM,SQUEEZE,RANGE,SQUEEZE,CALM,SQUEEZE
2019-05-10,RANGE,SQUEEZE,SQUEEZE,RANGE,SQUEEZE,CALM,SQUEEZE,RANGE,SQUEEZE,CALM,UNCONFIRMED,SQUEEZE,RANGE,SQUEEZE,CALM,SQUEEZE,RANGE,SQUEEZE,CALM,SQUEEZE
2019-05-11,RANGE,SQUEEZE,SQUEEZE,RANGE,SQUEEZE,CALM,SQUEEZE,RANGE,SQUEEZE,CALM,CONFIRMED,SQUEEZE,RANGE,SQUEEZE,CALM,SQUEEZE,RANGE,SQUEEZE,CALM,SQUEEZE
2019-05-12,RANGE,SQUEEZE,SQUEEZE,RANGE,SQUEEZE,CALM,SQUEEZE,RANGE,SQUEEZE,CALM,CONFIRMED,SQUEEZE,RANGE,SQUEEZE,CALM,SQUEEZE,DOWN,NORMAL,CALM,DOWN
2019-05-13,RANGE,SQUEEZE,SQUEEZE,RANGE,SQUEEZE,CALM,SQUEEZE,RANGE,SQUEEZE,CALM,CONFIRMED,SQUEEZE,RANGE,SQUEEZE,CALM,SQUEEZE,RANGE,NORMAL,CALM,RANGE
2019-05-14,UP,NORMAL,UP,UP,NORMAL,CALM,UP,UP,NORMAL,CALM,CONFIRMED,UP,RANGE,NORMAL,CALM,RANGE,UP,NORMAL,CALM,UP
2019-05-15,UP,EXPANSION,EXPANSION,UP,EXPANSION,CALM,EXPANSION,UP,EXPANSION,CALM,CONFIRMED,EXPANSION,UP,EXPANSION,CALM,EXPANSION,UP,NORMAL,CALM,UP
2019-05-16,UP,EXPANSION,EXPANSION,UP,EXPANSION,CALM,EXPANSION,UP,EXPANSION,CALM,CONFIRMED,EXPANSION,UP,EXPANSION,CALM,EXPANSION,UP,NORMAL,CALM,UP
2019-05-17,UP,EXPANSION,EXPANSION,UP,EXPANSION,CALM,EXPANSION,UP,EXPANSION,CALM,CONFIRMED,EXPANSION,UP,EXPANSION,CALM,EXPANSION,UP,NORMAL,CALM,UP
2019-05-18,UP,EXPANSION,EXPANSION,UP,EXPANSION,CALM,EXPANSION,UP,EXPANSION,CALM,CONFIRMED,EXPANSION,UP,EXPANSION,CALM,EXPANSION,UP,NORMAL,STRESS_UP,STRESS_UP
2019-05-19,UP,EXPANSION,EXPANSION,UP,EXPANSION,CALM,EXPANSION,UP,EXPANSION,CALM,CONFIRMED,EXPANSION,UP,EXPANSION,CALM,EXPANSION,UP,NORMAL,CALM,UP
2019-05-20,UP,EXPANSION,EXPANSION,UP,EXPANSION,CALM,EXPANSION,UP,EXPANSION,CALM,CONFIRMED,EXPANSION,UP,EXPANSION,CALM,EXPANSION,UP,NORMAL,STRESS_UP,STRESS_UP
2019-05-21,UP,EXPANSION,EXPANSION,UP,EXPANSION,CALM,EXPANSION,UP,EXPANSION,CALM,CONFIRMED,EXPANSION,UP,EXPANSION,CALM,EXPANSION,UP,NORMAL,CALM,UP
2019-05-22,UP,EXPANSION,EXPANSION,UP,EXPANSION,CALM,EXPANSION,UP,EXPANSION,CALM,CONFIRMED,EXPANSION,UP,EXPANSION,CALM,EXPANSION,UP,NORMAL,STRESS_UP,STRESS_UP
2019-05-23,UP,EXPANSION,EXPANSION,UP,EXPANSION,CALM,EXPANSION,UP,EXPANSION,CALM,CONFIRMED,EXPANSION,UP,EXPANSION,CALM,EXPANSION,UP,NORMAL,STRESS_UP,STRESS_UP
2019-05-24,UP,EXPANSION,EXPANSION,UP,EXPANSION,CALM,EXPANSION,UP,EXPANSION,CALM,CONFIRMED,EXPANSION,UP,EXPANSION,CALM,EXPANSION,UP,NORMAL,STRESS_UP,STRESS_UP
2019-05-25,UP,EXPANSION,EXPANSION,UP,EXPANSION,CALM,EXPANSION,UP,EXPANSION,CALM,CONFIRMED,EXPANSION,UP,EXPANSION,CALM,EXPANSION,UP,NORMAL,CALM,UP
2019-05-26,UP,EXPANSION,EXPANSION,UP,EXPANSION,CALM,EXPANSION,UP,EXPANSION,CALM,CONFIRMED,EXPANSION,UP,EXPANSION,CALM,EXPANSION,UP,NORMAL,CALM,UP
2019-05-27,UP,EXPANSION,EXPANSION,UP,EXPANSION,CALM,EXPANSION,UP,EXPANSION,CALM,CONFIRMED,EXPANSION,UP,EXPANSION,CALM,EXPANSION,UP,NORMAL,CALM,UP
2019-05-28,UP,EXPANSION,EXPANSION,UP,EXPANSION,CALM,EXPANSION,UP,EXPANSION,CALM,CONFIRMED,EXPANSION,UP,EXPANSION,CALM,EXPANSION,UP,NORMAL,CALM,UP
2019-05-29,UP,EXPANSION,EXPANSION,UP,EXPANSION,CALM,EXPANSION,UP,EXPANSION,CALM,CONFIRMED,EXPANSION,UP,EXPANSION,CALM,EXPANSION,UP,NORMAL,CALM,UP
2019-05-30,UP,NORMAL,UP,UP,NORMAL,STRESS_UP,STRESS_UP,UP,NORMAL,STRESS_UP,CONFIRMED,STRESS_UP,UP,NORMAL,STRESS_UP,STRESS_UP,UP,NORMAL,STRESS_UP,STRESS_UP
2019-05-31,UP,NORMAL,UP,UP,NORMAL,CALM,UP,UP,NORMAL,CALM,CONFIRMED,UP,UP,NORMAL,CALM,UP,UP,NORMAL,CALM,UP
2019-06-01,UP,NORMAL,UP,UP,NORMAL,CALM,UP,UP,NORMAL,CALM,CONFIRMED,UP,UP,NORMAL,CALM,UP,UP,NORMAL,CALM,UP
2019-06-02,UP,NORMAL,UP,UP,NORMAL,CALM,UP,UP,NORMAL,CALM,CONFIRMED,UP,UP,NORMAL,CALM,UP,UP,NORMAL,CALM,UP
2019-06-03,UP,NORMAL,UP,UP,NORMAL,STRESS_UP,STRESS_UP,UP,NORMAL,STRESS_UP,CONFIRMED,STRESS_UP,UP,NORMAL,STRESS_UP,STRESS_UP,UP,NORMAL,STRESS_UP,STRESS_UP
2019-06-04,UP,NORMAL,UP,UP,NORMAL,CALM,UP,UP,NORMAL,CALM,CONFIRMED,UP,UP,NORMAL,CALM,UP,UP,NORMAL,STRESS_UP,STRESS_UP
2019-06-05,UP,NORMAL,UP,UP,NORMAL,CALM,UP,UP,NORMAL,CALM,CONFIRMED,UP,UP,NORMAL,CALM,UP,UP,NORMAL,STRESS_UP,STRESS_UP
2019-06-06,UP,NORMAL,UP,UP,NORMAL,CALM,UP,UP,NORMAL,CALM,CONFIRMED,UP,UP,NORMAL,CALM,UP,UP,NORMAL,CALM,UP
2019-06-07,UP,NORMAL,UP,UP,NORMAL,CALM,UP,UP,NORMAL,CALM,CONFIRMED,UP,UP,NORMAL,CALM,UP,UP,NORMAL,CALM,UP
2019-06-08,UP,NORMAL,UP,UP,NORMAL,CALM,UP,UP,NORMAL,CALM,CONFIRMED,UP,UP,NORMAL,CALM,UP,UP,NORMAL,CALM,UP
2019-06-09,UP,NORMAL,UP,UP,NORMAL,CALM,UP,UP,NORMAL,CALM,CONFIRMED,UP,UP,NORMAL,CALM,UP,UP,NORMAL,STRESS_UP,STRESS_UP
2019-06-10,UP,NORMAL,UP,UP,NORMAL,CALM,UP,UP,NORMAL,CALM,CONFIRMED,UP,UP,NORMAL,CALM,UP,UP,NORMAL,CALM,UP
2019-06-11,UP,NORMAL,UP,UP,NORMAL,CALM,UP,UP,NORMAL,CALM,CONFIRMED,UP,UP,NORMAL,CALM,UP,UP,NORMAL,CALM,UP
2019-06-12,UP,NORMAL,UP,UP,NORMAL,CALM,UP,UP,NORMAL,CALM,CONFIRMED,UP,UP,NORMAL,CALM,UP,UP,NORMAL,CALM,UP
2019-06-13,UP,NORMAL,UP,UP,NORMAL,CALM,UP,UP,NORMAL,CALM,CONFIRMED,UP,RANGE,NORMAL,CALM,RANGE,UP,NORMAL,CALM,UP
2019-06-14,UP,NORMAL,UP,UP,NORMAL,CALM,UP,UP,NORMAL,CALM,CONFIRMED,UP,RANGE,NORMAL,CALM,RANGE,UP,NORMAL,CALM,UP
2019-06-15,UP,NORMAL,UP,UP,NORMAL,CALM,UP,UP,NORMAL,CALM,CONFIRMED,UP,RANGE,NORMAL,CALM,RANGE,UP,NORMAL,CALM,UP
2019-06-16,UP,NORMAL,UP,UP,NORMAL,CALM,UP,UP,NORMAL,CALM,CONFIRMED,UP,RANGE,NORMAL,CALM,RANGE,UP,NORMAL,CALM,UP
2019-06-17,UP,NORMAL,UP,UP,NORMAL,CALM,UP,UP,NORMAL,CALM,CONFIRMED,UP,RANGE,NORMAL,CALM,RANGE,UP,NORMAL,CALM,UP
2019-06-18,UP,NORMAL,UP,UP,NORMAL,CALM,UP,UP,NORMAL,CALM,CONFIRMED,UP,RANGE,NORMAL,CALM,RANGE,UP,NORMAL,CALM,UP
2019-06-19,UP,NORMAL,UP,UP,NORMAL,CALM,UP,UP,NORMAL,CALM,CONFIRMED,UP,RANGE,NORMAL,CALM,RANGE,UP,NORMAL,CALM,UP
2019-06-20,UP,NORMAL,UP,UP,NORMAL,CALM,UP,UP,NORMAL,CALM,CONFIRMED,UP,UP,NORMAL,CALM,UP,UP,NORMAL,CALM,UP
2019-06-21,UP,NORMAL,UP,UP,NORMAL,CALM,UP,UP,NORMAL,CALM,CONFIRMED,UP,UP,NORMAL,CALM,UP,UP,NORMAL,CALM,UP
2019-06-22,UP,NORMAL,UP,UP,NORMAL,CALM,UP,UP,NORMAL,CALM,CONFIRMED,UP,UP,NORMAL,CALM,UP,UP,NORMAL,CALM,UP
2019-06-23,UP,NORMAL,UP,UP,NORMAL,CALM,UP,UP,NORMAL,CALM,CONFIRMED,UP,UP,NORMAL,CALM,UP,UP,NORMAL,CALM,UP
2019-06-24,UP,NORMAL,UP,UP,NORMAL,CALM,UP,UP,NORMAL,CALM,CONFIRMED,UP,UP,NORMAL,CALM,UP,UP,NORMAL,CALM,UP
2019-06-25,UP,NORMAL,UP,UP,NORMAL,CALM,UP,UP,NORMAL,CALM,CONFIRMED,UP,UP,NORMAL,CALM,UP,UP,NORMAL,CALM,UP
2019-06-26,UP,NORMAL,UP,UP,NORMAL,CALM,UP,UP,NORMAL,CALM,CONFIRMED,UP,UP,NORMAL,CALM,UP,UP,NORMAL,CALM,UP
2019-06-27,UP,NORMAL,UP,UP,NORMAL,CALM,UP,UP,NORMAL,CALM,CONFIRMED,UP,UP,NORMAL,CALM,UP,UP,NORMAL,STRESS_UP,STRESS_UP
2019-06-28,UP,NORMAL,UP,UP,NORMAL,CALM,UP,UP,NORMAL,CALM,CONFIRMED,UP,UP,NORMAL,CALM,UP,UP,NORMAL,CALM,UP
2019-06-29,UP,NORMAL,UP,UP,NORMAL,CALM,UP,UP,NORMAL,CALM,CONFIRMED,UP,UP,NORMAL,CALM,UP,UP,NORMAL,CALM,UP
2019-06-30,UP,NORMAL,UP,UP,NORMAL,CALM,UP,UP,NORMAL,CALM,CONFIRMED,UP,UP,NORMAL,CALM,UP,UP,NORMAL,STRESS_UP,STRESS_UP
2019-07-01,UP,NORMAL,UP,UP,NORMAL,CALM,UP,UP,NORMAL,CALM,CONFIRMED,UP,UP,NORMAL,CALM,UP,UP,NORMAL,CALM,UP
2019-07-02,UP,NORMAL,UP,UP,NORMAL,CALM,UP,UP,NORMAL,CALM,CONFIRMED,UP,RANGE,NORMAL,CALM,RANGE,UP,NORMAL,STRESS_UP,STRESS_UP
2019-07-03,UP,NORMAL,UP,UP,NORMAL,CALM,UP,UP,NORMAL,CALM,CONFIRMED,UP,RANGE,NORMAL,CALM,RANGE,UP,NORMAL,CALM,UP
2019-07-04,UP,NORMAL,UP,UP,NORMAL,CALM,UP,UP,NORMAL,CALM,CONFIRMED,UP,RANGE,NORMAL,CALM,RANGE,UP,NORMAL,CALM,UP
2019-07-05,UP,NORMAL,UP,UP,NORMAL,CALM,UP,UP,NORMAL,CALM,CONFIRMED,UP,RANGE,NORMAL,CALM,RANGE,UP,NORMAL,CALM,UP
2019-07-06,RANGE,NORMAL,RANGE,RANGE,NORMAL,CALM,RANGE,RANGE,NORMAL,CALM,CONFIRMED,RANGE,RANGE,NORMAL,CALM,RANGE,UP,NORMAL,CALM,UP
2019-07-07,RANGE,NORMAL,RANGE,RANGE,NORMAL,CALM,RANGE,RANGE,NORMAL,CALM,UNCONFIRMED,RANGE,RANGE,NORMAL,CALM,RANGE,UP,NORMAL,CALM,UP
2019-07-08,RANGE,NORMAL,RANGE,RANGE,NORMAL,CALM,RANGE,RANGE,NORMAL,CALM,UNCONFIRMED,RANGE,RANGE,NORMAL,CALM,RANGE,UP,NORMAL,CALM,UP
2019-07-09,RANGE,NORMAL,RANGE,RANGE,NORMAL,CALM,RANGE,RANGE,NORMAL,CALM,CONFIRMED,RANGE,RANGE,NORMAL,CALM,RANGE,UP,NORMAL,CALM,UP
2019-07-10,RANGE,NORMAL,RANGE,RANGE,NORMAL,CALM,RANGE,RANGE,NORMAL,CALM,CONFIRMED,RANGE,RANGE,NORMAL,CALM,RANGE,RANGE,NORMAL,CALM,RANGE
2019-07-11,RANGE,EXPANSION,EXPANSION,RANGE,EXPANSION,STRESS_DOWN,STRESS_DOWN,RANGE,EXPANSION,STRESS_DOWN,CONFIRMED,STRESS_DOWN,RANGE,EXPANSION,STRESS_DOWN,STRESS_DOWN,RANGE,EXPANSION,STRESS_DOWN,STRESS_DOWN
2019-07-12,RANGE,EXPANSION,EXPANSION,RANGE,EXPANSION,CALM,EXPANSION,RANGE,EXPANSION,CALM,CONFIRMED,EXPANSION,RANGE,EXPANSION,CALM,EXPANSION,RANGE,EXPANSION,STRESS_DOWN,STRESS_DOWN
2019-07-13,RANGE,EXPANSION,EXPANSION,RANGE,EXPANSION,STRESS_DOWN,STRESS_DOWN,RANGE,EXPANSION,STRESS_DOWN,CONFIRMED,STRESS_DOWN,RANGE,EXPANSION,STRESS_DOWN,STRESS_DOWN,RANGE,EXPANSION,STRESS_DOWN,STRESS_DOWN
2019-07-14,DOWN,EXPANSION,EXPANSION,RANGE,EXPANSION,STRESS_DOWN,STRESS_DOWN,RANGE,EXPANSION,STRESS_DOWN,CONFIRMED,STRESS_DOWN,RANGE,EXPANSION,STRESS_DOWN,STRESS_DOWN,RANGE,EXPANSION,STRESS_DOWN,STRESS_DOWN
2019-07-15,DOWN,EXPANSION,EXPANSION,RANGE,EXPANSION,STRESS_DOWN,STRESS_DOWN,RANGE,EXPANSION,STRESS_DOWN,CONFIRMED,STRESS_DOWN,RANGE,EXPANSION,STRESS_DOWN,STRESS_DOWN,RANGE,EXPANSION,STRESS_DOWN,STRESS_DOWN
2019-07-16,DOWN,EXPANSION,EXPANSION,RANGE,EXPANSION,STRESS_DOWN,STRESS_DOWN,RANGE,EXPANSION,STRESS_DOWN,CONFIRMED,STRESS_DOWN,RANGE,EXPANSION,STRESS_DOWN,STRESS_DOWN,RANGE,EXPANSION,STRESS_DOWN,STRESS_DOWN
2019-07-17,DOWN,EXPANSION,EXPANSION,DOWN,EXPANSION,STRESS_DOWN,STRESS_DOWN,DOWN,EXPANSION,STRESS_DOWN,CONFIRMED,STRESS_DOWN,DOWN,EXPANSION,STRESS_DOWN,STRESS_DOWN,DOWN,EXPANSION,STRESS_DOWN,STRESS_DOWN
2019-07-18,DOWN,EXPANSION,EXPANSION,DOWN,EXPANSION,STRESS_DOWN,STRESS_DOWN,DOWN,EXPANSION,STRESS_DOWN,CONFIRMED,STRESS_DOWN,DOWN,EXPANSION,STRESS_DOWN,STRESS_DOWN,DOWN,EXPANSION,STRESS_DOWN,STRESS_DOWN
2019-07-19,DOWN,EXPANSION,EXPANSION,DOWN,EXPANSION,STRESS_DOWN,STRESS_DOWN,DOWN,EXPANSION,STRESS_DOWN,UNCONFIRMED,STRESS_DOWN,DOWN,EXPANSION,STRESS_DOWN,STRESS_DOWN,DOWN,EXPANSION,STRESS_DOWN,STRESS_DOWN
2019-07-20,DOWN,EXPANSION,EXPANSION,DOWN,EXPANSION,STRESS_DOWN,STRESS_DOWN,DOWN,EXPANSION,STRESS_DOWN,CONFIRMED,STRESS_DOWN,DOWN,EXPANSION,STRESS_DOWN,STRESS_DOWN,DOWN,NORMAL,STRESS_DOWN,STRESS_DOWN
2019-07-21,DOWN,EXPANSION,EXPANSION,DOWN,EXPANSION,STRESS_DOWN,STRESS_DOWN,DOWN,EXPANSION,STRESS_DOWN,UNCONFIRMED,STRESS_DOWN,DOWN,EXPANSION,STRESS_DOWN,STRESS_DOWN,DOWN,NORMAL,STRESS_DOWN,STRESS_DOWN
2019-07-22,DOWN,EXPANSION,EXPANSION,DOWN,EXPANSION,STRESS_DOWN,STRESS_DOWN,DOWN,EXPANSION,STRESS_DOWN,UNCONFIRMED,STRESS_DOWN,DOWN,EXPANSION,STRESS_DOWN,STRESS_DOWN,DOWN,NORMAL,STRESS_DOWN,STRESS_DOWN
2019-07-23,DOWN,NORMAL,DOWN,DOWN,NORMAL,STRESS_DOWN,STRESS_DOWN,DOWN,NORMAL,STRESS_DOWN,UNCONFIRMED,STRESS_DOWN,DOWN,NORMAL,STRESS_DOWN,STRESS_DOWN,DOWN,NORMAL,STRESS_DOWN,STRESS_DOWN
2019-07-24,DOWN,NORMAL,DOWN,DOWN,NORMAL,CALM,DOWN,DOWN,NORMAL,CALM,UNCONFIRMED,DOWN,DOWN,NORMAL,CALM,DOWN,DOWN,NORMAL,CALM,DOWN
2019-07-25,DOWN,NORMAL,DOWN,DOWN,NORMAL,CALM,DOWN,DOWN,NORMAL,CALM,UNCONFIRMED,DOWN,DOWN,NORMAL,CALM,DOWN,DOWN,NORMAL,CALM,DOWN
2019-07-26,DOWN,NORMAL,DOWN,DOWN,NORMAL,CALM,DOWN,DOWN,NORMAL,CALM,UNCONFIRMED,DOWN,DOWN,NORMAL,CALM,DOWN,DOWN,NORMAL,CALM,DOWN
2019-07-27,DOWN,NORMAL,DOWN,DOWN,NORMAL,CALM,DOWN,DOWN,NORMAL,CALM,UNCONFIRMED,DOWN,DOWN,NORMAL,CALM,DOWN,DOWN,NORMAL,CALM,DOWN
2019-07-28,DOWN,NORMAL,DOWN,DOWN,NORMAL,CALM,DOWN,DOWN,NORMAL,CALM,UNCONFIRMED,DOWN,DOWN,NORMAL,CALM,DOWN,DOWN,NORMAL,CALM,DOWN
2019-07-29,DOWN,NORMAL,DOWN,DOWN,NORMAL,CALM,DOWN,DOWN,NORMAL,CALM,UNCONFIRMED,DOWN,DOWN,NORMAL,CALM,DOWN,DOWN,NORMAL,CALM,DOWN
2019-07-30,DOWN,NORMAL,DOWN,DOWN,NORMAL,CALM,DOWN,DOWN,NORMAL,CALM,UNCONFIRMED,DOWN,DOWN,NORMAL,CALM,DOWN,DOWN,NORMAL,CALM,DOWN
2019-07-31,DOWN,NORMAL,DOWN,DOWN,NORMAL,CALM,DOWN,DOWN,NORMAL,CALM,UNCONFIRMED,DOWN,DOWN,NORMAL,CALM,DOWN,DOWN,NORMAL,CALM,DOWN
2019-08-01,DOWN,SQUEEZE,DOWN,DOWN,SQUEEZE,CALM,DOWN,DOWN,SQUEEZE,CALM,UNCONFIRMED,DOWN,DOWN,SQUEEZE,CALM,DOWN,DOWN,NORMAL,CALM,DOWN
2019-08-02,DOWN,SQUEEZE,DOWN,DOWN,SQUEEZE,CALM,DOWN,DOWN,SQUEEZE,CALM,UNCONFIRMED,DOWN,DOWN,SQUEEZE,CALM,DOWN,DOWN,NORMAL,CALM,DOWN
2019-08-03,DOWN,SQUEEZE,DOWN,DOWN,SQUEEZE,CALM,DOWN,DOWN,SQUEEZE,CALM,UNCONFIRMED,DOWN,DOWN,SQUEEZE,CALM,DOWN,DOWN,NORMAL,CALM,DOWN
2019-08-04,DOWN,SQUEEZE,DOWN,DOWN,SQUEEZE,CALM,DOWN,DOWN,SQUEEZE,CALM,UNCONFIRMED,DOWN,DOWN,SQUEEZE,CALM,DOWN,DOWN,NORMAL,CALM,DOWN
2019-08-05,DOWN,SQUEEZE,DOWN,RANGE,SQUEEZE,CALM,SQUEEZE,RANGE,SQUEEZE,CALM,CONFIRMED,SQUEEZE,RANGE,SQUEEZE,CALM,SQUEEZE,RANGE,NORMAL,CALM,RANGE
2019-08-06,DOWN,SQUEEZE,DOWN,RANGE,SQUEEZE,CALM,SQUEEZE,RANGE,SQUEEZE,CALM,CONFIRMED,SQUEEZE,RANGE,SQUEEZE,CALM,SQUEEZE,RANGE,NORMAL,CALM,RANGE
2019-08-07,DOWN,SQUEEZE,DOWN,RANGE,SQUEEZE,CALM,SQUEEZE,RANGE,SQUEEZE,CALM,UNCONFIRMED,SQUEEZE,RANGE,SQUEEZE,CALM,SQUEEZE,RANGE,NORMAL,CALM,RANGE
2019-08-08,DOWN,SQUEEZE,DOWN,RANGE,SQUEEZE,CALM,SQUEEZE,RANGE,SQUEEZE,CALM,UNCONFIRMED,SQUEEZE,RANGE,SQUEEZE,CALM,SQUEEZE,RANGE,NORMAL,CALM,RANGE
2019-08-09,DOWN,SQUEEZE,DOWN,RANGE,SQUEEZE,CALM,SQUEEZE,RANGE,SQUEEZE,CALM,UNCONFIRMED,SQUEEZE,RANGE,SQUEEZE,CALM,SQUEEZE,RANGE,NORMAL,CALM,RANGE
2019-08-10,DOWN,SQUEEZE,DOWN,RANGE,SQUEEZE,CALM,SQUEEZE,RANGE,SQUEEZE,CALM,UNCONFIRMED,SQUEEZE,RANGE,SQUEEZE,CALM,SQUEEZE,RANGE,NORMAL,CALM,RANGE
2019-08-11,DOWN,SQUEEZE,DOWN,RANGE,SQUEEZE,CALM,SQUEEZE,RANGE,SQUEEZE,CALM,UNCONFIRMED,SQUEEZE,RANGE,SQUEEZE,CALM,SQUEEZE,RANGE,NORMAL,CALM,RANGE
2019-08-12,DOWN,SQUEEZE,DOWN,RANGE,SQUEEZE,CALM,SQUEEZE,RANGE,SQUEEZE,CALM,UNCONFIRMED,SQUEEZE,RANGE,SQUEEZE,CALM,SQUEEZE,RANGE,NORMAL,CALM,RANGE
2019-08-13,DOWN,SQUEEZE,DOWN,RANGE,SQUEEZE,CALM,SQUEEZE,RANGE,SQUEEZE,CALM,UNCONFIRMED,SQUEEZE,RANGE,SQUEEZE,CALM,SQUEEZE,RANGE,SQUEEZE,CALM,SQUEEZE
2019-08-14,DOWN,NORMAL,DOWN,DOWN,NORMAL,CALM,DOWN,DOWN,NORMAL,CALM,CONFIRMED,DOWN,DOWN,NORMAL,CALM,DOWN,DOWN,NORMAL,CALM,DOWN
2019-08-15,DOWN,NORMAL,DOWN,DOWN,NORMAL,CALM,DOWN,DOWN,NORMAL,CALM,CONFIRMED,DOWN,DOWN,NORMAL,CALM,DOWN,DOWN,NORMAL,CALM,DOWN
2019-08-16,DOWN,NORMAL,DOWN,DOWN,NORMAL,CALM,DOWN,DOWN,NORMAL,CALM,UNCONFIRMED,DOWN,DOWN,NORMAL,CALM,DOWN,DOWN,NORMAL,CALM,DOWN
2019-08-17,DOWN,NORMAL,DOWN,DOWN,NORMAL,CALM,DOWN,DOWN,NORMAL,CALM,UNCONFIRMED,DOWN,DOWN,NORMAL,CALM,DOWN,DOWN,NORMAL,CALM,DOWN
2019-08-18,DOWN,NORMAL,DOWN,DOWN,NORMAL,CALM,DOWN,DOWN,NORMAL,CALM,CONFIRMED,DOWN,DOWN,NORMAL,CALM,DOWN,DOWN,NORMAL,CALM,DOWN
2019-08-19,DOWN,NORMAL,DOWN,DOWN,NORMAL,CALM,DOWN,DOWN,NORMAL,CALM,CONFIRMED,DOWN,DOWN,NORMAL,CALM,DOWN,DOWN,NORMAL,CALM,DOWN
2019-08-20,DOWN,NORMAL,DOWN,DOWN,NORMAL,CALM,DOWN,DOWN,NORMAL,CALM,UNCONFIRMED,DOWN,DOWN,NORMAL,CALM,DOWN,DOWN,NORMAL,CALM,DOWN
2019-08-21,DOWN,NORMAL,DOWN,DOWN,NORMAL,CALM,DOWN,DOWN,NORMAL,CALM,UNCONFIRMED,DOWN,DOWN,NORMAL,CALM,DOWN,DOWN,NORMAL,CALM,DOWN
2019-08-22,DOWN,NORMAL,DOWN,DOWN,NORMAL,CALM,DOWN,DOWN,NORMAL,CALM,UNCONFIRMED,DOWN,DOWN,NORMAL,CALM,DOWN,DOWN,NORMAL,CALM,DOWN
2019-08-23,DOWN,NORMAL,DOWN,DOWN,NORMAL,CALM,DOWN,DOWN,NORMAL,CALM,UNCONFIRMED,DOWN,DOWN,NORMAL,CALM,DOWN,DOWN,NORMAL,CALM,DOWN
2019-08-24,DOWN,NORMAL,DOWN,DOWN,NORMAL,CALM,DOWN,DOWN,NORMAL,CALM,UNCONFIRMED,DOWN,DOWN,NORMAL,CALM,DOWN,DOWN,NORMAL,CALM,DOWN
2019-08-25,DOWN,NORMAL,DOWN,DOWN,NORMAL,CALM,DOWN,DOWN,NORMAL,CALM,UNCONFIRMED,DOWN,DOWN,NORMAL,CALM,DOWN,DOWN,NORMAL,CALM,DOWN
2019-08-26,DOWN,NORMAL,DOWN,DOWN,NORMAL,CALM,DOWN,DOWN,NORMAL,CALM,UNCONFIRMED,DOWN,DOWN,NORMAL,CALM,DOWN,DOWN,NORMAL,CALM,DOWN
2019-08-27,DOWN,NORMAL,DOWN,DOWN,NORMAL,CALM,DOWN,DOWN,NORMAL,CALM,UNCONFIRMED,DOWN,DOWN,NORMAL,CALM,DOWN,DOWN,NORMAL,CALM,DOWN
2019-08-28,DOWN,NORMAL,DOWN,DOWN,NORMAL,CALM,DOWN,DOWN,NORMAL,CALM,UNCONFIRMED,DOWN,DOWN,NORMAL,CALM,DOWN,DOWN,NORMAL,CALM,DOWN
2019-08-29,DOWN,NORMAL,DOWN,DOWN,NORMAL,CALM,DOWN,DOWN,NORMAL,CALM,CONFIRMED,DOWN,DOWN,NORMAL,CALM,DOWN,DOWN,NORMAL,CALM,DOWN
2019-08-30,DOWN,NORMAL,DOWN,DOWN,NORMAL,CALM,DOWN,DOWN,NORMAL,CALM,UNCONFIRMED,DOWN,DOWN,NORMAL,CALM,DOWN,DOWN,NORMAL,CALM,DOWN
2019-08-31,DOWN,NORMAL,DOWN,DOWN,NORMAL,CALM,DOWN,DOWN,NORMAL,CALM,UNCONFIRMED,DOWN,DOWN,NORMAL,CALM,DOWN,DOWN,NORMAL,CALM,DOWN
2019-09-01,DOWN,NORMAL,DOWN,DOWN,NORMAL,CALM,DOWN,DOWN,NORMAL,CALM,UNCONFIRMED,DOWN,DOWN,NORMAL,CALM,DOWN,DOWN,NORMAL,CALM,DOWN
2019-09-02,DOWN,NORMAL,DOWN,DOWN,NORMAL,CALM,DOWN,DOWN,NORMAL,CALM,UNCONFIRMED,DOWN,DOWN,NORMAL,CALM,DOWN,DOWN,NORMAL,CALM,DOWN
2019-09-03,DOWN,NORMAL,DOWN,DOWN,NORMAL,CALM,DOWN,DOWN,NORMAL,CALM,UNCONFIRMED,DOWN,DOWN,NORMAL,CALM,DOWN,DOWN,NORMAL,CALM,DOWN
2019-09-04,DOWN,NORMAL,DOWN,DOWN,NORMAL,CALM,DOWN,DOWN,NORMAL,CALM,UNCONFIRMED,DOWN,DOWN,NORMAL,CALM,DOWN,DOWN,NORMAL,CALM,DOWN
2019-09-05,DOWN,NORMAL,DOWN,DOWN,NORMAL,CALM,DOWN,DOWN,NORMAL,CALM,UNCONFIRMED,DOWN,DOWN,NORMAL,CALM,DOWN,DOWN,SQUEEZE,CALM,DOWN
2019-09-06,DOWN,NORMAL,DOWN,DOWN,NORMAL,CALM,DOWN,DOWN,NORMAL,CALM,UNCONFIRMED,DOWN,DOWN,NORMAL,CALM,DOWN,DOWN,SQUEEZE,CALM,DOWN
2019-09-07,DOWN,NORMAL,DOWN,DOWN,NORMAL,CALM,DOWN,DOWN,NORMAL,CALM,UNCONFIRMED,DOWN,DOWN,NORMAL,CALM,DOWN,DOWN,SQUEEZE,CALM,DOWN
2019-09-08,DOWN,SQUEEZE,DOWN,DOWN,SQUEEZE,CALM,DOWN,DOWN,SQUEEZE,CALM,UNCONFIRMED,DOWN,DOWN,SQUEEZE,CALM,DOWN,DOWN,SQUEEZE,CALM,DOWN
2019-09-09,DOWN,SQUEEZE,DOWN,DOWN,SQUEEZE,CALM,DOWN,DOWN,SQUEEZE,CALM,UNCONFIRMED,DOWN,DOWN,SQUEEZE,CALM,DOWN,DOWN,SQUEEZE,CALM,DOWN
2019-09-10,DOWN,SQUEEZE,DOWN,DOWN,SQUEEZE,CALM,DOWN,DOWN,SQUEEZE,CALM,UNCONFIRMED,DOWN,DOWN,SQUEEZE,CALM,DOWN,DOWN,SQUEEZE,CALM,DOWN
2019-09-11,DOWN,SQUEEZE,DOWN,DOWN,SQUEEZE,CALM,DOWN,DOWN,SQUEEZE,CALM,UNCONFIRMED,DOWN,DOWN,SQUEEZE,CALM,DOWN,DOWN,SQUEEZE,CALM,DOWN
2019-09-12,DOWN,SQUEEZE,DOWN,DOWN,SQUEEZE,CALM,DOWN,DOWN,SQUEEZE,CALM,UNCONFIRMED,DOWN,DOWN,SQUEEZE,CALM,DOWN,DOWN,SQUEEZE,CALM,DOWN
2019-09-13,DOWN,SQUEEZE,DOWN,DOWN,SQUEEZE,CALM,DOWN,DOWN,SQUEEZE,CALM,UNCONFIRMED,DOWN,DOWN,SQUEEZE,CALM,DOWN,DOWN,SQUEEZE,CALM,DOWN
2019-09-14,DOWN,SQUEEZE,DOWN,DOWN,SQUEEZE,CALM,DOWN,DOWN,SQUEEZE,CALM,CONFIRMED,DOWN,DOWN,SQUEEZE,CALM,DOWN,DOWN,SQUEEZE,CALM,DOWN
2019-09-15,DOWN,SQUEEZE,DOWN,DOWN,SQUEEZE,CALM,DOWN,DOWN,SQUEEZE,CALM,UNCONFIRMED,DOWN,DOWN,SQUEEZE,CALM,DOWN,DOWN,SQUEEZE,CALM,DOWN
2019-09-16,DOWN,SQUEEZE,DOWN,DOWN,SQUEEZE,CALM,DOWN,DOWN,SQUEEZE,CALM,UNCONFIRMED,DOWN,DOWN,SQUEEZE,CALM,DOWN,DOWN,SQUEEZE,CALM,DOWN
2019-09-17,DOWN,SQUEEZE,DOWN,DOWN,SQUEEZE,CALM,DOWN,DOWN,SQUEEZE,CALM,CONFIRMED,DOWN,DOWN,SQUEEZE,CALM,DOWN,DOWN,SQUEEZE,CALM,DOWN
2019-09-18,DOWN,NORMAL,DOWN,DOWN,NORMAL,CALM,DOWN,DOWN,NORMAL,CALM,CONFIRMED,DOWN,DOWN,NORMAL,CALM,DOWN,DOWN,SQUEEZE,CALM,DOWN
2019-09-19,DOWN,NORMAL,DOWN,DOWN,NORMAL,CALM,DOWN,DOWN,NORMAL,CALM,CONFIRMED,DOWN,DOWN,NORMAL,CALM,DOWN,DOWN,NORMAL,CALM,DOWN
2019-09-20,DOWN,NORMAL,DOWN,DOWN,NORMAL,CALM,DOWN,DOWN,NORMAL,CALM,CONFIRMED,DOWN,DOWN,NORMAL,CALM,DOWN,DOWN,NORMAL,CALM,DOWN
2019-09-21,DOWN,NORMAL,DOWN,DOWN,NORMAL,CALM,DOWN,DOWN,NORMAL,CALM,CONFIRMED,DOWN,DOWN,NORMAL,CALM,DOWN,DOWN,NORMAL,CALM,DOWN
2019-09-22,DOWN,NORMAL,DOWN,DOWN,NORMAL,CALM,DOWN,DOWN,NORMAL,CALM,CONFIRMED,DOWN,DOWN,NORMAL,CALM,DOWN,DOWN,NORMAL,CALM,DOWN
2019-09-23,DOWN,NORMAL,DOWN,DOWN,NORMAL,CALM,DOWN,DOWN,NORMAL,CALM,CONFIRMED,DOWN,DOWN,NORMAL,CALM,DOWN,DOWN,NORMAL,CALM,DOWN
2019-09-24,DOWN,EXPANSION,EXPANSION,DOWN,EXPANSION,STRESS_DOWN,STRESS_DOWN,DOWN,EXPANSION,STRESS_DOWN,CONFIRMED,STRESS_DOWN,DOWN,EXPANSION,STRESS_DOWN,STRESS_DOWN,DOWN,EXPANSION,STRESS_DOWN,STRESS_DOWN
2019-09-25,DOWN,EXPANSION,EXPANSION,DOWN,EXPANSION,STRESS_DOWN,STRESS_DOWN,DOWN,EXPANSION,STRESS_DOWN,CONFIRMED,STRESS_DOWN,DOWN,EXPANSION,STRESS_DOWN,STRESS_DOWN,DOWN,EXPANSION,STRESS_DOWN,STRESS_DOWN
2019-09-26,DOWN,EXPANSION,EXPANSION,DOWN,EXPANSION,STRESS_DOWN,STRESS_DOWN,DOWN,EXPANSION,STRESS_DOWN,CONFIRMED,STRESS_DOWN,DOWN,EXPANSION,STRESS_DOWN,STRESS_DOWN,DOWN,EXPANSION,STRESS_DOWN,STRESS_DOWN
2019-09-27,DOWN,EXPANSION,EXPANSION,DOWN,EXPANSION,STRESS_DOWN,STRESS_DOWN,DOWN,EXPANSION,STRESS_DOWN,CONFIRMED,STRESS_DOWN,DOWN,EXPANSION,STRESS_DOWN,STRESS_DOWN,DOWN,EXPANSION,STRESS_DOWN,STRESS_DOWN
2019-09-28,DOWN,EXPANSION,EXPANSION,DOWN,EXPANSION,STRESS_DOWN,STRESS_DOWN,DOWN,EXPANSION,STRESS_DOWN,UNCONFIRMED,STRESS_DOWN,DOWN,EXPANSION,STRESS_DOWN,STRESS_DOWN,DOWN,NORMAL,STRESS_DOWN,STRESS_DOWN
2019-09-29,DOWN,EXPANSION,EXPANSION,DOWN,EXPANSION,STRESS_DOWN,STRESS_DOWN,DOWN,EXPANSION,STRESS_DOWN,UNCONFIRMED,STRESS_DOWN,DOWN,EXPANSION,STRESS_DOWN,STRESS_DOWN,DOWN,NORMAL,STRESS_DOWN,STRESS_DOWN
2019-09-30,DOWN,EXPANSION,EXPANSION,DOWN,EXPANSION,STRESS_DOWN,STRESS_DOWN,DOWN,EXPANSION,STRESS_DOWN,CONFIRMED,STRESS_DOWN,DOWN,EXPANSION,STRESS_DOWN,STRESS_DOWN,DOWN,NORMAL,STRESS_DOWN,STRESS_DOWN
2019-10-01,DOWN,EXPANSION,EXPANSION,DOWN,EXPANSION,STRESS_DOWN,STRESS_DOWN,DOWN,EXPANSION,STRESS_DOWN,CONFIRMED,STRESS_DOWN,DOWN,EXPANSION,STRESS_DOWN,STRESS_DOWN,DOWN,NORMAL,STRESS_DOWN,STRESS_DOWN
2019-10-02,DOWN,EXPANSION,EXPANSION,DOWN,EXPANSION,STRESS_DOWN,STRESS_DOWN,DOWN,EXPANSION,STRESS_DOWN,CONFIRMED,STRESS_DOWN,DOWN,EXPANSION,STRESS_DOWN,STRESS_DOWN,DOWN,NORMAL,STRESS_DOWN,STRESS_DOWN
2019-10-03,DOWN,EXPANSION,EXPANSION,DOWN,EXPANSION,STRESS_DOWN,STRESS_DOWN,DOWN,EXPANSION,STRESS_DOWN,CONFIRMED,STRESS_DOWN,DOWN,EXPANSION,STRESS_DOWN,STRESS_DOWN,DOWN,NORMAL,STRESS_DOWN,STRESS_DOWN
2019-10-04,DOWN,EXPANSION,EXPANSION,DOWN,EXPANSION,STRESS_DOWN,STRESS_DOWN,DOWN,EXPANSION,STRESS_DOWN,CONFIRMED,STRESS_DOWN,RANGE,EXPANSION,STRESS_DOWN,STRESS_DOWN,DOWN,NORMAL,STRESS_DOWN,STRESS_DOWN
2019-10-05,DOWN,EXPANSION,EXPANSION,DOWN,EXPANSION,CALM,EXPANSION,DOWN,EXPANSION,CALM,CONFIRMED,EXPANSION,RANGE,EXPANSION,CALM,EXPANSION,DOWN,NORMAL,CALM,DOWN
2019-10-06,DOWN,EXPANSION,EXPANSION,DOWN,EXPANSION,CALM,EXPANSION,DOWN,EXPANSION,CALM,UNCONFIRMED,EXPANSION,RANGE,EXPANSION,CALM,EXPANSION,DOWN,NORMAL,CALM,DOWN
2019-10-07,DOWN,EXPANSION,EXPANSION,DOWN,EXPANSION,CALM,EXPANSION,DOWN,EXPANSION,CALM,CONFIRMED,EXPANSION,RANGE,EXPANSION,CALM,EXPANSION,DOWN,NORMAL,CALM,DOWN
2019-10-08,DOWN,NORMAL,DOWN,DOWN,NORMAL,CALM,DOWN,DOWN,NORMAL,CALM,CONFIRMED,DOWN,RANGE,NORMAL,CALM,RANGE,DOWN,NORMAL,CALM,DOWN
2019-10-09,DOWN,NORMAL,DOWN,DOWN,NORMAL,CALM,DOWN,DOWN,NORMAL,CALM,CONFIRMED,DOWN,RANGE,NORMAL,CALM,RANGE,DOWN,NORMAL,CALM,DOWN
2019-10-10,DOWN,NORMAL,DOWN,DOWN,NORMAL,CALM,DOWN,DOWN,NORMAL,CALM,CONFIRMED,DOWN,RANGE,NORMAL,CALM,RANGE,DOWN,NORMAL,CALM,DOWN
2019-10-11,DOWN,NORMAL,DOWN,DOWN,NORMAL,CALM,DOWN,DOWN,NORMAL,CALM,CONFIRMED,DOWN,RANGE,NORMAL,CALM,RANGE,DOWN,NORMAL,CALM,DOWN
2019-10-12,DOWN,NORMAL,DOWN,DOWN,NORMAL,CALM,DOWN,DOWN,NORMAL,CALM,UNCONFIRMED,DOWN,RANGE,NORMAL,CALM,RANGE,DOWN,NORMAL,CALM,DOWN
2019-10-13,DOWN,NORMAL,DOWN,DOWN,NORMAL,CALM,DOWN,DOWN,NORMAL,CALM,CONFIRMED,DOWN,RANGE,NORMAL,CALM,RANGE,DOWN,NORMAL,CALM,DOWN
2019-10-14,UP,NORMAL,UP,RANGE,NORMAL,CALM,RANGE,RANGE,NORMAL,CALM,CONFIRMED,RANGE,RANGE,NORMAL,CALM,RANGE,RANGE,NORMAL,CALM,RANGE
2019-10-15,UP,NORMAL,UP,RANGE,NORMAL,CALM,RANGE,RANGE,NORMAL,CALM,CONFIRMED,RANGE,RANGE,NORMAL,CALM,RANGE,RANGE,NORMAL,CALM,RANGE
2019-10-16,DOWN,NORMAL,DOWN,DOWN,NORMAL,CALM,DOWN,DOWN,NORMAL,CALM,CONFIRMED,DOWN,RANGE,NORMAL,CALM,RANGE,DOWN,NORMAL,CALM,DOWN
2019-10-17,UP,NORMAL,UP,RANGE,NORMAL,CALM,RANGE,RANGE,NORMAL,CALM,CONFIRMED,RANGE,RANGE,NORMAL,CALM,RANGE,RANGE,NORMAL,CALM,RANGE
2019-10-18,UP,NORMAL,UP,RANGE,NORMAL,CALM,RANGE,RANGE,NORMAL,CALM,CONFIRMED,RANGE,RANGE,NORMAL,CALM,RANGE,RANGE,NORMAL,CALM,RANGE
2019-10-19,UP,NORMAL,UP,RANGE,NORMAL,CALM,RANGE,RANGE,NORMAL,CALM,CONFIRMED,RANGE,RANGE,NORMAL,CALM,RANGE,RANGE,NORMAL,CALM,RANGE
2019-10-20,UP,NORMAL,UP,RANGE,NORMAL,CALM,RANGE,RANGE,NORMAL,CALM,CONFIRMED,RANGE,RANGE,NORMAL,CALM,RANGE,RANGE,NORMAL,CALM,RANGE
2019-10-21,UP,NORMAL,UP,RANGE,NORMAL,CALM,RANGE,RANGE,NORMAL,CALM,CONFIRMED,RANGE,RANGE,NORMAL,CALM,RANGE,RANGE,NORMAL,CALM,RANGE
2019-10-22,UP,NORMAL,UP,RANGE,NORMAL,CALM,RANGE,RANGE,NORMAL,CALM,CONFIRMED,RANGE,RANGE,NORMAL,CALM,RANGE,RANGE,NORMAL,CALM,RANGE
2019-10-23,DOWN,NORMAL,DOWN,DOWN,NORMAL,CALM,DOWN,DOWN,NORMAL,CALM,CONFIRMED,DOWN,DOWN,NORMAL,CALM,DOWN,DOWN,NORMAL,CALM,DOWN
2019-10-24,DOWN,NORMAL,DOWN,DOWN,NORMAL,CALM,DOWN,DOWN,NORMAL,CALM,CONFIRMED,DOWN,RANGE,NORMAL,CALM,RANGE,DOWN,NORMAL,CALM,DOWN
2019-10-25,UP,NORMAL,UP,RANGE,NORMAL,CALM,RANGE,RANGE,NORMAL,CALM,CONFIRMED,RANGE,RANGE,NORMAL,CALM,RANGE,RANGE,NORMAL,CALM,RANGE
2019-10-26,UP,NORMAL,UP,RANGE,NORMAL,CALM,RANGE,RANGE,NORMAL,CALM,CONFIRMED,RANGE,RANGE,NORMAL,CALM,RANGE,RANGE,NORMAL,CALM,RANGE
2019-10-27,UP,NORMAL,UP,RANGE,NORMAL,CALM,RANGE,RANGE,NORMAL,CALM,CONFIRMED,RANGE,RANGE,NORMAL,CALM,RANGE,RANGE,NORMAL,CALM,RANGE
2019-10-28,UP,NORMAL,UP,RANGE,NORMAL,CALM,RANGE,RANGE,NORMAL,CALM,CONFIRMED,RANGE,RANGE,NORMAL,CALM,RANGE,RANGE,NORMAL,CALM,RANGE
2019-10-29,UP,NORMAL,UP,RANGE,NORMAL,CALM,RANGE,RANGE,NORMAL,CALM,CONFIRMED,RANGE,RANGE,NORMAL,CALM,RANGE,RANGE,NORMAL,CALM,RANGE
2019-10-30,UP,NORMAL,UP,RANGE,NORMAL,CALM,RANGE,RANGE,NORMAL,CALM,CONFIRMED,RANGE,RANGE,NORMAL,CALM,RANGE,RANGE,NORMAL,CALM,RANGE
2019-10-31,UP,NORMAL,UP,RANGE,NORMAL,CALM,RANGE,RANGE,NORMAL,CALM,CONFIRMED,RANGE,RANGE,NORMAL,CALM,RANGE,RANGE,NORMAL,CALM,RANGE
2019-11-01,UP,SQUEEZE,UP,RANGE,SQUEEZE,CALM,SQUEEZE,RANGE,SQUEEZE,CALM,CONFIRMED,SQUEEZE,RANGE,SQUEEZE,CALM,SQUEEZE,RANGE,NORMAL,CALM,RANGE
2019-11-02,UP,SQUEEZE,UP,RANGE,SQUEEZE,CALM,SQUEEZE,RANGE,SQUEEZE,CALM,UNCONFIRMED,SQUEEZE,RANGE,SQUEEZE,CALM,SQUEEZE,RANGE,NORMAL,CALM,RANGE
2019-11-03,RANGE,SQUEEZE,SQUEEZE,RANGE,SQUEEZE,CALM,SQUEEZE,RANGE,SQUEEZE,CALM,UNCONFIRMED,SQUEEZE,RANGE,SQUEEZE,CALM,SQUEEZE,RANGE,NORMAL,CALM,RANGE
2019-11-04,RANGE,SQUEEZE,SQUEEZE,RANGE,SQUEEZE,CALM,SQUEEZE,RANGE,SQUEEZE,CALM,CONFIRMED,SQUEEZE,RANGE,SQUEEZE,CALM,SQUEEZE,RANGE,NORMAL,CALM,RANGE
2019-11-05,RANGE,SQUEEZE,SQUEEZE,RANGE,SQUEEZE,CALM,SQUEEZE,RANGE,SQUEEZE,CALM,CONFIRMED,SQUEEZE,RANGE,SQUEEZE,CALM,SQUEEZE,RANGE,SQUEEZE,CALM,SQUEEZE
2019-11-06,RANGE,NORMAL,RANGE,RANGE,NORMAL,CALM,RANGE,RANGE,NORMAL,CALM,CONFIRMED,RANGE,RANGE,NORMAL,CALM,RANGE,RANGE,SQUEEZE,CALM,SQUEEZE
2019-11-07,RANGE,NORMAL,RANGE,RANGE,NORMAL,CALM,RANGE,RANGE,NORMAL,CALM,CONFIRMED,RANGE,RANGE,NORMAL,CALM,RANGE,RANGE,NORMAL,CALM,RANGE
2019-11-08,RANGE,NORMAL,RANGE,RANGE,NORMAL,CALM,RANGE,RANGE,NORMAL,CALM,CONFIRMED,RANGE,RANGE,NORMAL,CALM,RANGE,DOWN,NORMAL,CALM,DOWN
2019-11-09,RANGE,NORMAL,RANGE,RANGE,NORMAL,CALM,RANGE,RANGE,NORMAL,CALM,UNCONFIRMED,RANGE,RANGE,NORMAL,CALM,RANGE,RANGE,NORMAL,CALM,RANGE
2019-11-10,RANGE,NORMAL,RANGE,RANGE,NORMAL,CALM,RANGE,RANGE,NORMAL,CALM,UNCONFIRMED,RANGE,RANGE,NORMAL,CALM,RANGE,RANGE,NORMAL,CALM,RANGE
2019-11-11,RANGE,NORMAL,RANGE,RANGE,NORMAL,CALM,RANGE,RANGE,NORMAL,CALM,UNCONFIRMED,RANGE,RANGE,NORMAL,CALM,RANGE,RANGE,NORMAL,CALM,RANGE
2019-11-12,RANGE,NORMAL,RANGE,RANGE,NORMAL,CALM,RANGE,RANGE,NORMAL,CALM,CONFIRMED,RANGE,RANGE,NORMAL,CALM,RANGE,RANGE,NORMAL,CALM,RANGE
2019-11-13,RANGE,NORMAL,RANGE,RANGE,NORMAL,CALM,RANGE,RANGE,NORMAL,CALM,UNCONFIRMED,RANGE,RANGE,NORMAL,CALM,RANGE,RANGE,NORMAL,CALM,RANGE
2019-11-14,RANGE,NORMAL,RANGE,RANGE,NORMAL,CALM,RANGE,RANGE,NORMAL,CALM,UNCONFIRMED,RANGE,RANGE,NORMAL,CALM,RANGE,RANGE,NORMAL,CALM,RANGE
2019-11-15,RANGE,NORMAL,RANGE,RANGE,NORMAL,CALM,RANGE,RANGE,NORMAL,CALM,CONFIRMED,RANGE,RANGE,NORMAL,CALM,RANGE,DOWN,NORMAL,CALM,DOWN
2019-11-16,RANGE,NORMAL,RANGE,RANGE,NORMAL,CALM,RANGE,RANGE,NORMAL,CALM,UNCONFIRMED,RANGE,RANGE,NORMAL,CALM,RANGE,DOWN,NORMAL,CALM,DOWN
2019-11-17,RANGE,NORMAL,RANGE,RANGE,NORMAL,CALM,RANGE,RANGE,NORMAL,CALM,UNCONFIRMED,RANGE,RANGE,NORMAL,CALM,RANGE,DOWN,NORMAL,CALM,DOWN
2019-11-18,RANGE,NORMAL,RANGE,RANGE,NORMAL,CALM,RANGE,RANGE,NORMAL,CALM,CONFIRMED,RANGE,RANGE,NORMAL,CALM,RANGE,DOWN,NORMAL,CALM,DOWN
2019-11-19,DOWN,NORMAL,DOWN,DOWN,NORMAL,CALM,DOWN,DOWN,NORMAL,CALM,CONFIRMED,DOWN,RANGE,NORMAL,CALM,RANGE,DOWN,NORMAL,CALM,DOWN
2019-11-20,DOWN,NORMAL,DOWN,DOWN,NORMAL,CALM,DOWN,DOWN,NORMAL,CALM,CONFIRMED,DOWN,RANGE,NORMAL,CALM,RANGE,DOWN,NORMAL,CALM,DOWN
2019-11-21,DOWN,NORMAL,DOWN,DOWN,NORMAL,CALM,DOWN,DOWN,NORMAL,CALM,CONFIRMED,DOWN,RANGE,NORMAL,CALM,RANGE,DOWN,NORMAL,CALM,DOWN
2019-11-22,DOWN,NORMAL,DOWN,DOWN,NORMAL,CALM,DOWN,DOWN,NORMAL,CALM,CONFIRMED,DOWN,DOWN,NORMAL,CALM,DOWN,DOWN,NORMAL,CALM,DOWN
2019-11-23,DOWN,EXPANSION,EXPANSION,DOWN,EXPANSION,CALM,EXPANSION,DOWN,EXPANSION,CALM,CONFIRMED,EXPANSION,DOWN,EXPANSION,CALM,EXPANSION,DOWN,NORMAL,CALM,DOWN
2019-11-24,DOWN,EXPANSION,EXPANSION,DOWN,EXPANSION,CALM,EXPANSION,DOWN,EXPANSION,CALM,CONFIRMED,EXPANSION,DOWN,EXPANSION,CALM,EXPANSION,DOWN,NORMAL,CALM,DOWN
2019-11-25,DOWN,EXPANSION,EXPANSION,DOWN,EXPANSION,STRESS_DOWN,STRESS_DOWN,DOWN,EXPANSION,STRESS_DOWN,CONFIRMED,STRESS_DOWN,DOWN,EXPANSION,STRESS_DOWN,STRESS_DOWN,DOWN,NORMAL,STRESS_DOWN,STRESS_DOWN
2019-11-26,DOWN,EXPANSION,EXPANSION,DOWN,EXPANSION,CALM,EXPANSION,DOWN,EXPANSION,CALM,CONFIRMED,EXPANSION,DOWN,EXPANSION,CALM,EXPANSION,DOWN,NORMAL,CALM,DOWN
2019-11-27,DOWN,EXPANSION,EXPANSION,DOWN,EXPANSION,CALM,EXPANSION,DOWN,EXPANSION,CALM,CONFIRMED,EXPANSION,DOWN,EXPANSION,CALM,EXPANSION,DOWN,NORMAL,CALM,DOWN
2019-11-28,DOWN,EXPANSION,EXPANSION,DOWN,EXPANSION,CALM,EXPANSION,DOWN,EXPANSION,CALM,UNCONFIRMED,EXPANSION,DOWN,EXPANSION,CALM,EXPANSION,DOWN,NORMAL,CALM,DOWN
2019-11-29,DOWN,EXPANSION,EXPANSION,DOWN,EXPANSION,CALM,EXPANSION,DOWN,EXPANSION,CALM,UNCONFIRMED,EXPANSION,DOWN,EXPANSION,CALM,EXPANSION,DOWN,NORMAL,CALM,DOWN
2019-11-30,DOWN,EXPANSION,EXPANSION,DOWN,EXPANSION,CALM,EXPANSION,DOWN,EXPANSION,CALM,UNCONFIRMED,EXPANSION,DOWN,EXPANSION,CALM,EXPANSION,DOWN,NORMAL,CALM,DOWN
2019-12-01,DOWN,NORMAL,DOWN,DOWN,NORMAL,CALM,DOWN,DOWN,NORMAL,CALM,UNCONFIRMED,DOWN,DOWN,NORMAL,CALM,DOWN,DOWN,NORMAL,CALM,DOWN
2019-12-02,DOWN,NORMAL,DOWN,DOWN,NORMAL,CALM,DOWN,DOWN,NORMAL,CALM,UNCONFIRMED,DOWN,DOWN,NORMAL,CALM,DOWN,DOWN,NORMAL,CALM,DOWN
2019-12-03,DOWN,NORMAL,DOWN,DOWN,NORMAL,CALM,DOWN,DOWN,NORMAL,CALM,UNCONFIRMED,DOWN,DOWN,NORMAL,CALM,DOWN,DOWN,NORMAL,CALM,DOWN
2019-12-04,DOWN,NORMAL,DOWN,DOWN,NORMAL,CALM,DOWN,DOWN,NORMAL,CALM,CONFIRMED,DOWN,DOWN,NORMAL,CALM,DOWN,DOWN,NORMAL,CALM,DOWN
2019-12-05,DOWN,NORMAL,DOWN,DOWN,NORMAL,CALM,DOWN,DOWN,NORMAL,CALM,CONFIRMED,DOWN,DOWN,NORMAL,CALM,DOWN,DOWN,NORMAL,CALM,DOWN
2019-12-06,DOWN,NORMAL,DOWN,DOWN,NORMAL,CALM,DOWN,DOWN,NORMAL,CALM,UNCONFIRMED,DOWN,DOWN,NORMAL,CALM,DOWN,DOWN,NORMAL,CALM,DOWN
2019-12-07,DOWN,NORMAL,DOWN,DOWN,NORMAL,CALM,DOWN,DOWN,NORMAL,CALM,UNCONFIRMED,DOWN,DOWN,NORMAL,CALM,DOWN,DOWN,NORMAL,CALM,DOWN
2019-12-08,DOWN,NORMAL,DOWN,DOWN,NORMAL,CALM,DOWN,DOWN,NORMAL,CALM,UNCONFIRMED,DOWN,DOWN,NORMAL,CALM,DOWN,DOWN,SQUEEZE,CALM,DOWN
2019-12-09,DOWN,NORMAL,DOWN,DOWN,NORMAL,CALM,DOWN,DOWN,NORMAL,CALM,UNCONFIRMED,DOWN,DOWN,NORMAL,CALM,DOWN,DOWN,SQUEEZE,CALM,DOWN
2019-12-10,DOWN,SQUEEZE,DOWN,DOWN,SQUEEZE,CALM,DOWN,DOWN,SQUEEZE,CALM,UNCONFIRMED,DOWN,DOWN,SQUEEZE,CALM,DOWN,DOWN,SQUEEZE,CALM,DOWN
2019-12-11,DOWN,SQUEEZE,DOWN,DOWN,SQUEEZE,CALM,DOWN,DOWN,SQUEEZE,CALM,UNCONFIRMED,DOWN,DOWN,SQUEEZE,CALM,DOWN,DOWN,SQUEEZE,CALM,DOWN
2019-12-12,DOWN,SQUEEZE,DOWN,DOWN,SQUEEZE,CALM,DOWN,DOWN,SQUEEZE,CALM,UNCONFIRMED,DOWN,DOWN,SQUEEZE,CALM,DOWN,DOWN,SQUEEZE,CALM,DOWN
2019-12-13,DOWN,SQUEEZE,DOWN,DOWN,SQUEEZE,CALM,DOWN,DOWN,SQUEEZE,CALM,UNCONFIRMED,DOWN,DOWN,SQUEEZE,CALM,DOWN,DOWN,SQUEEZE,CALM,DOWN
2019-12-14,DOWN,SQUEEZE,DOWN,DOWN,SQUEEZE,CALM,DOWN,DOWN,SQUEEZE,CALM,UNCONFIRMED,DOWN,DOWN,SQUEEZE,CALM,DOWN,DOWN,SQUEEZE,CALM,DOWN
2019-12-15,DOWN,SQUEEZE,DOWN,DOWN,SQUEEZE,CALM,DOWN,DOWN,SQUEEZE,CALM,UNCONFIRMED,DOWN,DOWN,SQUEEZE,CALM,DOWN,DOWN,SQUEEZE,CALM,DOWN
2019-12-16,DOWN,SQUEEZE,DOWN,DOWN,SQUEEZE,CALM,DOWN,DOWN,SQUEEZE,CALM,CONFIRMED,DOWN,DOWN,SQUEEZE,CALM,DOWN,DOWN,SQUEEZE,CALM,DOWN
2019-12-17,DOWN,NORMAL,DOWN,DOWN,NORMAL,CALM,DOWN,DOWN,NORMAL,CALM,CONFIRMED,DOWN,DOWN,NORMAL,CALM,DOWN,DOWN,NORMAL,CALM,DOWN
2019-12-18,DOWN,NORMAL,DOWN,DOWN,NORMAL,CALM,DOWN,DOWN,NORMAL,CALM,CONFIRMED,DOWN,DOWN,NORMAL,CALM,DOWN,DOWN,NORMAL,CALM,DOWN
2019-12-19,DOWN,NORMAL,DOWN,DOWN,NORMAL,CALM,DOWN,DOWN,NORMAL,CALM,CONFIRMED,DOWN,DOWN,NORMAL,CALM,DOWN,DOWN,NORMAL,CALM,DOWN
2019-12-20,DOWN,NORMAL,DOWN,DOWN,NORMAL,CALM,DOWN,DOWN,NORMAL,CALM,CONFIRMED,DOWN,DOWN,NORMAL,CALM,DOWN,DOWN,NORMAL,CALM,DOWN
2019-12-21,DOWN,NORMAL,DOWN,DOWN,NORMAL,CALM,DOWN,DOWN,NORMAL,CALM,UNCONFIRMED,DOWN,DOWN,NORMAL,CALM,DOWN,DOWN,NORMAL,CALM,DOWN
2019-12-22,DOWN,NORMAL,DOWN,DOWN,NORMAL,CALM,DOWN,DOWN,NORMAL,CALM,UNCONFIRMED,DOWN,DOWN,NORMAL,CALM,DOWN,DOWN,NORMAL,CALM,DOWN
2019-12-23,DOWN,NORMAL,DOWN,DOWN,NORMAL,CALM,DOWN,DOWN,NORMAL,CALM,CONFIRMED,DOWN,DOWN,NORMAL,CALM,DOWN,DOWN,NORMAL,CALM,DOWN
2019-12-24,DOWN,NORMAL,DOWN,DOWN,NORMAL,CALM,DOWN,DOWN,NORMAL,CALM,UNCONFIRMED,DOWN,DOWN,NORMAL,CALM,DOWN,DOWN,NORMAL,CALM,DOWN
2019-12-25,DOWN,NORMAL,DOWN,DOWN,NORMAL,CALM,DOWN,DOWN,NORMAL,CALM,UNCONFIRMED,DOWN,DOWN,NORMAL,CALM,DOWN,DOWN,NORMAL,CALM,DOWN
2019-12-26,DOWN,NORMAL,DOWN,DOWN,NORMAL,CALM,DOWN,DOWN,NORMAL,CALM,UNCONFIRMED,DOWN,DOWN,NORMAL,CALM,DOWN,DOWN,NORMAL,CALM,DOWN
2019-12-27,DOWN,NORMAL,DOWN,DOWN,NORMAL,CALM,DOWN,DOWN,NORMAL,CALM,UNCONFIRMED,DOWN,DOWN,NORMAL,CALM,DOWN,DOWN,NORMAL,CALM,DOWN
2019-12-28,DOWN,NORMAL,DOWN,DOWN,NORMAL,CALM,DOWN,DOWN,NORMAL,CALM,UNCONFIRMED,DOWN,DOWN,NORMAL,CALM,DOWN,DOWN,SQUEEZE,CALM,DOWN
2019-12-29,DOWN,NORMAL,DOWN,DOWN,NORMAL,CALM,DOWN,DOWN,NORMAL,CALM,UNCONFIRMED,DOWN,DOWN,NORMAL,CALM,DOWN,DOWN,SQUEEZE,CALM,DOWN
2019-12-30,DOWN,NORMAL,DOWN,DOWN,NORMAL,CALM,DOWN,DOWN,NORMAL,CALM,UNCONFIRMED,DOWN,DOWN,NORMAL,CALM,DOWN,DOWN,SQUEEZE,CALM,DOWN
2019-12-31,DOWN,NORMAL,DOWN,DOWN,NORMAL,CALM,DOWN,DOWN,NORMAL,CALM,UNCONFIRMED,DOWN,DOWN,NORMAL,CALM,DOWN,DOWN,SQUEEZE,CALM,DOWN
2020-01-01,DOWN,NORMAL,DOWN,DOWN,NORMAL,CALM,DOWN,DOWN,NORMAL,CALM,UNCONFIRMED,DOWN,DOWN,NORMAL,CALM,DOWN,DOWN,SQUEEZE,CALM,DOWN
2020-01-02,DOWN,NORMAL,DOWN,DOWN,NORMAL,CALM,DOWN,DOWN,NORMAL,CALM,UNCONFIRMED,DOWN,DOWN,NORMAL,CALM,DOWN,DOWN,SQUEEZE,CALM,DOWN
2020-01-03,DOWN,NORMAL,DOWN,DOWN,NORMAL,CALM,DOWN,DOWN,NORMAL,CALM,UNCONFIRMED,DOWN,DOWN,NORMAL,CALM,DOWN,DOWN,SQUEEZE,CALM,DOWN
2020-01-04,DOWN,SQUEEZE,DOWN,DOWN,SQUEEZE,CALM,DOWN,DOWN,SQUEEZE,CALM,UNCONFIRMED,DOWN,DOWN,SQUEEZE,CALM,DOWN,DOWN,SQUEEZE,CALM,DOWN
2020-01-05,DOWN,SQUEEZE,DOWN,DOWN,SQUEEZE,CALM,DOWN,DOWN,SQUEEZE,CALM,UNCONFIRMED,DOWN,DOWN,SQUEEZE,CALM,DOWN,DOWN,SQUEEZE,CALM,DOWN
2020-01-06,DOWN,NORMAL,DOWN,DOWN,NORMAL,CALM,DOWN,DOWN,NORMAL,CALM,CONFIRMED,DOWN,DOWN,NORMAL,CALM,DOWN,DOWN,SQUEEZE,CALM,DOWN
2020-01-07,DOWN,NORMAL,DOWN,DOWN,NORMAL,CALM,DOWN,DOWN,NORMAL,CALM,CONFIRMED,DOWN,DOWN,NORMAL,CALM,DOWN,DOWN,SQUEEZE,CALM,DOWN
2020-01-08,DOWN,NORMAL,DOWN,DOWN,NORMAL,CALM,DOWN,DOWN,NORMAL,CALM,CONFIRMED,DOWN,DOWN,NORMAL,CALM,DOWN,DOWN,NORMAL,CALM,DOWN
2020-01-09,DOWN,NORMAL,DOWN,DOWN,NORMAL,CALM,DOWN,DOWN,NORMAL,CALM,UNCONFIRMED,DOWN,DOWN,NORMAL,CALM,DOWN,DOWN,NORMAL,CALM,DOWN
2020-01-10,DOWN,NORMAL,DOWN,DOWN,NORMAL,CALM,DOWN,DOWN,NORMAL,CALM,CONFIRMED,DOWN,DOWN,NORMAL,CALM,DOWN,DOWN,SQUEEZE,CALM,DOWN
2020-01-11,DOWN,NORMAL,DOWN,DOWN,NORMAL,CALM,DOWN,DOWN,NORMAL,CALM,CONFIRMED,DOWN,DOWN,NORMAL,CALM,DOWN,DOWN,SQUEEZE,CALM,DOWN
2020-01-12,DOWN,NORMAL,DOWN,DOWN,NORMAL,CALM,DOWN,DOWN,NORMAL,CALM,UNCONFIRMED,DOWN,DOWN,NORMAL,CALM,DOWN,DOWN,SQUEEZE,CALM,DOWN
2020-01-13,DOWN,NORMAL,DOWN,DOWN,NORMAL,CALM,DOWN,DOWN,NORMAL,CALM,UNCONFIRMED,DOWN,DOWN,NORMAL,CALM,DOWN,DOWN,SQUEEZE,CALM,DOWN
2020-01-14,DOWN,NORMAL,DOWN,DOWN,NORMAL,CALM,DOWN,DOWN,NORMAL,CALM,CONFIRMED,DOWN,DOWN,NORMAL,CALM,DOWN,DOWN,SQUEEZE,CALM,DOWN
2020-01-15,DOWN,NORMAL,DOWN,DOWN,NORMAL,CALM,DOWN,DOWN,NORMAL,CALM,CONFIRMED,DOWN,DOWN,NORMAL,CALM,DOWN,DOWN,NORMAL,CALM,DOWN
2020-01-16,DOWN,NORMAL,DOWN,DOWN,NORMAL,CALM,DOWN,DOWN,NORMAL,CALM,CONFIRMED,DOWN,DOWN,NORMAL,CALM,DOWN,DOWN,NORMAL,CALM,DOWN
2020-01-17,DOWN,NORMAL,DOWN,DOWN,NORMAL,CALM,DOWN,DOWN,NORMAL,CALM,CONFIRMED,DOWN,DOWN,NORMAL,CALM,DOWN,DOWN,NORMAL,CALM,DOWN
2020-01-18,UP,EXPANSION,EXPANSION,RANGE,EXPANSION,CALM,EXPANSION,RANGE,EXPANSION,CALM,CONFIRMED,EXPANSION,RANGE,EXPANSION,CALM,EXPANSION,RANGE,NORMAL,CALM,RANGE
2020-01-19,DOWN,EXPANSION,EXPANSION,DOWN,EXPANSION,CALM,EXPANSION,DOWN,EXPANSION,CALM,CONFIRMED,EXPANSION,DOWN,EXPANSION,CALM,EXPANSION,DOWN,NORMAL,CALM,DOWN
2020-01-20,DOWN,NORMAL,DOWN,DOWN,NORMAL,CALM,DOWN,DOWN,NORMAL,CALM,CONFIRMED,DOWN,DOWN,NORMAL,CALM,DOWN,DOWN,NORMAL,CALM,DOWN
2020-01-21,DOWN,NORMAL,DOWN,DOWN,NORMAL,CALM,DOWN,DOWN,NORMAL,CALM,CONFIRMED,DOWN,DOWN,NORMAL,CALM,DOWN,DOWN,NORMAL,CALM,DOWN
2020-01-22,DOWN,NORMAL,DOWN,DOWN,NORMAL,CALM,DOWN,DOWN,NORMAL,CALM,UNCONFIRMED,DOWN,DOWN,NORMAL,CALM,DOWN,DOWN,NORMAL,CALM,DOWN
2020-01-23,DOWN,NORMAL,DOWN,DOWN,NORMAL,CALM,DOWN,DOWN,NORMAL,CALM,CONFIRMED,DOWN,DOWN,NORMAL,CALM,DOWN,DOWN,NORMAL,CALM,DOWN
2020-01-24,DOWN,NORMAL,DOWN,DOWN,NORMAL,CALM,DOWN,DOWN,NORMAL,CALM,CONFIRMED,DOWN,DOWN,NORMAL,CALM,DOWN,DOWN,NORMAL,CALM,DOWN
2020-01-25,DOWN,NORMAL,DOWN,DOWN,NORMAL,CALM,DOWN,DOWN,NORMAL,CALM,UNCONFIRMED,DOWN,DOWN,NORMAL,CALM,DOWN,DOWN,NORMAL,CALM,DOWN
2020-01-26,DOWN,NORMAL,DOWN,DOWN,NORMAL,CALM,DOWN,DOWN,NORMAL,CALM,UNCONFIRMED,DOWN,DOWN,NORMAL,CALM,DOWN,DOWN,NORMAL,CALM,DOWN
2020-01-27,DOWN,NORMAL,DOWN,DOWN,NORMAL,CALM,DOWN,DOWN,NORMAL,CALM,CONFIRMED,DOWN,DOWN,NORMAL,CALM,DOWN,DOWN,NORMAL,CALM,DOWN
2020-01-28,UP,NORMAL,UP,RANGE,NORMAL,CALM,RANGE,RANGE,NORMAL,CALM,CONFIRMED,RANGE,RANGE,NORMAL,CALM,RANGE,RANGE,NORMAL,CALM,RANGE
2020-01-29,UP,NORMAL,UP,RANGE,NORMAL,CALM,RANGE,RANGE,NORMAL,CALM,CONFIRMED,RANGE,RANGE,NORMAL,CALM,RANGE,RANGE,NORMAL,CALM,RANGE
2020-01-30,UP,NORMAL,UP,RANGE,NORMAL,CALM,RANGE,RANGE,NORMAL,CALM,CONFIRMED,RANGE,RANGE,NORMAL,CALM,RANGE,RANGE,NORMAL,CALM,RANGE
2020-01-31,UP,NORMAL,UP,RANGE,NORMAL,CALM,RANGE,RANGE,NORMAL,CALM,CONFIRMED,RANGE,RANGE,NORMAL,CALM,RANGE,RANGE,NORMAL,CALM,RANGE
2020-02-01,UP,SQUEEZE,UP,RANGE,SQUEEZE,CALM,SQUEEZE,RANGE,SQUEEZE,CALM,UNCONFIRMED,SQUEEZE,RANGE,SQUEEZE,CALM,SQUEEZE,RANGE,SQUEEZE,CALM,SQUEEZE
2020-02-02,UP,SQUEEZE,UP,RANGE,SQUEEZE,CALM,SQUEEZE,RANGE,SQUEEZE,CALM,CONFIRMED,SQUEEZE,RANGE,SQUEEZE,CALM,SQUEEZE,RANGE,NORMAL,CALM,RANGE
2020-02-03,UP,NORMAL,UP,RANGE,NORMAL,CALM,RANGE,RANGE,NORMAL,CALM,CONFIRMED,RANGE,RANGE,NORMAL,CALM,RANGE,RANGE,NORMAL,CALM,RANGE
2020-02-04,UP,NORMAL,UP,RANGE,NORMAL,CALM,RANGE,RANGE,NORMAL,CALM,CONFIRMED,RANGE,RANGE,NORMAL,CALM,RANGE,RANGE,NORMAL,CALM,RANGE
2020-02-05,UP,NORMAL,UP,RANGE,NORMAL,CALM,RANGE,RANGE,NORMAL,CALM,CONFIRMED,RANGE,RANGE,NORMAL,CALM,RANGE,RANGE,SQUEEZE,CALM,SQUEEZE
2020-02-06,UP,NORMAL,UP,RANGE,NORMAL,CALM,RANGE,RANGE,NORMAL,CALM,CONFIRMED,RANGE,RANGE,NORMAL,CALM,RANGE,RANGE,NORMAL,CALM,RANGE
2020-02-07,UP,EXPANSION,EXPANSION,RANGE,EXPANSION,CALM,EXPANSION,RANGE,EXPANSION,CALM,CONFIRMED,EXPANSION,RANGE,EXPANSION,CALM,EXPANSION,RANGE,NORMAL,CALM,RANGE
2020-02-08,UP,EXPANSION,EXPANSION,RANGE,EXPANSION,CALM,EXPANSION,RANGE,EXPANSION,CALM,CONFIRMED,EXPANSION,RANGE,EXPANSION,CALM,EXPANSION,RANGE,NORMAL,CALM,RANGE
2020-02-09,UP,EXPANSION,EXPANSION,RANGE,EXPANSION,CALM,EXPANSION,RANGE,EXPANSION,CALM,CONFIRMED,EXPANSION,RANGE,EXPANSION,CALM,EXPANSION,RANGE,NORMAL,CALM,RANGE
2020-02-10,UP,EXPANSION,EXPANSION,RANGE,EXPANSION,CALM,EXPANSION,RANGE,EXPANSION,CALM,CONFIRMED,EXPANSION,RANGE,EXPANSION,CALM,EXPANSION,RANGE,NORMAL,CALM,RANGE
2020-02-11,UP,EXPANSION,EXPANSION,RANGE,EXPANSION,CALM,EXPANSION,RANGE,EXPANSION,CALM,CONFIRMED,EXPANSION,RANGE,EXPANSION,CALM,EXPANSION,RANGE,NORMAL,CALM,RANGE
2020-02-12,UP,EXPANSION,EXPANSION,RANGE,EXPANSION,CALM,EXPANSION,RANGE,EXPANSION,CALM,CONFIRMED,EXPANSION,RANGE,EXPANSION,CALM,EXPANSION,RANGE,NORMAL,CALM,RANGE
2020-02-13,UP,EXPANSION,EXPANSION,RANGE,EXPANSION,CALM,EXPANSION,RANGE,EXPANSION,CALM,CONFIRMED,EXPANSION,RANGE,EXPANSION,CALM,EXPANSION,RANGE,NORMAL,CALM,RANGE
2020-02-14,UP,EXPANSION,EXPANSION,RANGE,EXPANSION,CALM,EXPANSION,RANGE,EXPANSION,CALM,CONFIRMED,EXPANSION,RANGE,EXPANSION,CALM,EXPANSION,RANGE,NORMAL,CALM,RANGE
2020-02-15,UP,EXPANSION,EXPANSION,RANGE,EXPANSION,STRESS_UP,STRESS_UP,RANGE,EXPANSION,STRESS_UP,CONFIRMED,STRESS_UP,RANGE,EXPANSION,STRESS_UP,STRESS_UP,RANGE,NORMAL,STRESS_UP,STRESS_UP
2020-02-16,UP,EXPANSION,EXPANSION,UP,EXPANSION,STRESS_UP,STRESS_UP,UP,EXPANSION,STRESS_UP,CONFIRMED,STRESS_UP,UP,EXPANSION,STRESS_UP,STRESS_UP,UP,EXPANSION,STRESS_UP,STRESS_UP
2020-02-17,UP,EXPANSION,EXPANSION,UP,EXPANSION,STRESS_UP,STRESS_UP,UP,EXPANSION,STRESS_UP,CONFIRMED,STRESS_UP,UP,EXPANSION,STRESS_UP,STRESS_UP,UP,EXPANSION,STRESS_UP,STRESS_UP
2020-02-18,UP,EXPANSION,EXPANSION,UP,EXPANSION,STRESS_UP,STRESS_UP,UP,EXPANSION,STRESS_UP,CONFIRMED,STRESS_UP,UP,EXPANSION,STRESS_UP,STRESS_UP,UP,EXPANSION,STRESS_UP,STRESS_UP
2020-02-19,UP,EXPANSION,EXPANSION,UP,EXPANSION,STRESS_UP,STRESS_UP,UP,EXPANSION,STRESS_UP,CONFIRMED,STRESS_UP,UP,EXPANSION,STRESS_UP,STRESS_UP,UP,EXPANSION,STRESS_UP,STRESS_UP
2020-02-20,UP,EXPANSION,EXPANSION,UP,EXPANSION,STRESS_UP,STRESS_UP,UP,EXPANSION,STRESS_UP,CONFIRMED,STRESS_UP,UP,EXPANSION,STRESS_UP,STRESS_UP,UP,EXPANSION,STRESS_UP,STRESS_UP
2020-02-21,UP,NORMAL,UP,UP,NORMAL,STRESS_UP,STRESS_UP,UP,NORMAL,STRESS_UP,CONFIRMED,STRESS_UP,UP,NORMAL,STRESS_UP,STRESS_UP,UP,EXPANSION,STRESS_UP,STRESS_UP
2020-02-22,UP,NORMAL,UP,UP,NORMAL,STRESS_UP,STRESS_UP,UP,NORMAL,STRESS_UP,CONFIRMED,STRESS_UP,UP,NORMAL,STRESS_UP,STRESS_UP,UP,EXPANSION,STRESS_UP,STRESS_UP
2020-02-23,UP,NORMAL,UP,UP,NORMAL,STRESS_UP,STRESS_UP,UP,NORMAL,STRESS_UP,CONFIRMED,STRESS_UP,UP,NORMAL,STRESS_UP,STRESS_UP,UP,EXPANSION,STRESS_UP,STRESS_UP
2020-02-24,UP,NORMAL,UP,UP,NORMAL,STRESS_UP,STRESS_UP,UP,NORMAL,STRESS_UP,CONFIRMED,STRESS_UP,UP,NORMAL,STRESS_UP,STRESS_UP,UP,EXPANSION,STRESS_UP,STRESS_UP
2020-02-25,UP,NORMAL,UP,UP,NORMAL,CALM,UP,UP,NORMAL,CALM,CONFIRMED,UP,UP,NORMAL,CALM,UP,UP,EXPANSION,STRESS_DOWN,STRESS_DOWN
2020-02-26,DOWN,EXPANSION,EXPANSION,RANGE,EXPANSION,STRESS_DOWN,STRESS_DOWN,RANGE,EXPANSION,STRESS_DOWN,CONFIRMED,STRESS_DOWN,RANGE,EXPANSION,STRESS_DOWN,STRESS_DOWN,RANGE,EXPANSION,STRESS_DOWN,STRESS_DOWN
2020-02-27,UP,EXPANSION,EXPANSION,UP,EXPANSION,CALM,EXPANSION,UP,EXPANSION,CALM,CONFIRMED,EXPANSION,UP,EXPANSION,CALM,EXPANSION,UP,EXPANSION,STRESS_DOWN,STRESS_DOWN
2020-02-28,UP,EXPANSION,EXPANSION,RANGE,EXPANSION,CALM,EXPANSION,RANGE,EXPANSION,CALM,CONFIRMED,EXPANSION,RANGE,EXPANSION,CALM,EXPANSION,RANGE,EXPANSION,STRESS_DOWN,STRESS_DOWN
2020-02-29,DOWN,EXPANSION,EXPANSION,DOWN,EXPANSION,STRESS_DOWN,STRESS_DOWN,DOWN,EXPANSION,STRESS_DOWN,CONFIRMED,STRESS_DOWN,DOWN,EXPANSION,STRESS_DOWN,STRESS_DOWN,DOWN,EXPANSION,STRESS_DOWN,STRESS_DOWN
2020-03-01,DOWN,EXPANSION,EXPANSION,DOWN,EXPANSION,STRESS_DOWN,STRESS_DOWN,DOWN,EXPANSION,STRESS_DOWN,CONFIRMED,STRESS_DOWN,DOWN,EXPANSION,STRESS_DOWN,STRESS_DOWN,DOWN,EXPANSION,STRESS_DOWN,STRESS_DOWN
2020-03-02,UP,EXPANSION,EXPANSION,RANGE,EXPANSION,CALM,EXPANSION,RANGE,EXPANSION,CALM,CONFIRMED,EXPANSION,RANGE,EXPANSION,CALM,EXPANSION,RANGE,EXPANSION,STRESS_DOWN,STRESS_DOWN
2020-03-03,UP,EXPANSION,EXPANSION,RANGE,EXPANSION,STRESS_DOWN,STRESS_DOWN,RANGE,EXPANSION,STRESS_DOWN,CONFIRMED,STRESS_DOWN,RANGE,EXPANSION,STRESS_DOWN,STRESS_DOWN,RANGE,EXPANSION,STRESS_DOWN,STRESS_DOWN
2020-03-04,UP,EXPANSION,EXPANSION,RANGE,EXPANSION,STRESS_DOWN,STRESS_DOWN,RANGE,EXPANSION,STRESS_DOWN,CONFIRMED,STRESS_DOWN,RANGE,EXPANSION,STRESS_DOWN,STRESS_DOWN,RANGE,EXPANSION,STRESS_DOWN,STRESS_DOWN
2020-03-05,UP,EXPANSION,EXPANSION,RANGE,EXPANSION,CALM,EXPANSION,RANGE,EXPANSION,CALM,CONFIRMED,EXPANSION,RANGE,EXPANSION,CALM,EXPANSION,RANGE,EXPANSION,STRESS_DOWN,STRESS_DOWN
2020-03-06,UP,EXPANSION,EXPANSION,UP,EXPANSION,CALM,EXPANSION,UP,EXPANSION,CALM,CONFIRMED,EXPANSION,RANGE,EXPANSION,CALM,EXPANSION,UP,NORMAL,STRESS_DOWN,STRESS_DOWN
2020-03-07,UP,EXPANSION,EXPANSION,UP,EXPANSION,CALM,EXPANSION,UP,EXPANSION,CALM,CONFIRMED,EXPANSION,RANGE,EXPANSION,CALM,EXPANSION,UP,NORMAL,STRESS_DOWN,STRESS_DOWN
2020-03-08,DOWN,EXPANSION,EXPANSION,RANGE,EXPANSION,STRESS_DOWN,STRESS_DOWN,RANGE,EXPANSION,STRESS_DOWN,CONFIRMED,STRESS_DOWN,RANGE,EXPANSION,STRESS_DOWN,STRESS_DOWN,RANGE,EXPANSION,STRESS_DOWN,STRESS_DOWN
2020-03-09,DOWN,EXPANSION,EXPANSION,RANGE,EXPANSION,STRESS_DOWN,STRESS_DOWN,RANGE,EXPANSION,STRESS_DOWN,CONFIRMED,STRESS_DOWN,RANGE,EXPANSION,STRESS_DOWN,STRESS_DOWN,RANGE,EXPANSION,STRESS_DOWN,STRESS_DOWN
2020-03-10,DOWN,EXPANSION,EXPANSION,RANGE,EXPANSION,STRESS_DOWN,STRESS_DOWN,RANGE,EXPANSION,STRESS_DOWN,CONFIRMED,STRESS_DOWN,RANGE,EXPANSION,STRESS_DOWN,STRESS_DOWN,RANGE,EXPANSION,STRESS_DOWN,STRESS_DOWN
2020-03-11,DOWN,EXPANSION,EXPANSION,RANGE,EXPANSION,STRESS_DOWN,STRESS_DOWN,RANGE,EXPANSION,STRESS_DOWN,CONFIRMED,STRESS_DOWN,RANGE,EXPANSION,STRESS_DOWN,STRESS_DOWN,RANGE,EXPANSION,STRESS_DOWN,STRESS_DOWN
2020-03-12,DOWN,EXPANSION,EXPANSION,DOWN,EXPANSION,STRESS_DOWN,STRESS_DOWN,DOWN,EXPANSION,STRESS_DOWN,CONFIRMED,STRESS_DOWN,DOWN,EXPANSION,STRESS_DOWN,STRESS_DOWN,DOWN,EXPANSION,STRESS_DOWN,STRESS_DOWN
2020-03-13,DOWN,EXPANSION,EXPANSION,DOWN,EXPANSION,STRESS_DOWN,STRESS_DOWN,DOWN,EXPANSION,STRESS_DOWN,CONFIRMED,STRESS_DOWN,DOWN,EXPANSION,STRESS_DOWN,STRESS_DOWN,DOWN,EXPANSION,STRESS_DOWN,STRESS_DOWN
2020-03-14,DOWN,EXPANSION,EXPANSION,DOWN,EXPANSION,STRESS_DOWN,STRESS_DOWN,DOWN,EXPANSION,STRESS_DOWN,CONFIRMED,STRESS_DOWN,DOWN,EXPANSION,STRESS_DOWN,STRESS_DOWN,DOWN,EXPANSION,STRESS_DOWN,STRESS_DOWN
2020-03-15,DOWN,EXPANSION,EXPANSION,DOWN,EXPANSION,STRESS_DOWN,STRESS_DOWN,DOWN,EXPANSION,STRESS_DOWN,CONFIRMED,STRESS_DOWN,DOWN,EXPANSION,STRESS_DOWN,STRESS_DOWN,DOWN,EXPANSION,STRESS_DOWN,STRESS_DOWN
2020-03-16,DOWN,EXPANSION,EXPANSION,DOWN,EXPANSION,STRESS_DOWN,STRESS_DOWN,DOWN,EXPANSION,STRESS_DOWN,CONFIRMED,STRESS_DOWN,DOWN,EXPANSION,STRESS_DOWN,STRESS_DOWN,DOWN,EXPANSION,STRESS_DOWN,STRESS_DOWN
2020-03-17,DOWN,EXPANSION,EXPANSION,DOWN,EXPANSION,STRESS_DOWN,STRESS_DOWN,DOWN,EXPANSION,STRESS_DOWN,CONFIRMED,STRESS_DOWN,DOWN,EXPANSION,STRESS_DOWN,STRESS_DOWN,DOWN,EXPANSION,STRESS_DOWN,STRESS_DOWN
2020-03-18,DOWN,EXPANSION,EXPANSION,DOWN,EXPANSION,STRESS_DOWN,STRESS_DOWN,DOWN,EXPANSION,STRESS_DOWN,CONFIRMED,STRESS_DOWN,DOWN,EXPANSION,STRESS_DOWN,STRESS_DOWN,DOWN,EXPANSION,STRESS_DOWN,STRESS_DOWN
2020-03-19,DOWN,EXPANSION,EXPANSION,DOWN,EXPANSION,STRESS_DOWN,STRESS_DOWN,DOWN,EXPANSION,STRESS_DOWN,CONFIRMED,STRESS_DOWN,DOWN,EXPANSION,STRESS_DOWN,STRESS_DOWN,DOWN,EXPANSION,STRESS_DOWN,STRESS_DOWN
2020-03-20,DOWN,EXPANSION,EXPANSION,DOWN,EXPANSION,STRESS_DOWN,STRESS_DOWN,DOWN,EXPANSION,STRESS_DOWN,CONFIRMED,STRESS_DOWN,DOWN,EXPANSION,STRESS_DOWN,STRESS_DOWN,DOWN,EXPANSION,STRESS_DOWN,STRESS_DOWN
2020-03-21,DOWN,EXPANSION,EXPANSION,DOWN,EXPANSION,STRESS_DOWN,STRESS_DOWN,DOWN,EXPANSION,STRESS_DOWN,CONFIRMED,STRESS_DOWN,DOWN,EXPANSION,STRESS_DOWN,STRESS_DOWN,DOWN,EXPANSION,STRESS_DOWN,STRESS_DOWN
2020-03-22,DOWN,EXPANSION,EXPANSION,DOWN,EXPANSION,STRESS_DOWN,STRESS_DOWN,DOWN,EXPANSION,STRESS_DOWN,CONFIRMED,STRESS_DOWN,DOWN,EXPANSION,STRESS_DOWN,STRESS_DOWN,DOWN,EXPANSION,STRESS_DOWN,STRESS_DOWN
2020-03-23,DOWN,EXPANSION,EXPANSION,DOWN,EXPANSION,STRESS_DOWN,STRESS_DOWN,DOWN,EXPANSION,STRESS_DOWN,CONFIRMED,STRESS_DOWN,DOWN,EXPANSION,STRESS_DOWN,STRESS_DOWN,DOWN,EXPANSION,STRESS_DOWN,STRESS_DOWN
2020-03-24,DOWN,EXPANSION,EXPANSION,DOWN,EXPANSION,STRESS_DOWN,STRESS_DOWN,DOWN,EXPANSION,STRESS_DOWN,CONFIRMED,STRESS_DOWN,DOWN,EXPANSION,STRESS_DOWN,STRESS_DOWN,DOWN,EXPANSION,STRESS_DOWN,STRESS_DOWN
2020-03-25,DOWN,EXPANSION,EXPANSION,DOWN,EXPANSION,STRESS_DOWN,STRESS_DOWN,DOWN,EXPANSION,STRESS_DOWN,CONFIRMED,STRESS_DOWN,DOWN,EXPANSION,STRESS_DOWN,STRESS_DOWN,DOWN,EXPANSION,STRESS_DOWN,STRESS_DOWN
2020-03-26,DOWN,EXPANSION,EXPANSION,DOWN,EXPANSION,STRESS_DOWN,STRESS_DOWN,DOWN,EXPANSION,STRESS_DOWN,CONFIRMED,STRESS_DOWN,DOWN,EXPANSION,STRESS_DOWN,STRESS_DOWN,DOWN,EXPANSION,STRESS_DOWN,STRESS_DOWN
2020-03-27,DOWN,EXPANSION,EXPANSION,DOWN,EXPANSION,STRESS_DOWN,STRESS_DOWN,DOWN,EXPANSION,STRESS_DOWN,CONFIRMED,STRESS_DOWN,DOWN,EXPANSION,STRESS_DOWN,STRESS_DOWN,DOWN,EXPANSION,STRESS_DOWN,STRESS_DOWN
2020-03-28,DOWN,EXPANSION,EXPANSION,DOWN,EXPANSION,STRESS_DOWN,STRESS_DOWN,DOWN,EXPANSION,STRESS_DOWN,CONFIRMED,STRESS_DOWN,DOWN,EXPANSION,STRESS_DOWN,STRESS_DOWN,DOWN,EXPANSION,STRESS_DOWN,STRESS_DOWN
2020-03-29,DOWN,EXPANSION,EXPANSION,DOWN,EXPANSION,STRESS_DOWN,STRESS_DOWN,DOWN,EXPANSION,STRESS_DOWN,CONFIRMED,STRESS_DOWN,DOWN,EXPANSION,STRESS_DOWN,STRESS_DOWN,DOWN,EXPANSION,STRESS_DOWN,STRESS_DOWN
2020-03-30,DOWN,EXPANSION,EXPANSION,DOWN,EXPANSION,STRESS_DOWN,STRESS_DOWN,DOWN,EXPANSION,STRESS_DOWN,CONFIRMED,STRESS_DOWN,DOWN,EXPANSION,STRESS_DOWN,STRESS_DOWN,DOWN,EXPANSION,STRESS_DOWN,STRESS_DOWN
2020-03-31,DOWN,NORMAL,DOWN,DOWN,NORMAL,STRESS_DOWN,STRESS_DOWN,DOWN,NORMAL,STRESS_DOWN,CONFIRMED,STRESS_DOWN,DOWN,NORMAL,STRESS_DOWN,STRESS_DOWN,DOWN,EXPANSION,STRESS_DOWN,STRESS_DOWN
2020-04-01,DOWN,NORMAL,DOWN,DOWN,NORMAL,STRESS_DOWN,STRESS_DOWN,DOWN,NORMAL,STRESS_DOWN,CONFIRMED,STRESS_DOWN,DOWN,NORMAL,STRESS_DOWN,STRESS_DOWN,DOWN,EXPANSION,STRESS_DOWN,STRESS_DOWN
2020-04-02,DOWN,NORMAL,DOWN,DOWN,NORMAL,STRESS_DOWN,STRESS_DOWN,DOWN,NORMAL,STRESS_DOWN,CONFIRMED,STRESS_DOWN,DOWN,NORMAL,STRESS_DOWN,STRESS_DOWN,DOWN,EXPANSION,STRESS_DOWN,STRESS_DOWN
2020-04-03,DOWN,NORMAL,DOWN,DOWN,NORMAL,STRESS_DOWN,STRESS_DOWN,DOWN,NORMAL,STRESS_DOWN,CONFIRMED,STRESS_DOWN,DOWN,NORMAL,STRESS_DOWN,STRESS_DOWN,DOWN,EXPANSION,STRESS_DOWN,STRESS_DOWN
2020-04-04,DOWN,NORMAL,DOWN,DOWN,NORMAL,STRESS_DOWN,STRESS_DOWN,DOWN,NORMAL,STRESS_DOWN,CONFIRMED,STRESS_DOWN,DOWN,NORMAL,STRESS_DOWN,STRESS_DOWN,DOWN,EXPANSION,STRESS_DOWN,STRESS_DOWN
2020-04-05,DOWN,NORMAL,DOWN,DOWN,NORMAL,STRESS_DOWN,STRESS_DOWN,DOWN,NORMAL,STRESS_DOWN,UNCONFIRMED,STRESS_DOWN,DOWN,NORMAL,STRESS_DOWN,STRESS_DOWN,DOWN,EXPANSION,STRESS_DOWN,STRESS_DOWN
2020-04-06,DOWN,NORMAL,DOWN,DOWN,NORMAL,STRESS_DOWN,STRESS_DOWN,DOWN,NORMAL,STRESS_DOWN,CONFIRMED,STRESS_DOWN,DOWN,NORMAL,STRESS_DOWN,STRESS_DOWN,DOWN,NORMAL,STRESS_DOWN,STRESS_DOWN
2020-04-07,DOWN,NORMAL,DOWN,DOWN,NORMAL,STRESS_DOWN,STRESS_DOWN,DOWN,NORMAL,STRESS_DOWN,CONFIRMED,STRESS_DOWN,DOWN,NORMAL,STRESS_DOWN,STRESS_DOWN,DOWN,EXPANSION,STRESS_DOWN,STRESS_DOWN
2020-04-08,DOWN,NORMAL,DOWN,DOWN,NORMAL,STRESS_DOWN,STRESS_DOWN,DOWN,NORMAL,STRESS_DOWN,CONFIRMED,STRESS_DOWN,RANGE,NORMAL,STRESS_DOWN,STRESS_DOWN,DOWN,NORMAL,STRESS_DOWN,STRESS_DOWN
2020-04-09,DOWN,NORMAL,DOWN,DOWN,NORMAL,STRESS_DOWN,STRESS_DOWN,DOWN,NORMAL,STRESS_DOWN,CONFIRMED,STRESS_DOWN,RANGE,NORMAL,STRESS_DOWN,STRESS_DOWN,DOWN,NORMAL,STRESS_DOWN,STRESS_DOWN
2020-04-10,DOWN,NORMAL,DOWN,DOWN,NORMAL,STRESS_DOWN,STRESS_DOWN,DOWN,NORMAL,STRESS_DOWN,CONFIRMED,STRESS_DOWN,RANGE,NORMAL,STRESS_DOWN,STRESS_DOWN,DOWN,NORMAL,STRESS_DOWN,STRESS_DOWN
2020-04-11,DOWN,NORMAL,DOWN,DOWN,NORMAL,STRESS_DOWN,STRESS_DOWN,DOWN,NORMAL,STRESS_DOWN,UNCONFIRMED,STRESS_DOWN,RANGE,NORMAL,STRESS_DOWN,STRESS_DOWN,DOWN,NORMAL,STRESS_DOWN,STRESS_DOWN
2020-04-12,DOWN,NORMAL,DOWN,DOWN,NORMAL,STRESS_DOWN,STRESS_DOWN,DOWN,NORMAL,STRESS_DOWN,CONFIRMED,STRESS_DOWN,RANGE,NORMAL,STRESS_DOWN,STRESS_DOWN,DOWN,NORMAL,STRESS_DOWN,STRESS_DOWN
2020-04-13,RANGE,NORMAL,RANGE,RANGE,NORMAL,STRESS_DOWN,STRESS_DOWN,RANGE,NORMAL,STRESS_DOWN,CONFIRMED,STRESS_DOWN,RANGE,NORMAL,STRESS_DOWN,STRESS_DOWN,DOWN,NORMAL,STRESS_DOWN,STRESS_DOWN
2020-04-14,RANGE,NORMAL,RANGE,RANGE,NORMAL,STRESS_DOWN,STRESS_DOWN,RANGE,NORMAL,STRESS_DOWN,UNCONFIRMED,STRESS_DOWN,RANGE,NORMAL,STRESS_DOWN,STRESS_DOWN,DOWN,NORMAL,STRESS_DOWN,STRESS_DOWN
2020-04-15,RANGE,NORMAL,RANGE,RANGE,NORMAL,STRESS_DOWN,STRESS_DOWN,RANGE,NORMAL,STRESS_DOWN,CONFIRMED,STRESS_DOWN,RANGE,NORMAL,STRESS_DOWN,STRESS_DOWN,DOWN,NORMAL,STRESS_DOWN,STRESS_DOWN
2020-04-16,RANGE,NORMAL,RANGE,RANGE,NORMAL,STRESS_DOWN,STRESS_DOWN,RANGE,NORMAL,STRESS_DOWN,CONFIRMED,STRESS_DOWN,RANGE,NORMAL,STRESS_DOWN,STRESS_DOWN,DOWN,NORMAL,STRESS_DOWN,STRESS_DOWN
2020-04-17,RANGE,NORMAL,RANGE,RANGE,NORMAL,STRESS_DOWN,STRESS_DOWN,RANGE,NORMAL,STRESS_DOWN,UNCONFIRMED,STRESS_DOWN,RANGE,NORMAL,STRESS_DOWN,STRESS_DOWN,DOWN,NORMAL,STRESS_DOWN,STRESS_DOWN
2020-04-18,RANGE,NORMAL,RANGE,RANGE,NORMAL,CALM,RANGE,RANGE,NORMAL,CALM,CONFIRMED,RANGE,RANGE,NORMAL,CALM,RANGE,DOWN,NORMAL,CALM,DOWN
2020-04-19,RANGE,NORMAL,RANGE,RANGE,NORMAL,CALM,RANGE,RANGE,NORMAL,CALM,UNCONFIRMED,RANGE,RANGE,NORMAL,CALM,RANGE,DOWN,NORMAL,CALM,DOWN
2020-04-20,RANGE,NORMAL,RANGE,RANGE,NORMAL,STRESS_DOWN,STRESS_DOWN,RANGE,NORMAL,STRESS_DOWN,CONFIRMED,STRESS_DOWN,RANGE,NORMAL,STRESS_DOWN,STRESS_DOWN,DOWN,NORMAL,STRESS_DOWN,STRESS_DOWN
2020-04-21,RANGE,SQUEEZE,SQUEEZE,RANGE,SQUEEZE,CALM,SQUEEZE,RANGE,SQUEEZE,CALM,CONFIRMED,SQUEEZE,RANGE,SQUEEZE,CALM,SQUEEZE,DOWN,NORMAL,CALM,DOWN
2020-04-22,RANGE,SQUEEZE,SQUEEZE,RANGE,SQUEEZE,CALM,SQUEEZE,RANGE,SQUEEZE,CALM,UNCONFIRMED,SQUEEZE,RANGE,SQUEEZE,CALM,SQUEEZE,DOWN,NORMAL,CALM,DOWN
2020-04-23,RANGE,SQUEEZE,SQUEEZE,RANGE,SQUEEZE,CALM,SQUEEZE,RANGE,SQUEEZE,CALM,CONFIRMED,SQUEEZE,RANGE,SQUEEZE,CALM,SQUEEZE,RANGE,NORMAL,CALM,RANGE
2020-04-24,RANGE,SQUEEZE,SQUEEZE,RANGE,SQUEEZE,CALM,SQUEEZE,RANGE,SQUEEZE,CALM,CONFIRMED,SQUEEZE,RANGE,SQUEEZE,CALM,SQUEEZE,RANGE,NORMAL,CALM,RANGE
2020-04-25,RANGE,SQUEEZE,SQUEEZE,RANGE,SQUEEZE,CALM,SQUEEZE,RANGE,SQUEEZE,CALM,UNCONFIRMED,SQUEEZE,RANGE,SQUEEZE,CALM,SQUEEZE,RANGE,NORMAL,CALM,RANGE
2020-04-26,RANGE,SQUEEZE,SQUEEZE,RANGE,SQUEEZE,CALM,SQUEEZE,RANGE,SQUEEZE,CALM,UNCONFIRMED,SQUEEZE,RANGE,SQUEEZE,CALM,SQUEEZE,RANGE,NORMAL,CALM,RANGE
2020-04-27,RANGE,SQUEEZE,SQUEEZE,RANGE,SQUEEZE,CALM,SQUEEZE,RANGE,SQUEEZE,CALM,UNCONFIRMED,SQUEEZE,RANGE,SQUEEZE,CALM,SQUEEZE,RANGE,NORMAL,CALM,RANGE
2020-04-28,RANGE,NORMAL,RANGE,RANGE,NORMAL,CALM,RANGE,RANGE,NORMAL,CALM,CONFIRMED,RANGE,RANGE,NORMAL,CALM,RANGE,RANGE,NORMAL,CALM,RANGE
2020-04-29,RANGE,NORMAL,RANGE,RANGE,NORMAL,CALM,RANGE,RANGE,NORMAL,CALM,CONFIRMED,RANGE,RANGE,NORMAL,CALM,RANGE,RANGE,NORMAL,CALM,RANGE
2020-04-30,RANGE,NORMAL,RANGE,RANGE,NORMAL,CALM,RANGE,RANGE,NORMAL,CALM,CONFIRMED,RANGE,RANGE,NORMAL,CALM,RANGE,DOWN,NORMAL,CALM,DOWN
2020-05-01,UP,NORMAL,UP,RANGE,NORMAL,CALM,RANGE,RANGE,NORMAL,CALM,CONFIRMED,RANGE,RANGE,NORMAL,CALM,RANGE,RANGE,NORMAL,CALM,RANGE
2020-05-02,UP,NORMAL,UP,RANGE,NORMAL,CALM,RANGE,RANGE,NORMAL,CALM,CONFIRMED,RANGE,RANGE,NORMAL,CALM,RANGE,RANGE,NORMAL,CALM,RANGE
2020-05-03,UP,NORMAL,UP,RANGE,NORMAL,CALM,RANGE,RANGE,NORMAL,CALM,UNCONFIRMED,RANGE,RANGE,NORMAL,CALM,RANGE,RANGE,NORMAL,CALM,RANGE
2020-05-04,UP,NORMAL,UP,RANGE,NORMAL,CALM,RANGE,RANGE,NORMAL,CALM,CONFIRMED,RANGE,RANGE,NORMAL,CALM,RANGE,RANGE,NORMAL,CALM,RANGE
2020-05-05,UP,NORMAL,UP,RANGE,NORMAL,CALM,RANGE,RANGE,NORMAL,CALM,UNCONFIRMED,RANGE,RANGE,NORMAL,CALM,RANGE,RANGE,NORMAL,CALM,RANGE
2020-05-06,DOWN,NORMAL,DOWN,DOWN,NORMAL,CALM,DOWN,DOWN,NORMAL,CALM,CONFIRMED,DOWN,DOWN,NORMAL,CALM,DOWN,DOWN,NORMAL,CALM,DOWN
2020-05-07,UP,NORMAL,UP,RANGE,NORMAL,CALM,RANGE,RANGE,NORMAL,CALM,CONFIRMED,RANGE,RANGE,NORMAL,CALM,RANGE,RANGE,NORMAL,CALM,RANGE
2020-05-08,UP,NORMAL,UP,RANGE,NORMAL,CALM,RANGE,RANGE,NORMAL,CALM,CONFIRMED,RANGE,RANGE,NORMAL,CALM,RANGE,RANGE,NORMAL,CALM,RANGE
2020-05-09,UP,NORMAL,UP,RANGE,NORMAL,CALM,RANGE,RANGE,NORMAL,CALM,CONFIRMED,RANGE,RANGE,NORMAL,CALM,RANGE,RANGE,NORMAL,CALM,RANGE
2020-05-10,DOWN,NORMAL,DOWN,DOWN,NORMAL,STRESS_DOWN,STRESS_DOWN,DOWN,NORMAL,STRESS_DOWN,CONFIRMED,STRESS_DOWN,DOWN,NORMAL,STRESS_DOWN,STRESS_DOWN,DOWN,NORMAL,STRESS_DOWN,STRESS_DOWN
2020-05-11,DOWN,NORMAL,DOWN,DOWN,NORMAL,STRESS_DOWN,STRESS_DOWN,DOWN,NORMAL,STRESS_DOWN,CONFIRMED,STRESS_DOWN,DOWN,NORMAL,STRESS_DOWN,STRESS_DOWN,DOWN,NORMAL,STRESS_DOWN,STRESS_DOWN
2020-05-12,DOWN,NORMAL,DOWN,DOWN,NORMAL,STRESS_DOWN,STRESS_DOWN,DOWN,NORMAL,STRESS_DOWN,CONFIRMED,STRESS_DOWN,DOWN,NORMAL,STRESS_DOWN,STRESS_DOWN,DOWN,NORMAL,STRESS_DOWN,STRESS_DOWN
2020-05-13,DOWN,NORMAL,DOWN,DOWN,NORMAL,CALM,DOWN,DOWN,NORMAL,CALM,UNCONFIRMED,DOWN,DOWN,NORMAL,CALM,DOWN,DOWN,NORMAL,CALM,DOWN
2020-05-14,DOWN,NORMAL,DOWN,DOWN,NORMAL,CALM,DOWN,DOWN,NORMAL,CALM,CONFIRMED,DOWN,RANGE,NORMAL,CALM,RANGE,DOWN,NORMAL,CALM,DOWN
2020-05-15,DOWN,NORMAL,DOWN,DOWN,NORMAL,CALM,DOWN,DOWN,NORMAL,CALM,CONFIRMED,DOWN,RANGE,NORMAL,CALM,RANGE,DOWN,NORMAL,CALM,DOWN
2020-05-16,DOWN,NORMAL,DOWN,DOWN,NORMAL,CALM,DOWN,DOWN,NORMAL,CALM,UNCONFIRMED,DOWN,RANGE,NORMAL,CALM,RANGE,DOWN,NORMAL,CALM,DOWN
2020-05-17,DOWN,NORMAL,DOWN,DOWN,NORMAL,CALM,DOWN,DOWN,NORMAL,CALM,UNCONFIRMED,DOWN,RANGE,NORMAL,CALM,RANGE,DOWN,NORMAL,CALM,DOWN
2020-05-18,DOWN,NORMAL,DOWN,DOWN,NORMAL,CALM,DOWN,DOWN,NORMAL,CALM,CONFIRMED,DOWN,RANGE,NORMAL,CALM,RANGE,DOWN,NORMAL,CALM,DOWN
2020-05-19,DOWN,NORMAL,DOWN,DOWN,NORMAL,CALM,DOWN,DOWN,NORMAL,CALM,UNCONFIRMED,DOWN,RANGE,NORMAL,CALM,RANGE,DOWN,NORMAL,CALM,DOWN
2020-05-20,DOWN,NORMAL,DOWN,DOWN,NORMAL,CALM,DOWN,DOWN,NORMAL,CALM,UNCONFIRMED,DOWN,RANGE,NORMAL,CALM,RANGE,DOWN,NORMAL,CALM,DOWN
2020-05-21,DOWN,NORMAL,DOWN,DOWN,NORMAL,CALM,DOWN,DOWN,NORMAL,CALM,CONFIRMED,DOWN,RANGE,NORMAL,CALM,RANGE,DOWN,NORMAL,CALM,DOWN
2020-05-22,DOWN,NORMAL,DOWN,DOWN,NORMAL,CALM,DOWN,DOWN,NORMAL,CALM,CONFIRMED,DOWN,RANGE,NORMAL,CALM,RANGE,DOWN,NORMAL,CALM,DOWN
2020-05-23,DOWN,SQUEEZE,DOWN,DOWN,SQUEEZE,CALM,DOWN,DOWN,SQUEEZE,CALM,UNCONFIRMED,DOWN,RANGE,SQUEEZE,CALM,SQUEEZE,DOWN,NORMAL,CALM,DOWN
2020-05-24,DOWN,SQUEEZE,DOWN,DOWN,SQUEEZE,CALM,DOWN,DOWN,SQUEEZE,CALM,UNCONFIRMED,DOWN,RANGE,SQUEEZE,CALM,SQUEEZE,DOWN,NORMAL,CALM,DOWN
2020-05-25,DOWN,SQUEEZE,DOWN,DOWN,SQUEEZE,CALM,DOWN,DOWN,SQUEEZE,CALM,UNCONFIRMED,DOWN,RANGE,SQUEEZE,CALM,SQUEEZE,DOWN,NORMAL,CALM,DOWN
2020-05-26,DOWN,SQUEEZE,DOWN,DOWN,SQUEEZE,CALM,DOWN,DOWN,SQUEEZE,CALM,UNCONFIRMED,DOWN,RANGE,SQUEEZE,CALM,SQUEEZE,DOWN,SQUEEZE,CALM,DOWN
2020-05-27,DOWN,SQUEEZE,DOWN,DOWN,SQUEEZE,CALM,DOWN,DOWN,SQUEEZE,CALM,UNCONFIRMED,DOWN,RANGE,SQUEEZE,CALM,SQUEEZE,DOWN,SQUEEZE,CALM,DOWN
2020-05-28,UP,SQUEEZE,UP,RANGE,SQUEEZE,CALM,SQUEEZE,RANGE,SQUEEZE,CALM,UNCONFIRMED,SQUEEZE,RANGE,SQUEEZE,CALM,SQUEEZE,RANGE,SQUEEZE,CALM,SQUEEZE
2020-05-29,DOWN,SQUEEZE,DOWN,DOWN,SQUEEZE,CALM,DOWN,DOWN,SQUEEZE,CALM,UNCONFIRMED,DOWN,RANGE,SQUEEZE,CALM,SQUEEZE,DOWN,SQUEEZE,CALM,DOWN
2020-05-30,UP,SQUEEZE,UP,RANGE,SQUEEZE,CALM,SQUEEZE,RANGE,SQUEEZE,CALM,CONFIRMED,SQUEEZE,RANGE,SQUEEZE,CALM,SQUEEZE,RANGE,SQUEEZE,CALM,SQUEEZE
2020-05-31,UP,SQUEEZE,UP,RANGE,SQUEEZE,CALM,SQUEEZE,RANGE,SQUEEZE,CALM,CONFIRMED,SQUEEZE,RANGE,SQUEEZE,CALM,SQUEEZE,RANGE,SQUEEZE,CALM,SQUEEZE
2020-06-01,UP,SQUEEZE,UP,RANGE,SQUEEZE,CALM,SQUEEZE,RANGE,SQUEEZE,CALM,CONFIRMED,SQUEEZE,RANGE,SQUEEZE,CALM,SQUEEZE,RANGE,SQUEEZE,CALM,SQUEEZE
2020-06-02,RANGE,SQUEEZE,SQUEEZE,RANGE,SQUEEZE,CALM,SQUEEZE,RANGE,SQUEEZE,CALM,CONFIRMED,SQUEEZE,RANGE,SQUEEZE,CALM,SQUEEZE,RANGE,SQUEEZE,CALM,SQUEEZE
2020-06-03,RANGE,SQUEEZE,SQUEEZE,RANGE,SQUEEZE,CALM,SQUEEZE,RANGE,SQUEEZE,CALM,UNCONFIRMED,SQUEEZE,RANGE,SQUEEZE,CALM,SQUEEZE,RANGE,SQUEEZE,CALM,SQUEEZE
2020-06-04,RANGE,SQUEEZE,SQUEEZE,RANGE,SQUEEZE,CALM,SQUEEZE,RANGE,SQUEEZE,CALM,CONFIRMED,SQUEEZE,RANGE,SQUEEZE,CALM,SQUEEZE,RANGE,SQUEEZE,CALM,SQUEEZE
2020-06-05,RANGE,SQUEEZE,SQUEEZE,RANGE,SQUEEZE,CALM,SQUEEZE,RANGE,SQUEEZE,CALM,UNCONFIRMED,SQUEEZE,RANGE,SQUEEZE,CALM,SQUEEZE,RANGE,SQUEEZE,CALM,SQUEEZE
2020-06-06,RANGE,SQUEEZE,SQUEEZE,RANGE,SQUEEZE,CALM,SQUEEZE,RANGE,SQUEEZE,CALM,UNCONFIRMED,SQUEEZE,RANGE,SQUEEZE,CALM,SQUEEZE,RANGE,SQUEEZE,CALM,SQUEEZE
2020-06-07,RANGE,SQUEEZE,SQUEEZE,RANGE,SQUEEZE,CALM,SQUEEZE,RANGE,SQUEEZE,CALM,UNCONFIRMED,SQUEEZE,RANGE,SQUEEZE,CALM,SQUEEZE,RANGE,SQUEEZE,CALM,SQUEEZE
2020-06-08,RANGE,SQUEEZE,SQUEEZE,RANGE,SQUEEZE,CALM,SQUEEZE,RANGE,SQUEEZE,CALM,UNCONFIRMED,SQUEEZE,RANGE,SQUEEZE,CALM,SQUEEZE,RANGE,SQUEEZE,CALM,SQUEEZE
2020-06-09,RANGE,SQUEEZE,SQUEEZE,RANGE,SQUEEZE,CALM,SQUEEZE,RANGE,SQUEEZE,CALM,UNCONFIRMED,SQUEEZE,RANGE,SQUEEZE,CALM,SQUEEZE,RANGE,SQUEEZE,CALM,SQUEEZE
2020-06-10,RANGE,SQUEEZE,SQUEEZE,RANGE,SQUEEZE,CALM,SQUEEZE,RANGE,SQUEEZE,CALM,UNCONFIRMED,SQUEEZE,RANGE,SQUEEZE,CALM,SQUEEZE,RANGE,SQUEEZE,CALM,SQUEEZE
2020-06-11,RANGE,SQUEEZE,SQUEEZE,RANGE,SQUEEZE,CALM,SQUEEZE,RANGE,SQUEEZE,CALM,CONFIRMED,SQUEEZE,RANGE,SQUEEZE,CALM,SQUEEZE,DOWN,SQUEEZE,CALM,DOWN
2020-06-12,RANGE,SQUEEZE,SQUEEZE,RANGE,SQUEEZE,CALM,SQUEEZE,RANGE,SQUEEZE,CALM,UNCONFIRMED,SQUEEZE,RANGE,SQUEEZE,CALM,SQUEEZE,RANGE,SQUEEZE,CALM,SQUEEZE
2020-06-13,RANGE,SQUEEZE,SQUEEZE,RANGE,SQUEEZE,CALM,SQUEEZE,RANGE,SQUEEZE,CALM,UNCONFIRMED,SQUEEZE,RANGE,SQUEEZE,CALM,SQUEEZE,RANGE,SQUEEZE,CALM,SQUEEZE
2020-06-14,DOWN,SQUEEZE,DOWN,DOWN,SQUEEZE,CALM,DOWN,DOWN,SQUEEZE,CALM,UNCONFIRMED,DOWN,RANGE,SQUEEZE,CALM,SQUEEZE,DOWN,SQUEEZE,CALM,DOWN
2020-06-15,UP,SQUEEZE,UP,RANGE,SQUEEZE,CALM,SQUEEZE,RANGE,SQUEEZE,CALM,CONFIRMED,SQUEEZE,RANGE,SQUEEZE,CALM,SQUEEZE,RANGE,SQUEEZE,CALM,SQUEEZE
2020-06-16,UP,SQUEEZE,UP,RANGE,SQUEEZE,CALM,SQUEEZE,RANGE,SQUEEZE,CALM,UNCONFIRMED,SQUEEZE,RANGE,SQUEEZE,CALM,SQUEEZE,RANGE,SQUEEZE,CALM,SQUEEZE
2020-06-17,UP,SQUEEZE,UP,RANGE,SQUEEZE,CALM,SQUEEZE,RANGE,SQUEEZE,CALM,CONFIRMED,SQUEEZE,RANGE,SQUEEZE,CALM,SQUEEZE,RANGE,SQUEEZE,CALM,SQUEEZE
2020-06-18,DOWN,SQUEEZE,DOWN,DOWN,SQUEEZE,CALM,DOWN,DOWN,SQUEEZE,CALM,UNCONFIRMED,DOWN,DOWN,SQUEEZE,CALM,DOWN,DOWN,SQUEEZE,CALM,DOWN
2020-06-19,DOWN,NORMAL,DOWN,DOWN,NORMAL,CALM,DOWN,DOWN,NORMAL,CALM,UNCONFIRMED,DOWN,DOWN,NORMAL,CALM,DOWN,DOWN,SQUEEZE,CALM,DOWN
2020-06-20,DOWN,NORMAL,DOWN,DOWN,NORMAL,CALM,DOWN,DOWN,NORMAL,CALM,UNCONFIRMED,DOWN,DOWN,NORMAL,CALM,DOWN,DOWN,SQUEEZE,CALM,DOWN
2020-06-21,DOWN,NORMAL,DOWN,DOWN,NORMAL,CALM,DOWN,DOWN,NORMAL,CALM,UNCONFIRMED,DOWN,DOWN,NORMAL,CALM,DOWN,DOWN,SQUEEZE,CALM,DOWN
2020-06-22,DOWN,NORMAL,DOWN,DOWN,NORMAL,CALM,DOWN,DOWN,NORMAL,CALM,CONFIRMED,DOWN,DOWN,NORMAL,CALM,DOWN,DOWN,SQUEEZE,CALM,DOWN
2020-06-23,DOWN,SQUEEZE,DOWN,DOWN,SQUEEZE,CALM,DOWN,DOWN,SQUEEZE,CALM,UNCONFIRMED,DOWN,DOWN,SQUEEZE,CALM,DOWN,DOWN,SQUEEZE,CALM,DOWN
2020-06-24,DOWN,NORMAL,DOWN,RANGE,NORMAL,CALM,RANGE,RANGE,NORMAL,CALM,UNCONFIRMED,RANGE,RANGE,NORMAL,CALM,RANGE,RANGE,SQUEEZE,CALM,SQUEEZE
2020-06-25,DOWN,NORMAL,DOWN,RANGE,NORMAL,CALM,RANGE,RANGE,NORMAL,CALM,UNCONFIRMED,RANGE,RANGE,NORMAL,CALM,RANGE,RANGE,SQUEEZE,CALM,SQUEEZE
2020-06-26,DOWN,NORMAL,DOWN,RANGE,NORMAL,CALM,RANGE,RANGE,NORMAL,CALM,CONFIRMED,RANGE,RANGE,NORMAL,CALM,RANGE,RANGE,SQUEEZE,CALM,SQUEEZE
2020-06-27,DOWN,NORMAL,DOWN,RANGE,NORMAL,CALM,RANGE,RANGE,NORMAL,CALM,UNCONFIRMED,RANGE,RANGE,NORMAL,CALM,RANGE,RANGE,SQUEEZE,CALM,SQUEEZE
2020-06-28,DOWN,NORMAL,DOWN,RANGE,NORMAL,CALM,RANGE,RANGE,NORMAL,CALM,UNCONFIRMED,RANGE,RANGE,NORMAL,CALM,RANGE,RANGE,SQUEEZE,CALM,SQUEEZE
2020-06-29,DOWN,NORMAL,DOWN,RANGE,NORMAL,CALM,RANGE,RANGE,NORMAL,CALM,UNCONFIRMED,RANGE,RANGE,NORMAL,CALM,RANGE,RANGE,SQUEEZE,CALM,SQUEEZE
2020-06-30,DOWN,SQUEEZE,DOWN,RANGE,SQUEEZE,CALM,SQUEEZE,RANGE,SQUEEZE,CALM,UNCONFIRMED,SQUEEZE,RANGE,SQUEEZE,CALM,SQUEEZE,RANGE,SQUEEZE,CALM,SQUEEZE
2020-07-01,DOWN,NORMAL,DOWN,RANGE,NORMAL,CALM,RANGE,RANGE,NORMAL,CALM,UNCONFIRMED,RANGE,RANGE,NORMAL,CALM,RANGE,RANGE,SQUEEZE,CALM,SQUEEZE
2020-07-02,DOWN,NORMAL,DOWN,RANGE,NORMAL,CALM,RANGE,RANGE,NORMAL,CALM,UNCONFIRMED,RANGE,RANGE,NORMAL,CALM,RANGE,RANGE,SQUEEZE,CALM,SQUEEZE
2020-07-03,DOWN,NORMAL,DOWN,RANGE,NORMAL,CALM,RANGE,RANGE,NORMAL,CALM,UNCONFIRMED,RANGE,RANGE,NORMAL,CALM,RANGE,RANGE,SQUEEZE,CALM,SQUEEZE
2020-07-04,DOWN,NORMAL,DOWN,RANGE,NORMAL,CALM,RANGE,RANGE,NORMAL,CALM,UNCONFIRMED,RANGE,RANGE,NORMAL,CALM,RANGE,RANGE,SQUEEZE,CALM,SQUEEZE
2020-07-05,DOWN,NORMAL,DOWN,RANGE,NORMAL,CALM,RANGE,RANGE,NORMAL,CALM,UNCONFIRMED,RANGE,RANGE,NORMAL,CALM,RANGE,RANGE,SQUEEZE,CALM,SQUEEZE
2020-07-06,DOWN,SQUEEZE,DOWN,RANGE,SQUEEZE,CALM,SQUEEZE,RANGE,SQUEEZE,CALM,CONFIRMED,SQUEEZE,RANGE,SQUEEZE,CALM,SQUEEZE,RANGE,SQUEEZE,CALM,SQUEEZE
2020-07-07,DOWN,SQUEEZE,DOWN,RANGE,SQUEEZE,CALM,SQUEEZE,RANGE,SQUEEZE,CALM,CONFIRMED,SQUEEZE,RANGE,SQUEEZE,CALM,SQUEEZE,RANGE,SQUEEZE,CALM,SQUEEZE
2020-07-08,UP,NORMAL,UP,UP,NORMAL,CALM,UP,UP,NORMAL,CALM,CONFIRMED,UP,UP,NORMAL,CALM,UP,UP,SQUEEZE,CALM,UP
2020-07-09,UP,NORMAL,UP,UP,NORMAL,CALM,UP,UP,NORMAL,CALM,CONFIRMED,UP,UP,NORMAL,CALM,UP,UP,SQUEEZE,CALM,UP
2020-07-10,UP,NORMAL,UP,UP,NORMAL,CALM,UP,UP,NORMAL,CALM,CONFIRMED,UP,UP,NORMAL,CALM,UP,UP,SQUEEZE,CALM,UP
2020-07-11,UP,NORMAL,UP,UP,NORMAL,CALM,UP,UP,NORMAL,CALM,CONFIRMED,UP,UP,NORMAL,CALM,UP,UP,SQUEEZE,CALM,UP
2020-07-12,UP,NORMAL,UP,UP,NORMAL,CALM,UP,UP,NORMAL,CALM,CONFIRMED,UP,UP,NORMAL,CALM,UP,UP,SQUEEZE,CALM,UP
2020-07-13,UP,NORMAL,UP,UP,NORMAL,CALM,UP,UP,NORMAL,CALM,CONFIRMED,UP,UP,NORMAL,CALM,UP,UP,SQUEEZE,CALM,UP
2020-07-14,UP,NORMAL,UP,UP,NORMAL,CALM,UP,UP,NORMAL,CALM,CONFIRMED,UP,UP,NORMAL,CALM,UP,UP,SQUEEZE,CALM,UP
2020-07-15,UP,NORMAL,UP,UP,NORMAL,CALM,UP,UP,NORMAL,CALM,UNCONFIRMED,UP,UP,NORMAL,CALM,UP,UP,SQUEEZE,CALM,UP
2020-07-16,DOWN,NORMAL,DOWN,RANGE,NORMAL,CALM,RANGE,RANGE,NORMAL,CALM,CONFIRMED,RANGE,RANGE,NORMAL,CALM,RANGE,RANGE,SQUEEZE,CALM,SQUEEZE
2020-07-17,DOWN,NORMAL,DOWN,RANGE,NORMAL,CALM,RANGE,RANGE,NORMAL,CALM,CONFIRMED,RANGE,RANGE,NORMAL,CALM,RANGE,RANGE,SQUEEZE,CALM,SQUEEZE
2020-07-18,UP,NORMAL,UP,UP,NORMAL,CALM,UP,UP,NORMAL,CALM,CONFIRMED,UP,RANGE,NORMAL,CALM,RANGE,UP,SQUEEZE,CALM,UP
2020-07-19,UP,NORMAL,UP,UP,NORMAL,CALM,UP,UP,NORMAL,CALM,UNCONFIRMED,UP,RANGE,NORMAL,CALM,RANGE,UP,SQUEEZE,CALM,UP
2020-07-20,DOWN,NORMAL,DOWN,RANGE,NORMAL,CALM,RANGE,RANGE,NORMAL,CALM,UNCONFIRMED,RANGE,RANGE,NORMAL,CALM,RANGE,RANGE,SQUEEZE,CALM,SQUEEZE
2020-07-21,UP,NORMAL,UP,UP,NORMAL,CALM,UP,UP,NORMAL,CALM,UNCONFIRMED,UP,RANGE,NORMAL,CALM,RANGE,UP,SQUEEZE,CALM,UP
2020-07-22,RANGE,NORMAL,RANGE,RANGE,NORMAL,CALM,RANGE,RANGE,NORMAL,CALM,CONFIRMED,RANGE,RANGE,NORMAL,CALM,RANGE,UP,SQUEEZE,CALM,UP
2020-07-23,UP,NORMAL,UP,UP,NORMAL,CALM,UP,UP,NORMAL,CALM,CONFIRMED,UP,RANGE,NORMAL,CALM,RANGE,UP,SQUEEZE,CALM,UP
2020-07-24,UP,NORMAL,UP,UP,NORMAL,CALM,UP,UP,NORMAL,CALM,CONFIRMED,UP,RANGE,NORMAL,CALM,RANGE,UP,SQUEEZE,CALM,UP
2020-07-25,UP,SQUEEZE,UP,UP,SQUEEZE,CALM,UP,UP,SQUEEZE,CALM,CONFIRMED,UP,RANGE,SQUEEZE,CALM,SQUEEZE,UP,SQUEEZE,CALM,UP
2020-07-26,UP,SQUEEZE,UP,UP,SQUEEZE,CALM,UP,UP,SQUEEZE,CALM,CONFIRMED,UP,RANGE,SQUEEZE,CALM,SQUEEZE,UP,SQUEEZE,CALM,UP
2020-07-27,UP,NORMAL,UP,UP,NORMAL,CALM,UP,UP,NORMAL,CALM,CONFIRMED,UP,UP,NORMAL,CALM,UP,UP,NORMAL,CALM,UP
2020-07-28,UP,NORMAL,UP,UP,NORMAL,CALM,UP,UP,NORMAL,CALM,CONFIRMED,UP,UP,NORMAL,CALM,UP,UP,NORMAL,CALM,UP
2020-07-29,UP,NORMAL,UP,UP,NORMAL,CALM,UP,UP,NORMAL,CALM,CONFIRMED,UP,UP,NORMAL,CALM,UP,UP,NORMAL,CALM,UP
2020-07-30,UP,NORMAL,UP,UP,NORMAL,CALM,UP,UP,NORMAL,CALM,CONFIRMED,UP,UP,NORMAL,CALM,UP,UP,NORMAL,CALM,UP
2020-07-31,UP,EXPANSION,EXPANSION,UP,EXPANSION,CALM,EXPANSION,UP,EXPANSION,CALM,CONFIRMED,EXPANSION,UP,EXPANSION,CALM,EXPANSION,UP,NORMAL,CALM,UP
2020-08-01,UP,EXPANSION,EXPANSION,UP,EXPANSION,CALM,EXPANSION,UP,EXPANSION,CALM,CONFIRMED,EXPANSION,UP,EXPANSION,CALM,EXPANSION,UP,NORMAL,CALM,UP
2020-08-02,UP,EXPANSION,EXPANSION,UP,EXPANSION,STRESS_UP,STRESS_UP,UP,EXPANSION,STRESS_UP,CONFIRMED,STRESS_UP,UP,EXPANSION,STRESS_UP,STRESS_UP,UP,NORMAL,STRESS_UP,STRESS_UP
2020-08-03,UP,EXPANSION,EXPANSION,UP,EXPANSION,STRESS_UP,STRESS_UP,UP,EXPANSION,STRESS_UP,CONFIRMED,STRESS_UP,UP,EXPANSION,STRESS_UP,STRESS_UP,UP,NORMAL,STRESS_UP,STRESS_UP
2020-08-04,UP,EXPANSION,EXPANSION,UP,EXPANSION,STRESS_UP,STRESS_UP,UP,EXPANSION,STRESS_UP,CONFIRMED,STRESS_UP,UP,EXPANSION,STRESS_UP,STRESS_UP,UP,NORMAL,STRESS_UP,STRESS_UP
2020-08-05,UP,EXPANSION,EXPANSION,UP,EXPANSION,STRESS_UP,STRESS_UP,UP,EXPANSION,STRESS_UP,CONFIRMED,STRESS_UP,UP,EXPANSION,STRESS_UP,STRESS_UP,UP,NORMAL,STRESS_UP,STRESS_UP
2020-08-06,UP,EXPANSION,EXPANSION,UP,EXPANSION,STRESS_UP,STRESS_UP,UP,EXPANSION,STRESS_UP,CONFIRMED,STRESS_UP,UP,EXPANSION,STRESS_UP,STRESS_UP,UP,NORMAL,STRESS_UP,STRESS_UP
2020-08-07,UP,EXPANSION,EXPANSION,UP,EXPANSION,STRESS_UP,STRESS_UP,UP,EXPANSION,STRESS_UP,CONFIRMED,STRESS_UP,UP,EXPANSION,STRESS_UP,STRESS_UP,UP,NORMAL,STRESS_UP,STRESS_UP
2020-08-08,UP,EXPANSION,EXPANSION,UP,EXPANSION,STRESS_UP,STRESS_UP,UP,EXPANSION,STRESS_UP,CONFIRMED,STRESS_UP,UP,EXPANSION,STRESS_UP,STRESS_UP,UP,NORMAL,STRESS_UP,STRESS_UP
2020-08-09,UP,EXPANSION,EXPANSION,UP,EXPANSION,STRESS_UP,STRESS_UP,UP,EXPANSION,STRESS_UP,CONFIRMED,STRESS_UP,UP,EXPANSION,STRESS_UP,STRESS_UP,UP,NORMAL,STRESS_UP,STRESS_UP
2020-08-10,UP,EXPANSION,EXPANSION,UP,EXPANSION,STRESS_UP,STRESS_UP,UP,EXPANSION,STRESS_UP,CONFIRMED,STRESS_UP,UP,EXPANSION,STRESS_UP,STRESS_UP,UP,NORMAL,STRESS_UP,STRESS_UP
2020-08-11,UP,EXPANSION,EXPANSION,UP,EXPANSION,STRESS_UP,STRESS_UP,UP,EXPANSION,STRESS_UP,CONFIRMED,STRESS_UP,UP,EXPANSION,STRESS_UP,STRESS_UP,UP,NORMAL,STRESS_UP,STRESS_UP
2020-08-12,UP,EXPANSION,EXPANSION,UP,EXPANSION,STRESS_UP,STRESS_UP,UP,EXPANSION,STRESS_UP,CONFIRMED,STRESS_UP,UP,EXPANSION,STRESS_UP,STRESS_UP,UP,NORMAL,STRESS_UP,STRESS_UP
2020-08-13,UP,EXPANSION,EXPANSION,UP,EXPANSION,STRESS_UP,STRESS_UP,UP,EXPANSION,STRESS_UP,CONFIRMED,STRESS_UP,UP,EXPANSION,STRESS_UP,STRESS_UP,UP,NORMAL,STRESS_UP,STRESS_UP
2020-08-14,UP,EXPANSION,EXPANSION,UP,EXPANSION,STRESS_UP,STRESS_UP,UP,EXPANSION,STRESS_UP,CONFIRMED,STRESS_UP,UP,EXPANSION,STRESS_UP,STRESS_UP,UP,NORMAL,STRESS_UP,STRESS_UP
2020-08-15,UP,NORMAL,UP,UP,NORMAL,STRESS_UP,STRESS_UP,UP,NORMAL,STRESS_UP,CONFIRMED,STRESS_UP,UP,NORMAL,STRESS_UP,STRESS_UP,UP,NORMAL,STRESS_UP,STRESS_UP
2020-08-16,UP,NORMAL,UP,UP,NORMAL,CALM,UP,UP,NORMAL,CALM,CONFIRMED,UP,UP,NORMAL,CALM,UP,UP,NORMAL,CALM,UP
2020-08-17,UP,NORMAL,UP,UP,NORMAL,CALM,UP,UP,NORMAL,CALM,CONFIRMED,UP,UP,NORMAL,CALM,UP,UP,NORMAL,CALM,UP
2020-08-18,UP,NORMAL,UP,UP,NORMAL,STRESS_UP,STRESS_UP,UP,NORMAL,STRESS_UP,CONFIRMED,STRESS_UP,UP,NORMAL,STRESS_UP,STRESS_UP,UP,NORMAL,STRESS_UP,STRESS_UP
2020-08-19,UP,NORMAL,UP,UP,NORMAL,STRESS_UP,STRESS_UP,UP,NORMAL,STRESS_UP,CONFIRMED,STRESS_UP,UP,NORMAL,STRESS_UP,STRESS_UP,UP,NORMAL,STRESS_UP,STRESS_UP
2020-08-20,UP,SQUEEZE,UP,UP,SQUEEZE,STRESS_UP,STRESS_UP,UP,SQUEEZE,STRESS_UP,CONFIRMED,STRESS_UP,UP,SQUEEZE,STRESS_UP,STRESS_UP,UP,NORMAL,STRESS_UP,STRESS_UP
2020-08-21,UP,SQUEEZE,UP,UP,SQUEEZE,STRESS_UP,STRESS_UP,UP,SQUEEZE,STRESS_UP,CONFIRMED,STRESS_UP,UP,SQUEEZE,STRESS_UP,STRESS_UP,UP,NORMAL,STRESS_UP,STRESS_UP
2020-08-22,UP,SQUEEZE,UP,UP,SQUEEZE,STRESS_UP,STRESS_UP,UP,SQUEEZE,STRESS_UP,CONFIRMED,STRESS_UP,UP,SQUEEZE,STRESS_UP,STRESS_UP,UP,NORMAL,STRESS_UP,STRESS_UP
2020-08-23,UP,SQUEEZE,UP,UP,SQUEEZE,CALM,UP,UP,SQUEEZE,CALM,CONFIRMED,UP,UP,SQUEEZE,CALM,UP,UP,NORMAL,CALM,UP
2020-08-24,UP,SQUEEZE,UP,UP,SQUEEZE,CALM,UP,UP,SQUEEZE,CALM,CONFIRMED,UP,UP,SQUEEZE,CALM,UP,UP,NORMAL,CALM,UP
2020-08-25,UP,SQUEEZE,UP,UP,SQUEEZE,CALM,UP,UP,SQUEEZE,CALM,CONFIRMED,UP,UP,SQUEEZE,CALM,UP,UP,NORMAL,CALM,UP
2020-08-26,UP,SQUEEZE,UP,UP,SQUEEZE,CALM,UP,UP,SQUEEZE,CALM,CONFIRMED,UP,UP,SQUEEZE,CALM,UP,UP,NORMAL,CALM,UP
2020-08-27,UP,NORMAL,UP,UP,NORMAL,STRESS_UP,STRESS_UP,UP,NORMAL,STRESS_UP,CONFIRMED,STRESS_UP,UP,NORMAL,STRESS_UP,STRESS_UP,UP,NORMAL,STRESS_UP,STRESS_UP
2020-08-28,UP,NORMAL,UP,UP,NORMAL,CALM,UP,UP,NORMAL,CALM,CONFIRMED,UP,UP,NORMAL,CALM,UP,UP,NORMAL,CALM,UP
2020-08-29,UP,NORMAL,UP,UP,NORMAL,CALM,UP,UP,NORMAL,CALM,UNCONFIRMED,UP,UP,NORMAL,CALM,UP,UP,NORMAL,CALM,UP
2020-08-30,UP,NORMAL,UP,UP,NORMAL,CALM,UP,UP,NORMAL,CALM,CONFIRMED,UP,UP,NORMAL,CALM,UP,UP,NORMAL,CALM,UP
2020-08-31,UP,NORMAL,UP,UP,NORMAL,CALM,UP,UP,NORMAL,CALM,CONFIRMED,UP,RANGE,NORMAL,CALM,RANGE,UP,NORMAL,CALM,UP
2020-09-01,UP,NORMAL,UP,UP,NORMAL,CALM,UP,UP,NORMAL,CALM,CONFIRMED,UP,RANGE,NORMAL,CALM,RANGE,UP,NORMAL,CALM,UP
2020-09-02,UP,NORMAL,UP,UP,NORMAL,CALM,UP,UP,NORMAL,CALM,CONFIRMED,UP,RANGE,NORMAL,CALM,RANGE,UP,NORMAL,CALM,UP
2020-09-03,UP,NORMAL,UP,UP,NORMAL,CALM,UP,UP,NORMAL,CALM,CONFIRMED,UP,RANGE,NORMAL,CALM,RANGE,UP,EXPANSION,STRESS_UP,STRESS_UP
2020-09-04,UP,NORMAL,UP,UP,NORMAL,STRESS_UP,STRESS_UP,UP,NORMAL,STRESS_UP,CONFIRMED,STRESS_UP,RANGE,NORMAL,STRESS_UP,STRESS_UP,UP,EXPANSION,STRESS_UP,STRESS_UP
2020-09-05,UP,NORMAL,UP,UP,NORMAL,CALM,UP,UP,NORMAL,CALM,CONFIRMED,UP,RANGE,NORMAL,CALM,RANGE,UP,EXPANSION,STRESS_UP,STRESS_UP
2020-09-06,UP,NORMAL,UP,UP,NORMAL,CALM,UP,UP,NORMAL,CALM,CONFIRMED,UP,RANGE,NORMAL,CALM,RANGE,UP,EXPANSION,STRESS_UP,STRESS_UP
2020-09-07,UP,NORMAL,UP,UP,NORMAL,CALM,UP,UP,NORMAL,CALM,CONFIRMED,UP,RANGE,NORMAL,CALM,RANGE,UP,EXPANSION,STRESS_UP,STRESS_UP
2020-09-08,UP,NORMAL,UP,UP,NORMAL,CALM,UP,UP,NORMAL,CALM,CONFIRMED,UP,RANGE,NORMAL,CALM,RANGE,UP,EXPANSION,STRESS_UP,STRESS_UP
2020-09-09,UP,NORMAL,UP,UP,NORMAL,CALM,UP,UP,NORMAL,CALM,UNCONFIRMED,UP,RANGE,NORMAL,CALM,RANGE,UP,EXPANSION,STRESS_UP,STRESS_UP
2020-09-10,UP,NORMAL,UP,UP,NORMAL,CALM,UP,UP,NORMAL,CALM,UNCONFIRMED,UP,RANGE,NORMAL,CALM,RANGE,UP,NORMAL,STRESS_UP,STRESS_UP
2020-09-11,UP,NORMAL,UP,UP,NORMAL,CALM,UP,UP,NORMAL,CALM,UNCONFIRMED,UP,RANGE,NORMAL,CALM,RANGE,UP,NORMAL,STRESS_UP,STRESS_UP
2020-09-12,UP,NORMAL,UP,UP,NORMAL,CALM,UP,UP,NORMAL,CALM,UNCONFIRMED,UP,RANGE,NORMAL,CALM,RANGE,UP,NORMAL,CALM,UP
2020-09-13,UP,NORMAL,UP,UP,NORMAL,CALM,UP,UP,NORMAL,CALM,UNCONFIRMED,UP,RANGE,NORMAL,CALM,RANGE,UP,NORMAL,CALM,UP
2020-09-14,UP,NORMAL,UP,UP,NORMAL,CALM,UP,UP,NORMAL,CALM,UNCONFIRMED,UP,RANGE,NORMAL,CALM,RANGE,UP,NORMAL,CALM,UP
2020-09-15,UP,NORMAL,UP,UP,NORMAL,CALM,UP,UP,NORMAL,CALM,UNCONFIRMED,UP,RANGE,NORMAL,CALM,RANGE,UP,NORMAL,CALM,UP
2020-09-16,UP,NORMAL,UP,UP,NORMAL,CALM,UP,UP,NORMAL,CALM,CONFIRMED,UP,RANGE,NORMAL,CALM,RANGE,UP,NORMAL,CALM,UP
2020-09-17,RANGE,NORMAL,RANGE,RANGE,NORMAL,CALM,RANGE,RANGE,NORMAL,CALM,CONFIRMED,RANGE,RANGE,NORMAL,CALM,RANGE,UP,NORMAL,CALM,UP
2020-09-18,RANGE,NORMAL,RANGE,RANGE,NORMAL,CALM,RANGE,RANGE,NORMAL,CALM,UNCONFIRMED,RANGE,RANGE,NORMAL,CALM,RANGE,UP,NORMAL,CALM,UP
2020-09-19,RANGE,NORMAL,RANGE,RANGE,NORMAL,CALM,RANGE,RANGE,NORMAL,CALM,UNCONFIRMED,RANGE,RANGE,NORMAL,CALM,RANGE,UP,NORMAL,CALM,UP
2020-09-20,RANGE,NORMAL,RANGE,RANGE,NORMAL,CALM,RANGE,RANGE,NORMAL,CALM,UNCONFIRMED,RANGE,RANGE,NORMAL,CALM,RANGE,UP,NORMAL,CALM,UP
2020-09-21,RANGE,NORMAL,RANGE,RANGE,NORMAL,CALM,RANGE,RANGE,NORMAL,CALM,CONFIRMED,RANGE,RANGE,NORMAL,CALM,RANGE,RANGE,NORMAL,CALM,RANGE
2020-09-22,RANGE,SQUEEZE,SQUEEZE,RANGE,SQUEEZE,CALM,SQUEEZE,RANGE,SQUEEZE,CALM,UNCONFIRMED,SQUEEZE,RANGE,SQUEEZE,CALM,SQUEEZE,RANGE,NORMAL,CALM,RANGE
2020-09-23,DOWN,SQUEEZE,DOWN,RANGE,SQUEEZE,CALM,SQUEEZE,RANGE,SQUEEZE,CALM,UNCONFIRMED,SQUEEZE,RANGE,SQUEEZE,CALM,SQUEEZE,RANGE,NORMAL,CALM,RANGE
2020-09-24,DOWN,SQUEEZE,DOWN,RANGE,SQUEEZE,CALM,SQUEEZE,RANGE,SQUEEZE,CALM,CONFIRMED,SQUEEZE,RANGE,SQUEEZE,CALM,SQUEEZE,RANGE,NORMAL,CALM,RANGE
2020-09-25,UP,SQUEEZE,UP,UP,SQUEEZE,CALM,UP,UP,SQUEEZE,CALM,UNCONFIRMED,UP,RANGE,SQUEEZE,CALM,SQUEEZE,UP,NORMAL,CALM,UP
2020-09-26,UP,SQUEEZE,UP,UP,SQUEEZE,CALM,UP,UP,SQUEEZE,CALM,UNCONFIRMED,UP,RANGE,SQUEEZE,CALM,SQUEEZE,UP,NORMAL,CALM,UP
2020-09-27,UP,SQUEEZE,UP,UP,SQUEEZE,CALM,UP,UP,SQUEEZE,CALM,UNCONFIRMED,UP,RANGE,SQUEEZE,CALM,SQUEEZE,UP,NORMAL,CALM,UP
2020-09-28,RANGE,SQUEEZE,SQUEEZE,RANGE,SQUEEZE,CALM,SQUEEZE,RANGE,SQUEEZE,CALM,UNCONFIRMED,SQUEEZE,RANGE,SQUEEZE,CALM,SQUEEZE,UP,NORMAL,CALM,UP
2020-09-29,RANGE,SQUEEZE,SQUEEZE,RANGE,SQUEEZE,CALM,SQUEEZE,RANGE,SQUEEZE,CALM,UNCONFIRMED,SQUEEZE,RANGE,SQUEEZE,CALM,SQUEEZE,UP,NORMAL,CALM,UP
2020-09-30,RANGE,SQUEEZE,SQUEEZE,RANGE,SQUEEZE,CALM,SQUEEZE,RANGE,SQUEEZE,CALM,UNCONFIRMED,SQUEEZE,RANGE,SQUEEZE,CALM,SQUEEZE,UP,NORMAL,CALM,UP
2020-10-01,RANGE,SQUEEZE,SQUEEZE,RANGE,SQUEEZE,CALM,SQUEEZE,RANGE,SQUEEZE,CALM,UNCONFIRMED,SQUEEZE,RANGE,SQUEEZE,CALM,SQUEEZE,RANGE,NORMAL,CALM,RANGE
2020-10-02,RANGE,SQUEEZE,SQUEEZE,RANGE,SQUEEZE,CALM,SQUEEZE,RANGE,SQUEEZE,CALM,UNCONFIRMED,SQUEEZE,RANGE,SQUEEZE,CALM,SQUEEZE,RANGE,NORMAL,CALM,RANGE
2020-10-03,RANGE,SQUEEZE,SQUEEZE,RANGE,SQUEEZE,CALM,SQUEEZE,RANGE,SQUEEZE,CALM,UNCONFIRMED,SQUEEZE,RANGE,SQUEEZE,CALM,SQUEEZE,RANGE,NORMAL,CALM,RANGE
2020-10-04,RANGE,SQUEEZE,SQUEEZE,RANGE,SQUEEZE,CALM,SQUEEZE,RANGE,SQUEEZE,CALM,CONFIRMED,SQUEEZE,RANGE,SQUEEZE,CALM,SQUEEZE,UP,NORMAL,CALM,UP
2020-10-05,RANGE,NORMAL,RANGE,RANGE,NORMAL,CALM,RANGE,RANGE,NORMAL,CALM,CONFIRMED,RANGE,RANGE,NORMAL,CALM,RANGE,UP,NORMAL,CALM,UP
2020-10-06,RANGE,NORMAL,RANGE,RANGE,NORMAL,CALM,RANGE,RANGE,NORMAL,CALM,CONFIRMED,RANGE,RANGE,NORMAL,CALM,RANGE,UP,NORMAL,CALM,UP
2020-10-07,RANGE,SQUEEZE,SQUEEZE,RANGE,SQUEEZE,CALM,SQUEEZE,RANGE,SQUEEZE,CALM,CONFIRMED,SQUEEZE,RANGE,SQUEEZE,CALM,SQUEEZE,UP,NORMAL,CALM,UP
2020-10-08,RANGE,SQUEEZE,SQUEEZE,RANGE,SQUEEZE,CALM,SQUEEZE,RANGE,SQUEEZE,CALM,CONFIRMED,SQUEEZE,RANGE,SQUEEZE,CALM,SQUEEZE,RANGE,NORMAL,CALM,RANGE
2020-10-09,RANGE,NORMAL,RANGE,RANGE,NORMAL,CALM,RANGE,RANGE,NORMAL,CALM,CONFIRMED,RANGE,RANGE,NORMAL,CALM,RANGE,RANGE,NORMAL,CALM,RANGE
2020-10-10,RANGE,NORMAL,RANGE,RANGE,NORMAL,CALM,RANGE,RANGE,NORMAL,CALM,CONFIRMED,RANGE,RANGE,NORMAL,CALM,RANGE,RANGE,SQUEEZE,CALM,SQUEEZE
2020-10-11,RANGE,NORMAL,RANGE,RANGE,NORMAL,CALM,RANGE,RANGE,NORMAL,CALM,UNCONFIRMED,RANGE,RANGE,NORMAL,CALM,RANGE,RANGE,SQUEEZE,CALM,SQUEEZE
2020-10-12,RANGE,NORMAL,RANGE,RANGE,NORMAL,CALM,RANGE,RANGE,NORMAL,CALM,CONFIRMED,RANGE,RANGE,NORMAL,CALM,RANGE,RANGE,SQUEEZE,CALM,SQUEEZE
2020-10-13,RANGE,SQUEEZE,SQUEEZE,RANGE,SQUEEZE,CALM,SQUEEZE,RANGE,SQUEEZE,CALM,CONFIRMED,SQUEEZE,RANGE,SQUEEZE,CALM,SQUEEZE,RANGE,SQUEEZE,CALM,SQUEEZE
2020-10-14,RANGE,SQUEEZE,SQUEEZE,RANGE,SQUEEZE,CALM,SQUEEZE,RANGE,SQUEEZE,CALM,CONFIRMED,SQUEEZE,RANGE,SQUEEZE,CALM,SQUEEZE,RANGE,SQUEEZE,CALM,SQUEEZE
2020-10-15,RANGE,SQUEEZE,SQUEEZE,RANGE,SQUEEZE,CALM,SQUEEZE,RANGE,SQUEEZE,CALM,CONFIRMED,SQUEEZE,RANGE,SQUEEZE,CALM,SQUEEZE,RANGE,SQUEEZE,CALM,SQUEEZE
2020-10-16,RANGE,SQUEEZE,SQUEEZE,RANGE,SQUEEZE,CALM,SQUEEZE,RANGE,SQUEEZE,CALM,UNCONFIRMED,SQUEEZE,RANGE,SQUEEZE,CALM,SQUEEZE,RANGE,NORMAL,CALM,RANGE
2020-10-17,RANGE,SQUEEZE,SQUEEZE,RANGE,SQUEEZE,CALM,SQUEEZE,RANGE,SQUEEZE,CALM,UNCONFIRMED,SQUEEZE,RANGE,SQUEEZE,CALM,SQUEEZE,RANGE,SQUEEZE,CALM,SQUEEZE
2020-10-18,RANGE,SQUEEZE,SQUEEZE,RANGE,SQUEEZE,CALM,SQUEEZE,RANGE,SQUEEZE,CALM,UNCONFIRMED,SQUEEZE,RANGE,SQUEEZE,CALM,SQUEEZE,RANGE,SQUEEZE,CALM,SQUEEZE
2020-10-19,RANGE,SQUEEZE,SQUEEZE,RANGE,SQUEEZE,CALM,SQUEEZE,RANGE,SQUEEZE,CALM,UNCONFIRMED,SQUEEZE,RANGE,SQUEEZE,CALM,SQUEEZE,RANGE,SQUEEZE,CALM,SQUEEZE
2020-10-20,RANGE,SQUEEZE,SQUEEZE,RANGE,SQUEEZE,CALM,SQUEEZE,RANGE,SQUEEZE,CALM,UNCONFIRMED,SQUEEZE,RANGE,SQUEEZE,CALM,SQUEEZE,RANGE,SQUEEZE,CALM,SQUEEZE
2020-10-21,RANGE,SQUEEZE,SQUEEZE,RANGE,SQUEEZE,CALM,SQUEEZE,RANGE,SQUEEZE,CALM,CONFIRMED,SQUEEZE,RANGE,SQUEEZE,CALM,SQUEEZE,RANGE,SQUEEZE,CALM,SQUEEZE
2020-10-22,RANGE,SQUEEZE,SQUEEZE,RANGE,SQUEEZE,CALM,SQUEEZE,RANGE,SQUEEZE,CALM,CONFIRMED,SQUEEZE,RANGE,SQUEEZE,CALM,SQUEEZE,RANGE,SQUEEZE,CALM,SQUEEZE
2020-10-23,RANGE,SQUEEZE,SQUEEZE,RANGE,SQUEEZE,CALM,SQUEEZE,RANGE,SQUEEZE,CALM,UNCONFIRMED,SQUEEZE,RANGE,SQUEEZE,CALM,SQUEEZE,RANGE,SQUEEZE,CALM,SQUEEZE
2020-10-24,RANGE,SQUEEZE,SQUEEZE,RANGE,SQUEEZE,CALM,SQUEEZE,RANGE,SQUEEZE,CALM,UNCONFIRMED,SQUEEZE,RANGE,SQUEEZE,CALM,SQUEEZE,RANGE,SQUEEZE,CALM,SQUEEZE
2020-10-25,RANGE,SQUEEZE,SQUEEZE,RANGE,SQUEEZE,CALM,SQUEEZE,RANGE,SQUEEZE,CALM,UNCONFIRMED,SQUEEZE,RANGE,SQUEEZE,CALM,SQUEEZE,RANGE,SQUEEZE,CALM,SQUEEZE
2020-10-26,RANGE,SQUEEZE,SQUEEZE,RANGE,SQUEEZE,CALM,SQUEEZE,RANGE,SQUEEZE,CALM,UNCONFIRMED,SQUEEZE,RANGE,SQUEEZE,CALM,SQUEEZE,RANGE,SQUEEZE,CALM,SQUEEZE
2020-10-27,RANGE,SQUEEZE,SQUEEZE,RANGE,SQUEEZE,CALM,SQUEEZE,RANGE,SQUEEZE,CALM,UNCONFIRMED,SQUEEZE,RANGE,SQUEEZE,CALM,SQUEEZE,RANGE,SQUEEZE,CALM,SQUEEZE
2020-10-28,RANGE,SQUEEZE,SQUEEZE,RANGE,SQUEEZE,CALM,SQUEEZE,RANGE,SQUEEZE,CALM,CONFIRMED,SQUEEZE,RANGE,SQUEEZE,CALM,SQUEEZE,RANGE,SQUEEZE,CALM,SQUEEZE
2020-10-29,RANGE,SQUEEZE,SQUEEZE,RANGE,SQUEEZE,CALM,SQUEEZE,RANGE,SQUEEZE,CALM,UNCONFIRMED,SQUEEZE,RANGE,SQUEEZE,CALM,SQUEEZE,RANGE,SQUEEZE,CALM,SQUEEZE
2020-10-30,RANGE,SQUEEZE,SQUEEZE,RANGE,SQUEEZE,CALM,SQUEEZE,RANGE,SQUEEZE,CALM,UNCONFIRMED,SQUEEZE,RANGE,SQUEEZE,CALM,SQUEEZE,RANGE,SQUEEZE,CALM,SQUEEZE
2020-10-31,RANGE,SQUEEZE,SQUEEZE,RANGE,SQUEEZE,CALM,SQUEEZE,RANGE,SQUEEZE,CALM,UNCONFIRMED,SQUEEZE,RANGE,SQUEEZE,CALM,SQUEEZE,RANGE,SQUEEZE,CALM,SQUEEZE
2020-11-01,RANGE,SQUEEZE,SQUEEZE,RANGE,SQUEEZE,CALM,SQUEEZE,RANGE,SQUEEZE,CALM,UNCONFIRMED,SQUEEZE,RANGE,SQUEEZE,CALM,SQUEEZE,RANGE,SQUEEZE,CALM,SQUEEZE
2020-11-02,RANGE,SQUEEZE,SQUEEZE,RANGE,SQUEEZE,CALM,SQUEEZE,RANGE,SQUEEZE,CALM,UNCONFIRMED,SQUEEZE,RANGE,SQUEEZE,CALM,SQUEEZE,RANGE,SQUEEZE,CALM,SQUEEZE
2020-11-03,RANGE,SQUEEZE,SQUEEZE,RANGE,SQUEEZE,CALM,SQUEEZE,RANGE,SQUEEZE,CALM,CONFIRMED,SQUEEZE,RANGE,SQUEEZE,CALM,SQUEEZE,RANGE,NORMAL,CALM,RANGE
2020-11-04,DOWN,SQUEEZE,DOWN,RANGE,SQUEEZE,CALM,SQUEEZE,RANGE,SQUEEZE,CALM,CONFIRMED,SQUEEZE,RANGE,SQUEEZE,CALM,SQUEEZE,RANGE,NORMAL,CALM,RANGE
2020-11-05,DOWN,SQUEEZE,DOWN,RANGE,SQUEEZE,CALM,SQUEEZE,RANGE,SQUEEZE,CALM,CONFIRMED,SQUEEZE,RANGE,SQUEEZE,CALM,SQUEEZE,RANGE,SQUEEZE,CALM,SQUEEZE
2020-11-06,DOWN,SQUEEZE,DOWN,RANGE,SQUEEZE,CALM,SQUEEZE,RANGE,SQUEEZE,CALM,CONFIRMED,SQUEEZE,RANGE,SQUEEZE,CALM,SQUEEZE,RANGE,SQUEEZE,CALM,SQUEEZE
2020-11-07,DOWN,SQUEEZE,DOWN,RANGE,SQUEEZE,CALM,SQUEEZE,RANGE,SQUEEZE,CALM,CONFIRMED,SQUEEZE,RANGE,SQUEEZE,CALM,SQUEEZE,RANGE,NORMAL,CALM,RANGE
2020-11-08,RANGE,SQUEEZE,SQUEEZE,RANGE,SQUEEZE,CALM,SQUEEZE,RANGE,SQUEEZE,CALM,UNCONFIRMED,SQUEEZE,RANGE,SQUEEZE,CALM,SQUEEZE,RANGE,NORMAL,CALM,RANGE
2020-11-09,RANGE,SQUEEZE,SQUEEZE,RANGE,SQUEEZE,CALM,SQUEEZE,RANGE,SQUEEZE,CALM,CONFIRMED,SQUEEZE,RANGE,SQUEEZE,CALM,SQUEEZE,RANGE,NORMAL,CALM,RANGE
2020-11-10,RANGE,NORMAL,RANGE,RANGE,NORMAL,CALM,RANGE,RANGE,NORMAL,CALM,CONFIRMED,RANGE,RANGE,NORMAL,CALM,RANGE,RANGE,NORMAL,CALM,RANGE
2020-11-11,RANGE,SQUEEZE,SQUEEZE,RANGE,SQUEEZE,CALM,SQUEEZE,RANGE,SQUEEZE,CALM,CONFIRMED,SQUEEZE,RANGE,SQUEEZE,CALM,SQUEEZE,DOWN,NORMAL,CALM,DOWN
2020-11-12,RANGE,SQUEEZE,SQUEEZE,RANGE,SQUEEZE,CALM,SQUEEZE,RANGE,SQUEEZE,CALM,UNCONFIRMED,SQUEEZE,RANGE,SQUEEZE,CALM,SQUEEZE,DOWN,NORMAL,CALM,DOWN
2020-11-13,UP,NORMAL,UP,RANGE,NORMAL,CALM,RANGE,RANGE,NORMAL,CALM,CONFIRMED,RANGE,RANGE,NORMAL,CALM,RANGE,RANGE,NORMAL,CALM,RANGE
2020-11-14,UP,NORMAL,UP,RANGE,NORMAL,CALM,RANGE,RANGE,NORMAL,CALM,CONFIRMED,RANGE,RANGE,NORMAL,CALM,RANGE,RANGE,NORMAL,CALM,RANGE
2020-11-15,UP,NORMAL,UP,RANGE,NORMAL,CALM,RANGE,RANGE,NORMAL,CALM,CONFIRMED,RANGE,RANGE,NORMAL,CALM,RANGE,RANGE,NORMAL,CALM,RANGE
2020-11-16,UP,NORMAL,UP,RANGE,NORMAL,CALM,RANGE,RANGE,NORMAL,CALM,CONFIRMED,RANGE,RANGE,NORMAL,CALM,RANGE,RANGE,NORMAL,CALM,RANGE
2020-11-17,UP,NORMAL,UP,RANGE,NORMAL,CALM,RANGE,RANGE,NORMAL,CALM,CONFIRMED,RANGE,RANGE,NORMAL,CALM,RANGE,RANGE,NORMAL,CALM,RANGE
2020-11-18,UP,EXPANSION,EXPANSION,RANGE,EXPANSION,CALM,EXPANSION,RANGE,EXPANSION,CALM,CONFIRMED,EXPANSION,RANGE,EXPANSION,CALM,EXPANSION,RANGE,NORMAL,CALM,RANGE
2020-11-19,UP,EXPANSION,EXPANSION,RANGE,EXPANSION,CALM,EXPANSION,RANGE,EXPANSION,CALM,CONFIRMED,EXPANSION,RANGE,EXPANSION,CALM,EXPANSION,RANGE,NORMAL,CALM,RANGE
2020-11-20,UP,EXPANSION,EXPANSION,RANGE,EXPANSION,CALM,EXPANSION,RANGE,EXPANSION,CALM,CONFIRMED,EXPANSION,RANGE,EXPANSION,CALM,EXPANSION,RANGE,NORMAL,CALM,RANGE
2020-11-21,UP,EXPANSION,EXPANSION,UP,EXPANSION,CALM,EXPANSION,UP,EXPANSION,CALM,CONFIRMED,EXPANSION,UP,EXPANSION,CALM,EXPANSION,UP,NORMAL,CALM,UP
2020-11-22,UP,EXPANSION,EXPANSION,UP,EXPANSION,STRESS_UP,STRESS_UP,UP,EXPANSION,STRESS_UP,CONFIRMED,STRESS_UP,UP,EXPANSION,STRESS_UP,STRESS_UP,UP,NORMAL,STRESS_UP,STRESS_UP
2020-11-23,UP,EXPANSION,EXPANSION,UP,EXPANSION,STRESS_UP,STRESS_UP,UP,EXPANSION,STRESS_UP,CONFIRMED,STRESS_UP,UP,EXPANSION,STRESS_UP,STRESS_UP,UP,NORMAL,STRESS_UP,STRESS_UP
2020-11-24,UP,EXPANSION,EXPANSION,UP,EXPANSION,STRESS_UP,STRESS_UP,UP,EXPANSION,STRESS_UP,CONFIRMED,STRESS_UP,UP,EXPANSION,STRESS_UP,STRESS_UP,UP,EXPANSION,STRESS_UP,STRESS_UP
2020-11-25,UP,EXPANSION,EXPANSION,UP,EXPANSION,STRESS_UP,STRESS_UP,UP,EXPANSION,STRESS_UP,CONFIRMED,STRESS_UP,UP,EXPANSION,STRESS_UP,STRESS_UP,UP,EXPANSION,STRESS_UP,STRESS_UP
2020-11-26,UP,EXPANSION,EXPANSION,UP,EXPANSION,STRESS_UP,STRESS_UP,UP,EXPANSION,STRESS_UP,CONFIRMED,STRESS_UP,UP,EXPANSION,STRESS_UP,STRESS_UP,UP,EXPANSION,STRESS_UP,STRESS_UP
2020-11-27,UP,EXPANSION,EXPANSION,UP,EXPANSION,STRESS_UP,STRESS_UP,UP,EXPANSION,STRESS_UP,CONFIRMED,STRESS_UP,UP,EXPANSION,STRESS_UP,STRESS_UP,UP,EXPANSION,STRESS_UP,STRESS_UP
2020-11-28,UP,EXPANSION,EXPANSION,UP,EXPANSION,STRESS_UP,STRESS_UP,UP,EXPANSION,STRESS_UP,CONFIRMED,STRESS_UP,UP,EXPANSION,STRESS_UP,STRESS_UP,UP,EXPANSION,STRESS_UP,STRESS_UP
2020-11-29,UP,EXPANSION,EXPANSION,UP,EXPANSION,STRESS_UP,STRESS_UP,UP,EXPANSION,STRESS_UP,CONFIRMED,STRESS_UP,UP,EXPANSION,STRESS_UP,STRESS_UP,UP,EXPANSION,STRESS_UP,STRESS_UP
2020-11-30,UP,EXPANSION,EXPANSION,UP,EXPANSION,STRESS_UP,STRESS_UP,UP,EXPANSION,STRESS_UP,CONFIRMED,STRESS_UP,UP,EXPANSION,STRESS_UP,STRESS_UP,UP,EXPANSION,STRESS_UP,STRESS_UP
2020-12-01,UP,EXPANSION,EXPANSION,UP,EXPANSION,STRESS_UP,STRESS_UP,UP,EXPANSION,STRESS_UP,CONFIRMED,STRESS_UP,UP,EXPANSION,STRESS_UP,STRESS_UP,UP,EXPANSION,STRESS_UP,STRESS_UP
2020-12-02,UP,EXPANSION,EXPANSION,UP,EXPANSION,STRESS_UP,STRESS_UP,UP,EXPANSION,STRESS_UP,CONFIRMED,STRESS_UP,UP,EXPANSION,STRESS_UP,STRESS_UP,UP,EXPANSION,STRESS_UP,STRESS_UP
2020-12-03,UP,EXPANSION,EXPANSION,UP,EXPANSION,STRESS_UP,STRESS_UP,UP,EXPANSION,STRESS_UP,CONFIRMED,STRESS_UP,UP,EXPANSION,STRESS_UP,STRESS_UP,UP,EXPANSION,STRESS_UP,STRESS_UP
2020-12-04,UP,EXPANSION,EXPANSION,UP,EXPANSION,STRESS_UP,STRESS_UP,UP,EXPANSION,STRESS_UP,CONFIRMED,STRESS_UP,UP,EXPANSION,STRESS_UP,STRESS_UP,UP,EXPANSION,STRESS_UP,STRESS_UP
2020-12-05,UP,EXPANSION,EXPANSION,UP,EXPANSION,STRESS_UP,STRESS_UP,UP,EXPANSION,STRESS_UP,CONFIRMED,STRESS_UP,UP,EXPANSION,STRESS_UP,STRESS_UP,UP,EXPANSION,STRESS_UP,STRESS_UP
2020-12-06,UP,EXPANSION,EXPANSION,UP,EXPANSION,STRESS_UP,STRESS_UP,UP,EXPANSION,STRESS_UP,CONFIRMED,STRESS_UP,UP,EXPANSION,STRESS_UP,STRESS_UP,UP,EXPANSION,STRESS_UP,STRESS_UP
2020-12-07,UP,EXPANSION,EXPANSION,UP,EXPANSION,STRESS_UP,STRESS_UP,UP,EXPANSION,STRESS_UP,CONFIRMED,STRESS_UP,UP,EXPANSION,STRESS_UP,STRESS_UP,UP,EXPANSION,STRESS_UP,STRESS_UP
2020-12-08,UP,EXPANSION,EXPANSION,UP,EXPANSION,STRESS_UP,STRESS_UP,UP,EXPANSION,STRESS_UP,CONFIRMED,STRESS_UP,UP,EXPANSION,STRESS_UP,STRESS_UP,UP,EXPANSION,STRESS_UP,STRESS_UP
2020-12-09,UP,EXPANSION,EXPANSION,UP,EXPANSION,STRESS_UP,STRESS_UP,UP,EXPANSION,STRESS_UP,CONFIRMED,STRESS_UP,UP,EXPANSION,STRESS_UP,STRESS_UP,UP,EXPANSION,STRESS_UP,STRESS_UP
2020-12-10,UP,EXPANSION,EXPANSION,UP,EXPANSION,STRESS_UP,STRESS_UP,UP,EXPANSION,STRESS_UP,CONFIRMED,STRESS_UP,UP,EXPANSION,STRESS_UP,STRESS_UP,UP,EXPANSION,STRESS_UP,STRESS_UP
2020-12-11,UP,EXPANSION,EXPANSION,UP,EXPANSION,STRESS_UP,STRESS_UP,UP,EXPANSION,STRESS_UP,CONFIRMED,STRESS_UP,UP,EXPANSION,STRESS_UP,STRESS_UP,UP,EXPANSION,STRESS_UP,STRESS_UP
2020-12-12,UP,EXPANSION,EXPANSION,UP,EXPANSION,STRESS_UP,STRESS_UP,UP,EXPANSION,STRESS_UP,CONFIRMED,STRESS_UP,UP,EXPANSION,STRESS_UP,STRESS_UP,UP,EXPANSION,STRESS_UP,STRESS_UP
2020-12-13,UP,EXPANSION,EXPANSION,UP,EXPANSION,STRESS_UP,STRESS_UP,UP,EXPANSION,STRESS_UP,CONFIRMED,STRESS_UP,UP,EXPANSION,STRESS_UP,STRESS_UP,UP,EXPANSION,STRESS_UP,STRESS_UP
2020-12-14,UP,EXPANSION,EXPANSION,UP,EXPANSION,STRESS_UP,STRESS_UP,UP,EXPANSION,STRESS_UP,CONFIRMED,STRESS_UP,UP,EXPANSION,STRESS_UP,STRESS_UP,UP,EXPANSION,STRESS_UP,STRESS_UP
2020-12-15,UP,EXPANSION,EXPANSION,UP,EXPANSION,STRESS_UP,STRESS_UP,UP,EXPANSION,STRESS_UP,CONFIRMED,STRESS_UP,UP,EXPANSION,STRESS_UP,STRESS_UP,UP,EXPANSION,STRESS_UP,STRESS_UP
2020-12-16,UP,EXPANSION,EXPANSION,UP,EXPANSION,STRESS_UP,STRESS_UP,UP,EXPANSION,STRESS_UP,CONFIRMED,STRESS_UP,UP,EXPANSION,STRESS_UP,STRESS_UP,UP,EXPANSION,STRESS_UP,STRESS_UP
2020-12-17,UP,EXPANSION,EXPANSION,UP,EXPANSION,STRESS_UP,STRESS_UP,UP,EXPANSION,STRESS_UP,CONFIRMED,STRESS_UP,UP,EXPANSION,STRESS_UP,STRESS_UP,UP,EXPANSION,STRESS_UP,STRESS_UP
2020-12-18,UP,EXPANSION,EXPANSION,UP,EXPANSION,STRESS_UP,STRESS_UP,UP,EXPANSION,STRESS_UP,CONFIRMED,STRESS_UP,UP,EXPANSION,STRESS_UP,STRESS_UP,UP,EXPANSION,STRESS_UP,STRESS_UP
2020-12-19,UP,EXPANSION,EXPANSION,UP,EXPANSION,STRESS_UP,STRESS_UP,UP,EXPANSION,STRESS_UP,CONFIRMED,STRESS_UP,UP,EXPANSION,STRESS_UP,STRESS_UP,UP,EXPANSION,STRESS_UP,STRESS_UP
2020-12-20,UP,EXPANSION,EXPANSION,UP,EXPANSION,STRESS_UP,STRESS_UP,UP,EXPANSION,STRESS_UP,CONFIRMED,STRESS_UP,UP,EXPANSION,STRESS_UP,STRESS_UP,UP,EXPANSION,STRESS_UP,STRESS_UP
2020-12-21,UP,EXPANSION,EXPANSION,UP,EXPANSION,STRESS_UP,STRESS_UP,UP,EXPANSION,STRESS_UP,CONFIRMED,STRESS_UP,RANGE,EXPANSION,STRESS_UP,STRESS_UP,UP,EXPANSION,STRESS_UP,STRESS_UP
2020-12-22,UP,EXPANSION,EXPANSION,UP,EXPANSION,STRESS_UP,STRESS_UP,UP,EXPANSION,STRESS_UP,CONFIRMED,STRESS_UP,RANGE,EXPANSION,STRESS_UP,STRESS_UP,UP,EXPANSION,STRESS_UP,STRESS_UP
2020-12-23,DOWN,EXPANSION,EXPANSION,RANGE,EXPANSION,STRESS_DOWN,STRESS_DOWN,RANGE,EXPANSION,STRESS_DOWN,CONFIRMED,STRESS_DOWN,RANGE,EXPANSION,STRESS_DOWN,STRESS_DOWN,RANGE,EXPANSION,STRESS_DOWN,STRESS_DOWN
2020-12-24,DOWN,EXPANSION,EXPANSION,RANGE,EXPANSION,STRESS_UP,STRESS_UP,RANGE,EXPANSION,STRESS_UP,CONFIRMED,STRESS_UP,RANGE,EXPANSION,STRESS_UP,STRESS_UP,RANGE,EXPANSION,STRESS_UP,STRESS_UP
2020-12-25,DOWN,EXPANSION,EXPANSION,RANGE,EXPANSION,STRESS_UP,STRESS_UP,RANGE,EXPANSION,STRESS_UP,CONFIRMED,STRESS_UP,RANGE,EXPANSION,STRESS_UP,STRESS_UP,RANGE,EXPANSION,STRESS_UP,STRESS_UP
2020-12-26,DOWN,EXPANSION,EXPANSION,RANGE,EXPANSION,CALM,EXPANSION,RANGE,EXPANSION,CALM,CONFIRMED,EXPANSION,RANGE,EXPANSION,CALM,EXPANSION,RANGE,EXPANSION,STRESS_UP,STRESS_UP
2020-12-27,DOWN,EXPANSION,EXPANSION,RANGE,EXPANSION,STRESS_DOWN,STRESS_DOWN,RANGE,EXPANSION,STRESS_DOWN,CONFIRMED,STRESS_DOWN,RANGE,EXPANSION,STRESS_DOWN,STRESS_DOWN,RANGE,EXPANSION,STRESS_DOWN,STRESS_DOWN
2020-12-28,DOWN,EXPANSION,EXPANSION,RANGE,EXPANSION,STRESS_DOWN,STRESS_DOWN,RANGE,EXPANSION,STRESS_DOWN,CONFIRMED,STRESS_DOWN,RANGE,EXPANSION,STRESS_DOWN,STRESS_DOWN,RANGE,EXPANSION,STRESS_DOWN,STRESS_DOWN
2020-12-29,DOWN,EXPANSION,EXPANSION,RANGE,EXPANSION,STRESS_DOWN,STRESS_DOWN,RANGE,EXPANSION,STRESS_DOWN,CONFIRMED,STRESS_DOWN,RANGE,EXPANSION,STRESS_DOWN,STRESS_DOWN,RANGE,EXPANSION,STRESS_DOWN,STRESS_DOWN
2020-12-30,DOWN,EXPANSION,EXPANSION,RANGE,EXPANSION,STRESS_DOWN,STRESS_DOWN,RANGE,EXPANSION,STRESS_DOWN,CONFIRMED,STRESS_DOWN,RANGE,EXPANSION,STRESS_DOWN,STRESS_DOWN,RANGE,EXPANSION,STRESS_DOWN,STRESS_DOWN
2020-12-31,DOWN,EXPANSION,EXPANSION,RANGE,EXPANSION,STRESS_DOWN,STRESS_DOWN,RANGE,EXPANSION,STRESS_DOWN,CONFIRMED,STRESS_DOWN,RANGE,EXPANSION,STRESS_DOWN,STRESS_DOWN,RANGE,EXPANSION,STRESS_DOWN,STRESS_DOWN
2021-01-01,DOWN,EXPANSION,EXPANSION,RANGE,EXPANSION,STRESS_DOWN,STRESS_DOWN,RANGE,EXPANSION,STRESS_DOWN,CONFIRMED,STRESS_DOWN,RANGE,EXPANSION,STRESS_DOWN,STRESS_DOWN,RANGE,EXPANSION,STRESS_DOWN,STRESS_DOWN
2021-01-02,DOWN,EXPANSION,EXPANSION,RANGE,EXPANSION,STRESS_DOWN,STRESS_DOWN,RANGE,EXPANSION,STRESS_DOWN,CONFIRMED,STRESS_DOWN,RANGE,EXPANSION,STRESS_DOWN,STRESS_DOWN,RANGE,EXPANSION,STRESS_DOWN,STRESS_DOWN
2021-01-03,DOWN,EXPANSION,EXPANSION,RANGE,EXPANSION,STRESS_DOWN,STRESS_DOWN,RANGE,EXPANSION,STRESS_DOWN,CONFIRMED,STRESS_DOWN,RANGE,EXPANSION,STRESS_DOWN,STRESS_DOWN,RANGE,EXPANSION,STRESS_DOWN,STRESS_DOWN
2021-01-04,DOWN,EXPANSION,EXPANSION,DOWN,EXPANSION,STRESS_DOWN,STRESS_DOWN,DOWN,EXPANSION,STRESS_DOWN,CONFIRMED,STRESS_DOWN,DOWN,EXPANSION,STRESS_DOWN,STRESS_DOWN,DOWN,EXPANSION,STRESS_DOWN,STRESS_DOWN
2021-01-05,DOWN,EXPANSION,EXPANSION,DOWN,EXPANSION,STRESS_DOWN,STRESS_DOWN,DOWN,EXPANSION,STRESS_DOWN,CONFIRMED,STRESS_DOWN,DOWN,EXPANSION,STRESS_DOWN,STRESS_DOWN,DOWN,EXPANSION,STRESS_DOWN,STRESS_DOWN
2021-01-06,DOWN,EXPANSION,EXPANSION,DOWN,EXPANSION,STRESS_DOWN,STRESS_DOWN,DOWN,EXPANSION,STRESS_DOWN,CONFIRMED,STRESS_DOWN,DOWN,EXPANSION,STRESS_DOWN,STRESS_DOWN,DOWN,EXPANSION,STRESS_DOWN,STRESS_DOWN
2021-01-07,DOWN,EXPANSION,EXPANSION,DOWN,EXPANSION,STRESS_UP,STRESS_UP,DOWN,EXPANSION,STRESS_UP,CONFIRMED,STRESS_UP,DOWN,EXPANSION,STRESS_UP,STRESS_UP,DOWN,EXPANSION,STRESS_UP,STRESS_UP
2021-01-08,DOWN,EXPANSION,EXPANSION,RANGE,EXPANSION,STRESS_UP,STRESS_UP,RANGE,EXPANSION,STRESS_UP,CONFIRMED,STRESS_UP,RANGE,EXPANSION,STRESS_UP,STRESS_UP,RANGE,EXPANSION,STRESS_UP,STRESS_UP
2021-01-09,DOWN,EXPANSION,EXPANSION,RANGE,EXPANSION,STRESS_UP,STRESS_UP,RANGE,EXPANSION,STRESS_UP,CONFIRMED,STRESS_UP,RANGE,EXPANSION,STRESS_UP,STRESS_UP,RANGE,EXPANSION,STRESS_UP,STRESS_UP
2021-01-10,DOWN,EXPANSION,EXPANSION,RANGE,EXPANSION,STRESS_UP,STRESS_UP,RANGE,EXPANSION,STRESS_UP,CONFIRMED,STRESS_UP,RANGE,EXPANSION,STRESS_UP,STRESS_UP,RANGE,EXPANSION,STRESS_UP,STRESS_UP
2021-01-11,DOWN,EXPANSION,EXPANSION,RANGE,EXPANSION,STRESS_DOWN,STRESS_DOWN,RANGE,EXPANSION,STRESS_DOWN,CONFIRMED,STRESS_DOWN,RANGE,EXPANSION,STRESS_DOWN,STRESS_DOWN,RANGE,EXPANSION,STRESS_DOWN,STRESS_DOWN
2021-01-12,DOWN,EXPANSION,EXPANSION,RANGE,EXPANSION,STRESS_DOWN,STRESS_DOWN,RANGE,EXPANSION,STRESS_DOWN,CONFIRMED,STRESS_DOWN,RANGE,EXPANSION,STRESS_DOWN,STRESS_DOWN,RANGE,EXPANSION,STRESS_DOWN,STRESS_DOWN
2021-01-13,DOWN,EXPANSION,EXPANSION,RANGE,EXPANSION,STRESS_UP,STRESS_UP,RANGE,EXPANSION,STRESS_UP,CONFIRMED,STRESS_UP,RANGE,EXPANSION,STRESS_UP,STRESS_UP,RANGE,EXPANSION,STRESS_UP,STRESS_UP
2021-01-14,DOWN,EXPANSION,EXPANSION,RANGE,EXPANSION,STRESS_DOWN,STRESS_DOWN,RANGE,EXPANSION,STRESS_DOWN,CONFIRMED,STRESS_DOWN,RANGE,EXPANSION,STRESS_DOWN,STRESS_DOWN,RANGE,EXPANSION,STRESS_DOWN,STRESS_DOWN
2021-01-15,DOWN,EXPANSION,EXPANSION,RANGE,EXPANSION,STRESS_DOWN,STRESS_DOWN,RANGE,EXPANSION,STRESS_DOWN,CONFIRMED,STRESS_DOWN,RANGE,EXPANSION,STRESS_DOWN,STRESS_DOWN,RANGE,EXPANSION,STRESS_DOWN,STRESS_DOWN
2021-01-16,RANGE,EXPANSION,EXPANSION,RANGE,EXPANSION,STRESS_DOWN,STRESS_DOWN,RANGE,EXPANSION,STRESS_DOWN,CONFIRMED,STRESS_DOWN,RANGE,EXPANSION,STRESS_DOWN,STRESS_DOWN,RANGE,EXPANSION,STRESS_DOWN,STRESS_DOWN
2021-01-17,RANGE,EXPANSION,EXPANSION,RANGE,EXPANSION,STRESS_DOWN,STRESS_DOWN,RANGE,EXPANSION,STRESS_DOWN,CONFIRMED,STRESS_DOWN,RANGE,EXPANSION,STRESS_DOWN,STRESS_DOWN,RANGE,EXPANSION,STRESS_DOWN,STRESS_DOWN
2021-01-18,RANGE,NORMAL,RANGE,RANGE,NORMAL,STRESS_DOWN,STRESS_DOWN,RANGE,NORMAL,STRESS_DOWN,CONFIRMED,STRESS_DOWN,RANGE,NORMAL,STRESS_DOWN,STRESS_DOWN,RANGE,EXPANSION,STRESS_DOWN,STRESS_DOWN
2021-01-19,RANGE,NORMAL,RANGE,RANGE,NORMAL,STRESS_DOWN,STRESS_DOWN,RANGE,NORMAL,STRESS_DOWN,CONFIRMED,STRESS_DOWN,RANGE,NORMAL,STRESS_DOWN,STRESS_DOWN,RANGE,EXPANSION,STRESS_DOWN,STRESS_DOWN
2021-01-20,RANGE,NORMAL,RANGE,RANGE,NORMAL,STRESS_DOWN,STRESS_DOWN,RANGE,NORMAL,STRESS_DOWN,CONFIRMED,STRESS_DOWN,RANGE,NORMAL,STRESS_DOWN,STRESS_DOWN,RANGE,EXPANSION,STRESS_DOWN,STRESS_DOWN
2021-01-21,RANGE,NORMAL,RANGE,RANGE,NORMAL,STRESS_DOWN,STRESS_DOWN,RANGE,NORMAL,STRESS_DOWN,CONFIRMED,STRESS_DOWN,RANGE,NORMAL,STRESS_DOWN,STRESS_DOWN,RANGE,EXPANSION,STRESS_DOWN,STRESS_DOWN
2021-01-22,RANGE,NORMAL,RANGE,RANGE,NORMAL,STRESS_DOWN,STRESS_DOWN,RANGE,NORMAL,STRESS_DOWN,CONFIRMED,STRESS_DOWN,RANGE,NORMAL,STRESS_DOWN,STRESS_DOWN,RANGE,EXPANSION,STRESS_DOWN,STRESS_DOWN
2021-01-23,RANGE,NORMAL,RANGE,RANGE,NORMAL,STRESS_DOWN,STRESS_DOWN,RANGE,NORMAL,STRESS_DOWN,CONFIRMED,STRESS_DOWN,RANGE,NORMAL,STRESS_DOWN,STRESS_DOWN,RANGE,EXPANSION,STRESS_DOWN,STRESS_DOWN
2021-01-24,RANGE,NORMAL,RANGE,RANGE,NORMAL,STRESS_DOWN,STRESS_DOWN,RANGE,NORMAL,STRESS_DOWN,CONFIRMED,STRESS_DOWN,RANGE,NORMAL,STRESS_DOWN,STRESS_DOWN,RANGE,EXPANSION,STRESS_DOWN,STRESS_DOWN
2021-01-25,RANGE,NORMAL,RANGE,RANGE,NORMAL,STRESS_DOWN,STRESS_DOWN,RANGE,NORMAL,STRESS_DOWN,CONFIRMED,STRESS_DOWN,RANGE,NORMAL,STRESS_DOWN,STRESS_DOWN,RANGE,EXPANSION,STRESS_DOWN,STRESS_DOWN
2021-01-26,RANGE,NORMAL,RANGE,RANGE,NORMAL,STRESS_DOWN,STRESS_DOWN,RANGE,NORMAL,STRESS_DOWN,CONFIRMED,STRESS_DOWN,RANGE,NORMAL,STRESS_DOWN,STRESS_DOWN,RANGE,EXPANSION,STRESS_DOWN,STRESS_DOWN
2021-01-27,RANGE,NORMAL,RANGE,RANGE,NORMAL,STRESS_DOWN,STRESS_DOWN,RANGE,NORMAL,STRESS_DOWN,CONFIRMED,STRESS_DOWN,RANGE,NORMAL,STRESS_DOWN,STRESS_DOWN,RANGE,EXPANSION,STRESS_DOWN,STRESS_DOWN
2021-01-28,RANGE,NORMAL,RANGE,RANGE,NORMAL,STRESS_DOWN,STRESS_DOWN,RANGE,NORMAL,STRESS_DOWN,CONFIRMED,STRESS_DOWN,RANGE,NORMAL,STRESS_DOWN,STRESS_DOWN,RANGE,EXPANSION,STRESS_DOWN,STRESS_DOWN
2021-01-29,RANGE,NORMAL,RANGE,RANGE,NORMAL,STRESS_DOWN,STRESS_DOWN,RANGE,NORMAL,STRESS_DOWN,CONFIRMED,STRESS_DOWN,RANGE,NORMAL,STRESS_DOWN,STRESS_DOWN,RANGE,EXPANSION,STRESS_DOWN,STRESS_DOWN
2021-01-30,RANGE,NORMAL,RANGE,RANGE,NORMAL,STRESS_UP,STRESS_UP,RANGE,NORMAL,STRESS_UP,CONFIRMED,STRESS_UP,RANGE,NORMAL,STRESS_UP,STRESS_UP,UP,NORMAL,STRESS_UP,STRESS_UP
2021-01-31,RANGE,EXPANSION,EXPANSION,RANGE,EXPANSION,STRESS_UP,STRESS_UP,RANGE,EXPANSION,STRESS_UP,CONFIRMED,STRESS_UP,RANGE,EXPANSION,STRESS_UP,STRESS_UP,UP,NORMAL,STRESS_UP,STRESS_UP
2021-02-01,UP,EXPANSION,EXPANSION,UP,EXPANSION,STRESS_UP,STRESS_UP,UP,EXPANSION,STRESS_UP,CONFIRMED,STRESS_UP,RANGE,EXPANSION,STRESS_UP,STRESS_UP,UP,EXPANSION,STRESS_UP,STRESS_UP
2021-02-02,UP,EXPANSION,EXPANSION,UP,EXPANSION,STRESS_UP,STRESS_UP,UP,EXPANSION,STRESS_UP,CONFIRMED,STRESS_UP,UP,EXPANSION,STRESS_UP,STRESS_UP,UP,EXPANSION,STRESS_UP,STRESS_UP
2021-02-03,UP,EXPANSION,EXPANSION,UP,EXPANSION,STRESS_UP,STRESS_UP,UP,EXPANSION,STRESS_UP,CONFIRMED,STRESS_UP,UP,EXPANSION,STRESS_UP,STRESS_UP,UP,EXPANSION,STRESS_UP,STRESS_UP
2021-02-04,UP,EXPANSION,EXPANSION,UP,EXPANSION,STRESS_UP,STRESS_UP,UP,EXPANSION,STRESS_UP,CONFIRMED,STRESS_UP,UP,EXPANSION,STRESS_UP,STRESS_UP,UP,EXPANSION,STRESS_UP,STRESS_UP
2021-02-05,UP,EXPANSION,EXPANSION,UP,EXPANSION,STRESS_UP,STRESS_UP,UP,EXPANSION,STRESS_UP,CONFIRMED,STRESS_UP,UP,EXPANSION,STRESS_UP,STRESS_UP,UP,EXPANSION,STRESS_UP,STRESS_UP
2021-02-06,UP,EXPANSION,EXPANSION,UP,EXPANSION,STRESS_UP,STRESS_UP,UP,EXPANSION,STRESS_UP,CONFIRMED,STRESS_UP,UP,EXPANSION,STRESS_UP,STRESS_UP,UP,EXPANSION,STRESS_UP,STRESS_UP
2021-02-07,UP,EXPANSION,EXPANSION,UP,EXPANSION,STRESS_UP,STRESS_UP,UP,EXPANSION,STRESS_UP,CONFIRMED,STRESS_UP,UP,EXPANSION,STRESS_UP,STRESS_UP,UP,EXPANSION,STRESS_UP,STRESS_UP
2021-02-08,UP,EXPANSION,EXPANSION,UP,EXPANSION,STRESS_UP,STRESS_UP,UP,EXPANSION,STRESS_UP,CONFIRMED,STRESS_UP,UP,EXPANSION,STRESS_UP,STRESS_UP,UP,EXPANSION,STRESS_UP,STRESS_UP
2021-02-09,UP,EXPANSION,EXPANSION,UP,EXPANSION,STRESS_UP,STRESS_UP,UP,EXPANSION,STRESS_UP,CONFIRMED,STRESS_UP,UP,EXPANSION,STRESS_UP,STRESS_UP,UP,EXPANSION,STRESS_UP,STRESS_UP
2021-02-10,UP,EXPANSION,EXPANSION,UP,EXPANSION,STRESS_UP,STRESS_UP,UP,EXPANSION,STRESS_UP,CONFIRMED,STRESS_UP,UP,EXPANSION,STRESS_UP,STRESS_UP,UP,EXPANSION,STRESS_UP,STRESS_UP
2021-02-11,UP,EXPANSION,EXPANSION,UP,EXPANSION,STRESS_UP,STRESS_UP,UP,EXPANSION,STRESS_UP,CONFIRMED,STRESS_UP,UP,EXPANSION,STRESS_UP,STRESS_UP,UP,EXPANSION,STRESS_UP,STRESS_UP
2021-02-12,UP,EXPANSION,EXPANSION,UP,EXPANSION,STRESS_UP,STRESS_UP,UP,EXPANSION,STRESS_UP,CONFIRMED,STRESS_UP,UP,EXPANSION,STRESS_UP,STRESS_UP,UP,NORMAL,STRESS_UP,STRESS_UP
2021-02-13,UP,EXPANSION,EXPANSION,UP,EXPANSION,STRESS_UP,STRESS_UP,UP,EXPANSION,STRESS_UP,CONFIRMED,STRESS_UP,UP,EXPANSION,STRESS_UP,STRESS_UP,UP,NORMAL,STRESS_UP,STRESS_UP
2021-02-14,UP,EXPANSION,EXPANSION,UP,EXPANSION,STRESS_UP,STRESS_UP,UP,EXPANSION,STRESS_UP,CONFIRMED,STRESS_UP,UP,EXPANSION,STRESS_UP,STRESS_UP,UP,NORMAL,STRESS_UP,STRESS_UP
2021-02-15,UP,EXPANSION,EXPANSION,UP,EXPANSION,STRESS_UP,STRESS_UP,UP,EXPANSION,STRESS_UP,CONFIRMED,STRESS_UP,UP,EXPANSION,STRESS_UP,STRESS_UP,UP,EXPANSION,STRESS_UP,STRESS_UP
2021-02-16,UP,EXPANSION,EXPANSION,UP,EXPANSION,STRESS_UP,STRESS_UP,UP,EXPANSION,STRESS_UP,CONFIRMED,STRESS_UP,UP,EXPANSION,STRESS_UP,STRESS_UP,UP,EXPANSION,STRESS_UP,STRESS_UP
2021-02-17,UP,NORMAL,UP,UP,NORMAL,STRESS_UP,STRESS_UP,UP,NORMAL,STRESS_UP,CONFIRMED,STRESS_UP,UP,NORMAL,STRESS_UP,STRESS_UP,UP,EXPANSION,STRESS_UP,STRESS_UP
2021-02-18,UP,NORMAL,UP,UP,NORMAL,STRESS_UP,STRESS_UP,UP,NORMAL,STRESS_UP,CONFIRMED,STRESS_UP,UP,NORMAL,STRESS_UP,STRESS_UP,UP,EXPANSION,STRESS_UP,STRESS_UP
2021-02-19,UP,NORMAL,UP,UP,NORMAL,STRESS_UP,STRESS_UP,UP,NORMAL,STRESS_UP,CONFIRMED,STRESS_UP,UP,NORMAL,STRESS_UP,STRESS_UP,UP,NORMAL,STRESS_UP,STRESS_UP
2021-02-20,UP,NORMAL,UP,UP,NORMAL,STRESS_UP,STRESS_UP,UP,NORMAL,STRESS_UP,CONFIRMED,STRESS_UP,UP,NORMAL,STRESS_UP,STRESS_UP,UP,EXPANSION,STRESS_UP,STRESS_UP
2021-02-21,UP,NORMAL,UP,UP,NORMAL,STRESS_UP,STRESS_UP,UP,NORMAL,STRESS_UP,CONFIRMED,STRESS_UP,UP,NORMAL,STRESS_UP,STRESS_UP,UP,NORMAL,STRESS_UP,STRESS_UP
2021-02-22,UP,NORMAL,UP,UP,NORMAL,STRESS_UP,STRESS_UP,UP,NORMAL,STRESS_UP,CONFIRMED,STRESS_UP,UP,NORMAL,STRESS_UP,STRESS_UP,UP,EXPANSION,STRESS_UP,STRESS_UP
2021-02-23,UP,NORMAL,UP,UP,NORMAL,STRESS_UP,STRESS_UP,UP,NORMAL,STRESS_UP,CONFIRMED,STRESS_UP,UP,NORMAL,STRESS_UP,STRESS_UP,UP,EXPANSION,STRESS_UP,STRESS_UP
2021-02-24,UP,NORMAL,UP,UP,NORMAL,STRESS_UP,STRESS_UP,UP,NORMAL,STRESS_UP,CONFIRMED,STRESS_UP,UP,NORMAL,STRESS_UP,STRESS_UP,UP,EXPANSION,STRESS_UP,STRESS_UP
2021-02-25,UP,NORMAL,UP,UP,NORMAL,STRESS_UP,STRESS_UP,UP,NORMAL,STRESS_UP,CONFIRMED,STRESS_UP,UP,NORMAL,STRESS_UP,STRESS_UP,UP,EXPANSION,STRESS_UP,STRESS_UP
2021-02-26,DOWN,NORMAL,DOWN,RANGE,NORMAL,STRESS_UP,STRESS_UP,RANGE,NORMAL,STRESS_UP,CONFIRMED,STRESS_UP,RANGE,NORMAL,STRESS_UP,STRESS_UP,RANGE,EXPANSION,STRESS_UP,STRESS_UP
2021-02-27,UP,NORMAL,UP,UP,NORMAL,STRESS_UP,STRESS_UP,UP,NORMAL,STRESS_UP,CONFIRMED,STRESS_UP,UP,NORMAL,STRESS_UP,STRESS_UP,UP,EXPANSION,STRESS_UP,STRESS_UP
2021-02-28,DOWN,NORMAL,DOWN,RANGE,NORMAL,STRESS_UP,STRESS_UP,RANGE,NORMAL,STRESS_UP,CONFIRMED,STRESS_UP,RANGE,NORMAL,STRESS_UP,STRESS_UP,RANGE,EXPANSION,STRESS_UP,STRESS_UP
2021-03-01,UP,NORMAL,UP,UP,NORMAL,STRESS_UP,STRESS_UP,UP,NORMAL,STRESS_UP,CONFIRMED,STRESS_UP,UP,NORMAL,STRESS_UP,STRESS_UP,UP,EXPANSION,STRESS_UP,STRESS_UP
2021-03-02,UP,NORMAL,UP,UP,NORMAL,STRESS_UP,STRESS_UP,UP,NORMAL,STRESS_UP,CONFIRMED,STRESS_UP,UP,NORMAL,STRESS_UP,STRESS_UP,UP,EXPANSION,STRESS_UP,STRESS_UP
2021-03-03,UP,NORMAL,UP,UP,NORMAL,STRESS_UP,STRESS_UP,UP,NORMAL,STRESS_UP,CONFIRMED,STRESS_UP,UP,NORMAL,STRESS_UP,STRESS_UP,UP,EXPANSION,STRESS_UP,STRESS_UP
2021-03-04,UP,NORMAL,UP,UP,NORMAL,STRESS_UP,STRESS_UP,UP,NORMAL,STRESS_UP,CONFIRMED,STRESS_UP,RANGE,NORMAL,STRESS_UP,STRESS_UP,UP,NORMAL,STRESS_UP,STRESS_UP
2021-03-05,UP,NORMAL,UP,UP,NORMAL,STRESS_UP,STRESS_UP,UP,NORMAL,STRESS_UP,CONFIRMED,STRESS_UP,RANGE,NORMAL,STRESS_UP,STRESS_UP,UP,NORMAL,STRESS_UP,STRESS_UP
2021-03-06,UP,NORMAL,UP,RANGE,NORMAL,STRESS_UP,STRESS_UP,RANGE,NORMAL,STRESS_UP,CONFIRMED,STRESS_UP,RANGE,NORMAL,STRESS_UP,STRESS_UP,RANGE,NORMAL,STRESS_UP,STRESS_UP
2021-03-07,UP,NORMAL,UP,RANGE,NORMAL,STRESS_UP,STRESS_UP,RANGE,NORMAL,STRESS_UP,UNCONFIRMED,STRESS_UP,RANGE,NORMAL,STRESS_UP,STRESS_UP,RANGE,NORMAL,STRESS_UP,STRESS_UP
2021-03-08,UP,NORMAL,UP,RANGE,NORMAL,CALM,RANGE,RANGE,NORMAL,CALM,CONFIRMED,RANGE,RANGE,NORMAL,CALM,RANGE,RANGE,NORMAL,CALM,RANGE
2021-03-09,UP,NORMAL,UP,RANGE,NORMAL,CALM,RANGE,RANGE,NORMAL,CALM,CONFIRMED,RANGE,RANGE,NORMAL,CALM,RANGE,RANGE,NORMAL,CALM,RANGE
2021-03-10,RANGE,NORMAL,RANGE,RANGE,NORMAL,CALM,RANGE,RANGE,NORMAL,CALM,CONFIRMED,RANGE,RANGE,NORMAL,CALM,RANGE,RANGE,NORMAL,CALM,RANGE
2021-03-11,RANGE,NORMAL,RANGE,RANGE,NORMAL,CALM,RANGE,RANGE,NORMAL,CALM,CONFIRMED,RANGE,RANGE,NORMAL,CALM,RANGE,RANGE,NORMAL,CALM,RANGE
2021-03-12,RANGE,NORMAL,RANGE,RANGE,NORMAL,CALM,RANGE,RANGE,NORMAL,CALM,CONFIRMED,RANGE,RANGE,NORMAL,CALM,RANGE,RANGE,NORMAL,CALM,RANGE
2021-03-13,RANGE,NORMAL,RANGE,RANGE,NORMAL,CALM,RANGE,RANGE,NORMAL,CALM,CONFIRMED,RANGE,RANGE,NORMAL,CALM,RANGE,RANGE,NORMAL,CALM,RANGE
2021-03-14,RANGE,NORMAL,RANGE,RANGE,NORMAL,CALM,RANGE,RANGE,NORMAL,CALM,CONFIRMED,RANGE,RANGE,NORMAL,CALM,RANGE,RANGE,NORMAL,CALM,RANGE
2021-03-15,RANGE,NORMAL,RANGE,RANGE,NORMAL,CALM,RANGE,RANGE,NORMAL,CALM,CONFIRMED,RANGE,RANGE,NORMAL,CALM,RANGE,RANGE,NORMAL,CALM,RANGE
2021-03-16,RANGE,NORMAL,RANGE,RANGE,NORMAL,CALM,RANGE,RANGE,NORMAL,CALM,CONFIRMED,RANGE,RANGE,NORMAL,CALM,RANGE,RANGE,NORMAL,CALM,RANGE
2021-03-17,RANGE,NORMAL,RANGE,RANGE,NORMAL,CALM,RANGE,RANGE,NORMAL,CALM,CONFIRMED,RANGE,RANGE,NORMAL,CALM,RANGE,RANGE,NORMAL,CALM,RANGE
2021-03-18,RANGE,NORMAL,RANGE,RANGE,NORMAL,CALM,RANGE,RANGE,NORMAL,CALM,CONFIRMED,RANGE,RANGE,NORMAL,CALM,RANGE,RANGE,NORMAL,CALM,RANGE
2021-03-19,RANGE,NORMAL,RANGE,RANGE,NORMAL,CALM,RANGE,RANGE,NORMAL,CALM,UNCONFIRMED,RANGE,RANGE,NORMAL,CALM,RANGE,RANGE,NORMAL,CALM,RANGE
2021-03-20,RANGE,NORMAL,RANGE,RANGE,NORMAL,CALM,RANGE,RANGE,NORMAL,CALM,CONFIRMED,RANGE,RANGE,NORMAL,CALM,RANGE,RANGE,NORMAL,CALM,RANGE
2021-03-21,RANGE,NORMAL,RANGE,RANGE,NORMAL,CALM,RANGE,RANGE,NORMAL,CALM,CONFIRMED,RANGE,RANGE,NORMAL,CALM,RANGE,RANGE,NORMAL,CALM,RANGE
2021-03-22,UP,NORMAL,UP,RANGE,NORMAL,CALM,RANGE,RANGE,NORMAL,CALM,CONFIRMED,RANGE,RANGE,NORMAL,CALM,RANGE,RANGE,NORMAL,CALM,RANGE
2021-03-23,UP,NORMAL,UP,RANGE,NORMAL,CALM,RANGE,RANGE,NORMAL,CALM,CONFIRMED,RANGE,RANGE,NORMAL,CALM,RANGE,RANGE,NORMAL,CALM,RANGE
2021-03-24,UP,NORMAL,UP,RANGE,NORMAL,CALM,RANGE,RANGE,NORMAL,CALM,CONFIRMED,RANGE,RANGE,NORMAL,CALM,RANGE,RANGE,NORMAL,CALM,RANGE
2021-03-25,UP,NORMAL,UP,RANGE,NORMAL,CALM,RANGE,RANGE,NORMAL,CALM,CONFIRMED,RANGE,RANGE,NORMAL,CALM,RANGE,RANGE,NORMAL,CALM,RANGE
2021-03-26,UP,NORMAL,UP,RANGE,NORMAL,CALM,RANGE,RANGE,NORMAL,CALM,CONFIRMED,RANGE,RANGE,NORMAL,CALM,RANGE,RANGE,NORMAL,CALM,RANGE
2021-03-27,UP,NORMAL,UP,RANGE,NORMAL,CALM,RANGE,RANGE,NORMAL,CALM,CONFIRMED,RANGE,RANGE,NORMAL,CALM,RANGE,RANGE,NORMAL,CALM,RANGE
2021-03-28,UP,NORMAL,UP,RANGE,NORMAL,CALM,RANGE,RANGE,NORMAL,CALM,UNCONFIRMED,RANGE,RANGE,NORMAL,CALM,RANGE,RANGE,NORMAL,CALM,RANGE
2021-03-29,UP,NORMAL,UP,RANGE,NORMAL,CALM,RANGE,RANGE,NORMAL,CALM,CONFIRMED,RANGE,RANGE,NORMAL,CALM,RANGE,RANGE,NORMAL,CALM,RANGE
2021-03-30,UP,NORMAL,UP,RANGE,NORMAL,CALM,RANGE,RANGE,NORMAL,CALM,CONFIRMED,RANGE,RANGE,NORMAL,CALM,RANGE,RANGE,NORMAL,CALM,RANGE
2021-03-31,UP,NORMAL,UP,UP,NORMAL,CALM,UP,UP,NORMAL,CALM,CONFIRMED,UP,RANGE,NORMAL,CALM,RANGE,UP,NORMAL,CALM,UP
2021-04-01,UP,NORMAL,UP,UP,NORMAL,CALM,UP,UP,NORMAL,CALM,CONFIRMED,UP,RANGE,NORMAL,CALM,RANGE,UP,NORMAL,CALM,UP
2021-04-02,UP,NORMAL,UP,UP,NORMAL,CALM,UP,UP,NORMAL,CALM,CONFIRMED,UP,RANGE,NORMAL,CALM,RANGE,UP,NORMAL,CALM,UP
2021-04-03,UP,NORMAL,UP,UP,NORMAL,CALM,UP,UP,NORMAL,CALM,CONFIRMED,UP,RANGE,NORMAL,CALM,RANGE,UP,NORMAL,CALM,UP
2021-04-04,UP,NORMAL,UP,UP,NORMAL,CALM,UP,UP,NORMAL,CALM,CONFIRMED,UP,RANGE,NORMAL,CALM,RANGE,UP,NORMAL,CALM,UP
2021-04-05,UP,NORMAL,UP,UP,NORMAL,CALM,UP,UP,NORMAL,CALM,CONFIRMED,UP,UP,NORMAL,CALM,UP,UP,NORMAL,CALM,UP
2021-04-06,UP,EXPANSION,EXPANSION,UP,EXPANSION,CALM,EXPANSION,UP,EXPANSION,CALM,CONFIRMED,EXPANSION,UP,EXPANSION,CALM,EXPANSION,UP,NORMAL,CALM,UP
2021-04-07,UP,EXPANSION,EXPANSION,UP,EXPANSION,CALM,EXPANSION,UP,EXPANSION,CALM,CONFIRMED,EXPANSION,UP,EXPANSION,CALM,EXPANSION,UP,NORMAL,CALM,UP
2021-04-08,UP,EXPANSION,EXPANSION,UP,EXPANSION,CALM,EXPANSION,UP,EXPANSION,CALM,CONFIRMED,EXPANSION,UP,EXPANSION,CALM,EXPANSION,UP,NORMAL,CALM,UP
2021-04-09,UP,EXPANSION,EXPANSION,UP,EXPANSION,CALM,EXPANSION,UP,EXPANSION,CALM,CONFIRMED,EXPANSION,UP,EXPANSION,CALM,EXPANSION,UP,NORMAL,CALM,UP
2021-04-10,UP,EXPANSION,EXPANSION,UP,EXPANSION,CALM,EXPANSION,UP,EXPANSION,CALM,CONFIRMED,EXPANSION,UP,EXPANSION,CALM,EXPANSION,UP,NORMAL,CALM,UP
2021-04-11,UP,EXPANSION,EXPANSION,UP,EXPANSION,CALM,EXPANSION,UP,EXPANSION,CALM,CONFIRMED,EXPANSION,UP,EXPANSION,CALM,EXPANSION,UP,NORMAL,CALM,UP
2021-04-12,UP,EXPANSION,EXPANSION,UP,EXPANSION,CALM,EXPANSION,UP,EXPANSION,CALM,CONFIRMED,EXPANSION,UP,EXPANSION,CALM,EXPANSION,UP,NORMAL,CALM,UP
2021-04-13,UP,EXPANSION,EXPANSION,UP,EXPANSION,CALM,EXPANSION,UP,EXPANSION,CALM,CONFIRMED,EXPANSION,UP,EXPANSION,CALM,EXPANSION,UP,NORMAL,CALM,UP
2021-04-14,UP,EXPANSION,EXPANSION,UP,EXPANSION,CALM,EXPANSION,UP,EXPANSION,CALM,CONFIRMED,EXPANSION,UP,EXPANSION,CALM,EXPANSION,UP,NORMAL,CALM,UP
2021-04-15,UP,EXPANSION,EXPANSION,UP,EXPANSION,CALM,EXPANSION,UP,EXPANSION,CALM,CONFIRMED,EXPANSION,UP,EXPANSION,CALM,EXPANSION,UP,NORMAL,CALM,UP
2021-04-16,UP,EXPANSION,EXPANSION,UP,EXPANSION,CALM,EXPANSION,UP,EXPANSION,CALM,CONFIRMED,EXPANSION,UP,EXPANSION,CALM,EXPANSION,UP,NORMAL,CALM,UP
2021-04-17,UP,EXPANSION,EXPANSION,UP,EXPANSION,STRESS_UP,STRESS_UP,UP,EXPANSION,STRESS_UP,CONFIRMED,STRESS_UP,UP,EXPANSION,STRESS_UP,STRESS_UP,UP,NORMAL,STRESS_UP,STRESS_UP
2021-04-18,UP,EXPANSION,EXPANSION,UP,EXPANSION,STRESS_UP,STRESS_UP,UP,EXPANSION,STRESS_UP,CONFIRMED,STRESS_UP,UP,EXPANSION,STRESS_UP,STRESS_UP,UP,NORMAL,STRESS_UP,STRESS_UP
2021-04-19,UP,EXPANSION,EXPANSION,UP,EXPANSION,STRESS_UP,STRESS_UP,UP,EXPANSION,STRESS_UP,CONFIRMED,STRESS_UP,UP,EXPANSION,STRESS_UP,STRESS_UP,UP,EXPANSION,STRESS_UP,STRESS_UP
2021-04-20,UP,EXPANSION,EXPANSION,UP,EXPANSION,STRESS_UP,STRESS_UP,UP,EXPANSION,STRESS_UP,CONFIRMED,STRESS_UP,UP,EXPANSION,STRESS_UP,STRESS_UP,UP,EXPANSION,STRESS_UP,STRESS_UP
2021-04-21,UP,EXPANSION,EXPANSION,UP,EXPANSION,STRESS_UP,STRESS_UP,UP,EXPANSION,STRESS_UP,CONFIRMED,STRESS_UP,UP,EXPANSION,STRESS_UP,STRESS_UP,UP,EXPANSION,STRESS_UP,STRESS_UP
2021-04-22,UP,EXPANSION,EXPANSION,UP,EXPANSION,STRESS_UP,STRESS_UP,UP,EXPANSION,STRESS_UP,CONFIRMED,STRESS_UP,UP,EXPANSION,STRESS_UP,STRESS_UP,UP,EXPANSION,STRESS_UP,STRESS_UP
2021-04-23,UP,NORMAL,UP,UP,NORMAL,STRESS_UP,STRESS_UP,UP,NORMAL,STRESS_UP,CONFIRMED,STRESS_UP,UP,NORMAL,STRESS_UP,STRESS_UP,UP,EXPANSION,STRESS_UP,STRESS_UP
2021-04-24,UP,NORMAL,UP,UP,NORMAL,STRESS_UP,STRESS_UP,UP,NORMAL,STRESS_UP,CONFIRMED,STRESS_UP,UP,NORMAL,STRESS_UP,STRESS_UP,UP,EXPANSION,STRESS_UP,STRESS_UP
2021-04-25,UP,NORMAL,UP,UP,NORMAL,STRESS_UP,STRESS_UP,UP,NORMAL,STRESS_UP,CONFIRMED,STRESS_UP,UP,NORMAL,STRESS_UP,STRESS_UP,UP,EXPANSION,STRESS_UP,STRESS_UP
2021-04-26,UP,NORMAL,UP,UP,NORMAL,STRESS_UP,STRESS_UP,UP,NORMAL,STRESS_UP,CONFIRMED,STRESS_UP,UP,NORMAL,STRESS_UP,STRESS_UP,UP,EXPANSION,STRESS_UP,STRESS_UP
2021-04-27,UP,NORMAL,UP,UP,NORMAL,STRESS_UP,STRESS_UP,UP,NORMAL,STRESS_UP,CONFIRMED,STRESS_UP,UP,NORMAL,STRESS_UP,STRESS_UP,UP,NORMAL,STRESS_UP,STRESS_UP
2021-04-28,UP,NORMAL,UP,UP,NORMAL,STRESS_UP,STRESS_UP,UP,NORMAL,STRESS_UP,CONFIRMED,STRESS_UP,UP,NORMAL,STRESS_UP,STRESS_UP,UP,EXPANSION,STRESS_UP,STRESS_UP
2021-04-29,UP,NORMAL,UP,UP,NORMAL,STRESS_UP,STRESS_UP,UP,NORMAL,STRESS_UP,CONFIRMED,STRESS_UP,UP,NORMAL,STRESS_UP,STRESS_UP,UP,NORMAL,STRESS_UP,STRESS_UP
2021-04-30,UP,NORMAL,UP,UP,NORMAL,CALM,UP,UP,NORMAL,CALM,CONFIRMED,UP,UP,NORMAL,CALM,UP,UP,NORMAL,CALM,UP
2021-05-01,UP,NORMAL,UP,UP,NORMAL,CALM,UP,UP,NORMAL,CALM,CONFIRMED,UP,UP,NORMAL,CALM,UP,UP,NORMAL,CALM,UP
2021-05-02,UP,NORMAL,UP,UP,NORMAL,CALM,UP,UP,NORMAL,CALM,UNCONFIRMED,UP,UP,NORMAL,CALM,UP,UP,NORMAL,CALM,UP
2021-05-03,UP,NORMAL,UP,UP,NORMAL,CALM,UP,UP,NORMAL,CALM,CONFIRMED,UP,UP,NORMAL,CALM,UP,UP,NORMAL,CALM,UP
2021-05-04,UP,NORMAL,UP,UP,NORMAL,STRESS_UP,STRESS_UP,UP,NORMAL,STRESS_UP,CONFIRMED,STRESS_UP,RANGE,NORMAL,STRESS_UP,STRESS_UP,UP,NORMAL,STRESS_UP,STRESS_UP
2021-05-05,UP,NORMAL,UP,UP,NORMAL,CALM,UP,UP,NORMAL,CALM,CONFIRMED,UP,RANGE,NORMAL,CALM,RANGE,UP,NORMAL,CALM,UP
2021-05-06,UP,NORMAL,UP,UP,NORMAL,CALM,UP,UP,NORMAL,CALM,CONFIRMED,UP,RANGE,NORMAL,CALM,RANGE,UP,NORMAL,CALM,UP
2021-05-07,UP,NORMAL,UP,UP,NORMAL,CALM,UP,UP,NORMAL,CALM,CONFIRMED,UP,RANGE,NORMAL,CALM,RANGE,UP,NORMAL,CALM,UP
2021-05-08,UP,NORMAL,UP,UP,NORMAL,CALM,UP,UP,NORMAL,CALM,UNCONFIRMED,UP,RANGE,NORMAL,CALM,RANGE,UP,NORMAL,CALM,UP
2021-05-09,RANGE,NORMAL,RANGE,RANGE,NORMAL,CALM,RANGE,RANGE,NORMAL,CALM,CONFIRMED,RANGE,RANGE,NORMAL,CALM,RANGE,UP,NORMAL,CALM,UP
2021-05-10,RANGE,NORMAL,RANGE,RANGE,NORMAL,STRESS_UP,STRESS_UP,RANGE,NORMAL,STRESS_UP,CONFIRMED,STRESS_UP,RANGE,NORMAL,STRESS_UP,STRESS_UP,UP,NORMAL,STRESS_UP,STRESS_UP
2021-05-11,RANGE,NORMAL,RANGE,RANGE,NORMAL,STRESS_UP,STRESS_UP,RANGE,NORMAL,STRESS_UP,CONFIRMED,STRESS_UP,RANGE,NORMAL,STRESS_UP,STRESS_UP,UP,NORMAL,STRESS_UP,STRESS_UP
2021-05-12,RANGE,NORMAL,RANGE,RANGE,NORMAL,STRESS_UP,STRESS_UP,RANGE,NORMAL,STRESS_UP,CONFIRMED,STRESS_UP,RANGE,NORMAL,STRESS_UP,STRESS_UP,UP,EXPANSION,STRESS_UP,STRESS_UP
2021-05-13,RANGE,NORMAL,RANGE,RANGE,NORMAL,STRESS_UP,STRESS_UP,RANGE,NORMAL,STRESS_UP,CONFIRMED,STRESS_UP,RANGE,NORMAL,STRESS_UP,STRESS_UP,UP,NORMAL,STRESS_UP,STRESS_UP
2021-05-14,RANGE,NORMAL,RANGE,RANGE,NORMAL,STRESS_UP,STRESS_UP,RANGE,NORMAL,STRESS_UP,CONFIRMED,STRESS_UP,RANGE,NORMAL,STRESS_UP,STRESS_UP,UP,NORMAL,STRESS_UP,STRESS_UP
2021-05-15,RANGE,NORMAL,RANGE,RANGE,NORMAL,CALM,RANGE,RANGE,NORMAL,CALM,CONFIRMED,RANGE,RANGE,NORMAL,CALM,RANGE,UP,NORMAL,CALM,UP
2021-05-16,RANGE,NORMAL,RANGE,RANGE,NORMAL,STRESS_UP,STRESS_UP,RANGE,NORMAL,STRESS_UP,CONFIRMED,STRESS_UP,RANGE,NORMAL,STRESS_UP,STRESS_UP,UP,NORMAL,STRESS_UP,STRESS_UP
2021-05-17,RANGE,NORMAL,RANGE,RANGE,NORMAL,STRESS_UP,STRESS_UP,RANGE,NORMAL,STRESS_UP,CONFIRMED,STRESS_UP,RANGE,NORMAL,STRESS_UP,STRESS_UP,UP,NORMAL,STRESS_UP,STRESS_UP
2021-05-18,RANGE,NORMAL,RANGE,RANGE,NORMAL,CALM,RANGE,RANGE,NORMAL,CALM,CONFIRMED,RANGE,RANGE,NORMAL,CALM,RANGE,UP,NORMAL,CALM,UP
2021-05-19,RANGE,NORMAL,RANGE,RANGE,NORMAL,STRESS_UP,STRESS_UP,RANGE,NORMAL,STRESS_UP,CONFIRMED,STRESS_UP,RANGE,NORMAL,STRESS_UP,STRESS_UP,UP,EXPANSION,STRESS_UP,STRESS_UP
2021-05-20,RANGE,NORMAL,RANGE,RANGE,NORMAL,STRESS_UP,STRESS_UP,RANGE,NORMAL,STRESS_UP,CONFIRMED,STRESS_UP,RANGE,NORMAL,STRESS_UP,STRESS_UP,UP,EXPANSION,STRESS_UP,STRESS_UP
2021-05-21,RANGE,NORMAL,RANGE,RANGE,NORMAL,STRESS_UP,STRESS_UP,RANGE,NORMAL,STRESS_UP,CONFIRMED,STRESS_UP,RANGE,NORMAL,STRESS_UP,STRESS_UP,UP,EXPANSION,STRESS_UP,STRESS_UP
2021-05-22,DOWN,NORMAL,DOWN,RANGE,NORMAL,STRESS_UP,STRESS_UP,RANGE,NORMAL,STRESS_UP,CONFIRMED,STRESS_UP,RANGE,NORMAL,STRESS_UP,STRESS_UP,RANGE,EXPANSION,STRESS_UP,STRESS_UP
2021-05-23,DOWN,NORMAL,DOWN,RANGE,NORMAL,STRESS_UP,STRESS_UP,RANGE,NORMAL,STRESS_UP,CONFIRMED,STRESS_UP,RANGE,NORMAL,STRESS_UP,STRESS_UP,RANGE,EXPANSION,STRESS_UP,STRESS_UP
2021-05-24,UP,NORMAL,UP,UP,NORMAL,STRESS_UP,STRESS_UP,UP,NORMAL,STRESS_UP,CONFIRMED,STRESS_UP,RANGE,NORMAL,STRESS_UP,STRESS_UP,UP,EXPANSION,STRESS_UP,STRESS_UP
2021-05-25,UP,NORMAL,UP,UP,NORMAL,STRESS_UP,STRESS_UP,UP,NORMAL,STRESS_UP,CONFIRMED,STRESS_UP,RANGE,NORMAL,STRESS_UP,STRESS_UP,UP,EXPANSION,STRESS_UP,STRESS_UP
2021-05-26,UP,NORMAL,UP,UP,NORMAL,STRESS_UP,STRESS_UP,UP,NORMAL,STRESS_UP,CONFIRMED,STRESS_UP,RANGE,NORMAL,STRESS_UP,STRESS_UP,UP,EXPANSION,STRESS_UP,STRESS_UP
2021-05-27,UP,NORMAL,UP,UP,NORMAL,STRESS_UP,STRESS_UP,UP,NORMAL,STRESS_UP,CONFIRMED,STRESS_UP,RANGE,NORMAL,STRESS_UP,STRESS_UP,UP,EXPANSION,STRESS_UP,STRESS_UP
2021-05-28,DOWN,NORMAL,DOWN,RANGE,NORMAL,STRESS_UP,STRESS_UP,RANGE,NORMAL,STRESS_UP,CONFIRMED,STRESS_UP,RANGE,NORMAL,STRESS_UP,STRESS_UP,RANGE,EXPANSION,STRESS_UP,STRESS_UP
2021-05-29,DOWN,NORMAL,DOWN,RANGE,NORMAL,STRESS_UP,STRESS_UP,RANGE,NORMAL,STRESS_UP,CONFIRMED,STRESS_UP,RANGE,NORMAL,STRESS_UP,STRESS_UP,RANGE,EXPANSION,STRESS_UP,STRESS_UP
2021-05-30,DOWN,NORMAL,DOWN,RANGE,NORMAL,STRESS_UP,STRESS_UP,RANGE,NORMAL,STRESS_UP,UNCONFIRMED,STRESS_UP,RANGE,NORMAL,STRESS_UP,STRESS_UP,RANGE,EXPANSION,STRESS_UP,STRESS_UP
2021-05-31,UP,NORMAL,UP,UP,NORMAL,STRESS_UP,STRESS_UP,UP,NORMAL,STRESS_UP,CONFIRMED,STRESS_UP,UP,NORMAL,STRESS_UP,STRESS_UP,UP,EXPANSION,STRESS_UP,STRESS_UP
2021-06-01,UP,NORMAL,UP,UP,NORMAL,STRESS_UP,STRESS_UP,UP,NORMAL,STRESS_UP,CONFIRMED,STRESS_UP,UP,NORMAL,STRESS_UP,STRESS_UP,UP,EXPANSION,STRESS_UP,STRESS_UP
2021-06-02,UP,NORMAL,UP,UP,NORMAL,STRESS_UP,STRESS_UP,UP,NORMAL,STRESS_UP,UNCONFIRMED,STRESS_UP,UP,NORMAL,STRESS_UP,STRESS_UP,UP,EXPANSION,STRESS_UP,STRESS_UP
2021-06-03,UP,NORMAL,UP,UP,NORMAL,STRESS_UP,STRESS_UP,UP,NORMAL,STRESS_UP,UNCONFIRMED,STRESS_UP,UP,NORMAL,STRESS_UP,STRESS_UP,UP,EXPANSION,STRESS_UP,STRESS_UP
2021-06-04,DOWN,NORMAL,DOWN,RANGE,NORMAL,STRESS_UP,STRESS_UP,RANGE,NORMAL,STRESS_UP,UNCONFIRMED,STRESS_UP,RANGE,NORMAL,STRESS_UP,STRESS_UP,RANGE,EXPANSION,STRESS_UP,STRESS_UP
2021-06-05,DOWN,NORMAL,DOWN,RANGE,NORMAL,STRESS_UP,STRESS_UP,RANGE,NORMAL,STRESS_UP,UNCONFIRMED,STRESS_UP,RANGE,NORMAL,STRESS_UP,STRESS_UP,RANGE,EXPANSION,STRESS_UP,STRESS_UP
2021-06-06,DOWN,NORMAL,DOWN,RANGE,NORMAL,STRESS_UP,STRESS_UP,RANGE,NORMAL,STRESS_UP,UNCONFIRMED,STRESS_UP,RANGE,NORMAL,STRESS_UP,STRESS_UP,RANGE,NORMAL,STRESS_UP,STRESS_UP
2021-06-07,DOWN,NORMAL,DOWN,RANGE,NORMAL,STRESS_UP,STRESS_UP,RANGE,NORMAL,STRESS_UP,UNCONFIRMED,STRESS_UP,RANGE,NORMAL,STRESS_UP,STRESS_UP,RANGE,EXPANSION,STRESS_UP,STRESS_UP
2021-06-08,DOWN,NORMAL,DOWN,RANGE,NORMAL,STRESS_UP,STRESS_UP,RANGE,NORMAL,STRESS_UP,CONFIRMED,STRESS_UP,RANGE,NORMAL,STRESS_UP,STRESS_UP,RANGE,NORMAL,STRESS_UP,STRESS_UP
2021-06-09,DOWN,NORMAL,DOWN,RANGE,NORMAL,STRESS_UP,STRESS_UP,RANGE,NORMAL,STRESS_UP,UNCONFIRMED,STRESS_UP,RANGE,NORMAL,STRESS_UP,STRESS_UP,RANGE,NORMAL,STRESS_UP,STRESS_UP
2021-06-10,DOWN,NORMAL,DOWN,RANGE,NORMAL,STRESS_UP,STRESS_UP,RANGE,NORMAL,STRESS_UP,UNCONFIRMED,STRESS_UP,RANGE,NORMAL,STRESS_UP,STRESS_UP,RANGE,NORMAL,STRESS_UP,STRESS_UP
2021-06-11,DOWN,NORMAL,DOWN,RANGE,NORMAL,STRESS_UP,STRESS_UP,RANGE,NORMAL,STRESS_UP,UNCONFIRMED,STRESS_UP,RANGE,NORMAL,STRESS_UP,STRESS_UP,RANGE,NORMAL,STRESS_UP,STRESS_UP
2021-06-12,DOWN,NORMAL,DOWN,RANGE,NORMAL,STRESS_UP,STRESS_UP,RANGE,NORMAL,STRESS_UP,UNCONFIRMED,STRESS_UP,RANGE,NORMAL,STRESS_UP,STRESS_UP,RANGE,NORMAL,STRESS_UP,STRESS_UP
2021-06-13,DOWN,NORMAL,DOWN,RANGE,NORMAL,CALM,RANGE,RANGE,NORMAL,CALM,UNCONFIRMED,RANGE,RANGE,NORMAL,CALM,RANGE,RANGE,NORMAL,CALM,RANGE
2021-06-14,DOWN,NORMAL,DOWN,RANGE,NORMAL,CALM,RANGE,RANGE,NORMAL,CALM,UNCONFIRMED,RANGE,RANGE,NORMAL,CALM,RANGE,RANGE,NORMAL,CALM,RANGE
2021-06-15,DOWN,NORMAL,DOWN,RANGE,NORMAL,CALM,RANGE,RANGE,NORMAL,CALM,UNCONFIRMED,RANGE,RANGE,NORMAL,CALM,RANGE,RANGE,NORMAL,CALM,RANGE
2021-06-16,DOWN,NORMAL,DOWN,RANGE,NORMAL,CALM,RANGE,RANGE,NORMAL,CALM,UNCONFIRMED,RANGE,RANGE,NORMAL,CALM,RANGE,RANGE,NORMAL,CALM,RANGE
2021-06-17,DOWN,NORMAL,DOWN,RANGE,NORMAL,CALM,RANGE,RANGE,NORMAL,CALM,UNCONFIRMED,RANGE,RANGE,NORMAL,CALM,RANGE,RANGE,NORMAL,CALM,RANGE
2021-06-18,DOWN,NORMAL,DOWN,RANGE,NORMAL,CALM,RANGE,RANGE,NORMAL,CALM,UNCONFIRMED,RANGE,RANGE,NORMAL,CALM,RANGE,RANGE,NORMAL,CALM,RANGE
2021-06-19,DOWN,NORMAL,DOWN,RANGE,NORMAL,CALM,RANGE,RANGE,NORMAL,CALM,UNCONFIRMED,RANGE,RANGE,NORMAL,CALM,RANGE,RANGE,NORMAL,CALM,RANGE
2021-06-20,DOWN,NORMAL,DOWN,RANGE,NORMAL,CALM,RANGE,RANGE,NORMAL,CALM,UNCONFIRMED,RANGE,RANGE,NORMAL,CALM,RANGE,RANGE,NORMAL,CALM,RANGE
2021-06-21,DOWN,NORMAL,DOWN,RANGE,NORMAL,STRESS_DOWN,STRESS_DOWN,RANGE,NORMAL,STRESS_DOWN,CONFIRMED,STRESS_DOWN,RANGE,NORMAL,STRESS_DOWN,STRESS_DOWN,RANGE,NORMAL,STRESS_DOWN,STRESS_DOWN
2021-06-22,DOWN,NORMAL,DOWN,RANGE,NORMAL,STRESS_DOWN,STRESS_DOWN,RANGE,NORMAL,STRESS_DOWN,CONFIRMED,STRESS_DOWN,RANGE,NORMAL,STRESS_DOWN,STRESS_DOWN,RANGE,EXPANSION,STRESS_DOWN,STRESS_DOWN
2021-06-23,DOWN,NORMAL,DOWN,RANGE,NORMAL,STRESS_DOWN,STRESS_DOWN,RANGE,NORMAL,STRESS_DOWN,CONFIRMED,STRESS_DOWN,RANGE,NORMAL,STRESS_DOWN,STRESS_DOWN,RANGE,NORMAL,STRESS_DOWN,STRESS_DOWN
2021-06-24,DOWN,NORMAL,DOWN,RANGE,NORMAL,CALM,RANGE,RANGE,NORMAL,CALM,UNCONFIRMED,RANGE,RANGE,NORMAL,CALM,RANGE,RANGE,NORMAL,CALM,RANGE
2021-06-25,DOWN,NORMAL,DOWN,RANGE,NORMAL,STRESS_DOWN,STRESS_DOWN,RANGE,NORMAL,STRESS_DOWN,UNCONFIRMED,STRESS_DOWN,RANGE,NORMAL,STRESS_DOWN,STRESS_DOWN,RANGE,NORMAL,STRESS_DOWN,STRESS_DOWN
2021-06-26,DOWN,NORMAL,DOWN,RANGE,NORMAL,STRESS_DOWN,STRESS_DOWN,RANGE,NORMAL,STRESS_DOWN,UNCONFIRMED,STRESS_DOWN,RANGE,NORMAL,STRESS_DOWN,STRESS_DOWN,RANGE,NORMAL,STRESS_DOWN,STRESS_DOWN
2021-06-27,DOWN,NORMAL,DOWN,RANGE,NORMAL,CALM,RANGE,RANGE,NORMAL,CALM,UNCONFIRMED,RANGE,RANGE,NORMAL,CALM,RANGE,RANGE,NORMAL,CALM,RANGE
2021-06-28,DOWN,NORMAL,DOWN,RANGE,NORMAL,CALM,RANGE,RANGE,NORMAL,CALM,UNCONFIRMED,RANGE,RANGE,NORMAL,CALM,RANGE,RANGE,NORMAL,CALM,RANGE
2021-06-29,DOWN,NORMAL,DOWN,RANGE,NORMAL,CALM,RANGE,RANGE,NORMAL,CALM,UNCONFIRMED,RANGE,RANGE,NORMAL,CALM,RANGE,RANGE,NORMAL,CALM,RANGE
2021-06-30,DOWN,NORMAL,DOWN,RANGE,NORMAL,CALM,RANGE,RANGE,NORMAL,CALM,UNCONFIRMED,RANGE,RANGE,NORMAL,CALM,RANGE,RANGE,NORMAL,CALM,RANGE
2021-07-01,DOWN,NORMAL,DOWN,RANGE,NORMAL,CALM,RANGE,RANGE,NORMAL,CALM,UNCONFIRMED,RANGE,RANGE,NORMAL,CALM,RANGE,RANGE,NORMAL,CALM,RANGE
2021-07-02,DOWN,NORMAL,DOWN,RANGE,NORMAL,CALM,RANGE,RANGE,NORMAL,CALM,UNCONFIRMED,RANGE,RANGE,NORMAL,CALM,RANGE,RANGE,NORMAL,CALM,RANGE
2021-07-03,DOWN,NORMAL,DOWN,RANGE,NORMAL,CALM,RANGE,RANGE,NORMAL,CALM,UNCONFIRMED,RANGE,RANGE,NORMAL,CALM,RANGE,RANGE,NORMAL,CALM,RANGE
2021-07-04,DOWN,NORMAL,DOWN,RANGE,NORMAL,CALM,RANGE,RANGE,NORMAL,CALM,UNCONFIRMED,RANGE,RANGE,NORMAL,CALM,RANGE,RANGE,NORMAL,CALM,RANGE
2021-07-05,DOWN,NORMAL,DOWN,RANGE,NORMAL,CALM,RANGE,RANGE,NORMAL,CALM,UNCONFIRMED,RANGE,RANGE,NORMAL,CALM,RANGE,RANGE,NORMAL,CALM,RANGE
2021-07-06,DOWN,NORMAL,DOWN,RANGE,NORMAL,CALM,RANGE,RANGE,NORMAL,CALM,UNCONFIRMED,RANGE,RANGE,NORMAL,CALM,RANGE,RANGE,NORMAL,CALM,RANGE
2021-07-07,DOWN,NORMAL,DOWN,RANGE,NORMAL,CALM,RANGE,RANGE,NORMAL,CALM,UNCONFIRMED,RANGE,RANGE,NORMAL,CALM,RANGE,RANGE,NORMAL,CALM,RANGE
2021-07-08,DOWN,NORMAL,DOWN,RANGE,NORMAL,CALM,RANGE,RANGE,NORMAL,CALM,UNCONFIRMED,RANGE,RANGE,NORMAL,CALM,RANGE,RANGE,NORMAL,CALM,RANGE
2021-07-09,DOWN,SQUEEZE,DOWN,RANGE,SQUEEZE,CALM,SQUEEZE,RANGE,SQUEEZE,CALM,UNCONFIRMED,SQUEEZE,RANGE,SQUEEZE,CALM,SQUEEZE,RANGE,NORMAL,CALM,RANGE
2021-07-10,DOWN,SQUEEZE,DOWN,RANGE,SQUEEZE,CALM,SQUEEZE,RANGE,SQUEEZE,CALM,UNCONFIRMED,SQUEEZE,RANGE,SQUEEZE,CALM,SQUEEZE,RANGE,NORMAL,CALM,RANGE
2021-07-11,DOWN,SQUEEZE,DOWN,RANGE,SQUEEZE,CALM,SQUEEZE,RANGE,SQUEEZE,CALM,UNCONFIRMED,SQUEEZE,RANGE,SQUEEZE,CALM,SQUEEZE,RANGE,SQUEEZE,CALM,SQUEEZE
2021-07-12,DOWN,SQUEEZE,DOWN,RANGE,SQUEEZE,CALM,SQUEEZE,RANGE,SQUEEZE,CALM,UNCONFIRMED,SQUEEZE,RANGE,SQUEEZE,CALM,SQUEEZE,RANGE,SQUEEZE,CALM,SQUEEZE
2021-07-13,DOWN,SQUEEZE,DOWN,RANGE,SQUEEZE,CALM,SQUEEZE,RANGE,SQUEEZE,CALM,UNCONFIRMED,SQUEEZE,RANGE,SQUEEZE,CALM,SQUEEZE,RANGE,SQUEEZE,CALM,SQUEEZE
2021-07-14,DOWN,SQUEEZE,DOWN,RANGE,SQUEEZE,CALM,SQUEEZE,RANGE,SQUEEZE,CALM,UNCONFIRMED,SQUEEZE,RANGE,SQUEEZE,CALM,SQUEEZE,RANGE,SQUEEZE,CALM,SQUEEZE
2021-07-15,DOWN,SQUEEZE,DOWN,DOWN,SQUEEZE,CALM,DOWN,DOWN,SQUEEZE,CALM,UNCONFIRMED,DOWN,DOWN,SQUEEZE,CALM,DOWN,DOWN,SQUEEZE,CALM,DOWN
2021-07-16,DOWN,SQUEEZE,DOWN,DOWN,SQUEEZE,CALM,DOWN,DOWN,SQUEEZE,CALM,UNCONFIRMED,DOWN,DOWN,SQUEEZE,CALM,DOWN,DOWN,SQUEEZE,CALM,DOWN
2021-07-17,DOWN,SQUEEZE,DOWN,DOWN,SQUEEZE,CALM,DOWN,DOWN,SQUEEZE,CALM,UNCONFIRMED,DOWN,DOWN,SQUEEZE,CALM,DOWN,DOWN,SQUEEZE,CALM,DOWN
2021-07-18,DOWN,SQUEEZE,DOWN,DOWN,SQUEEZE,CALM,DOWN,DOWN,SQUEEZE,CALM,UNCONFIRMED,DOWN,DOWN,SQUEEZE,CALM,DOWN,DOWN,SQUEEZE,CALM,DOWN
2021-07-19,DOWN,SQUEEZE,DOWN,DOWN,SQUEEZE,CALM,DOWN,DOWN,SQUEEZE,CALM,UNCONFIRMED,DOWN,DOWN,SQUEEZE,CALM,DOWN,DOWN,SQUEEZE,CALM,DOWN
2021-07-20,DOWN,SQUEEZE,DOWN,DOWN,SQUEEZE,CALM,DOWN,DOWN,SQUEEZE,CALM,UNCONFIRMED,DOWN,DOWN,SQUEEZE,CALM,DOWN,DOWN,SQUEEZE,CALM,DOWN
2021-07-21,DOWN,SQUEEZE,DOWN,DOWN,SQUEEZE,CALM,DOWN,DOWN,SQUEEZE,CALM,UNCONFIRMED,DOWN,DOWN,SQUEEZE,CALM,DOWN,DOWN,SQUEEZE,CALM,DOWN
2021-07-22,DOWN,SQUEEZE,DOWN,DOWN,SQUEEZE,CALM,DOWN,DOWN,SQUEEZE,CALM,UNCONFIRMED,DOWN,DOWN,SQUEEZE,CALM,DOWN,DOWN,SQUEEZE,CALM,DOWN
2021-07-23,DOWN,SQUEEZE,DOWN,DOWN,SQUEEZE,CALM,DOWN,DOWN,SQUEEZE,CALM,UNCONFIRMED,DOWN,DOWN,SQUEEZE,CALM,DOWN,DOWN,SQUEEZE,CALM,DOWN
2021-07-24,DOWN,SQUEEZE,DOWN,DOWN,SQUEEZE,CALM,DOWN,DOWN,SQUEEZE,CALM,UNCONFIRMED,DOWN,DOWN,SQUEEZE,CALM,DOWN,DOWN,SQUEEZE,CALM,DOWN
2021-07-25,DOWN,SQUEEZE,DOWN,DOWN,SQUEEZE,CALM,DOWN,DOWN,SQUEEZE,CALM,UNCONFIRMED,DOWN,DOWN,SQUEEZE,CALM,DOWN,DOWN,SQUEEZE,CALM,DOWN
2021-07-26,DOWN,SQUEEZE,DOWN,DOWN,SQUEEZE,CALM,DOWN,DOWN,SQUEEZE,CALM,UNCONFIRMED,DOWN,DOWN,SQUEEZE,CALM,DOWN,DOWN,SQUEEZE,CALM,DOWN
2021-07-27,DOWN,SQUEEZE,DOWN,DOWN,SQUEEZE,CALM,DOWN,DOWN,SQUEEZE,CALM,UNCONFIRMED,DOWN,DOWN,SQUEEZE,CALM,DOWN,DOWN,SQUEEZE,CALM,DOWN
2021-07-28,DOWN,SQUEEZE,DOWN,DOWN,SQUEEZE,CALM,DOWN,DOWN,SQUEEZE,CALM,CONFIRMED,DOWN,DOWN,SQUEEZE,CALM,DOWN,DOWN,SQUEEZE,CALM,DOWN
2021-07-29,DOWN,NORMAL,DOWN,DOWN,NORMAL,CALM,DOWN,DOWN,NORMAL,CALM,UNCONFIRMED,DOWN,DOWN,NORMAL,CALM,DOWN,DOWN,SQUEEZE,CALM,DOWN
2021-07-30,DOWN,NORMAL,DOWN,DOWN,NORMAL,CALM,DOWN,DOWN,NORMAL,CALM,UNCONFIRMED,DOWN,DOWN,NORMAL,CALM,DOWN,DOWN,SQUEEZE,CALM,DOWN
2021-07-31,DOWN,NORMAL,DOWN,DOWN,NORMAL,CALM,DOWN,DOWN,NORMAL,CALM,UNCONFIRMED,DOWN,DOWN,NORMAL,CALM,DOWN,DOWN,SQUEEZE,CALM,DOWN
2021-08-01,DOWN,NORMAL,DOWN,DOWN,NORMAL,CALM,DOWN,DOWN,NORMAL,CALM,UNCONFIRMED,DOWN,DOWN,NORMAL,CALM,DOWN,DOWN,SQUEEZE,CALM,DOWN
2021-08-02,DOWN,NORMAL,DOWN,DOWN,NORMAL,CALM,DOWN,DOWN,NORMAL,CALM,UNCONFIRMED,DOWN,DOWN,NORMAL,CALM,DOWN,DOWN,SQUEEZE,CALM,DOWN
2021-08-03,DOWN,NORMAL,DOWN,DOWN,NORMAL,CALM,DOWN,DOWN,NORMAL,CALM,UNCONFIRMED,DOWN,DOWN,NORMAL,CALM,DOWN,DOWN,SQUEEZE,CALM,DOWN
2021-08-04,DOWN,NORMAL,DOWN,DOWN,NORMAL,CALM,DOWN,DOWN,NORMAL,CALM,UNCONFIRMED,DOWN,DOWN,NORMAL,CALM,DOWN,DOWN,SQUEEZE,CALM,DOWN
2021-08-05,DOWN,NORMAL,DOWN,DOWN,NORMAL,CALM,DOWN,DOWN,NORMAL,CALM,UNCONFIRMED,DOWN,RANGE,NORMAL,CALM,RANGE,DOWN,SQUEEZE,CALM,DOWN
2021-08-06,DOWN,NORMAL,DOWN,DOWN,NORMAL,CALM,DOWN,DOWN,NORMAL,CALM,UNCONFIRMED,DOWN,RANGE,NORMAL,CALM,RANGE,DOWN,SQUEEZE,CALM,DOWN
2021-08-07,DOWN,NORMAL,DOWN,DOWN,NORMAL,CALM,DOWN,DOWN,NORMAL,CALM,UNCONFIRMED,DOWN,RANGE,NORMAL,CALM,RANGE,DOWN,SQUEEZE,CALM,DOWN
2021-08-08,DOWN,NORMAL,DOWN,DOWN,NORMAL,CALM,DOWN,DOWN,NORMAL,CALM,UNCONFIRMED,DOWN,DOWN,NORMAL,CALM,DOWN,DOWN,SQUEEZE,CALM,DOWN
2021-08-09,DOWN,NORMAL,DOWN,DOWN,NORMAL,CALM,DOWN,DOWN,NORMAL,CALM,UNCONFIRMED,DOWN,DOWN,NORMAL,CALM,DOWN,DOWN,SQUEEZE,CALM,DOWN
2021-08-10,DOWN,NORMAL,DOWN,DOWN,NORMAL,CALM,DOWN,DOWN,NORMAL,CALM,UNCONFIRMED,DOWN,DOWN,NORMAL,CALM,DOWN,DOWN,SQUEEZE,CALM,DOWN
2021-08-11,UP,NORMAL,UP,RANGE,NORMAL,CALM,RANGE,RANGE,NORMAL,CALM,CONFIRMED,RANGE,RANGE,NORMAL,CALM,RANGE,RANGE,SQUEEZE,CALM,SQUEEZE
2021-08-12,UP,NORMAL,UP,RANGE,NORMAL,CALM,RANGE,RANGE,NORMAL,CALM,CONFIRMED,RANGE,RANGE,NORMAL,CALM,RANGE,RANGE,SQUEEZE,CALM,SQUEEZE
2021-08-13,UP,NORMAL,UP,RANGE,NORMAL,CALM,RANGE,RANGE,NORMAL,CALM,UNCONFIRMED,RANGE,RANGE,NORMAL,CALM,RANGE,RANGE,SQUEEZE,CALM,SQUEEZE
2021-08-14,UP,NORMAL,UP,RANGE,NORMAL,CALM,RANGE,RANGE,NORMAL,CALM,CONFIRMED,RANGE,RANGE,NORMAL,CALM,RANGE,RANGE,SQUEEZE,CALM,SQUEEZE
2021-08-15,UP,EXPANSION,EXPANSION,RANGE,EXPANSION,CALM,EXPANSION,RANGE,EXPANSION,CALM,CONFIRMED,EXPANSION,RANGE,EXPANSION,CALM,EXPANSION,RANGE,SQUEEZE,CALM,SQUEEZE
2021-08-16,UP,EXPANSION,EXPANSION,RANGE,EXPANSION,CALM,EXPANSION,RANGE,EXPANSION,CALM,CONFIRMED,EXPANSION,RANGE,EXPANSION,CALM,EXPANSION,RANGE,SQUEEZE,CALM,SQUEEZE
2021-08-17,UP,EXPANSION,EXPANSION,RANGE,EXPANSION,CALM,EXPANSION,RANGE,EXPANSION,CALM,CONFIRMED,EXPANSION,RANGE,EXPANSION,CALM,EXPANSION,RANGE,SQUEEZE,CALM,SQUEEZE
2021-08-18,UP,EXPANSION,EXPANSION,RANGE,EXPANSION,CALM,EXPANSION,RANGE,EXPANSION,CALM,CONFIRMED,EXPANSION,RANGE,EXPANSION,CALM,EXPANSION,RANGE,SQUEEZE,CALM,SQUEEZE
2021-08-19,UP,EXPANSION,EXPANSION,RANGE,EXPANSION,CALM,EXPANSION,RANGE,EXPANSION,CALM,UNCONFIRMED,EXPANSION,RANGE,EXPANSION,CALM,EXPANSION,RANGE,SQUEEZE,CALM,SQUEEZE
2021-08-20,UP,EXPANSION,EXPANSION,RANGE,EXPANSION,CALM,EXPANSION,RANGE,EXPANSION,CALM,UNCONFIRMED,EXPANSION,RANGE,EXPANSION,CALM,EXPANSION,RANGE,SQUEEZE,CALM,SQUEEZE
2021-08-21,UP,NORMAL,UP,RANGE,NORMAL,CALM,RANGE,RANGE,NORMAL,CALM,UNCONFIRMED,RANGE,RANGE,NORMAL,CALM,RANGE,RANGE,SQUEEZE,CALM,SQUEEZE
2021-08-22,UP,NORMAL,UP,RANGE,NORMAL,CALM,RANGE,RANGE,NORMAL,CALM,UNCONFIRMED,RANGE,RANGE,NORMAL,CALM,RANGE,RANGE,SQUEEZE,CALM,SQUEEZE
2021-08-23,UP,NORMAL,UP,RANGE,NORMAL,CALM,RANGE,RANGE,NORMAL,CALM,UNCONFIRMED,RANGE,RANGE,NORMAL,CALM,RANGE,RANGE,SQUEEZE,CALM,SQUEEZE
2021-08-24,UP,NORMAL,UP,RANGE,NORMAL,CALM,RANGE,RANGE,NORMAL,CALM,UNCONFIRMED,RANGE,RANGE,NORMAL,CALM,RANGE,RANGE,NORMAL,CALM,RANGE
2021-08-25,UP,NORMAL,UP,RANGE,NORMAL,CALM,RANGE,RANGE,NORMAL,CALM,UNCONFIRMED,RANGE,RANGE,NORMAL,CALM,RANGE,RANGE,SQUEEZE,CALM,SQUEEZE
2021-08-26,UP,NORMAL,UP,RANGE,NORMAL,CALM,RANGE,RANGE,NORMAL,CALM,UNCONFIRMED,RANGE,RANGE,NORMAL,CALM,RANGE,RANGE,NORMAL,CALM,RANGE
2021-08-27,UP,NORMAL,UP,RANGE,NORMAL,CALM,RANGE,RANGE,NORMAL,CALM,UNCONFIRMED,RANGE,RANGE,NORMAL,CALM,RANGE,RANGE,SQUEEZE,CALM,SQUEEZE
2021-08-28,UP,NORMAL,UP,RANGE,NORMAL,CALM,RANGE,RANGE,NORMAL,CALM,UNCONFIRMED,RANGE,RANGE,NORMAL,CALM,RANGE,RANGE,SQUEEZE,CALM,SQUEEZE
2021-08-29,UP,NORMAL,UP,RANGE,NORMAL,CALM,RANGE,RANGE,NORMAL,CALM,UNCONFIRMED,RANGE,RANGE,NORMAL,CALM,RANGE,RANGE,SQUEEZE,CALM,SQUEEZE
2021-08-30,UP,SQUEEZE,UP,RANGE,SQUEEZE,CALM,SQUEEZE,RANGE,SQUEEZE,CALM,UNCONFIRMED,SQUEEZE,RANGE,SQUEEZE,CALM,SQUEEZE,RANGE,SQUEEZE,CALM,SQUEEZE
2021-08-31,UP,SQUEEZE,UP,RANGE,SQUEEZE,CALM,SQUEEZE,RANGE,SQUEEZE,CALM,UNCONFIRMED,SQUEEZE,RANGE,SQUEEZE,CALM,SQUEEZE,RANGE,SQUEEZE,CALM,SQUEEZE
2021-09-01,UP,SQUEEZE,UP,RANGE,SQUEEZE,CALM,SQUEEZE,RANGE,SQUEEZE,CALM,UNCONFIRMED,SQUEEZE,RANGE,SQUEEZE,CALM,SQUEEZE,RANGE,SQUEEZE,CALM,SQUEEZE
2021-09-02,UP,SQUEEZE,UP,UP,SQUEEZE,CALM,UP,UP,SQUEEZE,CALM,UNCONFIRMED,UP,UP,SQUEEZE,CALM,UP,UP,SQUEEZE,CALM,UP
2021-09-03,UP,SQUEEZE,UP,UP,SQUEEZE,CALM,UP,UP,SQUEEZE,CALM,UNCONFIRMED,UP,UP,SQUEEZE,CALM,UP,UP,SQUEEZE,CALM,UP
2021-09-04,UP,SQUEEZE,UP,UP,SQUEEZE,CALM,UP,UP,SQUEEZE,CALM,UNCONFIRMED,UP,UP,SQUEEZE,CALM,UP,UP,SQUEEZE,CALM,UP
2021-09-05,UP,SQUEEZE,UP,UP,SQUEEZE,CALM,UP,UP,SQUEEZE,CALM,UNCONFIRMED,UP,UP,SQUEEZE,CALM,UP,UP,SQUEEZE,CALM,UP
2021-09-06,UP,SQUEEZE,UP,UP,SQUEEZE,CALM,UP,UP,SQUEEZE,CALM,UNCONFIRMED,UP,UP,SQUEEZE,CALM,UP,UP,SQUEEZE,CALM,UP
2021-09-07,UP,SQUEEZE,UP,UP,SQUEEZE,CALM,UP,UP,SQUEEZE,CALM,CONFIRMED,UP,UP,SQUEEZE,CALM,UP,UP,NORMAL,CALM,UP
2021-09-08,UP,SQUEEZE,UP,UP,SQUEEZE,CALM,UP,UP,SQUEEZE,CALM,CONFIRMED,UP,UP,SQUEEZE,CALM,UP,UP,NORMAL,CALM,UP
2021-09-09,UP,SQUEEZE,UP,UP,SQUEEZE,CALM,UP,UP,SQUEEZE,CALM,UNCONFIRMED,UP,UP,SQUEEZE,CALM,UP,UP,NORMAL,CALM,UP
2021-09-10,UP,NORMAL,UP,UP,NORMAL,CALM,UP,UP,NORMAL,CALM,CONFIRMED,UP,UP,NORMAL,CALM,UP,UP,NORMAL,CALM,UP
2021-09-11,UP,NORMAL,UP,UP,NORMAL,CALM,UP,UP,NORMAL,CALM,UNCONFIRMED,UP,UP,NORMAL,CALM,UP,UP,NORMAL,CALM,UP
2021-09-12,UP,NORMAL,UP,UP,NORMAL,CALM,UP,UP,NORMAL,CALM,UNCONFIRMED,UP,RANGE,NORMAL,CALM,RANGE,UP,NORMAL,CALM,UP
2021-09-13,UP,NORMAL,UP,UP,NORMAL,CALM,UP,UP,NORMAL,CALM,UNCONFIRMED,UP,RANGE,NORMAL,CALM,RANGE,UP,NORMAL,CALM,UP
2021-09-14,UP,NORMAL,UP,UP,NORMAL,CALM,UP,UP,NORMAL,CALM,UNCONFIRMED,UP,RANGE,NORMAL,CALM,RANGE,UP,NORMAL,CALM,UP
2021-09-15,RANGE,NORMAL,RANGE,RANGE,NORMAL,CALM,RANGE,RANGE,NORMAL,CALM,UNCONFIRMED,RANGE,RANGE,NORMAL,CALM,RANGE,UP,NORMAL,CALM,UP
2021-09-16,RANGE,NORMAL,RANGE,RANGE,NORMAL,CALM,RANGE,RANGE,NORMAL,CALM,UNCONFIRMED,RANGE,RANGE,NORMAL,CALM,RANGE,UP,NORMAL,CALM,UP
2021-09-17,RANGE,NORMAL,RANGE,RANGE,NORMAL,CALM,RANGE,RANGE,NORMAL,CALM,UNCONFIRMED,RANGE,RANGE,NORMAL,CALM,RANGE,UP,NORMAL,CALM,UP
2021-09-18,RANGE,NORMAL,RANGE,RANGE,NORMAL,CALM,RANGE,RANGE,NORMAL,CALM,UNCONFIRMED,RANGE,RANGE,NORMAL,CALM,RANGE,UP,SQUEEZE,CALM,UP
2021-09-19,RANGE,NORMAL,RANGE,RANGE,NORMAL,CALM,RANGE,RANGE,NORMAL,CALM,UNCONFIRMED,RANGE,RANGE,NORMAL,CALM,RANGE,UP,SQUEEZE,CALM,UP
2021-09-20,RANGE,NORMAL,RANGE,RANGE,NORMAL,CALM,RANGE,RANGE,NORMAL,CALM,CONFIRMED,RANGE,RANGE,NORMAL,CALM,RANGE,UP,NORMAL,CALM,UP
2021-09-21,RANGE,NORMAL,RANGE,RANGE,NORMAL,CALM,RANGE,RANGE,NORMAL,CALM,UNCONFIRMED,RANGE,RANGE,NORMAL,CALM,RANGE,RANGE,NORMAL,CALM,RANGE
2021-09-22,RANGE,NORMAL,RANGE,RANGE,NORMAL,CALM,RANGE,RANGE,NORMAL,CALM,UNCONFIRMED,RANGE,RANGE,NORMAL,CALM,RANGE,UP,NORMAL,CALM,UP
2021-09-23,RANGE,NORMAL,RANGE,RANGE,NORMAL,CALM,RANGE,RANGE,NORMAL,CALM,UNCONFIRMED,RANGE,RANGE,NORMAL,CALM,RANGE,UP,NORMAL,CALM,UP
2021-09-24,RANGE,NORMAL,RANGE,RANGE,NORMAL,CALM,RANGE,RANGE,NORMAL,CALM,UNCONFIRMED,RANGE,RANGE,NORMAL,CALM,RANGE,UP,NORMAL,CALM,UP
2021-09-25,RANGE,NORMAL,RANGE,RANGE,NORMAL,CALM,RANGE,RANGE,NORMAL,CALM,UNCONFIRMED,RANGE,RANGE,NORMAL,CALM,RANGE,UP,NORMAL,CALM,UP
2021-09-26,UP,NORMAL,UP,UP,NORMAL,CALM,UP,UP,NORMAL,CALM,UNCONFIRMED,UP,RANGE,NORMAL,CALM,RANGE,UP,NORMAL,CALM,UP
2021-09-27,UP,NORMAL,UP,UP,NORMAL,CALM,UP,UP,NORMAL,CALM,UNCONFIRMED,UP,RANGE,NORMAL,CALM,RANGE,UP,NORMAL,CALM,UP
2021-09-28,UP,NORMAL,UP,UP,NORMAL,CALM,UP,UP,NORMAL,CALM,UNCONFIRMED,UP,RANGE,NORMAL,CALM,RANGE,UP,NORMAL,CALM,UP
2021-09-29,UP,NORMAL,UP,UP,NORMAL,CALM,UP,UP,NORMAL,CALM,UNCONFIRMED,UP,RANGE,NORMAL,CALM,RANGE,UP,NORMAL,CALM,UP
2021-09-30,UP,NORMAL,UP,UP,NORMAL,CALM,UP,UP,NORMAL,CALM,UNCONFIRMED,UP,RANGE,NORMAL,CALM,RANGE,UP,NORMAL,CALM,UP
2021-10-01,RANGE,NORMAL,RANGE,RANGE,NORMAL,CALM,RANGE,RANGE,NORMAL,CALM,UNCONFIRMED,RANGE,RANGE,NORMAL,CALM,RANGE,UP,SQUEEZE,CALM,UP
2021-10-02,RANGE,NORMAL,RANGE,RANGE,NORMAL,CALM,RANGE,RANGE,NORMAL,CALM,UNCONFIRMED,RANGE,RANGE,NORMAL,CALM,RANGE,UP,SQUEEZE,CALM,UP
2021-10-03,RANGE,NORMAL,RANGE,RANGE,NORMAL,CALM,RANGE,RANGE,NORMAL,CALM,UNCONFIRMED,RANGE,RANGE,NORMAL,CALM,RANGE,UP,SQUEEZE,CALM,UP
2021-10-04,RANGE,NORMAL,RANGE,RANGE,NORMAL,CALM,RANGE,RANGE,NORMAL,CALM,UNCONFIRMED,RANGE,RANGE,NORMAL,CALM,RANGE,UP,SQUEEZE,CALM,UP
2021-10-05,RANGE,SQUEEZE,SQUEEZE,RANGE,SQUEEZE,CALM,SQUEEZE,RANGE,SQUEEZE,CALM,UNCONFIRMED,SQUEEZE,RANGE,SQUEEZE,CALM,SQUEEZE,UP,SQUEEZE,CALM,UP
2021-10-06,RANGE,SQUEEZE,SQUEEZE,RANGE,SQUEEZE,CALM,SQUEEZE,RANGE,SQUEEZE,CALM,UNCONFIRMED,SQUEEZE,RANGE,SQUEEZE,CALM,SQUEEZE,UP,SQUEEZE,CALM,UP
2021-10-07,RANGE,SQUEEZE,SQUEEZE,RANGE,SQUEEZE,CALM,SQUEEZE,RANGE,SQUEEZE,CALM,UNCONFIRMED,SQUEEZE,RANGE,SQUEEZE,CALM,SQUEEZE,RANGE,SQUEEZE,CALM,SQUEEZE
2021-10-08,RANGE,SQUEEZE,SQUEEZE,RANGE,SQUEEZE,CALM,SQUEEZE,RANGE,SQUEEZE,CALM,UNCONFIRMED,SQUEEZE,RANGE,SQUEEZE,CALM,SQUEEZE,RANGE,SQUEEZE,CALM,SQUEEZE
2021-10-09,RANGE,NORMAL,RANGE,RANGE,NORMAL,CALM,RANGE,RANGE,NORMAL,CALM,CONFIRMED,RANGE,RANGE,NORMAL,CALM,RANGE,RANGE,SQUEEZE,CALM,SQUEEZE
2021-10-10,RANGE,NORMAL,RANGE,RANGE,NORMAL,CALM,RANGE,RANGE,NORMAL,CALM,UNCONFIRMED,RANGE,RANGE,NORMAL,CALM,RANGE,UP,SQUEEZE,CALM,UP
2021-10-11,RANGE,NORMAL,RANGE,RANGE,NORMAL,CALM,RANGE,RANGE,NORMAL,CALM,UNCONFIRMED,RANGE,RANGE,NORMAL,CALM,RANGE,UP,SQUEEZE,CALM,UP
2021-10-12,RANGE,NORMAL,RANGE,RANGE,NORMAL,CALM,RANGE,RANGE,NORMAL,CALM,UNCONFIRMED,RANGE,RANGE,NORMAL,CALM,RANGE,UP,SQUEEZE,CALM,UP
2021-10-13,RANGE,NORMAL,RANGE,RANGE,NORMAL,CALM,RANGE,RANGE,NORMAL,CALM,UNCONFIRMED,RANGE,RANGE,NORMAL,CALM,RANGE,UP,SQUEEZE,CALM,UP
2021-10-14,RANGE,NORMAL,RANGE,RANGE,NORMAL,CALM,RANGE,RANGE,NORMAL,CALM,UNCONFIRMED,RANGE,RANGE,NORMAL,CALM,RANGE,UP,SQUEEZE,CALM,UP
2021-10-15,RANGE,NORMAL,RANGE,RANGE,NORMAL,CALM,RANGE,RANGE,NORMAL,CALM,UNCONFIRMED,RANGE,RANGE,NORMAL,CALM,RANGE,UP,SQUEEZE,CALM,UP
2021-10-16,RANGE,NORMAL,RANGE,RANGE,NORMAL,CALM,RANGE,RANGE,NORMAL,CALM,UNCONFIRMED,RANGE,RANGE,NORMAL,CALM,RANGE,UP,SQUEEZE,CALM,UP
2021-10-17,RANGE,SQUEEZE,SQUEEZE,RANGE,SQUEEZE,CALM,SQUEEZE,RANGE,SQUEEZE,CALM,UNCONFIRMED,SQUEEZE,RANGE,SQUEEZE,CALM,SQUEEZE,UP,SQUEEZE,CALM,UP
2021-10-18,RANGE,SQUEEZE,SQUEEZE,RANGE,SQUEEZE,CALM,SQUEEZE,RANGE,SQUEEZE,CALM,UNCONFIRMED,SQUEEZE,RANGE,SQUEEZE,CALM,SQUEEZE,UP,SQUEEZE,CALM,UP
2021-10-19,RANGE,SQUEEZE,SQUEEZE,RANGE,SQUEEZE,CALM,SQUEEZE,RANGE,SQUEEZE,CALM,UNCONFIRMED,SQUEEZE,RANGE,SQUEEZE,CALM,SQUEEZE,RANGE,SQUEEZE,CALM,SQUEEZE
2021-10-20,RANGE,SQUEEZE,SQUEEZE,RANGE,SQUEEZE,CALM,SQUEEZE,RANGE,SQUEEZE,CALM,UNCONFIRMED,SQUEEZE,RANGE,SQUEEZE,CALM,SQUEEZE,RANGE,SQUEEZE,CALM,SQUEEZE
2021-10-21,RANGE,SQUEEZE,SQUEEZE,RANGE,SQUEEZE,CALM,SQUEEZE,RANGE,SQUEEZE,CALM,UNCONFIRMED,SQUEEZE,RANGE,SQUEEZE,CALM,SQUEEZE,RANGE,SQUEEZE,CALM,SQUEEZE
2021-10-22,RANGE,SQUEEZE,SQUEEZE,RANGE,SQUEEZE,CALM,SQUEEZE,RANGE,SQUEEZE,CALM,UNCONFIRMED,SQUEEZE,RANGE,SQUEEZE,CALM,SQUEEZE,RANGE,SQUEEZE,CALM,SQUEEZE
2021-10-23,RANGE,SQUEEZE,SQUEEZE,RANGE,SQUEEZE,CALM,SQUEEZE,RANGE,SQUEEZE,CALM,UNCONFIRMED,SQUEEZE,RANGE,SQUEEZE,CALM,SQUEEZE,RANGE,SQUEEZE,CALM,SQUEEZE
2021-10-24,RANGE,SQUEEZE,SQUEEZE,RANGE,SQUEEZE,CALM,SQUEEZE,RANGE,SQUEEZE,CALM,UNCONFIRMED,SQUEEZE,RANGE,SQUEEZE,CALM,SQUEEZE,RANGE,SQUEEZE,CALM,SQUEEZE
2021-10-25,RANGE,SQUEEZE,SQUEEZE,RANGE,SQUEEZE,CALM,SQUEEZE,RANGE,SQUEEZE,CALM,UNCONFIRMED,SQUEEZE,RANGE,SQUEEZE,CALM,SQUEEZE,RANGE,SQUEEZE,CALM,SQUEEZE
2021-10-26,RANGE,SQUEEZE,SQUEEZE,RANGE,SQUEEZE,CALM,SQUEEZE,RANGE,SQUEEZE,CALM,UNCONFIRMED,SQUEEZE,RANGE,SQUEEZE,CALM,SQUEEZE,RANGE,SQUEEZE,CALM,SQUEEZE
2021-10-27,RANGE,SQUEEZE,SQUEEZE,RANGE,SQUEEZE,CALM,SQUEEZE,RANGE,SQUEEZE,CALM,CONFIRMED,SQUEEZE,RANGE,SQUEEZE,CALM,SQUEEZE,RANGE,SQUEEZE,CALM,SQUEEZE
2021-10-28,RANGE,SQUEEZE,SQUEEZE,RANGE,SQUEEZE,CALM,SQUEEZE,RANGE,SQUEEZE,CALM,CONFIRMED,SQUEEZE,RANGE,SQUEEZE,CALM,SQUEEZE,RANGE,SQUEEZE,CALM,SQUEEZE
2021-10-29,RANGE,SQUEEZE,SQUEEZE,RANGE,SQUEEZE,CALM,SQUEEZE,RANGE,SQUEEZE,CALM,UNCONFIRMED,SQUEEZE,RANGE,SQUEEZE,CALM,SQUEEZE,RANGE,SQUEEZE,CALM,SQUEEZE
2021-10-30,RANGE,SQUEEZE,SQUEEZE,RANGE,SQUEEZE,CALM,SQUEEZE,RANGE,SQUEEZE,CALM,UNCONFIRMED,SQUEEZE,RANGE,SQUEEZE,CALM,SQUEEZE,RANGE,SQUEEZE,CALM,SQUEEZE
2021-10-31,RANGE,SQUEEZE,SQUEEZE,RANGE,SQUEEZE,CALM,SQUEEZE,RANGE,SQUEEZE,CALM,CONFIRMED,SQUEEZE,RANGE,SQUEEZE,CALM,SQUEEZE,RANGE,SQUEEZE,CALM,SQUEEZE
2021-11-01,RANGE,SQUEEZE,SQUEEZE,RANGE,SQUEEZE,CALM,SQUEEZE,RANGE,SQUEEZE,CALM,UNCONFIRMED,SQUEEZE,RANGE,SQUEEZE,CALM,SQUEEZE,RANGE,SQUEEZE,CALM,SQUEEZE
2021-11-02,RANGE,SQUEEZE,SQUEEZE,RANGE,SQUEEZE,CALM,SQUEEZE,RANGE,SQUEEZE,CALM,UNCONFIRMED,SQUEEZE,RANGE,SQUEEZE,CALM,SQUEEZE,RANGE,SQUEEZE,CALM,SQUEEZE
2021-11-03,RANGE,SQUEEZE,SQUEEZE,RANGE,SQUEEZE,CALM,SQUEEZE,RANGE,SQUEEZE,CALM,CONFIRMED,SQUEEZE,RANGE,SQUEEZE,CALM,SQUEEZE,RANGE,SQUEEZE,CALM,SQUEEZE
2021-11-04,RANGE,SQUEEZE,SQUEEZE,RANGE,SQUEEZE,CALM,SQUEEZE,RANGE,SQUEEZE,CALM,UNCONFIRMED,SQUEEZE,RANGE,SQUEEZE,CALM,SQUEEZE,RANGE,SQUEEZE,CALM,SQUEEZE
2021-11-05,RANGE,SQUEEZE,SQUEEZE,RANGE,SQUEEZE,CALM,SQUEEZE,RANGE,SQUEEZE,CALM,UNCONFIRMED,SQUEEZE,RANGE,SQUEEZE,CALM,SQUEEZE,RANGE,SQUEEZE,CALM,SQUEEZE
2021-11-06,RANGE,SQUEEZE,SQUEEZE,RANGE,SQUEEZE,CALM,SQUEEZE,RANGE,SQUEEZE,CALM,UNCONFIRMED,SQUEEZE,RANGE,SQUEEZE,CALM,SQUEEZE,RANGE,SQUEEZE,CALM,SQUEEZE
2021-11-07,RANGE,SQUEEZE,SQUEEZE,RANGE,SQUEEZE,CALM,SQUEEZE,RANGE,SQUEEZE,CALM,UNCONFIRMED,SQUEEZE,RANGE,SQUEEZE,CALM,SQUEEZE,RANGE,SQUEEZE,CALM,SQUEEZE
2021-11-08,RANGE,SQUEEZE,SQUEEZE,RANGE,SQUEEZE,CALM,SQUEEZE,RANGE,SQUEEZE,CALM,CONFIRMED,SQUEEZE,RANGE,SQUEEZE,CALM,SQUEEZE,RANGE,SQUEEZE,CALM,SQUEEZE
2021-11-09,RANGE,NORMAL,RANGE,RANGE,NORMAL,CALM,RANGE,RANGE,NORMAL,CALM,UNCONFIRMED,RANGE,RANGE,NORMAL,CALM,RANGE,RANGE,SQUEEZE,CALM,SQUEEZE
2021-11-10,RANGE,NORMAL,RANGE,RANGE,NORMAL,CALM,RANGE,RANGE,NORMAL,CALM,CONFIRMED,RANGE,RANGE,NORMAL,CALM,RANGE,RANGE,SQUEEZE,CALM,SQUEEZE
2021-11-11,RANGE,NORMAL,RANGE,RANGE,NORMAL,CALM,RANGE,RANGE,NORMAL,CALM,UNCONFIRMED,RANGE,RANGE,NORMAL,CALM,RANGE,RANGE,SQUEEZE,CALM,SQUEEZE
2021-11-12,RANGE,NORMAL,RANGE,RANGE,NORMAL,CALM,RANGE,RANGE,NORMAL,CALM,UNCONFIRMED,RANGE,RANGE,NORMAL,CALM,RANGE,RANGE,SQUEEZE,CALM,SQUEEZE
2021-11-13,RANGE,NORMAL,RANGE,RANGE,NORMAL,CALM,RANGE,RANGE,NORMAL,CALM,UNCONFIRMED,RANGE,RANGE,NORMAL,CALM,RANGE,RANGE,SQUEEZE,CALM,SQUEEZE
2021-11-14,RANGE,NORMAL,RANGE,RANGE,NORMAL,CALM,RANGE,RANGE,NORMAL,CALM,UNCONFIRMED,RANGE,RANGE,NORMAL,CALM,RANGE,RANGE,SQUEEZE,CALM,SQUEEZE
2021-11-15,RANGE,NORMAL,RANGE,RANGE,NORMAL,CALM,RANGE,RANGE,NORMAL,CALM,UNCONFIRMED,RANGE,RANGE,NORMAL,CALM,RANGE,RANGE,SQUEEZE,CALM,SQUEEZE
2021-11-16,RANGE,SQUEEZE,SQUEEZE,RANGE,SQUEEZE,CALM,SQUEEZE,RANGE,SQUEEZE,CALM,CONFIRMED,SQUEEZE,RANGE,SQUEEZE,CALM,SQUEEZE,RANGE,NORMAL,CALM,RANGE
2021-11-17,RANGE,SQUEEZE,SQUEEZE,RANGE,SQUEEZE,CALM,SQUEEZE,RANGE,SQUEEZE,CALM,UNCONFIRMED,SQUEEZE,RANGE,SQUEEZE,CALM,SQUEEZE,RANGE,SQUEEZE,CALM,SQUEEZE
2021-11-18,RANGE,SQUEEZE,SQUEEZE,RANGE,SQUEEZE,CALM,SQUEEZE,RANGE,SQUEEZE,CALM,CONFIRMED,SQUEEZE,RANGE,SQUEEZE,CALM,SQUEEZE,RANGE,NORMAL,CALM,RANGE
2021-11-19,RANGE,SQUEEZE,SQUEEZE,RANGE,SQUEEZE,CALM,SQUEEZE,RANGE,SQUEEZE,CALM,UNCONFIRMED,SQUEEZE,RANGE,SQUEEZE,CALM,SQUEEZE,RANGE,NORMAL,CALM,RANGE
2021-11-20,RANGE,SQUEEZE,SQUEEZE,RANGE,SQUEEZE,CALM,SQUEEZE,RANGE,SQUEEZE,CALM,UNCONFIRMED,SQUEEZE,RANGE,SQUEEZE,CALM,SQUEEZE,RANGE,NORMAL,CALM,RANGE
2021-11-21,RANGE,SQUEEZE,SQUEEZE,RANGE,SQUEEZE,CALM,SQUEEZE,RANGE,SQUEEZE,CALM,UNCONFIRMED,SQUEEZE,RANGE,SQUEEZE,CALM,SQUEEZE,RANGE,NORMAL,CALM,RANGE
2021-11-22,RANGE,NORMAL,RANGE,RANGE,NORMAL,CALM,RANGE,RANGE,NORMAL,CALM,UNCONFIRMED,RANGE,RANGE,NORMAL,CALM,RANGE,RANGE,NORMAL,CALM,RANGE
2021-11-23,RANGE,NORMAL,RANGE,RANGE,NORMAL,CALM,RANGE,RANGE,NORMAL,CALM,UNCONFIRMED,RANGE,RANGE,NORMAL,CALM,RANGE,RANGE,SQUEEZE,CALM,SQUEEZE
2021-11-24,RANGE,NORMAL,RANGE,RANGE,NORMAL,CALM,RANGE,RANGE,NORMAL,CALM,UNCONFIRMED,RANGE,RANGE,NORMAL,CALM,RANGE,RANGE,SQUEEZE,CALM,SQUEEZE
2021-11-25,RANGE,NORMAL,RANGE,RANGE,NORMAL,CALM,RANGE,RANGE,NORMAL,CALM,UNCONFIRMED,RANGE,RANGE,NORMAL,CALM,RANGE,RANGE,SQUEEZE,CALM,SQUEEZE
2021-11-26,RANGE,NORMAL,RANGE,RANGE,NORMAL,CALM,RANGE,RANGE,NORMAL,CALM,CONFIRMED,RANGE,RANGE,NORMAL,CALM,RANGE,RANGE,NORMAL,CALM,RANGE
2021-11-27,RANGE,NORMAL,RANGE,RANGE,NORMAL,CALM,RANGE,RANGE,NORMAL,CALM,UNCONFIRMED,RANGE,RANGE,NORMAL,CALM,RANGE,DOWN,NORMAL,CALM,DOWN
2021-11-28,RANGE,NORMAL,RANGE,RANGE,NORMAL,CALM,RANGE,RANGE,NORMAL,CALM,UNCONFIRMED,RANGE,RANGE,NORMAL,CALM,RANGE,DOWN,NORMAL,CALM,DOWN
2021-11-29,DOWN,NORMAL,DOWN,DOWN,NORMAL,CALM,DOWN,DOWN,NORMAL,CALM,UNCONFIRMED,DOWN,RANGE,NORMAL,CALM,RANGE,DOWN,SQUEEZE,CALM,DOWN
2021-11-30,DOWN,NORMAL,DOWN,DOWN,NORMAL,CALM,DOWN,DOWN,NORMAL,CALM,UNCONFIRMED,DOWN,RANGE,NORMAL,CALM,RANGE,DOWN,SQUEEZE,CALM,DOWN
2021-12-01,DOWN,NORMAL,DOWN,DOWN,NORMAL,CALM,DOWN,DOWN,NORMAL,CALM,UNCONFIRMED,DOWN,RANGE,NORMAL,CALM,RANGE,DOWN,SQUEEZE,CALM,DOWN
2021-12-02,DOWN,NORMAL,DOWN,DOWN,NORMAL,CALM,DOWN,DOWN,NORMAL,CALM,UNCONFIRMED,DOWN,RANGE,NORMAL,CALM,RANGE,DOWN,SQUEEZE,CALM,DOWN
2021-12-03,DOWN,NORMAL,DOWN,DOWN,NORMAL,CALM,DOWN,DOWN,NORMAL,CALM,UNCONFIRMED,DOWN,RANGE,NORMAL,CALM,RANGE,DOWN,NORMAL,CALM,DOWN
2021-12-04,DOWN,NORMAL,DOWN,DOWN,NORMAL,CALM,DOWN,DOWN,NORMAL,CALM,CONFIRMED,DOWN,DOWN,NORMAL,CALM,DOWN,DOWN,NORMAL,CALM,DOWN
2021-12-05,DOWN,NORMAL,DOWN,DOWN,NORMAL,CALM,DOWN,DOWN,NORMAL,CALM,UNCONFIRMED,DOWN,DOWN,NORMAL,CALM,DOWN,DOWN,NORMAL,CALM,DOWN
2021-12-06,DOWN,NORMAL,DOWN,DOWN,NORMAL,CALM,DOWN,DOWN,NORMAL,CALM,UNCONFIRMED,DOWN,DOWN,NORMAL,CALM,DOWN,DOWN,NORMAL,CALM,DOWN
2021-12-07,DOWN,NORMAL,DOWN,DOWN,NORMAL,CALM,DOWN,DOWN,NORMAL,CALM,UNCONFIRMED,DOWN,DOWN,NORMAL,CALM,DOWN,DOWN,NORMAL,CALM,DOWN
2021-12-08,DOWN,NORMAL,DOWN,DOWN,NORMAL,CALM,DOWN,DOWN,NORMAL,CALM,UNCONFIRMED,DOWN,DOWN,NORMAL,CALM,DOWN,DOWN,NORMAL,CALM,DOWN
2021-12-09,DOWN,NORMAL,DOWN,DOWN,NORMAL,CALM,DOWN,DOWN,NORMAL,CALM,CONFIRMED,DOWN,DOWN,NORMAL,CALM,DOWN,DOWN,NORMAL,CALM,DOWN
2021-12-10,DOWN,NORMAL,DOWN,DOWN,NORMAL,CALM,DOWN,DOWN,NORMAL,CALM,UNCONFIRMED,DOWN,DOWN,NORMAL,CALM,DOWN,DOWN,NORMAL,CALM,DOWN
2021-12-11,DOWN,NORMAL,DOWN,DOWN,NORMAL,CALM,DOWN,DOWN,NORMAL,CALM,UNCONFIRMED,DOWN,DOWN,NORMAL,CALM,DOWN,DOWN,NORMAL,CALM,DOWN
2021-12-12,DOWN,NORMAL,DOWN,DOWN,NORMAL,CALM,DOWN,DOWN,NORMAL,CALM,UNCONFIRMED,DOWN,DOWN,NORMAL,CALM,DOWN,DOWN,NORMAL,CALM,DOWN
2021-12-13,DOWN,NORMAL,DOWN,DOWN,NORMAL,CALM,DOWN,DOWN,NORMAL,CALM,UNCONFIRMED,DOWN,DOWN,NORMAL,CALM,DOWN,DOWN,NORMAL,CALM,DOWN
2021-12-14,DOWN,NORMAL,DOWN,DOWN,NORMAL,CALM,DOWN,DOWN,NORMAL,CALM,UNCONFIRMED,DOWN,DOWN,NORMAL,CALM,DOWN,DOWN,NORMAL,CALM,DOWN
2021-12-15,DOWN,NORMAL,DOWN,DOWN,NORMAL,CALM,DOWN,DOWN,NORMAL,CALM,UNCONFIRMED,DOWN,DOWN,NORMAL,CALM,DOWN,DOWN,NORMAL,CALM,DOWN
2021-12-16,DOWN,NORMAL,DOWN,DOWN,NORMAL,CALM,DOWN,DOWN,NORMAL,CALM,UNCONFIRMED,DOWN,DOWN,NORMAL,CALM,DOWN,DOWN,NORMAL,CALM,DOWN
2021-12-17,DOWN,NORMAL,DOWN,DOWN,NORMAL,CALM,DOWN,DOWN,NORMAL,CALM,UNCONFIRMED,DOWN,DOWN,NORMAL,CALM,DOWN,DOWN,NORMAL,CALM,DOWN
2021-12-18,DOWN,NORMAL,DOWN,DOWN,NORMAL,CALM,DOWN,DOWN,NORMAL,CALM,UNCONFIRMED,DOWN,DOWN,NORMAL,CALM,DOWN,DOWN,NORMAL,CALM,DOWN
2021-12-19,DOWN,NORMAL,DOWN,DOWN,NORMAL,CALM,DOWN,DOWN,NORMAL,CALM,UNCONFIRMED,DOWN,DOWN,NORMAL,CALM,DOWN,DOWN,NORMAL,CALM,DOWN
2021-12-20,DOWN,NORMAL,DOWN,DOWN,NORMAL,CALM,DOWN,DOWN,NORMAL,CALM,CONFIRMED,DOWN,DOWN,NORMAL,CALM,DOWN,DOWN,NORMAL,CALM,DOWN
2021-12-21,DOWN,SQUEEZE,DOWN,DOWN,SQUEEZE,CALM,DOWN,DOWN,SQUEEZE,CALM,CONFIRMED,DOWN,DOWN,SQUEEZE,CALM,DOWN,DOWN,NORMAL,CALM,DOWN
2021-12-22,DOWN,SQUEEZE,DOWN,DOWN,SQUEEZE,CALM,DOWN,DOWN,SQUEEZE,CALM,UNCONFIRMED,DOWN,DOWN,SQUEEZE,CALM,DOWN,DOWN,NORMAL,CALM,DOWN
2021-12-23,DOWN,NORMAL,DOWN,DOWN,NORMAL,CALM,DOWN,DOWN,NORMAL,CALM,CONFIRMED,DOWN,DOWN,NORMAL,CALM,DOWN,DOWN,SQUEEZE,CALM,DOWN
2021-12-24,DOWN,NORMAL,DOWN,DOWN,NORMAL,CALM,DOWN,DOWN,NORMAL,CALM,CONFIRMED,DOWN,DOWN,NORMAL,CALM,DOWN,DOWN,NORMAL,CALM,DOWN
2021-12-25,DOWN,NORMAL,DOWN,DOWN,NORMAL,CALM,DOWN,DOWN,NORMAL,CALM,UNCONFIRMED,DOWN,DOWN,NORMAL,CALM,DOWN,DOWN,NORMAL,CALM,DOWN
2021-12-26,DOWN,NORMAL,DOWN,DOWN,NORMAL,CALM,DOWN,DOWN,NORMAL,CALM,UNCONFIRMED,DOWN,DOWN,NORMAL,CALM,DOWN,DOWN,NORMAL,CALM,DOWN
2021-12-27,DOWN,NORMAL,DOWN,DOWN,NORMAL,CALM,DOWN,DOWN,NORMAL,CALM,UNCONFIRMED,DOWN,RANGE,NORMAL,CALM,RANGE,DOWN,SQUEEZE,CALM,DOWN
2021-12-28,DOWN,NORMAL,DOWN,DOWN,NORMAL,CALM,DOWN,DOWN,NORMAL,CALM,UNCONFIRMED,DOWN,RANGE,NORMAL,CALM,RANGE,DOWN,NORMAL,CALM,DOWN
2021-12-29,DOWN,NORMAL,DOWN,DOWN,NORMAL,CALM,DOWN,DOWN,NORMAL,CALM,UNCONFIRMED,DOWN,RANGE,NORMAL,CALM,RANGE,DOWN,NORMAL,CALM,DOWN
2021-12-30,DOWN,NORMAL,DOWN,DOWN,NORMAL,CALM,DOWN,DOWN,NORMAL,CALM,UNCONFIRMED,DOWN,RANGE,NORMAL,CALM,RANGE,DOWN,NORMAL,CALM,DOWN
2021-12-31,DOWN,NORMAL,DOWN,DOWN,NORMAL,CALM,DOWN,DOWN,NORMAL,CALM,UNCONFIRMED,DOWN,RANGE,NORMAL,CALM,RANGE,DOWN,NORMAL,CALM,DOWN
2022-01-01,DOWN,NORMAL,DOWN,DOWN,NORMAL,CALM,DOWN,DOWN,NORMAL,CALM,UNCONFIRMED,DOWN,RANGE,NORMAL,CALM,RANGE,DOWN,NORMAL,CALM,DOWN
2022-01-02,DOWN,NORMAL,DOWN,DOWN,NORMAL,CALM,DOWN,DOWN,NORMAL,CALM,UNCONFIRMED,DOWN,RANGE,NORMAL,CALM,RANGE,DOWN,SQUEEZE,CALM,DOWN
2022-01-03,DOWN,NORMAL,DOWN,DOWN,NORMAL,CALM,DOWN,DOWN,NORMAL,CALM,UNCONFIRMED,DOWN,RANGE,NORMAL,CALM,RANGE,DOWN,SQUEEZE,CALM,DOWN
2022-01-04,DOWN,NORMAL,DOWN,DOWN,NORMAL,CALM,DOWN,DOWN,NORMAL,CALM,UNCONFIRMED,DOWN,RANGE,NORMAL,CALM,RANGE,DOWN,SQUEEZE,CALM,DOWN
2022-01-05,DOWN,NORMAL,DOWN,DOWN,NORMAL,CALM,DOWN,DOWN,NORMAL,CALM,UNCONFIRMED,DOWN,RANGE,NORMAL,CALM,RANGE,DOWN,NORMAL,CALM,DOWN
2022-01-06,DOWN,NORMAL,DOWN,DOWN,NORMAL,CALM,DOWN,DOWN,NORMAL,CALM,UNCONFIRMED,DOWN,DOWN,NORMAL,CALM,DOWN,DOWN,NORMAL,CALM,DOWN
2022-01-07,DOWN,NORMAL,DOWN,DOWN,NORMAL,CALM,DOWN,DOWN,NORMAL,CALM,UNCONFIRMED,DOWN,DOWN,NORMAL,CALM,DOWN,DOWN,NORMAL,CALM,DOWN
2022-01-08,DOWN,NORMAL,DOWN,DOWN,NORMAL,CALM,DOWN,DOWN,NORMAL,CALM,UNCONFIRMED,DOWN,DOWN,NORMAL,CALM,DOWN,DOWN,NORMAL,CALM,DOWN
2022-01-09,DOWN,NORMAL,DOWN,DOWN,NORMAL,CALM,DOWN,DOWN,NORMAL,CALM,UNCONFIRMED,DOWN,DOWN,NORMAL,CALM,DOWN,DOWN,NORMAL,CALM,DOWN
2022-01-10,DOWN,NORMAL,DOWN,DOWN,NORMAL,CALM,DOWN,DOWN,NORMAL,CALM,UNCONFIRMED,DOWN,DOWN,NORMAL,CALM,DOWN,DOWN,NORMAL,CALM,DOWN
2022-01-11,DOWN,NORMAL,DOWN,DOWN,NORMAL,CALM,DOWN,DOWN,NORMAL,CALM,UNCONFIRMED,DOWN,DOWN,NORMAL,CALM,DOWN,DOWN,NORMAL,CALM,DOWN
2022-01-12,DOWN,NORMAL,DOWN,DOWN,NORMAL,CALM,DOWN,DOWN,NORMAL,CALM,UNCONFIRMED,DOWN,DOWN,NORMAL,CALM,DOWN,DOWN,NORMAL,CALM,DOWN
2022-01-13,DOWN,NORMAL,DOWN,DOWN,NORMAL,CALM,DOWN,DOWN,NORMAL,CALM,UNCONFIRMED,DOWN,DOWN,NORMAL,CALM,DOWN,DOWN,NORMAL,CALM,DOWN
2022-01-14,DOWN,NORMAL,DOWN,DOWN,NORMAL,CALM,DOWN,DOWN,NORMAL,CALM,UNCONFIRMED,DOWN,DOWN,NORMAL,CALM,DOWN,DOWN,NORMAL,CALM,DOWN
2022-01-15,DOWN,SQUEEZE,DOWN,DOWN,SQUEEZE,CALM,DOWN,DOWN,SQUEEZE,CALM,UNCONFIRMED,DOWN,DOWN,SQUEEZE,CALM,DOWN,DOWN,SQUEEZE,CALM,DOWN
2022-01-16,DOWN,SQUEEZE,DOWN,DOWN,SQUEEZE,CALM,DOWN,DOWN,SQUEEZE,CALM,UNCONFIRMED,DOWN,DOWN,SQUEEZE,CALM,DOWN,DOWN,SQUEEZE,CALM,DOWN
2022-01-17,DOWN,SQUEEZE,DOWN,DOWN,SQUEEZE,CALM,DOWN,DOWN,SQUEEZE,CALM,UNCONFIRMED,DOWN,DOWN,SQUEEZE,CALM,DOWN,DOWN,SQUEEZE,CALM,DOWN
2022-01-18,DOWN,SQUEEZE,DOWN,DOWN,SQUEEZE,CALM,DOWN,DOWN,SQUEEZE,CALM,UNCONFIRMED,DOWN,DOWN,SQUEEZE,CALM,DOWN,DOWN,SQUEEZE,CALM,DOWN
2022-01-19,DOWN,SQUEEZE,DOWN,DOWN,SQUEEZE,CALM,DOWN,DOWN,SQUEEZE,CALM,UNCONFIRMED,DOWN,DOWN,SQUEEZE,CALM,DOWN,DOWN,SQUEEZE,CALM,DOWN
2022-01-20,DOWN,SQUEEZE,DOWN,DOWN,SQUEEZE,CALM,DOWN,DOWN,SQUEEZE,CALM,UNCONFIRMED,DOWN,DOWN,SQUEEZE,CALM,DOWN,DOWN,SQUEEZE,CALM,DOWN
2022-01-21,DOWN,NORMAL,DOWN,DOWN,NORMAL,CALM,DOWN,DOWN,NORMAL,CALM,CONFIRMED,DOWN,DOWN,NORMAL,CALM,DOWN,DOWN,NORMAL,CALM,DOWN
2022-01-22,DOWN,NORMAL,DOWN,DOWN,NORMAL,CALM,DOWN,DOWN,NORMAL,CALM,CONFIRMED,DOWN,DOWN,NORMAL,CALM,DOWN,DOWN,NORMAL,CALM,DOWN
2022-01-23,DOWN,NORMAL,DOWN,DOWN,NORMAL,CALM,DOWN,DOWN,NORMAL,CALM,UNCONFIRMED,DOWN,DOWN,NORMAL,CALM,DOWN,DOWN,NORMAL,CALM,DOWN
2022-01-24,DOWN,NORMAL,DOWN,DOWN,NORMAL,CALM,DOWN,DOWN,NORMAL,CALM,CONFIRMED,DOWN,DOWN,NORMAL,CALM,DOWN,DOWN,NORMAL,CALM,DOWN
2022-01-25,DOWN,NORMAL,DOWN,DOWN,NORMAL,CALM,DOWN,DOWN,NORMAL,CALM,UNCONFIRMED,DOWN,DOWN,NORMAL,CALM,DOWN,DOWN,NORMAL,CALM,DOWN
2022-01-26,DOWN,NORMAL,DOWN,DOWN,NORMAL,CALM,DOWN,DOWN,NORMAL,CALM,CONFIRMED,DOWN,DOWN,NORMAL,CALM,DOWN,DOWN,NORMAL,CALM,DOWN
2022-01-27,DOWN,NORMAL,DOWN,DOWN,NORMAL,CALM,DOWN,DOWN,NORMAL,CALM,UNCONFIRMED,DOWN,DOWN,NORMAL,CALM,DOWN,DOWN,NORMAL,CALM,DOWN
2022-01-28,DOWN,NORMAL,DOWN,DOWN,NORMAL,CALM,DOWN,DOWN,NORMAL,CALM,UNCONFIRMED,DOWN,DOWN,NORMAL,CALM,DOWN,DOWN,NORMAL,CALM,DOWN
2022-01-29,DOWN,NORMAL,DOWN,DOWN,NORMAL,CALM,DOWN,DOWN,NORMAL,CALM,UNCONFIRMED,DOWN,DOWN,NORMAL,CALM,DOWN,DOWN,NORMAL,CALM,DOWN
2022-01-30,DOWN,NORMAL,DOWN,DOWN,NORMAL,CALM,DOWN,DOWN,NORMAL,CALM,UNCONFIRMED,DOWN,DOWN,NORMAL,CALM,DOWN,DOWN,NORMAL,CALM,DOWN
2022-01-31,DOWN,NORMAL,DOWN,DOWN,NORMAL,CALM,DOWN,DOWN,NORMAL,CALM,UNCONFIRMED,DOWN,DOWN,NORMAL,CALM,DOWN,DOWN,NORMAL,CALM,DOWN
2022-02-01,DOWN,NORMAL,DOWN,DOWN,NORMAL,CALM,DOWN,DOWN,NORMAL,CALM,UNCONFIRMED,DOWN,DOWN,NORMAL,CALM,DOWN,DOWN,NORMAL,CALM,DOWN
2022-02-02,DOWN,NORMAL,DOWN,DOWN,NORMAL,CALM,DOWN,DOWN,NORMAL,CALM,UNCONFIRMED,DOWN,DOWN,NORMAL,CALM,DOWN,DOWN,NORMAL,CALM,DOWN
2022-02-03,DOWN,NORMAL,DOWN,DOWN,NORMAL,CALM,DOWN,DOWN,NORMAL,CALM,UNCONFIRMED,DOWN,DOWN,NORMAL,CALM,DOWN,DOWN,SQUEEZE,CALM,DOWN
2022-02-04,DOWN,NORMAL,DOWN,DOWN,NORMAL,CALM,DOWN,DOWN,NORMAL,CALM,UNCONFIRMED,DOWN,DOWN,NORMAL,CALM,DOWN,DOWN,SQUEEZE,CALM,DOWN
2022-02-05,DOWN,NORMAL,DOWN,DOWN,NORMAL,CALM,DOWN,DOWN,NORMAL,CALM,UNCONFIRMED,DOWN,DOWN,NORMAL,CALM,DOWN,DOWN,SQUEEZE,CALM,DOWN
2022-02-06,DOWN,NORMAL,DOWN,DOWN,NORMAL,CALM,DOWN,DOWN,NORMAL,CALM,UNCONFIRMED,DOWN,DOWN,NORMAL,CALM,DOWN,DOWN,SQUEEZE,CALM,DOWN
2022-02-07,DOWN,NORMAL,DOWN,DOWN,NORMAL,CALM,DOWN,DOWN,NORMAL,CALM,CONFIRMED,DOWN,DOWN,NORMAL,CALM,DOWN,DOWN,SQUEEZE,CALM,DOWN
2022-02-08,DOWN,EXPANSION,EXPANSION,DOWN,EXPANSION,CALM,EXPANSION,DOWN,EXPANSION,CALM,CONFIRMED,EXPANSION,DOWN,EXPANSION,CALM,EXPANSION,DOWN,SQUEEZE,CALM,DOWN
2022-02-09,DOWN,EXPANSION,EXPANSION,DOWN,EXPANSION,CALM,EXPANSION,DOWN,EXPANSION,CALM,CONFIRMED,EXPANSION,DOWN,EXPANSION,CALM,EXPANSION,DOWN,SQUEEZE,CALM,DOWN
2022-02-10,DOWN,EXPANSION,EXPANSION,DOWN,EXPANSION,CALM,EXPANSION,DOWN,EXPANSION,CALM,CONFIRMED,EXPANSION,DOWN,EXPANSION,CALM,EXPANSION,DOWN,NORMAL,CALM,DOWN
2022-02-11,DOWN,EXPANSION,EXPANSION,DOWN,EXPANSION,CALM,EXPANSION,DOWN,EXPANSION,CALM,CONFIRMED,EXPANSION,DOWN,EXPANSION,CALM,EXPANSION,DOWN,NORMAL,CALM,DOWN
2022-02-12,DOWN,EXPANSION,EXPANSION,DOWN,EXPANSION,CALM,EXPANSION,DOWN,EXPANSION,CALM,CONFIRMED,EXPANSION,DOWN,EXPANSION,CALM,EXPANSION,DOWN,NORMAL,CALM,DOWN
2022-02-13,DOWN,EXPANSION,EXPANSION,DOWN,EXPANSION,CALM,EXPANSION,DOWN,EXPANSION,CALM,UNCONFIRMED,EXPANSION,DOWN,EXPANSION,CALM,EXPANSION,DOWN,NORMAL,CALM,DOWN
2022-02-14,DOWN,EXPANSION,EXPANSION,DOWN,EXPANSION,CALM,EXPANSION,DOWN,EXPANSION,CALM,UNCONFIRMED,EXPANSION,DOWN,EXPANSION,CALM,EXPANSION,DOWN,NORMAL,CALM,DOWN
2022-02-15,DOWN,EXPANSION,EXPANSION,DOWN,EXPANSION,CALM,EXPANSION,DOWN,EXPANSION,CALM,UNCONFIRMED,EXPANSION,DOWN,EXPANSION,CALM,EXPANSION,DOWN,NORMAL,CALM,DOWN
2022-02-16,DOWN,EXPANSION,EXPANSION,DOWN,EXPANSION,CALM,EXPANSION,DOWN,EXPANSION,CALM,UNCONFIRMED,EXPANSION,DOWN,EXPANSION,CALM,EXPANSION,DOWN,NORMAL,CALM,DOWN
2022-02-17,DOWN,EXPANSION,EXPANSION,DOWN,EXPANSION,CALM,EXPANSION,DOWN,EXPANSION,CALM,CONFIRMED,EXPANSION,DOWN,EXPANSION,CALM,EXPANSION,DOWN,NORMAL,CALM,DOWN
2022-02-18,DOWN,EXPANSION,EXPANSION,DOWN,EXPANSION,CALM,EXPANSION,DOWN,EXPANSION,CALM,CONFIRMED,EXPANSION,DOWN,EXPANSION,CALM,EXPANSION,DOWN,NORMAL,CALM,DOWN
2022-02-19,DOWN,EXPANSION,EXPANSION,DOWN,EXPANSION,CALM,EXPANSION,DOWN,EXPANSION,CALM,CONFIRMED,EXPANSION,DOWN,EXPANSION,CALM,EXPANSION,DOWN,NORMAL,CALM,DOWN
2022-02-20,DOWN,EXPANSION,EXPANSION,DOWN,EXPANSION,CALM,EXPANSION,DOWN,EXPANSION,CALM,CONFIRMED,EXPANSION,DOWN,EXPANSION,CALM,EXPANSION,DOWN,NORMAL,CALM,DOWN
2022-02-21,DOWN,NORMAL,DOWN,DOWN,NORMAL,STRESS_DOWN,STRESS_DOWN,DOWN,NORMAL,STRESS_DOWN,CONFIRMED,STRESS_DOWN,DOWN,NORMAL,STRESS_DOWN,STRESS_DOWN,DOWN,NORMAL,STRESS_DOWN,STRESS_DOWN
2022-02-22,DOWN,NORMAL,DOWN,DOWN,NORMAL,CALM,DOWN,DOWN,NORMAL,CALM,CONFIRMED,DOWN,RANGE,NORMAL,CALM,RANGE,DOWN,NORMAL,CALM,DOWN
2022-02-23,DOWN,NORMAL,DOWN,DOWN,NORMAL,STRESS_DOWN,STRESS_DOWN,DOWN,NORMAL,STRESS_DOWN,CONFIRMED,STRESS_DOWN,RANGE,NORMAL,STRESS_DOWN,STRESS_DOWN,DOWN,NORMAL,STRESS_DOWN,STRESS_DOWN
2022-02-24,DOWN,NORMAL,DOWN,DOWN,NORMAL,STRESS_DOWN,STRESS_DOWN,DOWN,NORMAL,STRESS_DOWN,CONFIRMED,STRESS_DOWN,RANGE,NORMAL,STRESS_DOWN,STRESS_DOWN,DOWN,NORMAL,STRESS_DOWN,STRESS_DOWN
2022-02-25,DOWN,NORMAL,DOWN,DOWN,NORMAL,CALM,DOWN,DOWN,NORMAL,CALM,CONFIRMED,DOWN,RANGE,NORMAL,CALM,RANGE,DOWN,NORMAL,CALM,DOWN
2022-02-26,RANGE,NORMAL,RANGE,RANGE,NORMAL,CALM,RANGE,RANGE,NORMAL,CALM,CONFIRMED,RANGE,RANGE,NORMAL,CALM,RANGE,DOWN,NORMAL,CALM,DOWN
2022-02-27,RANGE,NORMAL,RANGE,RANGE,NORMAL,STRESS_DOWN,STRESS_DOWN,RANGE,NORMAL,STRESS_DOWN,CONFIRMED,STRESS_DOWN,RANGE,NORMAL,STRESS_DOWN,STRESS_DOWN,DOWN,NORMAL,STRESS_DOWN,STRESS_DOWN
2022-02-28,RANGE,NORMAL,RANGE,RANGE,NORMAL,CALM,RANGE,RANGE,NORMAL,CALM,CONFIRMED,RANGE,RANGE,NORMAL,CALM,RANGE,DOWN,NORMAL,CALM,DOWN
2022-03-01,RANGE,NORMAL,RANGE,RANGE,NORMAL,CALM,RANGE,RANGE,NORMAL,CALM,CONFIRMED,RANGE,RANGE,NORMAL,CALM,RANGE,DOWN,NORMAL,CALM,DOWN
2022-03-02,RANGE,NORMAL,RANGE,RANGE,NORMAL,CALM,RANGE,RANGE,NORMAL,CALM,CONFIRMED,RANGE,RANGE,NORMAL,CALM,RANGE,DOWN,NORMAL,CALM,DOWN
2022-03-03,RANGE,NORMAL,RANGE,RANGE,NORMAL,CALM,RANGE,RANGE,NORMAL,CALM,UNCONFIRMED,RANGE,RANGE,NORMAL,CALM,RANGE,RANGE,NORMAL,CALM,RANGE
2022-03-04,RANGE,NORMAL,RANGE,RANGE,NORMAL,CALM,RANGE,RANGE,NORMAL,CALM,CONFIRMED,RANGE,RANGE,NORMAL,CALM,RANGE,RANGE,NORMAL,CALM,RANGE
2022-03-05,RANGE,NORMAL,RANGE,RANGE,NORMAL,CALM,RANGE,RANGE,NORMAL,CALM,UNCONFIRMED,RANGE,RANGE,NORMAL,CALM,RANGE,RANGE,NORMAL,CALM,RANGE
2022-03-06,RANGE,NORMAL,RANGE,RANGE,NORMAL,CALM,RANGE,RANGE,NORMAL,CALM,UNCONFIRMED,RANGE,RANGE,NORMAL,CALM,RANGE,RANGE,NORMAL,CALM,RANGE
2022-03-07,RANGE,SQUEEZE,SQUEEZE,RANGE,SQUEEZE,CALM,SQUEEZE,RANGE,SQUEEZE,CALM,CONFIRMED,SQUEEZE,RANGE,SQUEEZE,CALM,SQUEEZE,RANGE,NORMAL,CALM,RANGE
2022-03-08,RANGE,SQUEEZE,SQUEEZE,RANGE,SQUEEZE,CALM,SQUEEZE,RANGE,SQUEEZE,CALM,UNCONFIRMED,SQUEEZE,RANGE,SQUEEZE,CALM,SQUEEZE,RANGE,NORMAL,CALM,RANGE
2022-03-09,RANGE,SQUEEZE,SQUEEZE,RANGE,SQUEEZE,CALM,SQUEEZE,RANGE,SQUEEZE,CALM,CONFIRMED,SQUEEZE,RANGE,SQUEEZE,CALM,SQUEEZE,RANGE,NORMAL,CALM,RANGE
2022-03-10,RANGE,SQUEEZE,SQUEEZE,RANGE,SQUEEZE,CALM,SQUEEZE,RANGE,SQUEEZE,CALM,CONFIRMED,SQUEEZE,RANGE,SQUEEZE,CALM,SQUEEZE,RANGE,NORMAL,CALM,RANGE
2022-03-11,RANGE,SQUEEZE,SQUEEZE,RANGE,SQUEEZE,CALM,SQUEEZE,RANGE,SQUEEZE,CALM,CONFIRMED,SQUEEZE,RANGE,SQUEEZE,CALM,SQUEEZE,RANGE,NORMAL,CALM,RANGE
2022-03-12,RANGE,SQUEEZE,SQUEEZE,RANGE,SQUEEZE,CALM,SQUEEZE,RANGE,SQUEEZE,CALM,CONFIRMED,SQUEEZE,RANGE,SQUEEZE,CALM,SQUEEZE,RANGE,NORMAL,CALM,RANGE
2022-03-13,RANGE,SQUEEZE,SQUEEZE,RANGE,SQUEEZE,CALM,SQUEEZE,RANGE,SQUEEZE,CALM,UNCONFIRMED,SQUEEZE,RANGE,SQUEEZE,CALM,SQUEEZE,RANGE,NORMAL,CALM,RANGE
2022-03-14,RANGE,SQUEEZE,SQUEEZE,RANGE,SQUEEZE,CALM,SQUEEZE,RANGE,SQUEEZE,CALM,UNCONFIRMED,SQUEEZE,RANGE,SQUEEZE,CALM,SQUEEZE,RANGE,NORMAL,CALM,RANGE
2022-03-15,RANGE,SQUEEZE,SQUEEZE,RANGE,SQUEEZE,CALM,SQUEEZE,RANGE,SQUEEZE,CALM,UNCONFIRMED,SQUEEZE,RANGE,SQUEEZE,CALM,SQUEEZE,RANGE,NORMAL,CALM,RANGE
2022-03-16,RANGE,SQUEEZE,SQUEEZE,RANGE,SQUEEZE,CALM,SQUEEZE,RANGE,SQUEEZE,CALM,UNCONFIRMED,SQUEEZE,RANGE,SQUEEZE,CALM,SQUEEZE,RANGE,NORMAL,CALM,RANGE
2022-03-17,RANGE,SQUEEZE,SQUEEZE,RANGE,SQUEEZE,CALM,SQUEEZE,RANGE,SQUEEZE,CALM,UNCONFIRMED,SQUEEZE,RANGE,SQUEEZE,CALM,SQUEEZE,RANGE,SQUEEZE,CALM,SQUEEZE
2022-03-18,RANGE,SQUEEZE,SQUEEZE,RANGE,SQUEEZE,CALM,SQUEEZE,RANGE,SQUEEZE,CALM,UNCONFIRMED,SQUEEZE,RANGE,SQUEEZE,CALM,SQUEEZE,RANGE,SQUEEZE,CALM,SQUEEZE
2022-03-19,RANGE,SQUEEZE,SQUEEZE,RANGE,SQUEEZE,CALM,SQUEEZE,RANGE,SQUEEZE,CALM,UNCONFIRMED,SQUEEZE,RANGE,SQUEEZE,CALM,SQUEEZE,RANGE,SQUEEZE,CALM,SQUEEZE
2022-03-20,RANGE,SQUEEZE,SQUEEZE,RANGE,SQUEEZE,CALM,SQUEEZE,RANGE,SQUEEZE,CALM,UNCONFIRMED,SQUEEZE,RANGE,SQUEEZE,CALM,SQUEEZE,RANGE,SQUEEZE,CALM,SQUEEZE
2022-03-21,RANGE,SQUEEZE,SQUEEZE,RANGE,SQUEEZE,CALM,SQUEEZE,RANGE,SQUEEZE,CALM,UNCONFIRMED,SQUEEZE,RANGE,SQUEEZE,CALM,SQUEEZE,RANGE,SQUEEZE,CALM,SQUEEZE
2022-03-22,RANGE,SQUEEZE,SQUEEZE,RANGE,SQUEEZE,CALM,SQUEEZE,RANGE,SQUEEZE,CALM,UNCONFIRMED,SQUEEZE,RANGE,SQUEEZE,CALM,SQUEEZE,RANGE,SQUEEZE,CALM,SQUEEZE
2022-03-23,RANGE,SQUEEZE,SQUEEZE,RANGE,SQUEEZE,CALM,SQUEEZE,RANGE,SQUEEZE,CALM,UNCONFIRMED,SQUEEZE,RANGE,SQUEEZE,CALM,SQUEEZE,RANGE,SQUEEZE,CALM,SQUEEZE
2022-03-24,RANGE,SQUEEZE,SQUEEZE,RANGE,SQUEEZE,CALM,SQUEEZE,RANGE,SQUEEZE,CALM,UNCONFIRMED,SQUEEZE,RANGE,SQUEEZE,CALM,SQUEEZE,RANGE,SQUEEZE,CALM,SQUEEZE
2022-03-25,RANGE,SQUEEZE,SQUEEZE,RANGE,SQUEEZE,CALM,SQUEEZE,RANGE,SQUEEZE,CALM,UNCONFIRMED,SQUEEZE,RANGE,SQUEEZE,CALM,SQUEEZE,RANGE,SQUEEZE,CALM,SQUEEZE
2022-03-26,RANGE,SQUEEZE,SQUEEZE,RANGE,SQUEEZE,CALM,SQUEEZE,RANGE,SQUEEZE,CALM,UNCONFIRMED,SQUEEZE,RANGE,SQUEEZE,CALM,SQUEEZE,RANGE,SQUEEZE,CALM,SQUEEZE
2022-03-27,RANGE,SQUEEZE,SQUEEZE,RANGE,SQUEEZE,CALM,SQUEEZE,RANGE,SQUEEZE,CALM,UNCONFIRMED,SQUEEZE,RANGE,SQUEEZE,CALM,SQUEEZE,UP,SQUEEZE,CALM,UP
2022-03-28,UP,SQUEEZE,UP,UP,SQUEEZE,CALM,UP,UP,SQUEEZE,CALM,CONFIRMED,UP,RANGE,SQUEEZE,CALM,SQUEEZE,UP,SQUEEZE,CALM,UP
2022-03-29,UP,SQUEEZE,UP,UP,SQUEEZE,CALM,UP,UP,SQUEEZE,CALM,UNCONFIRMED,UP,RANGE,SQUEEZE,CALM,SQUEEZE,UP,SQUEEZE,CALM,UP
2022-03-30,UP,SQUEEZE,UP,UP,SQUEEZE,CALM,UP,UP,SQUEEZE,CALM,UNCONFIRMED,UP,RANGE,SQUEEZE,CALM,SQUEEZE,UP,SQUEEZE,CALM,UP
2022-03-31,UP,SQUEEZE,UP,UP,SQUEEZE,CALM,UP,UP,SQUEEZE,CALM,CONFIRMED,UP,RANGE,SQUEEZE,CALM,SQUEEZE,UP,SQUEEZE,CALM,UP
2022-04-01,UP,SQUEEZE,UP,RANGE,SQUEEZE,CALM,SQUEEZE,RANGE,SQUEEZE,CALM,UNCONFIRMED,SQUEEZE,RANGE,SQUEEZE,CALM,SQUEEZE,RANGE,SQUEEZE,CALM,SQUEEZE
2022-04-02,UP,SQUEEZE,UP,RANGE,SQUEEZE,CALM,SQUEEZE,RANGE,SQUEEZE,CALM,UNCONFIRMED,SQUEEZE,RANGE,SQUEEZE,CALM,SQUEEZE,RANGE,SQUEEZE,CALM,SQUEEZE
2022-04-03,UP,SQUEEZE,UP,RANGE,SQUEEZE,CALM,SQUEEZE,RANGE,SQUEEZE,CALM,UNCONFIRMED,SQUEEZE,RANGE,SQUEEZE,CALM,SQUEEZE,RANGE,SQUEEZE,CALM,SQUEEZE
2022-04-04,UP,SQUEEZE,UP,RANGE,SQUEEZE,CALM,SQUEEZE,RANGE,SQUEEZE,CALM,UNCONFIRMED,SQUEEZE,RANGE,SQUEEZE,CALM,SQUEEZE,RANGE,SQUEEZE,CALM,SQUEEZE
2022-04-05,RANGE,SQUEEZE,SQUEEZE,RANGE,SQUEEZE,CALM,SQUEEZE,RANGE,SQUEEZE,CALM,UNCONFIRMED,SQUEEZE,RANGE,SQUEEZE,CALM,SQUEEZE,RANGE,SQUEEZE,CALM,SQUEEZE
2022-04-06,RANGE,SQUEEZE,SQUEEZE,RANGE,SQUEEZE,CALM,SQUEEZE,RANGE,SQUEEZE,CALM,UNCONFIRMED,SQUEEZE,RANGE,SQUEEZE,CALM,SQUEEZE,DOWN,SQUEEZE,CALM,DOWN
2022-04-07,RANGE,SQUEEZE,SQUEEZE,RANGE,SQUEEZE,CALM,SQUEEZE,RANGE,SQUEEZE,CALM,UNCONFIRMED,SQUEEZE,RANGE,SQUEEZE,CALM,SQUEEZE,RANGE,SQUEEZE,CALM,SQUEEZE
2022-04-08,RANGE,SQUEEZE,SQUEEZE,RANGE,SQUEEZE,CALM,SQUEEZE,RANGE,SQUEEZE,CALM,UNCONFIRMED,SQUEEZE,RANGE,SQUEEZE,CALM,SQUEEZE,DOWN,SQUEEZE,CALM,DOWN
2022-04-09,RANGE,SQUEEZE,SQUEEZE,RANGE,SQUEEZE,CALM,SQUEEZE,RANGE,SQUEEZE,CALM,UNCONFIRMED,SQUEEZE,RANGE,SQUEEZE,CALM,SQUEEZE,RANGE,SQUEEZE,CALM,SQUEEZE
2022-04-10,RANGE,SQUEEZE,SQUEEZE,RANGE,SQUEEZE,CALM,SQUEEZE,RANGE,SQUEEZE,CALM,UNCONFIRMED,SQUEEZE,RANGE,SQUEEZE,CALM,SQUEEZE,DOWN,SQUEEZE,CALM,DOWN
2022-04-11,RANGE,NORMAL,RANGE,RANGE,NORMAL,CALM,RANGE,RANGE,NORMAL,CALM,CONFIRMED,RANGE,RANGE,NORMAL,CALM,RANGE,DOWN,SQUEEZE,CALM,DOWN
2022-04-12,DOWN,NORMAL,DOWN,DOWN,NORMAL,CALM,DOWN,DOWN,NORMAL,CALM,UNCONFIRMED,DOWN,RANGE,NORMAL,CALM,RANGE,DOWN,SQUEEZE,CALM,DOWN
2022-04-13,DOWN,NORMAL,DOWN,DOWN,NORMAL,CALM,DOWN,DOWN,NORMAL,CALM,UNCONFIRMED,DOWN,RANGE,NORMAL,CALM,RANGE,DOWN,SQUEEZE,CALM,DOWN
2022-04-14,DOWN,NORMAL,DOWN,DOWN,NORMAL,CALM,DOWN,DOWN,NORMAL,CALM,UNCONFIRMED,DOWN,RANGE,NORMAL,CALM,RANGE,DOWN,SQUEEZE,CALM,DOWN
2022-04-15,UP,NORMAL,UP,RANGE,NORMAL,CALM,RANGE,RANGE,NORMAL,CALM,CONFIRMED,RANGE,RANGE,NORMAL,CALM,RANGE,RANGE,SQUEEZE,CALM,SQUEEZE
2022-04-16,RANGE,NORMAL,RANGE,RANGE,NORMAL,CALM,RANGE,RANGE,NORMAL,CALM,UNCONFIRMED,RANGE,RANGE,NORMAL,CALM,RANGE,RANGE,SQUEEZE,CALM,SQUEEZE
2022-04-17,RANGE,NORMAL,RANGE,RANGE,NORMAL,CALM,RANGE,RANGE,NORMAL,CALM,UNCONFIRMED,RANGE,RANGE,NORMAL,CALM,RANGE,DOWN,SQUEEZE,CALM,DOWN
2022-04-18,RANGE,NORMAL,RANGE,RANGE,NORMAL,CALM,RANGE,RANGE,NORMAL,CALM,UNCONFIRMED,RANGE,RANGE,NORMAL,CALM,RANGE,RANGE,SQUEEZE,CALM,SQUEEZE
2022-04-19,RANGE,NORMAL,RANGE,RANGE,NORMAL,CALM,RANGE,RANGE,NORMAL,CALM,UNCONFIRMED,RANGE,RANGE,NORMAL,CALM,RANGE,RANGE,SQUEEZE,CALM,SQUEEZE
2022-04-20,RANGE,NORMAL,RANGE,RANGE,NORMAL,CALM,RANGE,RANGE,NORMAL,CALM,UNCONFIRMED,RANGE,RANGE,NORMAL,CALM,RANGE,DOWN,SQUEEZE,CALM,DOWN
2022-04-21,RANGE,NORMAL,RANGE,RANGE,NORMAL,CALM,RANGE,RANGE,NORMAL,CALM,UNCONFIRMED,RANGE,RANGE,NORMAL,CALM,RANGE,DOWN,SQUEEZE,CALM,DOWN
2022-04-22,RANGE,NORMAL,RANGE,RANGE,NORMAL,CALM,RANGE,RANGE,NORMAL,CALM,UNCONFIRMED,RANGE,RANGE,NORMAL,CALM,RANGE,DOWN,SQUEEZE,CALM,DOWN
2022-04-23,RANGE,SQUEEZE,SQUEEZE,RANGE,SQUEEZE,CALM,SQUEEZE,RANGE,SQUEEZE,CALM,UNCONFIRMED,SQUEEZE,RANGE,SQUEEZE,CALM,SQUEEZE,DOWN,SQUEEZE,CALM,DOWN
2022-04-24,RANGE,SQUEEZE,SQUEEZE,RANGE,SQUEEZE,CALM,SQUEEZE,RANGE,SQUEEZE,CALM,UNCONFIRMED,SQUEEZE,RANGE,SQUEEZE,CALM,SQUEEZE,DOWN,SQUEEZE,CALM,DOWN
2022-04-25,DOWN,SQUEEZE,DOWN,DOWN,SQUEEZE,CALM,DOWN,DOWN,SQUEEZE,CALM,CONFIRMED,DOWN,RANGE,SQUEEZE,CALM,SQUEEZE,DOWN,SQUEEZE,CALM,DOWN
2022-04-26,DOWN,NORMAL,DOWN,DOWN,NORMAL,CALM,DOWN,DOWN,NORMAL,CALM,CONFIRMED,DOWN,RANGE,NORMAL,CALM,RANGE,DOWN,NORMAL,CALM,DOWN
2022-04-27,DOWN,NORMAL,DOWN,DOWN,NORMAL,CALM,DOWN,DOWN,NORMAL,CALM,UNCONFIRMED,DOWN,RANGE,NORMAL,CALM,RANGE,DOWN,SQUEEZE,CALM,DOWN
2022-04-28,DOWN,NORMAL,DOWN,DOWN,NORMAL,CALM,DOWN,DOWN,NORMAL,CALM,UNCONFIRMED,DOWN,DOWN,NORMAL,CALM,DOWN,DOWN,SQUEEZE,CALM,DOWN
2022-04-29,DOWN,NORMAL,DOWN,DOWN,NORMAL,CALM,DOWN,DOWN,NORMAL,CALM,UNCONFIRMED,DOWN,DOWN,NORMAL,CALM,DOWN,DOWN,NORMAL,CALM,DOWN
2022-04-30,DOWN,NORMAL,DOWN,DOWN,NORMAL,CALM,DOWN,DOWN,NORMAL,CALM,CONFIRMED,DOWN,DOWN,NORMAL,CALM,DOWN,DOWN,NORMAL,CALM,DOWN
2022-05-01,DOWN,NORMAL,DOWN,DOWN,NORMAL,CALM,DOWN,DOWN,NORMAL,CALM,UNCONFIRMED,DOWN,DOWN,NORMAL,CALM,DOWN,DOWN,NORMAL,CALM,DOWN
2022-05-02,DOWN,EXPANSION,EXPANSION,DOWN,EXPANSION,CALM,EXPANSION,DOWN,EXPANSION,CALM,UNCONFIRMED,EXPANSION,DOWN,EXPANSION,CALM,EXPANSION,DOWN,NORMAL,CALM,DOWN
2022-05-03,DOWN,EXPANSION,EXPANSION,DOWN,EXPANSION,CALM,EXPANSION,DOWN,EXPANSION,CALM,UNCONFIRMED,EXPANSION,DOWN,EXPANSION,CALM,EXPANSION,DOWN,NORMAL,CALM,DOWN
2022-05-04,DOWN,EXPANSION,EXPANSION,DOWN,EXPANSION,CALM,EXPANSION,DOWN,EXPANSION,CALM,CONFIRMED,EXPANSION,DOWN,EXPANSION,CALM,EXPANSION,DOWN,SQUEEZE,CALM,DOWN
2022-05-05,DOWN,EXPANSION,EXPANSION,DOWN,EXPANSION,CALM,EXPANSION,DOWN,EXPANSION,CALM,CONFIRMED,EXPANSION,DOWN,EXPANSION,CALM,EXPANSION,DOWN,NORMAL,CALM,DOWN
2022-05-06,DOWN,EXPANSION,EXPANSION,DOWN,EXPANSION,CALM,EXPANSION,DOWN,EXPANSION,CALM,CONFIRMED,EXPANSION,DOWN,EXPANSION,CALM,EXPANSION,DOWN,NORMAL,CALM,DOWN
2022-05-07,DOWN,EXPANSION,EXPANSION,DOWN,EXPANSION,CALM,EXPANSION,DOWN,EXPANSION,CALM,UNCONFIRMED,EXPANSION,DOWN,EXPANSION,CALM,EXPANSION,DOWN,NORMAL,CALM,DOWN
2022-05-08,DOWN,EXPANSION,EXPANSION,DOWN,EXPANSION,CALM,EXPANSION,DOWN,EXPANSION,CALM,CONFIRMED,EXPANSION,DOWN,EXPANSION,CALM,EXPANSION,DOWN,NORMAL,CALM,DOWN
2022-05-09,DOWN,EXPANSION,EXPANSION,DOWN,EXPANSION,STRESS_DOWN,STRESS_DOWN,DOWN,EXPANSION,STRESS_DOWN,CONFIRMED,STRESS_DOWN,DOWN,EXPANSION,STRESS_DOWN,STRESS_DOWN,DOWN,EXPANSION,STRESS_DOWN,STRESS_DOWN
2022-05-10,DOWN,EXPANSION,EXPANSION,DOWN,EXPANSION,STRESS_DOWN,STRESS_DOWN,DOWN,EXPANSION,STRESS_DOWN,CONFIRMED,STRESS_DOWN,DOWN,EXPANSION,STRESS_DOWN,STRESS_DOWN,DOWN,EXPANSION,STRESS_DOWN,STRESS_DOWN
2022-05-11,DOWN,EXPANSION,EXPANSION,DOWN,EXPANSION,STRESS_DOWN,STRESS_DOWN,DOWN,EXPANSION,STRESS_DOWN,CONFIRMED,STRESS_DOWN,DOWN,EXPANSION,STRESS_DOWN,STRESS_DOWN,DOWN,EXPANSION,STRESS_DOWN,STRESS_DOWN
2022-05-12,DOWN,EXPANSION,EXPANSION,DOWN,EXPANSION,STRESS_DOWN,STRESS_DOWN,DOWN,EXPANSION,STRESS_DOWN,CONFIRMED,STRESS_DOWN,DOWN,EXPANSION,STRESS_DOWN,STRESS_DOWN,DOWN,EXPANSION,STRESS_DOWN,STRESS_DOWN
2022-05-13,DOWN,EXPANSION,EXPANSION,DOWN,EXPANSION,STRESS_DOWN,STRESS_DOWN,DOWN,EXPANSION,STRESS_DOWN,CONFIRMED,STRESS_DOWN,DOWN,EXPANSION,STRESS_DOWN,STRESS_DOWN,DOWN,EXPANSION,STRESS_DOWN,STRESS_DOWN
2022-05-14,DOWN,EXPANSION,EXPANSION,DOWN,EXPANSION,STRESS_DOWN,STRESS_DOWN,DOWN,EXPANSION,STRESS_DOWN,CONFIRMED,STRESS_DOWN,DOWN,EXPANSION,STRESS_DOWN,STRESS_DOWN,DOWN,EXPANSION,STRESS_DOWN,STRESS_DOWN
2022-05-15,DOWN,EXPANSION,EXPANSION,DOWN,EXPANSION,STRESS_DOWN,STRESS_DOWN,DOWN,EXPANSION,STRESS_DOWN,UNCONFIRMED,STRESS_DOWN,DOWN,EXPANSION,STRESS_DOWN,STRESS_DOWN,DOWN,EXPANSION,STRESS_DOWN,STRESS_DOWN
2022-05-16,DOWN,EXPANSION,EXPANSION,DOWN,EXPANSION,STRESS_DOWN,STRESS_DOWN,DOWN,EXPANSION,STRESS_DOWN,CONFIRMED,STRESS_DOWN,DOWN,EXPANSION,STRESS_DOWN,STRESS_DOWN,DOWN,EXPANSION,STRESS_DOWN,STRESS_DOWN
2022-05-17,DOWN,EXPANSION,EXPANSION,DOWN,EXPANSION,STRESS_DOWN,STRESS_DOWN,DOWN,EXPANSION,STRESS_DOWN,CONFIRMED,STRESS_DOWN,DOWN,EXPANSION,STRESS_DOWN,STRESS_DOWN,DOWN,EXPANSION,STRESS_DOWN,STRESS_DOWN
2022-05-18,DOWN,EXPANSION,EXPANSION,DOWN,EXPANSION,STRESS_DOWN,STRESS_DOWN,DOWN,EXPANSION,STRESS_DOWN,CONFIRMED,STRESS_DOWN,DOWN,EXPANSION,STRESS_DOWN,STRESS_DOWN,DOWN,EXPANSION,STRESS_DOWN,STRESS_DOWN
2022-05-19,DOWN,EXPANSION,EXPANSION,DOWN,EXPANSION,STRESS_DOWN,STRESS_DOWN,DOWN,EXPANSION,STRESS_DOWN,UNCONFIRMED,STRESS_DOWN,DOWN,EXPANSION,STRESS_DOWN,STRESS_DOWN,DOWN,EXPANSION,STRESS_DOWN,STRESS_DOWN
2022-05-20,DOWN,EXPANSION,EXPANSION,DOWN,EXPANSION,STRESS_DOWN,STRESS_DOWN,DOWN,EXPANSION,STRESS_DOWN,CONFIRMED,STRESS_DOWN,DOWN,EXPANSION,STRESS_DOWN,STRESS_DOWN,DOWN,EXPANSION,STRESS_DOWN,STRESS_DOWN
2022-05-21,DOWN,EXPANSION,EXPANSION,DOWN,EXPANSION,STRESS_DOWN,STRESS_DOWN,DOWN,EXPANSION,STRESS_DOWN,UNCONFIRMED,STRESS_DOWN,DOWN,EXPANSION,STRESS_DOWN,STRESS_DOWN,DOWN,EXPANSION,STRESS_DOWN,STRESS_DOWN
2022-05-22,DOWN,EXPANSION,EXPANSION,DOWN,EXPANSION,STRESS_DOWN,STRESS_DOWN,DOWN,EXPANSION,STRESS_DOWN,UNCONFIRMED,STRESS_DOWN,DOWN,EXPANSION,STRESS_DOWN,STRESS_DOWN,DOWN,EXPANSION,STRESS_DOWN,STRESS_DOWN
2022-05-23,DOWN,EXPANSION,EXPANSION,DOWN,EXPANSION,STRESS_DOWN,STRESS_DOWN,DOWN,EXPANSION,STRESS_DOWN,UNCONFIRMED,STRESS_DOWN,DOWN,EXPANSION,STRESS_DOWN,STRESS_DOWN,DOWN,EXPANSION,STRESS_DOWN,STRESS_DOWN
2022-05-24,DOWN,EXPANSION,EXPANSION,DOWN,EXPANSION,STRESS_DOWN,STRESS_DOWN,DOWN,EXPANSION,STRESS_DOWN,UNCONFIRMED,STRESS_DOWN,DOWN,EXPANSION,STRESS_DOWN,STRESS_DOWN,DOWN,EXPANSION,STRESS_DOWN,STRESS_DOWN
2022-05-25,DOWN,EXPANSION,EXPANSION,DOWN,EXPANSION,STRESS_DOWN,STRESS_DOWN,DOWN,EXPANSION,STRESS_DOWN,CONFIRMED,STRESS_DOWN,DOWN,EXPANSION,STRESS_DOWN,STRESS_DOWN,DOWN,EXPANSION,STRESS_DOWN,STRESS_DOWN
2022-05-26,DOWN,EXPANSION,EXPANSION,DOWN,EXPANSION,STRESS_DOWN,STRESS_DOWN,DOWN,EXPANSION,STRESS_DOWN,CONFIRMED,STRESS_DOWN,DOWN,EXPANSION,STRESS_DOWN,STRESS_DOWN,DOWN,EXPANSION,STRESS_DOWN,STRESS_DOWN
2022-05-27,DOWN,EXPANSION,EXPANSION,DOWN,EXPANSION,STRESS_DOWN,STRESS_DOWN,DOWN,EXPANSION,STRESS_DOWN,CONFIRMED,STRESS_DOWN,DOWN,EXPANSION,STRESS_DOWN,STRESS_DOWN,DOWN,EXPANSION,STRESS_DOWN,STRESS_DOWN
2022-05-28,DOWN,NORMAL,DOWN,DOWN,NORMAL,STRESS_DOWN,STRESS_DOWN,DOWN,NORMAL,STRESS_DOWN,UNCONFIRMED,STRESS_DOWN,DOWN,NORMAL,STRESS_DOWN,STRESS_DOWN,DOWN,EXPANSION,STRESS_DOWN,STRESS_DOWN
2022-05-29,DOWN,NORMAL,DOWN,DOWN,NORMAL,STRESS_DOWN,STRESS_DOWN,DOWN,NORMAL,STRESS_DOWN,UNCONFIRMED,STRESS_DOWN,DOWN,NORMAL,STRESS_DOWN,STRESS_DOWN,DOWN,EXPANSION,STRESS_DOWN,STRESS_DOWN
2022-05-30,DOWN,SQUEEZE,DOWN,DOWN,SQUEEZE,STRESS_DOWN,STRESS_DOWN,DOWN,SQUEEZE,STRESS_DOWN,CONFIRMED,STRESS_DOWN,DOWN,SQUEEZE,STRESS_DOWN,STRESS_DOWN,DOWN,NORMAL,STRESS_DOWN,STRESS_DOWN
2022-05-31,DOWN,SQUEEZE,DOWN,DOWN,SQUEEZE,STRESS_DOWN,STRESS_DOWN,DOWN,SQUEEZE,STRESS_DOWN,CONFIRMED,STRESS_DOWN,DOWN,SQUEEZE,STRESS_DOWN,STRESS_DOWN,DOWN,NORMAL,STRESS_DOWN,STRESS_DOWN
2022-06-01,DOWN,SQUEEZE,DOWN,DOWN,SQUEEZE,STRESS_DOWN,STRESS_DOWN,DOWN,SQUEEZE,STRESS_DOWN,CONFIRMED,STRESS_DOWN,DOWN,SQUEEZE,STRESS_DOWN,STRESS_DOWN,DOWN,NORMAL,STRESS_DOWN,STRESS_DOWN
2022-06-02,DOWN,SQUEEZE,DOWN,DOWN,SQUEEZE,STRESS_DOWN,STRESS_DOWN,DOWN,SQUEEZE,STRESS_DOWN,CONFIRMED,STRESS_DOWN,DOWN,SQUEEZE,STRESS_DOWN,STRESS_DOWN,DOWN,NORMAL,STRESS_DOWN,STRESS_DOWN
2022-06-03,DOWN,SQUEEZE,DOWN,DOWN,SQUEEZE,STRESS_DOWN,STRESS_DOWN,DOWN,SQUEEZE,STRESS_DOWN,UNCONFIRMED,STRESS_DOWN,DOWN,SQUEEZE,STRESS_DOWN,STRESS_DOWN,DOWN,NORMAL,STRESS_DOWN,STRESS_DOWN
2022-06-04,DOWN,SQUEEZE,DOWN,DOWN,SQUEEZE,CALM,DOWN,DOWN,SQUEEZE,CALM,UNCONFIRMED,DOWN,DOWN,SQUEEZE,CALM,DOWN,DOWN,NORMAL,CALM,DOWN
2022-06-05,DOWN,SQUEEZE,DOWN,DOWN,SQUEEZE,CALM,DOWN,DOWN,SQUEEZE,CALM,UNCONFIRMED,DOWN,DOWN,SQUEEZE,CALM,DOWN,DOWN,NORMAL,CALM,DOWN
2022-06-06,DOWN,SQUEEZE,DOWN,DOWN,SQUEEZE,CALM,DOWN,DOWN,SQUEEZE,CALM,UNCONFIRMED,DOWN,DOWN,SQUEEZE,CALM,DOWN,DOWN,NORMAL,CALM,DOWN
2022-06-07,DOWN,SQUEEZE,DOWN,DOWN,SQUEEZE,CALM,DOWN,DOWN,SQUEEZE,CALM,CONFIRMED,DOWN,DOWN,SQUEEZE,CALM,DOWN,DOWN,NORMAL,CALM,DOWN
2022-06-08,DOWN,SQUEEZE,DOWN,DOWN,SQUEEZE,CALM,DOWN,DOWN,SQUEEZE,CALM,UNCONFIRMED,DOWN,DOWN,SQUEEZE,CALM,DOWN,DOWN,NORMAL,CALM,DOWN
2022-06-09,DOWN,SQUEEZE,DOWN,DOWN,SQUEEZE,CALM,DOWN,DOWN,SQUEEZE,CALM,UNCONFIRMED,DOWN,DOWN,SQUEEZE,CALM,DOWN,DOWN,NORMAL,CALM,DOWN
2022-06-10,DOWN,SQUEEZE,DOWN,DOWN,SQUEEZE,CALM,DOWN,DOWN,SQUEEZE,CALM,CONFIRMED,DOWN,DOWN,SQUEEZE,CALM,DOWN,DOWN,NORMAL,CALM,DOWN
2022-06-11,DOWN,SQUEEZE,DOWN,DOWN,SQUEEZE,CALM,DOWN,DOWN,SQUEEZE,CALM,CONFIRMED,DOWN,DOWN,SQUEEZE,CALM,DOWN,DOWN,NORMAL,CALM,DOWN
2022-06-12,DOWN,NORMAL,DOWN,DOWN,NORMAL,CALM,DOWN,DOWN,NORMAL,CALM,CONFIRMED,DOWN,DOWN,NORMAL,CALM,DOWN,DOWN,NORMAL,CALM,DOWN
2022-06-13,DOWN,NORMAL,DOWN,DOWN,NORMAL,STRESS_DOWN,STRESS_DOWN,DOWN,NORMAL,STRESS_DOWN,CONFIRMED,STRESS_DOWN,DOWN,NORMAL,STRESS_DOWN,STRESS_DOWN,DOWN,EXPANSION,STRESS_DOWN,STRESS_DOWN
2022-06-14,DOWN,NORMAL,DOWN,DOWN,NORMAL,STRESS_DOWN,STRESS_DOWN,DOWN,NORMAL,STRESS_DOWN,CONFIRMED,STRESS_DOWN,DOWN,NORMAL,STRESS_DOWN,STRESS_DOWN,DOWN,EXPANSION,STRESS_DOWN,STRESS_DOWN
2022-06-15,DOWN,NORMAL,DOWN,DOWN,NORMAL,STRESS_DOWN,STRESS_DOWN,DOWN,NORMAL,STRESS_DOWN,CONFIRMED,STRESS_DOWN,DOWN,NORMAL,STRESS_DOWN,STRESS_DOWN,DOWN,EXPANSION,STRESS_DOWN,STRESS_DOWN
2022-06-16,DOWN,NORMAL,DOWN,DOWN,NORMAL,STRESS_DOWN,STRESS_DOWN,DOWN,NORMAL,STRESS_DOWN,CONFIRMED,STRESS_DOWN,DOWN,NORMAL,STRESS_DOWN,STRESS_DOWN,DOWN,EXPANSION,STRESS_DOWN,STRESS_DOWN
2022-06-17,DOWN,EXPANSION,EXPANSION,DOWN,EXPANSION,STRESS_DOWN,STRESS_DOWN,DOWN,EXPANSION,STRESS_DOWN,CONFIRMED,STRESS_DOWN,DOWN,EXPANSION,STRESS_DOWN,STRESS_DOWN,DOWN,EXPANSION,STRESS_DOWN,STRESS_DOWN
2022-06-18,DOWN,EXPANSION,EXPANSION,DOWN,EXPANSION,STRESS_DOWN,STRESS_DOWN,DOWN,EXPANSION,STRESS_DOWN,CONFIRMED,STRESS_DOWN,DOWN,EXPANSION,STRESS_DOWN,STRESS_DOWN,DOWN,EXPANSION,STRESS_DOWN,STRESS_DOWN
2022-06-19,DOWN,EXPANSION,EXPANSION,DOWN,EXPANSION,STRESS_DOWN,STRESS_DOWN,DOWN,EXPANSION,STRESS_DOWN,CONFIRMED,STRESS_DOWN,DOWN,EXPANSION,STRESS_DOWN,STRESS_DOWN,DOWN,EXPANSION,STRESS_DOWN,STRESS_DOWN
2022-06-20,DOWN,EXPANSION,EXPANSION,DOWN,EXPANSION,STRESS_DOWN,STRESS_DOWN,DOWN,EXPANSION,STRESS_DOWN,CONFIRMED,STRESS_DOWN,DOWN,EXPANSION,STRESS_DOWN,STRESS_DOWN,DOWN,EXPANSION,STRESS_DOWN,STRESS_DOWN
2022-06-21,DOWN,EXPANSION,EXPANSION,DOWN,EXPANSION,STRESS_DOWN,STRESS_DOWN,DOWN,EXPANSION,STRESS_DOWN,CONFIRMED,STRESS_DOWN,DOWN,EXPANSION,STRESS_DOWN,STRESS_DOWN,DOWN,EXPANSION,STRESS_DOWN,STRESS_DOWN
2022-06-22,DOWN,EXPANSION,EXPANSION,DOWN,EXPANSION,STRESS_DOWN,STRESS_DOWN,DOWN,EXPANSION,STRESS_DOWN,UNCONFIRMED,STRESS_DOWN,DOWN,EXPANSION,STRESS_DOWN,STRESS_DOWN,DOWN,NORMAL,STRESS_DOWN,STRESS_DOWN
2022-06-23,DOWN,EXPANSION,EXPANSION,DOWN,EXPANSION,STRESS_DOWN,STRESS_DOWN,DOWN,EXPANSION,STRESS_DOWN,UNCONFIRMED,STRESS_DOWN,DOWN,EXPANSION,STRESS_DOWN,STRESS_DOWN,DOWN,NORMAL,STRESS_DOWN,STRESS_DOWN
2022-06-24,DOWN,EXPANSION,EXPANSION,DOWN,EXPANSION,CALM,EXPANSION,DOWN,EXPANSION,CALM,CONFIRMED,EXPANSION,DOWN,EXPANSION,CALM,EXPANSION,DOWN,NORMAL,CALM,DOWN
2022-06-25,DOWN,NORMAL,DOWN,DOWN,NORMAL,CALM,DOWN,DOWN,NORMAL,CALM,UNCONFIRMED,DOWN,DOWN,NORMAL,CALM,DOWN,DOWN,NORMAL,CALM,DOWN
2022-06-26,DOWN,NORMAL,DOWN,DOWN,NORMAL,CALM,DOWN,DOWN,NORMAL,CALM,UNCONFIRMED,DOWN,DOWN,NORMAL,CALM,DOWN,DOWN,NORMAL,CALM,DOWN
2022-06-27,DOWN,NORMAL,DOWN,DOWN,NORMAL,CALM,DOWN,DOWN,NORMAL,CALM,UNCONFIRMED,DOWN,DOWN,NORMAL,CALM,DOWN,DOWN,NORMAL,CALM,DOWN
2022-06-28,DOWN,NORMAL,DOWN,DOWN,NORMAL,CALM,DOWN,DOWN,NORMAL,CALM,UNCONFIRMED,DOWN,DOWN,NORMAL,CALM,DOWN,DOWN,NORMAL,CALM,DOWN
2022-06-29,DOWN,NORMAL,DOWN,DOWN,NORMAL,CALM,DOWN,DOWN,NORMAL,CALM,CONFIRMED,DOWN,DOWN,NORMAL,CALM,DOWN,DOWN,NORMAL,CALM,DOWN
2022-06-30,DOWN,NORMAL,DOWN,DOWN,NORMAL,CALM,DOWN,DOWN,NORMAL,CALM,CONFIRMED,DOWN,DOWN,NORMAL,CALM,DOWN,DOWN,NORMAL,CALM,DOWN
2022-07-01,DOWN,NORMAL,DOWN,DOWN,NORMAL,STRESS_DOWN,STRESS_DOWN,DOWN,NORMAL,STRESS_DOWN,CONFIRMED,STRESS_DOWN,DOWN,NORMAL,STRESS_DOWN,STRESS_DOWN,DOWN,NORMAL,STRESS_DOWN,STRESS_DOWN
2022-07-02,DOWN,NORMAL,DOWN,DOWN,NORMAL,CALM,DOWN,DOWN,NORMAL,CALM,UNCONFIRMED,DOWN,DOWN,NORMAL,CALM,DOWN,DOWN,NORMAL,CALM,DOWN
2022-07-03,DOWN,NORMAL,DOWN,DOWN,NORMAL,CALM,DOWN,DOWN,NORMAL,CALM,UNCONFIRMED,DOWN,DOWN,NORMAL,CALM,DOWN,DOWN,NORMAL,CALM,DOWN
2022-07-04,DOWN,NORMAL,DOWN,DOWN,NORMAL,CALM,DOWN,DOWN,NORMAL,CALM,UNCONFIRMED,DOWN,DOWN,NORMAL,CALM,DOWN,DOWN,NORMAL,CALM,DOWN
2022-07-05,DOWN,NORMAL,DOWN,DOWN,NORMAL,CALM,DOWN,DOWN,NORMAL,CALM,CONFIRMED,DOWN,RANGE,NORMAL,CALM,RANGE,DOWN,NORMAL,CALM,DOWN
2022-07-06,DOWN,NORMAL,DOWN,DOWN,NORMAL,CALM,DOWN,DOWN,NORMAL,CALM,UNCONFIRMED,DOWN,RANGE,NORMAL,CALM,RANGE,DOWN,NORMAL,CALM,DOWN
2022-07-07,DOWN,NORMAL,DOWN,DOWN,NORMAL,CALM,DOWN,DOWN,NORMAL,CALM,UNCONFIRMED,DOWN,RANGE,NORMAL,CALM,RANGE,DOWN,NORMAL,CALM,DOWN
2022-07-08,DOWN,NORMAL,DOWN,DOWN,NORMAL,CALM,DOWN,DOWN,NORMAL,CALM,CONFIRMED,DOWN,RANGE,NORMAL,CALM,RANGE,DOWN,NORMAL,CALM,DOWN
2022-07-09,DOWN,NORMAL,DOWN,DOWN,NORMAL,CALM,DOWN,DOWN,NORMAL,CALM,UNCONFIRMED,DOWN,RANGE,NORMAL,CALM,RANGE,DOWN,SQUEEZE,CALM,DOWN
2022-07-10,RANGE,SQUEEZE,SQUEEZE,RANGE,SQUEEZE,CALM,SQUEEZE,RANGE,SQUEEZE,CALM,UNCONFIRMED,SQUEEZE,RANGE,SQUEEZE,CALM,SQUEEZE,DOWN,NORMAL,CALM,DOWN
2022-07-11,RANGE,NORMAL,RANGE,RANGE,NORMAL,CALM,RANGE,RANGE,NORMAL,CALM,UNCONFIRMED,RANGE,RANGE,NORMAL,CALM,RANGE,DOWN,NORMAL,CALM,DOWN
2022-07-12,RANGE,NORMAL,RANGE,RANGE,NORMAL,CALM,RANGE,RANGE,NORMAL,CALM,UNCONFIRMED,RANGE,RANGE,NORMAL,CALM,RANGE,DOWN,NORMAL,CALM,DOWN
2022-07-13,RANGE,NORMAL,RANGE,RANGE,NORMAL,CALM,RANGE,RANGE,NORMAL,CALM,CONFIRMED,RANGE,RANGE,NORMAL,CALM,RANGE,DOWN,NORMAL,CALM,DOWN
2022-07-14,RANGE,SQUEEZE,SQUEEZE,RANGE,SQUEEZE,CALM,SQUEEZE,RANGE,SQUEEZE,CALM,CONFIRMED,SQUEEZE,RANGE,SQUEEZE,CALM,SQUEEZE,DOWN,SQUEEZE,CALM,DOWN
2022-07-15,RANGE,SQUEEZE,SQUEEZE,RANGE,SQUEEZE,CALM,SQUEEZE,RANGE,SQUEEZE,CALM,CONFIRMED,SQUEEZE,RANGE,SQUEEZE,CALM,SQUEEZE,DOWN,SQUEEZE,CALM,DOWN
2022-07-16,RANGE,SQUEEZE,SQUEEZE,RANGE,SQUEEZE,CALM,SQUEEZE,RANGE,SQUEEZE,CALM,UNCONFIRMED,SQUEEZE,RANGE,SQUEEZE,CALM,SQUEEZE,DOWN,SQUEEZE,CALM,DOWN
2022-07-17,RANGE,SQUEEZE,SQUEEZE,RANGE,SQUEEZE,CALM,SQUEEZE,RANGE,SQUEEZE,CALM,UNCONFIRMED,SQUEEZE,RANGE,SQUEEZE,CALM,SQUEEZE,DOWN,SQUEEZE,CALM,DOWN
2022-07-18,RANGE,SQUEEZE,SQUEEZE,RANGE,SQUEEZE,CALM,SQUEEZE,RANGE,SQUEEZE,CALM,CONFIRMED,SQUEEZE,RANGE,SQUEEZE,CALM,SQUEEZE,DOWN,SQUEEZE,CALM,DOWN
2022-07-19,RANGE,NORMAL,RANGE,RANGE,NORMAL,CALM,RANGE,RANGE,NORMAL,CALM,CONFIRMED,RANGE,RANGE,NORMAL,CALM,RANGE,DOWN,SQUEEZE,CALM,DOWN
2022-07-20,RANGE,NORMAL,RANGE,RANGE,NORMAL,CALM,RANGE,RANGE,NORMAL,CALM,CONFIRMED,RANGE,RANGE,NORMAL,CALM,RANGE,DOWN,SQUEEZE,CALM,DOWN
2022-07-21,RANGE,NORMAL,RANGE,RANGE,NORMAL,CALM,RANGE,RANGE,NORMAL,CALM,UNCONFIRMED,RANGE,RANGE,NORMAL,CALM,RANGE,DOWN,SQUEEZE,CALM,DOWN
2022-07-22,RANGE,NORMAL,RANGE,RANGE,NORMAL,CALM,RANGE,RANGE,NORMAL,CALM,UNCONFIRMED,RANGE,RANGE,NORMAL,CALM,RANGE,DOWN,SQUEEZE,CALM,DOWN
2022-07-23,RANGE,NORMAL,RANGE,RANGE,NORMAL,CALM,RANGE,RANGE,NORMAL,CALM,UNCONFIRMED,RANGE,RANGE,NORMAL,CALM,RANGE,DOWN,SQUEEZE,CALM,DOWN
2022-07-24,RANGE,NORMAL,RANGE,RANGE,NORMAL,CALM,RANGE,RANGE,NORMAL,CALM,UNCONFIRMED,RANGE,RANGE,NORMAL,CALM,RANGE,DOWN,SQUEEZE,CALM,DOWN
2022-07-25,RANGE,NORMAL,RANGE,RANGE,NORMAL,CALM,RANGE,RANGE,NORMAL,CALM,UNCONFIRMED,RANGE,RANGE,NORMAL,CALM,RANGE,DOWN,SQUEEZE,CALM,DOWN
2022-07-26,RANGE,NORMAL,RANGE,RANGE,NORMAL,CALM,RANGE,RANGE,NORMAL,CALM,UNCONFIRMED,RANGE,RANGE,NORMAL,CALM,RANGE,DOWN,SQUEEZE,CALM,DOWN
2022-07-27,RANGE,NORMAL,RANGE,RANGE,NORMAL,CALM,RANGE,RANGE,NORMAL,CALM,UNCONFIRMED,RANGE,RANGE,NORMAL,CALM,RANGE,DOWN,SQUEEZE,CALM,DOWN
2022-07-28,RANGE,NORMAL,RANGE,RANGE,NORMAL,CALM,RANGE,RANGE,NORMAL,CALM,CONFIRMED,RANGE,RANGE,NORMAL,CALM,RANGE,DOWN,SQUEEZE,CALM,DOWN
2022-07-29,RANGE,NORMAL,RANGE,RANGE,NORMAL,CALM,RANGE,RANGE,NORMAL,CALM,UNCONFIRMED,RANGE,RANGE,NORMAL,CALM,RANGE,DOWN,SQUEEZE,CALM,DOWN
2022-07-30,RANGE,NORMAL,RANGE,RANGE,NORMAL,CALM,RANGE,RANGE,NORMAL,CALM,CONFIRMED,RANGE,RANGE,NORMAL,CALM,RANGE,DOWN,SQUEEZE,CALM,DOWN
2022-07-31,DOWN,NORMAL,DOWN,DOWN,NORMAL,CALM,DOWN,DOWN,NORMAL,CALM,UNCONFIRMED,DOWN,RANGE,NORMAL,CALM,RANGE,DOWN,SQUEEZE,CALM,DOWN
2022-08-01,DOWN,NORMAL,DOWN,DOWN,NORMAL,CALM,DOWN,DOWN,NORMAL,CALM,UNCONFIRMED,DOWN,RANGE,NORMAL,CALM,RANGE,DOWN,SQUEEZE,CALM,DOWN
2022-08-02,DOWN,SQUEEZE,DOWN,DOWN,SQUEEZE,CALM,DOWN,DOWN,SQUEEZE,CALM,UNCONFIRMED,DOWN,RANGE,SQUEEZE,CALM,SQUEEZE,DOWN,NORMAL,CALM,DOWN
2022-08-03,DOWN,SQUEEZE,DOWN,DOWN,SQUEEZE,CALM,DOWN,DOWN,SQUEEZE,CALM,UNCONFIRMED,DOWN,RANGE,SQUEEZE,CALM,SQUEEZE,DOWN,SQUEEZE,CALM,DOWN
2022-08-04,DOWN,SQUEEZE,DOWN,DOWN,SQUEEZE,CALM,DOWN,DOWN,SQUEEZE,CALM,UNCONFIRMED,DOWN,RANGE,SQUEEZE,CALM,SQUEEZE,DOWN,SQUEEZE,CALM,DOWN
2022-08-05,DOWN,SQUEEZE,DOWN,DOWN,SQUEEZE,CALM,DOWN,DOWN,SQUEEZE,CALM,UNCONFIRMED,DOWN,RANGE,SQUEEZE,CALM,SQUEEZE,DOWN,SQUEEZE,CALM,DOWN
2022-08-06,DOWN,SQUEEZE,DOWN,DOWN,SQUEEZE,CALM,DOWN,DOWN,SQUEEZE,CALM,UNCONFIRMED,DOWN,DOWN,SQUEEZE,CALM,DOWN,DOWN,SQUEEZE,CALM,DOWN
2022-08-07,DOWN,SQUEEZE,DOWN,DOWN,SQUEEZE,CALM,DOWN,DOWN,SQUEEZE,CALM,UNCONFIRMED,DOWN,DOWN,SQUEEZE,CALM,DOWN,DOWN,SQUEEZE,CALM,DOWN
2022-08-08,DOWN,SQUEEZE,DOWN,DOWN,SQUEEZE,CALM,DOWN,DOWN,SQUEEZE,CALM,UNCONFIRMED,DOWN,DOWN,SQUEEZE,CALM,DOWN,DOWN,SQUEEZE,CALM,DOWN
2022-08-09,DOWN,SQUEEZE,DOWN,DOWN,SQUEEZE,CALM,DOWN,DOWN,SQUEEZE,CALM,UNCONFIRMED,DOWN,DOWN,SQUEEZE,CALM,DOWN,DOWN,SQUEEZE,CALM,DOWN
2022-08-10,DOWN,SQUEEZE,DOWN,DOWN,SQUEEZE,CALM,DOWN,DOWN,SQUEEZE,CALM,UNCONFIRMED,DOWN,DOWN,SQUEEZE,CALM,DOWN,DOWN,SQUEEZE,CALM,DOWN
2022-08-11,DOWN,SQUEEZE,DOWN,DOWN,SQUEEZE,CALM,DOWN,DOWN,SQUEEZE,CALM,UNCONFIRMED,DOWN,DOWN,SQUEEZE,CALM,DOWN,DOWN,SQUEEZE,CALM,DOWN
2022-08-12,UP,SQUEEZE,UP,RANGE,SQUEEZE,CALM,SQUEEZE,RANGE,SQUEEZE,CALM,UNCONFIRMED,SQUEEZE,RANGE,SQUEEZE,CALM,SQUEEZE,RANGE,SQUEEZE,CALM,SQUEEZE
2022-08-13,UP,SQUEEZE,UP,RANGE,SQUEEZE,CALM,SQUEEZE,RANGE,SQUEEZE,CALM,UNCONFIRMED,SQUEEZE,RANGE,SQUEEZE,CALM,SQUEEZE,RANGE,SQUEEZE,CALM,SQUEEZE
2022-08-14,UP,SQUEEZE,UP,RANGE,SQUEEZE,CALM,SQUEEZE,RANGE,SQUEEZE,CALM,UNCONFIRMED,SQUEEZE,RANGE,SQUEEZE,CALM,SQUEEZE,RANGE,SQUEEZE,CALM,SQUEEZE
2022-08-15,UP,SQUEEZE,UP,RANGE,SQUEEZE,CALM,SQUEEZE,RANGE,SQUEEZE,CALM,UNCONFIRMED,SQUEEZE,RANGE,SQUEEZE,CALM,SQUEEZE,RANGE,SQUEEZE,CALM,SQUEEZE
2022-08-16,UP,SQUEEZE,UP,RANGE,SQUEEZE,CALM,SQUEEZE,RANGE,SQUEEZE,CALM,UNCONFIRMED,SQUEEZE,RANGE,SQUEEZE,CALM,SQUEEZE,RANGE,SQUEEZE,CALM,SQUEEZE
2022-08-17,UP,SQUEEZE,UP,RANGE,SQUEEZE,CALM,SQUEEZE,RANGE,SQUEEZE,CALM,CONFIRMED,SQUEEZE,RANGE,SQUEEZE,CALM,SQUEEZE,RANGE,SQUEEZE,CALM,SQUEEZE
2022-08-18,UP,SQUEEZE,UP,RANGE,SQUEEZE,CALM,SQUEEZE,RANGE,SQUEEZE,CALM,UNCONFIRMED,SQUEEZE,RANGE,SQUEEZE,CALM,SQUEEZE,RANGE,SQUEEZE,CALM,SQUEEZE
2022-08-19,DOWN,SQUEEZE,DOWN,DOWN,SQUEEZE,CALM,DOWN,DOWN,SQUEEZE,CALM,CONFIRMED,DOWN,RANGE,SQUEEZE,CALM,SQUEEZE,DOWN,SQUEEZE,CALM,DOWN
2022-08-20,DOWN,SQUEEZE,DOWN,DOWN,SQUEEZE,CALM,DOWN,DOWN,SQUEEZE,CALM,UNCONFIRMED,DOWN,RANGE,SQUEEZE,CALM,SQUEEZE,DOWN,SQUEEZE,CALM,DOWN
2022-08-21,DOWN,SQUEEZE,DOWN,DOWN,SQUEEZE,CALM,DOWN,DOWN,SQUEEZE,CALM,UNCONFIRMED,DOWN,RANGE,SQUEEZE,CALM,SQUEEZE,DOWN,SQUEEZE,CALM,DOWN
2022-08-22,DOWN,SQUEEZE,DOWN,DOWN,SQUEEZE,CALM,DOWN,DOWN,SQUEEZE,CALM,UNCONFIRMED,DOWN,RANGE,SQUEEZE,CALM,SQUEEZE,DOWN,SQUEEZE,CALM,DOWN
2022-08-23,RANGE,NORMAL,RANGE,RANGE,NORMAL,CALM,RANGE,RANGE,NORMAL,CALM,UNCONFIRMED,RANGE,RANGE,NORMAL,CALM,RANGE,DOWN,SQUEEZE,CALM,DOWN
2022-08-24,RANGE,NORMAL,RANGE,RANGE,NORMAL,CALM,RANGE,RANGE,NORMAL,CALM,UNCONFIRMED,RANGE,RANGE,NORMAL,CALM,RANGE,DOWN,SQUEEZE,CALM,DOWN
2022-08-25,RANGE,NORMAL,RANGE,RANGE,NORMAL,CALM,RANGE,RANGE,NORMAL,CALM,UNCONFIRMED,RANGE,RANGE,NORMAL,CALM,RANGE,DOWN,SQUEEZE,CALM,DOWN
2022-08-26,RANGE,NORMAL,RANGE,RANGE,NORMAL,CALM,RANGE,RANGE,NORMAL,CALM,CONFIRMED,RANGE,RANGE,NORMAL,CALM,RANGE,DOWN,SQUEEZE,CALM,DOWN
2022-08-27,RANGE,NORMAL,RANGE,RANGE,NORMAL,CALM,RANGE,RANGE,NORMAL,CALM,UNCONFIRMED,RANGE,RANGE,NORMAL,CALM,RANGE,DOWN,SQUEEZE,CALM,DOWN
2022-08-28,RANGE,NORMAL,RANGE,RANGE,NORMAL,CALM,RANGE,RANGE,NORMAL,CALM,UNCONFIRMED,RANGE,RANGE,NORMAL,CALM,RANGE,DOWN,SQUEEZE,CALM,DOWN
2022-08-29,RANGE,NORMAL,RANGE,RANGE,NORMAL,CALM,RANGE,RANGE,NORMAL,CALM,UNCONFIRMED,RANGE,RANGE,NORMAL,CALM,RANGE,RANGE,SQUEEZE,CALM,SQUEEZE
2022-08-30,RANGE,NORMAL,RANGE,RANGE,NORMAL,CALM,RANGE,RANGE,NORMAL,CALM,UNCONFIRMED,RANGE,RANGE,NORMAL,CALM,RANGE,RANGE,SQUEEZE,CALM,SQUEEZE
2022-08-31,RANGE,NORMAL,RANGE,RANGE,NORMAL,CALM,RANGE,RANGE,NORMAL,CALM,UNCONFIRMED,RANGE,RANGE,NORMAL,CALM,RANGE,RANGE,SQUEEZE,CALM,SQUEEZE
2022-09-01,RANGE,NORMAL,RANGE,RANGE,NORMAL,CALM,RANGE,RANGE,NORMAL,CALM,UNCONFIRMED,RANGE,RANGE,NORMAL,CALM,RANGE,RANGE,SQUEEZE,CALM,SQUEEZE
2022-09-02,RANGE,NORMAL,RANGE,RANGE,NORMAL,CALM,RANGE,RANGE,NORMAL,CALM,UNCONFIRMED,RANGE,RANGE,NORMAL,CALM,RANGE,RANGE,SQUEEZE,CALM,SQUEEZE
2022-09-03,RANGE,NORMAL,RANGE,RANGE,NORMAL,CALM,RANGE,RANGE,NORMAL,CALM,UNCONFIRMED,RANGE,RANGE,NORMAL,CALM,RANGE,RANGE,SQUEEZE,CALM,SQUEEZE
2022-09-04,RANGE,NORMAL,RANGE,RANGE,NORMAL,CALM,RANGE,RANGE,NORMAL,CALM,UNCONFIRMED,RANGE,RANGE,NORMAL,CALM,RANGE,RANGE,SQUEEZE,CALM,SQUEEZE
2022-09-05,RANGE,NORMAL,RANGE,RANGE,NORMAL,CALM,RANGE,RANGE,NORMAL,CALM,UNCONFIRMED,RANGE,RANGE,NORMAL,CALM,RANGE,RANGE,SQUEEZE,CALM,SQUEEZE
2022-09-06,RANGE,SQUEEZE,SQUEEZE,RANGE,SQUEEZE,CALM,SQUEEZE,RANGE,SQUEEZE,CALM,CONFIRMED,SQUEEZE,RANGE,SQUEEZE,CALM,SQUEEZE,RANGE,SQUEEZE,CALM,SQUEEZE
2022-09-07,RANGE,SQUEEZE,SQUEEZE,RANGE,SQUEEZE,CALM,SQUEEZE,RANGE,SQUEEZE,CALM,UNCONFIRMED,SQUEEZE,RANGE,SQUEEZE,CALM,SQUEEZE,RANGE,SQUEEZE,CALM,SQUEEZE
2022-09-08,RANGE,SQUEEZE,SQUEEZE,RANGE,SQUEEZE,CALM,SQUEEZE,RANGE,SQUEEZE,CALM,UNCONFIRMED,SQUEEZE,RANGE,SQUEEZE,CALM,SQUEEZE,RANGE,SQUEEZE,CALM,SQUEEZE
2022-09-09,RANGE,SQUEEZE,SQUEEZE,RANGE,SQUEEZE,CALM,SQUEEZE,RANGE,SQUEEZE,CALM,CONFIRMED,SQUEEZE,RANGE,SQUEEZE,CALM,SQUEEZE,RANGE,SQUEEZE,CALM,SQUEEZE
2022-09-10,RANGE,SQUEEZE,SQUEEZE,RANGE,SQUEEZE,CALM,SQUEEZE,RANGE,SQUEEZE,CALM,UNCONFIRMED,SQUEEZE,RANGE,SQUEEZE,CALM,SQUEEZE,RANGE,SQUEEZE,CALM,SQUEEZE
2022-09-11,RANGE,SQUEEZE,SQUEEZE,RANGE,SQUEEZE,CALM,SQUEEZE,RANGE,SQUEEZE,CALM,UNCONFIRMED,SQUEEZE,RANGE,SQUEEZE,CALM,SQUEEZE,RANGE,SQUEEZE,CALM,SQUEEZE
2022-09-12,RANGE,SQUEEZE,SQUEEZE,RANGE,SQUEEZE,CALM,SQUEEZE,RANGE,SQUEEZE,CALM,UNCONFIRMED,SQUEEZE,RANGE,SQUEEZE,CALM,SQUEEZE,RANGE,SQUEEZE,CALM,SQUEEZE
2022-09-13,RANGE,SQUEEZE,SQUEEZE,RANGE,SQUEEZE,CALM,SQUEEZE,RANGE,SQUEEZE,CALM,CONFIRMED,SQUEEZE,RANGE,SQUEEZE,CALM,SQUEEZE,RANGE,SQUEEZE,CALM,SQUEEZE
2022-09-14,RANGE,SQUEEZE,SQUEEZE,RANGE,SQUEEZE,CALM,SQUEEZE,RANGE,SQUEEZE,CALM,CONFIRMED,SQUEEZE,RANGE,SQUEEZE,CALM,SQUEEZE,RANGE,SQUEEZE,CALM,SQUEEZE
2022-09-15,RANGE,SQUEEZE,SQUEEZE,RANGE,SQUEEZE,CALM,SQUEEZE,RANGE,SQUEEZE,CALM,CONFIRMED,SQUEEZE,RANGE,SQUEEZE,CALM,SQUEEZE,RANGE,SQUEEZE,CALM,SQUEEZE
2022-09-16,RANGE,SQUEEZE,SQUEEZE,RANGE,SQUEEZE,CALM,SQUEEZE,RANGE,SQUEEZE,CALM,CONFIRMED,SQUEEZE,RANGE,SQUEEZE,CALM,SQUEEZE,RANGE,SQUEEZE,CALM,SQUEEZE
2022-09-17,RANGE,NORMAL,RANGE,RANGE,NORMAL,CALM,RANGE,RANGE,NORMAL,CALM,CONFIRMED,RANGE,RANGE,NORMAL,CALM,RANGE,RANGE,SQUEEZE,CALM,SQUEEZE
2022-09-18,RANGE,NORMAL,RANGE,RANGE,NORMAL,CALM,RANGE,RANGE,NORMAL,CALM,CONFIRMED,RANGE,RANGE,NORMAL,CALM,RANGE,RANGE,NORMAL,CALM,RANGE
2022-09-19,RANGE,NORMAL,RANGE,RANGE,NORMAL,CALM,RANGE,RANGE,NORMAL,CALM,CONFIRMED,RANGE,RANGE,NORMAL,CALM,RANGE,RANGE,NORMAL,CALM,RANGE
2022-09-20,RANGE,NORMAL,RANGE,RANGE,NORMAL,CALM,RANGE,RANGE,NORMAL,CALM,CONFIRMED,RANGE,RANGE,NORMAL,CALM,RANGE,RANGE,NORMAL,CALM,RANGE
2022-09-21,RANGE,NORMAL,RANGE,RANGE,NORMAL,CALM,RANGE,RANGE,NORMAL,CALM,CONFIRMED,RANGE,RANGE,NORMAL,CALM,RANGE,RANGE,NORMAL,CALM,RANGE
2022-09-22,UP,EXPANSION,EXPANSION,UP,EXPANSION,CALM,EXPANSION,UP,EXPANSION,CALM,CONFIRMED,EXPANSION,RANGE,EXPANSION,CALM,EXPANSION,UP,NORMAL,CALM,UP
2022-09-23,UP,EXPANSION,EXPANSION,UP,EXPANSION,CALM,EXPANSION,UP,EXPANSION,CALM,CONFIRMED,EXPANSION,UP,EXPANSION,CALM,EXPANSION,UP,NORMAL,CALM,UP
2022-09-24,UP,EXPANSION,EXPANSION,UP,EXPANSION,STRESS_UP,STRESS_UP,UP,EXPANSION,STRESS_UP,CONFIRMED,STRESS_UP,UP,EXPANSION,STRESS_UP,STRESS_UP,UP,NORMAL,STRESS_UP,STRESS_UP
2022-09-25,UP,EXPANSION,EXPANSION,UP,EXPANSION,STRESS_UP,STRESS_UP,UP,EXPANSION,STRESS_UP,CONFIRMED,STRESS_UP,UP,EXPANSION,STRESS_UP,STRESS_UP,UP,NORMAL,STRESS_UP,STRESS_UP
2022-09-26,UP,EXPANSION,EXPANSION,UP,EXPANSION,CALM,EXPANSION,UP,EXPANSION,CALM,CONFIRMED,EXPANSION,UP,EXPANSION,CALM,EXPANSION,UP,NORMAL,CALM,UP
2022-09-27,UP,EXPANSION,EXPANSION,UP,EXPANSION,CALM,EXPANSION,UP,EXPANSION,CALM,CONFIRMED,EXPANSION,UP,EXPANSION,CALM,EXPANSION,UP,EXPANSION,CALM,EXPANSION
2022-09-28,UP,EXPANSION,EXPANSION,UP,EXPANSION,CALM,EXPANSION,UP,EXPANSION,CALM,CONFIRMED,EXPANSION,UP,EXPANSION,CALM,EXPANSION,UP,EXPANSION,CALM,EXPANSION
2022-09-29,UP,EXPANSION,EXPANSION,UP,EXPANSION,STRESS_UP,STRESS_UP,UP,EXPANSION,STRESS_UP,CONFIRMED,STRESS_UP,UP,EXPANSION,STRESS_UP,STRESS_UP,UP,EXPANSION,STRESS_UP,STRESS_UP
2022-09-30,UP,EXPANSION,EXPANSION,UP,EXPANSION,STRESS_UP,STRESS_UP,UP,EXPANSION,STRESS_UP,CONFIRMED,STRESS_UP,UP,EXPANSION,STRESS_UP,STRESS_UP,UP,EXPANSION,STRESS_UP,STRESS_UP
2022-10-01,UP,EXPANSION,EXPANSION,UP,EXPANSION,STRESS_UP,STRESS_UP,UP,EXPANSION,STRESS_UP,CONFIRMED,STRESS_UP,UP,EXPANSION,STRESS_UP,STRESS_UP,UP,EXPANSION,STRESS_UP,STRESS_UP
2022-10-02,UP,EXPANSION,EXPANSION,UP,EXPANSION,CALM,EXPANSION,UP,EXPANSION,CALM,CONFIRMED,EXPANSION,UP,EXPANSION,CALM,EXPANSION,UP,EXPANSION,CALM,EXPANSION
2022-10-03,UP,EXPANSION,EXPANSION,UP,EXPANSION,CALM,EXPANSION,UP,EXPANSION,CALM,CONFIRMED,EXPANSION,UP,EXPANSION,CALM,EXPANSION,UP,EXPANSION,CALM,EXPANSION
2022-10-04,UP,EXPANSION,EXPANSION,UP,EXPANSION,STRESS_UP,STRESS_UP,UP,EXPANSION,STRESS_UP,CONFIRMED,STRESS_UP,UP,EXPANSION,STRESS_UP,STRESS_UP,UP,NORMAL,STRESS_UP,STRESS_UP
2022-10-05,UP,EXPANSION,EXPANSION,UP,EXPANSION,STRESS_UP,STRESS_UP,UP,EXPANSION,STRESS_UP,CONFIRMED,STRESS_UP,UP,EXPANSION,STRESS_UP,STRESS_UP,UP,NORMAL,STRESS_UP,STRESS_UP
2022-10-06,UP,NORMAL,UP,UP,NORMAL,CALM,UP,UP,NORMAL,CALM,CONFIRMED,UP,UP,NORMAL,CALM,UP,UP,NORMAL,CALM,UP
2022-10-07,UP,NORMAL,UP,UP,NORMAL,CALM,UP,UP,NORMAL,CALM,CONFIRMED,UP,UP,NORMAL,CALM,UP,UP,NORMAL,CALM,UP
2022-10-08,UP,NORMAL,UP,UP,NORMAL,CALM,UP,UP,NORMAL,CALM,CONFIRMED,UP,UP,NORMAL,CALM,UP,UP,NORMAL,CALM,UP
2022-10-09,UP,NORMAL,UP,UP,NORMAL,CALM,UP,UP,NORMAL,CALM,CONFIRMED,UP,UP,NORMAL,CALM,UP,UP,NORMAL,CALM,UP
2022-10-10,UP,NORMAL,UP,UP,NORMAL,CALM,UP,UP,NORMAL,CALM,CONFIRMED,UP,UP,NORMAL,CALM,UP,UP,NORMAL,CALM,UP
2022-10-11,UP,NORMAL,UP,UP,NORMAL,CALM,UP,UP,NORMAL,CALM,CONFIRMED,UP,UP,NORMAL,CALM,UP,UP,NORMAL,CALM,UP
2022-10-12,UP,NORMAL,UP,UP,NORMAL,CALM,UP,UP,NORMAL,CALM,UNCONFIRMED,UP,UP,NORMAL,CALM,UP,UP,NORMAL,CALM,UP
2022-10-13,UP,NORMAL,UP,UP,NORMAL,CALM,UP,UP,NORMAL,CALM,CONFIRMED,UP,UP,NORMAL,CALM,UP,UP,NORMAL,CALM,UP
2022-10-14,UP,NORMAL,UP,UP,NORMAL,CALM,UP,UP,NORMAL,CALM,CONFIRMED,UP,UP,NORMAL,CALM,UP,UP,NORMAL,CALM,UP
2022-10-15,UP,NORMAL,UP,UP,NORMAL,CALM,UP,UP,NORMAL,CALM,UNCONFIRMED,UP,UP,NORMAL,CALM,UP,UP,NORMAL,CALM,UP
2022-10-16,UP,NORMAL,UP,UP,NORMAL,CALM,UP,UP,NORMAL,CALM,UNCONFIRMED,UP,UP,NORMAL,CALM,UP,UP,NORMAL,CALM,UP
2022-10-17,UP,NORMAL,UP,UP,NORMAL,CALM,UP,UP,NORMAL,CALM,UNCONFIRMED,UP,UP,NORMAL,CALM,UP,UP,NORMAL,CALM,UP
2022-10-18,UP,NORMAL,UP,UP,NORMAL,CALM,UP,UP,NORMAL,CALM,UNCONFIRMED,UP,UP,NORMAL,CALM,UP,UP,NORMAL,CALM,UP
2022-10-19,UP,NORMAL,UP,UP,NORMAL,CALM,UP,UP,NORMAL,CALM,CONFIRMED,UP,UP,NORMAL,CALM,UP,UP,NORMAL,CALM,UP
2022-10-20,UP,NORMAL,UP,UP,NORMAL,CALM,UP,UP,NORMAL,CALM,CONFIRMED,UP,RANGE,NORMAL,CALM,RANGE,UP,NORMAL,CALM,UP
2022-10-21,UP,NORMAL,UP,UP,NORMAL,CALM,UP,UP,NORMAL,CALM,CONFIRMED,UP,RANGE,NORMAL,CALM,RANGE,UP,NORMAL,CALM,UP
2022-10-22,UP,NORMAL,UP,UP,NORMAL,CALM,UP,UP,NORMAL,CALM,UNCONFIRMED,UP,RANGE,NORMAL,CALM,RANGE,UP,NORMAL,CALM,UP
2022-10-23,UP,NORMAL,UP,UP,NORMAL,CALM,UP,UP,NORMAL,CALM,UNCONFIRMED,UP,RANGE,NORMAL,CALM,RANGE,UP,NORMAL,CALM,UP
2022-10-24,UP,NORMAL,UP,UP,NORMAL,CALM,UP,UP,NORMAL,CALM,UNCONFIRMED,UP,RANGE,NORMAL,CALM,RANGE,UP,NORMAL,CALM,UP
2022-10-25,UP,NORMAL,UP,UP,NORMAL,CALM,UP,UP,NORMAL,CALM,CONFIRMED,UP,RANGE,NORMAL,CALM,RANGE,UP,NORMAL,CALM,UP
2022-10-26,UP,NORMAL,UP,UP,NORMAL,CALM,UP,UP,NORMAL,CALM,CONFIRMED,UP,RANGE,NORMAL,CALM,RANGE,UP,NORMAL,CALM,UP
2022-10-27,RANGE,NORMAL,RANGE,RANGE,NORMAL,CALM,RANGE,RANGE,NORMAL,CALM,CONFIRMED,RANGE,RANGE,NORMAL,CALM,RANGE,UP,NORMAL,CALM,UP
2022-10-28,RANGE,NORMAL,RANGE,RANGE,NORMAL,CALM,RANGE,RANGE,NORMAL,CALM,UNCONFIRMED,RANGE,RANGE,NORMAL,CALM,RANGE,UP,NORMAL,CALM,UP
2022-10-29,RANGE,SQUEEZE,SQUEEZE,RANGE,SQUEEZE,CALM,SQUEEZE,RANGE,SQUEEZE,CALM,UNCONFIRMED,SQUEEZE,RANGE,SQUEEZE,CALM,SQUEEZE,UP,NORMAL,CALM,UP
2022-10-30,RANGE,SQUEEZE,SQUEEZE,RANGE,SQUEEZE,CALM,SQUEEZE,RANGE,SQUEEZE,CALM,UNCONFIRMED,SQUEEZE,RANGE,SQUEEZE,CALM,SQUEEZE,UP,NORMAL,CALM,UP
2022-10-31,RANGE,SQUEEZE,SQUEEZE,RANGE,SQUEEZE,CALM,SQUEEZE,RANGE,SQUEEZE,CALM,UNCONFIRMED,SQUEEZE,RANGE,SQUEEZE,CALM,SQUEEZE,UP,NORMAL,CALM,UP
2022-11-01,RANGE,SQUEEZE,SQUEEZE,RANGE,SQUEEZE,CALM,SQUEEZE,RANGE,SQUEEZE,CALM,UNCONFIRMED,SQUEEZE,RANGE,SQUEEZE,CALM,SQUEEZE,UP,NORMAL,CALM,UP
2022-11-02,RANGE,SQUEEZE,SQUEEZE,RANGE,SQUEEZE,CALM,SQUEEZE,RANGE,SQUEEZE,CALM,CONFIRMED,SQUEEZE,RANGE,SQUEEZE,CALM,SQUEEZE,UP,NORMAL,CALM,UP
2022-11-03,RANGE,SQUEEZE,SQUEEZE,RANGE,SQUEEZE,CALM,SQUEEZE,RANGE,SQUEEZE,CALM,UNCONFIRMED,SQUEEZE,RANGE,SQUEEZE,CALM,SQUEEZE,UP,SQUEEZE,CALM,UP
2022-11-04,RANGE,SQUEEZE,SQUEEZE,RANGE,SQUEEZE,CALM,SQUEEZE,RANGE,SQUEEZE,CALM,CONFIRMED,SQUEEZE,RANGE,SQUEEZE,CALM,SQUEEZE,UP,SQUEEZE,CALM,UP
2022-11-05,RANGE,SQUEEZE,SQUEEZE,RANGE,SQUEEZE,CALM,SQUEEZE,RANGE,SQUEEZE,CALM,UNCONFIRMED,SQUEEZE,RANGE,SQUEEZE,CALM,SQUEEZE,UP,SQUEEZE,CALM,UP
2022-11-06,RANGE,SQUEEZE,SQUEEZE,RANGE,SQUEEZE,CALM,SQUEEZE,RANGE,SQUEEZE,CALM,UNCONFIRMED,SQUEEZE,RANGE,SQUEEZE,CALM,SQUEEZE,UP,NORMAL,CALM,UP
2022-11-07,RANGE,SQUEEZE,SQUEEZE,RANGE,SQUEEZE,CALM,SQUEEZE,RANGE,SQUEEZE,CALM,CONFIRMED,SQUEEZE,RANGE,SQUEEZE,CALM,SQUEEZE,RANGE,NORMAL,CALM,RANGE
2022-11-08,RANGE,NORMAL,RANGE,RANGE,NORMAL,CALM,RANGE,RANGE,NORMAL,CALM,CONFIRMED,RANGE,RANGE,NORMAL,CALM,RANGE,RANGE,NORMAL,STRESS_DOWN,STRESS_DOWN
2022-11-09,RANGE,NORMAL,RANGE,RANGE,NORMAL,STRESS_DOWN,STRESS_DOWN,RANGE,NORMAL,STRESS_DOWN,CONFIRMED,STRESS_DOWN,RANGE,NORMAL,STRESS_DOWN,STRESS_DOWN,RANGE,EXPANSION,STRESS_DOWN,STRESS_DOWN
2022-11-10,DOWN,NORMAL,DOWN,RANGE,NORMAL,CALM,RANGE,RANGE,NORMAL,CALM,CONFIRMED,RANGE,RANGE,NORMAL,CALM,RANGE,RANGE,EXPANSION,STRESS_DOWN,STRESS_DOWN
2022-11-11,DOWN,NORMAL,DOWN,RANGE,NORMAL,CALM,RANGE,RANGE,NORMAL,CALM,CONFIRMED,RANGE,RANGE,NORMAL,CALM,RANGE,RANGE,EXPANSION,STRESS_DOWN,STRESS_DOWN
2022-11-12,DOWN,EXPANSION,EXPANSION,RANGE,EXPANSION,STRESS_DOWN,STRESS_DOWN,RANGE,EXPANSION,STRESS_DOWN,UNCONFIRMED,STRESS_DOWN,RANGE,EXPANSION,STRESS_DOWN,STRESS_DOWN,RANGE,EXPANSION,STRESS_DOWN,STRESS_DOWN
2022-11-13,DOWN,EXPANSION,EXPANSION,RANGE,EXPANSION,STRESS_DOWN,STRESS_DOWN,RANGE,EXPANSION,STRESS_DOWN,CONFIRMED,STRESS_DOWN,RANGE,EXPANSION,STRESS_DOWN,STRESS_DOWN,RANGE,EXPANSION,STRESS_DOWN,STRESS_DOWN
2022-11-14,DOWN,EXPANSION,EXPANSION,RANGE,EXPANSION,CALM,EXPANSION,RANGE,EXPANSION,CALM,CONFIRMED,EXPANSION,RANGE,EXPANSION,CALM,EXPANSION,RANGE,EXPANSION,STRESS_DOWN,STRESS_DOWN
2022-11-15,DOWN,EXPANSION,EXPANSION,RANGE,EXPANSION,CALM,EXPANSION,RANGE,EXPANSION,CALM,CONFIRMED,EXPANSION,RANGE,EXPANSION,CALM,EXPANSION,RANGE,EXPANSION,STRESS_DOWN,STRESS_DOWN
2022-11-16,DOWN,EXPANSION,EXPANSION,RANGE,EXPANSION,CALM,EXPANSION,RANGE,EXPANSION,CALM,CONFIRMED,EXPANSION,RANGE,EXPANSION,CALM,EXPANSION,RANGE,EXPANSION,STRESS_DOWN,STRESS_DOWN
2022-11-17,DOWN,EXPANSION,EXPANSION,RANGE,EXPANSION,CALM,EXPANSION,RANGE,EXPANSION,CALM,CONFIRMED,EXPANSION,RANGE,EXPANSION,CALM,EXPANSION,RANGE,EXPANSION,STRESS_DOWN,STRESS_DOWN
2022-11-18,DOWN,EXPANSION,EXPANSION,DOWN,EXPANSION,CALM,EXPANSION,DOWN,EXPANSION,CALM,CONFIRMED,EXPANSION,DOWN,EXPANSION,CALM,EXPANSION,DOWN,EXPANSION,STRESS_DOWN,STRESS_DOWN
2022-11-19,DOWN,EXPANSION,EXPANSION,RANGE,EXPANSION,CALM,EXPANSION,RANGE,EXPANSION,CALM,UNCONFIRMED,EXPANSION,RANGE,EXPANSION,CALM,EXPANSION,RANGE,EXPANSION,STRESS_DOWN,STRESS_DOWN
2022-11-20,DOWN,EXPANSION,EXPANSION,DOWN,EXPANSION,STRESS_DOWN,STRESS_DOWN,DOWN,EXPANSION,STRESS_DOWN,CONFIRMED,STRESS_DOWN,DOWN,EXPANSION,STRESS_DOWN,STRESS_DOWN,DOWN,EXPANSION,STRESS_DOWN,STRESS_DOWN
2022-11-21,DOWN,EXPANSION,EXPANSION,DOWN,EXPANSION,STRESS_DOWN,STRESS_DOWN,DOWN,EXPANSION,STRESS_DOWN,CONFIRMED,STRESS_DOWN,DOWN,EXPANSION,STRESS_DOWN,STRESS_DOWN,DOWN,EXPANSION,STRESS_DOWN,STRESS_DOWN
2022-11-22,DOWN,EXPANSION,EXPANSION,DOWN,EXPANSION,CALM,EXPANSION,DOWN,EXPANSION,CALM,CONFIRMED,EXPANSION,DOWN,EXPANSION,CALM,EXPANSION,DOWN,EXPANSION,STRESS_DOWN,STRESS_DOWN
2022-11-23,DOWN,EXPANSION,EXPANSION,RANGE,EXPANSION,CALM,EXPANSION,RANGE,EXPANSION,CALM,CONFIRMED,EXPANSION,RANGE,EXPANSION,CALM,EXPANSION,RANGE,NORMAL,STRESS_DOWN,STRESS_DOWN
2022-11-24,DOWN,EXPANSION,EXPANSION,RANGE,EXPANSION,CALM,EXPANSION,RANGE,EXPANSION,CALM,CONFIRMED,EXPANSION,RANGE,EXPANSION,CALM,EXPANSION,RANGE,NORMAL,STRESS_UP,STRESS_UP
2022-11-25,DOWN,NORMAL,DOWN,RANGE,NORMAL,CALM,RANGE,RANGE,NORMAL,CALM,CONFIRMED,RANGE,RANGE,NORMAL,CALM,RANGE,RANGE,NORMAL,CALM,RANGE
2022-11-26,DOWN,NORMAL,DOWN,RANGE,NORMAL,CALM,RANGE,RANGE,NORMAL,CALM,UNCONFIRMED,RANGE,RANGE,NORMAL,CALM,RANGE,RANGE,NORMAL,CALM,RANGE
2022-11-27,DOWN,NORMAL,DOWN,RANGE,NORMAL,CALM,RANGE,RANGE,NORMAL,CALM,UNCONFIRMED,RANGE,RANGE,NORMAL,CALM,RANGE,RANGE,NORMAL,CALM,RANGE
2022-11-28,DOWN,NORMAL,DOWN,RANGE,NORMAL,CALM,RANGE,RANGE,NORMAL,CALM,CONFIRMED,RANGE,RANGE,NORMAL,CALM,RANGE,RANGE,NORMAL,CALM,RANGE
2022-11-29,DOWN,NORMAL,DOWN,RANGE,NORMAL,CALM,RANGE,RANGE,NORMAL,CALM,CONFIRMED,RANGE,RANGE,NORMAL,CALM,RANGE,RANGE,NORMAL,CALM,RANGE
2022-11-30,DOWN,NORMAL,DOWN,RANGE,NORMAL,CALM,RANGE,RANGE,NORMAL,CALM,CONFIRMED,RANGE,RANGE,NORMAL,CALM,RANGE,RANGE,NORMAL,CALM,RANGE
2022-12-01,DOWN,NORMAL,DOWN,RANGE,NORMAL,CALM,RANGE,RANGE,NORMAL,CALM,UNCONFIRMED,RANGE,RANGE,NORMAL,CALM,RANGE,RANGE,NORMAL,CALM,RANGE
2022-12-02,DOWN,NORMAL,DOWN,RANGE,NORMAL,CALM,RANGE,RANGE,NORMAL,CALM,UNCONFIRMED,RANGE,RANGE,NORMAL,CALM,RANGE,RANGE,NORMAL,CALM,RANGE
2022-12-03,DOWN,SQUEEZE,DOWN,RANGE,SQUEEZE,CALM,SQUEEZE,RANGE,SQUEEZE,CALM,UNCONFIRMED,SQUEEZE,RANGE,SQUEEZE,CALM,SQUEEZE,RANGE,NORMAL,CALM,RANGE
2022-12-04,DOWN,SQUEEZE,DOWN,RANGE,SQUEEZE,CALM,SQUEEZE,RANGE,SQUEEZE,CALM,UNCONFIRMED,SQUEEZE,RANGE,SQUEEZE,CALM,SQUEEZE,RANGE,NORMAL,CALM,RANGE
2022-12-05,DOWN,SQUEEZE,DOWN,RANGE,SQUEEZE,CALM,SQUEEZE,RANGE,SQUEEZE,CALM,CONFIRMED,SQUEEZE,RANGE,SQUEEZE,CALM,SQUEEZE,RANGE,NORMAL,CALM,RANGE
2022-12-06,DOWN,SQUEEZE,DOWN,RANGE,SQUEEZE,CALM,SQUEEZE,RANGE,SQUEEZE,CALM,CONFIRMED,SQUEEZE,RANGE,SQUEEZE,CALM,SQUEEZE,RANGE,NORMAL,CALM,RANGE
2022-12-07,DOWN,SQUEEZE,DOWN,RANGE,SQUEEZE,CALM,SQUEEZE,RANGE,SQUEEZE,CALM,CONFIRMED,SQUEEZE,RANGE,SQUEEZE,CALM,SQUEEZE,RANGE,NORMAL,CALM,RANGE
2022-12-08,DOWN,SQUEEZE,DOWN,RANGE,SQUEEZE,CALM,SQUEEZE,RANGE,SQUEEZE,CALM,UNCONFIRMED,SQUEEZE,RANGE,SQUEEZE,CALM,SQUEEZE,RANGE,NORMAL,CALM,RANGE
2022-12-09,DOWN,SQUEEZE,DOWN,RANGE,SQUEEZE,CALM,SQUEEZE,RANGE,SQUEEZE,CALM,UNCONFIRMED,SQUEEZE,RANGE,SQUEEZE,CALM,SQUEEZE,RANGE,SQUEEZE,CALM,SQUEEZE
2022-12-10,DOWN,SQUEEZE,DOWN,RANGE,SQUEEZE,CALM,SQUEEZE,RANGE,SQUEEZE,CALM,UNCONFIRMED,SQUEEZE,RANGE,SQUEEZE,CALM,SQUEEZE,RANGE,SQUEEZE,CALM,SQUEEZE
2022-12-11,DOWN,SQUEEZE,DOWN,RANGE,SQUEEZE,CALM,SQUEEZE,RANGE,SQUEEZE,CALM,UNCONFIRMED,SQUEEZE,RANGE,SQUEEZE,CALM,SQUEEZE,RANGE,SQUEEZE,CALM,SQUEEZE
2022-12-12,DOWN,SQUEEZE,DOWN,RANGE,SQUEEZE,CALM,SQUEEZE,RANGE,SQUEEZE,CALM,CONFIRMED,SQUEEZE,RANGE,SQUEEZE,CALM,SQUEEZE,RANGE,SQUEEZE,CALM,SQUEEZE
2022-12-13,DOWN,SQUEEZE,DOWN,RANGE,SQUEEZE,CALM,SQUEEZE,RANGE,SQUEEZE,CALM,CONFIRMED,SQUEEZE,RANGE,SQUEEZE,CALM,SQUEEZE,RANGE,SQUEEZE,CALM,SQUEEZE
2022-12-14,DOWN,SQUEEZE,DOWN,RANGE,SQUEEZE,CALM,SQUEEZE,RANGE,SQUEEZE,CALM,CONFIRMED,SQUEEZE,RANGE,SQUEEZE,CALM,SQUEEZE,RANGE,SQUEEZE,CALM,SQUEEZE
2022-12-15,DOWN,SQUEEZE,DOWN,RANGE,SQUEEZE,CALM,SQUEEZE,RANGE,SQUEEZE,CALM,UNCONFIRMED,SQUEEZE,RANGE,SQUEEZE,CALM,SQUEEZE,RANGE,SQUEEZE,CALM,SQUEEZE
2022-12-16,DOWN,SQUEEZE,DOWN,RANGE,SQUEEZE,CALM,SQUEEZE,RANGE,SQUEEZE,CALM,CONFIRMED,SQUEEZE,RANGE,SQUEEZE,CALM,SQUEEZE,RANGE,NORMAL,CALM,RANGE
2022-12-17,DOWN,SQUEEZE,DOWN,RANGE,SQUEEZE,CALM,SQUEEZE,RANGE,SQUEEZE,CALM,UNCONFIRMED,SQUEEZE,RANGE,SQUEEZE,CALM,SQUEEZE,RANGE,NORMAL,CALM,RANGE
2022-12-18,DOWN,NORMAL,DOWN,RANGE,NORMAL,CALM,RANGE,RANGE,NORMAL,CALM,UNCONFIRMED,RANGE,RANGE,NORMAL,CALM,RANGE,RANGE,SQUEEZE,CALM,SQUEEZE
2022-12-19,DOWN,NORMAL,DOWN,RANGE,NORMAL,CALM,RANGE,RANGE,NORMAL,CALM,CONFIRMED,RANGE,RANGE,NORMAL,CALM,RANGE,RANGE,NORMAL,CALM,RANGE
2022-12-20,DOWN,NORMAL,DOWN,RANGE,NORMAL,CALM,RANGE,RANGE,NORMAL,CALM,CONFIRMED,RANGE,RANGE,NORMAL,CALM,RANGE,RANGE,SQUEEZE,CALM,SQUEEZE
2022-12-21,DOWN,NORMAL,DOWN,RANGE,NORMAL,CALM,RANGE,RANGE,NORMAL,CALM,UNCONFIRMED,RANGE,RANGE,NORMAL,CALM,RANGE,RANGE,SQUEEZE,CALM,SQUEEZE
2022-12-22,DOWN,NORMAL,DOWN,RANGE,NORMAL,CALM,RANGE,RANGE,NORMAL,CALM,UNCONFIRMED,RANGE,RANGE,NORMAL,CALM,RANGE,RANGE,SQUEEZE,CALM,SQUEEZE
2022-12-23,DOWN,NORMAL,DOWN,RANGE,NORMAL,CALM,RANGE,RANGE,NORMAL,CALM,UNCONFIRMED,RANGE,RANGE,NORMAL,CALM,RANGE,RANGE,SQUEEZE,CALM,SQUEEZE
2022-12-24,DOWN,NORMAL,DOWN,RANGE,NORMAL,CALM,RANGE,RANGE,NORMAL,CALM,UNCONFIRMED,RANGE,RANGE,NORMAL,CALM,RANGE,RANGE,SQUEEZE,CALM,SQUEEZE
2022-12-25,DOWN,NORMAL,DOWN,RANGE,NORMAL,CALM,RANGE,RANGE,NORMAL,CALM,UNCONFIRMED,RANGE,RANGE,NORMAL,CALM,RANGE,RANGE,SQUEEZE,CALM,SQUEEZE
2022-12-26,DOWN,NORMAL,DOWN,RANGE,NORMAL,CALM,RANGE,RANGE,NORMAL,CALM,CONFIRMED,RANGE,RANGE,NORMAL,CALM,RANGE,RANGE,SQUEEZE,CALM,SQUEEZE
2022-12-27,DOWN,NORMAL,DOWN,DOWN,NORMAL,CALM,DOWN,DOWN,NORMAL,CALM,CONFIRMED,DOWN,DOWN,NORMAL,CALM,DOWN,DOWN,SQUEEZE,CALM,DOWN
2022-12-28,DOWN,NORMAL,DOWN,DOWN,NORMAL,CALM,DOWN,DOWN,NORMAL,CALM,CONFIRMED,DOWN,DOWN,NORMAL,CALM,DOWN,DOWN,SQUEEZE,CALM,DOWN
2022-12-29,DOWN,NORMAL,DOWN,DOWN,NORMAL,CALM,DOWN,DOWN,NORMAL,CALM,CONFIRMED,DOWN,DOWN,NORMAL,CALM,DOWN,DOWN,SQUEEZE,CALM,DOWN
2022-12-30,DOWN,NORMAL,DOWN,DOWN,NORMAL,CALM,DOWN,DOWN,NORMAL,CALM,UNCONFIRMED,DOWN,DOWN,NORMAL,CALM,DOWN,DOWN,SQUEEZE,CALM,DOWN
2022-12-31,DOWN,NORMAL,DOWN,DOWN,NORMAL,CALM,DOWN,DOWN,NORMAL,CALM,UNCONFIRMED,DOWN,DOWN,NORMAL,CALM,DOWN,DOWN,SQUEEZE,CALM,DOWN
2023-01-01,DOWN,NORMAL,DOWN,DOWN,NORMAL,CALM,DOWN,DOWN,NORMAL,CALM,UNCONFIRMED,DOWN,DOWN,NORMAL,CALM,DOWN,DOWN,SQUEEZE,CALM,DOWN
2023-01-02,DOWN,NORMAL,DOWN,DOWN,NORMAL,CALM,DOWN,DOWN,NORMAL,CALM,CONFIRMED,DOWN,DOWN,NORMAL,CALM,DOWN,DOWN,SQUEEZE,CALM,DOWN
2023-01-03,DOWN,SQUEEZE,DOWN,DOWN,SQUEEZE,CALM,DOWN,DOWN,SQUEEZE,CALM,CONFIRMED,DOWN,DOWN,SQUEEZE,CALM,DOWN,DOWN,SQUEEZE,CALM,DOWN
2023-01-04,DOWN,SQUEEZE,DOWN,DOWN,SQUEEZE,CALM,DOWN,DOWN,SQUEEZE,CALM,CONFIRMED,DOWN,DOWN,SQUEEZE,CALM,DOWN,DOWN,SQUEEZE,CALM,DOWN
2023-01-05,DOWN,SQUEEZE,DOWN,DOWN,SQUEEZE,CALM,DOWN,DOWN,SQUEEZE,CALM,UNCONFIRMED,DOWN,DOWN,SQUEEZE,CALM,DOWN,DOWN,NORMAL,CALM,DOWN
2023-01-06,DOWN,SQUEEZE,DOWN,DOWN,SQUEEZE,CALM,DOWN,DOWN,SQUEEZE,CALM,UNCONFIRMED,DOWN,DOWN,SQUEEZE,CALM,DOWN,DOWN,SQUEEZE,CALM,DOWN
2023-01-07,DOWN,SQUEEZE,DOWN,DOWN,SQUEEZE,CALM,DOWN,DOWN,SQUEEZE,CALM,UNCONFIRMED,DOWN,DOWN,SQUEEZE,CALM,DOWN,DOWN,SQUEEZE,CALM,DOWN
2023-01-08,DOWN,SQUEEZE,DOWN,DOWN,SQUEEZE,CALM,DOWN,DOWN,SQUEEZE,CALM,UNCONFIRMED,DOWN,DOWN,SQUEEZE,CALM,DOWN,DOWN,SQUEEZE,CALM,DOWN
2023-01-09,DOWN,SQUEEZE,DOWN,DOWN,SQUEEZE,CALM,DOWN,DOWN,SQUEEZE,CALM,CONFIRMED,DOWN,DOWN,SQUEEZE,CALM,DOWN,DOWN,SQUEEZE,CALM,DOWN
2023-01-10,DOWN,SQUEEZE,DOWN,DOWN,SQUEEZE,CALM,DOWN,DOWN,SQUEEZE,CALM,CONFIRMED,DOWN,DOWN,SQUEEZE,CALM,DOWN,DOWN,SQUEEZE,CALM,DOWN
2023-01-11,DOWN,SQUEEZE,DOWN,DOWN,SQUEEZE,CALM,DOWN,DOWN,SQUEEZE,CALM,CONFIRMED,DOWN,DOWN,SQUEEZE,CALM,DOWN,DOWN,SQUEEZE,CALM,DOWN
2023-01-12,DOWN,SQUEEZE,DOWN,DOWN,SQUEEZE,CALM,DOWN,DOWN,SQUEEZE,CALM,CONFIRMED,DOWN,DOWN,SQUEEZE,CALM,DOWN,DOWN,SQUEEZE,CALM,DOWN
2023-01-13,DOWN,NORMAL,DOWN,DOWN,NORMAL,CALM,DOWN,DOWN,NORMAL,CALM,CONFIRMED,DOWN,DOWN,NORMAL,CALM,DOWN,DOWN,SQUEEZE,CALM,DOWN
2023-01-14,DOWN,NORMAL,DOWN,DOWN,NORMAL,CALM,DOWN,DOWN,NORMAL,CALM,CONFIRMED,DOWN,DOWN,NORMAL,CALM,DOWN,DOWN,SQUEEZE,CALM,DOWN
2023-01-15,DOWN,NORMAL,DOWN,DOWN,NORMAL,CALM,DOWN,DOWN,NORMAL,CALM,UNCONFIRMED,DOWN,DOWN,NORMAL,CALM,DOWN,DOWN,SQUEEZE,CALM,DOWN
2023-01-16,DOWN,NORMAL,DOWN,DOWN,NORMAL,CALM,DOWN,DOWN,NORMAL,CALM,CONFIRMED,DOWN,DOWN,NORMAL,CALM,DOWN,DOWN,SQUEEZE,CALM,DOWN
2023-01-17,DOWN,NORMAL,DOWN,DOWN,NORMAL,CALM,DOWN,DOWN,NORMAL,CALM,CONFIRMED,DOWN,DOWN,NORMAL,CALM,DOWN,DOWN,SQUEEZE,CALM,DOWN
2023-01-18,DOWN,NORMAL,DOWN,DOWN,NORMAL,CALM,DOWN,DOWN,NORMAL,CALM,CONFIRMED,DOWN,DOWN,NORMAL,CALM,DOWN,DOWN,NORMAL,CALM,DOWN
2023-01-19,DOWN,NORMAL,DOWN,DOWN,NORMAL,CALM,DOWN,DOWN,NORMAL,CALM,CONFIRMED,DOWN,DOWN,NORMAL,CALM,DOWN,DOWN,NORMAL,CALM,DOWN
2023-01-20,UP,NORMAL,UP,RANGE,NORMAL,CALM,RANGE,RANGE,NORMAL,CALM,CONFIRMED,RANGE,RANGE,NORMAL,CALM,RANGE,RANGE,SQUEEZE,CALM,SQUEEZE
2023-01-21,UP,NORMAL,UP,RANGE,NORMAL,CALM,RANGE,RANGE,NORMAL,CALM,CONFIRMED,RANGE,RANGE,NORMAL,CALM,RANGE,RANGE,NORMAL,CALM,RANGE
2023-01-22,UP,NORMAL,UP,RANGE,NORMAL,CALM,RANGE,RANGE,NORMAL,CALM,UNCONFIRMED,RANGE,RANGE,NORMAL,CALM,RANGE,RANGE,NORMAL,CALM,RANGE
2023-01-23,UP,NORMAL,UP,RANGE,NORMAL,CALM,RANGE,RANGE,NORMAL,CALM,CONFIRMED,RANGE,RANGE,NORMAL,CALM,RANGE,RANGE,SQUEEZE,CALM,SQUEEZE
2023-01-24,UP,NORMAL,UP,RANGE,NORMAL,CALM,RANGE,RANGE,NORMAL,CALM,CONFIRMED,RANGE,RANGE,NORMAL,CALM,RANGE,RANGE,NORMAL,CALM,RANGE
2023-01-25,UP,NORMAL,UP,RANGE,NORMAL,CALM,RANGE,RANGE,NORMAL,CALM,CONFIRMED,RANGE,RANGE,NORMAL,CALM,RANGE,RANGE,NORMAL,CALM,RANGE
2023-01-26,UP,NORMAL,UP,RANGE,NORMAL,CALM,RANGE,RANGE,NORMAL,CALM,UNCONFIRMED,RANGE,RANGE,NORMAL,CALM,RANGE,RANGE,NORMAL,CALM,RANGE
2023-01-27,UP,NORMAL,UP,RANGE,NORMAL,CALM,RANGE,RANGE,NORMAL,CALM,UNCONFIRMED,RANGE,RANGE,NORMAL,CALM,RANGE,RANGE,NORMAL,CALM,RANGE
2023-01-28,UP,NORMAL,UP,RANGE,NORMAL,CALM,RANGE,RANGE,NORMAL,CALM,UNCONFIRMED,RANGE,RANGE,NORMAL,CALM,RANGE,RANGE,SQUEEZE,CALM,SQUEEZE
2023-01-29,UP,NORMAL,UP,RANGE,NORMAL,CALM,RANGE,RANGE,NORMAL,CALM,UNCONFIRMED,RANGE,RANGE,NORMAL,CALM,RANGE,RANGE,SQUEEZE,CALM,SQUEEZE
2023-01-30,UP,NORMAL,UP,RANGE,NORMAL,CALM,RANGE,RANGE,NORMAL,CALM,CONFIRMED,RANGE,RANGE,NORMAL,CALM,RANGE,RANGE,NORMAL,CALM,RANGE
2023-01-31,UP,NORMAL,UP,RANGE,NORMAL,CALM,RANGE,RANGE,NORMAL,CALM,CONFIRMED,RANGE,RANGE,NORMAL,CALM,RANGE,RANGE,NORMAL,CALM,RANGE
2023-02-01,UP,SQUEEZE,UP,RANGE,SQUEEZE,CALM,SQUEEZE,RANGE,SQUEEZE,CALM,CONFIRMED,SQUEEZE,RANGE,SQUEEZE,CALM,SQUEEZE,RANGE,NORMAL,CALM,RANGE
2023-02-02,UP,SQUEEZE,UP,RANGE,SQUEEZE,CALM,SQUEEZE,RANGE,SQUEEZE,CALM,CONFIRMED,SQUEEZE,RANGE,SQUEEZE,CALM,SQUEEZE,RANGE,SQUEEZE,CALM,SQUEEZE
2023-02-03,UP,SQUEEZE,UP,RANGE,SQUEEZE,CALM,SQUEEZE,RANGE,SQUEEZE,CALM,UNCONFIRMED,SQUEEZE,RANGE,SQUEEZE,CALM,SQUEEZE,RANGE,SQUEEZE,CALM,SQUEEZE
2023-02-04,UP,SQUEEZE,UP,RANGE,SQUEEZE,CALM,SQUEEZE,RANGE,SQUEEZE,CALM,UNCONFIRMED,SQUEEZE,RANGE,SQUEEZE,CALM,SQUEEZE,RANGE,SQUEEZE,CALM,SQUEEZE
2023-02-05,UP,SQUEEZE,UP,RANGE,SQUEEZE,CALM,SQUEEZE,RANGE,SQUEEZE,CALM,UNCONFIRMED,SQUEEZE,RANGE,SQUEEZE,CALM,SQUEEZE,RANGE,SQUEEZE,CALM,SQUEEZE
2023-02-06,RANGE,SQUEEZE,SQUEEZE,RANGE,SQUEEZE,CALM,SQUEEZE,RANGE,SQUEEZE,CALM,CONFIRMED,SQUEEZE,RANGE,SQUEEZE,CALM,SQUEEZE,RANGE,SQUEEZE,CALM,SQUEEZE
2023-02-07,RANGE,SQUEEZE,SQUEEZE,RANGE,SQUEEZE,CALM,SQUEEZE,RANGE,SQUEEZE,CALM,CONFIRMED,SQUEEZE,RANGE,SQUEEZE,CALM,SQUEEZE,RANGE,SQUEEZE,CALM,SQUEEZE
2023-02-08,RANGE,SQUEEZE,SQUEEZE,RANGE,SQUEEZE,CALM,SQUEEZE,RANGE,SQUEEZE,CALM,UNCONFIRMED,SQUEEZE,RANGE,SQUEEZE,CALM,SQUEEZE,RANGE,SQUEEZE,CALM,SQUEEZE
2023-02-09,RANGE,SQUEEZE,SQUEEZE,RANGE,SQUEEZE,CALM,SQUEEZE,RANGE,SQUEEZE,CALM,CONFIRMED,SQUEEZE,RANGE,SQUEEZE,CALM,SQUEEZE,DOWN,NORMAL,CALM,DOWN
2023-02-10,RANGE,SQUEEZE,SQUEEZE,RANGE,SQUEEZE,CALM,SQUEEZE,RANGE,SQUEEZE,CALM,UNCONFIRMED,SQUEEZE,RANGE,SQUEEZE,CALM,SQUEEZE,DOWN,SQUEEZE,CALM,DOWN
2023-02-11,RANGE,SQUEEZE,SQUEEZE,RANGE,SQUEEZE,CALM,SQUEEZE,RANGE,SQUEEZE,CALM,UNCONFIRMED,SQUEEZE,RANGE,SQUEEZE,CALM,SQUEEZE,DOWN,SQUEEZE,CALM,DOWN
2023-02-12,RANGE,NORMAL,RANGE,RANGE,NORMAL,CALM,RANGE,RANGE,NORMAL,CALM,UNCONFIRMED,RANGE,RANGE,NORMAL,CALM,RANGE,DOWN,SQUEEZE,CALM,DOWN
2023-02-13,DOWN,NORMAL,DOWN,DOWN,NORMAL,CALM,DOWN,DOWN,NORMAL,CALM,CONFIRMED,DOWN,RANGE,NORMAL,CALM,RANGE,DOWN,SQUEEZE,CALM,DOWN
2023-02-14,UP,NORMAL,UP,RANGE,NORMAL,CALM,RANGE,RANGE,NORMAL,CALM,CONFIRMED,RANGE,RANGE,NORMAL,CALM,RANGE,RANGE,SQUEEZE,CALM,SQUEEZE
2023-02-15,UP,NORMAL,UP,RANGE,NORMAL,CALM,RANGE,RANGE,NORMAL,CALM,CONFIRMED,RANGE,RANGE,NORMAL,CALM,RANGE,RANGE,SQUEEZE,CALM,SQUEEZE
2023-02-16,RANGE,NORMAL,RANGE,RANGE,NORMAL,CALM,RANGE,RANGE,NORMAL,CALM,CONFIRMED,RANGE,RANGE,NORMAL,CALM,RANGE,RANGE,SQUEEZE,CALM,SQUEEZE
2023-02-17,RANGE,NORMAL,RANGE,RANGE,NORMAL,CALM,RANGE,RANGE,NORMAL,CALM,CONFIRMED,RANGE,RANGE,NORMAL,CALM,RANGE,RANGE,SQUEEZE,CALM,SQUEEZE
2023-02-18,RANGE,NORMAL,RANGE,RANGE,NORMAL,CALM,RANGE,RANGE,NORMAL,CALM,UNCONFIRMED,RANGE,RANGE,NORMAL,CALM,RANGE,RANGE,SQUEEZE,CALM,SQUEEZE
2023-02-19,RANGE,NORMAL,RANGE,RANGE,NORMAL,CALM,RANGE,RANGE,NORMAL,CALM,UNCONFIRMED,RANGE,RANGE,NORMAL,CALM,RANGE,RANGE,SQUEEZE,CALM,SQUEEZE
2023-02-20,RANGE,NORMAL,RANGE,RANGE,NORMAL,CALM,RANGE,RANGE,NORMAL,CALM,CONFIRMED,RANGE,RANGE,NORMAL,CALM,RANGE,RANGE,SQUEEZE,CALM,SQUEEZE
2023-02-21,RANGE,SQUEEZE,SQUEEZE,RANGE,SQUEEZE,CALM,SQUEEZE,RANGE,SQUEEZE,CALM,CONFIRMED,SQUEEZE,RANGE,SQUEEZE,CALM,SQUEEZE,RANGE,SQUEEZE,CALM,SQUEEZE
2023-02-22,RANGE,SQUEEZE,SQUEEZE,RANGE,SQUEEZE,CALM,SQUEEZE,RANGE,SQUEEZE,CALM,CONFIRMED,SQUEEZE,RANGE,SQUEEZE,CALM,SQUEEZE,RANGE,SQUEEZE,CALM,SQUEEZE
2023-02-23,RANGE,SQUEEZE,SQUEEZE,RANGE,SQUEEZE,CALM,SQUEEZE,RANGE,SQUEEZE,CALM,CONFIRMED,SQUEEZE,RANGE,SQUEEZE,CALM,SQUEEZE,RANGE,SQUEEZE,CALM,SQUEEZE
2023-02-24,RANGE,SQUEEZE,SQUEEZE,RANGE,SQUEEZE,CALM,SQUEEZE,RANGE,SQUEEZE,CALM,CONFIRMED,SQUEEZE,RANGE,SQUEEZE,CALM,SQUEEZE,RANGE,SQUEEZE,CALM,SQUEEZE
2023-02-25,RANGE,SQUEEZE,SQUEEZE,RANGE,SQUEEZE,CALM,SQUEEZE,RANGE,SQUEEZE,CALM,UNCONFIRMED,SQUEEZE,RANGE,SQUEEZE,CALM,SQUEEZE,RANGE,SQUEEZE,CALM,SQUEEZE
2023-02-26,RANGE,SQUEEZE,SQUEEZE,RANGE,SQUEEZE,CALM,SQUEEZE,RANGE,SQUEEZE,CALM,UNCONFIRMED,SQUEEZE,RANGE,SQUEEZE,CALM,SQUEEZE,RANGE,SQUEEZE,CALM,SQUEEZE
2023-02-27,RANGE,SQUEEZE,SQUEEZE,RANGE,SQUEEZE,CALM,SQUEEZE,RANGE,SQUEEZE,CALM,CONFIRMED,SQUEEZE,RANGE,SQUEEZE,CALM,SQUEEZE,RANGE,SQUEEZE,CALM,SQUEEZE
2023-02-28,RANGE,SQUEEZE,SQUEEZE,RANGE,SQUEEZE,CALM,SQUEEZE,RANGE,SQUEEZE,CALM,CONFIRMED,SQUEEZE,RANGE,SQUEEZE,CALM,SQUEEZE,RANGE,SQUEEZE,CALM,SQUEEZE
2023-03-01,RANGE,SQUEEZE,SQUEEZE,RANGE,SQUEEZE,CALM,SQUEEZE,RANGE,SQUEEZE,CALM,CONFIRMED,SQUEEZE,RANGE,SQUEEZE,CALM,SQUEEZE,UP,SQUEEZE,CALM,UP
2023-03-02,RANGE,SQUEEZE,SQUEEZE,RANGE,SQUEEZE,CALM,SQUEEZE,RANGE,SQUEEZE,CALM,UNCONFIRMED,SQUEEZE,RANGE,SQUEEZE,CALM,SQUEEZE,RANGE,SQUEEZE,CALM,SQUEEZE
2023-03-03,RANGE,SQUEEZE,SQUEEZE,RANGE,SQUEEZE,CALM,SQUEEZE,RANGE,SQUEEZE,CALM,CONFIRMED,SQUEEZE,RANGE,SQUEEZE,CALM,SQUEEZE,RANGE,SQUEEZE,CALM,SQUEEZE
2023-03-04,RANGE,SQUEEZE,SQUEEZE,RANGE,SQUEEZE,CALM,SQUEEZE,RANGE,SQUEEZE,CALM,UNCONFIRMED,SQUEEZE,RANGE,SQUEEZE,CALM,SQUEEZE,DOWN,SQUEEZE,CALM,DOWN
2023-03-05,DOWN,SQUEEZE,DOWN,DOWN,SQUEEZE,CALM,DOWN,DOWN,SQUEEZE,CALM,UNCONFIRMED,DOWN,RANGE,SQUEEZE,CALM,SQUEEZE,DOWN,SQUEEZE,CALM,DOWN
2023-03-06,DOWN,SQUEEZE,DOWN,DOWN,SQUEEZE,CALM,DOWN,DOWN,SQUEEZE,CALM,CONFIRMED,DOWN,RANGE,SQUEEZE,CALM,SQUEEZE,DOWN,SQUEEZE,CALM,DOWN
2023-03-07,UP,SQUEEZE,UP,RANGE,SQUEEZE,CALM,SQUEEZE,RANGE,SQUEEZE,CALM,CONFIRMED,SQUEEZE,RANGE,SQUEEZE,CALM,SQUEEZE,RANGE,SQUEEZE,CALM,SQUEEZE
2023-03-08,UP,SQUEEZE,UP,RANGE,SQUEEZE,CALM,SQUEEZE,RANGE,SQUEEZE,CALM,CONFIRMED,SQUEEZE,RANGE,SQUEEZE,CALM,SQUEEZE,RANGE,SQUEEZE,CALM,SQUEEZE
2023-03-09,DOWN,SQUEEZE,DOWN,DOWN,SQUEEZE,CALM,DOWN,DOWN,SQUEEZE,CALM,CONFIRMED,DOWN,RANGE,SQUEEZE,CALM,SQUEEZE,DOWN,NORMAL,CALM,DOWN
2023-03-10,DOWN,SQUEEZE,DOWN,DOWN,SQUEEZE,CALM,DOWN,DOWN,SQUEEZE,CALM,CONFIRMED,DOWN,RANGE,SQUEEZE,CALM,SQUEEZE,DOWN,NORMAL,CALM,DOWN
2023-03-11,DOWN,SQUEEZE,DOWN,DOWN,SQUEEZE,CALM,DOWN,DOWN,SQUEEZE,CALM,CONFIRMED,DOWN,RANGE,SQUEEZE,CALM,SQUEEZE,DOWN,NORMAL,CALM,DOWN
2023-03-12,DOWN,SQUEEZE,DOWN,DOWN,SQUEEZE,CALM,DOWN,DOWN,SQUEEZE,CALM,CONFIRMED,DOWN,RANGE,SQUEEZE,CALM,SQUEEZE,DOWN,NORMAL,CALM,DOWN
2023-03-13,DOWN,SQUEEZE,DOWN,DOWN,SQUEEZE,CALM,DOWN,DOWN,SQUEEZE,CALM,CONFIRMED,DOWN,RANGE,SQUEEZE,CALM,SQUEEZE,DOWN,NORMAL,CALM,DOWN
2023-03-14,RANGE,SQUEEZE,SQUEEZE,RANGE,SQUEEZE,CALM,SQUEEZE,RANGE,SQUEEZE,CALM,CONFIRMED,SQUEEZE,RANGE,SQUEEZE,CALM,SQUEEZE,DOWN,NORMAL,CALM,DOWN
2023-03-15,RANGE,SQUEEZE,SQUEEZE,RANGE,SQUEEZE,CALM,SQUEEZE,RANGE,SQUEEZE,CALM,CONFIRMED,SQUEEZE,RANGE,SQUEEZE,CALM,SQUEEZE,DOWN,NORMAL,CALM,DOWN
2023-03-16,RANGE,SQUEEZE,SQUEEZE,RANGE,SQUEEZE,CALM,SQUEEZE,RANGE,SQUEEZE,CALM,UNCONFIRMED,SQUEEZE,RANGE,SQUEEZE,CALM,SQUEEZE,DOWN,NORMAL,CALM,DOWN
2023-03-17,RANGE,SQUEEZE,SQUEEZE,RANGE,SQUEEZE,CALM,SQUEEZE,RANGE,SQUEEZE,CALM,CONFIRMED,SQUEEZE,RANGE,SQUEEZE,CALM,SQUEEZE,RANGE,NORMAL,CALM,RANGE
2023-03-18,RANGE,SQUEEZE,SQUEEZE,RANGE,SQUEEZE,CALM,SQUEEZE,RANGE,SQUEEZE,CALM,CONFIRMED,SQUEEZE,RANGE,SQUEEZE,CALM,SQUEEZE,DOWN,NORMAL,CALM,DOWN
2023-03-19,RANGE,SQUEEZE,SQUEEZE,RANGE,SQUEEZE,CALM,SQUEEZE,RANGE,SQUEEZE,CALM,CONFIRMED,SQUEEZE,RANGE,SQUEEZE,CALM,SQUEEZE,RANGE,NORMAL,CALM,RANGE
2023-03-20,RANGE,SQUEEZE,SQUEEZE,RANGE,SQUEEZE,CALM,SQUEEZE,RANGE,SQUEEZE,CALM,CONFIRMED,SQUEEZE,RANGE,SQUEEZE,CALM,SQUEEZE,DOWN,NORMAL,CALM,DOWN
2023-03-21,UP,EXPANSION,EXPANSION,RANGE,EXPANSION,CALM,EXPANSION,RANGE,EXPANSION,CALM,CONFIRMED,EXPANSION,RANGE,EXPANSION,CALM,EXPANSION,RANGE,NORMAL,CALM,RANGE
2023-03-22,UP,EXPANSION,EXPANSION,RANGE,EXPANSION,CALM,EXPANSION,RANGE,EXPANSION,CALM,CONFIRMED,EXPANSION,RANGE,EXPANSION,CALM,EXPANSION,RANGE,EXPANSION,CALM,EXPANSION
2023-03-23,UP,EXPANSION,EXPANSION,UP,EXPANSION,CALM,EXPANSION,UP,EXPANSION,CALM,CONFIRMED,EXPANSION,UP,EXPANSION,CALM,EXPANSION,UP,NORMAL,STRESS_UP,STRESS_UP
2023-03-24,UP,EXPANSION,EXPANSION,UP,EXPANSION,CALM,EXPANSION,UP,EXPANSION,CALM,CONFIRMED,EXPANSION,UP,EXPANSION,CALM,EXPANSION,UP,EXPANSION,STRESS_UP,STRESS_UP
2023-03-25,UP,EXPANSION,EXPANSION,UP,EXPANSION,CALM,EXPANSION,UP,EXPANSION,CALM,CONFIRMED,EXPANSION,UP,EXPANSION,CALM,EXPANSION,UP,EXPANSION,STRESS_UP,STRESS_UP
2023-03-26,UP,EXPANSION,EXPANSION,UP,EXPANSION,CALM,EXPANSION,UP,EXPANSION,CALM,CONFIRMED,EXPANSION,UP,EXPANSION,CALM,EXPANSION,UP,NORMAL,STRESS_UP,STRESS_UP
2023-03-27,UP,EXPANSION,EXPANSION,UP,EXPANSION,CALM,EXPANSION,UP,EXPANSION,CALM,CONFIRMED,EXPANSION,UP,EXPANSION,CALM,EXPANSION,UP,NORMAL,STRESS_UP,STRESS_UP
2023-03-28,UP,EXPANSION,EXPANSION,UP,EXPANSION,STRESS_UP,STRESS_UP,UP,EXPANSION,STRESS_UP,CONFIRMED,STRESS_UP,UP,EXPANSION,STRESS_UP,STRESS_UP,UP,NORMAL,STRESS_UP,STRESS_UP
2023-03-29,UP,EXPANSION,EXPANSION,UP,EXPANSION,STRESS_UP,STRESS_UP,UP,EXPANSION,STRESS_UP,CONFIRMED,STRESS_UP,UP,EXPANSION,STRESS_UP,STRESS_UP,UP,NORMAL,STRESS_UP,STRESS_UP
2023-03-30,UP,EXPANSION,EXPANSION,UP,EXPANSION,STRESS_UP,STRESS_UP,UP,EXPANSION,STRESS_UP,CONFIRMED,STRESS_UP,UP,EXPANSION,STRESS_UP,STRESS_UP,UP,NORMAL,STRESS_UP,STRESS_UP
2023-03-31,UP,EXPANSION,EXPANSION,UP,EXPANSION,STRESS_UP,STRESS_UP,UP,EXPANSION,STRESS_UP,CONFIRMED,STRESS_UP,UP,EXPANSION,STRESS_UP,STRESS_UP,UP,NORMAL,STRESS_UP,STRESS_UP
2023-04-01,UP,EXPANSION,EXPANSION,UP,EXPANSION,STRESS_UP,STRESS_UP,UP,EXPANSION,STRESS_UP,CONFIRMED,STRESS_UP,UP,EXPANSION,STRESS_UP,STRESS_UP,UP,EXPANSION,STRESS_UP,STRESS_UP
2023-04-02,UP,EXPANSION,EXPANSION,UP,EXPANSION,STRESS_UP,STRESS_UP,UP,EXPANSION,STRESS_UP,CONFIRMED,STRESS_UP,UP,EXPANSION,STRESS_UP,STRESS_UP,UP,EXPANSION,STRESS_UP,STRESS_UP
2023-04-03,UP,EXPANSION,EXPANSION,UP,EXPANSION,STRESS_UP,STRESS_UP,UP,EXPANSION,STRESS_UP,CONFIRMED,STRESS_UP,UP,EXPANSION,STRESS_UP,STRESS_UP,UP,EXPANSION,STRESS_UP,STRESS_UP
2023-04-04,UP,EXPANSION,EXPANSION,UP,EXPANSION,STRESS_UP,STRESS_UP,UP,EXPANSION,STRESS_UP,CONFIRMED,STRESS_UP,UP,EXPANSION,STRESS_UP,STRESS_UP,UP,EXPANSION,STRESS_UP,STRESS_UP
2023-04-05,UP,EXPANSION,EXPANSION,UP,EXPANSION,STRESS_UP,STRESS_UP,UP,EXPANSION,STRESS_UP,CONFIRMED,STRESS_UP,UP,EXPANSION,STRESS_UP,STRESS_UP,UP,NORMAL,STRESS_UP,STRESS_UP
2023-04-06,UP,EXPANSION,EXPANSION,UP,EXPANSION,STRESS_UP,STRESS_UP,UP,EXPANSION,STRESS_UP,UNCONFIRMED,STRESS_UP,UP,EXPANSION,STRESS_UP,STRESS_UP,UP,NORMAL,STRESS_UP,STRESS_UP
2023-04-07,UP,EXPANSION,EXPANSION,UP,EXPANSION,STRESS_UP,STRESS_UP,UP,EXPANSION,STRESS_UP,UNCONFIRMED,STRESS_UP,UP,EXPANSION,STRESS_UP,STRESS_UP,UP,NORMAL,STRESS_UP,STRESS_UP
2023-04-08,UP,EXPANSION,EXPANSION,UP,EXPANSION,CALM,EXPANSION,UP,EXPANSION,CALM,UNCONFIRMED,EXPANSION,UP,EXPANSION,CALM,EXPANSION,UP,NORMAL,CALM,UP
2023-04-09,UP,EXPANSION,EXPANSION,UP,EXPANSION,CALM,EXPANSION,UP,EXPANSION,CALM,UNCONFIRMED,EXPANSION,UP,EXPANSION,CALM,EXPANSION,UP,NORMAL,CALM,UP
2023-04-10,UP,NORMAL,UP,UP,NORMAL,CALM,UP,UP,NORMAL,CALM,UNCONFIRMED,UP,UP,NORMAL,CALM,UP,UP,NORMAL,CALM,UP
2023-04-11,UP,NORMAL,UP,UP,NORMAL,CALM,UP,UP,NORMAL,CALM,CONFIRMED,UP,UP,NORMAL,CALM,UP,UP,NORMAL,CALM,UP
2023-04-12,UP,NORMAL,UP,UP,NORMAL,CALM,UP,UP,NORMAL,CALM,CONFIRMED,UP,UP,NORMAL,CALM,UP,UP,NORMAL,CALM,UP
2023-04-13,UP,NORMAL,UP,UP,NORMAL,CALM,UP,UP,NORMAL,CALM,UNCONFIRMED,UP,UP,NORMAL,CALM,UP,UP,NORMAL,CALM,UP
2023-04-14,UP,NORMAL,UP,UP,NORMAL,CALM,UP,UP,NORMAL,CALM,CONFIRMED,UP,UP,NORMAL,CALM,UP,UP,NORMAL,CALM,UP
2023-04-15,UP,NORMAL,UP,UP,NORMAL,CALM,UP,UP,NORMAL,CALM,UNCONFIRMED,UP,UP,NORMAL,CALM,UP,UP,NORMAL,CALM,UP
2023-04-16,UP,SQUEEZE,UP,UP,SQUEEZE,CALM,UP,UP,SQUEEZE,CALM,UNCONFIRMED,UP,UP,SQUEEZE,CALM,UP,UP,NORMAL,CALM,UP
2023-04-17,UP,SQUEEZE,UP,UP,SQUEEZE,CALM,UP,UP,SQUEEZE,CALM,UNCONFIRMED,UP,UP,SQUEEZE,CALM,UP,UP,NORMAL,CALM,UP
2023-04-18,UP,SQUEEZE,UP,UP,SQUEEZE,CALM,UP,UP,SQUEEZE,CALM,CONFIRMED,UP,UP,SQUEEZE,CALM,UP,UP,NORMAL,CALM,UP
2023-04-19,UP,SQUEEZE,UP,UP,SQUEEZE,CALM,UP,UP,SQUEEZE,CALM,CONFIRMED,UP,UP,SQUEEZE,CALM,UP,UP,NORMAL,CALM,UP
2023-04-20,UP,NORMAL,UP,UP,NORMAL,CALM,UP,UP,NORMAL,CALM,CONFIRMED,UP,UP,NORMAL,CALM,UP,UP,NORMAL,CALM,UP
2023-04-21,UP,NORMAL,UP,UP,NORMAL,CALM,UP,UP,NORMAL,CALM,CONFIRMED,UP,UP,NORMAL,CALM,UP,UP,NORMAL,CALM,UP
2023-04-22,UP,NORMAL,UP,UP,NORMAL,CALM,UP,UP,NORMAL,CALM,UNCONFIRMED,UP,UP,NORMAL,CALM,UP,UP,NORMAL,CALM,UP
2023-04-23,UP,NORMAL,UP,UP,NORMAL,CALM,UP,UP,NORMAL,CALM,UNCONFIRMED,UP,UP,NORMAL,CALM,UP,UP,NORMAL,CALM,UP
2023-04-24,UP,NORMAL,UP,UP,NORMAL,CALM,UP,UP,NORMAL,CALM,CONFIRMED,UP,UP,NORMAL,CALM,UP,UP,NORMAL,CALM,UP
2023-04-25,UP,NORMAL,UP,UP,NORMAL,CALM,UP,UP,NORMAL,CALM,CONFIRMED,UP,UP,NORMAL,CALM,UP,UP,NORMAL,CALM,UP
2023-04-26,UP,NORMAL,UP,UP,NORMAL,CALM,UP,UP,NORMAL,CALM,CONFIRMED,UP,UP,NORMAL,CALM,UP,UP,NORMAL,STRESS_UP,STRESS_UP
2023-04-27,UP,NORMAL,UP,UP,NORMAL,CALM,UP,UP,NORMAL,CALM,UNCONFIRMED,UP,UP,NORMAL,CALM,UP,UP,NORMAL,CALM,UP
2023-04-28,UP,NORMAL,UP,UP,NORMAL,CALM,UP,UP,NORMAL,CALM,CONFIRMED,UP,UP,NORMAL,CALM,UP,UP,NORMAL,CALM,UP
2023-04-29,UP,NORMAL,UP,UP,NORMAL,CALM,UP,UP,NORMAL,CALM,UNCONFIRMED,UP,RANGE,NORMAL,CALM,RANGE,UP,NORMAL,CALM,UP
2023-04-30,UP,NORMAL,UP,UP,NORMAL,CALM,UP,UP,NORMAL,CALM,UNCONFIRMED,UP,RANGE,NORMAL,CALM,RANGE,UP,NORMAL,CALM,UP
2023-05-01,UP,NORMAL,UP,UP,NORMAL,CALM,UP,UP,NORMAL,CALM,UNCONFIRMED,UP,RANGE,NORMAL,CALM,RANGE,UP,NORMAL,CALM,UP
2023-05-02,UP,NORMAL,UP,UP,NORMAL,CALM,UP,UP,NORMAL,CALM,UNCONFIRMED,UP,RANGE,NORMAL,CALM,RANGE,UP,NORMAL,CALM,UP
2023-05-03,RANGE,NORMAL,RANGE,RANGE,NORMAL,CALM,RANGE,RANGE,NORMAL,CALM,UNCONFIRMED,RANGE,RANGE,NORMAL,CALM,RANGE,UP,NORMAL,CALM,UP
2023-05-04,RANGE,NORMAL,RANGE,RANGE,NORMAL,CALM,RANGE,RANGE,NORMAL,CALM,UNCONFIRMED,RANGE,RANGE,NORMAL,CALM,RANGE,UP,NORMAL,CALM,UP
2023-05-05,RANGE,NORMAL,RANGE,RANGE,NORMAL,CALM,RANGE,RANGE,NORMAL,CALM,UNCONFIRMED,RANGE,RANGE,NORMAL,CALM,RANGE,UP,NORMAL,CALM,UP
2023-05-06,RANGE,NORMAL,RANGE,RANGE,NORMAL,CALM,RANGE,RANGE,NORMAL,CALM,UNCONFIRMED,RANGE,RANGE,NORMAL,CALM,RANGE,UP,NORMAL,CALM,UP
2023-05-07,RANGE,NORMAL,RANGE,RANGE,NORMAL,CALM,RANGE,RANGE,NORMAL,CALM,UNCONFIRMED,RANGE,RANGE,NORMAL,CALM,RANGE,UP,NORMAL,CALM,UP
2023-05-08,RANGE,NORMAL,RANGE,RANGE,NORMAL,CALM,RANGE,RANGE,NORMAL,CALM,CONFIRMED,RANGE,RANGE,NORMAL,CALM,RANGE,RANGE,NORMAL,CALM,RANGE
2023-05-09,DOWN,NORMAL,DOWN,RANGE,NORMAL,CALM,RANGE,RANGE,NORMAL,CALM,UNCONFIRMED,RANGE,RANGE,NORMAL,CALM,RANGE,RANGE,NORMAL,CALM,RANGE
2023-05-10,DOWN,NORMAL,DOWN,RANGE,NORMAL,CALM,RANGE,RANGE,NORMAL,CALM,UNCONFIRMED,RANGE,RANGE,NORMAL,CALM,RANGE,RANGE,NORMAL,CALM,RANGE
2023-05-11,DOWN,NORMAL,DOWN,RANGE,NORMAL,CALM,RANGE,RANGE,NORMAL,CALM,UNCONFIRMED,RANGE,RANGE,NORMAL,CALM,RANGE,RANGE,NORMAL,CALM,RANGE
2023-05-12,DOWN,NORMAL,DOWN,RANGE,NORMAL,CALM,RANGE,RANGE,NORMAL,CALM,CONFIRMED,RANGE,RANGE,NORMAL,CALM,RANGE,RANGE,NORMAL,CALM,RANGE
2023-05-13,DOWN,NORMAL,DOWN,RANGE,NORMAL,CALM,RANGE,RANGE,NORMAL,CALM,UNCONFIRMED,RANGE,RANGE,NORMAL,CALM,RANGE,RANGE,NORMAL,CALM,RANGE
2023-05-14,DOWN,NORMAL,DOWN,RANGE,NORMAL,CALM,RANGE,RANGE,NORMAL,CALM,UNCONFIRMED,RANGE,RANGE,NORMAL,CALM,RANGE,RANGE,NORMAL,CALM,RANGE
2023-05-15,DOWN,NORMAL,DOWN,RANGE,NORMAL,CALM,RANGE,RANGE,NORMAL,CALM,UNCONFIRMED,RANGE,RANGE,NORMAL,CALM,RANGE,RANGE,SQUEEZE,CALM,SQUEEZE
2023-05-16,UP,NORMAL,UP,UP,NORMAL,CALM,UP,UP,NORMAL,CALM,CONFIRMED,UP,RANGE,NORMAL,CALM,RANGE,UP,SQUEEZE,CALM,UP
2023-05-17,UP,NORMAL,UP,UP,NORMAL,CALM,UP,UP,NORMAL,CALM,CONFIRMED,UP,RANGE,NORMAL,CALM,RANGE,UP,SQUEEZE,CALM,UP
2023-05-18,UP,NORMAL,UP,UP,NORMAL,CALM,UP,UP,NORMAL,CALM,CONFIRMED,UP,RANGE,NORMAL,CALM,RANGE,UP,SQUEEZE,CALM,UP
2023-05-19,UP,NORMAL,UP,UP,NORMAL,CALM,UP,UP,NORMAL,CALM,UNCONFIRMED,UP,RANGE,NORMAL,CALM,RANGE,UP,SQUEEZE,CALM,UP
2023-05-20,UP,NORMAL,UP,UP,NORMAL,CALM,UP,UP,NORMAL,CALM,UNCONFIRMED,UP,RANGE,NORMAL,CALM,RANGE,UP,SQUEEZE,CALM,UP
2023-05-21,RANGE,NORMAL,RANGE,RANGE,NORMAL,CALM,RANGE,RANGE,NORMAL,CALM,UNCONFIRMED,RANGE,RANGE,NORMAL,CALM,RANGE,UP,SQUEEZE,CALM,UP
2023-05-22,RANGE,NORMAL,RANGE,RANGE,NORMAL,CALM,RANGE,RANGE,NORMAL,CALM,UNCONFIRMED,RANGE,RANGE,NORMAL,CALM,RANGE,UP,SQUEEZE,CALM,UP
2023-05-23,RANGE,NORMAL,RANGE,RANGE,NORMAL,CALM,RANGE,RANGE,NORMAL,CALM,UNCONFIRMED,RANGE,RANGE,NORMAL,CALM,RANGE,UP,SQUEEZE,CALM,UP
2023-05-24,RANGE,NORMAL,RANGE,RANGE,NORMAL,CALM,RANGE,RANGE,NORMAL,CALM,UNCONFIRMED,RANGE,RANGE,NORMAL,CALM,RANGE,UP,SQUEEZE,CALM,UP
2023-05-25,RANGE,NORMAL,RANGE,RANGE,NORMAL,CALM,RANGE,RANGE,NORMAL,CALM,UNCONFIRMED,RANGE,RANGE,NORMAL,CALM,RANGE,UP,SQUEEZE,CALM,UP
2023-05-26,RANGE,NORMAL,RANGE,RANGE,NORMAL,CALM,RANGE,RANGE,NORMAL,CALM,UNCONFIRMED,RANGE,RANGE,NORMAL,CALM,RANGE,UP,SQUEEZE,CALM,UP
2023-05-27,RANGE,NORMAL,RANGE,RANGE,NORMAL,CALM,RANGE,RANGE,NORMAL,CALM,UNCONFIRMED,RANGE,RANGE,NORMAL,CALM,RANGE,UP,SQUEEZE,CALM,UP
2023-05-28,RANGE,NORMAL,RANGE,RANGE,NORMAL,CALM,RANGE,RANGE,NORMAL,CALM,UNCONFIRMED,RANGE,RANGE,NORMAL,CALM,RANGE,UP,SQUEEZE,CALM,UP
2023-05-29,RANGE,NORMAL,RANGE,RANGE,NORMAL,CALM,RANGE,RANGE,NORMAL,CALM,UNCONFIRMED,RANGE,RANGE,NORMAL,CALM,RANGE,UP,SQUEEZE,CALM,UP
2023-05-30,RANGE,NORMAL,RANGE,RANGE,NORMAL,CALM,RANGE,RANGE,NORMAL,CALM,CONFIRMED,RANGE,RANGE,NORMAL,CALM,RANGE,UP,SQUEEZE,CALM,UP
2023-05-31,UP,NORMAL,UP,UP,NORMAL,CALM,UP,UP,NORMAL,CALM,CONFIRMED,UP,RANGE,NORMAL,CALM,RANGE,UP,SQUEEZE,CALM,UP
2023-06-01,UP,NORMAL,UP,UP,NORMAL,CALM,UP,UP,NORMAL,CALM,UNCONFIRMED,UP,RANGE,NORMAL,CALM,RANGE,UP,SQUEEZE,CALM,UP
2023-06-02,UP,NORMAL,UP,UP,NORMAL,CALM,UP,UP,NORMAL,CALM,UNCONFIRMED,UP,RANGE,NORMAL,CALM,RANGE,UP,SQUEEZE,CALM,UP
2023-06-03,UP,NORMAL,UP,UP,NORMAL,CALM,UP,UP,NORMAL,CALM,UNCONFIRMED,UP,UP,NORMAL,CALM,UP,UP,SQUEEZE,CALM,UP
2023-06-04,UP,NORMAL,UP,UP,NORMAL,CALM,UP,UP,NORMAL,CALM,UNCONFIRMED,UP,UP,NORMAL,CALM,UP,UP,SQUEEZE,CALM,UP
2023-06-05,UP,NORMAL,UP,UP,NORMAL,CALM,UP,UP,NORMAL,CALM,CONFIRMED,UP,UP,NORMAL,CALM,UP,UP,NORMAL,CALM,UP
2023-06-06,UP,NORMAL,UP,UP,NORMAL,CALM,UP,UP,NORMAL,CALM,CONFIRMED,UP,UP,NORMAL,CALM,UP,UP,NORMAL,CALM,UP
2023-06-07,UP,NORMAL,UP,UP,NORMAL,CALM,UP,UP,NORMAL,CALM,CONFIRMED,UP,UP,NORMAL,CALM,UP,UP,NORMAL,CALM,UP
2023-06-08,UP,NORMAL,UP,UP,NORMAL,CALM,UP,UP,NORMAL,CALM,UNCONFIRMED,UP,UP,NORMAL,CALM,UP,UP,NORMAL,CALM,UP
2023-06-09,UP,NORMAL,UP,UP,NORMAL,CALM,UP,UP,NORMAL,CALM,CONFIRMED,UP,UP,NORMAL,CALM,UP,UP,SQUEEZE,CALM,UP
2023-06-10,UP,NORMAL,UP,UP,NORMAL,CALM,UP,UP,NORMAL,CALM,CONFIRMED,UP,UP,NORMAL,CALM,UP,UP,NORMAL,CALM,UP
2023-06-11,UP,NORMAL,UP,UP,NORMAL,CALM,UP,UP,NORMAL,CALM,UNCONFIRMED,UP,UP,NORMAL,CALM,UP,UP,NORMAL,CALM,UP
2023-06-12,UP,NORMAL,UP,UP,NORMAL,CALM,UP,UP,NORMAL,CALM,CONFIRMED,UP,RANGE,NORMAL,CALM,RANGE,UP,NORMAL,CALM,UP
2023-06-13,UP,NORMAL,UP,UP,NORMAL,CALM,UP,UP,NORMAL,CALM,CONFIRMED,UP,RANGE,NORMAL,CALM,RANGE,UP,NORMAL,CALM,UP
2023-06-14,UP,NORMAL,UP,UP,NORMAL,CALM,UP,UP,NORMAL,CALM,CONFIRMED,UP,RANGE,NORMAL,CALM,RANGE,UP,NORMAL,STRESS_UP,STRESS_UP
2023-06-15,UP,NORMAL,UP,UP,NORMAL,CALM,UP,UP,NORMAL,CALM,UNCONFIRMED,UP,RANGE,NORMAL,CALM,RANGE,UP,NORMAL,STRESS_UP,STRESS_UP
2023-06-16,UP,NORMAL,UP,UP,NORMAL,CALM,UP,UP,NORMAL,CALM,CONFIRMED,UP,RANGE,NORMAL,CALM,RANGE,UP,NORMAL,STRESS_UP,STRESS_UP
2023-06-17,RANGE,NORMAL,RANGE,RANGE,NORMAL,CALM,RANGE,RANGE,NORMAL,CALM,UNCONFIRMED,RANGE,RANGE,NORMAL,CALM,RANGE,UP,NORMAL,STRESS_UP,STRESS_UP
2023-06-18,RANGE,NORMAL,RANGE,RANGE,NORMAL,CALM,RANGE,RANGE,NORMAL,CALM,UNCONFIRMED,RANGE,RANGE,NORMAL,CALM,RANGE,UP,NORMAL,CALM,UP
2023-06-19,RANGE,NORMAL,RANGE,RANGE,NORMAL,CALM,RANGE,RANGE,NORMAL,CALM,UNCONFIRMED,RANGE,RANGE,NORMAL,CALM,RANGE,UP,NORMAL,CALM,UP
2023-06-20,RANGE,NORMAL,RANGE,RANGE,NORMAL,CALM,RANGE,RANGE,NORMAL,CALM,CONFIRMED,RANGE,RANGE,NORMAL,CALM,RANGE,UP,NORMAL,CALM,UP
2023-06-21,RANGE,NORMAL,RANGE,RANGE,NORMAL,CALM,RANGE,RANGE,NORMAL,CALM,CONFIRMED,RANGE,RANGE,NORMAL,CALM,RANGE,UP,NORMAL,CALM,UP
2023-06-22,RANGE,NORMAL,RANGE,RANGE,NORMAL,CALM,RANGE,RANGE,NORMAL,CALM,CONFIRMED,RANGE,RANGE,NORMAL,CALM,RANGE,UP,NORMAL,CALM,UP
2023-06-23,RANGE,NORMAL,RANGE,RANGE,NORMAL,CALM,RANGE,RANGE,NORMAL,CALM,CONFIRMED,RANGE,RANGE,NORMAL,CALM,RANGE,UP,NORMAL,CALM,UP
2023-06-24,RANGE,NORMAL,RANGE,RANGE,NORMAL,CALM,RANGE,RANGE,NORMAL,CALM,UNCONFIRMED,RANGE,RANGE,NORMAL,CALM,RANGE,RANGE,NORMAL,CALM,RANGE
2023-06-25,RANGE,NORMAL,RANGE,RANGE,NORMAL,CALM,RANGE,RANGE,NORMAL,CALM,UNCONFIRMED,RANGE,RANGE,NORMAL,CALM,RANGE,RANGE,NORMAL,CALM,RANGE
2023-06-26,RANGE,NORMAL,RANGE,RANGE,NORMAL,CALM,RANGE,RANGE,NORMAL,CALM,UNCONFIRMED,RANGE,RANGE,NORMAL,CALM,RANGE,RANGE,NORMAL,CALM,RANGE
2023-06-27,RANGE,NORMAL,RANGE,RANGE,NORMAL,CALM,RANGE,RANGE,NORMAL,CALM,UNCONFIRMED,RANGE,RANGE,NORMAL,CALM,RANGE,RANGE,NORMAL,CALM,RANGE
2023-06-28,RANGE,NORMAL,RANGE,RANGE,NORMAL,CALM,RANGE,RANGE,NORMAL,CALM,UNCONFIRMED,RANGE,RANGE,NORMAL,CALM,RANGE,RANGE,NORMAL,CALM,RANGE
2023-06-29,RANGE,NORMAL,RANGE,RANGE,NORMAL,CALM,RANGE,RANGE,NORMAL,CALM,UNCONFIRMED,RANGE,RANGE,NORMAL,CALM,RANGE,RANGE,NORMAL,CALM,RANGE
2023-06-30,RANGE,NORMAL,RANGE,RANGE,NORMAL,CALM,RANGE,RANGE,NORMAL,CALM,CONFIRMED,RANGE,RANGE,NORMAL,CALM,RANGE,RANGE,NORMAL,CALM,RANGE
2023-07-01,RANGE,NORMAL,RANGE,RANGE,NORMAL,CALM,RANGE,RANGE,NORMAL,CALM,UNCONFIRMED,RANGE,RANGE,NORMAL,CALM,RANGE,RANGE,NORMAL,CALM,RANGE
2023-07-02,RANGE,SQUEEZE,SQUEEZE,RANGE,SQUEEZE,CALM,SQUEEZE,RANGE,SQUEEZE,CALM,UNCONFIRMED,SQUEEZE,RANGE,SQUEEZE,CALM,SQUEEZE,RANGE,NORMAL,CALM,RANGE
2023-07-03,RANGE,SQUEEZE,SQUEEZE,RANGE,SQUEEZE,CALM,SQUEEZE,RANGE,SQUEEZE,CALM,CONFIRMED,SQUEEZE,RANGE,SQUEEZE,CALM,SQUEEZE,RANGE,NORMAL,CALM,RANGE
2023-07-04,RANGE,SQUEEZE,SQUEEZE,RANGE,SQUEEZE,CALM,SQUEEZE,RANGE,SQUEEZE,CALM,UNCONFIRMED,SQUEEZE,RANGE,SQUEEZE,CALM,SQUEEZE,RANGE,NORMAL,CALM,RANGE
2023-07-05,RANGE,SQUEEZE,SQUEEZE,RANGE,SQUEEZE,CALM,SQUEEZE,RANGE,SQUEEZE,CALM,UNCONFIRMED,SQUEEZE,RANGE,SQUEEZE,CALM,SQUEEZE,RANGE,NORMAL,CALM,RANGE
2023-07-06,RANGE,SQUEEZE,SQUEEZE,RANGE,SQUEEZE,CALM,SQUEEZE,RANGE,SQUEEZE,CALM,UNCONFIRMED,SQUEEZE,RANGE,SQUEEZE,CALM,SQUEEZE,RANGE,NORMAL,CALM,RANGE
2023-07-07,RANGE,SQUEEZE,SQUEEZE,RANGE,SQUEEZE,CALM,SQUEEZE,RANGE,SQUEEZE,CALM,UNCONFIRMED,SQUEEZE,RANGE,SQUEEZE,CALM,SQUEEZE,RANGE,NORMAL,CALM,RANGE
2023-07-08,RANGE,SQUEEZE,SQUEEZE,RANGE,SQUEEZE,CALM,SQUEEZE,RANGE,SQUEEZE,CALM,UNCONFIRMED,SQUEEZE,RANGE,SQUEEZE,CALM,SQUEEZE,RANGE,SQUEEZE,CALM,SQUEEZE
2023-07-09,RANGE,SQUEEZE,SQUEEZE,RANGE,SQUEEZE,CALM,SQUEEZE,RANGE,SQUEEZE,CALM,UNCONFIRMED,SQUEEZE,RANGE,SQUEEZE,CALM,SQUEEZE,DOWN,SQUEEZE,CALM,DOWN
2023-07-10,RANGE,SQUEEZE,SQUEEZE,RANGE,SQUEEZE,CALM,SQUEEZE,RANGE,SQUEEZE,CALM,UNCONFIRMED,SQUEEZE,RANGE,SQUEEZE,CALM,SQUEEZE,RANGE,SQUEEZE,CALM,SQUEEZE
2023-07-11,RANGE,SQUEEZE,SQUEEZE,RANGE,SQUEEZE,CALM,SQUEEZE,RANGE,SQUEEZE,CALM,UNCONFIRMED,SQUEEZE,RANGE,SQUEEZE,CALM,SQUEEZE,RANGE,SQUEEZE,CALM,SQUEEZE
2023-07-12,RANGE,SQUEEZE,SQUEEZE,RANGE,SQUEEZE,CALM,SQUEEZE,RANGE,SQUEEZE,CALM,UNCONFIRMED,SQUEEZE,RANGE,SQUEEZE,CALM,SQUEEZE,RANGE,SQUEEZE,CALM,SQUEEZE
2023-07-13,RANGE,EXPANSION,EXPANSION,RANGE,EXPANSION,STRESS_UP,STRESS_UP,RANGE,EXPANSION,STRESS_UP,CONFIRMED,STRESS_UP,RANGE,EXPANSION,STRESS_UP,STRESS_UP,RANGE,EXPANSION,STRESS_UP,STRESS_UP
2023-07-14,UP,EXPANSION,EXPANSION,UP,EXPANSION,STRESS_UP,STRESS_UP,UP,EXPANSION,STRESS_UP,CONFIRMED,STRESS_UP,RANGE,EXPANSION,STRESS_UP,STRESS_UP,UP,EXPANSION,STRESS_UP,STRESS_UP
2023-07-15,UP,EXPANSION,EXPANSION,UP,EXPANSION,STRESS_UP,STRESS_UP,UP,EXPANSION,STRESS_UP,CONFIRMED,STRESS_UP,UP,EXPANSION,STRESS_UP,STRESS_UP,UP,EXPANSION,STRESS_UP,STRESS_UP
2023-07-16,UP,EXPANSION,EXPANSION,UP,EXPANSION,STRESS_UP,STRESS_UP,UP,EXPANSION,STRESS_UP,CONFIRMED,STRESS_UP,UP,EXPANSION,STRESS_UP,STRESS_UP,UP,EXPANSION,STRESS_UP,STRESS_UP
2023-07-17,UP,EXPANSION,EXPANSION,UP,EXPANSION,STRESS_UP,STRESS_UP,UP,EXPANSION,STRESS_UP,CONFIRMED,STRESS_UP,UP,EXPANSION,STRESS_UP,STRESS_UP,UP,EXPANSION,STRESS_UP,STRESS_UP
2023-07-18,UP,EXPANSION,EXPANSION,UP,EXPANSION,STRESS_UP,STRESS_UP,UP,EXPANSION,STRESS_UP,CONFIRMED,STRESS_UP,UP,EXPANSION,STRESS_UP,STRESS_UP,UP,EXPANSION,STRESS_UP,STRESS_UP
2023-07-19,UP,EXPANSION,EXPANSION,UP,EXPANSION,STRESS_UP,STRESS_UP,UP,EXPANSION,STRESS_UP,CONFIRMED,STRESS_UP,UP,EXPANSION,STRESS_UP,STRESS_UP,UP,EXPANSION,STRESS_UP,STRESS_UP
2023-07-20,UP,EXPANSION,EXPANSION,UP,EXPANSION,STRESS_UP,STRESS_UP,UP,EXPANSION,STRESS_UP,CONFIRMED,STRESS_UP,UP,EXPANSION,STRESS_UP,STRESS_UP,UP,EXPANSION,STRESS_UP,STRESS_UP
2023-07-21,UP,EXPANSION,EXPANSION,UP,EXPANSION,STRESS_UP,STRESS_UP,UP,EXPANSION,STRESS_UP,CONFIRMED,STRESS_UP,UP,EXPANSION,STRESS_UP,STRESS_UP,UP,EXPANSION,STRESS_UP,STRESS_UP
2023-07-22,UP,EXPANSION,EXPANSION,UP,EXPANSION,STRESS_UP,STRESS_UP,UP,EXPANSION,STRESS_UP,UNCONFIRMED,STRESS_UP,UP,EXPANSION,STRESS_UP,STRESS_UP,UP,EXPANSION,STRESS_UP,STRESS_UP
2023-07-23,UP,EXPANSION,EXPANSION,UP,EXPANSION,STRESS_UP,STRESS_UP,UP,EXPANSION,STRESS_UP,UNCONFIRMED,STRESS_UP,UP,EXPANSION,STRESS_UP,STRESS_UP,UP,EXPANSION,STRESS_UP,STRESS_UP
2023-07-24,UP,EXPANSION,EXPANSION,UP,EXPANSION,STRESS_UP,STRESS_UP,UP,EXPANSION,STRESS_UP,CONFIRMED,STRESS_UP,UP,EXPANSION,STRESS_UP,STRESS_UP,UP,EXPANSION,STRESS_UP,STRESS_UP
2023-07-25,UP,EXPANSION,EXPANSION,UP,EXPANSION,STRESS_UP,STRESS_UP,UP,EXPANSION,STRESS_UP,CONFIRMED,STRESS_UP,UP,EXPANSION,STRESS_UP,STRESS_UP,UP,EXPANSION,STRESS_UP,STRESS_UP
2023-07-26,UP,EXPANSION,EXPANSION,UP,EXPANSION,STRESS_UP,STRESS_UP,UP,EXPANSION,STRESS_UP,CONFIRMED,STRESS_UP,UP,EXPANSION,STRESS_UP,STRESS_UP,UP,EXPANSION,STRESS_UP,STRESS_UP
2023-07-27,UP,EXPANSION,EXPANSION,UP,EXPANSION,STRESS_UP,STRESS_UP,UP,EXPANSION,STRESS_UP,UNCONFIRMED,STRESS_UP,UP,EXPANSION,STRESS_UP,STRESS_UP,UP,EXPANSION,STRESS_UP,STRESS_UP
2023-07-28,UP,EXPANSION,EXPANSION,UP,EXPANSION,STRESS_UP,STRESS_UP,UP,EXPANSION,STRESS_UP,UNCONFIRMED,STRESS_UP,UP,EXPANSION,STRESS_UP,STRESS_UP,UP,EXPANSION,STRESS_UP,STRESS_UP
2023-07-29,UP,EXPANSION,EXPANSION,UP,EXPANSION,STRESS_UP,STRESS_UP,UP,EXPANSION,STRESS_UP,UNCONFIRMED,STRESS_UP,UP,EXPANSION,STRESS_UP,STRESS_UP,UP,EXPANSION,STRESS_UP,STRESS_UP
2023-07-30,UP,EXPANSION,EXPANSION,UP,EXPANSION,STRESS_UP,STRESS_UP,UP,EXPANSION,STRESS_UP,UNCONFIRMED,STRESS_UP,UP,EXPANSION,STRESS_UP,STRESS_UP,UP,EXPANSION,STRESS_UP,STRESS_UP
2023-07-31,UP,EXPANSION,EXPANSION,UP,EXPANSION,STRESS_UP,STRESS_UP,UP,EXPANSION,STRESS_UP,CONFIRMED,STRESS_UP,UP,EXPANSION,STRESS_UP,STRESS_UP,UP,EXPANSION,STRESS_UP,STRESS_UP
2023-08-01,UP,NORMAL,UP,UP,NORMAL,STRESS_UP,STRESS_UP,UP,NORMAL,STRESS_UP,CONFIRMED,STRESS_UP,UP,NORMAL,STRESS_UP,STRESS_UP,UP,EXPANSION,STRESS_UP,STRESS_UP
2023-08-02,UP,NORMAL,UP,UP,NORMAL,STRESS_UP,STRESS_UP,UP,NORMAL,STRESS_UP,UNCONFIRMED,STRESS_UP,UP,NORMAL,STRESS_UP,STRESS_UP,UP,EXPANSION,STRESS_UP,STRESS_UP
2023-08-03,UP,NORMAL,UP,UP,NORMAL,STRESS_UP,STRESS_UP,UP,NORMAL,STRESS_UP,CONFIRMED,STRESS_UP,UP,NORMAL,STRESS_UP,STRESS_UP,UP,EXPANSION,STRESS_UP,STRESS_UP
2023-08-04,UP,NORMAL,UP,UP,NORMAL,STRESS_UP,STRESS_UP,UP,NORMAL,STRESS_UP,CONFIRMED,STRESS_UP,UP,NORMAL,STRESS_UP,STRESS_UP,UP,EXPANSION,STRESS_UP,STRESS_UP
2023-08-05,UP,EXPANSION,EXPANSION,UP,EXPANSION,STRESS_UP,STRESS_UP,UP,EXPANSION,STRESS_UP,UNCONFIRMED,STRESS_UP,UP,EXPANSION,STRESS_UP,STRESS_UP,UP,EXPANSION,STRESS_UP,STRESS_UP
2023-08-06,UP,EXPANSION,EXPANSION,UP,EXPANSION,STRESS_UP,STRESS_UP,UP,EXPANSION,STRESS_UP,UNCONFIRMED,STRESS_UP,UP,EXPANSION,STRESS_UP,STRESS_UP,UP,EXPANSION,STRESS_UP,STRESS_UP
2023-08-07,UP,EXPANSION,EXPANSION,UP,EXPANSION,STRESS_UP,STRESS_UP,UP,EXPANSION,STRESS_UP,CONFIRMED,STRESS_UP,UP,EXPANSION,STRESS_UP,STRESS_UP,UP,EXPANSION,STRESS_UP,STRESS_UP
2023-08-08,UP,EXPANSION,EXPANSION,UP,EXPANSION,STRESS_UP,STRESS_UP,UP,EXPANSION,STRESS_UP,CONFIRMED,STRESS_UP,UP,EXPANSION,STRESS_UP,STRESS_UP,UP,EXPANSION,STRESS_UP,STRESS_UP
2023-08-09,UP,NORMAL,UP,UP,NORMAL,STRESS_UP,STRESS_UP,UP,NORMAL,STRESS_UP,CONFIRMED,STRESS_UP,UP,NORMAL,STRESS_UP,STRESS_UP,UP,NORMAL,STRESS_UP,STRESS_UP
2023-08-10,UP,NORMAL,UP,UP,NORMAL,STRESS_UP,STRESS_UP,UP,NORMAL,STRESS_UP,UNCONFIRMED,STRESS_UP,UP,NORMAL,STRESS_UP,STRESS_UP,UP,NORMAL,STRESS_UP,STRESS_UP
2023-08-11,UP,NORMAL,UP,UP,NORMAL,STRESS_UP,STRESS_UP,UP,NORMAL,STRESS_UP,UNCONFIRMED,STRESS_UP,UP,NORMAL,STRESS_UP,STRESS_UP,UP,NORMAL,STRESS_UP,STRESS_UP
2023-08-12,UP,NORMAL,UP,UP,NORMAL,STRESS_UP,STRESS_UP,UP,NORMAL,STRESS_UP,UNCONFIRMED,STRESS_UP,RANGE,NORMAL,STRESS_UP,STRESS_UP,UP,NORMAL,STRESS_UP,STRESS_UP
2023-08-13,UP,NORMAL,UP,UP,NORMAL,CALM,UP,UP,NORMAL,CALM,UNCONFIRMED,UP,RANGE,NORMAL,CALM,RANGE,UP,NORMAL,CALM,UP
2023-08-14,UP,NORMAL,UP,UP,NORMAL,CALM,UP,UP,NORMAL,CALM,UNCONFIRMED,UP,RANGE,NORMAL,CALM,RANGE,UP,NORMAL,CALM,UP
2023-08-15,UP,NORMAL,UP,UP,NORMAL,STRESS_UP,STRESS_UP,UP,NORMAL,STRESS_UP,CONFIRMED,STRESS_UP,RANGE,NORMAL,STRESS_UP,STRESS_UP,UP,NORMAL,STRESS_UP,STRESS_UP
2023-08-16,UP,NORMAL,UP,UP,NORMAL,CALM,UP,UP,NORMAL,CALM,CONFIRMED,UP,RANGE,NORMAL,CALM,RANGE,UP,NORMAL,STRESS_UP,STRESS_UP
2023-08-17,DOWN,EXPANSION,EXPANSION,RANGE,EXPANSION,CALM,EXPANSION,RANGE,EXPANSION,CALM,CONFIRMED,EXPANSION,RANGE,EXPANSION,CALM,EXPANSION,RANGE,EXPANSION,CALM,EXPANSION
2023-08-18,DOWN,EXPANSION,EXPANSION,RANGE,EXPANSION,CALM,EXPANSION,RANGE,EXPANSION,CALM,CONFIRMED,EXPANSION,RANGE,EXPANSION,CALM,EXPANSION,RANGE,EXPANSION,CALM,EXPANSION
2023-08-19,DOWN,EXPANSION,EXPANSION,RANGE,EXPANSION,CALM,EXPANSION,RANGE,EXPANSION,CALM,UNCONFIRMED,EXPANSION,RANGE,EXPANSION,CALM,EXPANSION,RANGE,EXPANSION,CALM,EXPANSION
2023-08-20,DOWN,EXPANSION,EXPANSION,RANGE,EXPANSION,CALM,EXPANSION,RANGE,EXPANSION,CALM,CONFIRMED,EXPANSION,RANGE,EXPANSION,CALM,EXPANSION,RANGE,EXPANSION,STRESS_UP,STRESS_UP
2023-08-21,DOWN,EXPANSION,EXPANSION,RANGE,EXPANSION,CALM,EXPANSION,RANGE,EXPANSION,CALM,CONFIRMED,EXPANSION,RANGE,EXPANSION,CALM,EXPANSION,RANGE,EXPANSION,CALM,EXPANSION
2023-08-22,DOWN,EXPANSION,EXPANSION,RANGE,EXPANSION,CALM,EXPANSION,RANGE,EXPANSION,CALM,CONFIRMED,EXPANSION,RANGE,EXPANSION,CALM,EXPANSION,RANGE,EXPANSION,CALM,EXPANSION
2023-08-23,DOWN,EXPANSION,EXPANSION,RANGE,EXPANSION,CALM,EXPANSION,RANGE,EXPANSION,CALM,UNCONFIRMED,EXPANSION,RANGE,EXPANSION,CALM,EXPANSION,RANGE,EXPANSION,CALM,EXPANSION
2023-08-24,DOWN,EXPANSION,EXPANSION,RANGE,EXPANSION,CALM,EXPANSION,RANGE,EXPANSION,CALM,UNCONFIRMED,EXPANSION,RANGE,EXPANSION,CALM,EXPANSION,RANGE,EXPANSION,CALM,EXPANSION
2023-08-25,DOWN,EXPANSION,EXPANSION,RANGE,EXPANSION,CALM,EXPANSION,RANGE,EXPANSION,CALM,UNCONFIRMED,EXPANSION,RANGE,EXPANSION,CALM,EXPANSION,RANGE,EXPANSION,CALM,EXPANSION
2023-08-26,DOWN,EXPANSION,EXPANSION,RANGE,EXPANSION,CALM,EXPANSION,RANGE,EXPANSION,CALM,UNCONFIRMED,EXPANSION,RANGE,EXPANSION,CALM,EXPANSION,RANGE,EXPANSION,CALM,EXPANSION
2023-08-27,DOWN,EXPANSION,EXPANSION,RANGE,EXPANSION,CALM,EXPANSION,RANGE,EXPANSION,CALM,UNCONFIRMED,EXPANSION,RANGE,EXPANSION,CALM,EXPANSION,RANGE,NORMAL,CALM,RANGE
2023-08-28,DOWN,EXPANSION,EXPANSION,RANGE,EXPANSION,CALM,EXPANSION,RANGE,EXPANSION,CALM,UNCONFIRMED,EXPANSION,RANGE,EXPANSION,CALM,EXPANSION,RANGE,NORMAL,CALM,RANGE
2023-08-29,DOWN,EXPANSION,EXPANSION,RANGE,EXPANSION,CALM,EXPANSION,RANGE,EXPANSION,CALM,CONFIRMED,EXPANSION,RANGE,EXPANSION,CALM,EXPANSION,RANGE,NORMAL,CALM,RANGE
2023-08-30,DOWN,EXPANSION,EXPANSION,RANGE,EXPANSION,CALM,EXPANSION,RANGE,EXPANSION,CALM,UNCONFIRMED,EXPANSION,RANGE,EXPANSION,CALM,EXPANSION,RANGE,NORMAL,CALM,RANGE
2023-08-31,DOWN,EXPANSION,EXPANSION,RANGE,EXPANSION,CALM,EXPANSION,RANGE,EXPANSION,CALM,CONFIRMED,EXPANSION,RANGE,EXPANSION,CALM,EXPANSION,RANGE,NORMAL,CALM,RANGE
2023-09-01,DOWN,EXPANSION,EXPANSION,RANGE,EXPANSION,STRESS_DOWN,STRESS_DOWN,RANGE,EXPANSION,STRESS_DOWN,CONFIRMED,STRESS_DOWN,RANGE,EXPANSION,STRESS_DOWN,STRESS_DOWN,RANGE,NORMAL,STRESS_DOWN,STRESS_DOWN
2023-09-02,DOWN,NORMAL,DOWN,RANGE,NORMAL,STRESS_DOWN,STRESS_DOWN,RANGE,NORMAL,STRESS_DOWN,UNCONFIRMED,STRESS_DOWN,RANGE,NORMAL,STRESS_DOWN,STRESS_DOWN,RANGE,NORMAL,STRESS_DOWN,STRESS_DOWN
2023-09-03,DOWN,NORMAL,DOWN,RANGE,NORMAL,CALM,RANGE,RANGE,NORMAL,CALM,UNCONFIRMED,RANGE,RANGE,NORMAL,CALM,RANGE,RANGE,NORMAL,CALM,RANGE
2023-09-04,DOWN,NORMAL,DOWN,RANGE,NORMAL,CALM,RANGE,RANGE,NORMAL,CALM,UNCONFIRMED,RANGE,RANGE,NORMAL,CALM,RANGE,RANGE,NORMAL,CALM,RANGE
2023-09-05,DOWN,SQUEEZE,DOWN,RANGE,SQUEEZE,CALM,SQUEEZE,RANGE,SQUEEZE,CALM,UNCONFIRMED,SQUEEZE,RANGE,SQUEEZE,CALM,SQUEEZE,RANGE,NORMAL,CALM,RANGE
2023-09-06,DOWN,SQUEEZE,DOWN,RANGE,SQUEEZE,CALM,SQUEEZE,RANGE,SQUEEZE,CALM,UNCONFIRMED,SQUEEZE,RANGE,SQUEEZE,CALM,SQUEEZE,RANGE,NORMAL,CALM,RANGE
2023-09-07,DOWN,SQUEEZE,DOWN,RANGE,SQUEEZE,CALM,SQUEEZE,RANGE,SQUEEZE,CALM,UNCONFIRMED,SQUEEZE,RANGE,SQUEEZE,CALM,SQUEEZE,RANGE,NORMAL,CALM,RANGE
2023-09-08,DOWN,NORMAL,DOWN,RANGE,NORMAL,CALM,RANGE,RANGE,NORMAL,CALM,UNCONFIRMED,RANGE,RANGE,NORMAL,CALM,RANGE,RANGE,NORMAL,CALM,RANGE
2023-09-09,DOWN,SQUEEZE,DOWN,RANGE,SQUEEZE,CALM,SQUEEZE,RANGE,SQUEEZE,CALM,UNCONFIRMED,SQUEEZE,RANGE,SQUEEZE,CALM,SQUEEZE,RANGE,SQUEEZE,CALM,SQUEEZE
2023-09-10,DOWN,NORMAL,DOWN,RANGE,NORMAL,CALM,RANGE,RANGE,NORMAL,CALM,UNCONFIRMED,RANGE,RANGE,NORMAL,CALM,RANGE,RANGE,SQUEEZE,CALM,SQUEEZE
2023-09-11,DOWN,NORMAL,DOWN,RANGE,NORMAL,CALM,RANGE,RANGE,NORMAL,CALM,CONFIRMED,RANGE,RANGE,NORMAL,CALM,RANGE,RANGE,NORMAL,CALM,RANGE
2023-09-12,DOWN,NORMAL,DOWN,DOWN,NORMAL,CALM,DOWN,DOWN,NORMAL,CALM,CONFIRMED,DOWN,DOWN,NORMAL,CALM,DOWN,DOWN,NORMAL,CALM,DOWN
2023-09-13,DOWN,NORMAL,DOWN,DOWN,NORMAL,CALM,DOWN,DOWN,NORMAL,CALM,UNCONFIRMED,DOWN,DOWN,NORMAL,CALM,DOWN,DOWN,NORMAL,CALM,DOWN
2023-09-14,DOWN,NORMAL,DOWN,DOWN,NORMAL,CALM,DOWN,DOWN,NORMAL,CALM,UNCONFIRMED,DOWN,DOWN,NORMAL,CALM,DOWN,DOWN,SQUEEZE,CALM,DOWN
2023-09-15,DOWN,NORMAL,DOWN,DOWN,NORMAL,CALM,DOWN,DOWN,NORMAL,CALM,UNCONFIRMED,DOWN,DOWN,NORMAL,CALM,DOWN,DOWN,SQUEEZE,CALM,DOWN
2023-09-16,DOWN,NORMAL,DOWN,DOWN,NORMAL,CALM,DOWN,DOWN,NORMAL,CALM,UNCONFIRMED,DOWN,DOWN,NORMAL,CALM,DOWN,DOWN,SQUEEZE,CALM,DOWN
2023-09-17,DOWN,NORMAL,DOWN,DOWN,NORMAL,CALM,DOWN,DOWN,NORMAL,CALM,UNCONFIRMED,DOWN,DOWN,NORMAL,CALM,DOWN,DOWN,SQUEEZE,CALM,DOWN
2023-09-18,DOWN,SQUEEZE,DOWN,DOWN,SQUEEZE,CALM,DOWN,DOWN,SQUEEZE,CALM,UNCONFIRMED,DOWN,DOWN,SQUEEZE,CALM,DOWN,DOWN,SQUEEZE,CALM,DOWN
2023-09-19,DOWN,SQUEEZE,DOWN,DOWN,SQUEEZE,CALM,DOWN,DOWN,SQUEEZE,CALM,UNCONFIRMED,DOWN,DOWN,SQUEEZE,CALM,DOWN,DOWN,SQUEEZE,CALM,DOWN
2023-09-20,DOWN,SQUEEZE,DOWN,DOWN,SQUEEZE,CALM,DOWN,DOWN,SQUEEZE,CALM,UNCONFIRMED,DOWN,DOWN,SQUEEZE,CALM,DOWN,DOWN,SQUEEZE,CALM,DOWN
2023-09-21,DOWN,SQUEEZE,DOWN,DOWN,SQUEEZE,CALM,DOWN,DOWN,SQUEEZE,CALM,UNCONFIRMED,DOWN,DOWN,SQUEEZE,CALM,DOWN,DOWN,SQUEEZE,CALM,DOWN
2023-09-22,DOWN,SQUEEZE,DOWN,DOWN,SQUEEZE,CALM,DOWN,DOWN,SQUEEZE,CALM,UNCONFIRMED,DOWN,DOWN,SQUEEZE,CALM,DOWN,DOWN,SQUEEZE,CALM,DOWN
2023-09-23,DOWN,SQUEEZE,DOWN,DOWN,SQUEEZE,CALM,DOWN,DOWN,SQUEEZE,CALM,UNCONFIRMED,DOWN,DOWN,SQUEEZE,CALM,DOWN,DOWN,SQUEEZE,CALM,DOWN
2023-09-24,DOWN,SQUEEZE,DOWN,DOWN,SQUEEZE,CALM,DOWN,DOWN,SQUEEZE,CALM,UNCONFIRMED,DOWN,RANGE,SQUEEZE,CALM,SQUEEZE,DOWN,SQUEEZE,CALM,DOWN
2023-09-25,DOWN,SQUEEZE,DOWN,RANGE,SQUEEZE,CALM,SQUEEZE,RANGE,SQUEEZE,CALM,UNCONFIRMED,SQUEEZE,RANGE,SQUEEZE,CALM,SQUEEZE,RANGE,SQUEEZE,CALM,SQUEEZE
2023-09-26,DOWN,SQUEEZE,DOWN,RANGE,SQUEEZE,CALM,SQUEEZE,RANGE,SQUEEZE,CALM,UNCONFIRMED,SQUEEZE,RANGE,SQUEEZE,CALM,SQUEEZE,RANGE,SQUEEZE,CALM,SQUEEZE
2023-09-27,DOWN,SQUEEZE,DOWN,RANGE,SQUEEZE,CALM,SQUEEZE,RANGE,SQUEEZE,CALM,UNCONFIRMED,SQUEEZE,RANGE,SQUEEZE,CALM,SQUEEZE,RANGE,SQUEEZE,CALM,SQUEEZE
2023-09-28,DOWN,SQUEEZE,DOWN,RANGE,SQUEEZE,CALM,SQUEEZE,RANGE,SQUEEZE,CALM,UNCONFIRMED,SQUEEZE,RANGE,SQUEEZE,CALM,SQUEEZE,RANGE,SQUEEZE,CALM,SQUEEZE
2023-09-29,DOWN,NORMAL,DOWN,RANGE,NORMAL,CALM,RANGE,RANGE,NORMAL,CALM,CONFIRMED,RANGE,RANGE,NORMAL,CALM,RANGE,RANGE,SQUEEZE,CALM,SQUEEZE
2023-09-30,DOWN,NORMAL,DOWN,RANGE,NORMAL,CALM,RANGE,RANGE,NORMAL,CALM,UNCONFIRMED,RANGE,RANGE,NORMAL,CALM,RANGE,RANGE,SQUEEZE,CALM,SQUEEZE
2023-10-01,DOWN,NORMAL,DOWN,RANGE,NORMAL,CALM,RANGE,RANGE,NORMAL,CALM,UNCONFIRMED,RANGE,RANGE,NORMAL,CALM,RANGE,RANGE,SQUEEZE,CALM,SQUEEZE
2023-10-02,DOWN,SQUEEZE,DOWN,RANGE,SQUEEZE,CALM,SQUEEZE,RANGE,SQUEEZE,CALM,UNCONFIRMED,SQUEEZE,RANGE,SQUEEZE,CALM,SQUEEZE,RANGE,SQUEEZE,CALM,SQUEEZE
2023-10-03,DOWN,SQUEEZE,DOWN,RANGE,SQUEEZE,CALM,SQUEEZE,RANGE,SQUEEZE,CALM,CONFIRMED,SQUEEZE,RANGE,SQUEEZE,CALM,SQUEEZE,RANGE,SQUEEZE,CALM,SQUEEZE
2023-10-04,DOWN,SQUEEZE,DOWN,RANGE,SQUEEZE,CALM,SQUEEZE,RANGE,SQUEEZE,CALM,CONFIRMED,SQUEEZE,RANGE,SQUEEZE,CALM,SQUEEZE,RANGE,SQUEEZE,CALM,SQUEEZE
2023-10-05,DOWN,SQUEEZE,DOWN,RANGE,SQUEEZE,CALM,SQUEEZE,RANGE,SQUEEZE,CALM,UNCONFIRMED,SQUEEZE,RANGE,SQUEEZE,CALM,SQUEEZE,RANGE,SQUEEZE,CALM,SQUEEZE
2023-10-06,DOWN,SQUEEZE,DOWN,RANGE,SQUEEZE,CALM,SQUEEZE,RANGE,SQUEEZE,CALM,UNCONFIRMED,SQUEEZE,RANGE,SQUEEZE,CALM,SQUEEZE,RANGE,SQUEEZE,CALM,SQUEEZE
2023-10-07,DOWN,SQUEEZE,DOWN,RANGE,SQUEEZE,CALM,SQUEEZE,RANGE,SQUEEZE,CALM,UNCONFIRMED,SQUEEZE,RANGE,SQUEEZE,CALM,SQUEEZE,RANGE,SQUEEZE,CALM,SQUEEZE
2023-10-08,DOWN,SQUEEZE,DOWN,RANGE,SQUEEZE,CALM,SQUEEZE,RANGE,SQUEEZE,CALM,UNCONFIRMED,SQUEEZE,RANGE,SQUEEZE,CALM,SQUEEZE,RANGE,SQUEEZE,CALM,SQUEEZE
2023-10-09,DOWN,SQUEEZE,DOWN,RANGE,SQUEEZE,CALM,SQUEEZE,RANGE,SQUEEZE,CALM,UNCONFIRMED,SQUEEZE,RANGE,SQUEEZE,CALM,SQUEEZE,RANGE,SQUEEZE,CALM,SQUEEZE
2023-10-10,DOWN,SQUEEZE,DOWN,RANGE,SQUEEZE,CALM,SQUEEZE,RANGE,SQUEEZE,CALM,UNCONFIRMED,SQUEEZE,RANGE,SQUEEZE,CALM,SQUEEZE,RANGE,SQUEEZE,CALM,SQUEEZE
2023-10-11,DOWN,NORMAL,DOWN,RANGE,NORMAL,CALM,RANGE,RANGE,NORMAL,CALM,UNCONFIRMED,RANGE,RANGE,NORMAL,CALM,RANGE,RANGE,SQUEEZE,CALM,SQUEEZE
2023-10-12,DOWN,NORMAL,DOWN,RANGE,NORMAL,CALM,RANGE,RANGE,NORMAL,CALM,UNCONFIRMED,RANGE,RANGE,NORMAL,CALM,RANGE,RANGE,SQUEEZE,CALM,SQUEEZE
2023-10-13,DOWN,NORMAL,DOWN,RANGE,NORMAL,CALM,RANGE,RANGE,NORMAL,CALM,UNCONFIRMED,RANGE,RANGE,NORMAL,CALM,RANGE,RANGE,SQUEEZE,CALM,SQUEEZE
2023-10-14,DOWN,NORMAL,DOWN,RANGE,NORMAL,CALM,RANGE,RANGE,NORMAL,CALM,UNCONFIRMED,RANGE,RANGE,NORMAL,CALM,RANGE,RANGE,SQUEEZE,CALM,SQUEEZE
2023-10-15,DOWN,NORMAL,DOWN,RANGE,NORMAL,CALM,RANGE,RANGE,NORMAL,CALM,UNCONFIRMED,RANGE,RANGE,NORMAL,CALM,RANGE,RANGE,SQUEEZE,CALM,SQUEEZE
2023-10-16,DOWN,NORMAL,DOWN,RANGE,NORMAL,CALM,RANGE,RANGE,NORMAL,CALM,CONFIRMED,RANGE,RANGE,NORMAL,CALM,RANGE,RANGE,SQUEEZE,CALM,SQUEEZE
2023-10-17,RANGE,NORMAL,RANGE,RANGE,NORMAL,CALM,RANGE,RANGE,NORMAL,CALM,UNCONFIRMED,RANGE,RANGE,NORMAL,CALM,RANGE,RANGE,SQUEEZE,CALM,SQUEEZE
2023-10-18,RANGE,NORMAL,RANGE,RANGE,NORMAL,CALM,RANGE,RANGE,NORMAL,CALM,UNCONFIRMED,RANGE,RANGE,NORMAL,CALM,RANGE,RANGE,SQUEEZE,CALM,SQUEEZE
2023-10-19,RANGE,NORMAL,RANGE,RANGE,NORMAL,CALM,RANGE,RANGE,NORMAL,CALM,CONFIRMED,RANGE,RANGE,NORMAL,CALM,RANGE,RANGE,SQUEEZE,CALM,SQUEEZE
2023-10-20,DOWN,NORMAL,DOWN,RANGE,NORMAL,CALM,RANGE,RANGE,NORMAL,CALM,CONFIRMED,RANGE,RANGE,NORMAL,CALM,RANGE,RANGE,SQUEEZE,CALM,SQUEEZE
2023-10-21,DOWN,NORMAL,DOWN,DOWN,NORMAL,CALM,DOWN,DOWN,NORMAL,CALM,UNCONFIRMED,DOWN,RANGE,NORMAL,CALM,RANGE,DOWN,SQUEEZE,CALM,DOWN
2023-10-22,DOWN,NORMAL,DOWN,DOWN,NORMAL,CALM,DOWN,DOWN,NORMAL,CALM,UNCONFIRMED,DOWN,RANGE,NORMAL,CALM,RANGE,DOWN,SQUEEZE,CALM,DOWN
2023-10-23,DOWN,NORMAL,DOWN,DOWN,NORMAL,CALM,DOWN,DOWN,NORMAL,CALM,CONFIRMED,DOWN,RANGE,NORMAL,CALM,RANGE,DOWN,SQUEEZE,CALM,DOWN
2023-10-24,DOWN,NORMAL,DOWN,DOWN,NORMAL,CALM,DOWN,DOWN,NORMAL,CALM,CONFIRMED,DOWN,DOWN,NORMAL,CALM,DOWN,DOWN,SQUEEZE,CALM,DOWN
2023-10-25,DOWN,NORMAL,DOWN,DOWN,NORMAL,CALM,DOWN,DOWN,NORMAL,CALM,CONFIRMED,DOWN,DOWN,NORMAL,CALM,DOWN,DOWN,SQUEEZE,CALM,DOWN
2023-10-26,DOWN,NORMAL,DOWN,DOWN,NORMAL,CALM,DOWN,DOWN,NORMAL,CALM,CONFIRMED,DOWN,DOWN,NORMAL,CALM,DOWN,DOWN,NORMAL,CALM,DOWN
2023-10-27,DOWN,NORMAL,DOWN,DOWN,NORMAL,CALM,DOWN,DOWN,NORMAL,CALM,UNCONFIRMED,DOWN,DOWN,NORMAL,CALM,DOWN,DOWN,NORMAL,CALM,DOWN
2023-10-28,DOWN,NORMAL,DOWN,DOWN,NORMAL,CALM,DOWN,DOWN,NORMAL,CALM,UNCONFIRMED,DOWN,DOWN,NORMAL,CALM,DOWN,DOWN,NORMAL,CALM,DOWN
2023-10-29,UP,NORMAL,UP,RANGE,NORMAL,CALM,RANGE,RANGE,NORMAL,CALM,UNCONFIRMED,RANGE,RANGE,NORMAL,CALM,RANGE,RANGE,SQUEEZE,CALM,SQUEEZE
2023-10-30,UP,NORMAL,UP,RANGE,NORMAL,CALM,RANGE,RANGE,NORMAL,CALM,CONFIRMED,RANGE,RANGE,NORMAL,CALM,RANGE,RANGE,SQUEEZE,CALM,SQUEEZE
2023-10-31,UP,NORMAL,UP,RANGE,NORMAL,CALM,RANGE,RANGE,NORMAL,CALM,CONFIRMED,RANGE,RANGE,NORMAL,CALM,RANGE,RANGE,NORMAL,CALM,RANGE
2023-11-01,UP,NORMAL,UP,RANGE,NORMAL,CALM,RANGE,RANGE,NORMAL,CALM,CONFIRMED,RANGE,RANGE,NORMAL,CALM,RANGE,RANGE,NORMAL,CALM,RANGE
2023-11-02,UP,NORMAL,UP,RANGE,NORMAL,CALM,RANGE,RANGE,NORMAL,CALM,CONFIRMED,RANGE,RANGE,NORMAL,CALM,RANGE,RANGE,NORMAL,CALM,RANGE
2023-11-03,UP,NORMAL,UP,RANGE,NORMAL,CALM,RANGE,RANGE,NORMAL,CALM,CONFIRMED,RANGE,RANGE,NORMAL,CALM,RANGE,RANGE,NORMAL,CALM,RANGE
2023-11-04,UP,NORMAL,UP,RANGE,NORMAL,CALM,RANGE,RANGE,NORMAL,CALM,UNCONFIRMED,RANGE,RANGE,NORMAL,CALM,RANGE,RANGE,NORMAL,CALM,RANGE
2023-11-05,UP,EXPANSION,EXPANSION,RANGE,EXPANSION,CALM,EXPANSION,RANGE,EXPANSION,CALM,CONFIRMED,EXPANSION,RANGE,EXPANSION,CALM,EXPANSION,RANGE,NORMAL,CALM,RANGE
2023-11-06,UP,EXPANSION,EXPANSION,RANGE,EXPANSION,CALM,EXPANSION,RANGE,EXPANSION,CALM,CONFIRMED,EXPANSION,RANGE,EXPANSION,CALM,EXPANSION,RANGE,NORMAL,CALM,RANGE
2023-11-07,UP,EXPANSION,EXPANSION,RANGE,EXPANSION,CALM,EXPANSION,RANGE,EXPANSION,CALM,CONFIRMED,EXPANSION,RANGE,EXPANSION,CALM,EXPANSION,RANGE,NORMAL,CALM,RANGE
2023-11-08,UP,EXPANSION,EXPANSION,RANGE,EXPANSION,CALM,EXPANSION,RANGE,EXPANSION,CALM,CONFIRMED,EXPANSION,RANGE,EXPANSION,CALM,EXPANSION,RANGE,NORMAL,CALM,RANGE
2023-11-09,UP,EXPANSION,EXPANSION,RANGE,EXPANSION,CALM,EXPANSION,RANGE,EXPANSION,CALM,CONFIRMED,EXPANSION,RANGE,EXPANSION,CALM,EXPANSION,RANGE,NORMAL,CALM,RANGE
2023-11-10,UP,EXPANSION,EXPANSION,RANGE,EXPANSION,CALM,EXPANSION,RANGE,EXPANSION,CALM,CONFIRMED,EXPANSION,RANGE,EXPANSION,CALM,EXPANSION,RANGE,NORMAL,CALM,RANGE
2023-11-11,UP,EXPANSION,EXPANSION,RANGE,EXPANSION,CALM,EXPANSION,RANGE,EXPANSION,CALM,CONFIRMED,EXPANSION,RANGE,EXPANSION,CALM,EXPANSION,RANGE,NORMAL,CALM,RANGE
2023-11-12,UP,EXPANSION,EXPANSION,RANGE,EXPANSION,CALM,EXPANSION,RANGE,EXPANSION,CALM,UNCONFIRMED,EXPANSION,RANGE,EXPANSION,CALM,EXPANSION,RANGE,NORMAL,CALM,RANGE
2023-11-13,UP,EXPANSION,EXPANSION,RANGE,EXPANSION,CALM,EXPANSION,RANGE,EXPANSION,CALM,CONFIRMED,EXPANSION,RANGE,EXPANSION,CALM,EXPANSION,RANGE,NORMAL,STRESS_UP,STRESS_UP
2023-11-14,UP,NORMAL,UP,RANGE,NORMAL,CALM,RANGE,RANGE,NORMAL,CALM,CONFIRMED,RANGE,RANGE,NORMAL,CALM,RANGE,RANGE,EXPANSION,STRESS_UP,STRESS_UP
2023-11-15,UP,NORMAL,UP,UP,NORMAL,CALM,UP,UP,NORMAL,CALM,CONFIRMED,UP,UP,NORMAL,CALM,UP,UP,NORMAL,STRESS_UP,STRESS_UP
2023-11-16,UP,NORMAL,UP,RANGE,NORMAL,CALM,RANGE,RANGE,NORMAL,CALM,CONFIRMED,RANGE,RANGE,NORMAL,CALM,RANGE,RANGE,EXPANSION,STRESS_UP,STRESS_UP
2023-11-17,UP,NORMAL,UP,RANGE,NORMAL,CALM,RANGE,RANGE,NORMAL,CALM,CONFIRMED,RANGE,RANGE,NORMAL,CALM,RANGE,RANGE,EXPANSION,STRESS_UP,STRESS_UP
2023-11-18,UP,NORMAL,UP,RANGE,NORMAL,CALM,RANGE,RANGE,NORMAL,CALM,UNCONFIRMED,RANGE,RANGE,NORMAL,CALM,RANGE,RANGE,EXPANSION,STRESS_UP,STRESS_UP
2023-11-19,UP,NORMAL,UP,RANGE,NORMAL,CALM,RANGE,RANGE,NORMAL,CALM,UNCONFIRMED,RANGE,RANGE,NORMAL,CALM,RANGE,RANGE,NORMAL,STRESS_UP,STRESS_UP
2023-11-20,UP,NORMAL,UP,RANGE,NORMAL,CALM,RANGE,RANGE,NORMAL,CALM,UNCONFIRMED,RANGE,RANGE,NORMAL,CALM,RANGE,RANGE,NORMAL,STRESS_UP,STRESS_UP
2023-11-21,UP,NORMAL,UP,RANGE,NORMAL,CALM,RANGE,RANGE,NORMAL,CALM,CONFIRMED,RANGE,RANGE,NORMAL,CALM,RANGE,RANGE,EXPANSION,CALM,EXPANSION
2023-11-22,UP,NORMAL,UP,RANGE,NORMAL,CALM,RANGE,RANGE,NORMAL,CALM,CONFIRMED,RANGE,RANGE,NORMAL,CALM,RANGE,RANGE,NORMAL,STRESS_UP,STRESS_UP
2023-11-23,UP,NORMAL,UP,RANGE,NORMAL,CALM,RANGE,RANGE,NORMAL,CALM,UNCONFIRMED,RANGE,RANGE,NORMAL,CALM,RANGE,RANGE,NORMAL,CALM,RANGE
2023-11-24,UP,NORMAL,UP,RANGE,NORMAL,CALM,RANGE,RANGE,NORMAL,CALM,UNCONFIRMED,RANGE,RANGE,NORMAL,CALM,RANGE,RANGE,NORMAL,CALM,RANGE
2023-11-25,UP,NORMAL,UP,RANGE,NORMAL,CALM,RANGE,RANGE,NORMAL,CALM,UNCONFIRMED,RANGE,RANGE,NORMAL,CALM,RANGE,RANGE,NORMAL,CALM,RANGE
2023-11-26,UP,NORMAL,UP,UP,NORMAL,CALM,UP,UP,NORMAL,CALM,UNCONFIRMED,UP,UP,NORMAL,CALM,UP,UP,NORMAL,CALM,UP
2023-11-27,UP,NORMAL,UP,UP,NORMAL,CALM,UP,UP,NORMAL,CALM,UNCONFIRMED,UP,UP,NORMAL,CALM,UP,UP,NORMAL,CALM,UP
2023-11-28,UP,NORMAL,UP,UP,NORMAL,CALM,UP,UP,NORMAL,CALM,UNCONFIRMED,UP,UP,NORMAL,CALM,UP,UP,NORMAL,CALM,UP
2023-11-29,UP,NORMAL,UP,UP,NORMAL,CALM,UP,UP,NORMAL,CALM,UNCONFIRMED,UP,UP,NORMAL,CALM,UP,UP,NORMAL,CALM,UP
2023-11-30,UP,NORMAL,UP,UP,NORMAL,CALM,UP,UP,NORMAL,CALM,UNCONFIRMED,UP,UP,NORMAL,CALM,UP,UP,NORMAL,CALM,UP
2023-12-01,UP,NORMAL,UP,UP,NORMAL,CALM,UP,UP,NORMAL,CALM,UNCONFIRMED,UP,UP,NORMAL,CALM,UP,UP,NORMAL,CALM,UP
2023-12-02,UP,SQUEEZE,UP,UP,SQUEEZE,CALM,UP,UP,SQUEEZE,CALM,UNCONFIRMED,UP,UP,SQUEEZE,CALM,UP,UP,NORMAL,CALM,UP
2023-12-03,UP,SQUEEZE,UP,UP,SQUEEZE,CALM,UP,UP,SQUEEZE,CALM,UNCONFIRMED,UP,UP,SQUEEZE,CALM,UP,UP,NORMAL,CALM,UP
2023-12-04,UP,SQUEEZE,UP,UP,SQUEEZE,CALM,UP,UP,SQUEEZE,CALM,CONFIRMED,UP,RANGE,SQUEEZE,CALM,SQUEEZE,UP,NORMAL,CALM,UP
2023-12-05,UP,SQUEEZE,UP,UP,SQUEEZE,CALM,UP,UP,SQUEEZE,CALM,CONFIRMED,UP,RANGE,SQUEEZE,CALM,SQUEEZE,UP,NORMAL,CALM,UP
2023-12-06,UP,SQUEEZE,UP,UP,SQUEEZE,CALM,UP,UP,SQUEEZE,CALM,CONFIRMED,UP,RANGE,SQUEEZE,CALM,SQUEEZE,UP,NORMAL,CALM,UP
2023-12-07,UP,SQUEEZE,UP,UP,SQUEEZE,CALM,UP,UP,SQUEEZE,CALM,CONFIRMED,UP,RANGE,SQUEEZE,CALM,SQUEEZE,UP,NORMAL,CALM,UP
2023-12-08,UP,NORMAL,UP,UP,NORMAL,CALM,UP,UP,NORMAL,CALM,CONFIRMED,UP,RANGE,NORMAL,CALM,RANGE,UP,NORMAL,CALM,UP
2023-12-09,UP,NORMAL,UP,UP,NORMAL,CALM,UP,UP,NORMAL,CALM,CONFIRMED,UP,RANGE,NORMAL,CALM,RANGE,UP,NORMAL,CALM,UP
2023-12-10,UP,NORMAL,UP,UP,NORMAL,CALM,UP,UP,NORMAL,CALM,UNCONFIRMED,UP,RANGE,NORMAL,CALM,RANGE,UP,NORMAL,CALM,UP
2023-12-11,UP,NORMAL,UP,UP,NORMAL,CALM,UP,UP,NORMAL,CALM,CONFIRMED,UP,RANGE,NORMAL,CALM,RANGE,UP,NORMAL,CALM,UP
2023-12-12,RANGE,NORMAL,RANGE,RANGE,NORMAL,CALM,RANGE,RANGE,NORMAL,CALM,CONFIRMED,RANGE,RANGE,NORMAL,CALM,RANGE,UP,NORMAL,CALM,UP
2023-12-13,RANGE,NORMAL,RANGE,RANGE,NORMAL,CALM,RANGE,RANGE,NORMAL,CALM,CONFIRMED,RANGE,RANGE,NORMAL,CALM,RANGE,UP,NORMAL,CALM,UP
2023-12-14,RANGE,NORMAL,RANGE,RANGE,NORMAL,CALM,RANGE,RANGE,NORMAL,CALM,CONFIRMED,RANGE,RANGE,NORMAL,CALM,RANGE,UP,NORMAL,CALM,UP
2023-12-15,RANGE,NORMAL,RANGE,RANGE,NORMAL,CALM,RANGE,RANGE,NORMAL,CALM,CONFIRMED,RANGE,RANGE,NORMAL,CALM,RANGE,UP,NORMAL,CALM,UP
2023-12-16,RANGE,NORMAL,RANGE,RANGE,NORMAL,CALM,RANGE,RANGE,NORMAL,CALM,UNCONFIRMED,RANGE,RANGE,NORMAL,CALM,RANGE,UP,NORMAL,CALM,UP
2023-12-17,RANGE,NORMAL,RANGE,RANGE,NORMAL,CALM,RANGE,RANGE,NORMAL,CALM,UNCONFIRMED,RANGE,RANGE,NORMAL,CALM,RANGE,RANGE,NORMAL,CALM,RANGE
2023-12-18,RANGE,NORMAL,RANGE,RANGE,NORMAL,CALM,RANGE,RANGE,NORMAL,CALM,CONFIRMED,RANGE,RANGE,NORMAL,CALM,RANGE,RANGE,NORMAL,CALM,RANGE
2023-12-19,RANGE,NORMAL,RANGE,RANGE,NORMAL,CALM,RANGE,RANGE,NORMAL,CALM,CONFIRMED,RANGE,RANGE,NORMAL,CALM,RANGE,RANGE,NORMAL,CALM,RANGE
2023-12-20,RANGE,NORMAL,RANGE,RANGE,NORMAL,CALM,RANGE,RANGE,NORMAL,CALM,CONFIRMED,RANGE,RANGE,NORMAL,CALM,RANGE,RANGE,NORMAL,CALM,RANGE
2023-12-21,RANGE,NORMAL,RANGE,RANGE,NORMAL,CALM,RANGE,RANGE,NORMAL,CALM,UNCONFIRMED,RANGE,RANGE,NORMAL,CALM,RANGE,RANGE,NORMAL,CALM,RANGE
2023-12-22,RANGE,NORMAL,RANGE,RANGE,NORMAL,CALM,RANGE,RANGE,NORMAL,CALM,CONFIRMED,RANGE,RANGE,NORMAL,CALM,RANGE,RANGE,NORMAL,CALM,RANGE
2023-12-23,RANGE,NORMAL,RANGE,RANGE,NORMAL,CALM,RANGE,RANGE,NORMAL,CALM,UNCONFIRMED,RANGE,RANGE,NORMAL,CALM,RANGE,RANGE,NORMAL,CALM,RANGE
2023-12-24,RANGE,NORMAL,RANGE,RANGE,NORMAL,CALM,RANGE,RANGE,NORMAL,CALM,UNCONFIRMED,RANGE,RANGE,NORMAL,CALM,RANGE,RANGE,NORMAL,CALM,RANGE
2023-12-25,RANGE,NORMAL,RANGE,RANGE,NORMAL,CALM,RANGE,RANGE,NORMAL,CALM,CONFIRMED,RANGE,RANGE,NORMAL,CALM,RANGE,RANGE,NORMAL,CALM,RANGE
2023-12-26,RANGE,NORMAL,RANGE,RANGE,NORMAL,CALM,RANGE,RANGE,NORMAL,CALM,CONFIRMED,RANGE,RANGE,NORMAL,CALM,RANGE,RANGE,NORMAL,CALM,RANGE
2023-12-27,RANGE,NORMAL,RANGE,RANGE,NORMAL,CALM,RANGE,RANGE,NORMAL,CALM,CONFIRMED,RANGE,RANGE,NORMAL,CALM,RANGE,RANGE,NORMAL,CALM,RANGE
2023-12-28,RANGE,SQUEEZE,SQUEEZE,RANGE,SQUEEZE,CALM,SQUEEZE,RANGE,SQUEEZE,CALM,CONFIRMED,SQUEEZE,RANGE,SQUEEZE,CALM,SQUEEZE,RANGE,NORMAL,CALM,RANGE
2023-12-29,RANGE,SQUEEZE,SQUEEZE,RANGE,SQUEEZE,CALM,SQUEEZE,RANGE,SQUEEZE,CALM,CONFIRMED,SQUEEZE,RANGE,SQUEEZE,CALM,SQUEEZE,RANGE,NORMAL,CALM,RANGE
2023-12-30,RANGE,SQUEEZE,SQUEEZE,RANGE,SQUEEZE,CALM,SQUEEZE,RANGE,SQUEEZE,CALM,UNCONFIRMED,SQUEEZE,RANGE,SQUEEZE,CALM,SQUEEZE,RANGE,NORMAL,CALM,RANGE
2023-12-31,RANGE,SQUEEZE,SQUEEZE,RANGE,SQUEEZE,CALM,SQUEEZE,RANGE,SQUEEZE,CALM,UNCONFIRMED,SQUEEZE,RANGE,SQUEEZE,CALM,SQUEEZE,RANGE,NORMAL,CALM,RANGE
2024-01-01,RANGE,SQUEEZE,SQUEEZE,RANGE,SQUEEZE,CALM,SQUEEZE,RANGE,SQUEEZE,CALM,UNCONFIRMED,SQUEEZE,RANGE,SQUEEZE,CALM,SQUEEZE,RANGE,NORMAL,CALM,RANGE
2024-01-02,RANGE,SQUEEZE,SQUEEZE,RANGE,SQUEEZE,CALM,SQUEEZE,RANGE,SQUEEZE,CALM,CONFIRMED,SQUEEZE,RANGE,SQUEEZE,CALM,SQUEEZE,RANGE,NORMAL,CALM,RANGE
2024-01-03,RANGE,SQUEEZE,SQUEEZE,RANGE,SQUEEZE,CALM,SQUEEZE,RANGE,SQUEEZE,CALM,CONFIRMED,SQUEEZE,RANGE,SQUEEZE,CALM,SQUEEZE,RANGE,NORMAL,CALM,RANGE
2024-01-04,RANGE,SQUEEZE,SQUEEZE,RANGE,SQUEEZE,CALM,SQUEEZE,RANGE,SQUEEZE,CALM,CONFIRMED,SQUEEZE,RANGE,SQUEEZE,CALM,SQUEEZE,RANGE,NORMAL,CALM,RANGE
2024-01-05,RANGE,NORMAL,RANGE,RANGE,NORMAL,CALM,RANGE,RANGE,NORMAL,CALM,CONFIRMED,RANGE,RANGE,NORMAL,CALM,RANGE,RANGE,NORMAL,CALM,RANGE
2024-01-06,DOWN,NORMAL,DOWN,RANGE,NORMAL,CALM,RANGE,RANGE,NORMAL,CALM,UNCONFIRMED,RANGE,RANGE,NORMAL,CALM,RANGE,RANGE,NORMAL,STRESS_DOWN,STRESS_DOWN
2024-01-07,DOWN,NORMAL,DOWN,RANGE,NORMAL,CALM,RANGE,RANGE,NORMAL,CALM,UNCONFIRMED,RANGE,RANGE,NORMAL,CALM,RANGE,RANGE,NORMAL,STRESS_DOWN,STRESS_DOWN
2024-01-08,DOWN,NORMAL,DOWN,RANGE,NORMAL,CALM,RANGE,RANGE,NORMAL,CALM,CONFIRMED,RANGE,RANGE,NORMAL,CALM,RANGE,RANGE,NORMAL,CALM,RANGE
2024-01-09,DOWN,NORMAL,DOWN,RANGE,NORMAL,CALM,RANGE,RANGE,NORMAL,CALM,CONFIRMED,RANGE,RANGE,NORMAL,CALM,RANGE,RANGE,NORMAL,STRESS_DOWN,STRESS_DOWN
2024-01-10,UP,NORMAL,UP,UP,NORMAL,CALM,UP,UP,NORMAL,CALM,CONFIRMED,UP,UP,NORMAL,CALM,UP,UP,NORMAL,CALM,UP
2024-01-11,UP,NORMAL,UP,UP,NORMAL,CALM,UP,UP,NORMAL,CALM,CONFIRMED,UP,UP,NORMAL,CALM,UP,UP,NORMAL,CALM,UP
2024-01-12,DOWN,NORMAL,DOWN,RANGE,NORMAL,CALM,RANGE,RANGE,NORMAL,CALM,CONFIRMED,RANGE,RANGE,NORMAL,CALM,RANGE,RANGE,EXPANSION,STRESS_DOWN,STRESS_DOWN
2024-01-13,DOWN,NORMAL,DOWN,RANGE,NORMAL,CALM,RANGE,RANGE,NORMAL,CALM,UNCONFIRMED,RANGE,RANGE,NORMAL,CALM,RANGE,RANGE,NORMAL,CALM,RANGE
2024-01-14,DOWN,NORMAL,DOWN,RANGE,NORMAL,CALM,RANGE,RANGE,NORMAL,CALM,UNCONFIRMED,RANGE,RANGE,NORMAL,CALM,RANGE,RANGE,NORMAL,CALM,RANGE
2024-01-15,DOWN,NORMAL,DOWN,RANGE,NORMAL,CALM,RANGE,RANGE,NORMAL,CALM,UNCONFIRMED,RANGE,RANGE,NORMAL,CALM,RANGE,RANGE,NORMAL,CALM,RANGE
2024-01-16,DOWN,NORMAL,DOWN,RANGE,NORMAL,CALM,RANGE,RANGE,NORMAL,CALM,UNCONFIRMED,RANGE,RANGE,NORMAL,CALM,RANGE,RANGE,NORMAL,CALM,RANGE
2024-01-17,DOWN,NORMAL,DOWN,RANGE,NORMAL,CALM,RANGE,RANGE,NORMAL,CALM,UNCONFIRMED,RANGE,RANGE,NORMAL,CALM,RANGE,RANGE,NORMAL,CALM,RANGE
2024-01-18,DOWN,NORMAL,DOWN,RANGE,NORMAL,CALM,RANGE,RANGE,NORMAL,CALM,UNCONFIRMED,RANGE,RANGE,NORMAL,CALM,RANGE,RANGE,NORMAL,CALM,RANGE
2024-01-19,DOWN,NORMAL,DOWN,RANGE,NORMAL,CALM,RANGE,RANGE,NORMAL,CALM,CONFIRMED,RANGE,RANGE,NORMAL,CALM,RANGE,RANGE,NORMAL,CALM,RANGE
2024-01-20,DOWN,NORMAL,DOWN,RANGE,NORMAL,CALM,RANGE,RANGE,NORMAL,CALM,UNCONFIRMED,RANGE,RANGE,NORMAL,CALM,RANGE,RANGE,NORMAL,CALM,RANGE
2024-01-21,DOWN,NORMAL,DOWN,RANGE,NORMAL,CALM,RANGE,RANGE,NORMAL,CALM,UNCONFIRMED,RANGE,RANGE,NORMAL,CALM,RANGE,RANGE,NORMAL,CALM,RANGE
2024-01-22,DOWN,NORMAL,DOWN,RANGE,NORMAL,CALM,RANGE,RANGE,NORMAL,CALM,CONFIRMED,RANGE,RANGE,NORMAL,CALM,RANGE,RANGE,NORMAL,CALM,RANGE
2024-01-23,DOWN,NORMAL,DOWN,RANGE,NORMAL,CALM,RANGE,RANGE,NORMAL,CALM,CONFIRMED,RANGE,RANGE,NORMAL,CALM,RANGE,RANGE,NORMAL,CALM,RANGE
2024-01-24,DOWN,NORMAL,DOWN,RANGE,NORMAL,CALM,RANGE,RANGE,NORMAL,CALM,UNCONFIRMED,RANGE,RANGE,NORMAL,CALM,RANGE,RANGE,NORMAL,CALM,RANGE
2024-01-25,DOWN,NORMAL,DOWN,RANGE,NORMAL,CALM,RANGE,RANGE,NORMAL,CALM,UNCONFIRMED,RANGE,RANGE,NORMAL,CALM,RANGE,RANGE,NORMAL,CALM,RANGE
2024-01-26,DOWN,NORMAL,DOWN,RANGE,NORMAL,CALM,RANGE,RANGE,NORMAL,CALM,CONFIRMED,RANGE,RANGE,NORMAL,CALM,RANGE,RANGE,NORMAL,CALM,RANGE
2024-01-27,DOWN,NORMAL,DOWN,RANGE,NORMAL,CALM,RANGE,RANGE,NORMAL,CALM,UNCONFIRMED,RANGE,RANGE,NORMAL,CALM,RANGE,RANGE,NORMAL,CALM,RANGE
2024-01-28,DOWN,NORMAL,DOWN,RANGE,NORMAL,CALM,RANGE,RANGE,NORMAL,CALM,UNCONFIRMED,RANGE,RANGE,NORMAL,CALM,RANGE,RANGE,NORMAL,CALM,RANGE
2024-01-29,DOWN,NORMAL,DOWN,RANGE,NORMAL,CALM,RANGE,RANGE,NORMAL,CALM,CONFIRMED,RANGE,RANGE,NORMAL,CALM,RANGE,RANGE,NORMAL,CALM,RANGE
2024-01-30,DOWN,NORMAL,DOWN,RANGE,NORMAL,CALM,RANGE,RANGE,NORMAL,CALM,CONFIRMED,RANGE,RANGE,NORMAL,CALM,RANGE,RANGE,NORMAL,CALM,RANGE
2024-01-31,DOWN,NORMAL,DOWN,RANGE,NORMAL,CALM,RANGE,RANGE,NORMAL,CALM,CONFIRMED,RANGE,RANGE,NORMAL,CALM,RANGE,RANGE,NORMAL,CALM,RANGE
2024-02-01,DOWN,NORMAL,DOWN,RANGE,NORMAL,CALM,RANGE,RANGE,NORMAL,CALM,CONFIRMED,RANGE,RANGE,NORMAL,CALM,RANGE,RANGE,NORMAL,CALM,RANGE
2024-02-02,DOWN,NORMAL,DOWN,DOWN,NORMAL,CALM,DOWN,DOWN,NORMAL,CALM,CONFIRMED,DOWN,DOWN,NORMAL,CALM,DOWN,DOWN,NORMAL,CALM,DOWN
2024-02-03,DOWN,NORMAL,DOWN,DOWN,NORMAL,CALM,DOWN,DOWN,NORMAL,CALM,UNCONFIRMED,DOWN,DOWN,NORMAL,CALM,DOWN,DOWN,NORMAL,CALM,DOWN
2024-02-04,DOWN,NORMAL,DOWN,DOWN,NORMAL,CALM,DOWN,DOWN,NORMAL,CALM,UNCONFIRMED,DOWN,DOWN,NORMAL,CALM,DOWN,DOWN,NORMAL,CALM,DOWN
2024-02-05,DOWN,NORMAL,DOWN,DOWN,NORMAL,CALM,DOWN,DOWN,NORMAL,CALM,CONFIRMED,DOWN,DOWN,NORMAL,CALM,DOWN,DOWN,NORMAL,CALM,DOWN
2024-02-06,DOWN,NORMAL,DOWN,DOWN,NORMAL,CALM,DOWN,DOWN,NORMAL,CALM,UNCONFIRMED,DOWN,DOWN,NORMAL,CALM,DOWN,DOWN,NORMAL,CALM,DOWN
2024-02-07,DOWN,NORMAL,DOWN,DOWN,NORMAL,CALM,DOWN,DOWN,NORMAL,CALM,CONFIRMED,DOWN,DOWN,NORMAL,CALM,DOWN,DOWN,NORMAL,CALM,DOWN
2024-02-08,DOWN,NORMAL,DOWN,DOWN,NORMAL,CALM,DOWN,DOWN,NORMAL,CALM,CONFIRMED,DOWN,DOWN,NORMAL,CALM,DOWN,DOWN,NORMAL,CALM,DOWN
2024-02-09,DOWN,SQUEEZE,DOWN,DOWN,SQUEEZE,CALM,DOWN,DOWN,SQUEEZE,CALM,CONFIRMED,DOWN,DOWN,SQUEEZE,CALM,DOWN,DOWN,SQUEEZE,CALM,DOWN
2024-02-10,DOWN,SQUEEZE,DOWN,DOWN,SQUEEZE,CALM,DOWN,DOWN,SQUEEZE,CALM,UNCONFIRMED,DOWN,DOWN,SQUEEZE,CALM,DOWN,DOWN,SQUEEZE,CALM,DOWN
2024-02-11,DOWN,SQUEEZE,DOWN,DOWN,SQUEEZE,CALM,DOWN,DOWN,SQUEEZE,CALM,UNCONFIRMED,DOWN,DOWN,SQUEEZE,CALM,DOWN,DOWN,SQUEEZE,CALM,DOWN
2024-02-12,DOWN,SQUEEZE,DOWN,DOWN,SQUEEZE,CALM,DOWN,DOWN,SQUEEZE,CALM,CONFIRMED,DOWN,DOWN,SQUEEZE,CALM,DOWN,DOWN,SQUEEZE,CALM,DOWN
2024-02-13,DOWN,SQUEEZE,DOWN,DOWN,SQUEEZE,CALM,DOWN,DOWN,SQUEEZE,CALM,CONFIRMED,DOWN,DOWN,SQUEEZE,CALM,DOWN,DOWN,SQUEEZE,CALM,DOWN
2024-02-14,DOWN,SQUEEZE,DOWN,DOWN,SQUEEZE,CALM,DOWN,DOWN,SQUEEZE,CALM,CONFIRMED,DOWN,DOWN,SQUEEZE,CALM,DOWN,DOWN,SQUEEZE,CALM,DOWN
2024-02-15,DOWN,NORMAL,DOWN,DOWN,NORMAL,CALM,DOWN,DOWN,NORMAL,CALM,CONFIRMED,DOWN,DOWN,NORMAL,CALM,DOWN,DOWN,SQUEEZE,CALM,DOWN
2024-02-16,DOWN,NORMAL,DOWN,DOWN,NORMAL,CALM,DOWN,DOWN,NORMAL,CALM,CONFIRMED,DOWN,DOWN,NORMAL,CALM,DOWN,DOWN,SQUEEZE,CALM,DOWN
2024-02-17,DOWN,NORMAL,DOWN,DOWN,NORMAL,CALM,DOWN,DOWN,NORMAL,CALM,UNCONFIRMED,DOWN,DOWN,NORMAL,CALM,DOWN,DOWN,NORMAL,CALM,DOWN
2024-02-18,DOWN,NORMAL,DOWN,DOWN,NORMAL,CALM,DOWN,DOWN,NORMAL,CALM,UNCONFIRMED,DOWN,DOWN,NORMAL,CALM,DOWN,DOWN,SQUEEZE,CALM,DOWN
2024-02-19,DOWN,NORMAL,DOWN,DOWN,NORMAL,CALM,DOWN,DOWN,NORMAL,CALM,CONFIRMED,DOWN,RANGE,NORMAL,CALM,RANGE,DOWN,SQUEEZE,CALM,DOWN
2024-02-20,DOWN,NORMAL,DOWN,DOWN,NORMAL,CALM,DOWN,DOWN,NORMAL,CALM,CONFIRMED,DOWN,RANGE,NORMAL,CALM,RANGE,DOWN,SQUEEZE,CALM,DOWN
2024-02-21,DOWN,NORMAL,DOWN,DOWN,NORMAL,CALM,DOWN,DOWN,NORMAL,CALM,CONFIRMED,DOWN,RANGE,NORMAL,CALM,RANGE,DOWN,NORMAL,CALM,DOWN
2024-02-22,DOWN,NORMAL,DOWN,DOWN,NORMAL,CALM,DOWN,DOWN,NORMAL,CALM,CONFIRMED,DOWN,RANGE,NORMAL,CALM,RANGE,DOWN,NORMAL,CALM,DOWN
2024-02-23,DOWN,NORMAL,DOWN,DOWN,NORMAL,CALM,DOWN,DOWN,NORMAL,CALM,CONFIRMED,DOWN,RANGE,NORMAL,CALM,RANGE,DOWN,NORMAL,CALM,DOWN
2024-02-24,RANGE,NORMAL,RANGE,RANGE,NORMAL,CALM,RANGE,RANGE,NORMAL,CALM,UNCONFIRMED,RANGE,RANGE,NORMAL,CALM,RANGE,DOWN,SQUEEZE,CALM,DOWN
2024-02-25,RANGE,NORMAL,RANGE,RANGE,NORMAL,CALM,RANGE,RANGE,NORMAL,CALM,UNCONFIRMED,RANGE,RANGE,NORMAL,CALM,RANGE,DOWN,SQUEEZE,CALM,DOWN
2024-02-26,RANGE,NORMAL,RANGE,RANGE,NORMAL,CALM,RANGE,RANGE,NORMAL,CALM,CONFIRMED,RANGE,RANGE,NORMAL,CALM,RANGE,DOWN,SQUEEZE,CALM,DOWN
2024-02-27,RANGE,NORMAL,RANGE,RANGE,NORMAL,CALM,RANGE,RANGE,NORMAL,CALM,CONFIRMED,RANGE,RANGE,NORMAL,CALM,RANGE,RANGE,SQUEEZE,CALM,SQUEEZE
2024-02-28,RANGE,NORMAL,RANGE,RANGE,NORMAL,CALM,RANGE,RANGE,NORMAL,CALM,CONFIRMED,RANGE,RANGE,NORMAL,CALM,RANGE,DOWN,NORMAL,CALM,DOWN
2024-02-29,RANGE,NORMAL,RANGE,RANGE,NORMAL,CALM,RANGE,RANGE,NORMAL,CALM,CONFIRMED,RANGE,RANGE,NORMAL,CALM,RANGE,RANGE,NORMAL,CALM,RANGE
2024-03-01,RANGE,NORMAL,RANGE,RANGE,NORMAL,CALM,RANGE,RANGE,NORMAL,CALM,CONFIRMED,RANGE,RANGE,NORMAL,CALM,RANGE,RANGE,NORMAL,CALM,RANGE
2024-03-02,RANGE,NORMAL,RANGE,RANGE,NORMAL,CALM,RANGE,RANGE,NORMAL,CALM,CONFIRMED,RANGE,RANGE,NORMAL,CALM,RANGE,RANGE,NORMAL,CALM,RANGE
2024-03-03,RANGE,NORMAL,RANGE,RANGE,NORMAL,CALM,RANGE,RANGE,NORMAL,CALM,CONFIRMED,RANGE,RANGE,NORMAL,CALM,RANGE,RANGE,NORMAL,CALM,RANGE
2024-03-04,UP,NORMAL,UP,RANGE,NORMAL,CALM,RANGE,RANGE,NORMAL,CALM,CONFIRMED,RANGE,RANGE,NORMAL,CALM,RANGE,RANGE,NORMAL,CALM,RANGE
2024-03-05,RANGE,NORMAL,RANGE,RANGE,NORMAL,CALM,RANGE,RANGE,NORMAL,CALM,CONFIRMED,RANGE,RANGE,NORMAL,CALM,RANGE,RANGE,EXPANSION,CALM,EXPANSION
2024-03-06,RANGE,NORMAL,RANGE,RANGE,NORMAL,CALM,RANGE,RANGE,NORMAL,CALM,CONFIRMED,RANGE,RANGE,NORMAL,CALM,RANGE,RANGE,EXPANSION,CALM,EXPANSION
2024-03-07,RANGE,NORMAL,RANGE,RANGE,NORMAL,CALM,RANGE,RANGE,NORMAL,CALM,CONFIRMED,RANGE,RANGE,NORMAL,CALM,RANGE,RANGE,EXPANSION,CALM,EXPANSION
2024-03-08,RANGE,NORMAL,RANGE,RANGE,NORMAL,CALM,RANGE,RANGE,NORMAL,CALM,CONFIRMED,RANGE,RANGE,NORMAL,CALM,RANGE,UP,EXPANSION,CALM,EXPANSION
2024-03-09,RANGE,NORMAL,RANGE,RANGE,NORMAL,CALM,RANGE,RANGE,NORMAL,CALM,CONFIRMED,RANGE,RANGE,NORMAL,CALM,RANGE,RANGE,NORMAL,CALM,RANGE
2024-03-10,RANGE,NORMAL,RANGE,RANGE,NORMAL,CALM,RANGE,RANGE,NORMAL,CALM,CONFIRMED,RANGE,RANGE,NORMAL,CALM,RANGE,RANGE,NORMAL,CALM,RANGE
2024-03-11,RANGE,EXPANSION,EXPANSION,RANGE,EXPANSION,STRESS_UP,STRESS_UP,RANGE,EXPANSION,STRESS_UP,CONFIRMED,STRESS_UP,RANGE,EXPANSION,STRESS_UP,STRESS_UP,UP,EXPANSION,STRESS_UP,STRESS_UP
2024-03-12,RANGE,EXPANSION,EXPANSION,RANGE,EXPANSION,CALM,EXPANSION,RANGE,EXPANSION,CALM,CONFIRMED,EXPANSION,RANGE,EXPANSION,CALM,EXPANSION,UP,EXPANSION,STRESS_UP,STRESS_UP
2024-03-13,RANGE,EXPANSION,EXPANSION,RANGE,EXPANSION,CALM,EXPANSION,RANGE,EXPANSION,CALM,CONFIRMED,EXPANSION,RANGE,EXPANSION,CALM,EXPANSION,UP,EXPANSION,STRESS_UP,STRESS_UP
2024-03-14,RANGE,EXPANSION,EXPANSION,RANGE,EXPANSION,CALM,EXPANSION,RANGE,EXPANSION,CALM,CONFIRMED,EXPANSION,RANGE,EXPANSION,CALM,EXPANSION,UP,EXPANSION,STRESS_UP,STRESS_UP
2024-03-15,RANGE,NORMAL,RANGE,RANGE,NORMAL,CALM,RANGE,RANGE,NORMAL,CALM,CONFIRMED,RANGE,RANGE,NORMAL,CALM,RANGE,UP,EXPANSION,STRESS_UP,STRESS_UP
2024-03-16,RANGE,NORMAL,RANGE,RANGE,NORMAL,CALM,RANGE,RANGE,NORMAL,CALM,CONFIRMED,RANGE,RANGE,NORMAL,CALM,RANGE,UP,EXPANSION,CALM,EXPANSION
2024-03-17,RANGE,NORMAL,RANGE,RANGE,NORMAL,CALM,RANGE,RANGE,NORMAL,CALM,CONFIRMED,RANGE,RANGE,NORMAL,CALM,RANGE,RANGE,EXPANSION,CALM,EXPANSION
2024-03-18,RANGE,NORMAL,RANGE,RANGE,NORMAL,CALM,RANGE,RANGE,NORMAL,CALM,CONFIRMED,RANGE,RANGE,NORMAL,CALM,RANGE,RANGE,EXPANSION,STRESS_UP,STRESS_UP
2024-03-19,RANGE,NORMAL,RANGE,RANGE,NORMAL,CALM,RANGE,RANGE,NORMAL,CALM,CONFIRMED,RANGE,RANGE,NORMAL,CALM,RANGE,RANGE,EXPANSION,CALM,EXPANSION
2024-03-20,RANGE,NORMAL,RANGE,RANGE,NORMAL,CALM,RANGE,RANGE,NORMAL,CALM,CONFIRMED,RANGE,RANGE,NORMAL,CALM,RANGE,RANGE,EXPANSION,CALM,EXPANSION
2024-03-21,RANGE,NORMAL,RANGE,RANGE,NORMAL,CALM,RANGE,RANGE,NORMAL,CALM,CONFIRMED,RANGE,RANGE,NORMAL,CALM,RANGE,RANGE,EXPANSION,STRESS_UP,STRESS_UP
2024-03-22,RANGE,NORMAL,RANGE,RANGE,NORMAL,CALM,RANGE,RANGE,NORMAL,CALM,CONFIRMED,RANGE,RANGE,NORMAL,CALM,RANGE,RANGE,EXPANSION,CALM,EXPANSION
2024-03-23,RANGE,NORMAL,RANGE,RANGE,NORMAL,CALM,RANGE,RANGE,NORMAL,CALM,UNCONFIRMED,RANGE,RANGE,NORMAL,CALM,RANGE,RANGE,EXPANSION,CALM,EXPANSION
2024-03-24,RANGE,NORMAL,RANGE,RANGE,NORMAL,CALM,RANGE,RANGE,NORMAL,CALM,UNCONFIRMED,RANGE,RANGE,NORMAL,CALM,RANGE,RANGE,EXPANSION,STRESS_UP,STRESS_UP
2024-03-25,RANGE,NORMAL,RANGE,RANGE,NORMAL,CALM,RANGE,RANGE,NORMAL,CALM,CONFIRMED,RANGE,RANGE,NORMAL,CALM,RANGE,RANGE,EXPANSION,STRESS_UP,STRESS_UP
2024-03-26,RANGE,NORMAL,RANGE,RANGE,NORMAL,CALM,RANGE,RANGE,NORMAL,CALM,CONFIRMED,RANGE,RANGE,NORMAL,CALM,RANGE,RANGE,EXPANSION,STRESS_UP,STRESS_UP
2024-03-27,RANGE,NORMAL,RANGE,RANGE,NORMAL,CALM,RANGE,RANGE,NORMAL,CALM,CONFIRMED,RANGE,RANGE,NORMAL,CALM,RANGE,RANGE,EXPANSION,CALM,EXPANSION
2024-03-28,RANGE,NORMAL,RANGE,RANGE,NORMAL,CALM,RANGE,RANGE,NORMAL,CALM,CONFIRMED,RANGE,RANGE,NORMAL,CALM,RANGE,RANGE,EXPANSION,CALM,EXPANSION
2024-03-29,RANGE,NORMAL,RANGE,RANGE,NORMAL,CALM,RANGE,RANGE,NORMAL,CALM,CONFIRMED,RANGE,RANGE,NORMAL,CALM,RANGE,UP,EXPANSION,STRESS_UP,STRESS_UP
2024-03-30,RANGE,NORMAL,RANGE,RANGE,NORMAL,CALM,RANGE,RANGE,NORMAL,CALM,UNCONFIRMED,RANGE,RANGE,NORMAL,CALM,RANGE,UP,EXPANSION,CALM,EXPANSION
2024-03-31,RANGE,NORMAL,RANGE,RANGE,NORMAL,CALM,RANGE,RANGE,NORMAL,CALM,UNCONFIRMED,RANGE,RANGE,NORMAL,CALM,RANGE,UP,NORMAL,STRESS_UP,STRESS_UP
2024-04-01,RANGE,NORMAL,RANGE,RANGE,NORMAL,CALM,RANGE,RANGE,NORMAL,CALM,CONFIRMED,RANGE,RANGE,NORMAL,CALM,RANGE,RANGE,EXPANSION,CALM,EXPANSION
2024-04-02,RANGE,NORMAL,RANGE,RANGE,NORMAL,CALM,RANGE,RANGE,NORMAL,CALM,CONFIRMED,RANGE,RANGE,NORMAL,CALM,RANGE,RANGE,EXPANSION,CALM,EXPANSION
2024-04-03,RANGE,NORMAL,RANGE,RANGE,NORMAL,CALM,RANGE,RANGE,NORMAL,CALM,CONFIRMED,RANGE,RANGE,NORMAL,CALM,RANGE,RANGE,EXPANSION,STRESS_DOWN,STRESS_DOWN
2024-04-04,RANGE,NORMAL,RANGE,RANGE,NORMAL,CALM,RANGE,RANGE,NORMAL,CALM,CONFIRMED,RANGE,RANGE,NORMAL,CALM,RANGE,RANGE,EXPANSION,CALM,EXPANSION
2024-04-05,RANGE,NORMAL,RANGE,RANGE,NORMAL,CALM,RANGE,RANGE,NORMAL,CALM,CONFIRMED,RANGE,RANGE,NORMAL,CALM,RANGE,RANGE,EXPANSION,CALM,EXPANSION
2024-04-06,RANGE,NORMAL,RANGE,RANGE,NORMAL,CALM,RANGE,RANGE,NORMAL,CALM,UNCONFIRMED,RANGE,RANGE,NORMAL,CALM,RANGE,RANGE,NORMAL,CALM,RANGE
2024-04-07,RANGE,NORMAL,RANGE,RANGE,NORMAL,CALM,RANGE,RANGE,NORMAL,CALM,UNCONFIRMED,RANGE,RANGE,NORMAL,CALM,RANGE,RANGE,NORMAL,CALM,RANGE
2024-04-08,RANGE,NORMAL,RANGE,RANGE,NORMAL,CALM,RANGE,RANGE,NORMAL,CALM,CONFIRMED,RANGE,RANGE,NORMAL,CALM,RANGE,RANGE,NORMAL,CALM,RANGE
2024-04-09,RANGE,NORMAL,RANGE,RANGE,NORMAL,CALM,RANGE,RANGE,NORMAL,CALM,CONFIRMED,RANGE,RANGE,NORMAL,CALM,RANGE,RANGE,NORMAL,CALM,RANGE
2024-04-10,RANGE,NORMAL,RANGE,RANGE,NORMAL,CALM,RANGE,RANGE,NORMAL,CALM,CONFIRMED,RANGE,RANGE,NORMAL,CALM,RANGE,RANGE,NORMAL,CALM,RANGE
2024-04-11,RANGE,NORMAL,RANGE,RANGE,NORMAL,CALM,RANGE,RANGE,NORMAL,CALM,UNCONFIRMED,RANGE,RANGE,NORMAL,CALM,RANGE,RANGE,NORMAL,CALM,RANGE
2024-04-12,RANGE,NORMAL,RANGE,RANGE,NORMAL,CALM,RANGE,RANGE,NORMAL,CALM,CONFIRMED,RANGE,RANGE,NORMAL,CALM,RANGE,RANGE,EXPANSION,STRESS_DOWN,STRESS_DOWN
2024-04-13,RANGE,EXPANSION,EXPANSION,RANGE,EXPANSION,STRESS_DOWN,STRESS_DOWN,RANGE,EXPANSION,STRESS_DOWN,CONFIRMED,STRESS_DOWN,RANGE,EXPANSION,STRESS_DOWN,STRESS_DOWN,DOWN,EXPANSION,STRESS_DOWN,STRESS_DOWN
2024-04-14,RANGE,EXPANSION,EXPANSION,RANGE,EXPANSION,STRESS_DOWN,STRESS_DOWN,RANGE,EXPANSION,STRESS_DOWN,CONFIRMED,STRESS_DOWN,RANGE,EXPANSION,STRESS_DOWN,STRESS_DOWN,DOWN,EXPANSION,STRESS_DOWN,STRESS_DOWN
2024-04-15,DOWN,EXPANSION,EXPANSION,DOWN,EXPANSION,STRESS_DOWN,STRESS_DOWN,DOWN,EXPANSION,STRESS_DOWN,CONFIRMED,STRESS_DOWN,RANGE,EXPANSION,STRESS_DOWN,STRESS_DOWN,DOWN,EXPANSION,STRESS_DOWN,STRESS_DOWN
2024-04-16,DOWN,EXPANSION,EXPANSION,DOWN,EXPANSION,STRESS_DOWN,STRESS_DOWN,DOWN,EXPANSION,STRESS_DOWN,CONFIRMED,STRESS_DOWN,RANGE,EXPANSION,STRESS_DOWN,STRESS_DOWN,DOWN,EXPANSION,STRESS_DOWN,STRESS_DOWN
2024-04-17,DOWN,EXPANSION,EXPANSION,DOWN,EXPANSION,STRESS_DOWN,STRESS_DOWN,DOWN,EXPANSION,STRESS_DOWN,CONFIRMED,STRESS_DOWN,RANGE,EXPANSION,STRESS_DOWN,STRESS_DOWN,DOWN,EXPANSION,STRESS_DOWN,STRESS_DOWN
2024-04-18,DOWN,EXPANSION,EXPANSION,DOWN,EXPANSION,STRESS_DOWN,STRESS_DOWN,DOWN,EXPANSION,STRESS_DOWN,CONFIRMED,STRESS_DOWN,RANGE,EXPANSION,STRESS_DOWN,STRESS_DOWN,DOWN,EXPANSION,STRESS_DOWN,STRESS_DOWN
2024-04-19,DOWN,EXPANSION,EXPANSION,DOWN,EXPANSION,STRESS_DOWN,STRESS_DOWN,DOWN,EXPANSION,STRESS_DOWN,CONFIRMED,STRESS_DOWN,DOWN,EXPANSION,STRESS_DOWN,STRESS_DOWN,DOWN,EXPANSION,STRESS_DOWN,STRESS_DOWN
2024-04-20,DOWN,EXPANSION,EXPANSION,DOWN,EXPANSION,CALM,EXPANSION,DOWN,EXPANSION,CALM,UNCONFIRMED,EXPANSION,DOWN,EXPANSION,CALM,EXPANSION,DOWN,EXPANSION,STRESS_DOWN,STRESS_DOWN
2024-04-21,DOWN,EXPANSION,EXPANSION,DOWN,EXPANSION,CALM,EXPANSION,DOWN,EXPANSION,CALM,UNCONFIRMED,EXPANSION,DOWN,EXPANSION,CALM,EXPANSION,DOWN,EXPANSION,STRESS_DOWN,STRESS_DOWN
2024-04-22,DOWN,EXPANSION,EXPANSION,DOWN,EXPANSION,CALM,EXPANSION,DOWN,EXPANSION,CALM,CONFIRMED,EXPANSION,RANGE,EXPANSION,CALM,EXPANSION,DOWN,EXPANSION,STRESS_DOWN,STRESS_DOWN
2024-04-23,DOWN,EXPANSION,EXPANSION,DOWN,EXPANSION,CALM,EXPANSION,DOWN,EXPANSION,CALM,CONFIRMED,EXPANSION,RANGE,EXPANSION,CALM,EXPANSION,DOWN,EXPANSION,STRESS_DOWN,STRESS_DOWN
2024-04-24,DOWN,EXPANSION,EXPANSION,DOWN,EXPANSION,CALM,EXPANSION,DOWN,EXPANSION,CALM,CONFIRMED,EXPANSION,RANGE,EXPANSION,CALM,EXPANSION,DOWN,EXPANSION,STRESS_DOWN,STRESS_DOWN
2024-04-25,DOWN,EXPANSION,EXPANSION,DOWN,EXPANSION,CALM,EXPANSION,DOWN,EXPANSION,CALM,CONFIRMED,EXPANSION,RANGE,EXPANSION,CALM,EXPANSION,DOWN,EXPANSION,STRESS_DOWN,STRESS_DOWN
2024-04-26,DOWN,EXPANSION,EXPANSION,DOWN,EXPANSION,CALM,EXPANSION,DOWN,EXPANSION,CALM,CONFIRMED,EXPANSION,RANGE,EXPANSION,CALM,EXPANSION,DOWN,EXPANSION,STRESS_DOWN,STRESS_DOWN
2024-04-27,DOWN,EXPANSION,EXPANSION,DOWN,EXPANSION,CALM,EXPANSION,DOWN,EXPANSION,CALM,UNCONFIRMED,EXPANSION,RANGE,EXPANSION,CALM,EXPANSION,DOWN,NORMAL,STRESS_DOWN,STRESS_DOWN
2024-04-28,DOWN,EXPANSION,EXPANSION,DOWN,EXPANSION,CALM,EXPANSION,DOWN,EXPANSION,CALM,UNCONFIRMED,EXPANSION,RANGE,EXPANSION,CALM,EXPANSION,DOWN,NORMAL,STRESS_DOWN,STRESS_DOWN
2024-04-29,DOWN,EXPANSION,EXPANSION,DOWN,EXPANSION,CALM,EXPANSION,DOWN,EXPANSION,CALM,CONFIRMED,EXPANSION,RANGE,EXPANSION,CALM,EXPANSION,DOWN,NORMAL,STRESS_DOWN,STRESS_DOWN
2024-04-30,DOWN,NORMAL,DOWN,DOWN,NORMAL,STRESS_DOWN,STRESS_DOWN,DOWN,NORMAL,STRESS_DOWN,CONFIRMED,STRESS_DOWN,RANGE,NORMAL,STRESS_DOWN,STRESS_DOWN,DOWN,NORMAL,STRESS_DOWN,STRESS_DOWN
2024-05-01,DOWN,NORMAL,DOWN,DOWN,NORMAL,CALM,DOWN,DOWN,NORMAL,CALM,CONFIRMED,DOWN,RANGE,NORMAL,CALM,RANGE,DOWN,NORMAL,STRESS_DOWN,STRESS_DOWN
2024-05-02,DOWN,NORMAL,DOWN,DOWN,NORMAL,CALM,DOWN,DOWN,NORMAL,CALM,UNCONFIRMED,DOWN,RANGE,NORMAL,CALM,RANGE,DOWN,NORMAL,STRESS_DOWN,STRESS_DOWN
2024-05-03,DOWN,NORMAL,DOWN,DOWN,NORMAL,CALM,DOWN,DOWN,NORMAL,CALM,CONFIRMED,DOWN,RANGE,NORMAL,CALM,RANGE,DOWN,NORMAL,CALM,DOWN
2024-05-04,DOWN,NORMAL,DOWN,DOWN,NORMAL,CALM,DOWN,DOWN,NORMAL,CALM,UNCONFIRMED,DOWN,RANGE,NORMAL,CALM,RANGE,DOWN,NORMAL,CALM,DOWN
2024-05-05,DOWN,NORMAL,DOWN,DOWN,NORMAL,CALM,DOWN,DOWN,NORMAL,CALM,UNCONFIRMED,DOWN,RANGE,NORMAL,CALM,RANGE,DOWN,NORMAL,CALM,DOWN
2024-05-06,DOWN,NORMAL,DOWN,DOWN,NORMAL,CALM,DOWN,DOWN,NORMAL,CALM,CONFIRMED,DOWN,RANGE,NORMAL,CALM,RANGE,DOWN,NORMAL,CALM,DOWN
2024-05-07,DOWN,SQUEEZE,DOWN,DOWN,SQUEEZE,CALM,DOWN,DOWN,SQUEEZE,CALM,UNCONFIRMED,DOWN,RANGE,SQUEEZE,CALM,SQUEEZE,DOWN,NORMAL,CALM,DOWN
2024-05-08,RANGE,SQUEEZE,SQUEEZE,RANGE,SQUEEZE,CALM,SQUEEZE,RANGE,SQUEEZE,CALM,UNCONFIRMED,SQUEEZE,RANGE,SQUEEZE,CALM,SQUEEZE,DOWN,NORMAL,CALM,DOWN
2024-05-09,RANGE,SQUEEZE,SQUEEZE,RANGE,SQUEEZE,CALM,SQUEEZE,RANGE,SQUEEZE,CALM,UNCONFIRMED,SQUEEZE,RANGE,SQUEEZE,CALM,SQUEEZE,DOWN,NORMAL,CALM,DOWN
2024-05-10,RANGE,NORMAL,RANGE,RANGE,NORMAL,CALM,RANGE,RANGE,NORMAL,CALM,CONFIRMED,RANGE,RANGE,NORMAL,CALM,RANGE,RANGE,NORMAL,CALM,RANGE
2024-05-11,RANGE,NORMAL,RANGE,RANGE,NORMAL,CALM,RANGE,RANGE,NORMAL,CALM,UNCONFIRMED,RANGE,RANGE,NORMAL,CALM,RANGE,RANGE,NORMAL,CALM,RANGE
2024-05-12,RANGE,SQUEEZE,SQUEEZE,RANGE,SQUEEZE,CALM,SQUEEZE,RANGE,SQUEEZE,CALM,UNCONFIRMED,SQUEEZE,RANGE,SQUEEZE,CALM,SQUEEZE,RANGE,NORMAL,CALM,RANGE
2024-05-13,RANGE,SQUEEZE,SQUEEZE,RANGE,SQUEEZE,CALM,SQUEEZE,RANGE,SQUEEZE,CALM,UNCONFIRMED,SQUEEZE,RANGE,SQUEEZE,CALM,SQUEEZE,DOWN,NORMAL,CALM,DOWN
2024-05-14,RANGE,SQUEEZE,SQUEEZE,RANGE,SQUEEZE,CALM,SQUEEZE,RANGE,SQUEEZE,CALM,UNCONFIRMED,SQUEEZE,RANGE,SQUEEZE,CALM,SQUEEZE,DOWN,NORMAL,CALM,DOWN
2024-05-15,RANGE,SQUEEZE,SQUEEZE,RANGE,SQUEEZE,CALM,SQUEEZE,RANGE,SQUEEZE,CALM,UNCONFIRMED,SQUEEZE,RANGE,SQUEEZE,CALM,SQUEEZE,DOWN,NORMAL,CALM,DOWN
2024-05-16,RANGE,SQUEEZE,SQUEEZE,RANGE,SQUEEZE,CALM,SQUEEZE,RANGE,SQUEEZE,CALM,UNCONFIRMED,SQUEEZE,RANGE,SQUEEZE,CALM,SQUEEZE,DOWN,NORMAL,CALM,DOWN
2024-05-17,RANGE,SQUEEZE,SQUEEZE,RANGE,SQUEEZE,CALM,SQUEEZE,RANGE,SQUEEZE,CALM,UNCONFIRMED,SQUEEZE,RANGE,SQUEEZE,CALM,SQUEEZE,DOWN,NORMAL,CALM,DOWN
2024-05-18,RANGE,SQUEEZE,SQUEEZE,RANGE,SQUEEZE,CALM,SQUEEZE,RANGE,SQUEEZE,CALM,UNCONFIRMED,SQUEEZE,RANGE,SQUEEZE,CALM,SQUEEZE,RANGE,NORMAL,CALM,RANGE
2024-05-19,RANGE,SQUEEZE,SQUEEZE,RANGE,SQUEEZE,CALM,SQUEEZE,RANGE,SQUEEZE,CALM,UNCONFIRMED,SQUEEZE,RANGE,SQUEEZE,CALM,SQUEEZE,DOWN,NORMAL,CALM,DOWN
2024-05-20,RANGE,SQUEEZE,SQUEEZE,RANGE,SQUEEZE,CALM,SQUEEZE,RANGE,SQUEEZE,CALM,CONFIRMED,SQUEEZE,RANGE,SQUEEZE,CALM,SQUEEZE,RANGE,NORMAL,CALM,RANGE
2024-05-21,RANGE,NORMAL,RANGE,RANGE,NORMAL,CALM,RANGE,RANGE,NORMAL,CALM,CONFIRMED,RANGE,RANGE,NORMAL,CALM,RANGE,RANGE,NORMAL,CALM,RANGE
2024-05-22,RANGE,NORMAL,RANGE,RANGE,NORMAL,CALM,RANGE,RANGE,NORMAL,CALM,UNCONFIRMED,RANGE,RANGE,NORMAL,CALM,RANGE,RANGE,NORMAL,CALM,RANGE
2024-05-23,RANGE,NORMAL,RANGE,RANGE,NORMAL,CALM,RANGE,RANGE,NORMAL,CALM,CONFIRMED,RANGE,RANGE,NORMAL,CALM,RANGE,RANGE,NORMAL,CALM,RANGE
2024-05-24,RANGE,NORMAL,RANGE,RANGE,NORMAL,CALM,RANGE,RANGE,NORMAL,CALM,UNCONFIRMED,RANGE,RANGE,NORMAL,CALM,RANGE,RANGE,NORMAL,CALM,RANGE
2024-05-25,RANGE,NORMAL,RANGE,RANGE,NORMAL,CALM,RANGE,RANGE,NORMAL,CALM,UNCONFIRMED,RANGE,RANGE,NORMAL,CALM,RANGE,RANGE,NORMAL,CALM,RANGE
2024-05-26,RANGE,NORMAL,RANGE,RANGE,NORMAL,CALM,RANGE,RANGE,NORMAL,CALM,UNCONFIRMED,RANGE,RANGE,NORMAL,CALM,RANGE,RANGE,NORMAL,CALM,RANGE
2024-05-27,RANGE,NORMAL,RANGE,RANGE,NORMAL,CALM,RANGE,RANGE,NORMAL,CALM,UNCONFIRMED,RANGE,RANGE,NORMAL,CALM,RANGE,RANGE,NORMAL,CALM,RANGE
2024-05-28,RANGE,NORMAL,RANGE,RANGE,NORMAL,CALM,RANGE,RANGE,NORMAL,CALM,UNCONFIRMED,RANGE,RANGE,NORMAL,CALM,RANGE,RANGE,NORMAL,CALM,RANGE
2024-05-29,RANGE,NORMAL,RANGE,RANGE,NORMAL,CALM,RANGE,RANGE,NORMAL,CALM,UNCONFIRMED,RANGE,RANGE,NORMAL,CALM,RANGE,RANGE,NORMAL,CALM,RANGE
2024-05-30,RANGE,SQUEEZE,SQUEEZE,RANGE,SQUEEZE,CALM,SQUEEZE,RANGE,SQUEEZE,CALM,CONFIRMED,SQUEEZE,RANGE,SQUEEZE,CALM,SQUEEZE,RANGE,SQUEEZE,CALM,SQUEEZE
2024-05-31,RANGE,SQUEEZE,SQUEEZE,RANGE,SQUEEZE,CALM,SQUEEZE,RANGE,SQUEEZE,CALM,UNCONFIRMED,SQUEEZE,RANGE,SQUEEZE,CALM,SQUEEZE,RANGE,SQUEEZE,CALM,SQUEEZE
2024-06-01,RANGE,SQUEEZE,SQUEEZE,RANGE,SQUEEZE,CALM,SQUEEZE,RANGE,SQUEEZE,CALM,UNCONFIRMED,SQUEEZE,RANGE,SQUEEZE,CALM,SQUEEZE,RANGE,SQUEEZE,CALM,SQUEEZE
2024-06-02,RANGE,SQUEEZE,SQUEEZE,RANGE,SQUEEZE,CALM,SQUEEZE,RANGE,SQUEEZE,CALM,UNCONFIRMED,SQUEEZE,RANGE,SQUEEZE,CALM,SQUEEZE,DOWN,SQUEEZE,CALM,DOWN
2024-06-03,RANGE,SQUEEZE,SQUEEZE,RANGE,SQUEEZE,CALM,SQUEEZE,RANGE,SQUEEZE,CALM,UNCONFIRMED,SQUEEZE,RANGE,SQUEEZE,CALM,SQUEEZE,DOWN,SQUEEZE,CALM,DOWN
2024-06-04,RANGE,SQUEEZE,SQUEEZE,RANGE,SQUEEZE,CALM,SQUEEZE,RANGE,SQUEEZE,CALM,UNCONFIRMED,SQUEEZE,RANGE,SQUEEZE,CALM,SQUEEZE,DOWN,SQUEEZE,CALM,DOWN
2024-06-05,RANGE,SQUEEZE,SQUEEZE,RANGE,SQUEEZE,CALM,SQUEEZE,RANGE,SQUEEZE,CALM,UNCONFIRMED,SQUEEZE,RANGE,SQUEEZE,CALM,SQUEEZE,DOWN,SQUEEZE,CALM,DOWN
2024-06-06,RANGE,SQUEEZE,SQUEEZE,RANGE,SQUEEZE,CALM,SQUEEZE,RANGE,SQUEEZE,CALM,UNCONFIRMED,SQUEEZE,RANGE,SQUEEZE,CALM,SQUEEZE,DOWN,SQUEEZE,CALM,DOWN
2024-06-07,RANGE,SQUEEZE,SQUEEZE,RANGE,SQUEEZE,CALM,SQUEEZE,RANGE,SQUEEZE,CALM,CONFIRMED,SQUEEZE,RANGE,SQUEEZE,CALM,SQUEEZE,DOWN,NORMAL,CALM,DOWN
2024-06-08,DOWN,SQUEEZE,DOWN,DOWN,SQUEEZE,CALM,DOWN,DOWN,SQUEEZE,CALM,UNCONFIRMED,DOWN,RANGE,SQUEEZE,CALM,SQUEEZE,DOWN,NORMAL,CALM,DOWN
2024-06-09,DOWN,NORMAL,DOWN,DOWN,NORMAL,CALM,DOWN,DOWN,NORMAL,CALM,UNCONFIRMED,DOWN,RANGE,NORMAL,CALM,RANGE,DOWN,SQUEEZE,CALM,DOWN
2024-06-10,DOWN,NORMAL,DOWN,DOWN,NORMAL,CALM,DOWN,DOWN,NORMAL,CALM,UNCONFIRMED,DOWN,DOWN,NORMAL,CALM,DOWN,DOWN,SQUEEZE,CALM,DOWN
2024-06-11,DOWN,NORMAL,DOWN,DOWN,NORMAL,CALM,DOWN,DOWN,NORMAL,CALM,CONFIRMED,DOWN,DOWN,NORMAL,CALM,DOWN,DOWN,NORMAL,CALM,DOWN
2024-06-12,DOWN,NORMAL,DOWN,DOWN,NORMAL,CALM,DOWN,DOWN,NORMAL,CALM,UNCONFIRMED,DOWN,DOWN,NORMAL,CALM,DOWN,DOWN,NORMAL,CALM,DOWN
2024-06-13,DOWN,NORMAL,DOWN,DOWN,NORMAL,CALM,DOWN,DOWN,NORMAL,CALM,UNCONFIRMED,DOWN,DOWN,NORMAL,CALM,DOWN,DOWN,NORMAL,CALM,DOWN
2024-06-14,DOWN,NORMAL,DOWN,DOWN,NORMAL,CALM,DOWN,DOWN,NORMAL,CALM,CONFIRMED,DOWN,DOWN,NORMAL,CALM,DOWN,DOWN,NORMAL,CALM,DOWN
2024-06-15,DOWN,NORMAL,DOWN,DOWN,NORMAL,CALM,DOWN,DOWN,NORMAL,CALM,UNCONFIRMED,DOWN,DOWN,NORMAL,CALM,DOWN,DOWN,NORMAL,CALM,DOWN
2024-06-16,DOWN,NORMAL,DOWN,DOWN,NORMAL,CALM,DOWN,DOWN,NORMAL,CALM,UNCONFIRMED,DOWN,DOWN,NORMAL,CALM,DOWN,DOWN,NORMAL,CALM,DOWN
2024-06-17,DOWN,NORMAL,DOWN,DOWN,NORMAL,CALM,DOWN,DOWN,NORMAL,CALM,CONFIRMED,DOWN,DOWN,NORMAL,CALM,DOWN,DOWN,NORMAL,CALM,DOWN
2024-06-18,DOWN,NORMAL,DOWN,DOWN,NORMAL,CALM,DOWN,DOWN,NORMAL,CALM,CONFIRMED,DOWN,DOWN,NORMAL,CALM,DOWN,DOWN,NORMAL,CALM,DOWN
2024-06-19,DOWN,NORMAL,DOWN,DOWN,NORMAL,CALM,DOWN,DOWN,NORMAL,CALM,UNCONFIRMED,DOWN,DOWN,NORMAL,CALM,DOWN,DOWN,NORMAL,CALM,DOWN
2024-06-20,DOWN,NORMAL,DOWN,DOWN,NORMAL,CALM,DOWN,DOWN,NORMAL,CALM,UNCONFIRMED,DOWN,DOWN,NORMAL,CALM,DOWN,DOWN,NORMAL,CALM,DOWN
2024-06-21,DOWN,NORMAL,DOWN,DOWN,NORMAL,CALM,DOWN,DOWN,NORMAL,CALM,UNCONFIRMED,DOWN,DOWN,NORMAL,CALM,DOWN,DOWN,NORMAL,CALM,DOWN
2024-06-22,DOWN,NORMAL,DOWN,DOWN,NORMAL,CALM,DOWN,DOWN,NORMAL,CALM,UNCONFIRMED,DOWN,DOWN,NORMAL,CALM,DOWN,DOWN,SQUEEZE,CALM,DOWN
2024-06-23,DOWN,NORMAL,DOWN,DOWN,NORMAL,CALM,DOWN,DOWN,NORMAL,CALM,UNCONFIRMED,DOWN,DOWN,NORMAL,CALM,DOWN,DOWN,SQUEEZE,CALM,DOWN
2024-06-24,DOWN,NORMAL,DOWN,DOWN,NORMAL,CALM,DOWN,DOWN,NORMAL,CALM,CONFIRMED,DOWN,DOWN,NORMAL,CALM,DOWN,DOWN,NORMAL,CALM,DOWN
2024-06-25,DOWN,SQUEEZE,DOWN,DOWN,SQUEEZE,CALM,DOWN,DOWN,SQUEEZE,CALM,UNCONFIRMED,DOWN,DOWN,SQUEEZE,CALM,DOWN,DOWN,SQUEEZE,CALM,DOWN
2024-06-26,DOWN,SQUEEZE,DOWN,DOWN,SQUEEZE,CALM,DOWN,DOWN,SQUEEZE,CALM,UNCONFIRMED,DOWN,DOWN,SQUEEZE,CALM,DOWN,DOWN,SQUEEZE,CALM,DOWN
2024-06-27,DOWN,SQUEEZE,DOWN,DOWN,SQUEEZE,CALM,DOWN,DOWN,SQUEEZE,CALM,UNCONFIRMED,DOWN,DOWN,SQUEEZE,CALM,DOWN,DOWN,SQUEEZE,CALM,DOWN
2024-06-28,DOWN,SQUEEZE,DOWN,DOWN,SQUEEZE,CALM,DOWN,DOWN,SQUEEZE,CALM,UNCONFIRMED,DOWN,DOWN,SQUEEZE,CALM,DOWN,DOWN,SQUEEZE,CALM,DOWN
2024-06-29,DOWN,SQUEEZE,DOWN,DOWN,SQUEEZE,CALM,DOWN,DOWN,SQUEEZE,CALM,UNCONFIRMED,DOWN,DOWN,SQUEEZE,CALM,DOWN,DOWN,SQUEEZE,CALM,DOWN
2024-06-30,DOWN,SQUEEZE,DOWN,DOWN,SQUEEZE,CALM,DOWN,DOWN,SQUEEZE,CALM,UNCONFIRMED,DOWN,DOWN,SQUEEZE,CALM,DOWN,DOWN,SQUEEZE,CALM,DOWN
2024-07-01,DOWN,SQUEEZE,DOWN,DOWN,SQUEEZE,CALM,DOWN,DOWN,SQUEEZE,CALM,UNCONFIRMED,DOWN,DOWN,SQUEEZE,CALM,DOWN,DOWN,SQUEEZE,CALM,DOWN
2024-07-02,DOWN,SQUEEZE,DOWN,DOWN,SQUEEZE,CALM,DOWN,DOWN,SQUEEZE,CALM,UNCONFIRMED,DOWN,DOWN,SQUEEZE,CALM,DOWN,DOWN,SQUEEZE,CALM,DOWN
2024-07-03,DOWN,SQUEEZE,DOWN,DOWN,SQUEEZE,CALM,DOWN,DOWN,SQUEEZE,CALM,UNCONFIRMED,DOWN,DOWN,SQUEEZE,CALM,DOWN,DOWN,SQUEEZE,CALM,DOWN
2024-07-04,DOWN,NORMAL,DOWN,DOWN,NORMAL,CALM,DOWN,DOWN,NORMAL,CALM,CONFIRMED,DOWN,DOWN,NORMAL,CALM,DOWN,DOWN,NORMAL,CALM,DOWN
2024-07-05,DOWN,NORMAL,DOWN,DOWN,NORMAL,CALM,DOWN,DOWN,NORMAL,CALM,CONFIRMED,DOWN,DOWN,NORMAL,CALM,DOWN,DOWN,NORMAL,CALM,DOWN
2024-07-06,DOWN,NORMAL,DOWN,DOWN,NORMAL,CALM,DOWN,DOWN,NORMAL,CALM,UNCONFIRMED,DOWN,DOWN,NORMAL,CALM,DOWN,DOWN,NORMAL,CALM,DOWN
2024-07-07,DOWN,NORMAL,DOWN,DOWN,NORMAL,CALM,DOWN,DOWN,NORMAL,CALM,UNCONFIRMED,DOWN,DOWN,NORMAL,CALM,DOWN,DOWN,NORMAL,CALM,DOWN
2024-07-08,DOWN,NORMAL,DOWN,DOWN,NORMAL,CALM,DOWN,DOWN,NORMAL,CALM,CONFIRMED,DOWN,DOWN,NORMAL,CALM,DOWN,DOWN,NORMAL,CALM,DOWN
2024-07-09,DOWN,NORMAL,DOWN,DOWN,NORMAL,CALM,DOWN,DOWN,NORMAL,CALM,UNCONFIRMED,DOWN,DOWN,NORMAL,CALM,DOWN,DOWN,NORMAL,CALM,DOWN
2024-07-10,DOWN,NORMAL,DOWN,DOWN,NORMAL,CALM,DOWN,DOWN,NORMAL,CALM,UNCONFIRMED,DOWN,DOWN,NORMAL,CALM,DOWN,DOWN,NORMAL,CALM,DOWN
2024-07-11,DOWN,NORMAL,DOWN,DOWN,NORMAL,CALM,DOWN,DOWN,NORMAL,CALM,CONFIRMED,DOWN,DOWN,NORMAL,CALM,DOWN,DOWN,NORMAL,CALM,DOWN
2024-07-12,DOWN,NORMAL,DOWN,DOWN,NORMAL,CALM,DOWN,DOWN,NORMAL,CALM,CONFIRMED,DOWN,DOWN,NORMAL,CALM,DOWN,DOWN,NORMAL,CALM,DOWN
2024-07-13,UP,NORMAL,UP,RANGE,NORMAL,CALM,RANGE,RANGE,NORMAL,CALM,CONFIRMED,RANGE,RANGE,NORMAL,CALM,RANGE,RANGE,NORMAL,CALM,RANGE
2024-07-14,UP,EXPANSION,EXPANSION,RANGE,EXPANSION,CALM,EXPANSION,RANGE,EXPANSION,CALM,CONFIRMED,EXPANSION,RANGE,EXPANSION,CALM,EXPANSION,RANGE,NORMAL,CALM,RANGE
2024-07-15,UP,EXPANSION,EXPANSION,RANGE,EXPANSION,CALM,EXPANSION,RANGE,EXPANSION,CALM,CONFIRMED,EXPANSION,RANGE,EXPANSION,CALM,EXPANSION,RANGE,NORMAL,CALM,RANGE
2024-07-16,UP,EXPANSION,EXPANSION,RANGE,EXPANSION,CALM,EXPANSION,RANGE,EXPANSION,CALM,CONFIRMED,EXPANSION,RANGE,EXPANSION,CALM,EXPANSION,RANGE,NORMAL,CALM,RANGE
2024-07-17,UP,EXPANSION,EXPANSION,RANGE,EXPANSION,CALM,EXPANSION,RANGE,EXPANSION,CALM,CONFIRMED,EXPANSION,RANGE,EXPANSION,CALM,EXPANSION,RANGE,NORMAL,CALM,RANGE
2024-07-18,UP,EXPANSION,EXPANSION,RANGE,EXPANSION,CALM,EXPANSION,RANGE,EXPANSION,CALM,CONFIRMED,EXPANSION,RANGE,EXPANSION,CALM,EXPANSION,RANGE,NORMAL,STRESS_UP,STRESS_UP
2024-07-19,UP,EXPANSION,EXPANSION,RANGE,EXPANSION,CALM,EXPANSION,RANGE,EXPANSION,CALM,CONFIRMED,EXPANSION,RANGE,EXPANSION,CALM,EXPANSION,RANGE,NORMAL,STRESS_UP,STRESS_UP
2024-07-20,UP,EXPANSION,EXPANSION,RANGE,EXPANSION,CALM,EXPANSION,RANGE,EXPANSION,CALM,UNCONFIRMED,EXPANSION,RANGE,EXPANSION,CALM,EXPANSION,RANGE,NORMAL,STRESS_UP,STRESS_UP
2024-07-21,UP,EXPANSION,EXPANSION,RANGE,EXPANSION,CALM,EXPANSION,RANGE,EXPANSION,CALM,UNCONFIRMED,EXPANSION,RANGE,EXPANSION,CALM,EXPANSION,RANGE,NORMAL,STRESS_UP,STRESS_UP
2024-07-22,UP,EXPANSION,EXPANSION,RANGE,EXPANSION,CALM,EXPANSION,RANGE,EXPANSION,CALM,CONFIRMED,EXPANSION,RANGE,EXPANSION,CALM,EXPANSION,RANGE,NORMAL,CALM,RANGE
2024-07-23,UP,EXPANSION,EXPANSION,UP,EXPANSION,CALM,EXPANSION,UP,EXPANSION,CALM,CONFIRMED,EXPANSION,UP,EXPANSION,CALM,EXPANSION,UP,NORMAL,STRESS_UP,STRESS_UP
2024-07-24,UP,EXPANSION,EXPANSION,UP,EXPANSION,CALM,EXPANSION,UP,EXPANSION,CALM,CONFIRMED,EXPANSION,UP,EXPANSION,CALM,EXPANSION,UP,NORMAL,CALM,UP
2024-07-25,UP,EXPANSION,EXPANSION,UP,EXPANSION,STRESS_UP,STRESS_UP,UP,EXPANSION,STRESS_UP,CONFIRMED,STRESS_UP,UP,EXPANSION,STRESS_UP,STRESS_UP,UP,NORMAL,STRESS_UP,STRESS_UP
2024-07-26,UP,EXPANSION,EXPANSION,UP,EXPANSION,STRESS_UP,STRESS_UP,UP,EXPANSION,STRESS_UP,UNCONFIRMED,STRESS_UP,UP,EXPANSION,STRESS_UP,STRESS_UP,UP,NORMAL,STRESS_UP,STRESS_UP
2024-07-27,UP,EXPANSION,EXPANSION,UP,EXPANSION,CALM,EXPANSION,UP,EXPANSION,CALM,UNCONFIRMED,EXPANSION,UP,EXPANSION,CALM,EXPANSION,UP,NORMAL,STRESS_UP,STRESS_UP
2024-07-28,UP,EXPANSION,EXPANSION,UP,EXPANSION,CALM,EXPANSION,UP,EXPANSION,CALM,UNCONFIRMED,EXPANSION,UP,EXPANSION,CALM,EXPANSION,UP,NORMAL,CALM,UP
2024-07-29,UP,EXPANSION,EXPANSION,UP,EXPANSION,CALM,EXPANSION,UP,EXPANSION,CALM,UNCONFIRMED,EXPANSION,UP,EXPANSION,CALM,EXPANSION,UP,NORMAL,CALM,UP
2024-07-30,UP,EXPANSION,EXPANSION,UP,EXPANSION,CALM,EXPANSION,UP,EXPANSION,CALM,CONFIRMED,EXPANSION,UP,EXPANSION,CALM,EXPANSION,UP,NORMAL,CALM,UP
2024-07-31,UP,EXPANSION,EXPANSION,UP,EXPANSION,CALM,EXPANSION,UP,EXPANSION,CALM,CONFIRMED,EXPANSION,UP,EXPANSION,CALM,EXPANSION,UP,NORMAL,CALM,UP
2024-08-01,UP,NORMAL,UP,UP,NORMAL,CALM,UP,UP,NORMAL,CALM,CONFIRMED,UP,UP,NORMAL,CALM,UP,UP,NORMAL,STRESS_UP,STRESS_UP
2024-08-02,UP,NORMAL,UP,UP,NORMAL,CALM,UP,UP,NORMAL,CALM,CONFIRMED,UP,UP,NORMAL,CALM,UP,UP,EXPANSION,STRESS_UP,STRESS_UP
2024-08-03,UP,NORMAL,UP,UP,NORMAL,CALM,UP,UP,NORMAL,CALM,UNCONFIRMED,UP,UP,NORMAL,CALM,UP,UP,EXPANSION,STRESS_UP,STRESS_UP
2024-08-04,UP,NORMAL,UP,UP,NORMAL,CALM,UP,UP,NORMAL,CALM,UNCONFIRMED,UP,UP,NORMAL,CALM,UP,UP,EXPANSION,CALM,EXPANSION
2024-08-05,DOWN,EXPANSION,EXPANSION,RANGE,EXPANSION,CALM,EXPANSION,RANGE,EXPANSION,CALM,CONFIRMED,EXPANSION,RANGE,EXPANSION,CALM,EXPANSION,RANGE,EXPANSION,STRESS_DOWN,STRESS_DOWN
2024-08-06,DOWN,EXPANSION,EXPANSION,RANGE,EXPANSION,CALM,EXPANSION,RANGE,EXPANSION,CALM,CONFIRMED,EXPANSION,RANGE,EXPANSION,CALM,EXPANSION,RANGE,EXPANSION,CALM,EXPANSION
2024-08-07,UP,EXPANSION,EXPANSION,UP,EXPANSION,STRESS_UP,STRESS_UP,UP,EXPANSION,STRESS_UP,CONFIRMED,STRESS_UP,UP,EXPANSION,STRESS_UP,STRESS_UP,UP,EXPANSION,STRESS_UP,STRESS_UP
2024-08-08,UP,EXPANSION,EXPANSION,UP,EXPANSION,STRESS_UP,STRESS_UP,UP,EXPANSION,STRESS_UP,CONFIRMED,STRESS_UP,UP,EXPANSION,STRESS_UP,STRESS_UP,UP,EXPANSION,STRESS_UP,STRESS_UP
2024-08-09,UP,EXPANSION,EXPANSION,UP,EXPANSION,CALM,EXPANSION,UP,EXPANSION,CALM,CONFIRMED,EXPANSION,UP,EXPANSION,CALM,EXPANSION,UP,EXPANSION,STRESS_UP,STRESS_UP
2024-08-10,UP,EXPANSION,EXPANSION,UP,EXPANSION,CALM,EXPANSION,UP,EXPANSION,CALM,UNCONFIRMED,EXPANSION,UP,EXPANSION,CALM,EXPANSION,UP,EXPANSION,STRESS_UP,STRESS_UP
2024-08-11,UP,EXPANSION,EXPANSION,UP,EXPANSION,CALM,EXPANSION,UP,EXPANSION,CALM,UNCONFIRMED,EXPANSION,RANGE,EXPANSION,CALM,EXPANSION,UP,EXPANSION,STRESS_UP,STRESS_UP
2024-08-12,UP,EXPANSION,EXPANSION,UP,EXPANSION,CALM,EXPANSION,UP,EXPANSION,CALM,UNCONFIRMED,EXPANSION,RANGE,EXPANSION,CALM,EXPANSION,UP,EXPANSION,STRESS_UP,STRESS_UP
2024-08-13,UP,EXPANSION,EXPANSION,UP,EXPANSION,CALM,EXPANSION,UP,EXPANSION,CALM,UNCONFIRMED,EXPANSION,RANGE,EXPANSION,CALM,EXPANSION,UP,EXPANSION,STRESS_UP,STRESS_UP
2024-08-14,RANGE,EXPANSION,EXPANSION,RANGE,EXPANSION,CALM,EXPANSION,RANGE,EXPANSION,CALM,UNCONFIRMED,EXPANSION,RANGE,EXPANSION,CALM,EXPANSION,UP,EXPANSION,STRESS_UP,STRESS_UP
2024-08-15,RANGE,EXPANSION,EXPANSION,RANGE,EXPANSION,CALM,EXPANSION,RANGE,EXPANSION,CALM,UNCONFIRMED,EXPANSION,RANGE,EXPANSION,CALM,EXPANSION,UP,EXPANSION,STRESS_UP,STRESS_UP
2024-08-16,RANGE,EXPANSION,EXPANSION,RANGE,EXPANSION,CALM,EXPANSION,RANGE,EXPANSION,CALM,UNCONFIRMED,EXPANSION,RANGE,EXPANSION,CALM,EXPANSION,UP,EXPANSION,STRESS_UP,STRESS_UP
2024-08-17,RANGE,EXPANSION,EXPANSION,RANGE,EXPANSION,CALM,EXPANSION,RANGE,EXPANSION,CALM,UNCONFIRMED,EXPANSION,RANGE,EXPANSION,CALM,EXPANSION,UP,EXPANSION,STRESS_UP,STRESS_UP
2024-08-18,RANGE,NORMAL,RANGE,RANGE,NORMAL,CALM,RANGE,RANGE,NORMAL,CALM,UNCONFIRMED,RANGE,RANGE,NORMAL,CALM,RANGE,UP,NORMAL,STRESS_UP,STRESS_UP
2024-08-19,RANGE,NORMAL,RANGE,RANGE,NORMAL,CALM,RANGE,RANGE,NORMAL,CALM,CONFIRMED,RANGE,RANGE,NORMAL,CALM,RANGE,UP,NORMAL,STRESS_UP,STRESS_UP
2024-08-20,RANGE,NORMAL,RANGE,RANGE,NORMAL,CALM,RANGE,RANGE,NORMAL,CALM,UNCONFIRMED,RANGE,RANGE,NORMAL,CALM,RANGE,UP,NORMAL,STRESS_UP,STRESS_UP
2024-08-21,RANGE,NORMAL,RANGE,RANGE,NORMAL,CALM,RANGE,RANGE,NORMAL,CALM,UNCONFIRMED,RANGE,RANGE,NORMAL,CALM,RANGE,UP,NORMAL,CALM,UP
2024-08-22,RANGE,NORMAL,RANGE,RANGE,NORMAL,CALM,RANGE,RANGE,NORMAL,CALM,UNCONFIRMED,RANGE,RANGE,NORMAL,CALM,RANGE,RANGE,NORMAL,CALM,RANGE
2024-08-23,RANGE,NORMAL,RANGE,RANGE,NORMAL,CALM,RANGE,RANGE,NORMAL,CALM,UNCONFIRMED,RANGE,RANGE,NORMAL,CALM,RANGE,RANGE,NORMAL,CALM,RANGE
2024-08-24,RANGE,NORMAL,RANGE,RANGE,NORMAL,CALM,RANGE,RANGE,NORMAL,CALM,UNCONFIRMED,RANGE,RANGE,NORMAL,CALM,RANGE,UP,NORMAL,CALM,UP
2024-08-25,RANGE,NORMAL,RANGE,RANGE,NORMAL,CALM,RANGE,RANGE,NORMAL,CALM,UNCONFIRMED,RANGE,RANGE,NORMAL,CALM,RANGE,UP,NORMAL,CALM,UP
2024-08-26,RANGE,NORMAL,RANGE,RANGE,NORMAL,CALM,RANGE,RANGE,NORMAL,CALM,UNCONFIRMED,RANGE,RANGE,NORMAL,CALM,RANGE,RANGE,NORMAL,CALM,RANGE
2024-08-27,RANGE,NORMAL,RANGE,RANGE,NORMAL,CALM,RANGE,RANGE,NORMAL,CALM,UNCONFIRMED,RANGE,RANGE,NORMAL,CALM,RANGE,RANGE,NORMAL,CALM,RANGE
2024-08-28,RANGE,NORMAL,RANGE,RANGE,NORMAL,CALM,RANGE,RANGE,NORMAL,CALM,UNCONFIRMED,RANGE,RANGE,NORMAL,CALM,RANGE,RANGE,NORMAL,CALM,RANGE
2024-08-29,RANGE,NORMAL,RANGE,RANGE,NORMAL,CALM,RANGE,RANGE,NORMAL,CALM,UNCONFIRMED,RANGE,RANGE,NORMAL,CALM,RANGE,RANGE,NORMAL,CALM,RANGE
2024-08-30,RANGE,NORMAL,RANGE,RANGE,NORMAL,CALM,RANGE,RANGE,NORMAL,CALM,UNCONFIRMED,RANGE,RANGE,NORMAL,CALM,RANGE,RANGE,NORMAL,CALM,RANGE
2024-08-31,RANGE,NORMAL,RANGE,RANGE,NORMAL,CALM,RANGE,RANGE,NORMAL,CALM,UNCONFIRMED,RANGE,RANGE,NORMAL,CALM,RANGE,RANGE,NORMAL,CALM,RANGE
2024-09-01,RANGE,NORMAL,RANGE,RANGE,NORMAL,CALM,RANGE,RANGE,NORMAL,CALM,UNCONFIRMED,RANGE,RANGE,NORMAL,CALM,RANGE,RANGE,NORMAL,CALM,RANGE
2024-09-02,RANGE,NORMAL,RANGE,RANGE,NORMAL,CALM,RANGE,RANGE,NORMAL,CALM,UNCONFIRMED,RANGE,RANGE,NORMAL,CALM,RANGE,RANGE,NORMAL,CALM,RANGE
2024-09-03,RANGE,NORMAL,RANGE,RANGE,NORMAL,CALM,RANGE,RANGE,NORMAL,CALM,UNCONFIRMED,RANGE,RANGE,NORMAL,CALM,RANGE,RANGE,NORMAL,CALM,RANGE
2024-09-04,RANGE,NORMAL,RANGE,RANGE,NORMAL,CALM,RANGE,RANGE,NORMAL,CALM,UNCONFIRMED,RANGE,RANGE,NORMAL,CALM,RANGE,UP,NORMAL,CALM,UP
2024-09-05,RANGE,NORMAL,RANGE,RANGE,NORMAL,CALM,RANGE,RANGE,NORMAL,CALM,UNCONFIRMED,RANGE,RANGE,NORMAL,CALM,RANGE,UP,NORMAL,CALM,UP
2024-09-06,RANGE,NORMAL,RANGE,RANGE,NORMAL,CALM,RANGE,RANGE,NORMAL,CALM,CONFIRMED,RANGE,RANGE,NORMAL,CALM,RANGE,RANGE,NORMAL,CALM,RANGE
2024-09-07,RANGE,NORMAL,RANGE,RANGE,NORMAL,CALM,RANGE,RANGE,NORMAL,CALM,UNCONFIRMED,RANGE,RANGE,NORMAL,CALM,RANGE,RANGE,NORMAL,CALM,RANGE
2024-09-08,DOWN,NORMAL,DOWN,RANGE,NORMAL,CALM,RANGE,RANGE,NORMAL,CALM,UNCONFIRMED,RANGE,RANGE,NORMAL,CALM,RANGE,RANGE,NORMAL,CALM,RANGE
2024-09-09,UP,NORMAL,UP,UP,NORMAL,CALM,UP,UP,NORMAL,CALM,UNCONFIRMED,UP,RANGE,NORMAL,CALM,RANGE,UP,NORMAL,CALM,UP
2024-09-10,UP,NORMAL,UP,UP,NORMAL,CALM,UP,UP,NORMAL,CALM,UNCONFIRMED,UP,RANGE,NORMAL,CALM,RANGE,UP,NORMAL,CALM,UP
2024-09-11,DOWN,NORMAL,DOWN,RANGE,NORMAL,CALM,RANGE,RANGE,NORMAL,CALM,UNCONFIRMED,RANGE,RANGE,NORMAL,CALM,RANGE,RANGE,NORMAL,CALM,RANGE
2024-09-12,UP,NORMAL,UP,UP,NORMAL,CALM,UP,UP,NORMAL,CALM,CONFIRMED,UP,RANGE,NORMAL,CALM,RANGE,UP,NORMAL,CALM,UP
2024-09-13,UP,NORMAL,UP,UP,NORMAL,CALM,UP,UP,NORMAL,CALM,UNCONFIRMED,UP,RANGE,NORMAL,CALM,RANGE,UP,NORMAL,CALM,UP
2024-09-14,UP,NORMAL,UP,UP,NORMAL,CALM,UP,UP,NORMAL,CALM,UNCONFIRMED,UP,RANGE,NORMAL,CALM,RANGE,UP,NORMAL,CALM,UP
2024-09-15,RANGE,NORMAL,RANGE,RANGE,NORMAL,CALM,RANGE,RANGE,NORMAL,CALM,UNCONFIRMED,RANGE,RANGE,NORMAL,CALM,RANGE,UP,NORMAL,CALM,UP
2024-09-16,RANGE,NORMAL,RANGE,RANGE,NORMAL,CALM,RANGE,RANGE,NORMAL,CALM,UNCONFIRMED,RANGE,RANGE,NORMAL,CALM,RANGE,UP,NORMAL,CALM,UP
2024-09-17,RANGE,NORMAL,RANGE,RANGE,NORMAL,CALM,RANGE,RANGE,NORMAL,CALM,UNCONFIRMED,RANGE,RANGE,NORMAL,CALM,RANGE,UP,NORMAL,CALM,UP
2024-09-18,RANGE,NORMAL,RANGE,RANGE,NORMAL,CALM,RANGE,RANGE,NORMAL,CALM,UNCONFIRMED,RANGE,RANGE,NORMAL,CALM,RANGE,UP,NORMAL,CALM,UP
2024-09-19,RANGE,NORMAL,RANGE,RANGE,NORMAL,CALM,RANGE,RANGE,NORMAL,CALM,UNCONFIRMED,RANGE,RANGE,NORMAL,CALM,RANGE,UP,NORMAL,CALM,UP
2024-09-20,RANGE,NORMAL,RANGE,RANGE,NORMAL,CALM,RANGE,RANGE,NORMAL,CALM,UNCONFIRMED,RANGE,RANGE,NORMAL,CALM,RANGE,RANGE,NORMAL,CALM,RANGE
2024-09-21,RANGE,NORMAL,RANGE,RANGE,NORMAL,CALM,RANGE,RANGE,NORMAL,CALM,UNCONFIRMED,RANGE,RANGE,NORMAL,CALM,RANGE,RANGE,NORMAL,CALM,RANGE
2024-09-22,RANGE,NORMAL,RANGE,RANGE,NORMAL,CALM,RANGE,RANGE,NORMAL,CALM,UNCONFIRMED,RANGE,RANGE,NORMAL,CALM,RANGE,RANGE,NORMAL,CALM,RANGE
2024-09-23,RANGE,NORMAL,RANGE,RANGE,NORMAL,CALM,RANGE,RANGE,NORMAL,CALM,UNCONFIRMED,RANGE,RANGE,NORMAL,CALM,RANGE,RANGE,NORMAL,CALM,RANGE
2024-09-24,RANGE,NORMAL,RANGE,RANGE,NORMAL,CALM,RANGE,RANGE,NORMAL,CALM,UNCONFIRMED,RANGE,RANGE,NORMAL,CALM,RANGE,RANGE,SQUEEZE,CALM,SQUEEZE
2024-09-25,RANGE,NORMAL,RANGE,RANGE,NORMAL,CALM,RANGE,RANGE,NORMAL,CALM,UNCONFIRMED,RANGE,RANGE,NORMAL,CALM,RANGE,RANGE,SQUEEZE,CALM,SQUEEZE
2024-09-26,RANGE,NORMAL,RANGE,RANGE,NORMAL,CALM,RANGE,RANGE,NORMAL,CALM,UNCONFIRMED,RANGE,RANGE,NORMAL,CALM,RANGE,RANGE,SQUEEZE,CALM,SQUEEZE
2024-09-27,RANGE,NORMAL,RANGE,RANGE,NORMAL,CALM,RANGE,RANGE,NORMAL,CALM,UNCONFIRMED,RANGE,RANGE,NORMAL,CALM,RANGE,RANGE,SQUEEZE,CALM,SQUEEZE
2024-09-28,RANGE,NORMAL,RANGE,RANGE,NORMAL,CALM,RANGE,RANGE,NORMAL,CALM,CONFIRMED,RANGE,RANGE,NORMAL,CALM,RANGE,RANGE,SQUEEZE,CALM,SQUEEZE
2024-09-29,RANGE,NORMAL,RANGE,RANGE,NORMAL,CALM,RANGE,RANGE,NORMAL,CALM,CONFIRMED,RANGE,RANGE,NORMAL,CALM,RANGE,RANGE,SQUEEZE,CALM,SQUEEZE
2024-09-30,RANGE,NORMAL,RANGE,RANGE,NORMAL,CALM,RANGE,RANGE,NORMAL,CALM,CONFIRMED,RANGE,RANGE,NORMAL,CALM,RANGE,UP,NORMAL,CALM,UP
2024-10-01,RANGE,NORMAL,RANGE,RANGE,NORMAL,CALM,RANGE,RANGE,NORMAL,CALM,CONFIRMED,RANGE,RANGE,NORMAL,CALM,RANGE,UP,NORMAL,CALM,UP
2024-10-02,RANGE,NORMAL,RANGE,RANGE,NORMAL,CALM,RANGE,RANGE,NORMAL,CALM,CONFIRMED,RANGE,RANGE,NORMAL,CALM,RANGE,RANGE,NORMAL,CALM,RANGE
2024-10-03,RANGE,NORMAL,RANGE,RANGE,NORMAL,CALM,RANGE,RANGE,NORMAL,CALM,CONFIRMED,RANGE,RANGE,NORMAL,CALM,RANGE,RANGE,NORMAL,CALM,RANGE
2024-10-04,RANGE,NORMAL,RANGE,RANGE,NORMAL,CALM,RANGE,RANGE,NORMAL,CALM,CONFIRMED,RANGE,RANGE,NORMAL,CALM,RANGE,RANGE,NORMAL,CALM,RANGE
2024-10-05,RANGE,NORMAL,RANGE,RANGE,NORMAL,CALM,RANGE,RANGE,NORMAL,CALM,UNCONFIRMED,RANGE,RANGE,NORMAL,CALM,RANGE,RANGE,NORMAL,CALM,RANGE
2024-10-06,RANGE,NORMAL,RANGE,RANGE,NORMAL,CALM,RANGE,RANGE,NORMAL,CALM,UNCONFIRMED,RANGE,RANGE,NORMAL,CALM,RANGE,RANGE,NORMAL,CALM,RANGE
2024-10-07,RANGE,NORMAL,RANGE,RANGE,NORMAL,CALM,RANGE,RANGE,NORMAL,CALM,UNCONFIRMED,RANGE,RANGE,NORMAL,CALM,RANGE,RANGE,NORMAL,CALM,RANGE
2024-10-08,RANGE,NORMAL,RANGE,RANGE,NORMAL,CALM,RANGE,RANGE,NORMAL,CALM,UNCONFIRMED,RANGE,RANGE,NORMAL,CALM,RANGE,RANGE,NORMAL,CALM,RANGE
2024-10-09,RANGE,EXPANSION,EXPANSION,RANGE,EXPANSION,CALM,EXPANSION,RANGE,EXPANSION,CALM,UNCONFIRMED,EXPANSION,RANGE,EXPANSION,CALM,EXPANSION,RANGE,NORMAL,CALM,RANGE
2024-10-10,RANGE,EXPANSION,EXPANSION,RANGE,EXPANSION,CALM,EXPANSION,RANGE,EXPANSION,CALM,UNCONFIRMED,EXPANSION,RANGE,EXPANSION,CALM,EXPANSION,RANGE,NORMAL,CALM,RANGE
2024-10-11,RANGE,EXPANSION,EXPANSION,RANGE,EXPANSION,CALM,EXPANSION,RANGE,EXPANSION,CALM,UNCONFIRMED,EXPANSION,RANGE,EXPANSION,CALM,EXPANSION,RANGE,NORMAL,CALM,RANGE
2024-10-12,RANGE,EXPANSION,EXPANSION,RANGE,EXPANSION,CALM,EXPANSION,RANGE,EXPANSION,CALM,UNCONFIRMED,EXPANSION,RANGE,EXPANSION,CALM,EXPANSION,RANGE,NORMAL,CALM,RANGE
2024-10-13,RANGE,EXPANSION,EXPANSION,RANGE,EXPANSION,CALM,EXPANSION,RANGE,EXPANSION,CALM,UNCONFIRMED,EXPANSION,RANGE,EXPANSION,CALM,EXPANSION,RANGE,NORMAL,CALM,RANGE
2024-10-14,RANGE,EXPANSION,EXPANSION,RANGE,EXPANSION,CALM,EXPANSION,RANGE,EXPANSION,CALM,UNCONFIRMED,EXPANSION,RANGE,EXPANSION,CALM,EXPANSION,RANGE,NORMAL,CALM,RANGE
2024-10-15,RANGE,EXPANSION,EXPANSION,RANGE,EXPANSION,CALM,EXPANSION,RANGE,EXPANSION,CALM,UNCONFIRMED,EXPANSION,RANGE,EXPANSION,CALM,EXPANSION,RANGE,NORMAL,CALM,RANGE
2024-10-16,RANGE,NORMAL,RANGE,RANGE,NORMAL,CALM,RANGE,RANGE,NORMAL,CALM,UNCONFIRMED,RANGE,RANGE,NORMAL,CALM,RANGE,RANGE,NORMAL,CALM,RANGE
2024-10-17,RANGE,NORMAL,RANGE,RANGE,NORMAL,CALM,RANGE,RANGE,NORMAL,CALM,UNCONFIRMED,RANGE,RANGE,NORMAL,CALM,RANGE,RANGE,NORMAL,CALM,RANGE
2024-10-18,RANGE,NORMAL,RANGE,RANGE,NORMAL,CALM,RANGE,RANGE,NORMAL,CALM,UNCONFIRMED,RANGE,RANGE,NORMAL,CALM,RANGE,RANGE,NORMAL,CALM,RANGE
2024-10-19,RANGE,NORMAL,RANGE,RANGE,NORMAL,CALM,RANGE,RANGE,NORMAL,CALM,UNCONFIRMED,RANGE,RANGE,NORMAL,CALM,RANGE,RANGE,SQUEEZE,CALM,SQUEEZE
2024-10-20,RANGE,NORMAL,RANGE,RANGE,NORMAL,CALM,RANGE,RANGE,NORMAL,CALM,UNCONFIRMED,RANGE,RANGE,NORMAL,CALM,RANGE,RANGE,SQUEEZE,CALM,SQUEEZE
2024-10-21,RANGE,SQUEEZE,SQUEEZE,RANGE,SQUEEZE,CALM,SQUEEZE,RANGE,SQUEEZE,CALM,UNCONFIRMED,SQUEEZE,RANGE,SQUEEZE,CALM,SQUEEZE,RANGE,SQUEEZE,CALM,SQUEEZE
2024-10-22,RANGE,SQUEEZE,SQUEEZE,RANGE,SQUEEZE,CALM,SQUEEZE,RANGE,SQUEEZE,CALM,UNCONFIRMED,SQUEEZE,RANGE,SQUEEZE,CALM,SQUEEZE,RANGE,SQUEEZE,CALM,SQUEEZE
2024-10-23,RANGE,SQUEEZE,SQUEEZE,RANGE,SQUEEZE,CALM,SQUEEZE,RANGE,SQUEEZE,CALM,UNCONFIRMED,SQUEEZE,RANGE,SQUEEZE,CALM,SQUEEZE,RANGE,SQUEEZE,CALM,SQUEEZE
2024-10-24,RANGE,SQUEEZE,SQUEEZE,RANGE,SQUEEZE,CALM,SQUEEZE,RANGE,SQUEEZE,CALM,UNCONFIRMED,SQUEEZE,RANGE,SQUEEZE,CALM,SQUEEZE,RANGE,SQUEEZE,CALM,SQUEEZE
2024-10-25,RANGE,SQUEEZE,SQUEEZE,RANGE,SQUEEZE,CALM,SQUEEZE,RANGE,SQUEEZE,CALM,CONFIRMED,SQUEEZE,RANGE,SQUEEZE,CALM,SQUEEZE,RANGE,NORMAL,CALM,RANGE
2024-10-26,RANGE,SQUEEZE,SQUEEZE,RANGE,SQUEEZE,CALM,SQUEEZE,RANGE,SQUEEZE,CALM,UNCONFIRMED,SQUEEZE,RANGE,SQUEEZE,CALM,SQUEEZE,RANGE,NORMAL,CALM,RANGE
2024-10-27,RANGE,SQUEEZE,SQUEEZE,RANGE,SQUEEZE,CALM,SQUEEZE,RANGE,SQUEEZE,CALM,UNCONFIRMED,SQUEEZE,RANGE,SQUEEZE,CALM,SQUEEZE,RANGE,SQUEEZE,CALM,SQUEEZE
2024-10-28,RANGE,SQUEEZE,SQUEEZE,RANGE,SQUEEZE,CALM,SQUEEZE,RANGE,SQUEEZE,CALM,UNCONFIRMED,SQUEEZE,RANGE,SQUEEZE,CALM,SQUEEZE,DOWN,SQUEEZE,CALM,DOWN
2024-10-29,RANGE,SQUEEZE,SQUEEZE,RANGE,SQUEEZE,CALM,SQUEEZE,RANGE,SQUEEZE,CALM,UNCONFIRMED,SQUEEZE,RANGE,SQUEEZE,CALM,SQUEEZE,DOWN,SQUEEZE,CALM,DOWN
2024-10-30,RANGE,SQUEEZE,SQUEEZE,RANGE,SQUEEZE,CALM,SQUEEZE,RANGE,SQUEEZE,CALM,UNCONFIRMED,SQUEEZE,RANGE,SQUEEZE,CALM,SQUEEZE,DOWN,SQUEEZE,CALM,DOWN
2024-10-31,RANGE,NORMAL,RANGE,RANGE,NORMAL,CALM,RANGE,RANGE,NORMAL,CALM,UNCONFIRMED,RANGE,RANGE,NORMAL,CALM,RANGE,DOWN,SQUEEZE,CALM,DOWN
2024-11-01,RANGE,NORMAL,RANGE,RANGE,NORMAL,CALM,RANGE,RANGE,NORMAL,CALM,UNCONFIRMED,RANGE,RANGE,NORMAL,CALM,RANGE,DOWN,SQUEEZE,CALM,DOWN
2024-11-02,RANGE,NORMAL,RANGE,RANGE,NORMAL,CALM,RANGE,RANGE,NORMAL,CALM,UNCONFIRMED,RANGE,RANGE,NORMAL,CALM,RANGE,DOWN,SQUEEZE,CALM,DOWN
2024-11-03,DOWN,NORMAL,DOWN,DOWN,NORMAL,CALM,DOWN,DOWN,NORMAL,CALM,UNCONFIRMED,DOWN,RANGE,NORMAL,CALM,RANGE,DOWN,SQUEEZE,CALM,DOWN
2024-11-04,DOWN,NORMAL,DOWN,DOWN,NORMAL,CALM,DOWN,DOWN,NORMAL,CALM,UNCONFIRMED,DOWN,RANGE,NORMAL,CALM,RANGE,DOWN,SQUEEZE,CALM,DOWN
2024-11-05,DOWN,NORMAL,DOWN,DOWN,NORMAL,CALM,DOWN,DOWN,NORMAL,CALM,UNCONFIRMED,DOWN,RANGE,NORMAL,CALM,RANGE,DOWN,SQUEEZE,CALM,DOWN
2024-11-06,DOWN,NORMAL,DOWN,DOWN,NORMAL,CALM,DOWN,DOWN,NORMAL,CALM,CONFIRMED,DOWN,RANGE,NORMAL,CALM,RANGE,DOWN,SQUEEZE,CALM,DOWN
2024-11-07,DOWN,NORMAL,DOWN,DOWN,NORMAL,CALM,DOWN,DOWN,NORMAL,CALM,CONFIRMED,DOWN,RANGE,NORMAL,CALM,RANGE,DOWN,SQUEEZE,CALM,DOWN
2024-11-08,DOWN,NORMAL,DOWN,DOWN,NORMAL,CALM,DOWN,DOWN,NORMAL,CALM,UNCONFIRMED,DOWN,RANGE,NORMAL,CALM,RANGE,DOWN,SQUEEZE,CALM,DOWN
2024-11-09,UP,NORMAL,UP,RANGE,NORMAL,CALM,RANGE,RANGE,NORMAL,CALM,UNCONFIRMED,RANGE,RANGE,NORMAL,CALM,RANGE,RANGE,SQUEEZE,CALM,SQUEEZE
2024-11-10,UP,NORMAL,UP,RANGE,NORMAL,CALM,RANGE,RANGE,NORMAL,CALM,CONFIRMED,RANGE,RANGE,NORMAL,CALM,RANGE,RANGE,SQUEEZE,CALM,SQUEEZE
2024-11-11,UP,NORMAL,UP,RANGE,NORMAL,CALM,RANGE,RANGE,NORMAL,CALM,CONFIRMED,RANGE,RANGE,NORMAL,CALM,RANGE,RANGE,NORMAL,CALM,RANGE
2024-11-12,UP,EXPANSION,EXPANSION,RANGE,EXPANSION,CALM,EXPANSION,RANGE,EXPANSION,CALM,CONFIRMED,EXPANSION,RANGE,EXPANSION,CALM,EXPANSION,RANGE,NORMAL,CALM,RANGE
2024-11-13,UP,EXPANSION,EXPANSION,UP,EXPANSION,CALM,EXPANSION,UP,EXPANSION,CALM,CONFIRMED,EXPANSION,UP,EXPANSION,CALM,EXPANSION,UP,NORMAL,CALM,UP
2024-11-14,UP,EXPANSION,EXPANSION,UP,EXPANSION,STRESS_UP,STRESS_UP,UP,EXPANSION,STRESS_UP,CONFIRMED,STRESS_UP,UP,EXPANSION,STRESS_UP,STRESS_UP,UP,NORMAL,STRESS_UP,STRESS_UP
2024-11-15,UP,EXPANSION,EXPANSION,UP,EXPANSION,STRESS_UP,STRESS_UP,UP,EXPANSION,STRESS_UP,CONFIRMED,STRESS_UP,UP,EXPANSION,STRESS_UP,STRESS_UP,UP,NORMAL,STRESS_UP,STRESS_UP
2024-11-16,UP,EXPANSION,EXPANSION,UP,EXPANSION,STRESS_UP,STRESS_UP,UP,EXPANSION,STRESS_UP,CONFIRMED,STRESS_UP,UP,EXPANSION,STRESS_UP,STRESS_UP,UP,EXPANSION,STRESS_UP,STRESS_UP
2024-11-17,UP,EXPANSION,EXPANSION,UP,EXPANSION,STRESS_UP,STRESS_UP,UP,EXPANSION,STRESS_UP,CONFIRMED,STRESS_UP,UP,EXPANSION,STRESS_UP,STRESS_UP,UP,EXPANSION,STRESS_UP,STRESS_UP
2024-11-18,UP,EXPANSION,EXPANSION,UP,EXPANSION,STRESS_UP,STRESS_UP,UP,EXPANSION,STRESS_UP,CONFIRMED,STRESS_UP,UP,EXPANSION,STRESS_UP,STRESS_UP,UP,EXPANSION,STRESS_UP,STRESS_UP
2024-11-19,UP,EXPANSION,EXPANSION,UP,EXPANSION,STRESS_UP,STRESS_UP,UP,EXPANSION,STRESS_UP,CONFIRMED,STRESS_UP,UP,EXPANSION,STRESS_UP,STRESS_UP,UP,EXPANSION,STRESS_UP,STRESS_UP
2024-11-20,UP,EXPANSION,EXPANSION,UP,EXPANSION,STRESS_UP,STRESS_UP,UP,EXPANSION,STRESS_UP,CONFIRMED,STRESS_UP,UP,EXPANSION,STRESS_UP,STRESS_UP,UP,EXPANSION,STRESS_UP,STRESS_UP
2024-11-21,UP,EXPANSION,EXPANSION,UP,EXPANSION,STRESS_UP,STRESS_UP,UP,EXPANSION,STRESS_UP,CONFIRMED,STRESS_UP,UP,EXPANSION,STRESS_UP,STRESS_UP,UP,EXPANSION,STRESS_UP,STRESS_UP
2024-11-22,UP,EXPANSION,EXPANSION,UP,EXPANSION,STRESS_UP,STRESS_UP,UP,EXPANSION,STRESS_UP,CONFIRMED,STRESS_UP,UP,EXPANSION,STRESS_UP,STRESS_UP,UP,EXPANSION,STRESS_UP,STRESS_UP
2024-11-23,UP,EXPANSION,EXPANSION,UP,EXPANSION,STRESS_UP,STRESS_UP,UP,EXPANSION,STRESS_UP,CONFIRMED,STRESS_UP,UP,EXPANSION,STRESS_UP,STRESS_UP,UP,EXPANSION,STRESS_UP,STRESS_UP
2024-11-24,UP,EXPANSION,EXPANSION,UP,EXPANSION,STRESS_UP,STRESS_UP,UP,EXPANSION,STRESS_UP,CONFIRMED,STRESS_UP,UP,EXPANSION,STRESS_UP,STRESS_UP,UP,EXPANSION,STRESS_UP,STRESS_UP
2024-11-25,UP,EXPANSION,EXPANSION,UP,EXPANSION,STRESS_UP,STRESS_UP,UP,EXPANSION,STRESS_UP,CONFIRMED,STRESS_UP,UP,EXPANSION,STRESS_UP,STRESS_UP,UP,EXPANSION,STRESS_UP,STRESS_UP
2024-11-26,UP,EXPANSION,EXPANSION,UP,EXPANSION,STRESS_UP,STRESS_UP,UP,EXPANSION,STRESS_UP,CONFIRMED,STRESS_UP,UP,EXPANSION,STRESS_UP,STRESS_UP,UP,EXPANSION,STRESS_UP,STRESS_UP
2024-11-27,UP,EXPANSION,EXPANSION,UP,EXPANSION,STRESS_UP,STRESS_UP,UP,EXPANSION,STRESS_UP,CONFIRMED,STRESS_UP,UP,EXPANSION,STRESS_UP,STRESS_UP,UP,EXPANSION,STRESS_UP,STRESS_UP
2024-11-28,UP,EXPANSION,EXPANSION,UP,EXPANSION,STRESS_UP,STRESS_UP,UP,EXPANSION,STRESS_UP,CONFIRMED,STRESS_UP,UP,EXPANSION,STRESS_UP,STRESS_UP,UP,EXPANSION,STRESS_UP,STRESS_UP
2024-11-29,UP,EXPANSION,EXPANSION,UP,EXPANSION,STRESS_UP,STRESS_UP,UP,EXPANSION,STRESS_UP,CONFIRMED,STRESS_UP,UP,EXPANSION,STRESS_UP,STRESS_UP,UP,EXPANSION,STRESS_UP,STRESS_UP
2024-11-30,UP,EXPANSION,EXPANSION,UP,EXPANSION,STRESS_UP,STRESS_UP,UP,EXPANSION,STRESS_UP,CONFIRMED,STRESS_UP,UP,EXPANSION,STRESS_UP,STRESS_UP,UP,EXPANSION,STRESS_UP,STRESS_UP
2024-12-01,UP,EXPANSION,EXPANSION,UP,EXPANSION,STRESS_UP,STRESS_UP,UP,EXPANSION,STRESS_UP,CONFIRMED,STRESS_UP,UP,EXPANSION,STRESS_UP,STRESS_UP,UP,EXPANSION,STRESS_UP,STRESS_UP
2024-12-02,UP,EXPANSION,EXPANSION,UP,EXPANSION,STRESS_UP,STRESS_UP,UP,EXPANSION,STRESS_UP,CONFIRMED,STRESS_UP,UP,EXPANSION,STRESS_UP,STRESS_UP,UP,EXPANSION,STRESS_UP,STRESS_UP
2024-12-03,UP,EXPANSION,EXPANSION,UP,EXPANSION,STRESS_UP,STRESS_UP,UP,EXPANSION,STRESS_UP,CONFIRMED,STRESS_UP,UP,EXPANSION,STRESS_UP,STRESS_UP,UP,EXPANSION,STRESS_UP,STRESS_UP
2024-12-04,UP,EXPANSION,EXPANSION,UP,EXPANSION,STRESS_UP,STRESS_UP,UP,EXPANSION,STRESS_UP,CONFIRMED,STRESS_UP,UP,EXPANSION,STRESS_UP,STRESS_UP,UP,EXPANSION,STRESS_UP,STRESS_UP
2024-12-05,UP,EXPANSION,EXPANSION,UP,EXPANSION,STRESS_UP,STRESS_UP,UP,EXPANSION,STRESS_UP,CONFIRMED,STRESS_UP,UP,EXPANSION,STRESS_UP,STRESS_UP,UP,EXPANSION,STRESS_UP,STRESS_UP
2024-12-06,UP,EXPANSION,EXPANSION,UP,EXPANSION,STRESS_UP,STRESS_UP,UP,EXPANSION,STRESS_UP,CONFIRMED,STRESS_UP,UP,EXPANSION,STRESS_UP,STRESS_UP,UP,EXPANSION,STRESS_UP,STRESS_UP
2024-12-07,UP,EXPANSION,EXPANSION,UP,EXPANSION,STRESS_UP,STRESS_UP,UP,EXPANSION,STRESS_UP,CONFIRMED,STRESS_UP,UP,EXPANSION,STRESS_UP,STRESS_UP,UP,EXPANSION,STRESS_UP,STRESS_UP
2024-12-08,UP,EXPANSION,EXPANSION,UP,EXPANSION,STRESS_UP,STRESS_UP,UP,EXPANSION,STRESS_UP,CONFIRMED,STRESS_UP,UP,EXPANSION,STRESS_UP,STRESS_UP,UP,EXPANSION,STRESS_UP,STRESS_UP
2024-12-09,UP,EXPANSION,EXPANSION,UP,EXPANSION,STRESS_UP,STRESS_UP,UP,EXPANSION,STRESS_UP,CONFIRMED,STRESS_UP,UP,EXPANSION,STRESS_UP,STRESS_UP,UP,EXPANSION,STRESS_UP,STRESS_UP
2024-12-10,UP,EXPANSION,EXPANSION,UP,EXPANSION,STRESS_UP,STRESS_UP,UP,EXPANSION,STRESS_UP,CONFIRMED,STRESS_UP,UP,EXPANSION,STRESS_UP,STRESS_UP,UP,EXPANSION,STRESS_UP,STRESS_UP
2024-12-11,UP,EXPANSION,EXPANSION,UP,EXPANSION,STRESS_UP,STRESS_UP,UP,EXPANSION,STRESS_UP,CONFIRMED,STRESS_UP,UP,EXPANSION,STRESS_UP,STRESS_UP,UP,EXPANSION,STRESS_UP,STRESS_UP
2024-12-12,UP,EXPANSION,EXPANSION,UP,EXPANSION,STRESS_UP,STRESS_UP,UP,EXPANSION,STRESS_UP,CONFIRMED,STRESS_UP,UP,EXPANSION,STRESS_UP,STRESS_UP,UP,EXPANSION,STRESS_UP,STRESS_UP
2024-12-13,UP,EXPANSION,EXPANSION,UP,EXPANSION,STRESS_UP,STRESS_UP,UP,EXPANSION,STRESS_UP,CONFIRMED,STRESS_UP,UP,EXPANSION,STRESS_UP,STRESS_UP,UP,EXPANSION,STRESS_UP,STRESS_UP
2024-12-14,UP,EXPANSION,EXPANSION,UP,EXPANSION,STRESS_UP,STRESS_UP,UP,EXPANSION,STRESS_UP,CONFIRMED,STRESS_UP,UP,EXPANSION,STRESS_UP,STRESS_UP,UP,EXPANSION,STRESS_UP,STRESS_UP
2024-12-15,UP,EXPANSION,EXPANSION,UP,EXPANSION,STRESS_UP,STRESS_UP,UP,EXPANSION,STRESS_UP,UNCONFIRMED,STRESS_UP,UP,EXPANSION,STRESS_UP,STRESS_UP,UP,EXPANSION,STRESS_UP,STRESS_UP
2024-12-16,UP,EXPANSION,EXPANSION,UP,EXPANSION,STRESS_UP,STRESS_UP,UP,EXPANSION,STRESS_UP,CONFIRMED,STRESS_UP,UP,EXPANSION,STRESS_UP,STRESS_UP,UP,EXPANSION,STRESS_UP,STRESS_UP
2024-12-17,UP,EXPANSION,EXPANSION,UP,EXPANSION,STRESS_UP,STRESS_UP,UP,EXPANSION,STRESS_UP,CONFIRMED,STRESS_UP,UP,EXPANSION,STRESS_UP,STRESS_UP,UP,EXPANSION,STRESS_UP,STRESS_UP
2024-12-18,UP,NORMAL,UP,UP,NORMAL,STRESS_UP,STRESS_UP,UP,NORMAL,STRESS_UP,CONFIRMED,STRESS_UP,UP,NORMAL,STRESS_UP,STRESS_UP,UP,EXPANSION,STRESS_UP,STRESS_UP
2024-12-19,UP,NORMAL,UP,UP,NORMAL,STRESS_UP,STRESS_UP,UP,NORMAL,STRESS_UP,CONFIRMED,STRESS_UP,UP,NORMAL,STRESS_UP,STRESS_UP,UP,EXPANSION,STRESS_UP,STRESS_UP
2024-12-20,UP,NORMAL,UP,UP,NORMAL,STRESS_UP,STRESS_UP,UP,NORMAL,STRESS_UP,CONFIRMED,STRESS_UP,UP,NORMAL,STRESS_UP,STRESS_UP,UP,EXPANSION,STRESS_UP,STRESS_UP
2024-12-21,UP,NORMAL,UP,UP,NORMAL,STRESS_UP,STRESS_UP,UP,NORMAL,STRESS_UP,CONFIRMED,STRESS_UP,UP,NORMAL,STRESS_UP,STRESS_UP,UP,EXPANSION,STRESS_UP,STRESS_UP
2024-12-22,UP,NORMAL,UP,UP,NORMAL,STRESS_UP,STRESS_UP,UP,NORMAL,STRESS_UP,CONFIRMED,STRESS_UP,UP,NORMAL,STRESS_UP,STRESS_UP,UP,EXPANSION,STRESS_UP,STRESS_UP
2024-12-23,UP,NORMAL,UP,UP,NORMAL,STRESS_UP,STRESS_UP,UP,NORMAL,STRESS_UP,CONFIRMED,STRESS_UP,UP,NORMAL,STRESS_UP,STRESS_UP,UP,EXPANSION,STRESS_UP,STRESS_UP
2024-12-24,UP,NORMAL,UP,UP,NORMAL,STRESS_UP,STRESS_UP,UP,NORMAL,STRESS_UP,UNCONFIRMED,STRESS_UP,UP,NORMAL,STRESS_UP,STRESS_UP,UP,EXPANSION,STRESS_UP,STRESS_UP
2024-12-25,UP,NORMAL,UP,UP,NORMAL,STRESS_UP,STRESS_UP,UP,NORMAL,STRESS_UP,UNCONFIRMED,STRESS_UP,UP,NORMAL,STRESS_UP,STRESS_UP,UP,EXPANSION,STRESS_UP,STRESS_UP
2024-12-26,UP,NORMAL,UP,UP,NORMAL,STRESS_UP,STRESS_UP,UP,NORMAL,STRESS_UP,UNCONFIRMED,STRESS_UP,UP,NORMAL,STRESS_UP,STRESS_UP,UP,EXPANSION,STRESS_UP,STRESS_UP
2024-12-27,UP,NORMAL,UP,UP,NORMAL,STRESS_UP,STRESS_UP,UP,NORMAL,STRESS_UP,UNCONFIRMED,STRESS_UP,UP,NORMAL,STRESS_UP,STRESS_UP,UP,EXPANSION,STRESS_UP,STRESS_UP
2024-12-28,UP,NORMAL,UP,UP,NORMAL,STRESS_UP,STRESS_UP,UP,NORMAL,STRESS_UP,UNCONFIRMED,STRESS_UP,UP,NORMAL,STRESS_UP,STRESS_UP,UP,EXPANSION,STRESS_UP,STRESS_UP
2024-12-29,UP,NORMAL,UP,UP,NORMAL,STRESS_UP,STRESS_UP,UP,NORMAL,STRESS_UP,UNCONFIRMED,STRESS_UP,UP,NORMAL,STRESS_UP,STRESS_UP,UP,EXPANSION,STRESS_UP,STRESS_UP
2024-12-30,UP,NORMAL,UP,UP,NORMAL,STRESS_UP,STRESS_UP,UP,NORMAL,STRESS_UP,CONFIRMED,STRESS_UP,RANGE,NORMAL,STRESS_UP,STRESS_UP,UP,EXPANSION,STRESS_UP,STRESS_UP
2024-12-31,UP,NORMAL,UP,UP,NORMAL,STRESS_UP,STRESS_UP,UP,NORMAL,STRESS_UP,UNCONFIRMED,STRESS_UP,RANGE,NORMAL,STRESS_UP,STRESS_UP,UP,EXPANSION,STRESS_UP,STRESS_UP
2025-01-01,UP,NORMAL,UP,UP,NORMAL,STRESS_UP,STRESS_UP,UP,NORMAL,STRESS_UP,CONFIRMED,STRESS_UP,RANGE,NORMAL,STRESS_UP,STRESS_UP,UP,EXPANSION,STRESS_UP,STRESS_UP
2025-01-02,UP,NORMAL,UP,UP,NORMAL,STRESS_UP,STRESS_UP,UP,NORMAL,STRESS_UP,CONFIRMED,STRESS_UP,RANGE,NORMAL,STRESS_UP,STRESS_UP,UP,EXPANSION,STRESS_UP,STRESS_UP
2025-01-03,UP,NORMAL,UP,UP,NORMAL,STRESS_UP,STRESS_UP,UP,NORMAL,STRESS_UP,UNCONFIRMED,STRESS_UP,RANGE,NORMAL,STRESS_UP,STRESS_UP,UP,NORMAL,STRESS_UP,STRESS_UP
2025-01-04,UP,NORMAL,UP,UP,NORMAL,STRESS_UP,STRESS_UP,UP,NORMAL,STRESS_UP,UNCONFIRMED,STRESS_UP,RANGE,NORMAL,STRESS_UP,STRESS_UP,UP,NORMAL,STRESS_UP,STRESS_UP
2025-01-05,RANGE,NORMAL,RANGE,RANGE,NORMAL,STRESS_UP,STRESS_UP,RANGE,NORMAL,STRESS_UP,UNCONFIRMED,STRESS_UP,RANGE,NORMAL,STRESS_UP,STRESS_UP,UP,NORMAL,STRESS_UP,STRESS_UP
2025-01-06,RANGE,NORMAL,RANGE,RANGE,NORMAL,STRESS_UP,STRESS_UP,RANGE,NORMAL,STRESS_UP,UNCONFIRMED,STRESS_UP,RANGE,NORMAL,STRESS_UP,STRESS_UP,UP,NORMAL,STRESS_UP,STRESS_UP
2025-01-07,RANGE,NORMAL,RANGE,RANGE,NORMAL,STRESS_UP,STRESS_UP,RANGE,NORMAL,STRESS_UP,CONFIRMED,STRESS_UP,RANGE,NORMAL,STRESS_UP,STRESS_UP,UP,NORMAL,STRESS_UP,STRESS_UP
2025-01-08,RANGE,NORMAL,RANGE,RANGE,NORMAL,STRESS_UP,STRESS_UP,RANGE,NORMAL,STRESS_UP,CONFIRMED,STRESS_UP,RANGE,NORMAL,STRESS_UP,STRESS_UP,UP,NORMAL,STRESS_UP,STRESS_UP
2025-01-09,RANGE,NORMAL,RANGE,RANGE,NORMAL,STRESS_UP,STRESS_UP,RANGE,NORMAL,STRESS_UP,CONFIRMED,STRESS_UP,RANGE,NORMAL,STRESS_UP,STRESS_UP,UP,NORMAL,STRESS_UP,STRESS_UP
2025-01-10,RANGE,NORMAL,RANGE,RANGE,NORMAL,STRESS_UP,STRESS_UP,RANGE,NORMAL,STRESS_UP,UNCONFIRMED,STRESS_UP,RANGE,NORMAL,STRESS_UP,STRESS_UP,UP,NORMAL,STRESS_UP,STRESS_UP
2025-01-11,RANGE,NORMAL,RANGE,RANGE,NORMAL,STRESS_UP,STRESS_UP,RANGE,NORMAL,STRESS_UP,CONFIRMED,STRESS_UP,RANGE,NORMAL,STRESS_UP,STRESS_UP,UP,NORMAL,STRESS_UP,STRESS_UP
2025-01-12,RANGE,NORMAL,RANGE,RANGE,NORMAL,STRESS_UP,STRESS_UP,RANGE,NORMAL,STRESS_UP,UNCONFIRMED,STRESS_UP,RANGE,NORMAL,STRESS_UP,STRESS_UP,UP,NORMAL,STRESS_UP,STRESS_UP
2025-01-13,RANGE,NORMAL,RANGE,RANGE,NORMAL,STRESS_UP,STRESS_UP,RANGE,NORMAL,STRESS_UP,CONFIRMED,STRESS_UP,RANGE,NORMAL,STRESS_UP,STRESS_UP,RANGE,NORMAL,STRESS_UP,STRESS_UP
2025-01-14,RANGE,NORMAL,RANGE,RANGE,NORMAL,STRESS_UP,STRESS_UP,RANGE,NORMAL,STRESS_UP,CONFIRMED,STRESS_UP,RANGE,NORMAL,STRESS_UP,STRESS_UP,RANGE,NORMAL,STRESS_UP,STRESS_UP
2025-01-15,RANGE,EXPANSION,EXPANSION,RANGE,EXPANSION,CALM,EXPANSION,RANGE,EXPANSION,CALM,CONFIRMED,EXPANSION,RANGE,EXPANSION,CALM,EXPANSION,UP,NORMAL,CALM,UP
2025-01-16,RANGE,EXPANSION,EXPANSION,RANGE,EXPANSION,STRESS_UP,STRESS_UP,RANGE,EXPANSION,STRESS_UP,CONFIRMED,STRESS_UP,RANGE,EXPANSION,STRESS_UP,STRESS_UP,UP,NORMAL,STRESS_UP,STRESS_UP
2025-01-17,UP,EXPANSION,EXPANSION,UP,EXPANSION,STRESS_UP,STRESS_UP,UP,EXPANSION,STRESS_UP,CONFIRMED,STRESS_UP,RANGE,EXPANSION,STRESS_UP,STRESS_UP,UP,NORMAL,STRESS_UP,STRESS_UP
2025-01-18,UP,EXPANSION,EXPANSION,UP,EXPANSION,STRESS_UP,STRESS_UP,UP,EXPANSION,STRESS_UP,CONFIRMED,STRESS_UP,RANGE,EXPANSION,STRESS_UP,STRESS_UP,UP,NORMAL,STRESS_UP,STRESS_UP
2025-01-19,UP,EXPANSION,EXPANSION,UP,EXPANSION,STRESS_UP,STRESS_UP,UP,EXPANSION,STRESS_UP,CONFIRMED,STRESS_UP,RANGE,EXPANSION,STRESS_UP,STRESS_UP,UP,EXPANSION,STRESS_UP,STRESS_UP
2025-01-20,UP,EXPANSION,EXPANSION,UP,EXPANSION,STRESS_UP,STRESS_UP,UP,EXPANSION,STRESS_UP,CONFIRMED,STRESS_UP,RANGE,EXPANSION,STRESS_UP,STRESS_UP,UP,EXPANSION,STRESS_UP,STRESS_UP
2025-01-21,UP,EXPANSION,EXPANSION,UP,EXPANSION,STRESS_UP,STRESS_UP,UP,EXPANSION,STRESS_UP,CONFIRMED,STRESS_UP,RANGE,EXPANSION,STRESS_UP,STRESS_UP,UP,NORMAL,STRESS_UP,STRESS_UP
2025-01-22,UP,EXPANSION,EXPANSION,UP,EXPANSION,STRESS_UP,STRESS_UP,UP,EXPANSION,STRESS_UP,CONFIRMED,STRESS_UP,RANGE,EXPANSION,STRESS_UP,STRESS_UP,UP,NORMAL,STRESS_UP,STRESS_UP
2025-01-23,UP,EXPANSION,EXPANSION,UP,EXPANSION,STRESS_UP,STRESS_UP,UP,EXPANSION,STRESS_UP,CONFIRMED,STRESS_UP,RANGE,EXPANSION,STRESS_UP,STRESS_UP,UP,NORMAL,STRESS_UP,STRESS_UP
2025-01-24,UP,EXPANSION,EXPANSION,UP,EXPANSION,STRESS_UP,STRESS_UP,UP,EXPANSION,STRESS_UP,UNCONFIRMED,STRESS_UP,RANGE,EXPANSION,STRESS_UP,STRESS_UP,UP,NORMAL,STRESS_UP,STRESS_UP
2025-01-25,UP,EXPANSION,EXPANSION,UP,EXPANSION,STRESS_UP,STRESS_UP,UP,EXPANSION,STRESS_UP,UNCONFIRMED,STRESS_UP,RANGE,EXPANSION,STRESS_UP,STRESS_UP,UP,NORMAL,STRESS_UP,STRESS_UP
2025-01-26,UP,EXPANSION,EXPANSION,UP,EXPANSION,STRESS_UP,STRESS_UP,UP,EXPANSION,STRESS_UP,UNCONFIRMED,STRESS_UP,RANGE,EXPANSION,STRESS_UP,STRESS_UP,UP,NORMAL,STRESS_UP,STRESS_UP
2025-01-27,RANGE,NORMAL,RANGE,RANGE,NORMAL,STRESS_UP,STRESS_UP,RANGE,NORMAL,STRESS_UP,CONFIRMED,STRESS_UP,RANGE,NORMAL,STRESS_UP,STRESS_UP,UP,NORMAL,STRESS_UP,STRESS_UP
2025-01-28,RANGE,NORMAL,RANGE,RANGE,NORMAL,STRESS_UP,STRESS_UP,RANGE,NORMAL,STRESS_UP,CONFIRMED,STRESS_UP,RANGE,NORMAL,STRESS_UP,STRESS_UP,UP,NORMAL,STRESS_UP,STRESS_UP
2025-01-29,RANGE,NORMAL,RANGE,RANGE,NORMAL,STRESS_UP,STRESS_UP,RANGE,NORMAL,STRESS_UP,UNCONFIRMED,STRESS_UP,RANGE,NORMAL,STRESS_UP,STRESS_UP,UP,NORMAL,STRESS_UP,STRESS_UP
2025-01-30,RANGE,NORMAL,RANGE,RANGE,NORMAL,CALM,RANGE,RANGE,NORMAL,CALM,UNCONFIRMED,RANGE,RANGE,NORMAL,CALM,RANGE,UP,NORMAL,CALM,UP
2025-01-31,RANGE,NORMAL,RANGE,RANGE,NORMAL,CALM,RANGE,RANGE,NORMAL,CALM,UNCONFIRMED,RANGE,RANGE,NORMAL,CALM,RANGE,UP,NORMAL,CALM,UP
2025-02-01,RANGE,NORMAL,RANGE,RANGE,NORMAL,STRESS_UP,STRESS_UP,RANGE,NORMAL,STRESS_UP,UNCONFIRMED,STRESS_UP,RANGE,NORMAL,STRESS_UP,STRESS_UP,UP,NORMAL,STRESS_UP,STRESS_UP
2025-02-02,RANGE,NORMAL,RANGE,RANGE,NORMAL,STRESS_UP,STRESS_UP,RANGE,NORMAL,STRESS_UP,CONFIRMED,STRESS_UP,RANGE,NORMAL,STRESS_UP,STRESS_UP,UP,EXPANSION,STRESS_UP,STRESS_UP
2025-02-03,UP,NORMAL,UP,UP,NORMAL,STRESS_UP,STRESS_UP,UP,NORMAL,STRESS_UP,CONFIRMED,STRESS_UP,RANGE,NORMAL,STRESS_UP,STRESS_UP,UP,EXPANSION,STRESS_UP,STRESS_UP
2025-02-04,UP,NORMAL,UP,UP,NORMAL,STRESS_UP,STRESS_UP,UP,NORMAL,STRESS_UP,CONFIRMED,STRESS_UP,RANGE,NORMAL,STRESS_UP,STRESS_UP,UP,EXPANSION,STRESS_UP,STRESS_UP
2025-02-05,UP,NORMAL,UP,UP,NORMAL,STRESS_UP,STRESS_UP,UP,NORMAL,STRESS_UP,CONFIRMED,STRESS_UP,UP,NORMAL,STRESS_UP,STRESS_UP,UP,EXPANSION,STRESS_UP,STRESS_UP
2025-02-06,UP,NORMAL,UP,UP,NORMAL,STRESS_UP,STRESS_UP,UP,NORMAL,STRESS_UP,CONFIRMED,STRESS_UP,UP,NORMAL,STRESS_UP,STRESS_UP,UP,EXPANSION,STRESS_UP,STRESS_UP
2025-02-07,UP,NORMAL,UP,UP,NORMAL,STRESS_UP,STRESS_UP,UP,NORMAL,STRESS_UP,CONFIRMED,STRESS_UP,UP,NORMAL,STRESS_UP,STRESS_UP,UP,EXPANSION,STRESS_UP,STRESS_UP
2025-02-08,UP,NORMAL,UP,UP,NORMAL,STRESS_UP,STRESS_UP,UP,NORMAL,STRESS_UP,UNCONFIRMED,STRESS_UP,UP,NORMAL,STRESS_UP,STRESS_UP,UP,EXPANSION,STRESS_UP,STRESS_UP
2025-02-09,UP,NORMAL,UP,UP,NORMAL,STRESS_UP,STRESS_UP,UP,NORMAL,STRESS_UP,UNCONFIRMED,STRESS_UP,UP,NORMAL,STRESS_UP,STRESS_UP,UP,EXPANSION,STRESS_UP,STRESS_UP
2025-02-10,UP,NORMAL,UP,UP,NORMAL,STRESS_UP,STRESS_UP,UP,NORMAL,STRESS_UP,UNCONFIRMED,STRESS_UP,UP,NORMAL,STRESS_UP,STRESS_UP,UP,EXPANSION,STRESS_UP,STRESS_UP
2025-02-11,UP,NORMAL,UP,UP,NORMAL,STRESS_UP,STRESS_UP,UP,NORMAL,STRESS_UP,UNCONFIRMED,STRESS_UP,UP,NORMAL,STRESS_UP,STRESS_UP,UP,EXPANSION,STRESS_UP,STRESS_UP
2025-02-12,UP,NORMAL,UP,UP,NORMAL,STRESS_UP,STRESS_UP,UP,NORMAL,STRESS_UP,UNCONFIRMED,STRESS_UP,UP,NORMAL,STRESS_UP,STRESS_UP,UP,EXPANSION,STRESS_UP,STRESS_UP
2025-02-13,UP,NORMAL,UP,UP,NORMAL,STRESS_UP,STRESS_UP,UP,NORMAL,STRESS_UP,UNCONFIRMED,STRESS_UP,UP,NORMAL,STRESS_UP,STRESS_UP,UP,EXPANSION,STRESS_UP,STRESS_UP
2025-02-14,UP,NORMAL,UP,UP,NORMAL,STRESS_UP,STRESS_UP,UP,NORMAL,STRESS_UP,CONFIRMED,STRESS_UP,UP,NORMAL,STRESS_UP,STRESS_UP,UP,EXPANSION,STRESS_UP,STRESS_UP
2025-02-15,UP,NORMAL,UP,UP,NORMAL,STRESS_UP,STRESS_UP,UP,NORMAL,STRESS_UP,UNCONFIRMED,STRESS_UP,UP,NORMAL,STRESS_UP,STRESS_UP,UP,NORMAL,STRESS_UP,STRESS_UP
2025-02-16,UP,NORMAL,UP,UP,NORMAL,STRESS_UP,STRESS_UP,UP,NORMAL,STRESS_UP,UNCONFIRMED,STRESS_UP,UP,NORMAL,STRESS_UP,STRESS_UP,UP,NORMAL,STRESS_UP,STRESS_UP
2025-02-17,UP,NORMAL,UP,UP,NORMAL,STRESS_UP,STRESS_UP,UP,NORMAL,STRESS_UP,UNCONFIRMED,STRESS_UP,UP,NORMAL,STRESS_UP,STRESS_UP,UP,NORMAL,STRESS_UP,STRESS_UP
2025-02-18,UP,NORMAL,UP,UP,NORMAL,STRESS_UP,STRESS_UP,UP,NORMAL,STRESS_UP,UNCONFIRMED,STRESS_UP,UP,NORMAL,STRESS_UP,STRESS_UP,UP,EXPANSION,STRESS_UP,STRESS_UP
2025-02-19,UP,NORMAL,UP,UP,NORMAL,STRESS_UP,STRESS_UP,UP,NORMAL,STRESS_UP,UNCONFIRMED,STRESS_UP,UP,NORMAL,STRESS_UP,STRESS_UP,UP,NORMAL,STRESS_UP,STRESS_UP
2025-02-20,UP,NORMAL,UP,UP,NORMAL,STRESS_UP,STRESS_UP,UP,NORMAL,STRESS_UP,UNCONFIRMED,STRESS_UP,UP,NORMAL,STRESS_UP,STRESS_UP,UP,NORMAL,STRESS_UP,STRESS_UP
2025-02-21,UP,NORMAL,UP,UP,NORMAL,STRESS_UP,STRESS_UP,UP,NORMAL,STRESS_UP,UNCONFIRMED,STRESS_UP,UP,NORMAL,STRESS_UP,STRESS_UP,UP,NORMAL,STRESS_UP,STRESS_UP
2025-02-22,UP,NORMAL,UP,UP,NORMAL,STRESS_UP,STRESS_UP,UP,NORMAL,STRESS_UP,UNCONFIRMED,STRESS_UP,UP,NORMAL,STRESS_UP,STRESS_UP,UP,NORMAL,STRESS_UP,STRESS_UP
2025-02-23,UP,NORMAL,UP,UP,NORMAL,CALM,UP,UP,NORMAL,CALM,UNCONFIRMED,UP,UP,NORMAL,CALM,UP,UP,NORMAL,CALM,UP
2025-02-24,DOWN,NORMAL,DOWN,RANGE,NORMAL,STRESS_UP,STRESS_UP,RANGE,NORMAL,STRESS_UP,CONFIRMED,STRESS_UP,RANGE,NORMAL,STRESS_UP,STRESS_UP,RANGE,EXPANSION,STRESS_UP,STRESS_UP
2025-02-25,DOWN,NORMAL,DOWN,RANGE,NORMAL,STRESS_UP,STRESS_UP,RANGE,NORMAL,STRESS_UP,CONFIRMED,STRESS_UP,RANGE,NORMAL,STRESS_UP,STRESS_UP,RANGE,EXPANSION,STRESS_UP,STRESS_UP
2025-02-26,DOWN,NORMAL,DOWN,RANGE,NORMAL,STRESS_UP,STRESS_UP,RANGE,NORMAL,STRESS_UP,CONFIRMED,STRESS_UP,RANGE,NORMAL,STRESS_UP,STRESS_UP,RANGE,EXPANSION,STRESS_UP,STRESS_UP
2025-02-27,DOWN,NORMAL,DOWN,RANGE,NORMAL,STRESS_UP,STRESS_UP,RANGE,NORMAL,STRESS_UP,UNCONFIRMED,STRESS_UP,RANGE,NORMAL,STRESS_UP,STRESS_UP,RANGE,EXPANSION,STRESS_UP,STRESS_UP
2025-02-28,DOWN,NORMAL,DOWN,RANGE,NORMAL,STRESS_UP,STRESS_UP,RANGE,NORMAL,STRESS_UP,CONFIRMED,STRESS_UP,RANGE,NORMAL,STRESS_UP,STRESS_UP,RANGE,EXPANSION,STRESS_UP,STRESS_UP
2025-03-01,DOWN,NORMAL,DOWN,RANGE,NORMAL,STRESS_UP,STRESS_UP,RANGE,NORMAL,STRESS_UP,UNCONFIRMED,STRESS_UP,RANGE,NORMAL,STRESS_UP,STRESS_UP,RANGE,EXPANSION,STRESS_UP,STRESS_UP
2025-03-02,UP,NORMAL,UP,UP,NORMAL,STRESS_UP,STRESS_UP,UP,NORMAL,STRESS_UP,CONFIRMED,STRESS_UP,UP,NORMAL,STRESS_UP,STRESS_UP,UP,NORMAL,STRESS_UP,STRESS_UP
2025-03-03,DOWN,NORMAL,DOWN,RANGE,NORMAL,STRESS_UP,STRESS_UP,RANGE,NORMAL,STRESS_UP,CONFIRMED,STRESS_UP,RANGE,NORMAL,STRESS_UP,STRESS_UP,RANGE,EXPANSION,STRESS_UP,STRESS_UP
2025-03-04,DOWN,NORMAL,DOWN,RANGE,NORMAL,STRESS_UP,STRESS_UP,RANGE,NORMAL,STRESS_UP,CONFIRMED,STRESS_UP,RANGE,NORMAL,STRESS_UP,STRESS_UP,RANGE,EXPANSION,STRESS_UP,STRESS_UP
2025-03-05,DOWN,NORMAL,DOWN,RANGE,NORMAL,STRESS_UP,STRESS_UP,RANGE,NORMAL,STRESS_UP,UNCONFIRMED,STRESS_UP,RANGE,NORMAL,STRESS_UP,STRESS_UP,RANGE,EXPANSION,STRESS_UP,STRESS_UP
2025-03-06,UP,NORMAL,UP,UP,NORMAL,STRESS_UP,STRESS_UP,UP,NORMAL,STRESS_UP,CONFIRMED,STRESS_UP,UP,NORMAL,STRESS_UP,STRESS_UP,UP,EXPANSION,STRESS_UP,STRESS_UP
2025-03-07,DOWN,NORMAL,DOWN,RANGE,NORMAL,STRESS_UP,STRESS_UP,RANGE,NORMAL,STRESS_UP,CONFIRMED,STRESS_UP,RANGE,NORMAL,STRESS_UP,STRESS_UP,RANGE,EXPANSION,STRESS_UP,STRESS_UP
2025-03-08,DOWN,NORMAL,DOWN,RANGE,NORMAL,CALM,RANGE,RANGE,NORMAL,CALM,UNCONFIRMED,RANGE,RANGE,NORMAL,CALM,RANGE,RANGE,EXPANSION,STRESS_UP,STRESS_UP
2025-03-09,DOWN,NORMAL,DOWN,RANGE,NORMAL,CALM,RANGE,RANGE,NORMAL,CALM,UNCONFIRMED,RANGE,RANGE,NORMAL,CALM,RANGE,RANGE,EXPANSION,CALM,EXPANSION
2025-03-10,DOWN,NORMAL,DOWN,RANGE,NORMAL,CALM,RANGE,RANGE,NORMAL,CALM,CONFIRMED,RANGE,RANGE,NORMAL,CALM,RANGE,RANGE,EXPANSION,CALM,EXPANSION
2025-03-11,DOWN,NORMAL,DOWN,RANGE,NORMAL,CALM,RANGE,RANGE,NORMAL,CALM,CONFIRMED,RANGE,RANGE,NORMAL,CALM,RANGE,RANGE,EXPANSION,CALM,EXPANSION
2025-03-12,DOWN,NORMAL,DOWN,RANGE,NORMAL,CALM,RANGE,RANGE,NORMAL,CALM,UNCONFIRMED,RANGE,RANGE,NORMAL,CALM,RANGE,RANGE,EXPANSION,CALM,EXPANSION
2025-03-13,DOWN,NORMAL,DOWN,RANGE,NORMAL,CALM,RANGE,RANGE,NORMAL,CALM,UNCONFIRMED,RANGE,RANGE,NORMAL,CALM,RANGE,RANGE,EXPANSION,CALM,EXPANSION
2025-03-14,DOWN,NORMAL,DOWN,RANGE,NORMAL,CALM,RANGE,RANGE,NORMAL,CALM,UNCONFIRMED,RANGE,RANGE,NORMAL,CALM,RANGE,RANGE,EXPANSION,CALM,EXPANSION
2025-03-15,DOWN,NORMAL,DOWN,RANGE,NORMAL,CALM,RANGE,RANGE,NORMAL,CALM,UNCONFIRMED,RANGE,RANGE,NORMAL,CALM,RANGE,RANGE,NORMAL,CALM,RANGE
2025-03-16,RANGE,NORMAL,RANGE,RANGE,NORMAL,CALM,RANGE,RANGE,NORMAL,CALM,UNCONFIRMED,RANGE,RANGE,NORMAL,CALM,RANGE,RANGE,EXPANSION,CALM,EXPANSION
2025-03-17,RANGE,NORMAL,RANGE,RANGE,NORMAL,CALM,RANGE,RANGE,NORMAL,CALM,UNCONFIRMED,RANGE,RANGE,NORMAL,CALM,RANGE,RANGE,NORMAL,CALM,RANGE
2025-03-18,RANGE,NORMAL,RANGE,RANGE,NORMAL,CALM,RANGE,RANGE,NORMAL,CALM,UNCONFIRMED,RANGE,RANGE,NORMAL,CALM,RANGE,DOWN,NORMAL,CALM,DOWN
2025-03-19,RANGE,NORMAL,RANGE,RANGE,NORMAL,CALM,RANGE,RANGE,NORMAL,CALM,CONFIRMED,RANGE,RANGE,NORMAL,CALM,RANGE,RANGE,NORMAL,STRESS_UP,STRESS_UP
2025-03-20,RANGE,NORMAL,RANGE,RANGE,NORMAL,CALM,RANGE,RANGE,NORMAL,CALM,UNCONFIRMED,RANGE,RANGE,NORMAL,CALM,RANGE,DOWN,NORMAL,CALM,DOWN
2025-03-21,RANGE,NORMAL,RANGE,RANGE,NORMAL,CALM,RANGE,RANGE,NORMAL,CALM,UNCONFIRMED,RANGE,RANGE,NORMAL,CALM,RANGE,DOWN,NORMAL,CALM,DOWN
2025-03-22,RANGE,NORMAL,RANGE,RANGE,NORMAL,CALM,RANGE,RANGE,NORMAL,CALM,UNCONFIRMED,RANGE,RANGE,NORMAL,CALM,RANGE,RANGE,NORMAL,CALM,RANGE
2025-03-23,RANGE,NORMAL,RANGE,RANGE,NORMAL,CALM,RANGE,RANGE,NORMAL,CALM,UNCONFIRMED,RANGE,RANGE,NORMAL,CALM,RANGE,RANGE,NORMAL,CALM,RANGE
2025-03-24,RANGE,NORMAL,RANGE,RANGE,NORMAL,CALM,RANGE,RANGE,NORMAL,CALM,UNCONFIRMED,RANGE,RANGE,NORMAL,CALM,RANGE,RANGE,NORMAL,CALM,RANGE
2025-03-25,RANGE,NORMAL,RANGE,RANGE,NORMAL,CALM,RANGE,RANGE,NORMAL,CALM,UNCONFIRMED,RANGE,RANGE,NORMAL,CALM,RANGE,RANGE,NORMAL,CALM,RANGE
2025-03-26,RANGE,NORMAL,RANGE,RANGE,NORMAL,CALM,RANGE,RANGE,NORMAL,CALM,UNCONFIRMED,RANGE,RANGE,NORMAL,CALM,RANGE,RANGE,NORMAL,CALM,RANGE
2025-03-27,RANGE,NORMAL,RANGE,RANGE,NORMAL,CALM,RANGE,RANGE,NORMAL,CALM,UNCONFIRMED,RANGE,RANGE,NORMAL,CALM,RANGE,RANGE,NORMAL,CALM,RANGE
2025-03-28,RANGE,NORMAL,RANGE,RANGE,NORMAL,CALM,RANGE,RANGE,NORMAL,CALM,UNCONFIRMED,RANGE,RANGE,NORMAL,CALM,RANGE,RANGE,NORMAL,CALM,RANGE
2025-03-29,RANGE,NORMAL,RANGE,RANGE,NORMAL,CALM,RANGE,RANGE,NORMAL,CALM,UNCONFIRMED,RANGE,RANGE,NORMAL,CALM,RANGE,RANGE,NORMAL,CALM,RANGE
2025-03-30,RANGE,NORMAL,RANGE,RANGE,NORMAL,CALM,RANGE,RANGE,NORMAL,CALM,UNCONFIRMED,RANGE,RANGE,NORMAL,CALM,RANGE,RANGE,NORMAL,CALM,RANGE
2025-03-31,RANGE,NORMAL,RANGE,RANGE,NORMAL,CALM,RANGE,RANGE,NORMAL,CALM,UNCONFIRMED,RANGE,RANGE,NORMAL,CALM,RANGE,RANGE,NORMAL,CALM,RANGE
2025-04-01,RANGE,NORMAL,RANGE,RANGE,NORMAL,CALM,RANGE,RANGE,NORMAL,CALM,UNCONFIRMED,RANGE,RANGE,NORMAL,CALM,RANGE,DOWN,NORMAL,CALM,DOWN
2025-04-02,RANGE,NORMAL,RANGE,RANGE,NORMAL,CALM,RANGE,RANGE,NORMAL,CALM,CONFIRMED,RANGE,RANGE,NORMAL,CALM,RANGE,DOWN,NORMAL,CALM,DOWN
2025-04-03,RANGE,NORMAL,RANGE,RANGE,NORMAL,CALM,RANGE,RANGE,NORMAL,CALM,CONFIRMED,RANGE,RANGE,NORMAL,CALM,RANGE,DOWN,NORMAL,CALM,DOWN
2025-04-04,RANGE,NORMAL,RANGE,RANGE,NORMAL,CALM,RANGE,RANGE,NORMAL,CALM,UNCONFIRMED,RANGE,RANGE,NORMAL,CALM,RANGE,DOWN,NORMAL,CALM,DOWN
2025-04-05,RANGE,NORMAL,RANGE,RANGE,NORMAL,CALM,RANGE,RANGE,NORMAL,CALM,UNCONFIRMED,RANGE,RANGE,NORMAL,CALM,RANGE,DOWN,NORMAL,CALM,DOWN
2025-04-06,RANGE,NORMAL,RANGE,RANGE,NORMAL,CALM,RANGE,RANGE,NORMAL,CALM,UNCONFIRMED,RANGE,RANGE,NORMAL,CALM,RANGE,DOWN,NORMAL,CALM,DOWN
2025-04-07,DOWN,NORMAL,DOWN,DOWN,NORMAL,CALM,DOWN,DOWN,NORMAL,CALM,CONFIRMED,DOWN,RANGE,NORMAL,CALM,RANGE,DOWN,NORMAL,CALM,DOWN
2025-04-08,DOWN,NORMAL,DOWN,DOWN,NORMAL,STRESS_DOWN,STRESS_DOWN,DOWN,NORMAL,STRESS_DOWN,CONFIRMED,STRESS_DOWN,RANGE,NORMAL,STRESS_DOWN,STRESS_DOWN,DOWN,EXPANSION,STRESS_DOWN,STRESS_DOWN
2025-04-09,DOWN,NORMAL,DOWN,DOWN,NORMAL,CALM,DOWN,DOWN,NORMAL,CALM,CONFIRMED,DOWN,RANGE,NORMAL,CALM,RANGE,DOWN,NORMAL,CALM,DOWN
2025-04-10,DOWN,NORMAL,DOWN,DOWN,NORMAL,CALM,DOWN,DOWN,NORMAL,CALM,UNCONFIRMED,DOWN,RANGE,NORMAL,CALM,RANGE,DOWN,EXPANSION,CALM,EXPANSION
2025-04-11,DOWN,NORMAL,DOWN,DOWN,NORMAL,CALM,DOWN,DOWN,NORMAL,CALM,UNCONFIRMED,DOWN,RANGE,NORMAL,CALM,RANGE,DOWN,NORMAL,CALM,DOWN
2025-04-12,DOWN,NORMAL,DOWN,DOWN,NORMAL,CALM,DOWN,DOWN,NORMAL,CALM,UNCONFIRMED,DOWN,RANGE,NORMAL,CALM,RANGE,DOWN,NORMAL,CALM,DOWN
2025-04-13,DOWN,NORMAL,DOWN,DOWN,NORMAL,CALM,DOWN,DOWN,NORMAL,CALM,UNCONFIRMED,DOWN,RANGE,NORMAL,CALM,RANGE,DOWN,NORMAL,CALM,DOWN
2025-04-14,DOWN,NORMAL,DOWN,DOWN,NORMAL,CALM,DOWN,DOWN,NORMAL,CALM,UNCONFIRMED,DOWN,RANGE,NORMAL,CALM,RANGE,DOWN,NORMAL,CALM,DOWN
2025-04-15,DOWN,NORMAL,DOWN,DOWN,NORMAL,CALM,DOWN,DOWN,NORMAL,CALM,UNCONFIRMED,DOWN,RANGE,NORMAL,CALM,RANGE,DOWN,NORMAL,CALM,DOWN
2025-04-16,DOWN,NORMAL,DOWN,DOWN,NORMAL,CALM,DOWN,DOWN,NORMAL,CALM,UNCONFIRMED,DOWN,RANGE,NORMAL,CALM,RANGE,DOWN,NORMAL,CALM,DOWN
2025-04-17,DOWN,NORMAL,DOWN,DOWN,NORMAL,CALM,DOWN,DOWN,NORMAL,CALM,UNCONFIRMED,DOWN,RANGE,NORMAL,CALM,RANGE,DOWN,NORMAL,CALM,DOWN
2025-04-18,DOWN,NORMAL,DOWN,DOWN,NORMAL,CALM,DOWN,DOWN,NORMAL,CALM,UNCONFIRMED,DOWN,RANGE,NORMAL,CALM,RANGE,DOWN,NORMAL,CALM,DOWN
2025-04-19,DOWN,NORMAL,DOWN,DOWN,NORMAL,CALM,DOWN,DOWN,NORMAL,CALM,UNCONFIRMED,DOWN,RANGE,NORMAL,CALM,RANGE,DOWN,NORMAL,CALM,DOWN
2025-04-20,DOWN,NORMAL,DOWN,DOWN,NORMAL,CALM,DOWN,DOWN,NORMAL,CALM,UNCONFIRMED,DOWN,RANGE,NORMAL,CALM,RANGE,DOWN,NORMAL,CALM,DOWN
2025-04-21,DOWN,NORMAL,DOWN,DOWN,NORMAL,CALM,DOWN,DOWN,NORMAL,CALM,UNCONFIRMED,DOWN,RANGE,NORMAL,CALM,RANGE,DOWN,NORMAL,CALM,DOWN
2025-04-22,RANGE,NORMAL,RANGE,RANGE,NORMAL,CALM,RANGE,RANGE,NORMAL,CALM,UNCONFIRMED,RANGE,RANGE,NORMAL,CALM,RANGE,DOWN,NORMAL,CALM,DOWN
2025-04-23,RANGE,NORMAL,RANGE,RANGE,NORMAL,CALM,RANGE,RANGE,NORMAL,CALM,UNCONFIRMED,RANGE,RANGE,NORMAL,CALM,RANGE,DOWN,NORMAL,CALM,DOWN
2025-04-24,RANGE,NORMAL,RANGE,RANGE,NORMAL,CALM,RANGE,RANGE,NORMAL,CALM,UNCONFIRMED,RANGE,RANGE,NORMAL,CALM,RANGE,DOWN,NORMAL,CALM,DOWN
2025-04-25,RANGE,NORMAL,RANGE,RANGE,NORMAL,CALM,RANGE,RANGE,NORMAL,CALM,UNCONFIRMED,RANGE,RANGE,NORMAL,CALM,RANGE,DOWN,NORMAL,CALM,DOWN
2025-04-26,RANGE,NORMAL,RANGE,RANGE,NORMAL,CALM,RANGE,RANGE,NORMAL,CALM,UNCONFIRMED,RANGE,RANGE,NORMAL,CALM,RANGE,DOWN,NORMAL,CALM,DOWN
2025-04-27,RANGE,NORMAL,RANGE,RANGE,NORMAL,CALM,RANGE,RANGE,NORMAL,CALM,UNCONFIRMED,RANGE,RANGE,NORMAL,CALM,RANGE,RANGE,NORMAL,CALM,RANGE
2025-04-28,RANGE,SQUEEZE,SQUEEZE,RANGE,SQUEEZE,CALM,SQUEEZE,RANGE,SQUEEZE,CALM,UNCONFIRMED,SQUEEZE,RANGE,SQUEEZE,CALM,SQUEEZE,DOWN,NORMAL,CALM,DOWN
2025-04-29,RANGE,SQUEEZE,SQUEEZE,RANGE,SQUEEZE,CALM,SQUEEZE,RANGE,SQUEEZE,CALM,UNCONFIRMED,SQUEEZE,RANGE,SQUEEZE,CALM,SQUEEZE,DOWN,NORMAL,CALM,DOWN
2025-04-30,RANGE,SQUEEZE,SQUEEZE,RANGE,SQUEEZE,CALM,SQUEEZE,RANGE,SQUEEZE,CALM,UNCONFIRMED,SQUEEZE,RANGE,SQUEEZE,CALM,SQUEEZE,RANGE,NORMAL,CALM,RANGE
2025-05-01,RANGE,SQUEEZE,SQUEEZE,RANGE,SQUEEZE,CALM,SQUEEZE,RANGE,SQUEEZE,CALM,UNCONFIRMED,SQUEEZE,RANGE,SQUEEZE,CALM,SQUEEZE,RANGE,NORMAL,CALM,RANGE
2025-05-02,RANGE,SQUEEZE,SQUEEZE,RANGE,SQUEEZE,CALM,SQUEEZE,RANGE,SQUEEZE,CALM,UNCONFIRMED,SQUEEZE,RANGE,SQUEEZE,CALM,SQUEEZE,RANGE,NORMAL,CALM,RANGE
2025-05-03,RANGE,SQUEEZE,SQUEEZE,RANGE,SQUEEZE,CALM,SQUEEZE,RANGE,SQUEEZE,CALM,UNCONFIRMED,SQUEEZE,RANGE,SQUEEZE,CALM,SQUEEZE,RANGE,NORMAL,CALM,RANGE
2025-05-04,RANGE,SQUEEZE,SQUEEZE,RANGE,SQUEEZE,CALM,SQUEEZE,RANGE,SQUEEZE,CALM,UNCONFIRMED,SQUEEZE,RANGE,SQUEEZE,CALM,SQUEEZE,RANGE,NORMAL,CALM,RANGE
2025-05-05,RANGE,SQUEEZE,SQUEEZE,RANGE,SQUEEZE,CALM,SQUEEZE,RANGE,SQUEEZE,CALM,UNCONFIRMED,SQUEEZE,RANGE,SQUEEZE,CALM,SQUEEZE,RANGE,NORMAL,CALM,RANGE
2025-05-06,RANGE,SQUEEZE,SQUEEZE,RANGE,SQUEEZE,CALM,SQUEEZE,RANGE,SQUEEZE,CALM,UNCONFIRMED,SQUEEZE,RANGE,SQUEEZE,CALM,SQUEEZE,RANGE,NORMAL,CALM,RANGE
2025-05-07,RANGE,SQUEEZE,SQUEEZE,RANGE,SQUEEZE,CALM,SQUEEZE,RANGE,SQUEEZE,CALM,UNCONFIRMED,SQUEEZE,RANGE,SQUEEZE,CALM,SQUEEZE,RANGE,NORMAL,CALM,RANGE
2025-05-08,RANGE,SQUEEZE,SQUEEZE,RANGE,SQUEEZE,CALM,SQUEEZE,RANGE,SQUEEZE,CALM,UNCONFIRMED,SQUEEZE,RANGE,SQUEEZE,CALM,SQUEEZE,RANGE,NORMAL,CALM,RANGE
2025-05-09,RANGE,SQUEEZE,SQUEEZE,RANGE,SQUEEZE,CALM,SQUEEZE,RANGE,SQUEEZE,CALM,CONFIRMED,SQUEEZE,RANGE,SQUEEZE,CALM,SQUEEZE,RANGE,NORMAL,CALM,RANGE
2025-05-10,RANGE,SQUEEZE,SQUEEZE,RANGE,SQUEEZE,CALM,SQUEEZE,RANGE,SQUEEZE,CALM,UNCONFIRMED,SQUEEZE,RANGE,SQUEEZE,CALM,SQUEEZE,RANGE,NORMAL,CALM,RANGE
2025-05-11,RANGE,SQUEEZE,SQUEEZE,RANGE,SQUEEZE,CALM,SQUEEZE,RANGE,SQUEEZE,CALM,UNCONFIRMED,SQUEEZE,RANGE,SQUEEZE,CALM,SQUEEZE,RANGE,NORMAL,CALM,RANGE
2025-05-12,RANGE,NORMAL,RANGE,RANGE,NORMAL,CALM,RANGE,RANGE,NORMAL,CALM,CONFIRMED,RANGE,RANGE,NORMAL,CALM,RANGE,RANGE,NORMAL,CALM,RANGE
2025-05-13,RANGE,NORMAL,RANGE,RANGE,NORMAL,CALM,RANGE,RANGE,NORMAL,CALM,UNCONFIRMED,RANGE,RANGE,NORMAL,CALM,RANGE,RANGE,NORMAL,CALM,RANGE
2025-05-14,UP,NORMAL,UP,RANGE,NORMAL,CALM,RANGE,RANGE,NORMAL,CALM,UNCONFIRMED,RANGE,RANGE,NORMAL,CALM,RANGE,RANGE,NORMAL,CALM,RANGE
2025-05-15,UP,NORMAL,UP,RANGE,NORMAL,CALM,RANGE,RANGE,NORMAL,CALM,UNCONFIRMED,RANGE,RANGE,NORMAL,CALM,RANGE,RANGE,NORMAL,CALM,RANGE
2025-05-16,UP,NORMAL,UP,RANGE,NORMAL,CALM,RANGE,RANGE,NORMAL,CALM,UNCONFIRMED,RANGE,RANGE,NORMAL,CALM,RANGE,RANGE,NORMAL,CALM,RANGE
2025-05-17,UP,NORMAL,UP,RANGE,NORMAL,CALM,RANGE,RANGE,NORMAL,CALM,UNCONFIRMED,RANGE,RANGE,NORMAL,CALM,RANGE,RANGE,NORMAL,CALM,RANGE
2025-05-18,RANGE,NORMAL,RANGE,RANGE,NORMAL,CALM,RANGE,RANGE,NORMAL,CALM,UNCONFIRMED,RANGE,RANGE,NORMAL,CALM,RANGE,RANGE,NORMAL,CALM,RANGE
2025-05-19,RANGE,NORMAL,RANGE,RANGE,NORMAL,CALM,RANGE,RANGE,NORMAL,CALM,UNCONFIRMED,RANGE,RANGE,NORMAL,CALM,RANGE,RANGE,NORMAL,CALM,RANGE
2025-05-20,RANGE,NORMAL,RANGE,RANGE,NORMAL,CALM,RANGE,RANGE,NORMAL,CALM,UNCONFIRMED,RANGE,RANGE,NORMAL,CALM,RANGE,RANGE,NORMAL,CALM,RANGE
2025-05-21,RANGE,NORMAL,RANGE,RANGE,NORMAL,CALM,RANGE,RANGE,NORMAL,CALM,UNCONFIRMED,RANGE,RANGE,NORMAL,CALM,RANGE,RANGE,NORMAL,CALM,RANGE
2025-05-22,RANGE,NORMAL,RANGE,RANGE,NORMAL,CALM,RANGE,RANGE,NORMAL,CALM,UNCONFIRMED,RANGE,RANGE,NORMAL,CALM,RANGE,RANGE,NORMAL,CALM,RANGE
2025-05-23,RANGE,NORMAL,RANGE,RANGE,NORMAL,CALM,RANGE,RANGE,NORMAL,CALM,UNCONFIRMED,RANGE,RANGE,NORMAL,CALM,RANGE,DOWN,NORMAL,CALM,DOWN
2025-05-24,RANGE,NORMAL,RANGE,RANGE,NORMAL,CALM,RANGE,RANGE,NORMAL,CALM,UNCONFIRMED,RANGE,RANGE,NORMAL,CALM,RANGE,RANGE,NORMAL,CALM,RANGE
2025-05-25,RANGE,NORMAL,RANGE,RANGE,NORMAL,CALM,RANGE,RANGE,NORMAL,CALM,UNCONFIRMED,RANGE,RANGE,NORMAL,CALM,RANGE,RANGE,NORMAL,CALM,RANGE
2025-05-26,RANGE,SQUEEZE,SQUEEZE,RANGE,SQUEEZE,CALM,SQUEEZE,RANGE,SQUEEZE,CALM,UNCONFIRMED,SQUEEZE,RANGE,SQUEEZE,CALM,SQUEEZE,RANGE,NORMAL,CALM,RANGE
2025-05-27,RANGE,SQUEEZE,SQUEEZE,RANGE,SQUEEZE,CALM,SQUEEZE,RANGE,SQUEEZE,CALM,UNCONFIRMED,SQUEEZE,RANGE,SQUEEZE,CALM,SQUEEZE,RANGE,NORMAL,CALM,RANGE
2025-05-28,RANGE,SQUEEZE,SQUEEZE,RANGE,SQUEEZE,CALM,SQUEEZE,RANGE,SQUEEZE,CALM,UNCONFIRMED,SQUEEZE,RANGE,SQUEEZE,CALM,SQUEEZE,RANGE,NORMAL,CALM,RANGE
2025-05-29,RANGE,SQUEEZE,SQUEEZE,RANGE,SQUEEZE,CALM,SQUEEZE,RANGE,SQUEEZE,CALM,UNCONFIRMED,SQUEEZE,RANGE,SQUEEZE,CALM,SQUEEZE,RANGE,NORMAL,CALM,RANGE
2025-05-30,RANGE,NORMAL,RANGE,RANGE,NORMAL,CALM,RANGE,RANGE,NORMAL,CALM,UNCONFIRMED,RANGE,RANGE,NORMAL,CALM,RANGE,RANGE,NORMAL,CALM,RANGE
2025-05-31,RANGE,NORMAL,RANGE,RANGE,NORMAL,CALM,RANGE,RANGE,NORMAL,CALM,UNCONFIRMED,RANGE,RANGE,NORMAL,CALM,RANGE,DOWN,NORMAL,CALM,DOWN
2025-06-01,RANGE,NORMAL,RANGE,RANGE,NORMAL,CALM,RANGE,RANGE,NORMAL,CALM,UNCONFIRMED,RANGE,RANGE,NORMAL,CALM,RANGE,DOWN,NORMAL,CALM,DOWN
2025-06-02,RANGE,SQUEEZE,SQUEEZE,RANGE,SQUEEZE,CALM,SQUEEZE,RANGE,SQUEEZE,CALM,UNCONFIRMED,SQUEEZE,RANGE,SQUEEZE,CALM,SQUEEZE,DOWN,SQUEEZE,CALM,DOWN
2025-06-03,RANGE,SQUEEZE,SQUEEZE,RANGE,SQUEEZE,CALM,SQUEEZE,RANGE,SQUEEZE,CALM,UNCONFIRMED,SQUEEZE,RANGE,SQUEEZE,CALM,SQUEEZE,DOWN,SQUEEZE,CALM,DOWN
2025-06-04,RANGE,SQUEEZE,SQUEEZE,RANGE,SQUEEZE,CALM,SQUEEZE,RANGE,SQUEEZE,CALM,UNCONFIRMED,SQUEEZE,RANGE,SQUEEZE,CALM,SQUEEZE,DOWN,SQUEEZE,CALM,DOWN
2025-06-05,RANGE,SQUEEZE,SQUEEZE,RANGE,SQUEEZE,CALM,SQUEEZE,RANGE,SQUEEZE,CALM,UNCONFIRMED,SQUEEZE,RANGE,SQUEEZE,CALM,SQUEEZE,DOWN,NORMAL,CALM,DOWN
2025-06-06,RANGE,NORMAL,RANGE,RANGE,NORMAL,CALM,RANGE,RANGE,NORMAL,CALM,UNCONFIRMED,RANGE,RANGE,NORMAL,CALM,RANGE,DOWN,NORMAL,CALM,DOWN
2025-06-07,RANGE,SQUEEZE,SQUEEZE,RANGE,SQUEEZE,CALM,SQUEEZE,RANGE,SQUEEZE,CALM,UNCONFIRMED,SQUEEZE,RANGE,SQUEEZE,CALM,SQUEEZE,DOWN,SQUEEZE,CALM,DOWN
2025-06-08,RANGE,SQUEEZE,SQUEEZE,RANGE,SQUEEZE,CALM,SQUEEZE,RANGE,SQUEEZE,CALM,UNCONFIRMED,SQUEEZE,RANGE,SQUEEZE,CALM,SQUEEZE,RANGE,SQUEEZE,CALM,SQUEEZE
2025-06-09,RANGE,SQUEEZE,SQUEEZE,RANGE,SQUEEZE,CALM,SQUEEZE,RANGE,SQUEEZE,CALM,UNCONFIRMED,SQUEEZE,RANGE,SQUEEZE,CALM,SQUEEZE,RANGE,SQUEEZE,CALM,SQUEEZE
2025-06-10,RANGE,SQUEEZE,SQUEEZE,RANGE,SQUEEZE,CALM,SQUEEZE,RANGE,SQUEEZE,CALM,UNCONFIRMED,SQUEEZE,RANGE,SQUEEZE,CALM,SQUEEZE,RANGE,SQUEEZE,CALM,SQUEEZE
2025-06-11,RANGE,SQUEEZE,SQUEEZE,RANGE,SQUEEZE,CALM,SQUEEZE,RANGE,SQUEEZE,CALM,UNCONFIRMED,SQUEEZE,RANGE,SQUEEZE,CALM,SQUEEZE,RANGE,SQUEEZE,CALM,SQUEEZE
2025-06-12,RANGE,SQUEEZE,SQUEEZE,RANGE,SQUEEZE,CALM,SQUEEZE,RANGE,SQUEEZE,CALM,UNCONFIRMED,SQUEEZE,RANGE,SQUEEZE,CALM,SQUEEZE,DOWN,SQUEEZE,CALM,DOWN
2025-06-13,RANGE,SQUEEZE,SQUEEZE,RANGE,SQUEEZE,CALM,SQUEEZE,RANGE,SQUEEZE,CALM,UNCONFIRMED,SQUEEZE,RANGE,SQUEEZE,CALM,SQUEEZE,DOWN,SQUEEZE,CALM,DOWN
2025-06-14,RANGE,SQUEEZE,SQUEEZE,RANGE,SQUEEZE,CALM,SQUEEZE,RANGE,SQUEEZE,CALM,UNCONFIRMED,SQUEEZE,RANGE,SQUEEZE,CALM,SQUEEZE,DOWN,SQUEEZE,CALM,DOWN
2025-06-15,RANGE,SQUEEZE,SQUEEZE,RANGE,SQUEEZE,CALM,SQUEEZE,RANGE,SQUEEZE,CALM,UNCONFIRMED,SQUEEZE,RANGE,SQUEEZE,CALM,SQUEEZE,DOWN,SQUEEZE,CALM,DOWN
2025-06-16,RANGE,SQUEEZE,SQUEEZE,RANGE,SQUEEZE,CALM,SQUEEZE,RANGE,SQUEEZE,CALM,UNCONFIRMED,SQUEEZE,RANGE,SQUEEZE,CALM,SQUEEZE,RANGE,SQUEEZE,CALM,SQUEEZE
2025-06-17,RANGE,SQUEEZE,SQUEEZE,RANGE,SQUEEZE,CALM,SQUEEZE,RANGE,SQUEEZE,CALM,UNCONFIRMED,SQUEEZE,RANGE,SQUEEZE,CALM,SQUEEZE,DOWN,SQUEEZE,CALM,DOWN
2025-06-18,RANGE,SQUEEZE,SQUEEZE,RANGE,SQUEEZE,CALM,SQUEEZE,RANGE,SQUEEZE,CALM,UNCONFIRMED,SQUEEZE,RANGE,SQUEEZE,CALM,SQUEEZE,RANGE,SQUEEZE,CALM,SQUEEZE
2025-06-19,RANGE,SQUEEZE,SQUEEZE,RANGE,SQUEEZE,CALM,SQUEEZE,RANGE,SQUEEZE,CALM,UNCONFIRMED,SQUEEZE,RANGE,SQUEEZE,CALM,SQUEEZE,RANGE,SQUEEZE,CALM,SQUEEZE
2025-06-20,RANGE,SQUEEZE,SQUEEZE,RANGE,SQUEEZE,CALM,SQUEEZE,RANGE,SQUEEZE,CALM,UNCONFIRMED,SQUEEZE,RANGE,SQUEEZE,CALM,SQUEEZE,RANGE,SQUEEZE,CALM,SQUEEZE
2025-06-21,RANGE,SQUEEZE,SQUEEZE,RANGE,SQUEEZE,CALM,SQUEEZE,RANGE,SQUEEZE,CALM,UNCONFIRMED,SQUEEZE,RANGE,SQUEEZE,CALM,SQUEEZE,RANGE,NORMAL,CALM,RANGE
2025-06-22,RANGE,SQUEEZE,SQUEEZE,RANGE,SQUEEZE,CALM,SQUEEZE,RANGE,SQUEEZE,CALM,UNCONFIRMED,SQUEEZE,RANGE,SQUEEZE,CALM,SQUEEZE,DOWN,NORMAL,CALM,DOWN
2025-06-23,RANGE,SQUEEZE,SQUEEZE,RANGE,SQUEEZE,CALM,SQUEEZE,RANGE,SQUEEZE,CALM,UNCONFIRMED,SQUEEZE,RANGE,SQUEEZE,CALM,SQUEEZE,DOWN,NORMAL,CALM,DOWN
2025-06-24,RANGE,SQUEEZE,SQUEEZE,RANGE,SQUEEZE,CALM,SQUEEZE,RANGE,SQUEEZE,CALM,UNCONFIRMED,SQUEEZE,RANGE,SQUEEZE,CALM,SQUEEZE,DOWN,NORMAL,CALM,DOWN
2025-06-25,RANGE,SQUEEZE,SQUEEZE,RANGE,SQUEEZE,CALM,SQUEEZE,RANGE,SQUEEZE,CALM,UNCONFIRMED,SQUEEZE,RANGE,SQUEEZE,CALM,SQUEEZE,RANGE,SQUEEZE,CALM,SQUEEZE
2025-06-26,RANGE,SQUEEZE,SQUEEZE,RANGE,SQUEEZE,CALM,SQUEEZE,RANGE,SQUEEZE,CALM,UNCONFIRMED,SQUEEZE,RANGE,SQUEEZE,CALM,SQUEEZE,DOWN,NORMAL,CALM,DOWN
2025-06-27,RANGE,SQUEEZE,SQUEEZE,RANGE,SQUEEZE,CALM,SQUEEZE,RANGE,SQUEEZE,CALM,UNCONFIRMED,SQUEEZE,RANGE,SQUEEZE,CALM,SQUEEZE,DOWN,NORMAL,CALM,DOWN
2025-06-28,RANGE,SQUEEZE,SQUEEZE,RANGE,SQUEEZE,CALM,SQUEEZE,RANGE,SQUEEZE,CALM,UNCONFIRMED,SQUEEZE,RANGE,SQUEEZE,CALM,SQUEEZE,DOWN,SQUEEZE,CALM,DOWN
2025-06-29,RANGE,SQUEEZE,SQUEEZE,RANGE,SQUEEZE,CALM,SQUEEZE,RANGE,SQUEEZE,CALM,UNCONFIRMED,SQUEEZE,RANGE,SQUEEZE,CALM,SQUEEZE,RANGE,SQUEEZE,CALM,SQUEEZE
2025-06-30,RANGE,SQUEEZE,SQUEEZE,RANGE,SQUEEZE,CALM,SQUEEZE,RANGE,SQUEEZE,CALM,UNCONFIRMED,SQUEEZE,RANGE,SQUEEZE,CALM,SQUEEZE,RANGE,SQUEEZE,CALM,SQUEEZE
2025-07-01,RANGE,SQUEEZE,SQUEEZE,RANGE,SQUEEZE,CALM,SQUEEZE,RANGE,SQUEEZE,CALM,UNCONFIRMED,SQUEEZE,RANGE,SQUEEZE,CALM,SQUEEZE,RANGE,SQUEEZE,CALM,SQUEEZE
2025-07-02,RANGE,SQUEEZE,SQUEEZE,RANGE,SQUEEZE,CALM,SQUEEZE,RANGE,SQUEEZE,CALM,UNCONFIRMED,SQUEEZE,RANGE,SQUEEZE,CALM,SQUEEZE,RANGE,SQUEEZE,CALM,SQUEEZE
2025-07-03,RANGE,SQUEEZE,SQUEEZE,RANGE,SQUEEZE,CALM,SQUEEZE,RANGE,SQUEEZE,CALM,UNCONFIRMED,SQUEEZE,RANGE,SQUEEZE,CALM,SQUEEZE,RANGE,SQUEEZE,CALM,SQUEEZE
2025-07-04,RANGE,SQUEEZE,SQUEEZE,RANGE,SQUEEZE,CALM,SQUEEZE,RANGE,SQUEEZE,CALM,UNCONFIRMED,SQUEEZE,RANGE,SQUEEZE,CALM,SQUEEZE,RANGE,SQUEEZE,CALM,SQUEEZE
2025-07-05,RANGE,SQUEEZE,SQUEEZE,RANGE,SQUEEZE,CALM,SQUEEZE,RANGE,SQUEEZE,CALM,UNCONFIRMED,SQUEEZE,RANGE,SQUEEZE,CALM,SQUEEZE,RANGE,SQUEEZE,CALM,SQUEEZE
2025-07-06,RANGE,SQUEEZE,SQUEEZE,RANGE,SQUEEZE,CALM,SQUEEZE,RANGE,SQUEEZE,CALM,UNCONFIRMED,SQUEEZE,RANGE,SQUEEZE,CALM,SQUEEZE,RANGE,SQUEEZE,CALM,SQUEEZE
2025-07-07,RANGE,SQUEEZE,SQUEEZE,RANGE,SQUEEZE,CALM,SQUEEZE,RANGE,SQUEEZE,CALM,UNCONFIRMED,SQUEEZE,RANGE,SQUEEZE,CALM,SQUEEZE,RANGE,SQUEEZE,CALM,SQUEEZE
2025-07-08,RANGE,SQUEEZE,SQUEEZE,RANGE,SQUEEZE,CALM,SQUEEZE,RANGE,SQUEEZE,CALM,UNCONFIRMED,SQUEEZE,RANGE,SQUEEZE,CALM,SQUEEZE,RANGE,SQUEEZE,CALM,SQUEEZE
2025-07-09,RANGE,NORMAL,RANGE,RANGE,NORMAL,CALM,RANGE,RANGE,NORMAL,CALM,UNCONFIRMED,RANGE,RANGE,NORMAL,CALM,RANGE,RANGE,SQUEEZE,CALM,SQUEEZE
2025-07-10,RANGE,NORMAL,RANGE,RANGE,NORMAL,CALM,RANGE,RANGE,NORMAL,CALM,CONFIRMED,RANGE,RANGE,NORMAL,CALM,RANGE,UP,SQUEEZE,CALM,UP
2025-07-11,UP,NORMAL,UP,UP,NORMAL,CALM,UP,UP,NORMAL,CALM,CONFIRMED,UP,RANGE,NORMAL,CALM,RANGE,UP,SQUEEZE,CALM,UP
2025-07-12,UP,NORMAL,UP,UP,NORMAL,CALM,UP,UP,NORMAL,CALM,CONFIRMED,UP,UP,NORMAL,CALM,UP,UP,SQUEEZE,CALM,UP
2025-07-13,UP,NORMAL,UP,UP,NORMAL,CALM,UP,UP,NORMAL,CALM,CONFIRMED,UP,UP,NORMAL,CALM,UP,UP,SQUEEZE,CALM,UP
2025-07-14,UP,NORMAL,UP,UP,NORMAL,CALM,UP,UP,NORMAL,CALM,CONFIRMED,UP,UP,NORMAL,CALM,UP,UP,SQUEEZE,CALM,UP
2025-07-15,UP,EXPANSION,EXPANSION,UP,EXPANSION,CALM,EXPANSION,UP,EXPANSION,CALM,CONFIRMED,EXPANSION,UP,EXPANSION,CALM,EXPANSION,UP,SQUEEZE,CALM,UP
2025-07-16,UP,EXPANSION,EXPANSION,UP,EXPANSION,CALM,EXPANSION,UP,EXPANSION,CALM,CONFIRMED,EXPANSION,UP,EXPANSION,CALM,EXPANSION,UP,SQUEEZE,CALM,UP
2025-07-17,UP,EXPANSION,EXPANSION,UP,EXPANSION,CALM,EXPANSION,UP,EXPANSION,CALM,CONFIRMED,EXPANSION,UP,EXPANSION,CALM,EXPANSION,UP,NORMAL,CALM,UP
2025-07-18,UP,EXPANSION,EXPANSION,UP,EXPANSION,CALM,EXPANSION,UP,EXPANSION,CALM,CONFIRMED,EXPANSION,UP,EXPANSION,CALM,EXPANSION,UP,NORMAL,CALM,UP
2025-07-19,UP,EXPANSION,EXPANSION,UP,EXPANSION,CALM,EXPANSION,UP,EXPANSION,CALM,UNCONFIRMED,EXPANSION,UP,EXPANSION,CALM,EXPANSION,UP,NORMAL,CALM,UP
2025-07-20,UP,EXPANSION,EXPANSION,UP,EXPANSION,CALM,EXPANSION,UP,EXPANSION,CALM,CONFIRMED,EXPANSION,UP,EXPANSION,CALM,EXPANSION,UP,NORMAL,CALM,UP
2025-07-21,UP,EXPANSION,EXPANSION,UP,EXPANSION,CALM,EXPANSION,UP,EXPANSION,CALM,CONFIRMED,EXPANSION,UP,EXPANSION,CALM,EXPANSION,UP,NORMAL,CALM,UP
2025-07-22,UP,EXPANSION,EXPANSION,UP,EXPANSION,CALM,EXPANSION,UP,EXPANSION,CALM,CONFIRMED,EXPANSION,UP,EXPANSION,CALM,EXPANSION,UP,NORMAL,CALM,UP
2025-07-23,UP,EXPANSION,EXPANSION,UP,EXPANSION,CALM,EXPANSION,UP,EXPANSION,CALM,CONFIRMED,EXPANSION,UP,EXPANSION,CALM,EXPANSION,UP,NORMAL,CALM,UP
2025-07-24,UP,EXPANSION,EXPANSION,UP,EXPANSION,CALM,EXPANSION,UP,EXPANSION,CALM,CONFIRMED,EXPANSION,UP,EXPANSION,CALM,EXPANSION,UP,NORMAL,CALM,UP
2025-07-25,UP,EXPANSION,EXPANSION,UP,EXPANSION,CALM,EXPANSION,UP,EXPANSION,CALM,CONFIRMED,EXPANSION,UP,EXPANSION,CALM,EXPANSION,UP,NORMAL,CALM,UP
2025-07-26,UP,EXPANSION,EXPANSION,UP,EXPANSION,CALM,EXPANSION,UP,EXPANSION,CALM,UNCONFIRMED,EXPANSION,UP,EXPANSION,CALM,EXPANSION,UP,NORMAL,CALM,UP
2025-07-27,UP,NORMAL,UP,UP,NORMAL,CALM,UP,UP,NORMAL,CALM,UNCONFIRMED,UP,UP,NORMAL,CALM,UP,UP,NORMAL,CALM,UP
2025-07-28,UP,NORMAL,UP,UP,NORMAL,CALM,UP,UP,NORMAL,CALM,CONFIRMED,UP,UP,NORMAL,CALM,UP,UP,NORMAL,CALM,UP
2025-07-29,UP,NORMAL,UP,UP,NORMAL,CALM,UP,UP,NORMAL,CALM,UNCONFIRMED,UP,UP,NORMAL,CALM,UP,UP,NORMAL,CALM,UP
2025-07-30,UP,NORMAL,UP,UP,NORMAL,CALM,UP,UP,NORMAL,CALM,UNCONFIRMED,UP,UP,NORMAL,CALM,UP,UP,NORMAL,CALM,UP
2025-07-31,UP,NORMAL,UP,UP,NORMAL,CALM,UP,UP,NORMAL,CALM,UNCONFIRMED,UP,UP,NORMAL,CALM,UP,UP,NORMAL,CALM,UP
2025-08-01,UP,NORMAL,UP,UP,NORMAL,CALM,UP,UP,NORMAL,CALM,CONFIRMED,UP,UP,NORMAL,CALM,UP,UP,NORMAL,CALM,UP
2025-08-02,UP,NORMAL,UP,UP,NORMAL,CALM,UP,UP,NORMAL,CALM,UNCONFIRMED,UP,UP,NORMAL,CALM,UP,UP,NORMAL,CALM,UP
2025-08-03,UP,NORMAL,UP,UP,NORMAL,CALM,UP,UP,NORMAL,CALM,UNCONFIRMED,UP,UP,NORMAL,CALM,UP,UP,NORMAL,CALM,UP
2025-08-04,UP,NORMAL,UP,UP,NORMAL,CALM,UP,UP,NORMAL,CALM,UNCONFIRMED,UP,UP,NORMAL,CALM,UP,UP,NORMAL,CALM,UP
2025-08-05,UP,NORMAL,UP,UP,NORMAL,CALM,UP,UP,NORMAL,CALM,UNCONFIRMED,UP,UP,NORMAL,CALM,UP,UP,NORMAL,CALM,UP
2025-08-06,UP,NORMAL,UP,UP,NORMAL,CALM,UP,UP,NORMAL,CALM,UNCONFIRMED,UP,UP,NORMAL,CALM,UP,UP,NORMAL,CALM,UP
2025-08-07,UP,NORMAL,UP,UP,NORMAL,CALM,UP,UP,NORMAL,CALM,CONFIRMED,UP,UP,NORMAL,CALM,UP,UP,NORMAL,CALM,UP
2025-08-08,UP,NORMAL,UP,UP,NORMAL,CALM,UP,UP,NORMAL,CALM,CONFIRMED,UP,UP,NORMAL,CALM,UP,UP,NORMAL,CALM,UP
2025-08-09,UP,NORMAL,UP,UP,NORMAL,CALM,UP,UP,NORMAL,CALM,UNCONFIRMED,UP,UP,NORMAL,CALM,UP,UP,NORMAL,CALM,UP
2025-08-10,UP,NORMAL,UP,UP,NORMAL,CALM,UP,UP,NORMAL,CALM,UNCONFIRMED,UP,UP,NORMAL,CALM,UP,UP,NORMAL,CALM,UP
2025-08-11,UP,NORMAL,UP,UP,NORMAL,CALM,UP,UP,NORMAL,CALM,CONFIRMED,UP,UP,NORMAL,CALM,UP,UP,NORMAL,CALM,UP
2025-08-12,UP,NORMAL,UP,UP,NORMAL,CALM,UP,UP,NORMAL,CALM,UNCONFIRMED,UP,UP,NORMAL,CALM,UP,UP,NORMAL,CALM,UP
2025-08-13,UP,NORMAL,UP,UP,NORMAL,CALM,UP,UP,NORMAL,CALM,UNCONFIRMED,UP,UP,NORMAL,CALM,UP,UP,NORMAL,CALM,UP
2025-08-14,UP,NORMAL,UP,UP,NORMAL,CALM,UP,UP,NORMAL,CALM,CONFIRMED,UP,UP,NORMAL,CALM,UP,UP,NORMAL,CALM,UP
2025-08-15,UP,NORMAL,UP,UP,NORMAL,CALM,UP,UP,NORMAL,CALM,UNCONFIRMED,UP,UP,NORMAL,CALM,UP,UP,NORMAL,CALM,UP
2025-08-16,UP,NORMAL,UP,UP,NORMAL,CALM,UP,UP,NORMAL,CALM,UNCONFIRMED,UP,UP,NORMAL,CALM,UP,UP,NORMAL,CALM,UP
2025-08-17,UP,NORMAL,UP,UP,NORMAL,CALM,UP,UP,NORMAL,CALM,UNCONFIRMED,UP,UP,NORMAL,CALM,UP,UP,NORMAL,CALM,UP
2025-08-18,UP,NORMAL,UP,UP,NORMAL,CALM,UP,UP,NORMAL,CALM,UNCONFIRMED,UP,RANGE,NORMAL,CALM,RANGE,UP,NORMAL,CALM,UP
2025-08-19,UP,NORMAL,UP,UP,NORMAL,CALM,UP,UP,NORMAL,CALM,UNCONFIRMED,UP,RANGE,NORMAL,CALM,RANGE,UP,NORMAL,CALM,UP
2025-08-20,UP,NORMAL,UP,UP,NORMAL,CALM,UP,UP,NORMAL,CALM,UNCONFIRMED,UP,RANGE,NORMAL,CALM,RANGE,UP,NORMAL,CALM,UP
2025-08-21,UP,NORMAL,UP,UP,NORMAL,CALM,UP,UP,NORMAL,CALM,UNCONFIRMED,UP,RANGE,NORMAL,CALM,RANGE,UP,NORMAL,CALM,UP
2025-08-22,UP,NORMAL,UP,UP,NORMAL,CALM,UP,UP,NORMAL,CALM,CONFIRMED,UP,RANGE,NORMAL,CALM,RANGE,UP,NORMAL,CALM,UP
2025-08-23,RANGE,NORMAL,RANGE,RANGE,NORMAL,CALM,RANGE,RANGE,NORMAL,CALM,UNCONFIRMED,RANGE,RANGE,NORMAL,CALM,RANGE,UP,NORMAL,CALM,UP
2025-08-24,RANGE,NORMAL,RANGE,RANGE,NORMAL,CALM,RANGE,RANGE,NORMAL,CALM,UNCONFIRMED,RANGE,RANGE,NORMAL,CALM,RANGE,UP,NORMAL,CALM,UP
2025-08-25,RANGE,NORMAL,RANGE,RANGE,NORMAL,CALM,RANGE,RANGE,NORMAL,CALM,UNCONFIRMED,RANGE,RANGE,NORMAL,CALM,RANGE,UP,NORMAL,CALM,UP
2025-08-26,RANGE,NORMAL,RANGE,RANGE,NORMAL,CALM,RANGE,RANGE,NORMAL,CALM,UNCONFIRMED,RANGE,RANGE,NORMAL,CALM,RANGE,UP,NORMAL,CALM,UP
2025-08-27,RANGE,NORMAL,RANGE,RANGE,NORMAL,CALM,RANGE,RANGE,NORMAL,CALM,UNCONFIRMED,RANGE,RANGE,NORMAL,CALM,RANGE,UP,NORMAL,CALM,UP
2025-08-28,RANGE,NORMAL,RANGE,RANGE,NORMAL,CALM,RANGE,RANGE,NORMAL,CALM,UNCONFIRMED,RANGE,RANGE,NORMAL,CALM,RANGE,UP,NORMAL,CALM,UP
2025-08-29,RANGE,NORMAL,RANGE,RANGE,NORMAL,CALM,RANGE,RANGE,NORMAL,CALM,UNCONFIRMED,RANGE,RANGE,NORMAL,CALM,RANGE,UP,NORMAL,CALM,UP
2025-08-30,RANGE,NORMAL,RANGE,RANGE,NORMAL,CALM,RANGE,RANGE,NORMAL,CALM,UNCONFIRMED,RANGE,RANGE,NORMAL,CALM,RANGE,UP,NORMAL,CALM,UP
2025-08-31,RANGE,NORMAL,RANGE,RANGE,NORMAL,CALM,RANGE,RANGE,NORMAL,CALM,UNCONFIRMED,RANGE,RANGE,NORMAL,CALM,RANGE,UP,NORMAL,CALM,UP
2025-09-01,RANGE,NORMAL,RANGE,RANGE,NORMAL,CALM,RANGE,RANGE,NORMAL,CALM,CONFIRMED,RANGE,RANGE,NORMAL,CALM,RANGE,UP,NORMAL,CALM,UP
2025-09-02,RANGE,SQUEEZE,SQUEEZE,RANGE,SQUEEZE,CALM,SQUEEZE,RANGE,SQUEEZE,CALM,UNCONFIRMED,SQUEEZE,RANGE,SQUEEZE,CALM,SQUEEZE,UP,NORMAL,CALM,UP
2025-09-03,RANGE,SQUEEZE,SQUEEZE,RANGE,SQUEEZE,CALM,SQUEEZE,RANGE,SQUEEZE,CALM,UNCONFIRMED,SQUEEZE,RANGE,SQUEEZE,CALM,SQUEEZE,UP,NORMAL,CALM,UP
2025-09-04,RANGE,SQUEEZE,SQUEEZE,RANGE,SQUEEZE,CALM,SQUEEZE,RANGE,SQUEEZE,CALM,UNCONFIRMED,SQUEEZE,RANGE,SQUEEZE,CALM,SQUEEZE,UP,NORMAL,CALM,UP
2025-09-05,RANGE,SQUEEZE,SQUEEZE,RANGE,SQUEEZE,CALM,SQUEEZE,RANGE,SQUEEZE,CALM,UNCONFIRMED,SQUEEZE,RANGE,SQUEEZE,CALM,SQUEEZE,UP,NORMAL,CALM,UP
2025-09-06,RANGE,SQUEEZE,SQUEEZE,RANGE,SQUEEZE,CALM,SQUEEZE,RANGE,SQUEEZE,CALM,UNCONFIRMED,SQUEEZE,RANGE,SQUEEZE,CALM,SQUEEZE,UP,SQUEEZE,CALM,UP
2025-09-07,RANGE,SQUEEZE,SQUEEZE,RANGE,SQUEEZE,CALM,SQUEEZE,RANGE,SQUEEZE,CALM,UNCONFIRMED,SQUEEZE,RANGE,SQUEEZE,CALM,SQUEEZE,UP,SQUEEZE,CALM,UP
2025-09-08,RANGE,SQUEEZE,SQUEEZE,RANGE,SQUEEZE,CALM,SQUEEZE,RANGE,SQUEEZE,CALM,UNCONFIRMED,SQUEEZE,RANGE,SQUEEZE,CALM,SQUEEZE,UP,SQUEEZE,CALM,UP
2025-09-09,RANGE,SQUEEZE,SQUEEZE,RANGE,SQUEEZE,CALM,SQUEEZE,RANGE,SQUEEZE,CALM,UNCONFIRMED,SQUEEZE,RANGE,SQUEEZE,CALM,SQUEEZE,UP,SQUEEZE,CALM,UP
2025-09-10,RANGE,SQUEEZE,SQUEEZE,RANGE,SQUEEZE,CALM,SQUEEZE,RANGE,SQUEEZE,CALM,UNCONFIRMED,SQUEEZE,RANGE,SQUEEZE,CALM,SQUEEZE,UP,SQUEEZE,CALM,UP
2025-09-11,RANGE,SQUEEZE,SQUEEZE,RANGE,SQUEEZE,CALM,SQUEEZE,RANGE,SQUEEZE,CALM,UNCONFIRMED,SQUEEZE,RANGE,SQUEEZE,CALM,SQUEEZE,UP,SQUEEZE,CALM,UP
2025-09-12,RANGE,SQUEEZE,SQUEEZE,RANGE,SQUEEZE,CALM,SQUEEZE,RANGE,SQUEEZE,CALM,UNCONFIRMED,SQUEEZE,RANGE,SQUEEZE,CALM,SQUEEZE,UP,SQUEEZE,CALM,UP
2025-09-13,RANGE,SQUEEZE,SQUEEZE,RANGE,SQUEEZE,CALM,SQUEEZE,RANGE,SQUEEZE,CALM,UNCONFIRMED,SQUEEZE,RANGE,SQUEEZE,CALM,SQUEEZE,UP,SQUEEZE,CALM,UP
2025-09-14,RANGE,NORMAL,RANGE,RANGE,NORMAL,CALM,RANGE,RANGE,NORMAL,CALM,UNCONFIRMED,RANGE,RANGE,NORMAL,CALM,RANGE,UP,SQUEEZE,CALM,UP
2025-09-15,RANGE,NORMAL,RANGE,RANGE,NORMAL,CALM,RANGE,RANGE,NORMAL,CALM,UNCONFIRMED,RANGE,RANGE,NORMAL,CALM,RANGE,UP,SQUEEZE,CALM,UP
2025-09-16,RANGE,NORMAL,RANGE,RANGE,NORMAL,CALM,RANGE,RANGE,NORMAL,CALM,UNCONFIRMED,RANGE,RANGE,NORMAL,CALM,RANGE,UP,SQUEEZE,CALM,UP
2025-09-17,RANGE,NORMAL,RANGE,RANGE,NORMAL,CALM,RANGE,RANGE,NORMAL,CALM,UNCONFIRMED,RANGE,RANGE,NORMAL,CALM,RANGE,UP,SQUEEZE,CALM,UP
2025-09-18,RANGE,NORMAL,RANGE,RANGE,NORMAL,CALM,RANGE,RANGE,NORMAL,CALM,UNCONFIRMED,RANGE,RANGE,NORMAL,CALM,RANGE,UP,SQUEEZE,CALM,UP
2025-09-19,RANGE,NORMAL,RANGE,RANGE,NORMAL,CALM,RANGE,RANGE,NORMAL,CALM,UNCONFIRMED,RANGE,RANGE,NORMAL,CALM,RANGE,UP,SQUEEZE,CALM,UP
2025-09-20,RANGE,NORMAL,RANGE,RANGE,NORMAL,CALM,RANGE,RANGE,NORMAL,CALM,UNCONFIRMED,RANGE,RANGE,NORMAL,CALM,RANGE,RANGE,SQUEEZE,CALM,SQUEEZE
2025-09-21,RANGE,SQUEEZE,SQUEEZE,RANGE,SQUEEZE,CALM,SQUEEZE,RANGE,SQUEEZE,CALM,UNCONFIRMED,SQUEEZE,RANGE,SQUEEZE,CALM,SQUEEZE,RANGE,SQUEEZE,CALM,SQUEEZE
2025-09-22,RANGE,SQUEEZE,SQUEEZE,RANGE,SQUEEZE,CALM,SQUEEZE,RANGE,SQUEEZE,CALM,CONFIRMED,SQUEEZE,RANGE,SQUEEZE,CALM,SQUEEZE,RANGE,SQUEEZE,CALM,SQUEEZE
2025-09-23,RANGE,SQUEEZE,SQUEEZE,RANGE,SQUEEZE,CALM,SQUEEZE,RANGE,SQUEEZE,CALM,UNCONFIRMED,SQUEEZE,RANGE,SQUEEZE,CALM,SQUEEZE,RANGE,SQUEEZE,CALM,SQUEEZE
2025-09-24,RANGE,SQUEEZE,SQUEEZE,RANGE,SQUEEZE,CALM,SQUEEZE,RANGE,SQUEEZE,CALM,UNCONFIRMED,SQUEEZE,RANGE,SQUEEZE,CALM,SQUEEZE,UP,SQUEEZE,CALM,UP
2025-09-25,RANGE,SQUEEZE,SQUEEZE,RANGE,SQUEEZE,CALM,SQUEEZE,RANGE,SQUEEZE,CALM,CONFIRMED,SQUEEZE,RANGE,SQUEEZE,CALM,SQUEEZE,RANGE,NORMAL,CALM,RANGE
2025-09-26,RANGE,SQUEEZE,SQUEEZE,RANGE,SQUEEZE,CALM,SQUEEZE,RANGE,SQUEEZE,CALM,CONFIRMED,SQUEEZE,RANGE,SQUEEZE,CALM,SQUEEZE,RANGE,SQUEEZE,CALM,SQUEEZE
2025-09-27,RANGE,NORMAL,RANGE,RANGE,NORMAL,CALM,RANGE,RANGE,NORMAL,CALM,UNCONFIRMED,RANGE,RANGE,NORMAL,CALM,RANGE,RANGE,SQUEEZE,CALM,SQUEEZE
2025-09-28,RANGE,NORMAL,RANGE,RANGE,NORMAL,CALM,RANGE,RANGE,NORMAL,CALM,UNCONFIRMED,RANGE,RANGE,NORMAL,CALM,RANGE,UP,SQUEEZE,CALM,UP
2025-09-29,RANGE,NORMAL,RANGE,RANGE,NORMAL,CALM,RANGE,RANGE,NORMAL,CALM,UNCONFIRMED,RANGE,RANGE,NORMAL,CALM,RANGE,UP,SQUEEZE,CALM,UP
2025-09-30,RANGE,NORMAL,RANGE,RANGE,NORMAL,CALM,RANGE,RANGE,NORMAL,CALM,UNCONFIRMED,RANGE,RANGE,NORMAL,CALM,RANGE,RANGE,SQUEEZE,CALM,SQUEEZE
2025-10-01,RANGE,NORMAL,RANGE,RANGE,NORMAL,CALM,RANGE,RANGE,NORMAL,CALM,UNCONFIRMED,RANGE,RANGE,NORMAL,CALM,RANGE,RANGE,SQUEEZE,CALM,SQUEEZE
2025-10-02,RANGE,NORMAL,RANGE,RANGE,NORMAL,CALM,RANGE,RANGE,NORMAL,CALM,UNCONFIRMED,RANGE,RANGE,NORMAL,CALM,RANGE,RANGE,SQUEEZE,CALM,SQUEEZE
2025-10-03,RANGE,SQUEEZE,SQUEEZE,RANGE,SQUEEZE,CALM,SQUEEZE,RANGE,SQUEEZE,CALM,UNCONFIRMED,SQUEEZE,RANGE,SQUEEZE,CALM,SQUEEZE,RANGE,SQUEEZE,CALM,SQUEEZE
2025-10-04,RANGE,SQUEEZE,SQUEEZE,RANGE,SQUEEZE,CALM,SQUEEZE,RANGE,SQUEEZE,CALM,UNCONFIRMED,SQUEEZE,RANGE,SQUEEZE,CALM,SQUEEZE,RANGE,SQUEEZE,CALM,SQUEEZE
2025-10-05,RANGE,SQUEEZE,SQUEEZE,RANGE,SQUEEZE,CALM,SQUEEZE,RANGE,SQUEEZE,CALM,UNCONFIRMED,SQUEEZE,RANGE,SQUEEZE,CALM,SQUEEZE,RANGE,SQUEEZE,CALM,SQUEEZE
2025-10-06,RANGE,SQUEEZE,SQUEEZE,RANGE,SQUEEZE,CALM,SQUEEZE,RANGE,SQUEEZE,CALM,UNCONFIRMED,SQUEEZE,RANGE,SQUEEZE,CALM,SQUEEZE,RANGE,SQUEEZE,CALM,SQUEEZE
2025-10-07,RANGE,SQUEEZE,SQUEEZE,RANGE,SQUEEZE,CALM,SQUEEZE,RANGE,SQUEEZE,CALM,CONFIRMED,SQUEEZE,RANGE,SQUEEZE,CALM,SQUEEZE,RANGE,SQUEEZE,CALM,SQUEEZE
2025-10-08,RANGE,SQUEEZE,SQUEEZE,RANGE,SQUEEZE,CALM,SQUEEZE,RANGE,SQUEEZE,CALM,UNCONFIRMED,SQUEEZE,RANGE,SQUEEZE,CALM,SQUEEZE,RANGE,SQUEEZE,CALM,SQUEEZE
2025-10-09,RANGE,SQUEEZE,SQUEEZE,RANGE,SQUEEZE,CALM,SQUEEZE,RANGE,SQUEEZE,CALM,UNCONFIRMED,SQUEEZE,RANGE,SQUEEZE,CALM,SQUEEZE,RANGE,SQUEEZE,CALM,SQUEEZE
2025-10-10,RANGE,NORMAL,RANGE,RANGE,NORMAL,STRESS_DOWN,STRESS_DOWN,RANGE,NORMAL,STRESS_DOWN,CONFIRMED,STRESS_DOWN,RANGE,NORMAL,STRESS_DOWN,STRESS_DOWN,RANGE,EXPANSION,STRESS_DOWN,STRESS_DOWN
2025-10-11,DOWN,NORMAL,DOWN,RANGE,NORMAL,STRESS_DOWN,STRESS_DOWN,RANGE,NORMAL,STRESS_DOWN,CONFIRMED,STRESS_DOWN,RANGE,NORMAL,STRESS_DOWN,STRESS_DOWN,RANGE,EXPANSION,STRESS_DOWN,STRESS_DOWN
2025-10-12,DOWN,NORMAL,DOWN,RANGE,NORMAL,CALM,RANGE,RANGE,NORMAL,CALM,CONFIRMED,RANGE,RANGE,NORMAL,CALM,RANGE,RANGE,EXPANSION,STRESS_DOWN,STRESS_DOWN
2025-10-13,DOWN,NORMAL,DOWN,RANGE,NORMAL,CALM,RANGE,RANGE,NORMAL,CALM,CONFIRMED,RANGE,RANGE,NORMAL,CALM,RANGE,RANGE,EXPANSION,CALM,EXPANSION
2025-10-14,DOWN,NORMAL,DOWN,RANGE,NORMAL,CALM,RANGE,RANGE,NORMAL,CALM,CONFIRMED,RANGE,RANGE,NORMAL,CALM,RANGE,RANGE,EXPANSION,STRESS_DOWN,STRESS_DOWN
2025-10-15,DOWN,NORMAL,DOWN,RANGE,NORMAL,STRESS_DOWN,STRESS_DOWN,RANGE,NORMAL,STRESS_DOWN,UNCONFIRMED,STRESS_DOWN,RANGE,NORMAL,STRESS_DOWN,STRESS_DOWN,RANGE,EXPANSION,STRESS_DOWN,STRESS_DOWN
2025-10-16,DOWN,EXPANSION,EXPANSION,RANGE,EXPANSION,STRESS_DOWN,STRESS_DOWN,RANGE,EXPANSION,STRESS_DOWN,CONFIRMED,STRESS_DOWN,RANGE,EXPANSION,STRESS_DOWN,STRESS_DOWN,RANGE,EXPANSION,STRESS_DOWN,STRESS_DOWN
2025-10-17,DOWN,EXPANSION,EXPANSION,RANGE,EXPANSION,STRESS_DOWN,STRESS_DOWN,RANGE,EXPANSION,STRESS_DOWN,CONFIRMED,STRESS_DOWN,RANGE,EXPANSION,STRESS_DOWN,STRESS_DOWN,RANGE,EXPANSION,STRESS_DOWN,STRESS_DOWN
2025-10-18,DOWN,EXPANSION,EXPANSION,RANGE,EXPANSION,STRESS_DOWN,STRESS_DOWN,RANGE,EXPANSION,STRESS_DOWN,UNCONFIRMED,STRESS_DOWN,RANGE,EXPANSION,STRESS_DOWN,STRESS_DOWN,RANGE,EXPANSION,STRESS_DOWN,STRESS_DOWN
2025-10-19,DOWN,EXPANSION,EXPANSION,RANGE,EXPANSION,STRESS_DOWN,STRESS_DOWN,RANGE,EXPANSION,STRESS_DOWN,UNCONFIRMED,STRESS_DOWN,RANGE,EXPANSION,STRESS_DOWN,STRESS_DOWN,RANGE,EXPANSION,STRESS_DOWN,STRESS_DOWN
2025-10-20,DOWN,EXPANSION,EXPANSION,RANGE,EXPANSION,CALM,EXPANSION,RANGE,EXPANSION,CALM,UNCONFIRMED,EXPANSION,RANGE,EXPANSION,CALM,EXPANSION,RANGE,NORMAL,STRESS_DOWN,STRESS_DOWN
2025-10-21,DOWN,EXPANSION,EXPANSION,DOWN,EXPANSION,STRESS_DOWN,STRESS_DOWN,DOWN,EXPANSION,STRESS_DOWN,UNCONFIRMED,STRESS_DOWN,DOWN,EXPANSION,STRESS_DOWN,STRESS_DOWN,DOWN,NORMAL,STRESS_DOWN,STRESS_DOWN
2025-10-22,DOWN,EXPANSION,EXPANSION,DOWN,EXPANSION,STRESS_DOWN,STRESS_DOWN,DOWN,EXPANSION,STRESS_DOWN,UNCONFIRMED,STRESS_DOWN,DOWN,EXPANSION,STRESS_DOWN,STRESS_DOWN,DOWN,NORMAL,STRESS_DOWN,STRESS_DOWN
2025-10-23,DOWN,EXPANSION,EXPANSION,DOWN,EXPANSION,STRESS_DOWN,STRESS_DOWN,DOWN,EXPANSION,STRESS_DOWN,UNCONFIRMED,STRESS_DOWN,DOWN,EXPANSION,STRESS_DOWN,STRESS_DOWN,DOWN,NORMAL,STRESS_DOWN,STRESS_DOWN
2025-10-24,DOWN,EXPANSION,EXPANSION,DOWN,EXPANSION,CALM,EXPANSION,DOWN,EXPANSION,CALM,UNCONFIRMED,EXPANSION,DOWN,EXPANSION,CALM,EXPANSION,DOWN,NORMAL,CALM,DOWN
2025-10-25,DOWN,NORMAL,DOWN,DOWN,NORMAL,CALM,DOWN,DOWN,NORMAL,CALM,UNCONFIRMED,DOWN,DOWN,NORMAL,CALM,DOWN,DOWN,NORMAL,CALM,DOWN
2025-10-26,DOWN,NORMAL,DOWN,DOWN,NORMAL,CALM,DOWN,DOWN,NORMAL,CALM,UNCONFIRMED,DOWN,DOWN,NORMAL,CALM,DOWN,DOWN,NORMAL,CALM,DOWN
2025-10-27,DOWN,NORMAL,DOWN,DOWN,NORMAL,CALM,DOWN,DOWN,NORMAL,CALM,UNCONFIRMED,DOWN,DOWN,NORMAL,CALM,DOWN,DOWN,NORMAL,CALM,DOWN
2025-10-28,DOWN,NORMAL,DOWN,DOWN,NORMAL,CALM,DOWN,DOWN,NORMAL,CALM,UNCONFIRMED,DOWN,DOWN,NORMAL,CALM,DOWN,DOWN,NORMAL,CALM,DOWN
2025-10-29,DOWN,NORMAL,DOWN,DOWN,NORMAL,CALM,DOWN,DOWN,NORMAL,CALM,UNCONFIRMED,DOWN,DOWN,NORMAL,CALM,DOWN,DOWN,NORMAL,CALM,DOWN
2025-10-30,DOWN,NORMAL,DOWN,DOWN,NORMAL,CALM,DOWN,DOWN,NORMAL,CALM,CONFIRMED,DOWN,DOWN,NORMAL,CALM,DOWN,DOWN,NORMAL,CALM,DOWN
2025-10-31,DOWN,NORMAL,DOWN,DOWN,NORMAL,CALM,DOWN,DOWN,NORMAL,CALM,UNCONFIRMED,DOWN,DOWN,NORMAL,CALM,DOWN,DOWN,NORMAL,CALM,DOWN
2025-11-01,DOWN,NORMAL,DOWN,DOWN,NORMAL,CALM,DOWN,DOWN,NORMAL,CALM,UNCONFIRMED,DOWN,DOWN,NORMAL,CALM,DOWN,DOWN,NORMAL,CALM,DOWN
2025-11-02,DOWN,NORMAL,DOWN,DOWN,NORMAL,CALM,DOWN,DOWN,NORMAL,CALM,UNCONFIRMED,DOWN,DOWN,NORMAL,CALM,DOWN,DOWN,NORMAL,CALM,DOWN
2025-11-03,DOWN,NORMAL,DOWN,DOWN,NORMAL,STRESS_DOWN,STRESS_DOWN,DOWN,NORMAL,STRESS_DOWN,CONFIRMED,STRESS_DOWN,DOWN,NORMAL,STRESS_DOWN,STRESS_DOWN,DOWN,NORMAL,STRESS_DOWN,STRESS_DOWN
2025-11-04,DOWN,NORMAL,DOWN,DOWN,NORMAL,STRESS_DOWN,STRESS_DOWN,DOWN,NORMAL,STRESS_DOWN,CONFIRMED,STRESS_DOWN,DOWN,NORMAL,STRESS_DOWN,STRESS_DOWN,DOWN,NORMAL,STRESS_DOWN,STRESS_DOWN
2025-11-05,DOWN,NORMAL,DOWN,DOWN,NORMAL,CALM,DOWN,DOWN,NORMAL,CALM,CONFIRMED,DOWN,DOWN,NORMAL,CALM,DOWN,DOWN,NORMAL,STRESS_DOWN,STRESS_DOWN
2025-11-06,DOWN,NORMAL,DOWN,DOWN,NORMAL,STRESS_DOWN,STRESS_DOWN,DOWN,NORMAL,STRESS_DOWN,CONFIRMED,STRESS_DOWN,DOWN,NORMAL,STRESS_DOWN,STRESS_DOWN,DOWN,EXPANSION,STRESS_DOWN,STRESS_DOWN
2025-11-07,DOWN,NORMAL,DOWN,DOWN,NORMAL,STRESS_DOWN,STRESS_DOWN,DOWN,NORMAL,STRESS_DOWN,CONFIRMED,STRESS_DOWN,DOWN,NORMAL,STRESS_DOWN,STRESS_DOWN,DOWN,EXPANSION,STRESS_DOWN,STRESS_DOWN
2025-11-08,DOWN,NORMAL,DOWN,DOWN,NORMAL,STRESS_DOWN,STRESS_DOWN,DOWN,NORMAL,STRESS_DOWN,UNCONFIRMED,STRESS_DOWN,DOWN,NORMAL,STRESS_DOWN,STRESS_DOWN,DOWN,NORMAL,STRESS_DOWN,STRESS_DOWN
2025-11-09,DOWN,NORMAL,DOWN,DOWN,NORMAL,CALM,DOWN,DOWN,NORMAL,CALM,UNCONFIRMED,DOWN,DOWN,NORMAL,CALM,DOWN,DOWN,NORMAL,STRESS_DOWN,STRESS_DOWN
2025-11-10,DOWN,NORMAL,DOWN,DOWN,NORMAL,CALM,DOWN,DOWN,NORMAL,CALM,CONFIRMED,DOWN,DOWN,NORMAL,CALM,DOWN,DOWN,NORMAL,STRESS_DOWN,STRESS_DOWN
2025-11-11,DOWN,NORMAL,DOWN,DOWN,NORMAL,CALM,DOWN,DOWN,NORMAL,CALM,UNCONFIRMED,DOWN,DOWN,NORMAL,CALM,DOWN,DOWN,NORMAL,STRESS_DOWN,STRESS_DOWN
2025-11-12,DOWN,NORMAL,DOWN,DOWN,NORMAL,CALM,DOWN,DOWN,NORMAL,CALM,CONFIRMED,DOWN,DOWN,NORMAL,CALM,DOWN,DOWN,NORMAL,STRESS_DOWN,STRESS_DOWN
2025-11-13,DOWN,NORMAL,DOWN,DOWN,NORMAL,STRESS_DOWN,STRESS_DOWN,DOWN,NORMAL,STRESS_DOWN,CONFIRMED,STRESS_DOWN,DOWN,NORMAL,STRESS_DOWN,STRESS_DOWN,DOWN,EXPANSION,STRESS_DOWN,STRESS_DOWN
2025-11-14,DOWN,NORMAL,DOWN,DOWN,NORMAL,STRESS_DOWN,STRESS_DOWN,DOWN,NORMAL,STRESS_DOWN,CONFIRMED,STRESS_DOWN,DOWN,NORMAL,STRESS_DOWN,STRESS_DOWN,DOWN,EXPANSION,STRESS_DOWN,STRESS_DOWN
2025-11-15,DOWN,NORMAL,DOWN,DOWN,NORMAL,STRESS_DOWN,STRESS_DOWN,DOWN,NORMAL,STRESS_DOWN,UNCONFIRMED,STRESS_DOWN,DOWN,NORMAL,STRESS_DOWN,STRESS_DOWN,DOWN,EXPANSION,STRESS_DOWN,STRESS_DOWN
2025-11-16,DOWN,NORMAL,DOWN,DOWN,NORMAL,STRESS_DOWN,STRESS_DOWN,DOWN,NORMAL,STRESS_DOWN,UNCONFIRMED,STRESS_DOWN,DOWN,NORMAL,STRESS_DOWN,STRESS_DOWN,DOWN,EXPANSION,STRESS_DOWN,STRESS_DOWN
2025-11-17,DOWN,NORMAL,DOWN,DOWN,NORMAL,STRESS_DOWN,STRESS_DOWN,DOWN,NORMAL,STRESS_DOWN,CONFIRMED,STRESS_DOWN,DOWN,NORMAL,STRESS_DOWN,STRESS_DOWN,DOWN,EXPANSION,STRESS_DOWN,STRESS_DOWN
2025-11-18,DOWN,NORMAL,DOWN,DOWN,NORMAL,STRESS_DOWN,STRESS_DOWN,DOWN,NORMAL,STRESS_DOWN,CONFIRMED,STRESS_DOWN,DOWN,NORMAL,STRESS_DOWN,STRESS_DOWN,DOWN,NORMAL,STRESS_DOWN,STRESS_DOWN
2025-11-19,DOWN,NORMAL,DOWN,DOWN,NORMAL,STRESS_DOWN,STRESS_DOWN,DOWN,NORMAL,STRESS_DOWN,CONFIRMED,STRESS_DOWN,DOWN,NORMAL,STRESS_DOWN,STRESS_DOWN,DOWN,EXPANSION,STRESS_DOWN,STRESS_DOWN
2025-11-20,DOWN,NORMAL,DOWN,DOWN,NORMAL,STRESS_DOWN,STRESS_DOWN,DOWN,NORMAL,STRESS_DOWN,CONFIRMED,STRESS_DOWN,DOWN,NORMAL,STRESS_DOWN,STRESS_DOWN,DOWN,EXPANSION,STRESS_DOWN,STRESS_DOWN
2025-11-21,DOWN,NORMAL,DOWN,DOWN,NORMAL,STRESS_DOWN,STRESS_DOWN,DOWN,NORMAL,STRESS_DOWN,CONFIRMED,STRESS_DOWN,DOWN,NORMAL,STRESS_DOWN,STRESS_DOWN,DOWN,EXPANSION,STRESS_DOWN,STRESS_DOWN
2025-11-22,DOWN,NORMAL,DOWN,DOWN,NORMAL,STRESS_DOWN,STRESS_DOWN,DOWN,NORMAL,STRESS_DOWN,UNCONFIRMED,STRESS_DOWN,DOWN,NORMAL,STRESS_DOWN,STRESS_DOWN,DOWN,EXPANSION,STRESS_DOWN,STRESS_DOWN
2025-11-23,DOWN,EXPANSION,EXPANSION,DOWN,EXPANSION,STRESS_DOWN,STRESS_DOWN,DOWN,EXPANSION,STRESS_DOWN,CONFIRMED,STRESS_DOWN,DOWN,EXPANSION,STRESS_DOWN,STRESS_DOWN,DOWN,EXPANSION,STRESS_DOWN,STRESS_DOWN
2025-11-24,DOWN,EXPANSION,EXPANSION,DOWN,EXPANSION,CALM,EXPANSION,DOWN,EXPANSION,CALM,CONFIRMED,EXPANSION,DOWN,EXPANSION,CALM,EXPANSION,DOWN,EXPANSION,STRESS_DOWN,STRESS_DOWN
2025-11-25,DOWN,NORMAL,DOWN,DOWN,NORMAL,CALM,DOWN,DOWN,NORMAL,CALM,CONFIRMED,DOWN,DOWN,NORMAL,CALM,DOWN,DOWN,EXPANSION,STRESS_DOWN,STRESS_DOWN
2025-11-26,DOWN,NORMAL,DOWN,DOWN,NORMAL,CALM,DOWN,DOWN,NORMAL,CALM,UNCONFIRMED,DOWN,DOWN,NORMAL,CALM,DOWN,DOWN,NORMAL,STRESS_DOWN,STRESS_DOWN
2025-11-27,DOWN,NORMAL,DOWN,DOWN,NORMAL,CALM,DOWN,DOWN,NORMAL,CALM,UNCONFIRMED,DOWN,DOWN,NORMAL,CALM,DOWN,DOWN,NORMAL,STRESS_DOWN,STRESS_DOWN
2025-11-28,DOWN,NORMAL,DOWN,DOWN,NORMAL,STRESS_DOWN,STRESS_DOWN,DOWN,NORMAL,STRESS_DOWN,CONFIRMED,STRESS_DOWN,RANGE,NORMAL,STRESS_DOWN,STRESS_DOWN,DOWN,NORMAL,STRESS_DOWN,STRESS_DOWN
2025-11-29,DOWN,NORMAL,DOWN,DOWN,NORMAL,CALM,DOWN,DOWN,NORMAL,CALM,UNCONFIRMED,DOWN,RANGE,NORMAL,CALM,RANGE,DOWN,NORMAL,STRESS_DOWN,STRESS_DOWN
2025-11-30,DOWN,NORMAL,DOWN,DOWN,NORMAL,CALM,DOWN,DOWN,NORMAL,CALM,UNCONFIRMED,DOWN,RANGE,NORMAL,CALM,RANGE,DOWN,NORMAL,CALM,DOWN
2025-12-01,DOWN,NORMAL,DOWN,DOWN,NORMAL,STRESS_DOWN,STRESS_DOWN,DOWN,NORMAL,STRESS_DOWN,CONFIRMED,STRESS_DOWN,RANGE,NORMAL,STRESS_DOWN,STRESS_DOWN,DOWN,NORMAL,STRESS_DOWN,STRESS_DOWN
2025-12-02,DOWN,NORMAL,DOWN,DOWN,NORMAL,STRESS_DOWN,STRESS_DOWN,DOWN,NORMAL,STRESS_DOWN,UNCONFIRMED,STRESS_DOWN,RANGE,NORMAL,STRESS_DOWN,STRESS_DOWN,DOWN,NORMAL,STRESS_DOWN,STRESS_DOWN
2025-12-03,DOWN,NORMAL,DOWN,DOWN,NORMAL,CALM,DOWN,DOWN,NORMAL,CALM,UNCONFIRMED,DOWN,RANGE,NORMAL,CALM,RANGE,DOWN,NORMAL,CALM,DOWN
2025-12-04,DOWN,NORMAL,DOWN,DOWN,NORMAL,STRESS_DOWN,STRESS_DOWN,DOWN,NORMAL,STRESS_DOWN,UNCONFIRMED,STRESS_DOWN,RANGE,NORMAL,STRESS_DOWN,STRESS_DOWN,DOWN,NORMAL,STRESS_DOWN,STRESS_DOWN
2025-12-05,DOWN,NORMAL,DOWN,DOWN,NORMAL,STRESS_DOWN,STRESS_DOWN,DOWN,NORMAL,STRESS_DOWN,UNCONFIRMED,STRESS_DOWN,RANGE,NORMAL,STRESS_DOWN,STRESS_DOWN,DOWN,NORMAL,STRESS_DOWN,STRESS_DOWN
2025-12-06,DOWN,NORMAL,DOWN,DOWN,NORMAL,CALM,DOWN,DOWN,NORMAL,CALM,UNCONFIRMED,DOWN,RANGE,NORMAL,CALM,RANGE,DOWN,NORMAL,CALM,DOWN
2025-12-07,DOWN,NORMAL,DOWN,DOWN,NORMAL,CALM,DOWN,DOWN,NORMAL,CALM,UNCONFIRMED,DOWN,RANGE,NORMAL,CALM,RANGE,DOWN,NORMAL,CALM,DOWN
2025-12-08,DOWN,NORMAL,DOWN,DOWN,NORMAL,CALM,DOWN,DOWN,NORMAL,CALM,UNCONFIRMED,DOWN,RANGE,NORMAL,CALM,RANGE,DOWN,NORMAL,CALM,DOWN
2025-12-09,RANGE,NORMAL,RANGE,RANGE,NORMAL,CALM,RANGE,RANGE,NORMAL,CALM,UNCONFIRMED,RANGE,RANGE,NORMAL,CALM,RANGE,DOWN,NORMAL,CALM,DOWN
2025-12-10,RANGE,NORMAL,RANGE,RANGE,NORMAL,CALM,RANGE,RANGE,NORMAL,CALM,UNCONFIRMED,RANGE,RANGE,NORMAL,CALM,RANGE,DOWN,NORMAL,CALM,DOWN
2025-12-11,RANGE,NORMAL,RANGE,RANGE,NORMAL,CALM,RANGE,RANGE,NORMAL,CALM,UNCONFIRMED,RANGE,RANGE,NORMAL,CALM,RANGE,DOWN,NORMAL,CALM,DOWN
2025-12-12,RANGE,NORMAL,RANGE,RANGE,NORMAL,CALM,RANGE,RANGE,NORMAL,CALM,UNCONFIRMED,RANGE,RANGE,NORMAL,CALM,RANGE,DOWN,NORMAL,CALM,DOWN
2025-12-13,RANGE,NORMAL,RANGE,RANGE,NORMAL,CALM,RANGE,RANGE,NORMAL,CALM,UNCONFIRMED,RANGE,RANGE,NORMAL,CALM,RANGE,DOWN,NORMAL,CALM,DOWN
2025-12-14,RANGE,NORMAL,RANGE,RANGE,NORMAL,CALM,RANGE,RANGE,NORMAL,CALM,UNCONFIRMED,RANGE,RANGE,NORMAL,CALM,RANGE,DOWN,NORMAL,CALM,DOWN
2025-12-15,RANGE,NORMAL,RANGE,RANGE,NORMAL,CALM,RANGE,RANGE,NORMAL,CALM,UNCONFIRMED,RANGE,RANGE,NORMAL,CALM,RANGE,DOWN,NORMAL,CALM,DOWN
2025-12-16,DOWN,NORMAL,DOWN,DOWN,NORMAL,CALM,DOWN,DOWN,NORMAL,CALM,UNCONFIRMED,DOWN,RANGE,NORMAL,CALM,RANGE,DOWN,NORMAL,CALM,DOWN
2025-12-17,DOWN,NORMAL,DOWN,DOWN,NORMAL,CALM,DOWN,DOWN,NORMAL,CALM,UNCONFIRMED,DOWN,RANGE,NORMAL,CALM,RANGE,DOWN,NORMAL,CALM,DOWN
2025-12-18,DOWN,NORMAL,DOWN,DOWN,NORMAL,CALM,DOWN,DOWN,NORMAL,CALM,UNCONFIRMED,DOWN,RANGE,NORMAL,CALM,RANGE,DOWN,NORMAL,CALM,DOWN
2025-12-19,DOWN,NORMAL,DOWN,DOWN,NORMAL,CALM,DOWN,DOWN,NORMAL,CALM,CONFIRMED,DOWN,RANGE,NORMAL,CALM,RANGE,DOWN,NORMAL,CALM,DOWN
2025-12-20,DOWN,NORMAL,DOWN,DOWN,NORMAL,CALM,DOWN,DOWN,NORMAL,CALM,UNCONFIRMED,DOWN,RANGE,NORMAL,CALM,RANGE,DOWN,NORMAL,CALM,DOWN
2025-12-21,DOWN,NORMAL,DOWN,DOWN,NORMAL,CALM,DOWN,DOWN,NORMAL,CALM,UNCONFIRMED,DOWN,RANGE,NORMAL,CALM,RANGE,DOWN,NORMAL,CALM,DOWN
2025-12-22,DOWN,NORMAL,DOWN,DOWN,NORMAL,CALM,DOWN,DOWN,NORMAL,CALM,UNCONFIRMED,DOWN,RANGE,NORMAL,CALM,RANGE,DOWN,NORMAL,CALM,DOWN
2025-12-23,DOWN,NORMAL,DOWN,DOWN,NORMAL,CALM,DOWN,DOWN,NORMAL,CALM,UNCONFIRMED,DOWN,RANGE,NORMAL,CALM,RANGE,DOWN,NORMAL,CALM,DOWN
2025-12-24,DOWN,NORMAL,DOWN,DOWN,NORMAL,CALM,DOWN,DOWN,NORMAL,CALM,UNCONFIRMED,DOWN,RANGE,NORMAL,CALM,RANGE,DOWN,NORMAL,CALM,DOWN
2025-12-25,DOWN,NORMAL,DOWN,DOWN,NORMAL,CALM,DOWN,DOWN,NORMAL,CALM,UNCONFIRMED,DOWN,DOWN,NORMAL,CALM,DOWN,DOWN,NORMAL,CALM,DOWN
2025-12-26,DOWN,NORMAL,DOWN,DOWN,NORMAL,CALM,DOWN,DOWN,NORMAL,CALM,UNCONFIRMED,DOWN,DOWN,NORMAL,CALM,DOWN,DOWN,NORMAL,CALM,DOWN
2025-12-27,DOWN,NORMAL,DOWN,DOWN,NORMAL,CALM,DOWN,DOWN,NORMAL,CALM,UNCONFIRMED,DOWN,DOWN,NORMAL,CALM,DOWN,DOWN,NORMAL,CALM,DOWN
2025-12-28,DOWN,NORMAL,DOWN,DOWN,NORMAL,CALM,DOWN,DOWN,NORMAL,CALM,UNCONFIRMED,DOWN,DOWN,NORMAL,CALM,DOWN,DOWN,SQUEEZE,CALM,DOWN
2025-12-29,DOWN,NORMAL,DOWN,DOWN,NORMAL,CALM,DOWN,DOWN,NORMAL,CALM,UNCONFIRMED,DOWN,DOWN,NORMAL,CALM,DOWN,DOWN,SQUEEZE,CALM,DOWN
2025-12-30,DOWN,SQUEEZE,DOWN,DOWN,SQUEEZE,CALM,DOWN,DOWN,SQUEEZE,CALM,UNCONFIRMED,DOWN,DOWN,SQUEEZE,CALM,DOWN,DOWN,SQUEEZE,CALM,DOWN
2025-12-31,DOWN,SQUEEZE,DOWN,DOWN,SQUEEZE,CALM,DOWN,DOWN,SQUEEZE,CALM,UNCONFIRMED,DOWN,DOWN,SQUEEZE,CALM,DOWN,DOWN,SQUEEZE,CALM,DOWN
2026-01-01,DOWN,SQUEEZE,DOWN,DOWN,SQUEEZE,CALM,DOWN,DOWN,SQUEEZE,CALM,UNCONFIRMED,DOWN,DOWN,SQUEEZE,CALM,DOWN,DOWN,SQUEEZE,CALM,DOWN
2026-01-02,DOWN,SQUEEZE,DOWN,DOWN,SQUEEZE,CALM,DOWN,DOWN,SQUEEZE,CALM,CONFIRMED,DOWN,RANGE,SQUEEZE,CALM,SQUEEZE,DOWN,SQUEEZE,CALM,DOWN
2026-01-03,DOWN,SQUEEZE,DOWN,DOWN,SQUEEZE,CALM,DOWN,DOWN,SQUEEZE,CALM,UNCONFIRMED,DOWN,RANGE,SQUEEZE,CALM,SQUEEZE,DOWN,SQUEEZE,CALM,DOWN
2026-01-04,DOWN,NORMAL,DOWN,DOWN,NORMAL,CALM,DOWN,DOWN,NORMAL,CALM,UNCONFIRMED,DOWN,RANGE,NORMAL,CALM,RANGE,DOWN,SQUEEZE,CALM,DOWN
2026-01-05,UP,NORMAL,UP,RANGE,NORMAL,CALM,RANGE,RANGE,NORMAL,CALM,CONFIRMED,RANGE,RANGE,NORMAL,CALM,RANGE,RANGE,SQUEEZE,CALM,SQUEEZE
2026-01-06,UP,EXPANSION,EXPANSION,RANGE,EXPANSION,CALM,EXPANSION,RANGE,EXPANSION,CALM,CONFIRMED,EXPANSION,RANGE,EXPANSION,CALM,EXPANSION,RANGE,NORMAL,CALM,RANGE
2026-01-07,DOWN,EXPANSION,EXPANSION,DOWN,EXPANSION,CALM,EXPANSION,DOWN,EXPANSION,CALM,UNCONFIRMED,EXPANSION,DOWN,EXPANSION,CALM,EXPANSION,DOWN,NORMAL,CALM,DOWN
2026-01-08,DOWN,EXPANSION,EXPANSION,DOWN,EXPANSION,CALM,EXPANSION,DOWN,EXPANSION,CALM,CONFIRMED,EXPANSION,DOWN,EXPANSION,CALM,EXPANSION,DOWN,NORMAL,CALM,DOWN
2026-01-09,DOWN,EXPANSION,EXPANSION,DOWN,EXPANSION,CALM,EXPANSION,DOWN,EXPANSION,CALM,UNCONFIRMED,EXPANSION,DOWN,EXPANSION,CALM,EXPANSION,DOWN,NORMAL,CALM,DOWN
2026-01-10,DOWN,EXPANSION,EXPANSION,DOWN,EXPANSION,CALM,EXPANSION,DOWN,EXPANSION,CALM,UNCONFIRMED,EXPANSION,DOWN,EXPANSION,CALM,EXPANSION,DOWN,NORMAL,CALM,DOWN
2026-01-11,DOWN,EXPANSION,EXPANSION,DOWN,EXPANSION,CALM,EXPANSION,DOWN,EXPANSION,CALM,UNCONFIRMED,EXPANSION,DOWN,EXPANSION,CALM,EXPANSION,DOWN,NORMAL,CALM,DOWN
2026-01-12,DOWN,EXPANSION,EXPANSION,DOWN,EXPANSION,CALM,EXPANSION,DOWN,EXPANSION,CALM,UNCONFIRMED,EXPANSION,DOWN,EXPANSION,CALM,EXPANSION,DOWN,NORMAL,CALM,DOWN
2026-01-13,DOWN,EXPANSION,EXPANSION,DOWN,EXPANSION,CALM,EXPANSION,DOWN,EXPANSION,CALM,UNCONFIRMED,EXPANSION,DOWN,EXPANSION,CALM,EXPANSION,DOWN,NORMAL,CALM,DOWN
2026-01-14,DOWN,EXPANSION,EXPANSION,DOWN,EXPANSION,CALM,EXPANSION,DOWN,EXPANSION,CALM,CONFIRMED,EXPANSION,DOWN,EXPANSION,CALM,EXPANSION,DOWN,NORMAL,CALM,DOWN
2026-01-15,DOWN,EXPANSION,EXPANSION,DOWN,EXPANSION,CALM,EXPANSION,DOWN,EXPANSION,CALM,UNCONFIRMED,EXPANSION,DOWN,EXPANSION,CALM,EXPANSION,DOWN,NORMAL,CALM,DOWN
2026-01-16,DOWN,EXPANSION,EXPANSION,DOWN,EXPANSION,CALM,EXPANSION,DOWN,EXPANSION,CALM,UNCONFIRMED,EXPANSION,DOWN,EXPANSION,CALM,EXPANSION,DOWN,NORMAL,CALM,DOWN
2026-01-17,DOWN,NORMAL,DOWN,DOWN,NORMAL,CALM,DOWN,DOWN,NORMAL,CALM,UNCONFIRMED,DOWN,DOWN,NORMAL,CALM,DOWN,DOWN,SQUEEZE,CALM,DOWN
2026-01-18,DOWN,NORMAL,DOWN,DOWN,NORMAL,CALM,DOWN,DOWN,NORMAL,CALM,UNCONFIRMED,DOWN,RANGE,NORMAL,CALM,RANGE,DOWN,NORMAL,CALM,DOWN
2026-01-19,DOWN,NORMAL,DOWN,DOWN,NORMAL,CALM,DOWN,DOWN,NORMAL,CALM,CONFIRMED,DOWN,RANGE,NORMAL,CALM,RANGE,DOWN,NORMAL,CALM,DOWN
2026-01-20,DOWN,NORMAL,DOWN,DOWN,NORMAL,CALM,DOWN,DOWN,NORMAL,CALM,CONFIRMED,DOWN,RANGE,NORMAL,CALM,RANGE,DOWN,NORMAL,CALM,DOWN
2026-01-21,DOWN,NORMAL,DOWN,DOWN,NORMAL,CALM,DOWN,DOWN,NORMAL,CALM,CONFIRMED,DOWN,RANGE,NORMAL,CALM,RANGE,DOWN,NORMAL,CALM,DOWN
2026-01-22,DOWN,NORMAL,DOWN,DOWN,NORMAL,CALM,DOWN,DOWN,NORMAL,CALM,UNCONFIRMED,DOWN,RANGE,NORMAL,CALM,RANGE,DOWN,NORMAL,CALM,DOWN
2026-01-23,DOWN,NORMAL,DOWN,DOWN,NORMAL,CALM,DOWN,DOWN,NORMAL,CALM,UNCONFIRMED,DOWN,RANGE,NORMAL,CALM,RANGE,DOWN,NORMAL,CALM,DOWN
2026-01-24,DOWN,NORMAL,DOWN,DOWN,NORMAL,CALM,DOWN,DOWN,NORMAL,CALM,UNCONFIRMED,DOWN,RANGE,NORMAL,CALM,RANGE,DOWN,NORMAL,CALM,DOWN
2026-01-25,DOWN,NORMAL,DOWN,DOWN,NORMAL,CALM,DOWN,DOWN,NORMAL,CALM,UNCONFIRMED,DOWN,RANGE,NORMAL,CALM,RANGE,DOWN,NORMAL,CALM,DOWN
2026-01-26,DOWN,NORMAL,DOWN,DOWN,NORMAL,CALM,DOWN,DOWN,NORMAL,CALM,UNCONFIRMED,DOWN,RANGE,NORMAL,CALM,RANGE,DOWN,NORMAL,CALM,DOWN
2026-01-27,DOWN,NORMAL,DOWN,DOWN,NORMAL,CALM,DOWN,DOWN,NORMAL,CALM,UNCONFIRMED,DOWN,DOWN,NORMAL,CALM,DOWN,DOWN,NORMAL,CALM,DOWN
2026-01-28,DOWN,NORMAL,DOWN,DOWN,NORMAL,CALM,DOWN,DOWN,NORMAL,CALM,UNCONFIRMED,DOWN,DOWN,NORMAL,CALM,DOWN,DOWN,NORMAL,CALM,DOWN
2026-01-29,DOWN,NORMAL,DOWN,DOWN,NORMAL,CALM,DOWN,DOWN,NORMAL,CALM,CONFIRMED,DOWN,DOWN,NORMAL,CALM,DOWN,DOWN,NORMAL,CALM,DOWN
2026-01-30,DOWN,NORMAL,DOWN,DOWN,NORMAL,CALM,DOWN,DOWN,NORMAL,CALM,CONFIRMED,DOWN,DOWN,NORMAL,CALM,DOWN,DOWN,NORMAL,CALM,DOWN
2026-01-31,DOWN,NORMAL,DOWN,DOWN,NORMAL,STRESS_DOWN,STRESS_DOWN,DOWN,NORMAL,STRESS_DOWN,CONFIRMED,STRESS_DOWN,DOWN,NORMAL,STRESS_DOWN,STRESS_DOWN,DOWN,NORMAL,STRESS_DOWN,STRESS_DOWN
2026-02-01,DOWN,EXPANSION,EXPANSION,DOWN,EXPANSION,STRESS_DOWN,STRESS_DOWN,DOWN,EXPANSION,STRESS_DOWN,CONFIRMED,STRESS_DOWN,DOWN,EXPANSION,STRESS_DOWN,STRESS_DOWN,DOWN,EXPANSION,STRESS_DOWN,STRESS_DOWN
2026-02-02,DOWN,EXPANSION,EXPANSION,DOWN,EXPANSION,STRESS_DOWN,STRESS_DOWN,DOWN,EXPANSION,STRESS_DOWN,CONFIRMED,STRESS_DOWN,DOWN,EXPANSION,STRESS_DOWN,STRESS_DOWN,DOWN,NORMAL,STRESS_DOWN,STRESS_DOWN
2026-02-03,DOWN,EXPANSION,EXPANSION,DOWN,EXPANSION,STRESS_DOWN,STRESS_DOWN,DOWN,EXPANSION,STRESS_DOWN,CONFIRMED,STRESS_DOWN,DOWN,EXPANSION,STRESS_DOWN,STRESS_DOWN,DOWN,EXPANSION,STRESS_DOWN,STRESS_DOWN
2026-02-04,DOWN,EXPANSION,EXPANSION,DOWN,EXPANSION,STRESS_DOWN,STRESS_DOWN,DOWN,EXPANSION,STRESS_DOWN,CONFIRMED,STRESS_DOWN,DOWN,EXPANSION,STRESS_DOWN,STRESS_DOWN,DOWN,EXPANSION,STRESS_DOWN,STRESS_DOWN
2026-02-05,DOWN,EXPANSION,EXPANSION,DOWN,EXPANSION,STRESS_DOWN,STRESS_DOWN,DOWN,EXPANSION,STRESS_DOWN,CONFIRMED,STRESS_DOWN,DOWN,EXPANSION,STRESS_DOWN,STRESS_DOWN,DOWN,EXPANSION,STRESS_DOWN,STRESS_DOWN
2026-02-06,DOWN,EXPANSION,EXPANSION,DOWN,EXPANSION,STRESS_DOWN,STRESS_DOWN,DOWN,EXPANSION,STRESS_DOWN,CONFIRMED,STRESS_DOWN,DOWN,EXPANSION,STRESS_DOWN,STRESS_DOWN,DOWN,EXPANSION,STRESS_DOWN,STRESS_DOWN
2026-02-07,DOWN,EXPANSION,EXPANSION,DOWN,EXPANSION,STRESS_DOWN,STRESS_DOWN,DOWN,EXPANSION,STRESS_DOWN,CONFIRMED,STRESS_DOWN,DOWN,EXPANSION,STRESS_DOWN,STRESS_DOWN,DOWN,EXPANSION,STRESS_DOWN,STRESS_DOWN
2026-02-08,DOWN,EXPANSION,EXPANSION,DOWN,EXPANSION,STRESS_DOWN,STRESS_DOWN,DOWN,EXPANSION,STRESS_DOWN,CONFIRMED,STRESS_DOWN,DOWN,EXPANSION,STRESS_DOWN,STRESS_DOWN,DOWN,EXPANSION,STRESS_DOWN,STRESS_DOWN
2026-02-09,DOWN,EXPANSION,EXPANSION,DOWN,EXPANSION,STRESS_DOWN,STRESS_DOWN,DOWN,EXPANSION,STRESS_DOWN,CONFIRMED,STRESS_DOWN,DOWN,EXPANSION,STRESS_DOWN,STRESS_DOWN,DOWN,EXPANSION,STRESS_DOWN,STRESS_DOWN
2026-02-10,DOWN,EXPANSION,EXPANSION,DOWN,EXPANSION,STRESS_DOWN,STRESS_DOWN,DOWN,EXPANSION,STRESS_DOWN,UNCONFIRMED,STRESS_DOWN,DOWN,EXPANSION,STRESS_DOWN,STRESS_DOWN,DOWN,EXPANSION,STRESS_DOWN,STRESS_DOWN
2026-02-11,DOWN,EXPANSION,EXPANSION,DOWN,EXPANSION,STRESS_DOWN,STRESS_DOWN,DOWN,EXPANSION,STRESS_DOWN,CONFIRMED,STRESS_DOWN,DOWN,EXPANSION,STRESS_DOWN,STRESS_DOWN,DOWN,EXPANSION,STRESS_DOWN,STRESS_DOWN
2026-02-12,DOWN,EXPANSION,EXPANSION,DOWN,EXPANSION,STRESS_DOWN,STRESS_DOWN,DOWN,EXPANSION,STRESS_DOWN,UNCONFIRMED,STRESS_DOWN,DOWN,EXPANSION,STRESS_DOWN,STRESS_DOWN,DOWN,EXPANSION,STRESS_DOWN,STRESS_DOWN
2026-02-13,DOWN,EXPANSION,EXPANSION,DOWN,EXPANSION,STRESS_DOWN,STRESS_DOWN,DOWN,EXPANSION,STRESS_DOWN,CONFIRMED,STRESS_DOWN,DOWN,EXPANSION,STRESS_DOWN,STRESS_DOWN,DOWN,EXPANSION,STRESS_DOWN,STRESS_DOWN
2026-02-14,DOWN,EXPANSION,EXPANSION,DOWN,EXPANSION,STRESS_DOWN,STRESS_DOWN,DOWN,EXPANSION,STRESS_DOWN,UNCONFIRMED,STRESS_DOWN,DOWN,EXPANSION,STRESS_DOWN,STRESS_DOWN,DOWN,EXPANSION,STRESS_DOWN,STRESS_DOWN
2026-02-15,DOWN,EXPANSION,EXPANSION,DOWN,EXPANSION,STRESS_DOWN,STRESS_DOWN,DOWN,EXPANSION,STRESS_DOWN,CONFIRMED,STRESS_DOWN,DOWN,EXPANSION,STRESS_DOWN,STRESS_DOWN,DOWN,EXPANSION,STRESS_DOWN,STRESS_DOWN
2026-02-16,DOWN,EXPANSION,EXPANSION,DOWN,EXPANSION,STRESS_DOWN,STRESS_DOWN,DOWN,EXPANSION,STRESS_DOWN,CONFIRMED,STRESS_DOWN,DOWN,EXPANSION,STRESS_DOWN,STRESS_DOWN,DOWN,EXPANSION,STRESS_DOWN,STRESS_DOWN
2026-02-17,DOWN,EXPANSION,EXPANSION,DOWN,EXPANSION,STRESS_DOWN,STRESS_DOWN,DOWN,EXPANSION,STRESS_DOWN,UNCONFIRMED,STRESS_DOWN,DOWN,EXPANSION,STRESS_DOWN,STRESS_DOWN,DOWN,EXPANSION,STRESS_DOWN,STRESS_DOWN
2026-02-18,DOWN,NORMAL,DOWN,DOWN,NORMAL,STRESS_DOWN,STRESS_DOWN,DOWN,NORMAL,STRESS_DOWN,UNCONFIRMED,STRESS_DOWN,DOWN,NORMAL,STRESS_DOWN,STRESS_DOWN,DOWN,EXPANSION,STRESS_DOWN,STRESS_DOWN
2026-02-19,DOWN,NORMAL,DOWN,DOWN,NORMAL,STRESS_DOWN,STRESS_DOWN,DOWN,NORMAL,STRESS_DOWN,UNCONFIRMED,STRESS_DOWN,DOWN,NORMAL,STRESS_DOWN,STRESS_DOWN,DOWN,EXPANSION,STRESS_DOWN,STRESS_DOWN
2026-02-20,DOWN,NORMAL,DOWN,DOWN,NORMAL,STRESS_DOWN,STRESS_DOWN,DOWN,NORMAL,STRESS_DOWN,UNCONFIRMED,STRESS_DOWN,DOWN,NORMAL,STRESS_DOWN,STRESS_DOWN,DOWN,EXPANSION,STRESS_DOWN,STRESS_DOWN
2026-02-21,DOWN,NORMAL,DOWN,DOWN,NORMAL,STRESS_DOWN,STRESS_DOWN,DOWN,NORMAL,STRESS_DOWN,UNCONFIRMED,STRESS_DOWN,DOWN,NORMAL,STRESS_DOWN,STRESS_DOWN,DOWN,NORMAL,STRESS_DOWN,STRESS_DOWN
2026-02-22,DOWN,NORMAL,DOWN,DOWN,NORMAL,STRESS_DOWN,STRESS_DOWN,DOWN,NORMAL,STRESS_DOWN,UNCONFIRMED,STRESS_DOWN,DOWN,NORMAL,STRESS_DOWN,STRESS_DOWN,DOWN,NORMAL,STRESS_DOWN,STRESS_DOWN
2026-02-23,DOWN,NORMAL,DOWN,DOWN,NORMAL,STRESS_DOWN,STRESS_DOWN,DOWN,NORMAL,STRESS_DOWN,CONFIRMED,STRESS_DOWN,DOWN,NORMAL,STRESS_DOWN,STRESS_DOWN,DOWN,EXPANSION,STRESS_DOWN,STRESS_DOWN
2026-02-24,DOWN,NORMAL,DOWN,DOWN,NORMAL,STRESS_DOWN,STRESS_DOWN,DOWN,NORMAL,STRESS_DOWN,CONFIRMED,STRESS_DOWN,DOWN,NORMAL,STRESS_DOWN,STRESS_DOWN,DOWN,NORMAL,STRESS_DOWN,STRESS_DOWN
2026-02-25,DOWN,SQUEEZE,DOWN,DOWN,SQUEEZE,STRESS_DOWN,STRESS_DOWN,DOWN,SQUEEZE,STRESS_DOWN,CONFIRMED,STRESS_DOWN,DOWN,SQUEEZE,STRESS_DOWN,STRESS_DOWN,DOWN,NORMAL,STRESS_DOWN,STRESS_DOWN
2026-02-26,DOWN,SQUEEZE,DOWN,DOWN,SQUEEZE,STRESS_DOWN,STRESS_DOWN,DOWN,SQUEEZE,STRESS_DOWN,CONFIRMED,STRESS_DOWN,DOWN,SQUEEZE,STRESS_DOWN,STRESS_DOWN,DOWN,NORMAL,STRESS_DOWN,STRESS_DOWN
2026-02-27,DOWN,SQUEEZE,DOWN,DOWN,SQUEEZE,STRESS_DOWN,STRESS_DOWN,DOWN,SQUEEZE,STRESS_DOWN,CONFIRMED,STRESS_DOWN,DOWN,SQUEEZE,STRESS_DOWN,STRESS_DOWN,DOWN,NORMAL,STRESS_DOWN,STRESS_DOWN
2026-02-28,DOWN,SQUEEZE,DOWN,DOWN,SQUEEZE,STRESS_DOWN,STRESS_DOWN,DOWN,SQUEEZE,STRESS_DOWN,CONFIRMED,STRESS_DOWN,DOWN,SQUEEZE,STRESS_DOWN,STRESS_DOWN,DOWN,NORMAL,STRESS_DOWN,STRESS_DOWN
2026-03-01,DOWN,SQUEEZE,DOWN,DOWN,SQUEEZE,STRESS_DOWN,STRESS_DOWN,DOWN,SQUEEZE,STRESS_DOWN,CONFIRMED,STRESS_DOWN,DOWN,SQUEEZE,STRESS_DOWN,STRESS_DOWN,DOWN,EXPANSION,STRESS_DOWN,STRESS_DOWN
2026-03-02,DOWN,SQUEEZE,DOWN,DOWN,SQUEEZE,STRESS_DOWN,STRESS_DOWN,DOWN,SQUEEZE,STRESS_DOWN,CONFIRMED,STRESS_DOWN,DOWN,SQUEEZE,STRESS_DOWN,STRESS_DOWN,DOWN,NORMAL,STRESS_DOWN,STRESS_DOWN
2026-03-03,DOWN,SQUEEZE,DOWN,DOWN,SQUEEZE,STRESS_DOWN,STRESS_DOWN,DOWN,SQUEEZE,STRESS_DOWN,CONFIRMED,STRESS_DOWN,DOWN,SQUEEZE,STRESS_DOWN,STRESS_DOWN,DOWN,NORMAL,STRESS_DOWN,STRESS_DOWN
2026-03-04,DOWN,SQUEEZE,DOWN,DOWN,SQUEEZE,STRESS_DOWN,STRESS_DOWN,DOWN,SQUEEZE,STRESS_DOWN,CONFIRMED,STRESS_DOWN,DOWN,SQUEEZE,STRESS_DOWN,STRESS_DOWN,DOWN,NORMAL,STRESS_DOWN,STRESS_DOWN
2026-03-05,DOWN,SQUEEZE,DOWN,DOWN,SQUEEZE,STRESS_DOWN,STRESS_DOWN,DOWN,SQUEEZE,STRESS_DOWN,UNCONFIRMED,STRESS_DOWN,DOWN,SQUEEZE,STRESS_DOWN,STRESS_DOWN,DOWN,NORMAL,STRESS_DOWN,STRESS_DOWN
2026-03-06,DOWN,SQUEEZE,DOWN,DOWN,SQUEEZE,STRESS_DOWN,STRESS_DOWN,DOWN,SQUEEZE,STRESS_DOWN,UNCONFIRMED,STRESS_DOWN,DOWN,SQUEEZE,STRESS_DOWN,STRESS_DOWN,DOWN,NORMAL,STRESS_DOWN,STRESS_DOWN
2026-03-07,DOWN,SQUEEZE,DOWN,DOWN,SQUEEZE,CALM,DOWN,DOWN,SQUEEZE,CALM,UNCONFIRMED,DOWN,RANGE,SQUEEZE,CALM,SQUEEZE,DOWN,NORMAL,CALM,DOWN
2026-03-08,DOWN,SQUEEZE,DOWN,DOWN,SQUEEZE,CALM,DOWN,DOWN,SQUEEZE,CALM,UNCONFIRMED,DOWN,RANGE,SQUEEZE,CALM,SQUEEZE,DOWN,NORMAL,CALM,DOWN
2026-03-09,DOWN,SQUEEZE,DOWN,DOWN,SQUEEZE,CALM,DOWN,DOWN,SQUEEZE,CALM,CONFIRMED,DOWN,RANGE,SQUEEZE,CALM,SQUEEZE,DOWN,NORMAL,CALM,DOWN
2026-03-10,DOWN,SQUEEZE,DOWN,DOWN,SQUEEZE,CALM,DOWN,DOWN,SQUEEZE,CALM,CONFIRMED,DOWN,RANGE,SQUEEZE,CALM,SQUEEZE,DOWN,NORMAL,CALM,DOWN
2026-03-11,RANGE,SQUEEZE,SQUEEZE,RANGE,SQUEEZE,CALM,SQUEEZE,RANGE,SQUEEZE,CALM,UNCONFIRMED,SQUEEZE,RANGE,SQUEEZE,CALM,SQUEEZE,DOWN,NORMAL,CALM,DOWN
2026-03-12,RANGE,SQUEEZE,SQUEEZE,RANGE,SQUEEZE,CALM,SQUEEZE,RANGE,SQUEEZE,CALM,UNCONFIRMED,SQUEEZE,RANGE,SQUEEZE,CALM,SQUEEZE,DOWN,NORMAL,CALM,DOWN
2026-03-13,RANGE,SQUEEZE,SQUEEZE,RANGE,SQUEEZE,CALM,SQUEEZE,RANGE,SQUEEZE,CALM,CONFIRMED,SQUEEZE,RANGE,SQUEEZE,CALM,SQUEEZE,DOWN,NORMAL,CALM,DOWN
2026-03-14,RANGE,SQUEEZE,SQUEEZE,RANGE,SQUEEZE,CALM,SQUEEZE,RANGE,SQUEEZE,CALM,UNCONFIRMED,SQUEEZE,RANGE,SQUEEZE,CALM,SQUEEZE,DOWN,NORMAL,CALM,DOWN
2026-03-15,RANGE,SQUEEZE,SQUEEZE,RANGE,SQUEEZE,CALM,SQUEEZE,RANGE,SQUEEZE,CALM,UNCONFIRMED,SQUEEZE,RANGE,SQUEEZE,CALM,SQUEEZE,DOWN,NORMAL,CALM,DOWN
2026-03-16,RANGE,SQUEEZE,SQUEEZE,RANGE,SQUEEZE,CALM,SQUEEZE,RANGE,SQUEEZE,CALM,CONFIRMED,SQUEEZE,RANGE,SQUEEZE,CALM,SQUEEZE,DOWN,NORMAL,CALM,DOWN
2026-03-17,DOWN,NORMAL,DOWN,DOWN,NORMAL,CALM,DOWN,DOWN,NORMAL,CALM,CONFIRMED,DOWN,RANGE,NORMAL,CALM,RANGE,DOWN,NORMAL,CALM,DOWN
2026-03-18,DOWN,NORMAL,DOWN,DOWN,NORMAL,CALM,DOWN,DOWN,NORMAL,CALM,CONFIRMED,DOWN,RANGE,NORMAL,CALM,RANGE,DOWN,NORMAL,CALM,DOWN
2026-03-19,DOWN,NORMAL,DOWN,DOWN,NORMAL,CALM,DOWN,DOWN,NORMAL,CALM,UNCONFIRMED,DOWN,RANGE,NORMAL,CALM,RANGE,DOWN,NORMAL,CALM,DOWN
2026-03-20,DOWN,NORMAL,DOWN,DOWN,NORMAL,CALM,DOWN,DOWN,NORMAL,CALM,UNCONFIRMED,DOWN,RANGE,NORMAL,CALM,RANGE,DOWN,NORMAL,CALM,DOWN
2026-03-21,DOWN,NORMAL,DOWN,DOWN,NORMAL,CALM,DOWN,DOWN,NORMAL,CALM,UNCONFIRMED,DOWN,RANGE,NORMAL,CALM,RANGE,DOWN,NORMAL,CALM,DOWN
2026-03-22,DOWN,NORMAL,DOWN,DOWN,NORMAL,CALM,DOWN,DOWN,NORMAL,CALM,UNCONFIRMED,DOWN,RANGE,NORMAL,CALM,RANGE,DOWN,NORMAL,CALM,DOWN
2026-03-23,DOWN,SQUEEZE,DOWN,DOWN,SQUEEZE,CALM,DOWN,DOWN,SQUEEZE,CALM,CONFIRMED,DOWN,RANGE,SQUEEZE,CALM,SQUEEZE,DOWN,NORMAL,CALM,DOWN
2026-03-24,DOWN,SQUEEZE,DOWN,DOWN,SQUEEZE,CALM,DOWN,DOWN,SQUEEZE,CALM,UNCONFIRMED,DOWN,RANGE,SQUEEZE,CALM,SQUEEZE,DOWN,NORMAL,CALM,DOWN
2026-03-25,DOWN,SQUEEZE,DOWN,DOWN,SQUEEZE,CALM,DOWN,DOWN,SQUEEZE,CALM,UNCONFIRMED,DOWN,RANGE,SQUEEZE,CALM,SQUEEZE,DOWN,NORMAL,CALM,DOWN
2026-03-26,RANGE,SQUEEZE,SQUEEZE,RANGE,SQUEEZE,CALM,SQUEEZE,RANGE,SQUEEZE,CALM,CONFIRMED,SQUEEZE,RANGE,SQUEEZE,CALM,SQUEEZE,DOWN,NORMAL,CALM,DOWN
2026-03-27,RANGE,NORMAL,RANGE,RANGE,NORMAL,CALM,RANGE,RANGE,NORMAL,CALM,UNCONFIRMED,RANGE,RANGE,NORMAL,CALM,RANGE,DOWN,NORMAL,CALM,DOWN
2026-03-28,RANGE,NORMAL,RANGE,RANGE,NORMAL,CALM,RANGE,RANGE,NORMAL,CALM,UNCONFIRMED,RANGE,RANGE,NORMAL,CALM,RANGE,DOWN,NORMAL,CALM,DOWN
2026-03-29,RANGE,NORMAL,RANGE,RANGE,NORMAL,CALM,RANGE,RANGE,NORMAL,CALM,UNCONFIRMED,RANGE,RANGE,NORMAL,CALM,RANGE,DOWN,NORMAL,CALM,DOWN
2026-03-30,RANGE,NORMAL,RANGE,RANGE,NORMAL,CALM,RANGE,RANGE,NORMAL,CALM,UNCONFIRMED,RANGE,RANGE,NORMAL,CALM,RANGE,DOWN,NORMAL,CALM,DOWN
2026-03-31,RANGE,NORMAL,RANGE,RANGE,NORMAL,CALM,RANGE,RANGE,NORMAL,CALM,UNCONFIRMED,RANGE,RANGE,NORMAL,CALM,RANGE,RANGE,NORMAL,CALM,RANGE
2026-04-01,RANGE,NORMAL,RANGE,RANGE,NORMAL,CALM,RANGE,RANGE,NORMAL,CALM,UNCONFIRMED,RANGE,RANGE,NORMAL,CALM,RANGE,RANGE,SQUEEZE,CALM,SQUEEZE
2026-04-02,RANGE,NORMAL,RANGE,RANGE,NORMAL,CALM,RANGE,RANGE,NORMAL,CALM,CONFIRMED,RANGE,RANGE,NORMAL,CALM,RANGE,RANGE,NORMAL,CALM,RANGE
2026-04-03,RANGE,NORMAL,RANGE,RANGE,NORMAL,CALM,RANGE,RANGE,NORMAL,CALM,UNCONFIRMED,RANGE,RANGE,NORMAL,CALM,RANGE,RANGE,SQUEEZE,CALM,SQUEEZE
2026-04-04,RANGE,NORMAL,RANGE,RANGE,NORMAL,CALM,RANGE,RANGE,NORMAL,CALM,UNCONFIRMED,RANGE,RANGE,NORMAL,CALM,RANGE,RANGE,SQUEEZE,CALM,SQUEEZE
2026-04-05,RANGE,NORMAL,RANGE,RANGE,NORMAL,CALM,RANGE,RANGE,NORMAL,CALM,UNCONFIRMED,RANGE,RANGE,NORMAL,CALM,RANGE,RANGE,SQUEEZE,CALM,SQUEEZE
2026-04-06,RANGE,NORMAL,RANGE,RANGE,NORMAL,CALM,RANGE,RANGE,NORMAL,CALM,UNCONFIRMED,RANGE,RANGE,NORMAL,CALM,RANGE,RANGE,SQUEEZE,CALM,SQUEEZE
2026-04-07,RANGE,SQUEEZE,SQUEEZE,RANGE,SQUEEZE,CALM,SQUEEZE,RANGE,SQUEEZE,CALM,CONFIRMED,SQUEEZE,RANGE,SQUEEZE,CALM,SQUEEZE,RANGE,SQUEEZE,CALM,SQUEEZE
2026-04-08,RANGE,SQUEEZE,SQUEEZE,RANGE,SQUEEZE,CALM,SQUEEZE,RANGE,SQUEEZE,CALM,CONFIRMED,SQUEEZE,RANGE,SQUEEZE,CALM,SQUEEZE,RANGE,SQUEEZE,CALM,SQUEEZE
2026-04-09,RANGE,SQUEEZE,SQUEEZE,RANGE,SQUEEZE,CALM,SQUEEZE,RANGE,SQUEEZE,CALM,UNCONFIRMED,SQUEEZE,RANGE,SQUEEZE,CALM,SQUEEZE,RANGE,SQUEEZE,CALM,SQUEEZE
2026-04-10,RANGE,SQUEEZE,SQUEEZE,RANGE,SQUEEZE,CALM,SQUEEZE,RANGE,SQUEEZE,CALM,UNCONFIRMED,SQUEEZE,RANGE,SQUEEZE,CALM,SQUEEZE,RANGE,SQUEEZE,CALM,SQUEEZE
2026-04-11,RANGE,SQUEEZE,SQUEEZE,RANGE,SQUEEZE,CALM,SQUEEZE,RANGE,SQUEEZE,CALM,UNCONFIRMED,SQUEEZE,RANGE,SQUEEZE,CALM,SQUEEZE,RANGE,SQUEEZE,CALM,SQUEEZE
2026-04-12,RANGE,SQUEEZE,SQUEEZE,RANGE,SQUEEZE,CALM,SQUEEZE,RANGE,SQUEEZE,CALM,UNCONFIRMED,SQUEEZE,RANGE,SQUEEZE,CALM,SQUEEZE,RANGE,SQUEEZE,CALM,SQUEEZE
2026-04-13,RANGE,SQUEEZE,SQUEEZE,RANGE,SQUEEZE,CALM,SQUEEZE,RANGE,SQUEEZE,CALM,UNCONFIRMED,SQUEEZE,RANGE,SQUEEZE,CALM,SQUEEZE,RANGE,SQUEEZE,CALM,SQUEEZE
2026-04-14,RANGE,SQUEEZE,SQUEEZE,RANGE,SQUEEZE,CALM,SQUEEZE,RANGE,SQUEEZE,CALM,UNCONFIRMED,SQUEEZE,RANGE,SQUEEZE,CALM,SQUEEZE,RANGE,SQUEEZE,CALM,SQUEEZE
2026-04-15,RANGE,SQUEEZE,SQUEEZE,RANGE,SQUEEZE,CALM,SQUEEZE,RANGE,SQUEEZE,CALM,UNCONFIRMED,SQUEEZE,RANGE,SQUEEZE,CALM,SQUEEZE,RANGE,SQUEEZE,CALM,SQUEEZE
2026-04-16,RANGE,SQUEEZE,SQUEEZE,RANGE,SQUEEZE,CALM,SQUEEZE,RANGE,SQUEEZE,CALM,CONFIRMED,SQUEEZE,RANGE,SQUEEZE,CALM,SQUEEZE,RANGE,SQUEEZE,CALM,SQUEEZE
2026-04-17,RANGE,SQUEEZE,SQUEEZE,RANGE,SQUEEZE,CALM,SQUEEZE,RANGE,SQUEEZE,CALM,CONFIRMED,SQUEEZE,RANGE,SQUEEZE,CALM,SQUEEZE,RANGE,SQUEEZE,CALM,SQUEEZE
2026-04-18,RANGE,SQUEEZE,SQUEEZE,RANGE,SQUEEZE,CALM,SQUEEZE,RANGE,SQUEEZE,CALM,UNCONFIRMED,SQUEEZE,RANGE,SQUEEZE,CALM,SQUEEZE,RANGE,SQUEEZE,CALM,SQUEEZE
2026-04-19,RANGE,SQUEEZE,SQUEEZE,RANGE,SQUEEZE,CALM,SQUEEZE,RANGE,SQUEEZE,CALM,UNCONFIRMED,SQUEEZE,RANGE,SQUEEZE,CALM,SQUEEZE,RANGE,SQUEEZE,CALM,SQUEEZE
2026-04-20,RANGE,NORMAL,RANGE,RANGE,NORMAL,CALM,RANGE,RANGE,NORMAL,CALM,UNCONFIRMED,RANGE,RANGE,NORMAL,CALM,RANGE,DOWN,SQUEEZE,CALM,DOWN
2026-04-21,RANGE,NORMAL,RANGE,RANGE,NORMAL,CALM,RANGE,RANGE,NORMAL,CALM,UNCONFIRMED,RANGE,RANGE,NORMAL,CALM,RANGE,DOWN,SQUEEZE,CALM,DOWN
2026-04-22,RANGE,NORMAL,RANGE,RANGE,NORMAL,CALM,RANGE,RANGE,NORMAL,CALM,UNCONFIRMED,RANGE,RANGE,NORMAL,CALM,RANGE,DOWN,SQUEEZE,CALM,DOWN
2026-04-23,RANGE,NORMAL,RANGE,RANGE,NORMAL,CALM,RANGE,RANGE,NORMAL,CALM,UNCONFIRMED,RANGE,RANGE,NORMAL,CALM,RANGE,DOWN,SQUEEZE,CALM,DOWN
2026-04-24,RANGE,SQUEEZE,SQUEEZE,RANGE,SQUEEZE,CALM,SQUEEZE,RANGE,SQUEEZE,CALM,UNCONFIRMED,SQUEEZE,RANGE,SQUEEZE,CALM,SQUEEZE,DOWN,SQUEEZE,CALM,DOWN
2026-04-25,RANGE,SQUEEZE,SQUEEZE,RANGE,SQUEEZE,CALM,SQUEEZE,RANGE,SQUEEZE,CALM,UNCONFIRMED,SQUEEZE,RANGE,SQUEEZE,CALM,SQUEEZE,DOWN,SQUEEZE,CALM,DOWN
2026-04-26,RANGE,SQUEEZE,SQUEEZE,RANGE,SQUEEZE,CALM,SQUEEZE,RANGE,SQUEEZE,CALM,UNCONFIRMED,SQUEEZE,RANGE,SQUEEZE,CALM,SQUEEZE,DOWN,SQUEEZE,CALM,DOWN
2026-04-27,RANGE,SQUEEZE,SQUEEZE,RANGE,SQUEEZE,CALM,SQUEEZE,RANGE,SQUEEZE,CALM,UNCONFIRMED,SQUEEZE,RANGE,SQUEEZE,CALM,SQUEEZE,DOWN,SQUEEZE,CALM,DOWN
2026-04-28,RANGE,SQUEEZE,SQUEEZE,RANGE,SQUEEZE,CALM,SQUEEZE,RANGE,SQUEEZE,CALM,UNCONFIRMED,SQUEEZE,RANGE,SQUEEZE,CALM,SQUEEZE,DOWN,SQUEEZE,CALM,DOWN
2026-04-29,RANGE,SQUEEZE,SQUEEZE,RANGE,SQUEEZE,CALM,SQUEEZE,RANGE,SQUEEZE,CALM,UNCONFIRMED,SQUEEZE,RANGE,SQUEEZE,CALM,SQUEEZE,DOWN,SQUEEZE,CALM,DOWN
2026-04-30,RANGE,SQUEEZE,SQUEEZE,RANGE,SQUEEZE,CALM,SQUEEZE,RANGE,SQUEEZE,CALM,UNCONFIRMED,SQUEEZE,RANGE,SQUEEZE,CALM,SQUEEZE,DOWN,SQUEEZE,CALM,DOWN
2026-05-01,RANGE,SQUEEZE,SQUEEZE,RANGE,SQUEEZE,CALM,SQUEEZE,RANGE,SQUEEZE,CALM,UNCONFIRMED,SQUEEZE,RANGE,SQUEEZE,CALM,SQUEEZE,RANGE,SQUEEZE,CALM,SQUEEZE
2026-05-02,RANGE,SQUEEZE,SQUEEZE,RANGE,SQUEEZE,CALM,SQUEEZE,RANGE,SQUEEZE,CALM,UNCONFIRMED,SQUEEZE,RANGE,SQUEEZE,CALM,SQUEEZE,RANGE,SQUEEZE,CALM,SQUEEZE
2026-05-03,RANGE,SQUEEZE,SQUEEZE,RANGE,SQUEEZE,CALM,SQUEEZE,RANGE,SQUEEZE,CALM,UNCONFIRMED,SQUEEZE,RANGE,SQUEEZE,CALM,SQUEEZE,RANGE,SQUEEZE,CALM,SQUEEZE
2026-05-04,RANGE,SQUEEZE,SQUEEZE,RANGE,SQUEEZE,CALM,SQUEEZE,RANGE,SQUEEZE,CALM,UNCONFIRMED,SQUEEZE,RANGE,SQUEEZE,CALM,SQUEEZE,RANGE,SQUEEZE,CALM,SQUEEZE
2026-05-05,RANGE,SQUEEZE,SQUEEZE,RANGE,SQUEEZE,CALM,SQUEEZE,RANGE,SQUEEZE,CALM,UNCONFIRMED,SQUEEZE,RANGE,SQUEEZE,CALM,SQUEEZE,RANGE,SQUEEZE,CALM,SQUEEZE
2026-05-06,RANGE,SQUEEZE,SQUEEZE,RANGE,SQUEEZE,CALM,SQUEEZE,RANGE,SQUEEZE,CALM,UNCONFIRMED,SQUEEZE,RANGE,SQUEEZE,CALM,SQUEEZE,RANGE,SQUEEZE,CALM,SQUEEZE
2026-05-07,RANGE,SQUEEZE,SQUEEZE,RANGE,SQUEEZE,CALM,SQUEEZE,RANGE,SQUEEZE,CALM,UNCONFIRMED,SQUEEZE,RANGE,SQUEEZE,CALM,SQUEEZE,RANGE,SQUEEZE,CALM,SQUEEZE
2026-05-08,RANGE,SQUEEZE,SQUEEZE,RANGE,SQUEEZE,CALM,SQUEEZE,RANGE,SQUEEZE,CALM,UNCONFIRMED,SQUEEZE,RANGE,SQUEEZE,CALM,SQUEEZE,RANGE,SQUEEZE,CALM,SQUEEZE
2026-05-09,RANGE,SQUEEZE,SQUEEZE,RANGE,SQUEEZE,CALM,SQUEEZE,RANGE,SQUEEZE,CALM,UNCONFIRMED,SQUEEZE,RANGE,SQUEEZE,CALM,SQUEEZE,RANGE,SQUEEZE,CALM,SQUEEZE
2026-05-10,RANGE,SQUEEZE,SQUEEZE,RANGE,SQUEEZE,CALM,SQUEEZE,RANGE,SQUEEZE,CALM,CONFIRMED,SQUEEZE,RANGE,SQUEEZE,CALM,SQUEEZE,RANGE,SQUEEZE,CALM,SQUEEZE
2026-05-11,RANGE,SQUEEZE,SQUEEZE,RANGE,SQUEEZE,CALM,SQUEEZE,RANGE,SQUEEZE,CALM,CONFIRMED,SQUEEZE,RANGE,SQUEEZE,CALM,SQUEEZE,RANGE,SQUEEZE,CALM,SQUEEZE
2026-05-12,RANGE,SQUEEZE,SQUEEZE,RANGE,SQUEEZE,CALM,SQUEEZE,RANGE,SQUEEZE,CALM,UNCONFIRMED,SQUEEZE,RANGE,SQUEEZE,CALM,SQUEEZE,RANGE,SQUEEZE,CALM,SQUEEZE
2026-05-13,RANGE,SQUEEZE,SQUEEZE,RANGE,SQUEEZE,CALM,SQUEEZE,RANGE,SQUEEZE,CALM,CONFIRMED,SQUEEZE,RANGE,SQUEEZE,CALM,SQUEEZE,RANGE,SQUEEZE,CALM,SQUEEZE
2026-05-14,RANGE,SQUEEZE,SQUEEZE,RANGE,SQUEEZE,CALM,SQUEEZE,RANGE,SQUEEZE,CALM,CONFIRMED,SQUEEZE,RANGE,SQUEEZE,CALM,SQUEEZE,RANGE,SQUEEZE,CALM,SQUEEZE
2026-05-15,RANGE,SQUEEZE,SQUEEZE,RANGE,SQUEEZE,CALM,SQUEEZE,RANGE,SQUEEZE,CALM,CONFIRMED,SQUEEZE,RANGE,SQUEEZE,CALM,SQUEEZE,RANGE,SQUEEZE,CALM,SQUEEZE
2026-05-16,RANGE,SQUEEZE,SQUEEZE,RANGE,SQUEEZE,CALM,SQUEEZE,RANGE,SQUEEZE,CALM,UNCONFIRMED,SQUEEZE,RANGE,SQUEEZE,CALM,SQUEEZE,RANGE,SQUEEZE,CALM,SQUEEZE
2026-05-17,RANGE,SQUEEZE,SQUEEZE,RANGE,SQUEEZE,CALM,SQUEEZE,RANGE,SQUEEZE,CALM,UNCONFIRMED,SQUEEZE,RANGE,SQUEEZE,CALM,SQUEEZE,RANGE,SQUEEZE,CALM,SQUEEZE
2026-05-18,RANGE,SQUEEZE,SQUEEZE,RANGE,SQUEEZE,CALM,SQUEEZE,RANGE,SQUEEZE,CALM,UNCONFIRMED,SQUEEZE,RANGE,SQUEEZE,CALM,SQUEEZE,DOWN,SQUEEZE,CALM,DOWN
2026-05-19,RANGE,SQUEEZE,SQUEEZE,RANGE,SQUEEZE,CALM,SQUEEZE,RANGE,SQUEEZE,CALM,UNCONFIRMED,SQUEEZE,RANGE,SQUEEZE,CALM,SQUEEZE,DOWN,SQUEEZE,CALM,DOWN
2026-05-20,RANGE,SQUEEZE,SQUEEZE,RANGE,SQUEEZE,CALM,SQUEEZE,RANGE,SQUEEZE,CALM,UNCONFIRMED,SQUEEZE,RANGE,SQUEEZE,CALM,SQUEEZE,DOWN,SQUEEZE,CALM,DOWN
2026-05-21,RANGE,SQUEEZE,SQUEEZE,RANGE,SQUEEZE,CALM,SQUEEZE,RANGE,SQUEEZE,CALM,UNCONFIRMED,SQUEEZE,RANGE,SQUEEZE,CALM,SQUEEZE,DOWN,SQUEEZE,CALM,DOWN
2026-05-22,RANGE,SQUEEZE,SQUEEZE,RANGE,SQUEEZE,CALM,SQUEEZE,RANGE,SQUEEZE,CALM,UNCONFIRMED,SQUEEZE,RANGE,SQUEEZE,CALM,SQUEEZE,DOWN,SQUEEZE,CALM,DOWN
2026-05-23,RANGE,SQUEEZE,SQUEEZE,RANGE,SQUEEZE,CALM,SQUEEZE,RANGE,SQUEEZE,CALM,UNCONFIRMED,SQUEEZE,RANGE,SQUEEZE,CALM,SQUEEZE,DOWN,SQUEEZE,CALM,DOWN
2026-05-24,RANGE,SQUEEZE,SQUEEZE,RANGE,SQUEEZE,CALM,SQUEEZE,RANGE,SQUEEZE,CALM,UNCONFIRMED,SQUEEZE,RANGE,SQUEEZE,CALM,SQUEEZE,DOWN,SQUEEZE,CALM,DOWN
2026-05-25,RANGE,NORMAL,RANGE,RANGE,NORMAL,CALM,RANGE,RANGE,NORMAL,CALM,UNCONFIRMED,RANGE,RANGE,NORMAL,CALM,RANGE,RANGE,SQUEEZE,CALM,SQUEEZE
2026-05-26,RANGE,NORMAL,RANGE,RANGE,NORMAL,CALM,RANGE,RANGE,NORMAL,CALM,UNCONFIRMED,RANGE,RANGE,NORMAL,CALM,RANGE,DOWN,SQUEEZE,CALM,DOWN
2026-05-27,RANGE,NORMAL,RANGE,RANGE,NORMAL,CALM,RANGE,RANGE,NORMAL,CALM,UNCONFIRMED,RANGE,RANGE,NORMAL,CALM,RANGE,DOWN,SQUEEZE,CALM,DOWN
2026-05-28,RANGE,NORMAL,RANGE,RANGE,NORMAL,CALM,RANGE,RANGE,NORMAL,CALM,CONFIRMED,RANGE,RANGE,NORMAL,CALM,RANGE,DOWN,SQUEEZE,CALM,DOWN
2026-05-29,RANGE,NORMAL,RANGE,RANGE,NORMAL,CALM,RANGE,RANGE,NORMAL,CALM,UNCONFIRMED,RANGE,RANGE,NORMAL,CALM,RANGE,DOWN,SQUEEZE,CALM,DOWN
2026-05-30,RANGE,NORMAL,RANGE,RANGE,NORMAL,CALM,RANGE,RANGE,NORMAL,CALM,UNCONFIRMED,RANGE,RANGE,NORMAL,CALM,RANGE,DOWN,SQUEEZE,CALM,DOWN
2026-05-31,RANGE,NORMAL,RANGE,RANGE,NORMAL,CALM,RANGE,RANGE,NORMAL,CALM,UNCONFIRMED,RANGE,RANGE,NORMAL,CALM,RANGE,DOWN,SQUEEZE,CALM,DOWN
2026-06-01,DOWN,NORMAL,DOWN,DOWN,NORMAL,CALM,DOWN,DOWN,NORMAL,CALM,UNCONFIRMED,DOWN,RANGE,NORMAL,CALM,RANGE,DOWN,SQUEEZE,CALM,DOWN
2026-06-02,DOWN,NORMAL,DOWN,DOWN,NORMAL,CALM,DOWN,DOWN,NORMAL,CALM,CONFIRMED,DOWN,RANGE,NORMAL,CALM,RANGE,DOWN,NORMAL,CALM,DOWN
2026-06-03,DOWN,NORMAL,DOWN,DOWN,NORMAL,CALM,DOWN,DOWN,NORMAL,CALM,CONFIRMED,DOWN,RANGE,NORMAL,CALM,RANGE,DOWN,NORMAL,CALM,DOWN
2026-06-04,DOWN,NORMAL,DOWN,DOWN,NORMAL,CALM,DOWN,DOWN,NORMAL,CALM,CONFIRMED,DOWN,DOWN,NORMAL,CALM,DOWN,DOWN,NORMAL,CALM,DOWN
2026-06-05,DOWN,NORMAL,DOWN,DOWN,NORMAL,CALM,DOWN,DOWN,NORMAL,CALM,CONFIRMED,DOWN,DOWN,NORMAL,CALM,DOWN,DOWN,NORMAL,CALM,DOWN
2026-06-06,DOWN,EXPANSION,EXPANSION,DOWN,EXPANSION,CALM,EXPANSION,DOWN,EXPANSION,CALM,CONFIRMED,EXPANSION,DOWN,EXPANSION,CALM,EXPANSION,DOWN,NORMAL,CALM,DOWN
2026-06-07,DOWN,EXPANSION,EXPANSION,DOWN,EXPANSION,CALM,EXPANSION,DOWN,EXPANSION,CALM,CONFIRMED,EXPANSION,DOWN,EXPANSION,CALM,EXPANSION,DOWN,NORMAL,CALM,DOWN
2026-06-08,DOWN,EXPANSION,EXPANSION,DOWN,EXPANSION,CALM,EXPANSION,DOWN,EXPANSION,CALM,CONFIRMED,EXPANSION,DOWN,EXPANSION,CALM,EXPANSION,DOWN,NORMAL,CALM,DOWN
2026-06-09,DOWN,EXPANSION,EXPANSION,DOWN,EXPANSION,CALM,EXPANSION,DOWN,EXPANSION,CALM,UNCONFIRMED,EXPANSION,DOWN,EXPANSION,CALM,EXPANSION,DOWN,NORMAL,CALM,DOWN
2026-06-10,DOWN,EXPANSION,EXPANSION,DOWN,EXPANSION,CALM,EXPANSION,DOWN,EXPANSION,CALM,CONFIRMED,EXPANSION,DOWN,EXPANSION,CALM,EXPANSION,DOWN,NORMAL,CALM,DOWN
2026-06-11,DOWN,EXPANSION,EXPANSION,DOWN,EXPANSION,CALM,EXPANSION,DOWN,EXPANSION,CALM,UNCONFIRMED,EXPANSION,DOWN,EXPANSION,CALM,EXPANSION,DOWN,NORMAL,CALM,DOWN
2026-06-12,DOWN,EXPANSION,EXPANSION,DOWN,EXPANSION,CALM,EXPANSION,DOWN,EXPANSION,CALM,UNCONFIRMED,EXPANSION,DOWN,EXPANSION,CALM,EXPANSION,DOWN,NORMAL,CALM,DOWN
2026-06-13,DOWN,EXPANSION,EXPANSION,DOWN,EXPANSION,CALM,EXPANSION,DOWN,EXPANSION,CALM,UNCONFIRMED,EXPANSION,DOWN,EXPANSION,CALM,EXPANSION,DOWN,NORMAL,CALM,DOWN
2026-06-14,DOWN,EXPANSION,EXPANSION,DOWN,EXPANSION,CALM,EXPANSION,DOWN,EXPANSION,CALM,UNCONFIRMED,EXPANSION,DOWN,EXPANSION,CALM,EXPANSION,DOWN,NORMAL,CALM,DOWN
2026-06-15,DOWN,EXPANSION,EXPANSION,DOWN,EXPANSION,CALM,EXPANSION,DOWN,EXPANSION,CALM,CONFIRMED,EXPANSION,DOWN,EXPANSION,CALM,EXPANSION,DOWN,NORMAL,CALM,DOWN
2026-06-16,DOWN,NORMAL,DOWN,DOWN,NORMAL,CALM,DOWN,DOWN,NORMAL,CALM,UNCONFIRMED,DOWN,DOWN,NORMAL,CALM,DOWN,DOWN,NORMAL,CALM,DOWN
2026-06-17,DOWN,NORMAL,DOWN,DOWN,NORMAL,CALM,DOWN,DOWN,NORMAL,CALM,UNCONFIRMED,DOWN,DOWN,NORMAL,CALM,DOWN,DOWN,NORMAL,CALM,DOWN
2026-06-18,DOWN,NORMAL,DOWN,DOWN,NORMAL,CALM,DOWN,DOWN,NORMAL,CALM,CONFIRMED,DOWN,DOWN,NORMAL,CALM,DOWN,DOWN,NORMAL,CALM,DOWN
2026-06-19,DOWN,NORMAL,DOWN,DOWN,NORMAL,CALM,DOWN,DOWN,NORMAL,CALM,UNCONFIRMED,DOWN,DOWN,NORMAL,CALM,DOWN,DOWN,NORMAL,CALM,DOWN
2026-06-20,DOWN,NORMAL,DOWN,DOWN,NORMAL,CALM,DOWN,DOWN,NORMAL,CALM,UNCONFIRMED,DOWN,DOWN,NORMAL,CALM,DOWN,DOWN,NORMAL,CALM,DOWN
2026-06-21,DOWN,NORMAL,DOWN,DOWN,NORMAL,CALM,DOWN,DOWN,NORMAL,CALM,UNCONFIRMED,DOWN,DOWN,NORMAL,CALM,DOWN,DOWN,NORMAL,CALM,DOWN
2026-06-22,DOWN,NORMAL,DOWN,DOWN,NORMAL,CALM,DOWN,DOWN,NORMAL,CALM,UNCONFIRMED,DOWN,RANGE,NORMAL,CALM,RANGE,DOWN,NORMAL,CALM,DOWN
2026-06-23,DOWN,NORMAL,DOWN,DOWN,NORMAL,CALM,DOWN,DOWN,NORMAL,CALM,UNCONFIRMED,DOWN,RANGE,NORMAL,CALM,RANGE,DOWN,NORMAL,CALM,DOWN
2026-06-24,DOWN,NORMAL,DOWN,DOWN,NORMAL,CALM,DOWN,DOWN,NORMAL,CALM,CONFIRMED,DOWN,DOWN,NORMAL,CALM,DOWN,DOWN,NORMAL,CALM,DOWN
2026-06-25,DOWN,NORMAL,DOWN,DOWN,NORMAL,CALM,DOWN,DOWN,NORMAL,CALM,CONFIRMED,DOWN,DOWN,NORMAL,CALM,DOWN,DOWN,NORMAL,CALM,DOWN
2026-06-26,DOWN,NORMAL,DOWN,DOWN,NORMAL,CALM,DOWN,DOWN,NORMAL,CALM,CONFIRMED,DOWN,DOWN,NORMAL,CALM,DOWN,DOWN,NORMAL,CALM,DOWN
2026-06-27,DOWN,NORMAL,DOWN,DOWN,NORMAL,CALM,DOWN,DOWN,NORMAL,CALM,UNCONFIRMED,DOWN,DOWN,NORMAL,CALM,DOWN,DOWN,NORMAL,CALM,DOWN
2026-06-28,DOWN,NORMAL,DOWN,DOWN,NORMAL,CALM,DOWN,DOWN,NORMAL,CALM,UNCONFIRMED,DOWN,DOWN,NORMAL,CALM,DOWN,DOWN,NORMAL,CALM,DOWN
2026-06-29,DOWN,NORMAL,DOWN,DOWN,NORMAL,CALM,DOWN,DOWN,NORMAL,CALM,UNCONFIRMED,DOWN,DOWN,NORMAL,CALM,DOWN,DOWN,NORMAL,CALM,DOWN
2026-06-30,DOWN,NORMAL,DOWN,DOWN,NORMAL,CALM,DOWN,DOWN,NORMAL,CALM,UNCONFIRMED,DOWN,DOWN,NORMAL,CALM,DOWN,DOWN,NORMAL,CALM,DOWN
2026-07-01,DOWN,NORMAL,DOWN,DOWN,NORMAL,CALM,DOWN,DOWN,NORMAL,CALM,UNCONFIRMED,DOWN,DOWN,NORMAL,CALM,DOWN,DOWN,NORMAL,CALM,DOWN
2026-07-02,DOWN,NORMAL,DOWN,DOWN,NORMAL,CALM,DOWN,DOWN,NORMAL,CALM,UNCONFIRMED,DOWN,DOWN,NORMAL,CALM,DOWN,DOWN,NORMAL,CALM,DOWN
2026-07-03,DOWN,NORMAL,DOWN,DOWN,NORMAL,CALM,DOWN,DOWN,NORMAL,CALM,UNCONFIRMED,DOWN,RANGE,NORMAL,CALM,RANGE,DOWN,NORMAL,CALM,DOWN
2026-07-04,DOWN,NORMAL,DOWN,DOWN,NORMAL,CALM,DOWN,DOWN,NORMAL,CALM,UNCONFIRMED,DOWN,RANGE,NORMAL,CALM,RANGE,DOWN,NORMAL,CALM,DOWN
2026-07-05,DOWN,NORMAL,DOWN,DOWN,NORMAL,CALM,DOWN,DOWN,NORMAL,CALM,UNCONFIRMED,DOWN,RANGE,NORMAL,CALM,RANGE,DOWN,NORMAL,CALM,DOWN
2026-07-06,DOWN,NORMAL,DOWN,DOWN,NORMAL,CALM,DOWN,DOWN,NORMAL,CALM,UNCONFIRMED,DOWN,RANGE,NORMAL,CALM,RANGE,DOWN,NORMAL,CALM,DOWN
2026-07-07,DOWN,NORMAL,DOWN,DOWN,NORMAL,CALM,DOWN,DOWN,NORMAL,CALM,UNCONFIRMED,DOWN,RANGE,NORMAL,CALM,RANGE,DOWN,NORMAL,CALM,DOWN
2026-07-08,RANGE,NORMAL,RANGE,RANGE,NORMAL,CALM,RANGE,RANGE,NORMAL,CALM,UNCONFIRMED,RANGE,RANGE,NORMAL,CALM,RANGE,DOWN,NORMAL,CALM,DOWN
2026-07-09,RANGE,NORMAL,RANGE,RANGE,NORMAL,CALM,RANGE,RANGE,NORMAL,CALM,UNCONFIRMED,RANGE,RANGE,NORMAL,CALM,RANGE,DOWN,NORMAL,CALM,DOWN
2026-07-10,RANGE,NORMAL,RANGE,RANGE,NORMAL,CALM,RANGE,RANGE,NORMAL,CALM,UNCONFIRMED,RANGE,RANGE,NORMAL,CALM,RANGE,DOWN,NORMAL,CALM,DOWN
2026-07-11,RANGE,NORMAL,RANGE,RANGE,NORMAL,CALM,RANGE,RANGE,NORMAL,CALM,UNCONFIRMED,RANGE,RANGE,NORMAL,CALM,RANGE,DOWN,NORMAL,CALM,DOWN
2026-07-12,RANGE,NORMAL,RANGE,RANGE,NORMAL,CALM,RANGE,RANGE,NORMAL,CALM,UNCONFIRMED,RANGE,RANGE,NORMAL,CALM,RANGE,DOWN,SQUEEZE,CALM,DOWN
2026-07-13,RANGE,NORMAL,RANGE,RANGE,NORMAL,CALM,RANGE,RANGE,NORMAL,CALM,UNCONFIRMED,RANGE,RANGE,NORMAL,CALM,RANGE,DOWN,NORMAL,CALM,DOWN
2026-07-14,RANGE,NORMAL,RANGE,RANGE,NORMAL,CALM,RANGE,RANGE,NORMAL,CALM,UNCONFIRMED,RANGE,RANGE,NORMAL,CALM,RANGE,RANGE,NORMAL,CALM,RANGE
2026-07-15,RANGE,NORMAL,RANGE,RANGE,NORMAL,CALM,RANGE,RANGE,NORMAL,CALM,UNCONFIRMED,RANGE,RANGE,NORMAL,CALM,RANGE,RANGE,SQUEEZE,CALM,SQUEEZE
2026-07-16,RANGE,NORMAL,RANGE,RANGE,NORMAL,CALM,RANGE,RANGE,NORMAL,CALM,UNCONFIRMED,RANGE,RANGE,NORMAL,CALM,RANGE,RANGE,SQUEEZE,CALM,SQUEEZE
2026-07-17,RANGE,NORMAL,RANGE,RANGE,NORMAL,CALM,RANGE,RANGE,NORMAL,CALM,UNCONFIRMED,RANGE,RANGE,NORMAL,CALM,RANGE,RANGE,SQUEEZE,CALM,SQUEEZE
2026-07-18,RANGE,SQUEEZE,SQUEEZE,RANGE,SQUEEZE,CALM,SQUEEZE,RANGE,SQUEEZE,CALM,UNCONFIRMED,SQUEEZE,RANGE,SQUEEZE,CALM,SQUEEZE,RANGE,SQUEEZE,CALM,SQUEEZE
2026-07-19,RANGE,SQUEEZE,SQUEEZE,RANGE,SQUEEZE,CALM,SQUEEZE,RANGE,SQUEEZE,CALM,UNCONFIRMED,SQUEEZE,RANGE,SQUEEZE,CALM,SQUEEZE,RANGE,SQUEEZE,CALM,SQUEEZE
2026-07-20,RANGE,SQUEEZE,SQUEEZE,RANGE,SQUEEZE,CALM,SQUEEZE,RANGE,SQUEEZE,CALM,UNCONFIRMED,SQUEEZE,RANGE,SQUEEZE,CALM,SQUEEZE,RANGE,SQUEEZE,CALM,SQUEEZE
2026-07-21,RANGE,SQUEEZE,SQUEEZE,RANGE,SQUEEZE,CALM,SQUEEZE,RANGE,SQUEEZE,CALM,UNCONFIRMED,SQUEEZE,RANGE,SQUEEZE,CALM,SQUEEZE,RANGE,SQUEEZE,CALM,SQUEEZE
2026-07-22,RANGE,SQUEEZE,SQUEEZE,RANGE,SQUEEZE,CALM,SQUEEZE,RANGE,SQUEEZE,CALM,UNCONFIRMED,SQUEEZE,RANGE,SQUEEZE,CALM,SQUEEZE,RANGE,SQUEEZE,CALM,SQUEEZE
2026-07-23,RANGE,SQUEEZE,SQUEEZE,RANGE,SQUEEZE,CALM,SQUEEZE,RANGE,SQUEEZE,CALM,UNCONFIRMED,SQUEEZE,RANGE,SQUEEZE,CALM,SQUEEZE,RANGE,SQUEEZE,CALM,SQUEEZE
2026-07-24,RANGE,SQUEEZE,SQUEEZE,RANGE,SQUEEZE,CALM,SQUEEZE,RANGE,SQUEEZE,CALM,UNCONFIRMED,SQUEEZE,RANGE,SQUEEZE,CALM,SQUEEZE,RANGE,SQUEEZE,CALM,SQUEEZE
2026-07-25,RANGE,SQUEEZE,SQUEEZE,RANGE,SQUEEZE,CALM,SQUEEZE,RANGE,SQUEEZE,CALM,UNCONFIRMED,SQUEEZE,RANGE,SQUEEZE,CALM,SQUEEZE,RANGE,SQUEEZE,CALM,SQUEEZE
2026-07-26,RANGE,SQUEEZE,SQUEEZE,RANGE,SQUEEZE,CALM,SQUEEZE,RANGE,SQUEEZE,CALM,UNCONFIRMED,SQUEEZE,RANGE,SQUEEZE,CALM,SQUEEZE,RANGE,SQUEEZE,CALM,SQUEEZE
2026-07-27,RANGE,SQUEEZE,SQUEEZE,RANGE,SQUEEZE,CALM,SQUEEZE,RANGE,SQUEEZE,CALM,UNCONFIRMED,SQUEEZE,RANGE,SQUEEZE,CALM,SQUEEZE,RANGE,SQUEEZE,CALM,SQUEEZE
2026-07-28,RANGE,SQUEEZE,SQUEEZE,RANGE,SQUEEZE,CALM,SQUEEZE,RANGE,SQUEEZE,CALM,UNCONFIRMED,SQUEEZE,RANGE,SQUEEZE,CALM,SQUEEZE,RANGE,SQUEEZE,CALM,SQUEEZE
2026-07-29,RANGE,SQUEEZE,SQUEEZE,RANGE,SQUEEZE,CALM,SQUEEZE,RANGE,SQUEEZE,CALM,UNCONFIRMED,SQUEEZE,RANGE,SQUEEZE,CALM,SQUEEZE,RANGE,SQUEEZE,CALM,SQUEEZE
2026-07-30,RANGE,SQUEEZE,SQUEEZE,RANGE,SQUEEZE,CALM,SQUEEZE,RANGE,SQUEEZE,CALM,UNCONFIRMED,SQUEEZE,RANGE,SQUEEZE,CALM,SQUEEZE,RANGE,SQUEEZE,CALM,SQUEEZE
2026-07-31,RANGE,SQUEEZE,SQUEEZE,RANGE,SQUEEZE,CALM,SQUEEZE,RANGE,SQUEEZE,CALM,UNCONFIRMED,SQUEEZE,RANGE,SQUEEZE,CALM,SQUEEZE,RANGE,SQUEEZE,CALM,SQUEEZE
2026-08-01,RANGE,SQUEEZE,SQUEEZE,RANGE,SQUEEZE,CALM,SQUEEZE,RANGE,SQUEEZE,CALM,UNCONFIRMED,SQUEEZE,RANGE,SQUEEZE,CALM,SQUEEZE,RANGE,SQUEEZE,CALM,SQUEEZE
2026-08-02,RANGE,SQUEEZE,SQUEEZE,RANGE,SQUEEZE,CALM,SQUEEZE,RANGE,SQUEEZE,CALM,UNCONFIRMED,SQUEEZE,RANGE,SQUEEZE,CALM,SQUEEZE,RANGE,SQUEEZE,CALM,SQUEEZE
2026-08-03,RANGE,SQUEEZE,SQUEEZE,RANGE,SQUEEZE,CALM,SQUEEZE,RANGE,SQUEEZE,CALM,UNCONFIRMED,SQUEEZE,RANGE,SQUEEZE,CALM,SQUEEZE,RANGE,SQUEEZE,CALM,SQUEEZE
2026-08-04,RANGE,SQUEEZE,SQUEEZE,RANGE,SQUEEZE,CALM,SQUEEZE,RANGE,SQUEEZE,CALM,UNCONFIRMED,SQUEEZE,RANGE,SQUEEZE,CALM,SQUEEZE,RANGE,SQUEEZE,CALM,SQUEEZE
2026-08-05,RANGE,SQUEEZE,SQUEEZE,RANGE,SQUEEZE,CALM,SQUEEZE,RANGE,SQUEEZE,CALM,UNCONFIRMED,SQUEEZE,RANGE,SQUEEZE,CALM,SQUEEZE,RANGE,SQUEEZE,CALM,SQUEEZE
2026-08-06,RANGE,SQUEEZE,SQUEEZE,RANGE,SQUEEZE,CALM,SQUEEZE,RANGE,SQUEEZE,CALM,UNCONFIRMED,SQUEEZE,RANGE,SQUEEZE,CALM,SQUEEZE,RANGE,SQUEEZE,CALM,SQUEEZE
2026-08-07,RANGE,NORMAL,RANGE,RANGE,NORMAL,CALM,RANGE,RANGE,NORMAL,CALM,UNCONFIRMED,RANGE,RANGE,NORMAL,CALM,RANGE,RANGE,SQUEEZE,CALM,SQUEEZE
2026-08-08,RANGE,NORMAL,RANGE,RANGE,NORMAL,CALM,RANGE,RANGE,NORMAL,CALM,UNCONFIRMED,RANGE,RANGE,NORMAL,CALM,RANGE,RANGE,SQUEEZE,CALM,SQUEEZE
2026-08-09,RANGE,NORMAL,RANGE,RANGE,NORMAL,CALM,RANGE,RANGE,NORMAL,CALM,UNCONFIRMED,RANGE,RANGE,NORMAL,CALM,RANGE,RANGE,SQUEEZE,CALM,SQUEEZE
2026-08-10,RANGE,NORMAL,RANGE,RANGE,NORMAL,CALM,RANGE,RANGE,NORMAL,CALM,UNCONFIRMED,RANGE,RANGE,NORMAL,CALM,RANGE,DOWN,SQUEEZE,CALM,DOWN
2026-08-11,RANGE,NORMAL,RANGE,RANGE,NORMAL,CALM,RANGE,RANGE,NORMAL,CALM,UNCONFIRMED,RANGE,RANGE,NORMAL,CALM,RANGE,DOWN,SQUEEZE,CALM,DOWN
2026-08-12,RANGE,NORMAL,RANGE,RANGE,NORMAL,CALM,RANGE,RANGE,NORMAL,CALM,UNCONFIRMED,RANGE,RANGE,NORMAL,CALM,RANGE,DOWN,SQUEEZE,CALM,DOWN
2026-08-13,RANGE,NORMAL,RANGE,RANGE,NORMAL,CALM,RANGE,RANGE,NORMAL,CALM,UNCONFIRMED,RANGE,RANGE,NORMAL,CALM,RANGE,DOWN,SQUEEZE,CALM,DOWN
2026-08-14,DOWN,NORMAL,DOWN,DOWN,NORMAL,CALM,DOWN,DOWN,NORMAL,CALM,UNCONFIRMED,DOWN,RANGE,NORMAL,CALM,RANGE,DOWN,SQUEEZE,CALM,DOWN
2026-08-15,DOWN,NORMAL,DOWN,DOWN,NORMAL,CALM,DOWN,DOWN,NORMAL,CALM,UNCONFIRMED,DOWN,RANGE,NORMAL,CALM,RANGE,DOWN,SQUEEZE,CALM,DOWN
2026-08-16,DOWN,NORMAL,DOWN,DOWN,NORMAL,CALM,DOWN,DOWN,NORMAL,CALM,UNCONFIRMED,DOWN,RANGE,NORMAL,CALM,RANGE,DOWN,SQUEEZE,CALM,DOWN
2026-08-17,DOWN,NORMAL,DOWN,DOWN,NORMAL,CALM,DOWN,DOWN,NORMAL,CALM,UNCONFIRMED,DOWN,DOWN,NORMAL,CALM,DOWN,DOWN,SQUEEZE,CALM,DOWN
2026-08-18,DOWN,NORMAL,DOWN,DOWN,NORMAL,CALM,DOWN,DOWN,NORMAL,CALM,UNCONFIRMED,DOWN,DOWN,NORMAL,CALM,DOWN,DOWN,SQUEEZE,CALM,DOWN
2026-08-19,DOWN,NORMAL,DOWN,DOWN,NORMAL,CALM,DOWN,DOWN,NORMAL,CALM,CONFIRMED,DOWN,DOWN,NORMAL,CALM,DOWN,DOWN,SQUEEZE,CALM,DOWN
2026-08-20,UP,EXPANSION,EXPANSION,RANGE,EXPANSION,CALM,EXPANSION,RANGE,EXPANSION,CALM,CONFIRMED,EXPANSION,RANGE,EXPANSION,CALM,EXPANSION,RANGE,NORMAL,CALM,RANGE
2026-08-21,UP,EXPANSION,EXPANSION,RANGE,EXPANSION,CALM,EXPANSION,RANGE,EXPANSION,CALM,CONFIRMED,EXPANSION,RANGE,EXPANSION,CALM,EXPANSION,RANGE,NORMAL,CALM,RANGE
2026-08-22,UP,EXPANSION,EXPANSION,RANGE,EXPANSION,STRESS_UP,STRESS_UP,RANGE,EXPANSION,STRESS_UP,CONFIRMED,STRESS_UP,RANGE,EXPANSION,STRESS_UP,STRESS_UP,RANGE,EXPANSION,STRESS_UP,STRESS_UP
2026-08-23,UP,EXPANSION,EXPANSION,RANGE,EXPANSION,STRESS_UP,STRESS_UP,RANGE,EXPANSION,STRESS_UP,CONFIRMED,STRESS_UP,RANGE,EXPANSION,STRESS_UP,STRESS_UP,RANGE,EXPANSION,STRESS_UP,STRESS_UP
2026-08-24,UP,EXPANSION,EXPANSION,RANGE,EXPANSION,STRESS_UP,STRESS_UP,RANGE,EXPANSION,STRESS_UP,CONFIRMED,STRESS_UP,RANGE,EXPANSION,STRESS_UP,STRESS_UP,RANGE,EXPANSION,STRESS_UP,STRESS_UP
2026-08-25,UP,EXPANSION,EXPANSION,RANGE,EXPANSION,STRESS_UP,STRESS_UP,RANGE,EXPANSION,STRESS_UP,CONFIRMED,STRESS_UP,RANGE,EXPANSION,STRESS_UP,STRESS_UP,RANGE,EXPANSION,STRESS_UP,STRESS_UP
2026-08-26,UP,EXPANSION,EXPANSION,RANGE,EXPANSION,STRESS_UP,STRESS_UP,RANGE,EXPANSION,STRESS_UP,CONFIRMED,STRESS_UP,RANGE,EXPANSION,STRESS_UP,STRESS_UP,RANGE,EXPANSION,STRESS_UP,STRESS_UP
2026-08-27,UP,EXPANSION,EXPANSION,RANGE,EXPANSION,STRESS_UP,STRESS_UP,RANGE,EXPANSION,STRESS_UP,CONFIRMED,STRESS_UP,RANGE,EXPANSION,STRESS_UP,STRESS_UP,RANGE,EXPANSION,STRESS_UP,STRESS_UP
2026-08-28,UP,EXPANSION,EXPANSION,RANGE,EXPANSION,CALM,EXPANSION,RANGE,EXPANSION,CALM,CONFIRMED,EXPANSION,RANGE,EXPANSION,CALM,EXPANSION,RANGE,EXPANSION,STRESS_UP,STRESS_UP
2026-08-29,UP,EXPANSION,EXPANSION,UP,EXPANSION,CALM,EXPANSION,UP,EXPANSION,CALM,UNCONFIRMED,EXPANSION,UP,EXPANSION,CALM,EXPANSION,UP,EXPANSION,STRESS_UP,STRESS_UP
2026-08-30,UP,EXPANSION,EXPANSION,UP,EXPANSION,CALM,EXPANSION,UP,EXPANSION,CALM,CONFIRMED,EXPANSION,UP,EXPANSION,CALM,EXPANSION,UP,EXPANSION,STRESS_UP,STRESS_UP
2026-08-31,UP,EXPANSION,EXPANSION,UP,EXPANSION,CALM,EXPANSION,UP,EXPANSION,CALM,CONFIRMED,EXPANSION,UP,EXPANSION,CALM,EXPANSION,UP,EXPANSION,STRESS_UP,STRESS_UP
2026-09-01,UP,EXPANSION,EXPANSION,UP,EXPANSION,CALM,EXPANSION,UP,EXPANSION,CALM,CONFIRMED,EXPANSION,UP,EXPANSION,CALM,EXPANSION,UP,EXPANSION,STRESS_UP,STRESS_UP
2026-09-02,UP,EXPANSION,EXPANSION,UP,EXPANSION,CALM,EXPANSION,UP,EXPANSION,CALM,CONFIRMED,EXPANSION,UP,EXPANSION,CALM,EXPANSION,UP,EXPANSION,STRESS_UP,STRESS_UP
2026-09-03,UP,EXPANSION,EXPANSION,UP,EXPANSION,STRESS_UP,STRESS_UP,UP,EXPANSION,STRESS_UP,CONFIRMED,STRESS_UP,UP,EXPANSION,STRESS_UP,STRESS_UP,UP,EXPANSION,STRESS_UP,STRESS_UP
2026-09-04,UP,EXPANSION,EXPANSION,UP,EXPANSION,CALM,EXPANSION,UP,EXPANSION,CALM,CONFIRMED,EXPANSION,UP,EXPANSION,CALM,EXPANSION,UP,EXPANSION,STRESS_UP,STRESS_UP
2026-09-05,UP,EXPANSION,EXPANSION,UP,EXPANSION,CALM,EXPANSION,UP,EXPANSION,CALM,UNCONFIRMED,EXPANSION,UP,EXPANSION,CALM,EXPANSION,UP,NORMAL,STRESS_UP,STRESS_UP
2026-09-06,UP,EXPANSION,EXPANSION,UP,EXPANSION,STRESS_UP,STRESS_UP,UP,EXPANSION,STRESS_UP,UNCONFIRMED,STRESS_UP,UP,EXPANSION,STRESS_UP,STRESS_UP,UP,NORMAL,STRESS_UP,STRESS_UP
2026-09-07,UP,NORMAL,UP,UP,NORMAL,CALM,UP,UP,NORMAL,CALM,CONFIRMED,UP,UP,NORMAL,CALM,UP,UP,NORMAL,STRESS_UP,STRESS_UP
2026-09-08,UP,NORMAL,UP,UP,NORMAL,CALM,UP,UP,NORMAL,CALM,CONFIRMED,UP,UP,NORMAL,CALM,UP,UP,NORMAL,STRESS_UP,STRESS_UP
2026-09-09,UP,NORMAL,UP,UP,NORMAL,CALM,UP,UP,NORMAL,CALM,CONFIRMED,UP,UP,NORMAL,CALM,UP,UP,NORMAL,STRESS_UP,STRESS_UP
2026-09-10,UP,NORMAL,UP,UP,NORMAL,CALM,UP,UP,NORMAL,CALM,CONFIRMED,UP,UP,NORMAL,CALM,UP,UP,NORMAL,STRESS_UP,STRESS_UP
2026-09-11,UP,NORMAL,UP,UP,NORMAL,CALM,UP,UP,NORMAL,CALM,CONFIRMED,UP,UP,NORMAL,CALM,UP,UP,NORMAL,STRESS_UP,STRESS_UP
2026-09-12,UP,NORMAL,UP,UP,NORMAL,CALM,UP,UP,NORMAL,CALM,UNCONFIRMED,UP,UP,NORMAL,CALM,UP,UP,NORMAL,STRESS_UP,STRESS_UP
2026-09-13,UP,NORMAL,UP,UP,NORMAL,CALM,UP,UP,NORMAL,CALM,UNCONFIRMED,UP,UP,NORMAL,CALM,UP,UP,NORMAL,CALM,UP
2026-09-14,UP,NORMAL,UP,UP,NORMAL,STRESS_UP,STRESS_UP,UP,NORMAL,STRESS_UP,CONFIRMED,STRESS_UP,UP,NORMAL,STRESS_UP,STRESS_UP,UP,NORMAL,STRESS_UP,STRESS_UP
